file	frame_index	record_offset_hex	record_size	compressed_size_without_trailer	declared_total_size	decompressed_command_size	span_count	indexed_pixel_count	span_bytes_consumed	unconsumed_command_bytes	maximum_target_end	first_load_lzo_return	cached_reload_lzo_return	trailer_next_declared_total_size	trailer_next_span_count	trailer_next_record_size	decompressed_sha256
Bd2Dh2.Ani	1	0x00000024	226347	226335	307220	307208	1	307200	307208	0	614400	0	-8	12	0	12	5cae8dd57524fe8c469cbeb143959bcbb62f5513be6151b74e46639bc16e2683
Bd2Dh2.Ani	2	0x0003744F	12	0	12	0	0	0	0	0	0	skipped_when_size_minus_12_is_zero	unsafe_12_byte_metadata_plus_stale_scratch_tail	10306	699	8245	e3b0c44298fc1c149afbf4c8996fb92427ae41e4649b934ca495991b7852b855
Bd2Dh2.Ani	3	0x0003745B	8245	8233	10306	10294	699	4702	10294	0	241046	0	-8	10019	566	8501	bde579e57dd060b7b0a3a46c7bcf56e52d4b351b70583500d5b0b337c4dc129f
Bd2Dh2.Ani	4	0x00039490	8501	8489	10019	10007	566	5479	10007	0	241052	0	-8	10539	639	8750	1bee829ef4a0abfce3a8a47acf0a93c26ad99c32f409c0ab48623ac11e9e9235
Bd2Dh2.Ani	5	0x0003B5C5	8750	8738	10539	10527	639	5415	10527	0	241052	0	-8	10601	645	8661	b0505bc1c57e99bf1e68a5439e76389fe63638454fd1bdfd50deea334e84d1fb
Bd2Dh2.Ani	6	0x0003D7F3	8661	8649	10601	10589	645	5429	10589	0	241052	0	-8	10594	642	8475	844149b6fc07de6f40ceb07192fac8634bc3e515014b0d1083f4bbfd233e696b
Bd2Dh2.Ani	7	0x0003F9C8	8475	8463	10594	10582	642	5446	10582	0	241052	0	-8	10352	610	8088	e1d9559d56131cdae12ce21f519e5a9531fc1f14af49801d6bcb4e7696c226aa
Bd2Dh2.Ani	8	0x00041AE3	8088	8076	10352	10340	610	5460	10340	0	241052	0	-8	10484	637	7665	d78d2886e8202c0230baa7ac2be1e978ec99d1a3c893c6594b7d13130c3880c9
Bd2Dh2.Ani	9	0x00043A7B	7665	7653	10484	10472	637	5376	10472	0	241052	0	-8	10623	659	7662	24701a5f4411d94379e0f018732e5c0e5f88402c7f320fcf4a1f5337c6a75122
Bd2Dh2.Ani	10	0x0004586C	7662	7650	10623	10611	659	5339	10611	0	241052	0	-8	9972	553	6718	fed3630d5c39af74dc99aec205a00abfbb171957be39a88f4f02fa4849da6f1f
Bd2Dh2.Ani	11	0x0004765A	6718	6706	9972	9960	553	5536	9960	0	241052	0	-8	10318	628	6128	5b7c2cb6a611d8747495126b0f36e35ead42f95609510ffe0b5287f1ffe3a53e
Bd2Dh2.Ani	12	0x00049098	6128	6116	10318	10306	628	5282	10306	0	241052	0	-8	13925	1304	8549	173f7d5c7b68bde52960360b3cfbfd5fce0f0a0da394a472d9e2858890f5417f
Bd2Dh2.Ani	13	0x0004A888	8549	8537	13925	13913	1304	3481	13913	0	241052	0	-8	13997	1297	8658	113b1d5cd23ccac9c2dfb2a314585bf1ba95a60ff0401b0a117790d6b82cb7d6
Bd2Dh2.Ani	14	0x0004C9ED	8658	8646	13997	13985	1297	3609	13985	0	241056	0	-8	13990	1282	8622	d068c1560696bade7a9a3852c12815d301cda8fbaa5cee9c043d2ab0be13231d
Bd2Dh2.Ani	15	0x0004EBBF	8622	8610	13990	13978	1282	3722	13978	0	241056	0	-8	14070	1309	8668	8c42d6982b43bac2e9837eab91ce5a0e4479802ccd2ad3be86141bc44c6781ac
Bd2Dh2.Ani	16	0x00050D6D	8668	8656	14070	14058	1309	3586	14058	0	241060	0	-8	13867	1300	8476	4575cd5f431b1a1fca6537e4719673e8099e1cdbbf7722f5c0cd0e6915e89ff2
Bd2Dh2.Ani	17	0x00052F49	8476	8464	13867	13855	1300	3455	13855	0	241060	0	-8	13959	1293	8643	82c1ebd1bfd6ccb00e8786a4c2dba4c7b257bb87cadfe2820500eab954b9578c
Bd2Dh2.Ani	18	0x00055065	8643	8631	13959	13947	1293	3603	13947	0	241064	0	-8	13989	1285	8656	47d9751d6703a557f0c80545e936703af08f40d9b3eb703bbfe186f0a67f87f8
Bd2Dh2.Ani	19	0x00057228	8656	8644	13989	13977	1285	3697	13977	0	241064	0	-8	14037	1306	8683	57b7868f82026e246a68a39a8d3d6afcae0021e79f08e06525f4a40260259c33
Bd2Dh2.Ani	20	0x000593F8	8683	8671	14037	14025	1306	3577	14025	0	241068	0	-8	13904	1306	8525	356c6320de30771465ffcc561192396c37475ff1b6b6fefa716b52c36ccacfa3
Bd2Dh2.Ani	21	0x0005B5E3	8525	8513	13904	13892	1306	3444	13892	0	241068	0	-8	13947	1292	8667	f3edf82bad1765b7bc770aa7b02544d81b528ee16c975d5ac705192965b800c0
Bd2Dh2.Ani	22	0x0005D730	8667	8655	13947	13935	1292	3599	13935	0	241072	0	-8	12623	1028	8026	4f8273f2364df67d48326ead7a96df03bc96b706ea8fe2f73dc2114cfb7c97d0
Bd2Dh2.Ani	23	0x0005F90B	8026	8014	12623	12611	1028	4387	12611	0	241072	0	-8	14079	1311	8774	8b7b092bbb4d1801d811c80de5479d3845a938c0ff900b1b904ee3aac4e59ee6
Bd2Dh2.Ani	24	0x00061865	8774	8762	14079	14067	1311	3579	14067	0	241078	0	-8	13916	1306	8551	639c26e83f054c00e8cea48c245e4857c54958db7764d44ee865134398d08f30
Bd2Dh2.Ani	25	0x00063AAB	8551	8539	13916	13904	1306	3456	13904	0	241078	0	-8	13973	1295	8697	9e0dbda428802027523b5520ad543925853e7989773da6a74880aa776fe0a4a4
Bd2Dh2.Ani	26	0x00065C12	8697	8685	13973	13961	1295	3601	13961	0	241082	0	-8	14012	1287	8762	f02a07c77e3d53a9bdfc444008c2191d927edca2e0183e698a30ba12b96add22
Bd2Dh2.Ani	27	0x00067E0B	8762	8750	14012	14000	1287	3704	14000	0	241082	0	-8	14055	1308	8774	4adb85535e6c5d27ca8661c05d95306e441a4dc633f0278aed27c078968535fa
Bd2Dh2.Ani	28	0x0006A045	8774	8762	14055	14043	1308	3579	14043	0	241086	0	-8	13911	1306	8613	bd29e854ed6c3ef0da9c0be1cdb364bde097b1eff7ed4ae3c2f2b8355749aa56
Bd2Dh2.Ani	29	0x0006C28B	8613	8601	13911	13899	1306	3451	13899	0	241086	0	-8	13975	1295	8736	bdfce5d730a02be40aca0ae97cb12a1fe774c5981ff2b87f0fc8290662ed7d6b
Bd2Dh2.Ani	30	0x0006E430	8736	8724	13975	13963	1295	3603	13963	0	241090	0	-8	14029	1289	8762	2ef35a71947f13cf2b157abb9c855ecdb1e782093ca960a8abe923d284ab6b1c
Bd2Dh2.Ani	31	0x00070650	8762	8750	14029	14017	1289	3705	14017	0	241090	0	-8	14062	1309	8810	1b1e7c58f21c44fc04cbbbf301548cd715451f9948a87f0d576c3c24a9c8583c
Bd2Dh2.Ani	32	0x0007288A	8810	8798	14062	14050	1309	3578	14050	0	241094	0	-8	12364	1021	7967	8408a4149aa1f6322d3bf6349ef4b6d1792db524a9a61ca6f498f73214fed467
Bd2Dh2.Ani	33	0x00074AF4	7967	7955	12364	12352	1021	4184	12352	0	241094	0	-8	13944	1292	8712	a15edc6747d6536b527b4de02829a562517fc2a6212df7225c4cb69cfc37dedf
Bd2Dh2.Ani	34	0x00076A13	8712	8700	13944	13932	1292	3596	13932	0	241100	0	-8	14001	1287	8776	5cae0ddce8c171bbec33f14bca8530f7305a5df1a1eb6230ce976d6ef6b8d776
Bd2Dh2.Ani	35	0x00078C1B	8776	8764	14001	13989	1287	3693	13989	0	241100	0	-8	14034	1306	8742	6e62ae6c42e0a05be3bed0fa0dfa754840b4e4da6a4a3c41ba7a5a378bd62250
Bd2Dh2.Ani	36	0x0007AE63	8742	8730	14034	14022	1306	3574	14022	0	241104	0	-8	13918	1307	8593	5f9e67c368435a3225acb600c5cbe9d74c0154ed541ab2084f610f534f071308
Bd2Dh2.Ani	37	0x0007D089	8593	8581	13918	13906	1307	3450	13906	0	241104	0	-8	13990	1297	8724	7f45791553dd37caa6d8ea06e033dc06ea743eea8f5a9f7d7760df4f79709fe1
Bd2Dh2.Ani	38	0x0007F21A	8724	8712	13990	13978	1297	3602	13978	0	241108	0	-8	14029	1288	8769	90d1f96a8336e204b8f1096fb6953cae4a53c12e4f1f05fabee6ed7fd4f6540b
Bd2Dh2.Ani	39	0x0008142E	8769	8757	14029	14017	1288	3713	14017	0	241108	0	-8	14081	1311	8821	ba1c5ea6646cdee2250948e154517ecef7942518607d80cb23f2209fa510e825
Bd2Dh2.Ani	40	0x0008366F	8821	8809	14081	14069	1311	3581	14069	0	241112	0	-8	13901	1303	8600	4a9851d5e78b0850bf2bb921d3929752f350e791d07bd0bc54e8478b865b0b6b
Bd2Dh2.Ani	41	0x000858E4	8600	8588	13901	13889	1303	3465	13889	0	241112	0	-8	13994	1297	8719	dabe6b29b066884bb60003f51f4a6b14f9fad3369ff6028562cc7b6695c93550
Bd2Dh2.Ani	42	0x00087A7C	8719	8707	13994	13982	1297	3606	13982	0	241116	0	-8	12520	1011	8090	f3b511abc1225f3dff772bc15df927ba896629b466e4cea59f77868395754e18
Bd2Dh2.Ani	43	0x00089C8B	8090	8078	12520	12508	1011	4420	12508	0	241116	0	-8	14068	1309	8761	7b638212a12996986d4622c23159f35abca147cfa9b61549cee980aa72d0d1df
Bd2Dh2.Ani	44	0x0008BC25	8761	8749	14068	14056	1309	3584	14056	0	241122	0	-8	13886	1301	8605	15bf663062a2098f344955b2ea5030de67f6a0c45136bb07a9d8399d6c22ed2c
Bd2Dh2.Ani	45	0x0008DE5E	8605	8593	13886	13874	1301	3466	13874	0	241122	0	-8	13989	1296	8765	161b4b6c5972ff614599b9f8a2baff65465b11dc06241801018004126a334e4e
Bd2Dh2.Ani	46	0x0008FFFB	8765	8753	13989	13977	1296	3609	13977	0	241126	0	-8	13998	1283	8796	b96988b879a20f42ee8ec8f3d6651f87d4f8054032799210a679e26cdeb79c39
Bd2Dh2.Ani	47	0x00092238	8796	8784	13998	13986	1283	3722	13986	0	241126	0	-8	14068	1309	8763	4a96201e19e63d47cae31fb2533e402139eacdb710cdee50ad2fe9cf1e1c6ce0
Bd2Dh2.Ani	48	0x00094494	8763	8751	14068	14056	1309	3584	14056	0	241130	0	-8	13895	1302	8592	9835ddb636b117fe026bb3832ffec58e697eee2b924b7a5a0b898590d768ec76
Bd2Dh2.Ani	49	0x000966CF	8592	8580	13895	13883	1302	3467	13883	0	241130	0	-8	13988	1296	8704	849ba450976598c10ff0ada770ba97b964ba903a37cf094c269aa725efc34eb5
Bd2Dh2.Ani	50	0x0009885F	8704	8692	13988	13976	1296	3608	13976	0	241134	0	-8	13991	1282	8776	9339dbdbd646de9f4ba2d61724e9caaaab6b54023af19d5000b11b17daee5c8c
Bd2Dh2.Ani	51	0x0009AA5F	8776	8764	13991	13979	1282	3723	13979	0	241134	0	-8	14070	1309	8773	f58facc8c66da4b3f01cf96d9b2e1e76565cc07a2529b6106cb3f9a137093e50
Bd2Dh2.Ani	52	0x0009CCA7	8773	8761	14070	14058	1309	3586	14058	0	241138	0	-8	13898	1302	8636	cad0270d7a5d1a5418966128af6a74e332583df846eaaaa19df3f03ede0a866f
Bd2Dh2.Ani	53	0x0009EEEC	8636	8624	13898	13886	1302	3470	13886	0	241138	0	-8	12543	1025	8086	59df1ccff78ec28bd51e4574a55865b6955c7bda701a3d0edde16c1b2a7d16f8
Bd2Dh2.Ani	54	0x000A10A8	8086	8074	12543	12531	1025	4331	12531	0	241144	0	-8	13754	1239	8828	1729fb0ff0b031de7b39e9894fc4e9feb9fabc80afde09806ccf3ed3f5d63187
Bd2Dh2.Ani	55	0x000A303E	8828	8816	13754	13742	1239	3830	13742	0	242420	0	-8	14118	1314	8842	8b9b501eb9dacbad338663ef0efb17e5b2782715a9df11c52c07254f87a6af20
Bd2Dh2.Ani	56	0x000A52BA	8842	8830	14118	14106	1314	3594	14106	0	242428	0	-8	13926	1305	8675	9020094f33ce41790fa1df892b43214d1fe7709986b2d583f4fdd875361a6001
Bd2Dh2.Ani	57	0x000A7544	8675	8663	13926	13914	1305	3474	13914	0	242428	0	-8	14031	1300	8809	9930d097fb40f32df80c984088098c6b4b83b8b2bb45c81970ebca5150bb09e9
Bd2Dh2.Ani	58	0x000A9727	8809	8797	14031	14019	1300	3619	14019	0	242432	0	-8	14035	1286	8866	d5a6c5fefefec8c00e4aaa99fbafce541e7b0825c6e1c6a279059883cd559b08
Bd2Dh2.Ani	59	0x000AB990	8866	8854	14035	14023	1286	3735	14023	0	242432	0	-8	14125	1315	8862	4f6a2a620f8aa25153ac8d9489794e205b1986e108a01d9006eb9031ba3f2013
Bd2Dh2.Ani	60	0x000ADC32	8862	8850	14125	14113	1315	3593	14113	0	242436	0	-8	13935	1306	8700	55441ebe13c5284c97f16023753e30678bf641cc04e7dd040cd7e84c8984e41c
Bd2Dh2.Ani	61	0x000AFED0	8700	8688	13935	13923	1306	3475	13923	0	242436	0	-8	14031	1300	8814	3e96e317fa36555576b74d507960ec526cc2e51f965a1284e4f60d14e4c6f498
Bd2Dh2.Ani	62	0x000B20CC	8814	8802	14031	14019	1300	3619	14019	0	242440	0	-8	14053	1288	8817	6cf34da30619eaf6581fa4bfbdb00cf4294c3c9bdff71f3e76489a87328dd9fd
Bd2Dh2.Ani	63	0x000B433A	8817	8805	14053	14041	1288	3737	14041	0	242440	0	-8	12497	1021	8081	729af4541f0b99787acef57a86d1c1637157171993e0cfb8ce9de9802e31f668
Bd2Dh2.Ani	64	0x000B65AB	8081	8069	12497	12485	1021	4317	12485	0	242446	0	-8	13935	1306	8681	45eaa5b66923cfb690b3068050e6d5a741c72bf3f5d45ca4e7ab8a141c2eb04b
Bd2Dh2.Ani	65	0x000B853C	8681	8669	13935	13923	1306	3475	13923	0	242446	0	-8	14025	1300	8818	11a85318486a9d45a475068e4b375ea4462c77ba7c9852df18d7657c4f4484c4
Bd2Dh2.Ani	66	0x000BA725	8818	8806	14025	14013	1300	3613	14013	0	242450	0	-8	14028	1285	8803	1e52d0628357556ac1d5d6ae38f27b148f18b609a6be588101da56b970641c16
Bd2Dh2.Ani	67	0x000BC997	8803	8791	14028	14016	1285	3736	14016	0	242450	0	-8	14101	1314	8843	8a86b78ace1a8e98d17b1c89f2dbb8c747d473f6840176bf073beb26e61c2bfb
Bd2Dh2.Ani	68	0x000BEBFA	8843	8831	14101	14089	1314	3577	14089	0	242454	0	-8	13934	1306	8641	535bbe57964e6ac8b5b514ea1746ae6bcb6858013a163166490273989528ca61
Bd2Dh2.Ani	69	0x000C0E85	8641	8629	13934	13922	1306	3474	13922	0	242454	0	-8	14033	1301	8804	5aecf86483ec98f813e61386996168bfe9a4ddc5b9c368865af8126878996913
Bd2Dh2.Ani	70	0x000C3046	8804	8792	14033	14021	1301	3613	14021	0	242458	0	-8	14029	1285	8789	dbc3db095b2fb4e17493a236d41c4217cd256370c13008c76066f1139115a6fc
Bd2Dh2.Ani	71	0x000C52AA	8789	8777	14029	14017	1285	3737	14017	0	242458	0	-8	14133	1317	8825	bae0465a6fb93b82065775c40a919b18219babea303ae4e32cb5464db875bb07
Bd2Dh2.Ani	72	0x000C74FF	8825	8813	14133	14121	1317	3585	14121	0	242462	0	-8	13951	1308	8610	e0d48d5790b3c09c34030946d43104ee1cbaee7e35097529bc5e7ba7fd59c20c
Bd2Dh2.Ani	73	0x000C9778	8610	8598	13951	13939	1308	3475	13939	0	242462	0	-8	12596	1031	8177	60d4f158bf36873cafc4713c40ebef1c9800a8919680b55b9d3639cb81541219
Bd2Dh2.Ani	74	0x000CB91A	8177	8165	12596	12584	1031	4336	12584	0	242468	0	-8	14064	1289	8818	5d3a82c9c3ce9cb40e5b6f13075b2a5362dd2d27e74f1b04f9d8fc8ac0e2ed72
Bd2Dh2.Ani	75	0x000CD90B	8818	8806	14064	14052	1289	3740	14052	0	242468	0	-8	14135	1316	8856	db38322d18b88776064016fe45b467e8d8881347957f091321598e2a4109b919
Bd2Dh2.Ani	76	0x000CFB7D	8856	8844	14135	14123	1316	3595	14123	0	242472	0	-8	13953	1308	8660	3064772b65a434d1641c7e0dc278cda106a72454a2a7451bb68b0c5ec8bbccc8
Bd2Dh2.Ani	77	0x000D1E15	8660	8648	13953	13941	1308	3477	13941	0	242472	0	-8	14037	1301	8793	d454dc03a047bb2094ab85615c86d5a50cd7a4eff63201a1e72ec7ae5343b6c4
Bd2Dh2.Ani	78	0x000D3FE9	8793	8781	14037	14025	1301	3617	14025	0	242476	0	-8	14064	1289	8828	5355c0a42253d452a40426c8475ffabbe97266e697dcc93c31782a0acd6e83c8
Bd2Dh2.Ani	79	0x000D6242	8828	8816	14064	14052	1289	3740	14052	0	242476	0	-8	14135	1316	8889	e54dcb6d2866c612f166e0c85ffc074b2ded87a408e1fa013f3a7dff36a77ec3
Bd2Dh2.Ani	80	0x000D84BE	8889	8877	14135	14123	1316	3595	14123	0	242480	0	-8	13952	1308	8655	b3c3ceef598f29994831f44f000928fcaff47f82c7ad2c36464302cb21123345
Bd2Dh2.Ani	81	0x000DA777	8655	8643	13952	13940	1308	3476	13940	0	242480	0	-8	14027	1300	8820	15f39f5513b9f6b03a7e798fc996d0b6ad694a1d2fe6b42a18523dd3d6db7fb8
Bd2Dh2.Ani	82	0x000DC946	8820	8808	14027	14015	1300	3615	14015	0	242484	0	-8	14055	1288	8844	ea3e230856726510b7746a6328a9dc129a10a2969de844a4dbf6551a6f112122
Bd2Dh2.Ani	83	0x000DEBBA	8844	8832	14055	14043	1288	3739	14043	0	242484	0	-8	14136	1316	8888	3face3c48f90d13c67c09362b276efb24191f0d59a9c1dae3be04aa684069d55
Bd2Dh2.Ani	84	0x000E0E46	8888	8876	14136	14124	1316	3596	14124	0	242488	0	-8	12330	1012	8032	73a07a04b140d98d30c7afa7b51d229765d8d3210ee1ea220089f0c176cef88a
Bd2Dh2.Ani	85	0x000E30FE	8032	8020	12330	12318	1012	4222	12318	0	242488	0	-8	14047	1302	8825	043bab5f244ab92bbd34f70de5a549e9397cd02e0f1d46b96dd52f9837097499
Bd2Dh2.Ani	86	0x000E505E	8825	8813	14047	14035	1302	3619	14035	0	242494	0	-8	14057	1288	8840	fb98a0addcc53df46d6a0aeeaf10bb1d909d6be2c56fa6550607b4c77ac32b68
Bd2Dh2.Ani	87	0x000E72D7	8840	8828	14057	14045	1288	3741	14045	0	242494	0	-8	14136	1316	8862	b89764d4e73f22b603786175d5b4f85a66f7e71c18b560c074435da7fdec034a
Bd2Dh2.Ani	88	0x000E955F	8862	8850	14136	14124	1316	3596	14124	0	242498	0	-8	13953	1308	8692	24cb0bd06f11ce78f7e58a580a026b40e3b433f77d1f1420c5662f0078434226
Bd2Dh2.Ani	89	0x000EB7FD	8692	8680	13953	13941	1308	3477	13941	0	242498	0	-8	14047	1302	8845	0cfa82e9b7a5e40cc85c0a0a0a28fccb4d905059c17964b06902ce086994ae32
Bd2Dh2.Ani	90	0x000ED9F1	8845	8833	14047	14035	1302	3619	14035	0	242502	0	-8	14063	1289	8890	856191cb738fa813b15154c68fcaa1f2c44fa9185c21c7c8ce27389c65a7d056
Bd2Dh2.Ani	91	0x000EFC7E	8890	8878	14063	14051	1289	3739	14051	0	242502	0	-8	14142	1317	8862	58be397cd72d1004af4a0d31a7b22ead3491fe7e663f22e74bfe15187e5691d8
Bd2Dh2.Ani	92	0x000F1F38	8862	8850	14142	14130	1317	3594	14130	0	242506	0	-8	13952	1308	8715	211c478bdd052c7bc740814f23f3f0e800fd960a14c96498829bf191d1353556
Bd2Dh2.Ani	93	0x000F41D6	8715	8703	13952	13940	1308	3476	13940	0	242506	0	-8	14053	1303	8796	3db54ef93c1395a06e033718e1d932b7e18a2cd0946e93a7b7061c9785e622cc
Bd2Dh2.Ani	94	0x000F63E1	8796	8784	14053	14041	1303	3617	14041	0	242510	0	-8	12559	1013	8154	8cc428954edadcd64c032644d10bc36dfa3464d8fffa71950dc0c30b15b5d615
Bd2Dh2.Ani	95	0x000F863D	8154	8142	12559	12547	1013	4443	12547	0	242510	0	-8	14136	1316	8835	00c8ed12d2aa7c21c03d456e08c6a7e5da75bc12198809d36b8c423532f91b36
Bd2Dh2.Ani	96	0x000FA617	8835	8823	14136	14124	1316	3596	14124	0	242516	0	-8	13961	1309	8698	8b0675595d45df463ecaea09290dbe0e596cc217883ae672387528a3452a883f
Bd2Dh2.Ani	97	0x000FC89A	8698	8686	13961	13949	1309	3477	13949	0	242516	0	-8	13618	1229	8696	233e92aaac6feb439bf0d0cf54d091102b65a89f916f8b35341274199d94e6a3
Bd2Dh2.Ani	98	0x000FEA94	8696	8684	13618	13606	1229	3774	13606	0	243800	0	-8	14047	1287	8788	bb076e1a254c6b0c95320d33011f43d50e18aa232fdfa75376daa8157b22918c
Bd2Dh2.Ani	99	0x00100C8C	8788	8776	14047	14035	1287	3739	14035	0	243800	0	-8	14136	1316	8817	d35e0a274052a3bbc53b0752bf1ba29b23a90d24b64501e64f1b28ef0d98becc
Bd2Dh2.Ani	100	0x00102EE0	8817	8805	14136	14124	1316	3596	14124	0	243804	0	-8	13968	1310	8695	bbf4722a651d17b9fc8ca625f8bcf3f3cfe55492dc0723851061c3cb037ca9f5
Bd2Dh2.Ani	101	0x00105151	8695	8683	13968	13956	1310	3476	13956	0	243804	0	-8	14050	1302	8754	c96d1d310b432be6f5424857c867a3afa15befb0a1881b2845a1d2173f67ad88
Bd2Dh2.Ani	102	0x00107348	8754	8742	14050	14038	1302	3622	14038	0	243808	0	-8	14064	1289	8784	73140fe804ba0149308d3ae4c2f7ba1f3149e215eb54ca1c52337cb107c46cd8
Bd2Dh2.Ani	103	0x0010957A	8784	8772	14064	14052	1289	3740	14052	0	243808	0	-8	14136	1316	8795	81f01236b7a4cf7b353a41973ad4c1983bc81ccee8d6f48fb8adb7341d44df47
Bd2Dh2.Ani	104	0x0010B7CA	8795	8783	14136	14124	1316	3596	14124	0	243812	0	-8	12321	1011	7967	7fea7a57233dc67cf880c144f512d6107b56bc5161e9539c845db6d842243cb5
Bd2Dh2.Ani	105	0x0010DA25	7967	7955	12321	12309	1011	4221	12309	0	243812	0	-8	14062	1303	8708	b1857206ae13fd0c81f6999bc4f6f8a47dd2038b024f1d50e30b56fd9424856f
Bd2Dh2.Ani	106	0x0010F944	8708	8696	14062	14050	1303	3626	14050	0	243818	0	-8	14063	1288	8791	5af1c4835f38c8473ff7f49608267a7db94bfb53dc394a723bb2a5d0d695485f
Bd2Dh2.Ani	107	0x00111B48	8791	8779	14063	14051	1288	3747	14051	0	243818	0	-8	14150	1317	8779	a43acc8c2575aa4001c063fa4a97f5d1dcb1bf3aacb92ef232dba163377d77b6
Bd2Dh2.Ani	108	0x00113D9F	8779	8767	14150	14138	1317	3602	14138	0	243822	0	-8	13956	1308	8646	5c7696f0f5245234cf58fae3a4a49edc621f0b9d3147a1f2111b72de5c8933f3
Bd2Dh2.Ani	109	0x00115FEA	8646	8634	13956	13944	1308	3480	13944	0	243822	0	-8	14053	1302	8695	1d7cb52bd42443d60ff0e9d7594c6ec1e33d7a5243ccc15a5510982f24e59ce8
Bd2Dh2.Ani	110	0x001181B0	8695	8683	14053	14041	1302	3625	14041	0	243826	0	-8	14061	1288	8754	1b266cb0af887a97d464adf86f625c9b9af06e8f275b23ab7f63b650bf4b0573
Bd2Dh2.Ani	111	0x0011A3A7	8754	8742	14061	14049	1288	3745	14049	0	243826	0	-8	14149	1317	8743	798b6e06026fabb1e454d95528f96a307c7b4e730f9c06b375684fb658f6b79e
Bd2Dh2.Ani	112	0x0011C5D9	8743	8731	14149	14137	1317	3601	14137	0	243830	0	-8	13955	1308	8594	0b2a8c50b798753024e0305bbf4d61f42149835888ad61e4354e7c2297820218
Bd2Dh2.Ani	113	0x0011E800	8594	8582	13955	13943	1308	3479	13943	0	243830	0	-8	14052	1302	8717	8c929b5b50feb2e191e9cc16beb2c4a9e4a0668031f5bed7dc297d6fa8b99d4e
Bd2Dh2.Ani	114	0x00120992	8717	8705	14052	14040	1302	3624	14040	0	243834	0	-8	14066	1289	8770	b0a609371843ccd92e82ede060ee93fea1fc40246977a5d61f6b5dac75d33741
Bd2Dh2.Ani	115	0x00122B9F	8770	8758	14066	14054	1289	3742	14054	0	243834	0	-8	12513	1021	8049	975c07eb5f1f8befe87909f69f99deb4fbb77c0daf5b7b3f49069ec6948573b4
Bd2Dh2.Ani	116	0x00124DE1	8049	8037	12513	12501	1021	4333	12501	0	243840	0	-8	13970	1310	8661	5148ff68a0ce047d4c31b437c3fdef342f9fff0b336445762eb63bd981cb88b2
Bd2Dh2.Ani	117	0x00126D52	8661	8649	13970	13958	1310	3478	13958	0	243840	0	-8	14072	1305	8699	4d48ea8c81b02aac2958efc1356913a3419fc815fb26e8f4fb2087b9a1ae627b
Bd2Dh2.Ani	118	0x00128F27	8699	8687	14072	14060	1305	3620	14060	0	243844	0	-8	14057	1288	8796	390fecbd0588b17229521668823539bf9ffa97f2e8d340980e43193c42fd909c
Bd2Dh2.Ani	119	0x0012B122	8796	8784	14057	14045	1288	3741	14045	0	243844	0	-8	14142	1317	8751	30c202ced2e598bdc9781ed02c4c0a0ae3483461991e3d2a48f6fe0af1502c3c
Bd2Dh2.Ani	120	0x0012D37E	8751	8739	14142	14130	1317	3594	14130	0	243848	0	-8	13943	1307	8602	fe676af8641fdc4b765ebd92f077e49593f2248c9d8c718ac07d09c5ae03d766
Bd2Dh2.Ani	121	0x0012F5AD	8602	8590	13943	13931	1307	3475	13931	0	243848	0	-8	14047	1302	8718	9fcaf7ab17962a17ae09438b390952aa8635e6bfd2237488aead23871b31e169
Bd2Dh2.Ani	122	0x00131747	8718	8706	14047	14035	1302	3619	14035	0	243852	0	-8	14064	1289	8763	1ce225a402819cf7ff09a209ac497649fc1391526b0b720b98a06aecc12e03a8
Bd2Dh2.Ani	123	0x00133955	8763	8751	14064	14052	1289	3740	14052	0	243852	0	-8	14127	1315	8749	af7941e59effb03ec50e907a7ef0be8d5b12eaf631d615002b145d102ce6b968
Bd2Dh2.Ani	124	0x00135B90	8749	8737	14127	14115	1315	3595	14115	0	243856	0	-8	13941	1307	8556	22d4787e3a5667860865dc6c4a66bc06ad70450759c52e961c01df1ac62e0c4e
Bd2Dh2.Ani	125	0x00137DBD	8556	8544	13941	13929	1307	3473	13929	0	243856	0	-8	12587	1030	8046	37e8a3acefc1a7808e53107e2939245a9d836c7a1dc37338b490a516eabe7fd8
Bd2Dh2.Ani	126	0x00139F29	8046	8034	12587	12575	1030	4335	12575	0	243862	0	-8	14057	1288	8754	ae286d705d9e8c1eb397960cf39647a94c8a90dd98d3ee7c8872c7f0f9df115b
Bd2Dh2.Ani	127	0x0013BE97	8754	8742	14057	14045	1288	3741	14045	0	243862	0	-8	14143	1317	8745	5fa5ec1e43666b20864f9b84bfee4c3454b91a9d6a7153898fc288271e507e82
Bd2Dh2.Ani	128	0x0013E0C9	8745	8733	14143	14131	1317	3595	14131	0	243866	0	-8	13944	1307	8591	201283ae00785e24df19e0f8bebb4397607a629bbc0f0bd7ec7c193b0fec8cb6
Bd2Dh2.Ani	129	0x001402F2	8591	8579	13944	13932	1307	3476	13932	0	243866	0	-8	14040	1301	8655	31b17bd9567c4d80016bd9d1aa4c32a91b2309b806ed5b6a6d3185119b432042
Bd2Dh2.Ani	130	0x00142481	8655	8643	14040	14028	1301	3620	14028	0	243870	0	-8	14056	1288	8736	a1b261f427e92a3ec7ba6c950c7e9f4a904039d89ffef3da3c532953a56cdbb1
Bd2Dh2.Ani	131	0x00144650	8736	8724	14056	14044	1288	3740	14044	0	243870	0	-8	14133	1316	8680	f160ce5452d61d5909c055b1510420969e2e57cd5fffddd1fae9e826a8ff1243
Bd2Dh2.Ani	132	0x00146870	8680	8668	14133	14121	1316	3593	14121	0	243874	0	-8	13958	1309	8581	7185af1ac705d4d94ae15b8be4efef09d574dae3882e1b4f7c0a6784da739a5b
Bd2Dh2.Ani	133	0x00148A58	8581	8569	13958	13946	1309	3474	13946	0	243874	0	-8	14053	1303	8690	e6adb26475c90c75cf11e0558b5c5baa8d91bf3a831979a27ccde2c8947b3959
Bd2Dh2.Ani	134	0x0014ABDD	8690	8678	14053	14041	1303	3617	14041	0	243878	0	-8	14046	1287	8722	1efec57444145787587f0eb1cadd998278a3662e8e219c0b002c9052462189a1
Bd2Dh2.Ani	135	0x0014CDCF	8722	8710	14046	14034	1287	3738	14034	0	243878	0	-8	12524	1023	7960	54f384e92408da48fed0dfad7abde495925646fd5081eca4edd473664c36518d
Bd2Dh2.Ani	136	0x0014EFE1	7960	7948	12524	12512	1023	4328	12512	0	243884	0	-8	13952	1308	8558	b486c0bc3e803a1c0c104cfe34e1aa8b692e778fc6298d47cb76d3af0aa4b418
Bd2Dh2.Ani	137	0x00150EF9	8558	8546	13952	13940	1308	3476	13940	0	243884	0	-8	14038	1301	8707	47e69021ef64af25b1e175f4c4adea32dd0e00e4b3d056c0bc3563cb67eeba18
Bd2Dh2.Ani	138	0x00153067	8707	8695	14038	14026	1301	3618	14026	0	243888	0	-8	14047	1287	8712	862070f1c87217c700baea19d3506cdee21e388f79f644613f5e214f0c2fb56a
Bd2Dh2.Ani	139	0x0015526A	8712	8700	14047	14035	1287	3739	14035	0	243888	0	-8	14136	1316	8730	b6992932d41d353202c55da31b0b86fe9ca6b86397066d87f9c43f35208b836b
Bd2Dh2.Ani	140	0x00157472	8730	8718	14136	14124	1316	3596	14124	0	243892	0	-8	13551	1232	8547	374318655f9de0e8b28586f952557c691517c5b6f81b39ecdf18b651d2218214
Bd2Dh2.Ani	141	0x0015968C	8547	8535	13551	13539	1232	3683	13539	0	245168	0	-8	14047	1302	8687	655aa1f1cbdd90fad9013054b91acc04468e9fa3c87995a9deed0526695fedea
Bd2Dh2.Ani	142	0x0015B7EF	8687	8675	14047	14035	1302	3619	14035	0	245176	0	-8	14057	1288	8707	77b2314fabd1547f4a036dd8e681153e3ddcd82686af1237a53fe1295b302490
Bd2Dh2.Ani	143	0x0015D9DE	8707	8695	14057	14045	1288	3741	14045	0	245176	0	-8	14142	1317	8774	b91e79c19f7a6f59132da0eafa04e3902d0fddb6cc80765b039f890302e003eb
Bd2Dh2.Ani	144	0x0015FBE1	8774	8762	14142	14130	1317	3594	14130	0	245180	0	-8	13960	1309	8574	8dcdad1f9796f9dde81a44164ba6df54576b83b1c3f344097b35468fad4cdc93
Bd2Dh2.Ani	145	0x00161E27	8574	8562	13960	13948	1309	3476	13948	0	245180	0	-8	12595	1031	8077	3ae56d7a282b6d08bd9e40a65431b2b92bd1a1390a4fdc42e3de85af1935199b
Bd2Dh2.Ani	146	0x00163FA5	8077	8065	12595	12583	1031	4335	12583	0	245186	0	-8	14057	1288	8800	5e29a1f3cfbfdd957cfb319b267909204b0193bd94b74e8c5044de93b740fb4a
Bd2Dh2.Ani	147	0x00165F32	8800	8788	14057	14045	1288	3741	14045	0	245186	0	-8	14141	1317	8750	4746923f8776aa49b298e36e10be5a475fa496a10320c54654078da5adf5d49f
Bd2Dh2.Ani	148	0x00168192	8750	8738	14141	14129	1317	3593	14129	0	245190	0	-8	13952	1308	8578	0bd362c1aaf6574c8455f5c954b7a63901f7f8fc78aab1b123c5ade7b8db7821
Bd2Dh2.Ani	149	0x0016A3C0	8578	8566	13952	13940	1308	3476	13940	0	245190	0	-8	14052	1303	8715	5a1c26aa016f6b91822fa95c445c9ad53f86dae7fac7678f03f40bd819d982a2
Bd2Dh2.Ani	150	0x0016C542	8715	8703	14052	14040	1303	3616	14040	0	245194	0	-8	14057	1288	8729	5d902e964383e99618a2367723e7b37c6a27c7058a6d793895a410de9c6eb2e0
Bd2Dh2.Ani	151	0x0016E74D	8729	8717	14057	14045	1288	3741	14045	0	245194	0	-8	14142	1317	8746	974050813f33527e9185d63fbdaff25da7211fd5e2c8a3a7ed6a2c31d9617fea
Bd2Dh2.Ani	152	0x00170966	8746	8734	14142	14130	1317	3594	14130	0	245198	0	-8	13953	1308	8610	80ea5c8b04e2ec54c1998aaa9f780bbeba32ce202b9730ae324cc3ef9bae0869
Bd2Dh2.Ani	153	0x00172B90	8610	8598	13953	13941	1308	3477	13941	0	245198	0	-8	14037	1301	8676	4daeba46e19bdd8caddb4297df8984cd7c581c4ba9aff3c80d6fdb043d6bde79
Bd2Dh2.Ani	154	0x00174D32	8676	8664	14037	14025	1301	3617	14025	0	245202	0	-8	14057	1288	8767	38c888ec037cb7aa15c878170cc5d0ec220524ea98d2ff5c350b078cf9d26499
Bd2Dh2.Ani	155	0x00176F16	8767	8755	14057	14045	1288	3741	14045	0	245202	0	-8	14126	1315	8735	67376fa9309bd50981cbd476fdcd9674387c86b1203863e150fb87b0533d042a
Bd2Dh2.Ani	156	0x00179155	8735	8723	14126	14114	1315	3594	14114	0	245206	0	-8	12323	1011	7921	a5c8e75d2beae5526bb2c6fe12e6953d2562707ba92f67f38906c1cd35121114
Bd2Dh2.Ani	157	0x0017B374	7921	7909	12323	12311	1011	4223	12311	0	245206	0	-8	14040	1301	8686	20aadefbd4c789dd8501d28b4b175458650bb0100010bedc3095c46d339252a8
Bd2Dh2.Ani	158	0x0017D265	8686	8674	14040	14028	1301	3620	14028	0	245212	0	-8	14056	1288	8755	a63f8e621d88b0cd84f3ac8f10c9fa14c378df45a6d548f1636648f5c50a3345
Bd2Dh2.Ani	159	0x0017F453	8755	8743	14056	14044	1288	3740	14044	0	245212	0	-8	14136	1316	8688	be4351c2dfe9ab50272934304a6deb13d73c9172c641c2d5cf8e583f5fdb971a
Bd2Dh2.Ani	160	0x00181686	8688	8676	14136	14124	1316	3596	14124	0	245216	0	-8	13953	1308	8607	2b986d70f749b460a5dd3dbb4b6adec0bfb779e39c21a195dc16ddcccc3e8664
Bd2Dh2.Ani	161	0x00183876	8607	8595	13953	13941	1308	3477	13941	0	245216	0	-8	14040	1301	8694	0063d0bcd87a05a72fe74bc65c76d96709f35ec4e1b1a2808e5b89191ea0aa4e
Bd2Dh2.Ani	162	0x00185A15	8694	8682	14040	14028	1301	3620	14028	0	245220	0	-8	14048	1287	8772	2401fdc9642b58f37f975249059290599d40836fb258f608513dc3d860ace640
Bd2Dh2.Ani	163	0x00187C0B	8772	8760	14048	14036	1287	3740	14036	0	245220	0	-8	14136	1316	8731	b0b4bc34ed09fbb5ecd56f85103970833f5808ebc3dc486e72a7a3780695aa78
Bd2Dh2.Ani	164	0x00189E4F	8731	8719	14136	14124	1316	3596	14124	0	245224	0	-8	13953	1308	8571	edf7728f8003cbe948caf24c665b8d5dacade0a2dd44cb83b0b7898b702df079
Bd2Dh2.Ani	165	0x0018C06A	8571	8559	13953	13941	1308	3477	13941	0	245224	0	-8	14039	1301	8663	8e03ea3b86860b67a0e402d2bea2f7abc3439005a71925a389b7026fcb1d3463
Bd2Dh2.Ani	166	0x0018E1E5	8663	8651	14039	14027	1301	3619	14027	0	245228	0	-8	12558	1013	8121	40cd9e06de5ff2c8b9fa66050ab6566a69429ef8c5777ecc76def87fb52757dd
Bd2Dh2.Ani	167	0x001903BC	8121	8109	12558	12546	1013	4442	12546	0	245228	0	-8	14136	1316	8751	ab47c1f9eb52f1400c16bd80fb1905ab807c94abbb327a5d3ceee0f2c11ff765
Bd2Dh2.Ani	168	0x00192375	8751	8739	14136	14124	1316	3596	14124	0	245234	0	-8	13953	1308	8551	2c1bb0e0098fbd3d8acbbd9907f95fb1d87c9af52710d5848d0cb8775cb395d4
Bd2Dh2.Ani	169	0x001945A4	8551	8539	13953	13941	1308	3477	13941	0	245234	0	-8	14045	1302	8710	f2a3e00587673325e49639b390798540c613b304c1af67b81681fdc5aa050ecd
Bd2Dh2.Ani	170	0x0019670B	8710	8698	14045	14033	1302	3617	14033	0	245238	0	-8	14057	1288	8752	e4b76e2853eb6d700154ae71f5b1af374da1bb03c54f85d4e647069ef573d34a
Bd2Dh2.Ani	171	0x00198911	8752	8740	14057	14045	1288	3741	14045	0	245238	0	-8	14127	1315	8731	17ab0623b260fb8e665c98e6a7b85aab9acdd7818507c432c70f429c21437c71
Bd2Dh2.Ani	172	0x0019AB41	8731	8719	14127	14115	1315	3595	14115	0	245242	0	-8	13941	1307	8547	d3d134210937aa7f9e85303952f8f17b06fc60dbcddef8e73b5b8d1d55b10b27
Bd2Dh2.Ani	173	0x0019CD5C	8547	8535	13941	13929	1307	3473	13929	0	245242	0	-8	14047	1302	8705	5fcb0a44d2fc4aea17411782471bad8645356471581ae42d5cde0e577443ed60
Bd2Dh2.Ani	174	0x0019EEBF	8705	8693	14047	14035	1302	3619	14035	0	245246	0	-8	14053	1288	8721	a3e85f2d69329ebac4974fa2e17477d640335087ca098a9f707e94fbcfd1e7d0
Bd2Dh2.Ani	175	0x001A10C0	8721	8709	14053	14041	1288	3737	14041	0	245246	0	-8	14136	1316	8754	ac886227fca232e92f01d158a17eb621c1e6df2b8a524e6cab3ac6f8e2a7b84d
Bd2Dh2.Ani	176	0x001A32D1	8754	8742	14136	14124	1316	3596	14124	0	245250	0	-8	13967	1310	8577	251e988270e114c17c6afd219d01c079b0778883e67eb1457304e959a1b965d3
Bd2Dh2.Ani	177	0x001A5503	8577	8565	13967	13955	1310	3475	13955	0	245250	0	-8	12596	1031	8128	c5548b7244322548b328e8d40f984f423c86267df17e304471b569ee5de98347
Bd2Dh2.Ani	178	0x001A7684	8128	8116	12596	12584	1031	4336	12584	0	245256	0	-8	14064	1289	8693	b096388b8c6b23a47d0fcd0c6898fb8c64ff0bbcb71b5f58650999aace17edf7
Bd2Dh2.Ani	179	0x001A9644	8693	8681	14064	14052	1289	3740	14052	0	245256	0	-8	14136	1316	8738	73343eccfc4dd2c993ec455a084cc2a98b14ab584e73363d4940ff0981a620b7
Bd2Dh2.Ani	180	0x001AB839	8738	8726	14136	14124	1316	3596	14124	0	245260	0	-8	13953	1308	8552	7fe9d5f0c02a6e70994448cb42f33169c2c91228fad7a3707009865f0acf2248
Bd2Dh2.Ani	181	0x001ADA5B	8552	8540	13953	13941	1308	3477	13941	0	245260	0	-8	14040	1301	8741	47c0312afa9b4ee92c6fc983bda1e95c88eba1584a783aeb8ee282e1d7e2cec5
Bd2Dh2.Ani	182	0x001AFBC3	8741	8729	14040	14028	1301	3620	14028	0	245264	0	-8	13792	1242	8682	8fe3353831dd3b8ba20e437fb01fcc17b23e43c2a2b662ebccee866e38df6472
Bd2Dh2.Ani	183	0x001B1DE8	8682	8670	13792	13780	1242	3844	13780	0	246540	0	-8	14136	1316	8706	b58b15726436f770709b86561fa599812a5f072f4bf074ca38cf0e188af1d524
Bd2Dh2.Ani	184	0x001B3FD2	8706	8694	14136	14124	1316	3596	14124	0	246548	0	-8	13959	1309	8622	dc01db8df9abb10071494f80772b2673ea1943a5c11b12d0f79fb24b23467c35
Bd2Dh2.Ani	185	0x001B61D4	8622	8610	13959	13947	1309	3475	13947	0	246548	0	-8	14040	1301	8704	d40f9ea8dbb9a16d306df53243d7dc74cea083d45b7e4e2f39d310833625c66e
Bd2Dh2.Ani	186	0x001B8382	8704	8692	14040	14028	1301	3620	14028	0	246552	0	-8	14057	1288	8715	e2f39dde8e2958ce553696262e9060e4e2e821345f87af284b03498205f6d59a
Bd2Dh2.Ani	187	0x001BA582	8715	8703	14057	14045	1288	3741	14045	0	246552	0	-8	12510	1021	8081	9f8a3ab50bf7e06345e06f0f027c31307bc8e2d08214ed898f6a59f899711b25
Bd2Dh2.Ani	188	0x001BC78D	8081	8069	12510	12498	1021	4330	12498	0	246558	0	-8	13951	1308	8539	96128194fdc758ac9c2e9bed9b5629cb59269bcbd33cd9be01e218da024a434f
Bd2Dh2.Ani	189	0x001BE71E	8539	8527	13951	13939	1308	3475	13939	0	246558	0	-8	14040	1301	8654	8d33e1cd09038b8ab1d289db13120f4d4b54b8b51eb81e4ae0d1b16b52fd643b
Bd2Dh2.Ani	190	0x001C0879	8654	8642	14040	14028	1301	3620	14028	0	246562	0	-8	14057	1288	8703	b71b09e3378661757db30f460a7faa559189d4d2252ec6830d78b038ada8f619
Bd2Dh2.Ani	191	0x001C2A47	8703	8691	14057	14045	1288	3741	14045	0	246562	0	-8	14135	1316	8708	94119d42c0fd9c1dfa200637dc3da5dd91d109416c969f83430accad686e5622
Bd2Dh2.Ani	192	0x001C4C46	8708	8696	14135	14123	1316	3595	14123	0	246566	0	-8	13952	1308	8546	f0823d83dcb84aabd1ab10032db7783612ceec5880ae5ac0c2388412ac5f2a81
Bd2Dh2.Ani	193	0x001C6E4A	8546	8534	13952	13940	1308	3476	13940	0	246566	0	-8	14040	1301	8675	a5baad21b7c6f51b39b76bc2d2594045ca18259b4df7153a637a8fb990df6878
Bd2Dh2.Ani	194	0x001C8FAC	8675	8663	14040	14028	1301	3620	14028	0	246570	0	-8	14048	1287	8680	397254896d3f4ccd7721d066dde21a9e72a3a87f7fac8cd462f3002609e1d45f
Bd2Dh2.Ani	195	0x001CB18F	8680	8668	14048	14036	1287	3740	14036	0	246570	0	-8	14136	1316	8720	deee302647db516a24ae8775a1d89d93524912ea186325b7eee7b713170bafa5
Bd2Dh2.Ani	196	0x001CD377	8720	8708	14136	14124	1316	3596	14124	0	246574	0	-8	13953	1308	8507	872544550da0a03698d18acf3b512553a32124d0f848e1ca76365e392290ca74
Bd2Dh2.Ani	197	0x001CF587	8507	8495	13953	13941	1308	3477	13941	0	246574	0	-8	12581	1029	8057	d3f5a0989590525d3e57c8e9fdbf3c509edbd5c2cd82556995840c0949f5aedc
Bd2Dh2.Ani	198	0x001D16C2	8057	8045	12581	12569	1029	4337	12569	0	246580	0	-8	14057	1288	8684	b5eb39d388b0fc6dee579f03c35c61b3ff8945836b7389af83d5e48f79b5de67
Bd2Dh2.Ani	199	0x001D363B	8684	8672	14057	14045	1288	3741	14045	0	246580	0	-8	14136	1316	8745	1ba576624d73dc9ea3a86da961cb4852052bee24e79c84fc6293d1f5cd185ae3
Bd2Dh2.Ani	200	0x001D5827	8745	8733	14136	14124	1316	3596	14124	0	246584	0	-8	13953	1308	8463	c408c5b5dbe997d04d2926c887ffeee7749db05916674662f4f28a4ebf874b4d
Bd2Dh2.Ani	201	0x001D7A50	8463	8451	13953	13941	1308	3477	13941	0	246584	0	-8	14040	1301	8665	f8f9c7c3b1472b7411c8586142a2d0df49152327337d2fbe23ff539ba401b186
Bd2Dh2.Ani	202	0x001D9B5F	8665	8653	14040	14028	1301	3620	14028	0	246588	0	-8	14057	1288	8665	6df70fa4480422ab6fc4d6115f7d7dc20cb23448e526bd33ab121e572b60b5d2
Bd2Dh2.Ani	203	0x001DBD38	8665	8653	14057	14045	1288	3741	14045	0	246588	0	-8	14136	1316	8723	c5ea80fb0c56324fac1af58ab06e0eae2cc4411eda69b45b15a331c11697f30b
Bd2Dh2.Ani	204	0x001DDF11	8723	8711	14136	14124	1316	3596	14124	0	246592	0	-8	13952	1308	8482	0395843a2b0509406ae0e5537e3b5a01e1abdd5d69043bdfa6a97583dbca7be4
Bd2Dh2.Ani	205	0x001E0124	8482	8470	13952	13940	1308	3476	13940	0	246592	0	-8	14040	1301	8682	282f2a32b2e6e3a4dbf8e02cec5feebb33649e2443ed942b2e9022c2d51dbb20
Bd2Dh2.Ani	206	0x001E2246	8682	8670	14040	14028	1301	3620	14028	0	246596	0	-8	14063	1289	8674	c976c7b7363bd9c4e97c4badd7b6bfc760d532ef5d2e5d26d16ca46072beda81
Bd2Dh2.Ani	207	0x001E4430	8674	8662	14063	14051	1289	3739	14051	0	246596	0	-8	12502	1020	7960	9afeebf12bbad8e06601cd8234c39053f23689f7bd0243686290be39ffeea2bd
Bd2Dh2.Ani	208	0x001E6612	7960	7948	12502	12490	1020	4330	12490	0	246602	0	-8	13953	1308	8490	f756deea24a657e61520c754c5bfbe211b0a67f4f77138fe7c1d7d28500921db
Bd2Dh2.Ani	209	0x001E852A	8490	8478	13953	13941	1308	3477	13941	0	246602	0	-8	14033	1300	8641	58eb56e0176a022f1b83615d372cc34f9c0fbefe9fa7e73e297e38e587531f58
Bd2Dh2.Ani	210	0x001EA654	8641	8629	14033	14021	1300	3621	14021	0	246606	0	-8	14065	1289	8668	f49859ef15444353a05bdccf682c768c3366891d2e2cae91d4f441d9941dc4ca
Bd2Dh2.Ani	211	0x001EC815	8668	8656	14065	14053	1289	3741	14053	0	246606	0	-8	14129	1315	8703	6dda0253a5dc56b3d60cdf7b98b552e0a733162df8f4b476697e0c89fe6a82d3
Bd2Dh2.Ani	212	0x001EE9F1	8703	8691	14129	14117	1315	3597	14117	0	246610	0	-8	13952	1308	8480	ccf5b06ae274f90e450f6ff9fd76db2f8a88002420428434b3142a0e7a9aba3f
Bd2Dh2.Ani	213	0x001F0BF0	8480	8468	13952	13940	1308	3476	13940	0	246610	0	-8	14023	1299	8673	eccaf689f6fe43ca8f01f2822e3566f79a981005e4b940bf4fb1643cfa760f62
Bd2Dh2.Ani	214	0x001F2D10	8673	8661	14023	14011	1299	3619	14011	0	246614	0	-8	14058	1288	8634	379287e1c4e2d7308aa22d280db008df064f5a970662733537a8366b1cfc2f88
Bd2Dh2.Ani	215	0x001F4EF1	8634	8622	14058	14046	1288	3742	14046	0	246614	0	-8	14120	1314	8746	e10ace0c8073aa43b757cd20f1b500d8f2f9de2f5b79b6d1cb11ec7b8e9bee2c
Bd2Dh2.Ani	216	0x001F70AB	8746	8734	14120	14108	1314	3596	14108	0	246618	0	-8	13954	1308	8526	cfe29efd687b96bc5dccef2c98b57e90c7efde0a2439b4ff10be4b01f5d1817b
Bd2Dh2.Ani	217	0x001F92D5	8526	8514	13954	13942	1308	3478	13942	0	246618	0	-8	14033	1300	8640	e700637a20999378298e27f83abf40d0402d2c69930b5f9741edce1e8b1b7c58
Bd2Dh2.Ani	218	0x001FB423	8640	8628	14033	14021	1300	3621	14021	0	246622	0	-8	12552	1012	7972	45eeead45a81ce1cb286eea7fd6712baab60f7055409794c39990e338b950d2b
Bd2Dh2.Ani	219	0x001FD5E3	7972	7960	12552	12540	1012	4444	12540	0	246622	0	-8	14136	1316	8717	5e0a4b4c51efac88bd0a765e327e6d9b4c8bc41525c26d8a8c3a2c1424c62579
Bd2Dh2.Ani	220	0x001FF507	8717	8705	14136	14124	1316	3596	14124	0	246628	0	-8	13953	1308	8459	b03dd0bf26cebac51c6c12869dbf5926d368f36d100bd80c458c1e8b35cb3ef6
Bd2Dh2.Ani	221	0x00201714	8459	8447	13953	13941	1308	3477	13941	0	246628	0	-8	14040	1301	8642	bc34f4545c0169f68bb67287c652ba7c3d4dd3c13043f0ab9e0a217ea1b98b6d
Bd2Dh2.Ani	222	0x0020381F	8642	8630	14040	14028	1301	3620	14028	0	246632	0	-8	14056	1288	8648	7425646fb3b499f9b6e6db628336192edb1a25d79ee9a06fda4e1f893190f7b7
Bd2Dh2.Ani	223	0x002059E1	8648	8636	14056	14044	1288	3740	14044	0	246632	0	-8	14136	1316	8691	40e6aaf094e5905b14ca8e698ad144d417ec3717f590fd46a3d2a4dee5e4e53a
Bd2Dh2.Ani	224	0x00207BA9	8691	8679	14136	14124	1316	3596	14124	0	246636	0	-8	13953	1308	8479	d2a628cbf5da16884bdb319fac036765bd8a0448199a0d99050138b5dad6eb4f
Bd2Dh2.Ani	225	0x00209D9C	8479	8467	13953	13941	1308	3477	13941	0	246636	0	-8	13600	1227	8574	97b85506de5ee1a6c46f4ef6e81e74add59e38cdf63b5378f56a886221d17d7f
Bd2Dh2.Ani	226	0x0020BEBB	8574	8562	13600	13588	1227	3772	13588	0	247920	0	-8	14057	1288	8601	95f0d0a04c7b04304e2f97f042153dc346288ff317588b9900ca20f3d87ae40d
Bd2Dh2.Ani	227	0x0020E039	8601	8589	14057	14045	1288	3741	14045	0	247920	0	-8	14136	1316	8624	f501cb0fee613779166e2eaf1667172e9b8642dc8d3ecaa093ef34c23b308089
Bd2Dh2.Ani	228	0x002101D2	8624	8612	14136	14124	1316	3596	14124	0	247924	0	-8	12316	1010	7801	c4620e155f90f5a2bd1e677bd9dcd89187636cfdf4d0c4aac91eb37a6483f69d
Bd2Dh2.Ani	229	0x00212382	7801	7789	12316	12304	1010	4224	12304	0	247924	0	-8	14040	1301	8555	e4da61d01cbffac057a5068a32e3183c18da4357c22e64215083eaf998772de4
Bd2Dh2.Ani	230	0x002141FB	8555	8543	14040	14028	1301	3620	14028	0	247930	0	-8	14057	1288	8620	b147090cca8bdab8039ed275e2fcc1f6b2b43f45f079c0a2621006fb4aa97c78
Bd2Dh2.Ani	231	0x00216366	8620	8608	14057	14045	1288	3741	14045	0	247930	0	-8	14136	1316	8658	e47b9ef7f5155f83cdce4a3326658a5fd7330772f1275ff359ca33024d6ce8f9
Bd2Dh2.Ani	232	0x00218512	8658	8646	14136	14124	1316	3596	14124	0	247934	0	-8	13953	1308	8434	674a7ae8458186c90d57cfe91e4ff49e60e2aa22af8ce8b927d001695b129e26
Bd2Dh2.Ani	233	0x0021A6E4	8434	8422	13953	13941	1308	3477	13941	0	247934	0	-8	14040	1301	8598	676fc12a195c716d4080050f5ed126971b344eb2995ad6ba9704acc090c57f42
Bd2Dh2.Ani	234	0x0021C7D6	8598	8586	14040	14028	1301	3620	14028	0	247938	0	-8	14057	1288	8608	c11435dcef6a5eac9d903a53bbfdd376fdae4ce4a67a40418d7bca1580f8deed
Bd2Dh2.Ani	235	0x0021E96C	8608	8596	14057	14045	1288	3741	14045	0	247938	0	-8	14143	1317	8565	bde72eeab9d9366031640078619c61ce3ead1b5f48b9770525401aee9e3e56c2
Bd2Dh2.Ani	236	0x00220B0C	8565	8553	14143	14131	1317	3595	14131	0	247942	0	-8	13952	1308	8401	1ba0884e6fd80744ceb60f10784cf560623654dd74acb63682fadf04e5ef8e9b
Bd2Dh2.Ani	237	0x00222C81	8401	8389	13952	13940	1308	3476	13940	0	247942	0	-8	14047	1302	8555	1f9e256d512212ff52c1166cb3c50b42fcc1f9eae9ad0e7f8b2e2b2a9ff76a97
Bd2Dh2.Ani	238	0x00224D52	8555	8543	14047	14035	1302	3619	14035	0	247946	0	-8	12552	1012	7917	cc42df21cc9b6b62228299bf8e077882f58d6cd07d3e8537177648cde2e8f9df
Bd2Dh2.Ani	239	0x00226EBD	7917	7905	12552	12540	1012	4444	12540	0	247946	0	-8	14145	1317	8626	b24615ede4b757278363faeeb50619bb9f936d17efaeca403d7bd1c56f2e4b3f
Bd2Dh2.Ani	240	0x00228DAA	8626	8614	14145	14133	1317	3597	14133	0	247952	0	-8	13953	1308	8415	7e72bf7d730a8c7e083a6d102de12957bab3249fe1a3df38c124bc1f4e5e5f9d
Bd2Dh2.Ani	241	0x0022AF5C	8415	8403	13953	13941	1308	3477	13941	0	247952	0	-8	14049	1302	8581	c5328d2142c6f95db00b0263c101ad74e6eb10940dc5d2a04e6baa9c468a6818
Bd2Dh2.Ani	242	0x0022D03B	8581	8569	14049	14037	1302	3621	14037	0	247956	0	-8	14056	1288	8585	a225a4a63074c2c270c17d1850d47616b69eebd91bd7509a5fed9f9b57b9efb6
Bd2Dh2.Ani	243	0x0022F1C0	8585	8573	14056	14044	1288	3740	14044	0	247956	0	-8	14145	1317	8587	d72dcd50a03bc6bcb4986f0c7201808d6efb3668dc86c26c03a3a251fb8dfcdf
Bd2Dh2.Ani	244	0x00231349	8587	8575	14145	14133	1317	3597	14133	0	247960	0	-8	13953	1308	8423	2fb409a917bf587b399bb616b437d5c0be5b45323cd4dce4ba0a6420a0de025a
Bd2Dh2.Ani	245	0x002334D4	8423	8411	13953	13941	1308	3477	13941	0	247960	0	-8	14038	1301	8586	f358cda9a47486e88d110ca56eac34cecea25737b6bb8e3d8f138a97da0517fe
Bd2Dh2.Ani	246	0x002355BB	8586	8574	14038	14026	1301	3618	14026	0	247964	0	-8	14057	1288	8569	4e287709e8fdaa8a9a2e29812a8f3f2e46fc0f5bdf34c6bb642721fbdda60b84
Bd2Dh2.Ani	247	0x00237745	8569	8557	14057	14045	1288	3741	14045	0	247964	0	-8	14131	1316	8575	855ff7fb2932747c388e605301434de96b22a7b8a114cf04250e8e6b23bc0abb
Bd2Dh2.Ani	248	0x002398BE	8575	8563	14131	14119	1316	3591	14119	0	247968	0	-8	13952	1308	8401	50b4248f8e58168d911cb9e5620950508afe716fd23b66bb4f3593dde07a6893
Bd2Dh2.Ani	249	0x0023BA3D	8401	8389	13952	13940	1308	3476	13940	0	247968	0	-8	12582	1029	7924	3c9e9540ee28defdcc78bfcb8086d38a0ece093ff9e52a35b3178500665392ec
Bd2Dh2.Ani	250	0x0023DB0E	7924	7912	12582	12570	1029	4338	12570	0	247974	0	-8	14061	1288	8592	ed92d3f2b3b8129d8995aaa39052295d9e19a499efd10eae7f00bc50bb87d7b4
Bd2Dh2.Ani	251	0x0023FA02	8592	8580	14061	14049	1288	3745	14049	0	247974	0	-8	14149	1317	8626	c7a4f45c51ebe043def702b1aaf5df64867554044c161edb6e4c56fb20c4cfbc
Bd2Dh2.Ani	252	0x00241B92	8626	8614	14149	14137	1317	3601	14137	0	247978	0	-8	13943	1307	8437	6713eccf05c5b4c43c81e298b0c2b173a2f6205d09ed3a91f2077fb5ea9805b2
Bd2Dh2.Ani	253	0x00243D44	8437	8425	13943	13931	1307	3475	13931	0	247978	0	-8	14040	1301	8579	f7993410f08dae35dec0028ffa365db3c6da54354e1c0c2642c0dd20385c3814
Bd2Dh2.Ani	254	0x00245E39	8579	8567	14040	14028	1301	3620	14028	0	247982	0	-8	14057	1288	8661	7c732e791b27dd907326a44634c4d358b05531fa7204ff376c5ff3f8a25c5b94
Bd2Dh2.Ani	255	0x00247FBC	8661	8649	14057	14045	1288	3741	14045	0	247982	0	-8	14127	1315	8629	3c0e94ca62f8908c29bb14e09808b9bcfd3317e7d98112533409b63e81d8a51e
Bd2Dh2.Ani	256	0x0024A191	8629	8617	14127	14115	1315	3595	14115	0	247986	0	-8	13952	1308	8489	2e6cfa40bd4c54619e95c95db0badb778c4b96613dd1213126688b58e1405ec1
Bd2Dh2.Ani	257	0x0024C346	8489	8477	13952	13940	1308	3476	13940	0	247986	0	-8	14040	1301	8638	f2ee3ac21d53ead916357ab99bec4e4f154435c7ec88ec099b1b429ac3c40457
Bd2Dh2.Ani	258	0x0024E46F	8638	8626	14040	14028	1301	3620	14028	0	247990	0	-8	14057	1288	8650	5be63f2873f63689e2ae6e2e1c0a3a97ac2da68a0c43acf1fe4f1d207cf2f0f7
Bd2Dh2.Ani	259	0x0025062D	8650	8638	14057	14045	1288	3741	14045	0	247990	0	-8	12509	1021	7953	6b801405c8494d935593cd27970d8ffed43ce9b3fcf7e993b64cd052f0627db2
Bd2Dh2.Ani	260	0x002527F7	7953	7941	12509	12497	1021	4329	12497	0	247996	0	-8	13945	1307	8513	1eb5ef2d5d381e0796743c2d022224f91a43e359e9f345b7a3c75cac0c8c2c16
Bd2Dh2.Ani	261	0x00254708	8513	8501	13945	13933	1307	3477	13933	0	247996	0	-8	14025	1299	8648	2e5e35e54a595fefb484524de74ad08de6e3aed1196c63bd40bb6984caacf9ab
Bd2Dh2.Ani	262	0x00256849	8648	8636	14025	14013	1299	3621	14013	0	248000	0	-8	14032	1285	8693	d4f6498b893815c9f2cd927767b6c3586d39821f9ea07b517d5f07d7ab2a320a
Bd2Dh2.Ani	263	0x00258A11	8693	8681	14032	14020	1285	3740	14020	0	248000	0	-8	14136	1316	8729	bd68cfb9d2e0557c9648691b4872782e8e8ed8bb5dddf78d8232e783188d349a
Bd2Dh2.Ani	264	0x0025AC06	8729	8717	14136	14124	1316	3596	14124	0	248004	0	-8	13946	1307	8499	d50129e9b96fbe9db664af10d7d0f0268c73fd5cfa7b9b0854ed290eaab3ec6c
Bd2Dh2.Ani	265	0x0025CE1F	8499	8487	13946	13934	1307	3478	13934	0	248004	0	-8	14041	1301	8645	71fdf186827e19ebded551dcf48193f0ef9cd68dbe1cab7f73d782c89bd3b9c3
Bd2Dh2.Ani	266	0x0025EF52	8645	8633	14041	14029	1301	3621	14029	0	248008	0	-8	14050	1287	8667	950735370aec4eb3be3a2e69dbd7b9a2dcd765088f1488daee9db0747758039a
Bd2Dh2.Ani	267	0x00261117	8667	8655	14050	14038	1287	3742	14038	0	248008	0	-8	14121	1314	8663	bd04a0a403cf284f8dee999637f3ecad114f71eb1e6b9a7656ea45171ced7385
Bd2Dh2.Ani	268	0x002632F2	8663	8651	14121	14109	1314	3597	14109	0	248012	0	-8	13546	1231	8475	463ac15d74bd9a79e336f6fb128aca455c912424fb8937046b37eaa636dd84f6
Bd2Dh2.Ani	269	0x002654C9	8475	8463	13546	13534	1231	3686	13534	0	249288	0	-8	12589	1030	7994	ea643711f440b30638543f81c14138870798c1b2e7d4e701e687c7fec0d84ec3
Bd2Dh2.Ani	270	0x002675E4	7994	7982	12589	12577	1030	4337	12577	0	249298	0	-8	14057	1288	8732	cc504b4aa8fe555f43203ae76edb65da925c8151f84aa35579ccdd1c8def8f59
Bd2Dh2.Ani	271	0x0026951E	8732	8720	14057	14045	1288	3741	14045	0	249298	0	-8	14135	1316	8708	6997570b7e950353da81dda863d6bc859b74cf4b86cc1071df759b51d84cf922
Bd2Dh2.Ani	272	0x0026B73A	8708	8696	14135	14123	1316	3595	14123	0	249302	0	-8	13960	1309	8535	b81886015ebedbf026c2b3e65d69d647a320558ec05d4243e13aebf529716306
Bd2Dh2.Ani	273	0x0026D93E	8535	8523	13960	13948	1309	3476	13948	0	249302	0	-8	14039	1301	8662	a01298de3314fc7827897d90012680c6801aa6d3ea497829832600d2214b6ea5
Bd2Dh2.Ani	274	0x0026FA95	8662	8650	14039	14027	1301	3619	14027	0	249306	0	-8	14057	1288	8707	410b895435eb6d7fb3ca905c8aa6ef2f23518b37a06b1c627e9ceaa2d75e0391
Bd2Dh2.Ani	275	0x00271C6B	8707	8695	14057	14045	1288	3741	14045	0	249306	0	-8	14143	1317	8709	94fda05caeefed83fcebfed1a2d9c403ac3cb5e485efc740e95d8c986cb12b49
Bd2Dh2.Ani	276	0x00273E6E	8709	8697	14143	14131	1317	3595	14131	0	249310	0	-8	13953	1308	8574	c33c7ddbf45f171dd0b67c69998aa6092eb201044c15bab6c7fd525bb48753ba
Bd2Dh2.Ani	277	0x00276073	8574	8562	13953	13941	1308	3477	13941	0	249310	0	-8	14046	1302	8644	e22ebfb3b17c59fcb83df3a41bcaa16aa71e9e5aa41d203804fba5288afde43d
Bd2Dh2.Ani	278	0x002781F1	8644	8632	14046	14034	1302	3618	14034	0	249314	0	-8	14064	1289	8755	fd4f939f36bc53a180a4e8499e4ed29be1ac8e3b37ee3a49ffc0bfafd22aa2f8
Bd2Dh2.Ani	279	0x0027A3B5	8755	8743	14064	14052	1289	3740	14052	0	249314	0	-8	14134	1316	8728	10f57d444de7a95ea09a83634c532406e1b061d467316fe6667bb4b9e6702405
Bd2Dh2.Ani	280	0x0027C5E8	8728	8716	14134	14122	1316	3594	14122	0	249318	0	-8	12337	1013	7953	f1df44f83ea7dfbb041f428664192e29feca5b11c2c7f8ad55bacae354138a3c
Bd2Dh2.Ani	281	0x0027E800	7953	7941	12337	12325	1013	4221	12325	0	249318	0	-8	14047	1302	8743	28af71eacdd9796f17c8a93b5f0bef8a61cbc7c241239f6be7679a81e156e72e
Bd2Dh2.Ani	282	0x00280711	8743	8731	14047	14035	1302	3619	14035	0	249324	0	-8	14057	1288	8745	3980616d5799f1907f09b192b0ba698331bc155cdf70f50ed2f1026e2c662eba
Bd2Dh2.Ani	283	0x00282938	8745	8733	14057	14045	1288	3741	14045	0	249324	0	-8	14136	1316	8722	3568e313966b293ea79859dafd0ccef225742ab61447c4b3ed9aaf6731a42701
Bd2Dh2.Ani	284	0x00284B61	8722	8710	14136	14124	1316	3596	14124	0	249328	0	-8	13967	1310	8585	64ac5d505f80812e536686413305bf1993f10f54e976584894577dcb844b7293
Bd2Dh2.Ani	285	0x00286D73	8585	8573	13967	13955	1310	3475	13955	0	249328	0	-8	14040	1301	8727	e42a3d1999045c7244c486a6b2b534632dd455f4daef667ba85d661afec690f8
Bd2Dh2.Ani	286	0x00288EFC	8727	8715	14040	14028	1301	3620	14028	0	249332	0	-8	14064	1289	8763	95daf0b5b9c256ff19ca7bfb6f3acf723886cc9241eddccf2d929822c2740ad9
Bd2Dh2.Ani	287	0x0028B113	8763	8751	14064	14052	1289	3740	14052	0	249332	0	-8	14125	1315	8770	94b80bd4a8884806880912f73a78c432e1461b52cde8dd09803dc1f2d69203d8
Bd2Dh2.Ani	288	0x0028D34E	8770	8758	14125	14113	1315	3593	14113	0	249336	0	-8	13952	1308	8620	0cc7413da2d868370f810c2b8b48497b715b8d80599a3692951f45d4f83deb74
Bd2Dh2.Ani	289	0x0028F590	8620	8608	13952	13940	1308	3476	13940	0	249336	0	-8	14046	1302	8743	9f31a7713e5d4433e3c317278f1e6032b8101278838a6584a3ce83d545a1c671
Bd2Dh2.Ani	290	0x0029173C	8743	8731	14046	14034	1302	3618	14034	0	249340	0	-8	12557	1013	8084	3825d112320840f986634b90280c1a348f6476ef8362857d3e3bf5dc551b23c8
Bd2Dh2.Ani	291	0x00293963	8084	8072	12557	12545	1013	4441	12545	0	249340	0	-8	14135	1316	8785	3bc5490ed996d3c40d9351947c88cc722f311180c1f7dccc56edbd1353893693
Bd2Dh2.Ani	292	0x002958F7	8785	8773	14135	14123	1316	3595	14123	0	249346	0	-8	13953	1308	8583	a7fc0fed97ffc1253abc1335a38e1d88c84508ab1e12371c93ef234d14d6d450
Bd2Dh2.Ani	293	0x00297B48	8583	8571	13953	13941	1308	3477	13941	0	249346	0	-8	14039	1301	8745	bcacbc49f20372f6cf72bee002d4db97581cfabc07e3faf1383e032ddd3de5a8
Bd2Dh2.Ani	294	0x00299CCF	8745	8733	14039	14027	1301	3619	14027	0	249350	0	-8	14057	1288	8719	704a8c1db25a3872008e4c8f3e171d61dd215bc10c5a7097547ed7104386d8cb
Bd2Dh2.Ani	295	0x0029BEF8	8719	8707	14057	14045	1288	3741	14045	0	249350	0	-8	14126	1315	8761	43b78512c87371c704a4692678ea20725445ff21435fd216e049e01ae0a6ec8e
Bd2Dh2.Ani	296	0x0029E107	8761	8749	14126	14114	1315	3594	14114	0	249354	0	-8	13943	1307	8675	6ffec98a57fc9bd0153859282e8ae2592dad839bc7c3dc826b865e1c54967b2d
Bd2Dh2.Ani	297	0x002A0340	8675	8663	13943	13931	1307	3475	13931	0	249354	0	-8	14038	1301	8787	7923268b017e9452117924040009957168e54faa5b2d1c9ecbca7824abf1510f
Bd2Dh2.Ani	298	0x002A2523	8787	8775	14038	14026	1301	3618	14026	0	249358	0	-8	14057	1288	8825	67f61685f14b2b980ced3b6b027c950c1c3f9282e3ee88043f9f0cd39229a665
Bd2Dh2.Ani	299	0x002A4776	8825	8813	14057	14045	1288	3741	14045	0	249358	0	-8	14135	1316	8832	32e0c70fc2fc2bdd158a7f98504d06e6e15d5c43e43371cb0804df485aa1e833
Bd2Dh2.Ani	300	0x002A69EF	8832	8820	14135	14123	1316	3595	14123	0	249362	0	-8	12322	1011	8033	61ed4497a3402416d6b482878c6eb89235d78d610304f1328114cc66a198852f
Bd2Dh2.Ani	301	0x002A8C6F	8033	8021	12322	12310	1011	4222	12310	0	249362	0	-8	14046	1302	8817	cac29f8fe0f483bd33311e52c2121bee18a3cac1b1a5f646f64c36cd22d54c13
Bd2Dh2.Ani	302	0x002AABD0	8817	8805	14046	14034	1302	3618	14034	0	249368	0	-8	14071	1290	8800	f3643a9bfa5ae90b93d9f0856b73c9c010099b401b7fcf9a6fe3651380d4d661
Bd2Dh2.Ani	303	0x002ACE41	8800	8788	14071	14059	1290	3739	14059	0	249368	0	-8	14136	1316	8824	3deb0610387360b621f353a9b6c809658c85c4dc3ba2e8e0861c264868f26334
Bd2Dh2.Ani	304	0x002AF0A1	8824	8812	14136	14124	1316	3596	14124	0	249372	0	-8	13941	1307	8635	d741a5979a385bd414d8511aec1c9c4586c868c8b65f12a0f4b8e09c635c177f
Bd2Dh2.Ani	305	0x002B1319	8635	8623	13941	13929	1307	3473	13929	0	249372	0	-8	14039	1301	8782	fff142c2f8c62b9a3c661f1559722670e3a7c1cbb37a3f0d2a7d10ab5563c149
Bd2Dh2.Ani	306	0x002B34D4	8782	8770	14039	14027	1301	3619	14027	0	249376	0	-8	14057	1288	8810	124f1877b2a5270a5bd74cae743159ab2a5304945a19d61e144240d312fe9ebe
Bd2Dh2.Ani	307	0x002B5722	8810	8798	14057	14045	1288	3741	14045	0	249376	0	-8	14136	1316	8881	bdcfb7e7364eec5e78124a3e2a21d1d5459a17db5391dc51cbfaf85c0433a631
Bd2Dh2.Ani	308	0x002B798C	8881	8869	14136	14124	1316	3596	14124	0	249380	0	-8	13953	1308	8635	e00b3a8d2caf4e3839292d3543a6bdae493a5b24093f666dfeafefa193aba045
Bd2Dh2.Ani	309	0x002B9C3D	8635	8623	13953	13941	1308	3477	13941	0	249380	0	-8	14037	1301	8802	169a0969572151f9ece08fbb8743c387ab5b491d8cf7179f2686c15e1318f443
Bd2Dh2.Ani	310	0x002BBDF8	8802	8790	14037	14025	1301	3617	14025	0	249384	0	-8	12752	1036	8274	8c063e6b9b6f6f851e0ea6d85692a416d72e453a1a3f3e387b1f2a29cd300f17
Bd2Dh2.Ani	311	0x002BE05A	8274	8262	12752	12740	1036	4452	12740	0	250662	0	-8	10277	626	6685	ddeee6cc96580adb057c97f6209ee447e05f613cf87663cb78fb781ec2cdc1db
Bd2Dh2.Ani	312	0x002C00AC	6685	6673	10277	10265	626	5257	10265	0	250668	0	-8	9650	483	7086	e84503f863242c5c985e9c3040011d4617b1e6f51fb4e31fe3c5bd00264a5392
Bd2Dh2.Ani	313	0x002C1AC9	7086	7074	9650	9638	483	5774	9638	0	250668	0	-8	12596	834	9551	42fb0b445ac87ba202d32209bfd0efdb375a5701298464d90642efe4421440f3
Bd2Dh2.Ani	314	0x002C3677	9551	9539	12596	12584	834	5912	12584	0	285252	0	-8	12107	685	10114	ea98d62923c996820fb5ac2efc759ad6e1eec1900f91490f889523088ede1f50
Bd2Dh2.Ani	315	0x002C5BC6	10114	10102	12107	12095	685	6615	12095	0	285252	0	-8	11877	646	10310	bb86da74ba8e5dec2d630471eb53766cfdc62e8c5a45a883824ecb8db9e3035d
Bd2Dh2.Ani	316	0x002C8348	10310	10298	11877	11865	646	6697	11865	0	285252	0	-8	12772	774	11031	9b94116455dcb6064dfe48c82dd7add90277571af9c8df11cd4977264b3f595a
Bd2Dh2.Ani	317	0x002CAB8E	11031	11019	12772	12760	774	6568	12760	0	285250	0	-8	12957	798	11269	1b83e6653a3b5e51ff885800d89b88d4ee7598ece1542c10731e1824210c6a2a
Bd2Dh2.Ani	318	0x002CD6A5	11269	11257	12957	12945	798	6561	12945	0	285252	0	-8	12834	775	11074	a9b1f738fe4c1f0d575eb23162f93ecdb5e54776f0344c6d2668b80291b840a9
Bd2Dh2.Ani	319	0x002D02AA	11074	11062	12834	12822	775	6622	12822	0	285252	0	-8	12880	861	10634	9505c68b23f03393def8fe53d0312179f97176863a72eee3bbed734ee5cea084
Bd2Dh2.Ani	320	0x002D2DEC	10634	10622	12880	12868	861	5980	12868	0	285252	0	-8	5969	474	4081	421eaff3ef2ca067a1390f4be52d2b99e5d77db1a524a640140f52ca6e92c1d1
Bd2Dh2.Ani	321	0x002D5776	4081	4069	5969	5957	474	2165	5957	0	285252	0	-8	6335	575	4171	2e469789927366c70fc45a97023bb73ba36ad431ded43ae583e50330346a8842
Bd2Dh2.Ani	322	0x002D6767	4171	4159	6335	6323	575	1723	6323	0	285252	0	-8	5271	358	3408	b64b56af9ecb990689c22b06df7a08f6bef9c9791ac9ab33f8f45a55839bcada
Bd2Dh2.Ani	323	0x002D77B2	3408	3396	5271	5259	358	2395	5259	0	285252	0	-8	4613	426	2684	7fee0363f89167e60f0a64e924db029178474d3b28f0da9dbeff7c842f1982e9
Bd2Dh2.Ani	324	0x002D8502	2684	2672	4613	4601	426	1193	4601	0	253222	0	-8	12	0	12	9aa41c09212802c3f59cc28e3feb526a1448ab68d673cb3edc31cc7658f00346
Bd2Dh2.Ani	325	0x002D8F7E	12	0	12	0	0	0	0	0	0	skipped_when_size_minus_12_is_zero	unsafe_12_byte_metadata_plus_stale_scratch_tail	12	0	12	e3b0c44298fc1c149afbf4c8996fb92427ae41e4649b934ca495991b7852b855
Bd2Dh2.Ani	326	0x002D8F8A	12	0	12	0	0	0	0	0	0	skipped_when_size_minus_12_is_zero	unsafe_12_byte_metadata_plus_stale_scratch_tail	12	0	12	e3b0c44298fc1c149afbf4c8996fb92427ae41e4649b934ca495991b7852b855
Bd2Dh2.Ani	327	0x002D8F96	12	0	12	0	0	0	0	0	0	skipped_when_size_minus_12_is_zero	unsafe_12_byte_metadata_plus_stale_scratch_tail	12	0	12	e3b0c44298fc1c149afbf4c8996fb92427ae41e4649b934ca495991b7852b855
Bd2Dh2.Ani	328	0x002D8FA2	12	0	12	0	0	0	0	0	0	skipped_when_size_minus_12_is_zero	unsafe_12_byte_metadata_plus_stale_scratch_tail	12	0	12	e3b0c44298fc1c149afbf4c8996fb92427ae41e4649b934ca495991b7852b855
Bd2Dh2.Ani	329	0x002D8FAE	12	0	12	0	0	0	0	0	0	skipped_when_size_minus_12_is_zero	unsafe_12_byte_metadata_plus_stale_scratch_tail	0	117463967	4607	e3b0c44298fc1c149afbf4c8996fb92427ae41e4649b934ca495991b7852b855
BigArmy.Ani	1	0x00000024	216071	216059	307220	307208	1	307200	307208	0	614400	0	-8	755	67	482	cb9ce8cac90377a147ce9edc499e918af313d1657c2f6245b4520a6ac0dab8f6
BigArmy.Ani	2	0x00034C2B	482	470	755	743	67	207	743	0	188160	0	-8	2367	95	1696	34386b7c288b0e8e72f797d30e3159168197031faad123ff156c5e89e5d4c9a2
BigArmy.Ani	3	0x00034E0D	1696	1684	2367	2355	95	1595	2355	0	206080	0	-8	4602	145	3680	dad19771b401805afa9f04fb1f3f8af98347f9138ccddf9bde616361802896d5
BigArmy.Ani	4	0x000354AD	3680	3668	4602	4590	145	3430	4590	0	225234	0	-8	5563	176	4558	f57d5d46de77ba2b6f6930d76a7f2b1714656102ce2d4f3cfdeb8eb3d8f65fc9
BigArmy.Ani	5	0x0003630D	4558	4546	5563	5551	176	4143	5551	0	248214	0	-8	5483	169	4434	a7411486060cde08a99e307b1976c294541e439e66df890aae86fe025bae6458
BigArmy.Ani	6	0x000374DB	4434	4422	5483	5471	169	4119	5471	0	268636	0	-8	5476	159	4506	70f635869f83d1612ffc1697d75a68726e5fe4d7148bbba434b236c8539cba79
BigArmy.Ani	7	0x0003862D	4506	4494	5476	5464	159	4192	5464	0	287780	0	-8	4930	129	3949	03cae8ef5679f964683ad2b2ac83a1ade08eef8b97a8c24a882a8a7cc59113d5
BigArmy.Ani	8	0x000397C7	3949	3937	4930	4918	129	3886	4918	0	299254	0	-8	4473	148	3633	de6d925bdda0b78534ca9765dec0f7be1e83c9f8ee657c08247768d00e130628
BigArmy.Ani	9	0x0003A734	3633	3621	4473	4461	148	3277	4461	0	303060	0	-8	4169	135	3420	fee14825eb12e7c7cfbf895a615fff9efd9ffea150a5e2a64fdfc15206269d4b
BigArmy.Ani	10	0x0003B565	3420	3408	4169	4157	135	3077	4157	0	303060	0	-8	4174	140	3446	1eb633196394e13454a0ab87f678233963d50a2529b14574ef96f980a046ff75
BigArmy.Ani	11	0x0003C2C1	3446	3434	4174	4162	140	3042	4162	0	301750	0	-8	4123	131	3352	6cff2dda516161fb0705629e781f57fb7767c248a850de81cf6768d3728f3c74
BigArmy.Ani	12	0x0003D037	3352	3340	4123	4111	131	3063	4111	0	296604	0	-8	4300	165	3500	708dfe0fcca65d7f7cf28080217b211629c7c4b4e66b5892ae29971dc296e45d
BigArmy.Ani	13	0x0003DD4F	3500	3488	4300	4288	165	2968	4288	0	287620	0	-8	4261	157	3426	4db1ca9b9f7a4446a2188bc023c7fa5ee65492116ae5e02079572c43b01fcb85
BigArmy.Ani	14	0x0003EAFB	3426	3414	4261	4249	157	2993	4249	0	279918	0	-8	4194	153	3438	d33b81e36cc00d80d9624a43e913a43484e631cbf5650da1b940804b4220df58
BigArmy.Ani	15	0x0003F85D	3438	3426	4194	4182	153	2958	4182	0	270936	0	-8	4047	181	3273	ae1cfa34e34aeec55a4c200bb240a089a08dbba4383d38235d387eee3444ff00
BigArmy.Ani	16	0x000405CB	3273	3261	4047	4035	181	2587	4035	0	263236	0	-8	3811	169	3098	07b8139283ea80d1e392d21607f72a56b516bbd7e9296199d9bf50bea7a38e21
BigArmy.Ani	17	0x00041294	3098	3086	3811	3799	169	2447	3799	0	261938	0	-8	3932	193	3196	11a70cda1f3c1a3806be76a03f423d50dd646673196053e1201dac53d24927ae
BigArmy.Ani	18	0x00041EAE	3196	3184	3932	3920	193	2376	3920	0	259362	0	-8	3973	197	3186	c770ed8ca3b110bb193718ed314162011d2ad3e69401f072f79fbd3c4c17e8a6
BigArmy.Ani	19	0x00042B2A	3186	3174	3973	3961	197	2385	3961	0	259346	0	-8	4066	215	3238	f8a682d7420797004b38d82938205734155b2bd91c8adb394e6b628ba965a997
BigArmy.Ani	20	0x0004379C	3238	3226	4066	4054	215	2334	4054	0	259332	0	-8	4082	208	3296	25dc312858b066fa4ebf66c16802e08f58f7813ea4fcda1d8ea606cda818183e
BigArmy.Ani	21	0x00044442	3296	3284	4082	4070	208	2406	4070	0	260588	0	-8	4089	212	3289	b8ad6a0d3b635114c12d8482265552f824b8031187ac7d4ce2a7fba593135a6b
BigArmy.Ani	22	0x00045122	3289	3277	4089	4077	212	2381	4077	0	261856	0	-8	4077	224	3258	8cb263c83a287aaea75b2da1a37eac00f6cf31a4871a7f73916d989772e42082
BigArmy.Ani	23	0x00045DFB	3258	3246	4077	4065	224	2273	4065	0	263126	0	-8	3775	193	3064	dbee753ab4ead16d12fc01fb365a21c5bc4188c45545642f2917a459b78faf62
BigArmy.Ani	24	0x00046AB5	3064	3052	3775	3763	193	2219	3763	0	265676	0	-8	3740	195	2989	3a9d43736bb0fa397108b22837cbd0feafb592fcdbf17b355609be16fef661ed
BigArmy.Ani	25	0x000476AD	2989	2977	3740	3728	195	2168	3728	0	268226	0	-8	3927	229	3100	88f60b13ac26d62ede543d59ec960b5279cc1cb1142aaa7941b776ba5841ba56
BigArmy.Ani	26	0x0004825A	3100	3088	3927	3915	229	2083	3915	0	270776	0	-8	3889	219	3061	f799b723859765fdb58ed043954a4a0bb4b9af3355b794c9455dfbe54f6ac5a4
BigArmy.Ani	27	0x00048E76	3061	3049	3889	3877	219	2125	3877	0	273328	0	-8	3984	210	3164	e5ac0136678e238fec4f712921f54e00beb3cfd87f439859708876b859ac65de
BigArmy.Ani	28	0x00049A6B	3164	3152	3984	3972	210	2292	3972	0	277160	0	-8	4097	267	3228	908d4b6bdc71efc04074383a1d296b596a3d56a90625105c7d27e98fb1c83777
BigArmy.Ani	29	0x0004A6C7	3228	3216	4097	4085	267	1949	4085	0	278436	0	-8	3113	263	2376	e232a670496dfd4ccde89e72b06331d9b897507311fcd2fa6b0573dd89855f26
BigArmy.Ani	30	0x0004B363	2376	2364	3113	3101	263	997	3101	0	279716	0	-8	4062	309	3130	e3f6cf92fcfee3a064e36a0d082599cc2bbd2fc4c9062ca7a6a529972b31f2ac
BigArmy.Ani	31	0x0004BCAB	3130	3118	4062	4050	309	1578	4050	0	274594	0	-8	12	0	12	e29ab4911bf4694ceb22edb2dc6da4253cfd4d7b7eedee97a8f19eae74dc53bd
BigArmy.Ani	32	0x0004C8E5	12	0	12	0	0	0	0	0	0	skipped_when_size_minus_12_is_zero	unsafe_12_byte_metadata_plus_stale_scratch_tail	12	0	12	e3b0c44298fc1c149afbf4c8996fb92427ae41e4649b934ca495991b7852b855
BigArmy.Ani	33	0x0004C8F1	12	0	12	0	0	0	0	0	0	skipped_when_size_minus_12_is_zero	unsafe_12_byte_metadata_plus_stale_scratch_tail	12	0	12	e3b0c44298fc1c149afbf4c8996fb92427ae41e4649b934ca495991b7852b855
BigArmy.Ani	34	0x0004C8FD	12	0	12	0	0	0	0	0	0	skipped_when_size_minus_12_is_zero	unsafe_12_byte_metadata_plus_stale_scratch_tail	12	0	12	e3b0c44298fc1c149afbf4c8996fb92427ae41e4649b934ca495991b7852b855
BigArmy.Ani	35	0x0004C909	12	0	12	0	0	0	0	0	0	skipped_when_size_minus_12_is_zero	unsafe_12_byte_metadata_plus_stale_scratch_tail	12	0	12	e3b0c44298fc1c149afbf4c8996fb92427ae41e4649b934ca495991b7852b855
BigArmy.Ani	36	0x0004C915	12	0	12	0	0	0	0	0	0	skipped_when_size_minus_12_is_zero	unsafe_12_byte_metadata_plus_stale_scratch_tail	12	0	12	e3b0c44298fc1c149afbf4c8996fb92427ae41e4649b934ca495991b7852b855
BigArmy.Ani	37	0x0004C921	12	0	12	0	0	0	0	0	0	skipped_when_size_minus_12_is_zero	unsafe_12_byte_metadata_plus_stale_scratch_tail	12	0	12	e3b0c44298fc1c149afbf4c8996fb92427ae41e4649b934ca495991b7852b855
BigArmy.Ani	38	0x0004C92D	12	0	12	0	0	0	0	0	0	skipped_when_size_minus_12_is_zero	unsafe_12_byte_metadata_plus_stale_scratch_tail	12	0	12	e3b0c44298fc1c149afbf4c8996fb92427ae41e4649b934ca495991b7852b855
BigArmy.Ani	39	0x0004C939	12	0	12	0	0	0	0	0	0	skipped_when_size_minus_12_is_zero	unsafe_12_byte_metadata_plus_stale_scratch_tail	12	0	12	e3b0c44298fc1c149afbf4c8996fb92427ae41e4649b934ca495991b7852b855
BigArmy.Ani	40	0x0004C945	12	0	12	0	0	0	0	0	0	skipped_when_size_minus_12_is_zero	unsafe_12_byte_metadata_plus_stale_scratch_tail	12	0	12	e3b0c44298fc1c149afbf4c8996fb92427ae41e4649b934ca495991b7852b855
BigArmy.Ani	41	0x0004C951	12	0	12	0	0	0	0	0	0	skipped_when_size_minus_12_is_zero	unsafe_12_byte_metadata_plus_stale_scratch_tail	21	1	25	e3b0c44298fc1c149afbf4c8996fb92427ae41e4649b934ca495991b7852b855
BigArmy.Ani	42	0x0004C95D	25	13	21	9	1	1	9	0	213148	0	-8	12	0	12	f5419f72a3bfa7a7152bf0951d8b1dad66f4b1730b89dd275963af713984cfd9
BigArmy.Ani	43	0x0004C976	12	0	12	0	0	0	0	0	0	skipped_when_size_minus_12_is_zero	unsafe_12_byte_metadata_plus_stale_scratch_tail	540	44	467	e3b0c44298fc1c149afbf4c8996fb92427ae41e4649b934ca495991b7852b855
BigArmy.Ani	44	0x0004C982	467	455	540	528	44	176	528	0	245116	0	-8	559	46	476	91be25db2d4a335104511223aec9b43a6ed7c23c3c4ffe87bcf2e230d31a6574
BigArmy.Ani	45	0x0004CB55	476	464	559	547	46	179	547	0	242548	0	-8	456	35	402	4592bd9b90dc8d0d983bba67dae959b0159da760fb618998dbfb18ea609cc723
BigArmy.Ani	46	0x0004CD31	402	390	456	444	35	164	444	0	239982	0	-8	560	36	472	fc72824ff4fddd606c42a1e8762257566b43a345313850e4e328d2617458595b
BigArmy.Ani	47	0x0004CEC3	472	460	560	548	36	260	548	0	232306	0	-8	456	36	379	ed5bbec32ef7d7f258898a8ce177c039f4ef0776da651feea7ee3e48e7eb7446
BigArmy.Ani	48	0x0004D09B	379	367	456	444	36	156	444	0	227194	0	-8	12	0	12	0e1d797c2e75b7e226d812401fff49d5a11b4d7c205c3e3cce9be9ddaf713443
BigArmy.Ani	49	0x0004D216	12	0	12	0	0	0	0	0	0	skipped_when_size_minus_12_is_zero	unsafe_12_byte_metadata_plus_stale_scratch_tail	12	0	12	e3b0c44298fc1c149afbf4c8996fb92427ae41e4649b934ca495991b7852b855
BigArmy.Ani	50	0x0004D222	12	0	12	0	0	0	0	0	0	skipped_when_size_minus_12_is_zero	unsafe_12_byte_metadata_plus_stale_scratch_tail	568	39	480	e3b0c44298fc1c149afbf4c8996fb92427ae41e4649b934ca495991b7852b855
BigArmy.Ani	51	0x0004D22E	480	468	568	556	39	244	556	0	227194	0	-8	459	39	408	d1125dcd8944164fcde42d573f6c00391ab5d1e84d7d2e662f1f58c2e9f78216
BigArmy.Ani	52	0x0004D40E	408	396	459	447	39	135	447	0	219500	0	-8	12	0	12	29defbeea7bae4fd44ca819541aa91af7babf30bfdbdc3f7fadde610beff1323
BigArmy.Ani	53	0x0004D5A6	12	0	12	0	0	0	0	0	0	skipped_when_size_minus_12_is_zero	unsafe_12_byte_metadata_plus_stale_scratch_tail	12	0	12	e3b0c44298fc1c149afbf4c8996fb92427ae41e4649b934ca495991b7852b855
BigArmy.Ani	54	0x0004D5B2	12	0	12	0	0	0	0	0	0	skipped_when_size_minus_12_is_zero	unsafe_12_byte_metadata_plus_stale_scratch_tail	12	0	12	e3b0c44298fc1c149afbf4c8996fb92427ae41e4649b934ca495991b7852b855
BigArmy.Ani	55	0x0004D5BE	12	0	12	0	0	0	0	0	0	skipped_when_size_minus_12_is_zero	unsafe_12_byte_metadata_plus_stale_scratch_tail	12	0	12	e3b0c44298fc1c149afbf4c8996fb92427ae41e4649b934ca495991b7852b855
BigArmy.Ani	56	0x0004D5CA	12	0	12	0	0	0	0	0	0	skipped_when_size_minus_12_is_zero	unsafe_12_byte_metadata_plus_stale_scratch_tail	1661	104	1220	e3b0c44298fc1c149afbf4c8996fb92427ae41e4649b934ca495991b7852b855
BigArmy.Ani	57	0x0004D5D6	1220	1208	1661	1649	104	817	1649	0	195840	0	-8	6336	290	4469	e0821ebc1651d03f2da520867ca753eb0ceca166a39ac51dfbb649a5682bd8a5
BigArmy.Ani	58	0x0004DA9A	4469	4457	6336	6324	290	4004	6324	0	326400	0	-8	9711	355	7489	55b0d896d448d42e906f274a85b9d7bb0347f25cdab1957ea2f374311a7c69d9
BigArmy.Ani	59	0x0004EC0F	7489	7477	9711	9699	355	6859	9699	0	337886	0	-8	12157	403	8750	1bc54ed529bfdbfe875e65476ee5f40b56001a1be2385314f06d82359465ee82
BigArmy.Ani	60	0x00050950	8750	8738	12157	12145	403	8921	12145	0	349364	0	-8	14501	492	10061	428b72acbc9d10d6e4631bf4e478fcdfa584aa66d45e43a5e6f02c7d9f9dc1dc
BigArmy.Ani	61	0x00052B7E	10061	10049	14501	14489	492	10553	14489	0	360842	0	-8	19173	714	13294	00726004f118663e2a9acae77b39b00f79c0abbc4dcaef6f9fc50c7069359af4
BigArmy.Ani	62	0x000552CB	13294	13282	19173	19161	714	13449	19161	0	372320	0	-8	22862	793	15516	69379bc49e0102065b9087fd4fec6ff402bb2cb3faed987f28ca5a7e0c1310ac
BigArmy.Ani	63	0x000586B9	15516	15504	22862	22850	793	16506	22850	0	385078	0	-8	27148	893	17763	bef79233d42eec76bb28411ccd8a3bf000e786658bff4630b38ae659b539b1c7
BigArmy.Ani	64	0x0005C355	17763	17751	27148	27136	893	19992	27136	0	488960	0	-8	29436	970	19681	61980bfe26b137dd5975a546a0c203d2016310d09083e177e2cd554a6e0eb031
BigArmy.Ani	65	0x000608B8	19681	19669	29436	29424	970	21664	29424	0	501724	0	-8	35467	1232	22695	1bd3b4607ccd42865a974d60d304b11313dc967eeceff31f64a015b653405161
BigArmy.Ani	66	0x00065599	22695	22683	35467	35455	1232	25599	35455	0	514478	0	-8	39919	1386	26029	0ce06984a59441c69093b32ef9ae17ad48b0b47433e92d2b798c3225f6571c8b
BigArmy.Ani	67	0x0006AE40	26029	26017	39919	39907	1386	28819	39907	0	528512	0	-8	46282	1567	28439	968b47b2db3bdc9895e30094b9bdb9837af83e446ebc153738ede749d12cde14
BigArmy.Ani	68	0x000713ED	28439	28427	46282	46270	1567	33734	46270	0	541266	0	-8	52138	1728	32671	62cddf0823092600c024df330a679f9576de0784e6dbba529e7fcfb020e93977
BigArmy.Ani	69	0x00078304	32671	32659	52138	52126	1728	38302	52126	0	546358	0	-8	56493	1887	35705	b9f041828728fb50bfdab30d902de332cd54c1b4c44675ed19cc238218ae7b27
BigArmy.Ani	70	0x000802A3	35705	35693	56493	56481	1887	41385	56481	0	546358	0	-8	59146	1968	37705	cca4a40034cbd528e55c1ec596bd305ec54f0aee1e1b8e3bff82bc952f334309
BigArmy.Ani	71	0x00088E1C	37705	37693	59146	59134	1968	43390	59134	0	546302	0	-8	62368	2048	39085	4445533390997b48434e181ac3b229ff54c3cb99cea0a16e7971cff0f1427de6
BigArmy.Ani	72	0x00092165	39085	39073	62368	62356	2048	45972	62356	0	546254	0	-8	68760	2337	43909	ed3ac4ec3b3aede820625e465e26e85c67837d8e4297473cbcea7d97d5b27515
BigArmy.Ani	73	0x0009BA12	43909	43897	68760	68748	2337	50052	68748	0	546352	0	-8	73314	2464	46293	a393e034cad3a0f0aa03ae471da40e76fcbd4d72f5123aba0f2e273bd3405746
BigArmy.Ani	74	0x000A6597	46293	46281	73314	73302	2464	53590	73302	0	546352	0	-8	75065	2472	48350	686432f9bd0ea94254aaad39d94d2ca1ff8eabca587b041fd10668a9c490144c
BigArmy.Ani	75	0x000B1A6C	48350	48338	75065	75053	2472	55277	75053	0	546298	0	-8	77670	2540	48581	0eedeb8277a8a3f773865082e8b4cfe166332d4a0e813b8178179224cbc6cdfb
BigArmy.Ani	76	0x000BD74A	48581	48569	77670	77658	2540	57338	77658	0	546260	0	-8	82186	2715	51794	f4555051015a0bd39d55b02138cfc8e1752b7f2752cde09c1f370a3c17374ae1
BigArmy.Ani	77	0x000C950F	51794	51782	82186	82174	2715	60454	82174	0	546226	0	-8	88012	3008	55912	320bb671a6053c27ed265f356417e67839e32e17aef21d776268486f5311b73e
BigArmy.Ani	78	0x000D5F61	55912	55900	88012	88000	3008	63936	88000	0	546370	0	-8	91118	3026	57894	4a259937ebab2f4929edb109b608b31fe590bf83c694cd2e0a9e63255093c666
BigArmy.Ani	79	0x000E39C9	57894	57882	91118	91106	3026	66898	91106	0	546370	0	-8	90917	2927	58011	9ccd35b272878f5fd19e935713839884f275a4111102661bbbd8d27eacd27b90
BigArmy.Ani	80	0x000F1BEF	58011	57999	90917	90905	2927	67489	90905	0	546320	0	-8	92483	3057	59246	2519e97d34e7c7b0d2c3bbb5d4ba0a9ed0fe62effe6711faab7e3490a74ba07d
BigArmy.Ani	81	0x000FFE8A	59246	59234	92483	92471	3057	68015	92471	0	546272	0	-8	96078	3269	60486	1558a489f9bdff26a05d620c8fc618415e9d504ed3be43b70db402477e659fa5
BigArmy.Ani	82	0x0010E5F8	60486	60474	96078	96066	3269	69914	96066	0	546408	0	-8	96637	3239	62211	2d21529ec5fec176b884ac93827e6b244660d12c419aa2ce6baa7648baf53f7b
BigArmy.Ani	83	0x0011D23E	62211	62199	96637	96625	3239	70713	96625	0	546408	0	-8	95333	3129	60691	491bc7fabbf74dc1c895428d1f906ab402c170a8ea32bc873b888181c893aba8
BigArmy.Ani	84	0x0012C541	60691	60679	95333	95321	3129	70289	95321	0	546352	0	-8	94568	3138	60804	e91b8a95c3c48a2cf081a6375fd1101a1e95ec1636c03cf74d87f7061d3f0204
BigArmy.Ani	85	0x0013B254	60804	60792	94568	94556	3138	69452	94556	0	546308	0	-8	96761	3283	62125	f32362e85d0261a50a9d7cbb41e514a669f0778667b451930e74b332726ab957
BigArmy.Ani	86	0x00149FD8	62125	62113	96761	96749	3283	70485	96749	0	546258	0	-8	98748	3331	63376	42c37475ee4521ce3ccb32153a65ec93c3179985fc8959a8598500978e60ef42
BigArmy.Ani	87	0x00159285	63376	63364	98748	98736	3331	72088	98736	0	546210	0	-8	99587	3324	63865	b79ce9b561d9b6f1ba5340b660230083ddc8b5b7f4ee8632e6d0d468a60c5767
BigArmy.Ani	88	0x00168A15	63865	63853	99587	99575	3324	72983	99575	0	546156	0	-8	100460	3347	63979	0c7ca7af5aaba0ac3e29db725202730e1fabaffadfc74173428d415620d888ab
BigArmy.Ani	89	0x0017838E	63979	63967	100460	100448	3347	73672	100448	0	546108	0	-8	102080	3394	64785	5351553fc368f9a60df2815687c4c77d269baeca6d277d3b61aba632ef88735a
BigArmy.Ani	90	0x00187D79	64785	64773	102080	102068	3394	74916	102068	0	546382	0	-8	103376	3412	65394	7223bf5dd2e80ecf315cdc19ad03474769e0c57f1a426064db75be712678683b
BigArmy.Ani	91	0x00197A8A	65394	65382	103376	103364	3412	76068	103364	0	546382	0	-8	103566	3442	66136	86c332ee161df346b85b36f5037d2a94d02e70a6d41d1ca346a52f0e777388ab
BigArmy.Ani	92	0x001A79FC	66136	66124	103566	103554	3442	76018	103554	0	546332	0	-8	103893	3455	65606	72e706a31c0f4c7f1153980598483eb4ec93ed923dbeb4f7e166aa6227ca9233
BigArmy.Ani	93	0x001B7C54	65606	65594	103893	103881	3455	76241	103881	0	546284	0	-8	105336	3517	66822	0a8db18ab5cac80a9a8798b2f6a7a9a3382787e8c1d362cfa2da8710ece809f2
BigArmy.Ani	94	0x001C7C9A	66822	66810	105336	105324	3517	77188	105324	0	546240	0	-8	104935	3516	67418	c4136208602372ac610aeb12851dd7977e80369be4e1ab61190b6fb654bb12e9
BigArmy.Ani	95	0x001D81A0	67418	67406	104935	104923	3516	76795	104923	0	546278	0	-8	101700	3331	65051	acbf1acacdd55181ac30c8af2884c57272942354504cddef058fce71fcd880ba
BigArmy.Ani	96	0x001E88FA	65051	65039	101700	101688	3331	75040	101688	0	546278	0	-8	100175	3335	64639	09779136f6760f0f54bf93d0696b54f9121e7febf69255a15fe47b45c9438ecf
BigArmy.Ani	97	0x001F8715	64639	64627	100175	100163	3335	73483	100163	0	546214	0	-8	99760	3247	63193	c3d1be5d2a968283d6c2c62615aa375c8f462791d0c0e501f2851ce1507cbcb3
BigArmy.Ani	98	0x00208394	63193	63181	99760	99748	3247	73772	99748	0	546362	0	-8	99675	3184	64136	09e37c23edee45728a5c68fa989921fd79427ca39c79fc215e2fe07a526ecf0e
BigArmy.Ani	99	0x00217A6D	64136	64124	99675	99663	3184	74191	99663	0	546362	0	-8	97407	3131	61804	6cb1ab5059ea280e89c7f62e5c816b92f46ed2e67277360247bf92f3a8cc5d68
BigArmy.Ani	100	0x002274F5	61804	61792	97407	97395	3131	72347	97395	0	546320	0	-8	93899	2977	60659	e3d818a92b6b39493615f95f2850490c315b525bd96389f3489541353991913f
BigArmy.Ani	101	0x00236661	60659	60647	93899	93887	2977	70071	93887	0	546262	0	-8	89957	2862	58241	d752d9db15f4623abc6a209f3d0a3bc4f7be2b8ee7ca0ead5ad74b24f09a9969
BigArmy.Ani	102	0x00245354	58241	58229	89957	89945	2862	67049	89945	0	546230	0	-8	89475	2892	57125	19497042f28f7c745d07aac534ed053f209228a4ce9914e19a34d64857f55651
BigArmy.Ani	103	0x002536D5	57125	57113	89475	89463	2892	66327	89463	0	546164	0	-8	92621	3066	59117	cb85ced9ef8402ff5c54a1a68286e23827b4e26f3692cf178f0d2d04c1ed0308
BigArmy.Ani	104	0x002615FA	59117	59105	92621	92609	3066	68081	92609	0	546378	0	-8	96015	3170	61272	5824a6d54c9d6b7b53f6742e275b492cb8d00d6f7121e847bbd7fbc3f9595191
BigArmy.Ani	105	0x0026FCE7	61272	61260	96015	96003	3170	70643	96003	0	546378	0	-8	94957	3005	60781	c50ac7a4c48e918f5c927d945cc4f97aff64d95593ad25cbdacd98e2c75db410
BigArmy.Ani	106	0x0027EC3F	60781	60769	94957	94945	3005	70905	94945	0	546348	0	-8	95343	3075	60947	a5029fd075b08a4f923111d3c283eeeac2939323400ebd6b6efa427f2087ec7d
BigArmy.Ani	107	0x0028D9AC	60947	60935	95343	95331	3075	70731	95331	0	546310	0	-8	97784	3179	61426	a6ff5038608fdc49b65d5d873d5a075bcb41ba79f3a8cddbc0cee052254cca21
BigArmy.Ani	108	0x0029C7BF	61426	61414	97784	97772	3179	72340	97772	0	546280	0	-8	101286	3301	64487	443ec86ccc0e61d677ec62faab3f8cbfde327da21dae6c5aaf2a0b5aa3669650
BigArmy.Ani	109	0x002AB7B1	64487	64475	101286	101274	3301	74866	101274	0	546240	0	-8	99896	3198	63847	1a52a0154f786891ab1b40dffe2dd4e8938510556a09d29babadcaa9d0600b4d
BigArmy.Ani	110	0x002BB398	63847	63835	99896	99884	3198	74300	99884	0	546330	0	-8	95993	3047	61884	b0ab07d1c83e53df828194360151091f4e920a2681084338d62a0bfacc543dd9
BigArmy.Ani	111	0x002CACFF	61884	61872	95993	95981	3047	71605	95981	0	546330	0	-8	95364	3150	60836	87b15c7b523aa2ed63af609e8e5c16a9cf8631986d9c22f7fdb2e2e3defd850a
BigArmy.Ani	112	0x002D9EBB	60836	60824	95364	95352	3150	70152	95352	0	546274	0	-8	95480	3102	60772	679b89dab2e5e25a5ffeffd0b467afb3e73194327e81ef1414d5ca1516538a7d
BigArmy.Ani	113	0x002E8C5F	60772	60760	95480	95468	3102	70652	95468	0	546238	0	-8	95753	3071	61337	3274d20798705f87e8609468561c4ecde6ad61b8e67d44790bc52881ba019b97
BigArmy.Ani	114	0x002F79C3	61337	61325	95753	95741	3071	71173	95741	0	546280	0	-8	95828	3092	61234	3d74aee2b336203ef49b738ad6c83d0faa3f29570d96023e840ffb207b9fbf84
BigArmy.Ani	115	0x0030695C	61234	61222	95828	95816	3092	71080	95816	0	546280	0	-8	98466	3194	63025	0e4fdd63518f45ce4cd3353158a93e144a6f0d038929f6d4d5bfd94312068688
BigArmy.Ani	116	0x0031588E	63025	63013	98466	98454	3194	72902	98454	0	546230	0	-8	99949	3232	63869	418352bd2256b879d671f905c5f0333d381cd43c984162e1c73852397b8e72e1
BigArmy.Ani	117	0x00324EBF	63869	63857	99949	99937	3232	74081	99937	0	546374	0	-8	99595	3100	63517	44d0c7a0a77372808e911028aeb121f46feaab6422b1406e6fe2df8a14cb06fd
BigArmy.Ani	118	0x0033483C	63517	63505	99595	99583	3100	74783	99583	0	546374	0	-8	98271	3116	62858	fdba01f53bd14e220d268943e56f52f850d579c1b656479c4b8000cf37d5aca7
BigArmy.Ani	119	0x00344059	62858	62846	98271	98259	3116	73331	98259	0	546322	0	-8	99241	3220	62974	34cce846ac5a6321333bec56a894f4f03c48854e9adc1ecbf3d6d1520f7514d1
BigArmy.Ani	120	0x003535E3	62974	62962	99241	99229	3220	73469	99229	0	546422	0	-8	97741	3099	62505	6b098c671e46603518fd7719be0b285a8930091a57ca2256b52b8765e22e37ba
BigArmy.Ani	121	0x00362BE1	62505	62493	97741	97729	3099	72937	97729	0	546422	0	-8	97249	3131	62080	1a41f74783b9fd6260179cec5fa5c1be6e4a0cc090fdfe57f99fcd5363d174f6
BigArmy.Ani	122	0x0037200A	62080	62068	97249	97237	3131	72189	97237	0	546398	0	-8	96851	3116	61680	a985aad4e1451ab33cdfe551ef931ed82fd984752bddcc7b11c906c85c050c0f
BigArmy.Ani	123	0x0038128A	61680	61668	96851	96839	3116	71911	96839	0	546354	0	-8	96349	3068	61284	03b9a8537794ca5e612c013ae3860027110aa14f1d803f55f6b882fa7c217064
BigArmy.Ani	124	0x0039037A	61284	61272	96349	96337	3068	71793	96337	0	546310	0	-8	96194	3055	61467	484b925ff0a8484fd0ba3702b34d05a57d95ccaadb20263763a4edf5eed2e1dc
BigArmy.Ani	125	0x0039F2DE	61467	61455	96194	96182	3055	71742	96182	0	546286	0	-8	95675	3029	60246	b6a851251ce3e0dd35bc2cc6cb1cf9bb8fcc95600685ce644cbe10dec6109dd3
BigArmy.Ani	126	0x003AE2F9	60246	60234	95675	95663	3029	71431	95663	0	546310	0	-8	95460	3123	61813	d2af812cdf7d79812235511762baa7b198760ca6aff0f4ea4e378ef2583e8129
BigArmy.Ani	127	0x003BCE4F	61813	61801	95460	95448	3123	70464	95448	0	546522	0	-8	95185	3148	60903	c6721b2b4dd03d8c7ae5aa2dd1881b4d4f9bdcc25828810061f763c0a5e80044
BigArmy.Ani	128	0x003CBFC4	60903	60891	95185	95173	3148	69989	95173	0	546522	0	-8	95080	3073	60389	8b057e774b1a925cbe517fbea38c66633af0a06d9af24bcd093f6232725567e5
BigArmy.Ani	129	0x003DADAB	60389	60377	95080	95068	3073	70484	95068	0	546476	0	-8	94631	3025	60305	bf657700865397f4e22b8fe3af362cd4b842b65c007b6e6dd56a3830b800a69d
BigArmy.Ani	130	0x003E9990	60305	60293	94631	94619	3025	70419	94619	0	546444	0	-8	94215	3056	60272	a90dfd56d4d7c682aa188576893caf990cbedfd25cbeef735e4faf03c91c49a4
BigArmy.Ani	131	0x003F8521	60272	60260	94215	94203	3056	69755	94203	0	546414	0	-8	92998	2973	58951	62b4fad77d9ad68ef654f7ec37b0e49e28a170b67956d16308066ca5727bdde1
BigArmy.Ani	132	0x00407091	58951	58939	92998	92986	2973	69202	92986	0	546388	0	-8	90536	2858	58209	b55e495b06e350672d15208eab668033457b5ce66047660a90ee1f747e523c98
BigArmy.Ani	133	0x004156D8	58209	58197	90536	90524	2858	67660	90524	0	546340	0	-8	90039	2930	57763	6ea25b80d37b47677c671af9d1bae2d96e3ce36ce2a4e97c2414debc0d344a43
BigArmy.Ani	134	0x00423A39	57763	57751	90039	90027	2930	66587	90027	0	546302	0	-8	91265	2987	57812	c8e679518e5915f620b52775364398287b8b6082291f4ccee7ec6868c96ffcfe
BigArmy.Ani	135	0x00431BDC	57812	57800	91265	91253	2987	67357	91253	0	546268	0	-8	90972	2900	58350	a7dbde08e0ce5d1ce01dd89578c412740939c7478f77213f64598e2b7be47f9e
BigArmy.Ani	136	0x0043FDB0	58350	58338	90972	90960	2900	67760	90960	0	546366	0	-8	90457	2911	57581	8f116e7a9a310fed3d672a6567d07861853cc3ffa7a8af0fd519e9c7df2027ed
BigArmy.Ani	137	0x0044E19E	57581	57569	90457	90445	2911	67157	90445	0	546366	0	-8	89028	2799	56300	e69e90d44d751ff1c6caa452fa93548f0ead3bcf407fe6dd441d73ecd6c248da
BigArmy.Ani	138	0x0045C28B	56300	56288	89028	89016	2799	66624	89016	0	546312	0	-8	85704	2634	54846	fc5822ddcd83332a2d794d9cdeb6154c889b5b21fb653c7ddfb7d8a5ffdd9cfb
BigArmy.Ani	139	0x00469E77	54846	54834	85704	85692	2634	64620	85692	0	546446	0	-8	82509	2575	52894	1351cf0f141309d325cc6f63b820b252d7976af6530aba80057376e582a4f3f7
BigArmy.Ani	140	0x004774B5	52894	52882	82509	82497	2575	61897	82497	0	546446	0	-8	81179	2572	51510	16c51a6459ae4d9f90a05f7c98494c8dfdb4c2558eb6550e0341a88f852c6f7c
BigArmy.Ani	141	0x00484353	51510	51498	81179	81167	2572	60591	81167	0	546406	0	-8	79224	2479	50794	0fe803eb6cd0ecfb7982091a700fe309c7d2a3f77baadd89baa4a5b4dd402ac4
BigArmy.Ani	142	0x00490C89	50794	50782	79224	79212	2479	59380	79212	0	546374	0	-8	74800	2304	48071	0198e7f19305445d3a96b37ff8802470e354e871e55cee2887a814747dc77aa3
BigArmy.Ani	143	0x0049D2F3	48071	48059	74800	74788	2304	56356	74788	0	546340	0	-8	70160	2186	45650	b2e657ac58cafd9eddbb071a1aca9159c96910ca61b7eb9a76e8f85e9baf5d87
BigArmy.Ani	144	0x004A8EBA	45650	45638	70160	70148	2186	52660	70148	0	546296	0	-8	66043	2115	43503	f883626d7e2dbfe81e051895dcfc5f26a7983b1b1e419fd6ece1512e78b5289a
BigArmy.Ani	145	0x004B410C	43503	43491	66043	66031	2115	49111	66031	0	546250	0	-8	61723	1946	40432	7d1a91739ae0688c1b25c7ee15e2b85bd63f1aea3ee3033fb7351c2fb29652a5
BigArmy.Ani	146	0x004BEAFB	40432	40420	61723	61711	1946	46143	61711	0	546214	0	-8	57645	1791	37691	a26597e48eebdc40ca8fcc1422ae5f9d5d19500c6126364d7dac04fbc74cb69c
BigArmy.Ani	147	0x004C88EB	37691	37679	57645	57633	1791	43305	57633	0	546170	0	-8	54979	1751	36269	3fbd4334cefb60f28679ebc423e67d1eeb275348e92497583ddbcbca496874ed
BigArmy.Ani	148	0x004D1C26	36269	36257	54979	54967	1751	40959	54967	0	546120	0	-8	52593	1722	34638	53aeb40948a1791a88600bf540b215c52cc9f8987b35234da7324bc6d117aa5d
BigArmy.Ani	149	0x004DA9D3	34638	34626	52593	52581	1722	38805	52581	0	545986	0	-8	49353	1560	32303	02c5f012ac50c71372a9ddbc9bf1c079202f57d34aac11195fb5c625a47454ca
BigArmy.Ani	150	0x004E3121	32303	32291	49353	49341	1560	36861	49341	0	545964	0	-8	44908	1423	30536	b116514dcfb1a4c21d069c6125173b15bb3b525292c1ca4f6a401b579cc97357
BigArmy.Ani	151	0x004EAF50	30536	30524	44908	44896	1423	33512	44896	0	545910	0	-8	40434	1329	26982	7375b203a70d3fe924838cc235607ae73876114aff00cf1b779d25b067b50f78
BigArmy.Ani	152	0x004F2698	26982	26970	40434	40422	1329	29790	40422	0	545860	0	-8	37389	1224	25075	de8e9beccbb4ff3b716c70a77c1f93f15eba9a0cd30756d078616365791a0cb7
BigArmy.Ani	153	0x004F8FFE	25075	25063	37389	37377	1224	27585	37377	0	545814	0	-8	34309	1099	23610	0f6a985dc2c721ed2c5bb4f541e081469364834569d82c25771de95c2589b0f0
BigArmy.Ani	154	0x004FF1F1	23610	23598	34309	34297	1099	25505	34297	0	545994	0	-8	30317	974	20965	fab7e3b33e85473899d7d8bd6a37b49c57cb12b95ddd0ff1f6b53a2f82d67abd
BigArmy.Ani	155	0x00504E2B	20965	20953	30317	30305	974	22513	30305	0	545994	0	-8	26039	849	18466	58f9220e99c4b1bf19c6207b5c9a3750dc90e40f7dc861fcb407598265a7553a
BigArmy.Ani	156	0x0050A010	18466	18454	26039	26027	849	19235	26027	0	545940	0	-8	21938	765	15944	acdb0cadd395d3fcef0e2488f0aa9a936e6631d52aeeda75c8459a263ec23fca
BigArmy.Ani	157	0x0050E832	15944	15932	21938	21926	765	15806	21926	0	545920	0	-8	17456	588	12775	8f45bbe2d1bf9c8e9b8e0310660fd3c1eeff7bace6f492392a46ddc9de8bf114
BigArmy.Ani	158	0x0051267A	12775	12763	17456	17444	588	12740	17444	0	545862	0	-8	14049	483	10897	fee9588fbf24b5f9cd091f70feb1f84e420743b532c829b08317e30d0d259146
BigArmy.Ani	159	0x00515861	10897	10885	14049	14037	483	10173	14037	0	545814	0	-8	10922	368	8593	772d9bdec309a42d1a46565e1397f3ee52b7b8e77df095a9280adee6ed491060
BigArmy.Ani	160	0x005182F2	8593	8581	10922	10910	368	7966	10910	0	545768	0	-8	9545	305	7296	7c2c9a948ab205ff83cb8f2248ca7b2a0b49f064e8ead3be37bfc4d68bd62f84
BigArmy.Ani	161	0x0051A483	7296	7284	9545	9533	305	7093	9533	0	545714	0	-8	9067	297	7088	34d635b8964d6aeb5a119cce1daef2bdc8a18af065de603bc6502ef895f3611c
BigArmy.Ani	162	0x0051C103	7088	7076	9067	9055	297	6679	9055	0	545518	0	-8	7332	261	6179	d006925966ecf310057d28d602e404c0ca75565a09589e41ec1096dd15601f81
BigArmy.Ani	163	0x0051DCB3	6179	6167	7332	7320	261	5232	7320	0	545490	0	-8	4178	168	3734	88c54c49d129226ab1e00e1ca09ee6ab8718f6d1b0b4001ee4f49195fa191d19
BigArmy.Ani	164	0x0051F4D6	3734	3722	4178	4166	168	2822	4166	0	545444	0	-8	1762	64	1609	650ff117f41683295980f0669f30c10f7fbf1b35f0f4da949a4c9d248fd0ccbb
BigArmy.Ani	165	0x0052036C	1609	1597	1762	1750	64	1238	1750	0	545392	0	-8	984	47	913	105dc1c65933cb04b784f042548f9a28dd167ba670d8771b6948f2df2ebe10c4
BigArmy.Ani	166	0x005209B5	913	901	984	972	47	596	972	0	545344	0	-8	222	16	202	b4bab47225eae1c366b48341f19c973782b7109809898788445aa3ca05f5bc45
BigArmy.Ani	167	0x00520D46	202	190	222	210	16	82	210	0	545296	0	-8	12	0	12	9efde0ff78c06dc3e249021bc226d1d017e7936b4602a7a7746fcce8652bfdfc
BigArmy.Ani	168	0x00520E10	12	0	12	0	0	0	0	0	0	skipped_when_size_minus_12_is_zero	unsafe_12_byte_metadata_plus_stale_scratch_tail	12	0	12	e3b0c44298fc1c149afbf4c8996fb92427ae41e4649b934ca495991b7852b855
BigArmy.Ani	169	0x00520E1C	12	0	12	0	0	0	0	0	0	skipped_when_size_minus_12_is_zero	unsafe_12_byte_metadata_plus_stale_scratch_tail	12	0	12	e3b0c44298fc1c149afbf4c8996fb92427ae41e4649b934ca495991b7852b855
BigArmy.Ani	170	0x00520E28	12	0	12	0	0	0	0	0	0	skipped_when_size_minus_12_is_zero	unsafe_12_byte_metadata_plus_stale_scratch_tail	12	0	12	e3b0c44298fc1c149afbf4c8996fb92427ae41e4649b934ca495991b7852b855
BigArmy.Ani	171	0x00520E34	12	0	12	0	0	0	0	0	0	skipped_when_size_minus_12_is_zero	unsafe_12_byte_metadata_plus_stale_scratch_tail	12	0	12	e3b0c44298fc1c149afbf4c8996fb92427ae41e4649b934ca495991b7852b855
BigArmy.Ani	172	0x00520E40	12	0	12	0	0	0	0	0	0	skipped_when_size_minus_12_is_zero	unsafe_12_byte_metadata_plus_stale_scratch_tail	12	0	12	e3b0c44298fc1c149afbf4c8996fb92427ae41e4649b934ca495991b7852b855
BigArmy.Ani	173	0x00520E4C	12	0	12	0	0	0	0	0	0	skipped_when_size_minus_12_is_zero	unsafe_12_byte_metadata_plus_stale_scratch_tail	12	0	12	e3b0c44298fc1c149afbf4c8996fb92427ae41e4649b934ca495991b7852b855
BigArmy.Ani	174	0x00520E58	12	0	12	0	0	0	0	0	0	skipped_when_size_minus_12_is_zero	unsafe_12_byte_metadata_plus_stale_scratch_tail	12	0	12	e3b0c44298fc1c149afbf4c8996fb92427ae41e4649b934ca495991b7852b855
BigArmy.Ani	175	0x00520E64	12	0	12	0	0	0	0	0	0	skipped_when_size_minus_12_is_zero	unsafe_12_byte_metadata_plus_stale_scratch_tail	12	0	12	e3b0c44298fc1c149afbf4c8996fb92427ae41e4649b934ca495991b7852b855
BigArmy.Ani	176	0x00520E70	12	0	12	0	0	0	0	0	0	skipped_when_size_minus_12_is_zero	unsafe_12_byte_metadata_plus_stale_scratch_tail	0	117463967	1118719	e3b0c44298fc1c149afbf4c8996fb92427ae41e4649b934ca495991b7852b855
ChaosWar.Ani	1	0x00000024	250455	250443	307220	307208	1	307200	307208	0	614400	0	-8	130595	8471	89311	3c0c1fa622b1fff442205f0cf824f9341d91b220f670b8afe19e6e10ac155d9c
ChaosWar.Ani	2	0x0003D27B	89311	89299	130595	130583	8471	62815	130583	0	613672	0	-8	112931	8403	76956	0ab6cb567e7690f7759b32bcddf1708bba674c64b4515d2af8caec32eb1cbb82
ChaosWar.Ani	3	0x00052F5A	76956	76944	112931	112919	8403	45695	112919	0	613648	0	-8	61243	4566	42671	fb0c78cf93c990463d4f8da705bc7eb11b1b903893312d58ea9aa36d6dd92f17
ChaosWar.Ani	4	0x00065BF6	42671	42659	61243	61231	4566	24703	61231	0	613648	0	-8	119369	7109	81163	2d7e43ef3d5d3e87af909d840e0024158e5c163b085211a7dcecabe4bb07418d
ChaosWar.Ani	5	0x000702A5	81163	81151	119369	119357	7109	62485	119357	0	613672	0	-8	128070	7960	88650	a6810ceaad8273a2df00d38d07ac081d7cf6fc46cdd2779b1d11723ad65125eb
ChaosWar.Ani	6	0x00083FB0	88650	88638	128070	128058	7960	64378	128058	0	613672	0	-8	134040	9462	92441	24f8eeb51c2a95986e8ed870fbe8275c389a67f1636eff1ca0a088996d6ebf25
ChaosWar.Ani	7	0x000999FA	92441	92429	134040	134028	9462	58332	134028	0	613648	0	-8	77628	5693	53883	0e195f804d525174f425f47cb67947957189c06c9f7ef5abf3721bacebcea3b2
ChaosWar.Ani	8	0x000B0313	53883	53871	77628	77616	5693	32072	77616	0	613648	0	-8	100170	6328	69134	6d0145d1338960190928ef12142b5ff68b7a2be530da36674b465d29556e7c53
ChaosWar.Ani	9	0x000BD58E	69134	69122	100170	100158	6328	49534	100158	0	613672	0	-8	106253	6666	73221	6582f7eed763ffdc0249fa9d2d358a80011b6565a25ef89dba2ac372a6289259
ChaosWar.Ani	10	0x000CE39C	73221	73209	106253	106241	6666	52913	106241	0	613672	0	-8	140001	9310	96958	c6b0d0d2015b746b06a46523b563b67ac7e3c628eec840b191c350a039642d08
ChaosWar.Ani	11	0x000E01A1	96958	96946	140001	139989	9310	65509	139989	0	613648	0	-8	103427	7100	71880	13bce12ddefbf672680fbfffdaa84741126c6f6491a8894c71c46cdc652a32c0
ChaosWar.Ani	12	0x000F7C5F	71880	71868	103427	103415	7100	46615	103415	0	613648	0	-8	116967	7684	81325	aba70fcd420523316947cca70494f75d0ff2051d374d40c2ab69b5f8562ff122
ChaosWar.Ani	13	0x00109527	81325	81313	116967	116955	7684	55483	116955	0	613672	0	-8	70558	4828	47820	49539c3a448c1b7660127fa4b644716a0ec48295186e2dff2fbea24bc8427b20
ChaosWar.Ani	14	0x0011D2D4	47820	47808	70558	70546	4828	31922	70546	0	613672	0	-8	94675	6208	64361	53e5c53b37b884865f9d3d87d23b747507e7fb1a130f75ff4b4c763b02823fe7
ChaosWar.Ani	15	0x00128DA0	64361	64349	94675	94663	6208	44999	94663	0	613648	0	-8	95216	6033	65638	156952a37cd2a2646d66f3e937b697036f2904b335efa8cd86666b1a5f559a60
ChaosWar.Ani	16	0x00138909	65638	65626	95216	95204	6033	46940	95204	0	613648	0	-8	122299	7891	85465	e46aef8488b99d35d64947cfe8209c3e76683ed6bc984979945013bffd7b82de
ChaosWar.Ani	17	0x0014896F	85465	85453	122299	122287	7891	59159	122287	0	613672	0	-8	87012	6150	59074	49cc86f8a662e9611ad0f75d60e02d77556028ec00f6ce522e1acd2eca4b37ff
ChaosWar.Ani	18	0x0015D748	59074	59062	87012	87000	6150	37800	87000	0	613672	0	-8	80072	5710	54486	9bb40ba3e93cfb903f4c7d768591a04428cbc7ebd0e5f20686153570c9711d42
ChaosWar.Ani	19	0x0016BE0A	54486	54474	80072	80060	5710	34380	80060	0	613648	0	-8	93457	5763	65212	70213505b35daca111534c39af247b57f28257718a23443ba1c81f9ffe2cb4e6
ChaosWar.Ani	20	0x001792E0	65212	65200	93457	93445	5763	47341	93445	0	613648	0	-8	145097	8861	100695	fbdbf0fd7f477a4e642155460cc3033aaa4d7aa499bd862b4e80682dba622205
ChaosWar.Ani	21	0x0018919C	100695	100683	145097	145085	8861	74197	145085	0	613672	0	-8	125277	8694	86140	6d2969e2558275f73637f6c9cf0e7ddf2f3d1add424ff159b9f4a4179256b341
ChaosWar.Ani	22	0x001A1AF3	86140	86128	125277	125265	8694	55713	125265	0	613672	0	-8	87827	6648	59673	c2cb517c979aa9a033855d1b7d00767ed1411083a0915937afca3066ff1b5b9c
ChaosWar.Ani	23	0x001B6B6F	59673	59661	87827	87815	6648	34631	87815	0	613648	0	-8	74365	4916	51389	0be00b64b0378f20a639192b342a9ce77aca6cebc24a9e59aba609310b6f2047
ChaosWar.Ani	24	0x001C5488	51389	51377	74365	74353	4916	35025	74353	0	613648	0	-8	128808	7690	88750	03e687ae4e3d1e55a7d4d890b6c72f8a8ca49470f848d6733e6faa767ea9e193
ChaosWar.Ani	25	0x001D1D45	88750	88738	128808	128796	7690	67276	128796	0	613672	0	-8	137472	8978	95227	65c139519e1e9428745ebffad21fe4d0437f089903418c0d3eb9648671c00d15
ChaosWar.Ani	26	0x001E77F3	95227	95215	137472	137460	8978	65636	137460	0	613672	0	-8	117004	8462	79998	7158a6fb6ead9593789f218f747313e7a224b2ae673c06d5ddf4d7ef332bd67a
ChaosWar.Ani	27	0x001FEBEE	79998	79986	117004	116992	8462	49296	116992	0	613648	0	-8	85941	5885	59855	28030dfb4b516800678064c9697b68099fa3d07bfc8d150901b228cc5544d446
ChaosWar.Ani	28	0x0021246C	59855	59843	85941	85929	5885	38849	85929	0	613648	0	-8	109033	6778	75849	5e0bf8f02480e621a9b27128985e866fdca609d41702190bf7fad43fad0612eb
ChaosWar.Ani	29	0x00220E3B	75849	75837	109033	109021	6778	54797	109021	0	613672	0	-8	120846	7940	83430	85a3a50d7ce63ce00dbc817682b0bb032615480813f6aa3c144fba82fb811933
ChaosWar.Ani	30	0x00233684	83430	83418	120846	120834	7940	57314	120834	0	613672	0	-8	123036	8459	84583	c98e427c4c7b751c159bfb509a372bf497accd9cc99f96205103c313b756a042
ChaosWar.Ani	31	0x00247C6A	84583	84571	123036	123024	8459	55352	123024	0	613648	0	-8	0	117463967	1118719	86ce69fff30764d9e481f6a080d761e8c34da78d9f2bb151fda0b4c3db518e01
GetSword.Ani	1	0x00000024	136300	136288	307220	307208	1	307200	307208	0	614400	0	-8	387	32	326	cec9deec5918336d00309f9707fea86cfda5e15693115ae995e74564d7eec7b6
GetSword.Ani	2	0x00021490	326	314	387	375	32	119	375	0	320626	0	-8	336	27	281	f68cb6eeddbb61f8d2545a02781aefca0b581b3cce8ce6f98275d021c63bf89e
GetSword.Ani	3	0x000215D6	281	269	336	324	27	108	324	0	311672	0	-8	249	20	234	365acb7be4f7ee2a5ac5873187d0a50c6be32172f7b25aa26f0d26f927051a90
GetSword.Ani	4	0x000216EF	234	222	249	237	20	77	237	0	305276	0	-8	334	27	284	c0b80f46ce1716fdc50dac32f6686816e8a51b395b37c5391f147586d9bbca14
GetSword.Ani	5	0x000217D9	284	272	334	322	27	106	322	0	296316	0	-8	452	33	388	7d6ee56ca1560c1cf223e85f19265b305f4a97f0e2d1a102bea4366b0f1512a7
GetSword.Ani	6	0x000218F5	388	376	452	440	33	176	440	0	292456	0	-8	364	35	308	64fa07281730274205205f8dc7485c7b3e9e0c9c7ca5dc741b0916c7010279f4
GetSword.Ani	7	0x00021A79	308	296	364	352	35	72	352	0	289896	0	-8	636	58	452	8e00d5f04ce77c780513829c23bc0c016742d0a7fca42a175b9b8419e0419aa6
GetSword.Ani	8	0x00021BAD	452	440	636	624	58	160	624	0	319344	0	-8	953	86	642	21e4f183bc6bc9672422b3feed1570c2c7ba02ef63ff3fe7236031a9c168ca78
GetSword.Ani	9	0x00021D71	642	630	953	941	86	253	941	0	320626	0	-8	891	84	643	11e1c177eea41b1fee9c0152906a80bac39a440f62c3feb39bde3fd692ac681c
GetSword.Ani	10	0x00021FF3	643	631	891	879	84	207	879	0	320626	0	-8	559	48	456	2ed6b3a85185ee7007be85cc2cf3743cfa690e32f0b4e069e6e88814da61f335
GetSword.Ani	11	0x00022276	456	444	559	547	48	163	547	0	293752	0	-8	813	72	576	eeaf652e212e84b24bf24c372a719af5dbc295480adda337497070f738f16311
GetSword.Ani	12	0x0002243E	576	564	813	801	72	225	801	0	318066	0	-8	20486	264	17610	77db58d8685c826ec888fe734eb7e69bbdaab1f6e248221f2ad1c6ec44b1b832
GetSword.Ani	13	0x0002267E	17610	17598	20486	20474	264	18362	20474	0	360320	0	-8	5180	296	4220	e9574b0a849c7f4e947a6580b7df6fb7099cc616ffc0b2fbfb0f22b58ad8c2eb
GetSword.Ani	14	0x00026B48	4220	4208	5180	5168	296	2800	5168	0	360320	0	-8	7095	259	6247	0d79648b8a7ea1fc495f8f6932aee13074b46011d7e62c69d1a53025bc55f935
GetSword.Ani	15	0x00027BC4	6247	6235	7095	7083	259	5011	7083	0	352640	0	-8	5833	209	5186	f63cdd9375b424677e7b51428f205a6e0a2c3b418ff1897d6d49b89a0b5618d1
GetSword.Ani	16	0x0002942B	5186	5174	5833	5821	209	4149	5821	0	337282	0	-8	2520	176	2126	0c6d99b018432d727a51e63d3f7c5fa7398a2be58aedb882093409690837d9a8
GetSword.Ani	17	0x0002A86D	2126	2114	2520	2508	176	1100	2508	0	321916	0	-8	2539	163	2169	abf265a10f6cea75f67cb67448feb7997ae383396c6a36c7ff29665d11c216c5
GetSword.Ani	18	0x0002B0BB	2169	2157	2539	2527	163	1223	2527	0	318076	0	-8	3092	137	2771	e6ee0808722b413fc6cadcba699a4389fe04ce3281d1128e379c110c43a9abad
GetSword.Ani	19	0x0002B934	2771	2759	3092	3080	137	1984	3080	0	310398	0	-8	1717	101	1558	ff71e7b15f314c89ded393a03bd1c14261d54abd4fb2319307bf51265f738612
GetSword.Ani	20	0x0002C407	1558	1546	1717	1705	101	897	1705	0	296316	0	-8	1482	70	1392	ca0700df89c677f2776d877a0fbd480d99b2f612a07300b7b143ebb780ddee5c
GetSword.Ani	21	0x0002CA1D	1392	1380	1482	1470	70	910	1470	0	289910	0	-8	167651	992	124698	31e71d983e932c356e3abeeab509250774dedb203c47c930a38676bcc3480970
GetSword.Ani	22	0x0002CF8D	124698	124686	167651	167639	992	159703	167639	0	560130	0	-8	307220	1	125547	f0453a8fc0725de3edadc7b7769c1bf8b40b273a35fd71b3f117581532036cba
GetSword.Ani	23	0x0004B6A7	125547	125535	307220	307208	1	307200	307208	0	614400	0	-8	276514	18311	194195	2dec364f9ce1bb48af5d0693426c0f46e2f1fc28af5854663f5f2b6835033411
GetSword.Ani	24	0x0006A112	194195	194183	276514	276502	18311	130014	276502	0	560130	0	-8	257932	16570	178709	a53ee51f1965169ba0795ba58ba465310f1dd07e6f55f73219509b42bfe68d39
GetSword.Ani	25	0x000997A5	178709	178697	257932	257920	16570	125360	257920	0	560126	0	-8	168486	1158	129374	ded5d5d8bdc9b683bf2975eacbc8c41360d381b47594aa18b65e5a86bedb8ae2
GetSword.Ani	26	0x000C51BA	129374	129362	168486	168474	1158	159210	168474	0	560130	0	-8	193116	5478	157956	0a5bd6732d094bab5f256a8f258d8109fb5dec0c64cb1da5362880afbba5bd1a
GetSword.Ani	27	0x000E4B18	157956	157944	193116	193104	5478	149280	193104	0	560130	0	-8	283087	18704	217035	558f9d7e2fb303ed61968d0e0a1c5ae8d3d3ee4004659bc93241dbf8f7692767
GetSword.Ani	28	0x0010B41C	217035	217023	283087	283075	18704	133443	283075	0	561412	0	-8	255992	13937	200328	654b1b3064014caacfe8b412bfaa74fd6d16f7f45dce3d14dbca9fd2847c0fc6
GetSword.Ani	29	0x001403E7	200328	200316	255992	255980	13937	144484	255980	0	561412	0	-8	264165	15372	205187	2d9c1b8c3c0894c20dcaa1557258ec24eb73fd2ec5cb09871d76122bb5442522
GetSword.Ani	30	0x0017126F	205187	205175	264165	264153	15372	141177	264153	0	561400	0	-8	270197	16455	208687	9892e58c367e6cfd4f2455ee0e3fc804d7a9237c314ef9e016c43eb7f0905e51
GetSword.Ani	31	0x001A33F2	208687	208675	270197	270185	16455	138545	270185	0	561400	0	-8	255632	14129	192320	6882484dbb5a1d193fe43422aaa0056165ef8f42157f04a6b4d7fb2f84071aa8
GetSword.Ani	32	0x001D6321	192320	192308	255632	255620	14129	142588	255620	0	560134	0	-8	307220	1	130746	72a7a6112dbd8f93737ecfc2f7e61d41221798de1c5c6cc56cc51d50cbeed570
GetSword.Ani	33	0x00205261	130746	130734	307220	307208	1	307200	307208	0	614400	0	-8	307220	1	126315	cb26d7b06e783d2bbcd09ffced58b776f0013966659fb330e412b7ea73076def
GetSword.Ani	34	0x0022511B	126315	126303	307220	307208	1	307200	307208	0	614400	0	-8	307220	1	129119	a7441585e7c386e18eadd6669355a549c3723f74b40caf37aff2062a7d5754c2
GetSword.Ani	35	0x00243E86	129119	129107	307220	307208	1	307200	307208	0	614400	0	-8	307220	1	124552	3c57ea4c0c41e41f2912b6d6341401beb14a3450d90203d29edda1e6379f627a
GetSword.Ani	36	0x002636E5	124552	124540	307220	307208	1	307200	307208	0	614400	0	-8	307220	1	133463	476b7ceb2e96aa2095c4665305b6e46d7ddc722dc5716c95371d31e334014512
GetSword.Ani	37	0x00281D6D	133463	133451	307220	307208	1	307200	307208	0	614400	0	-8	307220	1	136394	2a78992887dc7bc847b83ddd4fd7bef05edc4eacba8255e1602f609e6a77c84c
GetSword.Ani	38	0x002A26C4	136394	136382	307220	307208	1	307200	307208	0	614400	0	-8	12	0	12	fd02e841d1c1ea7b3a397c39527f7282e329de4fa4b2d9bef769af49d48658aa
GetSword.Ani	39	0x002C3B8E	12	0	12	0	0	0	0	0	0	skipped_when_size_minus_12_is_zero	unsafe_12_byte_metadata_plus_stale_scratch_tail	12	0	12	e3b0c44298fc1c149afbf4c8996fb92427ae41e4649b934ca495991b7852b855
GetSword.Ani	40	0x002C3B9A	12	0	12	0	0	0	0	0	0	skipped_when_size_minus_12_is_zero	unsafe_12_byte_metadata_plus_stale_scratch_tail	12	0	12	e3b0c44298fc1c149afbf4c8996fb92427ae41e4649b934ca495991b7852b855
GetSword.Ani	41	0x002C3BA6	12	0	12	0	0	0	0	0	0	skipped_when_size_minus_12_is_zero	unsafe_12_byte_metadata_plus_stale_scratch_tail	12	0	12	e3b0c44298fc1c149afbf4c8996fb92427ae41e4649b934ca495991b7852b855
GetSword.Ani	42	0x002C3BB2	12	0	12	0	0	0	0	0	0	skipped_when_size_minus_12_is_zero	unsafe_12_byte_metadata_plus_stale_scratch_tail	12	0	12	e3b0c44298fc1c149afbf4c8996fb92427ae41e4649b934ca495991b7852b855
GetSword.Ani	43	0x002C3BBE	12	0	12	0	0	0	0	0	0	skipped_when_size_minus_12_is_zero	unsafe_12_byte_metadata_plus_stale_scratch_tail	12	0	12	e3b0c44298fc1c149afbf4c8996fb92427ae41e4649b934ca495991b7852b855
GetSword.Ani	44	0x002C3BCA	12	0	12	0	0	0	0	0	0	skipped_when_size_minus_12_is_zero	unsafe_12_byte_metadata_plus_stale_scratch_tail	12	0	12	e3b0c44298fc1c149afbf4c8996fb92427ae41e4649b934ca495991b7852b855
GetSword.Ani	45	0x002C3BD6	12	0	12	0	0	0	0	0	0	skipped_when_size_minus_12_is_zero	unsafe_12_byte_metadata_plus_stale_scratch_tail	12	0	12	e3b0c44298fc1c149afbf4c8996fb92427ae41e4649b934ca495991b7852b855
GetSword.Ani	46	0x002C3BE2	12	0	12	0	0	0	0	0	0	skipped_when_size_minus_12_is_zero	unsafe_12_byte_metadata_plus_stale_scratch_tail	12	0	12	e3b0c44298fc1c149afbf4c8996fb92427ae41e4649b934ca495991b7852b855
GetSword.Ani	47	0x002C3BEE	12	0	12	0	0	0	0	0	0	skipped_when_size_minus_12_is_zero	unsafe_12_byte_metadata_plus_stale_scratch_tail	3924	261	2844	e3b0c44298fc1c149afbf4c8996fb92427ae41e4649b934ca495991b7852b855
GetSword.Ani	48	0x002C3BFA	2844	2832	3924	3912	261	1824	3912	0	476816	0	-8	3641	253	2712	7f4ad504aeaf88fdb0be9d92b7ba0998c6204165fa55546531f4f0d5c3a332fe
GetSword.Ani	49	0x002C4716	2712	2700	3641	3629	253	1605	3629	0	469140	0	-8	3729	250	2933	133fc50a9d268cbf3b5748465b880c1113a32c8a3190d7cd8f2c2cfee92cadb5
GetSword.Ani	50	0x002C51AE	2933	2921	3729	3717	250	1717	3717	0	466580	0	-8	4002	330	2840	ca2cc53c2fdef5165eb14040f78a07d96f4ed92220736e6aaab3580acb80d1db
GetSword.Ani	51	0x002C5D23	2840	2828	4002	3990	330	1350	3990	0	464016	0	-8	3830	281	2790	82841191fd4edc05e12796b6ea1c6ad1249a5c1126f4e1d142c9d288e64e0094
GetSword.Ani	52	0x002C683B	2790	2778	3830	3818	281	1570	3818	0	460180	0	-8	3594	208	2803	9ae40fd4913b1d3cc328a648f4c1f5fb75614b41d1cf50156bfe749c8002fb10
GetSword.Ani	53	0x002C7321	2803	2791	3594	3582	208	1918	3582	0	456340	0	-8	12	0	12	2dc3fa672cf48fddbf42c537bc284d5e64df7df6a2b6e5c5599e4a4454c9b335
GetSword.Ani	54	0x002C7E14	12	0	12	0	0	0	0	0	0	skipped_when_size_minus_12_is_zero	unsafe_12_byte_metadata_plus_stale_scratch_tail	12	0	12	e3b0c44298fc1c149afbf4c8996fb92427ae41e4649b934ca495991b7852b855
GetSword.Ani	55	0x002C7E20	12	0	12	0	0	0	0	0	0	skipped_when_size_minus_12_is_zero	unsafe_12_byte_metadata_plus_stale_scratch_tail	12	0	12	e3b0c44298fc1c149afbf4c8996fb92427ae41e4649b934ca495991b7852b855
GetSword.Ani	56	0x002C7E2C	12	0	12	0	0	0	0	0	0	skipped_when_size_minus_12_is_zero	unsafe_12_byte_metadata_plus_stale_scratch_tail	12	0	12	e3b0c44298fc1c149afbf4c8996fb92427ae41e4649b934ca495991b7852b855
GetSword.Ani	57	0x002C7E38	12	0	12	0	0	0	0	0	0	skipped_when_size_minus_12_is_zero	unsafe_12_byte_metadata_plus_stale_scratch_tail	3444	220	2648	e3b0c44298fc1c149afbf4c8996fb92427ae41e4649b934ca495991b7852b855
GetSword.Ani	58	0x002C7E44	2648	2636	3444	3432	220	1672	3432	0	451218	0	-8	3970	278	3027	bfd5a1678918ce2d3c8e727c4878f5e9bf80a4ba4e8b39c18654e5c9a163dbe5
GetSword.Ani	59	0x002C889C	3027	3015	3970	3958	278	1734	3958	0	451218	0	-8	3863	250	3067	f73068da9c869287e556872635a936d4755889fa51fe607a360ef18dd9bc1909
GetSword.Ani	60	0x002C946F	3067	3055	3863	3851	250	1851	3851	0	447384	0	-8	3818	244	3007	fc92a62d3122ead0940dae6b0de58f0e3f79f9e96f63d112e4efc83ab71bd3e5
GetSword.Ani	61	0x002CA06A	3007	2995	3818	3806	244	1854	3806	0	442270	0	-8	3917	284	2942	7bb07118096eef7daca1064fe1b5f8a5006d686ae11055e6001c9e5e7d8d2419
GetSword.Ani	62	0x002CAC29	2942	2930	3917	3905	284	1633	3905	0	438438	0	-8	3808	262	2862	ba272ed68bf2bb2498f8deba13c3faff8e23e6500f24396c0b3369da57fcc335
GetSword.Ani	63	0x002CB7A7	2862	2850	3808	3796	262	1700	3796	0	434604	0	-8	3749	172	3028	e4eb2cc2eca81fc3dd367fd68039c1d8630b82abb4da72201fd2aea513574dd8
GetSword.Ani	64	0x002CC2D5	3028	3016	3749	3737	172	2361	3737	0	429488	0	-8	3826	259	3000	bf27143ceec7c6997debe7a726ca630d7e5e9998f8e612a7046c3356762f4004
GetSword.Ani	65	0x002CCEA9	3000	2988	3826	3814	259	1742	3814	0	420544	0	-8	3928	256	3057	9a1b1b3fafb3cdc5cbfa396d3bcd5dd73f266406661b41f984b862a5071792bc
GetSword.Ani	66	0x002CDA61	3057	3045	3928	3916	256	1868	3916	0	415430	0	-8	3856	259	3058	ff027b9059cb2fe07d6cad16d522c0a213084f8a3efdd043175c0d9ae0763c37
GetSword.Ani	67	0x002CE652	3058	3046	3856	3844	259	1772	3844	0	411598	0	-8	3791	238	2947	efd88c71bac96a8301e144f4e89b087d7b16ca10dfe4a74440be830820d96505
GetSword.Ani	68	0x002CF244	2947	2935	3791	3779	238	1875	3779	0	407764	0	-8	3689	174	2947	9134a2a1f1f1b1277974ae4d27a0a779df02be2a895c4d4c69ed10a436defede
GetSword.Ani	69	0x002CFDC7	2947	2935	3689	3677	174	2285	3677	0	402650	0	-8	3710	201	2770	d5ed4d085ec552f039cc257ddbe0d07d12c0977853681bb5180b9f78e6637158
GetSword.Ani	70	0x002D094A	2770	2758	3710	3698	201	2090	3698	0	392422	0	-8	3602	185	2715	7ee472e336f672946ba735b7987b3830e78c7a963cf58bb6d464c0bf8a34476f
GetSword.Ani	71	0x002D141C	2715	2703	3602	3590	185	2110	3590	0	382182	0	-8	3693	198	2876	bd22a6c3437b6c740f5e86bb2fe53a9091f999a047784e82e5c62cc775904a27
GetSword.Ani	72	0x002D1EB7	2876	2864	3693	3681	198	2097	3681	0	371942	0	-8	3653	184	2806	c647fa969722ef8b5c33a5a44327fda53f73a14365f301048567178820c66334
GetSword.Ani	73	0x002D29F3	2806	2794	3653	3641	184	2169	3641	0	362978	0	-8	3746	193	2930	83cdc1ccc44a16139b9f5767b40545c577a670af2e1c7259fa0959769c3763b9
GetSword.Ani	74	0x002D34E9	2930	2918	3746	3734	193	2190	3734	0	350180	0	-8	3579	201	2812	48a4e1f0b028f3cccf251738fbe46989b5f82a60c1f5cd4ec6ac02a92e35fa49
GetSword.Ani	75	0x002D405B	2812	2800	3579	3567	201	1959	3567	0	341198	0	-8	3449	211	2679	50bca253ff5c8cec2f1259128c196a0152ebc3ed1fe3d905eee07191c00d9e53
GetSword.Ani	76	0x002D4B57	2679	2667	3449	3437	211	1749	3437	0	337346	0	-8	3073	182	2432	56ff6a3a9f16c5dc9f06c056760621a3c0219228f55c61fcf852910d41f48b5c
GetSword.Ani	77	0x002D55CE	2432	2420	3073	3061	182	1605	3061	0	333496	0	-8	2964	193	2333	47400bd0770d99706add2c89e7c54bf7ebf7afed65424b11270af10196aa5c85
GetSword.Ani	78	0x002D5F4E	2333	2321	2964	2952	193	1408	2952	0	329644	0	-8	2732	135	2316	57fb56e30663275e45731fbcbc2e9030dc7a243188fb5873efa866aa177abd03
GetSword.Ani	79	0x002D686B	2316	2304	2732	2720	135	1640	2720	0	323248	0	-8	2395	155	1924	e36cead86b1c9712f752dc67dd658bf4a0fa0b7449202632f9e474ea7db00a4e
GetSword.Ani	80	0x002D7177	1924	1912	2395	2383	155	1143	2383	0	291222	0	-8	2563	165	1994	cb550242c49e8b031e96b06b1e5df6e0a1e802bc56d8a8ad6ce6d4e015ad26e8
GetSword.Ani	81	0x002D78FB	1994	1982	2563	2551	165	1231	2551	0	287374	0	-8	2419	174	1946	70777eb33557459fceef2c409f910d1203c866da8eff4670d467ba67486da54e
GetSword.Ani	82	0x002D80C5	1946	1934	2419	2407	174	1015	2407	0	284806	0	-8	2500	189	1885	a6ce360069b331b74dd3c74d08c4e26a8850b15674138d33b5b6f1123abe42e2
GetSword.Ani	83	0x002D885F	1885	1873	2500	2488	189	976	2488	0	284806	0	-8	2505	185	2097	10e7026a3e1a1cc6a024aeb0957f32d2c963721f6caeeb79b3a71d4e901effa4
GetSword.Ani	84	0x002D8FBC	2097	2085	2505	2493	185	1013	2493	0	284764	0	-8	12	0	12	18284b007c88a2450fa4c59537165f68dfd67619866bafc6687f4c6b9f2af001
GetSword.Ani	85	0x002D97ED	12	0	12	0	0	0	0	0	0	skipped_when_size_minus_12_is_zero	unsafe_12_byte_metadata_plus_stale_scratch_tail	12	0	12	e3b0c44298fc1c149afbf4c8996fb92427ae41e4649b934ca495991b7852b855
GetSword.Ani	86	0x002D97F9	12	0	12	0	0	0	0	0	0	skipped_when_size_minus_12_is_zero	unsafe_12_byte_metadata_plus_stale_scratch_tail	12	0	12	e3b0c44298fc1c149afbf4c8996fb92427ae41e4649b934ca495991b7852b855
GetSword.Ani	87	0x002D9805	12	0	12	0	0	0	0	0	0	skipped_when_size_minus_12_is_zero	unsafe_12_byte_metadata_plus_stale_scratch_tail	12	0	12	e3b0c44298fc1c149afbf4c8996fb92427ae41e4649b934ca495991b7852b855
GetSword.Ani	88	0x002D9811	12	0	12	0	0	0	0	0	0	skipped_when_size_minus_12_is_zero	unsafe_12_byte_metadata_plus_stale_scratch_tail	2449	218	1907	e3b0c44298fc1c149afbf4c8996fb92427ae41e4649b934ca495991b7852b855
GetSword.Ani	89	0x002D981D	1907	1895	2449	2437	218	693	2437	0	284762	0	-8	2194	158	1832	7aca4790e6deb551fd410d54cb6584062bc67ce5f7e395cf7c22f247ca64ecb3
GetSword.Ani	90	0x002D9F90	1832	1820	2194	2182	158	918	2182	0	287320	0	-8	2566	139	2163	5f45e772df2836e4baf628d083b714d9dc57582592112c9582d8aaae92814289
GetSword.Ani	91	0x002DA6B8	2163	2151	2566	2554	139	1442	2554	0	287320	0	-8	3274	205	2634	7122af3ab6d896325af726fd59e3f4a7959485fba918f4970b83ef1ef1915548
GetSword.Ani	92	0x002DAF2B	2634	2622	3274	3262	205	1622	3262	0	309118	0	-8	12	0	12	e05e37e68ea0b8a11c39441c2293b465bcc9e8f22249cb8624df1f483d9945f3
GetSword.Ani	93	0x002DB975	12	0	12	0	0	0	0	0	0	skipped_when_size_minus_12_is_zero	unsafe_12_byte_metadata_plus_stale_scratch_tail	12	0	12	e3b0c44298fc1c149afbf4c8996fb92427ae41e4649b934ca495991b7852b855
GetSword.Ani	94	0x002DB981	12	0	12	0	0	0	0	0	0	skipped_when_size_minus_12_is_zero	unsafe_12_byte_metadata_plus_stale_scratch_tail	12	0	12	e3b0c44298fc1c149afbf4c8996fb92427ae41e4649b934ca495991b7852b855
GetSword.Ani	95	0x002DB98D	12	0	12	0	0	0	0	0	0	skipped_when_size_minus_12_is_zero	unsafe_12_byte_metadata_plus_stale_scratch_tail	12	0	12	e3b0c44298fc1c149afbf4c8996fb92427ae41e4649b934ca495991b7852b855
GetSword.Ani	96	0x002DB999	12	0	12	0	0	0	0	0	0	skipped_when_size_minus_12_is_zero	unsafe_12_byte_metadata_plus_stale_scratch_tail	12	0	12	e3b0c44298fc1c149afbf4c8996fb92427ae41e4649b934ca495991b7852b855
GetSword.Ani	97	0x002DB9A5	12	0	12	0	0	0	0	0	0	skipped_when_size_minus_12_is_zero	unsafe_12_byte_metadata_plus_stale_scratch_tail	12	0	12	e3b0c44298fc1c149afbf4c8996fb92427ae41e4649b934ca495991b7852b855
GetSword.Ani	98	0x002DB9B1	12	0	12	0	0	0	0	0	0	skipped_when_size_minus_12_is_zero	unsafe_12_byte_metadata_plus_stale_scratch_tail	12	0	12	e3b0c44298fc1c149afbf4c8996fb92427ae41e4649b934ca495991b7852b855
GetSword.Ani	99	0x002DB9BD	12	0	12	0	0	0	0	0	0	skipped_when_size_minus_12_is_zero	unsafe_12_byte_metadata_plus_stale_scratch_tail	181	15	167	e3b0c44298fc1c149afbf4c8996fb92427ae41e4649b934ca495991b7852b855
GetSword.Ani	100	0x002DB9C9	167	155	181	169	15	49	169	0	241252	0	-8	181	15	172	25087936da6fb41fd23656e5b11750c8528b4b6708ead17e47f17b8b7f8ad9b1
GetSword.Ani	101	0x002DBA70	172	160	181	169	15	49	169	0	241252	0	-8	12	0	12	d5c522dcecd52dabe408bda4d09366882e7ab07e0000deda76d5cc837c63a284
GetSword.Ani	102	0x002DBB1C	12	0	12	0	0	0	0	0	0	skipped_when_size_minus_12_is_zero	unsafe_12_byte_metadata_plus_stale_scratch_tail	12	0	12	e3b0c44298fc1c149afbf4c8996fb92427ae41e4649b934ca495991b7852b855
GetSword.Ani	103	0x002DBB28	12	0	12	0	0	0	0	0	0	skipped_when_size_minus_12_is_zero	unsafe_12_byte_metadata_plus_stale_scratch_tail	12	0	12	e3b0c44298fc1c149afbf4c8996fb92427ae41e4649b934ca495991b7852b855
GetSword.Ani	104	0x002DBB34	12	0	12	0	0	0	0	0	0	skipped_when_size_minus_12_is_zero	unsafe_12_byte_metadata_plus_stale_scratch_tail	12	0	12	e3b0c44298fc1c149afbf4c8996fb92427ae41e4649b934ca495991b7852b855
GetSword.Ani	105	0x002DBB40	12	0	12	0	0	0	0	0	0	skipped_when_size_minus_12_is_zero	unsafe_12_byte_metadata_plus_stale_scratch_tail	625	54	472	e3b0c44298fc1c149afbf4c8996fb92427ae41e4649b934ca495991b7852b855
GetSword.Ani	106	0x002DBB4C	472	460	625	613	54	181	613	0	278406	0	-8	601	45	500	2f40b40b2d977de108fca4179b7065cd798aca1c6c65044a8efa1e99912c9962
GetSword.Ani	107	0x002DBD24	500	488	601	589	45	229	589	0	277128	0	-8	571	43	484	ac0a1f336db28a2141497ee9eef12c5a11d2d654895eea4907bbe0f71ceaa931
GetSword.Ani	108	0x002DBF18	484	472	571	559	43	215	559	0	273292	0	-8	774	54	649	b6a8e677af2d8a58a491cad897152d912cfe05b1ddd1c5c12356e3194a26e995
GetSword.Ani	109	0x002DC0FC	649	637	774	762	54	330	762	0	272022	0	-8	712	40	596	999da97c94feb45b1c1e4730fd644fefd0b56a82a7f14ee5eaa750fef2e1e11b
GetSword.Ani	110	0x002DC385	596	584	712	700	40	380	700	0	263076	0	-8	457	37	391	eac2efebbee1e949e59a5407aacc6c979542f598add82b0d01d5894dc46dcc33
GetSword.Ani	111	0x002DC5D9	391	379	457	445	37	149	445	0	257924	0	-8	532	45	426	9d784e14ab8b54f7d64380a9731df8fcc8eed1e2c9f0a29e912c9e14774d5706
GetSword.Ani	112	0x002DC760	426	414	532	520	45	160	520	0	257940	0	-8	326	26	291	45d1ceed65bb533f17076022ee3f37e4e77f1c7de6bc199f46586b15551d85e9
GetSword.Ani	113	0x002DC90A	291	279	326	314	26	106	314	0	257940	0	-8	355	29	305	b69bc8e520b18220ccff16015043f3da5da0876f7a51f3b1bbc7c9320e75b1ec
GetSword.Ani	114	0x002DCA2D	305	293	355	343	29	111	343	0	257936	0	-8	360	29	308	3ff03a60f025750fe44be295360d7b79aa45adcf8f6911846b58687bd7453770
GetSword.Ani	115	0x002DCB5E	308	296	360	348	29	116	348	0	257932	0	-8	12	0	12	d4f170218e693de6bde0b4dd0a8b143ccfd02194f7920ccec5d7dbf745ff7c6a
GetSword.Ani	116	0x002DCC92	12	0	12	0	0	0	0	0	0	skipped_when_size_minus_12_is_zero	unsafe_12_byte_metadata_plus_stale_scratch_tail	12	0	12	e3b0c44298fc1c149afbf4c8996fb92427ae41e4649b934ca495991b7852b855
GetSword.Ani	117	0x002DCC9E	12	0	12	0	0	0	0	0	0	skipped_when_size_minus_12_is_zero	unsafe_12_byte_metadata_plus_stale_scratch_tail	12	0	12	e3b0c44298fc1c149afbf4c8996fb92427ae41e4649b934ca495991b7852b855
GetSword.Ani	118	0x002DCCAA	12	0	12	0	0	0	0	0	0	skipped_when_size_minus_12_is_zero	unsafe_12_byte_metadata_plus_stale_scratch_tail	181	15	167	e3b0c44298fc1c149afbf4c8996fb92427ae41e4649b934ca495991b7852b855
GetSword.Ani	119	0x002DCCB6	167	155	181	169	15	49	169	0	241252	0	-8	181	15	172	25087936da6fb41fd23656e5b11750c8528b4b6708ead17e47f17b8b7f8ad9b1
GetSword.Ani	120	0x002DCD5D	172	160	181	169	15	49	169	0	241252	0	-8	12	0	12	d5c522dcecd52dabe408bda4d09366882e7ab07e0000deda76d5cc837c63a284
GetSword.Ani	121	0x002DCE09	12	0	12	0	0	0	0	0	0	skipped_when_size_minus_12_is_zero	unsafe_12_byte_metadata_plus_stale_scratch_tail	346	28	292	e3b0c44298fc1c149afbf4c8996fb92427ae41e4649b934ca495991b7852b855
GetSword.Ani	122	0x002DCE15	292	280	346	334	28	110	334	0	257932	0	-8	431	34	355	ca1554d091ea6def5a2627022b3b5d347766ff42e0405e31c21db5ca48da14d1
GetSword.Ani	123	0x002DCF39	355	343	431	419	34	147	419	0	259206	0	-8	463	40	376	2077a44c04c4382f66f6270f7b590f513400942e1497b6af10902dd25d6fc938
GetSword.Ani	124	0x002DD09C	376	364	463	451	40	131	451	0	259206	0	-8	202345	1396	128483	d78e05a3fd6a54efdd5260956b8bd47bcdc960852ad10ab871cb7a83d199e803
GetSword.Ani	125	0x002DD214	128483	128471	202345	202333	1396	191165	202333	0	589590	0	-8	254246	10044	169939	d4cb5170b44981893608fde66b8b95b7740180939f5cea56641786ee67959643
GetSword.Ani	126	0x002FC7F7	169939	169927	254246	254234	10044	173882	254234	0	589590	0	-8	192691	1192	119753	189e848840f9d9fc5b93148e34290423d9c85f475db6643ededa86260d380736
GetSword.Ani	127	0x00325FCA	119753	119741	192691	192679	1192	183143	192679	0	583184	0	-8	184819	1481	115554	a24456f755cac9b409f415b9b379c31f39bb2aa409129f5fdc7050b949b5f0f8
GetSword.Ani	128	0x00343393	115554	115542	184819	184807	1481	172959	184807	0	576770	0	-8	307220	1	120797	1781b7ac3297934c7125d2af9f735f570d1155f832d0cdf7c1156b9c757711b4
GetSword.Ani	129	0x0035F6F5	120797	120785	307220	307208	1	307200	307208	0	614400	0	-8	279621	18224	212490	6c02f19485db2d65c29c8b7f5ff4fc8df8d86be7f79d95966f021a10c9eb5401
GetSword.Ani	130	0x0037CED2	212490	212478	279621	279609	18224	133817	279609	0	565086	0	-8	12	0	12	85086b7fd6e8c65e5a7bada87302afffd2e75d09ca9a55d3953dc4bb087b99a8
GetSword.Ani	131	0x003B0CDC	12	0	12	0	0	0	0	0	0	skipped_when_size_minus_12_is_zero	unsafe_12_byte_metadata_plus_stale_scratch_tail	12	0	12	e3b0c44298fc1c149afbf4c8996fb92427ae41e4649b934ca495991b7852b855
GetSword.Ani	132	0x003B0CE8	12	0	12	0	0	0	0	0	0	skipped_when_size_minus_12_is_zero	unsafe_12_byte_metadata_plus_stale_scratch_tail	12	0	12	e3b0c44298fc1c149afbf4c8996fb92427ae41e4649b934ca495991b7852b855
GetSword.Ani	133	0x003B0CF4	12	0	12	0	0	0	0	0	0	skipped_when_size_minus_12_is_zero	unsafe_12_byte_metadata_plus_stale_scratch_tail	12	0	12	e3b0c44298fc1c149afbf4c8996fb92427ae41e4649b934ca495991b7852b855
GetSword.Ani	134	0x003B0D00	12	0	12	0	0	0	0	0	0	skipped_when_size_minus_12_is_zero	unsafe_12_byte_metadata_plus_stale_scratch_tail	12	0	12	e3b0c44298fc1c149afbf4c8996fb92427ae41e4649b934ca495991b7852b855
GetSword.Ani	135	0x003B0D0C	12	0	12	0	0	0	0	0	0	skipped_when_size_minus_12_is_zero	unsafe_12_byte_metadata_plus_stale_scratch_tail	12	0	12	e3b0c44298fc1c149afbf4c8996fb92427ae41e4649b934ca495991b7852b855
GetSword.Ani	136	0x003B0D18	12	0	12	0	0	0	0	0	0	skipped_when_size_minus_12_is_zero	unsafe_12_byte_metadata_plus_stale_scratch_tail	1910	177	1480	e3b0c44298fc1c149afbf4c8996fb92427ae41e4649b934ca495991b7852b855
GetSword.Ani	137	0x003B0D24	1480	1468	1910	1898	177	482	1898	0	319346	0	-8	1936	170	1550	5523dc11b4c5432a6b87129f83a9eef12f16908fc3c1eb454410a4e1f13f8036
GetSword.Ani	138	0x003B12EC	1550	1538	1936	1924	170	564	1924	0	319346	0	-8	2108	181	1642	2f09fb77011b4639dc76f931c2b75940014ae72f6a2e5cf504b34f3165f66c6d
GetSword.Ani	139	0x003B18FA	1642	1630	2108	2096	181	648	2096	0	320626	0	-8	12	0	12	5e237c8cf0262b9448cf58cf98fa6d1e599e19729ca40599e6fae393a4268e82
GetSword.Ani	140	0x003B1F64	12	0	12	0	0	0	0	0	0	skipped_when_size_minus_12_is_zero	unsafe_12_byte_metadata_plus_stale_scratch_tail	12	0	12	e3b0c44298fc1c149afbf4c8996fb92427ae41e4649b934ca495991b7852b855
GetSword.Ani	141	0x003B1F70	12	0	12	0	0	0	0	0	0	skipped_when_size_minus_12_is_zero	unsafe_12_byte_metadata_plus_stale_scratch_tail	12	0	12	e3b0c44298fc1c149afbf4c8996fb92427ae41e4649b934ca495991b7852b855
GetSword.Ani	142	0x003B1F7C	12	0	12	0	0	0	0	0	0	skipped_when_size_minus_12_is_zero	unsafe_12_byte_metadata_plus_stale_scratch_tail	12	0	12	e3b0c44298fc1c149afbf4c8996fb92427ae41e4649b934ca495991b7852b855
GetSword.Ani	143	0x003B1F88	12	0	12	0	0	0	0	0	0	skipped_when_size_minus_12_is_zero	unsafe_12_byte_metadata_plus_stale_scratch_tail	12	0	12	e3b0c44298fc1c149afbf4c8996fb92427ae41e4649b934ca495991b7852b855
GetSword.Ani	144	0x003B1F94	12	0	12	0	0	0	0	0	0	skipped_when_size_minus_12_is_zero	unsafe_12_byte_metadata_plus_stale_scratch_tail	12	0	12	e3b0c44298fc1c149afbf4c8996fb92427ae41e4649b934ca495991b7852b855
GetSword.Ani	145	0x003B1FA0	12	0	12	0	0	0	0	0	0	skipped_when_size_minus_12_is_zero	unsafe_12_byte_metadata_plus_stale_scratch_tail	12	0	12	e3b0c44298fc1c149afbf4c8996fb92427ae41e4649b934ca495991b7852b855
GetSword.Ani	146	0x003B1FAC	12	0	12	0	0	0	0	0	0	skipped_when_size_minus_12_is_zero	unsafe_12_byte_metadata_plus_stale_scratch_tail	12	0	12	e3b0c44298fc1c149afbf4c8996fb92427ae41e4649b934ca495991b7852b855
GetSword.Ani	147	0x003B1FB8	12	0	12	0	0	0	0	0	0	skipped_when_size_minus_12_is_zero	unsafe_12_byte_metadata_plus_stale_scratch_tail	166772	853	42870	e3b0c44298fc1c149afbf4c8996fb92427ae41e4649b934ca495991b7852b855
GetSword.Ani	148	0x003B1FC4	42870	42858	166772	166760	853	159936	166760	0	560130	0	-8	205408	10185	131431	b8f1c42b1be94028d76472190a846072b7d46224844906d82dca8808c7d8bee6
GetSword.Ani	149	0x003BC73A	131431	131419	205408	205396	10185	123916	205396	0	560130	0	-8	175694	2503	133407	57cd3600521b95ea8973ccc6ae65ad87f1826e12b6c2d7c356a5c0b8cc244969
GetSword.Ani	150	0x003DC8A1	133407	133395	175694	175682	2503	155658	175682	0	560130	0	-8	169872	1367	135010	88a8eb3fd900c8e6d337ca5e36da79113b017b35f8773ee684c41272f727961e
GetSword.Ani	151	0x003FD1C0	135010	134998	169872	169860	1367	158924	169860	0	560130	0	-8	167237	949	135274	26b09b787871afd4aa13be79a6a3521be13495aa47a4a965a8ecbe5d2e1320a0
GetSword.Ani	152	0x0041E122	135274	135262	167237	167225	949	159633	167225	0	560130	0	-8	174243	3774	143532	e917f9b568a35f584f2a8f9626197cf4184208e6509ede74571013b62ecf2889
GetSword.Ani	153	0x0043F18C	143532	143520	174243	174231	3774	144039	174231	0	560130	0	-8	177512	5745	145643	a838a8f76597e90d77f62123d71aca7f8f012cc14e08f0270e8344673ee75073
GetSword.Ani	154	0x00462238	145643	145631	177512	177500	5745	131540	177500	0	560130	0	-8	1758	93	1540	e3d7479616948da814da72ad0e5f93ada2a5695e674a52cc433f7ffa63605f17
GetSword.Ani	155	0x00485B23	1540	1528	1758	1746	93	1002	1746	0	312946	0	-8	13310	306	8045	1e1153ef0ed91adca71ff7303ad360ee4d51e8a335eff263fb8127941b073406
GetSword.Ani	156	0x00486127	8045	8033	13310	13298	306	10850	13298	0	312946	0	-8	21374	478	13572	62c0f09d616a05c972d5c7b9e01434b328c02b9a719e1e4cc654ef0ae1c879a2
GetSword.Ani	157	0x00488094	13572	13560	21374	21362	478	17538	21362	0	293800	0	-8	25401	471	15380	02621b7b377f7e591d7c859552727896dbafb93225a259e5142d65a5244d39bd
GetSword.Ani	158	0x0048B598	15380	15368	25401	25389	471	21621	25389	0	309112	0	-8	55818	529	24170	2f240862736bd5ec64946f435d31aea30ef20928e08d060a132f142a8cdb3d1f
GetSword.Ani	159	0x0048F1AC	24170	24158	55818	55806	529	51574	55806	0	613290	0	-8	59804	575	27208	c31cac796e03b52ac6c62660ed7e3d2037515359dff1e250c6882255161cafb3
GetSword.Ani	160	0x00495016	27208	27196	59804	59792	575	55192	59792	0	614120	0	-8	30174	537	17692	671c610170b64ba2eedcfe0c8fa17dff146606c6c7845ccc86529e9fb40309d2
GetSword.Ani	161	0x0049BA5E	17692	17680	30174	30162	537	25866	30162	0	614120	0	-8	14953	325	8093	73a1100e4c533ed09fcd872dc174ebecac624c08503ea1c7427752afab17bb30
GetSword.Ani	162	0x0049FF7A	8093	8081	14953	14941	325	12341	14941	0	573440	0	-8	5514	87	3366	06892ac0f413174033e4b28296f01f5420191bd03b1c60e706caf0d049780ce2
GetSword.Ani	163	0x004A1F17	3366	3354	5514	5502	87	4806	5502	0	312946	0	-8	1516	67	1384	92ad19bf61c5d35b40561153befe5c97a7aea641a05357c52c0d07592a7a9af6
GetSword.Ani	164	0x004A2C3D	1384	1372	1516	1504	67	968	1504	0	301394	0	-8	1740	98	1513	bc0287a95ec8f06cc85f58e9e760e579aa1255196a87c208282355ca081956b5
GetSword.Ani	165	0x004A31A5	1513	1501	1740	1728	98	944	1728	0	309112	0	-8	1742	99	1456	6bba89fc1590d4730d89edfa689e0f46564049c698e11ae0adb5213ad9228b7d
GetSword.Ani	166	0x004A378E	1456	1444	1742	1730	99	938	1730	0	309112	0	-8	1516	68	1300	3015705c05eb0db4d6b1c54a6ade795b6baa8e9a9d58644fb55cce5b2b735de3
GetSword.Ani	167	0x004A3D3E	1300	1288	1516	1504	68	960	1504	0	300186	0	-8	1459	65	1341	68f3cada0eaf6d854ed860df73e1b32eee666111ed0ff15dbb61909b2b9cbed5
GetSword.Ani	168	0x004A4252	1341	1329	1459	1447	65	927	1447	0	303946	0	-8	1668	80	1462	e75fa33b5728b61e2d6eabfa00b34ed118e33fd604c49936d1ffc10635cb17e3
GetSword.Ani	169	0x004A478F	1462	1450	1668	1656	80	1016	1656	0	303946	0	-8	1441	64	1252	98b5e9b10bc32c2c263194e7c09d28f08d32b2d172cb2a178888718f265ed3d7
GetSword.Ani	170	0x004A4D45	1252	1240	1441	1429	64	917	1429	0	293800	0	-8	1516	67	1384	3c7b2976f84cf299101ee931e19dec52f9d07741c6b73e22b186dce6688f0070
GetSword.Ani	171	0x004A5229	1384	1372	1516	1504	67	968	1504	0	301394	0	-8	1740	98	1513	bc0287a95ec8f06cc85f58e9e760e579aa1255196a87c208282355ca081956b5
GetSword.Ani	172	0x004A5791	1513	1501	1740	1728	98	944	1728	0	309112	0	-8	1742	99	1456	6bba89fc1590d4730d89edfa689e0f46564049c698e11ae0adb5213ad9228b7d
GetSword.Ani	173	0x004A5D7A	1456	1444	1742	1730	99	938	1730	0	309112	0	-8	2440	105	2213	3015705c05eb0db4d6b1c54a6ade795b6baa8e9a9d58644fb55cce5b2b735de3
GetSword.Ani	174	0x004A632A	2213	2201	2440	2428	105	1588	2428	0	300186	0	-8	2909	143	2514	e82844966653a038c9ae385d18df3762e17716eb74aad290a19f37940d765647
GetSword.Ani	175	0x004A6BCF	2514	2502	2909	2897	143	1753	2897	0	275820	0	-8	3011	156	2588	f778d754399845e978117f739338c3d22de10a513241c20ef9b7ed250634aee0
GetSword.Ani	176	0x004A75A1	2588	2576	3011	2999	156	1751	2999	0	246266	0	-8	2565	134	2267	e491f5695941f7dac0adaa0f4add3fc744c5ca425f528855462c7e5bb6498eb0
GetSword.Ani	177	0x004A7FBD	2267	2255	2565	2553	134	1481	2553	0	210396	0	-8	2065	96	1874	404909c1373f02d04b3a83b7e791b029352dbe9994af0d21c6209623e3c7c1c0
GetSword.Ani	178	0x004A8898	1874	1862	2065	2053	96	1285	2053	0	161620	0	-8	3215	161	2799	363ef22c9fd446babeaf07df8dd615eab9f9c958693df4d31c2e0d555b8a34a9
GetSword.Ani	179	0x004A8FEA	2799	2787	3215	3203	161	1915	3203	0	273292	0	-8	2719	145	2360	a0254307bb3000164e0efb55448a7ee3a82ead69bd0ad04b51e23a4cf0f60885
GetSword.Ani	180	0x004A9AD9	2360	2348	2719	2707	145	1547	2707	0	277128	0	-8	5626	343	4701	76f84e7c3b7ad645b5daaaf890a891f12884c0cab3abc047098fa6e6f4523d28
GetSword.Ani	181	0x004AA411	4701	4689	5626	5614	343	2870	5614	0	309118	0	-8	5370	294	4516	c0321c65ac4ca96de45522d17f35b4c20ad972c66367763b5d6366fbe49e5f31
GetSword.Ani	182	0x004AB66E	4516	4504	5370	5358	294	3006	5358	0	309116	0	-8	2219	113	1994	7e6abc4335f2cc3c3bc814d94a185f8da8c6057c17842b797cf502d8b0e183ea
GetSword.Ani	183	0x004AC812	1994	1982	2219	2207	113	1303	2207	0	173172	0	-8	2521	114	2275	4138e821c52c2aab623fb280d2d7937d70f4eac52b7493312bf0f24081e85c0c
GetSword.Ani	184	0x004ACFDC	2275	2263	2521	2509	114	1597	2509	0	173172	0	-8	2161	104	1906	ec9fc690c518e9484aa024f51f016c1b018d1b48a01485052d7ca244a7f76fa3
GetSword.Ani	185	0x004AD8BF	1906	1894	2161	2149	104	1317	2149	0	169338	0	-8	2210	112	1958	b98eb1d3107264efc3d56ecfeccaf38e8051bd0b7b56d126adc217fccd9066ad
GetSword.Ani	186	0x004AE031	1958	1946	2210	2198	112	1302	2198	0	169338	0	-8	2125	100	1869	26d4f109cf6e3ccdfbd14c4fa5b1522ef8bbb52f71576ec7dbdc3d811d6458b3
GetSword.Ani	187	0x004AE7D7	1869	1857	2125	2113	100	1313	2113	0	169338	0	-8	2037	91	1854	52ca967986e3dca1c2caf740cdf4c44d0f22086d3bc32c84d12e230e785692db
GetSword.Ani	188	0x004AEF24	1854	1842	2037	2025	91	1297	2025	0	164172	0	-8	2183	105	1999	036f05cfc1e1f6a37d421b4296f580c1a3faeb805a29a065d9649a275b3824ee
GetSword.Ani	189	0x004AF662	1999	1987	2183	2171	105	1331	2171	0	173172	0	-8	2509	115	2263	10ec88caca16ab1cc5f1def26feb2a374777124bc6905c364318c42308fdfdb8
GetSword.Ani	190	0x004AFE31	2263	2251	2509	2497	115	1577	2497	0	173172	0	-8	2052	94	1770	76f75c9ed17fa8d071b6ba177659444fcb0255e1cbb2c3837eb7a9efe255af57
GetSword.Ani	191	0x004B0708	1770	1758	2052	2040	94	1288	2040	0	161620	0	-8	1711	94	1435	d3abac0a516d6ef7bb888f6f5aff1c8232c2c68b074e3c0ac4cd2d1b22a4245c
GetSword.Ani	192	0x004B0DF2	1435	1423	1711	1699	94	947	1699	0	169338	0	-8	1721	96	1493	c64b5936c4d58a63693116148ef8b6c488bbd436f3e6fa0e6c5b977974f77abf
GetSword.Ani	193	0x004B138D	1493	1481	1721	1709	96	941	1709	0	169338	0	-8	1537	71	1298	d7845a82db54630c6c42c7326a914bc937390131b412e7da8148ab7a016b8361
GetSword.Ani	194	0x004B1962	1298	1286	1537	1525	71	957	1525	0	160412	0	-8	1735	84	1454	3ff28f88ab21b3dcea8d20510b8a9de624d54b53b25439b19f07832788849864
GetSword.Ani	195	0x004B1E74	1454	1442	1735	1723	84	1051	1723	0	173172	0	-8	1717	90	1482	f2e2e15717b8a8c6880c78500e9ea0282b83d94a539f628383e058c4d76b80d7
GetSword.Ani	196	0x004B2422	1482	1470	1717	1705	90	985	1705	0	173172	0	-8	1460	67	1249	13e60ee6b28f982a7ed260c708c0e0e9694cad997aa3f71eb10644ec04aefe0b
GetSword.Ani	197	0x004B29EC	1249	1237	1460	1448	67	912	1448	0	154026	0	-8	1542	71	1336	7b54ce43d00f1e488583d789d452c52662e52de250032f1c1ad032f97fb9d523
GetSword.Ani	198	0x004B2ECD	1336	1324	1542	1530	71	962	1530	0	161620	0	-8	1711	94	1435	5a87d293c853ee5fac8723d943e8739a70de1504a039f932f2cb5ffaed606879
GetSword.Ani	199	0x004B3405	1435	1423	1711	1699	94	947	1699	0	169338	0	-8	1676	76	1378	c64b5936c4d58a63693116148ef8b6c488bbd436f3e6fa0e6c5b977974f77abf
GetSword.Ani	200	0x004B39A0	1378	1366	1676	1664	76	1056	1664	0	169338	0	-8	1466	66	1330	b71a3a5a2983a10502dd1f87364be0710a726244381d75d3044764bbb53ee960
GetSword.Ani	201	0x004B3F02	1330	1318	1466	1454	66	926	1454	0	164172	0	-8	1742	90	1480	d0f4cd3a718a0618da062a325f0195e0565234f77b94352916dc680c811525cf
GetSword.Ani	202	0x004B4434	1480	1468	1742	1730	90	1010	1730	0	173172	0	-8	1717	90	1482	84a194e6293f2bd5b84e5643375bb433f359c460ea7daba0cbf6c305f49739aa
GetSword.Ani	203	0x004B49FC	1482	1470	1717	1705	90	985	1705	0	173172	0	-8	1366	68	1191	13e60ee6b28f982a7ed260c708c0e0e9694cad997aa3f71eb10644ec04aefe0b
GetSword.Ani	204	0x004B4FC6	1191	1179	1366	1354	68	810	1354	0	162974	0	-8	1438	104	1223	ef4b643126adb5a9d532d4e25e6dd664ca183200c40687a2f71e11bd05021f47
GetSword.Ani	205	0x004B546D	1223	1211	1438	1426	104	594	1426	0	162974	0	-8	1438	104	1203	8f80fab6fc58bbc60e3197061730c605ea3aa72c8e18e09fba5fd876e536df39
GetSword.Ani	206	0x004B5934	1203	1191	1438	1426	104	594	1426	0	162974	0	-8	1680	148	1329	8fc1f3990fe4e4d005a4fda9310286a0b62a4814fb94d0ef39415d2de303aa86
GetSword.Ani	207	0x004B5DE7	1329	1317	1680	1668	148	484	1668	0	164254	0	-8	1680	148	1351	513df516c6fc3a4b73925b0bfceaca75b1008de348774ca89d455659761578d4
GetSword.Ani	208	0x004B6318	1351	1339	1680	1668	148	484	1668	0	164254	0	-8	12	0	12	62c46e18287cb02e6a0dea4c241314a3658c6292f5e9df8d505fe51a41251204
GetSword.Ani	209	0x004B685F	12	0	12	0	0	0	0	0	0	skipped_when_size_minus_12_is_zero	unsafe_12_byte_metadata_plus_stale_scratch_tail	12	0	12	e3b0c44298fc1c149afbf4c8996fb92427ae41e4649b934ca495991b7852b855
GetSword.Ani	210	0x004B686B	12	0	12	0	0	0	0	0	0	skipped_when_size_minus_12_is_zero	unsafe_12_byte_metadata_plus_stale_scratch_tail	3501	229	2630	e3b0c44298fc1c149afbf4c8996fb92427ae41e4649b934ca495991b7852b855
GetSword.Ani	211	0x004B6877	2630	2618	3501	3489	229	1657	3489	0	309116	0	-8	3568	249	2738	d9d3d7d596c7042b277eafd0c403cbb256a7b7824235547bb9315b099d8fc527
GetSword.Ani	212	0x004B72BD	2738	2726	3568	3556	249	1564	3556	0	309114	0	-8	12	0	12	a1c35bb34e1a2294d25425fc6768e8f5d49ee517bc28228de8b4e71fc764bdfa
GetSword.Ani	213	0x004B7D6F	12	0	12	0	0	0	0	0	0	skipped_when_size_minus_12_is_zero	unsafe_12_byte_metadata_plus_stale_scratch_tail	1404	126	1168	e3b0c44298fc1c149afbf4c8996fb92427ae41e4649b934ca495991b7852b855
GetSword.Ani	214	0x004B7D7B	1168	1156	1404	1392	126	384	1392	0	162974	0	-8	1395	125	1162	1bb23b16b23c3e2b170fc5ca38daccec3325c8085fdce356dc3dc6723fd784ef
GetSword.Ani	215	0x004B820B	1162	1150	1395	1383	125	383	1383	0	161692	0	-8	1410	127	1170	969ea388dfd0bdc1285fa2c2dd2286a3e6f83959d35fba78e0a09453974f5afe
GetSword.Ani	216	0x004B8695	1170	1158	1410	1398	127	382	1398	0	160410	0	-8	12	0	12	fdb1c0c7f9b13a3af3a508b14311a754e5bc4c3b20ad464b0e3bd3db02901a52
GetSword.Ani	217	0x004B8B27	12	0	12	0	0	0	0	0	0	skipped_when_size_minus_12_is_zero	unsafe_12_byte_metadata_plus_stale_scratch_tail	2019	102	1781	e3b0c44298fc1c149afbf4c8996fb92427ae41e4649b934ca495991b7852b855
GetSword.Ani	218	0x004B8B33	1781	1769	2019	2007	102	1191	2007	0	214286	0	-8	2287	114	2139	b62f6d31003c222e1706d13dd5f63ed8425645cff8052217a06a2491cfe9da34
GetSword.Ani	219	0x004B9228	2139	2127	2287	2275	114	1363	2275	0	287388	0	-8	248092	4118	164957	039f17aa167b5344a21ca986b30adcd526a448b45cfab4b07ceb47a84c9dbe67
GetSword.Ani	220	0x004B9A83	164957	164945	248092	248080	4118	215136	248080	0	608650	0	-8	254450	5143	179280	8dd04480397ef52e2e916c2ff4c8aa17b1e00d31ad437e62712c535f7dccfbab
GetSword.Ani	221	0x004E1EE0	179280	179268	254450	254438	5143	213294	254438	0	608650	0	-8	192562	4291	154977	9e0fe490e2d9200ebe1f2716450543a9a3fb58a765cdfddf44d09a2b1c428809
GetSword.Ani	222	0x0050DB30	154977	154965	192562	192550	4291	158222	192550	0	542172	0	-8	139412	5568	116924	62965f3e932ee2865975edb0300eea55d57bc4934a8c95dd9d28b145ea864dfc
GetSword.Ani	223	0x00533891	116924	116912	139412	139400	5568	94856	139400	0	526830	0	-8	93741	5064	75385	2d56806d6adc56ec642a380ea658a53d4b2ccec54f5f72e094a25588fba6e076
GetSword.Ani	224	0x0055014D	75385	75373	93741	93729	5064	53217	93729	0	489654	0	-8	47870	3241	37319	1be711b6703c5f79573ae9bac5ab4489a8774c73ad7191681224470fd4abf481
GetSword.Ani	225	0x005627C6	37319	37307	47870	47858	3241	21930	47858	0	507584	0	-8	166267	779	128873	46d8e4659b1b507ee78f1b270524bca7f506882ad47007788e6eaa0219934194
GetSword.Ani	226	0x0056B98D	128873	128861	166267	166255	779	160023	166255	0	560130	0	-8	217723	10920	163822	fdb51d2ad401bb6338ae86319aaa0d11f6cc414c84a5fd72bcb3611e702a3e3f
GetSword.Ani	227	0x0058B0F6	163822	163810	217723	217711	10920	130351	217711	0	560130	0	-8	263417	20012	182579	2673529694037874eb82136638ea5bf7ffcd2cbdaf0f51c35fb7ca168964563f
GetSword.Ani	228	0x005B30E4	182579	182567	263417	263405	20012	103309	263405	0	560130	0	-8	171140	1552	138192	192f1b5dcaa37ecddb715ec63ab7ee6eeca3915935e474fa08fcad4d15fe8527
GetSword.Ani	229	0x005DFA17	138192	138180	171140	171128	1552	158712	171128	0	560130	0	-8	190283	5086	150593	a9ed6440722360d1770c99bc341029e6be98bb4da60a877c428285819d8d96c6
GetSword.Ani	230	0x006015E7	150593	150581	190283	190271	5086	149583	190271	0	560130	0	-8	167120	933	137268	3073062aa36fa1da278029d8c918679e75a2fdde85a9a6e79308e1bd3681be9f
GetSword.Ani	231	0x00626228	137268	137256	167120	167108	933	159644	167108	0	560130	0	-8	12	0	12	77243a947b0780359d520febeee3fe343ed74a2c46e5b75768eaa4423e730a2e
GetSword.Ani	232	0x00647A5C	12	0	12	0	0	0	0	0	0	skipped_when_size_minus_12_is_zero	unsafe_12_byte_metadata_plus_stale_scratch_tail	171414	2262	139430	e3b0c44298fc1c149afbf4c8996fb92427ae41e4649b934ca495991b7852b855
GetSword.Ani	233	0x00647A68	139430	139418	171414	171402	2262	153306	171402	0	560130	0	-8	171414	2262	141424	aede151950d6a78cf1794ed01364cffaa7f82c58338ac6789d518cd5172af618
GetSword.Ani	234	0x00669B0E	141424	141412	171414	171402	2262	153306	171402	0	560130	0	-8	171414	2262	139430	748d3544130d020fe3a761a77bdab2037b302a88439c5cc801b4677efd2bea52
GetSword.Ani	235	0x0068C37E	139430	139418	171414	171402	2262	153306	171402	0	560130	0	-8	171414	2262	141424	aede151950d6a78cf1794ed01364cffaa7f82c58338ac6789d518cd5172af618
GetSword.Ani	236	0x006AE424	141424	141412	171414	171402	2262	153306	171402	0	560130	0	-8	12	0	12	748d3544130d020fe3a761a77bdab2037b302a88439c5cc801b4677efd2bea52
GetSword.Ani	237	0x006D0C94	12	0	12	0	0	0	0	0	0	skipped_when_size_minus_12_is_zero	unsafe_12_byte_metadata_plus_stale_scratch_tail	2930	273	2306	e3b0c44298fc1c149afbf4c8996fb92427ae41e4649b934ca495991b7852b855
GetSword.Ani	238	0x006D0CA0	2306	2294	2930	2918	273	734	2918	0	540906	0	-8	21982	2204	13427	bec3145a30d46a05e755147748e2f476997df5896fe88cf6641ae5349057a7f6
GetSword.Ani	239	0x006D15A2	13427	13415	21982	21970	2204	4338	21970	0	378270	0	-8	96868	8295	66387	9ea64ebd4dbcc8ea9d8ad7432e14865277593e50207a694946aecc97ee744d5b
GetSword.Ani	240	0x006D4A15	66387	66375	96868	96856	8295	30496	96856	0	378338	0	-8	391	42	295	23df4713cb41a6f4dd26c3b46fa2364b4ab34c886cdf8c61f0624c27f9db6fb8
GetSword.Ani	241	0x006E4D68	295	283	391	379	42	43	379	0	356416	0	-8	143456	13138	96878	bb51e521cd273ba56c897917d1671a8575017a1acac84efbc9e27fd80cfe8b36
GetSword.Ani	242	0x006E4E8F	96878	96866	143456	143444	13138	38340	143444	0	378360	0	-8	178534	16415	118202	737a81881692021d9cde71bdb0cd6e3a4112290f5f60d009a95c0be7f05a6cbf
GetSword.Ani	243	0x006FC8FD	118202	118190	178534	178522	16415	47202	178522	0	378360	0	-8	8050	888	4172	7becc27c91904a6c8949f33670065a92f27297b5b59111be810c5f6af6a1bc07
GetSword.Ani	244	0x007196B7	4172	4160	8050	8038	888	934	8038	0	373014	0	-8	192798	17692	127000	3f5ef77b4a4217ec98260401762b460fe719a611c080a98007aa4f5336535996
GetSword.Ani	245	0x0071A703	127000	126988	192798	192786	17692	51250	192786	0	378332	0	-8	196888	17508	131912	c771ee227bd559238b4f01c458711a63f5f79bc3b20bdb283393842b078321d5
GetSword.Ani	246	0x0073971B	131912	131900	196888	196876	17508	56812	196876	0	378320	0	-8	207107	18375	137712	4b4b574c83a0b08d8bdfc7a952b48e99aac90d05ec00e586b7615ef4f4bb9123
GetSword.Ani	247	0x00759A63	137712	137700	207107	207095	18375	60095	207095	0	378336	0	-8	23318	2554	12396	4e53cce65c1d69e3045e3e383718ab93a2914646a19b3ba5272d2ae8abf054db
GetSword.Ani	248	0x0077B453	12396	12384	23318	23306	2554	2874	23306	0	361498	0	-8	215667	18939	144690	55e89f4253b2775ed6e66b85b1cfdd797e7f35f470de3f8e2177ed0ffcb2ab03
GetSword.Ani	249	0x0077E4BF	144690	144678	215667	215655	18939	64143	215655	0	378336	0	-8	225931	19659	153993	e83e3139ae43405866a12400d6cf45e2e5fd49e419d4327c38c6cafc956e3f58
GetSword.Ani	250	0x007A19F1	153993	153981	225931	225919	19659	68647	225919	0	378330	0	-8	17301	1897	9376	f763ad5b855df4ff0110abfccc80c79167ec1f840e7ad246da25c65bfe66c498
GetSword.Ani	251	0x007C737A	9376	9364	17301	17289	1897	2113	17289	0	360216	0	-8	237296	20544	160757	b8192a88e4fe758831b02225806743f40e809616a2088f999dc0a9ff2181afa0
GetSword.Ani	252	0x007C981A	160757	160745	237296	237284	20544	72932	237284	0	378330	0	-8	235433	20102	161259	c1c8d4c0aeb5915de2c948976da5dea72f18034cbb16ba938a9c541d2b8662db
GetSword.Ani	253	0x007F0C0F	161259	161247	235433	235421	20102	74605	235421	0	378322	0	-8	58509	6323	30791	b92314d66b6b95d0d9608b04e52e9e9d0476661314a013b331813307dfd68c28
GetSword.Ani	254	0x008181FA	30791	30779	58509	58497	6323	7913	58497	0	357720	0	-8	234959	19840	162830	5a73c0df8d6e330ea4d0875be8ad00e6a336a54cfbfe73fd02e26d5aac1e2f91
GetSword.Ani	255	0x0081FA41	162830	162818	234959	234947	19840	76227	234947	0	378346	0	-8	225207	19369	157727	90f3b681a097b9094711bee25316bf458bc8ea73a8aae50c09ccbef6e5fd6674
GetSword.Ani	256	0x0084764F	157727	157715	225207	225195	19369	70243	225195	0	378346	0	-8	229341	18849	163098	b4424b77d4b6cfdb1aa19b2cef5b00bccc6c0c6fa2f540f8dbed7cc6a7cafe1b
GetSword.Ani	257	0x0086DE6E	163098	163086	229341	229329	18849	78537	229329	0	378342	0	-8	49795	5431	27260	85e372685b1f7ef411ac19899574f6343071cf95fbda544722af152b61809b56
GetSword.Ani	258	0x00895B88	27260	27248	49795	49783	5431	6335	49783	0	378254	0	-8	225023	17781	162310	3f8248d0e2959f8a981bd223dfef720b4ec2b34f46373a54a95e5bb68d06b74f
GetSword.Ani	259	0x0089C604	162310	162298	225023	225011	17781	82763	225011	0	378344	0	-8	228958	18364	166151	77d11a62d1c8b53510a16dd2410e53c14b54d3caae247c045ae6d17581a31f31
GetSword.Ani	260	0x008C400A	166151	166139	228958	228946	18364	82034	228946	0	378344	0	-8	225444	20323	150968	6b3ba466cf36c24242813b560e092302952673936b2eb8ffcf47df08f8d7b86d
GetSword.Ani	261	0x008EC911	150968	150956	225444	225432	20323	62848	225432	0	378328	0	-8	218048	15770	161574	7ed8e16f227867112d026d8599f0425370770136c348b6ca65122d8e5fad5bd2
GetSword.Ani	262	0x009116C9	161574	161562	218048	218036	15770	91876	218036	0	378300	0	-8	204391	15331	154865	e30f13e66fd0cbbb240b273fdb2df16681f5f6c5d8f60f282685f4cc3e4c254d
GetSword.Ani	263	0x00938DEF	154865	154853	204391	204379	15331	81731	204379	0	378274	0	-8	196599	14257	149087	71a490846e35252ab55e7a05392b672837912a57a242102ac55ff96f007b13cd
GetSword.Ani	264	0x0095EAE0	149087	149075	196599	196587	14257	82531	196587	0	378294	0	-8	148437	10407	112935	2bf683505fa15314c5d266150565185d3eb77aacbcca6726a6f68002418650c5
GetSword.Ani	265	0x0098313F	112935	112923	148437	148425	10407	65169	148425	0	378294	0	-8	120197	8720	82675	f7d28bec3c8e567fe411d8393d319f1d0a37c20b1ca3ea116cba0c8805dccfd2
GetSword.Ani	266	0x0099EA66	82675	82663	120197	120185	8720	50425	120185	0	540906	0	-8	1200	111	959	08e21199e8bdb292b1b5a491c074a22b20c4be2a6432cd6ee6947886922ee53c
GetSword.Ani	267	0x009B2D59	959	947	1200	1188	111	300	1188	0	287388	0	-8	1166	83	1028	503ac0f8746b9552552d6b1def732c7c7d1060896b9b90ccd44e31acac44ff4b
GetSword.Ani	268	0x009B3118	1028	1016	1166	1154	83	490	1154	0	287388	0	-8	1359	121	1144	7f73bf083acc198fa59366fdc1bcf1aaa99e0130722929cc735984f3ed61cda7
GetSword.Ani	269	0x009B351C	1144	1132	1359	1347	121	379	1347	0	287388	0	-8	1286	106	1121	a2a9179065c1bdba7135a94c9342c24d0cf169a1a93d1a363f459378a7be1036
GetSword.Ani	270	0x009B3994	1121	1109	1286	1274	106	426	1274	0	287388	0	-8	1330	114	1167	f21d390676a6f33d7f51c04c375f4f7f1088d767c87cae1d36eb306d69cb619d
GetSword.Ani	271	0x009B3DF5	1167	1155	1330	1318	114	406	1318	0	287388	0	-8	1310	112	1116	7dd00691294cc82c9ee2e184dc6c2a27db17b08640f57370234634cfcd832b4e
GetSword.Ani	272	0x009B4284	1116	1104	1310	1298	112	402	1298	0	287388	0	-8	1334	115	1148	1616df1d17fae93c55ce5f3b9c7a0f6a18c659f3b804ac531388a540dfde0b1f
GetSword.Ani	273	0x009B46E0	1148	1136	1334	1322	115	402	1322	0	287388	0	-8	1124	80	973	9cbc609ca0d88dcbd1688caecc33b5729d3c3b8c04528b27a11f18b533a6fe9f
GetSword.Ani	274	0x009B4B5C	973	961	1124	1112	80	472	1112	0	287388	0	-8	12	0	12	eec35de976395302ef33d309b2676a50fa35191b47d96b4b8f7c697a7986739a
GetSword.Ani	275	0x009B4F29	12	0	12	0	0	0	0	0	0	skipped_when_size_minus_12_is_zero	unsafe_12_byte_metadata_plus_stale_scratch_tail	12	0	12	e3b0c44298fc1c149afbf4c8996fb92427ae41e4649b934ca495991b7852b855
GetSword.Ani	276	0x009B4F35	12	0	12	0	0	0	0	0	0	skipped_when_size_minus_12_is_zero	unsafe_12_byte_metadata_plus_stale_scratch_tail	12	0	12	e3b0c44298fc1c149afbf4c8996fb92427ae41e4649b934ca495991b7852b855
GetSword.Ani	277	0x009B4F41	12	0	12	0	0	0	0	0	0	skipped_when_size_minus_12_is_zero	unsafe_12_byte_metadata_plus_stale_scratch_tail	12	0	12	e3b0c44298fc1c149afbf4c8996fb92427ae41e4649b934ca495991b7852b855
GetSword.Ani	278	0x009B4F4D	12	0	12	0	0	0	0	0	0	skipped_when_size_minus_12_is_zero	unsafe_12_byte_metadata_plus_stale_scratch_tail	3051	163	2365	e3b0c44298fc1c149afbf4c8996fb92427ae41e4649b934ca495991b7852b855
GetSword.Ani	279	0x009B4F59	2365	2353	3051	3039	163	1735	3039	0	311666	0	-8	3356	211	2720	f3a5ed40f01fb17219988d18470083702cb492d9ffe6c404f33880cfe72f8132
GetSword.Ani	280	0x009B5896	2720	2708	3356	3344	211	1656	3344	0	312956	0	-8	3318	198	2652	b29c562fd8a264ea2b2dbb5f83abd023ae3e1ba53b474b7251c220b8a3e13658
GetSword.Ani	281	0x009B6336	2652	2640	3318	3306	198	1722	3306	0	315508	0	-8	3580	241	2855	3bdc7042751d9900424a7c9601e8cd862e27ddabd4455d4c3bb6de2be73ad025
GetSword.Ani	282	0x009B6D92	2855	2843	3580	3568	241	1640	3568	0	318072	0	-8	12	0	12	301dd9f916f5afe2e7a43115babdefd2f7b81cff9a465a52b0c1b1e4ae0beb0b
GetSword.Ani	283	0x009B78B9	12	0	12	0	0	0	0	0	0	skipped_when_size_minus_12_is_zero	unsafe_12_byte_metadata_plus_stale_scratch_tail	12	0	12	e3b0c44298fc1c149afbf4c8996fb92427ae41e4649b934ca495991b7852b855
GetSword.Ani	284	0x009B78C5	12	0	12	0	0	0	0	0	0	skipped_when_size_minus_12_is_zero	unsafe_12_byte_metadata_plus_stale_scratch_tail	12	0	12	e3b0c44298fc1c149afbf4c8996fb92427ae41e4649b934ca495991b7852b855
GetSword.Ani	285	0x009B78D1	12	0	12	0	0	0	0	0	0	skipped_when_size_minus_12_is_zero	unsafe_12_byte_metadata_plus_stale_scratch_tail	3641	188	2891	e3b0c44298fc1c149afbf4c8996fb92427ae41e4649b934ca495991b7852b855
GetSword.Ani	286	0x009B78DD	2891	2879	3641	3629	188	2125	3629	0	325762	0	-8	3618	176	2974	cfc298ba7bd1398861c9ce551b1102fe4bd24ea0702200e5bfb353c0139317c3
GetSword.Ani	287	0x009B8428	2974	2962	3618	3606	176	2198	3606	0	333450	0	-8	3655	185	2940	aaf6baf4a308a9d2f98b56cb96f33e0a29da69753a043bfe85c9b8584e5b2c10
GetSword.Ani	288	0x009B8FC6	2940	2928	3655	3643	185	2163	3643	0	342416	0	-8	3619	194	2966	beb918b69212c5f82bbe8d228ade681bd4e3cda17ac97ced01f510eea32ab0a9
GetSword.Ani	289	0x009B9B42	2966	2954	3619	3607	194	2055	3607	0	348818	0	-8	3948	161	3160	39c035e23649961b727a7766e34bf646f3e0084741897f6bc1cbaf30dfb43ea5
GetSword.Ani	290	0x009BA6D8	3160	3148	3948	3936	161	2648	3936	0	385940	0	-8	3707	151	3047	da089e22fe1c36aeefb7b9d6564703de87b7f9bb1ee5d5b5d145a83af9ad0659
GetSword.Ani	291	0x009BB330	3047	3035	3707	3695	151	2487	3695	0	416658	0	-8	12	0	12	fb5d03edb02c930ae1a99c041af45bdd4af84dd7b64b7647bdab67ee89261a88
GetSword.Ani	292	0x009BBF17	12	0	12	0	0	0	0	0	0	skipped_when_size_minus_12_is_zero	unsafe_12_byte_metadata_plus_stale_scratch_tail	12	0	12	e3b0c44298fc1c149afbf4c8996fb92427ae41e4649b934ca495991b7852b855
GetSword.Ani	293	0x009BBF23	12	0	12	0	0	0	0	0	0	skipped_when_size_minus_12_is_zero	unsafe_12_byte_metadata_plus_stale_scratch_tail	12	0	12	e3b0c44298fc1c149afbf4c8996fb92427ae41e4649b934ca495991b7852b855
GetSword.Ani	294	0x009BBF2F	12	0	12	0	0	0	0	0	0	skipped_when_size_minus_12_is_zero	unsafe_12_byte_metadata_plus_stale_scratch_tail	12	0	12	e3b0c44298fc1c149afbf4c8996fb92427ae41e4649b934ca495991b7852b855
GetSword.Ani	295	0x009BBF3B	12	0	12	0	0	0	0	0	0	skipped_when_size_minus_12_is_zero	unsafe_12_byte_metadata_plus_stale_scratch_tail	12	0	12	e3b0c44298fc1c149afbf4c8996fb92427ae41e4649b934ca495991b7852b855
GetSword.Ani	296	0x009BBF47	12	0	12	0	0	0	0	0	0	skipped_when_size_minus_12_is_zero	unsafe_12_byte_metadata_plus_stale_scratch_tail	12	0	12	e3b0c44298fc1c149afbf4c8996fb92427ae41e4649b934ca495991b7852b855
GetSword.Ani	297	0x009BBF53	12	0	12	0	0	0	0	0	0	skipped_when_size_minus_12_is_zero	unsafe_12_byte_metadata_plus_stale_scratch_tail	12	0	12	e3b0c44298fc1c149afbf4c8996fb92427ae41e4649b934ca495991b7852b855
GetSword.Ani	298	0x009BBF5F	12	0	12	0	0	0	0	0	0	skipped_when_size_minus_12_is_zero	unsafe_12_byte_metadata_plus_stale_scratch_tail	12	0	12	e3b0c44298fc1c149afbf4c8996fb92427ae41e4649b934ca495991b7852b855
GetSword.Ani	299	0x009BBF6B	12	0	12	0	0	0	0	0	0	skipped_when_size_minus_12_is_zero	unsafe_12_byte_metadata_plus_stale_scratch_tail	12	0	12	e3b0c44298fc1c149afbf4c8996fb92427ae41e4649b934ca495991b7852b855
GetSword.Ani	300	0x009BBF77	12	0	12	0	0	0	0	0	0	skipped_when_size_minus_12_is_zero	unsafe_12_byte_metadata_plus_stale_scratch_tail	12	0	12	e3b0c44298fc1c149afbf4c8996fb92427ae41e4649b934ca495991b7852b855
GetSword.Ani	301	0x009BBF83	12	0	12	0	0	0	0	0	0	skipped_when_size_minus_12_is_zero	unsafe_12_byte_metadata_plus_stale_scratch_tail	0	117463967	1118719	e3b0c44298fc1c149afbf4c8996fb92427ae41e4649b934ca495991b7852b855
LiliaDie.Ani	1	0x00000024	190399	190387	307220	307208	1	307200	307208	0	614400	0	-8	3080	271	2306	874b7a6ee4802ea66674b1e03a5cc47325047179f2f22588cbcc7396f6f9e0c6
LiliaDie.Ani	2	0x0002E7E3	2306	2294	3080	3068	271	900	3068	0	422958	0	-8	3804	316	2707	946a58928ca3d745d5d3178ec9d2e385335f27cbe5398e1c047edb352444e43a
LiliaDie.Ani	3	0x0002F0E5	2707	2695	3804	3792	316	1264	3792	0	421678	0	-8	3451	274	2574	842d6bf5921a2db54891969dee0e7e798988067d1e98518822f5555547c8ffe4
LiliaDie.Ani	4	0x0002FB78	2574	2562	3451	3439	274	1247	3439	0	422956	0	-8	3833	318	2770	91955b0f462e406a9ea04f6592973804b3b4b07878ca6c15b6f95dba08ce8d52
LiliaDie.Ani	5	0x00030586	2770	2758	3833	3821	318	1277	3821	0	422956	0	-8	3541	248	2635	4ca5e3b5b86a77dc39c93643bdcb166bf1295ad44d8a4ce87ae0e95fe621d86b
LiliaDie.Ani	6	0x00031058	2635	2623	3541	3529	248	1545	3529	0	421674	0	-8	3558	242	2652	de0a15fa4101d81880bb44489985e7c00b786b41be7872c92b0de985a688bc1d
LiliaDie.Ani	7	0x00031AA3	2652	2640	3558	3546	242	1610	3546	0	419110	0	-8	3404	218	2547	faa7a8a434441b2b04adef707aab2c934a5e1b194e652c4b97a25596d1b92669
LiliaDie.Ani	8	0x000324FF	2547	2535	3404	3392	218	1648	3392	0	419098	0	-8	3311	182	2495	8335e8a4c24a0613f75d86f0c3c1d369c77931d199fb7c640e483ab3b9536e9a
LiliaDie.Ani	9	0x00032EF2	2495	2483	3311	3299	182	1843	3299	0	419098	0	-8	3498	211	2587	f5cd562770c1bb4d68b0d2d8064a1b24e586c69ebef038f40b3259ac809763dd
LiliaDie.Ani	10	0x000338B1	2587	2575	3498	3486	211	1798	3486	0	415248	0	-8	3443	208	2606	a239d3db80347c8f614476012237768fdc7626a2f2881e5dc3215675a55ad342
LiliaDie.Ani	11	0x000342CC	2606	2594	3443	3431	208	1767	3431	0	411398	0	-8	3440	201	2602	4e50feac7e35f0f62ef2d97305126ac87da9402977d4fe32eaa631736ca6ad35
LiliaDie.Ani	12	0x00034CFA	2602	2590	3440	3428	201	1820	3428	0	407550	0	-8	3394	190	2587	e5b023e2bf03b9d534673a5afe3c4810cd9e8e325108c7c785635c0768f3777c
LiliaDie.Ani	13	0x00035724	2587	2575	3394	3382	190	1862	3382	0	406260	0	-8	4716	267	3519	69a449dc0cf4ed5afde96cdfd8324ba6b68fc762a13c093aff8c927363cf50f9
LiliaDie.Ani	14	0x0003613F	3519	3507	4716	4704	267	2568	4704	0	399852	0	-8	3401	189	2533	9181d1471d407036b9034dff93824c664cdd6073ef48fac1696b565abb5b9ea6
LiliaDie.Ani	15	0x00036EFE	2533	2521	3401	3389	189	1877	3389	0	392162	0	-8	3369	193	2527	8f510c605d5449fa93708b911cb5210d563a32031d8a85a4441b8b53d0ab4d2b
LiliaDie.Ani	16	0x000378E3	2527	2515	3369	3357	193	1813	3357	0	385752	0	-8	7019	331	5026	c8fbe44e1de99fe5b912ceebdf4fb91c80484574261996e4bd2dccbb539802da
LiliaDie.Ani	17	0x000382C2	5026	5014	7019	7007	331	4359	7007	0	429574	0	-8	7090	404	4799	ca29a895d55bdf4ca3500a37167710adcf14c919f8ec2a697a5c9be1603f8462
LiliaDie.Ani	18	0x00039664	4799	4787	7090	7078	404	3846	7078	0	429574	0	-8	8035	459	5552	3d3dc6ead19a6b298f2ec2cb41b53baf006f249189de1ca1b017b3998fb2c8fc
LiliaDie.Ani	19	0x0003A923	5552	5540	8035	8023	459	4351	8023	0	425730	0	-8	7855	455	5419	e6cd4cf5c4603408d58665ca65e2dde78c0f1e8ffb71c0be6da760c54237ce16
LiliaDie.Ani	20	0x0003BED3	5419	5407	7855	7843	455	4203	7843	0	420588	0	-8	7457	383	5157	7ee27c764432765f86a3caeb15fe64c50c303e0aab635858aec890bcf7ab016b
LiliaDie.Ani	21	0x0003D3FE	5157	5145	7457	7445	383	4381	7445	0	414166	0	-8	7378	497	4903	a726b6920bcda274ee29304122b214464931a8f1ede2e3c13bcc4a4a556ee1d5
LiliaDie.Ani	22	0x0003E823	4903	4891	7378	7366	497	3390	7366	0	407742	0	-8	7720	541	5227	bff6e50e7c41ba1266708b115cc47acece5fb04ce8c368363cb73437ec9895ff
LiliaDie.Ani	23	0x0003FB4A	5227	5215	7720	7708	541	3380	7708	0	400066	0	-8	7613	533	5078	5a1b9f6b0af487b72eaf9576a5517a995a68609f32147185c3e88c3ad4d00be9
LiliaDie.Ani	24	0x00040FB5	5078	5066	7613	7601	533	3337	7601	0	393666	0	-8	7772	529	5216	ce60c8e99f81366da359a0ef25423d5170dd4e00a71297d999b0b280e69ee2a5
LiliaDie.Ani	25	0x0004238B	5216	5204	7772	7760	529	3528	7760	0	384706	0	-8	7880	512	5423	6aa92bb0bb18dceab60d55b14196c8d7a5fc4e1edb96a014c11a2731e8527665
LiliaDie.Ani	26	0x000437EB	5423	5411	7880	7868	512	3772	7868	0	424392	0	-8	7386	498	5150	b391efccaa2d11033b73c4bca211c77575647300cc1d3cc43df51677bf83a6f1
LiliaDie.Ani	27	0x00044D1A	5150	5138	7386	7374	498	3390	7374	0	370626	0	-8	7810	501	5332	827f39c687679f107d135260705b862241968a34c257fc5412d44b1d08ccdac4
LiliaDie.Ani	28	0x00046138	5332	5320	7810	7798	501	3790	7798	0	361678	0	-8	7926	539	5408	6a0311dfc45178cc077341aa00a3e16b04ea710e870014c23a0e9c250c0951c0
LiliaDie.Ani	29	0x0004760C	5408	5396	7926	7914	539	3602	7914	0	352730	0	-8	7133	458	4815	028170f18812914570ea6d7348d75f222219623fe35f5b0e1f826d7285fba8f5
LiliaDie.Ani	30	0x00048B2C	4815	4803	7133	7121	458	3457	7121	0	343782	0	-8	4777	283	3358	71803f4fad5ab3675122043b227f073e496bd2d5ed999f3d4c181c17cefd8da6
LiliaDie.Ani	31	0x00049DFB	3358	3346	4777	4765	283	2501	4765	0	327164	0	-8	863	67	610	e81baef8588b2328a12643f8c1529d67b935b711afd5ab604bb394ef03273486
LiliaDie.Ani	32	0x0004AB19	610	598	863	851	67	315	851	0	280792	0	-8	3084	274	2277	ec41d717297dde887dbad6928ca8a2298bed402589b2d5adf876d69da171b1f7
LiliaDie.Ani	33	0x0004AD7B	2277	2265	3084	3072	274	880	3072	0	324302	0	-8	3099	274	2300	8f92342266dd0a4e497af30e48642c64de9faf4b23934c3afb97a69b35450885
LiliaDie.Ani	34	0x0004B660	2300	2288	3099	3087	274	895	3087	0	323022	0	-8	4769	388	3369	3bc3a147e3b50fb7ae5bdc6b4d86eb7082b744480ae70291e883d46bf82a7aeb
LiliaDie.Ani	35	0x0004BF5C	3369	3357	4769	4757	388	1653	4757	0	497328	0	-8	7037	441	5059	97f2f7d43221c07ce97e37d83cbdbbbd3c24597926b13bc1b50eda0bb5cd8d00
LiliaDie.Ani	36	0x0004CC85	5059	5047	7037	7025	441	3497	7025	0	493492	0	-8	7323	508	5335	f67facd51702838334800952fd21e18c0419233af9bc4e6310b12f038917a39c
LiliaDie.Ani	37	0x0004E048	5335	5323	7323	7311	508	3247	7311	0	483252	0	-8	7320	504	5484	2b455451fd59c622a5e5b5a6750f57021b494dddd3b09768a33676adbcb0064d
LiliaDie.Ani	38	0x0004F51F	5484	5472	7320	7308	504	3276	7308	0	469174	0	-8	5057	310	3750	3b8eba09eb64109d947a2d48f2552fe5761e75c0d1675c48b8b314f74b2f2bc2
LiliaDie.Ani	39	0x00050A8B	3750	3738	5057	5045	310	2565	5045	0	455092	0	-8	7687	531	5652	8abed81919a28dabd82afd9627d9474d6c3a191b3e7345e5f2833bdadf3f92c7
LiliaDie.Ani	40	0x00051931	5652	5640	7687	7675	531	3427	7675	0	441018	0	-8	4910	351	3642	5e97e0a01df2e808a6f36eb1b4493da608ef6a29ec6136a4896334080edb45b8
LiliaDie.Ani	41	0x00052F45	3642	3630	4910	4898	351	2090	4898	0	430778	0	-8	7582	640	5532	bfd6a621b21c73a4790f63043bbc0099359395cfe785e26de8be311fa8c96d56
LiliaDie.Ani	42	0x00053D7F	5532	5520	7582	7570	640	2450	7570	0	429498	0	-8	3121	272	2308	5dc08a9a66857fbf4142d5839d51955afb8058c9db5f89eaa7c58ac9e4a3ceef
LiliaDie.Ani	43	0x0005531B	2308	2296	3121	3109	272	933	3109	0	324300	0	-8	3489	245	2573	1adce4563c4991dc7adee36e493b2760084e65c4041ceb1f582d97f47b61b52b
LiliaDie.Ani	44	0x00055C1F	2573	2561	3489	3477	245	1517	3477	0	329420	0	-8	4611	426	3077	8f6b14a2058bda434edd9c1094ae0a0ce55cf999737ae4e80fc38cbf8d8cadbd
LiliaDie.Ani	45	0x0005662C	3077	3065	4611	4599	426	1191	4599	0	329420	0	-8	1437	124	1101	7f3d962d45f15f7828e02486ad1c9098a902f5b60de50dc2f77ec790165d0b41
LiliaDie.Ani	46	0x00057231	1101	1089	1437	1425	124	433	1425	0	293858	0	-8	3991	327	2908	8e96bb116713c96a08e2a199a23b6b68a3dcaf4c0835044684f176dcec6ad142
LiliaDie.Ani	47	0x0005767E	2908	2896	3991	3979	327	1363	3979	0	331978	0	-8	3932	286	2995	dd206ddbdca1256e13031c917dca36caefa97b8808e5b376648bab932ba956ad
LiliaDie.Ani	48	0x000581DA	2995	2983	3932	3920	286	1632	3920	0	337098	0	-8	3766	325	2783	4fe6b8e81b65e67706b25753aa3e39d10a680769fffc87e20fff254817cce276
LiliaDie.Ani	49	0x00058D8D	2783	2771	3766	3754	325	1154	3754	0	338378	0	-8	3556	305	2683	ebd2d6cb167f24dee3e685a0aeda3286e3a5fe842a280ca53379c03dd63466ad
LiliaDie.Ani	50	0x0005986C	2683	2671	3556	3544	305	1104	3544	0	339658	0	-8	4044	302	3029	78f5081cf9a3e2d0fb11dbfd74b3e5e2937943914a2bc930f1334cd6a4403072
LiliaDie.Ani	51	0x0005A2E7	3029	3017	4044	4032	302	1616	4032	0	343498	0	-8	4022	290	3055	9a8c7595bd78d804c9aa080daa9979eaa755bdcd5dc97cb1f23e90c1076e6648
LiliaDie.Ani	52	0x0005AEBC	3055	3043	4022	4010	290	1690	4010	0	348618	0	-8	5542	457	3961	adc3a8020454a553c8dec7a61f4de312cef8baaffc13eab280eaf74a6441b43d
LiliaDie.Ani	53	0x0005BAAB	3961	3949	5542	5530	457	1874	5530	0	429498	0	-8	6713	505	4919	66208f3898bf6fda372286c064c3ad1a9bd5aa86ee48203f23f08b9a4127afd6
LiliaDie.Ani	54	0x0005CA24	4919	4907	6713	6701	505	2661	6701	0	426942	0	-8	6997	434	5108	9fe39086a59e97a7612395b2d36ac60f939313c66d6e9e29de068a93153efe31
LiliaDie.Ani	55	0x0005DD5B	5108	5096	6997	6985	434	3513	6985	0	421822	0	-8	7636	499	5689	6e9d8d1ed82dc81b98644080c7084e435368b933485ad8e5320cb7dd71fc0dce
LiliaDie.Ani	56	0x0005F14F	5689	5677	7636	7624	499	3632	7624	0	415422	0	-8	7213	491	5161	cd553143f64e548ab06d0b24e86c572ac4febca3d1ff7fb4c89834ff1c931d69
LiliaDie.Ani	57	0x00060788	5161	5149	7213	7201	491	3273	7201	0	409018	0	-8	7139	460	5146	3c5bde0346154d647859d03e1927d16340012548f127732cc1f2467d06bb3763
LiliaDie.Ani	58	0x00061BB1	5146	5134	7139	7127	460	3447	7127	0	400060	0	-8	7630	469	5525	5e9462b6cec8f737fdf6ffb4359acf1845a8ee6cb5f9fc9704ebf75b723b9277
LiliaDie.Ani	59	0x00062FCB	5525	5513	7630	7618	469	3866	7618	0	392380	0	-8	6992	448	5166	f2df9230bc697cfdd0e783ce5124fc1f67e0cbdffc305f628eccf37c8af56020
LiliaDie.Ani	60	0x00064560	5166	5154	6992	6980	448	3396	6980	0	383418	0	-8	7420	468	5402	530279be963d5d918b601139c3d36cf81c435705b12560887261ec6e5bf0dd2c
LiliaDie.Ani	61	0x0006598E	5402	5390	7420	7408	468	3664	7408	0	383408	0	-8	7392	454	5430	6c38525fb951d812bbac854c7f3f62a9b5350a9e4515e3c8af2e90c6764f4f37
LiliaDie.Ani	62	0x00066EA8	5430	5418	7392	7380	454	3748	7380	0	384484	0	-8	7353	453	5415	8f60b6ffe0f6b48cf180691e952efe1ca6783498190d620107ddbc4e826f2e6c
LiliaDie.Ani	63	0x000683DE	5415	5403	7353	7341	453	3717	7341	0	388326	0	-8	7327	435	5273	6413ad1eb20719a9717ab54dbea7d88e0c2feef52cf1a8e8db25b04ce59c8038
LiliaDie.Ani	64	0x00069905	5273	5261	7327	7315	435	3835	7315	0	396010	0	-8	10795	586	7989	3ffa2b6a155841d4e0e8af65823497c71130044d1e2f8844300109e2d8c04814
LiliaDie.Ani	65	0x0006AD9E	7989	7977	10795	10783	586	6095	10783	0	398574	0	-8	10341	667	7677	c2924f2437b46b875e63094c88a78a471218de346f6d7da012081b9e660da27d
LiliaDie.Ani	66	0x0006CCD3	7677	7665	10341	10329	667	4993	10329	0	399858	0	-8	8036	594	5952	48f62fd806e0582493b180eaf6f0b85a01bfdcf4a54f950a58a554410d41b909
LiliaDie.Ani	67	0x0006EAD0	5952	5940	8036	8024	594	3272	8024	0	402420	0	-8	10272	696	7475	b6ee5198fd39633b313dcdd0c2dff3cbaf573baf95154e0fa12442f50a73300a
LiliaDie.Ani	68	0x00070210	7475	7463	10272	10260	696	4692	10260	0	407542	0	-8	7232	554	5379	4ecfe539348da28062500ae07d421472bfa03f030af370352b8239cf0c578a85
LiliaDie.Ani	69	0x00071F43	5379	5367	7232	7220	554	2788	7220	0	408824	0	-8	3997	357	2809	b90e506faa5635531eb79a553f577b7939b8904773479208b6992202c1dd1244
LiliaDie.Ani	70	0x00073446	2809	2797	3997	3985	357	1129	3985	0	408826	0	-8	7171	612	5258	1a90f9999efc128dc94213806c71f0ef78eee4d00cba2b241610f63479e5e2fd
LiliaDie.Ani	71	0x00073F3F	5258	5246	7171	7159	612	2263	7159	0	410108	0	-8	7696	595	5625	1176569774d60ad4f99e1a33bb27b31aa7763cd3c0d2e7fe9ae4504de018d639
LiliaDie.Ani	72	0x000753C9	5625	5613	7696	7684	595	2924	7684	0	412668	0	-8	4456	221	3259	2b2d72613432b69521da40f6bb97c42e7a24bd37378fef529c4df24e7feb6ce5
LiliaDie.Ani	73	0x000769C2	3259	3247	4456	4444	221	2676	4444	0	369108	0	-8	3080	271	2344	eda487abcc019ecece434bfe5ae9f933c081149ae3fd749d071cc3b8831d18f4
LiliaDie.Ani	74	0x0007767D	2344	2332	3080	3068	271	900	3068	0	412668	0	-8	4070	265	3092	ab2ead643b892da9d8d119280112a15a137dd6d87f809f80052380282797edbc
LiliaDie.Ani	75	0x00077FA5	3092	3080	4070	4058	265	1938	4058	0	367878	0	-8	3560	256	2657	3aee3050aef3cd5f6b66fc13dace822c38403cd818868350354b9f03fe71621c
LiliaDie.Ani	76	0x00078BB9	2657	2645	3560	3548	256	1500	3548	0	415230	0	-8	3085	274	2298	19461d078c15d9a989e761c2f56e9ba0805b4959b7c922a941c952048734ed8d
LiliaDie.Ani	77	0x0007961A	2298	2286	3085	3073	274	881	3073	0	415230	0	-8	3080	271	2354	9339f8aed9cbed2f52d4cabd555f4850307180fd7dfe11f62e495c36c51ca54b
LiliaDie.Ani	78	0x00079F14	2354	2342	3080	3068	271	900	3068	0	413950	0	-8	807	64	608	bc3da120db1f4ec108681d5b3161dacfc5ac0671d2fdb10eb1e935952bebc71f
LiliaDie.Ani	79	0x0007A846	608	596	807	795	64	283	795	0	369160	0	-8	822	61	604	d9a0078afc42a45e44e34d3edb5912e334bb66294bc4172f35dd6e9d443b34a5
LiliaDie.Ani	80	0x0007AAA6	604	592	822	810	61	322	810	0	369160	0	-8	3085	274	2307	6265ef3e0326ef3186dd2f38b0c84ecd5e021b83bc6a1cd4c7f29d48ae985927
LiliaDie.Ani	81	0x0007AD02	2307	2295	3085	3073	274	881	3073	0	412670	0	-8	3080	271	2353	bbf0731b31bbd08251ffd8bd8753129830975b9fdec99be082f882edbfffc07f
LiliaDie.Ani	82	0x0007B605	2353	2341	3080	3068	271	900	3068	0	411390	0	-8	807	64	618	f6cf7a8139574c5bb824ae268d17961ea5bf024b51d9e9b0ce33f32dc02d394b
LiliaDie.Ani	83	0x0007BF36	618	606	807	795	64	283	795	0	366600	0	-8	3529	281	2644	3719657f2e55e6741689c75331ada1620bdae7c0494dee9009f3c2770f14162d
LiliaDie.Ani	84	0x0007C1A0	2644	2632	3529	3517	281	1269	3517	0	412670	0	-8	3163	281	2369	cd5dd018bc1a2c225f560d2140905ad779fb60817f625fa54805824fa4fc465c
LiliaDie.Ani	85	0x0007CBF4	2369	2357	3163	3151	281	903	3151	0	412670	0	-8	3158	278	2410	261557d0956883c79b75d3e26b665b870fc54b4fcc3fa81652fcf12884e3e2f8
LiliaDie.Ani	86	0x0007D535	2410	2398	3158	3146	278	922	3146	0	411390	0	-8	885	71	680	7a6b356eaf0c6abe9af1c8e30d76db0758d2e4455892e8b5e1b10a2e52ee0787
LiliaDie.Ani	87	0x0007DE9F	680	668	885	873	71	305	873	0	366600	0	-8	3529	281	2644	58ff5474d6d51a2f3aa5180453438a5b44fc05d9c578e52956d936d51abc2076
LiliaDie.Ani	88	0x0007E147	2644	2632	3529	3517	281	1269	3517	0	412670	0	-8	3085	274	2307	cd5dd018bc1a2c225f560d2140905ad779fb60817f625fa54805824fa4fc465c
LiliaDie.Ani	89	0x0007EB9B	2307	2295	3085	3073	274	881	3073	0	412670	0	-8	3080	271	2353	bbf0731b31bbd08251ffd8bd8753129830975b9fdec99be082f882edbfffc07f
LiliaDie.Ani	90	0x0007F49E	2353	2341	3080	3068	271	900	3068	0	411390	0	-8	807	64	618	f6cf7a8139574c5bb824ae268d17961ea5bf024b51d9e9b0ce33f32dc02d394b
LiliaDie.Ani	91	0x0007FDCF	618	606	807	795	64	283	795	0	366600	0	-8	3111	268	2330	3719657f2e55e6741689c75331ada1620bdae7c0494dee9009f3c2770f14162d
LiliaDie.Ani	92	0x00080039	2330	2318	3111	3099	268	955	3099	0	411390	0	-8	3085	274	2307	4719b36f8be644fdc349602a25a6df60256b20653d15fb7ad2588f58c4fcf597
LiliaDie.Ani	93	0x00080953	2307	2295	3085	3073	274	881	3073	0	411390	0	-8	3080	271	2347	27608cbdd23d42e54b06dc1bec84c3dfdf74118bf74622de1eacbfc168052b91
LiliaDie.Ani	94	0x00081256	2347	2335	3080	3068	271	900	3068	0	410110	0	-8	807	64	617	5a2809a692675f8c226814bc1d9ca112529dcb5c7554858284a358d6d430fa07
LiliaDie.Ani	95	0x00081B81	617	605	807	795	64	283	795	0	365320	0	-8	3451	274	2598	c0cadafcb87bff76b4b6f6ff0a6309ea4fd1b94d5351147537d2082f41e1ce81
LiliaDie.Ani	96	0x00081DEA	2598	2586	3451	3439	274	1247	3439	0	411390	0	-8	3553	291	2657	9ab49d68db610bb6254c5d8e6ef38dc95aba4bc62f77895044166c233f7c95da
LiliaDie.Ani	97	0x00082810	2657	2645	3553	3541	291	1213	3541	0	411390	0	-8	3173	279	2438	bf2dd74bfbba375e6366e1bb5b152862db7911afb807fc83bfa07982ad499208
LiliaDie.Ani	98	0x00083271	2438	2426	3173	3161	279	929	3161	0	408830	0	-8	807	64	616	b9902ac6c7564f3f6709ee96470c932b9d21903236e2fc9b03f9e2fb80eca04e
LiliaDie.Ani	99	0x00083BF7	616	604	807	795	64	283	795	0	364040	0	-8	3451	274	2593	62c4ec864eb827f4b7dcd47b9305d1eb12094191553819554a0d8bde04b071cb
LiliaDie.Ani	100	0x00083E5F	2593	2581	3451	3439	274	1247	3439	0	410110	0	-8	3460	283	2599	9c335d3d10f018fd79b30b81ca44a8fa628a8d8c2705671a020c6f87956e7cee
LiliaDie.Ani	101	0x00084880	2599	2587	3460	3448	283	1184	3448	0	410110	0	-8	3080	271	2353	3b03856eebbd916a308f2dd1d8a7ee3dc310119893c7ecc7da0e20a537156806
LiliaDie.Ani	102	0x000852A7	2353	2341	3080	3068	271	900	3068	0	407550	0	-8	807	64	612	50d780f216337088c79bc4931863bd4579b2ea05c377b7cf7a77f240f787f1ca
LiliaDie.Ani	103	0x00085BD8	612	600	807	795	64	283	795	0	362760	0	-8	3451	274	2608	4d25c0e9bbbc427ade276f7bfa218c795e55a70a97850f17009027833bf1e3d8
LiliaDie.Ani	104	0x00085E3C	2608	2596	3451	3439	274	1247	3439	0	408830	0	-8	3460	283	2585	8ada2ece21a132ec62db8c24b2a2e29f583f5d93b9f08cdd105e5e2d79296e58
LiliaDie.Ani	105	0x0008686C	2585	2573	3460	3448	283	1184	3448	0	408830	0	-8	3080	271	2360	1c4d1feb8f0adf443f2ebc2775e5140644a762bb6c5f5bc48bfca211f3c4c9c2
LiliaDie.Ani	106	0x00087285	2360	2348	3080	3068	271	900	3068	0	406270	0	-8	908	74	710	62f36dea8ba2f8723432fea03cec95afe59e005af9a128bc0e9db972b15a8871
LiliaDie.Ani	107	0x00087BBD	710	698	908	896	74	304	896	0	361480	0	-8	3552	284	2689	fa28e2c4bf6b65378883a238daf802448f833ab36e6cc6b958f1d52aae0901f7
LiliaDie.Ani	108	0x00087E83	2689	2677	3552	3540	284	1268	3540	0	407550	0	-8	3460	283	2611	18b3c08896b608ae52ac74aa41480c5ab6a5c8d3435348d28e2d00c1a1c55aa7
LiliaDie.Ani	109	0x00088904	2611	2599	3460	3448	283	1184	3448	0	407550	0	-8	3080	271	2351	8f1a166fc997e8feffe2cc9f463b2392f427fd68de0241b7cd3b31cb75f69772
LiliaDie.Ani	110	0x00089337	2351	2339	3080	3068	271	900	3068	0	404990	0	-8	807	64	618	7ee6c49863aa3fbd1837bc2e9a39424c604fecedb6c1b9bd999b63ed89c03af7
LiliaDie.Ani	111	0x00089C66	618	606	807	795	64	283	795	0	360200	0	-8	3627	293	2660	031bab046d83e6ca0819b159856440a80305ec3fdceb30f421137944a29f3d63
LiliaDie.Ani	112	0x00089ED0	2660	2648	3627	3615	293	1271	3615	0	404988	0	-8	3085	274	2340	6bc2c6c8a2396149aac40683c5a063178fb36071d819c82f7952678d1ec8f1e9
LiliaDie.Ani	113	0x0008A934	2340	2328	3085	3073	274	881	3073	0	404988	0	-8	3080	271	2349	e67284090f31d11dfaffc96ac5f00c711addda88fd0be37f6ed4e7a14047757b
LiliaDie.Ani	114	0x0008B258	2349	2337	3080	3068	271	900	3068	0	403708	0	-8	3069	268	2323	2b51639286a51cabe0e0e8c73678451ff7522b07997d9846454810e399bbe401
LiliaDie.Ani	115	0x0008BB85	2323	2311	3069	3057	268	913	3057	0	402428	0	-8	3451	274	2599	e54cbddc035c8798377d4ac42005bbf437e1a98080af9c8cf9669d00add68fa1
LiliaDie.Ani	116	0x0008C498	2599	2587	3451	3439	274	1247	3439	0	403708	0	-8	3085	274	2339	cbe88f17eb5ae33a7dad4031bc0f8660f983c91d817c4575af240e63d153492f
LiliaDie.Ani	117	0x0008CEBF	2339	2327	3085	3073	274	881	3073	0	403708	0	-8	3080	271	2352	b1e4a059aeb164021d716c81c0f530f88656627b74d052e7ec325d149a946b94
LiliaDie.Ani	118	0x0008D7E2	2352	2340	3080	3068	271	900	3068	0	402428	0	-8	3069	268	2310	f2dfa55bdb7888eae12a25652ce615780ec61f25033eb9701bf82664fed8223a
LiliaDie.Ani	119	0x0008E112	2310	2298	3069	3057	268	913	3057	0	401148	0	-8	3544	282	2675	638ba9b41dfcf06a9a042bbbbead963605c4dd2f3dd08a2e000c3095130235ae
LiliaDie.Ani	120	0x0008EA18	2675	2663	3544	3532	282	1276	3532	0	402428	0	-8	3178	282	2418	7d7c2fa2efd7f2ac8bc564dafaa920320c00050f0276811c4d295241d90a60c8
LiliaDie.Ani	121	0x0008F48B	2418	2406	3178	3166	282	910	3166	0	402428	0	-8	3439	281	2586	2f935841e61df2daf30a189f51c4d0e4313a8892c173cecf9870a3e6c138a14c
LiliaDie.Ani	122	0x0008FDFD	2586	2574	3439	3427	281	1179	3427	0	401148	0	-8	807	64	621	095ad106b72d0ca301f0c6193555d021284911a79e875316a854261a3dedb317
LiliaDie.Ani	123	0x00090817	621	609	807	795	64	283	795	0	355078	0	-8	3529	281	2671	55fdc56e225634bf3f7cdd8e2865ac5f3bc243e7792918b7402471b12be1152c
LiliaDie.Ani	124	0x00090A84	2671	2659	3529	3517	281	1269	3517	0	401148	0	-8	3163	281	2383	8dddfd9314e33cfbab01cdff2320abc8adca2132e457f4278b8c1ab7590f454a
LiliaDie.Ani	125	0x000914F3	2383	2371	3163	3151	281	903	3151	0	401148	0	-8	3846	311	2863	340932586e5145c0ddd3ec2a05174f981cc09387d390f84557a7947c7df000d0
LiliaDie.Ani	126	0x00091E42	2863	2851	3846	3834	311	1346	3834	0	399868	0	-8	807	64	614	7d55484f4fc968f4c52ac9e2b967be93b63145c9c2c0b83c18961a0d56e3617d
LiliaDie.Ani	127	0x00092971	614	602	807	795	64	283	795	0	353798	0	-8	3451	274	2599	fb85954d3fa6df8a2acb27325765bf675fef13d2976a4415ae59c13b223585ae
LiliaDie.Ani	128	0x00092BD7	2599	2587	3451	3439	274	1247	3439	0	399868	0	-8	3085	274	2349	37eb454c788d6aeb2a22795a6ce4aa4c7ab5db969d5f7b808a388a367bc8435a
LiliaDie.Ani	129	0x000935FE	2349	2337	3085	3073	274	881	3073	0	399868	0	-8	3080	271	2340	560c09d9944e2f9d85468ac71307cde3c919a2cb8b424fc89ef2dc2420c8f02c
LiliaDie.Ani	130	0x00093F2B	2340	2328	3080	3068	271	900	3068	0	398588	0	-8	807	64	614	4bf64164d0b2372e9647ad34b8550a99e90b3f5ea94d9e553f99e1f97db1489e
LiliaDie.Ani	131	0x0009484F	614	602	807	795	64	283	795	0	353798	0	-8	3111	268	2333	fb85954d3fa6df8a2acb27325765bf675fef13d2976a4415ae59c13b223585ae
LiliaDie.Ani	132	0x00094AB5	2333	2321	3111	3099	268	955	3099	0	398588	0	-8	3085	274	2350	8f8782c4b6e9a2bad6b49ef0562f1446651433a5a06e445746d2ce19c7a9a9a5
LiliaDie.Ani	133	0x000953D2	2350	2338	3085	3073	274	881	3073	0	398588	0	-8	3080	271	2345	1de511a1fdbbb4b2008002cc2f576b55598480dad410c73399ff0e1f0ae12aa0
LiliaDie.Ani	134	0x00095D00	2345	2333	3080	3068	271	900	3068	0	397308	0	-8	807	64	618	24d82a70dc9063bf725c0c86c8d5ba7c05de5c1eeb2dddd89cc01c60d6b50c33
LiliaDie.Ani	135	0x00096629	618	606	807	795	64	283	795	0	352518	0	-8	3529	281	2658	aaed34208711168bcd007123d3f4665596a44d21f540e8a91d84a3ab11103567
LiliaDie.Ani	136	0x00096893	2658	2646	3529	3517	281	1269	3517	0	398588	0	-8	4875	414	3682	2080af9f861f995dc016b374dd61ff8bc811d11365ea57cb7898399eaa1cfb92
LiliaDie.Ani	137	0x000972F5	3682	3670	4875	4863	414	1551	4863	0	398588	0	-8	3181	281	2430	99c82218dda476645f0016c54b6ea37c362a3c0de00160a7d1611765794dd8ee
LiliaDie.Ani	138	0x00098157	2430	2418	3181	3169	281	921	3169	0	397308	0	-8	881	71	685	aea207fcedc4fe28c642e24860e9170ea231da2c19235d99d7d68fbe2b2da156
LiliaDie.Ani	139	0x00098AD5	685	673	881	869	71	301	869	0	352518	0	-8	3451	274	2599	3c59bf518b0268ace6167e08f511a3923ba6d7cd85ac490009af09ae367cf63e
LiliaDie.Ani	140	0x00098D82	2599	2587	3451	3439	274	1247	3439	0	398588	0	-8	3085	274	2350	34af7769595e9226567255b25d8f9342a848251479e15fbeefe97b41dfa99431
LiliaDie.Ani	141	0x000997A9	2350	2338	3085	3073	274	881	3073	0	398588	0	-8	3080	271	2345	1de511a1fdbbb4b2008002cc2f576b55598480dad410c73399ff0e1f0ae12aa0
LiliaDie.Ani	142	0x0009A0D7	2345	2333	3080	3068	271	900	3068	0	397308	0	-8	3804	316	2766	24d82a70dc9063bf725c0c86c8d5ba7c05de5c1eeb2dddd89cc01c60d6b50c33
LiliaDie.Ani	143	0x0009AA00	2766	2754	3804	3792	316	1264	3792	0	396028	0	-8	822	61	625	47b8ec79b6ff3e9d2037fb2f2b540cbf49796ee6315497b66e901155fc60e032
LiliaDie.Ani	144	0x0009B4CE	625	613	822	810	61	322	810	0	351236	0	-8	5377	477	3892	e5d31dbeae564624407b858616446688f63f58f0116d3d91ec29c9f132c4fbaf
LiliaDie.Ani	145	0x0009B73F	3892	3880	5377	5365	477	1549	5365	0	394746	0	-8	5328	470	3855	77860b6ba23c430ec110177c7b1e2880a4c75d995cbf02b1a092f203ded4dfbb
LiliaDie.Ani	146	0x0009C673	3855	3843	5328	5316	470	1556	5316	0	393466	0	-8	3056	263	2155	980ba5e50f6bb767a19640e2169e13092e85003189e3797c64701da19f854943
LiliaDie.Ani	147	0x0009D582	2155	2143	3056	3044	263	940	3044	0	348676	0	-8	5700	473	4092	67f5ad273820c5ddf33edc74eb3b3a6fc44045d804a8d4f421801e17ba6ca84d
LiliaDie.Ani	148	0x0009DDED	4092	4080	5700	5688	473	1904	5688	0	394746	0	-8	5334	473	3855	6f230229e4d9f28c4d891bbb7d5c2bb41a5905e87391087fc7d189319054c607
LiliaDie.Ani	149	0x0009EDE9	3855	3843	5334	5322	473	1538	5322	0	394746	0	-8	5328	470	3855	d23f326ddab17783374ffdd90d03e493a3c6faa256c25abc98463090c3cf17d2
LiliaDie.Ani	150	0x0009FCF8	3855	3843	5328	5316	470	1556	5316	0	393466	0	-8	3056	263	2155	980ba5e50f6bb767a19640e2169e13092e85003189e3797c64701da19f854943
LiliaDie.Ani	151	0x000A0C07	2155	2143	3056	3044	263	940	3044	0	348676	0	-8	5700	473	4092	67f5ad273820c5ddf33edc74eb3b3a6fc44045d804a8d4f421801e17ba6ca84d
LiliaDie.Ani	152	0x000A1472	4092	4080	5700	5688	473	1904	5688	0	394746	0	-8	3085	274	2340	6f230229e4d9f28c4d891bbb7d5c2bb41a5905e87391087fc7d189319054c607
LiliaDie.Ani	153	0x000A246E	2340	2328	3085	3073	274	881	3073	0	394746	0	-8	3079	271	2335	ad8791e6e1a5e739c6df7d2f38e32869de1390b0a4655773893fedf9be606913
LiliaDie.Ani	154	0x000A2D92	2335	2323	3079	3067	271	899	3067	0	393466	0	-8	807	64	602	d4060d10f67104722df41e5f8ee689fad3d2ef3796d46aa6b28b33314047a7ca
LiliaDie.Ani	155	0x000A36B1	602	590	807	795	64	283	795	0	348676	0	-8	3399	249	2550	d964e97b919a9aa4936c653c5763d3d1af901b919a8dca31db0ec5df01f5d845
LiliaDie.Ani	156	0x000A390B	2550	2538	3399	3387	249	1395	3387	0	394744	0	-8	3085	274	2331	fd6e71236d7003483f7300705c8fdd52be1873d60726ea850496e1d45dd8a289
LiliaDie.Ani	157	0x000A4301	2331	2319	3085	3073	274	881	3073	0	394744	0	-8	3080	271	2347	13bbe5ccfef81ad92601111d8fc0a9fcbe801a767e503ee39be93d6b15441db9
LiliaDie.Ani	158	0x000A4C1C	2347	2335	3080	3068	271	900	3068	0	393464	0	-8	807	64	612	1d89cf69b141b10e94a7fa3d3acbe07c56e2429d896b3efca7bcf3190c26c26e
LiliaDie.Ani	159	0x000A5547	612	600	807	795	64	283	795	0	348674	0	-8	3451	274	2585	150b2fc18e19bdded180f5addec05446b1c9f620b7e1bdbbd2015e0ee77b36c8
LiliaDie.Ani	160	0x000A57AB	2585	2573	3451	3439	274	1247	3439	0	394744	0	-8	3778	314	2754	1383dc1bb1518caa00368ed27be9632ae0d42a82b5ae9f8c402ce1efe786c907
LiliaDie.Ani	161	0x000A61C4	2754	2742	3778	3766	314	1254	3766	0	394744	0	-8	3094	273	2334	0a57644e4e67759c849b7387565b4b0e14fe5489355473b89cd5add5af79c5bd
LiliaDie.Ani	162	0x000A6C86	2334	2322	3094	3082	273	898	3082	0	393462	0	-8	807	64	603	f54ee1a9cf1f421d182758db790004e4b0b20cb3db548370cb0f1b5c4620eff0
LiliaDie.Ani	163	0x000A75A4	603	591	807	795	64	283	795	0	348672	0	-8	3451	274	2558	b89d31b521b91dd0ce79ca232c67705638da0d761786a27047932dd48af15146
LiliaDie.Ani	164	0x000A77FF	2558	2546	3451	3439	274	1247	3439	0	394742	0	-8	8854	709	6466	458af95daaf32e47f40054f2aebe3e4d7d23d928f1e81caab00cc6f1d6ce4fed
LiliaDie.Ani	165	0x000A81FD	6466	6454	8854	8842	709	3170	8842	0	394742	0	-8	9637	761	6920	8b04f60c1846af85e7c2de039c2316bec3f2680c8ef19de3417645a2c2fc67ff
LiliaDie.Ani	166	0x000A9B3F	6920	6908	9637	9625	761	3537	9625	0	393462	0	-8	6732	526	4868	3280eea1fc3f47ec0283098d2f3d28c618b39cb1b2fa68264e24e60a02116959
LiliaDie.Ani	167	0x000AB647	4868	4856	6732	6720	526	2512	6720	0	348670	0	-8	5700	473	4096	76a0bc11d71d09ac1781cf7833e3ec78a9911a114a071a332079bcdb88d29add
LiliaDie.Ani	168	0x000AC94B	4096	4084	5700	5688	473	1904	5688	0	394740	0	-8	5334	473	3843	869c7be8fc287a5c14613c734ba8b94d7bd2eb49449f2c7962827b586d08dcc6
LiliaDie.Ani	169	0x000AD94B	3843	3831	5334	5322	473	1538	5322	0	394740	0	-8	5944	501	4204	965cab4b04d7d4d890bf0da1842f23beaef91c8f8ba7d328f82942206265b4fb
LiliaDie.Ani	170	0x000AE84E	4204	4192	5944	5932	501	1924	5932	0	393460	0	-8	3056	263	2161	634658f35afc2f60e44648872304d07b8e5705e34f6de27310d0429e7f215efd
LiliaDie.Ani	171	0x000AF8BA	2161	2149	3056	3044	263	940	3044	0	348668	0	-8	5700	473	4080	bf41cca3ab99cbae846265b1fc4015a797b35ee9997de90222ddbd19766ec860
LiliaDie.Ani	172	0x000B012B	4080	4068	5700	5688	473	1904	5688	0	394738	0	-8	5334	473	3842	f8495f6607a441ede87a79d72c5afd71ce95eeeda79ef5b722357b2508d3fe82
LiliaDie.Ani	173	0x000B111B	3842	3830	5334	5322	473	1538	5322	0	394738	0	-8	5951	502	4201	15c6b9dd02b7a42c113cdccf36593b0c14c284c33375524598fcdb80a32b6b96
LiliaDie.Ani	174	0x000B201D	4201	4189	5951	5939	502	1923	5939	0	393458	0	-8	807	64	597	dcbe56d6f382a9537989716d63cb733aada6182010191e28444e674824c557d8
LiliaDie.Ani	175	0x000B3086	597	585	807	795	64	283	795	0	348666	0	-8	3451	274	2566	9563de4c13ee0a5e5c9c3618f6364bc6353bd3bbbfb7a8ea59bd4ae0431c34ed
LiliaDie.Ani	176	0x000B32DB	2566	2554	3451	3439	274	1247	3439	0	394736	0	-8	3085	274	2331	c5456794431225b461eea509f4fe4a4657bf90ad9e806d446edf93e9e95850ad
LiliaDie.Ani	177	0x000B3CE1	2331	2319	3085	3073	274	881	3073	0	394736	0	-8	3695	302	2675	15827502bb722f66c52c662db714a3015583903898970e7a8f875e14f1b251c8
LiliaDie.Ani	178	0x000B45FC	2675	2663	3695	3683	302	1267	3683	0	393456	0	-8	807	64	603	25da9a5d8164b655f8102f0f30301fda6a0da3cf176cc0e3f844f49ef7c8ce2e
LiliaDie.Ani	179	0x000B506F	603	591	807	795	64	283	795	0	348664	0	-8	3451	274	2564	da2b151570fda9c68fb129e0686bce5a0ada651fd2790597bade3d053a98baea
LiliaDie.Ani	180	0x000B52CA	2564	2552	3451	3439	274	1247	3439	0	394734	0	-8	7199	626	5173	c8fe4dacbcab96b09ee3c4edba15faa1b04b8d6ce5107ab97bc37d0714f506aa
LiliaDie.Ani	181	0x000B5CCE	5173	5161	7199	7187	626	2179	7187	0	394734	0	-8	7023	581	5100	0946ae0cc407a23a6d7882cb1e379b79994b480c573f0a0c9a16963eadcdd1a1
LiliaDie.Ani	182	0x000B7103	5100	5088	7023	7011	581	2363	7011	0	393454	0	-8	4760	276	3536	b2c83ecc7fb7e4a86671f7fea1d3f9ebfffa5d7e79ae6db78f86a94a02df9287
LiliaDie.Ani	183	0x000B84EF	3536	3524	4760	4748	276	2540	4748	0	348664	0	-8	7585	452	5761	b6fda8b420d506b7c2652b5476dfd2125bff646c9c013a5c939339d207810dcb
LiliaDie.Ani	184	0x000B92BF	5761	5749	7585	7573	452	3957	7573	0	394732	0	-8	7274	483	5384	4ef391a9aabaad1ea4e3845fb405f6d98f0fbeea3b5386cdc2d113c88db154b3
LiliaDie.Ani	185	0x000BA940	5384	5372	7274	7262	483	3398	7262	0	394732	0	-8	7341	502	5367	27db0c937db1f9823eea9ef326432079fd1534f7236d1c2a7cdd399f316c41fd
LiliaDie.Ani	186	0x000BBE48	5367	5355	7341	7329	502	3313	7329	0	393452	0	-8	4789	297	3468	41695ce624ab4f42da1dd53155e556db4a86c23956d77db014165fb0eb34ccd6
LiliaDie.Ani	187	0x000BD33F	3468	3456	4789	4777	297	2401	4777	0	348662	0	-8	7188	540	5300	7040db76370af8603cd2b264d2a236fd709bb26d2f0e43364083b4a9782565e3
LiliaDie.Ani	188	0x000BE0CB	5300	5288	7188	7176	540	2856	7176	0	394732	0	-8	3094	275	2322	f9d5d1e7cd06ad499d32b4b3bbdb4a3b47f4771819c5e9fa5f67d8243b82780d
LiliaDie.Ani	189	0x000BF57F	2322	2310	3094	3082	275	882	3082	0	394732	0	-8	6806	438	5081	de245d7a23358a9c98f13694d6b984b5a16cea8973c42d318fb895da7b994f7d
LiliaDie.Ani	190	0x000BFE91	5081	5069	6806	6794	438	3290	6794	0	393452	0	-8	807	64	601	2aea585bb02ba660bf87b21e06a647f8db3bc84c9aefa40a687557ab33a0b1a4
LiliaDie.Ani	191	0x000C126A	601	589	807	795	64	283	795	0	348662	0	-8	3451	274	2568	909ab612fc085394eadda1cb85ab66cc7573c6c60345bbda3858b26d84ad9036
LiliaDie.Ani	192	0x000C14C3	2568	2556	3451	3439	274	1247	3439	0	394732	0	-8	3085	274	2314	bf04222276fb6fcf14be939d0f560e27a3f9acd29f08522ce1d7709117e3e163
LiliaDie.Ani	193	0x000C1ECB	2314	2302	3085	3073	274	881	3073	0	394732	0	-8	3080	271	2304	9f191d71299ea81d1d9416d55c721880c2b3bab1d0d40298ea4d9b06bc4890e4
LiliaDie.Ani	194	0x000C27D5	2304	2292	3080	3068	271	900	3068	0	393452	0	-8	3672	303	2639	f5a49c6532c93289eaf6aa5de90439f60307f39600cfae2b90c968bba3eaae2d
LiliaDie.Ani	195	0x000C30D5	2639	2627	3672	3660	303	1236	3660	0	393450	0	-8	3057	185	2386	b65b20c04c729a8251fb833848e525e123ba8883babbfeecc4c9e6cbfde9efe1
LiliaDie.Ani	196	0x000C3B24	2386	2374	3057	3045	185	1565	3045	0	393450	0	-8	2939	178	2217	18e423566fbe098aec4ca2c17a3293265a14dd7f82a494ef49724010eb5a22be
LiliaDie.Ani	197	0x000C4476	2217	2205	2939	2927	178	1503	2927	0	393440	0	-8	3248	160	2506	da715991419c2b8826c22cff19b476cc9166cd18d838d4e7c81c0b049f64c1d9
LiliaDie.Ani	198	0x000C4D1F	2506	2494	3248	3236	160	1956	3236	0	387036	0	-8	3472	168	2469	5650a9ebb2be9384be7943f80fddb6c12c3f0229c1a2fc158717e9d6121979c5
LiliaDie.Ani	199	0x000C56E9	2469	2457	3472	3460	168	2116	3460	0	370382	0	-8	3616	186	2565	306660652e3267cd01a2d7f197efc10f53bca46ddd999b9f03fd28d9565bec2f
LiliaDie.Ani	200	0x000C608E	2565	2553	3616	3604	186	2116	3604	0	348600	0	-8	3606	177	2738	4776978298bd001eacef82fd5e6acc3c8e0d77f71e9d18fc59cf913f708ac6c1
LiliaDie.Ani	201	0x000C6A93	2738	2726	3606	3594	177	2178	3594	0	326820	0	-8	5393	292	4156	4ac045787ab2ab299c88f5d7d696ba06905fcbafa85cc390494a8100df830f38
LiliaDie.Ani	202	0x000C7545	4156	4144	5393	5381	292	3045	5381	0	323260	0	-8	2975	183	2290	f9770907e4e45430c7115ac4c2f540910b2c5e2bae92ebc3a07356679f442791
LiliaDie.Ani	203	0x000C8581	2290	2278	2975	2963	183	1499	2963	0	288386	0	-8	307220	1	187681	b6fa6a8e997931652345812cb520fedd719657f92e492acc82f4950bdefb910a
LiliaDie.Ani	204	0x000C8E73	187681	187669	307220	307208	1	307200	307208	0	614400	0	-8	307220	1	148767	c9aa9293531975d0dbf113158ce5a6f23d8d0fce3a9fe5430fc1aa291465a001
LiliaDie.Ani	205	0x000F6B94	148767	148755	307220	307208	1	307200	307208	0	614400	0	-8	307220	1	144709	70e9517e2538ae034c9df2eda6ebda8c2bbf6da5898e0d49dfb7849b2a0608d5
LiliaDie.Ani	206	0x0011B0B3	144709	144697	307220	307208	1	307200	307208	0	614400	0	-8	307220	1	145964	a01ed7dcb5d5bf11c07e66627180076493a58f062976510e8aafe8b4256cb650
LiliaDie.Ani	207	0x0013E5F8	145964	145952	307220	307208	1	307200	307208	0	614400	0	-8	307220	1	150067	4e2d7b940533cd5ef5306751937bafb2b2731941547f375daa7532cba0a3b444
LiliaDie.Ani	208	0x00162024	150067	150055	307220	307208	1	307200	307208	0	614400	0	-8	307220	1	156895	4a9e7150d4d84f838a885c67a426b03370f53ccf200319d3d78d9ce8bdc4671a
LiliaDie.Ani	209	0x00186A57	156895	156883	307220	307208	1	307200	307208	0	614400	0	-8	307220	1	162611	0b6e47fa129045d5a94c205aa5093fd2a6a7ebb62be850aae08bfaafa8911faa
LiliaDie.Ani	210	0x001ACF36	162611	162599	307220	307208	1	307200	307208	0	614400	0	-8	307220	1	168319	812c6b12562a19500a24759710157b0e55eafd1921ba282bf385c769cabc1468
LiliaDie.Ani	211	0x001D4A69	168319	168307	307220	307208	1	307200	307208	0	614400	0	-8	307220	1	175690	55f0fa62bba31a04e87b873aec4c19cb86b2f3439fb36c52171d5bb6e51b6268
LiliaDie.Ani	212	0x001FDBE8	175690	175678	307220	307208	1	307200	307208	0	614400	0	-8	307220	1	181533	117677b3d8e05e2ef8bd4a5eee5556446958df29c872d84cb6a796323ee7068e
LiliaDie.Ani	213	0x00228A32	181533	181521	307220	307208	1	307200	307208	0	614400	0	-8	307220	1	186026	f9c43f9382fc83be985650e1339b64ccd91a79a8debf7064173e26ef53683739
LiliaDie.Ani	214	0x00254F4F	186026	186014	307220	307208	1	307200	307208	0	614400	0	-8	307220	1	190051	076e600a1d0235cdf5e8994d6444207ae4c96452f0e09906c4814d3e107dc371
LiliaDie.Ani	215	0x002825F9	190051	190039	307220	307208	1	307200	307208	0	614400	0	-8	307220	1	191545	9e2fbe38cf064dc5081a1a46500d610797d357b6af1535e07bd58feaca7baf67
LiliaDie.Ani	216	0x002B0C5C	191545	191533	307220	307208	1	307200	307208	0	614400	0	-8	307220	1	193179	fb4ad1a260822452393f922f68275363c072eb4c174da1938074989f392cd80a
LiliaDie.Ani	217	0x002DF895	193179	193167	307220	307208	1	307200	307208	0	614400	0	-8	307220	1	195624	68c537f7f25c756f371e5c988752572cd7ca971fce243293fdf1de86da903812
LiliaDie.Ani	218	0x0030EB30	195624	195612	307220	307208	1	307200	307208	0	614400	0	-8	307220	1	194104	71541469a0b36c10a45905704ef4e97ad8fdb6818d0d158550004a993e85b47d
LiliaDie.Ani	219	0x0033E758	194104	194092	307220	307208	1	307200	307208	0	614400	0	-8	307220	1	189680	ead5184bdcdba84a5726d3bd9945ff8be30018f38d80ecd5e716bc4eb1fb6110
LiliaDie.Ani	220	0x0036DD90	189680	189668	307220	307208	1	307200	307208	0	614400	0	-8	2769	238	2072	a3d5b61da65934e13d56f125c81bd1611138344d552cfb4f50d19ed9acc0c0a1
LiliaDie.Ani	221	0x0039C280	2072	2060	2769	2757	238	853	2757	0	284540	0	-8	2855	252	2177	adc3a73352a796940d089cd7b829b5f1c7accc083f4ea7d41aea710aef288f04
LiliaDie.Ani	222	0x0039CA98	2177	2165	2855	2843	252	827	2843	0	283260	0	-8	502	40	417	440bbcd1a707f18e4d6362bcad53deb3d4e23f2c459cb1c4538e2f2de4ba780c
LiliaDie.Ani	223	0x0039D319	417	405	502	490	40	170	490	0	237152	0	-8	2872	226	2197	504d65daba872123260fe6b8e51278a5f742fa24bf72c9bb7f48ea3b29a2cae3
LiliaDie.Ani	224	0x0039D4BA	2197	2185	2872	2860	226	1052	2860	0	284540	0	-8	2831	243	2107	e629be494691862d7f82b3883fb49914a01fca0ef9dcb7000ef3d6227352201c
LiliaDie.Ani	225	0x0039DD4F	2107	2095	2831	2819	243	875	2819	0	284540	0	-8	2901	255	2195	d93a05fe9326cc71a1ddc8dcf4bd3a290ea533df0771fc9f79b4250f69501f08
LiliaDie.Ani	226	0x0039E58A	2195	2183	2901	2889	255	849	2889	0	283260	0	-8	502	40	417	b51707daac68e94bd46428b3bb646044f67f92a72d28f92a95628c2190a1e268
LiliaDie.Ani	227	0x0039EE1D	417	405	502	490	40	170	490	0	237152	0	-8	2872	226	2197	504d65daba872123260fe6b8e51278a5f742fa24bf72c9bb7f48ea3b29a2cae3
LiliaDie.Ani	228	0x0039EFBE	2197	2185	2872	2860	226	1052	2860	0	284540	0	-8	5329	394	3935	e629be494691862d7f82b3883fb49914a01fca0ef9dcb7000ef3d6227352201c
LiliaDie.Ani	229	0x0039F853	3935	3923	5329	5317	394	2165	5317	0	323260	0	-8	2840	250	2158	ebcbcc7e3be6b0a0c7598c4c5e931c81cccc2023641f4965b8ca7c997ec855dc
LiliaDie.Ani	230	0x003A07B2	2158	2146	2840	2828	250	828	2828	0	283262	0	-8	495	39	412	b8086521b8bc4f67e8a8636281dfb4b4e22fb0fffb923b816fc7b78a8f39522d
LiliaDie.Ani	231	0x003A1020	412	400	495	483	39	171	483	0	237154	0	-8	2726	239	2074	f8d29fb6c879ba307e3b5302874ee5b3b243120f7570df2816bc807412e6cad9
LiliaDie.Ani	232	0x003A11BC	2074	2062	2726	2714	239	802	2714	0	283262	0	-8	2822	242	2088	4dcb9adafde3bfc635e891e6c2b9302687dbc67f1e01eb13e04dbd4f58d8c19e
LiliaDie.Ani	233	0x003A19D6	2088	2076	2822	2810	242	874	2810	0	283262	0	-8	3186	269	2389	d707a20f6866b6e549a86dfdb30625fb56e6283ff707c7edcad25eae4727c60f
LiliaDie.Ani	234	0x003A21FE	2389	2377	3186	3174	269	1022	3174	0	281982	0	-8	4595	375	3438	aa834362385aa7415f9047e763a3f0c9dfdc2eb22ffc9e6b2a4106ad30f535f2
LiliaDie.Ani	235	0x003A2B53	3438	3426	4595	4583	375	1583	4583	0	329702	0	-8	2866	225	2216	b04ef88afe7735174ec7bfa064fd9dfb99b463099fbfb63879ef283338016775
LiliaDie.Ani	236	0x003A38C1	2216	2204	2866	2854	225	1054	2854	0	283264	0	-8	7115	545	5341	de17f224156cfad43076c1f33006ad56cdbd160b148b50237500ff473cce5b6c
LiliaDie.Ani	237	0x003A4169	5341	5329	7115	7103	545	2743	7103	0	329730	0	-8	7384	484	5478	232339d3642c469bb9e9a6b6be3b845f58155437ded320382620fbc29073432e
LiliaDie.Ani	238	0x003A5646	5478	5466	7384	7372	484	3500	7372	0	337378	0	-8	503	40	414	83ff566c891d98b50518bad8215f0180931c86d0bc8e8b955ef83183b30253fc
LiliaDie.Ani	239	0x003A6BAC	414	402	503	491	40	171	491	0	235876	0	-8	2866	225	2216	6de2fd11f686f2281dc33387adcafa5987ba697e424bef133f05e69c0bc427f5
LiliaDie.Ani	240	0x003A6D4A	2216	2204	2866	2854	225	1054	2854	0	283264	0	-8	2825	242	2104	de17f224156cfad43076c1f33006ad56cdbd160b148b50237500ff473cce5b6c
LiliaDie.Ani	241	0x003A75F2	2104	2092	2825	2813	242	877	2813	0	283264	0	-8	2901	255	2199	ac8c8b699195dd4b6962b03747fb7758c93faaad5f908d43a3ee0270c54a239c
LiliaDie.Ani	242	0x003A7E2A	2199	2187	2901	2889	255	849	2889	0	281984	0	-8	3199	266	2416	7c6cc7e5dffaaa4e9b006e2205e17b5790ff4653fdc52beb2a442b945bf9d691
LiliaDie.Ani	243	0x003A86C1	2416	2404	3199	3187	266	1059	3187	0	280704	0	-8	406	30	336	a796ae0c210b81716012c84f988e14677e851a436ea3df7ceee3ae7c1bb85207
LiliaDie.Ani	244	0x003A9031	336	324	406	394	30	154	394	0	235872	0	-8	2763	237	2080	3c506c154292532a8e424bca4d7f3f7f7f7c818ea65079e257689a750973db60
LiliaDie.Ani	245	0x003A9181	2080	2068	2763	2751	237	855	2751	0	279426	0	-8	2967	262	2290	ee00f8f6629c8c581880edf587002d837a21423a3a051e10ac33875ce111e103
LiliaDie.Ani	246	0x003A99A1	2290	2278	2967	2955	262	859	2955	0	278146	0	-8	5005	251	3689	c4a83778dd13426a3fcb305392c2cabf7f1675d57bd765eef10d11190582872d
LiliaDie.Ani	247	0x003AA293	3689	3677	5005	4993	251	2985	4993	0	337382	0	-8	7761	500	5834	f6d82507e9a1e9fcc8b79393dad68bddefa1731623edc6e2b5b32c1fe2b37cea
LiliaDie.Ani	248	0x003AB0FC	5834	5822	7761	7749	500	3749	7749	0	342498	0	-8	7652	501	5727	45a5a8e6a806deaac0ede62a84d82a238f50c497b4ddda3bf603140837c4a9bb
LiliaDie.Ani	249	0x003AC7C6	5727	5715	7652	7640	501	3632	7640	0	348892	0	-8	7805	512	5828	a59e576b603609d0c1046389c0ab6fbc1703b60b87ddc924ca75496f9af0e3d0
LiliaDie.Ani	250	0x003ADE25	5828	5816	7805	7793	512	3697	7793	0	355286	0	-8	5349	291	4068	808e10b7fd7273c96508abda87c96e117ad1c8b5ae3d5f9d31d7cb3267893a9a
LiliaDie.Ani	251	0x003AF4E9	4068	4056	5349	5337	291	3009	5337	0	360400	0	-8	7619	452	5738	a6c32942ef68ad4e16059fdaf126f7429f8e095784085643f64030f312c8f6b9
LiliaDie.Ani	252	0x003B04CD	5738	5726	7619	7607	452	3991	7607	0	366794	0	-8	7631	496	5681	bd6d013657bcafcb95574f00ead75753d5b9a8ea1429fa5ca0dccc7ebc436f3f
LiliaDie.Ani	253	0x003B1B37	5681	5669	7631	7619	496	3651	7619	0	373188	0	-8	7685	497	5749	876105aafdc27cca6b20e6cdaf2d8bcc883fa1ba776f47cdc39648e04241e515
LiliaDie.Ani	254	0x003B3168	5749	5737	7685	7673	497	3697	7673	0	424392	0	-8	5619	364	4204	3c24880b7d0c346eec28f65b7edebaf89d5053e99188743190fc091f5c4f5fc0
LiliaDie.Ani	255	0x003B47DD	4204	4192	5619	5607	364	2695	5607	0	383422	0	-8	8079	585	6035	1eb8db35d98399a041dafb2ffd87a04d6868f56330db4868ae62fe8f9b7ecabb
LiliaDie.Ani	256	0x003B5849	6035	6023	8079	8067	585	3387	8067	0	388542	0	-8	8290	662	6082	1909ed0da7495eda2a67f3efe712869d3f7cbc472cce375792cc6c50626a826d
LiliaDie.Ani	257	0x003B6FDC	6082	6070	8290	8278	662	2982	8278	0	392380	0	-8	7744	540	5809	fa57388a6a576e519fd1085c24fda14ed6d1919b7be773e0d52435a2842e1e88
LiliaDie.Ani	258	0x003B879E	5809	5797	7744	7732	540	3412	7732	0	397502	0	-8	5328	326	4014	0aa3ba47fb6daeaae6719b67350c0d8a51ca9d334cf7260129d0acf289fdef54
LiliaDie.Ani	259	0x003B9E4F	4014	4002	5328	5316	326	2708	5316	0	402622	0	-8	8510	604	6434	43f50c7f0082597c6fd7508a5a7bb6e1aa64d62303f8fcd5a3a781573721d545
LiliaDie.Ani	260	0x003BADFD	6434	6422	8510	8498	604	3666	8498	0	406462	0	-8	8753	663	6525	98000e207abb74fed6ce2f7a7782221e7a5c9bd6ca31faa9fd1671f57fc7aa7d
LiliaDie.Ani	261	0x003BC71F	6525	6513	8753	8741	663	3437	8741	0	411582	0	-8	8409	599	6312	834c7fa7e30c42858697203d5debfc8ada6ead54da5a47bda545901a01342fee
LiliaDie.Ani	262	0x003BE09C	6312	6300	8409	8397	599	3605	8397	0	416702	0	-8	5557	356	4136	721caf1c50a4362107a51a23230d674c1f1840544ad394b0e0b2b751371175e0
LiliaDie.Ani	263	0x003BF944	4136	4124	5557	5545	356	2697	5545	0	424392	0	-8	8990	653	6799	bc3e6fdc001f1ad2fd984b44ad379892be20fa994fd7b8300d51310df0397507
LiliaDie.Ani	264	0x003C096C	6799	6787	8990	8978	653	3754	8978	0	425662	0	-8	9950	791	7144	ba59e7aea6e65a3fc0cd189c0990a8b57d158e114030b3eb1a7e7ca47cf5c48e
LiliaDie.Ani	265	0x003C23FB	7144	7132	9950	9938	791	3610	9938	0	430782	0	-8	8776	648	6507	8215d10467abaf1e23edc3549d7935798557df0cbc35dbc15d8cce4b234394dd
LiliaDie.Ani	266	0x003C3FE3	6507	6495	8776	8764	648	3580	8764	0	434622	0	-8	8890	615	6732	9f7cf9b83042c3cf2563f68df1d19f33427f4962f484371ee081789167bec749
LiliaDie.Ani	267	0x003C594E	6732	6720	8890	8878	615	3958	8878	0	439742	0	-8	8914	614	6752	62ac605260af7b96fce2f6881bab9c02b79446d22c5b5da2fe8f9c3a9faa6b79
LiliaDie.Ani	268	0x003C739A	6752	6740	8914	8902	614	3990	8902	0	444862	0	-8	6042	465	4453	b8e2243ce3d250e6b2b248d85cc25c0cd71e360eae598804a646124bf00ddb45
LiliaDie.Ani	269	0x003C8DFA	4453	4441	6042	6030	465	2310	6030	0	448702	0	-8	8863	610	6620	0a4fe1c927b4c0b88222c827802afa81a865365ccc36209330e45d2d0ab8a251
LiliaDie.Ani	270	0x003C9F5F	6620	6608	8863	8851	610	3971	8851	0	453822	0	-8	9003	649	6739	a53710cd819d4073518daa60dc4b18af6f79bd675382b066e19cd683404670cc
LiliaDie.Ani	271	0x003CB93B	6739	6727	9003	8991	649	3799	8991	0	457662	0	-8	8780	590	6666	7f40973087a87137665283c250d245c945fcfc223c2a52ef8bbd49967086c56b
LiliaDie.Ani	272	0x003CD38E	6666	6654	8780	8768	590	4048	8768	0	462784	0	-8	9894	786	7067	ec5f642fbc87d9d35bf6bb1f2d4a5370813e059bcc48a9fbc0c8e250de402d3d
LiliaDie.Ani	273	0x003CED98	7067	7055	9894	9882	786	3594	9882	0	467904	0	-8	9730	753	6978	5c7ec2a684d474ff0d6959c25246a7b2d5a64dc9c1e3c04b85291cab34c22ceb
LiliaDie.Ani	274	0x003D0933	6978	6966	9730	9718	753	3694	9718	0	471744	0	-8	8879	614	6693	acc18e4e760ec4d302bfe57d34fdddbdcaaa29190030e05d5735ffb1f6010ac3
LiliaDie.Ani	275	0x003D2475	6693	6681	8879	8867	614	3955	8867	0	476864	0	-8	8817	591	6672	184a774afde2a19693ca36dcd21e5890842ffe011117a6e01833f2958c0e8a7f
LiliaDie.Ani	276	0x003D3E9A	6672	6660	8817	8805	591	4077	8805	0	481984	0	-8	10135	847	7236	fd0bbad0aff077d1bc3bcf27a13033fedc91dc46885b0316959f0f04d7c5950e
LiliaDie.Ani	277	0x003D58AA	7236	7224	10135	10123	847	3347	10123	0	485824	0	-8	9536	708	6892	015c78c70652f232abac5027ab36534fefdaf7e8a5c6fe9d5647f21bcd40ae70
LiliaDie.Ani	278	0x003D74EE	6892	6880	9536	9524	708	3860	9524	0	490944	0	-8	8826	607	6642	407213c6b584fa07e65ab8b05d2e8478ef5cea1c613c1b0d6a4fc36cac59a9ea
LiliaDie.Ani	279	0x003D8FDA	6642	6630	8826	8814	607	3958	8814	0	496064	0	-8	10390	771	7754	20484cda59c83f8bc54451c1a25258fcd7ea60cfcfb7a17b17090213a53f12bf
LiliaDie.Ani	280	0x003DA9CC	7754	7742	10390	10378	771	4210	10378	0	499904	0	-8	13560	975	9907	8f85c33ad69237878609394203f7bde7628c1a6c94ec672d69443cdbbdf8408d
LiliaDie.Ani	281	0x003DC816	9907	9895	13560	13548	975	5748	13548	0	505024	0	-8	8912	617	6599	826e9eedcd00acbeea02d5a42387a5a3c270c940186acb451c4f359e809ad968
LiliaDie.Ani	282	0x003DEEC9	6599	6587	8912	8900	617	3964	8900	0	510144	0	-8	8790	651	6577	6a665a0ee05c5616b974b520df26dd763aaef7b541329c834d5dcbfc67b937ff
LiliaDie.Ani	283	0x003E0890	6577	6565	8790	8778	651	3570	8778	0	513984	0	-8	8908	613	6710	b1acd5ba51bfe628eef99321651de13695a404a9734455a9a66566184bac06ed
LiliaDie.Ani	284	0x003E2241	6710	6698	8908	8896	613	3992	8896	0	519104	0	-8	9953	788	7134	21c044057cc21e4490aeac412c583eda3bb1e0de815aeac13911321e73407e74
LiliaDie.Ani	285	0x003E3C77	7134	7122	9953	9941	788	3637	9941	0	524224	0	-8	8743	642	6524	f4c7e3636a54323610fe9a2df46e226a4dcaf92056277f5ec40912eee6d2d019
LiliaDie.Ani	286	0x003E5855	6524	6512	8743	8731	642	3595	8731	0	528064	0	-8	8836	608	6695	1764173bd3ff8809bd998909a9e7ec0e703d52ca99148617255b590d8b22ecfb
LiliaDie.Ani	287	0x003E71D1	6695	6683	8836	8824	608	3960	8824	0	533184	0	-8	8930	637	6787	74a56387642c0d805a9e42b80bb7e0c21bb0e8f611ca5547151e5c870c9961df
LiliaDie.Ani	288	0x003E8BF8	6787	6775	8930	8918	637	3822	8918	0	537034	0	-8	9028	735	6714	9bef84af956d9f63952a9c5680d5e9b85b319c3384f266fab71039ed24d12ba7
LiliaDie.Ani	289	0x003EA67B	6714	6702	9028	9016	735	3136	9016	0	537042	0	-8	8326	596	6297	6fdb8facf1e216a1c36d2e1ee22f213c43ce90ae7cdaf8aae6cca477c5c74748
LiliaDie.Ani	290	0x003EC0B5	6297	6285	8326	8314	596	3546	8314	0	537028	0	-8	8583	625	6490	9d013b13ebdf78769e2428201a258806efd948b31bf367214a7b1d1a4e24cbe6
LiliaDie.Ani	291	0x003ED94E	6490	6478	8583	8571	625	3571	8571	0	537042	0	-8	12028	840	9164	27708a968afa20d0fca01920cd3bfbe4adb3353aae75c37b1d882625772c2acc
LiliaDie.Ani	292	0x003EF2A8	9164	9152	12028	12016	840	5296	12016	0	537042	0	-8	11654	840	8849	f3c476f33204dffe3b756b594208ee5ce08ee72d57cbdc13d1bce81ef9ee4914
LiliaDie.Ani	293	0x003F1674	8849	8837	11654	11642	840	4922	11642	0	537038	0	-8	11408	798	8639	25a4f809fbad6d4ac4727e970286a16434d70e400037ae3fc84c5de9d37e1fe9
LiliaDie.Ani	294	0x003F3905	8639	8627	11408	11396	798	5012	11396	0	537050	0	-8	11965	871	8894	ed1b45177d0e3b4260992c0868bfbfee985875cbee9fb1c9c9bfb7ff8d47d94b
LiliaDie.Ani	295	0x003F5AC4	8894	8882	11965	11953	871	4985	11953	0	537056	0	-8	10656	693	8206	52cc47b1dd42476be61c608fcc3f607ba22e1c1b0f8224d7b108fe36f51cb265
LiliaDie.Ani	296	0x003F7D82	8206	8194	10656	10644	693	5100	10644	0	537064	0	-8	11696	910	8545	cddd834138055319d752c37d5d8b02c88a477d480ce08516eb398c1fd389a71e
LiliaDie.Ani	297	0x003F9D90	8545	8533	11696	11684	910	4404	11684	0	537066	0	-8	10968	788	8092	ed84d4f6e6ad75302623805ce67dc0467d0aff00c2ff423a5fe4c985fe52eaf7
LiliaDie.Ani	298	0x003FBEF1	8092	8080	10968	10956	788	4652	10956	0	537066	0	-8	9594	602	7515	eacfd6d6477bc41789ca4b2e54826fb9a3686aa6bd505936d04cb4d9f9962cb5
LiliaDie.Ani	299	0x003FDE8D	7515	7503	9594	9582	602	4766	9582	0	537064	0	-8	8867	563	6990	62d9f4244599927f3781ad247a3158fd7005a7a125f90139fbec7b27c6da8e14
LiliaDie.Ani	300	0x003FFBE8	6990	6978	8867	8855	563	4351	8855	0	537052	0	-8	9023	556	6940	e7968381e7edfe3e72dda50b30cb97d4fc4664a2511bd561b41b9caf5cc35141
LiliaDie.Ani	301	0x00401736	6940	6928	9023	9011	556	4563	9011	0	537044	0	-8	9434	546	7099	ce88c33a078381ab2a346c2a0c0247b9f0729fd1169a1f8bf9b733717061a894
LiliaDie.Ani	302	0x00403252	7099	7087	9434	9422	546	5054	9422	0	537038	0	-8	9410	554	7132	f2cbf2558ac62bbdd215017ba72a8a63bea3b6d8e8cd8eeede07107eae595a17
LiliaDie.Ani	303	0x00404E0D	7132	7120	9410	9398	554	4966	9398	0	537030	0	-8	8524	435	6393	21a78bb93f432ea8879adffd41ee6ac752dcb9dbef667f3988b89cfd05571793
LiliaDie.Ani	304	0x004069E9	6393	6381	8524	8512	435	5032	8512	0	537030	0	-8	8385	431	6589	f964d5c9e7973e540788d919d54ab618de86ea50528de6b0e6cce4b29706bc17
LiliaDie.Ani	305	0x004082E2	6589	6577	8385	8373	431	4925	8373	0	537034	0	-8	8200	401	6373	ceaaa0d835b2671a9ee597adb39916229e822808372658e6e76049d4cf28a1a2
LiliaDie.Ani	306	0x00409C9F	6373	6361	8200	8188	401	4980	8188	0	537034	0	-8	7468	374	5829	690f427b0519976b3e3a29520aa3763f41125920828ded3653c832cf2c68c7d4
LiliaDie.Ani	307	0x0040B584	5829	5817	7468	7456	374	4464	7456	0	452428	0	-8	7279	336	5599	bfeced0f1b3ded8d22a3d1d9f88e83238c4637a5ad73f6b98c8d3cff563f3161
LiliaDie.Ani	308	0x0040CC49	5599	5587	7279	7267	336	4579	7267	0	465252	0	-8	7314	364	5604	fe9d2049c4a9ae40ec0a2000064e4f2498c675aecd4447e00ab9c96756f8310b
LiliaDie.Ani	309	0x0040E228	5604	5592	7314	7302	364	4390	7302	0	476792	0	-8	7394	400	5661	cb3ec9451f9a6ac36b76bf8db4b85a591d15c01c78e326743ef6de9dd823df46
LiliaDie.Ani	310	0x0040F80C	5661	5649	7394	7382	400	4182	7382	0	485768	0	-8	7223	390	5701	7c2f851a4e3c2c945fc0a77753eab0097c148f3d3f3f9ac02e6cdaa331d2cc2c
LiliaDie.Ani	311	0x00410E29	5701	5689	7223	7211	390	4091	7211	0	493456	0	-8	7152	405	5599	8213b01769d76abaff9808bbd45bbfbad95652e51e444b8f6e18ff17cf0c6e2d
LiliaDie.Ani	312	0x0041246E	5599	5587	7152	7140	405	3900	7140	0	498588	0	-8	6983	428	5493	6d4cfd8ec2819b4c96a9ed7830a3775bc57c2adfc53dbbc50e083a66b489404c
LiliaDie.Ani	313	0x00413A4D	5493	5481	6983	6971	428	3547	6971	0	502434	0	-8	7218	501	5583	133df253bfda303bc64b2619a1e1324d509be92478d976e29bac5f85e3bdd8c3
LiliaDie.Ani	314	0x00414FC2	5583	5571	7218	7206	501	3198	7206	0	503716	0	-8	7358	510	5713	5d23498447deb288dd87eab6e872123b9f4ae855becdc9a5b64ea2dc2f89768b
LiliaDie.Ani	315	0x00416591	5713	5701	7358	7346	510	3266	7346	0	506272	0	-8	3454	196	2679	9a5747fb66bf521b61b3da6751da42d9709b3b64287b8331c8bd579b2b660124
LiliaDie.Ani	316	0x00417BE2	2679	2667	3454	3442	196	1874	3442	0	369088	0	-8	3397	200	2665	41aafa57709cb726b0db195f2489a3cd9b6779767f1266005b550aaa97110d1f
LiliaDie.Ani	317	0x00418659	2665	2653	3397	3385	200	1785	3385	0	371656	0	-8	3527	219	2744	088021c9727923f618c112097c0b739a767721582ee40b91dfef605c98a335e4
LiliaDie.Ani	318	0x004190C2	2744	2732	3527	3515	219	1763	3515	0	374222	0	-8	3565	218	2808	d993d5829413685d1a5b754d2b81177ab3855130025f8174bbffeb8b752c2aee
LiliaDie.Ani	319	0x00419B7A	2808	2796	3565	3553	218	1809	3553	0	378068	0	-8	3338	174	2545	31a335e3c5e06077f10fc775c1d59ed8e2e3dbfa69bd51c595bf563041902e03
LiliaDie.Ani	320	0x0041A672	2545	2533	3338	3326	174	1934	3326	0	385754	0	-8	7045	461	5453	5fa45d1a4c8b0765d739db45b53a9a3d9a280bfde96386be980f16c2bd0f6414
LiliaDie.Ani	321	0x0041B063	5453	5441	7045	7033	461	3345	7033	0	507552	0	-8	6894	437	5237	eff4af5e40dcb89c87fac506139dbe935a302b2379e5d7b2b29e19ef839000c7
LiliaDie.Ani	322	0x0041C5B0	5237	5225	6894	6882	437	3386	6882	0	507552	0	-8	7009	439	5299	da5c631457bcd7f45bd96149f3092b2e5079111e9123b2fbcb84a1dc41286c44
LiliaDie.Ani	323	0x0041DA25	5299	5287	7009	6997	439	3485	6997	0	507566	0	-8	7065	449	5388	559f65a91e04df1c94da5f70a7061d90663588a36a71354c875aaf7d6f6d8265
LiliaDie.Ani	324	0x0041EED8	5388	5376	7065	7053	449	3461	7053	0	507566	0	-8	3514	225	2773	88c9e5cbe7608ed338c780d480d2e2e1f04389a1979fa01c0506e37a4cccb1a6
LiliaDie.Ani	325	0x004203E4	2773	2761	3514	3502	225	1702	3502	0	402424	0	-8	7706	569	5761	84c3e7fea92f5f87bc722dff5cce1c036a1799a5841669d5a9cf03b5246c63b0
LiliaDie.Ani	326	0x00420EB9	5761	5749	7706	7694	569	3142	7694	0	507564	0	-8	7430	498	5723	3ef9f75cef1dcbe98a8dc3e077f423fde8c20759f4a001ff90d2c0f8ba249828
LiliaDie.Ani	327	0x0042253A	5723	5711	7430	7418	498	3434	7418	0	503730	0	-8	7176	471	5574	cf1a5dea0bfd82d20aeb1d3461e6a80515b712017ec67c3743b8c66494580668
LiliaDie.Ani	328	0x00423B95	5574	5562	7176	7164	471	3396	7164	0	499892	0	-8	7711	614	5793	855b74e813a4c8f9005be8d1c6d4d817a05c5218e0b2a3fb5d35a1108ab10539
LiliaDie.Ani	329	0x0042515B	5793	5781	7711	7699	614	2787	7699	0	498610	0	-8	3826	281	2965	8c89b830f70f4eb7055dae808047cd46d184ee1732b27c490d9c90b3dce9652c
LiliaDie.Ani	330	0x004267FC	2965	2953	3826	3814	281	1566	3814	0	415246	0	-8	3816	270	3025	7468dffaa2887884d5b982ff8f52dba97bf8e830bb29553bef9c51e0d24cccc7
LiliaDie.Ani	331	0x00427391	3025	3013	3816	3804	270	1644	3804	0	417810	0	-8	7264	507	5553	229f4f6028f74f8d287be5aec8ff9b1afee67608c1253211ee51ae2a0cf7a9c9
LiliaDie.Ani	332	0x00427F62	5553	5541	7264	7252	507	3196	7252	0	498616	0	-8	7294	514	5556	97750f1d983d747b3af4a8f6591c302e23c4d0e3a8091639ae8a1017b4ca9ad9
LiliaDie.Ani	333	0x00429513	5556	5544	7294	7282	514	3170	7282	0	498616	0	-8	8214	682	5950	ea0912c45ace1c3e13508f81ef61307fa082d7a819b7e66d66e25e745a232206
LiliaDie.Ani	334	0x0042AAC7	5950	5938	8214	8202	682	2746	8202	0	498612	0	-8	7423	553	5760	3c199f21abddf97f95a663de2aedbe8cfb5f7e0357222ec874d20abd53b3d37e
LiliaDie.Ani	335	0x0042C205	5760	5748	7423	7411	553	2987	7411	0	498612	0	-8	3604	247	2873	446864157f51882c848e28b1ca7b25cd01a375ef55f253b76864441ecc6baba8
LiliaDie.Ani	336	0x0042D885	2873	2861	3604	3592	247	1616	3592	0	428062	0	-8	3613	315	2773	a4ca4ca794c084c945a441376053ed253e01e1d1289768b8f2e5eb6fadfa1528
LiliaDie.Ani	337	0x0042E3BE	2773	2761	3613	3601	315	1081	3601	0	428062	0	-8	3659	318	2777	3144e616b0ed7c79aa4fcfd806543b7d638e1032e710ff60810b8a18631bac73
LiliaDie.Ani	338	0x0042EE93	2777	2765	3659	3647	318	1103	3647	0	426782	0	-8	4030	337	3079	2f2872a50674495921433c4239e905fbd85997bb8dcaa3ec890eb39ae9df3d2f
LiliaDie.Ani	339	0x0042F96C	3079	3067	4030	4018	337	1322	4018	0	426784	0	-8	3769	297	2964	c9b2c671f59fbe03da4252fcc8e95eb718c801c5319caa1a66eab655d0f3810f
LiliaDie.Ani	340	0x00430573	2964	2952	3769	3757	297	1381	3757	0	429344	0	-8	3613	315	2748	68f2131eb64f17e2403d977e615cebd3b3d28f0886ec59ee345473515488da0b
LiliaDie.Ani	341	0x00431107	2748	2736	3613	3601	315	1081	3601	0	429344	0	-8	3659	318	2789	bacb083fcdb4c47c1f6f49886a3e47278be00073dd8431c9bdeebda1abb0c958
LiliaDie.Ani	342	0x00431BC3	2789	2777	3659	3647	318	1103	3647	0	428064	0	-8	608	53	457	4cd01263ed3e1d17deebe8e35236ee3d02d186ab298440aa3bbb67fc1fb8bd5e
LiliaDie.Ani	343	0x004326A8	457	445	608	596	53	172	596	0	376850	0	-8	3769	297	2964	b87f2dded05cde23718fb88c6a6c3eb4e8ba90ffa9c0ddcb27994976cece1ed1
LiliaDie.Ani	344	0x00432871	2964	2952	3769	3757	297	1381	3757	0	429344	0	-8	3613	315	2748	68f2131eb64f17e2403d977e615cebd3b3d28f0886ec59ee345473515488da0b
LiliaDie.Ani	345	0x00433405	2748	2736	3613	3601	315	1081	3601	0	429344	0	-8	3659	318	2789	bacb083fcdb4c47c1f6f49886a3e47278be00073dd8431c9bdeebda1abb0c958
LiliaDie.Ani	346	0x00433EC1	2789	2777	3659	3647	318	1103	3647	0	428064	0	-8	608	53	457	4cd01263ed3e1d17deebe8e35236ee3d02d186ab298440aa3bbb67fc1fb8bd5e
LiliaDie.Ani	347	0x004349A6	457	445	608	596	53	172	596	0	376850	0	-8	3769	297	2964	b87f2dded05cde23718fb88c6a6c3eb4e8ba90ffa9c0ddcb27994976cece1ed1
LiliaDie.Ani	348	0x00434B6F	2964	2952	3769	3757	297	1381	3757	0	429344	0	-8	3613	315	2748	68f2131eb64f17e2403d977e615cebd3b3d28f0886ec59ee345473515488da0b
LiliaDie.Ani	349	0x00435703	2748	2736	3613	3601	315	1081	3601	0	429344	0	-8	3659	318	2789	bacb083fcdb4c47c1f6f49886a3e47278be00073dd8431c9bdeebda1abb0c958
LiliaDie.Ani	350	0x004361BF	2789	2777	3659	3647	318	1103	3647	0	428064	0	-8	608	53	457	4cd01263ed3e1d17deebe8e35236ee3d02d186ab298440aa3bbb67fc1fb8bd5e
LiliaDie.Ani	351	0x00436CA4	457	445	608	596	53	172	596	0	376850	0	-8	3769	297	2964	b87f2dded05cde23718fb88c6a6c3eb4e8ba90ffa9c0ddcb27994976cece1ed1
LiliaDie.Ani	352	0x00436E6D	2964	2952	3769	3757	297	1381	3757	0	429344	0	-8	3613	315	2748	68f2131eb64f17e2403d977e615cebd3b3d28f0886ec59ee345473515488da0b
LiliaDie.Ani	353	0x00437A01	2748	2736	3613	3601	315	1081	3601	0	429344	0	-8	3659	318	2789	bacb083fcdb4c47c1f6f49886a3e47278be00073dd8431c9bdeebda1abb0c958
LiliaDie.Ani	354	0x004384BD	2789	2777	3659	3647	318	1103	3647	0	428064	0	-8	608	53	457	4cd01263ed3e1d17deebe8e35236ee3d02d186ab298440aa3bbb67fc1fb8bd5e
LiliaDie.Ani	355	0x00438FA2	457	445	608	596	53	172	596	0	376850	0	-8	3769	297	2964	b87f2dded05cde23718fb88c6a6c3eb4e8ba90ffa9c0ddcb27994976cece1ed1
LiliaDie.Ani	356	0x0043916B	2964	2952	3769	3757	297	1381	3757	0	429344	0	-8	3613	315	2748	68f2131eb64f17e2403d977e615cebd3b3d28f0886ec59ee345473515488da0b
LiliaDie.Ani	357	0x00439CFF	2748	2736	3613	3601	315	1081	3601	0	429344	0	-8	3659	318	2789	bacb083fcdb4c47c1f6f49886a3e47278be00073dd8431c9bdeebda1abb0c958
LiliaDie.Ani	358	0x0043A7BB	2789	2777	3659	3647	318	1103	3647	0	428064	0	-8	608	53	457	4cd01263ed3e1d17deebe8e35236ee3d02d186ab298440aa3bbb67fc1fb8bd5e
LiliaDie.Ani	359	0x0043B2A0	457	445	608	596	53	172	596	0	376850	0	-8	3769	297	2964	b87f2dded05cde23718fb88c6a6c3eb4e8ba90ffa9c0ddcb27994976cece1ed1
LiliaDie.Ani	360	0x0043B469	2964	2952	3769	3757	297	1381	3757	0	429344	0	-8	3613	315	2748	68f2131eb64f17e2403d977e615cebd3b3d28f0886ec59ee345473515488da0b
LiliaDie.Ani	361	0x0043BFFD	2748	2736	3613	3601	315	1081	3601	0	429344	0	-8	3659	318	2789	bacb083fcdb4c47c1f6f49886a3e47278be00073dd8431c9bdeebda1abb0c958
LiliaDie.Ani	362	0x0043CAB9	2789	2777	3659	3647	318	1103	3647	0	428064	0	-8	608	53	457	4cd01263ed3e1d17deebe8e35236ee3d02d186ab298440aa3bbb67fc1fb8bd5e
LiliaDie.Ani	363	0x0043D59E	457	445	608	596	53	172	596	0	376850	0	-8	3769	297	2964	b87f2dded05cde23718fb88c6a6c3eb4e8ba90ffa9c0ddcb27994976cece1ed1
LiliaDie.Ani	364	0x0043D767	2964	2952	3769	3757	297	1381	3757	0	429344	0	-8	3613	315	2748	68f2131eb64f17e2403d977e615cebd3b3d28f0886ec59ee345473515488da0b
LiliaDie.Ani	365	0x0043E2FB	2748	2736	3613	3601	315	1081	3601	0	429344	0	-8	3659	318	2789	bacb083fcdb4c47c1f6f49886a3e47278be00073dd8431c9bdeebda1abb0c958
LiliaDie.Ani	366	0x0043EDB7	2789	2777	3659	3647	318	1103	3647	0	428064	0	-8	608	53	457	4cd01263ed3e1d17deebe8e35236ee3d02d186ab298440aa3bbb67fc1fb8bd5e
LiliaDie.Ani	367	0x0043F89C	457	445	608	596	53	172	596	0	376850	0	-8	3769	297	2964	b87f2dded05cde23718fb88c6a6c3eb4e8ba90ffa9c0ddcb27994976cece1ed1
LiliaDie.Ani	368	0x0043FA65	2964	2952	3769	3757	297	1381	3757	0	429344	0	-8	3613	315	2748	68f2131eb64f17e2403d977e615cebd3b3d28f0886ec59ee345473515488da0b
LiliaDie.Ani	369	0x004405F9	2748	2736	3613	3601	315	1081	3601	0	429344	0	-8	3659	318	2789	bacb083fcdb4c47c1f6f49886a3e47278be00073dd8431c9bdeebda1abb0c958
LiliaDie.Ani	370	0x004410B5	2789	2777	3659	3647	318	1103	3647	0	428064	0	-8	608	53	457	4cd01263ed3e1d17deebe8e35236ee3d02d186ab298440aa3bbb67fc1fb8bd5e
LiliaDie.Ani	371	0x00441B9A	457	445	608	596	53	172	596	0	376850	0	-8	3769	297	2964	b87f2dded05cde23718fb88c6a6c3eb4e8ba90ffa9c0ddcb27994976cece1ed1
LiliaDie.Ani	372	0x00441D63	2964	2952	3769	3757	297	1381	3757	0	429344	0	-8	3613	315	2748	68f2131eb64f17e2403d977e615cebd3b3d28f0886ec59ee345473515488da0b
LiliaDie.Ani	373	0x004428F7	2748	2736	3613	3601	315	1081	3601	0	429344	0	-8	3659	318	2789	bacb083fcdb4c47c1f6f49886a3e47278be00073dd8431c9bdeebda1abb0c958
LiliaDie.Ani	374	0x004433B3	2789	2777	3659	3647	318	1103	3647	0	428064	0	-8	608	53	457	4cd01263ed3e1d17deebe8e35236ee3d02d186ab298440aa3bbb67fc1fb8bd5e
LiliaDie.Ani	375	0x00443E98	457	445	608	596	53	172	596	0	376850	0	-8	3769	297	2964	b87f2dded05cde23718fb88c6a6c3eb4e8ba90ffa9c0ddcb27994976cece1ed1
LiliaDie.Ani	376	0x00444061	2964	2952	3769	3757	297	1381	3757	0	429344	0	-8	3613	315	2748	68f2131eb64f17e2403d977e615cebd3b3d28f0886ec59ee345473515488da0b
LiliaDie.Ani	377	0x00444BF5	2748	2736	3613	3601	315	1081	3601	0	429344	0	-8	3659	318	2789	bacb083fcdb4c47c1f6f49886a3e47278be00073dd8431c9bdeebda1abb0c958
LiliaDie.Ani	378	0x004456B1	2789	2777	3659	3647	318	1103	3647	0	428064	0	-8	608	53	457	4cd01263ed3e1d17deebe8e35236ee3d02d186ab298440aa3bbb67fc1fb8bd5e
LiliaDie.Ani	379	0x00446196	457	445	608	596	53	172	596	0	376850	0	-8	3769	297	2964	b87f2dded05cde23718fb88c6a6c3eb4e8ba90ffa9c0ddcb27994976cece1ed1
LiliaDie.Ani	380	0x0044635F	2964	2952	3769	3757	297	1381	3757	0	429344	0	-8	3613	315	2748	68f2131eb64f17e2403d977e615cebd3b3d28f0886ec59ee345473515488da0b
LiliaDie.Ani	381	0x00446EF3	2748	2736	3613	3601	315	1081	3601	0	429344	0	-8	3659	318	2789	bacb083fcdb4c47c1f6f49886a3e47278be00073dd8431c9bdeebda1abb0c958
LiliaDie.Ani	382	0x004479AF	2789	2777	3659	3647	318	1103	3647	0	428064	0	-8	608	53	457	4cd01263ed3e1d17deebe8e35236ee3d02d186ab298440aa3bbb67fc1fb8bd5e
LiliaDie.Ani	383	0x00448494	457	445	608	596	53	172	596	0	376850	0	-8	3769	297	2964	b87f2dded05cde23718fb88c6a6c3eb4e8ba90ffa9c0ddcb27994976cece1ed1
LiliaDie.Ani	384	0x0044865D	2964	2952	3769	3757	297	1381	3757	0	429344	0	-8	3613	315	2748	68f2131eb64f17e2403d977e615cebd3b3d28f0886ec59ee345473515488da0b
LiliaDie.Ani	385	0x004491F1	2748	2736	3613	3601	315	1081	3601	0	429344	0	-8	3659	318	2789	bacb083fcdb4c47c1f6f49886a3e47278be00073dd8431c9bdeebda1abb0c958
LiliaDie.Ani	386	0x00449CAD	2789	2777	3659	3647	318	1103	3647	0	428064	0	-8	608	53	457	4cd01263ed3e1d17deebe8e35236ee3d02d186ab298440aa3bbb67fc1fb8bd5e
LiliaDie.Ani	387	0x0044A792	457	445	608	596	53	172	596	0	376850	0	-8	3769	297	2964	b87f2dded05cde23718fb88c6a6c3eb4e8ba90ffa9c0ddcb27994976cece1ed1
LiliaDie.Ani	388	0x0044A95B	2964	2952	3769	3757	297	1381	3757	0	429344	0	-8	3613	315	2748	68f2131eb64f17e2403d977e615cebd3b3d28f0886ec59ee345473515488da0b
LiliaDie.Ani	389	0x0044B4EF	2748	2736	3613	3601	315	1081	3601	0	429344	0	-8	3659	318	2789	bacb083fcdb4c47c1f6f49886a3e47278be00073dd8431c9bdeebda1abb0c958
LiliaDie.Ani	390	0x0044BFAB	2789	2777	3659	3647	318	1103	3647	0	428064	0	-8	608	53	457	4cd01263ed3e1d17deebe8e35236ee3d02d186ab298440aa3bbb67fc1fb8bd5e
LiliaDie.Ani	391	0x0044CA90	457	445	608	596	53	172	596	0	376850	0	-8	3769	297	2964	b87f2dded05cde23718fb88c6a6c3eb4e8ba90ffa9c0ddcb27994976cece1ed1
LiliaDie.Ani	392	0x0044CC59	2964	2952	3769	3757	297	1381	3757	0	429344	0	-8	3613	315	2748	68f2131eb64f17e2403d977e615cebd3b3d28f0886ec59ee345473515488da0b
LiliaDie.Ani	393	0x0044D7ED	2748	2736	3613	3601	315	1081	3601	0	429344	0	-8	3659	318	2789	bacb083fcdb4c47c1f6f49886a3e47278be00073dd8431c9bdeebda1abb0c958
LiliaDie.Ani	394	0x0044E2A9	2789	2777	3659	3647	318	1103	3647	0	428064	0	-8	608	53	457	4cd01263ed3e1d17deebe8e35236ee3d02d186ab298440aa3bbb67fc1fb8bd5e
LiliaDie.Ani	395	0x0044ED8E	457	445	608	596	53	172	596	0	376850	0	-8	3769	297	2964	b87f2dded05cde23718fb88c6a6c3eb4e8ba90ffa9c0ddcb27994976cece1ed1
LiliaDie.Ani	396	0x0044EF57	2964	2952	3769	3757	297	1381	3757	0	429344	0	-8	3613	315	2748	68f2131eb64f17e2403d977e615cebd3b3d28f0886ec59ee345473515488da0b
LiliaDie.Ani	397	0x0044FAEB	2748	2736	3613	3601	315	1081	3601	0	429344	0	-8	3659	318	2789	bacb083fcdb4c47c1f6f49886a3e47278be00073dd8431c9bdeebda1abb0c958
LiliaDie.Ani	398	0x004505A7	2789	2777	3659	3647	318	1103	3647	0	428064	0	-8	608	53	457	4cd01263ed3e1d17deebe8e35236ee3d02d186ab298440aa3bbb67fc1fb8bd5e
LiliaDie.Ani	399	0x0045108C	457	445	608	596	53	172	596	0	376850	0	-8	3769	297	2964	b87f2dded05cde23718fb88c6a6c3eb4e8ba90ffa9c0ddcb27994976cece1ed1
LiliaDie.Ani	400	0x00451255	2964	2952	3769	3757	297	1381	3757	0	429344	0	-8	3613	315	2748	68f2131eb64f17e2403d977e615cebd3b3d28f0886ec59ee345473515488da0b
LiliaDie.Ani	401	0x00451DE9	2748	2736	3613	3601	315	1081	3601	0	429344	0	-8	3659	318	2789	bacb083fcdb4c47c1f6f49886a3e47278be00073dd8431c9bdeebda1abb0c958
LiliaDie.Ani	402	0x004528A5	2789	2777	3659	3647	318	1103	3647	0	428064	0	-8	608	53	457	4cd01263ed3e1d17deebe8e35236ee3d02d186ab298440aa3bbb67fc1fb8bd5e
LiliaDie.Ani	403	0x0045338A	457	445	608	596	53	172	596	0	376850	0	-8	0	117463967	4607	b87f2dded05cde23718fb88c6a6c3eb4e8ba90ffa9c0ddcb27994976cece1ed1
MonkDie.Ani	1	0x00000024	195359	195347	307220	307208	1	307200	307208	0	614400	0	-8	887	75	563	ae3bb1d007a2da2ebf134ff0f2556ed3e9f0587f603c6c9f4ed5cbaa42611371
MonkDie.Ani	2	0x0002FB43	563	551	887	875	75	275	875	0	412162	0	-8	2089	123	1377	b7ce1e47b29bd04409d130ca378c00cdc6e632010a86fdb3df5aaa704fa3fb7a
MonkDie.Ani	3	0x0002FD76	1377	1365	2089	2077	123	1093	2077	0	412162	0	-8	3094	150	2013	e7d6afec9d39aaf9fa8213014e5df084adb939a0b6f715677402de31b46c8ca9
MonkDie.Ani	4	0x000302D7	2013	2001	3094	3082	150	1882	3082	0	404496	0	-8	4279	209	3016	3237a3b4421bfee54d85ddd9065fda5fab26e85e114dc24dd8e3bbe37d650e56
MonkDie.Ani	5	0x00030AB4	3016	3004	4279	4267	209	2595	4267	0	399398	0	-8	4326	210	3123	2a5e1799c1b208239252f0d31f16252d4f888da52d4274cd30e026c1908a53a2
MonkDie.Ani	6	0x0003167C	3123	3111	4326	4314	210	2634	4314	0	390464	0	-8	4325	209	2915	76f64980f12c9d92fd63f033b9bdaddc1aa52d383cefcf6bcb1f5b0d6e3fc38f
MonkDie.Ani	7	0x000322AF	2915	2903	4325	4313	209	2641	4313	0	385362	0	-8	3970	165	2766	858a1474dd8788a123af8ae69112e2f23ea55a56503b90901a363d4e215c8bf2
MonkDie.Ani	8	0x00032E12	2766	2754	3970	3958	165	2638	3958	0	376424	0	-8	3989	159	2990	cbf8d2bac2c759591a5f7b0e468a6cc145152b0badd9d9e415cbb28d20890cfc
MonkDie.Ani	9	0x000338E0	2990	2978	3989	3977	159	2705	3977	0	371326	0	-8	3862	151	2854	ea184f4281c32789cd3cb574d11026d3b11b98096976e9c594d475d1fa4bc77e
MonkDie.Ani	10	0x0003448E	2854	2842	3862	3850	151	2642	3850	0	362392	0	-8	3973	165	2912	a909751de499f29c00b532d8f6c5f2ecb31706b00179424c67949a9f5e707c33
MonkDie.Ani	11	0x00034FB4	2912	2900	3973	3961	165	2641	3961	0	357288	0	-8	3743	157	2751	929b4aca8ebcb81cb323301ea69ae1d39d1ce80527a7541fa0671a5e84423b29
MonkDie.Ani	12	0x00035B14	2751	2739	3743	3731	157	2475	3731	0	349628	0	-8	4129	235	2942	da447ada9ed1a5ba305795eb58afe4ea15c5af685ce9a21be9eb5f385156f110
MonkDie.Ani	13	0x000365D3	2942	2930	4129	4117	235	2237	4117	0	344526	0	-8	3833	200	2738	68fb1fad8b3d6f9bde1144c505f8a76402a26520e3d0e03439951d12d94377e4
MonkDie.Ani	14	0x00037151	2738	2726	3833	3821	200	2221	3821	0	339424	0	-8	3939	249	2791	5ec2de4bd99f34717f8c37d31c79d77a24c861c573c8b3d8784ad991166b1a0b
MonkDie.Ani	15	0x00037C03	2791	2779	3939	3927	249	1935	3927	0	336872	0	-8	3858	254	2685	757858916baef530723fa1b7919698bb62ece92f853bde58c9f08b79373a1bc3
MonkDie.Ani	16	0x000386EA	2685	2673	3858	3846	254	1814	3846	0	333042	0	-8	12	0	12	8ae7f922aa3823ea207b5447fe710733c800a9ee25c29512fb746a3f79b7fc74
MonkDie.Ani	17	0x00039167	12	0	12	0	0	0	0	0	0	skipped_when_size_minus_12_is_zero	unsafe_12_byte_metadata_plus_stale_scratch_tail	12	0	12	e3b0c44298fc1c149afbf4c8996fb92427ae41e4649b934ca495991b7852b855
MonkDie.Ani	18	0x00039173	12	0	12	0	0	0	0	0	0	skipped_when_size_minus_12_is_zero	unsafe_12_byte_metadata_plus_stale_scratch_tail	12	0	12	e3b0c44298fc1c149afbf4c8996fb92427ae41e4649b934ca495991b7852b855
MonkDie.Ani	19	0x0003917F	12	0	12	0	0	0	0	0	0	skipped_when_size_minus_12_is_zero	unsafe_12_byte_metadata_plus_stale_scratch_tail	12	0	12	e3b0c44298fc1c149afbf4c8996fb92427ae41e4649b934ca495991b7852b855
MonkDie.Ani	20	0x0003918B	12	0	12	0	0	0	0	0	0	skipped_when_size_minus_12_is_zero	unsafe_12_byte_metadata_plus_stale_scratch_tail	234	8	162	e3b0c44298fc1c149afbf4c8996fb92427ae41e4649b934ca495991b7852b855
MonkDie.Ani	21	0x00039197	162	150	234	222	8	158	222	0	545342	0	-8	781	26	589	a945b03297fda730970704c380531efe64cd5a064db7f441792501bfcb6409c2
MonkDie.Ani	22	0x00039239	589	577	781	769	26	561	769	0	545378	0	-8	4819	327	3459	484fc84b08784268f5248f5aa2c2ab742ba71e6a07a9aae6c08bc0c984a9156f
MonkDie.Ani	23	0x00039486	3459	3447	4819	4807	327	2191	4807	0	545414	0	-8	6476	463	4361	68dc307583a0465954c3cfbc8cedd99744098210aa9abe4defee1db1ced2937e
MonkDie.Ani	24	0x0003A209	4361	4349	6476	6464	463	2760	6464	0	545460	0	-8	6859	397	4774	5a303bb7fcb3843aad7c9032bbaea6ed43155a17f6ddca11d5dd0fe1b065c067
MonkDie.Ani	25	0x0003B312	4774	4762	6859	6847	397	3671	6847	0	545492	0	-8	6923	329	4609	c747e19ccc02098b66e537dc5da9795466901cbaeb32c3d6f316ee2c63333a73
MonkDie.Ani	26	0x0003C5B8	4609	4597	6923	6911	329	4279	6911	0	545526	0	-8	7808	343	5304	dcf1cdda51dac5e402abaa24f022917a7a9d50eb9b8b9eabf74a6d419c3c2984
MonkDie.Ani	27	0x0003D7B9	5304	5292	7808	7796	343	5052	7796	0	545554	0	-8	7835	288	5299	a8ace03adc950874a52a0cc86b5507ce6c67692a04015bd8174ef69d7d8ddb08
MonkDie.Ani	28	0x0003EC71	5299	5287	7835	7823	288	5519	7823	0	545594	0	-8	8300	320	5688	0676db56de3468fbf03e7fb2e04e65f9ddd5c0c49a1e7854b6799be08c5b75ff
MonkDie.Ani	29	0x00040124	5688	5676	8300	8288	320	5728	8288	0	545594	0	-8	8263	342	5647	b6097d7097faf0e525ac7825b8f477ef7de1c445b159f10a2c1cce5c6d6cd506
MonkDie.Ani	30	0x0004175C	5647	5635	8263	8251	342	5515	8251	0	536654	0	-8	8384	395	5695	ffabb28d42f9fdb36053adbebb89511d646185346166c46a38049f3b142bfc65
MonkDie.Ani	31	0x00042D6B	5695	5683	8384	8372	395	5212	8372	0	530276	0	-8	8088	362	5466	06310d442551a81986a8b8da6380f9670a775c52b8aa474b5fa74a98fff0c73f
MonkDie.Ani	32	0x000443AA	5466	5454	8088	8076	362	5180	8076	0	525172	0	-8	4430	144	3237	9aee75ad2e87e6a1009aa053741adfab23ff1d93a880a14154d99fb9d8fadd9b
MonkDie.Ani	33	0x00045904	3237	3225	4430	4418	144	3266	4418	0	279456	0	-8	4556	149	3369	31ccd55daa19747663dd831f83bb6d3c85540f6ae1ee9aef1f576e2bacad1dd6
MonkDie.Ani	34	0x000465A9	3369	3357	4556	4544	149	3352	4544	0	265412	0	-8	4836	196	3561	fb5962d6d662a5492d3c5fe7c8fe4078012a013e150f21803804a4ca987dcd23
MonkDie.Ani	35	0x000472D2	3561	3549	4836	4824	196	3256	4824	0	255212	0	-8	4830	214	3538	62d34c14b96741804a022774e925d20345270d1d4fbe2d0d35c0a7dc9bde377d
MonkDie.Ani	36	0x000480BB	3538	3526	4830	4818	214	3106	4818	0	241176	0	-8	4565	165	3318	259ba91ba4a59ebb358b8200317fedabc2d3caaf5ec9e103c20636a875101e5c
MonkDie.Ani	37	0x00048E8D	3318	3306	4565	4553	165	3233	4553	0	227112	0	-8	4520	132	3496	a1ca8267a74ef205e6dcd106e24915ecc0a665289cab7450550e9cb5235fdc80
MonkDie.Ani	38	0x00049B83	3496	3484	4520	4508	132	3452	4508	0	214378	0	-8	4540	133	3612	1ae7b671134bf9c965ec1aa5efd397ba86f0cf2fc48e0ed8123bd1bfb9be161d
MonkDie.Ani	39	0x0004A92B	3612	3600	4540	4528	133	3464	4528	0	201622	0	-8	8065	398	5918	7035cced617e5459249321a7b381b7f1f227a451e9824b1d6ff12b82992939c4
MonkDie.Ani	40	0x0004B747	5918	5906	8065	8053	398	4869	8053	0	523894	0	-8	7747	367	5673	ee0585ecb2147a5ac112373a645da72b6b84a05b030514e70ec5348b1e846e04
MonkDie.Ani	41	0x0004CE65	5673	5661	7747	7735	367	4799	7735	0	523894	0	-8	5896	241	4475	a081bf5dc88291d54a2352bb80d45ace7e001c178674ba66ae05c80384696f62
MonkDie.Ani	42	0x0004E48E	4475	4463	5896	5884	241	3956	5884	0	523894	0	-8	7848	462	5643	a2bc5a68d8345166869e23efd895fdff3c7ebc2c955aaf681ea2cb8253de7045
MonkDie.Ani	43	0x0004F609	5643	5631	7848	7836	462	4140	7836	0	522616	0	-8	7434	456	5195	efebf785af35b12e28dbd53cfaa67f8ee8dc568b8d302254188c307460d02555
MonkDie.Ani	44	0x00050C14	5195	5183	7434	7422	456	3774	7422	0	522616	0	-8	6232	352	4301	ed3ff6df4ce450fb14aa9225c7daa5833a12e5c7f796fdbf82972ef8f67d3611
MonkDie.Ani	45	0x0005205F	4301	4289	6232	6220	352	3404	6220	0	522622	0	-8	5270	288	3705	1d81c3280870aede817f24a96031290c53dd033799b26137105dad8aca5db385
MonkDie.Ani	46	0x0005312C	3705	3693	5270	5258	288	2954	5258	0	522622	0	-8	4924	274	3556	cc0c14cfb8b940fddfcb2e0a848c3cdb512ceba82975239575bb1da81eeeae4a
MonkDie.Ani	47	0x00053FA5	3556	3544	4924	4912	274	2720	4912	0	521360	0	-8	4474	274	3174	de6d4af1ef7350ab5927c97d7cbe42854ec01d4f10ae3a2e2c2acba88293576b
MonkDie.Ani	48	0x00054D89	3174	3162	4474	4462	274	2270	4462	0	521360	0	-8	3912	223	2728	7df3537d2f984334f4710307f7bc9fe11f4e8e07b5fe8bd84d9c6804a9f5f16a
MonkDie.Ani	49	0x000559EF	2728	2716	3912	3900	223	2116	3900	0	518826	0	-8	4109	218	2837	b51ac0341b3aeda00b58d2c853f8c35d8c73b28ddd3eb9f9d9b2554c10f099b9
MonkDie.Ani	50	0x00056497	2837	2825	4109	4097	218	2353	4097	0	518826	0	-8	4078	211	2903	24b7ddeb930477f7acd297c0f3f4f90bcde5a222e83ef4eb1576cc21e46e1b35
MonkDie.Ani	51	0x00056FAC	2903	2891	4078	4066	211	2378	4066	0	517582	0	-8	4041	191	2861	806fde8ce8f175ed083fa374288841140978bc5e3feffe436ce67a4656cfd3ab
MonkDie.Ani	52	0x00057B03	2861	2849	4041	4029	191	2501	4029	0	517582	0	-8	3945	202	2786	a46c00a5250394553b7b6840f18cd5905c34732c26e8dea57884f1807cd0c668
MonkDie.Ani	53	0x00058630	2786	2774	3945	3933	202	2317	3933	0	518900	0	-8	3912	171	2801	147e997b2568573253db3b768aa64785f7bc3aaa7c46c5d755768b9524f98c4e
MonkDie.Ani	54	0x00059112	2801	2789	3912	3900	171	2532	3900	0	521484	0	-8	4101	180	2860	447abbe34911b9bac2c04aabf7b6b90971e1b29031942f109a371b083c2f9684
MonkDie.Ani	55	0x00059C03	2860	2848	4101	4089	180	2649	4089	0	527902	0	-8	4340	207	2972	cbf06ebc243f547c399f64c0e281c760ce2cb06efb7b7cc42ab8ba69cfec3c3a
MonkDie.Ani	56	0x0005A72F	2972	2960	4340	4328	207	2672	4328	0	531766	0	-8	4269	202	2956	284eec214729d76bd9e417849fbc1cc7a4a3e44a9fd4ea785c8da0f176931083
MonkDie.Ani	57	0x0005B2CB	2956	2944	4269	4257	202	2641	4257	0	538190	0	-8	4273	203	2951	792b3c3e4a07ff99bc397036daadd2f2578c3ac66876aa431254a0958a65097b
MonkDie.Ani	58	0x0005BE57	2951	2939	4273	4261	203	2637	4261	0	540778	0	-8	4212	179	2983	3d301ee8d7b9a8800c9e2c3f3bbb3df02768000a523bcd53bae262720ad5446d
MonkDie.Ani	59	0x0005C9DE	2983	2971	4212	4200	179	2768	4200	0	544640	0	-8	4236	200	2994	39cc6e573327ab91514dbcd82a092d43231cc77f455c8e317d113109fa5a0600
MonkDie.Ani	60	0x0005D585	2994	2982	4236	4224	200	2624	4224	0	544640	0	-8	4067	206	2933	ec0212ac65194ef9d672dc972382039865690939cb0b5f936d1e0c41efe4fb7c
MonkDie.Ani	61	0x0005E137	2933	2921	4067	4055	206	2407	4055	0	542124	0	-8	5239	286	3568	7157ccffb805c16afa0bc8f314f7deb1b80ce58b659fde86c64d213cc033086f
MonkDie.Ani	62	0x0005ECAC	3568	3556	5239	5227	286	2939	5227	0	542124	0	-8	6350	321	4342	d607cd6bee3cbe69306bfe0217c795f00562cedfd33b9f990d113fa457de18b3
MonkDie.Ani	63	0x0005FA9C	4342	4330	6350	6338	321	3770	6338	0	539590	0	-8	7621	348	4840	b40adc2e995fe0bfc6c091bd2ef29b1845b467c66e4df6e73191dc84a02bbd08
MonkDie.Ani	64	0x00060B92	4840	4828	7621	7609	348	4825	7609	0	538326	0	-8	8427	345	5763	b42349e4f442b13fb5d0d2d712b02d4bdb910a9cd1939f94102ff41e2b1085cf
MonkDie.Ani	65	0x00061E7A	5763	5751	8427	8415	345	5655	8415	0	531950	0	-8	8955	364	6086	d5070143184ce9b7d52ccef531f4bffc96205527d2d9efbcaf67dbc0342584fd
MonkDie.Ani	66	0x000634FD	6086	6074	8955	8943	364	6031	8943	0	525576	0	-8	9316	361	6542	0676443c5563ce87f9d10d9657ef2c8249599920d225c651effa45103349cc60
MonkDie.Ani	67	0x00064CC3	6542	6530	9316	9304	361	6416	9304	0	512810	0	-8	9914	420	6877	7c41d04235aa404d214e153cf66f26e02d5b3e5f1b89fdd99f13f9d53af98c46
MonkDie.Ani	68	0x00066651	6877	6865	9914	9902	420	6542	9902	0	498768	0	-8	10063	431	6521	f9262702ae267246563324f6fa216e454247c5cbee131e438858a9f2ce369844
MonkDie.Ani	69	0x0006812E	6521	6509	10063	10051	431	6603	10051	0	471946	0	-8	10205	425	7067	428d2e161bdfd82d1c193eb3a687814d990a6c7a1aba29a59362e9c31552e3c8
MonkDie.Ani	70	0x00069AA7	7067	7055	10205	10193	425	6793	10193	0	455834	0	-8	10367	473	7392	1c4dc9a5016c4f947e0cf5f52f857aaaeadae98890eeae0ba50e4838f02bebdb
MonkDie.Ani	71	0x0006B642	7392	7380	10367	10355	473	6571	10355	0	448180	0	-8	9886	416	6782	8beab1d099421f60bae17f23e4bbb93d2fb88ac4fd6765cb9d35a77ef566dadb
MonkDie.Ani	72	0x0006D322	6782	6770	9886	9874	416	6546	9874	0	441800	0	-8	9011	342	6392	89fc1f6ad8a9e0abd61bdaa70689e8d7e236a9f5af9fcdc9c7e9babaa1cb8ac5
MonkDie.Ani	73	0x0006EDA0	6392	6380	9011	8999	342	6263	8999	0	436706	0	-8	8564	437	5716	1d6b013fd7df222a1d9a0fe6d27c0b7fd942e4fac412b0e923af8886cf8de424
MonkDie.Ani	74	0x00070698	5716	5704	8564	8552	437	5056	8552	0	430320	0	-8	7840	373	5624	e1ded9ab52a2dc06434dd72a14d408211824020fa92b5f3ff1bb25cff9a34931
MonkDie.Ani	75	0x00071CEC	5624	5612	7840	7828	373	4844	7828	0	425218	0	-8	5966	359	4388	d65b2d0fece4d5988fb845d58ba9e45e1680e65ec714034e7accfd6696238e27
MonkDie.Ani	76	0x000732E4	4388	4376	5966	5954	359	3082	5954	0	422668	0	-8	4157	258	2971	cd14f49cd3f1b56e32e397ad0d18dea1e9f9b7b69275542c43bebf739e363915
MonkDie.Ani	77	0x00074408	2971	2959	4157	4145	258	2081	4145	0	421398	0	-8	12	0	12	037deae0e77b51148d1b7badfa7b8eaced2187619c8e2e4dd7f2704bc5dfb1d4
MonkDie.Ani	78	0x00074FA3	12	0	12	0	0	0	0	0	0	skipped_when_size_minus_12_is_zero	unsafe_12_byte_metadata_plus_stale_scratch_tail	50	4	54	e3b0c44298fc1c149afbf4c8996fb92427ae41e4649b934ca495991b7852b855
MonkDie.Ani	79	0x00074FAF	54	42	50	38	4	6	38	0	545284	0	-8	448	17	289	fa5d96c4ca8a25f161ec6588b264f336dbce2db3651155b607da200a163c39e5
MonkDie.Ani	80	0x00074FE5	289	277	448	436	17	300	436	0	545320	0	-8	1071	37	771	c3943e0a8a5a6df876b3e2358ceca9dd9bd0b81cfa059ab2ce16a422c0bc75b9
MonkDie.Ani	81	0x00075106	771	759	1071	1059	37	763	1059	0	545346	0	-8	1601	57	1160	c5c334bb1733f3f755a5c7ddf45bc5460e3937ba28b83e5263b9c780a851d3ad
MonkDie.Ani	82	0x00075409	1160	1148	1601	1589	57	1133	1589	0	545388	0	-8	2358	114	1786	4c30aad8228b5f5b0a8ae827f2043fda8dd2dc34ba876906eab94861e09c3bec
MonkDie.Ani	83	0x00075891	1786	1774	2358	2346	114	1434	2346	0	545432	0	-8	5266	310	3753	4e5b9e8aef0316f360fa5554bacbd955ece189cda41840e239341a83f39a3043
MonkDie.Ani	84	0x00075F8B	3753	3741	5266	5254	310	2774	5254	0	545458	0	-8	7265	392	4989	c44577fbc6fa5f3a16d79a6dd310c7139dcf8e3b89b53362f980ec6c1b6e235b
MonkDie.Ani	85	0x00076E34	4989	4977	7265	7253	392	4117	7253	0	545496	0	-8	8137	378	5433	38f20d51b2c1dd09cba9c3a4a01213d575ae7b9f1c9e1b3c5ce4e8aed4627576
MonkDie.Ani	86	0x000781B1	5433	5421	8137	8125	378	5101	8125	0	545508	0	-8	8794	393	6003	35da5e91714e3430bf2d7ded24bddb76a4025f47477106f648af2ed72a1d40a2
MonkDie.Ani	87	0x000796EA	6003	5991	8794	8782	393	5638	8782	0	545556	0	-8	8969	363	6356	e84e6015f713929d791233108812a75b7c122f9cb33e5afee23bbf3b58fe2944
MonkDie.Ani	88	0x0007AE5D	6356	6344	8969	8957	363	6053	8957	0	545556	0	-8	9331	357	6684	57ca179ea238ed9b0ae19b3df5cecd07f4c0bf177cf3c4a6b9f427b4862f5b03
MonkDie.Ani	89	0x0007C731	6684	6672	9331	9319	357	6463	9319	0	543010	0	-8	9787	387	6828	191bbc31b929a92d2353154955a0a80c4542b56233cb25ac5f88dabecfb890cb
MonkDie.Ani	90	0x0007E14D	6828	6816	9787	9775	387	6679	9775	0	535358	0	-8	9966	426	6921	2b52c338e619958da9121448f940a7a085a381c7bbbcfd06721ab02897986188
MonkDie.Ani	91	0x0007FBF9	6921	6909	9966	9954	426	6546	9954	0	528980	0	-8	9410	449	6692	b067a57daa4907080db3c31c64a3e641db243e17036dad87f493eaedc49fac84
MonkDie.Ani	92	0x00081702	6692	6680	9410	9398	449	5806	9398	0	523878	0	-8	7881	393	5329	da81ac248d5d81052a4d0ea7fffd85b7f32c3af057159c32ddf051a6c390602b
MonkDie.Ani	93	0x00083126	5329	5317	7881	7869	393	4725	7869	0	520048	0	-8	3564	143	2753	2c817108753fd386263b5df5c9683ba2e8000bf821bac8a350493733eaeebf92
MonkDie.Ani	94	0x000845F7	2753	2741	3564	3552	143	2408	3552	0	229804	0	-8	3833	158	3005	0dc8236677f2678594a5f88971f600c615e878b4d3a3923f74f69920d5b0de35
MonkDie.Ani	95	0x000850B8	3005	2993	3833	3821	158	2557	3821	0	250470	0	-8	4814	187	3421	06063821d82932fdc13c14e32c928d3eeef481f43448bf6451250e8f886250cf
MonkDie.Ani	96	0x00085C75	3421	3409	4814	4802	187	3306	4802	0	250470	0	-8	5725	200	4256	46d8c5bc0ec0bd2eb0e6abd5f2d0a74fe42a0363b422ef7e31507f49c561e12c
MonkDie.Ani	97	0x000869D2	4256	4244	5725	5713	200	4113	5713	0	218624	0	-8	9481	528	6506	e2e92081a6443f9515f18cf1f6508223ccaae1b721af27e006399c2b81ef92ea
MonkDie.Ani	98	0x00087A72	6506	6494	9481	9469	528	5245	9469	0	518772	0	-8	5725	322	4504	77337d254d608fe267cecf867eb667eef1597269a95a7d789eced38c50755c3c
MonkDie.Ani	99	0x000893DC	4504	4492	5725	5713	322	3137	5713	0	514932	0	-8	2126	134	1588	08e90a36b7c382b7872fdfa0b64fcc24217b0576afa3fa740dab523d01da45e7
MonkDie.Ani	100	0x0008A574	1588	1576	2126	2114	134	1042	2114	0	517490	0	-8	3386	240	2372	c5d01783dd6a0147838180cf3dae32a711d16778a70bc459c07c163c242cac2e
MonkDie.Ani	101	0x0008ABA8	2372	2360	3386	3374	240	1454	3374	0	512350	0	-8	3404	246	2410	f82852a8956732b47132a93e5e4298845dc87aab1524258eea3ae52d7e3b1210
MonkDie.Ani	102	0x0008B4EC	2410	2398	3404	3392	246	1424	3392	0	513652	0	-8	4343	332	2973	67dac7d05c0124d54ef62993440b78a87e28aff6ba2227624238b2209dd3a817
MonkDie.Ani	103	0x0008BE56	2973	2961	4343	4331	332	1675	4331	0	516212	0	-8	4505	363	3054	5d61c59b4b0bb739fd86f798703ebb491683ce7673afcd0d3791c79a80948307
MonkDie.Ani	104	0x0008C9F3	3054	3042	4505	4493	363	1589	4493	0	516212	0	-8	3844	228	2605	837d0a7776af9a8a88158ab9cc394f58d21d2772155cab865a362fb9e6cb1c19
MonkDie.Ani	105	0x0008D5E1	2605	2593	3844	3832	228	2008	3832	0	514934	0	-8	3934	233	2775	ea1703f868fd29af9dd3929af15a5960e13ff3fad351d23bee5daa970972559a
MonkDie.Ani	106	0x0008E00E	2775	2763	3934	3922	233	2058	3922	0	513660	0	-8	4302	270	3030	f2977d3f934efa5155645a851caf890712713b98ff7c0ebad8dd6b7d846edfac
MonkDie.Ani	107	0x0008EAE5	3030	3018	4302	4290	270	2130	4290	0	511106	0	-8	4294	265	3081	ee266ba91a9b37d568a5ce65114c2175863f4f4aa919df3b5fa7c07e04ed14d1
MonkDie.Ani	108	0x0008F6BB	3081	3069	4294	4282	265	2162	4282	0	509850	0	-8	4150	239	2940	fda79a797bfe5316ae0ac536e9c32dc3ba2f064ddbeaba353ab0ba94f09f787c
MonkDie.Ani	109	0x000902C4	2940	2928	4150	4138	239	2226	4138	0	511146	0	-8	4272	209	3007	7beb1a52cbc848afddc4ca6206164392f2d3e1b8b283e5feffb2763962ae0514
MonkDie.Ani	110	0x00090E40	3007	2995	4272	4260	209	2588	4260	0	515004	0	-8	4250	183	3071	2df38a41d6045abff79a4a65f786b00097eb0b0f1962e518b9edfad9bc3aca5b
MonkDie.Ani	111	0x000919FF	3071	3059	4250	4238	183	2774	4238	0	522706	0	-8	4540	192	3308	3e24a2468e4a3c78ac4ad90c30b8da147d37a492a5ca764ebc21d167fb7a65e5
MonkDie.Ani	112	0x000925FE	3308	3296	4540	4528	192	2992	4528	0	534254	0	-8	4530	176	3188	ee1fbd3ae0543fbff24ae4d7632d81db57b65abd401255f0ec704d530efe9c0d
MonkDie.Ani	113	0x000932EA	3188	3176	4530	4518	176	3110	4518	0	545806	0	-8	4647	214	3277	f9967ae34218c841a85ce3470dcce03349f6d0066377b071b40653211605de54
MonkDie.Ani	114	0x00093F5E	3277	3265	4647	4635	214	2923	4635	0	545838	0	-8	3924	173	2731	71d9122791554c732965fe43e8dfd1828f8a38608d77922166064e32df4c96d6
MonkDie.Ani	115	0x00094C2B	2731	2719	3924	3912	173	2528	3912	0	545888	0	-8	3729	194	2740	c7087f5139e198e67e2ab135774628f6690fe6291d73d7d33f7705b0b3dd5dbc
MonkDie.Ani	116	0x000956D6	2740	2728	3729	3717	194	2165	3717	0	545920	0	-8	3430	164	2313	dded4a4ca3c968560623fcaf3e283652bc73e5bf5b79d09ccf6612d7468c3945
MonkDie.Ani	117	0x0009618A	2313	2301	3430	3418	164	2106	3418	0	545964	0	-8	5331	252	3470	b6d8a085c01f34effddf10badd8761fc59ea28e48f89cb12dcafeaa183872532
MonkDie.Ani	118	0x00096A93	3470	3458	5331	5319	252	3303	5319	0	545998	0	-8	7482	355	5383	81e72a33ba73ea43a1515292cd3be42cda52c651b66dd3505fb32c569d0f848a
MonkDie.Ani	119	0x00097821	5383	5371	7482	7470	355	4630	7470	0	546006	0	-8	7668	348	5304	86a5a90a3d7f59b308fe73534bc7a5f673248efcc35d16649dbf86686abaa7a0
MonkDie.Ani	120	0x00098D28	5304	5292	7668	7656	348	4872	7656	0	546038	0	-8	7467	294	5538	318209f0f24180dc314b3b68a425bec0c89236588f5b87c3baf77bd6eab14c98
MonkDie.Ani	121	0x0009A1E0	5538	5526	7467	7455	294	5103	7455	0	546070	0	-8	8146	336	5882	3dd405fc06673644edc6255d0301a544f0094780065f7e15cad7b239507d755c
MonkDie.Ani	122	0x0009B782	5882	5870	8146	8134	336	5446	8134	0	546124	0	-8	10001	451	7309	837b9d7b97cae7b7dee9c630344111c7bded565d9cb5da62428122b1919a1882
MonkDie.Ani	123	0x0009CE7C	7309	7297	10001	9989	451	6381	9989	0	546144	0	-8	13066	573	8939	ca8873453d05a82fcce57a93c5fe8e18c855e275cf8cd872398db1e08d38017d
MonkDie.Ani	124	0x0009EB09	8939	8927	13066	13054	573	8470	13054	0	546144	0	-8	15616	624	10686	4b78b8cba2d8569a204fe4693fdd0110827d674d91f4c8647646361264a5009e
MonkDie.Ani	125	0x000A0DF4	10686	10674	15616	15604	624	10612	15604	0	545794	0	-8	16757	642	11785	a8a9f4a7aa40b179a54c312fb4079b8381399514c1648577df9960ee157a130a
MonkDie.Ani	126	0x000A37B2	11785	11773	16757	16745	642	11609	16745	0	545842	0	-8	17556	663	12149	f057588c8f56e3c081067e799a50e30a1bc8dd8513117e482032b204e8be01c6
MonkDie.Ani	127	0x000A65BB	12149	12137	17556	17544	663	12240	17544	0	545884	0	-8	17776	643	12602	1e26581c29a0cc8cef5f6ce08a0b3e0961436579c4a75a065ca66fb955b48c75
MonkDie.Ani	128	0x000A9530	12602	12590	17776	17764	643	12620	17764	0	545970	0	-8	18096	718	12562	a2ac87c82552a5e918ecede755671f830f16e1327fafa15b26278c646bd2533d
MonkDie.Ani	129	0x000AC66A	12562	12550	18096	18084	718	12340	18084	0	546244	0	-8	20528	889	14048	e94856613d4ba9c40a80b97b1c62c2d24d202f24542197dcecfd358708dd7531
MonkDie.Ani	130	0x000AF77C	14048	14036	20528	20516	889	13404	20516	0	546292	0	-8	20956	878	14516	7703edf721bd0ecab1d8a5f9e5bd681060204e56516b4b44062cc2509deb1a7e
MonkDie.Ani	131	0x000B2E5C	14516	14504	20956	20944	878	13920	20944	0	546324	0	-8	22033	849	14888	dc900884b11d8d993eda1bd2d6844bd84dde75b82092a4c9d7c0b5b62a794876
MonkDie.Ani	132	0x000B6710	14888	14876	22033	22021	849	15229	22021	0	546372	0	-8	23337	852	16235	fff80f3d440e7f7c2c23929f4a5f4ae0db1afbc6eb6ebb40c9da8a3e999e300f
MonkDie.Ani	133	0x000BA138	16235	16223	23337	23325	852	16509	23325	0	546442	0	-8	23814	869	15800	54da8175c9bb45ac259b1d9925c50e4dac20d63b5c649214925bad5a34b4db52
MonkDie.Ani	134	0x000BE0A3	15800	15788	23814	23802	869	16850	23802	0	546490	0	-8	24720	939	16932	1bfed78abbab65606a10b7675b826a2141462f3cc441f0504b777f17e3db06c1
MonkDie.Ani	135	0x000C1E5B	16932	16920	24720	24708	939	17196	24708	0	546496	0	-8	24733	918	16146	dfc5815b502c5d2943dde958d095c019f0b9cc0cd5712422ac6b45b767d910ed
MonkDie.Ani	136	0x000C607F	16146	16134	24733	24721	918	17377	24721	0	546530	0	-8	24316	904	17149	f4b265a810a5ce362f453cbd95912dd8b7f2c26db523937097e5185ff39de0b3
MonkDie.Ani	137	0x000C9F91	17149	17137	24316	24304	904	17072	24304	0	546530	0	-8	22635	891	15532	e0f70a683e949fef867d165970cde42da65482dc8471d7cdb9f52bdc6da23068
MonkDie.Ani	138	0x000CE28E	15532	15520	22635	22623	891	15495	22623	0	546278	0	-8	21819	800	14647	0cdf1a2f1dc28fac50d74f9f58f18a32c4efce2aa24e814e12c1cc05e1fdc701
MonkDie.Ani	139	0x000D1F3A	14647	14635	21819	21807	800	15407	21807	0	546306	0	-8	22525	809	15470	ad4bd6b83b186350b9aef2dbb07a9102d078725ac33fdad98e32d495366cb01c
MonkDie.Ani	140	0x000D5871	15470	15458	22525	22513	809	16041	22513	0	546356	0	-8	21743	759	15122	f504ee6dbde6819ebd04d5b89ebfb00e7f3175d198d64e188b2c26015076fe80
MonkDie.Ani	141	0x000D94DF	15122	15110	21743	21731	759	15659	21731	0	546356	0	-8	20243	705	13902	2d15da59f5eabd33748c7812a5ca9a5c56ce590c00a3776407731e41e69cee18
MonkDie.Ani	142	0x000DCFF1	13902	13890	20243	20231	705	14591	20231	0	532306	0	-8	17705	640	12703	02fa7d581b196e5896df4fe9b6f034942d9bed383f0c424144692ddd6f3870f6
MonkDie.Ani	143	0x000E063F	12703	12691	17705	17693	640	12573	17693	0	510582	0	-8	14945	507	10275	99db5a7f8f777cda65ae576bcb403152a85eb077c4a3c7e53047b5a83dea8f5c
MonkDie.Ani	144	0x000E37DE	10275	10263	14945	14933	507	10877	14933	0	491426	0	-8	14474	475	10230	972cc868b073c2f498760f981eb384d468ecc9ff96ffb0608a8dd0821a7c6c71
MonkDie.Ani	145	0x000E6001	10230	10218	14474	14462	475	10662	14462	0	470984	0	-8	12064	434	8711	f00719766eb11c19e8b2e9c71022ed7def9da621bed2af368341253f32eaf0a7
MonkDie.Ani	146	0x000E87F7	8711	8699	12064	12052	434	8580	12052	0	451830	0	-8	9375	334	7089	a024fadd5127f25a20aa7e63c6bd2335b268023a084f897967b35a10e250a0d7
MonkDie.Ani	147	0x000EA9FE	7089	7077	9375	9363	334	6691	9363	0	428800	0	-8	7414	228	5533	7d9ddab9c068773563f65b208437de074b0ee9f6d328f87f7ce3969e6cef296b
MonkDie.Ani	148	0x000EC5AF	5533	5521	7414	7402	228	5578	7402	0	172328	0	-8	6488	225	4882	31a2c10c3232f07fd72b182234057c748de541d5b240fb5c907c04d6efeb6cb3
MonkDie.Ani	149	0x000EDB4C	4882	4870	6488	6476	225	4676	6476	0	157008	0	-8	5209	197	3866	7e33102c4bb7dbe13f34f46768b752cdb3e52d426da3f0c6c5151a04e5e28855
MonkDie.Ani	150	0x000EEE5E	3866	3854	5209	5197	197	3621	5197	0	142974	0	-8	3296	95	2592	d4520bbf6d00c37970d2df75dafd1037fc2e8a8b057e6a957842e3d20eeae2b4
MonkDie.Ani	151	0x000EFD78	2592	2580	3296	3284	95	2524	3284	0	128938	0	-8	2225	60	1807	1bd7702ba6e0ca2dee6562a49f87e0961160581bf2e1af36ea006768e3e1dd20
MonkDie.Ani	152	0x000F0798	1807	1795	2225	2213	60	1733	2213	0	116186	0	-8	1241	39	1068	6e412b5f6f6958add2fbfe5ad4f54ab968bcb7732f60506c302192fdef8c58a1
MonkDie.Ani	153	0x000F0EA7	1068	1056	1241	1229	39	917	1229	0	100868	0	-8	585	21	511	cf502e0030268302e7891ce2793e4805d181905d39faddb3b4bf5ab0dce8a943
MonkDie.Ani	154	0x000F12D3	511	499	585	573	21	405	573	0	86834	0	-8	122	4	127	c653c2882471c8c994dee5410183986e338e7ed67334383d2a37dfc45758ce9d
MonkDie.Ani	155	0x000F14D2	127	115	122	110	4	78	110	0	72796	0	-8	12	0	12	b7df0a3b5366753c3ab22eb95f08865e2fdd956194d3c2f3d5127398143325c0
MonkDie.Ani	156	0x000F1551	12	0	12	0	0	0	0	0	0	skipped_when_size_minus_12_is_zero	unsafe_12_byte_metadata_plus_stale_scratch_tail	12	0	12	e3b0c44298fc1c149afbf4c8996fb92427ae41e4649b934ca495991b7852b855
MonkDie.Ani	157	0x000F155D	12	0	12	0	0	0	0	0	0	skipped_when_size_minus_12_is_zero	unsafe_12_byte_metadata_plus_stale_scratch_tail	12	0	12	e3b0c44298fc1c149afbf4c8996fb92427ae41e4649b934ca495991b7852b855
MonkDie.Ani	158	0x000F1569	12	0	12	0	0	0	0	0	0	skipped_when_size_minus_12_is_zero	unsafe_12_byte_metadata_plus_stale_scratch_tail	12	0	12	e3b0c44298fc1c149afbf4c8996fb92427ae41e4649b934ca495991b7852b855
MonkDie.Ani	159	0x000F1575	12	0	12	0	0	0	0	0	0	skipped_when_size_minus_12_is_zero	unsafe_12_byte_metadata_plus_stale_scratch_tail	12	0	12	e3b0c44298fc1c149afbf4c8996fb92427ae41e4649b934ca495991b7852b855
MonkDie.Ani	160	0x000F1581	12	0	12	0	0	0	0	0	0	skipped_when_size_minus_12_is_zero	unsafe_12_byte_metadata_plus_stale_scratch_tail	12	0	12	e3b0c44298fc1c149afbf4c8996fb92427ae41e4649b934ca495991b7852b855
MonkDie.Ani	161	0x000F158D	12	0	12	0	0	0	0	0	0	skipped_when_size_minus_12_is_zero	unsafe_12_byte_metadata_plus_stale_scratch_tail	12	0	12	e3b0c44298fc1c149afbf4c8996fb92427ae41e4649b934ca495991b7852b855
MonkDie.Ani	162	0x000F1599	12	0	12	0	0	0	0	0	0	skipped_when_size_minus_12_is_zero	unsafe_12_byte_metadata_plus_stale_scratch_tail	12	0	12	e3b0c44298fc1c149afbf4c8996fb92427ae41e4649b934ca495991b7852b855
MonkDie.Ani	163	0x000F15A5	12	0	12	0	0	0	0	0	0	skipped_when_size_minus_12_is_zero	unsafe_12_byte_metadata_plus_stale_scratch_tail	12	0	12	e3b0c44298fc1c149afbf4c8996fb92427ae41e4649b934ca495991b7852b855
MonkDie.Ani	164	0x000F15B1	12	0	12	0	0	0	0	0	0	skipped_when_size_minus_12_is_zero	unsafe_12_byte_metadata_plus_stale_scratch_tail	12	0	12	e3b0c44298fc1c149afbf4c8996fb92427ae41e4649b934ca495991b7852b855
MonkDie.Ani	165	0x000F15BD	12	0	12	0	0	0	0	0	0	skipped_when_size_minus_12_is_zero	unsafe_12_byte_metadata_plus_stale_scratch_tail	12	0	12	e3b0c44298fc1c149afbf4c8996fb92427ae41e4649b934ca495991b7852b855
MonkDie.Ani	166	0x000F15C9	12	0	12	0	0	0	0	0	0	skipped_when_size_minus_12_is_zero	unsafe_12_byte_metadata_plus_stale_scratch_tail	12	0	12	e3b0c44298fc1c149afbf4c8996fb92427ae41e4649b934ca495991b7852b855
MonkDie.Ani	167	0x000F15D5	12	0	12	0	0	0	0	0	0	skipped_when_size_minus_12_is_zero	unsafe_12_byte_metadata_plus_stale_scratch_tail	307220	1	187083	e3b0c44298fc1c149afbf4c8996fb92427ae41e4649b934ca495991b7852b855
MonkDie.Ani	168	0x000F15E1	187083	187071	307220	307208	1	307200	307208	0	614400	0	-8	12	0	12	10cf4f1776a02f67fd6a75e3830a72b534059f38d8d5a4d50ffca309a7931212
MonkDie.Ani	169	0x0011F0AC	12	0	12	0	0	0	0	0	0	skipped_when_size_minus_12_is_zero	unsafe_12_byte_metadata_plus_stale_scratch_tail	12	0	12	e3b0c44298fc1c149afbf4c8996fb92427ae41e4649b934ca495991b7852b855
MonkDie.Ani	170	0x0011F0B8	12	0	12	0	0	0	0	0	0	skipped_when_size_minus_12_is_zero	unsafe_12_byte_metadata_plus_stale_scratch_tail	307220	1	204523	e3b0c44298fc1c149afbf4c8996fb92427ae41e4649b934ca495991b7852b855
MonkDie.Ani	171	0x0011F0C4	204523	204511	307220	307208	1	307200	307208	0	614400	0	-8	307220	1	213486	69ffb85db24a61b91ef8aa259f5ff95100b8feeeb9a47870c25ba89566fab48b
MonkDie.Ani	172	0x00150FAF	213486	213474	307220	307208	1	307200	307208	0	614400	0	-8	307220	1	221643	02c23120c58f32acc785133b0f740c533c01927e80c07c44ef54536b8c09fc05
MonkDie.Ani	173	0x0018519D	221643	221631	307220	307208	1	307200	307208	0	614400	0	-8	307220	1	220861	8577c9beca2460538f6f2e23bfec1b71feb9051eeb7ef5dcbbd9f5431afe6d5d
MonkDie.Ani	174	0x001BB368	220861	220849	307220	307208	1	307200	307208	0	614400	0	-8	307220	1	210882	caccbd4a17500d30fa3a57b57511760696c9a5bc7324a9f3c6167c2e614da3ed
MonkDie.Ani	175	0x001F1225	210882	210870	307220	307208	1	307200	307208	0	614400	0	-8	12	0	12	4531d4ac1aeaa06cff417df067977010e27576909a5b518e011b272eaf53a8f9
MonkDie.Ani	176	0x002249E7	12	0	12	0	0	0	0	0	0	skipped_when_size_minus_12_is_zero	unsafe_12_byte_metadata_plus_stale_scratch_tail	12	0	12	e3b0c44298fc1c149afbf4c8996fb92427ae41e4649b934ca495991b7852b855
MonkDie.Ani	177	0x002249F3	12	0	12	0	0	0	0	0	0	skipped_when_size_minus_12_is_zero	unsafe_12_byte_metadata_plus_stale_scratch_tail	12	0	12	e3b0c44298fc1c149afbf4c8996fb92427ae41e4649b934ca495991b7852b855
MonkDie.Ani	178	0x002249FF	12	0	12	0	0	0	0	0	0	skipped_when_size_minus_12_is_zero	unsafe_12_byte_metadata_plus_stale_scratch_tail	12	0	12	e3b0c44298fc1c149afbf4c8996fb92427ae41e4649b934ca495991b7852b855
MonkDie.Ani	179	0x00224A0B	12	0	12	0	0	0	0	0	0	skipped_when_size_minus_12_is_zero	unsafe_12_byte_metadata_plus_stale_scratch_tail	307220	1	224112	e3b0c44298fc1c149afbf4c8996fb92427ae41e4649b934ca495991b7852b855
MonkDie.Ani	180	0x00224A17	224112	224100	307220	307208	1	307200	307208	0	614400	0	-8	307220	1	226198	e32c353cd77001405d487d31db825961feb237c9f83aa33cc1313a5c647ca8c6
MonkDie.Ani	181	0x0025B587	226198	226186	307220	307208	1	307200	307208	0	614400	0	-8	307220	1	225438	23cf8478ae8581f849c090bbe29478eff8ad60a8b879c6ba22fd1e69e788bbde
MonkDie.Ani	182	0x0029291D	225438	225426	307220	307208	1	307200	307208	0	614400	0	-8	307220	1	220833	46c46e92aa2bd3f9b7437039e68cebe45f088000eb725a174d158bcd7b46d278
MonkDie.Ani	183	0x002C99BB	220833	220821	307220	307208	1	307200	307208	0	614400	0	-8	307220	1	205524	0d01c947ad3fc5f83a4d68e72469dee9d626d987b55b3eb2bfe63a2cc51a869e
MonkDie.Ani	184	0x002FF85C	205524	205512	307220	307208	1	307200	307208	0	614400	0	-8	12	0	12	ee62e95b534e6aac66a537bd8d0a89dd872d44ede220c10ff955d4335c020719
MonkDie.Ani	185	0x00331B30	12	0	12	0	0	0	0	0	0	skipped_when_size_minus_12_is_zero	unsafe_12_byte_metadata_plus_stale_scratch_tail	12	0	12	e3b0c44298fc1c149afbf4c8996fb92427ae41e4649b934ca495991b7852b855
MonkDie.Ani	186	0x00331B3C	12	0	12	0	0	0	0	0	0	skipped_when_size_minus_12_is_zero	unsafe_12_byte_metadata_plus_stale_scratch_tail	12	0	12	e3b0c44298fc1c149afbf4c8996fb92427ae41e4649b934ca495991b7852b855
MonkDie.Ani	187	0x00331B48	12	0	12	0	0	0	0	0	0	skipped_when_size_minus_12_is_zero	unsafe_12_byte_metadata_plus_stale_scratch_tail	12	0	12	e3b0c44298fc1c149afbf4c8996fb92427ae41e4649b934ca495991b7852b855
MonkDie.Ani	188	0x00331B54	12	0	12	0	0	0	0	0	0	skipped_when_size_minus_12_is_zero	unsafe_12_byte_metadata_plus_stale_scratch_tail	12	0	12	e3b0c44298fc1c149afbf4c8996fb92427ae41e4649b934ca495991b7852b855
MonkDie.Ani	189	0x00331B60	12	0	12	0	0	0	0	0	0	skipped_when_size_minus_12_is_zero	unsafe_12_byte_metadata_plus_stale_scratch_tail	115858	12067	63120	e3b0c44298fc1c149afbf4c8996fb92427ae41e4649b934ca495991b7852b855
MonkDie.Ani	190	0x00331B6C	63120	63108	115858	115846	12067	19310	115846	0	546514	0	-8	307220	1	203860	b2a278b48a1025259e9b6b060cb1bb0a929569c58ba2f2b5ca0e328993f1d00d
MonkDie.Ani	191	0x003411FC	203860	203848	307220	307208	1	307200	307208	0	614400	0	-8	307220	1	191852	c49d0fba4585159a35539c475aa25a4268e32acc8b2aeef25e2f0b2c44bedf69
MonkDie.Ani	192	0x00372E50	191852	191840	307220	307208	1	307200	307208	0	614400	0	-8	307220	1	178899	2b7539f467248f05e75a43cc8b772b22876ea6b21efe6164eadd126b2d7d4511
MonkDie.Ani	193	0x003A1BBC	178899	178887	307220	307208	1	307200	307208	0	614400	0	-8	297204	15907	198048	3ff99c863068b8d77f5c6717af120e591cbac633b408795b7ee624f46e6e48a2
MonkDie.Ani	194	0x003CD68F	198048	198036	297204	297192	15907	169936	297192	0	546558	0	-8	192357	18895	102541	10be244531ec2b16539ad77de3d9155110f8f4dceeee4aba66b3ac6b20a32e90
MonkDie.Ani	195	0x003FDC2F	102541	102529	192357	192345	18895	41185	192345	0	546394	0	-8	12	0	12	bb4ab0a76e076b085cc1f53919da1baf963b5dc39a88d84531940b5de3a7119a
MonkDie.Ani	196	0x00416CBC	12	0	12	0	0	0	0	0	0	skipped_when_size_minus_12_is_zero	unsafe_12_byte_metadata_plus_stale_scratch_tail	12	0	12	e3b0c44298fc1c149afbf4c8996fb92427ae41e4649b934ca495991b7852b855
MonkDie.Ani	197	0x00416CC8	12	0	12	0	0	0	0	0	0	skipped_when_size_minus_12_is_zero	unsafe_12_byte_metadata_plus_stale_scratch_tail	12	0	12	e3b0c44298fc1c149afbf4c8996fb92427ae41e4649b934ca495991b7852b855
MonkDie.Ani	198	0x00416CD4	12	0	12	0	0	0	0	0	0	skipped_when_size_minus_12_is_zero	unsafe_12_byte_metadata_plus_stale_scratch_tail	12	0	12	e3b0c44298fc1c149afbf4c8996fb92427ae41e4649b934ca495991b7852b855
MonkDie.Ani	199	0x00416CE0	12	0	12	0	0	0	0	0	0	skipped_when_size_minus_12_is_zero	unsafe_12_byte_metadata_plus_stale_scratch_tail	12	0	12	e3b0c44298fc1c149afbf4c8996fb92427ae41e4649b934ca495991b7852b855
MonkDie.Ani	200	0x00416CEC	12	0	12	0	0	0	0	0	0	skipped_when_size_minus_12_is_zero	unsafe_12_byte_metadata_plus_stale_scratch_tail	12	0	12	e3b0c44298fc1c149afbf4c8996fb92427ae41e4649b934ca495991b7852b855
MonkDie.Ani	201	0x00416CF8	12	0	12	0	0	0	0	0	0	skipped_when_size_minus_12_is_zero	unsafe_12_byte_metadata_plus_stale_scratch_tail	12	0	12	e3b0c44298fc1c149afbf4c8996fb92427ae41e4649b934ca495991b7852b855
MonkDie.Ani	202	0x00416D04	12	0	12	0	0	0	0	0	0	skipped_when_size_minus_12_is_zero	unsafe_12_byte_metadata_plus_stale_scratch_tail	12	0	12	e3b0c44298fc1c149afbf4c8996fb92427ae41e4649b934ca495991b7852b855
MonkDie.Ani	203	0x00416D10	12	0	12	0	0	0	0	0	0	skipped_when_size_minus_12_is_zero	unsafe_12_byte_metadata_plus_stale_scratch_tail	12	0	12	e3b0c44298fc1c149afbf4c8996fb92427ae41e4649b934ca495991b7852b855
MonkDie.Ani	204	0x00416D1C	12	0	12	0	0	0	0	0	0	skipped_when_size_minus_12_is_zero	unsafe_12_byte_metadata_plus_stale_scratch_tail	12	0	12	e3b0c44298fc1c149afbf4c8996fb92427ae41e4649b934ca495991b7852b855
MonkDie.Ani	205	0x00416D28	12	0	12	0	0	0	0	0	0	skipped_when_size_minus_12_is_zero	unsafe_12_byte_metadata_plus_stale_scratch_tail	0	117463967	1118719	e3b0c44298fc1c149afbf4c8996fb92427ae41e4649b934ca495991b7852b855
Withdraw.Ani	1	0x00000024	264097	264085	307220	307208	1	307200	307208	0	614400	0	-8	57006	3813	38635	1a5530fb8b9d562549f192270fec9ccadf7c91743164988ddc51680b709819f8
Withdraw.Ani	2	0x000407C5	38635	38623	57006	56994	3813	26490	56994	0	542296	0	-8	55712	3997	37872	ef3038c24edc490924d9de796aba1d5a9db97112c62a099323e6f5e2d3f25c0c
Withdraw.Ani	3	0x00049EB0	37872	37860	55712	55700	3997	23724	55700	0	534640	0	-8	44758	3075	31393	dc96eb717cfb604b6739a2331e1f0540be09759a66d8bdddab507c26fbfb183e
Withdraw.Ani	4	0x000532A0	31393	31381	44758	44746	3075	20146	44746	0	610116	0	-8	61713	4000	41947	d3dc15cb6802ab3e0e65f0b8a5eff38b0b6404628b763b4ae41e0de1e62f86a3
Withdraw.Ani	5	0x0005AD41	41947	41935	61713	61701	4000	29701	61701	0	610116	0	-8	63438	3974	43216	112aa6a105da10bcc704272f5e6a2fd873682c6ce5c39e41587260c8e1631fc0
Withdraw.Ani	6	0x0006511C	43216	43204	63438	63426	3974	31634	63426	0	608830	0	-8	64559	4859	43027	6f6581f4042b7a8c2545f2fc55dee9f356e2c64254f85e078409bac9a33287d4
Withdraw.Ani	7	0x0006F9EC	43027	43015	64559	64547	4859	25675	64547	0	608822	0	-8	66272	4980	45108	facfeaeaefde8f6b5ce0b98601da6438c9a2efc93cb7d62cf116ab6a3029dbcd
Withdraw.Ani	8	0x0007A1FF	45108	45096	66272	66260	4980	26420	66260	0	534642	0	-8	70839	4674	48228	73ba616184e66581d7f64ed4b4fc9dab8ddfd666045d0e72397571bcbe1fabf2
Withdraw.Ani	9	0x00085233	48228	48216	70839	70827	4674	33435	70827	0	610118	0	-8	73269	5502	49353	d7244e51d49d70ce72d5c3b4dcbe44cc5158c41a11e9b5e83de5556440a16b14
Withdraw.Ani	10	0x00090E97	49353	49341	73269	73257	5502	29241	73257	0	610118	0	-8	61567	4043	42228	13c58b3790c6204a387defd4baaedfb22f945160863d8df4ddd125395beee882
Withdraw.Ani	11	0x0009CF60	42228	42216	61567	61555	4043	29211	61555	0	608834	0	-8	76396	5942	51052	232d4274194b32e020bb2aa179dfd3d16ae723adac8cfa3b07e44d96b227fd81
Withdraw.Ani	12	0x000A7454	51052	51040	76396	76384	5942	28848	76384	0	608824	0	-8	72688	4948	49039	fd2f4e48b534a93a67b065b2015444207a956d8d9f8f22a95b5b70e03e2966fd
Withdraw.Ani	13	0x000B3BC0	49039	49027	72688	72676	4948	33092	72676	0	607548	0	-8	62751	4276	43286	86fdb13e93697cbe5b42adc7a6c12650611f76e9b725ee47c6d3bf88049b5e6f
Withdraw.Ani	14	0x000BFB4F	43286	43274	62751	62739	4276	28531	62739	0	608844	0	-8	71549	5596	48494	6e88ec28015c7b80907cb8ea712ca51f7191f98f1ec4402ebb29e6a4fa64fe93
Withdraw.Ani	15	0x000CA465	48494	48482	71549	71537	5596	26769	71537	0	608844	0	-8	65675	4417	44940	fd48135a1b0d8de9c681ddb308b89d141a9dab76b5834132b58f0c39af329cf0
Withdraw.Ani	16	0x000D61D3	44940	44928	65675	65663	4417	30327	65663	0	607560	0	-8	68779	4542	46497	2247d7ddbb87c8abc94ab23ad86d5844083f603b7a60cbdd0a6a92b7cf66d87e
Withdraw.Ani	17	0x000E115F	46497	46485	68779	68767	4542	32431	68767	0	606274	0	-8	53853	3759	37397	e60f4030f0d4ce6b1407da2e65cb388d140295d80a32de77684da8a1fd6aaccc
Withdraw.Ani	18	0x000EC700	37397	37385	53853	53841	3759	23769	53841	0	532094	0	-8	66511	4866	46187	c211e3399af3fbc2c1cba8aa6eb396750ba01154e812f1665ab626c50e0ecb4b
Withdraw.Ani	19	0x000F5915	46187	46175	66511	66499	4866	27571	66499	0	607572	0	-8	74620	5565	50909	2157ca31d829a4f04b371d260c2761e0137597bb376c552dd6e72029cc3bfc94
Withdraw.Ani	20	0x00100D80	50909	50897	74620	74608	5565	30088	74608	0	607572	0	-8	68451	3875	47508	35924938d107b28efa9795634543782d438022e09079631ea056e608e87efae1
Withdraw.Ani	21	0x0010D45D	47508	47496	68451	68439	3875	37439	68439	0	605008	0	-8	73659	5247	51009	925491249b3ccafbb2f06de4af2f491cc73001bc66b8d5a7b88bc2f5f4b97aa2
Withdraw.Ani	22	0x00118DF1	51009	50997	73659	73647	5247	31671	73647	0	605002	0	-8	69967	5022	48214	337f31f6f79bee382ee51ec5d711ef4c5e39e61e10cc17cca629a60f14442c6a
Withdraw.Ani	23	0x00125532	48214	48202	69967	69955	5022	29779	69955	0	605002	0	-8	72668	5001	50785	cffde3b6bc06acfb4c3ccfb743f77e749d2cec6564d57728b63476c9c25166e9
Withdraw.Ani	24	0x00131188	50785	50773	72668	72656	5001	32648	72656	0	605022	0	-8	67873	4227	47283	88f962809c9ae2d6de1fb9ddbfa46014d9a90b47197ffbbad6a1b387fe74ada5
Withdraw.Ani	25	0x0013D7E9	47283	47271	67873	67861	4227	34045	67861	0	605022	0	-8	63882	3911	44926	ec3719c3bf0301a8c82697296939adc656e23c463d80a1749eb8662872485347
Withdraw.Ani	26	0x0014909C	44926	44914	63882	63870	3911	32582	63870	0	603736	0	-8	71662	5153	49542	941cea26082558c39f9e7d49c78dcd07e6261cbe234614944005a1d6e99e20c8
Withdraw.Ani	27	0x0015401A	49542	49530	71662	71650	5153	30426	71650	0	603728	0	-8	74398	5267	51841	7264c499e6c3e7e9deb7a9bf70d56a147d1affe9e6ac4402c86d70b2dde8fd6d
Withdraw.Ani	28	0x001601A0	51841	51829	74398	74386	5267	32250	74386	0	602452	0	-8	69946	4171	48315	c557c3f91af79055bc5b1ab12e2af567ad9e882da63138810b1a8a0554bf567d
Withdraw.Ani	29	0x0016CC21	48315	48303	69946	69934	4171	36566	69934	0	603750	0	-8	73126	5020	49990	2369a320827928c9cfe6cc462ee40c249a622809152ecfc4d905fd52f947e4c3
Withdraw.Ani	30	0x001788DC	49990	49978	73126	73114	5020	32954	73114	0	603750	0	-8	67795	3956	47469	758dabadc053288331ab44c3111466474371e2e31beb309b4f0593c0cbe52167
Withdraw.Ani	31	0x00184C22	47469	47457	67795	67783	3956	36135	67783	0	601186	0	-8	71811	5127	48747	07f3e79d147d73980b9e2ea4728d3bcb0abd1db66a648aa85741d523d559ca41
Withdraw.Ani	32	0x0019058F	48747	48735	71811	71799	5127	30783	71799	0	601178	0	-8	64176	3934	43587	699c454844ba6bc191a0388cb12bb9594eae4f26e9e988f88d993b7a44498e52
Withdraw.Ani	33	0x0019C3FA	43587	43575	64176	64164	3934	32692	64164	0	601180	0	-8	63097	3670	43916	24bcdc6c3514a568e913bb303a0c3f26ab634e144848e2b5e8c30588c2d009f3
Withdraw.Ani	34	0x001A6E3D	43916	43904	63097	63085	3670	33725	63085	0	601198	0	-8	60373	3520	40654	71e6c999bb9fb31917aeebf02725cbce3241b171294d762e9adc7d119880b204
Withdraw.Ani	35	0x001B19C9	40654	40642	60373	60361	3520	32201	60361	0	601198	0	-8	63932	4163	43781	a32e807caf78e51c83bd8e8cf7b17e847a0b54b824a342bc21894eb5be398a64
Withdraw.Ani	36	0x001BB897	43781	43769	63932	63920	4163	30616	63920	0	599914	0	-8	59312	3249	40104	af71ac5cdd202bcaf91b98a5ec080a58e01c03ef2abdfe650c32ec9618541cb2
Withdraw.Ani	37	0x001C639C	40104	40092	59312	59300	3249	33308	59300	0	599906	0	-8	50271	2443	33763	6999a5c68ade121b3ef7a77ecc222f85a82204a8257783aed63621b6bd7c45ac
Withdraw.Ani	38	0x001D0044	33763	33751	50271	50259	2443	30715	50259	0	524448	0	-8	58359	3105	39400	71b65a06737b3056a327e67cad30ed6a39ea787340ee185b026be360a7d7aefb
Withdraw.Ani	39	0x001D8427	39400	39388	58359	58347	3105	33507	58347	0	599926	0	-8	60250	3266	40623	3b40d29a3162b3632e77250145a96e194ffe0050e07887dc80de54aa5b0da2b5
Withdraw.Ani	40	0x001E1E0F	40623	40611	60250	60238	3266	34110	60238	0	599926	0	-8	59925	2811	40310	d35cb46f155124932b870a5dd5adcba7f38539c45e14f4361f1c7a0d7e75509b
Withdraw.Ani	41	0x001EBCBE	40310	40298	59925	59913	2811	37425	59913	0	598642	0	-8	62227	3244	41490	4c9d72e37ee7a1ffab3bb371791a839518af649a07f080f1bb6ecb06cae8d6e5
Withdraw.Ani	42	0x001F5A34	41490	41478	62227	62215	3244	36263	62215	0	597356	0	-8	62159	3611	42544	79d9ef4428112dafe808a2e1b9e9a2c8923243bfac4c929170835be993b0464d
Withdraw.Ani	43	0x001FFC46	42544	42532	62159	62147	3611	33259	62147	0	613162	0	-8	60708	3222	41209	d9e77d8cb4c3944b4b0f4f08acdea8576ca1874a6ea1ec18d4526540f6b97758
Withdraw.Ani	44	0x0020A276	41209	41197	60708	60696	3222	34920	60696	0	613182	0	-8	56927	2375	37735	c584f78d0ffe55fe6f0ccea36a04cd9924308bfbbf25d78403d0f2b7d2cf1929
Withdraw.Ani	45	0x0021436F	37735	37723	56927	56915	2375	37915	56915	0	613228	0	-8	59508	2887	40241	1ba86d3da6d1789ee3792a280eb31bc398dc9289b31a8725af3746b69c1b01ff
Withdraw.Ani	46	0x0021D6D6	40241	40229	59508	59496	2887	36400	59496	0	613266	0	-8	59392	2878	41394	756c8c778a16afa54689a8836a43b37eaaf5789e67795b753633e9f548d8769f
Withdraw.Ani	47	0x00227407	41394	41382	59392	59380	2878	36356	59380	0	613304	0	-8	57387	2672	39671	5823d2eaa72873ec02f2fee0a11697e3c6cc4497650cca8bbc8f809404ca5035
Withdraw.Ani	48	0x002315B9	39671	39659	57387	57375	2672	35999	57375	0	613304	0	-8	53302	2155	36280	3f53ce6ff0f17e93ff7c6d9c9c58d7ecb9e64fcd13a3ee611ac3927176af7ce5
Withdraw.Ani	49	0x0023B0B0	36280	36268	53302	53290	2155	36050	53290	0	608212	0	-8	52913	2248	35580	c773ea6caf4f695f6ca0157f536a29e6a061507eff654a088da033f823dce551
Withdraw.Ani	50	0x00243E68	35580	35568	52913	52901	2248	34917	52901	0	613140	0	-8	55589	2290	37581	94fe14cd051f622e44c60f71083e7ddb1361d4c36a105a039bcf5ebb17d85e39
Withdraw.Ani	51	0x0024C964	37581	37569	55589	55577	2290	37257	55577	0	613140	0	-8	57102	2168	38086	200af7665f2e68eaa9bd25b524e8693fb8b5ddd7dc8707b1fdf0abb41ecec068
Withdraw.Ani	52	0x00255C31	38086	38074	57102	57090	2168	39746	57090	0	608046	0	-8	56801	2034	38971	e78bac0df0a82e4748b1f70944a604bc5e1f1a7c13160daf16d12af362573b38
Withdraw.Ani	53	0x0025F0F7	38971	38959	56801	56789	2034	40517	56789	0	597848	0	-8	56103	1943	37385	7b5dcfe6508581b6578fae17a0abf3623e655a4284ea72fea564d5ef7c0357c4
Withdraw.Ani	54	0x00268932	37385	37373	56103	56091	1943	40547	56091	0	587648	0	-8	56488	1980	38684	795b3346aa13faeaad5af5f559b0ab79c161de9e7490ce3723c916b9814d7ff2
Withdraw.Ani	55	0x00271B3B	38684	38672	56488	56476	1980	40636	56476	0	578730	0	-8	62713	2080	40709	4f5456524ebef45764b849b1a93ced46f99c2277be691749a806779e47be51d5
Withdraw.Ani	56	0x0027B257	40709	40697	62713	62701	2080	46061	62701	0	613706	0	-8	67920	2214	46027	46f4f2bf9dd6f3d43e982c294bebccabb19514f82879c1983f25e065eed3197f
Withdraw.Ani	57	0x0028515C	46027	46015	67920	67908	2214	50196	67908	0	613752	0	-8	67176	2200	45296	1a8083ed522ad90dffc1a0ff082b791bad6b3a5e0f6c8a773a9f5bbede7becc1
Withdraw.Ani	58	0x00290527	45296	45284	67176	67164	2200	49564	67164	0	613814	0	-8	66991	2229	45939	d594668560913d66b63852272aeb300cf432ed0cd86c2b1a1bace006da3e5bf8
Withdraw.Ani	59	0x0029B617	45939	45927	66991	66979	2229	49147	66979	0	613814	0	-8	68256	2221	45446	b91c9fd28a3b4f6904cc53c64ae70551c0cd3ee8bb38fe01bf593fa841085d2d
Withdraw.Ani	60	0x002A698A	45446	45434	68256	68244	2221	50476	68244	0	613574	0	-8	70835	2242	47846	ff2b45d1f884090d766d48feee999e2912f85b37ccba6e63e3d8814d00441de2
Withdraw.Ani	61	0x002B1B10	47846	47834	70835	70823	2242	52887	70823	0	607196	0	-8	76430	2431	50979	467bf831529894b4ede70f592161204be4032c2853a3a2b0af01166c4a1131c8
Withdraw.Ani	62	0x002BD5F6	50979	50967	76430	76418	2431	56970	76418	0	613500	0	-8	82660	2647	54887	b9875778fb987e65d1b41aa0c469754340539a012a901c41630233a0e96b6c29
Withdraw.Ani	63	0x002C9D19	54887	54875	82660	82648	2647	61472	82648	0	613558	0	-8	85737	2696	57058	8e3e173b23738d6bb52fbfbb95f05cc0b0d9e848b4c3f9b0e11dcc7d42ec5bed
Withdraw.Ani	64	0x002D7380	57058	57046	85737	85725	2696	64157	85725	0	613602	0	-8	85878	2701	57140	5b2399c33f8a85f74e2cf24cf6f2a8c431cda2378aa9013d1bc5fb09efd26f20
Withdraw.Ani	65	0x002E5262	57140	57128	85878	85866	2701	64258	85866	0	613612	0	-8	86462	2771	57810	d971bedf9ff8ae70e0ed81fb229d190dc15c1cbe46cb46cdad5335ca5f081daa
Withdraw.Ani	66	0x002F3196	57810	57798	86462	86450	2771	64282	86450	0	613612	0	-8	87647	2823	57179	dd0ea6bf59fc872fc8ffd64a143fd63e22582143399e79fb05acf2a46edbd8e2
Withdraw.Ani	67	0x00301368	57179	57167	87647	87635	2823	65051	87635	0	613800	0	-8	90476	2869	58166	cbe3c50368c018696074a35ff12fce9b4408d65e203192ac05834e2610d6a37f
Withdraw.Ani	68	0x0030F2C3	58166	58154	90476	90464	2869	67512	90464	0	613876	0	-8	92528	2776	59773	dbdce17b3af04cd6d0f6b6b56d79be1ca7522dc16173a312e45875d1591e27e1
Withdraw.Ani	69	0x0031D5F9	59773	59761	92528	92516	2776	70308	92516	0	613926	0	-8	96772	2922	62883	4efe84caf7c5042599a6e3380c3a4f5e8191d3f869cce86055e3d7f44305bc95
Withdraw.Ani	70	0x0032BF76	62883	62871	96772	96760	2922	73384	96760	0	613946	0	-8	99082	2921	64216	a2f8d54fc43f1a08486eac63f9db89c377499f328e8757733e5b2f4ee0ce8687
Withdraw.Ani	71	0x0033B519	64216	64204	99082	99070	2921	75702	99070	0	613964	0	-8	101190	3037	66740	0025f2d35c068d1dac41bc826d69726998bef400c8d52f3afc00e3803aa6f26c
Withdraw.Ani	72	0x0034AFF1	66740	66728	101190	101178	3037	76882	101178	0	614008	0	-8	98802	2944	64652	2421c428f2f0e248cf6af3997f2aa63fe6a79eb4a33aaf582aef00b3d64e0e7b
Withdraw.Ani	73	0x0035B4A5	64652	64640	98802	98790	2944	75238	98790	0	614008	0	-8	95803	2778	63557	7704cd4a03c46f82c11d305f29a13ed671e20ee13458a464ccc54a4db73992e2
Withdraw.Ani	74	0x0036B131	63557	63545	95803	95791	2778	73567	95791	0	606356	0	-8	92272	2774	60467	bc170e77a2973b49fa1e75a03a1ebf1280853f4347d3b234528052e855774998
Withdraw.Ani	75	0x0037A976	60467	60455	92272	92260	2774	70068	92260	0	597442	0	-8	88600	2592	58072	7cd990ae1c96ecf2fe418a0c963d0d5313371dcfb912b53596bb8bfd08c981b8
Withdraw.Ani	76	0x003895A9	58072	58060	88600	88588	2592	67852	88588	0	585962	0	-8	88364	2489	57540	dd01d473bae345e5688c04a8a3028d79a20363e5f35f8bd399001d77e6749fb1
Withdraw.Ani	77	0x00397881	57540	57528	88364	88352	2489	68440	88352	0	579184	0	-8	88362	2540	57565	396fee5d1cb5eeae4e868181f3e26d05455ff9a0275328ddaf2bb9c0e60b8367
Withdraw.Ani	78	0x003A5945	57565	57553	88362	88350	2540	68030	88350	0	572814	0	-8	87783	2502	57479	2ca11f8e654dfb3185a62568fbbc7b8eafd1b6289aec63d320616c1e632f361a
Withdraw.Ani	79	0x003B3A22	57479	57467	87783	87771	2502	67755	87771	0	566448	0	-8	87446	2512	57285	42348e761584ec8e62a6c88ac085855116786268dff80b41b1b46a96dbd598d9
Withdraw.Ani	80	0x003C1AA9	57285	57273	87446	87434	2512	67338	87434	0	558796	0	-8	85495	2377	55145	a7c7696479b54a7e098fa78ebe9e66b896d0598a527e17c05a08fc747c32a931
Withdraw.Ani	81	0x003CFA6E	55145	55133	85495	85483	2377	66467	85483	0	552430	0	-8	81556	2271	53768	757d6382cb61e46f572a8ebaa5a213696295f3ed2550fb76d6feb58cd4ef0a49
Withdraw.Ani	82	0x003DD1D7	53768	53756	81556	81544	2271	63376	81544	0	546058	0	-8	76868	2296	50721	c8ca3e24f5971c36d9de4b6d943f6b071918485ae5c472a2d5983566cc17c48c
Withdraw.Ani	83	0x003EA3DF	50721	50709	76868	76856	2296	58488	76856	0	540974	0	-8	73673	2121	47782	0320e9d664d09f5fc68ba86444c540d7877597ecd80a2afbe10f0836320e69ec
Withdraw.Ani	84	0x003F6A00	47782	47770	73673	73661	2121	56693	73661	0	532040	0	-8	69076	2007	46144	8328a454866d2548c457c8995e1292a8c1e86fb0bfdd1f3e66a38a9b698b3629
Withdraw.Ani	85	0x004024A6	46144	46132	69076	69064	2007	53008	69064	0	525674	0	-8	62859	1868	41722	dd27c8cadd6bf274bf8a4229dcb4adad3bd2f30a729d75dbfbb4741060a5a1f4
Withdraw.Ani	86	0x0040D8E6	41722	41710	62859	62847	1868	47903	62847	0	519302	0	-8	59517	1700	39610	c64b824c1a5e52f612e519eadc2735146eea25eac6f4de8fc822489e1a23ec1b
Withdraw.Ani	87	0x00417BE0	39610	39598	59517	59505	1700	45905	59505	0	514218	0	-8	58803	1745	39148	eb9fb6d08a46b0f57e34c9becda3aca4f2c01db7ee7f9814cd9b56f84aeb3d6f
Withdraw.Ani	88	0x0042169A	39148	39136	58803	58791	1745	44831	58791	0	506564	0	-8	54774	1578	36799	f5dc9d02851107e282f6388ef99aff92081adf0c715cfc3895178eb9c5bba684
Withdraw.Ani	89	0x0042AF86	36799	36787	54774	54762	1578	42138	54762	0	498918	0	-8	50333	1395	33603	8a9e9fcd78b9f887a3b9ca37199e8bdbddd199d926c08582a71b5195267241fb
Withdraw.Ani	90	0x00433F45	33603	33591	50333	50321	1395	39161	50321	0	492548	0	-8	48541	1365	32374	c2e662ea979693cc6305af1a3224ac110effc2714b57c5cbc806231399fe954c
Withdraw.Ani	91	0x0043C288	32374	32362	48541	48529	1365	37609	48529	0	487462	0	-8	44980	1337	31111	0099e96e976840b31a982671ff51a8bbc947496eb6338b6dbb604824da827877
Withdraw.Ani	92	0x004440FE	31111	31099	44980	44968	1337	34272	44968	0	479810	0	-8	38827	1175	26506	1b3d9cbfccc1a96dc1f11e9c4c941034cde2149b06367fefad404b2a9da1b585
Withdraw.Ani	93	0x0044BA85	26506	26494	38827	38815	1175	29415	38815	0	473442	0	-8	35007	1000	23336	ecbb0d4d3f74386c04f050b4b54866227d3c831e02cee3614209ec51feb37cbf
Withdraw.Ani	94	0x0045220F	23336	23324	35007	34995	1000	26995	34995	0	465792	0	-8	33459	948	22398	ef4ff1c25a61d8ae43a879c6f3ca2b911cd71cea269e53c265299b4486945035
Withdraw.Ani	95	0x00457D37	22398	22386	33459	33447	948	25863	33447	0	460706	0	-8	31610	954	21408	63c79023c9b2176909d2e283abac627df5865715ba694187575929902c00685c
Withdraw.Ani	96	0x0045D4B5	21408	21396	31610	31598	954	23966	31598	0	453054	0	-8	28616	803	19338	70fbd84a7b2e8ed8e7a7101a6a34905608ba57ecc5c7c433f1f227fcde9fd605
Withdraw.Ani	97	0x00462855	19338	19326	28616	28604	803	22180	28604	0	446686	0	-8	25788	737	17682	ed9a857a49c63854eba828983e2b95fdf6632c1798d5b280b151056c8f1745e4
Withdraw.Ani	98	0x004673DF	17682	17670	25788	25776	737	19880	25776	0	440316	0	-8	21416	673	15463	0e815d532b9377b55e04f9705943c40614e9ad5816d5c78aa2ac2c9d83d37871
Withdraw.Ani	99	0x0046B8F1	15463	15451	21416	21404	673	16020	21404	0	432640	0	-8	16826	490	12688	9d63f03fe4fef80bc4e8c4ed595c73475be18f651665484e8613e4aff40e1e13
Withdraw.Ani	100	0x0046F558	12688	12676	16826	16814	490	12894	16814	0	342968	0	-8	12682	374	9477	4026ad335f3e67d70b05dcfc6444506eda357d8279735ed209c53816fe1a146d
Withdraw.Ani	101	0x004726E8	9477	9465	12682	12670	374	9678	12670	0	335330	0	-8	10649	310	8168	f9ddbaf92a7aaeb0446b690839154188ce276b50f4af95621c8355fb2067ad9a
Withdraw.Ani	102	0x00474BED	8168	8156	10649	10637	310	8157	10637	0	326400	0	-8	7795	235	6192	7c41981d27487c197d50f33683e31e1fe730fd8e6cd4e97228cbf53d06c71fe5
Withdraw.Ani	103	0x00476BD5	6192	6180	7795	7783	235	5903	7783	0	196886	0	-8	5920	190	4527	e45345dce60771a6c63cba4ebe1c4e5f99a8c803b884f765bf722be2d6e034c6
Withdraw.Ani	104	0x00478405	4527	4515	5920	5908	190	4388	5908	0	184126	0	-8	4592	116	3476	418427d5703388365f07d93a4d9e7bc0e89d31c830521d4773aa2ec5ee6189ef
Withdraw.Ani	105	0x004795B4	3476	3464	4592	4580	116	3652	4580	0	171368	0	-8	4560	128	3542	234cd40d773e451e8e2f00a585fb808859990750fcc03ebcf4bebf9ec5289c67
Withdraw.Ani	106	0x0047A348	3542	3530	4560	4548	128	3524	4548	0	159890	0	-8	4485	113	3502	9e70c9f72a6496f4fe3f3dfa8b797a369c69fa435d0ef130c03651caee2f5b91
Withdraw.Ani	107	0x0047B11E	3502	3490	4485	4473	113	3569	4473	0	147130	0	-8	3361	112	2792	9ecf73b665e1963eea76324b533ddb0d48033f54ef57e0cf3bb36652d241072f
Withdraw.Ani	108	0x0047BECC	2792	2780	3361	3349	112	2453	3349	0	134372	0	-8	1502	77	1288	ab50bc513f3d9de8f028939b5a2e9525de437d2fedc6db3e4f5af96b3e58fd3b
Withdraw.Ani	109	0x0047C9B4	1288	1276	1502	1490	77	874	1490	0	121600	0	-8	0	117463967	1118719	a6ecd7df7a9809089ea84411a87b3938761e550341c1f7df455f225e8453efc3
attack-1.Ani	1	0x00000024	269338	269326	307220	307208	1	307200	307208	0	614400	0	-8	11643	403	7404	5dad0b5e4c9e1e3ace87b897c89405c6292369cd4ef8127bd3f849d7a2f9e0f9
attack-1.Ani	2	0x00041C3E	7404	7392	11643	11631	403	8407	11631	0	613266	0	-8	16789	556	11020	abecf73fba2b958cda074e37af0376b2f0c7ea1099415bdcf76862db297e968f
attack-1.Ani	3	0x0004392A	11020	11008	16789	16777	556	12329	16777	0	613324	0	-8	21956	736	13399	b42a93387dca45b875095aceffd405d05092e0aa5dd9f86400b899b92704cbaf
attack-1.Ani	4	0x00046436	13399	13387	21956	21944	736	16056	21944	0	613366	0	-8	27192	893	17444	156879ef448d0adba6a69163d0da77fc02258b1909b55a0243a880cdd0476c75
attack-1.Ani	5	0x0004988D	17444	17432	27192	27180	893	20036	27180	0	613414	0	-8	31489	1004	20038	c1dfbca4298d3a1c0ccff76f349a7ac306c908b9a65f6a8d9d8ab23768c84cde
attack-1.Ani	6	0x0004DCB1	20038	20026	31489	31477	1004	23445	31477	0	613574	0	-8	34621	1092	22155	46a2d95dbb56fd9ae481feb4dc5ac4702844ee2ea17bbaf6c4c0a2b390cea468
attack-1.Ani	7	0x00052AF7	22155	22143	34621	34609	1092	25873	34609	0	613624	0	-8	40848	1255	25968	468e139fb25a10ee062ce43cc472b9ce8d53539e47bec3af777733bcf1977626
attack-1.Ani	8	0x00058182	25968	25956	40848	40836	1255	30796	40836	0	613710	0	-8	46682	1397	29261	e65d963dadc7bed15760f9a0e2279b8459b1efd8dcdf05130ad9ab0e5f18df78
attack-1.Ani	9	0x0005E6F2	29261	29249	46682	46670	1397	35494	46670	0	613764	0	-8	52871	1602	33437	b8757ae470694cf4fafb1b0287da319e9d499a89f6657f05e9a429f3d890ff12
attack-1.Ani	10	0x0006593F	33437	33425	52871	52859	1602	40043	52859	0	613792	0	-8	57179	1762	35590	87cdb339d91695695a140f0852cba5e306a6b3af8df68189ac313158add5e8ea
attack-1.Ani	11	0x0006DBDC	35590	35578	57179	57167	1762	43071	57167	0	613814	0	-8	61703	1857	40150	cc774f59ae04822f8cd172014f3800ea7a37d3f08501d78036ceba9dcb04115e
attack-1.Ani	12	0x000766E2	40150	40138	61703	61691	1857	46835	61691	0	613860	0	-8	65825	1969	41613	b5018a0d048fb53bf26bc5f8b7719a9ea2f761bf463ef94601f62f1a63ded504
attack-1.Ani	13	0x000803B8	41613	41601	65825	65813	1969	50061	65813	0	613860	0	-8	69119	1985	44787	330b2655b81df3b0f504d26bdfdb07434153b1ae1b37312b0ffd7f1582fe2452
attack-1.Ani	14	0x0008A645	44787	44775	69119	69107	1985	53227	69107	0	613638	0	-8	71422	2086	45531	4537296c4acf32611a78d29222d739ab136b081abef40197ea2beebaf58ddc70
attack-1.Ani	15	0x00095538	45531	45519	71422	71410	2086	54722	71410	0	613316	0	-8	75669	2204	48486	d751a42f6bc198f2ea13c9f4b39ae8ecc5167d0d32179813486bb1459fd04cb8
attack-1.Ani	16	0x000A0713	48486	48474	75669	75657	2204	58025	75657	0	613972	0	-8	78891	2212	50458	26ed3ef78111f5d8ae2d9471cb02f00519cea39fcbc436bd078f87641d2d263c
attack-1.Ani	17	0x000AC479	50458	50446	78891	78879	2212	61183	78879	0	614002	0	-8	82664	2317	53690	bf8afbf63dce0825006a87138d4b716ab9e30e878808b0da5aef5f3983204ff6
attack-1.Ani	18	0x000B8993	53690	53678	82664	82652	2317	64116	82652	0	614036	0	-8	88605	2527	56197	619c87a6cfca5a1e4a9de563b50e87f18393185f62760496af8b335c5fd720dc
attack-1.Ani	19	0x000C5B4D	56197	56185	88605	88593	2527	68377	88593	0	614110	0	-8	95064	2738	61055	7e82125ec1a92c7d98f4ed31312d4173b83a807e30adbfead1a82f9ec9734a93
attack-1.Ani	20	0x000D36D2	61055	61043	95064	95052	2738	73148	95052	0	614146	0	-8	98807	2713	63564	7fb37bc1a54426f08ed5ed26302443701e5cf0e607a95d8512d08cee1c33ec11
attack-1.Ani	21	0x000E2551	63564	63552	98807	98795	2713	77091	98795	0	614164	0	-8	102041	2780	65549	b93746f061acf0058ea18c8f80ad81dbf2de3f864e1693115774ca4465bbf744
attack-1.Ani	22	0x000F1D9D	65549	65537	102041	102029	2780	79789	102029	0	614164	0	-8	108588	3083	68305	144c57f88d3dff23778f9ada1342b1beba6a0a2a955bae900c21cf2a4e5418a3
attack-1.Ani	23	0x00101DAA	68305	68293	108588	108576	3083	83912	108576	0	614204	0	-8	111767	3123	71037	e49d0ad2bae8488555d5aa657a42a993feebe70727d8a4903813a0d761175d78
attack-1.Ani	24	0x0011287B	71037	71025	111767	111755	3123	86771	111755	0	614204	0	-8	113927	3102	72892	e720dbe5d2623a3947fe0072fcb5a41446d1631e8c742663d0b5860f200897b6
attack-1.Ani	25	0x00123DF8	72892	72880	113927	113915	3102	89099	113915	0	614072	0	-8	114228	3125	74132	cfa56fc134f5b7d4e69b1943ef70d1a51640193ebf1775cd763787d4787be2bf
attack-1.Ani	26	0x00135AB4	74132	74120	114228	114216	3125	89216	114216	0	614120	0	-8	116309	3286	73846	abb65659cbc4ad746618299aeccddeeea3cf0653f96104810813f763d6167ab8
attack-1.Ani	27	0x00147C48	73846	73834	116309	116297	3286	90009	116297	0	614170	0	-8	119361	3342	75895	17d47131c2b5862231dfac945f2f05d83879adeb741af161486ceec2ff980dba
attack-1.Ani	28	0x00159CBE	75895	75883	119361	119349	3342	92613	119349	0	614190	0	-8	123510	3417	78364	313c71a6b9dbb2b393a3c81a13487097cce94cb6070cb1e93903b3910e29f2ce
attack-1.Ani	29	0x0016C535	78364	78352	123510	123498	3417	96162	123498	0	614226	0	-8	124704	3480	80454	8c6415041a2d8e41b6e1a263dccc312c86801c20cdad20f150bb1fbb3649420c
attack-1.Ani	30	0x0017F751	80454	80442	124704	124692	3480	96852	124692	0	614268	0	-8	123626	3480	79907	d4f981cec2d05c65d1e6dc598245dc7db487f6d857677b6840d687ce5a3a6f52
attack-1.Ani	31	0x00193197	79907	79895	123626	123614	3480	95774	123614	0	614268	0	-8	120152	3414	78063	e32a1fe29aed00d019a04a70670b0d983ac17229ab2dabdb2bde00b618f360d5
attack-1.Ani	32	0x001A69BA	78063	78051	120152	120140	3414	92828	120140	0	614218	0	-8	117726	3282	75863	c5feb0aaf197ff91c2b9ba53576010f78845ae16ac4e32ad95e87842c4b2fddd
attack-1.Ani	33	0x001B9AA9	75863	75851	117726	117714	3282	91458	117714	0	614218	0	-8	116800	3168	75315	618ca509d28d12368cfc5740a5a49e0c451598036ae0d3e3f7451b32e3ec5e29
attack-1.Ani	34	0x001CC300	75315	75303	116800	116788	3168	91444	116788	0	613510	0	-8	113968	3142	74192	a3e539deec01bb85995ebb6ab7d8cc99c4909b129993190d4acbdac332b46d8d
attack-1.Ani	35	0x001DE933	74192	74180	113968	113956	3142	88820	113956	0	613434	0	-8	107164	3010	70342	b9c81277253897af1f7becde48a1caff9cce5ec538ad37d5cc0895a425cf8ccd
attack-1.Ani	36	0x001F0B03	70342	70330	107164	107152	3010	83072	107152	0	613468	0	-8	103405	2907	67081	b23e49ef754025ccc0bbe8b355f921cb2bcabed11b32b44aa5a4e64055a97312
attack-1.Ani	37	0x00201DC9	67081	67069	103405	103393	2907	80137	103393	0	613976	0	-8	102610	2824	66498	da7b1ad847673aa1228ed06ab7496bbd6e1082caac65bb5a11b8efe3b228184e
attack-1.Ani	38	0x002123D2	66498	66486	102610	102598	2824	80006	102598	0	614036	0	-8	102619	2860	66293	c5208c783204dbd18b494ec7f1259d89c86f8ac8c8a190e0c42650aeeb4e1a22
attack-1.Ani	39	0x00222794	66293	66281	102619	102607	2860	79727	102607	0	614078	0	-8	99531	2759	65172	e18e5ac57400fae45210560304723a0dc3740c54ecb73a2b240410b949ec498f
attack-1.Ani	40	0x00232A89	65172	65160	99531	99519	2759	77447	99519	0	614122	0	-8	95342	2665	62224	16af23e3104561ab3357c43c99a60394b4743e231ef08fed7776fac8a24ed51d
attack-1.Ani	41	0x0024291D	62224	62212	95342	95330	2665	74010	95330	0	614122	0	-8	94849	2622	61030	77bfbb6663da5b01e1eeb561d3ac3cdff2e69b373954ccb7a695216dfe0be725
attack-1.Ani	42	0x00251C2D	61030	61018	94849	94837	2622	73861	94837	0	613864	0	-8	94197	2513	61126	b1f63af8d73250eb4e2bc997029ce0965afd5727f8676476c4f294fbf5ca70a3
attack-1.Ani	43	0x00260A93	61126	61114	94197	94185	2513	74081	94185	0	613920	0	-8	93565	2575	60098	c68038b85274e2c57ef329d30e5e7c9775cdb1faae910138e452edc15b7cd99e
attack-1.Ani	44	0x0026F959	60098	60086	93565	93553	2575	72953	93553	0	613954	0	-8	92689	2506	59654	e0257d18dfa6eb465b5ebd053a4161813cd6beecbdbdeb5d53e018e470e73faf
attack-1.Ani	45	0x0027E41B	59654	59642	92689	92677	2506	72629	92677	0	614002	0	-8	91574	2593	60437	ad2e5fc6a6a12a65a13b317315810ba186bc2ff5e1415e9fdf035051fe464d9d
attack-1.Ani	46	0x0028CD21	60437	60425	91574	91562	2593	70818	91562	0	614036	0	-8	86893	2468	57446	2a45d7cd1c1f044a954a59dd1768e7c8439bb167dfa6dbf0acd1ada2af9868a8
attack-1.Ani	47	0x0029B936	57446	57434	86893	86881	2468	67137	86881	0	614036	0	-8	84981	2371	54284	35013bef3811c617c7b2d4f7cdfb905b515b7e41dc6123c86d354db75be2c546
attack-1.Ani	48	0x002A999C	54284	54272	84981	84969	2371	66001	84969	0	613306	0	-8	87095	2418	57152	b62f37cad3c3a54af6803b157a4e0dcd010b8c72f51621cbfbbf6d53a0da943c
attack-1.Ani	49	0x002B6DA8	57152	57140	87095	87083	2418	67739	87083	0	613778	0	-8	88022	2472	56834	caf8c17d28187819338e2d03b51a116cc4b25dfa0738e2d4639be8eb7bb77945
attack-1.Ani	50	0x002C4CE8	56834	56822	88022	88010	2472	68234	88010	0	613824	0	-8	87537	2316	56610	d245c28988f513aad3fe02701b719c0520e6fbd8ed383c6f96c681473be477b4
attack-1.Ani	51	0x002D2AEA	56610	56598	87537	87525	2316	68997	87525	0	613878	0	-8	89369	2403	57422	6e2c5a264465752da9c77af3a6490124d8b99748bdf6ef7b24eb814b70246729
attack-1.Ani	52	0x002E080C	57422	57410	89369	89357	2403	70133	89357	0	613936	0	-8	89438	2374	58196	85a0b794a83a5bf88b6efcc945a8bc374124c7cb2eb39ce2eb9ad5c7d53eb786
attack-1.Ani	53	0x002EE85A	58196	58184	89438	89426	2374	70434	89426	0	613962	0	-8	89409	2481	59086	365267afe410b3cb8de256f1c9fa1d6b8a8a95063d6aad5c85921b595eb6f870
attack-1.Ani	54	0x002FCBAE	59086	59074	89409	89397	2481	69549	89397	0	614018	0	-8	85420	2401	56749	3ff492c635559803fd77714369787330442bbdac8e4dfbc00c7612950eab8f81
attack-1.Ani	55	0x0030B27C	56749	56737	85420	85408	2401	66200	85408	0	614018	0	-8	82169	2261	54130	8a023ac595f87e116a65c7d795d02ed2adb39d0ea96bf43af146684fc37aeccf
attack-1.Ani	56	0x00319029	54130	54118	82169	82157	2261	64069	82157	0	612254	0	-8	83201	2307	53580	bd72049a0d822266aa421ecaf1f4788d9ae85437a4940e07675b7e80b5bd4f56
attack-1.Ani	57	0x0032639B	53580	53568	83201	83189	2307	64733	83189	0	602056	0	-8	84754	2297	54566	4f431cff137c8bfa4de7fa62a56fb397ceea142b4f00768ae0e6936f9ea36e72
attack-1.Ani	58	0x003334E7	54566	54554	84754	84742	2297	66366	84742	0	593134	0	-8	84218	2218	54961	5cf29806b1e5b005b9134896a65f8e6ebd1a9934bd187ac9b4ca09535c4fb4ce
attack-1.Ani	59	0x00340A0D	54961	54949	84218	84206	2218	66462	84206	0	585498	0	-8	80306	2175	53665	59869f5805acb62e6098b756f3826de1ef198e82b4fc3c75b5b7a414e5deba38
attack-1.Ani	60	0x0034E0BE	53665	53653	80306	80294	2175	62894	80294	0	575294	0	-8	75940	2086	49406	a050f387b0227cabd6c9a74ffb7ebe5706192841226bb63850af8acaefc5ed37
attack-1.Ani	61	0x0035B25F	49406	49394	75940	75928	2086	59240	75928	0	566376	0	-8	72057	1946	47569	7f99fb6763ebe387f409ff6f59a075399ce7d3b33c090bc755f8f0a3eef980b7
attack-1.Ani	62	0x0036735D	47569	47557	72057	72045	1946	56477	72045	0	557454	0	-8	68685	1849	45879	0b373b1d6bc8aecfa7d20cc6f899ce6c40ce8889eafbf6c7eb25ef017ab8bedc
attack-1.Ani	63	0x00372D2E	45879	45867	68685	68673	1849	53881	68673	0	549818	0	-8	63931	1723	42545	2d160e183e2f9baeb091c0f4c28a7521eb403e5b33c46f13a505edbbb66b9c4d
attack-1.Ani	64	0x0037E065	42545	42533	63931	63919	1723	50135	63919	0	538334	0	-8	59159	1646	39338	2d909c10e2e3d05f58bf08889ad4826199f14874b6d960554826ee69b65869eb
attack-1.Ani	65	0x00388696	39338	39326	59159	59147	1646	45979	59147	0	529416	0	-8	56054	1538	36914	f09efe3317699afea70df693fbb93ba8df7e1c421a989c98d20daf28f36093dd
attack-1.Ani	66	0x00392040	36914	36902	56054	56042	1538	43738	56042	0	520494	0	-8	55018	1494	36517	a2d42c51b7224f6bfc9f58dae605cb13cab0dfe4d9036cfdca2c34b90bf837bf
attack-1.Ani	67	0x0039B072	36517	36505	55018	55006	1494	43054	55006	0	512858	0	-8	52446	1456	34912	11561e4b23c9ddda9db3de96061d84ce0b4b8c62a59f963ef2c883988febbd88
attack-1.Ani	68	0x003A3F17	34912	34900	52446	52434	1456	40786	52434	0	502654	0	-8	47991	1332	32517	a8e297199ca47c98922b52660862655794365045092d808b50008e8b175ff414
attack-1.Ani	69	0x003AC777	32517	32505	47991	47979	1332	37323	47979	0	493736	0	-8	44562	1280	29601	96e3e8aa05deb59fea432b9e43588215a738b6b713b46637d6ac5bcbe9c9d2d7
attack-1.Ani	70	0x003B467C	29601	29589	44562	44550	1280	34310	44550	0	484814	0	-8	41536	1166	27521	31f644ac7ddc3059700e9c254ef6a7f0c4ff5021c2f156de928bcc4ece4a42c8
attack-1.Ani	71	0x003BBA1D	27521	27509	41536	41524	1166	32196	41524	0	475898	0	-8	39822	1150	26333	10e620deef9b3b400197ab00b2d3ee63395fc4baf592f0702604e556e4491925
attack-1.Ani	72	0x003C259E	26333	26321	39822	39810	1150	30610	39810	0	465694	0	-8	38146	1082	25598	d6091be0ea5f36c21a9a8d682e4e7b8b4623217b9fc12828e0f809d4f222c350
attack-1.Ani	73	0x003C8C7B	25598	25586	38146	38134	1082	29478	38134	0	456776	0	-8	38443	1097	25435	0c9cf2897ef9dc10bf0d775c38a7bbde8d288a23962af31a5ce6ba024f63169d
attack-1.Ani	74	0x003CF079	25435	25423	38443	38431	1097	29655	38431	0	447854	0	-8	37138	1070	24366	55e94dc1107daaf66fba90902e525238e527a89567f69edc85bc740035385070
attack-1.Ani	75	0x003D53D4	24366	24354	37138	37126	1070	28566	37126	0	440218	0	-8	35143	1031	22586	9ed84ea61fcb2bbf768e3f731f152447b07782519d05aef05e1a9f6b42a407e3
attack-1.Ani	76	0x003DB302	22586	22574	35143	35131	1031	26883	35131	0	430014	0	-8	31878	897	20730	bf4ceb2bd0ea58344b7e536a37590ab9c83acf6ac277ab3b38026e65410f051d
attack-1.Ani	77	0x003E0B3C	20730	20718	31878	31866	897	24690	31866	0	421096	0	-8	29139	910	19619	3b55912ba3263e0dc7bd8620529da39da6738f1e42a0ee56713ac165786e30d9
attack-1.Ani	78	0x003E5C36	19619	19607	29139	29127	910	21847	29127	0	410880	0	-8	24459	766	16948	6b39c1676a69562db77f6dccb6551a13e6313d6be1b0ae9a5f5b9f0a46d8be06
attack-1.Ani	79	0x003EA8D9	16948	16936	24459	24447	766	18319	24447	0	330216	0	-8	19770	659	14316	1b2a180638f7d28c9356be99289e2cd7d7e5addd219f3a8cbee3e1c188deeeba
attack-1.Ani	80	0x003EEB0D	14316	14304	19770	19758	659	14486	19758	0	322202	0	-8	15024	499	10813	1459ad09dc8b74a7997f2cf1c5534b646f105cbcef10ec805cb9eb17bdd6f6f8
attack-1.Ani	81	0x003F22F9	10813	10801	15024	15012	499	11020	15012	0	312000	0	-8	12512	385	8531	62769921d44f7f8ba22255503ff38cc300cc12aacd5aed2da2288e5ad28a3fdb
attack-1.Ani	82	0x003F4D36	8531	8519	12512	12500	385	9420	12500	0	304362	0	-8	12179	357	8609	d34906a5e5a0d213b6186360d4b46cdf3bbb975fad2740a06815beb762082f84
attack-1.Ani	83	0x003F6E89	8609	8597	12179	12167	357	9311	12167	0	295442	0	-8	12185	361	8366	e2e632db99a4c71ded749f45a41d256b0d0fa92a616df36c258b659dfb7e1a2f
attack-1.Ani	84	0x003F902A	8366	8354	12185	12173	361	9285	12173	0	287806	0	-8	10786	328	7817	073b829bc7ee29be99147ed43a6cab39b8ebe36776a63a0312f8c0a2ae1dadba
attack-1.Ani	85	0x003FB0D8	7817	7805	10786	10774	328	8150	10774	0	277604	0	-8	8656	295	6321	341dc8b51e8f2b8d4aecd7f7579fa8d40f3824f439ff7e3d98b03b7f2226ac47
attack-1.Ani	86	0x003FCF61	6321	6309	8656	8644	295	6284	8644	0	268688	0	-8	5920	163	4575	6611cda118307d7b6dd831f760af34cfecfa746a06ed1746debeb0c5781ce728
attack-1.Ani	87	0x003FE812	4575	4563	5920	5908	163	4604	5908	0	259766	0	-8	3568	117	2716	6044d01c0352127e4bc4bee19b8ccdd916fe943d39e4391b88fe67e990696e11
attack-1.Ani	88	0x003FF9F1	2716	2704	3568	3556	117	2620	3556	0	252132	0	-8	1663	78	1376	153a2e779e8800d54adc2f1065b410bde3c079ddaef46a267857b41328cdca1f
attack-1.Ani	89	0x0040048D	1376	1364	1663	1651	78	1027	1651	0	241920	0	-8	0	117463967	1118719	619a3771fdb373bd73cc5a82d15f29da4af1ac4ed638ddb3bc0249300e8e5f84
bd2dh.Ani	1	0x00000024	226378	226366	307220	307208	1	307200	307208	0	614400	0	-8	12	0	12	ca339b1f301a47d2451c3ea96f0235ad9f4c786fa0e3185e6da7d25e925e7704
bd2dh.Ani	2	0x0003746E	12	0	12	0	0	0	0	0	0	skipped_when_size_minus_12_is_zero	unsafe_12_byte_metadata_plus_stale_scratch_tail	12	0	12	e3b0c44298fc1c149afbf4c8996fb92427ae41e4649b934ca495991b7852b855
bd2dh.Ani	3	0x0003747A	12	0	12	0	0	0	0	0	0	skipped_when_size_minus_12_is_zero	unsafe_12_byte_metadata_plus_stale_scratch_tail	12	0	12	e3b0c44298fc1c149afbf4c8996fb92427ae41e4649b934ca495991b7852b855
bd2dh.Ani	4	0x00037486	12	0	12	0	0	0	0	0	0	skipped_when_size_minus_12_is_zero	unsafe_12_byte_metadata_plus_stale_scratch_tail	12	0	12	e3b0c44298fc1c149afbf4c8996fb92427ae41e4649b934ca495991b7852b855
bd2dh.Ani	5	0x00037492	12	0	12	0	0	0	0	0	0	skipped_when_size_minus_12_is_zero	unsafe_12_byte_metadata_plus_stale_scratch_tail	12	0	12	e3b0c44298fc1c149afbf4c8996fb92427ae41e4649b934ca495991b7852b855
bd2dh.Ani	6	0x0003749E	12	0	12	0	0	0	0	0	0	skipped_when_size_minus_12_is_zero	unsafe_12_byte_metadata_plus_stale_scratch_tail	12	0	12	e3b0c44298fc1c149afbf4c8996fb92427ae41e4649b934ca495991b7852b855
bd2dh.Ani	7	0x000374AA	12	0	12	0	0	0	0	0	0	skipped_when_size_minus_12_is_zero	unsafe_12_byte_metadata_plus_stale_scratch_tail	12	0	12	e3b0c44298fc1c149afbf4c8996fb92427ae41e4649b934ca495991b7852b855
bd2dh.Ani	8	0x000374B6	12	0	12	0	0	0	0	0	0	skipped_when_size_minus_12_is_zero	unsafe_12_byte_metadata_plus_stale_scratch_tail	12	0	12	e3b0c44298fc1c149afbf4c8996fb92427ae41e4649b934ca495991b7852b855
bd2dh.Ani	9	0x000374C2	12	0	12	0	0	0	0	0	0	skipped_when_size_minus_12_is_zero	unsafe_12_byte_metadata_plus_stale_scratch_tail	12	0	12	e3b0c44298fc1c149afbf4c8996fb92427ae41e4649b934ca495991b7852b855
bd2dh.Ani	10	0x000374CE	12	0	12	0	0	0	0	0	0	skipped_when_size_minus_12_is_zero	unsafe_12_byte_metadata_plus_stale_scratch_tail	12	0	12	e3b0c44298fc1c149afbf4c8996fb92427ae41e4649b934ca495991b7852b855
bd2dh.Ani	11	0x000374DA	12	0	12	0	0	0	0	0	0	skipped_when_size_minus_12_is_zero	unsafe_12_byte_metadata_plus_stale_scratch_tail	1228	78	872	e3b0c44298fc1c149afbf4c8996fb92427ae41e4649b934ca495991b7852b855
bd2dh.Ani	12	0x000374E6	872	860	1228	1216	78	592	1216	0	198840	0	-8	1100	92	862	8db84f4ca1fc57a92620df0a61a5abf7db8b2c3285f903fc2361f3cba5195226
bd2dh.Ani	13	0x0003784E	862	850	1100	1088	92	352	1088	0	198840	0	-8	1569	131	1206	62441358b566db4779e9a75f8ba7ddb8e4b53c8933ffff31926853e21fdba9fc
bd2dh.Ani	14	0x00037BAC	1206	1194	1569	1557	131	509	1557	0	197540	0	-8	1402	121	1071	a22450d587729c8666f0e7b6eb781353673003619039a780d9f27201da90d5be
bd2dh.Ani	15	0x00038062	1071	1059	1402	1390	121	422	1390	0	197518	0	-8	1639	140	1249	01e57e6babaa9654e7a511b761893953560c58be5c955bd765b73413c1d43811
bd2dh.Ani	16	0x00038491	1249	1237	1639	1627	140	507	1627	0	197562	0	-8	1265	108	967	94fb932ed2e196c89a41c3d33e6fcda152f9e8c7242bc4e0fd69a28d9cf77488
bd2dh.Ani	17	0x00038972	967	955	1265	1253	108	389	1253	0	197562	0	-8	1711	148	1312	9b2d465f06d54fbc43493d03569ebc8c717c61598ef6bc5d566d5f274f0dc5cc
bd2dh.Ani	18	0x00038D39	1312	1300	1711	1699	148	515	1699	0	197542	0	-8	1715	153	1284	5b60e0e5a9712d4b1a0fe9c9c45a845f36542a02a321e1a5ce55183f3a3e3179
bd2dh.Ani	19	0x00039259	1284	1272	1715	1703	153	479	1703	0	197522	0	-8	1497	128	1153	87bb80c86c0b7dbf2f79abab28124350fee3f95f762bf1350a3d08b69774a881
bd2dh.Ani	20	0x0003975D	1153	1141	1497	1485	128	461	1485	0	196286	0	-8	1722	134	1306	684f79075e42ae96fe0f36d61f2816e3edd13e7785f244866b6f48396d75dd9d
bd2dh.Ani	21	0x00039BDE	1306	1294	1722	1710	134	638	1710	0	197548	0	-8	1705	147	1311	adc99618d3fa8cd80636ea57b5d98e45fd2f783e4a2ed935ca026287faffa1ae
bd2dh.Ani	22	0x0003A0F8	1311	1299	1705	1693	147	517	1693	0	197548	0	-8	1709	149	1287	d4b993836df37a87f30da6884f240cd8b9076db86b97d786de4a7daa7417fec5
bd2dh.Ani	23	0x0003A617	1287	1275	1709	1697	149	505	1697	0	197528	0	-8	1862	169	1350	0668a1a6ac3bb5eaa355c390925a08626f8ce3bfad2ee0fff7e1cdbee23407e3
bd2dh.Ani	24	0x0003AB1E	1350	1338	1862	1850	169	498	1850	0	198854	0	-8	1723	134	1312	46d6e74f9bea367e217d8ec545f562f0587b06ad9736eee7c7547024464eef5b
bd2dh.Ani	25	0x0003B064	1312	1300	1723	1711	134	639	1711	0	200116	0	-8	1582	131	1206	6fdb1da8219c92ca088878e546fe300b026e87ef56de0242678648f592c1a526
bd2dh.Ani	26	0x0003B584	1206	1194	1582	1570	131	522	1570	0	200116	0	-8	1742	144	1298	6bd7b348e6cbf268d3383a41e744a117ccd0702f9d61af01af34609cf09bb3e2
bd2dh.Ani	27	0x0003BA3A	1298	1286	1742	1730	144	578	1730	0	201354	0	-8	1705	128	1329	4f5a9181dd24cfc0c20962029124ebc19ebe07c59aba85b32ec662d9366c2e63
bd2dh.Ani	28	0x0003BF4C	1329	1317	1705	1693	128	669	1693	0	203982	0	-8	1731	135	1341	e07150541f9a63f7fc0506d63deb098e41b3b02602615e18b8fcbc883912ff4a
bd2dh.Ani	29	0x0003C47D	1341	1329	1731	1719	135	639	1719	0	205244	0	-8	1148	94	905	f6b94afd3fa86c5121f95145071425ffe257ec99e28cc881b89d21bfd7ff5f7e
bd2dh.Ani	30	0x0003C9BA	905	893	1148	1136	94	384	1136	0	206502	0	-8	1646	115	1320	222238d9383bceee9114692e5191e963599e053ce839cfacff5572df5436b888
bd2dh.Ani	31	0x0003CD43	1320	1308	1646	1634	115	714	1634	0	209044	0	-8	1906	175	1372	57d1e3a709e579356e127263bc10eb2bf824a6653163d033f8a624b638a2833b
bd2dh.Ani	32	0x0003D26B	1372	1360	1906	1894	175	494	1894	0	210390	0	-8	1694	121	1328	ece3ad6a208feb450564f419e31c51c96f8fd4a33b74a717c1c3e9a2eddf4fcf
bd2dh.Ani	33	0x0003D7C7	1328	1316	1694	1682	121	714	1682	0	212932	0	-8	1896	168	1418	f54ab444c93c2395a7e1efcccee94b7aaad3ea07e80462b880d315452b7fbbb4
bd2dh.Ani	34	0x0003DCF7	1418	1406	1896	1884	168	540	1884	0	214192	0	-8	1733	143	1307	b9563071624e9c2c04d3017d9d042c17062899c0b80f6a2d240f1506fa95fab4
bd2dh.Ani	35	0x0003E281	1307	1295	1733	1721	143	577	1721	0	215452	0	-8	1905	175	1373	0cb5490e1862ecd480684d28ca9bcde50a3323905d955f7cd5571de6a7f1fa78
bd2dh.Ani	36	0x0003E79C	1373	1361	1905	1893	175	493	1893	0	216798	0	-8	1716	132	1329	bbf38d51f2e4cc25f370782912308439f98bbebdc4fb4cc21edd83772f93f9ba
bd2dh.Ani	37	0x0003ECF9	1329	1317	1716	1704	132	648	1704	0	218060	0	-8	1140	93	889	134696d02e15852cf342814140180fdf3f665d54be24327b80e0ca3f5f9eed78
bd2dh.Ani	38	0x0003F22A	889	877	1140	1128	93	384	1128	0	219318	0	-8	1651	120	1310	458625ada866c9cc207be97327b69e8444bea6f4f08e18460a71c9951397d7e3
bd2dh.Ani	39	0x0003F5A3	1310	1298	1651	1639	120	679	1639	0	221858	0	-8	1862	169	1369	f8631230502ebd34cb3bb01f5c2093ac554137a498aea007b117d1b41607c65c
bd2dh.Ani	40	0x0003FAC1	1369	1357	1862	1850	169	498	1850	0	223204	0	-8	1275	109	993	4cace147189e578a5e1a5a8d09d37f243633f72a729d598fe8b2898e5411d96b
bd2dh.Ani	41	0x0004001A	993	981	1275	1263	109	391	1263	0	223204	0	-8	1663	124	1327	960b1435508b2c8c93e1d01d742b70f590e23fb72bed974c0c5bd4191fb732fe
bd2dh.Ani	42	0x000403FB	1327	1315	1663	1651	124	659	1651	0	225724	0	-8	1727	142	1331	8c7e017c9bda0a3f4db20ef25d87848838289e50ca1bf59f33ff80fb350b3666
bd2dh.Ani	43	0x0004092A	1331	1319	1727	1715	142	579	1715	0	226984	0	-8	1862	169	1356	bce6450d633995b85342bbe80363bb8380aa00b0d6937d90df67aedd5b652985
bd2dh.Ani	44	0x00040E5D	1356	1344	1862	1850	169	498	1850	0	228330	0	-8	1674	130	1313	4f2780621a6405c55620bb97b063adc5e97fab4ec2a3c526a6bce3cc8a63c843
bd2dh.Ani	45	0x000413A9	1313	1301	1674	1662	130	622	1662	0	229590	0	-8	1871	165	1403	6c9a2c7b23661bfff45e58ecbd30ce98e6aad281e483a297c35f5aa1bc7c0daa
bd2dh.Ani	46	0x000418CA	1403	1391	1871	1859	165	539	1859	0	230850	0	-8	1634	114	1312	f77f34b364745b5b9780f42d618901cc79ee74d2d0fb14392ac888a10f8a5297
bd2dh.Ani	47	0x00041E45	1312	1300	1634	1622	114	710	1622	0	233392	0	-8	1503	129	1156	81cf951a8c5ef80efde99351008d3a08c6c6c75bac0ab83a4a46eaeb2314cbf6
bd2dh.Ani	48	0x00042365	1156	1144	1503	1491	129	459	1491	0	233456	0	-8	1713	127	1359	550ad95b67f3c6619779801e3597b7b2d8e104260d5d4d79d7165cbd74bcd912
bd2dh.Ani	49	0x000427E9	1359	1347	1713	1701	127	685	1701	0	234720	0	-8	1702	134	1328	a83b6829c1f8d0c1f3d37c4871d8e6d7c463d8c7dad2faa407b52bb160b962db
bd2dh.Ani	50	0x00042D38	1328	1316	1702	1690	134	618	1690	0	235982	0	-8	1733	143	1352	9b710d6ea794569d2c17b2e80a168853f86e749faaec5953fcf241f4a05d55da
bd2dh.Ani	51	0x00043268	1352	1340	1733	1721	143	577	1721	0	237242	0	-8	1874	171	1381	4379954ce2cb735b7fd39126ea32a57845ccc71ab92a2ed939c941a26ef76f19
bd2dh.Ani	52	0x000437B0	1381	1369	1874	1862	171	494	1862	0	238588	0	-8	1754	128	1396	b34f477e833d4523869f8e8d8af98fabb610d4b9ff675943698425fada41bd6c
bd2dh.Ani	53	0x00043D15	1396	1384	1754	1742	128	718	1742	0	239854	0	-8	1893	168	1437	d7e8ec873f2e1b123f7f72da90ba8b360585e3fb0e1c069b946404322c2c9e7e
bd2dh.Ani	54	0x00044289	1437	1425	1893	1881	168	537	1881	0	241114	0	-8	1609	129	1269	868670e16827bc3f85529f22e64a8a92140bb3d0f2c87cf0167a38ed2287b8d8
bd2dh.Ani	55	0x00044826	1269	1257	1609	1597	129	565	1597	0	241114	0	-8	1718	138	1357	b3da70314f773911a0a1c9eb6afa3b6446b180f87c51cda4eb3b62606f32876a
bd2dh.Ani	56	0x00044D1B	1357	1345	1718	1706	138	602	1706	0	242444	0	-8	1721	134	1346	f10ed0b656579d50d4e65be6b700e366b76137c06ccdf845a76a8150e594e194
bd2dh.Ani	57	0x00045268	1346	1334	1721	1709	134	637	1709	0	243706	0	-8	1717	136	1355	ca2f5418374b3cfc019a6e4b168ae589057c321b93cef5fbc36c5db5aae126b7
bd2dh.Ani	58	0x000457AA	1355	1343	1717	1705	136	617	1705	0	244968	0	-8	1662	129	1314	19d4b7108e3ed62b91b74ea8c341fd1e118fbe29b1dbddbead4fcd07f442d2f6
bd2dh.Ani	59	0x00045CF5	1314	1302	1662	1650	129	618	1650	0	246230	0	-8	1632	139	1285	2e5abf6f7c23f28e8879c45d2a0761618ed7f5c8a56ef8fa83171d801074e626
bd2dh.Ani	60	0x00046217	1285	1273	1632	1620	139	508	1620	0	246296	0	-8	1713	133	1356	718931fcfe93b9347edc3617b99e826c5074452c3d24ec268c343d19d153fd3d
bd2dh.Ani	61	0x0004671C	1356	1344	1713	1701	133	637	1701	0	247558	0	-8	1718	149	1343	fdafabc3b6f47db447e759664216aeafb7b02a95a166a5565309f8f5035010b3
bd2dh.Ani	62	0x00046C68	1343	1331	1718	1706	149	514	1706	0	247558	0	-8	1740	144	1373	0c340ba61cc5df582a587d0cb4128f66e458cfbe336777ce036b2819cef48d94
bd2dh.Ani	63	0x000471A7	1373	1361	1740	1728	144	576	1728	0	248798	0	-8	1736	141	1369	797f794b0c7002ee04e2b612613ffb1629b38e749432a1252d41a29e9e55bf22
bd2dh.Ani	64	0x00047704	1369	1357	1736	1724	141	596	1724	0	248866	0	-8	1718	134	1364	9d1f12fe870158d8293272b9415f70e07bad73670647b291950e126d032f078d
bd2dh.Ani	65	0x00047C5D	1364	1352	1718	1706	134	634	1706	0	250126	0	-8	1724	150	1361	f96d394f5eb9de46c2fb316f4a61c04c0b802cda06ba00fee3194fbabd7d174f
bd2dh.Ani	66	0x000481B1	1361	1349	1724	1712	150	512	1712	0	250126	0	-8	1700	148	1336	70454a2da873bbdb350e7728a5ef33b8ffe93c038aeee26fb9f2da5e63373348
bd2dh.Ani	67	0x00048702	1336	1324	1700	1688	148	504	1688	0	250108	0	-8	1897	174	1438	9a40b3f8c3382a5fda49b9321937c7ed361d213b796fc1c2e37206e5a2177700
bd2dh.Ani	68	0x00048C3A	1438	1426	1897	1885	174	493	1885	0	251434	0	-8	1733	141	1345	172cbcd1b67470488d738883c33da5a54c0d7aee77782259bc93d29b4240a028
bd2dh.Ani	69	0x000491D8	1345	1333	1733	1721	141	593	1721	0	251434	0	-8	1718	149	1343	05c2989991dad74520b25448f9b36ecb6b0aee23164367de4ec147786b6a51d2
bd2dh.Ani	70	0x00049719	1343	1331	1718	1706	149	514	1706	0	251418	0	-8	1656	128	1320	d9dfdfc9e969e91b98f0ea4251bbd81b20c3dc873f5712fa5d1db08fe7b976dc
bd2dh.Ani	71	0x00049C58	1320	1308	1656	1644	128	620	1644	0	252660	0	-8	1750	143	1392	2c219ea92152a79427c459296dec1936cbdf1e2fcb348f95dc0816eb28ef1c47
bd2dh.Ani	72	0x0004A180	1392	1380	1750	1738	143	594	1738	0	252726	0	-8	1736	150	1355	15c7026781d0c971a239d307ce82b2d3d0387f951454ed63c31c9db8386a8f7c
bd2dh.Ani	73	0x0004A6F0	1355	1343	1736	1724	150	524	1724	0	252726	0	-8	1741	142	1365	921f7f1a7c323666863c7ebe8828b51b362c77d3afb0894fe9f6b5a5bca7de3f
bd2dh.Ani	74	0x0004AC3B	1365	1353	1741	1729	142	593	1729	0	252710	0	-8	1602	128	1255	5970c6185f6a7604c4de2b5e0d867f5df357cecfb4aa0dacc2ad2dad26bf4001
bd2dh.Ani	75	0x0004B190	1255	1243	1602	1590	128	566	1590	0	252692	0	-8	1752	143	1376	45cf37cd36a7cb036a06e48f817f662ee5a3459eea61f21479f8d6fdd6cb5528
bd2dh.Ani	76	0x0004B677	1376	1364	1752	1740	143	596	1740	0	252742	0	-8	1740	142	1340	cb82923e0ef67123d005a1a135c884f77cec0066465f6ee76cd50167b1693bd2
bd2dh.Ani	77	0x0004BBD7	1340	1328	1740	1728	142	592	1728	0	252742	0	-8	1761	138	1387	30318fe60369c21a2d2dd44dcae89ee1dad1fa661b453e481dab4e9379aeba13
bd2dh.Ani	78	0x0004C113	1387	1375	1761	1749	138	645	1749	0	252726	0	-8	1707	149	1314	002fb6df20bca3e48db6b8b6d99962989197f3f4e00df4c123adb27ea45bb7fc
bd2dh.Ani	79	0x0004C67E	1314	1302	1707	1695	149	503	1695	0	252710	0	-8	1751	143	1376	7e0f4dec23192f5be2ac636e9e45526ff22e1a1229de45f4b3f81f2f6de6b1f9
bd2dh.Ani	80	0x0004CBA0	1376	1364	1751	1739	143	595	1739	0	252758	0	-8	1672	127	1314	b63762f0691cb82c96552f5a66f0546f9d83c2cefa4b6e65e8a22d192507b765
bd2dh.Ani	81	0x0004D100	1314	1302	1672	1660	127	644	1660	0	252758	0	-8	1727	150	1357	f81a3b378d1df79fd3a352d8e25966d2a96ff66a477c515c521897e940da032f
bd2dh.Ani	82	0x0004D622	1357	1345	1727	1715	150	515	1715	0	252744	0	-8	1650	127	1268	d85bd18e4a36d5f25ce537ef15b46b86faa06e5b31d0a1d3a4143ce89f4a9ba2
bd2dh.Ani	83	0x0004DB6F	1268	1256	1650	1638	127	622	1638	0	252724	0	-8	1648	141	1270	8f79f63cfd0ed2d0192ed848c44ea3bedcd8d451ab7afc0130d3c6e91fdf0728
bd2dh.Ani	84	0x0004E063	1270	1258	1648	1636	141	508	1636	0	251494	0	-8	1739	150	1338	3fd1ede95ea480130b8db603c61f79cb2e079ac3a8bddc4ac0a6a88378defa46
bd2dh.Ani	85	0x0004E559	1338	1326	1739	1727	150	527	1727	0	251494	0	-8	1719	135	1347	ea7815711344794287522d446da91582adda0533c24d12885a740f3ff7769a77
bd2dh.Ani	86	0x0004EA93	1347	1335	1719	1707	135	627	1707	0	251476	0	-8	1700	148	1301	855d753b7e3c587347dad9a9eeb2e338169143f2b1e71e0465f5c0e93bbcde67
bd2dh.Ani	87	0x0004EFD6	1301	1289	1700	1688	148	504	1688	0	250178	0	-8	1655	142	1296	3eb4acbb074d7cfa9fc37b0d1ab98b7e59cb885cb35d2283f4eff436936a753b
bd2dh.Ani	88	0x0004F4EB	1296	1284	1655	1643	142	507	1643	0	250224	0	-8	1778	147	1334	caac0e76a74c195964f41364161a83e645bc8ab418c21fada51bab50234a686d
bd2dh.Ani	89	0x0004F9FB	1334	1322	1778	1766	147	590	1766	0	250224	0	-8	1715	140	1336	d530ffe79f733da8e348bfbb880f3ddc637b5be3a2d1c4bbfcd742d548f6e74b
bd2dh.Ani	90	0x0004FF31	1336	1324	1715	1703	140	583	1703	0	248928	0	-8	1602	128	1256	028c9001cdda0f860b720cd6b52f3f8a9bc2acf439b7a290d81053720352ba15
bd2dh.Ani	91	0x00050469	1256	1244	1602	1590	128	566	1590	0	247628	0	-8	1707	133	1328	852726341dc361131aa5ff20b02cf77a1b295143fff0f078f78a6e44395be029
bd2dh.Ani	92	0x00050951	1328	1316	1707	1695	133	631	1695	0	247610	0	-8	1760	158	1310	84fcc1d0fccedd538832b81eb0e159efb717fc90127dc8f86b17ae4465731cd8
bd2dh.Ani	93	0x00050E81	1310	1298	1760	1748	158	484	1748	0	246398	0	-8	1742	142	1364	31d366d93f93b10a97eb9f95c80393d05f24ffdadcfa7c85a7ee5b163e7816cf
bd2dh.Ani	94	0x0005139F	1364	1352	1742	1730	142	594	1730	0	245100	0	-8	1634	131	1273	2f700d115d8eb07f9c5df9ba8de21696ce34780659a289e86ed08471eb7f99f0
bd2dh.Ani	95	0x000518F3	1273	1261	1634	1622	131	574	1622	0	245082	0	-8	1655	128	1305	a1e07b0b3058c0c9bb728205ea12a972069b947f8fbe85ccce58e91b35670d61
bd2dh.Ani	96	0x00051DEC	1305	1293	1655	1643	128	619	1643	0	243784	0	-8	1685	128	1324	cf8ee48311cfec80f359c17ac1ce81c126b4ce6f624e8d6407211b16ab6dd2dd
bd2dh.Ani	97	0x00052305	1324	1312	1685	1673	128	649	1673	0	242570	0	-8	1743	142	1364	0ed6bf2057cd282d8712e8b85d7a5521673655f2f5b4a363c4cb77ad23164c84
bd2dh.Ani	98	0x00052831	1364	1352	1743	1731	142	595	1731	0	241276	0	-8	1633	131	1272	90342b70abc72c56e182a768ad46172f28668a45e9ea4b21855fd107639ac537
bd2dh.Ani	99	0x00052D85	1272	1260	1633	1621	131	573	1621	0	241258	0	-8	1725	135	1338	834ab1deaa7fe63bb52d690d1e031804bf362946f65136a8635140c7a7577e89
bd2dh.Ani	100	0x0005327D	1338	1326	1725	1713	135	633	1713	0	239960	0	-8	1793	149	1369	29c1312f8bdde92f1197209e3f4facf0d7be46b474ab2e9d3f8c54e31c6039b1
bd2dh.Ani	101	0x000537B7	1369	1357	1793	1781	149	589	1781	0	238748	0	-8	1721	135	1360	625d971244808553e22a4942ede0217f6383dccb4886346619a1fdace524b64e
bd2dh.Ani	102	0x00053D10	1360	1348	1721	1709	135	629	1709	0	237452	0	-8	1649	127	1262	86cf7d8208969fab8c130aa51a5b449672e339a0128c45f9314d168c04f181d9
bd2dh.Ani	103	0x00054260	1262	1250	1649	1637	127	621	1637	0	236154	0	-8	1669	130	1321	d07f31b79e25054cc6a78ca49b36d690dacbca5acaf1803184293cad2f9f1a28
bd2dh.Ani	104	0x0005474E	1321	1309	1669	1657	130	617	1657	0	234858	0	-8	1653	125	1302	b5adecc8f196fe0b0dc52bf36241874b003593e704ca2af40ac80c9fa43ef3bc
bd2dh.Ani	105	0x00054C77	1302	1290	1653	1641	125	641	1641	0	233644	0	-8	1694	124	1328	ce79cca90299eba348857692a6f51cba036de3cf35f3a2c1344cd04ee754df2e
bd2dh.Ani	106	0x0005518D	1328	1316	1694	1682	124	690	1682	0	233630	0	-8	1721	154	1290	214f635494c78374545581d54676fe5c3de03e6a4128bb6eb0130c7af7c84da8
bd2dh.Ani	107	0x000556BD	1290	1278	1721	1709	154	477	1709	0	232334	0	-8	1813	139	1411	e7868772cdcbc78bcec7dc2fa2cc64360052c58c3596397c2bc49ba86f6aaedf
bd2dh.Ani	108	0x00055BC7	1411	1399	1813	1801	139	689	1801	0	231034	0	-8	1690	129	1323	e8c58e3eee5fb5ca1b91e5f0ef0d1ea84f67236e1d964e392be89f5c550a285c
bd2dh.Ani	109	0x0005614A	1323	1311	1690	1678	129	646	1678	0	229824	0	-8	1747	131	1368	388b4503bb1e25de06fcfb39c741851933db675b7c0b7b039f0460c946039a1d
bd2dh.Ani	110	0x00056675	1368	1356	1747	1735	131	687	1735	0	228530	0	-8	1622	130	1269	04f981bed679d26e59636a99f8e2d377d846a0f13dd39da144fd8c87a7b42f72
bd2dh.Ani	111	0x00056BCD	1269	1257	1622	1610	130	570	1610	0	228516	0	-8	1764	137	1372	0a8b0637c1b00addac92a9d199436f2aa189f45e91c8e98de6a28d958d5821b7
bd2dh.Ani	112	0x000570C2	1372	1360	1764	1752	137	656	1752	0	227288	0	-8	1685	128	1314	63eb94929ac32ba8d649ca2c06489e8b6738e3d67b70736c6b33bcbd90820c78
bd2dh.Ani	113	0x0005761E	1314	1302	1685	1673	128	649	1673	0	227288	0	-8	1686	123	1327	bc2916c2bd6098a6416f19a487598f2455668bed520cced17277bd5f79429d9c
bd2dh.Ani	114	0x00057B40	1327	1315	1686	1674	123	690	1674	0	225994	0	-8	1577	120	1225	719d5ca0b2b7c2a01281a0defab46ecbb3df114d38c308768e44f85e0da07276
bd2dh.Ani	115	0x0005806F	1225	1213	1577	1565	120	605	1565	0	224698	0	-8	1792	136	1398	607f6e7061c455232f096d2a665f3e15a61ea8690653a6c66c0a4a721dee6db4
bd2dh.Ani	116	0x00058538	1398	1386	1792	1780	136	692	1780	0	224682	0	-8	1665	126	1297	b0f59677fad24c6dd25ff50852095316b35dc152e7277f59aa2f2cd9a8ceacc5
bd2dh.Ani	117	0x00058AAE	1297	1285	1665	1653	126	645	1653	0	223472	0	-8	1724	140	1358	25363d4674859bca5f8b91176f8a7d6ea2c980f40f97794cfb02ab56ecbbdc3d
bd2dh.Ani	118	0x00058FBF	1358	1346	1724	1712	140	592	1712	0	223458	0	-8	1625	130	1269	9cb11a9b71e10b96b7038d85d7015c39de3490ca7087bd1cc8c8226ae02b9827
bd2dh.Ani	119	0x0005950D	1269	1257	1625	1613	130	573	1613	0	223440	0	-8	1779	139	1384	02c4d023cc2e5118563b7f410df04487fb3c9369b07e34447ef32046003dfd9e
bd2dh.Ani	120	0x00059A02	1384	1372	1779	1767	139	655	1767	0	222212	0	-8	1757	157	1335	b43210574087d6371ce78832a5beaac696d7323c5aa7d2936b6d844d2a56b98a
bd2dh.Ani	121	0x00059F6A	1335	1323	1757	1745	157	489	1745	0	222212	0	-8	1772	139	1372	c7f91ec531d1af4a6ad83f1fe6998807d247f5cb56d98b09f393c0dd5f39826e
bd2dh.Ani	122	0x0005A4A1	1372	1360	1772	1760	139	648	1760	0	220914	0	-8	1609	129	1255	8c05103e4ed5f61c0da5f9416342059b6051a37b83e2e93b7fe5c103f19d8e8f
bd2dh.Ani	123	0x0005A9FD	1255	1243	1609	1597	129	565	1597	0	220898	0	-8	1751	143	1371	7edc4438a874620f501f3a030c6fabf79b637f866b6093c7ce2ee5922e889de1
bd2dh.Ani	124	0x0005AEE4	1371	1359	1751	1739	143	595	1739	0	220948	0	-8	1760	145	1352	8763cd9641b610762d782f319ca2e5c41798309c1b748644ea8fa6be02b738dd
bd2dh.Ani	125	0x0005B43F	1352	1340	1760	1748	145	588	1748	0	220948	0	-8	1741	142	1382	7a8d9ae0daa0fca9834756057b986db115f75380479fad55c0cb1011887e23c7
bd2dh.Ani	126	0x0005B987	1382	1370	1741	1729	142	593	1729	0	219652	0	-8	1606	129	1279	24cf015494aec14262e804dffbe2381d2821ef555e923ebe1e8b2b235c6921d0
bd2dh.Ani	127	0x0005BEED	1279	1267	1606	1594	129	562	1594	0	219634	0	-8	1764	145	1386	f863f951da1c85d99f59b63e2a51518e64b0474edbef7c1b58aa14104c8303f4
bd2dh.Ani	128	0x0005C3EC	1386	1374	1764	1752	145	592	1752	0	219684	0	-8	1712	139	1315	f1ba6c146f3226a4a8a899725c27d3c3f42085f80bc9981b39066dc417bf4082
bd2dh.Ani	129	0x0005C956	1315	1303	1712	1700	139	588	1700	0	219684	0	-8	1726	138	1362	157ee943da66b3584a7e2f27ef774611a839f293f7f936a5f4ea54481d040567
bd2dh.Ani	130	0x0005CE79	1362	1350	1726	1714	138	610	1714	0	220930	0	-8	1579	120	1225	abe2a139572f3b7befaab816ec0920694bdb382c0dd2904c13b265195af025bb
bd2dh.Ani	131	0x0005D3CB	1225	1213	1579	1567	120	607	1567	0	220930	0	-8	1756	144	1370	115e502b110399aa5dff3964398eacddf7f6eae48b6b88be6d3071326123c30d
bd2dh.Ani	132	0x0005D894	1370	1358	1756	1744	144	592	1744	0	220982	0	-8	1752	128	1378	a60a107ff0d96929eeebfd3cfec4a154ca142b92b9b9799fa1bb203757992e46
bd2dh.Ani	133	0x0005DDEE	1378	1366	1752	1740	128	716	1740	0	222248	0	-8	1720	137	1345	66d022a57611bf6b0bc9624665327962b5d842875120f0409997ef64cb743b92
bd2dh.Ani	134	0x0005E350	1345	1333	1720	1708	137	612	1708	0	223510	0	-8	1585	121	1254	d61497208540b81b9bc9d31fda8e708283a86bc3cfa9421601176f86cd11c3ce
bd2dh.Ani	135	0x0005E891	1254	1242	1585	1573	121	605	1573	0	223510	0	-8	1723	138	1347	b5acd16146f6cbf8dccba5df7954d647a82c6e3617104b9d3d5d41d3a2f50c91
bd2dh.Ani	136	0x0005ED77	1347	1335	1723	1711	138	607	1711	0	224842	0	-8	1783	131	1419	41c344c6071c5927519a8c03b0496e09b5ec5918db0ef08adfe5125480171790
bd2dh.Ani	137	0x0005F2BA	1419	1407	1783	1771	131	723	1771	0	226108	0	-8	1789	146	1386	24f7826b69beaf3e0109e70492179be665c20db9a27df2e3951d8d2cd715c611
bd2dh.Ani	138	0x0005F845	1386	1374	1789	1777	146	609	1777	0	226108	0	-8	1713	123	1379	09c133041c6b908e96558481c497759af4af3ffa4c30fecae706feb7a73520de
bd2dh.Ani	139	0x0005FDAF	1379	1367	1713	1701	123	717	1701	0	228632	0	-8	1862	148	1448	945a8143f3451fd133696074092e4a76998c03000058eeafe02caca3294935c1
bd2dh.Ani	140	0x00060312	1448	1436	1862	1850	148	666	1850	0	228702	0	-8	1795	136	1413	91f158d3b165af8b98910c70199630400bc1fa8c5ca8b9cd10f6c8e6860196d2
bd2dh.Ani	141	0x000608BA	1413	1401	1795	1783	136	695	1783	0	229966	0	-8	1825	148	1400	be81b96236f33d4981b19c95575e9318e97901d27434f5708b229eb4d7a1d5f5
bd2dh.Ani	142	0x00060E3F	1400	1388	1825	1813	148	629	1813	0	231228	0	-8	1805	151	1351	7d310f2dcca6107d7d89a819dcf67b6527f1c8e7fa8cf1a1af536c0e0bc712c7
bd2dh.Ani	143	0x000613B7	1351	1339	1805	1793	151	585	1793	0	232488	0	-8	1810	148	1394	80edea2d993f8ca2abc331d02f4202a2cdd65b128b69caedc55def128d4219f4
bd2dh.Ani	144	0x000618FE	1394	1382	1810	1798	148	614	1798	0	233836	0	-8	1809	144	1386	a83d5571bdd8dc25635970901f165bafea01a717d5cfb67e63557a513dc8031c
bd2dh.Ani	145	0x00061E70	1386	1374	1809	1797	144	645	1797	0	235098	0	-8	1983	177	1454	6f349e19e6b9e3e5ec01e5ab84ba4addaa56b901148fb61ed8a911c07fae7f82
bd2dh.Ani	146	0x000623DA	1454	1442	1983	1971	177	555	1971	0	236358	0	-8	1729	125	1350	e2b0593705409862509047cea304cfd01fa3968f80366eab8347235caaba3a30
bd2dh.Ani	147	0x00062988	1350	1338	1729	1717	125	717	1717	0	238900	0	-8	935	80	715	3af0ab1ea4f4ac9885a87c103cd87db2024b5c6e0279b776a920686c8ab0e514
bd2dh.Ani	148	0x00062ECE	715	703	935	923	80	283	923	0	240244	0	-8	1832	161	1356	b5eca2ba5be93550fff6dd9bbfa11040d0a898ae011628f91b9689d9862b5dc6
bd2dh.Ani	149	0x00063199	1356	1344	1832	1820	161	532	1820	0	240244	0	-8	1762	129	1392	ee6ae94eaaf44324a56a0066e4ecf45db3e9390ec55f92024d090a73cdf474b0
bd2dh.Ani	150	0x000636E5	1392	1380	1762	1750	129	718	1750	0	242768	0	-8	1788	158	1331	8c210587359fede1e0627904f357628604123d5faf661e908fa0d414183b12a6
bd2dh.Ani	151	0x00063C55	1331	1319	1788	1776	158	512	1776	0	242768	0	-8	1992	184	1417	c94e7ecd24a3d3600eeebade1fc5a15eff4eb7274f22abc967fd95ed4763a6ef
bd2dh.Ani	152	0x00064188	1417	1405	1992	1980	184	508	1980	0	244094	0	-8	1764	131	1376	e47f731f02adc69fdc3d0abd8da30d52dd75543e6ca342c5d28bd42fa83e1c44
bd2dh.Ani	153	0x00064711	1376	1364	1764	1752	131	704	1752	0	245358	0	-8	1798	158	1343	13cc9d461a071272b514a508acfcc03e63281895ca8e2feee5fd963b8fd81c6e
bd2dh.Ani	154	0x00064C71	1343	1331	1798	1786	158	522	1786	0	245358	0	-8	1755	153	1303	ed5ede68fae70531173649a01ba152d5b8b58501ed38f4d853cb95002aab5d53
bd2dh.Ani	155	0x000651B0	1303	1291	1755	1743	153	519	1743	0	245338	0	-8	1799	148	1388	99511fdf2955a217b96f08844f402c6315cd5251fa43b40caf69fabf75d902d7
bd2dh.Ani	156	0x000656C7	1388	1376	1799	1787	148	603	1787	0	245386	0	-8	1833	160	1350	48f3d4c67122f404112ef49e8ebbab7f27a0fdd84431bf69e2dad884540f334b
bd2dh.Ani	157	0x00065C33	1350	1338	1833	1821	160	541	1821	0	245386	0	-8	1785	142	1371	8c8f2b6fcf0a101d1a1280549baef42b75b613d2c775027d24aaa193661af1e3
bd2dh.Ani	158	0x00066179	1371	1359	1785	1773	142	637	1773	0	245368	0	-8	1775	155	1312	276c5215d1126201f59f45171362e76a6325634a02953e77fb34f379c026fd00
bd2dh.Ani	159	0x000666D4	1312	1300	1775	1763	155	523	1763	0	244070	0	-8	1719	149	1309	070057730f29cca85b3395d8becc541153441629e544cb34a0ca72c385943b12
bd2dh.Ani	160	0x00066BF4	1309	1297	1719	1707	149	515	1707	0	244116	0	-8	1810	150	1367	98ce6c35bca526565b865f5de6f2fb17e0c4992d8bf55baa8bb057ee31d9750c
bd2dh.Ani	161	0x00067111	1367	1355	1810	1798	150	598	1798	0	244116	0	-8	1771	146	1352	edbfa3f0cc71c450c738db25409c0e6f252b778378dfa773e62099f4fa966836
bd2dh.Ani	162	0x00067668	1352	1340	1771	1759	146	591	1759	0	242820	0	-8	1749	152	1298	1b8120c14699d020bc752738765a3cdc13be0ff4e7c1e4540102996d57c3ef8d
bd2dh.Ani	163	0x00067BB0	1298	1286	1749	1737	152	521	1737	0	241520	0	-8	1793	143	1373	cc7271037e3978eaa1caad3a8a140e99ec5f9b03eaaa8743fa7b1c179c8065a6
bd2dh.Ani	164	0x000680C2	1373	1361	1793	1781	143	637	1781	0	241500	0	-8	1801	148	1359	ffb0cd84cc1a03d75da4e6d6bf536b876630bffc0719779e071800bbb0a40e6f
bd2dh.Ani	165	0x0006861F	1359	1347	1801	1789	148	605	1789	0	240288	0	-8	1306	104	990	e012a42e6e8785da6ed3c793eb39d9b7c7c37d1d10739eb4238485205b338ed6
bd2dh.Ani	166	0x00068B6E	990	978	1306	1294	104	462	1294	0	240272	0	-8	1686	136	1309	de481ac68cf6c6667ed80c3c5f4e2ea2795ea60dea350a8a0622fb18799333ae
bd2dh.Ani	167	0x00068F4C	1309	1297	1686	1674	136	586	1674	0	238970	0	-8	1709	134	1331	e562928e1a2b8285c35b062214ce3e6815f58c736b26d4a60c97a39d66bc7230
bd2dh.Ani	168	0x00069469	1331	1319	1709	1697	134	625	1697	0	237672	0	-8	1828	152	1397	22c21df75cc087f889f1145f507d5371622e1d4a44bb186976a2b270bcee5749
bd2dh.Ani	169	0x0006999C	1397	1385	1828	1816	152	600	1816	0	236458	0	-8	1768	146	1351	1f38ae4c701ad7caa1423884df85fd249a9dbf4fe76c4e15e2ab181ebf66d1dc
bd2dh.Ani	170	0x00069F11	1351	1339	1768	1756	146	588	1756	0	235162	0	-8	1802	162	1345	32bba19c2d3f502deb5244450e22f156f2003ccc5601831d50b83d62a3beadbe
bd2dh.Ani	171	0x0006A458	1345	1333	1802	1790	162	494	1790	0	233862	0	-8	1779	141	1383	9354d8493a9c112fa04e1a3abad5cb0a5b3066801b113a6238a7e36bc7aa76dc
bd2dh.Ani	172	0x0006A999	1383	1371	1779	1767	141	639	1767	0	232562	0	-8	1796	161	1328	c958e7c03882f0fcd16f2816adb33569583e6b34b9196144013bdb483c452b61
bd2dh.Ani	173	0x0006AF00	1328	1316	1796	1784	161	496	1784	0	231350	0	-8	1750	143	1323	71444ace9ea56f4d9ae83db51213871529366c0f796da5d8aef5cfb002b2611c
bd2dh.Ani	174	0x0006B430	1323	1311	1750	1738	143	594	1738	0	230052	0	-8	1662	134	1281	e9dd58b7381357ce201484639e8a278045e1976db5e9682ca506f8e1bfcbd359
bd2dh.Ani	175	0x0006B95B	1281	1269	1662	1650	134	578	1650	0	228752	0	-8	1725	135	1347	db00df7791b6457797379f4bffe849ecac7f2e2c577191b428066d71e38bf914
bd2dh.Ani	176	0x0006BE5C	1347	1335	1725	1713	135	633	1713	0	227454	0	-8	1772	154	1349	7361b26b859bd5f6bee12b09648a50fb648dc85a29ad1ac6382b7f2201ac7417
bd2dh.Ani	177	0x0006C39F	1349	1337	1772	1760	154	528	1760	0	226240	0	-8	1592	115	1264	86a93dc1f4a287c8eac91a4448932babc27e5017268b0f516c0ef91659dc04da
bd2dh.Ani	178	0x0006C8E4	1264	1252	1592	1580	115	660	1580	0	226222	0	-8	1711	149	1290	166618469c873ab0e3977c35bf73d0a7c9114eabad3af430b9ff54a20a8143e6
bd2dh.Ani	179	0x0006CDD4	1290	1278	1711	1699	149	507	1699	0	223642	0	-8	1695	132	1325	8cede56f42936cc5f216db39429a0d281d726f77499b1e2395ebeb9c9118b56b
bd2dh.Ani	180	0x0006D2DE	1325	1313	1695	1683	132	627	1683	0	223622	0	-8	1754	157	1313	747326f4d621df4b4059b5da30964cb255e508a89ddeb7cdf317d083538bc789
bd2dh.Ani	181	0x0006D80B	1313	1301	1754	1742	157	486	1742	0	222408	0	-8	1733	151	1339	2b7edb107eddceaac62ee4f2a3eae21c25820bb1325351dabf35dcf37c746bdc
bd2dh.Ani	182	0x0006DD2C	1339	1327	1733	1721	151	513	1721	0	221110	0	-8	1633	131	1268	7915ae485b745c374fa430e381e4848acae8c9192a28a7c5c193d5c69f8c819c
bd2dh.Ani	183	0x0006E267	1268	1256	1633	1621	131	573	1621	0	221090	0	-8	1672	130	1326	66447aad19345d1eac19a121e328534f9e997f19783f464aaa20fde4230a3cf7
bd2dh.Ani	184	0x0006E75B	1326	1314	1672	1660	130	620	1660	0	219792	0	-8	1744	151	1328	c868c038b838991ab3db732abcd77b5b2e0166fe50d4d0d5ab2d5220bb8a5367
bd2dh.Ani	185	0x0006EC89	1328	1316	1744	1732	151	524	1732	0	218578	0	-8	1707	139	1317	ed2a117ed4bfa318cea1383e2707633a00a80c195b1e4c897a578c2880764e52
bd2dh.Ani	186	0x0006F1B9	1317	1305	1707	1695	139	583	1695	0	218560	0	-8	1690	147	1278	34addd8454fbc7308cfbf66bed06fe5c1f1aa48e1ac6a648de404db20f0d3977
bd2dh.Ani	187	0x0006F6DE	1278	1266	1690	1678	147	502	1678	0	217260	0	-8	1750	143	1346	053589774153141cd4c966e16d90e99d672ec5db641d3956e2d92cb0a2fe6b11
bd2dh.Ani	188	0x0006FBDC	1346	1334	1750	1738	143	594	1738	0	217308	0	-8	1769	146	1331	2fb5d9d3e27564e513558c02b1243ce375e6cc2b56283b1c85b5c257905111ec
bd2dh.Ani	189	0x0007011E	1331	1319	1769	1757	146	589	1757	0	217308	0	-8	1718	149	1326	7df042568c6ba0c334963e14dcb7e28f47767475a854522cacc7e93ff3b0f358
bd2dh.Ani	190	0x00070651	1326	1314	1718	1706	149	514	1706	0	216012	0	-8	1656	128	1287	a6676d00d9a0f66521dcaa5c2a96ef46af65f9daf263d20d46de6adadc130727
bd2dh.Ani	191	0x00070B7F	1287	1275	1656	1644	128	620	1644	0	217254	0	-8	1752	143	1370	d89346e9e5607c7b9cacd17dbc220cecc3f08659f4ee7f9e66d7629c3cae5cd2
bd2dh.Ani	192	0x00071086	1370	1358	1752	1740	143	596	1740	0	217322	0	-8	1723	140	1318	0fd2d92d04f8da0209e145f687bd7460b3136ce6fe47e936928c9712dbf779b6
bd2dh.Ani	193	0x000715E0	1318	1306	1723	1711	140	591	1711	0	217322	0	-8	1713	136	1329	a0bc882d22e4a0df3e0c39b0a9ace834c1e56abe7038a74c81e5385e1b93aa40
bd2dh.Ani	194	0x00071B06	1329	1317	1713	1701	136	613	1701	0	218568	0	-8	1586	121	1235	34a7416438a3627057a0477ff6dfb957d443f6d817ccfefd003bfebac1d90291
bd2dh.Ani	195	0x00072037	1235	1223	1586	1574	121	606	1574	0	218568	0	-8	1660	143	1296	bbf179380e21e41f6e61973e00c89940f5a15a192431e005d502606d4ebbc430
bd2dh.Ani	196	0x0007250A	1296	1284	1660	1648	143	504	1648	0	218618	0	-8	1714	127	1357	dfd26a6f8bdf5203b53e24cf6c8174498bad398fbb01feb67de444bfed339537
bd2dh.Ani	197	0x00072A1A	1357	1345	1714	1702	127	686	1702	0	219882	0	-8	1724	140	1340	6c81747cd74e8ce6f045ba60d0b0f7a02dbfa9bd6a3403280478edf513178d9b
bd2dh.Ani	198	0x00072F67	1340	1328	1724	1712	140	592	1712	0	219882	0	-8	1608	129	1249	119f393c74f4293cc6120635056fd19a95f85ea6e3afe8f2a6c4df90d91057eb
bd2dh.Ani	199	0x000734A3	1249	1237	1608	1596	129	564	1596	0	219864	0	-8	1730	140	1365	f3b6e102d07fe4a2a5ba7d198af60420d49a104b47c9dcd483c5ac63b928e51a
bd2dh.Ani	200	0x00073984	1365	1353	1730	1718	140	598	1718	0	221194	0	-8	1281	110	993	b387eb6d4c396a7ebfb16b7841f4a69a661343181abe2313e81ecc10fd9a33cf
bd2dh.Ani	201	0x00073ED9	993	981	1281	1269	110	389	1269	0	221194	0	-8	1724	150	1342	f2c9b34a636cb1f0bcf8627fd982f185169473ce6fb758ec14762e34248ceae4
bd2dh.Ani	202	0x000742BA	1342	1330	1724	1712	150	512	1712	0	221174	0	-8	1609	129	1271	dda56b034d102e4389474548490cdc2031e48a390e239593c8e3c634bed38d5a
bd2dh.Ani	203	0x000747F8	1271	1259	1609	1597	129	565	1597	0	221154	0	-8	1494	128	1155	fb2b155ed732483148a0cf730f0dd6b72d1bd3eb3de1a6ca060bd6e7c36d0b5f
bd2dh.Ani	204	0x00074CEF	1155	1143	1494	1482	128	458	1482	0	221200	0	-8	1728	149	1325	ee2ee9a1c93621daf35a0c3b7a5cb1ebb8a518f3ab43ee3c5b24b1e81835218b
bd2dh.Ani	205	0x00075172	1325	1313	1728	1716	149	524	1716	0	221200	0	-8	1723	150	1334	05e525d3f9ff56162ec6b1059120320fac874b9738991e6f2076a537dbda5735
bd2dh.Ani	206	0x0007569F	1334	1322	1723	1711	150	511	1711	0	221182	0	-8	1402	121	1090	42ba9621a4fc03481ed026c22c6e28e657bc4ec6e5a7986fac7eec56fef81474
bd2dh.Ani	207	0x00075BD5	1090	1078	1402	1390	121	422	1390	0	221162	0	-8	1646	141	1312	baabaadb5c0dd42efddd9ab74e2990b4c88c2ebb7bc83df31c6dfe011eecc795
bd2dh.Ani	208	0x00076017	1312	1300	1646	1634	141	506	1634	0	221206	0	-8	1260	108	983	8d778f6ce74cd0a31dc4cf9f7c669baaa2db6511b074c8205aba9ec7b20ad109
bd2dh.Ani	209	0x00076537	983	971	1260	1248	108	384	1248	0	221206	0	-8	1539	128	1201	2ce0360fd7c020aae9fbdc8c065705d0a6c7f170a4b3dfaa71f663bfd274775b
bd2dh.Ani	210	0x0007690E	1201	1189	1539	1527	128	503	1527	0	221186	0	-8	1393	120	1091	c5782e130f384d907e6041e215b89108cec15710528c4fda140a555a35d420a7
bd2dh.Ani	211	0x00076DBF	1091	1079	1393	1381	120	421	1381	0	221164	0	-8	1654	142	1312	9de2a28b5d488ce39bee5433890b82bf9b6edc21cde9012fa6998f5ab81d4722
bd2dh.Ani	212	0x00077202	1312	1300	1654	1642	142	506	1642	0	221208	0	-8	1408	93	1128	033bfb9fec3200751252257175f4965f3546552da6c9a47fc3019cfa7dfc977f
bd2dh.Ani	213	0x00077722	1128	1116	1408	1396	93	652	1396	0	221208	0	-8	1361	86	1143	ab61abf6194c273a52aabf3e9597f6785c39ce8d0e4e5e43b2b795b911605686
bd2dh.Ani	214	0x00077B8A	1143	1131	1361	1349	86	661	1349	0	221188	0	-8	6635	551	5226	1d6456cce579904182c2c316c30a6613ad738e6d5f85fb164221a5022c605416
bd2dh.Ani	215	0x00078001	5226	5214	6635	6623	551	2215	6623	0	285252	0	-8	6617	492	5547	20d144dfc68333125747f03a762b359a88c881882b8e2fbc252c055d8bd7db30
bd2dh.Ani	216	0x0007946B	5547	5535	6617	6605	492	2669	6605	0	285252	0	-8	6977	573	5563	db90bb2e3469dc41e761312d4aae9a59a5388b4991cfbfa1e38690ee143cc7bd
bd2dh.Ani	217	0x0007AA16	5563	5551	6977	6965	573	2381	6965	0	285252	0	-8	7782	658	6078	c2b98544b617faccdd95483c2589178de52b55a058a4c78ea98534c64fe39156
bd2dh.Ani	218	0x0007BFD1	6078	6066	7782	7770	658	2506	7770	0	285250	0	-8	7769	643	6092	ddfcbc456edcffe6c1985f7c933582753facc33ad2532e25d67e715c9be595c7
bd2dh.Ani	219	0x0007D78F	6092	6080	7769	7757	643	2613	7757	0	285252	0	-8	8538	756	6281	5641fe05ae87c91d486abb36dbd002e299eb027967991d37a1347f5a1b7759ff
bd2dh.Ani	220	0x0007EF5B	6281	6269	8538	8526	756	2478	8526	0	285252	0	-8	7134	575	5202	41843d0d578f716b73be80df2b5080d786ee8c530b3c399053aa103501229012
bd2dh.Ani	221	0x000807E4	5202	5190	7134	7122	575	2522	7122	0	285252	0	-8	6787	591	4676	449c31b5649faff3852c2a3bdd19d9229d7b4357c82498c863a0a554f390d253
bd2dh.Ani	222	0x00081C36	4676	4664	6787	6775	591	2047	6775	0	285252	0	-8	5782	425	3765	ce875e154fc21c85b366d9c8dd4d94eb1deca9ac8e65c8a69b570ed73ca5d3bf
bd2dh.Ani	223	0x00082E7A	3765	3753	5782	5770	425	2370	5770	0	285252	0	-8	5884	528	3363	bad25dedd30157056bdcbd3ad86fa62364411127c7a4cd4480f73ef800b38f2d
bd2dh.Ani	224	0x00083D2F	3363	3351	5884	5872	528	1648	5872	0	285252	0	-8	12	0	12	37f92b09d9dd086dcd56e44ea97d62773215d044bccd2e41d66da8c942cff0a8
bd2dh.Ani	225	0x00084A52	12	0	12	0	0	0	0	0	0	skipped_when_size_minus_12_is_zero	unsafe_12_byte_metadata_plus_stale_scratch_tail	12	0	12	e3b0c44298fc1c149afbf4c8996fb92427ae41e4649b934ca495991b7852b855
bd2dh.Ani	226	0x00084A5E	12	0	12	0	0	0	0	0	0	skipped_when_size_minus_12_is_zero	unsafe_12_byte_metadata_plus_stale_scratch_tail	12	0	12	e3b0c44298fc1c149afbf4c8996fb92427ae41e4649b934ca495991b7852b855
bd2dh.Ani	227	0x00084A6A	12	0	12	0	0	0	0	0	0	skipped_when_size_minus_12_is_zero	unsafe_12_byte_metadata_plus_stale_scratch_tail	12	0	12	e3b0c44298fc1c149afbf4c8996fb92427ae41e4649b934ca495991b7852b855
bd2dh.Ani	228	0x00084A76	12	0	12	0	0	0	0	0	0	skipped_when_size_minus_12_is_zero	unsafe_12_byte_metadata_plus_stale_scratch_tail	12	0	12	e3b0c44298fc1c149afbf4c8996fb92427ae41e4649b934ca495991b7852b855
bd2dh.Ani	229	0x00084A82	12	0	12	0	0	0	0	0	0	skipped_when_size_minus_12_is_zero	unsafe_12_byte_metadata_plus_stale_scratch_tail	12	0	12	e3b0c44298fc1c149afbf4c8996fb92427ae41e4649b934ca495991b7852b855
bd2dh.Ani	230	0x00084A8E	12	0	12	0	0	0	0	0	0	skipped_when_size_minus_12_is_zero	unsafe_12_byte_metadata_plus_stale_scratch_tail	12	0	12	e3b0c44298fc1c149afbf4c8996fb92427ae41e4649b934ca495991b7852b855
bd2dh.Ani	231	0x00084A9A	12	0	12	0	0	0	0	0	0	skipped_when_size_minus_12_is_zero	unsafe_12_byte_metadata_plus_stale_scratch_tail	12	0	12	e3b0c44298fc1c149afbf4c8996fb92427ae41e4649b934ca495991b7852b855
bd2dh.Ani	232	0x00084AA6	12	0	12	0	0	0	0	0	0	skipped_when_size_minus_12_is_zero	unsafe_12_byte_metadata_plus_stale_scratch_tail	12	0	12	e3b0c44298fc1c149afbf4c8996fb92427ae41e4649b934ca495991b7852b855
bd2dh.Ani	233	0x00084AB2	12	0	12	0	0	0	0	0	0	skipped_when_size_minus_12_is_zero	unsafe_12_byte_metadata_plus_stale_scratch_tail	0	117463967	4607	e3b0c44298fc1c149afbf4c8996fb92427ae41e4649b934ca495991b7852b855
combat01.Ani	1	0x00000024	243255	243243	307220	307208	1	307200	307208	0	614400	0	-8	48	4	50	ccfd6f03a097e2f344835dead6a26f4c360ad5a00c5fcc398c1585ee2f71ed80
combat01.Ani	2	0x0003B65B	50	38	48	36	4	4	36	0	320664	0	-8	12	0	12	7f0e73615a9c1f42183a51710aaed120551c77620d3240f8ed63befc94f6490f
combat01.Ani	3	0x0003B68D	12	0	12	0	0	0	0	0	0	skipped_when_size_minus_12_is_zero	unsafe_12_byte_metadata_plus_stale_scratch_tail	12	0	12	e3b0c44298fc1c149afbf4c8996fb92427ae41e4649b934ca495991b7852b855
combat01.Ani	4	0x0003B699	12	0	12	0	0	0	0	0	0	skipped_when_size_minus_12_is_zero	unsafe_12_byte_metadata_plus_stale_scratch_tail	12	0	12	e3b0c44298fc1c149afbf4c8996fb92427ae41e4649b934ca495991b7852b855
combat01.Ani	5	0x0003B6A5	12	0	12	0	0	0	0	0	0	skipped_when_size_minus_12_is_zero	unsafe_12_byte_metadata_plus_stale_scratch_tail	83	7	84	e3b0c44298fc1c149afbf4c8996fb92427ae41e4649b934ca495991b7852b855
combat01.Ani	6	0x0003B6B1	84	72	83	71	7	15	71	0	268166	0	-8	3566	233	2705	473ec35ce6686ae3d9f1508f6d9b1bb5383e89eb2366279ba487071c7ee132f3
combat01.Ani	7	0x0003B705	2705	2693	3566	3554	233	1690	3554	0	336030	0	-8	12	0	12	c47ce4790919ab98de1075fee2370dc09bc67d3ec3edc7a76396e94b86f23044
combat01.Ani	8	0x0003C196	12	0	12	0	0	0	0	0	0	skipped_when_size_minus_12_is_zero	unsafe_12_byte_metadata_plus_stale_scratch_tail	720	61	513	e3b0c44298fc1c149afbf4c8996fb92427ae41e4649b934ca495991b7852b855
combat01.Ani	9	0x0003C1A2	513	501	720	708	61	220	708	0	500482	0	-8	2215	140	1405	520af3e98d15564c7193b0d7bd1d0528dd6a0b238f8ead6cf5c39084bfacdc80
combat01.Ani	10	0x0003C3A3	1405	1393	2215	2203	140	1083	2203	0	578562	0	-8	4063	228	2588	64d6dda2325d781dc279c95e1f7cab52bf92793a9a8195eb55f775fe17423b41
combat01.Ani	11	0x0003C920	2588	2576	4063	4051	228	2227	4051	0	578562	0	-8	6932	381	4354	b0b47a8c79b507c433261e376e176bfb26c75cee3c204d6a4a515fba3091fb37
combat01.Ani	12	0x0003D33C	4354	4342	6932	6920	381	3872	6920	0	613414	0	-8	9437	484	6004	44bcfa12b69c5aeccdc15dfd0acf259157d5349f4db8e65ad6b6e7f8de8448b5
combat01.Ani	13	0x0003E43E	6004	5992	9437	9425	484	5553	9425	0	613586	0	-8	12625	630	7926	4036a85878bd8dfb04871abe9b2a47c0857d4abe4348c8c2ef397b162e2d8797
combat01.Ani	14	0x0003FBB2	7926	7914	12625	12613	630	7573	12613	0	613612	0	-8	15494	721	9617	bf58d502d0adad1b3de79dad9135ebf34ccdcd672eb0e1e23f92c968a6014f16
combat01.Ani	15	0x00041AA8	9617	9605	15494	15482	721	9714	15482	0	613628	0	-8	19740	978	12531	7ff4a053c6fb4a78f2d1725237956fa842197f11e36769af8a6ecb71d23d7264
combat01.Ani	16	0x00044039	12531	12519	19740	19728	978	11904	19728	0	613636	0	-8	23140	1091	13999	97b45ee66d1536b4c8a12284ed1eddb515910996691c188f43b59d5f7f66feaa
combat01.Ani	17	0x0004712C	13999	13987	23140	23128	1091	14400	23128	0	613652	0	-8	27181	1297	16572	58e0dc415629f48f8af4804ae2caa6d004779700425d7d9f464cffe6500c43f6
combat01.Ani	18	0x0004A7DB	16572	16560	27181	27169	1297	16793	27169	0	613706	0	-8	31661	1532	19233	dda56b5a0f3587e082f9e7dd82866e1dd370e74e6dc0f8d300346852b4e53ece
combat01.Ani	19	0x0004E897	19233	19221	31661	31649	1532	19393	31649	0	613854	0	-8	36562	1713	22516	5fb10ae74663e1c5784cfe29cff3888173a01f231f10f9e01819c76058813085
combat01.Ani	20	0x000533B8	22516	22504	36562	36550	1713	22846	36550	0	613870	0	-8	41014	1953	25213	62a3f4b92ce398109dd85d200d234c22ca1ee9f5a81b6fad6ebb63beb316d46f
combat01.Ani	21	0x00058BAC	25213	25201	41014	41002	1953	25378	41002	0	613896	0	-8	45047	2093	27470	cc295d3849406112586f905464b01f7bfd90de1bb45d30042ebc961ca396b6f6
combat01.Ani	22	0x0005EE29	27470	27458	45047	45035	2093	28291	45035	0	614062	0	-8	50192	2352	30583	13d10c1b73c9c0f62a5ca015fbacfff4cb904fdd98faf73cbc376b60013f44bc
combat01.Ani	23	0x00065977	30583	30571	50192	50180	2352	31364	50180	0	614074	0	-8	55214	2574	33719	4b21c1e38589137bc17a409744fc5d4905c0425bdc618545ee8bb04a7f833709
combat01.Ani	24	0x0006D0EE	33719	33707	55214	55202	2574	34610	55202	0	614106	0	-8	59772	2770	36250	5a9ef5b89cabbd5f048c68afab826118c8393b35d7a781a8f81091b28a39c0ae
combat01.Ani	25	0x000754A5	36250	36238	59772	59760	2770	37600	59760	0	614178	0	-8	65068	3042	40010	f7561086f4b152c8278e9b4f5c9be55ba4a15c237a7ff72a2ca64eb309785ef8
combat01.Ani	26	0x0007E23F	40010	39998	65068	65056	3042	40720	65056	0	614190	0	-8	59186	2583	36628	d977e2c583d4d5cb8dc3523409c5e9e2ea9fcc2c0f75782a064a794a736f93f1
combat01.Ani	27	0x00087E89	36628	36616	59186	59174	2583	38510	59174	0	614250	0	-8	56130	2572	34579	196c3d5ed63fe1ec94159b67d13f03d0e45618b59c47de3e74aedc021842335a
combat01.Ani	28	0x00090D9D	34579	34567	56130	56118	2572	35542	56118	0	614250	0	-8	52176	2377	31673	4f6dd32e3b7a803b781ae2e8b83635b25998b29ba43a75424ea07716d3981d6e
combat01.Ani	29	0x000994B0	31673	31661	52176	52164	2377	33148	52164	0	614268	0	-8	45431	2167	27844	7f71cdf47a01e7211c20b05069432fdd3315741b6647b4aee9f4460ba1ea28cb
combat01.Ani	30	0x000A1069	27844	27832	45431	45419	2167	28083	45419	0	614268	0	-8	35986	1665	22373	9c59421348bcdfecc2ac940931c9cc3fe468ba8d76a845599a572cd911878f95
combat01.Ani	31	0x000A7D2D	22373	22361	35986	35974	1665	22654	35974	0	613842	0	-8	30256	1410	18868	c527151c4385956e5d9813333275f5183d55da7349f6f7a3d7eb8ccb716cfd8d
combat01.Ani	32	0x000AD492	18868	18856	30256	30244	1410	18964	30244	0	613856	0	-8	29413	1363	18310	a07683d43eed336993c65c39cb03a66b5a0ded5a537b9d0118097576e1fb0d39
combat01.Ani	33	0x000B1E46	18310	18298	29413	29401	1363	18497	29401	0	613486	0	-8	22360	1019	14199	df07dd20d14766fe2bd48d6b15cbf56bfdbbdeac943d1ee770e042c04882036a
combat01.Ani	34	0x000B65CC	14199	14187	22360	22348	1019	14196	22348	0	613500	0	-8	15695	751	10068	a24cd93bf5212dad7ada537b22d7f8cf82a4edff8571c9aa58f839138be6af93
combat01.Ani	35	0x000B9D43	10068	10056	15695	15683	751	9675	15683	0	613500	0	-8	8744	407	5567	98be780d3f90c88d15d31244d6d4bf33225ff4b89b7816a90990642685884e93
combat01.Ani	36	0x000BC497	5567	5555	8744	8732	407	5476	8732	0	613268	0	-8	1805	99	1300	e3408ef86d5901f0d67b38cf22cba9914fcc732d3c7fe41e20db030e1e24439e
combat01.Ani	37	0x000BDA56	1300	1288	1805	1793	99	1001	1793	0	613298	0	-8	1995	105	1411	c7d42808b2c5011497dbbeeae01caf28337ebb54e227ef5e0420d53b3593abee
combat01.Ani	38	0x000BDF6A	1411	1399	1995	1983	105	1143	1983	0	613308	0	-8	12	0	12	0cf9f6344b918c8818481f0bbdcf3e87e9af86ce3c2524129ac9dfa90c940864
combat01.Ani	39	0x000BE4ED	12	0	12	0	0	0	0	0	0	skipped_when_size_minus_12_is_zero	unsafe_12_byte_metadata_plus_stale_scratch_tail	12	0	12	e3b0c44298fc1c149afbf4c8996fb92427ae41e4649b934ca495991b7852b855
combat01.Ani	40	0x000BE4F9	12	0	12	0	0	0	0	0	0	skipped_when_size_minus_12_is_zero	unsafe_12_byte_metadata_plus_stale_scratch_tail	3233	206	2475	e3b0c44298fc1c149afbf4c8996fb92427ae41e4649b934ca495991b7852b855
combat01.Ani	41	0x000BE505	2475	2463	3233	3221	206	1573	3221	0	293870	0	-8	3422	252	2314	c33a5d89c68e3780b02ff20b19c2dc939440d291f9bfcc8fe56910627cd8519d
combat01.Ani	42	0x000BEEB0	2314	2302	3422	3410	252	1394	3410	0	293862	0	-8	6966	491	5032	f5aad44ff76839765dada15ea58e8fae3070a5dda24c7bac56a8aa7b0be7933c
combat01.Ani	43	0x000BF7BA	5032	5020	6966	6954	491	3026	6954	0	336030	0	-8	7040	491	5075	40fcebaa23e5923a8f89bf5ee4ce1262fac7506aabf344cd89a608c2ac1870c3
combat01.Ani	44	0x000C0B62	5075	5063	7040	7028	491	3100	7028	0	336028	0	-8	6730	409	4982	ccedea98ce40881a24373f620d1cfab15ab761c7581b4e84676c0fe7f477d6df
combat01.Ani	45	0x000C1F35	4982	4970	6730	6718	409	3446	6718	0	356562	0	-8	6780	403	5316	54cbae5b0a4b45d76f5618fb22a315c9e8b9c06ef3e5133c0c98e845e92c2d1a
combat01.Ani	46	0x000C32AB	5316	5304	6780	6768	403	3544	6768	0	356562	0	-8	3285	211	2562	acded203f9a1151cba60657101aa03433c9192c11ec5d08396e42e9a6f7c3a93
combat01.Ani	47	0x000C476F	2562	2550	3285	3273	211	1585	3273	0	355274	0	-8	3265	182	2300	54c82d43f0fce5fa2ebff8009fe85907c9705e141f912f9209ff815b086c3172
combat01.Ani	48	0x000C5171	2300	2288	3265	3253	182	1797	3253	0	357846	0	-8	12	0	12	75970d16bf42815bf0eb006cbfca43ac4220bbbdaeaccbae3c478ab14824a9ea
combat01.Ani	49	0x000C5A6D	12	0	12	0	0	0	0	0	0	skipped_when_size_minus_12_is_zero	unsafe_12_byte_metadata_plus_stale_scratch_tail	12	0	12	e3b0c44298fc1c149afbf4c8996fb92427ae41e4649b934ca495991b7852b855
combat01.Ani	50	0x000C5A79	12	0	12	0	0	0	0	0	0	skipped_when_size_minus_12_is_zero	unsafe_12_byte_metadata_plus_stale_scratch_tail	425	38	275	e3b0c44298fc1c149afbf4c8996fb92427ae41e4649b934ca495991b7852b855
combat01.Ani	51	0x000C5A85	275	263	425	413	38	109	413	0	126720	0	-8	1818	112	1191	7de873107a25ce2b82a037be48b94a6b6ac32e7cfdac822a326143409dd16605
combat01.Ani	52	0x000C5B98	1191	1179	1818	1806	112	910	1806	0	135680	0	-8	3199	187	2103	aeae0c477c3233e0694b8b72af0da8f9c86876e350db5c237c0a3d94b566ee76
combat01.Ani	53	0x000C603F	2103	2091	3199	3187	187	1691	3187	0	140800	0	-8	4423	212	3136	b0c5f1b9de740a0172d6713abee36064ea99c1a475c97c0c10cb318cb8a29668
combat01.Ani	54	0x000C6876	3136	3124	4423	4411	212	2715	4411	0	145904	0	-8	5296	253	3880	d0ad0cdc0a3f821413caa8e66b404b38cb78c4b131630a814d9e37e96edfd3fb
combat01.Ani	55	0x000C74B6	3880	3868	5296	5284	253	3260	5284	0	151006	0	-8	5744	288	4137	1f97c228dc27ff5c04980edf7f692d53a57c8225860780868ccc16e079709c06
combat01.Ani	56	0x000C83DE	4137	4125	5744	5732	288	3428	5732	0	156110	0	-8	6394	283	4571	4e9e1b38944af405cf80cd571f8ff4ca05c1adea781f3e65995d99fbc4ff5ec6
combat01.Ani	57	0x000C9407	4571	4559	6394	6382	283	4118	6382	0	161210	0	-8	7356	347	5237	f0a66a465359ab4a83f1c7e200bd7310d505ba315bb8f52b254515d2a6338dc8
combat01.Ani	58	0x000CA5E2	5237	5225	7356	7344	347	4568	7344	0	192000	0	-8	8487	414	6119	b76343a1527085ce463bee809e5f7f811c181b35d1bf9959f80e814184d14202
combat01.Ani	59	0x000CBA57	6119	6107	8487	8475	414	5163	8475	0	234240	0	-8	10660	535	7488	1eafc19fce9ee775c6f2c0db4fd9aab573d068babfe7a8ef995656aa46edf597
combat01.Ani	60	0x000CD23E	7488	7476	10660	10648	535	6368	10648	0	247040	0	-8	12185	559	8710	fe7e092f10594a0bf649cebde1f768722aa76a4065c9a91344cee68d1677ef97
combat01.Ani	61	0x000CEF7E	8710	8698	12185	12173	559	7701	12173	0	257280	0	-8	14010	683	9682	240206a9b1a58c31f23a66f2993c56580b8f9ba43cfddbbcaf0ef609c341fb9e
combat01.Ani	62	0x000D1184	9682	9670	14010	13998	683	8534	13998	0	264952	0	-8	15503	700	11065	a7991563974c5ed6cfbec4542a755f42b4f48604b7fe7467d101b6855ba8d043
combat01.Ani	63	0x000D3756	11065	11053	15503	15491	700	9891	15491	0	273894	0	-8	16930	763	11796	36fbc56efcc4c2d2136c3d126ab89cda85fa3f50b36662b70de3876718ef54c3
combat01.Ani	64	0x000D628F	11796	11784	16930	16918	763	10814	16918	0	281558	0	-8	18859	880	13188	a6f012d0de2dcabb5354c5469c5258f729183632225d082ee60c0223081b3e03
combat01.Ani	65	0x000D90A3	13188	13176	18859	18847	880	11807	18847	0	289222	0	-8	21054	992	14297	cab7fa6a5e76fa2a7ad6c96f91016824411cc54cc2c20d4d16ed15e8fd38a0df
combat01.Ani	66	0x000DC427	14297	14285	21054	21042	992	13106	21042	0	320000	0	-8	22620	1062	15615	512e087aa35b96ae8008ca4e0b5418bd86375c4172007f7d2eff90ad67074f71
combat01.Ani	67	0x000DFC00	15615	15603	22620	22608	1062	14112	22608	0	345600	0	-8	25079	1169	16727	262d99a04b5fc7d4c9a728fc5dd19eb384716a566a64d19f3edd1e60fe6328b4
combat01.Ani	68	0x000E38FF	16727	16715	25079	25067	1169	15715	25067	0	355840	0	-8	17708	1020	11915	2e3dbe424304f372953b5235df33dd87952989eff2c9d4ea8a3d155f7e61d90d
combat01.Ani	69	0x000E7A56	11915	11903	17708	17696	1020	9536	17696	0	362240	0	-8	15690	725	10409	f756b255da308dee3ff6e0b655805735ee5a82098200e9670de79bb11ed82fcf
combat01.Ani	70	0x000EA8E1	10409	10397	15690	15678	725	9878	15678	0	368630	0	-8	8842	428	6140	871bbb55987815e9cb0ad4cf6f4a9442a2651e36eefdf5e302045604d68d9389
combat01.Ani	71	0x000ED18A	6140	6128	8842	8830	428	5406	8830	0	252120	0	-8	12	0	12	d7626d4a974e3e48ae63a720c60eec97c8fabd7161b4c516420fc930feabb429
combat01.Ani	72	0x000EE986	12	0	12	0	0	0	0	0	0	skipped_when_size_minus_12_is_zero	unsafe_12_byte_metadata_plus_stale_scratch_tail	34	2	38	e3b0c44298fc1c149afbf4c8996fb92427ae41e4649b934ca495991b7852b855
combat01.Ani	73	0x000EE992	38	26	34	22	2	6	22	0	141798	0	-8	56	4	61	765c79c92b77aa5259162df2dd4b000f30c6e333b9cd53babed7903274b2c035
combat01.Ani	74	0x000EE9B8	61	49	56	44	4	12	44	0	150748	0	-8	34	2	38	4f37e0244401ecf6f6f29e0eb57e4b42ed32438da51b32b8a4726e81730adb5c
combat01.Ani	75	0x000EE9F5	38	26	34	22	2	6	22	0	150748	0	-8	12	0	12	534dd417f5ba819e5644fa1bf19de269473ad88968cda865b97ed449a45d7315
combat01.Ani	76	0x000EEA1B	12	0	12	0	0	0	0	0	0	skipped_when_size_minus_12_is_zero	unsafe_12_byte_metadata_plus_stale_scratch_tail	34	2	38	e3b0c44298fc1c149afbf4c8996fb92427ae41e4649b934ca495991b7852b855
combat01.Ani	77	0x000EEA27	38	26	34	22	2	6	22	0	150748	0	-8	34	2	38	02c91382ec5c600ff8ed9961e1b3e4553ecd0b2d553bb7f15807ebecabad9ebc
combat01.Ani	78	0x000EEA4D	38	26	34	22	2	6	22	0	150748	0	-8	12	0	12	534dd417f5ba819e5644fa1bf19de269473ad88968cda865b97ed449a45d7315
combat01.Ani	79	0x000EEA73	12	0	12	0	0	0	0	0	0	skipped_when_size_minus_12_is_zero	unsafe_12_byte_metadata_plus_stale_scratch_tail	12	0	12	e3b0c44298fc1c149afbf4c8996fb92427ae41e4649b934ca495991b7852b855
combat01.Ani	80	0x000EEA7F	12	0	12	0	0	0	0	0	0	skipped_when_size_minus_12_is_zero	unsafe_12_byte_metadata_plus_stale_scratch_tail	12	0	12	e3b0c44298fc1c149afbf4c8996fb92427ae41e4649b934ca495991b7852b855
combat01.Ani	81	0x000EEA8B	12	0	12	0	0	0	0	0	0	skipped_when_size_minus_12_is_zero	unsafe_12_byte_metadata_plus_stale_scratch_tail	75	6	78	e3b0c44298fc1c149afbf4c8996fb92427ae41e4649b934ca495991b7852b855
combat01.Ani	82	0x000EEA97	78	66	75	63	6	15	63	0	152028	0	-8	75	6	72	3b144e36a65f36c5ed4765768bff2dc73fff226d7594eabdd8c30920cf580790
combat01.Ani	83	0x000EEAE5	72	60	75	63	6	15	63	0	152028	0	-8	4198	299	2953	fe9251e383552a940d2ff0e3ae1efa10c3ade02fea65326ed63f920694a87275
combat01.Ani	84	0x000EEB2D	2953	2941	4198	4186	299	1794	4186	0	218590	0	-8	18692	1155	13124	3141db5983f3171f035a0c0c101b0d625e4e242fd9ca8df889b097dc6c41ca3e
combat01.Ani	85	0x000EF6B6	13124	13112	18692	18680	1155	9440	18680	0	453126	0	-8	95034	6515	61152	5d7012f8969a8f86ce31be50ed7d9e9681987c930571c211cdada451f090525b
combat01.Ani	86	0x000F29FA	61152	61140	95034	95022	6515	42902	95022	0	614264	0	-8	126530	5098	79163	dbdf57a9e642c0fe3bfafaafccacb7e58a9965750171e65dda3cd077feb04b4e
combat01.Ani	87	0x001018DA	79163	79151	126530	126518	5098	85734	126518	0	614264	0	-8	122605	4800	77609	32e5518343d5d21e4e7227ca1710503cbd4b22d87a818248ce773cf597cd7b4d
combat01.Ani	88	0x00114E15	77609	77597	122605	122593	4800	84193	122593	0	613912	0	-8	124752	4803	77749	347eabfe7a04cf4f3ab73d7af372f3aace9db86ff5e7e141f229535983fa0a8b
combat01.Ani	89	0x00127D3E	77749	77737	124752	124740	4803	86316	124740	0	613912	0	-8	126536	4685	79659	ec45b7d8533aac0a0ecae16fe13aff2104f7dec134e6e2b3bf8324c172e6b472
combat01.Ani	90	0x0013ACF3	79659	79647	126536	126524	4685	89044	126524	0	613692	0	-8	127629	4731	80117	5fc08fa1739227320067ecde1cf8f5ca3ac10898a0f185393f7a693cd63fe282
combat01.Ani	91	0x0014E41E	80117	80105	127629	127617	4731	89769	127617	0	613716	0	-8	127512	4754	80636	ebf240a0a94d0b3125990d57c015a9985bdd7ef4c908500f47a31350280213c9
combat01.Ani	92	0x00161D13	80636	80624	127512	127500	4754	89468	127500	0	613716	0	-8	131715	5003	82734	2a7fdc18d1c1113f79b38a33dee93eed3b272d408bb2682255f2c53d7244f9f2
combat01.Ani	93	0x0017580F	82734	82722	131715	131703	5003	91679	131703	0	613492	0	-8	133553	5025	85827	9170ad2b89f240251bf6e2f0993c1eb34896b5eb9e0a6f4c12f7fd4375f360f0
combat01.Ani	94	0x00189B3D	85827	85815	133553	133541	5025	93341	133541	0	613476	0	-8	134409	5203	84986	3e816fa8c6869c41e8f26b8a0c7f755a48c67dd27a896dcedb272a4ab0b0cd30
combat01.Ani	95	0x0019EA80	84986	84974	134409	134397	5203	92773	134397	0	613504	0	-8	136390	5097	87980	8e54eef012ef9ddf7b31ef9c60eb00d87762922e3937a2402e707cde89b3e8c6
combat01.Ani	96	0x001B367A	87980	87968	136390	136378	5097	95602	136378	0	613530	0	-8	138324	5235	87596	58b498d495fa0c592c99b559b92f4cf964058964c80310fcd3b028bd2457f585
combat01.Ani	97	0x001C8E26	87596	87584	138324	138312	5235	96432	138312	0	613548	0	-8	138436	5262	90089	acb925c63a9472600b382ccdc82109c0847826dc560ea33f8930f1b63db32447
combat01.Ani	98	0x001DE452	90089	90077	138436	138424	5262	96328	138424	0	613582	0	-8	133144	4896	85809	8adcede1b6acde4880f7c03ec98b40ad9b047c2d2ee08762ee7ccdd88af0997c
combat01.Ani	99	0x001F443B	85809	85797	133144	133132	4896	93964	133132	0	613610	0	-8	126683	4499	82151	7f45a19625d26252016b4d233faf1b882411b61b7fce76fa772c9f6a5ebd3921
combat01.Ani	100	0x0020936C	82151	82139	126683	126671	4499	90679	126671	0	613610	0	-8	121944	4373	77090	1fffb5e3f0debbbee5e0ded5587c362ffb2350a7408eace32e55e9942ef73fc5
combat01.Ani	101	0x0021D453	77090	77078	121944	121932	4373	86948	121932	0	613640	0	-8	116635	4098	73733	b8fe8a263c4c06ce3f387ae8304021dfd2e29fbc7acd4d461aa09ced07ff821d
combat01.Ani	102	0x00230175	73733	73721	116635	116623	4098	83839	116623	0	613652	0	-8	111121	3852	70627	3a4e30b5949a825d7e14ac77f3b28f4e4b575b84cb5a0dbe68dc0b1d3e424557
combat01.Ani	103	0x0024217A	70627	70615	111121	111109	3852	80293	111109	0	613672	0	-8	109280	3972	69566	5c0a91dd535d18a684c8776d167dc373a9a82fe3e7fdec39a3dc2fce54e93417
combat01.Ani	104	0x0025355D	69566	69554	109280	109268	3972	77492	109268	0	613672	0	-8	114092	4146	71717	af0c5b4af115db86a0a15fd244fde43d83ca68d70f8dc5d81768ebd426f27734
combat01.Ani	105	0x0026451B	71717	71705	114092	114080	4146	80912	114080	0	613826	0	-8	123661	4573	78701	3e659be7a2b5d29aab6fc7b386498b950c3b2e047ca8dc0571a9b09e65d6c77c
combat01.Ani	106	0x00275D40	78701	78689	123661	123649	4573	87065	123649	0	613848	0	-8	130008	5182	83927	6861d0494088c9932ea480091b8f870a8064ce00dd4e7442361c69289f5cf72c
combat01.Ani	107	0x002890AD	83927	83915	130008	129996	5182	88540	129996	0	613878	0	-8	132465	5317	85512	9d59b34f26d6e45f1d3d37b97acff5dc710a36cbc16160f48d49a8f4b31b44ae
combat01.Ani	108	0x0029D884	85512	85500	132465	132453	5317	89917	132453	0	613900	0	-8	136796	5682	86318	b3dab6a6c3c8afb0a58bb976db3af8322c8183b7b3a0a336b42083558f946d42
combat01.Ani	109	0x002B268C	86318	86306	136796	136784	5682	91328	136784	0	613932	0	-8	135750	5611	84668	77e7686a28d1374dedeaee07a046c85dc2006648bf523d1de21737920f11ce83
combat01.Ani	110	0x002C77BA	84668	84656	135750	135738	5611	90850	135738	0	613932	0	-8	139148	5723	88397	9930027ab1bcc68959123348ae455452d062753b36d75204ce5b2439e6fb4fa1
combat01.Ani	111	0x002DC276	88397	88385	139148	139136	5723	93352	139136	0	613950	0	-8	137289	5431	87326	ec8c1563574783ca880d2cd3085549a68cbc72dd5da480928b802159a2455377
combat01.Ani	112	0x002F1BC3	87326	87314	137289	137277	5431	93829	137277	0	613962	0	-8	140529	5320	89531	def55b747f0823fac2f7076baf426528ee7364a970d7f5c81ce74dac8f0556e2
combat01.Ani	113	0x003070E1	89531	89519	140529	140517	5320	97957	140517	0	613964	0	-8	145644	5606	94777	9f8ce44787bedfc5762c6f6d542cbf256bc71d76690ed91b4060a88821685e42
combat01.Ani	114	0x0031CE9C	94777	94765	145644	145632	5606	100784	145632	0	613964	0	-8	142529	5860	93013	9909a5f06f816344fffe0299e70c5def09f4e076a635403069af70c3d0596cfb
combat01.Ani	115	0x003340D5	93013	93001	142529	142517	5860	95637	142517	0	605022	0	-8	145066	6421	96594	71124805369e70ab51ee3c2ed81c4692f8422aa4a9fe9e1037ffaf72bd2b74ea
combat01.Ani	116	0x0034AC2A	96594	96582	145066	145054	6421	93686	145054	0	596082	0	-8	142411	6651	93658	3fd84b1e28e1856d33c815df54a41962eab88892f9e35319d9dfb065e55cff79
combat01.Ani	117	0x0036257C	93658	93646	142411	142399	6651	89191	142399	0	587140	0	-8	137794	6368	89353	2463117d045ddf62bb562283918a80fa9028156816120e569f1547d63246b8ea
combat01.Ani	118	0x00379356	89353	89341	137794	137782	6368	86838	137782	0	579478	0	-8	138127	5900	90857	e32ca630b961fca1949b88b91fc80f84848e5711ce156925713ee51c9cbde2a7
combat01.Ani	119	0x0038F05F	90857	90845	138127	138115	5900	90915	138115	0	571924	0	-8	143494	6321	94488	2d54f45c9b47aab88b778e329dca6daeb1039dd87fe080fe20e0f097f738beaf
combat01.Ani	120	0x003A5348	94488	94476	143494	143482	6321	92914	143482	0	589820	0	-8	146507	7001	97482	bfd52da90d5f12416fea78bcc46b498c8992d715f45ba57ebd63c09886bc9fb7
combat01.Ani	121	0x003BC460	97482	97470	146507	146495	7001	90487	146495	0	608998	0	-8	131918	6170	87768	fa08260b53ddacc605acde4928609913da913c2a1bce6f564c41cda01dada18c
combat01.Ani	122	0x003D412A	87768	87756	131918	131906	6170	82546	131906	0	614106	0	-8	109229	4814	71576	f26f37f6c274bc169443d899df74e6049f19fe145a3fcf191a0b711239742cf5
combat01.Ani	123	0x003E9802	71576	71564	109229	109217	4814	70705	109217	0	614106	0	-8	103173	4232	66893	bb9d9ceed6319326c0d0b5eef3303f15c03691fd2a441532e9c8708dbece8f96
combat01.Ani	124	0x003FAF9A	66893	66881	103173	103161	4232	69305	103161	0	614090	0	-8	114434	5039	75313	3a6c7842c15bc70bb3f664192e96811cb62c0113ce419ad40d1db0e2e759fa3e
combat01.Ani	125	0x0040B4E7	75313	75301	114434	114422	5039	74110	114422	0	614064	0	-8	121834	5558	79616	56f8261a234d65b48fd5438ba692a3730ac89caf346c9dc4e88f812f587c35e2
combat01.Ani	126	0x0041DB18	79616	79604	121834	121822	5558	77358	121822	0	551384	0	-8	109180	5202	71941	10e9c16eba0725fce98bd03446d022ca6f91b74c2d81d84a88d64fa3ec4f2b79
combat01.Ani	127	0x00431218	71941	71929	109180	109168	5202	67552	109168	0	551384	0	-8	98402	4588	65239	2256b30b574a79da2a5487b4159f455219e23b6c80eb921d94c5f9eb36c20ada
combat01.Ani	128	0x00442B1D	65239	65227	98402	98390	4588	61686	98390	0	550098	0	-8	97557	4792	64481	40d56cfdc9d352df8fa5a4b4ee26f89c5769f843e1abbfc4530fadbf7ded3f68
combat01.Ani	129	0x004529F4	64481	64469	97557	97545	4792	59209	97545	0	551178	0	-8	101986	5009	65295	5a41a202fc9fdf09800a6ef510baf33016b376ce7e72cd2f5ae3d3f4bda08ac6
combat01.Ani	130	0x004625D5	65295	65283	101986	101974	5009	61902	101974	0	551178	0	-8	101104	4920	66536	8d423606ea90bf2fb34dcd074d98db47b5c36860f096735b19674a2a0ac5d59a
combat01.Ani	131	0x004724E4	66536	66524	101104	101092	4920	61732	101092	0	553950	0	-8	95717	4963	62378	f0ce42f3d5e4fde001f10acbc1bd812c30e768ac939b2634e4106cb8f5521ade
combat01.Ani	132	0x004828CC	62378	62366	95717	95705	4963	56001	95705	0	565446	0	-8	113209	6401	75413	4f16e2e8c583709699564d2f64bd91dddbef0c12b81829d788bba664a6a88f3c
combat01.Ani	133	0x00491C76	75413	75401	113209	113197	6401	61989	113197	0	576942	0	-8	116030	6412	75668	f42aba50a707112118b7337234d87e14731cd75419b62a9a7dbb2b63cb7509fd
combat01.Ani	134	0x004A430B	75668	75656	116030	116018	6412	64722	116018	0	589718	0	-8	106895	5769	70691	b2d272a4a4fc2aaec3192b10881125319c9f7af8156dc9a589a6e8f35292039f
combat01.Ani	135	0x004B6A9F	70691	70679	106895	106883	5769	60731	106883	0	601214	0	-8	110027	5482	72224	635bbf8bc0f2932426fcf72a696e1aa678130d1b3095a8ee680a38afd2371181
combat01.Ani	136	0x004C7EC2	72224	72212	110027	110015	5482	66159	110015	0	613990	0	-8	107984	5550	70768	d525818879e1d9965ed52dfc5734ac28ea11631ed9eb531791b9c7280dd133ea
combat01.Ani	137	0x004D98E2	70768	70756	107984	107972	5550	63572	107972	0	613990	0	-8	97403	5002	63772	dd9adf134dd5297880d13b5b4c7ec7d2de62511b611770adb20f3c000e074250
combat01.Ani	138	0x004EAD52	63772	63760	97403	97391	5002	57375	97391	0	613980	0	-8	74241	3424	47975	d259900feee27181e7327a80179f89b90e360011229c93882987818246117897
combat01.Ani	139	0x004FA66E	47975	47963	74241	74229	3424	46837	74229	0	613954	0	-8	75714	3474	49429	e492304dc9f6798307750d219c9e761fb770349a248ac9a822e6bd5acf64797d
combat01.Ani	140	0x005061D5	49429	49417	75714	75702	3474	47910	75702	0	613936	0	-8	106571	5611	69437	f8ec910522e7d9cd2ae6f6f683cbb707c376c81b5aadb4a1afea3e797541a667
combat01.Ani	141	0x005122EA	69437	69425	106571	106559	5611	61671	106559	0	613924	0	-8	96739	5371	62310	f811fe0ae2dc66e302738b10b734a618e6855efdaa2e656a9e2a8c862634ab7f
combat01.Ani	142	0x00523227	62310	62298	96739	96727	5371	53759	96727	0	613884	0	-8	76076	4347	50081	df219ce82940cbd493ca3a23561e95e4dbd2a3bf986cd0f279447e9d97debe56
combat01.Ani	143	0x0053258D	50081	50069	76076	76064	4347	41288	76064	0	613856	0	-8	62460	3149	41225	e75acee56a1e1542d7e8b08e7b9732bde1d13e80f6c6b7f6ee3e053ac3fa003b
combat01.Ani	144	0x0053E92E	41225	41213	62460	62448	3149	37256	62448	0	613832	0	-8	82833	4361	54642	5245ab973783cdce6a69981b6638abd26789eb49725afe10f08866aa49ded589
combat01.Ani	145	0x00548A37	54642	54630	82833	82821	4361	47933	82821	0	613796	0	-8	93633	4851	60297	4baea149176c0d928c3df723f46b9338a9b5999dc281b0a439865af5007ea343
combat01.Ani	146	0x00555FA9	60297	60285	93633	93621	4851	54813	93621	0	613324	0	-8	62774	3336	41303	c9515bec83b456584323da8a9e5e252639afb60929e0d0013913d4007df90ecb
combat01.Ani	147	0x00564B32	41303	41291	62774	62762	3336	36074	62762	0	613310	0	-8	52074	2800	34653	bb6d0408ec83b9353e81c2729674ddb2321e0c8810c008cea0b837f49cbcc384
combat01.Ani	148	0x0056EC89	34653	34641	52074	52062	2800	29662	52062	0	613302	0	-8	63137	3275	40962	332b541b8184d21fe787268c76bacedec25c2e282fecbcc07511de1a67220664
combat01.Ani	149	0x005773E6	40962	40950	63137	63125	3275	36925	63125	0	613282	0	-8	64538	3371	41782	d6e1e1ae19e1a615e70ab4c5e45fb4db36d6129acf6704fdd7274ad2fc1b2465
combat01.Ani	150	0x005813E8	41782	41770	64538	64526	3371	37558	64526	0	613270	0	-8	63715	3325	42186	1eac4420a9fd676a1ad39869cf2848be42abc81bc296283ff45f124368044510
combat01.Ani	151	0x0058B71E	42186	42174	63715	63703	3325	37103	63703	0	613248	0	-8	53568	2860	35839	5be3c6fcc14d608f577f58e4c3bd96c3611ecc0bb9141a4f522c0ae4b8c09d02
combat01.Ani	152	0x00595BE8	35839	35827	53568	53556	2860	30676	53556	0	613230	0	-8	62732	3817	41355	43e8fecef6901bdfa97f04c38dd17f6118664abc792d7c3012b02b735546ec0b
combat01.Ani	153	0x0059E7E7	41355	41343	62732	62720	3817	32184	62720	0	613214	0	-8	65808	3832	41860	355bbf4b0a33fc8850b41b01819cc7b2e0a30820ae83205836e0df02fe216f30
combat01.Ani	154	0x005A8972	41860	41848	65808	65796	3832	35140	65796	0	613194	0	-8	0	117463967	1118719	4c7ce6a0614c6582d7f023a0ac99cdac682ac1080e18ac32cd90c4ce7031cbb9
dh2ch3.Ani	1	0x00000024	224614	224602	307220	307208	1	307200	307208	0	614400	0	-8	12	0	12	981824c24fae044d7e64d1bdc4aa2e86d8be93323ce2133c7bd38c859c4184a9
dh2ch3.Ani	2	0x00036D8A	12	0	12	0	0	0	0	0	0	skipped_when_size_minus_12_is_zero	unsafe_12_byte_metadata_plus_stale_scratch_tail	12	0	12	e3b0c44298fc1c149afbf4c8996fb92427ae41e4649b934ca495991b7852b855
dh2ch3.Ani	3	0x00036D96	12	0	12	0	0	0	0	0	0	skipped_when_size_minus_12_is_zero	unsafe_12_byte_metadata_plus_stale_scratch_tail	12	0	12	e3b0c44298fc1c149afbf4c8996fb92427ae41e4649b934ca495991b7852b855
dh2ch3.Ani	4	0x00036DA2	12	0	12	0	0	0	0	0	0	skipped_when_size_minus_12_is_zero	unsafe_12_byte_metadata_plus_stale_scratch_tail	12	0	12	e3b0c44298fc1c149afbf4c8996fb92427ae41e4649b934ca495991b7852b855
dh2ch3.Ani	5	0x00036DAE	12	0	12	0	0	0	0	0	0	skipped_when_size_minus_12_is_zero	unsafe_12_byte_metadata_plus_stale_scratch_tail	12	0	12	e3b0c44298fc1c149afbf4c8996fb92427ae41e4649b934ca495991b7852b855
dh2ch3.Ani	6	0x00036DBA	12	0	12	0	0	0	0	0	0	skipped_when_size_minus_12_is_zero	unsafe_12_byte_metadata_plus_stale_scratch_tail	12	0	12	e3b0c44298fc1c149afbf4c8996fb92427ae41e4649b934ca495991b7852b855
dh2ch3.Ani	7	0x00036DC6	12	0	12	0	0	0	0	0	0	skipped_when_size_minus_12_is_zero	unsafe_12_byte_metadata_plus_stale_scratch_tail	2142	159	1731	e3b0c44298fc1c149afbf4c8996fb92427ae41e4649b934ca495991b7852b855
dh2ch3.Ani	8	0x00036DD2	1731	1719	2142	2130	159	858	2130	0	224180	0	-8	1969	121	1705	1817906c92bee3d398b0839e9a653ef7bdd60be2aae4ef0d0badca228db5380f
dh2ch3.Ani	9	0x00037495	1705	1693	1969	1957	121	989	1957	0	224180	0	-8	1674	99	1450	24cdffa5f5ddb7a21824d3a07400b88f2491c4029c9462aed58db46ef86a97ed
dh2ch3.Ani	10	0x00037B3E	1450	1438	1674	1662	99	870	1662	0	224178	0	-8	1737	109	1486	fb7a68803d28e0578474757e2787f5a160cf74eabaec1c6191ac3343e36cfd71
dh2ch3.Ani	11	0x000380E8	1486	1474	1737	1725	109	853	1725	0	224176	0	-8	1853	111	1561	a1571318d56557653a84ab1f49f6e1663d2044ab4f5ad601792bb11576c06e23
dh2ch3.Ani	12	0x000386B6	1561	1549	1853	1841	111	953	1841	0	224178	0	-8	1878	118	1614	c9583e94fb229e940f1e8558a764d15c62e693ec1c09e319cbf4dbf8dfca4a98
dh2ch3.Ani	13	0x00038CCF	1614	1602	1878	1866	118	922	1866	0	224178	0	-8	1721	107	1467	a2cf2cb7e4e75f4f1e16e7f1a1ce65a27d9f8dab8c7425f7d792f49c5b515822
dh2ch3.Ani	14	0x0003931D	1467	1455	1721	1709	107	853	1709	0	224178	0	-8	1861	130	1490	0aba330b8ce21a1ea6e4bcb2770c14bb77b4fb0ca2fbdd743e5fec7ccff4c6a9
dh2ch3.Ani	15	0x000398D8	1490	1478	1861	1849	130	809	1849	0	224178	0	-8	2038	135	1598	1c871b710052f8fba8441681ecf72899665265b55929f7e3de7b35210f2cfa8a
dh2ch3.Ani	16	0x00039EAA	1598	1586	2038	2026	135	946	2026	0	224180	0	-8	2216	176	1459	b2bd28b2c945d07004a83370eff1c6214dc7fe772d737f1302bae8fd4fdbcabf
dh2ch3.Ani	17	0x0003A4E8	1459	1447	2216	2204	176	796	2204	0	224180	0	-8	2150	179	1693	bee872d63483d2df6e09be49ed6f1d9c9f674d4b883c6d9b99edecdc4c21ecab
dh2ch3.Ani	18	0x0003AA9B	1693	1681	2150	2138	179	706	2138	0	224180	0	-8	1959	152	1567	de75134fc11a34cfdfdb3bf28f9ce4bbd2619469366113b7863c3e827b9becb0
dh2ch3.Ani	19	0x0003B138	1567	1555	1959	1947	152	731	1947	0	224178	0	-8	1898	155	1456	d4ae2ca1290c43efaf27c734510a715c854207d80760368c793996e792165589
dh2ch3.Ani	20	0x0003B757	1456	1444	1898	1886	155	646	1886	0	222872	0	-8	2041	173	1559	9be59cbf8b1c4891d4a439fb259d608ea116dd18054f06c06bffed1f73bfda0f
dh2ch3.Ani	21	0x0003BD07	1559	1547	2041	2029	173	645	2029	0	222874	0	-8	2143	188	1662	aefa8019e767ee4766d908c4820514139a5f86e26f78b86a30b37c52f5099aa4
dh2ch3.Ani	22	0x0003C31E	1662	1650	2143	2131	188	627	2131	0	222874	0	-8	1967	167	1528	0b6f5ccd0af4d8b5004297d43ddf4135b3b45beb330d29882790727d13a6ac58
dh2ch3.Ani	23	0x0003C99C	1528	1516	1967	1955	167	619	1955	0	220348	0	-8	1977	168	1498	0a98f4ea24f8fc1087c6eb4e74689fe1b08cd70b0177f44b16584bad44308e2e
dh2ch3.Ani	24	0x0003CF94	1498	1486	1977	1965	168	621	1965	0	222900	0	-8	2166	162	1636	ee3d8d6fb6ba309a10cedec952fabae69d1a32a64cfc379b133c382952e861ff
dh2ch3.Ani	25	0x0003D56E	1636	1624	2166	2154	162	858	2154	0	222904	0	-8	2136	177	1683	90ebad18065ff9da21826510eeb53aea6fa04ab6160c805098e521bee93aa02f
dh2ch3.Ani	26	0x0003DBD2	1683	1671	2136	2124	177	708	2124	0	222904	0	-8	2000	171	1537	f08e2207f96d4656364f949274e618e82307f7053fa90b7a7a029219f3d7a7bb
dh2ch3.Ani	27	0x0003E265	1537	1525	2000	1988	171	620	1988	0	220352	0	-8	2172	193	1574	2f3b5e1b619bb54d53636ebecab4cf28cec14920ce9473f3cdc2561814ac12db
dh2ch3.Ani	28	0x0003E866	1574	1562	2172	2160	193	616	2160	0	222902	0	-8	2041	173	1554	a3156e66784c9d1ac2e07ce48ee1e79ca11df945dab646a4d9d4b6856e2c12ec
dh2ch3.Ani	29	0x0003EE8C	1554	1542	2041	2029	173	645	2029	0	221600	0	-8	2143	188	1651	f903719c78a82118cf19da716fcccb4bfe31fec615b6087e36b92316754b2650
dh2ch3.Ani	30	0x0003F49E	1651	1639	2143	2131	188	627	2131	0	221600	0	-8	1967	167	1498	2972820112aa555a0bb8a74409975eed5ed26533f7f611015ae92a4e0ad06a3f
dh2ch3.Ani	31	0x0003FB11	1498	1486	1967	1955	167	619	1955	0	219074	0	-8	2100	170	1586	6ff39b6e76495b2d662e9bed37594de70c433d6988bdec5125c7494a8c671595
dh2ch3.Ani	32	0x000400EB	1586	1574	2100	2088	170	728	2088	0	221628	0	-8	2179	164	1627	518db63e0ce1d9dcafbe09a1d86071af576015adef7ce6004bc44b62dda3e9b1
dh2ch3.Ani	33	0x0004071D	1627	1615	2179	2167	164	855	2167	0	221632	0	-8	2171	171	1687	324ad90f3f597a31686de36beab595f0a7ecf38d2dba7d0305d206b133ee5857
dh2ch3.Ani	34	0x00040D78	1687	1675	2171	2159	171	791	2159	0	221606	0	-8	1878	137	1537	7fee330ab96f27c6dbb1b477f8850564e6d96f51d8b6888e40e50a83b590e010
dh2ch3.Ani	35	0x0004140F	1537	1525	1878	1866	137	770	1866	0	221632	0	-8	1898	155	1449	8014e81713171cccf8f136a8630dcfb386f38e8704012295528f614236def28b
dh2ch3.Ani	36	0x00041A10	1449	1437	1898	1886	155	646	1886	0	220328	0	-8	2059	159	1604	3733be5617d46a7f510d44948309953e6e3bfa61fbc3a12c8e31835558455f29
dh2ch3.Ani	37	0x00041FB9	1604	1592	2059	2047	159	775	2047	0	220356	0	-8	2143	188	1677	b2110adc6953dc862d656e8ca246b39e383d50ce56316507918ef6780ebbeea9
dh2ch3.Ani	38	0x000425FD	1677	1665	2143	2131	188	627	2131	0	220332	0	-8	2003	158	1587	4e1d6b8f41d8919e04785c494737ee4b392abbc49bee63b3a17c258d87f53a71
dh2ch3.Ani	39	0x00042C8A	1587	1575	2003	1991	158	727	1991	0	220358	0	-8	2106	171	1651	b8ffb8e86dc312c9fdd148492cde76686741bf3e3e8a46172015bbe43ef9cec7
dh2ch3.Ani	40	0x000432BD	1651	1639	2106	2094	171	726	2094	0	220362	0	-8	2184	162	1692	31de61c7ee2c277534ea66c1f70c5afb6d2263103a9528578bb2dafa00d4faf7
dh2ch3.Ani	41	0x00043930	1692	1680	2184	2172	162	876	2172	0	220362	0	-8	2175	172	1752	1524cae78c3a9885f4a8b11e3f5454188fe1f6e07d6a75dae3eb078ddf59c5e8
dh2ch3.Ani	42	0x00043FCC	1752	1740	2175	2163	172	787	2163	0	219060	0	-8	2038	164	1619	4acdce62159d2918ed0c313e026dde3ba23b5db70750bcc1233fa7b7fb4d7b95
dh2ch3.Ani	43	0x000446A4	1619	1607	2038	2026	164	714	2026	0	219088	0	-8	2172	193	1591	d76db7ea327283656047f2333899582f0309f49b594dfabc0808bdfcc76def32
dh2ch3.Ani	44	0x00044CF7	1591	1579	2172	2160	193	616	2160	0	219088	0	-8	2062	159	1628	3ea98a0b3bc03c22f8ec5ec8867c625f5f84e29424c068c173e4a6f74df56be2
dh2ch3.Ani	45	0x0004532E	1628	1616	2062	2050	159	778	2050	0	217812	0	-8	2143	188	1680	ba64896afff9dd29bd620456a4804d7b0f1e2067093ad03c4b3a4a3d05d51375
dh2ch3.Ani	46	0x0004598A	1680	1668	2143	2131	188	627	2131	0	217788	0	-8	2004	158	1598	69e2eb6bd5ef55c59cd8446f6b5f6e87e0bb67bbe5e8cd200e90f9b8b49a838e
dh2ch3.Ani	47	0x0004601A	1598	1586	2004	1992	158	728	1992	0	217814	0	-8	2101	170	1643	a16d02de5126e27895602410d075f7ccfd3156ef7c4ee638d1c201858a1da55e
dh2ch3.Ani	48	0x00046658	1643	1631	2101	2089	170	729	2089	0	217818	0	-8	2194	166	1687	884f21b02050a9c749a016a2c1d5db5b96136bc81c6b53031c7217b131607992
dh2ch3.Ani	49	0x00046CC3	1687	1675	2194	2182	166	854	2182	0	217822	0	-8	2182	173	1755	de9c4c8930bb02a2e8ff42cbdfa16594ec54a720175d641a31c0d4aa7537ec47
dh2ch3.Ani	50	0x0004735A	1755	1743	2182	2170	173	786	2170	0	217796	0	-8	2039	164	1627	c9822d8f46bdf355ff99d38c3035a0e84f2a7d57c82a281b19707226aae50a20
dh2ch3.Ani	51	0x00047A35	1627	1615	2039	2027	164	715	2027	0	217824	0	-8	1996	166	1512	bb0c7fe8d2bbea1bb3863a24c61303a1ded808c19b0272c4402e45df9f22eeda
dh2ch3.Ani	52	0x00048090	1512	1500	1996	1984	166	656	1984	0	217826	0	-8	2117	167	1672	7b977834c4a3e80daad58d9dc25fd88703ca5fc6242bc3f27d0d7cbca59f8e0f
dh2ch3.Ani	53	0x00048678	1672	1660	2117	2105	167	769	2105	0	217826	0	-8	2225	187	1693	e91e81a0a957eedfdd8b76084283e6c95c012643000d5439537352f1a1b70ab9
dh2ch3.Ani	54	0x00048D00	1693	1681	2225	2213	187	717	2213	0	216550	0	-8	2003	158	1566	bd8694442118edefea88046f54663c9c7d9a51ab5c300017df247200afee7836
dh2ch3.Ani	55	0x0004939D	1566	1554	2003	1991	158	727	1991	0	216552	0	-8	2099	170	1630	50531717d48c624993dbc20345cce1f19a00ca8fc336f117fc9dfd4d5029bf48
dh2ch3.Ani	56	0x000499BB	1630	1618	2099	2087	170	727	2087	0	216556	0	-8	2194	166	1691	7400c2f61b8d9416e26c11440f51543681f78af1cee35f5f83ad22ab502818e7
dh2ch3.Ani	57	0x0004A019	1691	1679	2194	2182	166	854	2182	0	216560	0	-8	2182	173	1747	f455c5060ef7fd848c448ab329413f1f0e12bb03260bb1ab55ad19c54443c441
dh2ch3.Ani	58	0x0004A6B4	1747	1735	2182	2170	173	786	2170	0	216534	0	-8	2038	164	1607	c1abca280215d3e3e292e286d48ab944f8b7706bc30967f386f1756f2ede5613
dh2ch3.Ani	59	0x0004AD87	1607	1595	2038	2026	164	714	2026	0	216562	0	-8	1996	166	1521	aee94ab60686d8d2a96f559d57e6aaeb9bed4d9c34b18a0f4e2c400260f49d63
dh2ch3.Ani	60	0x0004B3CE	1521	1509	1996	1984	166	656	1984	0	216564	0	-8	2066	160	1637	411b90c31c55a0f15139089aa219510f5a3e21bfd375361866c2e8a23c678264
dh2ch3.Ani	61	0x0004B9BF	1637	1625	2066	2054	160	774	2054	0	216566	0	-8	2143	188	1682	bb6b685affe144770b9a01b2f485500aceefa27fea1cb7cf0a3ebc65a2dd26ba
dh2ch3.Ani	62	0x0004C024	1682	1670	2143	2131	188	627	2131	0	216542	0	-8	2003	158	1581	e4633b26d76f69512e6716cb36df4f6dc156b89c91f525c328bc3fdd13f1ef59
dh2ch3.Ani	63	0x0004C6B6	1581	1569	2003	1991	158	727	1991	0	216568	0	-8	2106	171	1650	4dc2e8a263f798cd90b54c54f5c2a9f9f30fa4492f9be57825fd669d638b9231
dh2ch3.Ani	64	0x0004CCE3	1650	1638	2106	2094	171	726	2094	0	216572	0	-8	2155	154	1718	60be6a807a13e5d1f524f739df8b74da66f1c450a3915170c006a3fb4f3dfff5
dh2ch3.Ani	65	0x0004D355	1718	1706	2155	2143	154	911	2143	0	216578	0	-8	2240	171	1805	78c82e85998d7cb0bf8b4888bd7c33a3f8a6d2d784aaf9a0f6a96283ed1acea1
dh2ch3.Ani	66	0x0004DA0B	1805	1793	2240	2228	171	860	2228	0	217858	0	-8	2038	164	1631	a0faeed9e3ee568ddce143be1d4b74dc1e5e135cab5577cbca5b9c0659992869
dh2ch3.Ani	67	0x0004E118	1631	1619	2038	2026	164	714	2026	0	217860	0	-8	1996	166	1530	f7f00efe5a584e19e0bc57cafa68bf943e059509d4759aa07b7faad974325afe
dh2ch3.Ani	68	0x0004E777	1530	1518	1996	1984	166	656	1984	0	217862	0	-8	2073	161	1655	28e38656baaceb91965ed8c78459b90910b28ac0dce009aeb7c6d4ed9f8a193f
dh2ch3.Ani	69	0x0004ED71	1655	1643	2073	2061	161	773	2061	0	217864	0	-8	2142	188	1687	fdbf51f4c2242c076a91d812c5343fc1cf26487b399a0acb750f488d953f4224
dh2ch3.Ani	70	0x0004F3E8	1687	1675	2142	2130	188	626	2130	0	217840	0	-8	2003	158	1604	977e21039ad59a23d1ca5cb764fdcaed4b775029b289c8f8ec6c90a08e1e6dc8
dh2ch3.Ani	71	0x0004FA7F	1604	1592	2003	1991	158	727	1991	0	217866	0	-8	2013	153	1608	e56b749d25896a90d14765a4fc81d17bd4f442e709f4eae8bfadc99a80182298
dh2ch3.Ani	72	0x000500C3	1608	1596	2013	2001	153	777	2001	0	219150	0	-8	2179	164	1693	b4be42c822019ae2bff5903dd3f56c1baf37bca6b139d8fdd21010feef2fdc03
dh2ch3.Ani	73	0x0005070B	1693	1681	2179	2167	164	855	2167	0	219154	0	-8	2189	174	1760	25673be2211135e00082f68b2c5dd42e710d8d92a72e39ab44fc95e9b8f17bab
dh2ch3.Ani	74	0x00050DA8	1760	1748	2189	2177	174	785	2177	0	219128	0	-8	1995	148	1599	639c68e7c8bf3680dafbccc66a4d4fbd5ce5657b58f039985bddd812f97078ea
dh2ch3.Ani	75	0x00051488	1599	1587	1995	1983	148	799	1983	0	219158	0	-8	1996	166	1522	2f30a7ced7dc2395e8d6117ca55ef91651ea269f73f0be4fa5c83428d10ad4da
dh2ch3.Ani	76	0x00051AC7	1522	1510	1996	1984	166	656	1984	0	219160	0	-8	2059	159	1638	f431b8aa471833db89888fed6302129c0aa01eaa9eaec920c11b897e9f1d137a
dh2ch3.Ani	77	0x000520B9	1638	1626	2059	2047	159	775	2047	0	219162	0	-8	2118	192	1601	9710b63da843d47d3070ddf4812bacfd6fb522816877d38619c40763ab6ff39b
dh2ch3.Ani	78	0x0005271F	1601	1589	2118	2106	192	570	2106	0	220442	0	-8	2003	158	1596	d521cd32113e236b22d8d24466edfa73b611f7029c895a9515a6d00ea4ac8da9
dh2ch3.Ani	79	0x00052D60	1596	1584	2003	1991	158	727	1991	0	220444	0	-8	2106	171	1645	59911ce577ec459847d1b8278f6cbde32295eb63d816dd151f01f260cf16e7b0
dh2ch3.Ani	80	0x0005339C	1645	1633	2106	2094	171	726	2094	0	220448	0	-8	2101	148	1651	462801ca332c7c05e190a62839a17986da306190ac00992fa25d4d439a57fa60
dh2ch3.Ani	81	0x00053A09	1651	1639	2101	2089	148	905	2089	0	221732	0	-8	2091	149	1729	b09804ffaf39097c3af2696ca237237d54c088a4e8a1b04847010c0c2b30b017
dh2ch3.Ani	82	0x0005407C	1729	1717	2091	2079	149	887	2079	0	221734	0	-8	2024	162	1614	9660944e4ed02f0251ee4516b836f9608178d90a2287edf42640ac6062fda518
dh2ch3.Ani	83	0x0005473D	1614	1602	2024	2012	162	716	2012	0	221736	0	-8	1931	146	1538	8160d1354566afad6bbe4d61dba583df848e9e95190ffe8037075f8598889958
dh2ch3.Ani	84	0x00054D8B	1538	1526	1931	1919	146	751	1919	0	223018	0	-8	2062	159	1630	4233b0b41f2c448ae5920169f7fa1a85cf0994c2d0725727567f0cf5dab65030
dh2ch3.Ani	85	0x0005538D	1630	1618	2062	2050	159	778	2050	0	223020	0	-8	2227	187	1719	89f7d7f342b0beceeb7d8d6f4b3b98503f2a00e5092cf684b47283a5cf85671b
dh2ch3.Ani	86	0x000559EB	1719	1707	2227	2215	187	719	2215	0	223022	0	-8	1967	167	1544	8111af9cb1655f326729f14bf09707dfd75619ade266f387839f0207eedd10bd
dh2ch3.Ani	87	0x000560A2	1544	1532	1967	1955	167	619	1955	0	220472	0	-8	2014	153	1612	9136eee9e51e354e756881b79e97a48b20ddb1af8c17f2c05549d33a712f3e8c
dh2ch3.Ani	88	0x000566AA	1612	1600	2014	2002	153	778	2002	0	224306	0	-8	2130	151	1682	8aa65254fa1d523ac93c39c0fbb7f116c5a7b383ea5886311c0651c3ec302561
dh2ch3.Ani	89	0x00056CF6	1682	1670	2130	2118	151	910	2118	0	224312	0	-8	2176	172	1750	4b79df3a8b30655150ffbe1603f717dfd0c23616e06569e793ba160896aa7f49
dh2ch3.Ani	90	0x00057388	1750	1738	2176	2164	172	788	2164	0	224286	0	-8	1995	157	1644	2785b65e0147da1b265911fd2ef5208bd62b25e93e7e2aa939218c050fbb92d5
dh2ch3.Ani	91	0x00057A5E	1644	1632	1995	1983	157	727	1983	0	225594	0	-8	1996	166	1521	98706ea58f3131eb89e775b5ecd3d445db498fb445e66f60dee41fb8ab308551
dh2ch3.Ani	92	0x000580CA	1521	1509	1996	1984	166	656	1984	0	225596	0	-8	2139	159	1686	fc45994894a585723bb58563c993f26dcd31383b7b62c76b15bf70c5bbf8ddd7
dh2ch3.Ani	93	0x000586BB	1686	1674	2139	2127	159	855	2127	0	226880	0	-8	2144	188	1689	748b4ccbc053efb2e91a9d79b9b2cf99a3951ba2d266712a5ad422a990aff888
dh2ch3.Ani	94	0x00058D51	1689	1677	2144	2132	188	628	2132	0	226856	0	-8	2079	166	1678	9c415174c1877832215a5376ff62da7eca12d9a2597234765eef444dc1a9c931
dh2ch3.Ani	95	0x000593EA	1678	1666	2079	2067	166	739	2067	0	228162	0	-8	1959	142	1615	094365266c3c6b81a7175b16994d8b556f018454e9dc9b8bf8ca0c5e250b1cbc
dh2ch3.Ani	96	0x00059A78	1615	1603	1959	1947	142	811	1947	0	228168	0	-8	2101	149	1658	e0c1a422a05212221843fadad7c9ab3f190d789fce08877182ff1879a859c676
dh2ch3.Ani	97	0x0005A0C7	1658	1646	2101	2089	149	897	2089	0	229452	0	-8	2176	172	1787	4ca38e0a2c74d95d6dc03e8eecf78b7afbf289d73ce5c77476b9fdcf9da20c47
dh2ch3.Ani	98	0x0005A741	1787	1775	2176	2164	172	788	2164	0	229426	0	-8	1996	157	1624	1bf28031cabf683ae22cb00e696c471c838d5b9f925fb3956b0da8c70f5b1963
dh2ch3.Ani	99	0x0005AE3C	1624	1612	1996	1984	157	728	1984	0	230734	0	-8	1930	147	1529	9ef9b0a5692004993aed97a61cba0a79b5c119c30b27b6be55f29ebe9031acc3
dh2ch3.Ani	100	0x0005B494	1529	1517	1930	1918	147	742	1918	0	230738	0	-8	2102	160	1666	916719b6d5da9c754dc5071af8e44dd41b0939db828a1c564c529f5c64f82bdc
dh2ch3.Ani	101	0x0005BA8D	1666	1654	2102	2090	160	810	2090	0	232020	0	-8	2226	187	1725	3b92e9c18a0809b158f2df58fd82909a5e02dd651e68e273300b3e54b9574c19
dh2ch3.Ani	102	0x0005C10F	1725	1713	2226	2214	187	718	2214	0	232022	0	-8	2079	166	1677	44238b24a6bfa03cbd4523ed06831cab2846fa99139d2bd0cc50fa1958d18fc1
dh2ch3.Ani	103	0x0005C7CC	1677	1665	2079	2067	166	739	2067	0	233304	0	-8	1959	142	1613	41b7d196f2ce71a4ea0bbb2c1a58278cc2b92cdb5260c0b60dba37306af20638
dh2ch3.Ani	104	0x0005CE59	1613	1601	1959	1947	142	811	1947	0	233310	0	-8	2101	149	1654	37c4f9ca48b0b8fbdba0ba5b774ab91876ad7bf4e5a753b101b56197b5d55d58
dh2ch3.Ani	105	0x0005D4A6	1654	1642	2101	2089	149	897	2089	0	234594	0	-8	2176	172	1766	669c397897e50f3434b9ca77a910fe860027dfd7d7c0ca44fff4354e1480f5b5
dh2ch3.Ani	106	0x0005DB1C	1766	1754	2176	2164	172	788	2164	0	234568	0	-8	1974	144	1609	9222708a18e28eb3217d724fd9ebd9308da53825838fd52e95e173de480eef95
dh2ch3.Ani	107	0x0005E202	1609	1597	1974	1962	144	810	1962	0	235878	0	-8	1996	166	1531	e8b7aa4b6b39f13f3a1473397303535a5f2df9cbb8e32531712def5c4451d216
dh2ch3.Ani	108	0x0005E84B	1531	1519	1996	1984	166	656	1984	0	235880	0	-8	2102	160	1656	8b8766c88e7c3d3e0dd98acce4167b94db1ccbbd8746b66f18a8de535005eab1
dh2ch3.Ani	109	0x0005EE46	1656	1644	2102	2090	160	810	2090	0	237162	0	-8	2205	179	1777	79fd87ea241905dd0d6efdb2ede1617ca5ccd0a91fa5709e7c42dbdfc7341160
dh2ch3.Ani	110	0x0005F4BE	1777	1765	2205	2193	179	761	2193	0	238444	0	-8	2003	158	1599	45b54827158ff0cd247bbd930731b29010af01767d8df88128bdb61fef5b51a3
dh2ch3.Ani	111	0x0005FBAF	1599	1587	2003	1991	158	727	1991	0	238446	0	-8	2013	153	1609	b3889209982cfb3443843518befa5ba12373abd7f879efbc51ebdb4df361078d
dh2ch3.Ani	112	0x000601EE	1609	1597	2013	2001	153	777	2001	0	239730	0	-8	2087	147	1657	94631d66603e79fd228bee9a3565da92d4f72723e4206e89f2f09f4f42b841a9
dh2ch3.Ani	113	0x00060837	1657	1645	2087	2075	147	899	2075	0	241014	0	-8	2083	148	1726	2cbdf8e1b5fecf89bc35e66346c23ce2189c2aa6bbacf292ebe16dcd5e58e385
dh2ch3.Ani	114	0x00060EB0	1726	1714	2083	2071	148	887	2071	0	241016	0	-8	2002	158	1617	6431baa059ba96b8f7ef5d028bdd4d9a58abb30ef15dec1432417f2c8f94a34c
dh2ch3.Ani	115	0x0006156E	1617	1605	2002	1990	158	726	1990	0	242298	0	-8	2002	151	1578	88bd524ed3b8472804aea120a499f65c49e06912fbc92a34c0367b80a48ade0d
dh2ch3.Ani	116	0x00061BBF	1578	1566	2002	1990	151	782	1990	0	243582	0	-8	2063	150	1671	a47c450301f594f681751cce167526337ce61f565426f786ca65ef3bf84aa054
dh2ch3.Ani	117	0x000621E9	1671	1659	2063	2051	150	851	2051	0	243586	0	-8	2118	192	1604	e03b4c33ecba62d1dca67594c8fef24765e5593f480ad381a72d920c5a9c7c05
dh2ch3.Ani	118	0x00062870	1604	1592	2118	2106	192	570	2106	0	244866	0	-8	2079	166	1688	6ed86bd12fb92d417298ecd463200400787095c95743ea200852ee23825344fa
dh2ch3.Ani	119	0x00062EB4	1688	1676	2079	2067	166	739	2067	0	246148	0	-8	2106	171	1657	3ecbf31da616a0f4a379575bd00a2d9219d7a8f62c660dacd4cc44600c3de61f
dh2ch3.Ani	120	0x0006354C	1657	1645	2106	2094	171	726	2094	0	246152	0	-8	2195	157	1741	cf6f086d790e5828e6e11c82b32276f22862e59b1519cdfe966beff9ca850f1b
dh2ch3.Ani	121	0x00063BC5	1741	1729	2195	2183	157	927	2183	0	247438	0	-8	2083	148	1742	b2783d7cf5392aff3ec3618fe147525b4a12a053b4a2675426ab69a288a1bac0
dh2ch3.Ani	122	0x00064292	1742	1730	2083	2071	148	887	2071	0	247440	0	-8	2002	158	1624	3af21d07a0e6b8a39f9b3c987cb59f711c94ebf31f2f8d9d9443f80c58c26e3d
dh2ch3.Ani	123	0x00064960	1624	1612	2002	1990	158	726	1990	0	248722	0	-8	2002	151	1574	f9ac864f19412019414ed74d3c5502a86905901ffa56703fed2d7e924f685ad2
dh2ch3.Ani	124	0x00064FB8	1574	1562	2002	1990	151	782	1990	0	250006	0	-8	2101	160	1668	2ba97d20e2b28cfcf551d30fb2e2ec3f6ba96d28e42fe3a8424855e17c9517c7
dh2ch3.Ani	125	0x000655DE	1668	1656	2101	2089	160	809	2089	0	251288	0	-8	2118	192	1596	1d16a92ae18e9f96c95a33544f75e6c130176f81179c9a8b435476abd88abbdc
dh2ch3.Ani	126	0x00065C62	1596	1584	2118	2106	192	570	2106	0	252568	0	-8	1986	146	1609	df347e4874b66089213ec73ec070788e7ff2bdb78f8f6bb1f66f88b055f9e6f5
dh2ch3.Ani	127	0x0006629E	1609	1597	1986	1974	146	806	1974	0	253852	0	-8	2013	153	1594	e745d92155741e5faadaf69a3166681cea83b4ba2ea36e28e136822360299e5d
dh2ch3.Ani	128	0x000668E7	1594	1582	2013	2001	153	777	2001	0	255136	0	-8	2195	157	1748	8757995904b3a566ffd89445c041989e73dd5dfa33ba927bf387b13e208342b2
dh2ch3.Ani	129	0x00066F21	1748	1736	2195	2183	157	927	2183	0	256422	0	-8	2158	153	1761	24d488f6c66e75b0fabf2a9029acf669d2255fb93df5b96a7aedfe117140c76d
dh2ch3.Ani	130	0x000675F5	1761	1749	2158	2146	153	922	2146	0	257704	0	-8	1995	157	1615	c816d6b7a549749c795ffa1cdf3ac43e75bf573f770b602ecd6b260341fdd6bd
dh2ch3.Ani	131	0x00067CD6	1615	1603	1995	1983	157	727	1983	0	258986	0	-8	2002	151	1565	f6dcb1010ed9fa6b3f39c526fc5668e98295597ba11d930456816bf8d906513f
dh2ch3.Ani	132	0x00068325	1565	1553	2002	1990	151	782	1990	0	260270	0	-8	2138	159	1675	821460e6a15ff7d609826b98095d70bcb64f2fe1754296b5627c84debd80a106
dh2ch3.Ani	133	0x00068942	1675	1663	2138	2126	159	854	2126	0	261554	0	-8	2204	179	1771	ff4852c561c91dde2d854bb5c628d979d02f4f7fc24995d6f985615563831e9d
dh2ch3.Ani	134	0x00068FCD	1771	1759	2204	2192	179	760	2192	0	262836	0	-8	2079	166	1676	3b9442760f39cbcd0963b8512af024a335b7a623dcbe717ab534eaa915169a3f
dh2ch3.Ani	135	0x000696B8	1676	1664	2079	2067	166	739	2067	0	264118	0	-8	2099	159	1674	64a99c3ef77cc173456ec3db3c3cdf285b82ebf3505fc4992ad4afaa7620a6b2
dh2ch3.Ani	136	0x00069D44	1674	1662	2099	2087	159	815	2087	0	265404	0	-8	2195	157	1738	d073d2e43c3bfca8d44ab5b39c319077c009180f4fe4a7971f545200a13f2f94
dh2ch3.Ani	137	0x0006A3CE	1738	1726	2195	2183	157	927	2183	0	266690	0	-8	2227	169	1804	09419bd521b120119670fdf4a2ccffd4d026605bf086826973edafc330c53018
dh2ch3.Ani	138	0x0006AA98	1804	1792	2227	2215	169	863	2215	0	267970	0	-8	1968	143	1599	4a6118865def9be3a8ec9a21a02ac2798329ca63d8dc79281c7e70efb2b44277
dh2ch3.Ani	139	0x0006B1A4	1599	1587	1968	1956	143	812	1956	0	269254	0	-8	2002	151	1565	892c5488bc66904cb8dc29bb1cf33a5a6a8a21a2031d30b03ece88b11ef24ec1
dh2ch3.Ani	140	0x0006B7E3	1565	1553	2002	1990	151	782	1990	0	270538	0	-8	2101	160	1661	994165e8436b977bb01106305385158eee2497070755ec31a8f5ebc5a1f1d1c8
dh2ch3.Ani	141	0x0006BE00	1661	1649	2101	2089	160	809	2089	0	271820	0	-8	2204	179	1773	464145683a7897242ba86336fdd69e481796300304567109c2d6af8c01aeb4ee
dh2ch3.Ani	142	0x0006C47D	1773	1761	2204	2192	179	760	2192	0	273102	0	-8	2079	166	1678	393a0c0c23c051289aa20acaf0d2273fce19921a1253de2ee1e454642a0d113e
dh2ch3.Ani	143	0x0006CB6A	1678	1666	2079	2067	166	739	2067	0	274384	0	-8	2099	159	1666	aef1d84fdd3232e4e0548d1f31fcf62caa38d844863158100313b3cd5672243b
dh2ch3.Ani	144	0x0006D1F8	1666	1654	2099	2087	159	815	2087	0	275670	0	-8	2195	157	1739	a844601065c876a816f92a426b6c2198fab6f1ad56f225106a5ae8b9bf45d5a2
dh2ch3.Ani	145	0x0006D87A	1739	1727	2195	2183	157	927	2183	0	276956	0	-8	2228	169	1796	99e98bdaca0a9cf99a82d2381c88cc08a5aedc1175b555f79b137ff59f7d6ce3
dh2ch3.Ani	146	0x0006DF45	1796	1784	2228	2216	169	864	2216	0	278236	0	-8	1967	143	1597	4d68f98ce08ba24d516b756525e8ac0d13665463f30f7a1b420bd1495f7edb88
dh2ch3.Ani	147	0x0006E649	1597	1585	1967	1955	143	811	1955	0	279520	0	-8	1931	146	1534	b89c7320eaf0dbb04ecb968089ac567cb4d2b1550d873cf3469a5a82ca6e89b5
dh2ch3.Ani	148	0x0006EC86	1534	1522	1931	1919	146	751	1919	0	280802	0	-8	2138	159	1684	5ecf8298cd2a5656f63f2c149d63f1c5829514e2938f7b96c93157e751acb6b7
dh2ch3.Ani	149	0x0006F284	1684	1672	2138	2126	159	854	2126	0	282086	0	-8	2222	182	1779	42f4e423701d2be29ac01ec8fe7d5fee8bc76a61387e682ba374dc731961d868
dh2ch3.Ani	150	0x0006F918	1779	1767	2222	2210	182	754	2210	0	283368	0	-8	2085	166	1696	d17bc049c7a58c04f4abf7632acbc2dfd8e9ab4c93801f752003c30a636ae897
dh2ch3.Ani	151	0x0007000B	1696	1684	2085	2073	166	745	2073	0	284650	0	-8	2099	159	1684	477a566eb2d9f21797f94d0aa2e5170046ed11c91297fcae910edc9975156b27
dh2ch3.Ani	152	0x000706AB	1684	1672	2099	2087	159	815	2087	0	285936	0	-8	2087	147	1654	9038b791b5f845f795d5dab6319fb8a66dda17ba222ee6a3e467d70d14ccd6dc
dh2ch3.Ani	153	0x00070D3F	1654	1642	2087	2075	147	899	2075	0	287220	0	-8	2145	151	1762	545d062de4d5bc93b784ffe4c7f895f31f81803a392a405890192abce34970d5
dh2ch3.Ani	154	0x000713B5	1762	1750	2145	2133	151	925	2133	0	288502	0	-8	1995	157	1634	e2dc41d5e3aa71001d94bd6cf722a399ea64eab2e44d7d0e0b33f4e43fea9ccb
dh2ch3.Ani	155	0x00071A97	1634	1622	1995	1983	157	727	1983	0	289784	0	-8	2007	151	1584	4bfdc9dc9a9f97f15f0c3af68f29e77e85e3b530af157b8a48f5d7424e7a3470
dh2ch3.Ani	156	0x000720F9	1584	1572	2007	1995	151	787	1995	0	291068	0	-8	2115	162	1666	274877d5d227e1ceebac1b9591b637fcce34b13b55a5c38b24f9832f7a76570d
dh2ch3.Ani	157	0x00072729	1666	1654	2115	2103	162	807	2103	0	292350	0	-8	2211	180	1784	caef85ca9aa7c480a58d4e9714736e70e9b8cfb25d0f77759024060d89f0d23f
dh2ch3.Ani	158	0x00072DAB	1784	1772	2211	2199	180	759	2199	0	293632	0	-8	2015	159	1617	96ff9cf239692db3ede12596d912c835bc1ef1aac85637491db8905c376688e7
dh2ch3.Ani	159	0x000734A3	1617	1605	2015	2003	159	731	2003	0	293634	0	-8	2099	159	1682	8555566ff7442602696f3672ceb9d580a332584546bc96c05824837e6b7ed64e
dh2ch3.Ani	160	0x00073AF4	1682	1670	2099	2087	159	815	2087	0	294920	0	-8	2087	147	1666	39563b2e6c31af84a227622901485503a6da21b1c2f93fa85a360e309d8bbb7b
dh2ch3.Ani	161	0x00074186	1666	1654	2087	2075	147	899	2075	0	296204	0	-8	2227	169	1818	5e804473a7d7bdbac6350fb57d2b5e7417b7872feafecd8286e9d906a725753b
dh2ch3.Ani	162	0x00074808	1818	1806	2227	2215	169	863	2215	0	297484	0	-8	1968	143	1605	4eaf3dd6e3159fcf9f5f93c99ba2242b95a91f576e2f6b3dedce4987b84865b4
dh2ch3.Ani	163	0x00074F22	1605	1593	1968	1956	143	812	1956	0	298768	0	-8	2000	166	1544	ccad47c6fe38727189f5c24e0118f00d7141f12a6d5120cf71b73e2f5a16132d
dh2ch3.Ani	164	0x00075567	1544	1532	2000	1988	166	660	1988	0	298770	0	-8	2103	160	1688	7acf2e5a31ab6b35383c20632d015c6c6deec6234d3e7f88d4c7f1c7a73627d3
dh2ch3.Ani	165	0x00075B6F	1688	1676	2103	2091	160	811	2091	0	300052	0	-8	2131	194	1624	214d5eab4f17ca970b4425642589667a35d63194009c2fac5b400f322e3e1dca
dh2ch3.Ani	166	0x00076207	1624	1612	2131	2119	194	567	2119	0	301332	0	-8	2000	148	1631	97956c5cadf66a45e07867ee2d1a982b72592ce7e7d6b2f801321d00b2389fd9
dh2ch3.Ani	167	0x0007685F	1631	1619	2000	1988	148	804	1988	0	301336	0	-8	2013	153	1604	7a4fb90ea01ec41def9e05eda23a6ad3b6bc07d5b3cb1bb20ee1ec6dc026e9ad
dh2ch3.Ani	168	0x00076EBE	1604	1592	2013	2001	153	777	2001	0	302620	0	-8	2159	161	1678	d4a414eda50ff34a58d105c6e680acf276041b2a5a00f676e60145902c7e2534
dh2ch3.Ani	169	0x00077502	1678	1666	2159	2147	161	859	2147	0	302624	0	-8	2141	178	1715	10d7d39b4edfbaf094b3143d0997fb6364153765e1a97a4a800ff55bf05bafd8
dh2ch3.Ani	170	0x00077B90	1715	1703	2141	2129	178	705	2129	0	302624	0	-8	1995	157	1625	50de0f0dadf90775d8cebfeed9eae894a0dd0fddaefc3cfb480f822a1284e3a6
dh2ch3.Ani	171	0x00078243	1625	1613	1995	1983	157	727	1983	0	303904	0	-8	1931	146	1524	a701fadaa433d79e39aa575756bd07e75bc82e07c69d4beeb47b7a9a80181491
dh2ch3.Ani	172	0x0007889C	1524	1512	1931	1919	146	751	1919	0	305186	0	-8	2066	160	1656	21cdf06bc35be1b78d5a33a637490059c3155c5c102c92cb433718bd6920a4e6
dh2ch3.Ani	173	0x00078E90	1656	1644	2066	2054	160	774	2054	0	305188	0	-8	2175	192	1718	c24b1aad87a9a57014f9202eeba70cdfa8ec837fc1c45c9cf5067387e9c88919
dh2ch3.Ani	174	0x00079508	1718	1706	2175	2163	192	627	2163	0	305164	0	-8	2136	172	1703	38d9dc54c8138781e69670598594a277601a3654e404d2ae597ee1393f8f44a8
dh2ch3.Ani	175	0x00079BBE	1703	1691	2136	2124	172	748	2124	0	306470	0	-8	2129	173	1661	baf6d39c02aacf3ed669b40b6e138f58c2794fa4c20d82c777c32722f700f1dd
dh2ch3.Ani	176	0x0007A265	1661	1649	2129	2117	173	733	2117	0	306474	0	-8	2088	146	1670	de65da7560d074203cd53dc1c6fb5480cb682975e70e0b16c94319983c31389e
dh2ch3.Ani	177	0x0007A8E2	1670	1658	2088	2076	146	908	2076	0	307758	0	-8	2155	180	1702	8d2e57de61b3e604ec551dcf6cbb8e6eb7e1a8cc4e61e7fae8af8dcde44f4d46
dh2ch3.Ani	178	0x0007AF68	1702	1690	2155	2143	180	703	2143	0	307758	0	-8	1999	157	1634	48bf6b2251e2733cef500c9388f94c422c73aff7a5868fde862e78bf7a976058
dh2ch3.Ani	179	0x0007B60E	1634	1622	1999	1987	157	731	1987	0	309038	0	-8	1996	166	1521	56f23df13c12d89d2db8c783c8682e4899edfabd01afddbdaac5903471844689
dh2ch3.Ani	180	0x0007BC70	1521	1509	1996	1984	166	656	1984	0	309040	0	-8	2035	157	1602	aa3d17ba00cfd3152d26d6c8d3d1bbe971d1fb917216c1f08cf13460066e97c2
dh2ch3.Ani	181	0x0007C261	1602	1590	2035	2023	157	767	2023	0	310320	0	-8	2143	188	1694	6a94dedc3577c8952c0d99b8bae57f9ffbdeb634ba4bea0c685459d69b8bd357
dh2ch3.Ani	182	0x0007C8A3	1694	1682	2143	2131	188	627	2131	0	310296	0	-8	2003	158	1611	ee6153660ff81f1d7bef4e801c2ad62b3824eec9d3856e63910daccf427e2e9e
dh2ch3.Ani	183	0x0007CF41	1611	1599	2003	1991	158	727	1991	0	310322	0	-8	2013	153	1601	7339eee09693664589dd546cfab09a75c1beabef36586502179e035fc311383c
dh2ch3.Ani	184	0x0007D58C	1601	1589	2013	2001	153	777	2001	0	311606	0	-8	2154	160	1666	6a22b4b60763ca6e2448fff5b0571e286c63bbede93502705c7191b4f7181dfd
dh2ch3.Ani	185	0x0007DBCD	1666	1654	2154	2142	160	862	2142	0	311610	0	-8	2170	171	1758	dc2e0ed5b5b13604c29c95b0a2d6f0328638531669ceff12a8d806ebf70fb8b8
dh2ch3.Ani	186	0x0007E24F	1758	1746	2170	2158	171	790	2158	0	311584	0	-8	1946	175	1485	75120e310a0fea748c0d116070c99517522aa6a9dcd59d635ba54833640134eb
dh2ch3.Ani	187	0x0007E92D	1485	1473	1946	1934	175	534	1934	0	312890	0	-8	1996	166	1518	545deb08f140ac0f0c8eefe191abae11a46bc911d94a370736edc3b8a454b8ed
dh2ch3.Ani	188	0x0007EEFA	1518	1506	1996	1984	166	656	1984	0	312892	0	-8	2066	160	1632	a4d2ff4131f9eb15413d0f79ae7a8bdfe7a34fbba89e54fb07d6b371a8d58896
dh2ch3.Ani	189	0x0007F4E8	1632	1620	2066	2054	160	774	2054	0	312894	0	-8	2089	169	1672	f63746ad0910995e6d0e4e792160d71fb36274690c139af5d359ce96b9e88f4c
dh2ch3.Ani	190	0x0007FB48	1672	1660	2089	2077	169	725	2077	0	312894	0	-8	2003	158	1611	ff9f8b9000a6d64c6c864fb6d3eeaa2bd249dd072dbf4052eecc81be64efd883
dh2ch3.Ani	191	0x000801D0	1611	1599	2003	1991	158	727	1991	0	312894	0	-8	1977	168	1502	e336c2c1bf9a1c90ca991917f09ae03a8e3730740683485b8b5fad9bde717abc
dh2ch3.Ani	192	0x0008081B	1502	1490	1977	1965	168	621	1965	0	312896	0	-8	2087	147	1661	ddd7b73ac42daf9eae084e622e3e71a2c5b254609c53f0e8262713e59a330d79
dh2ch3.Ani	193	0x00080DF9	1661	1649	2087	2075	147	899	2075	0	314180	0	-8	2170	171	1758	897ad154c82bffc0e7d815fa5c9408b351ff0e007d8abc5b69f7e4a6290a110c
dh2ch3.Ani	194	0x00081476	1758	1746	2170	2158	171	790	2158	0	314154	0	-8	2007	172	1576	d0a3f5ddddee4d163ccd4d5788b04342b2e85d69571e99a03ac355e934929613
dh2ch3.Ani	195	0x00081B54	1576	1564	2007	1995	172	619	1995	0	311630	0	-8	1931	146	1527	18540c496acdecb1f4671eb9f1b2cbb559f0c6dbe263768f41290f40b16c52dd
dh2ch3.Ani	196	0x0008217C	1527	1515	1931	1919	146	751	1919	0	315462	0	-8	2066	160	1651	58218a42d52a8282309b69576f7a6220edb4c33abf41c2531d0dcf0f10416692
dh2ch3.Ani	197	0x00082773	1651	1639	2066	2054	160	774	2054	0	315464	0	-8	2089	169	1680	a8c2d449d10113e8336fb107aba899653b34a7e65bbf2ef7af641806fa95af84
dh2ch3.Ani	198	0x00082DE6	1680	1668	2089	2077	169	725	2077	0	315464	0	-8	2003	158	1615	568c31e782ba4c6da95be11291f58c4c3a869f440728095edad02c287d9b796b
dh2ch3.Ani	199	0x00083476	1615	1603	2003	1991	158	727	1991	0	315464	0	-8	2106	171	1660	c237eee6d869d31a66b311f68ce2c219a7e9f2f7f07d17a2055b3609c181ee03
dh2ch3.Ani	200	0x00083AC5	1660	1648	2106	2094	171	726	2094	0	315468	0	-8	2263	187	1717	c83b1b6308437d4ce0f1d9fff4aa4eaaecf4aa26224ba95f046c2f72560db9c3
dh2ch3.Ani	201	0x00084141	1717	1705	2263	2251	187	755	2251	0	315470	0	-8	2170	171	1775	b46ca5eb82811f4688a1b7bee3fd7af74b7db1a22d6b0400f86337dfa206f261
dh2ch3.Ani	202	0x000847F6	1775	1763	2170	2158	171	790	2158	0	315444	0	-8	1995	157	1622	d0b99bf8455b57440e6def2c0242b15c212c15327b5929676b4d5c882cafe8f1
dh2ch3.Ani	203	0x00084EE5	1622	1610	1995	1983	157	727	1983	0	316752	0	-8	1899	155	1454	43d86502ebf2498b2ab92b0f48834082ebf508e5d62c36cc30f80d0d9297b82f
dh2ch3.Ani	204	0x0008553B	1454	1442	1899	1887	155	647	1887	0	316726	0	-8	2060	159	1640	5e600d865c62de2244c5606807220ac8bff27bb4232c4acc0790f64259f22252
dh2ch3.Ani	205	0x00085AE9	1640	1628	2060	2048	159	776	2048	0	316754	0	-8	2143	188	1697	68cca21b2d5956b0551db1a2f0fc38f99d71422354e8718170e6fc83c37ed3d4
dh2ch3.Ani	206	0x00086151	1697	1685	2143	2131	188	627	2131	0	316730	0	-8	2003	158	1611	3024de1037cd204fa25cdeaa74149d4b8e213a420d3547c9f48eea0f9a9532e2
dh2ch3.Ani	207	0x000867F2	1611	1599	2003	1991	158	727	1991	0	316756	0	-8	2106	171	1652	defc864d5224b2dd908f0e1e60d34191d17356c6fc9a657607801f6462b226c6
dh2ch3.Ani	208	0x00086E3D	1652	1640	2106	2094	171	726	2094	0	316760	0	-8	2094	148	1674	85d42f784830239c61b8c0b2d94a8bbc8f421b5e09c8bc9ede627fa0cf5ac340
dh2ch3.Ani	209	0x000874B1	1674	1662	2094	2082	148	898	2082	0	318044	0	-8	2170	171	1764	2dab1b03b2d5c6794a6fe89c7c82425e56ccb6b4dfddae767c6d6d42b5871546
dh2ch3.Ani	210	0x00087B3B	1764	1752	2170	2158	171	790	2158	0	318018	0	-8	2024	162	1635	a41ae1faa8e735abd7a5cbf7b869d7c6b99c18b32dc2d66834edfe2217df2d05
dh2ch3.Ani	211	0x0008821F	1635	1623	2024	2012	162	716	2012	0	318046	0	-8	1995	166	1525	4be9b98b3f6c722403d86ca7a8f6d1a1a11a073dbe596970f6e656f643a0e601
dh2ch3.Ani	212	0x00088882	1525	1513	1995	1983	166	655	1983	0	318048	0	-8	2059	159	1639	9f3ca935c9c7acd7191f3ebf7be6b0367db32aed70e6b7e123a1687bb07f8f0e
dh2ch3.Ani	213	0x00088E77	1639	1627	2059	2047	159	775	2047	0	318050	0	-8	2143	188	1707	36b3f440c1371ca3d86577cacf2a602497296b61c9b52f99024d7deb7ede0d77
dh2ch3.Ani	214	0x000894DE	1707	1695	2143	2131	188	627	2131	0	318026	0	-8	1986	146	1616	59f3acb396b6c14af71749a9bacf9df4f414e9b23c4499304587f43ad391b704
dh2ch3.Ani	215	0x00089B89	1616	1604	1986	1974	146	806	1974	0	319334	0	-8	1959	142	1619	c4250a1f4e4600098e39f6c08f112e02c3086b04ae3685ea39e2a54f152baf1f
dh2ch3.Ani	216	0x0008A1D9	1619	1607	1959	1947	142	811	1947	0	319340	0	-8	2159	161	1680	6d39f91e80198e54123546e00e6ddfed2828974ad8fea4b9d746dc4dc5083c05
dh2ch3.Ani	217	0x0008A82C	1680	1668	2159	2147	161	859	2147	0	319344	0	-8	2170	171	1752	c487a0a7eab1325b4a4e1da55e4c3cdf074010abbd105368db25334b0bedb71c
dh2ch3.Ani	218	0x0008AEBC	1752	1740	2170	2158	171	790	2158	0	319318	0	-8	1995	148	1605	61bef22088833790bae01d4168e7e2009e5f28d5ce65457c461478b052253fe5
dh2ch3.Ani	219	0x0008B594	1605	1593	1995	1983	148	799	1983	0	319348	0	-8	1996	166	1519	f084fa7185ea4005e45b21a59c7b83aa16d5d975954a3a8d57b3efd282f35b3a
dh2ch3.Ani	220	0x0008BBD9	1519	1507	1996	1984	166	656	1984	0	319350	0	-8	2063	150	1663	72c232a38178720c1ff50859b47658be293c24a7ce83d7762e9f725ff0d011af
dh2ch3.Ani	221	0x0008C1C8	1663	1651	2063	2051	150	851	2051	0	319354	0	-8	2225	187	1719	7f790b9e7803eedc507eef4f6607d80a80cde284dd595459822a32fc6885fb3d
dh2ch3.Ani	222	0x0008C847	1719	1707	2225	2213	187	717	2213	0	319356	0	-8	1998	148	1619	832ad3a86f8faa2287440a314d27234e8ce90f8166f1888b7cb96104aefb3a54
dh2ch3.Ani	223	0x0008CEFE	1619	1607	1998	1986	148	802	1986	0	319360	0	-8	1959	142	1624	f1ef93b6f42c1c2fa8e0fa27f3b8f431b06f3bcf113f1c8800e88c3323067399
dh2ch3.Ani	224	0x0008D551	1624	1612	1959	1947	142	811	1947	0	319366	0	-8	2137	152	1711	b5a7a57af26bb4d8600016b62e2612e1d352f087b6ad6d04b2c76f93370efe56
dh2ch3.Ani	225	0x0008DBA9	1711	1699	2137	2125	152	909	2125	0	319372	0	-8	2089	149	1734	0d5cd5ba515dcdf93867442edfcf870fcb1823e9cf7f238983ac06caf6d7cea4
dh2ch3.Ani	226	0x0008E258	1734	1722	2089	2077	149	885	2077	0	319374	0	-8	1995	148	1596	af9af01a0321b009c4fa9f5ee1da87d09e14ae3dcb86d3e5abd0b8cbc2f54265
dh2ch3.Ani	227	0x0008E91E	1596	1584	1995	1983	148	799	1983	0	319378	0	-8	1933	138	1563	69974a0aa73e7e1bfbf77193d8b53ebec1e6af560dbf5d3309125df08a779a26
dh2ch3.Ani	228	0x0008EF5A	1563	1551	1933	1921	138	817	1921	0	319384	0	-8	2063	150	1665	b99ad3012201b5b3673482695bab7bf545f763403bba1241803cc15f03e1d7d9
dh2ch3.Ani	229	0x0008F575	1665	1653	2063	2051	150	851	2051	0	319388	0	-8	2225	187	1702	410d005f18ef745a5c6b1484f5d21577424970f1718dfb8e009830240208d58e
dh2ch3.Ani	230	0x0008FBF6	1702	1690	2225	2213	187	717	2213	0	319390	0	-8	2005	149	1599	71543d5ba10f7ee851dd97172e180e03de7cd45501fe039458a7b6ad96101524
dh2ch3.Ani	231	0x0009029C	1599	1587	2005	1993	149	801	1993	0	319394	0	-8	2103	155	1683	198d177ed3d4b49dc53a966fb17e24d59ed5ab02dce86ebe045821d549d59403
dh2ch3.Ani	232	0x000908DB	1683	1671	2103	2091	155	851	2091	0	319402	0	-8	2130	151	1707	7a71e1eff5b4993895b7724c603ca26ca8c9aede7bedb2174bd1a7775bcc6bc8
dh2ch3.Ani	233	0x00090F6E	1707	1695	2130	2118	151	910	2118	0	319408	0	-8	2123	147	1740	59342b0e39f18e7b5c1a21b41531378ac4e9c966446b1ffae890808fdc02fe1d
dh2ch3.Ani	234	0x00091619	1740	1728	2123	2111	147	935	2111	0	319412	0	-8	1995	148	1616	359d99d185875b8315e1617994ac13f9580054a295c38c2cfa6f350e6d16059a
dh2ch3.Ani	235	0x00091CE5	1616	1604	1995	1983	148	799	1983	0	319416	0	-8	1933	138	1566	df8c3dcae648b2741d9406e5c204d4bb22d1110a01b6cc3ec77ddf0c72087ca3
dh2ch3.Ani	236	0x00092335	1566	1554	1933	1921	138	817	1921	0	319422	0	-8	2063	150	1682	d9a5f03b1c3b0bc6357eb6aac61f6640f4c591847c694f4d3b33a2b817d64fbb
dh2ch3.Ani	237	0x00092953	1682	1670	2063	2051	150	851	2051	0	319426	0	-8	2225	187	1715	d584f4d274e4a66b594c8c3a74234fbab1c5a68fabf7e342f2f0205b90861ef9
dh2ch3.Ani	238	0x00092FE5	1715	1703	2225	2213	187	717	2213	0	319428	0	-8	2032	144	1673	f7ea3bb737e4ed1259eb973086692ec8a279825155b76b94edbab8f9d57b734a
dh2ch3.Ani	239	0x00093698	1673	1661	2032	2020	144	868	2020	0	319434	0	-8	2050	154	1663	e0496d9976b287377d7ff2d0901c77b9932752fd013d383c5ed7f82ae9868b76
dh2ch3.Ani	240	0x00093D21	1663	1651	2050	2038	154	806	2038	0	319434	0	-8	2155	146	1759	0f16698bd725e4e59881838d36803df9557e8f1003309637b1c73a56a044a1c9
dh2ch3.Ani	241	0x000943A0	1759	1747	2155	2143	146	975	2143	0	318168	0	-8	2095	150	1730	bca77066747411718799e6dff435e13ccf0e16e0fb6b76094e3be096550fc88f
dh2ch3.Ani	242	0x00094A7F	1730	1718	2095	2083	150	883	2083	0	318170	0	-8	1995	148	1614	959099c3324d35c5d8f21300ec16d6606093640e65a4ee1d7de409c9ece33aa5
dh2ch3.Ani	243	0x00095141	1614	1602	1995	1983	148	799	1983	0	318174	0	-8	1933	138	1564	0415980dae6b212a4bba91ba76a9a5d9284af08987500e473a543aecf0b3b831
dh2ch3.Ani	244	0x0009578F	1564	1552	1933	1921	138	817	1921	0	318180	0	-8	2063	150	1666	632b211e442473942b5c25ba3a421142f08b71dc1aac728e3f5b80153d6b7413
dh2ch3.Ani	245	0x00095DAB	1666	1654	2063	2051	150	851	2051	0	318184	0	-8	2225	187	1724	4ba909735fa9662b4edefdc3ed5899d0c95ce366555602d59cafb95131cdbaa7
dh2ch3.Ani	246	0x0009642D	1724	1712	2225	2213	187	717	2213	0	318186	0	-8	1998	148	1608	3b09bdce7e28bafd85a66f6fae64a446a54f951f87f360767d7765b987199785
dh2ch3.Ani	247	0x00096AE9	1608	1596	1998	1986	148	802	1986	0	318190	0	-8	1959	142	1615	0cccc0f9bd78c6f45c07479941f9c039856b35771f4b64ab8a8088dd33f30a65
dh2ch3.Ani	248	0x00097131	1615	1603	1959	1947	142	811	1947	0	318196	0	-8	2007	130	1622	6334d4743c77c17b9a691c490a4640ce573fddeb348a70791807096a4827d90e
dh2ch3.Ani	249	0x00097780	1622	1610	2007	1995	130	955	1995	0	318196	0	-8	2095	150	1730	a109f3c788d0e3a8d00fcc039bd1f5f9ba5307dd95a9bce3fc988e4a6ee699ae
dh2ch3.Ani	250	0x00097DD6	1730	1718	2095	2083	150	883	2083	0	316924	0	-8	2002	149	1629	fa5d30a444e95ba1879d140fd711f3a3df161fcc64e56744ff296164ec6c1c30
dh2ch3.Ani	251	0x00098498	1629	1617	2002	1990	149	798	1990	0	316928	0	-8	1930	147	1544	7ebdf9bb47365ccfe232b3f2ec5573d8faabcc715fd394379fa1820b452244f9
dh2ch3.Ani	252	0x00098AF5	1544	1532	1930	1918	147	742	1918	0	316932	0	-8	2063	150	1686	15979fcde3747b486aeb02f77c23d0dba5c99d094a666dc1198a84ceea097fd4
dh2ch3.Ani	253	0x000990FD	1686	1674	2063	2051	150	851	2051	0	316936	0	-8	2227	187	1734	1207bc394a92c569c507684d33aab37e8547cc2009842826748450356a1668d9
dh2ch3.Ani	254	0x00099793	1734	1722	2227	2215	187	719	2215	0	316938	0	-8	2003	158	1625	367556fcdf0ab2ed37095be2badce39f641194e4812ef1b3af994fa3698771db
dh2ch3.Ani	255	0x00099E59	1625	1613	2003	1991	158	727	1991	0	316940	0	-8	2106	171	1657	1848a5662a7f1a63b44671aa610b324625e16dcb7168f017c3689b7dbc3c93fb
dh2ch3.Ani	256	0x0009A4B2	1657	1645	2106	2094	171	726	2094	0	316944	0	-8	2179	164	1720	bf7feee291b70034285b35d616cdef206a79dcad20764dfddbea7cec9c4f139d
dh2ch3.Ani	257	0x0009AB2B	1720	1708	2179	2167	164	855	2167	0	316948	0	-8	2095	150	1737	c9594762cd3bd7369c04dc3970058c71eebed05cb415d5cee9892d020be70c55
dh2ch3.Ani	258	0x0009B1E3	1737	1725	2095	2083	150	883	2083	0	316950	0	-8	2026	162	1641	a19d2160a4c774ea3f98d37c76a94b58ea1ed19ecc963b2c6d6428026d17a3a4
dh2ch3.Ani	259	0x0009B8AC	1641	1629	2026	2014	162	718	2014	0	316952	0	-8	1996	166	1540	865b7899c96137dba4e7841bb77c417d7e97fb539f22b7c3eca14549551f5a42
dh2ch3.Ani	260	0x0009BF15	1540	1528	1996	1984	166	656	1984	0	316954	0	-8	2059	159	1651	f16fb5d4230cee1967b54e74f439eebd9864a13dc9a2f67b36df1a59b9536c05
dh2ch3.Ani	261	0x0009C519	1651	1639	2059	2047	159	775	2047	0	316956	0	-8	2082	168	1687	2433ee1d3bb9d2e2d83da7e308950dc8cf0b18be3b84d5223c6ea9d33daf58c3
dh2ch3.Ani	262	0x0009CB8C	1687	1675	2082	2070	168	726	2070	0	316956	0	-8	2003	158	1603	edd9dc75eccc9c55750d7f56c1d0d1d109f3048e7892852249f411424b0242e7
dh2ch3.Ani	263	0x0009D223	1603	1591	2003	1991	158	727	1991	0	316956	0	-8	1977	168	1510	6e473b2a9b5a6e2a49db8114683bbf25a8e8e3a8308641b7a52fa80c1991ed83
dh2ch3.Ani	264	0x0009D866	1510	1498	1977	1965	168	621	1965	0	316958	0	-8	2185	165	1706	bf3d6d193fc1a688dbb58a882852f11b2e777e0ea324a737a803f2640455fb5f
dh2ch3.Ani	265	0x0009DE4C	1706	1694	2185	2173	165	853	2173	0	316962	0	-8	2153	180	1701	57bcc6aa859f0d60a9b61ac27b0356716a7e608c391e2bba42378eb526350811
dh2ch3.Ani	266	0x0009E4F6	1701	1689	2153	2141	180	701	2141	0	316962	0	-8	105501	10983	68803	81a80843038e74373e8fcde4a5ed098c91ccc3550e915f51dbb8ac70dff9b383
dh2ch3.Ani	267	0x0009EB9B	68803	68791	105501	105489	10983	17625	105489	0	546526	0	-8	4866	348	3995	17b13fa6f2253de6e1d551967d7dc94a60149f99e1ed4d0441a03802a0f3da61
dh2ch3.Ani	268	0x000AF85E	3995	3983	4866	4854	348	2070	4854	0	328624	0	-8	4819	344	3989	72aed5b9feb32d6457f27977c257f6ce778646c2047ba55cd1916b506364a38c
dh2ch3.Ani	269	0x000B07F9	3989	3977	4819	4807	344	2055	4807	0	328618	0	-8	5063	379	4157	41b6c5e0c8c3d482b1ffa7f1507de2d4e0eed01058c1709abf00535aae63ff38
dh2ch3.Ani	270	0x000B178E	4157	4145	5063	5051	379	2019	5051	0	328624	0	-8	4805	356	3961	ed6dd8af82895b82d8b208cb58ccb564fb8fc850e849107fdbba184c11da91b4
dh2ch3.Ani	271	0x000B27CB	3961	3949	4805	4793	356	1945	4793	0	328624	0	-8	4953	372	4016	b44bf9e20af5758694798f1919e0c45817a6837bedb784dc6122eb80107b7bce
dh2ch3.Ani	272	0x000B3744	4016	4004	4953	4941	372	1965	4941	0	328624	0	-8	4977	378	3864	e72cf30a77a30ec42bed8f648b3368337f7984d715c493353943348482aed8f9
dh2ch3.Ani	273	0x000B46F4	3864	3852	4977	4965	378	1941	4965	0	327346	0	-8	5197	414	3717	9bfdb7e7a754aa73b7ca5c20e51feffd8f5730e0b3ebc7de868e731014964dfa
dh2ch3.Ani	274	0x000B560C	3717	3705	5197	5185	414	1873	5185	0	328624	0	-8	4834	345	3356	f604680f112264d8fbaedd65b749d4f3c81dc8ae7fa1e068ac1bfc4d61f2efbc
dh2ch3.Ani	275	0x000B6491	3356	3344	4834	4822	345	2062	4822	0	328624	0	-8	5117	434	3124	b2a322e41ddd60c312ce86df8700d83a48585fa46003830d2393e29d1f30c097
dh2ch3.Ani	276	0x000B71AD	3124	3112	5117	5105	434	1633	5105	0	328624	0	-8	12	0	12	4064e7ed4c5ca8c786a5f91cc721ea134a934803522734d79bb23873cfc9e79f
dh2ch3.Ani	277	0x000B7DE1	12	0	12	0	0	0	0	0	0	skipped_when_size_minus_12_is_zero	unsafe_12_byte_metadata_plus_stale_scratch_tail	12	0	12	e3b0c44298fc1c149afbf4c8996fb92427ae41e4649b934ca495991b7852b855
dh2ch3.Ani	278	0x000B7DED	12	0	12	0	0	0	0	0	0	skipped_when_size_minus_12_is_zero	unsafe_12_byte_metadata_plus_stale_scratch_tail	12	0	12	e3b0c44298fc1c149afbf4c8996fb92427ae41e4649b934ca495991b7852b855
dh2ch3.Ani	279	0x000B7DF9	12	0	12	0	0	0	0	0	0	skipped_when_size_minus_12_is_zero	unsafe_12_byte_metadata_plus_stale_scratch_tail	12	0	12	e3b0c44298fc1c149afbf4c8996fb92427ae41e4649b934ca495991b7852b855
dh2ch3.Ani	280	0x000B7E05	12	0	12	0	0	0	0	0	0	skipped_when_size_minus_12_is_zero	unsafe_12_byte_metadata_plus_stale_scratch_tail	0	117463967	4607	e3b0c44298fc1c149afbf4c8996fb92427ae41e4649b934ca495991b7852b855
dm2bd.Ani	1	0x00000024	226294	226282	307220	307208	1	307200	307208	0	614400	0	-8	12	0	12	b30bf7854e8bfee6ccced194bc8d4fd785ad9d51dd5007bae4b5f9bc7a660895
dm2bd.Ani	2	0x0003741A	12	0	12	0	0	0	0	0	0	skipped_when_size_minus_12_is_zero	unsafe_12_byte_metadata_plus_stale_scratch_tail	777	61	684	e3b0c44298fc1c149afbf4c8996fb92427ae41e4649b934ca495991b7852b855
dm2bd.Ani	3	0x00037426	684	672	777	765	61	277	765	0	318872	0	-8	871	65	781	20b5a24c6deb524347883d3f264337bc6345b1e655d478c48173af1eec894c85
dm2bd.Ani	4	0x000376D2	781	769	871	859	65	339	859	0	318888	0	-8	897	69	812	d81c4d15fce295563c372045a63a710227ae93abfb90464a5aba0c49075e607e
dm2bd.Ani	5	0x000379DF	812	800	897	885	69	333	885	0	318904	0	-8	916	68	813	9a442116a2dba05cc972b84178956256d67b9047dc8e60b28aeb3c71f474119e
dm2bd.Ani	6	0x00037D0B	813	801	916	904	68	360	904	0	320152	0	-8	912	73	790	c6d760dd186974c8b4bf443186ec87e3bba59350476b5eb98aa37aaf97c577e1
dm2bd.Ani	7	0x00038038	790	778	912	900	73	316	900	0	320152	0	-8	874	63	770	3f6d29d2d426bf33062204315b49df63f498b3e81ab5863f43e3addfa92c0d15
dm2bd.Ani	8	0x0003834E	770	758	874	862	63	358	862	0	318888	0	-8	963	76	833	651d0d21012cf99c2dcf9fa6dfc944b2265ff5023f74a6e6df822428ea3a3ee3
dm2bd.Ani	9	0x00038650	833	821	963	951	76	343	951	0	318910	0	-8	936	68	836	3c009eb26bd55a75256f01a73c017b29eaf1c7f473844b5bed71dd29cbe9844a
dm2bd.Ani	10	0x00038991	836	824	936	924	68	380	924	0	320162	0	-8	843	61	704	29f63821f41dc610bb9e81bf02b24b5f3c0dad539977d3ef77b50bb20d6bc9a6
dm2bd.Ani	11	0x00038CD5	704	692	843	831	61	343	831	0	320162	0	-8	908	66	744	49257c71d246fb7ea1e639ace13aaca3d37d52fd58d00487e19fe02405408a0e
dm2bd.Ani	12	0x00038F95	744	732	908	896	66	368	896	0	321440	0	-8	932	82	751	dca491707d77636bee45f7a77937e02ac7c15968a218108e25b9591ae592ef39
dm2bd.Ani	13	0x0003927D	751	739	932	920	82	264	920	0	320158	0	-8	977	89	770	54d2fa50113f1275dbf5ce13e37d219ed4492cd47bf263b5d0bed741b858c91c
dm2bd.Ani	14	0x0003956C	770	758	977	965	89	253	965	0	320158	0	-8	1115	89	873	8fe8f93c80c7bacefad5804407ff78e884b74bb4fdab959402b3ad8485fbaadf
dm2bd.Ani	15	0x0003986E	873	861	1115	1103	89	391	1103	0	321440	0	-8	601	53	495	79a0e7b1316853590de2395c7e2b5f0af2016f264fd2c8ac11ad8b0eefab86a7
dm2bd.Ani	16	0x00039BD7	495	483	601	589	53	165	589	0	318914	0	-8	1268	121	944	54e810f49a04b2eebe43792161c187da6497de30e3809063e3697474044697fe
dm2bd.Ani	17	0x00039DC6	944	932	1268	1256	121	288	1256	0	318908	0	-8	1238	113	943	63247612bac9c52a1d65bf018f3758a95ad411751db12cd4073a0506580af3f1
dm2bd.Ani	18	0x0003A176	943	931	1238	1226	113	322	1226	0	317628	0	-8	1243	103	955	8ea9220e9c0e25f9508d289caec487b4db12d65874f5d08f6bab04f30114bcdd
dm2bd.Ani	19	0x0003A525	955	943	1243	1231	103	407	1231	0	317626	0	-8	1312	114	1015	925d5ca1f3803890c0247ce0f75badba357b1e8e0743f629311ea11fce13de21
dm2bd.Ani	20	0x0003A8E0	1015	1003	1312	1300	114	388	1300	0	316358	0	-8	1434	137	1062	3ce66e544c3dd6f257a3e58591ebc3fda2531bf3a042283dfc2dd09bc081b9cc
dm2bd.Ani	21	0x0003ACD7	1062	1050	1434	1422	137	326	1422	0	315074	0	-8	766	70	595	44ed448b3a5c753dbcd474a95922faa2351fa5211c07b7301310adc5c5fa6ff8
dm2bd.Ani	22	0x0003B0FD	595	583	766	754	70	194	754	0	315070	0	-8	1420	113	1077	54bbff8d51b5eadab0ac03a74c810ea669e549210722c11cda9199c5ea567bf5
dm2bd.Ani	23	0x0003B350	1077	1065	1420	1408	113	504	1408	0	315070	0	-8	1495	131	1130	4c713b829d604c2b6c09dbfefddbad8243bae8eb03bf610e6716f0e17c6a4840
dm2bd.Ani	24	0x0003B785	1130	1118	1495	1483	131	435	1483	0	312522	0	-8	1433	125	1111	21ff74da996ba1b84c79ef21a53701153e52e84e17fe2eba95ecd9dfee20bb22
dm2bd.Ani	25	0x0003BBEF	1111	1099	1433	1421	125	421	1421	0	311242	0	-8	1109	99	809	9cffd6c9a6558555aee39303cda1c00fea8fefe3987398d4b2f48b8252184c6f
dm2bd.Ani	26	0x0003C046	809	797	1109	1097	99	305	1097	0	311242	0	-8	1533	122	1174	735bf079fdb4aa34e7e1d863bfa20676618ae03fac1a0ac504054b032b391d32
dm2bd.Ani	27	0x0003C36F	1174	1162	1533	1521	122	545	1521	0	311236	0	-8	1612	141	1209	becd34349e477e7aa4b94bbd5462e1416e2e02650f51c34744009b842f029942
dm2bd.Ani	28	0x0003C805	1209	1197	1612	1600	141	472	1600	0	308690	0	-8	1462	131	1084	1b9eaac6649be4212a6645b996386fa15b5fe11f69b6978e50ba746598bcc8f2
dm2bd.Ani	29	0x0003CCBE	1084	1072	1462	1450	131	402	1450	0	307400	0	-8	1536	140	1158	6431baacfd2cb4766cd58c716f089e036978f82eee38eeb6c7b9573cffa7cf7e
dm2bd.Ani	30	0x0003D0FA	1158	1146	1536	1524	140	404	1524	0	307406	0	-8	1596	128	1211	72b5e4e9741ee5a6cd91209a1d49700c161139dd275565acf1cf8e2e2248138f
dm2bd.Ani	31	0x0003D580	1211	1199	1596	1584	128	560	1584	0	307402	0	-8	915	85	703	837739f434a239462c87a5d345a17e94d7cd285570e22ad5b065643be00d4ba5
dm2bd.Ani	32	0x0003DA3B	703	691	915	903	85	223	903	0	304856	0	-8	1664	159	1218	b2feab136c4145ecf2bc978553d9cf6d61c845c8c4797d5f9c1ab3dee0c3c43e
dm2bd.Ani	33	0x0003DCFA	1218	1206	1664	1652	159	380	1652	0	304848	0	-8	1531	139	1166	bf9b73371055931c85b9e787b1990629b15b35ed24e1e19ead01be9feef2259f
dm2bd.Ani	34	0x0003E1BC	1166	1154	1531	1519	139	407	1519	0	303572	0	-8	1613	142	1215	ba9e306d749ee3e4ec5b445410631c88ab6c50c37baefd5af50b766a93ac7e52
dm2bd.Ani	35	0x0003E64A	1215	1203	1613	1601	142	465	1601	0	304826	0	-8	1654	144	1246	ee004423149933f1cf6cc67b019e54c0d3316664cce4f0ee5e424e780f082b98
dm2bd.Ani	36	0x0003EB09	1246	1234	1654	1642	144	490	1642	0	304828	0	-8	1687	162	1254	3757c1d5a0c555cde8cc2820528bfd1ef4e634a3b246ab05d326b81ce71ae8f7
dm2bd.Ani	37	0x0003EFE7	1254	1242	1687	1675	162	379	1675	0	301016	0	-8	1739	166	1282	236aa2e70329d1319a7b346609fbee6e4c32ed792cb0832bce8c1a35b4d89745
dm2bd.Ani	38	0x0003F4CD	1282	1270	1739	1727	166	399	1727	0	303550	0	-8	1633	129	1240	a11aefc316bf59d605acf759eb50f54a21efe73222ce35559657711a045d9d5a
dm2bd.Ani	39	0x0003F9CF	1240	1228	1633	1621	129	589	1621	0	303552	0	-8	1667	147	1259	8e34f60b760aff3d883b4abf0393412ee69d1d0e604bcf9f3a9047ddb85c50ab
dm2bd.Ani	40	0x0003FEA7	1259	1247	1667	1655	147	479	1655	0	298466	0	-8	1750	168	1304	4c83294a35e347619cfa60b54212a69b4df3fde7ab2aba5fa20e36e6b793f6fa
dm2bd.Ani	41	0x00040392	1304	1292	1750	1738	168	394	1738	0	302274	0	-8	939	87	734	58e50473cfde4561b6da748ff0827947f11355003f63b5aa0b74a93fc8f2789e
dm2bd.Ani	42	0x000408AA	734	722	939	927	87	231	927	0	300996	0	-8	1685	138	1273	99ab9aad939e303573bbee398261f936987015873f34bb8a7f48c0528ddf823d
dm2bd.Ani	43	0x00040B88	1273	1261	1685	1673	138	569	1673	0	298438	0	-8	1664	146	1272	ff7d9a7378267d6fef66c604021a984f7a81d41f86df978760b095197c0a4c96
dm2bd.Ani	44	0x00041081	1272	1260	1664	1652	146	484	1652	0	294632	0	-8	1581	140	1232	30bc825aec058d794bff08dcba34f6cf0f8730b0bd4355cf10310e5f4b73de58
dm2bd.Ani	45	0x00041579	1232	1220	1581	1569	140	449	1569	0	297160	0	-8	1237	113	924	527d7b2ebdbe35b04e9cdc6de5d5ccf50508a25e626cbcedf224899537b8efd0
dm2bd.Ani	46	0x00041A49	924	912	1237	1225	113	321	1225	0	295882	0	-8	1633	132	1227	9e3640a86ebcb259ea65f80584208172975cad8a3b22a42e5734d0a02bb3cec4
dm2bd.Ani	47	0x00041DE5	1227	1215	1633	1621	132	565	1621	0	293344	0	-8	1775	169	1316	81c1f906553f2346bc4440c4b1609fa830157f670a0213d5af25f2406c507c24
dm2bd.Ani	48	0x000422B0	1316	1304	1775	1763	169	411	1763	0	292044	0	-8	726	71	531	6dc06e605afa13fca8c0ac8351bac20649ede2e57af23532745c783cb5945d0a
dm2bd.Ani	49	0x000427D4	531	519	726	714	71	146	714	0	290794	0	-8	1566	143	1186	157af33f1f276045069142362ade6c3fe0d647ddf4c4e40347e16505f3a4d1e5
dm2bd.Ani	50	0x000429E7	1186	1174	1566	1554	143	410	1554	0	289514	0	-8	1639	144	1230	ec144fafaf576c964efc1b4b4ee5924beb9e7bbf6e677bdc27017557155ac710
dm2bd.Ani	51	0x00042E89	1230	1218	1639	1627	144	475	1627	0	289510	0	-8	1641	142	1258	a3b31e313ed89b9e2511fccb7a7728dbe88d228e3dd662410f5d0ad8b1f25ab7
dm2bd.Ani	52	0x00043357	1258	1246	1641	1629	142	493	1629	0	288244	0	-8	1720	165	1271	2d87b86fb7ee33c9a2287c8ca496a71c77daf6baf41e8eef202ddd556f903af0
dm2bd.Ani	53	0x00043841	1271	1259	1720	1708	165	388	1708	0	286958	0	-8	1550	141	1180	649e0e4515f5af32e9b804d3a3f1b5daf5b8db30e2c26b61534f8974269eb0af
dm2bd.Ani	54	0x00043D38	1180	1168	1550	1538	141	410	1538	0	285680	0	-8	1618	142	1206	0280559b932f107a4eb6b390d3e3c6e1d9d4f60f53f6df433867f46ff1cc4781
dm2bd.Ani	55	0x000441D4	1206	1194	1618	1606	142	470	1606	0	285676	0	-8	1649	143	1245	cbf24db682609f93d708749abc0203e7594d278db958f75bd0d7a36c467af6a5
dm2bd.Ani	56	0x0004468A	1245	1233	1649	1637	143	493	1637	0	284408	0	-8	1693	162	1252	98e1e5c6087fbf8f7d46091bccf156bcb3c3b9c738cb8b86706d6223380aac42
dm2bd.Ani	57	0x00044B67	1252	1240	1693	1681	162	385	1681	0	283124	0	-8	1704	161	1281	c226b19d9a9c6edaf155b7f3051eb9d18030d8c62e682d760200a6132ff2ea20
dm2bd.Ani	58	0x0004504B	1281	1269	1704	1692	161	404	1692	0	283122	0	-8	1582	122	1219	a9faabd27fa095f971746a69ac0d0bace76045f4f5799fd5bba1f747d591fdaa
dm2bd.Ani	59	0x0004554C	1219	1207	1582	1570	122	594	1570	0	283122	0	-8	1662	146	1286	181933bd301253a9ecfa1cc0e6f0a058e3e79dbb976817a454b27674e42fd886
dm2bd.Ani	60	0x00045A0F	1286	1274	1662	1650	146	482	1650	0	280574	0	-8	1573	139	1217	2505a4f37e95cc02a1368423d9a516bc926aa089ec847d7944b071f621fbce4a
dm2bd.Ani	61	0x00045F15	1217	1205	1573	1561	139	449	1561	0	281822	0	-8	1215	110	913	4b207bbd0d460beca44456565839378c02d48c0a4c6ca7743ab1f0f869a28b12
dm2bd.Ani	62	0x000463D6	913	901	1215	1203	110	323	1203	0	280544	0	-8	1630	131	1239	d314865684ee98e5ca3c7b5a03be524fff23be9e8c16d58e365be721c6262fe6
dm2bd.Ani	63	0x00046767	1239	1227	1630	1618	131	570	1618	0	279286	0	-8	1785	170	1336	bed321b4a7754da13feacbbb280a21974297740d1af9804dc26411ecb57137df
dm2bd.Ani	64	0x00046C3E	1336	1324	1785	1773	170	413	1773	0	279266	0	-8	1726	165	1288	0b0dbeda16f1523ffebc3c17e7f587e6dcc0c2f2483ce962be9c19572feea652
dm2bd.Ani	65	0x00047176	1288	1276	1726	1714	165	394	1714	0	277988	0	-8	1222	111	912	b496e40b10b345674f70b0b6ffa7b1ab6e245beee5934fa49542d204f883b4ea
dm2bd.Ani	66	0x0004767E	912	900	1222	1210	111	322	1210	0	276710	0	-8	1637	132	1244	45f289c5ed1beedeb923002c3c788e8e845d23fbd40d84125a9c708cc202d959
dm2bd.Ani	67	0x00047A0E	1244	1232	1637	1625	132	569	1625	0	275452	0	-8	1785	170	1338	406b226189e75850838b886f9e90b95ea04a36cf6bdcf544183c57c9e6f40241
dm2bd.Ani	68	0x00047EEA	1338	1326	1785	1773	170	413	1773	0	275432	0	-8	728	71	544	823ef3a33a02c5ee310735e4dce1aa0ede14af207e14a4712de96a28659aa1f4
dm2bd.Ani	69	0x00048424	544	532	728	716	71	148	716	0	272902	0	-8	1560	142	1204	c306da5f3f9e7a1c7c49f82f8ad31ca30c1d82a48021cb86c9468f07cd2747fc
dm2bd.Ani	70	0x00048644	1204	1192	1560	1548	142	412	1548	0	271622	0	-8	1620	142	1239	1b6bdeb2e2c9dde73326061f47c9c15f0536879b02db3275a20762f9787995df
dm2bd.Ani	71	0x00048AF8	1239	1227	1620	1608	142	472	1608	0	271618	0	-8	1644	142	1251	af00b9d915b31416110c52d6a2f557ee00bfc2224fb9f508e08e1417c81581b7
dm2bd.Ani	72	0x00048FCF	1251	1239	1644	1632	142	496	1632	0	270352	0	-8	1697	163	1260	e09c275931826f68cd0c83604c752baba2c2b2bff05d9e0cf8a19e8819c85c17
dm2bd.Ani	73	0x000494B2	1260	1248	1697	1685	163	381	1685	0	269066	0	-8	1702	161	1273	102600d31dc88d0d81125c3a5ab61b7954e3cc71e1b799c6b693001ef6b7c4c1
dm2bd.Ani	74	0x0004999E	1273	1261	1702	1690	161	402	1690	0	269064	0	-8	1674	137	1265	2dadae09e2c210a5276da539ad4a396541e81e3aa8fd3d2dc1f98a3b322a852a
dm2bd.Ani	75	0x00049E97	1265	1253	1674	1662	137	566	1662	0	269064	0	-8	1663	145	1246	0528e3783849124fd5a41b5c78258cc37ff3bf90f7aaddbb5df01a0221461505
dm2bd.Ani	76	0x0004A388	1246	1234	1663	1651	145	491	1651	0	266518	0	-8	1513	133	1175	13968ec7aa3b0589b30ab03466dd27b06bf467ff80dcd7cdae8319c0666db365
dm2bd.Ani	77	0x0004A866	1175	1163	1513	1501	133	437	1501	0	265234	0	-8	1597	147	1208	ebc0641dd9ec1c4f8ffc238737e998576bb15608ce364ae7106860df80bb75dc
dm2bd.Ani	78	0x0004ACFD	1208	1196	1597	1585	147	409	1585	0	265234	0	-8	1526	117	1178	a7954b89c27f4a28181ae3e2147aaa83059783d3f569042709764815003c9d74
dm2bd.Ani	79	0x0004B1B5	1178	1166	1526	1514	117	578	1514	0	265230	0	-8	1664	147	1257	d0eab8589c2d0bc5f15394a29bfc9e06ad897937728537d1fdb29ba50913a222
dm2bd.Ani	80	0x0004B64F	1257	1245	1664	1652	147	476	1652	0	262682	0	-8	1525	134	1200	ef99358695be4916daf6030c96eaa82c327b4d0bb1433e9938dc89aef550443b
dm2bd.Ani	81	0x0004BB38	1200	1188	1525	1513	134	441	1513	0	261400	0	-8	1159	104	849	0af66b17f26de4d60e92b1cb163ddda9c1b1adda1831b25ecc42c93db94c530b
dm2bd.Ani	82	0x0004BFE8	849	837	1159	1147	104	315	1147	0	261400	0	-8	1630	132	1236	c375617b0a0724c24130d158617ead8dd7df8905389b607bf0a1a88328bb35df
dm2bd.Ani	83	0x0004C339	1236	1224	1630	1618	132	562	1618	0	261394	0	-8	1714	163	1264	2b73d3ebc1bbd7af15f931805fbad3f2a883d23c210a67d2fd16b2a30b0dcfe4
dm2bd.Ani	84	0x0004C80D	1264	1252	1714	1702	163	398	1702	0	258848	0	-8	1673	160	1239	794d1dc011c320b566a5a86e8bea4d150d95360ea84f1fa4f0db2034c5fc1f0b
dm2bd.Ani	85	0x0004CCFD	1239	1227	1673	1661	160	381	1661	0	258844	0	-8	1176	106	867	daad33e84204b9fcf955548e1bfdb29a8581247b0fbde267a3d76ea14396b850
dm2bd.Ani	86	0x0004D1D4	867	855	1176	1164	106	316	1164	0	257566	0	-8	1629	144	1220	161cd00e76fd8a137aa7c68a4aaf4d8d20210819995207640514c9ad80cb0180
dm2bd.Ani	87	0x0004D537	1220	1208	1629	1617	144	465	1617	0	257560	0	-8	1653	145	1262	fab5b5311fde194cf1d423424e6e05a44bae4a7a8a4df74c5c1cb12807038423
dm2bd.Ani	88	0x0004D9FB	1262	1250	1653	1641	145	481	1641	0	256294	0	-8	690	67	519	2809a8a4cefcb0414dc2b4a73ba3f52773f42b91a850f5a0de595afe598cdda0
dm2bd.Ani	89	0x0004DEE9	519	507	690	678	67	142	678	0	255010	0	-8	1673	158	1247	340daab96ef411a7f30d79b200d859e84794643e2afd3b9fa27578d29f6175c0
dm2bd.Ani	90	0x0004E0F0	1247	1235	1673	1661	158	397	1661	0	255006	0	-8	1650	134	1248	b45dece59d148cf70d4a92389fa0e4e39ced8d5d2a8a285a988b073b616e35f8
dm2bd.Ani	91	0x0004E5CF	1248	1236	1650	1638	134	566	1638	0	255006	0	-8	1625	140	1218	3ac3da8689a0703382749d2affcdd78091c2672cacf633a404d532b8157fb021
dm2bd.Ani	92	0x0004EAAF	1218	1206	1625	1613	140	493	1613	0	252458	0	-8	1701	163	1254	88cd3d0816684df8257097c70b8dd3dd9803e00c24ac6746fcee8750e168a95d
dm2bd.Ani	93	0x0004EF71	1254	1242	1701	1689	163	385	1689	0	251174	0	-8	1700	161	1232	a9dc257dff1124a58270da37fa6552a668f5d78a666819112cf57207633aba82
dm2bd.Ani	94	0x0004F457	1232	1220	1700	1688	161	400	1688	0	251172	0	-8	1582	123	1216	2f05379877b16faea9f193b345bc33d0f89fe076188d8afe177bf266ab88bdb6
dm2bd.Ani	95	0x0004F927	1216	1204	1582	1570	123	586	1570	0	251172	0	-8	1705	151	1257	eb849710a91580f8a8d2c4cfe26d696a562090d5cc907b6a9cd49f23160da01d
dm2bd.Ani	96	0x0004FDE7	1257	1245	1705	1693	151	485	1693	0	248624	0	-8	1516	133	1169	1e49248677320257d13e1cbec95304329798ef51e8d12179cee329aa4795406a
dm2bd.Ani	97	0x000502D0	1169	1157	1516	1504	133	440	1504	0	247342	0	-8	1603	147	1198	dc27d20ef7a26036074f8dd17f5d94c752bc9ac1122b7460e33b6ec6ef0d838b
dm2bd.Ani	98	0x00050761	1198	1186	1603	1591	147	415	1591	0	247342	0	-8	1561	120	1207	969ed2d9cd49e656e19d725f8a5800299a3993f4f6238d30cfeb01268275a2d2
dm2bd.Ani	99	0x00050C0F	1207	1195	1561	1549	120	589	1549	0	247338	0	-8	1716	163	1256	e6d8d23c6178852302c7cb2e4b9d75452b900aec63832fc260c73a167c4cef13
dm2bd.Ani	100	0x000510C6	1256	1244	1716	1704	163	400	1704	0	244790	0	-8	1702	163	1238	c567ae89ed0888b704c805aa92e0ad7a930c2ff56cff2477e348a37b07ad9502
dm2bd.Ani	101	0x000515AE	1238	1226	1702	1690	163	386	1690	0	244786	0	-8	1196	108	884	54070eb3c2240f9f679ed19630d67d5836af0613b8c5ba9db85ccf35ece3cd3a
dm2bd.Ani	102	0x00051A84	884	872	1196	1184	108	320	1184	0	243508	0	-8	1608	141	1196	a10234f0519656edf923420edc1f2ebbc8a945cc23883a71fe0da198f6cea563
dm2bd.Ani	103	0x00051DF8	1196	1184	1608	1596	141	468	1596	0	243502	0	-8	1701	150	1264	42385cb3fdb07e6d5c23800b37d3a40827228fc1712cd5fcf97d76f7002052e1
dm2bd.Ani	104	0x000522A4	1264	1252	1701	1689	150	489	1689	0	242236	0	-8	728	71	506	4f16c651d98a35ca278466717facd1973f67a5475719512fc221deb9892ff589
dm2bd.Ani	105	0x00052794	506	494	728	716	71	148	716	0	240952	0	-8	1604	147	1203	db3873ad626333192819fd782a0b3966fe0a0588644c289349df16c7b67d7c5b
dm2bd.Ani	106	0x0005298E	1203	1191	1604	1592	147	416	1592	0	239672	0	-8	1599	140	1198	08df81348476d36867b306867fb9db3e75f8813c0fcbf7b867d8e1629387a1f7
dm2bd.Ani	107	0x00052E41	1198	1186	1599	1587	140	467	1587	0	239668	0	-8	1680	148	1256	a20ed5c0b8d3703727255b6fc8d9d3ba3dd5bbce6c226b8fc395d83bb5c16920
dm2bd.Ani	108	0x000532EF	1256	1244	1680	1668	148	484	1668	0	238400	0	-8	698	68	487	0e28bce06e6f0b8d6b4e2a5525305e37a4ca3f1fd78fad491f0812ed274133e2
dm2bd.Ani	109	0x000537D7	487	475	698	686	68	142	686	0	237118	0	-8	1652	155	1221	56fd5c271be3bd09e825a4923ddfc4d18eb1e40f7e050eacf7e8556ca7bcbbb4
dm2bd.Ani	110	0x000539BE	1221	1209	1652	1640	155	400	1640	0	237114	0	-8	1669	136	1256	be5bc9e386916ab507304679efaad69898c3a1b980d18882098cfb3cebe887e0
dm2bd.Ani	111	0x00053E83	1256	1244	1669	1657	136	569	1657	0	237114	0	-8	1651	143	1240	56f04819103afd1e5b053fc9143fc766c9afe4f3e579a9f8019afc09a73363bb
dm2bd.Ani	112	0x0005436B	1240	1228	1651	1639	143	495	1639	0	234568	0	-8	1507	132	1166	8a4c49d17d5f470b83c621d5998a5b01febf8f53aa8ce02b05c1a8e3c85313c1
dm2bd.Ani	113	0x00054843	1166	1154	1507	1495	132	439	1495	0	233284	0	-8	1602	147	1181	d3540c47459eb56715f6033a886a5e3a8ec05209cdb9059fddf947aaa1aa447d
dm2bd.Ani	114	0x00054CD1	1181	1169	1602	1590	147	414	1590	0	233284	0	-8	1608	126	1231	87f521925f13f3fd3178e20d3131135fa8e46e79b31e4473796aef866bd00863
dm2bd.Ani	115	0x0005516E	1231	1219	1608	1596	126	588	1596	0	233280	0	-8	1724	164	1246	6b156f6436b339ff949871185583ed2bd5adb53690a6316f37f6f96ff01e1e7d
dm2bd.Ani	116	0x0005563D	1246	1234	1724	1712	164	400	1712	0	230732	0	-8	1726	166	1272	e8f0b6f13c4e03422a4abe74e492e532eff13ed88d6f89e9ebffe253ad60fb47
dm2bd.Ani	117	0x00055B1B	1272	1260	1726	1714	166	386	1714	0	230724	0	-8	1590	146	1200	682bfafa1e858fb54250c790eec3bc6a09547afe2555c4b4fd996f9a405536e1
dm2bd.Ani	118	0x00056013	1200	1188	1590	1578	146	410	1578	0	229450	0	-8	1587	123	1210	cb4363d750bdbef1a69ba2aa5a3d101cd50869ac0340e2f371902933bfa6c846
dm2bd.Ani	119	0x000564C3	1210	1198	1587	1575	123	591	1575	0	229446	0	-8	1725	164	1247	2e37a98876d61682191ea37e016626672556e24806ad30e1d83dd5d06bc99c22
dm2bd.Ani	120	0x0005697D	1247	1235	1725	1713	164	401	1713	0	226898	0	-8	1703	163	1244	aa58793a7a225e2915a98b610d8fa0844c173e09fa5d654fa1ee083452dc172a
dm2bd.Ani	121	0x00056E5C	1244	1232	1703	1691	163	387	1691	0	226894	0	-8	1192	108	880	0bf310d4d970d8446fc6be61859e7158f548b15ec02c804b52cfa0e347d7d27c
dm2bd.Ani	122	0x00057338	880	868	1192	1180	108	316	1180	0	225616	0	-8	1597	140	1201	4dfd027bf25d91f13d0021014f68bb5d6189d230a720a951b20640e60becada4
dm2bd.Ani	123	0x000576A8	1201	1189	1597	1585	140	465	1585	0	225610	0	-8	1708	151	1298	c9b01f15c19907a2cf76279b4f5a0ae5cbc66cadc154fa9879709f11f5411709
dm2bd.Ani	124	0x00057B59	1298	1286	1708	1696	151	488	1696	0	224344	0	-8	708	69	499	7bcae619049dd4c257e5113b7b465e3f2e52ea602dedb993b28460c04b0effaa
dm2bd.Ani	125	0x0005806B	499	487	708	696	69	144	696	0	223060	0	-8	1641	154	1245	7cba5b519c94c54fefd9ca2c1bdadbe9e1250a781a6f197e49a9992f696ce984
dm2bd.Ani	126	0x0005825E	1245	1233	1641	1629	154	397	1629	0	223056	0	-8	1636	132	1206	efad9f20d1142773224468c1b81a878d4dfe7a3ab38a6ac820f2c1b89839af49
dm2bd.Ani	127	0x0005873B	1206	1194	1636	1624	132	568	1624	0	223056	0	-8	1683	148	1266	99653504a5e8e8892758f39938c13ce28a4a1cd2ae55df7e46dbc9a8c9ef3f3a
dm2bd.Ani	128	0x00058BF1	1266	1254	1683	1671	148	487	1671	0	220510	0	-8	1486	133	1124	9c639b847ea4aa363ab185db953e7e605aa3ed09add1c71ea33cd3a39049a8a4
dm2bd.Ani	129	0x000590E3	1124	1112	1486	1474	133	410	1474	0	219220	0	-8	1558	142	1181	7ffcc575a8ff8466808f336393629427e5a86fdbe19d9b4e290af80ddbcac017
dm2bd.Ani	130	0x00059547	1181	1169	1558	1546	142	410	1546	0	219226	0	-8	1630	131	1218	fe37f6a6d8ef40dbb48e531b35e9c8a6be81e6ce860f0989000ea0b37e44b832
dm2bd.Ani	131	0x000599E4	1218	1206	1630	1618	131	570	1618	0	219222	0	-8	1608	138	1218	4d0564ab31e0c77034b2c03149637ffe28182ff5189c6e87d49c68d858571c5c
dm2bd.Ani	132	0x00059EA6	1218	1206	1608	1596	138	492	1596	0	216676	0	-8	1496	131	1133	68674094e3939d8cf2538d2201acfd03cb5042d2fcadb350b9f9010a82a81cf4
dm2bd.Ani	133	0x0005A368	1133	1121	1496	1484	131	436	1484	0	215392	0	-8	1609	148	1199	d083cc59ccb2b3f68f97ace54dead9f63e36a91adf381f2cc797697c68f61478
dm2bd.Ani	134	0x0005A7D5	1199	1187	1609	1597	148	413	1597	0	215392	0	-8	1562	120	1185	bdf1b74c4c8b2cd40edce20cee66dce21169955234e77452edf74fa404cad92d
dm2bd.Ani	135	0x0005AC84	1185	1173	1562	1550	120	590	1550	0	215388	0	-8	1715	163	1257	da307fa911a82225098e63d7c0e804e417aa8198b2fa492496b1297cfe0b7cbd
dm2bd.Ani	136	0x0005B125	1257	1245	1715	1703	163	399	1703	0	212840	0	-8	1729	166	1254	32363fcc1d23a103f35c14a388074c3988869d18222dec63eadc21784a0ff4ae
dm2bd.Ani	137	0x0005B60E	1254	1242	1729	1717	166	389	1717	0	212836	0	-8	1593	146	1187	68049b0d2c56f2c893185105b35bc78be5cc13456964395532a53ae93ecf3a33
dm2bd.Ani	138	0x0005BAF4	1187	1175	1593	1581	146	413	1581	0	211558	0	-8	1583	134	1166	51c855f89da16ee3ab6db6f8ed4a5d2a21e9bb39d756dffc5a5e81bbc1f4a60a
dm2bd.Ani	139	0x0005BF97	1166	1154	1583	1571	134	499	1571	0	211554	0	-8	1654	145	1254	aff3d0e57750ad4b834a8076b4b2a490b04b2c34f89e8364100c60aceb93295f
dm2bd.Ani	140	0x0005C425	1254	1242	1654	1642	145	482	1642	0	210286	0	-8	1716	164	1259	ea617ccce384a803d7beebdccec59d7a2a854a5a44f3c69244016017af374647
dm2bd.Ani	141	0x0005C90B	1259	1247	1716	1704	164	392	1704	0	209002	0	-8	891	81	700	30974f1c4a495b19ca559efe1dd8be9f5f6fb2dcbef8ad3cf51ee69625437a86
dm2bd.Ani	142	0x0005CDF6	700	688	891	879	81	231	879	0	208998	0	-8	1619	130	1212	70ce5794d7978c1b8f214be02049a51b7c388cc85995300381252045b6c42faa
dm2bd.Ani	143	0x0005D0B2	1212	1200	1619	1607	130	567	1607	0	208998	0	-8	1693	149	1282	6fb070ade33d871acbd9e0b03f029400599633de0809caf3a108b242ccc91b26
dm2bd.Ani	144	0x0005D56E	1282	1270	1693	1681	149	489	1681	0	206452	0	-8	703	68	507	52f9a7206abb856e630a5880a3c84f5b01eebddb7bfcf3dd7dce8e8ac87a8058
dm2bd.Ani	145	0x0005DA70	507	495	703	691	68	147	691	0	205168	0	-8	1652	155	1222	2ca40569da4523bb52eeb6cfdb442d0ff3b6a8b53ab23c3e5cefb023f84390c5
dm2bd.Ani	146	0x0005DC6B	1222	1210	1652	1640	155	400	1640	0	205164	0	-8	1650	134	1230	7feb961597d433ae2223e45ec67af5f88d1c0cc75b137329eb14eb99f0090459
dm2bd.Ani	147	0x0005E131	1230	1218	1650	1638	134	566	1638	0	205164	0	-8	1661	146	1239	7191e4d41288846863e2d5486a8d0c7e5a69f42301893a8cf1b602aab046dcd1
dm2bd.Ani	148	0x0005E5FF	1239	1227	1661	1649	146	481	1649	0	202618	0	-8	1469	131	1126	facf561b88e8a54a024dc80976caaae37578b744fbd5f84fc8cbf1ccfcf22f3e
dm2bd.Ani	149	0x0005EAD6	1126	1114	1469	1457	131	409	1457	0	201328	0	-8	1567	143	1184	48ab670c998838ddf2b3244a8de8cb1ec0407cc470f6531f7ab59a6b8f0c5bb0
dm2bd.Ani	150	0x0005EF3C	1184	1172	1567	1555	143	411	1555	0	201334	0	-8	1635	132	1220	5cfe01c254569f8779fbfefff689dd3b259587fccb57c38194edeeda4446f21a
dm2bd.Ani	151	0x0005F3DC	1220	1208	1635	1623	132	567	1623	0	201330	0	-8	948	88	737	ac17ed51bb0e65a09177704a55b7f5ddf801bf23b9f15d5420bee372c70d07a8
dm2bd.Ani	152	0x0005F8A0	737	725	948	936	88	232	936	0	198784	0	-8	1695	162	1245	0a0921e863296ea20a817684f2e72967755101518ca1661f32ef89d70633e68c
dm2bd.Ani	153	0x0005FB81	1245	1233	1695	1683	162	387	1683	0	198778	0	-8	1560	142	1184	9e727ff396a2efeb11aceacddce3e5ef108307658b5d2945338d29b5c265b8c6
dm2bd.Ani	154	0x0006005E	1184	1172	1560	1548	142	412	1548	0	197500	0	-8	1584	135	1182	37eef1006d8bb9e7c3a76a419958873a0c9aeebac3c61406350871ecab1a9d7f
dm2bd.Ani	155	0x000604FE	1182	1170	1584	1572	135	492	1572	0	197496	0	-8	1657	145	1226	bd60512e082102e52943303543a40f3d2f806f7974f35ad97b1699d7ef61d44f
dm2bd.Ani	156	0x0006099C	1226	1214	1657	1645	145	485	1645	0	196228	0	-8	1702	163	1238	7b04407215f727ca33f847c9442852e6d131df3499cecac4dd647f28aa01e6c9
dm2bd.Ani	157	0x00060E66	1238	1226	1702	1690	163	386	1690	0	194944	0	-8	1551	141	1162	96549fc3bad56ad71dc3008009dff51dff03605c387e4b16170777e40ca448b7
dm2bd.Ani	158	0x0006133C	1162	1150	1551	1539	141	411	1539	0	193666	0	-8	6224	519	4784	aa2bdf6cafcc329b7f43f78a3bb7da433bc0bc93c67c7f3cd76ddd167d778987
dm2bd.Ani	159	0x000617C6	4784	4772	6224	6212	519	2060	6212	0	225686	0	-8	6803	527	5509	a1d461f7ba87a8da24cdb990168678e6bf1e2bb4ccdeabc77c68f14b8534ec90
dm2bd.Ani	160	0x00062A76	5509	5497	6803	6791	527	2575	6791	0	225686	0	-8	6994	580	5446	768ee8025ecd8b061c4e185c57be47382d9a5688d6165140b47d2819fa432a49
dm2bd.Ani	161	0x00063FFB	5446	5434	6994	6982	580	2342	6982	0	225686	0	-8	7626	664	5744	7e13c9ea05003f60c2ba5b86760cd5d256fa9ae43042b92c13138d7f81a85ecf
dm2bd.Ani	162	0x00065541	5744	5732	7626	7614	664	2302	7614	0	225686	0	-8	7060	574	5345	c92780a0f2c45f5bb11de8ae9a229c93789359ff77acdec272c1a3d91df47bd3
dm2bd.Ani	163	0x00066BB1	5345	5333	7060	7048	574	2456	7048	0	225686	0	-8	7367	647	5248	6c2a16d2b205b7b6122e428968e11e161b203872839e10d1eec74adaa0105dd1
dm2bd.Ani	164	0x00068092	5248	5236	7367	7355	647	2179	7355	0	225686	0	-8	6788	543	4759	e4faea47ba9412d086974b6835dd8f7ac99789c37c6b077af2344dfe1f54ce70
dm2bd.Ani	165	0x00069512	4759	4747	6788	6776	543	2432	6776	0	225686	0	-8	7377	648	4816	100c45fa499ff8d2aefbf6c7d7c2bf1e72d8fc02750fd91061e06c5e344dc00e
dm2bd.Ani	166	0x0006A7A9	4816	4804	7377	7365	648	2181	7365	0	225686	0	-8	6524	494	3739	d8c923910bfb6896bcfe6c583be38d28f1246dad3c6433a237ac9d0636759fc9
dm2bd.Ani	167	0x0006BA79	3739	3727	6524	6512	494	2560	6512	0	225686	0	-8	2075	179	1079	95a958530efee58332fe564e493b6db20443a6d42ec5cc9fca11fba033cdaf13
dm2bd.Ani	168	0x0006C914	1079	1067	2075	2063	179	631	2063	0	129624	0	-8	12	0	12	33cb27308c713376cb554143bba73001d9b6ecf9b600a6bc2b51d0482dcb6a53
dm2bd.Ani	169	0x0006CD4B	12	0	12	0	0	0	0	0	0	skipped_when_size_minus_12_is_zero	unsafe_12_byte_metadata_plus_stale_scratch_tail	12	0	12	e3b0c44298fc1c149afbf4c8996fb92427ae41e4649b934ca495991b7852b855
dm2bd.Ani	170	0x0006CD57	12	0	12	0	0	0	0	0	0	skipped_when_size_minus_12_is_zero	unsafe_12_byte_metadata_plus_stale_scratch_tail	0	117463967	4607	e3b0c44298fc1c149afbf4c8996fb92427ae41e4649b934ca495991b7852b855
expv.Ani	1	0x00000024	169000	168988	307220	307208	1	307200	307208	0	614400	0	-8	307220	1	166984	75f85e85ef2d60faf95db52e4142e273cde83643c40cf6365f62d0a02710443d
expv.Ani	2	0x0002944C	166984	166972	307220	307208	1	307200	307208	0	614400	0	-8	9430	613	6993	233957a6687ee2733bb5a1f7ccdd5e329a940b72776f77e9bb3efd5d8ec1681e
expv.Ani	3	0x00052094	6993	6981	9430	9418	613	4514	9418	0	613584	0	-8	9407	600	7144	6e9d04078e5930d1479fdc62ca83e3557d6b36f3b6e869119dd23d376227d0b7
expv.Ani	4	0x00053BE5	7144	7132	9407	9395	600	4595	9395	0	613580	0	-8	35815	3716	16358	2af44af4c01536c4032d742509ce6c1246f876b50a12eb329baa6fdc8a1e7999
expv.Ani	5	0x000557CD	16358	16346	35815	35803	3716	6075	35803	0	613582	0	-8	139349	14918	64216	bfda7af62f18a884a3d2eb48bf7267c284e4b6addd7babd2965ade31f502bad3
expv.Ani	6	0x000597B3	64216	64204	139349	139337	14918	19993	139337	0	614382	0	-8	307220	1	140772	99c567edd02bcb25c70d7b2c44825eccd3b3b32f3793ee2a669d5d097ed65be4
expv.Ani	7	0x0006928B	140772	140760	307220	307208	1	307200	307208	0	614400	0	-8	91760	6840	46713	609e9594103fc73690ee6474dd0af82f1e04479b9fccf4ce9e363265566169e0
expv.Ani	8	0x0008B86F	46713	46701	91760	91748	6840	37028	91748	0	613330	0	-8	307220	1	162945	f6976ef0ddb99e61aa531b08ba2c7b73ae4e7bbcf36ac9729632681fc8b7f85e
expv.Ani	9	0x00096EE8	162945	162933	307220	307208	1	307200	307208	0	614400	0	-8	307220	1	149914	b12d75a7174e8fa796cf63e8ccd7643fccf491adec25edc369d9039a86c42ccb
expv.Ani	10	0x000BEB69	149914	149902	307220	307208	1	307200	307208	0	614400	0	-8	307220	1	151546	795d5ca451e3ac19e325b8489ee12f2a2970af5e35ee2a959c5a249a9da8538b
expv.Ani	11	0x000E3503	151546	151534	307220	307208	1	307200	307208	0	614400	0	-8	307220	1	157885	695c39bfb385f8b6a35b2c84b958ea2ca29894bd90c819db3873d112f13e779d
expv.Ani	12	0x001084FD	157885	157873	307220	307208	1	307200	307208	0	614400	0	-8	307220	1	153910	80ce71dbc160906ab23bc6687a6acbde7eb5c02d9c8e8ebfb0806efecf068048
expv.Ani	13	0x0012EDBA	153910	153898	307220	307208	1	307200	307208	0	614400	0	-8	307220	1	146972	5f47742ea03f4927df995ea3ac1c797562c1e6568f248af3e26d031dad17dc11
expv.Ani	14	0x001546F0	146972	146960	307220	307208	1	307200	307208	0	614400	0	-8	307220	1	124623	264f5a5c954832af805570d7c7a4f33f84c3201e24126c8fcef0de067a8502a5
expv.Ani	15	0x0017850C	124623	124611	307220	307208	1	307200	307208	0	614400	0	-8	181415	10395	96090	f4e0ee7430671afb2f55ad57e859e5bb212d322dba78d35deaf75c1f8e0d973f
expv.Ani	16	0x00196BDB	96090	96078	181415	181403	10395	98243	181403	0	614232	0	-8	169910	9563	93117	9e3a46f8f1f512f7e6aa2c04b1e1bee21045d9b1971254f35a03b35277bfd73e
expv.Ani	17	0x001AE335	93117	93105	169910	169898	9563	93393	169897	1	614392	0	-8	231039	2492	109149	709950c22f6322c9b67350ff506d4330d98428188c79625b13feb87cf3fcc093
expv.Ani	18	0x001C4EF2	109149	109137	231039	231027	2492	207646	227582	3445	607508	0	-8	300007	19350	179664	f4bd88c5211fedd9faa128cc35962bc5a7a4146bb3a4c6b208ad628bc378575e
expv.Ani	19	0x001DF94F	179664	179652	300007	299995	19350	145195	299995	0	614396	0	-8	286028	14601	175242	2be0b1604e8f46b7c6af8ec0359af784ed9d6e5e6e8fd90c9d045d419ebcf154
expv.Ani	20	0x0020B71F	175242	175230	286028	286016	14601	169143	285951	65	614268	0	-8	307220	1	111686	7a14c48e0f3275ed563b8bf74b151643af5ab726861e4d2c35f1b437c4f07386
expv.Ani	21	0x002363A9	111686	111674	307220	307208	1	307200	307208	0	614400	0	-8	307220	1	110036	26d91800b64379b72d9b1d3d1eb4dd5f13ae8466a2acccc69b4eaf5819e018f5
expv.Ani	22	0x002517EF	110036	110024	307220	307208	1	307200	307208	0	614400	0	-8	307220	1	112994	1c6dfa1c8e10474c3eff7cb2d6821e1af2b9323166629a28b721c1acbd9394c4
expv.Ani	23	0x0026C5C3	112994	112982	307220	307208	1	307200	307208	0	614400	0	-8	307220	1	113914	eafef032bd70b4cc4f8250ef1c8078a29577ba061e13672eb2ca5ce6ec13e1dc
expv.Ani	24	0x00287F25	113914	113902	307220	307208	1	307200	307208	0	614400	0	-8	307220	1	119449	910aee3974b8dff2f15f872fc13e1ee0fbc201746cf0a2fbf7478fa52ca91712
expv.Ani	25	0x002A3C1F	119449	119437	307220	307208	1	307200	307208	0	614400	0	-8	307220	1	127806	a09d5ea831843614dd9a9238bbe5a26aab8b35dd5a7dc36111cd07db99cd74b4
expv.Ani	26	0x002C0EB8	127806	127794	307220	307208	1	307200	307208	0	614400	0	-8	307220	1	131965	fcfac12a44c38bcdf5597406607dc635778a99ada2428bba0a184233f7501e35
expv.Ani	27	0x002E01F6	131965	131953	307220	307208	1	307200	307208	0	614400	0	-8	307220	1	138454	30e1ded553d86f76315fa15d0a0c77fd4716d595facf01370a3688bdf51a0bb3
expv.Ani	28	0x00300573	138454	138442	307220	307208	1	307200	307208	0	614400	0	-8	307220	1	143819	815e2f91b432083be9a08912e102e40c96d20997d8eb2082f6900c1fa8de840f
expv.Ani	29	0x00322249	143819	143807	307220	307208	1	307200	307208	0	614400	0	-8	307220	1	148564	828c2f006fd63600913a46421fb6430193280b76e123dfdfcd66600a2ca57717
expv.Ani	30	0x00345414	148564	148552	307220	307208	1	307200	307208	0	614400	0	-8	307220	1	151964	077be5fde26015b1c831831743fbce2f8f3a74f83fd0988b94e60bdd8d4e00a2
expv.Ani	31	0x00369868	151964	151952	307220	307208	1	307200	307208	0	614400	0	-8	307220	1	30135	6c373bad848b47a8b58bf18554d05c2289bed7e6388f4b6103919917910ebe55
expv.Ani	32	0x0038EA04	30135	30123	307220	307208	1	307200	307208	0	614400	0	-8	116155	5637	52561	e02a840157bed47a1b6594d3525a97883bdf70667a2bf74c56799ba1df51a873
expv.Ani	33	0x00395FBB	52561	52549	116155	116143	5637	71002	116098	45	613120	0	-8	131618	5702	55888	2a9c8d24ceb1bb50b0c5db59e26a1a73c9395d06907ef5f484eb8622e43134b5
expv.Ani	34	0x003A2D0C	55888	55876	131618	131606	5702	85899	131515	91	614214	0	-8	167816	5432	60702	4a46594879d10401892b0e45417a5a1c12985c2e3d72e2a3d9fdece4e39a4e16
expv.Ani	35	0x003B075C	60702	60690	167816	167804	5432	124175	167631	173	614050	0	-8	208303	8710	84399	374b87ff88450ee18094352fa6d2751b2396b4898039ae9a7964e2bd11eab289
expv.Ani	36	0x003BF47A	84399	84387	208303	208291	8710	138443	208123	168	614060	0	-8	225629	11219	102486	51cd1f688a1038bddc5f1199c419b83b4dceab58a78d59b22eba47b152e04909
expv.Ani	37	0x003D3E29	102486	102474	225629	225617	11219	135705	225457	160	614064	0	-8	275575	15296	134001	d7873ded61ce5036e252cdf2e82f2e86f279594df5a990f5b94025810405d326
expv.Ani	38	0x003ECE7F	134001	133989	275575	275563	15296	153163	275531	32	614334	0	-8	307220	1	109010	d39ba161f738dee777d6b145350ec4d9385cc4ccd5ea313f655e410420bfa56b
expv.Ani	39	0x0040D9F0	109010	108998	307220	307208	1	307200	307208	0	614400	0	-8	307220	1	119775	bb656d2e5b799dd9d81040963706d8897fcd269f444330d8cf3cc7b838855f9e
expv.Ani	40	0x004283C2	119775	119763	307220	307208	1	307200	307208	0	614400	0	-8	307220	1	131048	78575f8852ddcbf721789c3822283372bbd10b977623f59bafed184e2d74f704
expv.Ani	41	0x004457A1	131048	131036	307220	307208	1	307200	307208	0	614400	0	-8	307220	1	143899	f1022e29736a0f27caf6b66872ccb6c38afffff4395fedf91517804236a29c0c
expv.Ani	42	0x00465789	143899	143887	307220	307208	1	307200	307208	0	614400	0	-8	307220	1	150607	0069523e424e2cdc52e270bbecce94bf915d68c1c588d699c7c66f6358dd39df
expv.Ani	43	0x004889A4	150607	150595	307220	307208	1	307200	307208	0	614400	0	-8	307220	1	158895	f09776a8e86da058868fd244394c0416a476ef6cfd6c1360561f34c8ae0f7cd2
expv.Ani	44	0x004AD5F3	158895	158883	307220	307208	1	307200	307208	0	614400	0	-8	307220	1	166943	cac6a02812ab0c14a94d2993ac637fc7e7651928b6fc44955b8bc612e14f5149
expv.Ani	45	0x004D42A2	166943	166931	307220	307208	1	307200	307208	0	614400	0	-8	307220	1	171652	9ac534af074c49a8e16302c35e45312b1e8bf5db70c0a3474c8087332d31ebb6
expv.Ani	46	0x004FCEC1	171652	171640	307220	307208	1	307200	307208	0	614400	0	-8	307220	1	176528	125007afd9020d25f82aee5d9f2c4040f6bc34e77dddab4c961e358280c639d9
expv.Ani	47	0x00526D45	176528	176516	307220	307208	1	307200	307208	0	614400	0	-8	307220	1	181087	8f70ccd82994503749e691a0782f6b0d98a25f645176a9781a0db5d5d457109c
expv.Ani	48	0x00551ED5	181087	181075	307220	307208	1	307200	307208	0	614400	0	-8	307220	1	183862	d68e2595cf1d7478c8067b3439b5b0bc0ac3bf7cd63fc70f4d57a7157b5416bc
expv.Ani	49	0x0057E234	183862	183850	307220	307208	1	307200	307208	0	614400	0	-8	307220	1	185835	5b852dabc32d25d6fea930e87bc763a43c6fd7c76dca702b42ea396e8f8e3b7c
expv.Ani	50	0x005AB06A	185835	185823	307220	307208	1	307200	307208	0	614400	0	-8	307220	1	196993	a34a274f647a2af72473b5b1dfaeef579b9531d9dc852ba6d52769bd06ac470f
expv.Ani	51	0x005D8655	196993	196981	307220	307208	1	307200	307208	0	614400	0	-8	307220	1	196748	f508593a2323c8ee4e9de7873d13bd45045c4e8e30117e5df22880a0eca8e8ea
expv.Ani	52	0x006087D6	196748	196736	307220	307208	1	307200	307208	0	614400	0	-8	307220	1	194458	2925fe60ffad36f351d35fa1b04a1f2e5a841e2af89d3b9d54158b5389d86f6f
expv.Ani	53	0x00638862	194458	194446	307220	307208	1	307200	307208	0	614400	0	-8	307220	1	190754	5a2d014d28ebdbb7933492a85828e11dbf6bc788f7c637c095b9bb8b3f5a7769
expv.Ani	54	0x00667FFC	190754	190742	307220	307208	1	307200	307208	0	614400	0	-8	307220	1	183854	991f2a52e3137758529ac08e1895b2cc02f39045f3d7cc50f20943f508cfce9a
expv.Ani	55	0x0069691E	183854	183842	307220	307208	1	307200	307208	0	614400	0	-8	307220	1	181232	29e42c47ca581e7d53d2d6a00856e0b03e02144d4a2147b88e4c4c2b7cf6e9c2
expv.Ani	56	0x006C374C	181232	181220	307220	307208	1	307200	307208	0	614400	0	-8	307220	1	187943	edc23af63065cb258d5a4880f9870d319fc06bfee2cf4ccd862c100afd2a0d6c
expv.Ani	57	0x006EFB3C	187943	187931	307220	307208	1	307200	307208	0	614400	0	-8	307220	1	181398	b8cfff70f963ba5270a54d04762bf4cdd1e46049ed31a0025a8ba060158ca0d8
expv.Ani	58	0x0071D963	181398	181386	307220	307208	1	307200	307208	0	614400	0	-8	307220	1	188083	06a0edc728c8ae30238c9c8c213750626d6198588a8f31d99e9308619e5edf0c
expv.Ani	59	0x00749DF9	188083	188071	307220	307208	1	307200	307208	0	614400	0	-8	307220	1	188763	35dd52772385095ecea27920cfc108dc7f9c3616c82ac9e5bb9cc94702875333
expv.Ani	60	0x00777CAC	188763	188751	307220	307208	1	307200	307208	0	614400	0	-8	307220	1	179569	03b8762889c99361dfcd658637443b540c8e432b0c3dcee4bddcece7dc0030bb
expv.Ani	61	0x007A5E07	179569	179557	307220	307208	1	307200	307208	0	614400	0	-8	307220	1	176952	1d657476170d9fce4eb9fea891af160b5eaed69feb4121fdf8ac10948736cbf2
expv.Ani	62	0x007D1B78	176952	176940	307220	307208	1	307200	307208	0	614400	0	-8	307220	1	176184	23b1eacec4dd7408f3222f05d7e7e4312157dc847222253dde589e1877a4bce2
expv.Ani	63	0x007FCEB0	176184	176172	307220	307208	1	307200	307208	0	614400	0	-8	307220	1	176472	8dc3e1e64c132eb59c8def91a812937670f881b577ecbae3e5421159d26873c7
expv.Ani	64	0x00827EE8	176472	176460	307220	307208	1	307200	307208	0	614400	0	-8	307220	1	173998	9e47476c1ba07a0d6df0786e176d637310e70e6ae45de6d96850da135c3aed25
expv.Ani	65	0x00853040	173998	173986	307220	307208	1	307200	307208	0	614400	0	-8	307220	1	172038	7b7303484a20509a910841e80cdefa0283a26d9008633da71ff4bd2759733d3e
expv.Ani	66	0x0087D7EE	172038	172026	307220	307208	1	307200	307208	0	614400	0	-8	307220	1	169757	004317d393f2ec9b9860b811af9297a34768b45e727ae5a35e367e0ae94bf5eb
expv.Ani	67	0x008A77F4	169757	169745	307220	307208	1	307200	307208	0	614400	0	-8	307220	1	180727	c2956db748ef78fb1b8083dff5405a0791b6008b4e7ef34048febc7a2d94151f
expv.Ani	68	0x008D0F11	180727	180715	307220	307208	1	307200	307208	0	614400	0	-8	307220	1	189541	56d3d0869aebe17aeb6bf76d63d685652d13099db73206b2aca5e786eb171d2c
expv.Ani	69	0x008FD108	189541	189529	307220	307208	1	307200	307208	0	614400	0	-8	304116	21845	192494	f78e5680ac4b78a45c12856d01f7c6ece46b6e1a7b82b3f662bd7951e55b501a
expv.Ani	70	0x0092B56D	192494	192482	304116	304104	21845	129344	304104	0	614088	0	-8	255391	16063	161880	b3bfe5cc31133965db7ee40da5492e2fa8c45ef01c22388d7eb03420d87ae124
expv.Ani	71	0x0095A55B	161880	161868	255391	255379	16063	126875	255379	0	614098	0	-8	246639	16617	161574	3b1fa02ed9c3057e6b691f676d2c0b4a3d924967df0ac35e0fb051320d1be2ab
expv.Ani	72	0x00981DB3	161574	161562	246639	246627	16617	113691	246627	0	614152	0	-8	221429	18079	142321	fab4ac3b6a9efc99364208b1cd9a9a8550ebaeddd54691665b764f6f0754a279
expv.Ani	73	0x009A94D9	142321	142309	221429	221417	18079	76785	221417	0	614098	0	-8	212367	16332	138561	c3d21a908d2b4da05b236a6d2c7c5c0c861cabc85b98bc9c4b9f3ec64f1f2df2
expv.Ani	74	0x009CC0CA	138561	138549	212367	212355	16332	81699	212355	0	614132	0	-8	194280	16635	124033	77177c46940bec7fccf1cf80a6ee72d8fcbd186a7eaa24f9144a1b35318045ed
expv.Ani	75	0x009EDE0B	124033	124021	194280	194268	16635	61188	194268	0	614116	0	-8	171381	15868	106429	e91f6ae3ece3eb9d7476be065a9b4fa41edf91b308cfbeba0b47eba05b39606b
expv.Ani	76	0x00A0C28C	106429	106417	171381	171369	15868	44425	171369	0	614112	0	-8	207259	19020	129467	051da894af34c6ff91d0c966cc17f57bf15f5e00970c79718dca190eea7043ee
expv.Ani	77	0x00A26249	129467	129455	207259	207247	19020	55087	207247	0	614138	0	-8	157990	15218	97738	d77e4f0b8f1760dbf55375170a8d16ff3dea58d37a46c104b7cb7468826b8dfd
expv.Ani	78	0x00A45C04	97738	97726	157990	157978	15218	36234	157978	0	614138	0	-8	171094	15547	107727	7265926dedd6a264da173fef19d1896f59c865736b8cc88d41e2b97d1a7196d8
expv.Ani	79	0x00A5D9CE	107727	107715	171094	171082	15547	46706	171082	0	614138	0	-8	169382	15470	106384	96e47b5dec865439b5e798638e3907084bbbc9fc0bdcf72b78ddff3007fd7dfb
expv.Ani	80	0x00A77E9D	106384	106372	169382	169370	15470	45610	169370	0	614138	0	-8	139272	13438	85583	7681e70deb008dcbcbd3e781e85523ff0f8ddb3735bc0fd8a522ab13c0d47777
expv.Ani	81	0x00A91E2D	85583	85571	139272	139260	13438	31756	139260	0	614138	0	-8	158561	14551	99036	384188e9fedc17b6fcbef9f605efd55e98e3e0454cf137c188f46c32864ba184
expv.Ani	82	0x00AA6C7C	99036	99024	158561	158549	14551	42141	158549	0	614114	0	-8	140732	13621	86163	4ce8292d112d8f73f3bcb096bc4b50a06b2e7f23122f82bd1b1986cf721df3ad
expv.Ani	83	0x00ABEF58	86163	86151	140732	140720	13621	31752	140720	0	614130	0	-8	148774	13845	92201	afb38e1e3045d8ff43f59f1238aae0e3f87420f2f64a6e6193390bf20a03c225
expv.Ani	84	0x00AD3FEB	92201	92189	148774	148762	13845	38002	148762	0	614114	0	-8	153577	14226	95335	c5205541cc56b6a6aadaa979181ca03f3d8c4be5abaddc041d607ff4674a9aac
expv.Ani	85	0x00AEA814	95335	95323	153577	153565	14226	39757	153565	0	614128	0	-8	123373	12077	74896	80d7683f95c84d4dd264f689518e4ff5743b249a648d22788b1f2429330d1c78
expv.Ani	86	0x00B01C7B	74896	74884	123373	123361	12077	26745	123361	0	614130	0	-8	146903	13619	90740	0c28e7856813f60e8dc0491e470aad21d4e97410ace755ab3d20dc76dc9e72d3
expv.Ani	87	0x00B1410B	90740	90728	146903	146891	13619	37939	146891	0	614134	0	-8	119028	11688	72181	a2699d6473f2ccbd5f48460174f7f0de59c6afcf938903119c087f8061686345
expv.Ani	88	0x00B2A37F	72181	72169	119028	119016	11688	25512	119016	0	614134	0	-8	130472	12144	81319	89babc7b0280c1c2dfac0ba0cb129ff257ed24f54ffe77d47c6d13de06e2ffc8
expv.Ani	89	0x00B3BD74	81319	81307	130472	130460	12144	33308	130460	0	614134	0	-8	116820	10955	73036	7138e378157a18d09b6ffc0105e6d575a4c0d5cc831b1346c5305a8e0f68f135
expv.Ani	90	0x00B4FB1B	73036	73024	116820	116808	10955	29168	116808	0	614104	0	-8	99453	9813	61190	dcf7aa2f699317d7421cb0f8a8a3809dbd01ed6c5e422929cc64296175163bfc
expv.Ani	91	0x00B61867	61190	61178	99453	99441	9813	20937	99441	0	614100	0	-8	101929	9573	64140	0a1254fceaad439fe638883ef2ea51dd510401a41391b2c9320c02a9e67b2aa6
expv.Ani	92	0x00B7076D	64140	64128	101929	101917	9573	25333	101917	0	614104	0	-8	74567	7355	45755	9454ab1789e24f84d05576cab2f1a107e678bb9445e991f7cee5ea8cc25cd3d9
expv.Ani	93	0x00B801F9	45755	45743	74567	74555	7355	15715	74555	0	614296	0	-8	85351	8036	53723	729c142d262ae75055cb0f592525ad4f3d995bd78280708c769a00dcd2ad10e7
expv.Ani	94	0x00B8B4B4	53723	53711	85351	85339	8036	21051	85339	0	614296	0	-8	79445	7477	50004	d2b55b79e42eb76e88425630079a6177d85b7b17ac30bfea83e4614df43bae74
expv.Ani	95	0x00B9868F	50004	49992	79445	79433	7477	19617	79433	0	614112	0	-8	74761	7024	46870	f6512ee59ff1c7d1d10ef990b74902d2a48741384b10cf3535b5785167eb365c
expv.Ani	96	0x00BA49E3	46870	46858	74761	74749	7024	18557	74749	0	614102	0	-8	76617	7095	48660	8cc94e131f47142e4f66d8cf44dec48af41a7241dae062e0677ec19e364e1d0b
expv.Ani	97	0x00BB00F9	48660	48648	76617	76605	7095	19845	76605	0	614104	0	-8	71847	6868	44420	dc8a0e0d2baf8ec70d59cd9d3e8b09307d6177146f83051c6609417f6f27f08f
expv.Ani	98	0x00BBBF0D	44420	44408	71847	71835	6868	16891	71835	0	614112	0	-8	59352	5622	36423	996c003473ce085a73f39f375ea68c70900cb754c2ad89daf264018f91698e70
expv.Ani	99	0x00BC6C91	36423	36411	59352	59340	5622	14364	59340	0	614110	0	-8	48248	4608	28764	62a60f42c8be974c9932122e3a25188787576249217259d366c073975037ac52
expv.Ani	100	0x00BCFAD8	28764	28752	48248	48236	4608	11372	48236	0	614102	0	-8	27368	2606	16132	cfb967b44ea3b07afbcf998118c4ff46f76335f63acaf2eaf6bbfef7ceb78d89
expv.Ani	101	0x00BD6B34	16132	16120	27368	27356	2606	6508	27356	0	614100	0	-8	6460	652	3797	fe134acc79b39801867f02185a025d6adec21018cff4fbc2e9706518da0764fa
expv.Ani	102	0x00BDAA38	3797	3785	6460	6448	652	1232	6448	0	614104	0	-8	307220	1	234325	dcabeae0b08b4610fd5b4b6d171f86ea9d69b2b7fbf3acd5fe76130b70e2e006
expv.Ani	103	0x00BDB90D	234325	234313	307220	307208	1	307200	307208	0	614400	0	-8	12	0	12	c0ea5218e238dc528831ee5e4bdf79184b3d4ae3f18492c651d9c42bd711c51a
expv.Ani	104	0x00C14C62	12	0	12	0	0	0	0	0	0	skipped_when_size_minus_12_is_zero	unsafe_12_byte_metadata_plus_stale_scratch_tail	12	0	12	e3b0c44298fc1c149afbf4c8996fb92427ae41e4649b934ca495991b7852b855
expv.Ani	105	0x00C14C6E	12	0	12	0	0	0	0	0	0	skipped_when_size_minus_12_is_zero	unsafe_12_byte_metadata_plus_stale_scratch_tail	12	0	12	e3b0c44298fc1c149afbf4c8996fb92427ae41e4649b934ca495991b7852b855
expv.Ani	106	0x00C14C7A	12	0	12	0	0	0	0	0	0	skipped_when_size_minus_12_is_zero	unsafe_12_byte_metadata_plus_stale_scratch_tail	12	0	12	e3b0c44298fc1c149afbf4c8996fb92427ae41e4649b934ca495991b7852b855
expv.Ani	107	0x00C14C86	12	0	12	0	0	0	0	0	0	skipped_when_size_minus_12_is_zero	unsafe_12_byte_metadata_plus_stale_scratch_tail	12	0	12	e3b0c44298fc1c149afbf4c8996fb92427ae41e4649b934ca495991b7852b855
expv.Ani	108	0x00C14C92	12	0	12	0	0	0	0	0	0	skipped_when_size_minus_12_is_zero	unsafe_12_byte_metadata_plus_stale_scratch_tail	12	0	12	e3b0c44298fc1c149afbf4c8996fb92427ae41e4649b934ca495991b7852b855
expv.Ani	109	0x00C14C9E	12	0	12	0	0	0	0	0	0	skipped_when_size_minus_12_is_zero	unsafe_12_byte_metadata_plus_stale_scratch_tail	12	0	12	e3b0c44298fc1c149afbf4c8996fb92427ae41e4649b934ca495991b7852b855
expv.Ani	110	0x00C14CAA	12	0	12	0	0	0	0	0	0	skipped_when_size_minus_12_is_zero	unsafe_12_byte_metadata_plus_stale_scratch_tail	12	0	12	e3b0c44298fc1c149afbf4c8996fb92427ae41e4649b934ca495991b7852b855
expv.Ani	111	0x00C14CB6	12	0	12	0	0	0	0	0	0	skipped_when_size_minus_12_is_zero	unsafe_12_byte_metadata_plus_stale_scratch_tail	12	0	12	e3b0c44298fc1c149afbf4c8996fb92427ae41e4649b934ca495991b7852b855
expv.Ani	112	0x00C14CC2	12	0	12	0	0	0	0	0	0	skipped_when_size_minus_12_is_zero	unsafe_12_byte_metadata_plus_stale_scratch_tail	12	0	12	e3b0c44298fc1c149afbf4c8996fb92427ae41e4649b934ca495991b7852b855
expv.Ani	113	0x00C14CCE	12	0	12	0	0	0	0	0	0	skipped_when_size_minus_12_is_zero	unsafe_12_byte_metadata_plus_stale_scratch_tail	30	1	34	e3b0c44298fc1c149afbf4c8996fb92427ae41e4649b934ca495991b7852b855
expv.Ani	114	0x00C14CDA	34	22	30	18	1	10	18	0	613580	0	-8	308	11	194	76e4cabf9f851e4c23a872c378dcf8879fb102e46b5e3f8ab96fdceb31c3449e
expv.Ani	115	0x00C14CFC	194	182	308	296	11	208	296	0	613592	0	-8	934	37	563	975f549fd69ba9a2ddbf04e604cc3f22db036495c32de2c6e3fbf47d98af98ba
expv.Ani	116	0x00C14DBE	563	551	934	922	37	626	922	0	613592	0	-8	2179	80	1348	e0b82d537675811ecfd48bf12ebeb3b104698e9a968f4a182b4729866dadee29
expv.Ani	117	0x00C14FF1	1348	1336	2179	2167	80	1527	2167	0	613654	0	-8	3742	164	2561	bf01784d9b21d37cd7b013b2075380b33a669312f9e44f25ffe393efa7e82677
expv.Ani	118	0x00C15535	2561	2549	3742	3730	164	2418	3730	0	613656	0	-8	5112	242	3699	7a7e7888b202de7eda0fffe4c2f059e32c7cf07f8be47e948d71bfe70189383b
expv.Ani	119	0x00C15F36	3699	3687	5112	5100	242	3164	5100	0	613656	0	-8	6190	352	4512	ea219dab0428597a10e50f176180cbbca190cadbd5e16422b2ba7f0fa7e532c5
expv.Ani	120	0x00C16DA9	4512	4500	6190	6178	352	3362	6178	0	613654	0	-8	5681	365	4097	69251dc1f5534bd67aceb05f532d4a5f2e6dfb6c5a5500cd2aff79d7113313b0
expv.Ani	121	0x00C17F49	4097	4085	5681	5669	365	2749	5669	0	613588	0	-8	307220	1	236459	cfbeeeccf8f0c231a817664898c8305c10220773de653fff577d1ebe31b0d07e
expv.Ani	122	0x00C18F4A	236459	236447	307220	307208	1	307200	307208	0	614400	0	-8	12	0	12	206672b9e200b143419d81cc3467bde789676b6acb04b56008aeee9be3beec45
expv.Ani	123	0x00C52AF5	12	0	12	0	0	0	0	0	0	skipped_when_size_minus_12_is_zero	unsafe_12_byte_metadata_plus_stale_scratch_tail	12	0	12	e3b0c44298fc1c149afbf4c8996fb92427ae41e4649b934ca495991b7852b855
expv.Ani	124	0x00C52B01	12	0	12	0	0	0	0	0	0	skipped_when_size_minus_12_is_zero	unsafe_12_byte_metadata_plus_stale_scratch_tail	12	0	12	e3b0c44298fc1c149afbf4c8996fb92427ae41e4649b934ca495991b7852b855
expv.Ani	125	0x00C52B0D	12	0	12	0	0	0	0	0	0	skipped_when_size_minus_12_is_zero	unsafe_12_byte_metadata_plus_stale_scratch_tail	12	0	12	e3b0c44298fc1c149afbf4c8996fb92427ae41e4649b934ca495991b7852b855
expv.Ani	126	0x00C52B19	12	0	12	0	0	0	0	0	0	skipped_when_size_minus_12_is_zero	unsafe_12_byte_metadata_plus_stale_scratch_tail	12	0	12	e3b0c44298fc1c149afbf4c8996fb92427ae41e4649b934ca495991b7852b855
expv.Ani	127	0x00C52B25	12	0	12	0	0	0	0	0	0	skipped_when_size_minus_12_is_zero	unsafe_12_byte_metadata_plus_stale_scratch_tail	4194303999	3589929192	4139512566	e3b0c44298fc1c149afbf4c8996fb92427ae41e4649b934ca495991b7852b855
fogg.Ani	1	0x00000024	212328	212316	307220	307208	1	307200	307208	0	614400	0	-8	310	15	227	e9487493f8999dda2a7fb45996dcac3f00dc7b4b00d6915968e43c6d8084c2e9
fogg.Ani	2	0x00033D8C	227	215	310	298	15	178	298	0	291980	0	-8	608	30	334	9d356d8d2db9c5e93da916aa5fa32a17c08981c6fce237e7252a47740c433e52
fogg.Ani	3	0x00033E6F	334	322	608	596	30	356	596	0	291980	0	-8	715	46	592	49e14b7049f9d34c308296508942ef0a08ce8c48011d6e71f177b22159303b4c
fogg.Ani	4	0x00033FBD	592	580	715	703	46	335	703	0	289610	0	-8	715	46	579	c6b34634249c1bbc7993131ff532eadd129f7698f37a402788f2eefdc58ff502
fogg.Ani	5	0x0003420D	579	567	715	703	46	335	703	0	311440	0	-8	608	30	453	750d5a579438f8eb14948f16eac82c7e4ead458071bcac5d341a3d23285f4200
fogg.Ani	6	0x00034450	453	441	608	596	30	356	596	0	360130	0	-8	679	33	462	f44892b0a898daa685a986ce8f0731cc7caa2ef060f4adf00a2b527538f8fde1
fogg.Ani	7	0x00034615	462	450	679	667	33	403	667	0	397264	0	-8	591	41	494	fa680ac8f56b7d39f174067849bcf50bde5bbed0ec215ef8c2e69e5a9c81ab93
fogg.Ani	8	0x000347E3	494	482	591	579	41	251	579	0	397264	0	-8	555	35	452	d96ab931498541c8f943d9f69f741ec020d0d65164361e76fd6b906c4f8e255b
fogg.Ani	9	0x000349D1	452	440	555	543	35	263	543	0	397280	0	-8	448	38	373	dbbe23fdcd3d63fcfc9f7d6b7e1df2850d1247037cfb5380158df34a9b24bc74
fogg.Ani	10	0x00034B95	373	361	448	436	38	132	436	0	397280	0	-8	440	35	360	b14fc0875f7554a9351568433263cda037a9c491bf821d2e0d203c524f99b23c
fogg.Ani	11	0x00034D0A	360	348	440	428	35	148	428	0	398558	0	-8	310	15	192	23c123d09ce1d9a4b8056c36917b391f4cf5e3b836041dbe4780508d127d2197
fogg.Ani	12	0x00034E72	192	180	310	298	15	178	298	0	394716	0	-8	310	15	227	8e1e05beace8f2d9fc7f113afe53af310f39dde7c37d616a26e1dfa41173411e
fogg.Ani	13	0x00034F32	227	215	310	298	15	178	298	0	394716	0	-8	310	15	192	cde8c0cfa6c7a7775143670aad820e38f85fe0c0985713529c36cdcc523e780c
fogg.Ani	14	0x00035015	192	180	310	298	15	178	298	0	394716	0	-8	310	15	227	8e1e05beace8f2d9fc7f113afe53af310f39dde7c37d616a26e1dfa41173411e
fogg.Ani	15	0x000350D5	227	215	310	298	15	178	298	0	394716	0	-8	310	15	192	cde8c0cfa6c7a7775143670aad820e38f85fe0c0985713529c36cdcc523e780c
fogg.Ani	16	0x000351B8	192	180	310	298	15	178	298	0	394716	0	-8	310	15	227	8e1e05beace8f2d9fc7f113afe53af310f39dde7c37d616a26e1dfa41173411e
fogg.Ani	17	0x00035278	227	215	310	298	15	178	298	0	394716	0	-8	266391	26444	146610	cde8c0cfa6c7a7775143670aad820e38f85fe0c0985713529c36cdcc523e780c
fogg.Ani	18	0x0003535B	146610	146598	266391	266379	26444	54827	266379	0	614394	0	-8	12	0	12	88d7f6622fd3f79b5ba33d1b9ab76c6f4e68f8296e8db98e2ef03478acb54e60
fogg.Ani	19	0x0005900D	12	0	12	0	0	0	0	0	0	skipped_when_size_minus_12_is_zero	unsafe_12_byte_metadata_plus_stale_scratch_tail	18796	657	12164	e3b0c44298fc1c149afbf4c8996fb92427ae41e4649b934ca495991b7852b855
fogg.Ani	20	0x00059019	12164	12152	18796	18784	657	13528	18784	0	474064	0	-8	12	0	12	37912615582c54fe06832a9e61c77e8726bc908c6d5e0f1480a80fbb9f5bc2af
fogg.Ani	21	0x0005BF9D	12	0	12	0	0	0	0	0	0	skipped_when_size_minus_12_is_zero	unsafe_12_byte_metadata_plus_stale_scratch_tail	52580	1192	27222	e3b0c44298fc1c149afbf4c8996fb92427ae41e4649b934ca495991b7852b855
fogg.Ani	22	0x0005BFA9	27222	27210	52580	52568	1192	43032	52568	0	540712	0	-8	12	0	12	79d23ad56ba445e9a88bdf20bca9469a2e0e5b331bf3a81314a445ea890d79f1
fogg.Ani	23	0x000629FF	12	0	12	0	0	0	0	0	0	skipped_when_size_minus_12_is_zero	unsafe_12_byte_metadata_plus_stale_scratch_tail	76642	4245	44294	e3b0c44298fc1c149afbf4c8996fb92427ae41e4649b934ca495991b7852b855
fogg.Ani	24	0x00062A0B	44294	44282	76642	76630	4245	42670	76630	0	613630	0	-8	12	0	12	662d25baac3b13c4a4bf822fd454994e28d5d2119efaf6cf3b108a45e07181a7
fogg.Ani	25	0x0006D711	12	0	12	0	0	0	0	0	0	skipped_when_size_minus_12_is_zero	unsafe_12_byte_metadata_plus_stale_scratch_tail	135963	6728	73055	e3b0c44298fc1c149afbf4c8996fb92427ae41e4649b934ca495991b7852b855
fogg.Ani	26	0x0006D71D	73055	73043	135963	135951	6728	82127	135951	0	613630	0	-8	12	0	12	51104e1cbc2d4032b48d981dd6edf9d7fd91f3a763045d3d5ca68755b876ec31
fogg.Ani	27	0x0007F47C	12	0	12	0	0	0	0	0	0	skipped_when_size_minus_12_is_zero	unsafe_12_byte_metadata_plus_stale_scratch_tail	175112	9572	92828	e3b0c44298fc1c149afbf4c8996fb92427ae41e4649b934ca495991b7852b855
fogg.Ani	28	0x0007F488	92828	92816	175112	175100	9572	98524	175100	0	590698	0	-8	12	0	12	7d2e8b364504c3e23794fa3e92fde945b30ee95ffe0b86b4d3b6fd388627fc34
fogg.Ani	29	0x00095F24	12	0	12	0	0	0	0	0	0	skipped_when_size_minus_12_is_zero	unsafe_12_byte_metadata_plus_stale_scratch_tail	179381	12274	101057	e3b0c44298fc1c149afbf4c8996fb92427ae41e4649b934ca495991b7852b855
fogg.Ani	30	0x00095F30	101057	101045	179381	179369	12274	81177	179369	0	613652	0	-8	12	0	12	5dec57bfba24c7f09c453dba51b17fcd8458594f6009d3ad8247a29ae6aaf042
fogg.Ani	31	0x000AE9F1	12	0	12	0	0	0	0	0	0	skipped_when_size_minus_12_is_zero	unsafe_12_byte_metadata_plus_stale_scratch_tail	208747	13678	116443	e3b0c44298fc1c149afbf4c8996fb92427ae41e4649b934ca495991b7852b855
fogg.Ani	32	0x000AE9FD	116443	116431	208747	208735	13678	99311	208735	0	613658	0	-8	12	0	12	da4c490b9c5cd893f5acb0c511018402ee6bbe9101b585d243d07b125234ffb8
fogg.Ani	33	0x000CB0D8	12	0	12	0	0	0	0	0	0	skipped_when_size_minus_12_is_zero	unsafe_12_byte_metadata_plus_stale_scratch_tail	201431	16652	117150	e3b0c44298fc1c149afbf4c8996fb92427ae41e4649b934ca495991b7852b855
fogg.Ani	34	0x000CB0E4	117150	117138	201431	201419	16652	68203	201419	0	614190	0	-8	12	0	12	7e4a66e7e605570f096948b270e5d4860a1d4293821254404c48c7afea0b35ba
fogg.Ani	35	0x000E7A82	12	0	12	0	0	0	0	0	0	skipped_when_size_minus_12_is_zero	unsafe_12_byte_metadata_plus_stale_scratch_tail	248158	17634	138936	e3b0c44298fc1c149afbf4c8996fb92427ae41e4649b934ca495991b7852b855
fogg.Ani	36	0x000E7A8E	138936	138924	248158	248146	17634	107074	248146	0	614190	0	-8	12	0	12	dc92978e9b559f7d2d2b10dc10b20c431f4e8f74ec24bdd85809f2cb283d6b0f
fogg.Ani	37	0x00109946	12	0	12	0	0	0	0	0	0	skipped_when_size_minus_12_is_zero	unsafe_12_byte_metadata_plus_stale_scratch_tail	262968	19127	147794	e3b0c44298fc1c149afbf4c8996fb92427ae41e4649b934ca495991b7852b855
fogg.Ani	38	0x00109952	147794	147782	262968	262956	19127	109940	262956	0	614126	0	-8	12	0	12	e9942524941cb441f4235752b684576ab5469fa693f4e0dbe7e34b74432c13d8
fogg.Ani	39	0x0012DAA4	12	0	12	0	0	0	0	0	0	skipped_when_size_minus_12_is_zero	unsafe_12_byte_metadata_plus_stale_scratch_tail	252983	22052	146483	e3b0c44298fc1c149afbf4c8996fb92427ae41e4649b934ca495991b7852b855
fogg.Ani	40	0x0012DAB0	146483	146471	252983	252971	22052	76555	252971	0	614144	0	-8	12	0	12	5dba08d9b48f2b02c0b05fed75a1df9dfc31cdc0b13ac143e1e132a3d1825cf5
fogg.Ani	41	0x001516E3	12	0	12	0	0	0	0	0	0	skipped_when_size_minus_12_is_zero	unsafe_12_byte_metadata_plus_stale_scratch_tail	282810	20935	162666	e3b0c44298fc1c149afbf4c8996fb92427ae41e4649b934ca495991b7852b855
fogg.Ani	42	0x001516EF	162666	162654	282810	282798	20935	115318	282798	0	614174	0	-8	12	0	12	0ce59bb15c01c063770605ff4d0807bd2923181abdbf9baca9c555144d716d2b
fogg.Ani	43	0x00179259	12	0	12	0	0	0	0	0	0	skipped_when_size_minus_12_is_zero	unsafe_12_byte_metadata_plus_stale_scratch_tail	275342	23448	161095	e3b0c44298fc1c149afbf4c8996fb92427ae41e4649b934ca495991b7852b855
fogg.Ani	44	0x00179265	161095	161083	275342	275330	23448	87746	275330	0	614176	0	-8	307220	1	166478	89cb19ac6b910e7163acfd0661b3a41ec7ea6b72db06569e13c0034bddb63659
fogg.Ani	45	0x001A07AC	166478	166466	307220	307208	1	307200	307208	0	614400	0	-8	307220	1	172435	1f166cadb4aa3017f846a155ecae8d40ed9835a66017928fc1fe9b1bcd250843
fogg.Ani	46	0x001C91FA	172435	172423	307220	307208	1	307200	307208	0	614400	0	-8	307220	1	169693	d67feb12c8ab1fd3172302033f0376c5c88c7c2c0e5e5656ada3e3ae6e99f821
fogg.Ani	47	0x001F338D	169693	169681	307220	307208	1	307200	307208	0	614400	0	-8	307220	1	172500	426ea14837eabdf65f3c67bc86d26b8a740f1321a8286ed93580eca3f0dc3f6a
fogg.Ani	48	0x0021CA6A	172500	172488	307220	307208	1	307200	307208	0	614400	0	-8	307220	1	171304	acc7f66d1f64c369a097d8e1fe7b5dd992fc79daa4a97e737aed5b3356723fa1
fogg.Ani	49	0x00246C3E	171304	171292	307220	307208	1	307200	307208	0	614400	0	-8	307220	1	171078	0ecf229812b67c605e21dd54baebba91dc87be015a5461237dca06659775e5a7
fogg.Ani	50	0x00270966	171078	171066	307220	307208	1	307200	307208	0	614400	0	-8	307220	1	169927	4b509accaf258cc62d3b44e6bcb15e98e8e88de70166671291338874032a7f47
fogg.Ani	51	0x0029A5AC	169927	169915	307220	307208	1	307200	307208	0	614400	0	-8	307220	1	172268	21a7f6345d7067d184d61fed26bd40a97b85161eca914193fac3e0673e698b54
fogg.Ani	52	0x002C3D73	172268	172256	307220	307208	1	307200	307208	0	614400	0	-8	307220	1	167432	191a2a2c5d35be7ed2513aa4a40a9c969c980da5e873c7386df5cd6e1d5e478b
fogg.Ani	53	0x002EDE5F	167432	167420	307220	307208	1	307200	307208	0	614400	0	-8	307220	1	165222	4136e79adec829f4e565ed37144788392f88dbeddabb2671f05a4250a3b09bc7
fogg.Ani	54	0x00316C67	165222	165210	307220	307208	1	307200	307208	0	614400	0	-8	307220	1	157143	5c6672ca4c4afb31404a4bd43e68df204cdeacdbf273a62b74abb038f43b6105
fogg.Ani	55	0x0033F1CD	157143	157131	307220	307208	1	307200	307208	0	614400	0	-8	307220	1	156620	4344e9b7ba206556c24e101ae8208ef8ab9c130535afcd31b27936827c2abe87
fogg.Ani	56	0x003657A4	156620	156608	307220	307208	1	307200	307208	0	614400	0	-8	307220	1	149628	954a7a15c2a6f4e9394f3cd26c446adf91fe01b945af8775957dde9bfd61dfd3
fogg.Ani	57	0x0038BB70	149628	149616	307220	307208	1	307200	307208	0	614400	0	-8	307220	1	147997	ecaf3ca49b9989710910052859a56727e4d1fa9c590e43e866b276dd136a794d
fogg.Ani	58	0x003B03EC	147997	147985	307220	307208	1	307200	307208	0	614400	0	-8	307220	1	137294	46221695ced8ea32d81ff77bd24149c736660143f04086dc7f20b7093eb88a64
fogg.Ani	59	0x003D4609	137294	137282	307220	307208	1	307200	307208	0	614400	0	-8	307220	1	136680	5fd3e841c8dcb5399ee8b492d2dd4997719d9bf83dfb8da6b633895d1d6a1e65
fogg.Ani	60	0x003F5E57	136680	136668	307220	307208	1	307200	307208	0	614400	0	-8	307220	1	123088	323118211c1e6097b9e69f7dc4f683c371ced8e1504e1528c0a21e7f2ad1cb38
fogg.Ani	61	0x0041743F	123088	123076	307220	307208	1	307200	307208	0	614400	0	-8	307220	1	108728	633c155ea55e6bca30bb6645ea91e271be0817f58e98a7a642b1cdf0654ef0f7
fogg.Ani	62	0x0043550F	108728	108716	307220	307208	1	307200	307208	0	614400	0	-8	235826	21905	120704	928e4a51941d29c983d8398ab989e986418682e27b539df0ba5899e8baebe6dc
fogg.Ani	63	0x0044FDC7	120704	120692	235826	235814	21905	60574	235814	0	614394	0	-8	243103	23113	127762	bfdf2f577d27f0e070fda2156b953f93a1fd7e3d6c0cb344c2284943c462d428
fogg.Ani	64	0x0046D547	127762	127750	243103	243091	23113	58187	243091	0	614396	0	-8	210905	20032	104562	f7e3a3c8e32d18c2ad81969f30b47a1886afdbe73f0bfb50f29adaca16e0d2d0
fogg.Ani	65	0x0048C859	104562	104550	210905	210893	20032	50637	210893	0	614236	0	-8	196169	17797	98133	957674264e805fed30ad1ad4e181ccb42fe00e21bc6c13eedd2c1db20098faa6
fogg.Ani	66	0x004A60CB	98133	98121	196169	196157	17797	53781	196157	0	614230	0	-8	143009	14229	69937	a336668b4ddd9a23145ae46df15e0b1b8f671da0ee6386d546ebba1e83449860
fogg.Ani	67	0x004BE020	69937	69925	143009	142997	14229	29165	142997	0	614236	0	-8	138731	12209	64789	3aaf6c38ab86ec33a2cbbf21f9e1df4ca20568578ca154e1c5c2b626232c1372
fogg.Ani	68	0x004CF151	64789	64777	138731	138719	12209	41047	138719	0	614226	0	-8	164856	12804	78685	6afb20f5809e5d4929c4361324d8c3c5dfbcb01d5c8f1e5fdf118b3a8d38c53b
fogg.Ani	69	0x004DEE66	78685	78673	164856	164844	12804	62412	164844	0	614230	0	-8	94096	8719	45066	8f84cdac71d21aeb067356e97bf79721885e1e32febeb97cfc0b7be520ee3be8
fogg.Ani	70	0x004F21C3	45066	45054	94096	94084	8719	24332	94084	0	614230	0	-8	104709	9741	50324	4bd684bb21f87dcb55c3184c422707f6928deb3664bc7b1d971e3a5258c5c5c6
fogg.Ani	71	0x004FD1CD	50324	50312	104709	104697	9741	26769	104697	0	614230	0	-8	63854	5767	28645	9498085dec63c0b2c69718405e51a1eb47e23d6594579c04cdb9514c7e08e1f3
fogg.Ani	72	0x00509661	28645	28633	63854	63842	5767	17706	63842	0	614218	0	-8	80392	7170	35924	2626efcf3fa5b760e593896e125031d04b46915ce07d2c1fd94df0d7e0b689fb
fogg.Ani	73	0x00510646	35924	35912	80392	80380	7170	23020	80380	0	614216	0	-8	88886	7470	39849	95136273ca38868ee428fde606e300696ac09ca39ae46cb1dfdb1fd41f600468
fogg.Ani	74	0x0051929A	39849	39837	88886	88874	7470	29114	88874	0	614216	0	-8	12	0	12	e2af39104fd15cc0f68b67eda14ccb90924b13586394661b48ec774e5839f584
fogg.Ani	75	0x00522E43	12	0	12	0	0	0	0	0	0	skipped_when_size_minus_12_is_zero	unsafe_12_byte_metadata_plus_stale_scratch_tail	75488	6359	32720	e3b0c44298fc1c149afbf4c8996fb92427ae41e4649b934ca495991b7852b855
fogg.Ani	76	0x00522E4F	32720	32708	75488	75476	6359	24604	75476	0	614218	0	-8	12	0	12	5f4acaa2c455ce405ae9b802e44852eaeee95d3ad44485f0b1d0f1330bfbba87
fogg.Ani	77	0x0052AE1F	12	0	12	0	0	0	0	0	0	skipped_when_size_minus_12_is_zero	unsafe_12_byte_metadata_plus_stale_scratch_tail	6004480	1660969835	1246888018	e3b0c44298fc1c149afbf4c8996fb92427ae41e4649b934ca495991b7852b855
kungfu.Ani	1	0x00000024	1229	1217	307220	307208	1	307200	307208	0	614400	0	-8	269488	5805	85971	88be5da8936531e16a00e242a7fccca9b79d703c3ba4191696aa5149d6e00485
kungfu.Ani	2	0x000004F1	85971	85959	269488	269476	5805	223036	269476	0	546560	0	-8	306993	11029	149920	0eab8bb84ec6b967c0671cb3e7c6eccf117995622ba809615532a809f85b7488
kungfu.Ani	3	0x000154C4	149920	149908	306993	306981	11029	218749	306981	0	546560	0	-8	278675	6496	171657	1ce468d77512c6bf63d024a4ca8c4d3f86ca19e334751d80f1c59e54784cad52
kungfu.Ani	4	0x00039E64	171657	171645	278675	278663	6496	226695	278663	0	546560	0	-8	272597	5131	180364	3687cf275c14cc8ceb4100ddee51f9a500ffbfe84f9b3eb6a6e8e6af1331c14e
kungfu.Ani	5	0x00063CED	180364	180352	272597	272585	5131	231537	272585	0	546560	0	-8	269217	4636	188815	8ea6c5243316c6809b4b6d87f6e491e2307e203d1ab5f2a0eddb4deeb789f31d
kungfu.Ani	6	0x0008FD79	188815	188803	269217	269205	4636	232117	269205	0	546560	0	-8	285037	7406	205218	a95cfa411ceafb07d1dbfc3753d4f922b424bef205c597fb7c1fa1f40f853116
kungfu.Ani	7	0x000BDF08	205218	205206	285037	285025	7406	225777	285025	0	546560	0	-8	304688	10349	228744	e41019f6a985357163df9d1403b88f08f12a5fd6eea556e2a81cb27cf5b36951
kungfu.Ani	8	0x000F00AA	228744	228732	304688	304676	10349	221884	304676	0	546560	0	-8	298508	9495	220942	5b679dce778adcf77dfb823984528faa323bd5a18df9199a7ee444f12237c161
kungfu.Ani	9	0x00127E32	220942	220930	298508	298496	9495	222536	298496	0	546560	0	-8	266669	4225	211452	27e96c6d44899f6e01ec42e6c0e0296483b8310d082dac11309b7ecd2a7f3fb2
kungfu.Ani	10	0x0015DD40	211452	211440	266669	266657	4225	232857	266657	0	546560	0	-8	295329	9979	239573	0e3f1d1cb0161a2cc32b6614d87b6fb0e8fbc7edb8449b9e12786b0c5f9f4b7b
kungfu.Ani	11	0x0019173C	239573	239561	295329	295317	9979	215485	295317	0	546560	0	-8	12	0	12	036396cfc1d5b4fa31a87a30b5ff2ef19dbd76d3f1d70742aaf3998d8c380fbb
kungfu.Ani	12	0x001CBF11	12	0	12	0	0	0	0	0	0	skipped_when_size_minus_12_is_zero	unsafe_12_byte_metadata_plus_stale_scratch_tail	12	0	12	e3b0c44298fc1c149afbf4c8996fb92427ae41e4649b934ca495991b7852b855
kungfu.Ani	13	0x001CBF1D	12	0	12	0	0	0	0	0	0	skipped_when_size_minus_12_is_zero	unsafe_12_byte_metadata_plus_stale_scratch_tail	12	0	12	e3b0c44298fc1c149afbf4c8996fb92427ae41e4649b934ca495991b7852b855
kungfu.Ani	14	0x001CBF29	12	0	12	0	0	0	0	0	0	skipped_when_size_minus_12_is_zero	unsafe_12_byte_metadata_plus_stale_scratch_tail	83	7	84	e3b0c44298fc1c149afbf4c8996fb92427ae41e4649b934ca495991b7852b855
kungfu.Ani	15	0x001CBF35	84	72	83	71	7	15	71	0	305630	0	-8	83	7	82	820f29a9c0c1f80e5fdcab54ec5b74f1af338d2ccb05092a6ed6334ec9c1e4e6
kungfu.Ani	16	0x001CBF89	82	70	83	71	7	15	71	0	305630	0	-8	12	0	12	56cda44a88e472c06f8b9e8fc62c232491cad6da5fee0538b5aa3fe2b196dd23
kungfu.Ani	17	0x001CBFDB	12	0	12	0	0	0	0	0	0	skipped_when_size_minus_12_is_zero	unsafe_12_byte_metadata_plus_stale_scratch_tail	12	0	12	e3b0c44298fc1c149afbf4c8996fb92427ae41e4649b934ca495991b7852b855
kungfu.Ani	18	0x001CBFE7	12	0	12	0	0	0	0	0	0	skipped_when_size_minus_12_is_zero	unsafe_12_byte_metadata_plus_stale_scratch_tail	12	0	12	e3b0c44298fc1c149afbf4c8996fb92427ae41e4649b934ca495991b7852b855
kungfu.Ani	19	0x001CBFF3	12	0	12	0	0	0	0	0	0	skipped_when_size_minus_12_is_zero	unsafe_12_byte_metadata_plus_stale_scratch_tail	12	0	12	e3b0c44298fc1c149afbf4c8996fb92427ae41e4649b934ca495991b7852b855
kungfu.Ani	20	0x001CBFFF	12	0	12	0	0	0	0	0	0	skipped_when_size_minus_12_is_zero	unsafe_12_byte_metadata_plus_stale_scratch_tail	12	0	12	e3b0c44298fc1c149afbf4c8996fb92427ae41e4649b934ca495991b7852b855
kungfu.Ani	21	0x001CC00B	12	0	12	0	0	0	0	0	0	skipped_when_size_minus_12_is_zero	unsafe_12_byte_metadata_plus_stale_scratch_tail	12	0	12	e3b0c44298fc1c149afbf4c8996fb92427ae41e4649b934ca495991b7852b855
kungfu.Ani	22	0x001CC017	12	0	12	0	0	0	0	0	0	skipped_when_size_minus_12_is_zero	unsafe_12_byte_metadata_plus_stale_scratch_tail	12	0	12	e3b0c44298fc1c149afbf4c8996fb92427ae41e4649b934ca495991b7852b855
kungfu.Ani	23	0x001CC023	12	0	12	0	0	0	0	0	0	skipped_when_size_minus_12_is_zero	unsafe_12_byte_metadata_plus_stale_scratch_tail	12	0	12	e3b0c44298fc1c149afbf4c8996fb92427ae41e4649b934ca495991b7852b855
kungfu.Ani	24	0x001CC02F	12	0	12	0	0	0	0	0	0	skipped_when_size_minus_12_is_zero	unsafe_12_byte_metadata_plus_stale_scratch_tail	12	0	12	e3b0c44298fc1c149afbf4c8996fb92427ae41e4649b934ca495991b7852b855
kungfu.Ani	25	0x001CC03B	12	0	12	0	0	0	0	0	0	skipped_when_size_minus_12_is_zero	unsafe_12_byte_metadata_plus_stale_scratch_tail	12	0	12	e3b0c44298fc1c149afbf4c8996fb92427ae41e4649b934ca495991b7852b855
kungfu.Ani	26	0x001CC047	12	0	12	0	0	0	0	0	0	skipped_when_size_minus_12_is_zero	unsafe_12_byte_metadata_plus_stale_scratch_tail	12	0	12	e3b0c44298fc1c149afbf4c8996fb92427ae41e4649b934ca495991b7852b855
kungfu.Ani	27	0x001CC053	12	0	12	0	0	0	0	0	0	skipped_when_size_minus_12_is_zero	unsafe_12_byte_metadata_plus_stale_scratch_tail	12	0	12	e3b0c44298fc1c149afbf4c8996fb92427ae41e4649b934ca495991b7852b855
kungfu.Ani	28	0x001CC05F	12	0	12	0	0	0	0	0	0	skipped_when_size_minus_12_is_zero	unsafe_12_byte_metadata_plus_stale_scratch_tail	12	0	12	e3b0c44298fc1c149afbf4c8996fb92427ae41e4649b934ca495991b7852b855
kungfu.Ani	29	0x001CC06B	12	0	12	0	0	0	0	0	0	skipped_when_size_minus_12_is_zero	unsafe_12_byte_metadata_plus_stale_scratch_tail	12	0	12	e3b0c44298fc1c149afbf4c8996fb92427ae41e4649b934ca495991b7852b855
kungfu.Ani	30	0x001CC077	12	0	12	0	0	0	0	0	0	skipped_when_size_minus_12_is_zero	unsafe_12_byte_metadata_plus_stale_scratch_tail	12	0	12	e3b0c44298fc1c149afbf4c8996fb92427ae41e4649b934ca495991b7852b855
kungfu.Ani	31	0x001CC083	12	0	12	0	0	0	0	0	0	skipped_when_size_minus_12_is_zero	unsafe_12_byte_metadata_plus_stale_scratch_tail	12	0	12	e3b0c44298fc1c149afbf4c8996fb92427ae41e4649b934ca495991b7852b855
kungfu.Ani	32	0x001CC08F	12	0	12	0	0	0	0	0	0	skipped_when_size_minus_12_is_zero	unsafe_12_byte_metadata_plus_stale_scratch_tail	12	0	12	e3b0c44298fc1c149afbf4c8996fb92427ae41e4649b934ca495991b7852b855
kungfu.Ani	33	0x001CC09B	12	0	12	0	0	0	0	0	0	skipped_when_size_minus_12_is_zero	unsafe_12_byte_metadata_plus_stale_scratch_tail	83	7	84	e3b0c44298fc1c149afbf4c8996fb92427ae41e4649b934ca495991b7852b855
kungfu.Ani	34	0x001CC0A7	84	72	83	71	7	15	71	0	305630	0	-8	243771	667	178780	820f29a9c0c1f80e5fdcab54ec5b74f1af338d2ccb05092a6ed6334ec9c1e4e6
kungfu.Ani	35	0x001CC0FB	178780	178768	243771	243759	667	238423	243759	0	546560	0	-8	307220	1	180356	86f1a469a24bc8c0c29570426e7ad9efb561221d58446d68c31318f52307fe4f
kungfu.Ani	36	0x001F7B57	180356	180344	307220	307208	1	307200	307208	0	614400	0	-8	307220	1	186776	86ad44046666d5f7278847178a2765a719fd0b5780160b0db1878466372e0e62
kungfu.Ani	37	0x00223BDB	186776	186764	307220	307208	1	307200	307208	0	614400	0	-8	250910	1796	216418	1e0e27fe5c68e8df9cae8f918117fba81c81c5054b3ee6139efea7043d6ebe4f
kungfu.Ani	38	0x00251573	216418	216406	250910	250898	1796	236530	250898	0	546560	0	-8	45575	1034	33900	b7ac4b7e2579ada4ce193b445761df9374edfee1ae865a2a3c625d41b2da08a3
kungfu.Ani	39	0x002862D5	33900	33888	45575	45563	1034	37291	45563	0	360540	0	-8	34323	1127	25179	d5df93aef012a297456952f6ad466ec0d97c42e8d4eda4ce46bfd70e6a057a74
kungfu.Ani	40	0x0028E741	25179	25167	34323	34311	1127	25295	34311	0	360540	0	-8	12326	584	9768	e0999790a69b28e2bc64d3f5a0a99f82b1fb2fb8613222adca5067b5a19a58ed
kungfu.Ani	41	0x0029499C	9768	9756	12326	12314	584	7642	12314	0	297720	0	-8	3325	199	2954	a4a96d67b0cf5b02c4314d2aea3e47066c16f81ebef487a2edb62e0d6376dbaa
kungfu.Ani	42	0x00296FC4	2954	2942	3325	3313	199	1721	3313	0	291322	0	-8	12	0	12	27b622f2cf2df15a9367320604810daf417241a69c9b419ec22ab3da205e14fa
kungfu.Ani	43	0x00297B4E	12	0	12	0	0	0	0	0	0	skipped_when_size_minus_12_is_zero	unsafe_12_byte_metadata_plus_stale_scratch_tail	12	0	12	e3b0c44298fc1c149afbf4c8996fb92427ae41e4649b934ca495991b7852b855
kungfu.Ani	44	0x00297B5A	12	0	12	0	0	0	0	0	0	skipped_when_size_minus_12_is_zero	unsafe_12_byte_metadata_plus_stale_scratch_tail	12	0	12	e3b0c44298fc1c149afbf4c8996fb92427ae41e4649b934ca495991b7852b855
kungfu.Ani	45	0x00297B66	12	0	12	0	0	0	0	0	0	skipped_when_size_minus_12_is_zero	unsafe_12_byte_metadata_plus_stale_scratch_tail	3906	249	3365	e3b0c44298fc1c149afbf4c8996fb92427ae41e4649b934ca495991b7852b855
kungfu.Ani	46	0x00297B72	3365	3353	3906	3894	249	1902	3894	0	369332	0	-8	3936	253	3384	8d083b27ee058d24098589f474b47864e568cdae1e756d1406635d206871f2e0
kungfu.Ani	47	0x00298897	3384	3372	3936	3924	253	1900	3924	0	370614	0	-8	3654	205	3215	25e3620ef4150c414a121a07de1660e5aaa4973a11a960807ae2deef63c49ccd
kungfu.Ani	48	0x002995CF	3215	3203	3654	3642	205	2002	3642	0	373178	0	-8	3864	213	3384	2ed89cb803d9ef4a5ee58a4db415a57e4947150f16c4268e789abf2fc144bbc1
kungfu.Ani	49	0x0029A25E	3384	3372	3864	3852	213	2148	3852	0	377024	0	-8	3860	196	3414	f6fafbbc11965e10917a17bb61c43b7ba6bf4d30ddd1984eb651d599f8904016
kungfu.Ani	50	0x0029AF96	3414	3402	3860	3848	196	2280	3848	0	382152	0	-8	4438	236	3862	bc9f791e32e7bc8333cc2f4c36dd775b91e241e7673f5560c039c6535a15bfdc
kungfu.Ani	51	0x0029BCEC	3862	3850	4438	4426	236	2538	4426	0	388562	0	-8	4188	212	3742	b3b222995af3001b7c71c870dd9f27e720145eaa171656575014dc9a14f521d3
kungfu.Ani	52	0x0029CC02	3742	3730	4188	4176	212	2480	4176	0	396254	0	-8	4076	208	3636	8884812fdc3039eb5529cf0378699af80cc00f9372ebc8877dc06a632e4db200
kungfu.Ani	53	0x0029DAA0	3636	3624	4076	4064	208	2400	4064	0	405228	0	-8	4186	227	3650	eae32aaa026404f8c3cb01e249d4d327b6a4dd7c93104060e2e79427d4b2951c
kungfu.Ani	54	0x0029E8D4	3650	3638	4186	4174	227	2358	4174	0	412912	0	-8	4636	218	4089	a81211a88c29f3d0d442ec8a42b980e3820faf60ebf475f2eb794aaf8f736bcd
kungfu.Ani	55	0x0029F716	4089	4077	4636	4624	218	2880	4624	0	432118	0	-8	3958	225	3499	2548a34bdc6a1b75772c286c2f4b834162fc3b10048d31e1874b0bf81a2dbbb0
kungfu.Ani	56	0x002A070F	3499	3487	3958	3946	225	2146	3946	0	432118	0	-8	83	7	84	9a573a9c917d69d7a75ba48fb5512ecc5487f8ed947eca60d558c0ebaae72d52
kungfu.Ani	57	0x002A14BA	84	72	83	71	7	15	71	0	305630	0	-8	177	13	171	820f29a9c0c1f80e5fdcab54ec5b74f1af338d2ccb05092a6ed6334ec9c1e4e6
kungfu.Ani	58	0x002A150E	171	159	177	165	13	61	165	0	369328	0	-8	257	11	242	c8e42bd38084b42901387526eda9a2880c1dceb9b83cca43569c660c50eb6316
kungfu.Ani	59	0x002A15B9	242	230	257	245	11	157	245	0	369328	0	-8	317	10	307	2c333bf595983072e033ad74c831ea61479170044dd6ad67969a9bae03fce5c0
kungfu.Ani	60	0x002A16AB	307	295	317	305	10	225	305	0	362950	0	-8	367	9	338	8dbf8245af9d5a33cfcd3deba27f501bac52e19d38825b1a297da98a29096f78
kungfu.Ani	61	0x002A17DE	338	326	367	355	9	283	355	0	357846	0	-8	284	10	267	5ba20c10635aeee90676fd7f83f74c95a9265563de84456d09142b3dac0dc011
kungfu.Ani	62	0x002A1930	267	255	284	272	10	192	272	0	352730	0	-8	271	11	249	a82481ceac3d981fd6f12fc4a87e24251263cea595c1140b6ec5ad77635ef761
kungfu.Ani	63	0x002A1A3B	249	237	271	259	11	171	259	0	348884	0	-8	316	12	297	6ce76ca887db641106df3a635f78a72c5722aba7e7135e3318244a8013da2336
kungfu.Ani	64	0x002A1B34	297	285	316	304	12	208	304	0	346318	0	-8	190	9	194	41bd33a35352267569a6d245399131b7bc76d50617cfe691bb6036e9da3f1bc0
kungfu.Ani	65	0x002A1C5D	194	182	190	178	9	106	178	0	341192	0	-8	12	0	12	28dffb1be5b6e269dfda15a628aaea847dd6fb9528c5471168c3d18c72314341
kungfu.Ani	66	0x002A1D1F	12	0	12	0	0	0	0	0	0	skipped_when_size_minus_12_is_zero	unsafe_12_byte_metadata_plus_stale_scratch_tail	19134	1555	13479	e3b0c44298fc1c149afbf4c8996fb92427ae41e4649b934ca495991b7852b855
kungfu.Ani	67	0x002A1D2B	13479	13467	19134	19122	1555	6682	19122	0	443528	0	-8	19805	1245	15932	83e9c7a9e90a46e1e1e8f009b996ae419797a74b2188fa5e342c1da804525da6
kungfu.Ani	68	0x002A51D2	15932	15920	19805	19793	1245	9833	19793	0	443528	0	-8	20432	1277	16687	db87adb99914bd6663d2a78a89fe5aa6ad3c871468fce9d7e27fcf0c89234b28
kungfu.Ani	69	0x002A900E	16687	16675	20432	20420	1277	10204	20420	0	443528	0	-8	21210	1404	16489	59277dc1d6e5fec4386e225a4358d0d0727347cb496da426b76b65969d485c0a
kungfu.Ani	70	0x002AD13D	16489	16477	21210	21198	1404	9966	21198	0	443528	0	-8	19563	1197	14468	dc4810b97592610685d6eed352c08dfe334ed3721ea9f90cf32382eaa2ae1829
kungfu.Ani	71	0x002B11A6	14468	14456	19563	19551	1197	9975	19551	0	443528	0	-8	18654	1470	12535	ed3d761db9287a4cef44806e79bd82aa3502720046ac3c51356450eab50aa0cc
kungfu.Ani	72	0x002B4A2A	12535	12523	18654	18642	1470	6882	18642	0	443528	0	-8	12	0	12	1b619aa0211e8f6fce7f557f42291264d47f77a1ce22fdcedc8d9c26e8499029
kungfu.Ani	73	0x002B7B21	12	0	12	0	0	0	0	0	0	skipped_when_size_minus_12_is_zero	unsafe_12_byte_metadata_plus_stale_scratch_tail	12	0	12	e3b0c44298fc1c149afbf4c8996fb92427ae41e4649b934ca495991b7852b855
kungfu.Ani	74	0x002B7B2D	12	0	12	0	0	0	0	0	0	skipped_when_size_minus_12_is_zero	unsafe_12_byte_metadata_plus_stale_scratch_tail	12	0	12	e3b0c44298fc1c149afbf4c8996fb92427ae41e4649b934ca495991b7852b855
kungfu.Ani	75	0x002B7B39	12	0	12	0	0	0	0	0	0	skipped_when_size_minus_12_is_zero	unsafe_12_byte_metadata_plus_stale_scratch_tail	12	0	12	e3b0c44298fc1c149afbf4c8996fb92427ae41e4649b934ca495991b7852b855
kungfu.Ani	76	0x002B7B45	12	0	12	0	0	0	0	0	0	skipped_when_size_minus_12_is_zero	unsafe_12_byte_metadata_plus_stale_scratch_tail	12	0	12	e3b0c44298fc1c149afbf4c8996fb92427ae41e4649b934ca495991b7852b855
kungfu.Ani	77	0x002B7B51	12	0	12	0	0	0	0	0	0	skipped_when_size_minus_12_is_zero	unsafe_12_byte_metadata_plus_stale_scratch_tail	12	0	12	e3b0c44298fc1c149afbf4c8996fb92427ae41e4649b934ca495991b7852b855
kungfu.Ani	78	0x002B7B5D	12	0	12	0	0	0	0	0	0	skipped_when_size_minus_12_is_zero	unsafe_12_byte_metadata_plus_stale_scratch_tail	12	0	12	e3b0c44298fc1c149afbf4c8996fb92427ae41e4649b934ca495991b7852b855
kungfu.Ani	79	0x002B7B69	12	0	12	0	0	0	0	0	0	skipped_when_size_minus_12_is_zero	unsafe_12_byte_metadata_plus_stale_scratch_tail	12	0	12	e3b0c44298fc1c149afbf4c8996fb92427ae41e4649b934ca495991b7852b855
kungfu.Ani	80	0x002B7B75	12	0	12	0	0	0	0	0	0	skipped_when_size_minus_12_is_zero	unsafe_12_byte_metadata_plus_stale_scratch_tail	12	0	12	e3b0c44298fc1c149afbf4c8996fb92427ae41e4649b934ca495991b7852b855
kungfu.Ani	81	0x002B7B81	12	0	12	0	0	0	0	0	0	skipped_when_size_minus_12_is_zero	unsafe_12_byte_metadata_plus_stale_scratch_tail	12	0	12	e3b0c44298fc1c149afbf4c8996fb92427ae41e4649b934ca495991b7852b855
kungfu.Ani	82	0x002B7B8D	12	0	12	0	0	0	0	0	0	skipped_when_size_minus_12_is_zero	unsafe_12_byte_metadata_plus_stale_scratch_tail	12	0	12	e3b0c44298fc1c149afbf4c8996fb92427ae41e4649b934ca495991b7852b855
kungfu.Ani	83	0x002B7B99	12	0	12	0	0	0	0	0	0	skipped_when_size_minus_12_is_zero	unsafe_12_byte_metadata_plus_stale_scratch_tail	12	0	12	e3b0c44298fc1c149afbf4c8996fb92427ae41e4649b934ca495991b7852b855
kungfu.Ani	84	0x002B7BA5	12	0	12	0	0	0	0	0	0	skipped_when_size_minus_12_is_zero	unsafe_12_byte_metadata_plus_stale_scratch_tail	12	0	12	e3b0c44298fc1c149afbf4c8996fb92427ae41e4649b934ca495991b7852b855
kungfu.Ani	85	0x002B7BB1	12	0	12	0	0	0	0	0	0	skipped_when_size_minus_12_is_zero	unsafe_12_byte_metadata_plus_stale_scratch_tail	13361	979	9594	e3b0c44298fc1c149afbf4c8996fb92427ae41e4649b934ca495991b7852b855
kungfu.Ani	86	0x002B7BBD	9594	9582	13361	13349	979	5517	13349	0	443528	0	-8	12334	624	10507	ff3dd922594f7194feb798537037c14ceba56b9bb7c8093dead588af91e2630f
kungfu.Ani	87	0x002BA137	10507	10495	12334	12322	624	7330	12322	0	443528	0	-8	13126	734	11072	938eafcd30b525954b8f042df132f328cec388cbec8f765f3a7b350d7c91aa9f
kungfu.Ani	88	0x002BCA42	11072	11060	13126	13114	734	7242	13114	0	443528	0	-8	13116	739	10932	951ef011fb921b08a6f852bbea233a5ace85cdab69a26d140ea469dce0c2e06c
kungfu.Ani	89	0x002BF582	10932	10920	13116	13104	739	7192	13104	0	443528	0	-8	12392	632	9750	a1f906b9a280329eea7d81cb4aa294fcd6d709492299db5e49a3e82df2c59a6e
kungfu.Ani	90	0x002C2036	9750	9738	12392	12380	632	7324	12380	0	443528	0	-8	13747	1048	9584	a2b4bd4c686d28aea657ffe3357cb195c6b7e665bda610fddfe9257bba2e5290
kungfu.Ani	91	0x002C464C	9584	9572	13747	13735	1048	5351	13735	0	443528	0	-8	12	0	12	2e60b68f3dfd974407a70f3e939a024b56352011e34c4990cd0751506b4f4487
kungfu.Ani	92	0x002C6BBC	12	0	12	0	0	0	0	0	0	skipped_when_size_minus_12_is_zero	unsafe_12_byte_metadata_plus_stale_scratch_tail	12	0	12	e3b0c44298fc1c149afbf4c8996fb92427ae41e4649b934ca495991b7852b855
kungfu.Ani	93	0x002C6BC8	12	0	12	0	0	0	0	0	0	skipped_when_size_minus_12_is_zero	unsafe_12_byte_metadata_plus_stale_scratch_tail	12	0	12	e3b0c44298fc1c149afbf4c8996fb92427ae41e4649b934ca495991b7852b855
kungfu.Ani	94	0x002C6BD4	12	0	12	0	0	0	0	0	0	skipped_when_size_minus_12_is_zero	unsafe_12_byte_metadata_plus_stale_scratch_tail	12	0	12	e3b0c44298fc1c149afbf4c8996fb92427ae41e4649b934ca495991b7852b855
kungfu.Ani	95	0x002C6BE0	12	0	12	0	0	0	0	0	0	skipped_when_size_minus_12_is_zero	unsafe_12_byte_metadata_plus_stale_scratch_tail	12	0	12	e3b0c44298fc1c149afbf4c8996fb92427ae41e4649b934ca495991b7852b855
kungfu.Ani	96	0x002C6BEC	12	0	12	0	0	0	0	0	0	skipped_when_size_minus_12_is_zero	unsafe_12_byte_metadata_plus_stale_scratch_tail	12	0	12	e3b0c44298fc1c149afbf4c8996fb92427ae41e4649b934ca495991b7852b855
kungfu.Ani	97	0x002C6BF8	12	0	12	0	0	0	0	0	0	skipped_when_size_minus_12_is_zero	unsafe_12_byte_metadata_plus_stale_scratch_tail	12	0	12	e3b0c44298fc1c149afbf4c8996fb92427ae41e4649b934ca495991b7852b855
kungfu.Ani	98	0x002C6C04	12	0	12	0	0	0	0	0	0	skipped_when_size_minus_12_is_zero	unsafe_12_byte_metadata_plus_stale_scratch_tail	12	0	12	e3b0c44298fc1c149afbf4c8996fb92427ae41e4649b934ca495991b7852b855
kungfu.Ani	99	0x002C6C10	12	0	12	0	0	0	0	0	0	skipped_when_size_minus_12_is_zero	unsafe_12_byte_metadata_plus_stale_scratch_tail	12	0	12	e3b0c44298fc1c149afbf4c8996fb92427ae41e4649b934ca495991b7852b855
kungfu.Ani	100	0x002C6C1C	12	0	12	0	0	0	0	0	0	skipped_when_size_minus_12_is_zero	unsafe_12_byte_metadata_plus_stale_scratch_tail	12	0	12	e3b0c44298fc1c149afbf4c8996fb92427ae41e4649b934ca495991b7852b855
kungfu.Ani	101	0x002C6C28	12	0	12	0	0	0	0	0	0	skipped_when_size_minus_12_is_zero	unsafe_12_byte_metadata_plus_stale_scratch_tail	12	0	12	e3b0c44298fc1c149afbf4c8996fb92427ae41e4649b934ca495991b7852b855
kungfu.Ani	102	0x002C6C34	12	0	12	0	0	0	0	0	0	skipped_when_size_minus_12_is_zero	unsafe_12_byte_metadata_plus_stale_scratch_tail	12	0	12	e3b0c44298fc1c149afbf4c8996fb92427ae41e4649b934ca495991b7852b855
kungfu.Ani	103	0x002C6C40	12	0	12	0	0	0	0	0	0	skipped_when_size_minus_12_is_zero	unsafe_12_byte_metadata_plus_stale_scratch_tail	12	0	12	e3b0c44298fc1c149afbf4c8996fb92427ae41e4649b934ca495991b7852b855
kungfu.Ani	104	0x002C6C4C	12	0	12	0	0	0	0	0	0	skipped_when_size_minus_12_is_zero	unsafe_12_byte_metadata_plus_stale_scratch_tail	10589	815	7686	e3b0c44298fc1c149afbf4c8996fb92427ae41e4649b934ca495991b7852b855
kungfu.Ani	105	0x002C6C58	7686	7674	10589	10577	815	4057	10577	0	401484	0	-8	9704	535	8080	21e307e5bcd22b88249f70a6a44d5fd6a7da1da15c2dd4af173430008a8976d6
kungfu.Ani	106	0x002C8A5E	8080	8068	9704	9692	535	5412	9692	0	401484	0	-8	10144	593	8541	5417572b0ba8a647db6260bbe700f9d05c1b782f8262f9b25b60ccdd7e1b9e57
kungfu.Ani	107	0x002CA9EE	8541	8529	10144	10132	593	5388	10132	0	401484	0	-8	10126	605	8425	0e719283b6008ae7a74eadd8ce729b52fa88ac5e1b9f2d3c5d0a0def6715803e
kungfu.Ani	108	0x002CCB4B	8425	8413	10126	10114	605	5274	10114	0	401484	0	-8	9709	532	7620	fefda292d1066653c594c77bb3ae663ce6da5a67ac17eefafe1eb5a8d5b6950a
kungfu.Ani	109	0x002CEC34	7620	7608	9709	9697	532	5441	9697	0	401484	0	-8	10672	813	7459	55a88fbe6529337d7e79a1a6d422e842dc39551a5bc731df48383c6d939ad252
kungfu.Ani	110	0x002D09F8	7459	7447	10672	10660	813	4156	10660	0	401484	0	-8	12	0	12	07fa2edf3cfddba623733f15530b5b914deac974eddf685cd3c6ea257faa9dbd
kungfu.Ani	111	0x002D271B	12	0	12	0	0	0	0	0	0	skipped_when_size_minus_12_is_zero	unsafe_12_byte_metadata_plus_stale_scratch_tail	12	0	12	e3b0c44298fc1c149afbf4c8996fb92427ae41e4649b934ca495991b7852b855
kungfu.Ani	112	0x002D2727	12	0	12	0	0	0	0	0	0	skipped_when_size_minus_12_is_zero	unsafe_12_byte_metadata_plus_stale_scratch_tail	12	0	12	e3b0c44298fc1c149afbf4c8996fb92427ae41e4649b934ca495991b7852b855
kungfu.Ani	113	0x002D2733	12	0	12	0	0	0	0	0	0	skipped_when_size_minus_12_is_zero	unsafe_12_byte_metadata_plus_stale_scratch_tail	12	0	12	e3b0c44298fc1c149afbf4c8996fb92427ae41e4649b934ca495991b7852b855
kungfu.Ani	114	0x002D273F	12	0	12	0	0	0	0	0	0	skipped_when_size_minus_12_is_zero	unsafe_12_byte_metadata_plus_stale_scratch_tail	12	0	12	e3b0c44298fc1c149afbf4c8996fb92427ae41e4649b934ca495991b7852b855
kungfu.Ani	115	0x002D274B	12	0	12	0	0	0	0	0	0	skipped_when_size_minus_12_is_zero	unsafe_12_byte_metadata_plus_stale_scratch_tail	121	11	108	e3b0c44298fc1c149afbf4c8996fb92427ae41e4649b934ca495991b7852b855
kungfu.Ani	116	0x002D2757	108	96	121	109	11	21	109	0	269418	0	-8	156	12	152	c62f1a21e9232a97f9d19eacaa32ea3e60f4b209b261ba28567411bc1dbb66aa
kungfu.Ani	117	0x002D27C3	152	140	156	144	12	48	144	0	286068	0	-8	156	12	147	91d2d0edf8da992dd0856b7ff7e08820e39a96afe7393a9bb45771b1a921c9e6
kungfu.Ani	118	0x002D285B	147	135	156	144	12	48	144	0	286068	0	-8	156	12	152	5240bcf0d2d374bc0b011cb6e440034848a7613f4457e630902d185d959063f1
kungfu.Ani	119	0x002D28EE	152	140	156	144	12	48	144	0	286068	0	-8	156	12	147	91d2d0edf8da992dd0856b7ff7e08820e39a96afe7393a9bb45771b1a921c9e6
kungfu.Ani	120	0x002D2986	147	135	156	144	12	48	144	0	286068	0	-8	4133	383	2851	5240bcf0d2d374bc0b011cb6e440034848a7613f4457e630902d185d959063f1
kungfu.Ani	121	0x002D2A19	2851	2839	4133	4121	383	1057	4121	0	347724	0	-8	3775	309	2829	2513d07c544bf428a577ff4a28f07e67aead93af2ef5f467959be2492748811f
kungfu.Ani	122	0x002D353C	2829	2817	3775	3763	309	1291	3763	0	360526	0	-8	3998	310	2980	d81f9fc2c3cea1271f14d2987340a1c494ddd25bf750ec6a4f1dd15505335db5
kungfu.Ani	123	0x002D4049	2980	2968	3998	3986	310	1506	3986	0	361808	0	-8	4065	195	3155	cc0699e0489cd3a6858909d85b915e33d60328369affa9127da6b7fe7ec5133e
kungfu.Ani	124	0x002D4BED	3155	3143	4065	4053	195	2493	4053	0	365648	0	-8	3655	285	2711	7bf26d97239be473183d5a8dcc82ea0a4b9a410626ceca6ebc9529307604668e
kungfu.Ani	125	0x002D5840	2711	2699	3655	3643	285	1363	3643	0	341350	0	-8	3218	244	2410	a2926f5dd43b7a29cbabfd764e3b8957842cf3f41d266c54ad9c0a00b2d3207f
kungfu.Ani	126	0x002D62D7	2410	2398	3218	3206	244	1254	3206	0	341350	0	-8	200	18	179	8e83cc2e4c9f76cc936c23c5db7695cb5b514d3cc862c19ad5ddf0722e41f5a9
kungfu.Ani	127	0x002D6C41	179	167	200	188	18	44	188	0	338778	0	-8	124	11	120	a6063d3a79d739ca91b4f4dbdb6356c034da1a7122800c64754a189861fef1e6
kungfu.Ani	128	0x002D6CF4	120	108	124	112	11	24	112	0	311870	0	-8	560	45	464	9106b42e1b43085d2ac1f8740e80395b5fb6a9f402a005cff86ddbad4ad9dce8
kungfu.Ani	129	0x002D6D6C	464	452	560	548	45	188	548	0	315522	0	-8	588	52	487	9a20ceb98f16f9ed726996e5d723bff512fc8235f82f4cc2b4b8db2821fb6c29
kungfu.Ani	130	0x002D6F3C	487	475	588	576	52	160	576	0	315522	0	-8	547	45	434	ddcd5f5e48f5d5291449b43d861c7b21d48dc3c202af881cfc5514152969bf5e
kungfu.Ani	131	0x002D7123	434	422	547	535	45	175	535	0	316804	0	-8	557	42	446	6ee8f2abda654bb06c2ef376f2bc92927cf3cfd9703277d0a7cefce59da69484
kungfu.Ani	132	0x002D72D5	446	434	557	545	42	209	545	0	321924	0	-8	12	0	12	ce043de8318c5ea1a2fc99fa8f93aeb7e49a20828e02d28663ca9b5b68ee0936
kungfu.Ani	133	0x002D7493	12	0	12	0	0	0	0	0	0	skipped_when_size_minus_12_is_zero	unsafe_12_byte_metadata_plus_stale_scratch_tail	12	0	12	e3b0c44298fc1c149afbf4c8996fb92427ae41e4649b934ca495991b7852b855
kungfu.Ani	134	0x002D749F	12	0	12	0	0	0	0	0	0	skipped_when_size_minus_12_is_zero	unsafe_12_byte_metadata_plus_stale_scratch_tail	12	0	12	e3b0c44298fc1c149afbf4c8996fb92427ae41e4649b934ca495991b7852b855
kungfu.Ani	135	0x002D74AB	12	0	12	0	0	0	0	0	0	skipped_when_size_minus_12_is_zero	unsafe_12_byte_metadata_plus_stale_scratch_tail	12	0	12	e3b0c44298fc1c149afbf4c8996fb92427ae41e4649b934ca495991b7852b855
kungfu.Ani	136	0x002D74B7	12	0	12	0	0	0	0	0	0	skipped_when_size_minus_12_is_zero	unsafe_12_byte_metadata_plus_stale_scratch_tail	12	0	12	e3b0c44298fc1c149afbf4c8996fb92427ae41e4649b934ca495991b7852b855
kungfu.Ani	137	0x002D74C3	12	0	12	0	0	0	0	0	0	skipped_when_size_minus_12_is_zero	unsafe_12_byte_metadata_plus_stale_scratch_tail	14272	1031	10017	e3b0c44298fc1c149afbf4c8996fb92427ae41e4649b934ca495991b7852b855
kungfu.Ani	138	0x002D74CF	10017	10005	14272	14260	1031	6012	14260	0	365648	0	-8	12476	579	10533	295bd5d4c314a152d91527cb3e0c4bd363f1f3b1a55e04975865164f1c1bb21f
kungfu.Ani	139	0x002D9BF0	10533	10521	12476	12464	579	7832	12464	0	365648	0	-8	13363	709	11036	f9353141c78d8e16b83abc39c150e48525a4d443fd8637580fb3277e67f55b0c
kungfu.Ani	140	0x002DC515	11036	11024	13363	13351	709	7679	13351	0	365648	0	-8	13389	714	11162	59e27881a701e8734e463a4727cf7d9ec30b5607ec5be9d5b6d130dc08d3fb2e
kungfu.Ani	141	0x002DF031	11162	11150	13389	13377	714	7665	13377	0	365648	0	-8	12536	593	9893	5f57838c557b73f0e4978fdfd6a2ac235bd37d818174c73928238e6078a1b641
kungfu.Ani	142	0x002E1BCB	9893	9881	12536	12524	593	7780	12524	0	365648	0	-8	14345	1045	10368	d5bb40055c9accc225288020e08ba614581b260c8cd4613b7100000f14a9fd04
kungfu.Ani	143	0x002E4270	10368	10356	14345	14333	1045	5973	14333	0	365648	0	-8	12	0	12	8556a1a633d70bd741322d7dbadcf914565b51b1fe01953eec5d912123fda18f
kungfu.Ani	144	0x002E6AF0	12	0	12	0	0	0	0	0	0	skipped_when_size_minus_12_is_zero	unsafe_12_byte_metadata_plus_stale_scratch_tail	12	0	12	e3b0c44298fc1c149afbf4c8996fb92427ae41e4649b934ca495991b7852b855
kungfu.Ani	145	0x002E6AFC	12	0	12	0	0	0	0	0	0	skipped_when_size_minus_12_is_zero	unsafe_12_byte_metadata_plus_stale_scratch_tail	12	0	12	e3b0c44298fc1c149afbf4c8996fb92427ae41e4649b934ca495991b7852b855
kungfu.Ani	146	0x002E6B08	12	0	12	0	0	0	0	0	0	skipped_when_size_minus_12_is_zero	unsafe_12_byte_metadata_plus_stale_scratch_tail	12	0	12	e3b0c44298fc1c149afbf4c8996fb92427ae41e4649b934ca495991b7852b855
kungfu.Ani	147	0x002E6B14	12	0	12	0	0	0	0	0	0	skipped_when_size_minus_12_is_zero	unsafe_12_byte_metadata_plus_stale_scratch_tail	12	0	12	e3b0c44298fc1c149afbf4c8996fb92427ae41e4649b934ca495991b7852b855
kungfu.Ani	148	0x002E6B20	12	0	12	0	0	0	0	0	0	skipped_when_size_minus_12_is_zero	unsafe_12_byte_metadata_plus_stale_scratch_tail	12	0	12	e3b0c44298fc1c149afbf4c8996fb92427ae41e4649b934ca495991b7852b855
kungfu.Ani	149	0x002E6B2C	12	0	12	0	0	0	0	0	0	skipped_when_size_minus_12_is_zero	unsafe_12_byte_metadata_plus_stale_scratch_tail	12	0	12	e3b0c44298fc1c149afbf4c8996fb92427ae41e4649b934ca495991b7852b855
kungfu.Ani	150	0x002E6B38	12	0	12	0	0	0	0	0	0	skipped_when_size_minus_12_is_zero	unsafe_12_byte_metadata_plus_stale_scratch_tail	12	0	12	e3b0c44298fc1c149afbf4c8996fb92427ae41e4649b934ca495991b7852b855
kungfu.Ani	151	0x002E6B44	12	0	12	0	0	0	0	0	0	skipped_when_size_minus_12_is_zero	unsafe_12_byte_metadata_plus_stale_scratch_tail	12	0	12	e3b0c44298fc1c149afbf4c8996fb92427ae41e4649b934ca495991b7852b855
kungfu.Ani	152	0x002E6B50	12	0	12	0	0	0	0	0	0	skipped_when_size_minus_12_is_zero	unsafe_12_byte_metadata_plus_stale_scratch_tail	12	0	12	e3b0c44298fc1c149afbf4c8996fb92427ae41e4649b934ca495991b7852b855
kungfu.Ani	153	0x002E6B5C	12	0	12	0	0	0	0	0	0	skipped_when_size_minus_12_is_zero	unsafe_12_byte_metadata_plus_stale_scratch_tail	12	0	12	e3b0c44298fc1c149afbf4c8996fb92427ae41e4649b934ca495991b7852b855
kungfu.Ani	154	0x002E6B68	12	0	12	0	0	0	0	0	0	skipped_when_size_minus_12_is_zero	unsafe_12_byte_metadata_plus_stale_scratch_tail	12	0	12	e3b0c44298fc1c149afbf4c8996fb92427ae41e4649b934ca495991b7852b855
kungfu.Ani	155	0x002E6B74	12	0	12	0	0	0	0	0	0	skipped_when_size_minus_12_is_zero	unsafe_12_byte_metadata_plus_stale_scratch_tail	12	0	12	e3b0c44298fc1c149afbf4c8996fb92427ae41e4649b934ca495991b7852b855
kungfu.Ani	156	0x002E6B80	12	0	12	0	0	0	0	0	0	skipped_when_size_minus_12_is_zero	unsafe_12_byte_metadata_plus_stale_scratch_tail	240222	22110	162153	e3b0c44298fc1c149afbf4c8996fb92427ae41e4649b934ca495991b7852b855
kungfu.Ani	157	0x002E6B8C	162153	162141	240222	240210	22110	63330	240210	0	546536	0	-8	307220	1	212544	7a1344ce7e1e50d2ee3d446bfa6d58580e279f5da17c973ea000f6b811ad44ed
kungfu.Ani	158	0x0030E4F5	212544	212532	307220	307208	1	307200	307208	0	614400	0	-8	307220	1	207428	ddffc7d1f5d584477f23b1ca73eb7be7b72ba6a6edef1f85cbf0fe0e1398f1ca
kungfu.Ani	159	0x00342335	207428	207416	307220	307208	1	307200	307208	0	614400	0	-8	307220	1	208749	9e1fb2edf7e7c7f3dc0f8124dc8fcbf119a444949d8cd008073075dc2e70d3cb
kungfu.Ani	160	0x00374D79	208749	208737	307220	307208	1	307200	307208	0	614400	0	-8	307220	1	197400	171fcfcceddce3fe960fc3376e03d8471be1ece8669cc53978fc68bcdc29c0d3
kungfu.Ani	161	0x003A7CE6	197400	197388	307220	307208	1	307200	307208	0	614400	0	-8	237781	21781	157869	5e9dcdbc579c45228857c368f450e1ae0ea9d5cfad5d9cb357bd8e6084754659
kungfu.Ani	162	0x003D7FFE	157869	157857	237781	237769	21781	63521	237769	0	546522	0	-8	123004	7886	97080	3dea76b9c864ba607392e11c22d0124316b287a42ad0dd25992ac3ee9e2cecd3
kungfu.Ani	163	0x003FE8AB	97080	97068	123004	122992	7886	59904	122992	0	546560	0	-8	307220	1	186843	ad66df653df873e2a0c3479450339854a1da42d9f6b1c3d33c832f9c2f234d7c
kungfu.Ani	164	0x004163E3	186843	186831	307220	307208	1	307200	307208	0	614400	0	-8	4136	316	2958	4366fb1c50f03b7f800bf89f825d09427d131741e15168ab228e8dcdeba1fce6
kungfu.Ani	165	0x00443DBE	2958	2946	4136	4124	316	1596	4124	0	348806	0	-8	307220	1	187839	3f524eb3e01eb6b2a86780a2c31cfbe3bbc5000bc337a49cd6abf1a0854a7bfb
kungfu.Ani	166	0x0044494C	187839	187827	307220	307208	1	307200	307208	0	614400	0	-8	292889	26532	195284	936c4cc45e7043fc56dcfba9211f75ae4e13813a3d22d39a74908f75fef41825
kungfu.Ani	167	0x0047270B	195284	195272	292889	292877	26532	80621	292877	0	546462	0	-8	294320	26679	196198	26958b818483f35b2b60c10d73d6165377dab9572915428f5d95eede4ca47e31
kungfu.Ani	168	0x004A21DF	196198	196186	294320	294308	26679	80876	294308	0	546460	0	-8	307220	1	188096	bbc13d22ab63f0e88e7eb6c88df2ddb4b84a31cf85af5052472751e96b94b037
kungfu.Ani	169	0x004D2045	188096	188084	307220	307208	1	307200	307208	0	614400	0	-8	3560	207	2726	5a1bda01cddc562493a3873fc90ab456069e30bca7ded2c621048330c5e9b554
kungfu.Ani	170	0x004FFF05	2726	2714	3560	3548	207	1892	3548	0	357736	0	-8	307220	1	188614	ec59a98124b1bb7d8538a3183e9983810c15ad4e1d64925d9ee952a19feb05f8
kungfu.Ani	171	0x005009AB	188614	188602	307220	307208	1	307200	307208	0	614400	0	-8	307220	1	189262	da05e1f7f8936f3cb65468558fc7455b9b8cac7777416259d99a98b2f58f9803
kungfu.Ani	172	0x0052EA71	189262	189250	307220	307208	1	307200	307208	0	614400	0	-8	307220	1	190707	12e3c4637921747bb73cff89e6c64750f56cc2e8d73e5aeafc1a0acd050b8f53
kungfu.Ani	173	0x0055CDBF	190707	190695	307220	307208	1	307200	307208	0	614400	0	-8	12	0	12	116c25859b08bb08bc9479a6e9e2239b118be1cfd6fcd3e7d26d633480a530c7
kungfu.Ani	174	0x0058B6B2	12	0	12	0	0	0	0	0	0	skipped_when_size_minus_12_is_zero	unsafe_12_byte_metadata_plus_stale_scratch_tail	307220	1	190455	e3b0c44298fc1c149afbf4c8996fb92427ae41e4649b934ca495991b7852b855
kungfu.Ani	175	0x0058B6BE	190455	190443	307220	307208	1	307200	307208	0	614400	0	-8	307220	1	190631	619a27dea600b56436d5b9a7f0500bcedf3fd8f887b32046d4d73a2b39c54e94
kungfu.Ani	176	0x005B9EB5	190631	190619	307220	307208	1	307200	307208	0	614400	0	-8	307220	1	192072	36eeb4791c1013aa7fd3391fa12808dde5491cee80c6f1ecd14d7cb0a854c0ae
kungfu.Ani	177	0x005E875C	192072	192060	307220	307208	1	307200	307208	0	614400	0	-8	307220	1	192021	d7c0612c01ec4ba0027f5152540eab5f7f9863447640c972fc7ad0661a4e283e
kungfu.Ani	178	0x006175A4	192021	192009	307220	307208	1	307200	307208	0	614400	0	-8	307220	1	193262	7357825fe4eb98b8f93a4c3556f0541f51a8c26f327cffdbc033f53dd1078390
kungfu.Ani	179	0x006463B9	193262	193250	307220	307208	1	307200	307208	0	614400	0	-8	307220	1	193278	6407851479df452b55e7f24eebce3c05a1db3aff4e42718c5ab831330b341ceb
kungfu.Ani	180	0x006756A7	193278	193266	307220	307208	1	307200	307208	0	614400	0	-8	307220	1	193461	7a6f12ba4ab6ce3636853f079b9a0ca6287f5f947ef00b23c426dafaa87763e9
kungfu.Ani	181	0x006A49A5	193461	193449	307220	307208	1	307200	307208	0	614400	0	-8	307220	1	193997	6fdf6f05a80f11b6edbedb1f1886aabcf1be047223c369ab3e6a0960fe173241
kungfu.Ani	182	0x006D3D5A	193997	193985	307220	307208	1	307200	307208	0	614400	0	-8	307220	1	194800	767a2be48bd1b5ce3484319df539dbc8c9fc4ed7dda1669084b8cd4ee881140d
kungfu.Ani	183	0x00703327	194800	194788	307220	307208	1	307200	307208	0	614400	0	-8	307220	1	195719	e182a0b73bc854e7f4b7a70606351671e22f5420d0fe40fdaacb529d22b4c931
kungfu.Ani	184	0x00732C17	195719	195707	307220	307208	1	307200	307208	0	614400	0	-8	262816	21875	186384	a8cee7df67b096d1fc17ad33c0c78969df7a3ca2d265fc6e10bd9745f18eed60
kungfu.Ani	185	0x0076289E	186384	186372	262816	262804	21875	87804	262804	0	546560	0	-8	307220	1	195984	66a7c3cf74b9e6d215194bc1b4238f0ac111f246ad3608b9ae5ff034ab4f71cb
kungfu.Ani	186	0x007900AE	195984	195972	307220	307208	1	307200	307208	0	614400	0	-8	307220	1	196047	287fbea7b557b7e287fd2823ae1bb5b813b0846e1336bdf1f8206596a539b205
kungfu.Ani	187	0x007BFE3E	196047	196035	307220	307208	1	307200	307208	0	614400	0	-8	307220	1	197204	45105bf77ce1d4165385424c3349052b37f16be576f658d1d46255cea82e1c29
kungfu.Ani	188	0x007EFC0D	197204	197192	307220	307208	1	307200	307208	0	614400	0	-8	307220	1	198453	2f7cb7c017501c44ea5da5b79a501686397d9e8493533a5ab3ae22b82d7f25fe
kungfu.Ani	189	0x0081FE61	198453	198441	307220	307208	1	307200	307208	0	614400	0	-8	307220	1	198180	4dc6b2f245fd5ba8f2676e3688bcbb3f6def18999a309ff8d937a64210394d81
kungfu.Ani	190	0x00850596	198180	198168	307220	307208	1	307200	307208	0	614400	0	-8	307220	1	199731	edd06a928481a006c4f519df3b43f6b253ad722bc43cebdeac589aa3e5974fac
kungfu.Ani	191	0x00880BBA	199731	199719	307220	307208	1	307200	307208	0	614400	0	-8	307220	1	199788	a2d8d3285dc9f433d6436edf26124eec55f0e556bdf846b7ff14b0faffc4f744
kungfu.Ani	192	0x008B17ED	199788	199776	307220	307208	1	307200	307208	0	614400	0	-8	307220	1	199712	0aceed830d8e02b4dc86b051b40e9ae4ef19e59ed6cc52eba1b67976f9513545
kungfu.Ani	193	0x008E2459	199712	199700	307220	307208	1	307200	307208	0	614400	0	-8	307220	1	200945	59977dd5162ec1523b6ff91446661e64e9d29287cd12eba1dd1e34006ab89325
kungfu.Ani	194	0x00913079	200945	200933	307220	307208	1	307200	307208	0	614400	0	-8	307220	1	201110	36c7a23fcd3c335674afa2370da70cb47f24997e36e7532a1cd13f9cd04dab37
kungfu.Ani	195	0x0094416A	201110	201098	307220	307208	1	307200	307208	0	614400	0	-8	307220	1	202060	44e16713bc07b4a2dfacf3bdd23c6bab976d772e115b2d51ff197575dc442e94
kungfu.Ani	196	0x00975300	202060	202048	307220	307208	1	307200	307208	0	614400	0	-8	240267	18558	178419	874158cc1240eb4f96cf442091d321d36db3a634ca8a3cd9d66de55095654126
kungfu.Ani	197	0x009A684C	178419	178407	240267	240255	18558	91791	240255	0	546560	0	-8	307220	1	202349	96eac510d9177a65b273de629a122d110715185260d58dfcba3f20e47a6fe172
kungfu.Ani	198	0x009D213F	202349	202337	307220	307208	1	307200	307208	0	614400	0	-8	307220	1	202593	f9335c58ef32cc85daf2d433a7cab5a9a642dc257e5bd83a4fd98a2f18fdeff3
kungfu.Ani	199	0x00A037AC	202593	202581	307220	307208	1	307200	307208	0	614400	0	-8	307220	1	203587	90b08fd5226ac1395c6198440dafbcb860ad2eb9b78c1ff18eac06ba7d849951
kungfu.Ani	200	0x00A34F0D	203587	203575	307220	307208	1	307200	307208	0	614400	0	-8	237354	18069	176799	eae67d37b612fc41411e60e3eb7fd53f2518b6699bc3ee13efa624229841309a
kungfu.Ani	201	0x00A66A50	176799	176787	237354	237342	18069	92790	237342	0	546514	0	-8	307220	1	204935	3bcf97b01f0bf8f0bfd5c6724be1bb338538b30a89c795c5b2409950e0bfc9f1
kungfu.Ani	202	0x00A91CEF	204935	204923	307220	307208	1	307200	307208	0	614400	0	-8	229542	17254	171877	ff820e73ed8d279c851d164ab75df04a188815aa3a5826e33291556cf2430594
kungfu.Ani	203	0x00AC3D76	171877	171865	229542	229530	17254	91498	229530	0	546500	0	-8	307220	1	206125	42f3753a5f6e75c95bbc8350432fc44223c6f5b37599ef4bc440339cb3e848b6
kungfu.Ani	204	0x00AEDCDB	206125	206113	307220	307208	1	307200	307208	0	614400	0	-8	307220	1	205974	75acdef88b304f542de080f6eb9544e36492782c1bd8db77b4c351f5e1a61886
kungfu.Ani	205	0x00B20208	205974	205962	307220	307208	1	307200	307208	0	614400	0	-8	307220	1	206049	c60b8a468db1d709164e17c7aa9e3e1b90fbf12ddf5edf1162adfa2f08649303
kungfu.Ani	206	0x00B5269E	206049	206037	307220	307208	1	307200	307208	0	614400	0	-8	307220	1	207282	0be4b8374e0bb07e3ed09904a2a8c2d202f07d3776ac8bac2208b243d8d9f36f
kungfu.Ani	207	0x00B84B7F	207282	207270	307220	307208	1	307200	307208	0	614400	0	-8	307220	1	207420	6e5080b99ca06c1987eeffde757d96e4fda72c310c21ae2e026290c70b78c60e
kungfu.Ani	208	0x00BB7531	207420	207408	307220	307208	1	307200	307208	0	614400	0	-8	156382	10364	124088	5c4b4435323e89ab2bc769e53dd31f6d46d965cd09857aade5d6fd126d5f7064
kungfu.Ani	209	0x00BE9F6D	124088	124076	156382	156370	10364	73458	156370	0	546560	0	-8	307220	1	208403	8ebc64286ac8c9763aabf8a896e9de90da666412e530d1bc3c97f866cfe8a872
kungfu.Ani	210	0x00C08425	208403	208391	307220	307208	1	307200	307208	0	614400	0	-8	12	0	12	a4ba8a9b460e8dc116fdeaa30c98d9d31e909037344f4edf8dd54a36d0b3b3f2
kungfu.Ani	211	0x00C3B238	12	0	12	0	0	0	0	0	0	skipped_when_size_minus_12_is_zero	unsafe_12_byte_metadata_plus_stale_scratch_tail	12	0	12	e3b0c44298fc1c149afbf4c8996fb92427ae41e4649b934ca495991b7852b855
kungfu.Ani	212	0x00C3B244	12	0	12	0	0	0	0	0	0	skipped_when_size_minus_12_is_zero	unsafe_12_byte_metadata_plus_stale_scratch_tail	12	0	12	e3b0c44298fc1c149afbf4c8996fb92427ae41e4649b934ca495991b7852b855
kungfu.Ani	213	0x00C3B250	12	0	12	0	0	0	0	0	0	skipped_when_size_minus_12_is_zero	unsafe_12_byte_metadata_plus_stale_scratch_tail	12	0	12	e3b0c44298fc1c149afbf4c8996fb92427ae41e4649b934ca495991b7852b855
kungfu.Ani	214	0x00C3B25C	12	0	12	0	0	0	0	0	0	skipped_when_size_minus_12_is_zero	unsafe_12_byte_metadata_plus_stale_scratch_tail	12	0	12	e3b0c44298fc1c149afbf4c8996fb92427ae41e4649b934ca495991b7852b855
kungfu.Ani	215	0x00C3B268	12	0	12	0	0	0	0	0	0	skipped_when_size_minus_12_is_zero	unsafe_12_byte_metadata_plus_stale_scratch_tail	12	0	12	e3b0c44298fc1c149afbf4c8996fb92427ae41e4649b934ca495991b7852b855
kungfu.Ani	216	0x00C3B274	12	0	12	0	0	0	0	0	0	skipped_when_size_minus_12_is_zero	unsafe_12_byte_metadata_plus_stale_scratch_tail	7935	665	5728	e3b0c44298fc1c149afbf4c8996fb92427ae41e4649b934ca495991b7852b855
kungfu.Ani	217	0x00C3B280	5728	5716	7935	7923	665	2603	7923	0	360398	0	-8	7504	472	6313	b2ea266f9dd0c8cbcec2a3a69e9a7754d43dfd776d64fc07cac38d25cb7608cd
kungfu.Ani	218	0x00C3C8E0	6313	6301	7504	7492	472	3716	7492	0	360398	0	-8	7895	519	6513	73bd44c5df4f0c82503e94d268bb6d88d3ed6549489a30fbb5ad99d0405c54d2
kungfu.Ani	219	0x00C3E189	6513	6501	7895	7883	519	3731	7883	0	360398	0	-8	7931	531	6424	b1d95daff4e070e46903b23b267a84cd64611a3751114976f38e35491f2a0030
kungfu.Ani	220	0x00C3FAFA	6424	6412	7931	7919	531	3671	7919	0	360398	0	-8	7611	498	5808	53c4bf25b9587dc9133ddd7e760b2ce7c0dc6eba1352f22fbb46c391d692e095
kungfu.Ani	221	0x00C41412	5808	5796	7611	7599	498	3615	7599	0	360398	0	-8	7766	671	5191	b623c3b102f2284ba786b09f7cd39faa7a0ecc8bf1e735df9b24ab3ac4160b13
kungfu.Ani	222	0x00C42AC2	5191	5179	7766	7754	671	2386	7754	0	360398	0	-8	12	0	12	fcc94ebfd4e1d03b7043086f5f4413b114c3a033b416f81d84278beda41fe76f
kungfu.Ani	223	0x00C43F09	12	0	12	0	0	0	0	0	0	skipped_when_size_minus_12_is_zero	unsafe_12_byte_metadata_plus_stale_scratch_tail	12	0	12	e3b0c44298fc1c149afbf4c8996fb92427ae41e4649b934ca495991b7852b855
kungfu.Ani	224	0x00C43F15	12	0	12	0	0	0	0	0	0	skipped_when_size_minus_12_is_zero	unsafe_12_byte_metadata_plus_stale_scratch_tail	12	0	12	e3b0c44298fc1c149afbf4c8996fb92427ae41e4649b934ca495991b7852b855
kungfu.Ani	225	0x00C43F21	12	0	12	0	0	0	0	0	0	skipped_when_size_minus_12_is_zero	unsafe_12_byte_metadata_plus_stale_scratch_tail	12	0	12	e3b0c44298fc1c149afbf4c8996fb92427ae41e4649b934ca495991b7852b855
kungfu.Ani	226	0x00C43F2D	12	0	12	0	0	0	0	0	0	skipped_when_size_minus_12_is_zero	unsafe_12_byte_metadata_plus_stale_scratch_tail	12	0	12	e3b0c44298fc1c149afbf4c8996fb92427ae41e4649b934ca495991b7852b855
kungfu.Ani	227	0x00C43F39	12	0	12	0	0	0	0	0	0	skipped_when_size_minus_12_is_zero	unsafe_12_byte_metadata_plus_stale_scratch_tail	12	0	12	e3b0c44298fc1c149afbf4c8996fb92427ae41e4649b934ca495991b7852b855
kungfu.Ani	228	0x00C43F45	12	0	12	0	0	0	0	0	0	skipped_when_size_minus_12_is_zero	unsafe_12_byte_metadata_plus_stale_scratch_tail	12	0	12	e3b0c44298fc1c149afbf4c8996fb92427ae41e4649b934ca495991b7852b855
kungfu.Ani	229	0x00C43F51	12	0	12	0	0	0	0	0	0	skipped_when_size_minus_12_is_zero	unsafe_12_byte_metadata_plus_stale_scratch_tail	12	0	12	e3b0c44298fc1c149afbf4c8996fb92427ae41e4649b934ca495991b7852b855
kungfu.Ani	230	0x00C43F5D	12	0	12	0	0	0	0	0	0	skipped_when_size_minus_12_is_zero	unsafe_12_byte_metadata_plus_stale_scratch_tail	12	0	12	e3b0c44298fc1c149afbf4c8996fb92427ae41e4649b934ca495991b7852b855
kungfu.Ani	231	0x00C43F69	12	0	12	0	0	0	0	0	0	skipped_when_size_minus_12_is_zero	unsafe_12_byte_metadata_plus_stale_scratch_tail	12	0	12	e3b0c44298fc1c149afbf4c8996fb92427ae41e4649b934ca495991b7852b855
kungfu.Ani	232	0x00C43F75	12	0	12	0	0	0	0	0	0	skipped_when_size_minus_12_is_zero	unsafe_12_byte_metadata_plus_stale_scratch_tail	12	0	12	e3b0c44298fc1c149afbf4c8996fb92427ae41e4649b934ca495991b7852b855
kungfu.Ani	233	0x00C43F81	12	0	12	0	0	0	0	0	0	skipped_when_size_minus_12_is_zero	unsafe_12_byte_metadata_plus_stale_scratch_tail	12	0	12	e3b0c44298fc1c149afbf4c8996fb92427ae41e4649b934ca495991b7852b855
kungfu.Ani	234	0x00C43F8D	12	0	12	0	0	0	0	0	0	skipped_when_size_minus_12_is_zero	unsafe_12_byte_metadata_plus_stale_scratch_tail	12	0	12	e3b0c44298fc1c149afbf4c8996fb92427ae41e4649b934ca495991b7852b855
kungfu.Ani	235	0x00C43F99	12	0	12	0	0	0	0	0	0	skipped_when_size_minus_12_is_zero	unsafe_12_byte_metadata_plus_stale_scratch_tail	12	0	12	e3b0c44298fc1c149afbf4c8996fb92427ae41e4649b934ca495991b7852b855
kungfu.Ani	236	0x00C43FA5	12	0	12	0	0	0	0	0	0	skipped_when_size_minus_12_is_zero	unsafe_12_byte_metadata_plus_stale_scratch_tail	12	0	12	e3b0c44298fc1c149afbf4c8996fb92427ae41e4649b934ca495991b7852b855
kungfu.Ani	237	0x00C43FB1	12	0	12	0	0	0	0	0	0	skipped_when_size_minus_12_is_zero	unsafe_12_byte_metadata_plus_stale_scratch_tail	12	0	12	e3b0c44298fc1c149afbf4c8996fb92427ae41e4649b934ca495991b7852b855
kungfu.Ani	238	0x00C43FBD	12	0	12	0	0	0	0	0	0	skipped_when_size_minus_12_is_zero	unsafe_12_byte_metadata_plus_stale_scratch_tail	12	0	12	e3b0c44298fc1c149afbf4c8996fb92427ae41e4649b934ca495991b7852b855
kungfu.Ani	239	0x00C43FC9	12	0	12	0	0	0	0	0	0	skipped_when_size_minus_12_is_zero	unsafe_12_byte_metadata_plus_stale_scratch_tail	12	0	12	e3b0c44298fc1c149afbf4c8996fb92427ae41e4649b934ca495991b7852b855
kungfu.Ani	240	0x00C43FD5	12	0	12	0	0	0	0	0	0	skipped_when_size_minus_12_is_zero	unsafe_12_byte_metadata_plus_stale_scratch_tail	12	0	12	e3b0c44298fc1c149afbf4c8996fb92427ae41e4649b934ca495991b7852b855
kungfu.Ani	241	0x00C43FE1	12	0	12	0	0	0	0	0	0	skipped_when_size_minus_12_is_zero	unsafe_12_byte_metadata_plus_stale_scratch_tail	12	0	12	e3b0c44298fc1c149afbf4c8996fb92427ae41e4649b934ca495991b7852b855
kungfu.Ani	242	0x00C43FED	12	0	12	0	0	0	0	0	0	skipped_when_size_minus_12_is_zero	unsafe_12_byte_metadata_plus_stale_scratch_tail	12	0	12	e3b0c44298fc1c149afbf4c8996fb92427ae41e4649b934ca495991b7852b855
kungfu.Ani	243	0x00C43FF9	12	0	12	0	0	0	0	0	0	skipped_when_size_minus_12_is_zero	unsafe_12_byte_metadata_plus_stale_scratch_tail	12	0	12	e3b0c44298fc1c149afbf4c8996fb92427ae41e4649b934ca495991b7852b855
kungfu.Ani	244	0x00C44005	12	0	12	0	0	0	0	0	0	skipped_when_size_minus_12_is_zero	unsafe_12_byte_metadata_plus_stale_scratch_tail	12	0	12	e3b0c44298fc1c149afbf4c8996fb92427ae41e4649b934ca495991b7852b855
kungfu.Ani	245	0x00C44011	12	0	12	0	0	0	0	0	0	skipped_when_size_minus_12_is_zero	unsafe_12_byte_metadata_plus_stale_scratch_tail	13877	1124	10029	e3b0c44298fc1c149afbf4c8996fb92427ae41e4649b934ca495991b7852b855
kungfu.Ani	246	0x00C4401D	10029	10017	13877	13865	1124	4873	13865	0	356816	0	-8	12344	684	10481	8e04b5fdb8909b96d9fb3816ac702993dd9bced5aaef1cf5b98f8c5b4de147c9
kungfu.Ani	247	0x00C4674A	10481	10469	12344	12332	684	6860	12332	0	386102	0	-8	13250	817	11192	5fbf49df491396f0cbc29057e0a0bfe464b2df6a4c6b72b39e73b21f304e5a5c
kungfu.Ani	248	0x00C4903B	11192	11180	13250	13238	817	6702	13238	0	391222	0	-8	13103	790	11088	db85cf977b6ddb1bb6b7f257cb5009ac4169b7ec71106bb40ca7b02bf5d5bbb3
kungfu.Ani	249	0x00C4BBF3	11088	11076	13103	13091	790	6771	13091	0	391222	0	-8	12245	673	9941	9780fadeb0c478927d23fbed548dc7217b2914614998a33ab4b7e3745f7ba151
kungfu.Ani	250	0x00C4E743	9941	9929	12245	12233	673	6849	12233	0	391222	0	-8	13766	1109	9660	26c5a9b3314652669bf4966c8ae7c3df485236e3892db3296f888f172a0f6447
kungfu.Ani	251	0x00C50E18	9660	9648	13766	13754	1109	4882	13754	0	356816	0	-8	12	0	12	81c44fa0ae5c6973c92fa370e422a3d7941f5a5038ce15912d4cfcabae268c9a
kungfu.Ani	252	0x00C533D4	12	0	12	0	0	0	0	0	0	skipped_when_size_minus_12_is_zero	unsafe_12_byte_metadata_plus_stale_scratch_tail	12	0	12	e3b0c44298fc1c149afbf4c8996fb92427ae41e4649b934ca495991b7852b855
kungfu.Ani	253	0x00C533E0	12	0	12	0	0	0	0	0	0	skipped_when_size_minus_12_is_zero	unsafe_12_byte_metadata_plus_stale_scratch_tail	12	0	12	e3b0c44298fc1c149afbf4c8996fb92427ae41e4649b934ca495991b7852b855
kungfu.Ani	254	0x00C533EC	12	0	12	0	0	0	0	0	0	skipped_when_size_minus_12_is_zero	unsafe_12_byte_metadata_plus_stale_scratch_tail	12	0	12	e3b0c44298fc1c149afbf4c8996fb92427ae41e4649b934ca495991b7852b855
kungfu.Ani	255	0x00C533F8	12	0	12	0	0	0	0	0	0	skipped_when_size_minus_12_is_zero	unsafe_12_byte_metadata_plus_stale_scratch_tail	12	0	12	e3b0c44298fc1c149afbf4c8996fb92427ae41e4649b934ca495991b7852b855
kungfu.Ani	256	0x00C53404	12	0	12	0	0	0	0	0	0	skipped_when_size_minus_12_is_zero	unsafe_12_byte_metadata_plus_stale_scratch_tail	12	0	12	e3b0c44298fc1c149afbf4c8996fb92427ae41e4649b934ca495991b7852b855
kungfu.Ani	257	0x00C53410	12	0	12	0	0	0	0	0	0	skipped_when_size_minus_12_is_zero	unsafe_12_byte_metadata_plus_stale_scratch_tail	12	0	12	e3b0c44298fc1c149afbf4c8996fb92427ae41e4649b934ca495991b7852b855
kungfu.Ani	258	0x00C5341C	12	0	12	0	0	0	0	0	0	skipped_when_size_minus_12_is_zero	unsafe_12_byte_metadata_plus_stale_scratch_tail	12	0	12	e3b0c44298fc1c149afbf4c8996fb92427ae41e4649b934ca495991b7852b855
kungfu.Ani	259	0x00C53428	12	0	12	0	0	0	0	0	0	skipped_when_size_minus_12_is_zero	unsafe_12_byte_metadata_plus_stale_scratch_tail	12	0	12	e3b0c44298fc1c149afbf4c8996fb92427ae41e4649b934ca495991b7852b855
kungfu.Ani	260	0x00C53434	12	0	12	0	0	0	0	0	0	skipped_when_size_minus_12_is_zero	unsafe_12_byte_metadata_plus_stale_scratch_tail	12	0	12	e3b0c44298fc1c149afbf4c8996fb92427ae41e4649b934ca495991b7852b855
kungfu.Ani	261	0x00C53440	12	0	12	0	0	0	0	0	0	skipped_when_size_minus_12_is_zero	unsafe_12_byte_metadata_plus_stale_scratch_tail	12	0	12	e3b0c44298fc1c149afbf4c8996fb92427ae41e4649b934ca495991b7852b855
kungfu.Ani	262	0x00C5344C	12	0	12	0	0	0	0	0	0	skipped_when_size_minus_12_is_zero	unsafe_12_byte_metadata_plus_stale_scratch_tail	307220	1	208365	e3b0c44298fc1c149afbf4c8996fb92427ae41e4649b934ca495991b7852b855
kungfu.Ani	263	0x00C53458	208365	208353	307220	307208	1	307200	307208	0	614400	0	-8	307220	1	208201	792f051ec8d925d06f328318fbc209d3a846e2550fba40e533ff69f44cab041a
kungfu.Ani	264	0x00C86245	208201	208189	307220	307208	1	307200	307208	0	614400	0	-8	307220	1	208096	6044921484be822919b504ada9bc4f558a33043525ac6d5d9871edd0afc7ba6d
kungfu.Ani	265	0x00CB8F8E	208096	208084	307220	307208	1	307200	307208	0	614400	0	-8	307220	1	207991	2b180ff59554186d94e748fc5d1545d4b563802ca76a90e87d6d69e149f6126c
kungfu.Ani	266	0x00CEBC6E	207991	207979	307220	307208	1	307200	307208	0	614400	0	-8	307220	1	207850	8286aa4437e528e4198506ede7ceb8a6556f9bf0982144125bcf0ae4061060bf
kungfu.Ani	267	0x00D1E8E5	207850	207838	307220	307208	1	307200	307208	0	614400	0	-8	307220	1	207817	73af414527d4456011ea7cdebf8ca590cfbaa2f78362f236c328048ff53b66d6
kungfu.Ani	268	0x00D514CF	207817	207805	307220	307208	1	307200	307208	0	614400	0	-8	307220	1	207602	7e210dfe0b3b42b548416b6a83153147a5cee5dfc8dc4dc1bfba9f68a70d902f
kungfu.Ani	269	0x00D84098	207602	207590	307220	307208	1	307200	307208	0	614400	0	-8	307220	1	207250	7b525efaef1a58ed7d5828b369e4dff13a602d32cf5afb739d1f296bd55252eb
kungfu.Ani	270	0x00DB6B8A	207250	207238	307220	307208	1	307200	307208	0	614400	0	-8	307220	1	207080	0c976de7beffae221b4203d9cd588c80ca4ad1a7306e5407e8f72567fd9f87bc
kungfu.Ani	271	0x00DE951C	207080	207068	307220	307208	1	307200	307208	0	614400	0	-8	307220	1	206820	a9a5f82e0ddc588fb14ec05af53a36b211da7fdec5e78f4238829a81c23ac318
kungfu.Ani	272	0x00E1BE04	206820	206808	307220	307208	1	307200	307208	0	614400	0	-8	307220	1	206485	b2eca0486c80354c14f8f47f5b30e07550ead135fa1a72acc1c6c797534c8277
kungfu.Ani	273	0x00E4E5E8	206485	206473	307220	307208	1	307200	307208	0	614400	0	-8	307220	1	206355	5f3f0b20dfdfba1b0a147cf44a94c964ea085381156b0ee2867234f766665f66
kungfu.Ani	274	0x00E80C7D	206355	206343	307220	307208	1	307200	307208	0	614400	0	-8	307220	1	206152	beb7392c76c7f31d193d921c98eba5bb3084616d6e99e65fa99cf74d6dca1f92
kungfu.Ani	275	0x00EB3290	206152	206140	307220	307208	1	307200	307208	0	614400	0	-8	307220	1	205966	4b85ff9c4a6a012cefac4ae5b88f0c580e3c0eee98f6a4453742e617e085ce09
kungfu.Ani	276	0x00EE57D8	205966	205954	307220	307208	1	307200	307208	0	614400	0	-8	307220	1	205975	50cf67e45f2c19ef2cf8d881018b7978eddc7a2e60304469242c2b6b148eccc4
kungfu.Ani	277	0x00F17C66	205975	205963	307220	307208	1	307200	307208	0	614400	0	-8	307220	1	205824	b9fa1d7eacb567109b7339dab77f5cd508a19a641efe306de51ecb4972dcac19
kungfu.Ani	278	0x00F4A0FD	205824	205812	307220	307208	1	307200	307208	0	614400	0	-8	307220	1	205908	999279df32e74975592ac277ef6c6df4a9d5219208dc5213c6619d3d51afaa23
kungfu.Ani	279	0x00F7C4FD	205908	205896	307220	307208	1	307200	307208	0	614400	0	-8	307220	1	205838	d23fc8080de9ad30168c5433ea9f5d6556525caf5a5912e49f2730989fc10e78
kungfu.Ani	280	0x00FAE951	205838	205826	307220	307208	1	307200	307208	0	614400	0	-8	307220	1	205776	345d6838475cb29598a72a53aededd1223e5efc2ef0974fc545eba059ea6b3df
kungfu.Ani	281	0x00FE0D5F	205776	205764	307220	307208	1	307200	307208	0	614400	0	-8	12	0	12	ed7333e1d23b3db4abdfe0eb0e4a3f7b000f927b9e5ba30c166a2d29a6265e03
kungfu.Ani	282	0x0101312F	12	0	12	0	0	0	0	0	0	skipped_when_size_minus_12_is_zero	unsafe_12_byte_metadata_plus_stale_scratch_tail	12	0	12	e3b0c44298fc1c149afbf4c8996fb92427ae41e4649b934ca495991b7852b855
kungfu.Ani	283	0x0101313B	12	0	12	0	0	0	0	0	0	skipped_when_size_minus_12_is_zero	unsafe_12_byte_metadata_plus_stale_scratch_tail	12	0	12	e3b0c44298fc1c149afbf4c8996fb92427ae41e4649b934ca495991b7852b855
kungfu.Ani	284	0x01013147	12	0	12	0	0	0	0	0	0	skipped_when_size_minus_12_is_zero	unsafe_12_byte_metadata_plus_stale_scratch_tail	12	0	12	e3b0c44298fc1c149afbf4c8996fb92427ae41e4649b934ca495991b7852b855
kungfu.Ani	285	0x01013153	12	0	12	0	0	0	0	0	0	skipped_when_size_minus_12_is_zero	unsafe_12_byte_metadata_plus_stale_scratch_tail	12	0	12	e3b0c44298fc1c149afbf4c8996fb92427ae41e4649b934ca495991b7852b855
kungfu.Ani	286	0x0101315F	12	0	12	0	0	0	0	0	0	skipped_when_size_minus_12_is_zero	unsafe_12_byte_metadata_plus_stale_scratch_tail	12	0	12	e3b0c44298fc1c149afbf4c8996fb92427ae41e4649b934ca495991b7852b855
kungfu.Ani	287	0x0101316B	12	0	12	0	0	0	0	0	0	skipped_when_size_minus_12_is_zero	unsafe_12_byte_metadata_plus_stale_scratch_tail	12	0	12	e3b0c44298fc1c149afbf4c8996fb92427ae41e4649b934ca495991b7852b855
kungfu.Ani	288	0x01013177	12	0	12	0	0	0	0	0	0	skipped_when_size_minus_12_is_zero	unsafe_12_byte_metadata_plus_stale_scratch_tail	12	0	12	e3b0c44298fc1c149afbf4c8996fb92427ae41e4649b934ca495991b7852b855
kungfu.Ani	289	0x01013183	12	0	12	0	0	0	0	0	0	skipped_when_size_minus_12_is_zero	unsafe_12_byte_metadata_plus_stale_scratch_tail	12	0	12	e3b0c44298fc1c149afbf4c8996fb92427ae41e4649b934ca495991b7852b855
kungfu.Ani	290	0x0101318F	12	0	12	0	0	0	0	0	0	skipped_when_size_minus_12_is_zero	unsafe_12_byte_metadata_plus_stale_scratch_tail	12	0	12	e3b0c44298fc1c149afbf4c8996fb92427ae41e4649b934ca495991b7852b855
kungfu.Ani	291	0x0101319B	12	0	12	0	0	0	0	0	0	skipped_when_size_minus_12_is_zero	unsafe_12_byte_metadata_plus_stale_scratch_tail	12	0	12	e3b0c44298fc1c149afbf4c8996fb92427ae41e4649b934ca495991b7852b855
kungfu.Ani	292	0x010131A7	12	0	12	0	0	0	0	0	0	skipped_when_size_minus_12_is_zero	unsafe_12_byte_metadata_plus_stale_scratch_tail	12	0	12	e3b0c44298fc1c149afbf4c8996fb92427ae41e4649b934ca495991b7852b855
kungfu.Ani	293	0x010131B3	12	0	12	0	0	0	0	0	0	skipped_when_size_minus_12_is_zero	unsafe_12_byte_metadata_plus_stale_scratch_tail	12	0	12	e3b0c44298fc1c149afbf4c8996fb92427ae41e4649b934ca495991b7852b855
kungfu.Ani	294	0x010131BF	12	0	12	0	0	0	0	0	0	skipped_when_size_minus_12_is_zero	unsafe_12_byte_metadata_plus_stale_scratch_tail	12	0	12	e3b0c44298fc1c149afbf4c8996fb92427ae41e4649b934ca495991b7852b855
kungfu.Ani	295	0x010131CB	12	0	12	0	0	0	0	0	0	skipped_when_size_minus_12_is_zero	unsafe_12_byte_metadata_plus_stale_scratch_tail	274261	24470	185492	e3b0c44298fc1c149afbf4c8996fb92427ae41e4649b934ca495991b7852b855
kungfu.Ani	296	0x010131D7	185492	185480	274261	274249	24470	78489	274249	0	546554	0	-8	307220	1	212624	7bb1565293a5790de370f6bc786f7b216e85b9bbda819064f2b1fc2e626f27b7
kungfu.Ani	297	0x0104066B	212624	212612	307220	307208	1	307200	307208	0	614400	0	-8	307220	1	210604	9b4de1d5d22bd6be703cfec5e251ee41243fecf9f93c654f3c7db1d139537ed0
kungfu.Ani	298	0x010744FB	210604	210592	307220	307208	1	307200	307208	0	614400	0	-8	307220	1	213892	423ceb40a6595e410cb03502841b13ef77cc818cb93c728d16c89e9065757a29
kungfu.Ani	299	0x010A7BA7	213892	213880	307220	307208	1	307200	307208	0	614400	0	-8	307220	1	211306	9e423c6c3f264606e91f8e5cbc81adfec284349a83bf81d3aeef76d49ee9fa55
kungfu.Ani	300	0x010DBF2B	211306	211294	307220	307208	1	307200	307208	0	614400	0	-8	260618	23478	178882	80e5fba50e890203820817d311d3999213263b9086b311244d1e299616d147d1
kungfu.Ani	301	0x0110F895	178882	178870	260618	260606	23478	72782	260606	0	546554	0	-8	12	0	12	10251e2233396fedd1e470d0aa1e3364ed147d915c663daf58f5b926541ad20a
kungfu.Ani	302	0x0113B357	12	0	12	0	0	0	0	0	0	skipped_when_size_minus_12_is_zero	unsafe_12_byte_metadata_plus_stale_scratch_tail	12	0	12	e3b0c44298fc1c149afbf4c8996fb92427ae41e4649b934ca495991b7852b855
kungfu.Ani	303	0x0113B363	12	0	12	0	0	0	0	0	0	skipped_when_size_minus_12_is_zero	unsafe_12_byte_metadata_plus_stale_scratch_tail	12	0	12	e3b0c44298fc1c149afbf4c8996fb92427ae41e4649b934ca495991b7852b855
kungfu.Ani	304	0x0113B36F	12	0	12	0	0	0	0	0	0	skipped_when_size_minus_12_is_zero	unsafe_12_byte_metadata_plus_stale_scratch_tail	12	0	12	e3b0c44298fc1c149afbf4c8996fb92427ae41e4649b934ca495991b7852b855
kungfu.Ani	305	0x0113B37B	12	0	12	0	0	0	0	0	0	skipped_when_size_minus_12_is_zero	unsafe_12_byte_metadata_plus_stale_scratch_tail	12	0	12	e3b0c44298fc1c149afbf4c8996fb92427ae41e4649b934ca495991b7852b855
kungfu.Ani	306	0x0113B387	12	0	12	0	0	0	0	0	0	skipped_when_size_minus_12_is_zero	unsafe_12_byte_metadata_plus_stale_scratch_tail	12	0	12	e3b0c44298fc1c149afbf4c8996fb92427ae41e4649b934ca495991b7852b855
kungfu.Ani	307	0x0113B393	12	0	12	0	0	0	0	0	0	skipped_when_size_minus_12_is_zero	unsafe_12_byte_metadata_plus_stale_scratch_tail	12	0	12	e3b0c44298fc1c149afbf4c8996fb92427ae41e4649b934ca495991b7852b855
kungfu.Ani	308	0x0113B39F	12	0	12	0	0	0	0	0	0	skipped_when_size_minus_12_is_zero	unsafe_12_byte_metadata_plus_stale_scratch_tail	12	0	12	e3b0c44298fc1c149afbf4c8996fb92427ae41e4649b934ca495991b7852b855
kungfu.Ani	309	0x0113B3AB	12	0	12	0	0	0	0	0	0	skipped_when_size_minus_12_is_zero	unsafe_12_byte_metadata_plus_stale_scratch_tail	12	0	12	e3b0c44298fc1c149afbf4c8996fb92427ae41e4649b934ca495991b7852b855
kungfu.Ani	310	0x0113B3B7	12	0	12	0	0	0	0	0	0	skipped_when_size_minus_12_is_zero	unsafe_12_byte_metadata_plus_stale_scratch_tail	12	0	12	e3b0c44298fc1c149afbf4c8996fb92427ae41e4649b934ca495991b7852b855
kungfu.Ani	311	0x0113B3C3	12	0	12	0	0	0	0	0	0	skipped_when_size_minus_12_is_zero	unsafe_12_byte_metadata_plus_stale_scratch_tail	12	0	12	e3b0c44298fc1c149afbf4c8996fb92427ae41e4649b934ca495991b7852b855
kungfu.Ani	312	0x0113B3CF	12	0	12	0	0	0	0	0	0	skipped_when_size_minus_12_is_zero	unsafe_12_byte_metadata_plus_stale_scratch_tail	12	0	12	e3b0c44298fc1c149afbf4c8996fb92427ae41e4649b934ca495991b7852b855
kungfu.Ani	313	0x0113B3DB	12	0	12	0	0	0	0	0	0	skipped_when_size_minus_12_is_zero	unsafe_12_byte_metadata_plus_stale_scratch_tail	12	0	12	e3b0c44298fc1c149afbf4c8996fb92427ae41e4649b934ca495991b7852b855
kungfu.Ani	314	0x0113B3E7	12	0	12	0	0	0	0	0	0	skipped_when_size_minus_12_is_zero	unsafe_12_byte_metadata_plus_stale_scratch_tail	12	0	12	e3b0c44298fc1c149afbf4c8996fb92427ae41e4649b934ca495991b7852b855
kungfu.Ani	315	0x0113B3F3	12	0	12	0	0	0	0	0	0	skipped_when_size_minus_12_is_zero	unsafe_12_byte_metadata_plus_stale_scratch_tail	14982	1147	10606	e3b0c44298fc1c149afbf4c8996fb92427ae41e4649b934ca495991b7852b855
kungfu.Ani	316	0x0113B3FF	10606	10594	14982	14970	1147	5794	14970	0	398942	0	-8	12253	583	10197	0a9cae358b535ed26ea6b6bf0b17ec6f67593bfd950e2119bfd976b00e055dd5
kungfu.Ani	317	0x0113DD6D	10197	10185	12253	12241	583	7577	12241	0	398942	0	-8	12846	663	10711	247249d5f25a7496368f02698e3b874e53a1db296dee2602050a15a26ec96786
kungfu.Ani	318	0x01140542	10711	10699	12846	12834	663	7530	12834	0	398942	0	-8	12974	684	10789	5a06da21aba43842f287338dfb69040ddf704cb322d82e1c6a382750965d8388
kungfu.Ani	319	0x01142F19	10789	10777	12974	12962	684	7490	12962	0	398942	0	-8	12207	570	9337	f1dfe375f1f72d50178e7b8d081b060c86a323fff9d3087efadf08469b754a49
kungfu.Ani	320	0x0114593E	9337	9325	12207	12195	570	7635	12195	0	398942	0	-8	14099	991	9658	367c6a152398793576b91d8b382239cb2d88076473902ef4d66051e71f5e9aaa
kungfu.Ani	321	0x01147DB7	9658	9646	14099	14087	991	6159	14087	0	398942	0	-8	12	0	12	9f7662c38f23753b4099d37aaef359fcf581c51fe7dcd65b70cf7794b29dff88
kungfu.Ani	322	0x0114A371	12	0	12	0	0	0	0	0	0	skipped_when_size_minus_12_is_zero	unsafe_12_byte_metadata_plus_stale_scratch_tail	12	0	12	e3b0c44298fc1c149afbf4c8996fb92427ae41e4649b934ca495991b7852b855
kungfu.Ani	323	0x0114A37D	12	0	12	0	0	0	0	0	0	skipped_when_size_minus_12_is_zero	unsafe_12_byte_metadata_plus_stale_scratch_tail	12	0	12	e3b0c44298fc1c149afbf4c8996fb92427ae41e4649b934ca495991b7852b855
kungfu.Ani	324	0x0114A389	12	0	12	0	0	0	0	0	0	skipped_when_size_minus_12_is_zero	unsafe_12_byte_metadata_plus_stale_scratch_tail	12	0	12	e3b0c44298fc1c149afbf4c8996fb92427ae41e4649b934ca495991b7852b855
kungfu.Ani	325	0x0114A395	12	0	12	0	0	0	0	0	0	skipped_when_size_minus_12_is_zero	unsafe_12_byte_metadata_plus_stale_scratch_tail	12	0	12	e3b0c44298fc1c149afbf4c8996fb92427ae41e4649b934ca495991b7852b855
kungfu.Ani	326	0x0114A3A1	12	0	12	0	0	0	0	0	0	skipped_when_size_minus_12_is_zero	unsafe_12_byte_metadata_plus_stale_scratch_tail	4420	290	3276	e3b0c44298fc1c149afbf4c8996fb92427ae41e4649b934ca495991b7852b855
kungfu.Ani	327	0x0114A3AD	3276	3264	4420	4408	290	2088	4408	0	352750	0	-8	12	0	12	ba540f60af226e64b0534929b2c97dc36c26c8fb4543d790dc0a16b9038923cd
kungfu.Ani	328	0x0114B079	12	0	12	0	0	0	0	0	0	skipped_when_size_minus_12_is_zero	unsafe_12_byte_metadata_plus_stale_scratch_tail	5626	534	3735	e3b0c44298fc1c149afbf4c8996fb92427ae41e4649b934ca495991b7852b855
kungfu.Ani	329	0x0114B085	3735	3723	5626	5614	534	1342	5614	0	350182	0	-8	12	0	12	3c8f83dc94930f581b625726e51cc3bf2d7f5f84e23b26f26b92ece8bddb103c
kungfu.Ani	330	0x0114BF1C	12	0	12	0	0	0	0	0	0	skipped_when_size_minus_12_is_zero	unsafe_12_byte_metadata_plus_stale_scratch_tail	3395	213	2747	e3b0c44298fc1c149afbf4c8996fb92427ae41e4649b934ca495991b7852b855
kungfu.Ani	331	0x0114BF28	2747	2735	3395	3383	213	1679	3383	0	351464	0	-8	4549	217	3559	73c6ca3dc90f24ab4d092e3cda3cead8df3517fa93c52f7a7de29a0d947a3081
kungfu.Ani	332	0x0114C9E3	3559	3547	4549	4537	217	2801	4537	0	356564	0	-8	695	62	564	f1042fcc59fbfb82f67a5ab25b4fea738e5a771a774a26e50827f9d5f4cf666e
kungfu.Ani	333	0x0114D7CA	564	552	695	683	62	187	683	0	323226	0	-8	12	0	12	4415ec224690e5f840227fc0598fdf650ae2a67ef289db9640a356dc68e46b41
kungfu.Ani	334	0x0114D9FE	12	0	12	0	0	0	0	0	0	skipped_when_size_minus_12_is_zero	unsafe_12_byte_metadata_plus_stale_scratch_tail	3601	227	2822	e3b0c44298fc1c149afbf4c8996fb92427ae41e4649b934ca495991b7852b855
kungfu.Ani	335	0x0114DA0A	2822	2810	3601	3589	227	1773	3589	0	352682	0	-8	3588	237	2764	ebeb54ad423d0c09ea8e31c1e2ed4df40f62a5d03d68c93bb5f31540a0675206
kungfu.Ani	336	0x0114E510	2764	2752	3588	3576	237	1680	3576	0	356564	0	-8	5150	490	3440	6679410bb018dce430f3474f9f4d1585238fd5291d9dfa268dd2291091193db6
kungfu.Ani	337	0x0114EFDC	3440	3428	5150	5138	490	1218	5138	0	356562	0	-8	12	0	12	f637d7d5929ceff7d1fc7a05b2c0829125e1d006118a107ff5df78b093687289
kungfu.Ani	338	0x0114FD4C	12	0	12	0	0	0	0	0	0	skipped_when_size_minus_12_is_zero	unsafe_12_byte_metadata_plus_stale_scratch_tail	3615	226	2879	e3b0c44298fc1c149afbf4c8996fb92427ae41e4649b934ca495991b7852b855
kungfu.Ani	339	0x0114FD58	2879	2867	3615	3603	226	1795	3603	0	356562	0	-8	2988	231	2239	ae55c9775eba071afed63e4040fb5d773ab1e2ebcc7bad640270f41aef45fef9
kungfu.Ani	340	0x01150897	2239	2227	2988	2976	231	1128	2976	0	319414	0	-8	3702	222	2958	11dab6aeec693fddce02baef7f9e464da16735f421124ec3ae60b7e0d4019487
kungfu.Ani	341	0x01151156	2958	2946	3702	3690	222	1914	3690	0	355300	0	-8	3705	250	2942	44241cf74ab34a81a40a1c91fed5d4f21d14801643d405d69532a695bb7e5e6f
kungfu.Ani	342	0x01151CE4	2942	2930	3705	3693	250	1693	3693	0	352714	0	-8	4738	344	3559	e7048aeebf6ee1882eea90fa1cbb60a404d2f7c6ad8b3c6153757c8dd4f50916
kungfu.Ani	343	0x01152862	3559	3547	4738	4726	344	1974	4726	0	355300	0	-8	1135	99	877	3518efe81bfb5b1320458b4beabc160f71c784840119119bbe260ead131d5002
kungfu.Ani	344	0x01153649	877	865	1135	1123	99	331	1123	0	310412	0	-8	12	0	12	a5e3587cbaf17570e1714836b3f630a1d830d7d254dd80fee4e5b259f130d4b7
kungfu.Ani	345	0x011539B6	12	0	12	0	0	0	0	0	0	skipped_when_size_minus_12_is_zero	unsafe_12_byte_metadata_plus_stale_scratch_tail	4450	247	3561	e3b0c44298fc1c149afbf4c8996fb92427ae41e4649b934ca495991b7852b855
kungfu.Ani	346	0x011539C2	3561	3549	4450	4438	247	2462	4438	0	355294	0	-8	4420	290	3276	8ba941731c465565218dcd2046ad583dc08c28265f023a202fb3a7a412787a1a
kungfu.Ani	347	0x011547AB	3276	3264	4420	4408	290	2088	4408	0	352750	0	-8	5626	534	3735	ba540f60af226e64b0534929b2c97dc36c26c8fb4543d790dc0a16b9038923cd
kungfu.Ani	348	0x01155477	3735	3723	5626	5614	534	1342	5614	0	350182	0	-8	12	0	12	3c8f83dc94930f581b625726e51cc3bf2d7f5f84e23b26f26b92ece8bddb103c
kungfu.Ani	349	0x0115630E	12	0	12	0	0	0	0	0	0	skipped_when_size_minus_12_is_zero	unsafe_12_byte_metadata_plus_stale_scratch_tail	3395	213	2747	e3b0c44298fc1c149afbf4c8996fb92427ae41e4649b934ca495991b7852b855
kungfu.Ani	350	0x0115631A	2747	2735	3395	3383	213	1679	3383	0	351464	0	-8	4549	217	3559	73c6ca3dc90f24ab4d092e3cda3cead8df3517fa93c52f7a7de29a0d947a3081
kungfu.Ani	351	0x01156DD5	3559	3547	4549	4537	217	2801	4537	0	356564	0	-8	695	62	564	f1042fcc59fbfb82f67a5ab25b4fea738e5a771a774a26e50827f9d5f4cf666e
kungfu.Ani	352	0x01157BBC	564	552	695	683	62	187	683	0	323226	0	-8	12	0	12	4415ec224690e5f840227fc0598fdf650ae2a67ef289db9640a356dc68e46b41
kungfu.Ani	353	0x01157DF0	12	0	12	0	0	0	0	0	0	skipped_when_size_minus_12_is_zero	unsafe_12_byte_metadata_plus_stale_scratch_tail	3601	227	2822	e3b0c44298fc1c149afbf4c8996fb92427ae41e4649b934ca495991b7852b855
kungfu.Ani	354	0x01157DFC	2822	2810	3601	3589	227	1773	3589	0	352682	0	-8	3588	237	2764	ebeb54ad423d0c09ea8e31c1e2ed4df40f62a5d03d68c93bb5f31540a0675206
kungfu.Ani	355	0x01158902	2764	2752	3588	3576	237	1680	3576	0	356564	0	-8	5150	490	3440	6679410bb018dce430f3474f9f4d1585238fd5291d9dfa268dd2291091193db6
kungfu.Ani	356	0x011593CE	3440	3428	5150	5138	490	1218	5138	0	356562	0	-8	12	0	12	f637d7d5929ceff7d1fc7a05b2c0829125e1d006118a107ff5df78b093687289
kungfu.Ani	357	0x0115A13E	12	0	12	0	0	0	0	0	0	skipped_when_size_minus_12_is_zero	unsafe_12_byte_metadata_plus_stale_scratch_tail	3615	226	2879	e3b0c44298fc1c149afbf4c8996fb92427ae41e4649b934ca495991b7852b855
kungfu.Ani	358	0x0115A14A	2879	2867	3615	3603	226	1795	3603	0	356562	0	-8	2988	231	2239	ae55c9775eba071afed63e4040fb5d773ab1e2ebcc7bad640270f41aef45fef9
kungfu.Ani	359	0x0115AC89	2239	2227	2988	2976	231	1128	2976	0	319414	0	-8	3702	222	2958	11dab6aeec693fddce02baef7f9e464da16735f421124ec3ae60b7e0d4019487
kungfu.Ani	360	0x0115B548	2958	2946	3702	3690	222	1914	3690	0	355300	0	-8	3705	250	2942	44241cf74ab34a81a40a1c91fed5d4f21d14801643d405d69532a695bb7e5e6f
kungfu.Ani	361	0x0115C0D6	2942	2930	3705	3693	250	1693	3693	0	352714	0	-8	4738	344	3559	e7048aeebf6ee1882eea90fa1cbb60a404d2f7c6ad8b3c6153757c8dd4f50916
kungfu.Ani	362	0x0115CC54	3559	3547	4738	4726	344	1974	4726	0	355300	0	-8	1135	99	877	3518efe81bfb5b1320458b4beabc160f71c784840119119bbe260ead131d5002
kungfu.Ani	363	0x0115DA3B	877	865	1135	1123	99	331	1123	0	310412	0	-8	12	0	12	a5e3587cbaf17570e1714836b3f630a1d830d7d254dd80fee4e5b259f130d4b7
kungfu.Ani	364	0x0115DDA8	12	0	12	0	0	0	0	0	0	skipped_when_size_minus_12_is_zero	unsafe_12_byte_metadata_plus_stale_scratch_tail	13513	1057	9412	e3b0c44298fc1c149afbf4c8996fb92427ae41e4649b934ca495991b7852b855
kungfu.Ani	365	0x0115DDB4	9412	9400	13513	13501	1057	5045	13501	0	397678	0	-8	11581	580	9986	56cfdcdf0713e588931438fdde60ac0b69cdc5002933b6a680e11d93443dbb02
kungfu.Ani	366	0x01160278	9986	9974	11581	11569	580	6929	11569	0	397678	0	-8	12473	711	10602	a9b2262b1310da0a7275dacb8b99c8595726ea6bb562e12e9a45dbafabee7464
kungfu.Ani	367	0x0116297A	10602	10590	12473	12461	711	6773	12461	0	397678	0	-8	12394	702	10497	4c926f33baf58c4f7df72827ef35152c36741cd57a32c5e8df7990c6b2d31af7
kungfu.Ani	368	0x011652E4	10497	10485	12394	12382	702	6766	12382	0	397678	0	-8	11526	578	9432	b5489f5ca6f398c8bda09902a2edabc0541f041b4f33edd7c0506ef85b11feb1
kungfu.Ani	369	0x01167BE5	9432	9420	11526	11514	578	6890	11514	0	397678	0	-8	14254	1155	10226	9177c8804066d0cd9f05d1c98b0da55150a13a28c18ffdee0d83e3c838a7b659
kungfu.Ani	370	0x0116A0BD	10226	10214	14254	14242	1155	5002	14242	0	397678	0	-8	12	0	12	4b2f04baf0ba50162b54de22e7082721d7b46b8470c114b3878745e51bdd348d
kungfu.Ani	371	0x0116C8AF	12	0	12	0	0	0	0	0	0	skipped_when_size_minus_12_is_zero	unsafe_12_byte_metadata_plus_stale_scratch_tail	12	0	12	e3b0c44298fc1c149afbf4c8996fb92427ae41e4649b934ca495991b7852b855
kungfu.Ani	372	0x0116C8BB	12	0	12	0	0	0	0	0	0	skipped_when_size_minus_12_is_zero	unsafe_12_byte_metadata_plus_stale_scratch_tail	12	0	12	e3b0c44298fc1c149afbf4c8996fb92427ae41e4649b934ca495991b7852b855
kungfu.Ani	373	0x0116C8C7	12	0	12	0	0	0	0	0	0	skipped_when_size_minus_12_is_zero	unsafe_12_byte_metadata_plus_stale_scratch_tail	12	0	12	e3b0c44298fc1c149afbf4c8996fb92427ae41e4649b934ca495991b7852b855
kungfu.Ani	374	0x0116C8D3	12	0	12	0	0	0	0	0	0	skipped_when_size_minus_12_is_zero	unsafe_12_byte_metadata_plus_stale_scratch_tail	12	0	12	e3b0c44298fc1c149afbf4c8996fb92427ae41e4649b934ca495991b7852b855
kungfu.Ani	375	0x0116C8DF	12	0	12	0	0	0	0	0	0	skipped_when_size_minus_12_is_zero	unsafe_12_byte_metadata_plus_stale_scratch_tail	12	0	12	e3b0c44298fc1c149afbf4c8996fb92427ae41e4649b934ca495991b7852b855
kungfu.Ani	376	0x0116C8EB	12	0	12	0	0	0	0	0	0	skipped_when_size_minus_12_is_zero	unsafe_12_byte_metadata_plus_stale_scratch_tail	12	0	12	e3b0c44298fc1c149afbf4c8996fb92427ae41e4649b934ca495991b7852b855
kungfu.Ani	377	0x0116C8F7	12	0	12	0	0	0	0	0	0	skipped_when_size_minus_12_is_zero	unsafe_12_byte_metadata_plus_stale_scratch_tail	12	0	12	e3b0c44298fc1c149afbf4c8996fb92427ae41e4649b934ca495991b7852b855
kungfu.Ani	378	0x0116C903	12	0	12	0	0	0	0	0	0	skipped_when_size_minus_12_is_zero	unsafe_12_byte_metadata_plus_stale_scratch_tail	12	0	12	e3b0c44298fc1c149afbf4c8996fb92427ae41e4649b934ca495991b7852b855
kungfu.Ani	379	0x0116C90F	12	0	12	0	0	0	0	0	0	skipped_when_size_minus_12_is_zero	unsafe_12_byte_metadata_plus_stale_scratch_tail	12	0	12	e3b0c44298fc1c149afbf4c8996fb92427ae41e4649b934ca495991b7852b855
kungfu.Ani	380	0x0116C91B	12	0	12	0	0	0	0	0	0	skipped_when_size_minus_12_is_zero	unsafe_12_byte_metadata_plus_stale_scratch_tail	13064	1000	9749	e3b0c44298fc1c149afbf4c8996fb92427ae41e4649b934ca495991b7852b855
kungfu.Ani	381	0x0116C927	9749	9737	13064	13052	1000	5052	13052	0	397678	0	-8	10373	483	9031	9fda21d74e3e924725802ecb46b31f1fc8892b0a9b3c9625fc1294ef9c0941c2
kungfu.Ani	382	0x0116EF3C	9031	9019	10373	10361	483	6497	10361	0	397678	0	-8	11012	573	9515	ec69ad2909fe82ab102ddab30c4939a219101983300351c7431c91a97e18fc7d
kungfu.Ani	383	0x01171283	9515	9503	11012	11000	573	6416	11000	0	397678	0	-8	11177	599	9578	495786da42d52ab1b89c29d3bf4ca4efcd1a3e4395dce785f42e4407d3453d68
kungfu.Ani	384	0x011737AE	9578	9566	11177	11165	599	6373	11165	0	397678	0	-8	10574	511	8410	d9fc05ba04c1020d4afc526804dfd1980390c17c51300ce53cfd2544e78d47ee
kungfu.Ani	385	0x01175D18	8410	8398	10574	10562	511	6474	10562	0	397678	0	-8	12691	964	8923	94fdcf51f3ca797152f827e40857980c65679c5b5e57feaff910b90e89f38f17
kungfu.Ani	386	0x01177DF2	8923	8911	12691	12679	964	4967	12679	0	397678	0	-8	12	0	12	36034b3bef4d25669eb08a9cd1b7f09f83520fe98e7622049e8b4ec167ae30ad
kungfu.Ani	387	0x0117A0CD	12	0	12	0	0	0	0	0	0	skipped_when_size_minus_12_is_zero	unsafe_12_byte_metadata_plus_stale_scratch_tail	12	0	12	e3b0c44298fc1c149afbf4c8996fb92427ae41e4649b934ca495991b7852b855
kungfu.Ani	388	0x0117A0D9	12	0	12	0	0	0	0	0	0	skipped_when_size_minus_12_is_zero	unsafe_12_byte_metadata_plus_stale_scratch_tail	12	0	12	e3b0c44298fc1c149afbf4c8996fb92427ae41e4649b934ca495991b7852b855
kungfu.Ani	389	0x0117A0E5	12	0	12	0	0	0	0	0	0	skipped_when_size_minus_12_is_zero	unsafe_12_byte_metadata_plus_stale_scratch_tail	12	0	12	e3b0c44298fc1c149afbf4c8996fb92427ae41e4649b934ca495991b7852b855
kungfu.Ani	390	0x0117A0F1	12	0	12	0	0	0	0	0	0	skipped_when_size_minus_12_is_zero	unsafe_12_byte_metadata_plus_stale_scratch_tail	121	11	108	e3b0c44298fc1c149afbf4c8996fb92427ae41e4649b934ca495991b7852b855
kungfu.Ani	391	0x0117A0FD	108	96	121	109	11	21	109	0	269418	0	-8	156	12	152	c62f1a21e9232a97f9d19eacaa32ea3e60f4b209b261ba28567411bc1dbb66aa
kungfu.Ani	392	0x0117A169	152	140	156	144	12	48	144	0	286068	0	-8	156	12	147	91d2d0edf8da992dd0856b7ff7e08820e39a96afe7393a9bb45771b1a921c9e6
kungfu.Ani	393	0x0117A201	147	135	156	144	12	48	144	0	286068	0	-8	156	12	152	5240bcf0d2d374bc0b011cb6e440034848a7613f4457e630902d185d959063f1
kungfu.Ani	394	0x0117A294	152	140	156	144	12	48	144	0	286068	0	-8	156	12	147	91d2d0edf8da992dd0856b7ff7e08820e39a96afe7393a9bb45771b1a921c9e6
kungfu.Ani	395	0x0117A32C	147	135	156	144	12	48	144	0	286068	0	-8	4133	383	2851	5240bcf0d2d374bc0b011cb6e440034848a7613f4457e630902d185d959063f1
kungfu.Ani	396	0x0117A3BF	2851	2839	4133	4121	383	1057	4121	0	347724	0	-8	3775	309	2829	2513d07c544bf428a577ff4a28f07e67aead93af2ef5f467959be2492748811f
kungfu.Ani	397	0x0117AEE2	2829	2817	3775	3763	309	1291	3763	0	360526	0	-8	3998	310	2980	d81f9fc2c3cea1271f14d2987340a1c494ddd25bf750ec6a4f1dd15505335db5
kungfu.Ani	398	0x0117B9EF	2980	2968	3998	3986	310	1506	3986	0	361808	0	-8	4065	195	3155	cc0699e0489cd3a6858909d85b915e33d60328369affa9127da6b7fe7ec5133e
kungfu.Ani	399	0x0117C593	3155	3143	4065	4053	195	2493	4053	0	365648	0	-8	40625	1422	27633	7bf26d97239be473183d5a8dcc82ea0a4b9a410626ceca6ebc9529307604668e
kungfu.Ani	400	0x0117D1E6	27633	27621	40625	40613	1422	29237	40613	0	545942	0	-8	48741	2221	38444	791f92cddf9efb0086e3cb91e30fdb1ab08fc116520002f7a9e39537384fb653
kungfu.Ani	401	0x01183DD7	38444	38432	48741	48729	2221	30961	48729	0	545942	0	-8	14110	554	12268	417dbd7d327e70a7b3f34df065954a696315d6421caebdbe54275182f28520c0
kungfu.Ani	402	0x0118D403	12268	12256	14110	14098	554	9666	14098	0	545638	0	-8	866	33	761	2ca8c1f8947a9d8065e85a4c8fb0bdb09a9ced1e1527ee5f598c66e9ff3c6183
kungfu.Ani	403	0x011903EF	761	749	866	854	33	590	854	0	337402	0	-8	478	20	453	046a63bbd4f7476cace864de92dc732a37803924c672f2af2eda9bff52348b90
kungfu.Ani	404	0x011906E8	453	441	478	466	20	306	466	0	332288	0	-8	216	22	164	cb25d9c837973e59ad213662f2e7c27fd9a1f426be76f7dd3e8d1f1d6cee0a11
kungfu.Ani	405	0x011908AD	164	152	216	204	22	28	204	0	327164	0	-8	12	0	12	917cd9938f5427ad507aa8218dce8faa1a81089ed7071cdb7d7b51c2a7cdf126
kungfu.Ani	406	0x01190951	12	0	12	0	0	0	0	0	0	skipped_when_size_minus_12_is_zero	unsafe_12_byte_metadata_plus_stale_scratch_tail	12	0	12	e3b0c44298fc1c149afbf4c8996fb92427ae41e4649b934ca495991b7852b855
kungfu.Ani	407	0x0119095D	12	0	12	0	0	0	0	0	0	skipped_when_size_minus_12_is_zero	unsafe_12_byte_metadata_plus_stale_scratch_tail	12	0	12	e3b0c44298fc1c149afbf4c8996fb92427ae41e4649b934ca495991b7852b855
kungfu.Ani	408	0x01190969	12	0	12	0	0	0	0	0	0	skipped_when_size_minus_12_is_zero	unsafe_12_byte_metadata_plus_stale_scratch_tail	5140	386	3725	e3b0c44298fc1c149afbf4c8996fb92427ae41e4649b934ca495991b7852b855
kungfu.Ani	409	0x01190975	3725	3713	5140	5128	386	2040	5128	0	365648	0	-8	4692	270	3997	231b14b6e21aa37e19a83936dd712946b01c91a474c6f5854724a976d8f87178
kungfu.Ani	410	0x01191802	3997	3985	4692	4680	270	2520	4680	0	365648	0	-8	4490	236	3868	6b3d039ecda0a99c62e1b6797730b1b531b4c6b9fd5794b8c42279a75bd638fd
kungfu.Ani	411	0x0119279F	3868	3856	4490	4478	236	2590	4478	0	365648	0	-8	4721	278	4035	f6f2a1c36343d8649c09185b131e48e792f0de21e9f3e265d554346b022ce9c0
kungfu.Ani	412	0x011936BB	4035	4023	4721	4709	278	2485	4709	0	365648	0	-8	4560	249	3631	0758d214537cf14b20c04d770165e93f22a24d9ce83f829f4a6def67f2d3cf97
kungfu.Ani	413	0x0119467E	3631	3619	4560	4548	249	2556	4548	0	365648	0	-8	5120	378	3728	7b42aaac20d83702fb67498268f8d32b9c5c700ae1cf1bdcdc746d9ad1cb7358
kungfu.Ani	414	0x011954AD	3728	3716	5120	5108	378	2084	5108	0	365648	0	-8	12	0	12	63c4ed94a9cfe3a66c20133f6750fdd52d88901bc0fbe057fbb41af79a4c9b88
kungfu.Ani	415	0x0119633D	12	0	12	0	0	0	0	0	0	skipped_when_size_minus_12_is_zero	unsafe_12_byte_metadata_plus_stale_scratch_tail	12	0	12	e3b0c44298fc1c149afbf4c8996fb92427ae41e4649b934ca495991b7852b855
kungfu.Ani	416	0x01196349	12	0	12	0	0	0	0	0	0	skipped_when_size_minus_12_is_zero	unsafe_12_byte_metadata_plus_stale_scratch_tail	12	0	12	e3b0c44298fc1c149afbf4c8996fb92427ae41e4649b934ca495991b7852b855
kungfu.Ani	417	0x01196355	12	0	12	0	0	0	0	0	0	skipped_when_size_minus_12_is_zero	unsafe_12_byte_metadata_plus_stale_scratch_tail	12	0	12	e3b0c44298fc1c149afbf4c8996fb92427ae41e4649b934ca495991b7852b855
kungfu.Ani	418	0x01196361	12	0	12	0	0	0	0	0	0	skipped_when_size_minus_12_is_zero	unsafe_12_byte_metadata_plus_stale_scratch_tail	156	12	152	e3b0c44298fc1c149afbf4c8996fb92427ae41e4649b934ca495991b7852b855
kungfu.Ani	419	0x0119636D	152	140	156	144	12	48	144	0	286068	0	-8	156	12	147	91d2d0edf8da992dd0856b7ff7e08820e39a96afe7393a9bb45771b1a921c9e6
kungfu.Ani	420	0x01196405	147	135	156	144	12	48	144	0	286068	0	-8	156	12	152	5240bcf0d2d374bc0b011cb6e440034848a7613f4457e630902d185d959063f1
kungfu.Ani	421	0x01196498	152	140	156	144	12	48	144	0	286068	0	-8	156	12	147	91d2d0edf8da992dd0856b7ff7e08820e39a96afe7393a9bb45771b1a921c9e6
kungfu.Ani	422	0x01196530	147	135	156	144	12	48	144	0	286068	0	-8	4133	383	2851	5240bcf0d2d374bc0b011cb6e440034848a7613f4457e630902d185d959063f1
kungfu.Ani	423	0x011965C3	2851	2839	4133	4121	383	1057	4121	0	347724	0	-8	3775	309	2829	2513d07c544bf428a577ff4a28f07e67aead93af2ef5f467959be2492748811f
kungfu.Ani	424	0x011970E6	2829	2817	3775	3763	309	1291	3763	0	360526	0	-8	3998	310	2980	d81f9fc2c3cea1271f14d2987340a1c494ddd25bf750ec6a4f1dd15505335db5
kungfu.Ani	425	0x01197BF3	2980	2968	3998	3986	310	1506	3986	0	361808	0	-8	4065	195	3155	cc0699e0489cd3a6858909d85b915e33d60328369affa9127da6b7fe7ec5133e
kungfu.Ani	426	0x01198797	3155	3143	4065	4053	195	2493	4053	0	365648	0	-8	241074	256	153418	7bf26d97239be473183d5a8dcc82ea0a4b9a410626ceca6ebc9529307604668e
kungfu.Ani	427	0x011993EA	153418	153406	241074	241062	256	239014	241062	0	546560	0	-8	254024	3555	197640	e4ed7a8feee60701192a90fa50bbd7b74f4b8290e2c56e23eee15891f937d3d4
kungfu.Ani	428	0x011BEB34	197640	197628	254024	254012	3555	225572	254012	0	546560	0	-8	246440	1694	214690	4ef6ed73dff4dfc1dfa050f397691e3e768e320b406762e70e40f0783e11509e
kungfu.Ani	429	0x011EEF3C	214690	214678	246440	246428	1694	232876	246428	0	546560	0	-8	17280	932	13607	f339cd6d5df822e4c9d0c11ed061bc8fc19ef2d18ee8f49db523a63b913aa8b8
kungfu.Ani	430	0x012235DE	13607	13595	17280	17268	932	9812	17268	0	545536	0	-8	6328	368	4980	60cdfe416cea24693691725f3eea79b3ca77eeef8b170d0bc53b3bb1c6df88c1
kungfu.Ani	431	0x01226B05	4980	4968	6328	6316	368	3372	6316	0	544002	0	-8	1262	77	1008	a70d3dac239964f7040fccd252a0dd452c4186f72635c8493b82de31d974565d
kungfu.Ani	432	0x01227E79	1008	996	1262	1250	77	634	1250	0	351490	0	-8	12	0	12	8df3262dd8f64ddd017ebbaa768bd7e3c58b36e85dc14910da585743d31e2f24
kungfu.Ani	433	0x01228269	12	0	12	0	0	0	0	0	0	skipped_when_size_minus_12_is_zero	unsafe_12_byte_metadata_plus_stale_scratch_tail	12	0	12	e3b0c44298fc1c149afbf4c8996fb92427ae41e4649b934ca495991b7852b855
kungfu.Ani	434	0x01228275	12	0	12	0	0	0	0	0	0	skipped_when_size_minus_12_is_zero	unsafe_12_byte_metadata_plus_stale_scratch_tail	12	0	12	e3b0c44298fc1c149afbf4c8996fb92427ae41e4649b934ca495991b7852b855
kungfu.Ani	435	0x01228281	12	0	12	0	0	0	0	0	0	skipped_when_size_minus_12_is_zero	unsafe_12_byte_metadata_plus_stale_scratch_tail	12	0	12	e3b0c44298fc1c149afbf4c8996fb92427ae41e4649b934ca495991b7852b855
kungfu.Ani	436	0x0122828D	12	0	12	0	0	0	0	0	0	skipped_when_size_minus_12_is_zero	unsafe_12_byte_metadata_plus_stale_scratch_tail	12	0	12	e3b0c44298fc1c149afbf4c8996fb92427ae41e4649b934ca495991b7852b855
kungfu.Ani	437	0x01228299	12	0	12	0	0	0	0	0	0	skipped_when_size_minus_12_is_zero	unsafe_12_byte_metadata_plus_stale_scratch_tail	12	0	12	e3b0c44298fc1c149afbf4c8996fb92427ae41e4649b934ca495991b7852b855
kungfu.Ani	438	0x012282A5	12	0	12	0	0	0	0	0	0	skipped_when_size_minus_12_is_zero	unsafe_12_byte_metadata_plus_stale_scratch_tail	5140	386	3725	e3b0c44298fc1c149afbf4c8996fb92427ae41e4649b934ca495991b7852b855
kungfu.Ani	439	0x012282B1	3725	3713	5140	5128	386	2040	5128	0	365648	0	-8	4692	270	3997	231b14b6e21aa37e19a83936dd712946b01c91a474c6f5854724a976d8f87178
kungfu.Ani	440	0x0122913E	3997	3985	4692	4680	270	2520	4680	0	365648	0	-8	5461	398	4433	6b3d039ecda0a99c62e1b6797730b1b531b4c6b9fd5794b8c42279a75bd638fd
kungfu.Ani	441	0x0122A0DB	4433	4421	5461	5449	398	2265	5449	0	365648	0	-8	4353	216	3835	85bd7951fd758601d086e9fdf51d90b8e362905b6c65b2ce8d96da74b4258140
kungfu.Ani	442	0x0122B22C	3835	3823	4353	4341	216	2613	4341	0	365648	0	-8	4560	249	3631	1597cdf9ff5cf6128555bfc02ee02256f7642d56ec6ef42a915ce694f4d99c83
kungfu.Ani	443	0x0122C127	3631	3619	4560	4548	249	2556	4548	0	365648	0	-8	5120	378	3728	7b42aaac20d83702fb67498268f8d32b9c5c700ae1cf1bdcdc746d9ad1cb7358
kungfu.Ani	444	0x0122CF56	3728	3716	5120	5108	378	2084	5108	0	365648	0	-8	12	0	12	63c4ed94a9cfe3a66c20133f6750fdd52d88901bc0fbe057fbb41af79a4c9b88
kungfu.Ani	445	0x0122DDE6	12	0	12	0	0	0	0	0	0	skipped_when_size_minus_12_is_zero	unsafe_12_byte_metadata_plus_stale_scratch_tail	12	0	12	e3b0c44298fc1c149afbf4c8996fb92427ae41e4649b934ca495991b7852b855
kungfu.Ani	446	0x0122DDF2	12	0	12	0	0	0	0	0	0	skipped_when_size_minus_12_is_zero	unsafe_12_byte_metadata_plus_stale_scratch_tail	12	0	12	e3b0c44298fc1c149afbf4c8996fb92427ae41e4649b934ca495991b7852b855
kungfu.Ani	447	0x0122DDFE	12	0	12	0	0	0	0	0	0	skipped_when_size_minus_12_is_zero	unsafe_12_byte_metadata_plus_stale_scratch_tail	12	0	12	e3b0c44298fc1c149afbf4c8996fb92427ae41e4649b934ca495991b7852b855
kungfu.Ani	448	0x0122DE0A	12	0	12	0	0	0	0	0	0	skipped_when_size_minus_12_is_zero	unsafe_12_byte_metadata_plus_stale_scratch_tail	156	12	152	e3b0c44298fc1c149afbf4c8996fb92427ae41e4649b934ca495991b7852b855
kungfu.Ani	449	0x0122DE16	152	140	156	144	12	48	144	0	286068	0	-8	156	12	147	91d2d0edf8da992dd0856b7ff7e08820e39a96afe7393a9bb45771b1a921c9e6
kungfu.Ani	450	0x0122DEAE	147	135	156	144	12	48	144	0	286068	0	-8	156	12	152	5240bcf0d2d374bc0b011cb6e440034848a7613f4457e630902d185d959063f1
kungfu.Ani	451	0x0122DF41	152	140	156	144	12	48	144	0	286068	0	-8	156	12	147	91d2d0edf8da992dd0856b7ff7e08820e39a96afe7393a9bb45771b1a921c9e6
kungfu.Ani	452	0x0122DFD9	147	135	156	144	12	48	144	0	286068	0	-8	4072	373	2848	5240bcf0d2d374bc0b011cb6e440034848a7613f4457e630902d185d959063f1
kungfu.Ani	453	0x0122E06C	2848	2836	4072	4060	373	1076	4060	0	347724	0	-8	3648	286	2796	91d4d6d9f8ed132a3b95cad3058818e41de6468fa0acbbfed7d83b6c82aa555b
kungfu.Ani	454	0x0122EB8C	2796	2784	3648	3636	286	1348	3636	0	360526	0	-8	3802	277	2935	602a461b96c49a712ffe4b5dc162e8b70fd54a3e77a7f6ab41de5d202feb6076
kungfu.Ani	455	0x0122F678	2935	2923	3802	3790	277	1574	3790	0	361808	0	-8	4052	192	3145	8c44722f58f2f4c29be3bc1e8934cb752f0b725a2d8d802a6f202bf33fb79a46
kungfu.Ani	456	0x012301EF	3145	3133	4052	4040	192	2504	4040	0	365648	0	-8	241349	301	137091	7effc661e629641b04491dc87e1ab7208c5d0aaa7f30f46aa6ab789ae6b59635
kungfu.Ani	457	0x01230E38	137091	137079	241349	241337	301	238929	241337	0	546560	0	-8	304005	10250	210281	4471d689b12ebde0d49f9866a5e3b94af1a924ae64dde03fa62d7b2f7dc466be
kungfu.Ani	458	0x012525BB	210281	210269	304005	303993	10250	221993	303993	0	546560	0	-8	279171	6152	206274	15af3181aeb7b8d0debecb9d9e131fc1c31ff423a6a2fc0ea0e851077320659c
kungfu.Ani	459	0x01285B24	206274	206262	279171	279159	6152	229943	279159	0	546560	0	-8	307220	1	183324	22ea96aa38adf45db9439213fdcddb44a407d75e014073ee1521e27042f14a06
kungfu.Ani	460	0x012B80E6	183324	183312	307220	307208	1	307200	307208	0	614400	0	-8	307220	1	190874	6d45a1ec00d3dc57db9aa48af61ba75d88fab3ab8dc80098ecb26cfe90557110
kungfu.Ani	461	0x012E4D02	190874	190862	307220	307208	1	307200	307208	0	614400	0	-8	307220	1	193654	563b49e82d1c337c8d9837573ff38d5b6609d06d7d2888f8a967bacb4133ea2d
kungfu.Ani	462	0x0131369C	193654	193642	307220	307208	1	307200	307208	0	614400	0	-8	307220	1	208396	c80636655def6f377f7c86c57ecd4fb575e3edb3439c404f80db754391a53c71
kungfu.Ani	463	0x01342B12	208396	208384	307220	307208	1	307200	307208	0	614400	0	-8	12	0	12	85b12905d450c2c0a8ac5425d8e50e1a04a49138f8994f93fb0fbaebc5425483
kungfu.Ani	464	0x0137591E	12	0	12	0	0	0	0	0	0	skipped_when_size_minus_12_is_zero	unsafe_12_byte_metadata_plus_stale_scratch_tail	12	0	12	e3b0c44298fc1c149afbf4c8996fb92427ae41e4649b934ca495991b7852b855
kungfu.Ani	465	0x0137592A	12	0	12	0	0	0	0	0	0	skipped_when_size_minus_12_is_zero	unsafe_12_byte_metadata_plus_stale_scratch_tail	12	0	12	e3b0c44298fc1c149afbf4c8996fb92427ae41e4649b934ca495991b7852b855
kungfu.Ani	466	0x01375936	12	0	12	0	0	0	0	0	0	skipped_when_size_minus_12_is_zero	unsafe_12_byte_metadata_plus_stale_scratch_tail	12	0	12	e3b0c44298fc1c149afbf4c8996fb92427ae41e4649b934ca495991b7852b855
kungfu.Ani	467	0x01375942	12	0	12	0	0	0	0	0	0	skipped_when_size_minus_12_is_zero	unsafe_12_byte_metadata_plus_stale_scratch_tail	12	0	12	e3b0c44298fc1c149afbf4c8996fb92427ae41e4649b934ca495991b7852b855
kungfu.Ani	468	0x0137594E	12	0	12	0	0	0	0	0	0	skipped_when_size_minus_12_is_zero	unsafe_12_byte_metadata_plus_stale_scratch_tail	12	0	12	e3b0c44298fc1c149afbf4c8996fb92427ae41e4649b934ca495991b7852b855
kungfu.Ani	469	0x0137595A	12	0	12	0	0	0	0	0	0	skipped_when_size_minus_12_is_zero	unsafe_12_byte_metadata_plus_stale_scratch_tail	496	37	431	e3b0c44298fc1c149afbf4c8996fb92427ae41e4649b934ca495991b7852b855
kungfu.Ani	470	0x01375966	431	419	496	484	37	188	484	0	315522	0	-8	121	11	115	1b575fec7be89f141cd3d40c6172ca967b1ec6a5887edf3279ee238902d9993a
kungfu.Ani	471	0x01375B15	115	103	121	109	11	21	109	0	269418	0	-8	12	0	12	92f2d00f2beed1c640804302878782c19e1ee2442b9aae45aac7a37aa2e826ee
kungfu.Ani	472	0x01375B88	12	0	12	0	0	0	0	0	0	skipped_when_size_minus_12_is_zero	unsafe_12_byte_metadata_plus_stale_scratch_tail	12	0	12	e3b0c44298fc1c149afbf4c8996fb92427ae41e4649b934ca495991b7852b855
kungfu.Ani	473	0x01375B94	12	0	12	0	0	0	0	0	0	skipped_when_size_minus_12_is_zero	unsafe_12_byte_metadata_plus_stale_scratch_tail	121	11	108	e3b0c44298fc1c149afbf4c8996fb92427ae41e4649b934ca495991b7852b855
kungfu.Ani	474	0x01375BA0	108	96	121	109	11	21	109	0	269418	0	-8	12	0	12	c62f1a21e9232a97f9d19eacaa32ea3e60f4b209b261ba28567411bc1dbb66aa
kungfu.Ani	475	0x01375C0C	12	0	12	0	0	0	0	0	0	skipped_when_size_minus_12_is_zero	unsafe_12_byte_metadata_plus_stale_scratch_tail	3451	199	2715	e3b0c44298fc1c149afbf4c8996fb92427ae41e4649b934ca495991b7852b855
kungfu.Ani	476	0x01375C18	2715	2703	3451	3439	199	1847	3439	0	350062	0	-8	3623	287	2662	48f76e6bb2ee8f759c6b69e8f479ec3ce37ad115691028e12c11803dfffce6bb
kungfu.Ani	477	0x013766B3	2662	2650	3623	3611	287	1315	3611	0	343664	0	-8	4214	317	3097	f4ba6c623cd874b43167e43ea8c8ebdbd2b85181851d9985ee81f8c421d33da7
kungfu.Ani	478	0x01377119	3097	3085	4214	4202	317	1666	4202	0	348794	0	-8	4155	275	3290	613971dbfed3ced58f94ed006971c398ef2f312f98852749fccf382b33c88183
kungfu.Ani	479	0x01377D32	3290	3278	4155	4143	275	1943	4143	0	348798	0	-8	3551	205	2828	f954bcab4c318e1684576cb69d1243639ca9e5f0d4fb2282c0db3cfe58df1375
kungfu.Ani	480	0x01378A0C	2828	2816	3551	3539	205	1899	3539	0	348806	0	-8	3680	238	2842	23b46483d7972d8db1aac9136472f5758a7ffb05e54be1f628cc72dfd2213adb
kungfu.Ani	481	0x01379518	2842	2830	3680	3668	238	1764	3668	0	348806	0	-8	3551	191	2789	886ab5ea565e2f561b9768eac06c44dce0c2e0456fff0d8497597542ceb5fb4a
kungfu.Ani	482	0x0137A032	2789	2777	3551	3539	191	2011	3539	0	347536	0	-8	3781	198	3019	30e3bda8d99d49d2e286295d09a45f047f9de09a018248ebda1ba89da838135d
kungfu.Ani	483	0x0137AB17	3019	3007	3781	3769	198	2185	3769	0	347536	0	-8	3626	195	2865	6cf5321e5853eff8b9100e4cbcc3f3beb2b765cb4ab34f266fe9857aa1bf0fe8
kungfu.Ani	484	0x0137B6E2	2865	2853	3626	3614	195	2054	3614	0	346286	0	-8	3663	179	2918	19da7fa3ac41cb6a64e6235e3ae2a1fd81faf9bf084951d15ceb37f49a7eb6a8
kungfu.Ani	485	0x0137C213	2918	2906	3663	3651	179	2219	3651	0	346286	0	-8	4059	213	3082	00a4540acc57bdbbf521b4f79bde7de5f6d6eb3c5c21b4bc9e7ea591cc63b195
kungfu.Ani	486	0x0137CD79	3082	3070	4059	4047	213	2343	4047	0	345020	0	-8	4078	196	3268	611cf62a11f78512ac3edf8af10bec4a6f404a340de8814768c97e7388f828e8
kungfu.Ani	487	0x0137D983	3268	3256	4078	4066	196	2498	4066	0	343754	0	-8	3758	175	3011	6059ee480d6c9104618e0d704260cbff8ec68339310ff5e7ec53fc6468b146ff
kungfu.Ani	488	0x0137E647	3011	2999	3758	3746	175	2346	3746	0	342490	0	-8	3607	169	2888	e9935f7711000caf95a7ded8fb00b2b7caad7de3cd25792ecb73194017e0d596
kungfu.Ani	489	0x0137F20A	2888	2876	3607	3595	169	2243	3595	0	341228	0	-8	3576	143	2777	c01e817edf16d9e0ce588162ca81a412cfe21a1a2e55937bec74214df955e9ee
kungfu.Ani	490	0x0137FD52	2777	2765	3576	3564	143	2420	3564	0	339962	0	-8	3610	170	2880	482be253694da83e04082632c1160fb400491341d3d30769b995776223ef6517
kungfu.Ani	491	0x0138082B	2880	2868	3610	3598	170	2238	3598	0	338698	0	-8	3040	161	2468	5e26aa9422678656008556a14bff60a16e278e6ad58245dabf7f974e27ec7c62
kungfu.Ani	492	0x0138136B	2468	2456	3040	3028	161	1740	3028	0	337440	0	-8	2566	116	2103	5873e2dac5c62a040a8aa31164074e6d97daad72f7d4b53912cecd23b3beda89
kungfu.Ani	493	0x01381D0F	2103	2091	2566	2554	116	1626	2554	0	336168	0	-8	2762	151	2159	6c49c1a01e773ddc90056ed3e7dfcfada8668188b4671d9b5738d51b67cb0fdd
kungfu.Ani	494	0x01382546	2159	2147	2762	2750	151	1542	2750	0	333660	0	-8	2909	145	2340	d8982638f7bf305b7c396491241aa2f35b694fb3006deaf3041784b5a7901da7
kungfu.Ani	495	0x01382DB5	2340	2328	2909	2897	145	1737	2897	0	333660	0	-8	3230	150	2580	ba26ae1e8a218a31c83acb59017483dafba9be8527fd619549ace827f7a92f6c
kungfu.Ani	496	0x013836D9	2580	2568	3230	3218	150	2018	3218	0	332400	0	-8	3714	170	2947	d8629a1b2ff942d947cffe4e9375d4e90470cf1479ea39e9e7077910528d1219
kungfu.Ani	497	0x013840ED	2947	2935	3714	3702	170	2342	3702	0	331140	0	-8	3781	154	2978	ab02c34c936af488c7fe5d20d183e9f2c08a39ff45f9a4da86000b95d32b2f92
kungfu.Ani	498	0x01384C70	2978	2966	3781	3769	154	2537	3769	0	329876	0	-8	4099	189	3295	6eaeb24c6647329e7e43237f889fe680316628cf50c68f6825c8b37209e0b0ec
kungfu.Ani	499	0x01385812	3295	3283	4099	4087	189	2575	4087	0	328612	0	-8	3857	193	3060	a05a7f741c328348df88c48ae0ed07e75006ec2c99f185743c91cf5fdbf0d90b
kungfu.Ani	500	0x013864F1	3060	3048	3857	3845	193	2301	3845	0	327356	0	-8	3789	161	2942	30c4a703caa88f589022ef5ea160f37e241534bb4e35a647f1b2046b1d8c1802
kungfu.Ani	501	0x013870E5	2942	2930	3789	3777	161	2489	3777	0	326096	0	-8	4123	185	3185	d66713a6a20cc2f13a4d2c105d4309abcc153d46709e085eaccb2331742d9c18
kungfu.Ani	502	0x01387C63	3185	3173	4123	4111	185	2631	4111	0	324836	0	-8	4126	193	3346	4ae1e0a8d19bbd8dbb486c7b7d4d538d14dc40eadc7eaf8877c481c9ff9ea4a8
kungfu.Ani	503	0x013888D4	3346	3334	4126	4114	193	2570	4114	0	323576	0	-8	3725	159	2966	de9da27f873f24600a99f11a27359e5be56a686ec44e76f393d910bb15b2c4e3
kungfu.Ani	504	0x013895E6	2966	2954	3725	3713	159	2441	3713	0	322314	0	-8	7418	341	5899	2439ff9c62260b690b90e90900d8245a5473ebb1695abaa988cad96b4a857f44
kungfu.Ani	505	0x0138A17C	5899	5887	7418	7406	341	4678	7406	0	368192	0	-8	3768	162	3006	630819d87ff26b7e306743efc3bceaf269cccf54e5f591781dc26aa2d66d8b65
kungfu.Ani	506	0x0138B887	3006	2994	3768	3756	162	2460	3756	0	319792	0	-8	7134	384	5506	6523b66b4fce0aab31b2f90bbdb5af086730c043c3ed1833209a6e49ecc550d3
kungfu.Ani	507	0x0138C445	5506	5494	7134	7122	384	4050	7122	0	368202	0	-8	6436	390	4840	b3b8158f81212ec1e495ae50748df7bffbec78d7d193b6c290b39623f6260e93
kungfu.Ani	508	0x0138D9C7	4840	4828	6436	6424	390	3304	6424	0	368202	0	-8	5837	413	4340	eab5557d622d439fdf4ef4746749e5c3ec076c24ecc734a7c0d97c4674751697
kungfu.Ani	509	0x0138ECAF	4340	4328	5837	5825	413	2521	5825	0	368206	0	-8	1127	84	852	c602c1981d15b94370043e5d77b452f0ad381f6dad6a029c311278f0fc7a47d2
kungfu.Ani	510	0x0138FDA3	852	840	1127	1115	84	443	1115	0	312162	0	-8	323	24	270	b84fc4ee9196b84660730ec53851542a385fdcf31944e6ed0ab99a8f76556dee
kungfu.Ani	511	0x013900F7	270	258	323	311	24	119	311	0	298082	0	-8	12	0	12	14977a46d513d550a6df675f6c5901688072d01ca94030155e1dd658a305f556
kungfu.Ani	512	0x01390205	12	0	12	0	0	0	0	0	0	skipped_when_size_minus_12_is_zero	unsafe_12_byte_metadata_plus_stale_scratch_tail	12	0	12	e3b0c44298fc1c149afbf4c8996fb92427ae41e4649b934ca495991b7852b855
kungfu.Ani	513	0x01390211	12	0	12	0	0	0	0	0	0	skipped_when_size_minus_12_is_zero	unsafe_12_byte_metadata_plus_stale_scratch_tail	12	0	12	e3b0c44298fc1c149afbf4c8996fb92427ae41e4649b934ca495991b7852b855
kungfu.Ani	514	0x0139021D	12	0	12	0	0	0	0	0	0	skipped_when_size_minus_12_is_zero	unsafe_12_byte_metadata_plus_stale_scratch_tail	12	0	12	e3b0c44298fc1c149afbf4c8996fb92427ae41e4649b934ca495991b7852b855
kungfu.Ani	515	0x01390229	12	0	12	0	0	0	0	0	0	skipped_when_size_minus_12_is_zero	unsafe_12_byte_metadata_plus_stale_scratch_tail	12	0	12	e3b0c44298fc1c149afbf4c8996fb92427ae41e4649b934ca495991b7852b855
kungfu.Ani	516	0x01390235	12	0	12	0	0	0	0	0	0	skipped_when_size_minus_12_is_zero	unsafe_12_byte_metadata_plus_stale_scratch_tail	12	0	12	e3b0c44298fc1c149afbf4c8996fb92427ae41e4649b934ca495991b7852b855
kungfu.Ani	517	0x01390241	12	0	12	0	0	0	0	0	0	skipped_when_size_minus_12_is_zero	unsafe_12_byte_metadata_plus_stale_scratch_tail	10223	704	7507	e3b0c44298fc1c149afbf4c8996fb92427ae41e4649b934ca495991b7852b855
kungfu.Ani	518	0x0139024D	7507	7495	10223	10211	704	4579	10211	0	368206	0	-8	8567	385	7301	0c26589c2e0399826a8414f9ea973800439037c917bdb3c8c52768da3e995c6f
kungfu.Ani	519	0x01391FA0	7301	7289	8567	8555	385	5475	8555	0	368206	0	-8	9076	457	7560	78b0bc18de27ea502ac6122a5417fd310b2d2471f59a7f4644a4205053f64a2b
kungfu.Ani	520	0x01393C25	7560	7548	9076	9064	457	5408	9064	0	368206	0	-8	9034	450	7600	1ff68275c425600521c2c05cc7f0a78d36d8f518236a6550738fe9561225b1a5
kungfu.Ani	521	0x013959AD	7600	7588	9034	9022	450	5422	9022	0	368206	0	-8	8734	409	6574	df3fcb5aa74588ec102786e98f04f61d7562e3836bd84c0cecbed8e274ac2ab7
kungfu.Ani	522	0x0139775D	6574	6562	8734	8722	409	5450	8722	0	368206	0	-8	9893	682	6850	b8846651a574b53e8401a3529c43b433aa8ba26e56f101a8b3d62e33697eba43
kungfu.Ani	523	0x0139910B	6850	6838	9893	9881	682	4425	9881	0	368206	0	-8	4420	290	3276	357171a5aa93c231cb51a625e5de1a36b4dc50af03acba6f544d8d9e08adb278
kungfu.Ani	524	0x0139ABCD	3276	3264	4420	4408	290	2088	4408	0	352750	0	-8	5626	534	3735	ba540f60af226e64b0534929b2c97dc36c26c8fb4543d790dc0a16b9038923cd
kungfu.Ani	525	0x0139B899	3735	3723	5626	5614	534	1342	5614	0	350182	0	-8	12	0	12	3c8f83dc94930f581b625726e51cc3bf2d7f5f84e23b26f26b92ece8bddb103c
kungfu.Ani	526	0x0139C730	12	0	12	0	0	0	0	0	0	skipped_when_size_minus_12_is_zero	unsafe_12_byte_metadata_plus_stale_scratch_tail	3395	213	2747	e3b0c44298fc1c149afbf4c8996fb92427ae41e4649b934ca495991b7852b855
kungfu.Ani	527	0x0139C73C	2747	2735	3395	3383	213	1679	3383	0	351464	0	-8	4549	217	3559	73c6ca3dc90f24ab4d092e3cda3cead8df3517fa93c52f7a7de29a0d947a3081
kungfu.Ani	528	0x0139D1F7	3559	3547	4549	4537	217	2801	4537	0	356564	0	-8	695	62	564	f1042fcc59fbfb82f67a5ab25b4fea738e5a771a774a26e50827f9d5f4cf666e
kungfu.Ani	529	0x0139DFDE	564	552	695	683	62	187	683	0	323226	0	-8	12	0	12	4415ec224690e5f840227fc0598fdf650ae2a67ef289db9640a356dc68e46b41
kungfu.Ani	530	0x0139E212	12	0	12	0	0	0	0	0	0	skipped_when_size_minus_12_is_zero	unsafe_12_byte_metadata_plus_stale_scratch_tail	3601	227	2822	e3b0c44298fc1c149afbf4c8996fb92427ae41e4649b934ca495991b7852b855
kungfu.Ani	531	0x0139E21E	2822	2810	3601	3589	227	1773	3589	0	352682	0	-8	3588	237	2764	ebeb54ad423d0c09ea8e31c1e2ed4df40f62a5d03d68c93bb5f31540a0675206
kungfu.Ani	532	0x0139ED24	2764	2752	3588	3576	237	1680	3576	0	356564	0	-8	5150	490	3440	6679410bb018dce430f3474f9f4d1585238fd5291d9dfa268dd2291091193db6
kungfu.Ani	533	0x0139F7F0	3440	3428	5150	5138	490	1218	5138	0	356562	0	-8	12	0	12	f637d7d5929ceff7d1fc7a05b2c0829125e1d006118a107ff5df78b093687289
kungfu.Ani	534	0x013A0560	12	0	12	0	0	0	0	0	0	skipped_when_size_minus_12_is_zero	unsafe_12_byte_metadata_plus_stale_scratch_tail	3615	226	2879	e3b0c44298fc1c149afbf4c8996fb92427ae41e4649b934ca495991b7852b855
kungfu.Ani	535	0x013A056C	2879	2867	3615	3603	226	1795	3603	0	356562	0	-8	2988	231	2239	ae55c9775eba071afed63e4040fb5d773ab1e2ebcc7bad640270f41aef45fef9
kungfu.Ani	536	0x013A10AB	2239	2227	2988	2976	231	1128	2976	0	319414	0	-8	3702	222	2958	11dab6aeec693fddce02baef7f9e464da16735f421124ec3ae60b7e0d4019487
kungfu.Ani	537	0x013A196A	2958	2946	3702	3690	222	1914	3690	0	355300	0	-8	3705	250	2942	44241cf74ab34a81a40a1c91fed5d4f21d14801643d405d69532a695bb7e5e6f
kungfu.Ani	538	0x013A24F8	2942	2930	3705	3693	250	1693	3693	0	352714	0	-8	4738	344	3559	e7048aeebf6ee1882eea90fa1cbb60a404d2f7c6ad8b3c6153757c8dd4f50916
kungfu.Ani	539	0x013A3076	3559	3547	4738	4726	344	1974	4726	0	355300	0	-8	1135	99	877	3518efe81bfb5b1320458b4beabc160f71c784840119119bbe260ead131d5002
kungfu.Ani	540	0x013A3E5D	877	865	1135	1123	99	331	1123	0	310412	0	-8	12	0	12	a5e3587cbaf17570e1714836b3f630a1d830d7d254dd80fee4e5b259f130d4b7
kungfu.Ani	541	0x013A41CA	12	0	12	0	0	0	0	0	0	skipped_when_size_minus_12_is_zero	unsafe_12_byte_metadata_plus_stale_scratch_tail	4831	416	3464	e3b0c44298fc1c149afbf4c8996fb92427ae41e4649b934ca495991b7852b855
kungfu.Ani	542	0x013A41D6	3464	3452	4831	4819	416	1491	4819	0	338624	0	-8	4261	193	3349	09e1d12e39f5e5e23f2634eb407ac4715a694d56a2e1ea2c5421bde81a5ff434
kungfu.Ani	543	0x013A4F5E	3349	3337	4261	4249	193	2705	4249	0	356548	0	-8	13698	157	10170	7f188d91d3b823849eb8ef0c221b642854e4524329c9e59467306d4fce6cb1cf
kungfu.Ani	544	0x013A5C73	10170	10158	13698	13686	157	12430	13686	0	374470	0	-8	14879	384	12434	99aeefc791674b5c40f28e4c99e110d278d17e6bc0e1b8408e49aa6074e91585
kungfu.Ani	545	0x013A842D	12434	12422	14879	14867	384	11795	14867	0	374470	0	-8	11090	544	8883	2a5cc9756040c0fdbe2b3b03fe6ad1567a2eee4877c11856852a094bf38ff840
kungfu.Ani	546	0x013AB4BF	8883	8871	11090	11078	544	6726	11078	0	372056	0	-8	10684	656	8432	d3a5f174c153091016d198add9610d8ed2e4c01796307df5d4b1170cce1a217a
kungfu.Ani	547	0x013AD772	8432	8420	10684	10672	656	5424	10672	0	379784	0	-8	9728	600	7440	cbcfc4664371d11e8c4474c2af9dca57982f9a9aaf49f6a881dc8de6cd4da49f
kungfu.Ani	548	0x013AF862	7440	7428	9728	9716	600	4916	9716	0	381088	0	-8	4966	225	3849	51d1831f55a45a0b1232e82829d5f1241850fb80e15aba452ab860143abc165a
kungfu.Ani	549	0x013B1572	3849	3837	4966	4954	225	3154	4954	0	384970	0	-8	4197	207	3307	f0262849e3c31a1a2a7f48e662a762de1378cab21a93ddd82a798076bcc944ca
kungfu.Ani	550	0x013B247B	3307	3295	4197	4185	207	2529	4185	0	388840	0	-8	3538	207	2784	7a55bb88d7fc3a60c445d89cceefabae20c51ab6d52fef5ad1a758765b225b10
kungfu.Ani	551	0x013B3166	2784	2772	3538	3526	207	1870	3526	0	390128	0	-8	241503	350	4181	5fd99840f86663633c9ebedce74512bb61e779593e1ed1d173bbb6fe286d39c1
kungfu.Ani	552	0x013B3C46	4181	4169	241503	241491	350	238691	241491	0	546560	0	-8	269562	5828	85119	48d4e1c2ebe8f5af74a0f94c9f314721cf4f2faf47532de4158b6e771ae5df6d
kungfu.Ani	553	0x013B4C9B	85119	85107	269562	269550	5828	222926	269550	0	546560	0	-8	242904	641	146067	0541b06c23a769186c83d24613dc8c2ed39d1a2218f25adf8f865108e3331654
kungfu.Ani	554	0x013C991A	146067	146055	242904	242892	641	237764	242892	0	546560	0	-8	246732	1131	171884	b3dc03f77337d16a938778ae73e0f2ddcf00fe18e51c8da8412d3859fc6d9c56
kungfu.Ani	555	0x013ED3AD	171884	171872	246732	246720	1131	237672	246720	0	546560	0	-8	248041	1419	190486	2350be65f1c7f6480c135771da6e415b670ca54978c36326bbe492bb60496e46
kungfu.Ani	556	0x01417319	190486	190474	248041	248029	1419	236677	248029	0	546560	0	-8	245631	1052	193982	2178672d304c9f0e887d0d7e5094f3e435b4791831cbbeb5d87edc975070ef88
kungfu.Ani	557	0x01445B2F	193982	193970	245631	245619	1052	237203	245619	0	546560	0	-8	295279	9982	239568	382b29ed87a57800905f72a5a4d76dbca110c147f5c9c2349e1bd9699ed5e9ee
kungfu.Ani	558	0x014750ED	239568	239556	295279	295267	9982	215411	295267	0	546560	0	-8	12	0	12	f6d85fa3f34e6d208d48206378bd44dca0d9b898c6e1a3dea45df85f42c79ca6
kungfu.Ani	559	0x014AF8BD	12	0	12	0	0	0	0	0	0	skipped_when_size_minus_12_is_zero	unsafe_12_byte_metadata_plus_stale_scratch_tail	12	0	12	e3b0c44298fc1c149afbf4c8996fb92427ae41e4649b934ca495991b7852b855
kungfu.Ani	560	0x014AF8C9	12	0	12	0	0	0	0	0	0	skipped_when_size_minus_12_is_zero	unsafe_12_byte_metadata_plus_stale_scratch_tail	12	0	12	e3b0c44298fc1c149afbf4c8996fb92427ae41e4649b934ca495991b7852b855
kungfu.Ani	561	0x014AF8D5	12	0	12	0	0	0	0	0	0	skipped_when_size_minus_12_is_zero	unsafe_12_byte_metadata_plus_stale_scratch_tail	12	0	12	e3b0c44298fc1c149afbf4c8996fb92427ae41e4649b934ca495991b7852b855
kungfu.Ani	562	0x014AF8E1	12	0	12	0	0	0	0	0	0	skipped_when_size_minus_12_is_zero	unsafe_12_byte_metadata_plus_stale_scratch_tail	12	0	12	e3b0c44298fc1c149afbf4c8996fb92427ae41e4649b934ca495991b7852b855
kungfu.Ani	563	0x014AF8ED	12	0	12	0	0	0	0	0	0	skipped_when_size_minus_12_is_zero	unsafe_12_byte_metadata_plus_stale_scratch_tail	12	0	12	e3b0c44298fc1c149afbf4c8996fb92427ae41e4649b934ca495991b7852b855
kungfu.Ani	564	0x014AF8F9	12	0	12	0	0	0	0	0	0	skipped_when_size_minus_12_is_zero	unsafe_12_byte_metadata_plus_stale_scratch_tail	12	0	12	e3b0c44298fc1c149afbf4c8996fb92427ae41e4649b934ca495991b7852b855
kungfu.Ani	565	0x014AF905	12	0	12	0	0	0	0	0	0	skipped_when_size_minus_12_is_zero	unsafe_12_byte_metadata_plus_stale_scratch_tail	12	0	12	e3b0c44298fc1c149afbf4c8996fb92427ae41e4649b934ca495991b7852b855
kungfu.Ani	566	0x014AF911	12	0	12	0	0	0	0	0	0	skipped_when_size_minus_12_is_zero	unsafe_12_byte_metadata_plus_stale_scratch_tail	12	0	12	e3b0c44298fc1c149afbf4c8996fb92427ae41e4649b934ca495991b7852b855
kungfu.Ani	567	0x014AF91D	12	0	12	0	0	0	0	0	0	skipped_when_size_minus_12_is_zero	unsafe_12_byte_metadata_plus_stale_scratch_tail	12	0	12	e3b0c44298fc1c149afbf4c8996fb92427ae41e4649b934ca495991b7852b855
kungfu.Ani	568	0x014AF929	12	0	12	0	0	0	0	0	0	skipped_when_size_minus_12_is_zero	unsafe_12_byte_metadata_plus_stale_scratch_tail	12	0	12	e3b0c44298fc1c149afbf4c8996fb92427ae41e4649b934ca495991b7852b855
kungfu.Ani	569	0x014AF935	12	0	12	0	0	0	0	0	0	skipped_when_size_minus_12_is_zero	unsafe_12_byte_metadata_plus_stale_scratch_tail	12	0	12	e3b0c44298fc1c149afbf4c8996fb92427ae41e4649b934ca495991b7852b855
kungfu.Ani	570	0x014AF941	12	0	12	0	0	0	0	0	0	skipped_when_size_minus_12_is_zero	unsafe_12_byte_metadata_plus_stale_scratch_tail	12	0	12	e3b0c44298fc1c149afbf4c8996fb92427ae41e4649b934ca495991b7852b855
kungfu.Ani	571	0x014AF94D	12	0	12	0	0	0	0	0	0	skipped_when_size_minus_12_is_zero	unsafe_12_byte_metadata_plus_stale_scratch_tail	12251	955	8747	e3b0c44298fc1c149afbf4c8996fb92427ae41e4649b934ca495991b7852b855
kungfu.Ani	572	0x014AF959	8747	8735	12251	12239	955	4599	12239	0	397678	0	-8	9903	475	8667	1235d740499e33f52f15b65a2bbbbec746e9fb5f4e417a433c67dab326aea33b
kungfu.Ani	573	0x014B1B84	8667	8655	9903	9891	475	6091	9891	0	397678	0	-8	10623	581	8993	ed33a27700aeb7963e218b08e0a38439c5c41a7ecd05621a2cab723ee5d6caa0
kungfu.Ani	574	0x014B3D5F	8993	8981	10623	10611	581	5963	10611	0	397678	0	-8	10524	563	8951	0364bd54989cf80a253a4225e614aeb8a4731173864d0aec7aa12d863fcdf69f
kungfu.Ani	575	0x014B6080	8951	8939	10524	10512	563	6008	10512	0	397678	0	-8	9953	482	8077	ab475ab2be089df4b6108f6ecf8d984408f6f47e84655dfe2bd9cd05b822560b
kungfu.Ani	576	0x014B8377	8077	8065	9953	9941	482	6085	9941	0	397678	0	-8	12242	951	8682	0b39e73b960199bf234ea4c2a4165406c7f07707a40a4827469d21c6bbc11d75
kungfu.Ani	577	0x014BA304	8682	8670	12242	12230	951	4622	12230	0	397678	0	-8	12	0	12	13babc4d249f534bb0e497c919a51b2f92457ca1ad8f2897bbb5d7a9c5447cb1
kungfu.Ani	578	0x014BC4EE	12	0	12	0	0	0	0	0	0	skipped_when_size_minus_12_is_zero	unsafe_12_byte_metadata_plus_stale_scratch_tail	12	0	12	e3b0c44298fc1c149afbf4c8996fb92427ae41e4649b934ca495991b7852b855
kungfu.Ani	579	0x014BC4FA	12	0	12	0	0	0	0	0	0	skipped_when_size_minus_12_is_zero	unsafe_12_byte_metadata_plus_stale_scratch_tail	12	0	12	e3b0c44298fc1c149afbf4c8996fb92427ae41e4649b934ca495991b7852b855
kungfu.Ani	580	0x014BC506	12	0	12	0	0	0	0	0	0	skipped_when_size_minus_12_is_zero	unsafe_12_byte_metadata_plus_stale_scratch_tail	12	0	12	e3b0c44298fc1c149afbf4c8996fb92427ae41e4649b934ca495991b7852b855
kungfu.Ani	581	0x014BC512	12	0	12	0	0	0	0	0	0	skipped_when_size_minus_12_is_zero	unsafe_12_byte_metadata_plus_stale_scratch_tail	12	0	12	e3b0c44298fc1c149afbf4c8996fb92427ae41e4649b934ca495991b7852b855
kungfu.Ani	582	0x014BC51E	12	0	12	0	0	0	0	0	0	skipped_when_size_minus_12_is_zero	unsafe_12_byte_metadata_plus_stale_scratch_tail	12	0	12	e3b0c44298fc1c149afbf4c8996fb92427ae41e4649b934ca495991b7852b855
kungfu.Ani	583	0x014BC52A	12	0	12	0	0	0	0	0	0	skipped_when_size_minus_12_is_zero	unsafe_12_byte_metadata_plus_stale_scratch_tail	12	0	12	e3b0c44298fc1c149afbf4c8996fb92427ae41e4649b934ca495991b7852b855
kungfu.Ani	584	0x014BC536	12	0	12	0	0	0	0	0	0	skipped_when_size_minus_12_is_zero	unsafe_12_byte_metadata_plus_stale_scratch_tail	12	0	12	e3b0c44298fc1c149afbf4c8996fb92427ae41e4649b934ca495991b7852b855
kungfu.Ani	585	0x014BC542	12	0	12	0	0	0	0	0	0	skipped_when_size_minus_12_is_zero	unsafe_12_byte_metadata_plus_stale_scratch_tail	12	0	12	e3b0c44298fc1c149afbf4c8996fb92427ae41e4649b934ca495991b7852b855
kungfu.Ani	586	0x014BC54E	12	0	12	0	0	0	0	0	0	skipped_when_size_minus_12_is_zero	unsafe_12_byte_metadata_plus_stale_scratch_tail	12	0	12	e3b0c44298fc1c149afbf4c8996fb92427ae41e4649b934ca495991b7852b855
kungfu.Ani	587	0x014BC55A	12	0	12	0	0	0	0	0	0	skipped_when_size_minus_12_is_zero	unsafe_12_byte_metadata_plus_stale_scratch_tail	12	0	12	e3b0c44298fc1c149afbf4c8996fb92427ae41e4649b934ca495991b7852b855
kungfu.Ani	588	0x014BC566	12	0	12	0	0	0	0	0	0	skipped_when_size_minus_12_is_zero	unsafe_12_byte_metadata_plus_stale_scratch_tail	12	0	12	e3b0c44298fc1c149afbf4c8996fb92427ae41e4649b934ca495991b7852b855
kungfu.Ani	589	0x014BC572	12	0	12	0	0	0	0	0	0	skipped_when_size_minus_12_is_zero	unsafe_12_byte_metadata_plus_stale_scratch_tail	12	0	12	e3b0c44298fc1c149afbf4c8996fb92427ae41e4649b934ca495991b7852b855
kungfu.Ani	590	0x014BC57E	12	0	12	0	0	0	0	0	0	skipped_when_size_minus_12_is_zero	unsafe_12_byte_metadata_plus_stale_scratch_tail	73792	420	50350	e3b0c44298fc1c149afbf4c8996fb92427ae41e4649b934ca495991b7852b855
kungfu.Ani	591	0x014BC58A	50350	50338	73792	73780	420	70420	73780	0	484570	0	-8	74699	1369	61172	3839db5498b89ecafa80dc93a9cea80a41df5ec6d146c9f694e649895ca37507
kungfu.Ani	592	0x014C8A38	61172	61160	74699	74687	1369	63735	74687	0	484570	0	-8	29349	853	23591	553d94587fcc797e310321349cf3f3ba1f6db554a296e7894131697632dbd2f0
kungfu.Ani	593	0x014D792C	23591	23579	29349	29337	853	22513	29337	0	403928	0	-8	16810	684	13395	676fabf2688f3e12f0f21f92464c9fd4e497c1f218874ef9d16ed48cc594a4d6
kungfu.Ani	594	0x014DD553	13395	13383	16810	16798	684	11326	16798	0	387674	0	-8	12067	677	9398	100df6c225b5e6293dceeefece685349db4bc09cd22e2ed5dae423ef87364cd7
kungfu.Ani	595	0x014E09A6	9398	9386	12067	12055	677	6639	12055	0	387676	0	-8	6676	293	5178	1639d2efedf5cac3e2a54fef5f1af98aff12763e8cc871441782190314cdbea4
kungfu.Ani	596	0x014E2E5C	5178	5166	6676	6664	293	4320	6664	0	388958	0	-8	4602	233	3599	a89c4dd29defd1d2d093de4bf87f71de35b59c514922a966b9adc774bc8bf4c4
kungfu.Ani	597	0x014E4296	3599	3587	4602	4590	233	2726	4590	0	388958	0	-8	3653	217	2874	08f0c8cfdc1ebc5d382f8ac4a7f4f3b838d56a1d72f0113b0d1032e592433d6f
kungfu.Ani	598	0x014E50A5	2874	2862	3653	3641	217	1905	3641	0	390128	0	-8	288	26	258	e759a07f390d4e2db339c0278427855c738d1ea85736e5a886afc73f132f8445
kungfu.Ani	599	0x014E5BDF	258	246	288	276	26	68	276	0	306652	0	-8	286167	6897	245251	379a2752bb1303fa2ffedf6f72561540b7996d5fffa8f4c5e9ee2ecc16db94f4
kungfu.Ani	600	0x014E5CE1	245251	245239	286167	286155	6897	230979	286155	0	546560	0	-8	18898	756	15272	8ec3bda3483e600cae07d0b36bc105813c6b7016e85dedb9532ef659e81015b1
kungfu.Ani	601	0x01521AE4	15272	15260	18898	18886	756	12838	18886	0	389716	0	-8	12801	718	9976	28be030d79bba23610c43d15d0716cbb9397bfc76a7509478beee7bf948095de
kungfu.Ani	602	0x0152568C	9976	9964	12801	12789	718	7045	12789	0	371646	0	-8	12641	841	9676	ec2debc31cb6e179c0b9e2dc686d6c5092332e3138bba791a5a1fa039b2be9c7
kungfu.Ani	603	0x01527D84	9676	9664	12641	12629	841	5901	12629	0	379266	0	-8	11766	688	8911	d13cb1f1e0f945ad3d130f49adcb994de1b494687501629e406eaa9626ce4b6e
kungfu.Ani	604	0x0152A350	8911	8899	11766	11754	688	6250	11754	0	380526	0	-8	8950	430	6969	dc6e02a7266d6a3d17c2bd679ba79bfa054e551292079f62491f0c9beb463579
kungfu.Ani	605	0x0152C61F	6969	6957	8950	8938	430	5498	8938	0	384326	0	-8	6564	345	5194	0a56d0ccb016d8a18086dbbeaaea8c3327580b65dc66f557da94cf6beed6e7dd
kungfu.Ani	606	0x0152E158	5194	5182	6564	6552	345	3792	6552	0	388138	0	-8	5573	356	4348	43bf19aee91b140bd8a931d9c090c28711d49be95df796167179d454ea8b9f9d
kungfu.Ani	607	0x0152F5A2	4348	4336	5573	5561	356	2713	5561	0	389400	0	-8	4816	329	3729	452cd3f80d10b5dfc0d000abea640383ce8c79db6aac2812931fd20bb1f7681f
kungfu.Ani	608	0x0153069E	3729	3717	4816	4804	329	2172	4804	0	389400	0	-8	5252	279	4227	6393558ac33aa56a996d909ec2ddc3513ee5873fda7aacb2e94beda547936645
kungfu.Ani	609	0x0153152F	4227	4215	5252	5240	279	3008	5240	0	389400	0	-8	285505	6801	243108	e00da3b7c1ed1d74c808839906459545c2b0040e1eab579ff1bf6c6ffe690e95
kungfu.Ani	610	0x015325B2	243108	243096	285505	285493	6801	231085	285493	0	546560	0	-8	12	0	12	e35772082f9646048dd287c1179cbbce805ec4e3536b7af6c0c7210b2bdae6a8
kungfu.Ani	611	0x0156DB56	12	0	12	0	0	0	0	0	0	skipped_when_size_minus_12_is_zero	unsafe_12_byte_metadata_plus_stale_scratch_tail	62928	3321	41894	e3b0c44298fc1c149afbf4c8996fb92427ae41e4649b934ca495991b7852b855
kungfu.Ani	612	0x0156DB62	41894	41882	62928	62916	3321	36348	62916	0	546248	0	-8	60726	2701	43382	e7c360d3e2902af03fb965306a58eb7e43ceed44075aa880737d6c77d975b32e
kungfu.Ani	613	0x01577F08	43382	43370	60726	60714	2701	39106	60714	0	546248	0	-8	66970	3658	48244	00f9e975acee20a18c9673b4f6de9f0c145042a707243ee577f4d325cd248975
kungfu.Ani	614	0x0158287E	48244	48232	66970	66958	3658	37694	66958	0	546248	0	-8	62401	2994	47658	eee6973e55353c38f296b05ae52d51ff332cfba9c7a74da983c2ec211418dcd6
kungfu.Ani	615	0x0158E4F2	47658	47646	62401	62389	2994	38437	62389	0	546248	0	-8	62677	3235	48249	834d1793e266f94cefa4e2345f2864ee63f2b9fde7c4e3a2a1b59a3be34fce45
kungfu.Ani	616	0x01599F1C	48249	48237	62677	62665	3235	36785	62665	0	546248	0	-8	12	0	12	9fdf35441b911179f3618cd4b02c33ce92a71187a92928bd79de774f8a7dccb0
kungfu.Ani	617	0x015A5B95	12	0	12	0	0	0	0	0	0	skipped_when_size_minus_12_is_zero	unsafe_12_byte_metadata_plus_stale_scratch_tail	12	0	12	e3b0c44298fc1c149afbf4c8996fb92427ae41e4649b934ca495991b7852b855
kungfu.Ani	618	0x015A5BA1	12	0	12	0	0	0	0	0	0	skipped_when_size_minus_12_is_zero	unsafe_12_byte_metadata_plus_stale_scratch_tail	12	0	12	e3b0c44298fc1c149afbf4c8996fb92427ae41e4649b934ca495991b7852b855
kungfu.Ani	619	0x015A5BAD	12	0	12	0	0	0	0	0	0	skipped_when_size_minus_12_is_zero	unsafe_12_byte_metadata_plus_stale_scratch_tail	12	0	12	e3b0c44298fc1c149afbf4c8996fb92427ae41e4649b934ca495991b7852b855
kungfu.Ani	620	0x015A5BB9	12	0	12	0	0	0	0	0	0	skipped_when_size_minus_12_is_zero	unsafe_12_byte_metadata_plus_stale_scratch_tail	12	0	12	e3b0c44298fc1c149afbf4c8996fb92427ae41e4649b934ca495991b7852b855
kungfu.Ani	621	0x015A5BC5	12	0	12	0	0	0	0	0	0	skipped_when_size_minus_12_is_zero	unsafe_12_byte_metadata_plus_stale_scratch_tail	12	0	12	e3b0c44298fc1c149afbf4c8996fb92427ae41e4649b934ca495991b7852b855
kungfu.Ani	622	0x015A5BD1	12	0	12	0	0	0	0	0	0	skipped_when_size_minus_12_is_zero	unsafe_12_byte_metadata_plus_stale_scratch_tail	12	0	12	e3b0c44298fc1c149afbf4c8996fb92427ae41e4649b934ca495991b7852b855
kungfu.Ani	623	0x015A5BDD	12	0	12	0	0	0	0	0	0	skipped_when_size_minus_12_is_zero	unsafe_12_byte_metadata_plus_stale_scratch_tail	12	0	12	e3b0c44298fc1c149afbf4c8996fb92427ae41e4649b934ca495991b7852b855
kungfu.Ani	624	0x015A5BE9	12	0	12	0	0	0	0	0	0	skipped_when_size_minus_12_is_zero	unsafe_12_byte_metadata_plus_stale_scratch_tail	12	0	12	e3b0c44298fc1c149afbf4c8996fb92427ae41e4649b934ca495991b7852b855
kungfu.Ani	625	0x015A5BF5	12	0	12	0	0	0	0	0	0	skipped_when_size_minus_12_is_zero	unsafe_12_byte_metadata_plus_stale_scratch_tail	12	0	12	e3b0c44298fc1c149afbf4c8996fb92427ae41e4649b934ca495991b7852b855
kungfu.Ani	626	0x015A5C01	12	0	12	0	0	0	0	0	0	skipped_when_size_minus_12_is_zero	unsafe_12_byte_metadata_plus_stale_scratch_tail	12	0	12	e3b0c44298fc1c149afbf4c8996fb92427ae41e4649b934ca495991b7852b855
kungfu.Ani	627	0x015A5C0D	12	0	12	0	0	0	0	0	0	skipped_when_size_minus_12_is_zero	unsafe_12_byte_metadata_plus_stale_scratch_tail	294417	9843	219786	e3b0c44298fc1c149afbf4c8996fb92427ae41e4649b934ca495991b7852b855
kungfu.Ani	628	0x015A5C19	219786	219774	294417	294405	9843	215661	294405	0	546560	0	-8	266109	4129	203883	80b148eb1473cb86b67fac9f6067a2e557b1e16a9ade8ff945d043628d4805a4
kungfu.Ani	629	0x015DB6A3	203883	203871	266109	266097	4129	233065	266097	0	546560	0	-8	242588	567	177960	efdf21f9a5fe422e4d6b3fa393977cdbd4d2306b8859cbfcece6fe88741aebec
kungfu.Ani	630	0x0160D30E	177960	177948	242588	242576	567	238040	242576	0	546560	0	-8	248194	1332	161381	82d01fc49a3472d8eed8792e89cfeb4c30a2cddac612f966b536e0375f4c0280
kungfu.Ani	631	0x01638A36	161381	161369	248194	248182	1332	237526	248182	0	546560	0	-8	242101	490	5533	a10f9880ee19895543ca28fb03ecb9c13de679a7fd0ed3939d734bb5bdca6204
kungfu.Ani	632	0x0166009B	5533	5521	242101	242089	490	238169	242089	0	546560	0	-8	242711	641	145944	f27f31a90b4149075fa04d0804fe79dd7952627310934d97f9dd1d926afa2aef
kungfu.Ani	633	0x01661638	145944	145932	242711	242699	641	237571	242699	0	546560	0	-8	244449	765	179426	65eff086962e072d888cdb7512067e0b8f749c141699a0e95d98eccd3b198bcb
kungfu.Ani	634	0x01685050	179426	179414	244449	244437	765	238317	244437	0	546560	0	-8	242527	589	191314	57d9970ea9e0fa54189a4ff54b7ce7a6893743698172d57cebf87bec443a1e42
kungfu.Ani	635	0x016B0D32	191314	191302	242527	242515	589	237803	242515	0	546560	0	-8	295091	9975	239329	26a667f2b18026b7219af91a5aecc97d5eecec5ee6a60d39c802d367a4ba6b74
kungfu.Ani	636	0x016DF884	239329	239317	295091	295079	9975	215279	295079	0	546560	0	-8	2861	230	2153	391b2fc8b2b3e74ac1a5d2e6d5beeb7d3ebf0e4bead436e7e8dbd44f44d51006
kungfu.Ani	637	0x01719F65	2153	2141	2861	2849	230	1009	2849	0	322094	0	-8	3171	211	2574	53ec5ab807091e7bef94d83386f372d92cdb6361a3b4cb57124c680d329f6bbb
kungfu.Ani	638	0x0171A7CE	2574	2562	3171	3159	211	1471	3159	0	350178	0	-8	3322	190	2680	323d56a3364dc184e8017efa2e6aa1a8c40e85c91fab7d6e6f9eb50de543ceab
kungfu.Ani	639	0x0171B1DC	2680	2668	3322	3310	190	1790	3310	0	355316	0	-8	3114	248	2415	8274fe15fa20d16a4953f87e1b4aa97b02aefc34d929c9856b25306b6bb92196
kungfu.Ani	640	0x0171BC54	2415	2403	3114	3102	248	1118	3102	0	342534	0	-8	3652	285	2791	b708c846a26bd8309314b24e905603c389410e6995eb9a1129ec56152e44a640
kungfu.Ani	641	0x0171C5C3	2791	2779	3652	3640	285	1360	3640	0	341250	0	-8	3652	285	2845	e7a54a10b907104ad35081d02a2305d3f91f7e501d78a9e356f29d6ff3dddb0b
kungfu.Ani	642	0x0171D0AA	2845	2833	3652	3640	285	1360	3640	0	341250	0	-8	3114	248	2452	d9e5bf3088dc8816704d4188104030505379eab8dfb75b9e7618a0b643f1ef7c
kungfu.Ani	643	0x0171DBC7	2452	2440	3114	3102	248	1118	3102	0	342534	0	-8	3322	190	2639	ad37cb017dcbc517854b139f6b23a99dd4a55add76aba4e3f042c12cbacb6f1b
kungfu.Ani	644	0x0171E55B	2639	2627	3322	3310	190	1790	3310	0	355316	0	-8	3671	235	2996	80bb25c3380b7718f3f362fcddaaebabd726b767d2e70ecbc4c5f6339fb93857
kungfu.Ani	645	0x0171EFAA	2996	2984	3671	3659	235	1779	3659	0	350178	0	-8	479	41	416	0213545fbc5bcda43ddbd04e43d5c881b4ca35a2388b4cf67a4a169891a7e284
kungfu.Ani	646	0x0171FB5E	416	404	479	467	41	139	467	0	313280	0	-8	586	48	484	dc36873c2f0ed102a2a82a402049eb2c55b6d9ff9ed1ba4f4769f9864817a2bc
kungfu.Ani	647	0x0171FCFE	484	472	586	574	48	190	574	0	319484	0	-8	1223	99	988	c844da8cbb458554fc2e886cf5f58016a5897db26272e07a9115cb5bb4869a4c
kungfu.Ani	648	0x0171FEE2	988	976	1223	1211	99	419	1211	0	319680	0	-8	2711	216	2060	ea76bea75b742e0f2e46743e989f60ca4e1e43a8fe2886317bf47ac9f17f63e1
kungfu.Ani	649	0x017202BE	2060	2048	2711	2699	216	971	2699	0	323308	0	-8	1030	67	844	ad28c4b12e5c9d59123090c7ebd1f4bbf3e4232511f8cbfc1a972aabbff37c10
kungfu.Ani	650	0x01720ACA	844	832	1030	1018	67	482	1018	0	315660	0	-8	3874	254	3045	e451d48b91bc0e8924243ad524877f999d461c56a646392f98e2cef5d21df151
kungfu.Ani	651	0x01720E16	3045	3033	3874	3862	254	1830	3862	0	357912	0	-8	3623	236	2883	1ed5feab4cd86e5f765532c4eb79ca97dc49756ff439af0c1a0811360fe66036
kungfu.Ani	652	0x017219FB	2883	2871	3623	3611	236	1723	3611	0	355326	0	-8	4106	366	2974	dc74c7e228120ac92758f37213d94bbbc03730d1f72b809b198f9c1df468863e
kungfu.Ani	653	0x0172253E	2974	2962	4106	4094	366	1166	4094	0	341242	0	-8	477	45	383	f5736289a8ccb3f0d4ad9bc8a777eb5f117937ed479d1bfeebd73f0b79a24720
kungfu.Ani	654	0x017230DC	383	371	477	465	45	105	465	0	302824	0	-8	12	0	12	8ead61e0525f81f6ab080793877e7d33eba537367446ce3b35901a0a0b3dc2a0
kungfu.Ani	655	0x0172325B	12	0	12	0	0	0	0	0	0	skipped_when_size_minus_12_is_zero	unsafe_12_byte_metadata_plus_stale_scratch_tail	12	0	12	e3b0c44298fc1c149afbf4c8996fb92427ae41e4649b934ca495991b7852b855
kungfu.Ani	656	0x01723267	12	0	12	0	0	0	0	0	0	skipped_when_size_minus_12_is_zero	unsafe_12_byte_metadata_plus_stale_scratch_tail	12	0	12	e3b0c44298fc1c149afbf4c8996fb92427ae41e4649b934ca495991b7852b855
kungfu.Ani	657	0x01723273	12	0	12	0	0	0	0	0	0	skipped_when_size_minus_12_is_zero	unsafe_12_byte_metadata_plus_stale_scratch_tail	12	0	12	e3b0c44298fc1c149afbf4c8996fb92427ae41e4649b934ca495991b7852b855
kungfu.Ani	658	0x0172327F	12	0	12	0	0	0	0	0	0	skipped_when_size_minus_12_is_zero	unsafe_12_byte_metadata_plus_stale_scratch_tail	12	0	12	e3b0c44298fc1c149afbf4c8996fb92427ae41e4649b934ca495991b7852b855
kungfu.Ani	659	0x0172328B	12	0	12	0	0	0	0	0	0	skipped_when_size_minus_12_is_zero	unsafe_12_byte_metadata_plus_stale_scratch_tail	4097	366	2926	e3b0c44298fc1c149afbf4c8996fb92427ae41e4649b934ca495991b7852b855
kungfu.Ani	660	0x01723297	2926	2914	4097	4085	366	1157	4085	0	341242	0	-8	3737	307	2864	cc49c9419cbce7fb7b89349d6dab21106f4482c41f6950b33896c2855665da53
kungfu.Ani	661	0x01723E05	2864	2852	3737	3725	307	1269	3725	0	354044	0	-8	3705	146	2902	8fae19d242dbaf0aa94acde277d3ae45c75954ef2eae822b275df6a29e67f0a0
kungfu.Ani	662	0x01724935	2902	2890	3705	3693	146	2525	3693	0	359166	0	-8	3919	344	2812	77ff7b099ebec08f765952964760e9995479dc91df1394d323287c6b0ae3c814
kungfu.Ani	663	0x0172548B	2812	2800	3919	3907	344	1155	3907	0	359166	0	-8	3572	256	2818	23258cbd73c8e70da08b4b2aa50b7406965c1fc8244dd398e62ecddcbdcb987e
kungfu.Ani	664	0x01725F87	2818	2806	3572	3560	256	1512	3560	0	356626	0	-8	19691	732	14594	dc33e72ed564985f22504a7ec884dbc3b0dda6e39df807eb761acd0a003e89d3
kungfu.Ani	665	0x01726A89	14594	14582	19691	19679	732	13823	19679	0	545458	0	-8	35311	971	27539	1f887bac1e2475b56f987a22bac7230467958fb54a6cd626df183e2419008211
kungfu.Ani	666	0x0172A38B	27539	27527	35311	35299	971	27531	35299	0	546560	0	-8	48174	1287	37725	811b78e9287a3ffbe6cdd815efb3a24137864219468d043c7c9d74a830686877
kungfu.Ani	667	0x01730F1E	37725	37713	48174	48162	1287	37866	48162	0	546560	0	-8	56730	1538	46067	39e355aca99ef105584419d90aa79cbdd9b0fb40debac69545cffc767f52b39d
kungfu.Ani	668	0x0173A27B	46067	46055	56730	56718	1538	44414	56718	0	546468	0	-8	66179	1256	57379	ba9825ec8f3ba764b3c5212b5aea659f8161cf2a5600388bfaa301f4af42f747
kungfu.Ani	669	0x0174566E	57379	57367	66179	66167	1256	56119	66167	0	546396	0	-8	71131	2232	59258	6089dcdd2e7e7c4b1e413e7083288afbc1870f9cbf7ad721f33d93a6f1476f96
kungfu.Ani	670	0x01753691	59258	59246	71131	71119	2232	53263	71119	0	546294	0	-8	72126	1101	61660	0f2f97ff4a9ea11f766f6de9b9421b7f20759b2119a35c86b957652d2506ccd7
kungfu.Ani	671	0x01761E0B	61660	61648	72126	72114	1101	63306	72114	0	546210	0	-8	56810	1191	47521	18232b87db90373542af3617442c13d1a489a5d3c89759197be128ecd19b1b05
kungfu.Ani	672	0x01770EE7	47521	47509	56810	56798	1191	47270	56798	0	531984	0	-8	49732	842	40065	fa543711d9405a873d45176ed4100a25b8667a97b3ee31e5fed91d7800485613
kungfu.Ani	673	0x0177C888	40065	40053	49732	49720	842	42984	49720	0	499984	0	-8	33953	689	26462	da5b2e5f8e05a75b5f812173a984858a2f3f2ccbb6bd8a702afdbfbf561e4b9c
kungfu.Ani	674	0x01786509	26462	26450	33953	33941	689	28429	33941	0	456460	0	-8	21530	434	16908	c14e09ba0c89b218e051c33a18b936e503a7ef9394f92a030d20212da73d46d1
kungfu.Ani	675	0x0178CC67	16908	16896	21530	21518	434	18046	21518	0	419336	0	-8	169527	671	130759	f2eb455214d3122554823e9489469b747881f5233428cf10a8d14db85b5117a4
kungfu.Ani	676	0x01790E73	130759	130747	169527	169515	671	164147	169515	0	546378	0	-8	93336	881	84470	9d2ae06c7004155abcb9cc3ddc992419bd44667981a53a4246170eff46eba637
kungfu.Ani	677	0x017B0D3A	84470	84458	93336	93324	881	86276	93324	0	546378	0	-8	118487	6500	83643	922dd70d28a19976f75a893d1cc0216f4f9e09478d35a7678248017aed73e255
kungfu.Ani	678	0x017C5730	83643	83631	118487	118475	6500	66475	118475	0	517898	0	-8	80655	6023	52220	f3f262c3b6c1a2bf17c1ad2b888209e6f6847a60e3741c8106a4052ae6a3b648
kungfu.Ani	679	0x017D9DEB	52220	52208	80655	80643	6023	32459	80643	0	473098	0	-8	57240	4074	39231	8ae1c32ff2697f28d7542aba302ac9cd2ca123f9ace5cc82b255a722feaa53e6
kungfu.Ani	680	0x017E69E7	39231	39219	57240	57228	4074	24636	57228	0	448780	0	-8	31185	1961	22137	165491060b7728c32b2070602447a7f3d66f8f7e17bb1b621304d4e4f3b82e44
kungfu.Ani	681	0x017F0326	22137	22125	31185	31173	1961	15485	31173	0	418054	0	-8	13839	384	10783	af6fa1184818ccc9ca97936dfda34bbb59c03cd3e37ca31fcc2911c87b6843ab
kungfu.Ani	682	0x017F599F	10783	10771	13839	13827	384	10755	13827	0	397570	0	-8	3557	230	2805	2418ad370e4fe0b879e55e00c0b4946f7bac4fade67214dffa7781be04d5f1bb
kungfu.Ani	683	0x017F83BE	2805	2793	3557	3545	230	1705	3545	0	359164	0	-8	241106	261	180086	eb79e73a14d651861b9ce9cf3a04e98b3388d1dd9db25cc1b8502eb107932c88
kungfu.Ani	684	0x017F8EB3	180086	180074	241106	241094	261	239006	241094	0	546560	0	-8	274436	5274	211301	b48fdba00e84310ca51eda99bd664c82999d98bf0e9faa093df5b54ac0d1a1a7
kungfu.Ani	685	0x01824E29	211301	211289	274436	274424	5274	232232	274424	0	546560	0	-8	307220	1	191258	01990fcebffe686a044d3daa1f4735f1eabc9f77fbb46ba5265926f9f9aefd89
kungfu.Ani	686	0x0185878E	191258	191246	307220	307208	1	307200	307208	0	614400	0	-8	307220	1	194038	539792c00eae9771041c16fd5b314c8809ec023e3ec0d666538227cd8ec65fb1
kungfu.Ani	687	0x018872A8	194038	194026	307220	307208	1	307200	307208	0	614400	0	-8	307220	1	208662	4d45700ccf1733ac3e4288c862d538e2d4df0d88cf09629c0d825264b791491c
kungfu.Ani	688	0x018B689E	208662	208650	307220	307208	1	307200	307208	0	614400	0	-8	12	0	12	e51fb831066171fc41431d21f4dba401d9780d96cdf72700b73f98a81ee1e91d
kungfu.Ani	689	0x018E97B4	12	0	12	0	0	0	0	0	0	skipped_when_size_minus_12_is_zero	unsafe_12_byte_metadata_plus_stale_scratch_tail	12	0	12	e3b0c44298fc1c149afbf4c8996fb92427ae41e4649b934ca495991b7852b855
kungfu.Ani	690	0x018E97C0	12	0	12	0	0	0	0	0	0	skipped_when_size_minus_12_is_zero	unsafe_12_byte_metadata_plus_stale_scratch_tail	960	55	833	e3b0c44298fc1c149afbf4c8996fb92427ae41e4649b934ca495991b7852b855
kungfu.Ani	691	0x018E97CC	833	821	960	948	55	508	948	0	338658	0	-8	3624	164	2943	4ef72c37dc348574510bf0c20434ae66087527066c496c5b943e2d7c1fad9b95
kungfu.Ani	692	0x018E9B0D	2943	2931	3624	3612	164	2300	3612	0	359164	0	-8	3737	307	2815	24d398c6a85e5ce0232d5f9905e2fcdd975cc6af3de5070a5967537b7bf96aaa
kungfu.Ani	693	0x018EA68C	2815	2803	3737	3725	307	1269	3725	0	354038	0	-8	4138	383	2932	39d0a318a1e31477233209314b76cfe6ffa58cd171b32e7f2776e8c62925dca2
kungfu.Ani	694	0x018EB18B	2932	2920	4138	4126	383	1062	4126	0	341236	0	-8	12	0	12	227fb8d3224cb8d65f999e2b586e27603a40f01d47d3d641a7160f2c0470e518
kungfu.Ani	695	0x018EBCFF	12	0	12	0	0	0	0	0	0	skipped_when_size_minus_12_is_zero	unsafe_12_byte_metadata_plus_stale_scratch_tail	12	0	12	e3b0c44298fc1c149afbf4c8996fb92427ae41e4649b934ca495991b7852b855
kungfu.Ani	696	0x018EBD0B	12	0	12	0	0	0	0	0	0	skipped_when_size_minus_12_is_zero	unsafe_12_byte_metadata_plus_stale_scratch_tail	12	0	12	e3b0c44298fc1c149afbf4c8996fb92427ae41e4649b934ca495991b7852b855
kungfu.Ani	697	0x018EBD17	12	0	12	0	0	0	0	0	0	skipped_when_size_minus_12_is_zero	unsafe_12_byte_metadata_plus_stale_scratch_tail	4138	383	2893	e3b0c44298fc1c149afbf4c8996fb92427ae41e4649b934ca495991b7852b855
kungfu.Ani	698	0x018EBD23	2893	2881	4138	4126	383	1062	4126	0	341236	0	-8	3737	307	2854	37a1c7687810d346c9755082d6e57ce59256094b07ee1e2edff55fbd87f39d80
kungfu.Ani	699	0x018EC870	2854	2842	3737	3725	307	1269	3725	0	354038	0	-8	3841	295	2922	b1cfaf9e3160d30ebe45b5b3435271b580a18426836ec315121f689bd81ffc08
kungfu.Ani	700	0x018ED396	2922	2910	3841	3829	295	1469	3829	0	355320	0	-8	3877	178	3065	c35580980f38e53432ce0839142f4408c639001c33a563fb696d035a24f588b1
kungfu.Ani	701	0x018EDF00	3065	3053	3877	3865	178	2441	3865	0	359160	0	-8	241218	277	167923	7403dc4deb08beab99bc55ac2f244b040a5a8d88e12ee0e38074657a6fd8fe32
kungfu.Ani	702	0x018EEAF9	167923	167911	241218	241206	277	238990	241206	0	546560	0	-8	307220	1	178931	d2ce2777f739cddeb051f7fa4f9bd68a94eda43c842ee0bafa1b2a1c0b2a7c92
kungfu.Ani	703	0x01917AEC	178931	178919	307220	307208	1	307200	307208	0	614400	0	-8	307220	1	177182	b2e8814216e7501018ac42bbdf11a9201048ee0fdddc2a1af87559e688ec07b0
kungfu.Ani	704	0x019435DF	177182	177170	307220	307208	1	307200	307208	0	614400	0	-8	307220	1	183759	76ddbf383dbba176729d3a6abefe56491c7cc36b366036927edcee141f2a8e2e
kungfu.Ani	705	0x0196E9FD	183759	183747	307220	307208	1	307200	307208	0	614400	0	-8	307220	1	191220	b55b0bfbaaae0eb290362b097e5a3bf7b27e1abdf3efe24c0113b4513ec3184c
kungfu.Ani	706	0x0199B7CC	191220	191208	307220	307208	1	307200	307208	0	614400	0	-8	307220	1	193988	42025c081cb1108e4806939017f5085ea551b02910109ac870ddc494b92281ea
kungfu.Ani	707	0x019CA2C0	193988	193976	307220	307208	1	307200	307208	0	614400	0	-8	307220	1	208740	032b4ba4ba18206f83d248931d5a7cf32af8aab20ccc0d94e9f7dd0d6ee308eb
kungfu.Ani	708	0x019F9884	208740	208728	307220	307208	1	307200	307208	0	614400	0	-8	12	0	12	79e384376274c5069d1c8fcf6d0dc0f9e4b3364790f87f42c34f280b343b6d80
kungfu.Ani	709	0x01A2C7E8	12	0	12	0	0	0	0	0	0	skipped_when_size_minus_12_is_zero	unsafe_12_byte_metadata_plus_stale_scratch_tail	2058	152	1614	e3b0c44298fc1c149afbf4c8996fb92427ae41e4649b934ca495991b7852b855
kungfu.Ani	710	0x01A2C7F4	1614	1602	2058	2046	152	830	2046	0	359160	0	-8	4218	257	3423	64c27d8e4050ec816e860d796a6e16053810d25b53ac27198663651e0c764991
kungfu.Ani	711	0x01A2CE42	3423	3411	4218	4206	257	2150	4206	0	356620	0	-8	3605	302	2734	ed9a6e28441c19ecb0c02797715d417a10eaa0f9866f20d51e21cb935c345849
kungfu.Ani	712	0x01A2DBA1	2734	2722	3605	3593	302	1177	3593	0	337352	0	-8	547	45	452	807148f9ddbd21a84e48bd543b8d633505ae657d4fac1512042794e502f3e6b3
kungfu.Ani	713	0x01A2E64F	452	440	547	535	45	175	535	0	314560	0	-8	557	42	436	2d7ba0712c69d92742d6d1be20a7ed83902f8658246c8e838444147246faf6f5
kungfu.Ani	714	0x01A2E813	436	424	557	545	42	209	545	0	319680	0	-8	2885	202	2360	e0c18df37a87e8cc53e393079948063c69f9d749d51c573d6db1babe1a533a50
kungfu.Ani	715	0x01A2E9C7	2360	2348	2885	2873	202	1257	2873	0	337352	0	-8	3117	180	2526	628554cfc64fc80e19d29028d1321160dbe35e2c2c31bb01f3ab597272b44157
kungfu.Ani	716	0x01A2F2FF	2526	2514	3117	3105	180	1665	3105	0	356620	0	-8	2920	199	2222	8b6b115733ea08718ea638bc2023bb4935d97b1175fa4f53a4ff3f0fed5e3e7c
kungfu.Ani	717	0x01A2FCDD	2222	2210	2920	2908	199	1316	2908	0	359160	0	-8	2766	193	2137	e8a9534a2ccf6f4d6f0398cabc061d38982815704d03a350d7441bf658f3159f
kungfu.Ani	718	0x01A3058B	2137	2125	2766	2754	193	1210	2754	0	345060	0	-8	3102	290	2207	1820827eeed2e524e90a2c08e33f371a0a1992751661fc4f67adb7a79027454f
kungfu.Ani	719	0x01A30DE4	2207	2195	3102	3090	290	770	3090	0	346340	0	-8	12	0	12	5da089afe1c1a80fc89d5b16ba5e1122bfbda154252a4f58a71643848576611c
kungfu.Ani	720	0x01A31683	12	0	12	0	0	0	0	0	0	skipped_when_size_minus_12_is_zero	unsafe_12_byte_metadata_plus_stale_scratch_tail	12	0	12	e3b0c44298fc1c149afbf4c8996fb92427ae41e4649b934ca495991b7852b855
kungfu.Ani	721	0x01A3168F	12	0	12	0	0	0	0	0	0	skipped_when_size_minus_12_is_zero	unsafe_12_byte_metadata_plus_stale_scratch_tail	2682	178	2104	e3b0c44298fc1c149afbf4c8996fb92427ae41e4649b934ca495991b7852b855
kungfu.Ani	722	0x01A3169B	2104	2092	2682	2670	178	1246	2670	0	346340	0	-8	2920	199	2332	ecfb06b08224f613dd0adfadc9001f86d5697d5acae19b4b12d013619138edba
kungfu.Ani	723	0x01A31ED3	2332	2320	2920	2908	199	1316	2908	0	359160	0	-8	2256	161	1828	f63beaa74607ac8a107c01fe747d3997246aec4b60300b138028272f0a6abb62
kungfu.Ani	724	0x01A327EF	1828	1816	2256	2244	161	956	2244	0	324590	0	-8	3548	161	2880	6a51c10c8920bfad1fdb1261781a6518c9a676b29518e2d534560a85ff8af1ad
kungfu.Ani	725	0x01A32F13	2880	2868	3548	3536	161	2248	3536	0	357904	0	-8	3737	307	2794	9d2f107f4b3a99f226bc8a4a4b50f991a47a83ee038606a2c38b2945993fe3dc
kungfu.Ani	726	0x01A33A53	2794	2782	3737	3725	307	1269	3725	0	354036	0	-8	4138	383	2927	8ba789c360438392b287fa3472879ecdcc6b7d3c4892628e809a1d5aec3f4b9f
kungfu.Ani	727	0x01A3453D	2927	2915	4138	4126	383	1062	4126	0	341234	0	-8	704	55	610	978bc7565636d32c94f171baf42d9880609ca682995876dc6b63574f9b01f76c
kungfu.Ani	728	0x01A350AC	610	598	704	692	55	252	692	0	309280	0	-8	1887	136	1502	969efd4fb9d325ef46182330ad397efb2e2f0033acc8608963fc9d9dbc986a94
kungfu.Ani	729	0x01A3530E	1502	1490	1887	1875	136	787	1875	0	339962	0	-8	12	0	12	046a3a9fdc02bf7b45e2615267e197a8c7d1bd3a2673e553d016ba1ebc0d8543
kungfu.Ani	730	0x01A358EC	12	0	12	0	0	0	0	0	0	skipped_when_size_minus_12_is_zero	unsafe_12_byte_metadata_plus_stale_scratch_tail	4375	358	3268	e3b0c44298fc1c149afbf4c8996fb92427ae41e4649b934ca495991b7852b855
kungfu.Ani	731	0x01A358F8	3268	3256	4375	4363	358	1499	4363	0	341234	0	-8	3979	295	3128	36e1b5322db67a17936c61a1dce24e00a0369f2d3a82048375fd62dc091c7d51
kungfu.Ani	732	0x01A365BC	3128	3116	3979	3967	295	1607	3967	0	354036	0	-8	4249	342	3177	8b9fc8974c776b9469570553be51287e9129301178269bffe28ab8b239e5f2ec
kungfu.Ani	733	0x01A371F4	3177	3165	4249	4237	342	1501	4237	0	355318	0	-8	3838	172	3134	fc0ce86f4c53117c13e43c668be98d7525390592693d2272edde915a7127a0e8
kungfu.Ani	734	0x01A37E5D	3134	3122	3838	3826	172	2450	3826	0	357904	0	-8	241200	275	167895	030bd3aa7ad37a8415c28ed0d163873df819c2f49be57a47b237b4ecb6b3d667
kungfu.Ani	735	0x01A38A9B	167895	167883	241200	241188	275	238988	241188	0	546560	0	-8	307220	1	178777	144c0242131fcbe3411b0a9f2ef2117820fa5d614326d44e43b7c36fb36140c6
kungfu.Ani	736	0x01A61A72	178777	178765	307220	307208	1	307200	307208	0	614400	0	-8	307220	1	177077	2571aa0d3a475a37278d75ef9a272a82b509cde3e359b07c5d676992d334feb0
kungfu.Ani	737	0x01A8D4CB	177077	177065	307220	307208	1	307200	307208	0	614400	0	-8	307220	1	183867	ec74ce0072b7857a7326395e5c344fc17e5c2cce46dfdb06efdffa92100bbc82
kungfu.Ani	738	0x01AB8880	183867	183855	307220	307208	1	307200	307208	0	614400	0	-8	307220	1	191230	d54288d915ba65fcd5c87a5daaa6b9ce74eb39002c6750ac6469b6d8076b5e1e
kungfu.Ani	739	0x01AE56BB	191230	191218	307220	307208	1	307200	307208	0	614400	0	-8	307220	1	193937	a41c6262b5c11be4b0aeea6f02594317878152ffd6ff1441c22dbc4eacdfec9a
kungfu.Ani	740	0x01B141B9	193937	193925	307220	307208	1	307200	307208	0	614400	0	-8	307220	1	208762	9bdb5f0a10a51e74945c43869249f792f291bf34f0f43c546b442752d45c15d1
kungfu.Ani	741	0x01B4374A	208762	208750	307220	307208	1	307200	307208	0	614400	0	-8	12	0	12	d0be005fade1fba348e454602382c2ac366aea814cc95e63d9849e2c79deab6e
kungfu.Ani	742	0x01B766C4	12	0	12	0	0	0	0	0	0	skipped_when_size_minus_12_is_zero	unsafe_12_byte_metadata_plus_stale_scratch_tail	307220	1	193937	e3b0c44298fc1c149afbf4c8996fb92427ae41e4649b934ca495991b7852b855
kungfu.Ani	743	0x01B766D0	193937	193925	307220	307208	1	307200	307208	0	614400	0	-8	307220	1	208762	9bdb5f0a10a51e74945c43869249f792f291bf34f0f43c546b442752d45c15d1
kungfu.Ani	744	0x01BA5C61	208762	208750	307220	307208	1	307200	307208	0	614400	0	-8	307220	1	201613	d0be005fade1fba348e454602382c2ac366aea814cc95e63d9849e2c79deab6e
kungfu.Ani	745	0x01BD8BDB	201613	201601	307220	307208	1	307200	307208	0	614400	0	-8	307220	1	208762	2c4789a9830204e2367f369015a372c2d5ebef35d9dcc86a8c4e45511cbff962
kungfu.Ani	746	0x01C09F68	208762	208750	307220	307208	1	307200	307208	0	614400	0	-8	307220	1	201613	d0be005fade1fba348e454602382c2ac366aea814cc95e63d9849e2c79deab6e
kungfu.Ani	747	0x01C3CEE2	201613	201601	307220	307208	1	307200	307208	0	614400	0	-8	307220	1	208762	2c4789a9830204e2367f369015a372c2d5ebef35d9dcc86a8c4e45511cbff962
kungfu.Ani	748	0x01C6E26F	208762	208750	307220	307208	1	307200	307208	0	614400	0	-8	307220	1	200277	d0be005fade1fba348e454602382c2ac366aea814cc95e63d9849e2c79deab6e
kungfu.Ani	749	0x01CA11E9	200277	200265	307220	307208	1	307200	307208	0	614400	0	-8	307220	1	208762	b0f3c0630381467f58ae7895e781ec89293295910d06d5a2a65514767d3fb4c5
kungfu.Ani	750	0x01CD203E	208762	208750	307220	307208	1	307200	307208	0	614400	0	-8	79257	8368	35978	d0be005fade1fba348e454602382c2ac366aea814cc95e63d9849e2c79deab6e
kungfu.Ani	751	0x01D04FB8	35978	35966	79257	79245	8368	12301	79245	0	545732	0	-8	79257	8368	35931	e3837afc0d6807a506b11ba460dc95b252868049fed4794b2f71c877dca3204b
kungfu.Ani	752	0x01D0DC42	35931	35919	79257	79245	8368	12301	79245	0	545732	0	-8	12	0	12	74975a1765f63ca6143b0c69434a6b0b66b2b3fe253e9f0e84ce7f5845200f3b
kungfu.Ani	753	0x01D1689D	12	0	12	0	0	0	0	0	0	skipped_when_size_minus_12_is_zero	unsafe_12_byte_metadata_plus_stale_scratch_tail	2370	144	1981	e3b0c44298fc1c149afbf4c8996fb92427ae41e4649b934ca495991b7852b855
kungfu.Ani	754	0x01D168A9	1981	1969	2370	2358	144	1206	2358	0	327160	0	-8	2828	194	2250	274a0297adf11a0f4812c9baecafcc7e7a4d80b2540f78d561b0488b41f957c2
kungfu.Ani	755	0x01D17066	2250	2238	2828	2816	194	1264	2816	0	357878	0	-8	2256	161	1827	23e06816312ed58c74a7d4c0ea4233a94d010ebdbc096910916c9edb42dd7036
kungfu.Ani	756	0x01D17930	1827	1815	2256	2244	161	956	2244	0	323308	0	-8	3008	192	2464	7a16c7458add214b0be9d4ee27463a783efbf3e267a6baedce62311601663882
kungfu.Ani	757	0x01D18053	2464	2452	3008	2996	192	1460	2996	0	355338	0	-8	645	59	512	3af5f229ec6d84ab1bf3c19402263024c0a7377538097f296919d9be2fec37f0
kungfu.Ani	758	0x01D189F3	512	500	645	633	59	161	633	0	318164	0	-8	704	65	570	5be5b9074ae5316506280f4a86989ea4f83ac31936ac4a2bc5e33afa7ddb0c69
kungfu.Ani	759	0x01D18BF3	570	558	704	692	65	172	692	0	319448	0	-8	2271	149	1854	8ee16e1b5919c039ce359f346c96a979c39fabce065ddf9869ca0cf34a9436f3
kungfu.Ani	760	0x01D18E2D	1854	1842	2271	2259	149	1067	2259	0	325882	0	-8	3263	270	2519	d32fb6ea89506ae763e75b8250902f09f20ac7368814cc0d0e98efcdf8ca2b52
kungfu.Ani	761	0x01D1956B	2519	2507	3263	3251	270	1091	3251	0	347630	0	-8	12	0	12	f01c441bed20d39d7eb9697c9a61ed3565a42a4e6324efbf1fb95a7c8576119d
kungfu.Ani	762	0x01D19F42	12	0	12	0	0	0	0	0	0	skipped_when_size_minus_12_is_zero	unsafe_12_byte_metadata_plus_stale_scratch_tail	12	0	12	e3b0c44298fc1c149afbf4c8996fb92427ae41e4649b934ca495991b7852b855
kungfu.Ani	763	0x01D19F4E	12	0	12	0	0	0	0	0	0	skipped_when_size_minus_12_is_zero	unsafe_12_byte_metadata_plus_stale_scratch_tail	645	47	525	e3b0c44298fc1c149afbf4c8996fb92427ae41e4649b934ca495991b7852b855
kungfu.Ani	764	0x01D19F5A	525	513	645	633	47	257	633	0	325884	0	-8	693	63	561	0ab187abacff38936b82a3c2a433ddc4815d09606027135e234a4cd31bee1128
kungfu.Ani	765	0x01D1A167	561	549	693	681	63	177	681	0	325886	0	-8	3614	308	2715	8cc46d2c4c7dae02c388199f8e2bc6ed87bcb8fdcb3c781270cd7f169750aca4
kungfu.Ani	766	0x01D1A398	2715	2703	3614	3602	308	1138	3602	0	345072	0	-8	12	0	12	110e8902b7650ef51ef76ca8973f50d25ec3f91b7562246e3928f8b08bf54b2d
kungfu.Ani	767	0x01D1AE33	12	0	12	0	0	0	0	0	0	skipped_when_size_minus_12_is_zero	unsafe_12_byte_metadata_plus_stale_scratch_tail	12	0	12	e3b0c44298fc1c149afbf4c8996fb92427ae41e4649b934ca495991b7852b855
kungfu.Ani	768	0x01D1AE3F	12	0	12	0	0	0	0	0	0	skipped_when_size_minus_12_is_zero	unsafe_12_byte_metadata_plus_stale_scratch_tail	12	0	12	e3b0c44298fc1c149afbf4c8996fb92427ae41e4649b934ca495991b7852b855
kungfu.Ani	769	0x01D1AE4B	12	0	12	0	0	0	0	0	0	skipped_when_size_minus_12_is_zero	unsafe_12_byte_metadata_plus_stale_scratch_tail	12	0	12	e3b0c44298fc1c149afbf4c8996fb92427ae41e4649b934ca495991b7852b855
kungfu.Ani	770	0x01D1AE57	12	0	12	0	0	0	0	0	0	skipped_when_size_minus_12_is_zero	unsafe_12_byte_metadata_plus_stale_scratch_tail	17220	1296	11520	e3b0c44298fc1c149afbf4c8996fb92427ae41e4649b934ca495991b7852b855
kungfu.Ani	771	0x01D1AE63	11520	11508	17220	17208	1296	6840	17208	0	405174	0	-8	16354	892	12482	a6dcbb725423d409601789e311f9738234054db35a07ffed4348a35a3abdad5b
kungfu.Ani	772	0x01D1DB63	12482	12470	16354	16342	892	9206	16342	0	405174	0	-8	17305	1003	13510	2fc6711f0b998a1feeccfb5e013800268f247a6916d3aace7f0538f79871f95f
kungfu.Ani	773	0x01D20C25	13510	13498	17305	17293	1003	9269	17293	0	405174	0	-8	16849	934	13435	4407f57ec07329beb735301a5cfbb91dab62cc22f38775c0a6791fec7849d9fe
kungfu.Ani	774	0x01D240EB	13435	13423	16849	16837	934	9365	16837	0	405174	0	-8	16670	947	12781	e05dab72f95c7fde305476a46010184d5a4ca5ef2049f22bcbaadf551bdbae5f
kungfu.Ani	775	0x01D27566	12781	12769	16670	16658	947	9082	16658	0	405174	0	-8	17068	1286	11972	26d9ee19f3390cfeb5b3eb250a8f43d9c1b6d4fad02c42800ffe42905b0dec9d
kungfu.Ani	776	0x01D2A753	11972	11960	17068	17056	1286	6768	17056	0	405174	0	-8	12	0	12	e845f818cc625967f87d9b3c6511c5285cbb7b0dca81422c4f4b6cc56c0ce10a
kungfu.Ani	777	0x01D2D617	12	0	12	0	0	0	0	0	0	skipped_when_size_minus_12_is_zero	unsafe_12_byte_metadata_plus_stale_scratch_tail	12	0	12	e3b0c44298fc1c149afbf4c8996fb92427ae41e4649b934ca495991b7852b855
kungfu.Ani	778	0x01D2D623	12	0	12	0	0	0	0	0	0	skipped_when_size_minus_12_is_zero	unsafe_12_byte_metadata_plus_stale_scratch_tail	12	0	12	e3b0c44298fc1c149afbf4c8996fb92427ae41e4649b934ca495991b7852b855
kungfu.Ani	779	0x01D2D62F	12	0	12	0	0	0	0	0	0	skipped_when_size_minus_12_is_zero	unsafe_12_byte_metadata_plus_stale_scratch_tail	12	0	12	e3b0c44298fc1c149afbf4c8996fb92427ae41e4649b934ca495991b7852b855
kungfu.Ani	780	0x01D2D63B	12	0	12	0	0	0	0	0	0	skipped_when_size_minus_12_is_zero	unsafe_12_byte_metadata_plus_stale_scratch_tail	12	0	12	e3b0c44298fc1c149afbf4c8996fb92427ae41e4649b934ca495991b7852b855
kungfu.Ani	781	0x01D2D647	12	0	12	0	0	0	0	0	0	skipped_when_size_minus_12_is_zero	unsafe_12_byte_metadata_plus_stale_scratch_tail	12	0	12	e3b0c44298fc1c149afbf4c8996fb92427ae41e4649b934ca495991b7852b855
kungfu.Ani	782	0x01D2D653	12	0	12	0	0	0	0	0	0	skipped_when_size_minus_12_is_zero	unsafe_12_byte_metadata_plus_stale_scratch_tail	12	0	12	e3b0c44298fc1c149afbf4c8996fb92427ae41e4649b934ca495991b7852b855
kungfu.Ani	783	0x01D2D65F	12	0	12	0	0	0	0	0	0	skipped_when_size_minus_12_is_zero	unsafe_12_byte_metadata_plus_stale_scratch_tail	12	0	12	e3b0c44298fc1c149afbf4c8996fb92427ae41e4649b934ca495991b7852b855
kungfu.Ani	784	0x01D2D66B	12	0	12	0	0	0	0	0	0	skipped_when_size_minus_12_is_zero	unsafe_12_byte_metadata_plus_stale_scratch_tail	12	0	12	e3b0c44298fc1c149afbf4c8996fb92427ae41e4649b934ca495991b7852b855
kungfu.Ani	785	0x01D2D677	12	0	12	0	0	0	0	0	0	skipped_when_size_minus_12_is_zero	unsafe_12_byte_metadata_plus_stale_scratch_tail	551	54	418	e3b0c44298fc1c149afbf4c8996fb92427ae41e4649b934ca495991b7852b855
kungfu.Ani	786	0x01D2D683	418	406	551	539	54	107	539	0	336166	0	-8	240682	204	168367	b487da86e35c64f1130d05a3aa07eff07f3973935202e73261f047d47637e247
kungfu.Ani	787	0x01D2D825	168367	168355	240682	240670	204	239038	240670	0	546560	0	-8	276161	5702	205724	959a851e7248303068e9e2ff66057d919b0ce5060520a3b06be68e4ce1f33434
kungfu.Ani	788	0x01D569D4	205724	205712	276161	276149	5702	230533	276149	0	546560	0	-8	246137	1020	194567	aeaa1ec9a4a02590f5e2ebb368a5851ef051c6f135828499659c96304d32375e
kungfu.Ani	789	0x01D88D70	194567	194555	246137	246125	1020	237965	246125	0	546560	0	-8	255927	2705	221170	cce18c562983d6810ec3fccd9fb6c4d82330a9c51b53fb310aaa0738ea1570f7
kungfu.Ani	790	0x01DB8577	221170	221158	255927	255915	2705	234275	255915	0	546560	0	-8	419	38	344	2f9eea3effa9587780bf59478d7b4904a8d75fc1ea4613e95d704ae4cdeace37
kungfu.Ani	791	0x01DEE569	344	332	419	407	38	103	407	0	378296	0	-8	3906	249	3365	1e7f5fdd43a2e6229d66d3874f8df1a384c7e2386933f78ad6f3c8fb7a315430
kungfu.Ani	792	0x01DEE6C1	3365	3353	3906	3894	249	1902	3894	0	369332	0	-8	3936	253	3384	8d083b27ee058d24098589f474b47864e568cdae1e756d1406635d206871f2e0
kungfu.Ani	793	0x01DEF3E6	3384	3372	3936	3924	253	1900	3924	0	370614	0	-8	3654	205	3215	25e3620ef4150c414a121a07de1660e5aaa4973a11a960807ae2deef63c49ccd
kungfu.Ani	794	0x01DF011E	3215	3203	3654	3642	205	2002	3642	0	373178	0	-8	3864	213	3384	2ed89cb803d9ef4a5ee58a4db415a57e4947150f16c4268e789abf2fc144bbc1
kungfu.Ani	795	0x01DF0DAD	3384	3372	3864	3852	213	2148	3852	0	377024	0	-8	3860	196	3414	f6fafbbc11965e10917a17bb61c43b7ba6bf4d30ddd1984eb651d599f8904016
kungfu.Ani	796	0x01DF1AE5	3414	3402	3860	3848	196	2280	3848	0	382152	0	-8	4367	229	3802	bc9f791e32e7bc8333cc2f4c36dd775b91e241e7673f5560c039c6535a15bfdc
kungfu.Ani	797	0x01DF283B	3802	3790	4367	4355	229	2523	4355	0	388562	0	-8	4080	203	3651	d5b7f7ca5bc66e85fab0165c38846630ba2e6a4955c4169be7681d95d95dc2c7
kungfu.Ani	798	0x01DF3715	3651	3639	4080	4068	203	2444	4068	0	396254	0	-8	3971	206	3532	d69edfc4695a9a815aea3f27ade4879afa07554894a1d7e799f71622cac9a6a5
kungfu.Ani	799	0x01DF4558	3532	3520	3971	3959	206	2311	3959	0	405228	0	-8	3985	216	3485	ea4adf205b255959876d6faa1952bfea041e4ea9e23ac87ef9c2737b8828887a
kungfu.Ani	800	0x01DF5324	3485	3473	3985	3973	216	2245	3973	0	412912	0	-8	4406	205	3909	e8c8d2c82308230dd7785aff24a01ff26496e2c76736db0907d138bf3291a12f
kungfu.Ani	801	0x01DF60C1	3909	3897	4406	4394	205	2754	4394	0	432118	0	-8	3949	225	3489	c95861535d707760c28e381439f1d69fe60396bcac2de99146af2d75a37a4b93
kungfu.Ani	802	0x01DF7006	3489	3477	3949	3937	225	2137	3937	0	432118	0	-8	154	8	141	1013153a650bf1ff86a282688146218afadc1ecee7e5772e0bdf13b7086cf4dc
kungfu.Ani	803	0x01DF7DA7	141	129	154	142	8	78	142	0	369330	0	-8	336	28	280	5f47d42c3dec3c3f860982d4e382bba8cb76b700e04a89d36673dff03a580552
kungfu.Ani	804	0x01DF7E34	280	268	336	324	28	100	324	0	369332	0	-8	664	48	546	fc9216854c8d2576039f03f2a5f80aaed9123ca6922269ab99821049c69e9c37
kungfu.Ani	805	0x01DF7F4C	546	534	664	652	48	268	652	0	369332	0	-8	3952	286	3095	ff828eb401d3a35c6f312515ca9cfbafd24983af75817cc1e4f085a15c7e66ed
kungfu.Ani	806	0x01DF816E	3095	3083	3952	3940	286	1652	3940	0	361634	0	-8	3776	250	2899	3b7e263d3887adf21358c87fb75d61abe7572a21fc515fcd6e84159f191fcd1e
kungfu.Ani	807	0x01DF8D85	2899	2887	3776	3764	250	1764	3764	0	368054	0	-8	587	48	482	20d77129a27046bf8d7a724eb09e457db4fa51573d73f78f54cfebdd9199de40
kungfu.Ani	808	0x01DF98D8	482	470	587	575	48	191	575	0	368054	0	-8	2196	120	1732	27a1bc7160ecf2e291fd2cc6369336189be614c2b63d5c8f0dbd54ddd225ddb3
kungfu.Ani	809	0x01DF9ABA	1732	1720	2196	2184	120	1224	2184	0	368052	0	-8	1812	120	1320	d8e24215631502cd25d8db9bc013aa35016a34891bce5b25357a9a2eed90736a
kungfu.Ani	810	0x01DFA17E	1320	1308	1812	1800	120	840	1800	0	372024	0	-8	1193	99	949	9b8c6495384c8da53d5662647c8fc90fe7b45ac770f5720cc7608f5892d14dee
kungfu.Ani	811	0x01DFA6A6	949	937	1193	1181	99	389	1181	0	357792	0	-8	939	87	753	6f2c62fba0dbdded88a2f241a62d76389c542d275e581306fc5343ff6d3fa34c
kungfu.Ani	812	0x01DFAA5B	753	741	939	927	87	231	927	0	351382	0	-8	1733	122	1314	44a9c4bd1c1449d497d4aa3a9624fc5c460624b1579817c14cefadacd705cce3
kungfu.Ani	813	0x01DFAD4C	1314	1302	1733	1721	122	745	1721	0	350208	0	-8	1437	102	1182	22ba019091285a0467a5f850c3b3704b5aeeaa480b3c251867d83fb9674feb82
kungfu.Ani	814	0x01DFB26E	1182	1170	1437	1425	102	609	1425	0	332292	0	-8	4901	341	3859	2db091e770b9743d6f36ef3b4a94d92ab2df0f8bdb9241b4e8d1488206707408
kungfu.Ani	815	0x01DFB70C	3859	3847	4901	4889	341	2161	4889	0	374590	0	-8	4343	284	3388	82104bb023c062c5a6bd0e532aa5ed737602edb6fdf0d508eaa834cafa176d2e
kungfu.Ani	816	0x01DFC61F	3388	3376	4343	4331	284	2059	4331	0	375866	0	-8	4641	265	3631	ffe8b635bb9645c46d567940dc845bf01703fb9940bf94ce28811e3d298ce261
kungfu.Ani	817	0x01DFD35B	3631	3619	4641	4629	265	2509	4629	0	375866	0	-8	8219	315	6895	169fb9ff65a9150db11d05b7505362c65ae175b265a44f3b4861ec543731eba0
kungfu.Ani	818	0x01DFE18A	6895	6883	8219	8207	315	5687	8207	0	374590	0	-8	67364	932	49273	b6a07d88acaf8ae775a7b18f186f662adde61617ea2d6a86e4b00af937b39961
kungfu.Ani	819	0x01DFFC79	49273	49261	67364	67352	932	59896	67352	0	460802	0	-8	64788	606	50923	c4e9554d1b3626190a0694ef2c6c8f62e1f4b5646fb1ec1b38f05d98b9662289
kungfu.Ani	820	0x01E0BCF2	50923	50911	64788	64776	606	59928	64776	0	545856	0	-8	127805	867	98848	c52b6abe63a95653f40e53ac70ed1e3b57abf49c136a11336017dd400f723bb4
kungfu.Ani	821	0x01E183DD	98848	98836	127805	127793	867	120857	127793	0	546560	0	-8	307220	1	192011	553b61f3e80d1bdff2ee356d8c5208de6ec0f9002d780c7cc885d3a2d5eed1a5
kungfu.Ani	822	0x01E305FD	192011	191999	307220	307208	1	307200	307208	0	614400	0	-8	307220	1	194946	20ef0d24fc90c1be19bee60cf5318cbc999a13435ef70cf24787c509a6c848d4
kungfu.Ani	823	0x01E5F408	194946	194934	307220	307208	1	307200	307208	0	614400	0	-8	307220	1	209593	0326753004d0e3c299f51eacd45155fdbab2a69ea215ea6a66b85ac7070e3887
kungfu.Ani	824	0x01E8ED8A	209593	209581	307220	307208	1	307200	307208	0	614400	0	-8	532	48	458	ed6b015ca9d389bddffdc806137bbbea91776675832080dbdccb2889143bc7ce
kungfu.Ani	825	0x01EC2043	458	446	532	520	48	136	520	0	290030	0	-8	693	61	585	462a2150db1cea7d4f840d083e83235c11f774e04dbd4079e79aaeb8000fad95
kungfu.Ani	826	0x01EC220D	585	573	693	681	61	193	681	0	291312	0	-8	532	48	453	de7b875417b70a72892320b8d298217228ad6bc6e32a3c1168b343827941f1bf
kungfu.Ani	827	0x01EC2456	453	441	532	520	48	136	520	0	291312	0	-8	12	0	12	0c82f2b3c3085bad23c6420be7f323116e2599e5721032a2e605f97d911de611
kungfu.Ani	828	0x01EC261B	12	0	12	0	0	0	0	0	0	skipped_when_size_minus_12_is_zero	unsafe_12_byte_metadata_plus_stale_scratch_tail	12	0	12	e3b0c44298fc1c149afbf4c8996fb92427ae41e4649b934ca495991b7852b855
kungfu.Ani	829	0x01EC2627	12	0	12	0	0	0	0	0	0	skipped_when_size_minus_12_is_zero	unsafe_12_byte_metadata_plus_stale_scratch_tail	997	66	820	e3b0c44298fc1c149afbf4c8996fb92427ae41e4649b934ca495991b7852b855
kungfu.Ani	830	0x01EC2633	820	808	997	985	66	457	985	0	316954	0	-8	10036	696	7011	41211544c085bcf437558fd89976a493a339804a85c53be070a717385272fe01
kungfu.Ani	831	0x01EC2967	7011	6999	10036	10024	696	4456	10024	0	545496	0	-8	21159	1458	15602	634cdcab48aaed2e248db394c03a2ea3e0e36c8f1204c5c9ec577d738f9cb300
kungfu.Ani	832	0x01EC44CA	15602	15590	21159	21147	1458	9483	21147	0	545496	0	-8	21289	1476	16206	ace81c71a227f9a8b1d737fff90a5bf8b5d0ffa83099f72a433a903bc6affc7e
kungfu.Ani	833	0x01EC81BC	16206	16194	21289	21277	1476	9469	21277	0	545380	0	-8	21044	1439	15989	ec98661221c015e9e1874bf94128c7d50a405cdaff237944b0f7726e03c49388
kungfu.Ani	834	0x01ECC10A	15989	15977	21044	21032	1439	9520	21032	0	455216	0	-8	12929	907	10012	47ce8c59176b3efc965e19293bd1e78a75f7912e2a843339d1420d7a9f10fd4e
kungfu.Ani	835	0x01ECFF7F	10012	10000	12929	12917	907	5661	12917	0	455216	0	-8	309	21	264	1c3720c320cc2a97c1ca30418ad4b6df1740b11ed503b26e8e44c42b7048801f
kungfu.Ani	836	0x01ED269B	264	252	309	297	21	129	297	0	336230	0	-8	249	24	217	2a195f00bfe77986c818619af1534d7dae6dfc259117e85a0692a2a6b13d1b80
kungfu.Ani	837	0x01ED27A3	217	205	249	237	24	45	237	0	329816	0	-8	259	25	211	ff2d38d574d6fcafbe05bddcf9ea0c61af23de36bf758bd7ec77f1e7cef9ecee
kungfu.Ani	838	0x01ED287C	211	199	259	247	25	47	247	0	329816	0	-8	12	0	12	2e8c4f07a5428d9d42f2567fb2cc3857bc559389ba655096408e290b94ae74bb
kungfu.Ani	839	0x01ED294F	12	0	12	0	0	0	0	0	0	skipped_when_size_minus_12_is_zero	unsafe_12_byte_metadata_plus_stale_scratch_tail	12	0	12	e3b0c44298fc1c149afbf4c8996fb92427ae41e4649b934ca495991b7852b855
kungfu.Ani	840	0x01ED295B	12	0	12	0	0	0	0	0	0	skipped_when_size_minus_12_is_zero	unsafe_12_byte_metadata_plus_stale_scratch_tail	294565	9819	220678	e3b0c44298fc1c149afbf4c8996fb92427ae41e4649b934ca495991b7852b855
kungfu.Ani	841	0x01ED2967	220678	220666	294565	294553	9819	216001	294553	0	546560	0	-8	245386	993	188812	0f41cc21dc6824729950b58ca35a3a1e8d89ba83010ebcfb98fa609c83162760
kungfu.Ani	842	0x01F0876D	188812	188800	245386	245374	993	237430	245374	0	546560	0	-8	247497	1306	173560	43786a73b59f5fe4c1709e6b2654c9aa9d70353f235cb8491d00863ae8c8d607
kungfu.Ani	843	0x01F368F9	173560	173548	247497	247485	1306	237037	247485	0	546560	0	-8	245844	980	149304	16939e4d7505e2103caa321cd16d34ca7597a8dc91f2e626ddcd62db7c4737a6
kungfu.Ani	844	0x01F60EF1	149304	149292	245844	245832	980	237992	245832	0	546560	0	-8	242631	573	67449	925e948ace371f7ff32970684e856bf902a620291c4931d8c49a46398f06eb9b
kungfu.Ani	845	0x01F85629	67449	67437	242631	242619	573	238035	242619	0	546560	0	-8	267932	5555	38568	ebacc0ab8d899630d716c3ac1beb73c861f97b856a67346437e480b15e7c1bfb
kungfu.Ani	846	0x01F95DA2	38568	38556	267932	267920	5555	223480	267920	0	546560	0	-8	0	117463967	1118719	278af3b6366f93c997d3b163ceed4052fef6e5613cebd652336fd2dd15196eb8
memory.Ani	1	0x00000024	118650	118638	307220	307208	1	307200	307208	0	614400	0	-8	307220	1	119522	4a681345cd8d8d14c6a427ca2adb1fbc528dfbaab447ecf4ceadc6f2b71dde04
memory.Ani	2	0x0001CF9E	119522	119510	307220	307208	1	307200	307208	0	614400	0	-8	307220	1	119707	ffc10084dab99eb94c569100b4f5ff2486f6be3bec290198b19d4e41cbbf70e9
memory.Ani	3	0x0003A280	119707	119695	307220	307208	1	307200	307208	0	614400	0	-8	307220	1	120767	7b7e84374ecd58c8d778d2594cfd778255195b870e5041a4e3653fb692b46d5a
memory.Ani	4	0x0005761B	120767	120755	307220	307208	1	307200	307208	0	614400	0	-8	307220	1	121175	3b2fbbbb5566248c74ab3800f799101568de5e0e28d815a7f240c594a50143d1
memory.Ani	5	0x00074DDA	121175	121163	307220	307208	1	307200	307208	0	614400	0	-8	307220	1	122801	76004362d94fdc19ef9fd6b499dd484bfb5565c8e5f88647d0d2383835106a54
memory.Ani	6	0x00092731	122801	122789	307220	307208	1	307200	307208	0	614400	0	-8	307220	1	124185	bad8750c4db617ac9a9447cfff6759017afff665bcebcb35a672f5e1f4e06bc5
memory.Ani	7	0x000B06E2	124185	124173	307220	307208	1	307200	307208	0	614400	0	-8	307220	1	125049	e1a6c990fae1b34b4d7d877dbf6524526b20eddedac5842f2af6622991669093
memory.Ani	8	0x000CEBFB	125049	125037	307220	307208	1	307200	307208	0	614400	0	-8	307220	1	126942	ea4b4c8438a76fa1cbe5dd3e6485258e69b136a2ae84612dc1c41447d5350f42
memory.Ani	9	0x000ED474	126942	126930	307220	307208	1	307200	307208	0	614400	0	-8	307220	1	128346	f4082f3fdf696fc003e7fea2cf0ac2fa254de49c2320d537a3883c82e32ecac1
memory.Ani	10	0x0010C452	128346	128334	307220	307208	1	307200	307208	0	614400	0	-8	307220	1	130666	d474c3efc17751969a903fcd269683c4666a04b0c72abab405310c3044af29ba
memory.Ani	11	0x0012B9AC	130666	130654	307220	307208	1	307200	307208	0	614400	0	-8	307220	1	132679	d7903b43353d1087751f5274671ad7d480e6063c102d0b6400c97bead70f5369
memory.Ani	12	0x0014B816	132679	132667	307220	307208	1	307200	307208	0	614400	0	-8	307220	1	134126	d17b2a2aba13f34bb624dd3668150d27e7fd2c23a9f03d1813042236eaec1754
memory.Ani	13	0x0016BE5D	134126	134114	307220	307208	1	307200	307208	0	614400	0	-8	307220	1	136372	b8af6fc8d8bd5ee6320344046498c36359de1cc406558d2212f39a0c592b2f7c
memory.Ani	14	0x0018CA4B	136372	136360	307220	307208	1	307200	307208	0	614400	0	-8	307220	1	138732	7376657435ed9bbd088d78cec3bde816d4e96ed3717b3643864e9b5eaadad762
memory.Ani	15	0x001ADEFF	138732	138720	307220	307208	1	307200	307208	0	614400	0	-8	307220	1	140758	f1b5cda0b2d839d01e9b58da65450ef35c6c7d2fad8d631ff612e0d62f2dbc73
memory.Ani	16	0x001CFCEB	140758	140746	307220	307208	1	307200	307208	0	614400	0	-8	307220	1	142743	b3410e00246653134df94bfec0651b185a5927b1d887ccb120d03820c0e9f335
memory.Ani	17	0x001F22C1	142743	142731	307220	307208	1	307200	307208	0	614400	0	-8	307220	1	143991	33176f923b58f5f08f0cd2b80be010ec8327e4152f7b9babf53148cbc76bdedb
memory.Ani	18	0x00215058	143991	143979	307220	307208	1	307200	307208	0	614400	0	-8	307220	1	145681	6af01f5e8fb77e8cc202aaf7af639009808de1fb24c573d3ce82354a391dddb8
memory.Ani	19	0x002382CF	145681	145669	307220	307208	1	307200	307208	0	614400	0	-8	307220	1	147124	699a1fea1a9d17414e32ed08624232d7983b0c2be532fd1d436d012f4a9347d9
memory.Ani	20	0x0025BBE0	147124	147112	307220	307208	1	307200	307208	0	614400	0	-8	307220	1	149231	16a4613d7c2db1e241e0a4c268847eab78fd29a5d8796e7462e9f21e221a8831
memory.Ani	21	0x0027FA94	149231	149219	307220	307208	1	307200	307208	0	614400	0	-8	307220	1	150042	3091352f69919ca3451bf79323557681626200a54b16165f8ce4b824489ef26d
memory.Ani	22	0x002A4183	150042	150030	307220	307208	1	307200	307208	0	614400	0	-8	307220	1	151134	2289a5e91e01d7aaf68f57720954ca3b65e5de2f893c749097073c045dd983bf
memory.Ani	23	0x002C8B9D	151134	151122	307220	307208	1	307200	307208	0	614400	0	-8	307220	1	151908	942c327b757af09ad8a495c4df0c2ab82e9303c2bcf5f68726ea3d209b2d6b8b
memory.Ani	24	0x002ED9FB	151908	151896	307220	307208	1	307200	307208	0	614400	0	-8	307220	1	153414	54411c111062ba6fb8976f41b1d335650b809cf91280df79e9fc45ef5e7d5911
memory.Ani	25	0x00312B5F	153414	153402	307220	307208	1	307200	307208	0	614400	0	-8	307220	1	153989	a3c461148a354a9d34672087e68f8b8a77e47d37ae9d34a52555c0a8a64c1c7a
memory.Ani	26	0x003382A5	153989	153977	307220	307208	1	307200	307208	0	614400	0	-8	307220	1	153699	a9cf1acbaedf9d36355a70df7547fb3f60ce020e9331cd0278a8e22f307c2051
memory.Ani	27	0x0035DC2A	153699	153687	307220	307208	1	307200	307208	0	614400	0	-8	307220	1	153979	3480e87b1212f0cce7783872145934a5c0aba65b0f0a942ac811f311e7f42ec0
memory.Ani	28	0x0038348D	153979	153967	307220	307208	1	307200	307208	0	614400	0	-8	307220	1	154198	ffab3d51233d338c56c69918c10ba058ca0a7ae87050a5a1c8941d8f7e9ed442
memory.Ani	29	0x003A8E08	154198	154186	307220	307208	1	307200	307208	0	614400	0	-8	12	0	12	8c202e2cb231eac99eeeb2b8675572c5405c583a4c9cf5633016132e0182dae2
memory.Ani	30	0x003CE85E	12	0	12	0	0	0	0	0	0	skipped_when_size_minus_12_is_zero	unsafe_12_byte_metadata_plus_stale_scratch_tail	12	0	12	e3b0c44298fc1c149afbf4c8996fb92427ae41e4649b934ca495991b7852b855
memory.Ani	31	0x003CE86A	12	0	12	0	0	0	0	0	0	skipped_when_size_minus_12_is_zero	unsafe_12_byte_metadata_plus_stale_scratch_tail	12	0	12	e3b0c44298fc1c149afbf4c8996fb92427ae41e4649b934ca495991b7852b855
memory.Ani	32	0x003CE876	12	0	12	0	0	0	0	0	0	skipped_when_size_minus_12_is_zero	unsafe_12_byte_metadata_plus_stale_scratch_tail	12	0	12	e3b0c44298fc1c149afbf4c8996fb92427ae41e4649b934ca495991b7852b855
memory.Ani	33	0x003CE882	12	0	12	0	0	0	0	0	0	skipped_when_size_minus_12_is_zero	unsafe_12_byte_metadata_plus_stale_scratch_tail	12	0	12	e3b0c44298fc1c149afbf4c8996fb92427ae41e4649b934ca495991b7852b855
memory.Ani	34	0x003CE88E	12	0	12	0	0	0	0	0	0	skipped_when_size_minus_12_is_zero	unsafe_12_byte_metadata_plus_stale_scratch_tail	307220	1	154433	e3b0c44298fc1c149afbf4c8996fb92427ae41e4649b934ca495991b7852b855
memory.Ani	35	0x003CE89A	154433	154421	307220	307208	1	307200	307208	0	614400	0	-8	12	0	12	6d88578b328f7e0b7f5c89d398235d334d689d094edd0a115b464c7a40fef930
memory.Ani	36	0x003F43DB	12	0	12	0	0	0	0	0	0	skipped_when_size_minus_12_is_zero	unsafe_12_byte_metadata_plus_stale_scratch_tail	307220	1	154448	e3b0c44298fc1c149afbf4c8996fb92427ae41e4649b934ca495991b7852b855
memory.Ani	37	0x003F43E7	154448	154436	307220	307208	1	307200	307208	0	614400	0	-8	307220	1	154938	f82f82054587583197f0c842eccaa132b5436038e9a66a999f98b2ac47b502da
memory.Ani	38	0x00419F37	154938	154926	307220	307208	1	307200	307208	0	614400	0	-8	307220	1	154909	5528cb9741a68334fc3a8bb3a788a8de232fc710f4c117832784e2551cb4f9cb
memory.Ani	39	0x0043FC71	154909	154897	307220	307208	1	307200	307208	0	614400	0	-8	307220	1	155051	b1c9bf2a2f1071efc61b577cd84369d04c7db4e388c95819ff1240d74b76b2c9
memory.Ani	40	0x0046598E	155051	155039	307220	307208	1	307200	307208	0	614400	0	-8	307220	1	155189	9543e0342368a8ebc0366e3fbd5dd787e4cafaae2f3968caa52f8f9a508fd484
memory.Ani	41	0x0048B739	155189	155177	307220	307208	1	307200	307208	0	614400	0	-8	307220	1	155086	e56934a84148df71a6f5ec66d4512c3b53b781221c6fe9eaf726bf894f842f1e
memory.Ani	42	0x004B156E	155086	155074	307220	307208	1	307200	307208	0	614400	0	-8	307220	1	155504	f7c8560cbca42250b31ae11eb018fa3faf3961d1df0b0657db7ea0774dff4fda
memory.Ani	43	0x004D733C	155504	155492	307220	307208	1	307200	307208	0	614400	0	-8	307220	1	155756	34cbb64e50b294d4220d7672c322ca8d127096237a619b649339b1890727402f
memory.Ani	44	0x004FD2AC	155756	155744	307220	307208	1	307200	307208	0	614400	0	-8	307220	1	155682	b8c1c7b7a0fe10ceef500093652281451b95b18de682f5f20be3b0087f38ef8a
memory.Ani	45	0x00523318	155682	155670	307220	307208	1	307200	307208	0	614400	0	-8	307220	1	155817	7ef6ca9f181b4e3d2f5dbd92a5b32e5c034b18ad58d1b4543821bb341121fae7
memory.Ani	46	0x0054933A	155817	155805	307220	307208	1	307200	307208	0	614400	0	-8	307220	1	156049	265ee5cc113cddee29589a8c069ea513bd8e8717b08294638152adcfbb13f35b
memory.Ani	47	0x0056F3E3	156049	156037	307220	307208	1	307200	307208	0	614400	0	-8	307220	1	156314	29ffc12075037c87685a9ac6c2a27ac526b27553d99fae56ba078bf6d569e73e
memory.Ani	48	0x00595574	156314	156302	307220	307208	1	307200	307208	0	614400	0	-8	307220	1	156341	43206ab0e06b0fa7800eeefb240fffc2845f9bfafae1d7dd9ed27069e795e5d0
memory.Ani	49	0x005BB80E	156341	156329	307220	307208	1	307200	307208	0	614400	0	-8	307220	1	156844	405d0c7da33b383a67c622095b670e4963142bfb44faafe9f56a76a3ca28eaab
memory.Ani	50	0x005E1AC3	156844	156832	307220	307208	1	307200	307208	0	614400	0	-8	307220	1	156623	4ab14e279430f3f5d2b65f007f67c46e8173d7e39e43671328fed807af2f25cf
memory.Ani	51	0x00607F6F	156623	156611	307220	307208	1	307200	307208	0	614400	0	-8	307220	1	156860	79e7bda6bb6dc099707ade57c67386138a2fbc1f1abdd0d7ed3669699cd7fb60
memory.Ani	52	0x0062E33E	156860	156848	307220	307208	1	307200	307208	0	614400	0	-8	307220	1	157040	a63cc0d7ca678fcc427f1e32d10008ccc219fddcd2ea0ab65a7a5ac87cae615b
memory.Ani	53	0x006547FA	157040	157028	307220	307208	1	307200	307208	0	614400	0	-8	307220	1	156913	755b9aea341c85ae91af099d85e09c835afe00932dda14a4b073d7d3fe5fbf19
memory.Ani	54	0x0067AD6A	156913	156901	307220	307208	1	307200	307208	0	614400	0	-8	307220	1	156866	729921cc9d9c98ee36c72bdd003162468e04f704d65f4eff6fec91085d9fdf33
memory.Ani	55	0x006A125B	156866	156854	307220	307208	1	307200	307208	0	614400	0	-8	307220	1	157081	d43b942ce1ff871a38e79f67a01bfe2ac3e69f006e9248fb859d62801086295b
memory.Ani	56	0x006C771D	157081	157069	307220	307208	1	307200	307208	0	614400	0	-8	307220	1	157085	869d56842fe6f01e5f866503968613d8e80bc75d8b60a2422f37b75c09bcd127
memory.Ani	57	0x006EDCB6	157085	157073	307220	307208	1	307200	307208	0	614400	0	-8	307220	1	156931	b21d9c7500d8a4b6385a47d50e12809bd9c8ffd09e18205d1583fd387f26fa11
memory.Ani	58	0x00714253	156931	156919	307220	307208	1	307200	307208	0	614400	0	-8	282	23	256	eb3faf322c377a009f2ca50a7c47c98012b766e897c2e9ddd915f39c15e6299e
memory.Ani	59	0x0073A756	256	244	282	270	23	86	270	0	431846	0	-8	352	28	296	761b19d3a04618b863a95b9d8e3b4979670971919a754e68dabaef6cfadc964c
memory.Ani	60	0x0073A856	296	284	352	340	28	116	340	0	433128	0	-8	307220	1	157025	3c2a3478d830345d8742ea209898aee4cf672200a0af208fc9811cd41963d7f8
memory.Ani	61	0x0073A97E	157025	157013	307220	307208	1	307200	307208	0	614400	0	-8	416	35	321	7f70738095b53673ee571150c9882325100e3705b3700448e7bdab31e24534f0
memory.Ani	62	0x00760EDF	321	309	416	404	35	124	404	0	434408	0	-8	282	23	256	f4a53fc7a16f7a7efe5a0b3c3146bc7db6533ea91a5ddcb2e234127cabd68ca8
memory.Ani	63	0x00761020	256	244	282	270	23	86	270	0	433126	0	-8	352	28	296	6276d9446b60f2249be09e068983eabb90b16b14262f3183f3bb1a0b0e76550e
memory.Ani	64	0x00761120	296	284	352	340	28	116	340	0	434408	0	-8	344	30	281	f7a6f0482434451b58bbc25f15ec00cb76b78eea9658d6bc9ac0a3f410307376
memory.Ani	65	0x00761248	281	269	344	332	30	92	332	0	433132	0	-8	416	35	321	58a048f2378558f7fadfd225d6187967b7f269fba9c1a95906968b2749d3dc8a
memory.Ani	66	0x00761361	321	309	416	404	35	124	404	0	434408	0	-8	282	23	256	f4a53fc7a16f7a7efe5a0b3c3146bc7db6533ea91a5ddcb2e234127cabd68ca8
memory.Ani	67	0x007614A2	256	244	282	270	23	86	270	0	433126	0	-8	352	28	296	6276d9446b60f2249be09e068983eabb90b16b14262f3183f3bb1a0b0e76550e
memory.Ani	68	0x007615A2	296	284	352	340	28	116	340	0	434408	0	-8	415	37	341	f7a6f0482434451b58bbc25f15ec00cb76b78eea9658d6bc9ac0a3f410307376
memory.Ani	69	0x007616CA	341	329	415	403	37	107	403	0	433132	0	-8	487	42	384	0791695edbcaac62569d610527ae981da987c4d0792bd892e1f475a8d6bc7f6b
memory.Ani	70	0x0076181F	384	372	487	475	42	139	475	0	434408	0	-8	282	23	256	4c0a1fde6b285ac53f5e2cc56a1e68a22b46ef305aaf410e8b326a419ddd106b
memory.Ani	71	0x0076199F	256	244	282	270	23	86	270	0	433126	0	-8	352	28	296	6276d9446b60f2249be09e068983eabb90b16b14262f3183f3bb1a0b0e76550e
memory.Ani	72	0x00761A9F	296	284	352	340	28	116	340	0	434408	0	-8	344	30	281	f7a6f0482434451b58bbc25f15ec00cb76b78eea9658d6bc9ac0a3f410307376
memory.Ani	73	0x00761BC7	281	269	344	332	30	92	332	0	433132	0	-8	1880	152	1381	58a048f2378558f7fadfd225d6187967b7f269fba9c1a95906968b2749d3dc8a
memory.Ani	74	0x00761CE0	1381	1369	1880	1868	152	652	1868	0	454902	0	-8	195	15	183	b0f3394bd52e41aa9d7c1d0a87b5ec54a386546e8ab6adc90a85c4b322ff7df1
memory.Ani	75	0x00762245	183	171	195	183	15	63	183	0	435680	0	-8	284	22	239	9dac05c7076d744f0a2ed69e4fdcf165ebe4f0c93bb420b613ac804197cc452d
memory.Ani	76	0x007622FC	239	227	284	272	22	96	272	0	434410	0	-8	270	23	231	161f8c02e29fc318f72efc9f6ad126d2eb9ff0a2e03c66fd7e398dc2954eb752
memory.Ani	77	0x007623EB	231	219	270	258	23	74	258	0	435686	0	-8	320	26	260	d328413625e5d8c9e244337506fd695dbcf1eb9302c6945f81c77941d09bc0b5
memory.Ani	78	0x007624D2	260	248	320	308	26	100	308	0	435686	0	-8	195	15	183	14e120bad559683168c95b683d0d0117a1fd7f507e36354824528657109ab619
memory.Ani	79	0x007625D6	183	171	195	183	15	63	183	0	435680	0	-8	284	22	239	9dac05c7076d744f0a2ed69e4fdcf165ebe4f0c93bb420b613ac804197cc452d
memory.Ani	80	0x0076268D	239	227	284	272	22	96	272	0	434410	0	-8	1456	123	1153	161f8c02e29fc318f72efc9f6ad126d2eb9ff0a2e03c66fd7e398dc2954eb752
memory.Ani	81	0x0076277C	1153	1141	1456	1444	123	460	1444	0	435686	0	-8	1577	133	1245	b559a6d45dc583b4b21d9f2c7daec90278bbea0686684719e2c9f648c943c494
memory.Ani	82	0x00762BFD	1245	1233	1577	1565	133	501	1565	0	435686	0	-8	1381	115	1110	47d16266680dc1c8bf6685bd8c454289df439e1233ffb74d79157ef8c99f36e1
memory.Ani	83	0x007630DA	1110	1098	1381	1369	115	449	1369	0	435680	0	-8	1470	122	1161	625c7bbd0baa1276d1ef95f85f4c1729ad28edb5c0518be4f1ed8869c39839f3
memory.Ani	84	0x00763530	1161	1149	1470	1458	122	482	1458	0	434470	0	-8	1456	123	1153	ea9402c064be62095efd95c66f70eebc2f2210937871f42fb149a26fc093e8c3
memory.Ani	85	0x007639B9	1153	1141	1456	1444	123	460	1444	0	435686	0	-8	2736	191	1966	b559a6d45dc583b4b21d9f2c7daec90278bbea0686684719e2c9f648c943c494
memory.Ani	86	0x00763E3A	1966	1954	2736	2724	191	1196	2724	0	454902	0	-8	1211	100	971	419a6659cec41b703dbeaf37c38415c826128d056545d51c4a167debcce9f447
memory.Ani	87	0x007645E8	971	959	1211	1199	100	399	1199	0	434470	0	-8	1862	139	1429	eabd13e1347a9eeb9b53539152d618a778e2f8878eacbf162f117b319e151bb5
memory.Ani	88	0x007649B3	1429	1417	1862	1850	139	738	1850	0	434470	0	-8	12	0	12	6be5455abdf45020b0b0369d309c96d80161081a13987fa9ee4f7fabc5b692b4
memory.Ani	89	0x00764F48	12	0	12	0	0	0	0	0	0	skipped_when_size_minus_12_is_zero	unsafe_12_byte_metadata_plus_stale_scratch_tail	12	0	12	e3b0c44298fc1c149afbf4c8996fb92427ae41e4649b934ca495991b7852b855
memory.Ani	90	0x00764F54	12	0	12	0	0	0	0	0	0	skipped_when_size_minus_12_is_zero	unsafe_12_byte_metadata_plus_stale_scratch_tail	83	7	84	e3b0c44298fc1c149afbf4c8996fb92427ae41e4649b934ca495991b7852b855
memory.Ani	91	0x00764F60	84	72	83	71	7	15	71	0	154226	0	-8	12	0	12	d08ce1b613ed276ba256ed94292720c17f9677ed4f21771c08701dffd90014cb
memory.Ani	92	0x00764FB4	12	0	12	0	0	0	0	0	0	skipped_when_size_minus_12_is_zero	unsafe_12_byte_metadata_plus_stale_scratch_tail	12	0	12	e3b0c44298fc1c149afbf4c8996fb92427ae41e4649b934ca495991b7852b855
memory.Ani	93	0x00764FC0	12	0	12	0	0	0	0	0	0	skipped_when_size_minus_12_is_zero	unsafe_12_byte_metadata_plus_stale_scratch_tail	1775	127	1245	e3b0c44298fc1c149afbf4c8996fb92427ae41e4649b934ca495991b7852b855
memory.Ani	94	0x00764FCC	1245	1233	1775	1763	127	747	1763	0	452340	0	-8	12	0	12	c59e8aafcdaf8627600c50bd9eb942c61e1e21c240131ebfd67b645093c9dfe2
memory.Ani	95	0x007654A9	12	0	12	0	0	0	0	0	0	skipped_when_size_minus_12_is_zero	unsafe_12_byte_metadata_plus_stale_scratch_tail	12	0	12	e3b0c44298fc1c149afbf4c8996fb92427ae41e4649b934ca495991b7852b855
memory.Ani	96	0x007654B5	12	0	12	0	0	0	0	0	0	skipped_when_size_minus_12_is_zero	unsafe_12_byte_metadata_plus_stale_scratch_tail	12	0	12	e3b0c44298fc1c149afbf4c8996fb92427ae41e4649b934ca495991b7852b855
memory.Ani	97	0x007654C1	12	0	12	0	0	0	0	0	0	skipped_when_size_minus_12_is_zero	unsafe_12_byte_metadata_plus_stale_scratch_tail	1305	104	960	e3b0c44298fc1c149afbf4c8996fb92427ae41e4649b934ca495991b7852b855
memory.Ani	98	0x007654CD	960	948	1305	1293	104	461	1293	0	443366	0	-8	1305	104	957	cf79c791c3c43f8d0a7908972b74bbb630a0616800f2bf164409f22819bbc9f0
memory.Ani	99	0x0076588D	957	945	1305	1293	104	461	1293	0	443366	0	-8	12	0	12	501b534fc8357d0f3d966667df738f45c20ea78ac79332001136b5f0d9c92ae0
memory.Ani	100	0x00765C4A	12	0	12	0	0	0	0	0	0	skipped_when_size_minus_12_is_zero	unsafe_12_byte_metadata_plus_stale_scratch_tail	12	0	12	e3b0c44298fc1c149afbf4c8996fb92427ae41e4649b934ca495991b7852b855
memory.Ani	101	0x00765C56	12	0	12	0	0	0	0	0	0	skipped_when_size_minus_12_is_zero	unsafe_12_byte_metadata_plus_stale_scratch_tail	12	0	12	e3b0c44298fc1c149afbf4c8996fb92427ae41e4649b934ca495991b7852b855
memory.Ani	102	0x00765C62	12	0	12	0	0	0	0	0	0	skipped_when_size_minus_12_is_zero	unsafe_12_byte_metadata_plus_stale_scratch_tail	1784	132	1210	e3b0c44298fc1c149afbf4c8996fb92427ae41e4649b934ca495991b7852b855
memory.Ani	103	0x00765C6E	1210	1198	1784	1772	132	716	1772	0	454898	0	-8	1806	155	1287	6ebb214f98c2f9687c95dc69357d9846887509cdbadc2a802dba96b6874334ba
memory.Ani	104	0x00766128	1287	1275	1806	1794	155	554	1794	0	454898	0	-8	1765	134	1288	8bd4449485da4b1e635f170332fb97bdfc3b5e762ad8c355986a610fab1d078c
memory.Ani	105	0x0076662F	1288	1276	1765	1753	134	681	1753	0	454896	0	-8	2050	126	1494	cff5bf83463a716926077f69513581b58e3ca10ffb5f21975776369445c724bb
memory.Ani	106	0x00766B37	1494	1482	2050	2038	126	1030	2038	0	456152	0	-8	2122	117	1538	3a084f8936030aee634f4c9dffb8465b17ae8ff1734e0bf4780d2c4f272b0170
memory.Ani	107	0x0076710D	1538	1526	2122	2110	117	1174	2110	0	456152	0	-8	2144	100	1486	fae5e9390027ee417f3080573572a70c66c78fe98d3fc54c71a617f533a08de9
memory.Ani	108	0x0076770F	1486	1474	2144	2132	100	1332	2132	0	454838	0	-8	2190	97	1506	12ab4782564dbbb796cb268aa04e8bdf2512ccc0de1b4636a6b66005e50bebbf
memory.Ani	109	0x00767CDD	1506	1494	2190	2178	97	1402	2178	0	443270	0	-8	2044	92	1450	79043034b9f107ce79899779c8fca8344625716cd7cf6b13b87d98b94c546335
memory.Ani	110	0x007682BF	1450	1438	2044	2032	92	1296	2032	0	426576	0	-8	2089	112	1520	b691e5059529a6252d24098d65f6ba66542b3ca2cf22f5a4d3d4db0adbaa6ce8
memory.Ani	111	0x00768869	1520	1508	2089	2077	112	1181	2077	0	418854	0	-8	1779	116	1287	b16611fddd3c064eb9c4b9067d5417b974268abf6fba5417a0ff3cf59888eb70
memory.Ani	112	0x00768E59	1287	1275	1779	1767	116	839	1767	0	418808	0	-8	1826	116	1339	7c1050ddfdc485d860319032c88f91f401afb5fe13223396e5ccb7ba23700e82
memory.Ani	113	0x00769360	1339	1327	1826	1814	116	886	1814	0	420072	0	-8	2004	119	1418	a016e958f14d9fc62ed3bc9e70e63ae279e5d54f6f4381d26b3209a431dbe7dd
memory.Ani	114	0x0076989B	1418	1406	2004	1992	119	1040	1992	0	422616	0	-8	1883	138	1325	431350055650351e9ca7154aaa94651ee5862a47ad064be249e6940a2881a22b
memory.Ani	115	0x00769E25	1325	1313	1883	1871	138	767	1871	0	423894	0	-8	12	0	12	0ee61ec987c8e81339e0fe70ab21083ea67eb45fd806e8da4b0a4149bab552f5
memory.Ani	116	0x0076A352	12	0	12	0	0	0	0	0	0	skipped_when_size_minus_12_is_zero	unsafe_12_byte_metadata_plus_stale_scratch_tail	2513	135	1919	e3b0c44298fc1c149afbf4c8996fb92427ae41e4649b934ca495991b7852b855
memory.Ani	117	0x0076A35E	1919	1907	2513	2501	135	1421	2501	0	452382	0	-8	83	7	84	307b6ae8e333ecfc8423a11ca087cceaa69dbc7cb537f857a72877ee72e22671
memory.Ani	118	0x0076AADD	84	72	83	71	7	15	71	0	154226	0	-8	12	0	12	d08ce1b613ed276ba256ed94292720c17f9677ed4f21771c08701dffd90014cb
memory.Ani	119	0x0076AB31	12	0	12	0	0	0	0	0	0	skipped_when_size_minus_12_is_zero	unsafe_12_byte_metadata_plus_stale_scratch_tail	12	0	12	e3b0c44298fc1c149afbf4c8996fb92427ae41e4649b934ca495991b7852b855
memory.Ani	120	0x0076AB3D	12	0	12	0	0	0	0	0	0	skipped_when_size_minus_12_is_zero	unsafe_12_byte_metadata_plus_stale_scratch_tail	730	45	589	e3b0c44298fc1c149afbf4c8996fb92427ae41e4649b934ca495991b7852b855
memory.Ani	121	0x0076AB49	589	577	730	718	45	358	718	0	423846	0	-8	12	0	12	0d8146216d832abc2389ca2144084baeef81f19ff917970ecb6174f59aea9720
memory.Ani	122	0x0076AD96	12	0	12	0	0	0	0	0	0	skipped_when_size_minus_12_is_zero	unsafe_12_byte_metadata_plus_stale_scratch_tail	12	0	12	e3b0c44298fc1c149afbf4c8996fb92427ae41e4649b934ca495991b7852b855
memory.Ani	123	0x0076ADA2	12	0	12	0	0	0	0	0	0	skipped_when_size_minus_12_is_zero	unsafe_12_byte_metadata_plus_stale_scratch_tail	163	16	116	e3b0c44298fc1c149afbf4c8996fb92427ae41e4649b934ca495991b7852b855
memory.Ani	124	0x0076ADAE	116	104	163	151	16	23	151	0	174998	0	-8	5697	375	4138	844eb33e8f34c4d2a23ed7e6efc2f08aa1b38345b363e9cde0e77e2187275e6f
memory.Ani	125	0x0076AE22	4138	4126	5697	5685	375	2685	5685	0	452380	0	-8	4421	305	3255	85905fe205127dfc94488cdedaca58416a95a392edb41f7e7867e72027873379
memory.Ani	126	0x0076BE4C	3255	3243	4421	4409	305	1969	4409	0	451094	0	-8	4886	252	3601	b378b40002b105d1bc9014789bf7e4d495b83ec7c5e5bc288e721ea13e69e651
memory.Ani	127	0x0076CB03	3601	3589	4886	4874	252	2858	4874	0	451090	0	-8	5358	228	4060	1b5c675f82b29bc689921b454b3ad8b4f1b5a67ecf6f718d6c7c9142cfd5f905
memory.Ani	128	0x0076D914	4060	4048	5358	5346	228	3522	5346	0	449794	0	-8	7288	317	5231	a74f5a031f870e97b774b9b0e6983bd502b9947f47f1f693744cb7cae9d10244
memory.Ani	129	0x0076E8F0	5231	5219	7288	7276	317	4740	7276	0	445930	0	-8	7552	309	5425	27f4adf979f7e85a5f5fd305230ddefc6aa8b519c82b173a2af6de42ba60671c
memory.Ani	130	0x0076FD5F	5425	5413	7552	7540	309	5068	7540	0	443342	0	-8	7048	302	5195	173ff7a96555e78c0d589db4463d980a4173f3ae884e25989be1e9b034ee73d1
memory.Ani	131	0x00771290	5195	5183	7048	7036	302	4620	7036	0	439472	0	-8	7036	325	4988	0aead3e89691cec481b51dfb379e5b96d8396178f07fa0c8cec0a4762efad24a
memory.Ani	132	0x007726DB	4988	4976	7036	7024	325	4424	7024	0	435602	0	-8	7117	338	5338	00c7be208f0aa75c4c2828677a953cd2d96085114406a973b4676a46b5241c34
memory.Ani	133	0x00773A57	5338	5326	7117	7105	338	4401	7105	0	433020	0	-8	7363	413	5393	48ce3249c8e1da7f5d3d524c7749dffe1814279c5f1cc9e0cdfbe8ee7c0a2d96
memory.Ani	134	0x00774F31	5393	5381	7363	7351	413	4047	7351	0	431724	0	-8	7028	413	5232	ab045292e7ac598c31cf823e60ed94cd99155f01fec5e98f8a62d371ab5e0d08
memory.Ani	135	0x00776442	5232	5220	7028	7016	413	3712	7016	0	431714	0	-8	3816	181	2787	aa461815c6fdbd1503e57aae5a2edb7d1a5cc434d5fc0e05d73d8b2a67013c1c
memory.Ani	136	0x007778B2	2787	2775	3816	3804	181	2356	3804	0	426462	0	-8	3910	190	2816	a19e81952b5548fe8dd76e14dc771a55a252a9c1fb078676257771aae037ebf0
memory.Ani	137	0x00778395	2816	2804	3910	3898	190	2378	3898	0	426462	0	-8	3924	178	2846	328b6a898fe7667aa119cf19ac8815c7cc9d7ad6c9c386b65d31a4c3449fcf94
memory.Ani	138	0x00778E95	2846	2834	3924	3912	178	2488	3912	0	425206	0	-8	4488	264	3340	f9bf2ba0d1ee1ff0189cae48201793c8e875049a9368a6b2b60605b2aa035def
memory.Ani	139	0x007799B3	3340	3328	4488	4476	264	2364	4476	0	423952	0	-8	3591	215	2655	cfc333b5c761ef6a4f39744ce743e465eac2a94e5dc58de80dcf87a86aa5962f
memory.Ani	140	0x0077A6BF	2655	2643	3591	3579	215	1859	3579	0	415022	0	-8	3947	226	2947	cb5b94963dce29330e4e592d51dab891556cdf69018ca3d281cce9d458bff658
memory.Ani	141	0x0077B11E	2947	2935	3947	3935	226	2127	3935	0	403496	0	-8	4445	319	3200	477b8e242f851ce3f86ff2aaff0ee672bb6626ddf3147e6c599072a50044c239
memory.Ani	142	0x0077BCA1	3200	3188	4445	4433	319	1881	4433	0	405998	0	-8	2263	125	1686	7f36332781d6876181b94cc654f5d31ad0b6a54a9d344ebc60562bacb744f469
memory.Ani	143	0x0077C921	1686	1674	2263	2251	125	1251	2251	0	411086	0	-8	1649	84	1115	1bb69e7edae673351822d9f49919593405b77f95a10fc1c86b8454af1a218f2b
memory.Ani	144	0x0077CFB7	1115	1103	1649	1637	84	965	1637	0	426462	0	-8	1835	97	1283	de4f529991ef76ecae1cf3776ae998fb3c1d02d00a0d66c20949b1245cb25c34
memory.Ani	145	0x0077D412	1283	1271	1835	1823	97	1047	1823	0	426462	0	-8	1994	81	1348	8ecf86de9568886fba898abb6aaf57568bd320eb2524f3f67d8f394782da1cf6
memory.Ani	146	0x0077D915	1348	1336	1994	1982	81	1334	1982	0	425206	0	-8	1623	96	1251	369c541eef22232ecb9a2c42466210b1f9f8853006b1696c1569ad2e3629e936
memory.Ani	147	0x0077DE59	1251	1239	1623	1611	96	843	1611	0	423952	0	-8	1469	81	1015	a9ac6b17616197be6ec45931e6adc0054c8a5bd7f53ceab1d299313637776098
memory.Ani	148	0x0077E33C	1015	1003	1469	1457	81	809	1457	0	415022	0	-8	1837	85	1327	82fb1113355b3d712f4161b0078dc6f8accd693d4325392005b8a78da8742835
memory.Ani	149	0x0077E733	1327	1315	1837	1825	85	1145	1825	0	403496	0	-8	2094	114	1520	aff081c2782968e9ec5a22909be4b646fe05f14e44651c13893876d59ce8cd1c
memory.Ani	150	0x0077EC62	1520	1508	2094	2082	114	1170	2082	0	405998	0	-8	3225	180	2577	cdea4479408112d282d517a056930e30d65e8fe6a316bf99c7268f9626c68447
memory.Ani	151	0x0077F252	2577	2565	3225	3213	180	1773	3213	0	411086	0	-8	5645	428	3911	1563fba533c3cc9c0e0089bcc8894613afaf8e3527e67c5a165685c2c021dde8
memory.Ani	152	0x0077FC63	3911	3899	5645	5633	428	2209	5633	0	426462	0	-8	6015	414	4296	a1a9c0d15121ff6e2a943e8a237a69003bc6c15dcc22e8b56e10e1b6bd3915b0
memory.Ani	153	0x00780BAA	4296	4284	6015	6003	414	2691	6003	0	426490	0	-8	2753	255	1906	fc8502c00bfb2b39db7ec87610202273dca85e11e991ccd7f423307214854832
memory.Ani	154	0x00781C72	1906	1894	2753	2741	255	701	2741	0	182478	0	-8	2939	208	2250	b706ac894b18ac73b00c5445424d5fa048c2e7aed8e2796f286d0eb99842461b
memory.Ani	155	0x007823E4	2250	2238	2939	2927	208	1263	2927	0	403540	0	-8	3973	275	2918	910877fff7b1a76931c70582969cb904a9a6593f6b969840ebd9c5b726def1ca
memory.Ani	156	0x00782CAE	2918	2906	3973	3961	275	1761	3961	0	427760	0	-8	12	0	12	3ba7c76e7a7731d520755dc403a3cba1d334e6227798d15e5e2f9e59b1ddb668
memory.Ani	157	0x00783814	12	0	12	0	0	0	0	0	0	skipped_when_size_minus_12_is_zero	unsafe_12_byte_metadata_plus_stale_scratch_tail	12	0	12	e3b0c44298fc1c149afbf4c8996fb92427ae41e4649b934ca495991b7852b855
memory.Ani	158	0x00783820	12	0	12	0	0	0	0	0	0	skipped_when_size_minus_12_is_zero	unsafe_12_byte_metadata_plus_stale_scratch_tail	2756	155	2081	e3b0c44298fc1c149afbf4c8996fb92427ae41e4649b934ca495991b7852b855
memory.Ani	159	0x0078382C	2081	2069	2756	2744	155	1504	2744	0	431714	0	-8	49	3	53	5469354101230c4c1f7af7dbcd0a993920faeaf022ad5db044f2bd6db45b1639
memory.Ani	160	0x0078404D	53	41	49	37	3	13	37	0	142774	0	-8	55	4	59	85ec6f2aa475d963e815700ed3c75bfba675a386338c482ddcff7619b867bbf5
memory.Ani	161	0x00784082	59	47	55	43	4	11	43	0	153004	0	-8	55	4	59	1250c63c745e7be2af7481761d3f000f062eb991162c3e033124eae3b8de7fc3
memory.Ani	162	0x007840BD	59	47	55	43	4	11	43	0	153004	0	-8	1930	141	1547	7d85c00b8ec206d87ae8325ba3bb1f30c85f7c4624475dd6ab1efc0954d86499
memory.Ani	163	0x007840F8	1547	1535	1930	1918	141	790	1918	0	403440	0	-8	1437	108	1103	4ad729d083d846b1e3c6559ef1d194bb1865c87b6e9c15652e70a176075bd78c
memory.Ani	164	0x00784703	1103	1091	1437	1425	108	561	1425	0	175966	0	-8	12	0	12	4992497a0d3583db6bfe75abda31adce6d7e3fd3d25a55c4d8d444d5806e32fc
memory.Ani	165	0x00784B52	12	0	12	0	0	0	0	0	0	skipped_when_size_minus_12_is_zero	unsafe_12_byte_metadata_plus_stale_scratch_tail	55	4	59	e3b0c44298fc1c149afbf4c8996fb92427ae41e4649b934ca495991b7852b855
memory.Ani	166	0x00784B5E	59	47	55	43	4	11	43	0	153004	0	-8	55	4	59	1250c63c745e7be2af7481761d3f000f062eb991162c3e033124eae3b8de7fc3
memory.Ani	167	0x00784B99	59	47	55	43	4	11	43	0	153004	0	-8	12	0	12	7d85c00b8ec206d87ae8325ba3bb1f30c85f7c4624475dd6ab1efc0954d86499
memory.Ani	168	0x00784BD4	12	0	12	0	0	0	0	0	0	skipped_when_size_minus_12_is_zero	unsafe_12_byte_metadata_plus_stale_scratch_tail	12	0	12	e3b0c44298fc1c149afbf4c8996fb92427ae41e4649b934ca495991b7852b855
memory.Ani	169	0x00784BE0	12	0	12	0	0	0	0	0	0	skipped_when_size_minus_12_is_zero	unsafe_12_byte_metadata_plus_stale_scratch_tail	12	0	12	e3b0c44298fc1c149afbf4c8996fb92427ae41e4649b934ca495991b7852b855
memory.Ani	170	0x00784BEC	12	0	12	0	0	0	0	0	0	skipped_when_size_minus_12_is_zero	unsafe_12_byte_metadata_plus_stale_scratch_tail	12	0	12	e3b0c44298fc1c149afbf4c8996fb92427ae41e4649b934ca495991b7852b855
memory.Ani	171	0x00784BF8	12	0	12	0	0	0	0	0	0	skipped_when_size_minus_12_is_zero	unsafe_12_byte_metadata_plus_stale_scratch_tail	12	0	12	e3b0c44298fc1c149afbf4c8996fb92427ae41e4649b934ca495991b7852b855
memory.Ani	172	0x00784C04	12	0	12	0	0	0	0	0	0	skipped_when_size_minus_12_is_zero	unsafe_12_byte_metadata_plus_stale_scratch_tail	298	25	206	e3b0c44298fc1c149afbf4c8996fb92427ae41e4649b934ca495991b7852b855
memory.Ani	173	0x00784C10	206	194	298	286	25	86	286	0	387266	0	-8	2325	170	1580	544bb4a5ec9df7d44d051df2dfd737f9a9b56be90d822274287ac951e97ee7ba
memory.Ani	174	0x00784CDE	1580	1568	2325	2313	170	953	2313	0	427768	0	-8	2911	203	2003	f0d06fff8834803dbd70aabd1801a4e95ad4b74d5eeb834f2904dbd48c8b1a3c
memory.Ani	175	0x0078530A	2003	1991	2911	2899	203	1275	2899	0	429064	0	-8	3505	217	2422	df483bc96daa2bc5fa34da2b2f043a406732266d55d0e62df8c5124228c86ba5
memory.Ani	176	0x00785ADD	2422	2410	3505	3493	217	1757	3493	0	430360	0	-8	4025	243	2813	23343cdc95fe5a5c8469ea1db95f9bbbde1d60431717f3090bbc84cd7bb9302b
memory.Ani	177	0x00786453	2813	2801	4025	4013	243	2069	4013	0	432938	0	-8	4159	235	2902	92db0ae656afdc80beb2aa0300ac8d179d23d33139a4e53529fd134cd1052a9b
memory.Ani	178	0x00786F50	2902	2890	4159	4147	235	2267	4147	0	432938	0	-8	3604	222	2536	3b403f19c17c6bc46edb80d9d61585cf8aca58d1134ee02d70d3a8c5bf8aabc9
memory.Ani	179	0x00787AA6	2536	2524	3604	3592	222	1816	3592	0	419254	0	-8	4464	243	3143	892da4f5af349ffd9d0ae27057870ee78604c591c05eead1435593c5029b7a9f
memory.Ani	180	0x0078848E	3143	3131	4464	4452	243	2508	4452	0	421802	0	-8	4683	267	3249	fe54297698cbf2db28fc3d72afa35e0d613fd06b901de9d7900f37585ccef572
memory.Ani	181	0x007890D5	3249	3237	4683	4671	267	2535	4671	0	424352	0	-8	4752	281	3372	9ec0af66b780d0a9e341a75035bd4993c9d1cb9c521f26a8e3095cc27739d95b
memory.Ani	182	0x00789D86	3372	3360	4752	4740	281	2492	4740	0	426902	0	-8	4404	263	3095	f486e9c941fd6f6a28e5f076e41d9f6da807de2e1cd841c7c80391276f6be601
memory.Ani	183	0x0078AAB2	3095	3083	4404	4392	263	2288	4392	0	429452	0	-8	4221	220	2879	8537bc641646c41495e92ca75ae63f3062eb9d91b15f363959e5e223ca161207
memory.Ani	184	0x0078B6C9	2879	2867	4221	4209	220	2449	4209	0	433280	0	-8	4070	225	2963	b624ea3584609cac768a3aa49fcc4e4d0cd0a61ac73a136cb5636319cbb2858e
memory.Ani	185	0x0078C208	2963	2951	4070	4058	225	2258	4058	0	435830	0	-8	4288	252	3140	0cb7be3ead05fbde26dc9f04ef927a3815e3cef11dfe6cdb8cdced7957948df7
memory.Ani	186	0x0078CD9B	3140	3128	4288	4276	252	2260	4276	0	438380	0	-8	4282	247	3131	3f88c334097c549ac88af3c7efb05adc33463b9833dda8cba692c76961d44c2d
memory.Ani	187	0x0078D9DF	3131	3119	4282	4270	247	2294	4270	0	440930	0	-8	4552	269	3306	93b944dc32fbd0f7cf5e941f85873a11460c6f5e96d1459d0717f800b7a66bc6
memory.Ani	188	0x0078E61A	3306	3294	4552	4540	269	2388	4540	0	443482	0	-8	4676	286	3390	994f9d96de1af69e9a2d25d03b5c7222b1e1deb6f2214ce0f1300e2ac9da6f5b
memory.Ani	189	0x0078F304	3390	3378	4676	4664	286	2376	4664	0	444754	0	-8	6249	413	4656	274b7df62eced809bfe9cf3d0a8d6a4561c128c26aa91916d25da9e8c4bfdc45
memory.Ani	190	0x00790042	4656	4644	6249	6237	413	2933	6237	0	447306	0	-8	5721	384	4235	9dcaf136f7c89717f5ae9adcbff35d2dad19eab2be04a78c50a8d63c5fbb9f17
memory.Ani	191	0x00791272	4235	4223	5721	5709	384	2637	5709	0	448580	0	-8	4374	307	3155	f0beaba64fec11c5048644d93d8357f76beb7142596d0271f5a5350b87646fac
memory.Ani	192	0x007922FD	3155	3143	4374	4362	307	1906	4362	0	449856	0	-8	4099	275	2995	a44390963006b59f7879ce575a27c37c185462e0b057e67f74b0fb3298e4fd06
memory.Ani	193	0x00792F50	2995	2983	4099	4087	275	1887	4087	0	451132	0	-8	4494	368	3188	624840affc71cf0f719c0e468ca01a5971ce5d5c7461ff8268933b12c8a56042
memory.Ani	194	0x00793B03	3188	3176	4494	4482	368	1538	4482	0	451132	0	-8	4894	420	3422	46e2d9d452413693e0a63789ddac8388773b8e5a42bd6b2247d07936fa7c6da1
memory.Ani	195	0x00794777	3422	3410	4894	4882	420	1522	4882	0	452408	0	-8	5248	485	3497	a70124e876a81f21bfa078133e907dec8c1a740ec7381037c2676276f79261fe
memory.Ani	196	0x007954D5	3497	3485	5248	5236	485	1356	5236	0	452408	0	-8	263	22	235	cef802db27b1a31d37ae3ec35e53f8ebefe66f59f677d9c01edc659587755d44
memory.Ani	197	0x0079627E	235	223	263	251	22	75	251	0	412448	0	-8	313	25	253	632b1b0f44e8f4611fab1c84b02d0948ee308e3287ad451b80e41e10ff0f3a4e
memory.Ani	198	0x00796369	253	241	313	301	25	101	301	0	412448	0	-8	195	15	185	53ae1b7ff31a38d05dc506caf250ff59e6febd723fe8722f70642b3859bf1433
memory.Ani	199	0x00796466	185	173	195	183	15	63	183	0	412442	0	-8	284	22	251	e18818a39c2b151e7acc948f948d6c74f58262ec5a86a3c0acd0b179a9bc0a34
memory.Ani	200	0x0079651F	251	239	284	272	22	96	272	0	411172	0	-8	263	22	235	688fed22b2749663a8034e88e962d2468598ebd68ebec884022460ff71b6af6b
memory.Ani	201	0x0079661A	235	223	263	251	22	75	251	0	412448	0	-8	313	25	253	632b1b0f44e8f4611fab1c84b02d0948ee308e3287ad451b80e41e10ff0f3a4e
memory.Ani	202	0x00796705	253	241	313	301	25	101	301	0	412448	0	-8	1776	136	1330	53ae1b7ff31a38d05dc506caf250ff59e6febd723fe8722f70642b3859bf1433
memory.Ani	203	0x00796802	1330	1318	1776	1764	136	676	1764	0	412442	0	-8	284	22	251	6ef254ddbfb8bc757375626051d32456d35e0e98e8d46a2d2964608fb2f9eab3
memory.Ani	204	0x00796D34	251	239	284	272	22	96	272	0	411172	0	-8	263	22	235	688fed22b2749663a8034e88e962d2468598ebd68ebec884022460ff71b6af6b
memory.Ani	205	0x00796E2F	235	223	263	251	22	75	251	0	412448	0	-8	12	0	12	632b1b0f44e8f4611fab1c84b02d0948ee308e3287ad451b80e41e10ff0f3a4e
memory.Ani	206	0x00796F1A	12	0	12	0	0	0	0	0	0	skipped_when_size_minus_12_is_zero	unsafe_12_byte_metadata_plus_stale_scratch_tail	12	0	12	e3b0c44298fc1c149afbf4c8996fb92427ae41e4649b934ca495991b7852b855
memory.Ani	207	0x00796F26	12	0	12	0	0	0	0	0	0	skipped_when_size_minus_12_is_zero	unsafe_12_byte_metadata_plus_stale_scratch_tail	12	0	12	e3b0c44298fc1c149afbf4c8996fb92427ae41e4649b934ca495991b7852b855
memory.Ani	208	0x00796F32	12	0	12	0	0	0	0	0	0	skipped_when_size_minus_12_is_zero	unsafe_12_byte_metadata_plus_stale_scratch_tail	1699	85	1161	e3b0c44298fc1c149afbf4c8996fb92427ae41e4649b934ca495991b7852b855
memory.Ani	209	0x00796F3E	1161	1149	1699	1687	85	1007	1687	0	434258	0	-8	81	6	74	bbb2a8610cfd89fcaa0fdd24613bd666c0c38886b824e4bb8c7999dc1d719ead
memory.Ani	210	0x007973C7	74	62	81	69	6	21	69	0	381988	0	-8	58	4	56	3cdbba26c7d95112a461cd9df7342ad11dda95cd8d11b404721b9e90aebc3808
memory.Ani	211	0x00797411	56	44	58	46	4	14	46	0	381988	0	-8	39	2	42	85b55e4dccf42a5d056603be2ed461eaf6640e1a6eb073206f1436538adde63d
memory.Ani	212	0x00797449	42	30	39	27	2	11	27	0	380708	0	-8	12	0	12	07d722da140725a5b88b25cbc64d33112e61aefa9103f1820166741590b28415
memory.Ani	213	0x00797473	12	0	12	0	0	0	0	0	0	skipped_when_size_minus_12_is_zero	unsafe_12_byte_metadata_plus_stale_scratch_tail	12	0	12	e3b0c44298fc1c149afbf4c8996fb92427ae41e4649b934ca495991b7852b855
memory.Ani	214	0x0079747F	12	0	12	0	0	0	0	0	0	skipped_when_size_minus_12_is_zero	unsafe_12_byte_metadata_plus_stale_scratch_tail	1324	107	971	e3b0c44298fc1c149afbf4c8996fb92427ae41e4649b934ca495991b7852b855
memory.Ani	215	0x0079748B	971	959	1324	1312	107	456	1312	0	422712	0	-8	1414	116	1029	887f33a55b46c78aeb5292caa7a944ce231e16b960840c8d62787bc3c2ca76a5
memory.Ani	216	0x00797856	1029	1017	1414	1402	116	474	1402	0	422712	0	-8	1360	110	1004	64656f3bffb1d510504b537f7c833b4fb3416d7bb61790ee9d85a7120a62e124
memory.Ani	217	0x00797C5B	1004	992	1360	1348	110	468	1348	0	422712	0	-8	1324	107	963	21957d583e84cb6068d4f7407b4dee56d97223d5dbccad90018926afd84e7467
memory.Ani	218	0x00798047	963	951	1324	1312	107	456	1312	0	422712	0	-8	1861	151	1312	8b3c815cae52ed987f6d2a1f8640a5ac43e7f3e45066a62baa43d83e23a7c0a7
memory.Ani	219	0x0079840A	1312	1300	1861	1849	151	641	1849	0	435528	0	-8	1776	140	1280	396550123d1b141f8071f0aec6d3962873bffd3d013b0e659a4b85806863a3fd
memory.Ani	220	0x0079892A	1280	1268	1776	1764	140	644	1764	0	435532	0	-8	1960	121	1371	8d3678ef2c7e88ca0b5e42d2cd392d80f10399ee5455e98d5a7d85aa5506ae48
memory.Ani	221	0x00798E2A	1371	1359	1960	1948	121	980	1948	0	436828	0	-8	2093	115	1466	3ab19b75836c886c791469a94c8fc1d8dbaa4d3acc4d2abd0eaf328fb4a840b1
memory.Ani	222	0x00799385	1466	1454	2093	2081	115	1161	2081	0	440692	0	-8	3340	203	2510	262ef247bf959a0e4ce1184bb3de3f909f1656344446de257b8b2345cad05f7e
memory.Ani	223	0x0079993F	2510	2498	3340	3328	203	1704	3328	0	443280	0	-8	3433	209	2450	edd36c8c0ec9000b295c4ca322a99e6f819d598f943795f26f74d9d0337e35a3
memory.Ani	224	0x0079A30D	2450	2438	3433	3421	209	1749	3421	0	447150	0	-8	2138	108	1505	c20834c037c2480dd4c03b363cee06e5174a01d805276cf3f398a1ddefc55b79
memory.Ani	225	0x0079AC9F	1505	1493	2138	2126	108	1262	2126	0	451020	0	-8	2212	129	1574	eb7ae53535bba95705d0f5fcdc355fa91ea63918d53f8f00e25dabc54e97b417
memory.Ani	226	0x0079B280	1574	1562	2212	2200	129	1168	2200	0	453602	0	-8	1965	129	1430	42f282140d79896b19a7c6f58cda41a6d8ce82612d78912b9eb202c480132beb
memory.Ani	227	0x0079B8A6	1430	1418	1965	1953	129	921	1953	0	454898	0	-8	1861	145	1342	1c72b0592e6a6ef834b2897e7177b6fdd97d45dda5c6852e21c28735795a6584
memory.Ani	228	0x0079BE3C	1342	1330	1861	1849	145	689	1849	0	456184	0	-8	4371	237	3226	2e53b66701c4eabb04f18fa42baa819bdda6227dd4ff80c9d265fc963eeedc98
memory.Ani	229	0x0079C37A	3226	3214	4371	4359	237	2463	4359	0	456184	0	-8	195	15	178	e4d48bcf29d578f247b14c5dbb5ea14aa8f3152f7674127c9715ff18b388494b
memory.Ani	230	0x0079D014	178	166	195	183	15	63	183	0	433136	0	-8	3328	234	2429	c891abf1ed9ce31933c261ad05a9c920081ea15336a365f733addae5f00f5fc8
memory.Ani	231	0x0079D0C6	2429	2417	3328	3316	234	1444	3316	0	432992	0	-8	270	23	235	f284f681b34f4627a2665f7eafbbad0e3a1d8a72379b0c03651efb13bd1908d3
memory.Ani	232	0x0079DA43	235	223	270	258	23	74	258	0	433142	0	-8	397	33	321	858d2d2e901d31264f39474f0288b412bdf6006e479ee9a7971abd263c378676
memory.Ani	233	0x0079DB2E	321	309	397	385	33	121	385	0	433142	0	-8	265	21	241	ab70d822321937ed30b9289aeb7ab2f3600f018aa8e34632acad9a1e228eecd8
memory.Ani	234	0x0079DC6F	241	229	265	253	21	85	253	0	433136	0	-8	291	23	246	dfd18637d465b11db04827d26e7482caed2decf13d8f319dae496a0fac0fa7c8
memory.Ani	235	0x0079DD60	246	234	291	279	23	95	279	0	431866	0	-8	340	29	287	a47fa599df7826b0aaf960930ef12cbb329449f14482efa06df9b376a6102a92
memory.Ani	236	0x0079DE56	287	275	340	328	29	96	328	0	433142	0	-8	397	33	328	6e7549a6cb6fa86721fe3a3d2af5d1024c3af0be0d05e9bbb26b67ca720ae3db
memory.Ani	237	0x0079DF75	328	316	397	385	33	121	385	0	433142	0	-8	326	25	287	adb223729f82df3e824c956881592c5a9dac0f5d726300c997f36e7f721187eb
memory.Ani	238	0x0079E0BD	287	275	326	314	25	114	314	0	433136	0	-8	291	23	246	844ccae64f2822f8964da4785cd9726c4473f0c39aea1864202312e38ffd4175
memory.Ani	239	0x0079E1DC	246	234	291	279	23	95	279	0	431866	0	-8	3264	223	2426	a47fa599df7826b0aaf960930ef12cbb329449f14482efa06df9b376a6102a92
memory.Ani	240	0x0079E2D2	2426	2414	3264	3252	223	1468	3252	0	433142	0	-8	4140	390	2782	3658d3b98cee4f57228a11172f0877778c239a8cf053c7ac5784f4dba57b7f88
memory.Ani	241	0x0079EC4C	2782	2770	4140	4128	390	1008	4128	0	433142	0	-8	3467	215	2595	6c712cbfb5a6d36b38163f5e4f5d9cbcd69ca71dcbc306bceeb06d169f1982be
memory.Ani	242	0x0079F72A	2595	2583	3467	3455	215	1735	3455	0	433136	0	-8	3493	193	2625	66dc8a1c22b9207dd077b7862061759c9cdd830032499016d7095826256971cb
memory.Ani	243	0x007A014D	2625	2613	3493	3481	193	1937	3481	0	434302	0	-8	3507	187	2654	c426a0061794e70e91ab209fdc2d55f59a4526f34740519276e3ea1561819e83
memory.Ani	244	0x007A0B8E	2654	2642	3507	3495	187	1999	3495	0	435600	0	-8	3357	158	2538	e9644d401f033bf83d40cc8a450415f653e49dbd9ba8500b0ae1977d231a9b46
memory.Ani	245	0x007A15EC	2538	2526	3357	3345	158	2081	3345	0	436902	0	-8	6731	366	4904	85266e06348c745f024f74b8f8578ff9977ba40d819b177d63f47ee65725e1f5
memory.Ani	246	0x007A1FD6	4904	4892	6731	6719	366	3791	6719	0	466440	0	-8	8248	444	5693	1976c83cea2e7eecc2f58ec06a8c62b3ee718ad850fb52bb2ad211be088858d8
memory.Ani	247	0x007A32FE	5693	5681	8248	8236	444	4684	8236	0	466440	0	-8	7252	483	5204	684d8d45e037a77b2fde00b9f9cf0707a2ceb1e60d3cab7d647a9b5964e643c6
memory.Ani	248	0x007A493B	5204	5192	7252	7240	483	3376	7240	0	452404	0	-8	3410	195	2649	22e412dc7a2cc665f974d545d01ec4fa1ed2fbcf529eb7e39651f77605e10e44
memory.Ani	249	0x007A5D8F	2649	2637	3410	3398	195	1838	3398	0	443372	0	-8	5062	380	3623	73c55ac975ecb585a4d4269cc0c29f2f88ed7f5f94535a60d83400047f74e78e
memory.Ani	250	0x007A67E8	3623	3611	5062	5050	380	2010	5050	0	452398	0	-8	4177	369	2858	f0e15fee344824ba2d3a9bca088f9829b61f4102e807daa9628b863fd3064b41
memory.Ani	251	0x007A760F	2858	2846	4177	4165	369	1213	4165	0	452400	0	-8	4232	375	2899	c24e6ec189f0b6beea7ed62513be1e41d0c5747a1741e919b98493d1fe2f2aa1
memory.Ani	252	0x007A8139	2899	2887	4232	4220	375	1220	4220	0	453682	0	-8	12	0	12	fbf43b34ba042f9c5dac42b5a2f28c953726bfa8e5f9e48b4d98b5a0d01d560d
memory.Ani	253	0x007A8C8C	12	0	12	0	0	0	0	0	0	skipped_when_size_minus_12_is_zero	unsafe_12_byte_metadata_plus_stale_scratch_tail	1887	133	1367	e3b0c44298fc1c149afbf4c8996fb92427ae41e4649b934ca495991b7852b855
memory.Ani	254	0x007A8C98	1367	1355	1887	1875	133	811	1875	0	462596	0	-8	12	0	12	1828fe82ef0198e06ada7d0a07fe6bf07020dc573e1f634d8dbea84b736e010f
memory.Ani	255	0x007A91EF	12	0	12	0	0	0	0	0	0	skipped_when_size_minus_12_is_zero	unsafe_12_byte_metadata_plus_stale_scratch_tail	83	7	84	e3b0c44298fc1c149afbf4c8996fb92427ae41e4649b934ca495991b7852b855
memory.Ani	256	0x007A91FB	84	72	83	71	7	15	71	0	154226	0	-8	83	7	84	d08ce1b613ed276ba256ed94292720c17f9677ed4f21771c08701dffd90014cb
memory.Ani	257	0x007A924F	84	72	83	71	7	15	71	0	154226	0	-8	1421	106	1156	b83df95fb3a28e9b9c96d9602bba8f57bec8ee619ac554c61963adf141ec8edd
memory.Ani	258	0x007A92A3	1156	1144	1421	1409	106	561	1409	0	175966	0	-8	1359	99	1060	95b2ed4cc06dadf8e44d6d4d3859fdcf792791fb52204a12608673473743b105
memory.Ani	259	0x007A9727	1060	1048	1359	1347	99	555	1347	0	161892	0	-8	12	0	12	16c8d3238c5b08a1d06c47addfc661081ffdea792f885df5bfbe60d97d0ff6dc
memory.Ani	260	0x007A9B4B	12	0	12	0	0	0	0	0	0	skipped_when_size_minus_12_is_zero	unsafe_12_byte_metadata_plus_stale_scratch_tail	12	0	12	e3b0c44298fc1c149afbf4c8996fb92427ae41e4649b934ca495991b7852b855
memory.Ani	261	0x007A9B57	12	0	12	0	0	0	0	0	0	skipped_when_size_minus_12_is_zero	unsafe_12_byte_metadata_plus_stale_scratch_tail	12	0	12	e3b0c44298fc1c149afbf4c8996fb92427ae41e4649b934ca495991b7852b855
memory.Ani	262	0x007A9B63	12	0	12	0	0	0	0	0	0	skipped_when_size_minus_12_is_zero	unsafe_12_byte_metadata_plus_stale_scratch_tail	12	0	12	e3b0c44298fc1c149afbf4c8996fb92427ae41e4649b934ca495991b7852b855
memory.Ani	263	0x007A9B6F	12	0	12	0	0	0	0	0	0	skipped_when_size_minus_12_is_zero	unsafe_12_byte_metadata_plus_stale_scratch_tail	2155	151	1626	e3b0c44298fc1c149afbf4c8996fb92427ae41e4649b934ca495991b7852b855
memory.Ani	264	0x007A9B7B	1626	1614	2155	2143	151	935	2143	0	182400	0	-8	2082	144	1523	954a2fdc7e7e6d92dbfb21eb2ee9a2ae43811dc3a6b864b84c7f5892827bd1b8
memory.Ani	265	0x007AA1D5	1523	1511	2082	2070	144	918	2070	0	182400	0	-8	70	6	65	d39e7afc9ff9eaa04c26b9037fb6f895146d84e6357f97000286d4ba96c10e76
memory.Ani	266	0x007AA7C8	65	53	70	58	6	10	58	0	179862	0	-8	12	0	12	2d7eab556a513743b29e91741c30099b6ec4d662b18a129b51cc595a5551149e
memory.Ani	267	0x007AA809	12	0	12	0	0	0	0	0	0	skipped_when_size_minus_12_is_zero	unsafe_12_byte_metadata_plus_stale_scratch_tail	12	0	12	e3b0c44298fc1c149afbf4c8996fb92427ae41e4649b934ca495991b7852b855
memory.Ani	268	0x007AA815	12	0	12	0	0	0	0	0	0	skipped_when_size_minus_12_is_zero	unsafe_12_byte_metadata_plus_stale_scratch_tail	12	0	12	e3b0c44298fc1c149afbf4c8996fb92427ae41e4649b934ca495991b7852b855
memory.Ani	269	0x007AA821	12	0	12	0	0	0	0	0	0	skipped_when_size_minus_12_is_zero	unsafe_12_byte_metadata_plus_stale_scratch_tail	563	40	459	e3b0c44298fc1c149afbf4c8996fb92427ae41e4649b934ca495991b7852b855
memory.Ani	270	0x007AA82D	459	447	563	551	40	231	551	0	438286	0	-8	12	0	12	0baf1bce476fb39d3628931946ef169c575ed3cc778717a0a8771dec0c44417a
memory.Ani	271	0x007AA9F8	12	0	12	0	0	0	0	0	0	skipped_when_size_minus_12_is_zero	unsafe_12_byte_metadata_plus_stale_scratch_tail	12	0	12	e3b0c44298fc1c149afbf4c8996fb92427ae41e4649b934ca495991b7852b855
memory.Ani	272	0x007AAA04	12	0	12	0	0	0	0	0	0	skipped_when_size_minus_12_is_zero	unsafe_12_byte_metadata_plus_stale_scratch_tail	12	0	12	e3b0c44298fc1c149afbf4c8996fb92427ae41e4649b934ca495991b7852b855
memory.Ani	273	0x007AAA10	12	0	12	0	0	0	0	0	0	skipped_when_size_minus_12_is_zero	unsafe_12_byte_metadata_plus_stale_scratch_tail	12	0	12	e3b0c44298fc1c149afbf4c8996fb92427ae41e4649b934ca495991b7852b855
memory.Ani	274	0x007AAA1C	12	0	12	0	0	0	0	0	0	skipped_when_size_minus_12_is_zero	unsafe_12_byte_metadata_plus_stale_scratch_tail	12	0	12	e3b0c44298fc1c149afbf4c8996fb92427ae41e4649b934ca495991b7852b855
memory.Ani	275	0x007AAA28	12	0	12	0	0	0	0	0	0	skipped_when_size_minus_12_is_zero	unsafe_12_byte_metadata_plus_stale_scratch_tail	12	0	12	e3b0c44298fc1c149afbf4c8996fb92427ae41e4649b934ca495991b7852b855
memory.Ani	276	0x007AAA34	12	0	12	0	0	0	0	0	0	skipped_when_size_minus_12_is_zero	unsafe_12_byte_metadata_plus_stale_scratch_tail	36	2	40	e3b0c44298fc1c149afbf4c8996fb92427ae41e4649b934ca495991b7852b855
memory.Ani	277	0x007AAA40	40	28	36	24	2	8	24	0	142772	0	-8	79	6	81	1e09eb85bfc51123dca1ae37d371cf56ff889a1f4106c03ed8f9e6da552a7fcb
memory.Ani	278	0x007AAA68	81	69	79	67	6	19	67	0	153004	0	-8	55	4	59	913a4f558e4044579ac08f7e7fc4e7bde4448b4799c46f4ad2fd077527cc34e5
memory.Ani	279	0x007AAAB9	59	47	55	43	4	11	43	0	153004	0	-8	12	0	12	7d85c00b8ec206d87ae8325ba3bb1f30c85f7c4624475dd6ab1efc0954d86499
memory.Ani	280	0x007AAAF4	12	0	12	0	0	0	0	0	0	skipped_when_size_minus_12_is_zero	unsafe_12_byte_metadata_plus_stale_scratch_tail	3267	255	2295	e3b0c44298fc1c149afbf4c8996fb92427ae41e4649b934ca495991b7852b855
memory.Ani	281	0x007AAB00	2295	2283	3267	3255	255	1215	3255	0	462622	0	-8	12	0	12	8faceeeedd804508a8cab1aa60f3983e98db005fe0179190fbb797b4bfbc831b
memory.Ani	282	0x007AB3F7	12	0	12	0	0	0	0	0	0	skipped_when_size_minus_12_is_zero	unsafe_12_byte_metadata_plus_stale_scratch_tail	12	0	12	e3b0c44298fc1c149afbf4c8996fb92427ae41e4649b934ca495991b7852b855
memory.Ani	283	0x007AB403	12	0	12	0	0	0	0	0	0	skipped_when_size_minus_12_is_zero	unsafe_12_byte_metadata_plus_stale_scratch_tail	12	0	12	e3b0c44298fc1c149afbf4c8996fb92427ae41e4649b934ca495991b7852b855
memory.Ani	284	0x007AB40F	12	0	12	0	0	0	0	0	0	skipped_when_size_minus_12_is_zero	unsafe_12_byte_metadata_plus_stale_scratch_tail	55	4	59	e3b0c44298fc1c149afbf4c8996fb92427ae41e4649b934ca495991b7852b855
memory.Ani	285	0x007AB41B	59	47	55	43	4	11	43	0	153004	0	-8	2433	167	1678	1250c63c745e7be2af7481761d3f000f062eb991162c3e033124eae3b8de7fc3
memory.Ani	286	0x007AB456	1678	1666	2433	2421	167	1085	2421	0	453682	0	-8	97	7	101	7fe7d39ea35b830bd08f9b64535801cfbf09d00a7b6fb863708baa146511abd3
memory.Ani	287	0x007ABAE4	101	89	97	85	7	29	85	0	389638	0	-8	140	11	137	b713932e59a2de1ead548753903f3f929ae16910ee94b7af6757f0fae73eb364
memory.Ani	288	0x007ABB49	137	125	140	128	11	40	128	0	389638	0	-8	140	11	140	e2f5cd233185611766345cf7bd0c5ef32f3c7c785b39b09d2a72d1ae804b3d3e
memory.Ani	289	0x007ABBD2	140	128	140	128	11	40	128	0	389638	0	-8	97	7	99	c03ef21a2b59659e62ff56927d625ade8ae0c62d5dfa7ee4efb902e523f3a4ca
memory.Ani	290	0x007ABC5E	99	87	97	85	7	29	85	0	389638	0	-8	1703	132	1233	4674c54a00cd9b807c77ad09f063b78c93bf6b01f28dcfb549db5e7ec741bf66
memory.Ani	291	0x007ABCC1	1233	1221	1703	1691	132	635	1691	0	389638	0	-8	12	0	12	b0c903847daf7d204c94fbd609ecce56a2c10adb469f9654a64caf99d2f48c9c
memory.Ani	292	0x007AC192	12	0	12	0	0	0	0	0	0	skipped_when_size_minus_12_is_zero	unsafe_12_byte_metadata_plus_stale_scratch_tail	12	0	12	e3b0c44298fc1c149afbf4c8996fb92427ae41e4649b934ca495991b7852b855
memory.Ani	293	0x007AC19E	12	0	12	0	0	0	0	0	0	skipped_when_size_minus_12_is_zero	unsafe_12_byte_metadata_plus_stale_scratch_tail	36	2	40	e3b0c44298fc1c149afbf4c8996fb92427ae41e4649b934ca495991b7852b855
memory.Ani	294	0x007AC1AA	40	28	36	24	2	8	24	0	142772	0	-8	79	6	81	1e09eb85bfc51123dca1ae37d371cf56ff889a1f4106c03ed8f9e6da552a7fcb
memory.Ani	295	0x007AC1D2	81	69	79	67	6	19	67	0	153004	0	-8	55	4	59	913a4f558e4044579ac08f7e7fc4e7bde4448b4799c46f4ad2fd077527cc34e5
memory.Ani	296	0x007AC223	59	47	55	43	4	11	43	0	153004	0	-8	12	0	12	7d85c00b8ec206d87ae8325ba3bb1f30c85f7c4624475dd6ab1efc0954d86499
memory.Ani	297	0x007AC25E	12	0	12	0	0	0	0	0	0	skipped_when_size_minus_12_is_zero	unsafe_12_byte_metadata_plus_stale_scratch_tail	2447	181	1706	e3b0c44298fc1c149afbf4c8996fb92427ae41e4649b934ca495991b7852b855
memory.Ani	298	0x007AC26A	1706	1694	2447	2435	181	987	2435	0	456244	0	-8	2366	179	1710	a0ab182c116fc3452bf5728b850d0a54b115d25ea332b02d7ea6c2125861df4e
memory.Ani	299	0x007AC914	1710	1698	2366	2354	179	922	2354	0	451064	0	-8	3003	282	1984	38ac47b3067545387ebe696fcaf2ac15966683da627e105db16f2e7f7c5ac5c3
memory.Ani	300	0x007ACFC2	1984	1972	3003	2991	282	735	2991	0	449768	0	-8	12	0	12	c1b189d87b0238d32f50e9f5f801fd5f68415c86f89ef43e9a160c015c1d648e
memory.Ani	301	0x007AD782	12	0	12	0	0	0	0	0	0	skipped_when_size_minus_12_is_zero	unsafe_12_byte_metadata_plus_stale_scratch_tail	1618	125	1205	e3b0c44298fc1c149afbf4c8996fb92427ae41e4649b934ca495991b7852b855
memory.Ani	302	0x007AD78E	1205	1193	1618	1606	125	606	1606	0	178556	0	-8	12	0	12	e2e9a32e5e0d640616b02c1ddb5427f455532eb367a98c2838e1e2c02766cd26
memory.Ani	303	0x007ADC43	12	0	12	0	0	0	0	0	0	skipped_when_size_minus_12_is_zero	unsafe_12_byte_metadata_plus_stale_scratch_tail	12	0	12	e3b0c44298fc1c149afbf4c8996fb92427ae41e4649b934ca495991b7852b855
memory.Ani	304	0x007ADC4F	12	0	12	0	0	0	0	0	0	skipped_when_size_minus_12_is_zero	unsafe_12_byte_metadata_plus_stale_scratch_tail	198	16	176	e3b0c44298fc1c149afbf4c8996fb92427ae41e4649b934ca495991b7852b855
memory.Ani	305	0x007ADC5B	176	164	198	186	16	58	186	0	393468	0	-8	198	16	179	ab5835a4873e8b830d35b4a3b1c7ad76cbbaca177f4ee14073a5467ca3fd16e5
memory.Ani	306	0x007ADD0B	179	167	198	186	16	58	186	0	393468	0	-8	12	0	12	86f9b132bbfde19d7dab0b99ad9da02a37fd708893350a8ae70a3b9a059be5e6
memory.Ani	307	0x007ADDBE	12	0	12	0	0	0	0	0	0	skipped_when_size_minus_12_is_zero	unsafe_12_byte_metadata_plus_stale_scratch_tail	365	28	312	e3b0c44298fc1c149afbf4c8996fb92427ae41e4649b934ca495991b7852b855
memory.Ani	308	0x007ADDCA	312	300	365	353	28	129	353	0	179874	0	-8	299	29	242	002895463b7af853f57d98e0b6bb963ea872bc02f90bc6524f41ba727680dd27
memory.Ani	309	0x007ADF02	242	230	299	287	29	55	287	0	167064	0	-8	299	29	242	f587250e5d44e175235cafdd28ba337f2e25658b47f0a3fe6748807d26c02cb3
memory.Ani	310	0x007ADFF4	242	230	299	287	29	55	287	0	167064	0	-8	485	45	388	bf4dc48414a68d1110b399501844afd574414df3b0caf73309f04921df92658b
memory.Ani	311	0x007AE0E6	388	376	485	473	45	113	473	0	393468	0	-8	198	16	179	8705330e17cb6e8ffc468bf5a418dbab692b060056e902fb78f07d390971fe41
memory.Ani	312	0x007AE26A	179	167	198	186	16	58	186	0	393468	0	-8	36	2	40	86f9b132bbfde19d7dab0b99ad9da02a37fd708893350a8ae70a3b9a059be5e6
memory.Ani	313	0x007AE31D	40	28	36	24	2	8	24	0	142772	0	-8	98	8	100	1e09eb85bfc51123dca1ae37d371cf56ff889a1f4106c03ed8f9e6da552a7fcb
memory.Ani	314	0x007AE345	100	88	98	86	8	22	86	0	156838	0	-8	74	6	78	58bb4825abfee9e5bb20bf80d157c92e08765908bac80c4bbfd52ab4c7df9733
memory.Ani	315	0x007AE3A9	78	66	74	62	6	14	62	0	156838	0	-8	74	6	78	0a5709b72dbaf023c5f8f63d416694ddadb9a349105c83b6e831fe45e8baa2ee
memory.Ani	316	0x007AE3F7	78	66	74	62	6	14	62	0	156838	0	-8	260	22	228	0e03c991557183ea78f8f635e67a49cfd6ab4474cf163215af0dcb2c34e5c495
memory.Ani	317	0x007AE445	228	216	260	248	22	72	248	0	393468	0	-8	198	16	179	872ccb0110ed88ace6cef3057d8e2b5ab8857e7d8e3b0b655e61c58d093123cd
memory.Ani	318	0x007AE529	179	167	198	186	16	58	186	0	393468	0	-8	12	0	12	86f9b132bbfde19d7dab0b99ad9da02a37fd708893350a8ae70a3b9a059be5e6
memory.Ani	319	0x007AE5DC	12	0	12	0	0	0	0	0	0	skipped_when_size_minus_12_is_zero	unsafe_12_byte_metadata_plus_stale_scratch_tail	3599	265	2539	e3b0c44298fc1c149afbf4c8996fb92427ae41e4649b934ca495991b7852b855
memory.Ani	320	0x007AE5E8	2539	2527	3599	3587	265	1467	3587	0	462616	0	-8	1783	133	1231	e9f16770f9eea4fb9861553bca6a2269774644ff9e7e2cfeb3ebb7218d041a4e
memory.Ani	321	0x007AEFD3	1231	1219	1783	1771	133	707	1771	0	461352	0	-8	2014	117	1403	c40af87ef1d52859b07b2e3cb898797425cc6c456331e5eb8512fcd12c39c994
memory.Ani	322	0x007AF4A2	1403	1391	2014	2002	117	1066	2002	0	461374	0	-8	2119	130	1486	03140a1907251e6d9c30d959d5706afce3c5b34824215f90dfe26f6fce69f87f
memory.Ani	323	0x007AFA1D	1486	1474	2119	2107	130	1067	2107	0	462680	0	-8	1941	115	1396	0c6bf95f7e6fb26e0a3abd162bccb581a5f8eb8724fe14ead6972ee62d3f0bd8
memory.Ani	324	0x007AFFEB	1396	1384	1941	1929	115	1009	1929	0	462702	0	-8	1803	125	1324	1011a6336289125a2f213071f47da7db115b46429a6e0a7e6adfa13ed2e11c0f
memory.Ani	325	0x007B055F	1324	1312	1803	1791	125	791	1791	0	463992	0	-8	1977	133	1533	e217efadbe2513ebfd3181ea39d751f0766090527843cd8e32683cfa3b389448
memory.Ani	326	0x007B0A8B	1533	1521	1977	1965	133	901	1965	0	464002	0	-8	1898	108	1427	b747f4f1afea60658bf7645be0ff0da5b88c4f3f71239cc87714441c5db7797b
memory.Ani	327	0x007B1088	1427	1415	1898	1886	108	1022	1886	0	464002	0	-8	1548	69	1217	307c4ce794dabdb9f6afaa7dde0566c5cf334bf0ce67186e5e873f8a13962dcd
memory.Ani	328	0x007B161B	1217	1205	1548	1536	69	984	1536	0	458868	0	-8	681	57	543	07a598c35378d1680f8c476fe0be206a8a81776533393bd55c9261486551c4e8
memory.Ani	329	0x007B1ADC	543	531	681	669	57	213	669	0	452364	0	-8	291	25	253	21f05dabed941f5b2224baa19d4c13e9d5cbe5a721b9ae5d25aba48a692def7a
memory.Ani	330	0x007B1CFB	253	241	291	279	25	79	279	0	448524	0	-8	3074	223	2288	6112d1734e9f46466ba8510b973acc2b28b3b1df208808a0e1a7210e819ad4d2
memory.Ani	331	0x007B1DF8	2288	2276	3074	3062	223	1278	3062	0	449804	0	-8	2897	231	2095	cd0ad526f3a28eb24b28e3a82685c758b23fb2e8cbf11017c7204b4143d93125
memory.Ani	332	0x007B26E8	2095	2083	2897	2885	231	1037	2885	0	454934	0	-8	2681	200	2032	bcc97f84a08490fece945df721b225184461356b9ad7bfbfa043d09132df2808
memory.Ani	333	0x007B2F17	2032	2020	2681	2669	200	1069	2669	0	452370	0	-8	2691	200	2066	284acf5bbaae8d994842c405f35cd652a3c1646606d678604543bbce617b0212
memory.Ani	334	0x007B3707	2066	2054	2691	2679	200	1079	2679	0	454938	0	-8	2206	179	1636	04a0453a601ef9dd3e93f5475c02a2e9ff2223cf55870f50ef35c810e43cb5af
memory.Ani	335	0x007B3F19	1636	1624	2206	2194	179	762	2194	0	437086	0	-8	195	15	178	280f690cec86bfd7dbd04eb28093e686c14dedc1212428cdd9c2a4d1d0ef8c7c
memory.Ani	336	0x007B457D	178	166	195	183	15	63	183	0	437086	0	-8	284	22	238	0478fa997b4c0ce3c4e0acebf4088e13229991df58a1052f515e521b8bcc9506
memory.Ani	337	0x007B462F	238	226	284	272	22	96	272	0	435806	0	-8	287	24	256	bd1e1207223bac7e0d05f4fbffe3c8e6b754a2dd0ed08cc8c0a20cf640a7f7ad
memory.Ani	338	0x007B471D	256	244	287	275	24	83	275	0	437080	0	-8	313	25	256	804f6b785cce75af29b904c3047d1ec4bee03439d15793cf5955b3ce776208ba
memory.Ani	339	0x007B481D	256	244	313	301	25	101	301	0	437086	0	-8	195	15	178	7d525c2c63f5c6eb3b196e6b927c400d400952da2fd7298f4f9def346a0f3b66
memory.Ani	340	0x007B491D	178	166	195	183	15	63	183	0	437086	0	-8	284	22	238	0478fa997b4c0ce3c4e0acebf4088e13229991df58a1052f515e521b8bcc9506
memory.Ani	341	0x007B49CF	238	226	284	272	22	96	272	0	435806	0	-8	263	22	234	bd1e1207223bac7e0d05f4fbffe3c8e6b754a2dd0ed08cc8c0a20cf640a7f7ad
memory.Ani	342	0x007B4ABD	234	222	263	251	22	75	251	0	437080	0	-8	313	25	256	2d862b3cccea4c3e3c4b20a992d4b2631d49c344fb3bf97f2f3c653b6a4144ad
memory.Ani	343	0x007B4BA7	256	244	313	301	25	101	301	0	437086	0	-8	195	15	178	7d525c2c63f5c6eb3b196e6b927c400d400952da2fd7298f4f9def346a0f3b66
memory.Ani	344	0x007B4CA7	178	166	195	183	15	63	183	0	437086	0	-8	284	22	238	0478fa997b4c0ce3c4e0acebf4088e13229991df58a1052f515e521b8bcc9506
memory.Ani	345	0x007B4D59	238	226	284	272	22	96	272	0	435806	0	-8	263	22	234	bd1e1207223bac7e0d05f4fbffe3c8e6b754a2dd0ed08cc8c0a20cf640a7f7ad
memory.Ani	346	0x007B4E47	234	222	263	251	22	75	251	0	437080	0	-8	313	25	256	2d862b3cccea4c3e3c4b20a992d4b2631d49c344fb3bf97f2f3c653b6a4144ad
memory.Ani	347	0x007B4F31	256	244	313	301	25	101	301	0	437086	0	-8	195	15	178	7d525c2c63f5c6eb3b196e6b927c400d400952da2fd7298f4f9def346a0f3b66
memory.Ani	348	0x007B5031	178	166	195	183	15	63	183	0	437086	0	-8	284	22	238	0478fa997b4c0ce3c4e0acebf4088e13229991df58a1052f515e521b8bcc9506
memory.Ani	349	0x007B50E3	238	226	284	272	22	96	272	0	435806	0	-8	263	22	234	bd1e1207223bac7e0d05f4fbffe3c8e6b754a2dd0ed08cc8c0a20cf640a7f7ad
memory.Ani	350	0x007B51D1	234	222	263	251	22	75	251	0	437080	0	-8	313	25	256	2d862b3cccea4c3e3c4b20a992d4b2631d49c344fb3bf97f2f3c653b6a4144ad
memory.Ani	351	0x007B52BB	256	244	313	301	25	101	301	0	437086	0	-8	195	15	178	7d525c2c63f5c6eb3b196e6b927c400d400952da2fd7298f4f9def346a0f3b66
memory.Ani	352	0x007B53BB	178	166	195	183	15	63	183	0	437086	0	-8	284	22	238	0478fa997b4c0ce3c4e0acebf4088e13229991df58a1052f515e521b8bcc9506
memory.Ani	353	0x007B546D	238	226	284	272	22	96	272	0	435806	0	-8	263	22	234	bd1e1207223bac7e0d05f4fbffe3c8e6b754a2dd0ed08cc8c0a20cf640a7f7ad
memory.Ani	354	0x007B555B	234	222	263	251	22	75	251	0	437080	0	-8	600	54	470	2d862b3cccea4c3e3c4b20a992d4b2631d49c344fb3bf97f2f3c653b6a4144ad
memory.Ani	355	0x007B5645	470	458	600	588	54	156	588	0	437086	0	-8	482	44	394	2f7d50a90cb8f8ef9e55a1684fd45d2cbc182fdffe484f3d44de4c182eef85ab
memory.Ani	356	0x007B581B	394	382	482	470	44	118	470	0	437086	0	-8	571	51	448	70fec84d62bb4e905b44a02e60dbd6c26c3c3beaf6fb264f56823ac9702510d6
memory.Ani	357	0x007B59A5	448	436	571	559	51	151	559	0	435806	0	-8	550	51	447	873958c84bb223f7611595f9a160cb627af3eefeea1ffefe61970f2d99264a49
memory.Ani	358	0x007B5B65	447	435	550	538	51	130	538	0	437080	0	-8	600	54	470	aaf0f9a1211498f6e8fb989cf9fc0325b95c00ec1152d3859f54fa2e4affc48b
memory.Ani	359	0x007B5D24	470	458	600	588	54	156	588	0	437086	0	-8	482	44	394	2f7d50a90cb8f8ef9e55a1684fd45d2cbc182fdffe484f3d44de4c182eef85ab
memory.Ani	360	0x007B5EFA	394	382	482	470	44	118	470	0	437086	0	-8	284	22	238	70fec84d62bb4e905b44a02e60dbd6c26c3c3beaf6fb264f56823ac9702510d6
memory.Ani	361	0x007B6084	238	226	284	272	22	96	272	0	435806	0	-8	263	22	234	bd1e1207223bac7e0d05f4fbffe3c8e6b754a2dd0ed08cc8c0a20cf640a7f7ad
memory.Ani	362	0x007B6172	234	222	263	251	22	75	251	0	437080	0	-8	313	25	256	2d862b3cccea4c3e3c4b20a992d4b2631d49c344fb3bf97f2f3c653b6a4144ad
memory.Ani	363	0x007B625C	256	244	313	301	25	101	301	0	437086	0	-8	2088	169	1517	7d525c2c63f5c6eb3b196e6b927c400d400952da2fd7298f4f9def346a0f3b66
memory.Ani	364	0x007B635C	1517	1505	2088	2076	169	724	2076	0	437086	0	-8	284	22	238	ae423b1c4c050083c3c72e09b1609f71b864db0ff833a074556352e8643e2e2a
memory.Ani	365	0x007B6949	238	226	284	272	22	96	272	0	435806	0	-8	287	24	256	bd1e1207223bac7e0d05f4fbffe3c8e6b754a2dd0ed08cc8c0a20cf640a7f7ad
memory.Ani	366	0x007B6A37	256	244	287	275	24	83	275	0	437080	0	-8	337	27	279	5ea27a212c0b74e5bfdf0c2d6034481af88592281307ba9b3c9be63563a7e02a
memory.Ani	367	0x007B6B37	279	267	337	325	27	109	325	0	437086	0	-8	12	0	12	2f8b40d2343c91ff049a7386346c5e1698968adf9410fea8a0dfdac0577654da
memory.Ani	368	0x007B6C4E	12	0	12	0	0	0	0	0	0	skipped_when_size_minus_12_is_zero	unsafe_12_byte_metadata_plus_stale_scratch_tail	12	0	12	e3b0c44298fc1c149afbf4c8996fb92427ae41e4649b934ca495991b7852b855
memory.Ani	369	0x007B6C5A	12	0	12	0	0	0	0	0	0	skipped_when_size_minus_12_is_zero	unsafe_12_byte_metadata_plus_stale_scratch_tail	12	0	12	e3b0c44298fc1c149afbf4c8996fb92427ae41e4649b934ca495991b7852b855
memory.Ani	370	0x007B6C66	12	0	12	0	0	0	0	0	0	skipped_when_size_minus_12_is_zero	unsafe_12_byte_metadata_plus_stale_scratch_tail	12	0	12	e3b0c44298fc1c149afbf4c8996fb92427ae41e4649b934ca495991b7852b855
memory.Ani	371	0x007B6C72	12	0	12	0	0	0	0	0	0	skipped_when_size_minus_12_is_zero	unsafe_12_byte_metadata_plus_stale_scratch_tail	12	0	12	e3b0c44298fc1c149afbf4c8996fb92427ae41e4649b934ca495991b7852b855
memory.Ani	372	0x007B6C7E	12	0	12	0	0	0	0	0	0	skipped_when_size_minus_12_is_zero	unsafe_12_byte_metadata_plus_stale_scratch_tail	12	0	12	e3b0c44298fc1c149afbf4c8996fb92427ae41e4649b934ca495991b7852b855
memory.Ani	373	0x007B6C8A	12	0	12	0	0	0	0	0	0	skipped_when_size_minus_12_is_zero	unsafe_12_byte_metadata_plus_stale_scratch_tail	12	0	12	e3b0c44298fc1c149afbf4c8996fb92427ae41e4649b934ca495991b7852b855
memory.Ani	374	0x007B6C96	12	0	12	0	0	0	0	0	0	skipped_when_size_minus_12_is_zero	unsafe_12_byte_metadata_plus_stale_scratch_tail	12	0	12	e3b0c44298fc1c149afbf4c8996fb92427ae41e4649b934ca495991b7852b855
memory.Ani	375	0x007B6CA2	12	0	12	0	0	0	0	0	0	skipped_when_size_minus_12_is_zero	unsafe_12_byte_metadata_plus_stale_scratch_tail	307220	1	156464	e3b0c44298fc1c149afbf4c8996fb92427ae41e4649b934ca495991b7852b855
memory.Ani	376	0x007B6CAE	156464	156452	307220	307208	1	307200	307208	0	614400	0	-8	12	0	12	8dfed3b605592f22195a7a2dcca7d426327c558238d8e402c262724ffcdd4aed
memory.Ani	377	0x007DCFDE	12	0	12	0	0	0	0	0	0	skipped_when_size_minus_12_is_zero	unsafe_12_byte_metadata_plus_stale_scratch_tail	307220	1	156487	e3b0c44298fc1c149afbf4c8996fb92427ae41e4649b934ca495991b7852b855
memory.Ani	378	0x007DCFEA	156487	156475	307220	307208	1	307200	307208	0	614400	0	-8	307220	1	156513	7f3f7c19fc2d7c70f99557feeacacd9604d788e1366631670b581fd44ed45409
memory.Ani	379	0x00803331	156513	156501	307220	307208	1	307200	307208	0	614400	0	-8	307220	1	156115	2561c8074acd3ed0c85fae9353621448fcbc3e74afeb444142b2613a24f279a8
memory.Ani	380	0x00829692	156115	156103	307220	307208	1	307200	307208	0	614400	0	-8	307220	1	156391	382a69238d72149909d53604049ac517097763b60a38cc0a805a1c57cdc98bfe
memory.Ani	381	0x0084F865	156391	156379	307220	307208	1	307200	307208	0	614400	0	-8	307220	1	156218	c34adc29bf440f2727d35e3c4120f1151f5e1431d32cb5de0ea3f72387179406
memory.Ani	382	0x00875B4C	156218	156206	307220	307208	1	307200	307208	0	614400	0	-8	307220	1	166125	4e956620e6d84574d93e44c386ab8340c7985ffda93ed5cbac4cb632865c8e4d
memory.Ani	383	0x0089BD86	166125	166113	307220	307208	1	307200	307208	0	614400	0	-8	307220	1	171301	757fc8f9d6b6fcc46a07228df09e41f7b81db2097fc6ae54496150d506c28c2a
memory.Ani	384	0x008C4673	171301	171289	307220	307208	1	307200	307208	0	614400	0	-8	307220	1	174492	140d7e16951c3f37fbc29527fb01dc140c7a53b7863398f01a529dda552a6f35
memory.Ani	385	0x008EE398	174492	174480	307220	307208	1	307200	307208	0	614400	0	-8	307220	1	176882	40941f845c528bee3b69208528f5bb00a5b3bc1971a04b3ddd17888279756144
memory.Ani	386	0x00918D34	176882	176870	307220	307208	1	307200	307208	0	614400	0	-8	307220	1	177519	4e1c1192f0ef5e182ea66574c11cee258003765d2aae27f334486d9457d9d9d1
memory.Ani	387	0x00944026	177519	177507	307220	307208	1	307200	307208	0	614400	0	-8	307220	1	176496	5b00268646a79f4016158e40b8987f36562577edac68a62549ffa07bcb8f812c
memory.Ani	388	0x0096F595	176496	176484	307220	307208	1	307200	307208	0	614400	0	-8	307220	1	173700	b0fb1d70f5f3c37102e0b84754bd5255f0f938a6a3a16e16b65d2ac427c3a5c9
memory.Ani	389	0x0099A705	173700	173688	307220	307208	1	307200	307208	0	614400	0	-8	307220	1	175363	6a0d5a00f6f15eaeb972f216d93fb275550ed732f590b85fddf8ed7c60a79e5c
memory.Ani	390	0x009C4D89	175363	175351	307220	307208	1	307200	307208	0	614400	0	-8	307220	1	176260	fdd933b4dc850f2a9ef219e19b03bdf3ce2321559bdca33bc30f9d43960ebb93
memory.Ani	391	0x009EFA8C	176260	176248	307220	307208	1	307200	307208	0	614400	0	-8	307220	1	175616	a2ef1d29c958b7f9fe43daa3cfc04b229dbee7d1a1fb53efe0ed1f74ef3d1ec4
memory.Ani	392	0x00A1AB10	175616	175604	307220	307208	1	307200	307208	0	614400	0	-8	307220	1	172149	0cbe44fd50653e92fb909f1461b75a27cd66f9ef9cff8440b29f0939d8758ca6
memory.Ani	393	0x00A45910	172149	172137	307220	307208	1	307200	307208	0	614400	0	-8	307220	1	166566	dc9f0a77f31b2bbe75e971e4d45e82373f0eb4508fa6a57bb4c48275e4b085c4
memory.Ani	394	0x00A6F985	166566	166554	307220	307208	1	307200	307208	0	614400	0	-8	307220	1	159763	d23bc7f2a541b9e4451bb6fac62781dbe0b05b42ccac94ec94ef96d4912b5124
memory.Ani	395	0x00A9842B	159763	159751	307220	307208	1	307200	307208	0	614400	0	-8	307220	1	152028	711e1752a1acd1c441601518e4eb5a2046310c8971cd5754a24b19c54811867e
memory.Ani	396	0x00ABF43E	152028	152016	307220	307208	1	307200	307208	0	614400	0	-8	307220	1	147623	6a3933db54b6c7a5d359e9d8c89834aaabb8b8e1f254bd54da353fd5b5a69cc7
memory.Ani	397	0x00AE461A	147623	147611	307220	307208	1	307200	307208	0	614400	0	-8	307220	1	141412	96c45449e162a50d8cbe843c9f9f7ea37c91349fbe3a386477458cc58071bba5
memory.Ani	398	0x00B086C1	141412	141400	307220	307208	1	307200	307208	0	614400	0	-8	307220	1	135311	3649d8cd971df74d6f2279570963cdad4c50ca9d756433c75b1da00da8152986
memory.Ani	399	0x00B2AF25	135311	135299	307220	307208	1	307200	307208	0	614400	0	-8	307220	1	126215	870cdafa0e823ef8edb862c0a76cb353bc9bc88da1f7aadcfdb8d835047340fb
memory.Ani	400	0x00B4BFB4	126215	126203	307220	307208	1	307200	307208	0	614400	0	-8	307220	1	114171	35f1d02ca2e54dc9a266e108a35503a2fe4cd636f9b38c72fe364f664551e10f
memory.Ani	401	0x00B6ACBB	114171	114159	307220	307208	1	307200	307208	0	614400	0	-8	307220	1	98781	afca9b290bf287fbcdee9b1fcf49f2b7f402ff2c8cae6ca6a4681d71c63cbd4c
memory.Ani	402	0x00B86AB6	98781	98769	307220	307208	1	307200	307208	0	614400	0	-8	299223	25041	152389	4db205567b86808311b62d0b00da58f113ed79a7b02b02b7cd0b473c5a9c6ff1
memory.Ani	403	0x00B9EC93	152389	152377	299223	299211	25041	98883	299211	0	537594	0	-8	255223	20381	119216	08e53ad62e9b048ebd66fc68eb720f5781e6aa5641863d4c204b8559cb2dba5e
memory.Ani	404	0x00BC3FD8	119216	119204	255223	255211	20381	92163	255211	0	537576	0	-8	255572	20411	119180	523c78618646f6438741eef44bf85feaa31a89fd7a5aed48f3776e9c43a6ccee
memory.Ani	405	0x00BE1188	119180	119168	255572	255560	20411	92272	255560	0	537594	0	-8	255740	20526	119432	f7fb5e6bbea63195ff81cec8765310b5649f06b2cd5bc5c33744995e174ab7d6
memory.Ani	406	0x00BFE314	119432	119420	255740	255728	20526	91520	255728	0	537594	0	-8	252002	20269	118091	029119b860834c5a7adfbe3cd405348921a04485e556aef2fee2b1387f67c49a
memory.Ani	407	0x00C1B59C	118091	118079	252002	251990	20269	89838	251990	0	537586	0	-8	253478	20335	118338	872abd71cad7bbdbe650168e5586136319272bd41e3992b87bc06c266e68cc7b
memory.Ani	408	0x00C382E7	118338	118326	253478	253466	20335	90786	253466	0	537580	0	-8	251280	20188	117646	25d0a092c88ae7ca284ca9c2e59a28f996950f45634a333d71cda1a82c047024
memory.Ani	409	0x00C55129	117646	117634	251280	251268	20188	89764	251268	0	537598	0	-8	249085	20043	116791	8afa3a65b8b0d9c8efcb2dd7b0227d192739c315cdf93e9378c9a852478732ac
memory.Ani	410	0x00C71CB7	116791	116779	249085	249073	20043	88729	249073	0	537594	0	-8	250626	20126	117196	47f33f6ee386d248c686d9d701f534047965b9b25f89817f7f148a453867fc04
memory.Ani	411	0x00C8E4EE	117196	117184	250626	250614	20126	89606	250614	0	537598	0	-8	246515	19930	115122	4aeeae37b85509f06944648790a7c735b03e773a1757ec2f5607a26dabb1a865
memory.Ani	412	0x00CAAEBA	115122	115110	246515	246503	19930	87063	246503	0	537598	0	-8	248079	20022	115574	a272a37044bbd45893f1d75a09d755483662410986e49e9f8cbc797f3cda10da
memory.Ani	413	0x00CC706C	115574	115562	248079	248067	20022	87891	248067	0	537598	0	-8	239038	19088	111548	53866941d02b711b246210644aae50cdaec9977b086c356f41d976a64ac5b57f
memory.Ani	414	0x00CE33E2	111548	111536	239038	239026	19088	86322	239026	0	537598	0	-8	241105	19323	112278	4f194e99bf63e72dae65e5d36278490c1b3bb14068ac64c8a7f6d6c373fdad85
memory.Ani	415	0x00CFE79E	112278	112266	241105	241093	19323	86509	241093	0	537598	0	-8	242835	19551	112821	e08ce2fa50303d8f2c52b49b43e318d510315ab791b6290d9c77368d3cc17bf2
memory.Ani	416	0x00D19E34	112821	112809	242835	242823	19551	86415	242823	0	537598	0	-8	241720	19467	112320	6d8df8a8960a104866c648d5430b3a605d7c6bba2ef3d3b3ae13101dd73d8a5a
memory.Ani	417	0x00D356E9	112320	112308	241720	241708	19467	85972	241708	0	537598	0	-8	239961	19491	112015	07d96fc587cfd868443a43029c43af5503cef12776389b5186c4960716b8a11e
memory.Ani	418	0x00D50DA9	112015	112003	239961	239949	19491	84021	239949	0	537598	0	-8	240133	19440	111635	ec3ab5482870364d519202d460f4bf99a46789cce5f839d0f910d2f6011dbb30
memory.Ani	419	0x00D6C338	111635	111623	240133	240121	19440	84601	240121	0	537598	0	-8	238129	19493	111285	cf0ba95a1698d9a91136e4acbc6a9489f7e5d7136cc3a39d2f045bead5d66923
memory.Ani	420	0x00D8774B	111285	111273	238129	238117	19493	82173	238117	0	537598	0	-8	236889	19745	111575	6b9ea674751e0c2817cc0c324f5272539d525db7161cce20a596453d808b176c
memory.Ani	421	0x00DA2A00	111575	111563	236889	236877	19745	78917	236877	0	537598	0	-8	238590	19887	111778	38cf79c2485a90ea0b060da2ba598da855b94349da6a4f1754cf12a92ea62645
memory.Ani	422	0x00DBDDD7	111778	111766	238590	238578	19887	79482	238578	0	537598	0	-8	236130	19796	110729	ec3e61aba56cf047f1bbee3e5fb90738b4d9221f7d36ee6bd8a4a01fb720a6a1
memory.Ani	423	0x00DD9279	110729	110717	236130	236118	19796	77750	236118	0	537556	0	-8	240846	20160	112868	fa53a967589ac15dd14992dcc5bbe48ade4e07c464ea796f0b1758e4681ab98e
memory.Ani	424	0x00DF4302	112868	112856	240846	240834	20160	79554	240834	0	537556	0	-8	241647	20175	113057	b532ff940831b6cbdd53134231b47988ac22c3f66646ee4e0a06597682ded7f7
memory.Ani	425	0x00E0FBE6	113057	113045	241647	241635	20175	80235	241635	0	537556	0	-8	240053	19832	112426	4b330791ed1463a53b374ba71731dd79d29f1a28210808877e372291fc3fe809
memory.Ani	426	0x00E2B587	112426	112414	240053	240041	19832	81385	240041	0	537556	0	-8	307220	1	79365	47830124367719cdb1e729b5dd61db2873d6ec1b240f1461544c5e0809962882
memory.Ani	427	0x00E46CB1	79365	79353	307220	307208	1	307200	307208	0	614400	0	-8	307220	1	80858	d6d06e2047babf791471aa895677bdac4ea0e939a130d0335507b05de61e5acd
memory.Ani	428	0x00E5A2B6	80858	80846	307220	307208	1	307200	307208	0	614400	0	-8	307220	1	77097	e07b7985a10efb1d15953852dfead8e8792a046feb5965fe3943e5920abbe4f7
memory.Ani	429	0x00E6DE90	77097	77085	307220	307208	1	307200	307208	0	614400	0	-8	307220	1	70266	24a8899a3f5260ea374654b96b26855357f92bc708c03dddd03d17154ff6b7b7
memory.Ani	430	0x00E80BB9	70266	70254	307220	307208	1	307200	307208	0	614400	0	-8	307220	1	63116	95f5fc7ae82369a609a16e9526688d304c2c02f4223add7b189d41d87bed7ddb
memory.Ani	431	0x00E91E33	63116	63104	307220	307208	1	307200	307208	0	614400	0	-8	307220	1	58120	6ce6c5ea4503192c69915cdfb36d9dc15ed550323aaa4a2857307dd0dde7585f
memory.Ani	432	0x00EA14BF	58120	58108	307220	307208	1	307200	307208	0	614400	0	-8	307220	1	45912	247614b13cd11ca1af644c1642b4431875c3ac27da144e8f3bae4bdbcecafe5a
memory.Ani	433	0x00EAF7C7	45912	45900	307220	307208	1	307200	307208	0	614400	0	-8	307220	1	41220	b94149d9b1c684ec056810e94638d52daad0c2f2904f6128d9d646611c67be57
memory.Ani	434	0x00EBAB1F	41220	41208	307220	307208	1	307200	307208	0	614400	0	-8	307220	1	44406	a1ede54cb3f503d69d68e9a0d5f2224062c261addec38de83306de1883ca2115
memory.Ani	435	0x00EC4C23	44406	44394	307220	307208	1	307200	307208	0	614400	0	-8	307220	1	46759	8a079f1be4e15f8b92651a7b949b00eaf993c506b82ca0307d951e6c2350d8f4
memory.Ani	436	0x00ECF999	46759	46747	307220	307208	1	307200	307208	0	614400	0	-8	307220	1	44052	735baf9c86836c390b66a29867a74ca682097daf94fbdab43f3eecaf92057ebb
memory.Ani	437	0x00EDB040	44052	44040	307220	307208	1	307200	307208	0	614400	0	-8	307220	1	40305	26afd2064addd11ec80ff141e4b6c868b95b061b6979d9e0ee956882c21dea57
memory.Ani	438	0x00EE5C54	40305	40293	307220	307208	1	307200	307208	0	614400	0	-8	291517	31615	123784	1f1fb24df7e0d26e1852ebfa4332e79cc362a24decdcbbe0bcf93d912c9c5db5
memory.Ani	439	0x00EEF9C5	123784	123772	291517	291505	31615	38585	291505	0	537584	0	-8	260844	28278	112555	92ea9c5e448429b70baf26f4e73e15bc9e4e4faffac71cfa6612483f09a7afbf
memory.Ani	440	0x00F0DD4D	112555	112543	260844	260832	28278	34608	260832	0	537596	0	-8	265973	28492	115637	eb988cd9b4f6e1283ee48b9e16e6c42960264a023edc83e7fa431b38a879cc54
memory.Ani	441	0x00F294F8	115637	115625	265973	265961	28492	38025	265961	0	537576	0	-8	265130	27961	118279	5ac29006bcbedd56b71a9255d9ff265ea3afd7df9a81ee137160cef6c823cdfb
memory.Ani	442	0x00F458AD	118279	118267	265130	265118	27961	41430	265118	0	537564	0	-8	277963	28718	126630	d3849a331d23ffa620ead90980a0cdcb45f0e6d295a809efdd02d8ffa07431d5
memory.Ani	443	0x00F626B4	126630	126618	277963	277951	28718	48207	277951	0	537528	0	-8	297713	30383	138444	33d7434fcf2789f8969dc840cd020882adf5499f88269150df84445231996899
memory.Ani	444	0x00F8155A	138444	138432	297713	297701	30383	54637	297701	0	537500	0	-8	307220	1	57748	865253903ff4fc17fc9939d55122e8bc6dc645294a9176cbda88ca49ee302832
memory.Ani	445	0x00FA3226	57748	57736	307220	307208	1	307200	307208	0	614400	0	-8	307220	1	60699	8b423b5343c6942ab41dcc41ddf3f0e72448cb0f1277478f52d11ab7fa11df82
memory.Ani	446	0x00FB13BA	60699	60687	307220	307208	1	307200	307208	0	614400	0	-8	307220	1	61833	8c06f0ec9c8df7a6b5aeafd41b1355d0dde654bd9c359923a984553ff70ce085
memory.Ani	447	0x00FC00D5	61833	61821	307220	307208	1	307200	307208	0	614400	0	-8	307220	1	63569	e21c8221644e0fb26f6cf9f18b635649b6a1279d7cc430ae873e2faabb866cb5
memory.Ani	448	0x00FCF25E	63569	63557	307220	307208	1	307200	307208	0	614400	0	-8	307220	1	66243	cdd05106a2049b83acc60d067c3c6be3328c834ba02ebf05b4eac17ce0f6efd9
memory.Ani	449	0x00FDEAAF	66243	66231	307220	307208	1	307200	307208	0	614400	0	-8	307220	1	67139	718d697c6bfbb339846789b64b0a563a265dc4befa3a3c90f5fd76ca07eb7e32
memory.Ani	450	0x00FEED72	67139	67127	307220	307208	1	307200	307208	0	614400	0	-8	307220	1	67460	a8805498c0e7451d72ba92383b5217a2fe67d056da63065c2f6d88d72634f84a
memory.Ani	451	0x00FFF3B5	67460	67448	307220	307208	1	307200	307208	0	614400	0	-8	307220	1	67433	f303e47c7a9ae179e19016b142fa50024f216c463a74f9346811d44a22dcf18a
memory.Ani	452	0x0100FB39	67433	67421	307220	307208	1	307200	307208	0	614400	0	-8	307220	1	65469	ee5c8dbf51b26e85794fcbaf0779675a9ebb173734a1e4c9c920f1c0fe5a0f7e
memory.Ani	453	0x010202A2	65469	65457	307220	307208	1	307200	307208	0	614400	0	-8	307220	1	62148	f26c06d4b112701e80d28a23b9fb88940814d2176073fbb1cefe66f348a6e584
memory.Ani	454	0x0103025F	62148	62136	307220	307208	1	307200	307208	0	614400	0	-8	307220	1	59633	e00e4037fb0b246d12989f3f875518fe523d04a8b01d2ca505edf26bbcd5325a
memory.Ani	455	0x0103F523	59633	59621	307220	307208	1	307200	307208	0	614400	0	-8	307220	1	51778	f72bfbd6ff27270a468ff26ef454bd5a60c9f292680079a40e8c9852ee1065c0
memory.Ani	456	0x0104DE14	51778	51766	307220	307208	1	307200	307208	0	614400	0	-8	291039	28453	143342	6d91c218fe8b6e78a10bbb5c0cbda6aa119870b8f0be5adf430cf587f35584cf
memory.Ani	457	0x0105A856	143342	143330	291039	291027	28453	63403	291027	0	537596	0	-8	271398	26521	133882	1a2f2e728d3ea606fba71cffc0ebd304f49f5e4adbe7b5887ab0dcdac9398b3b
memory.Ani	458	0x0107D844	133882	133870	271398	271386	26521	59218	271386	0	537598	0	-8	249954	24370	123279	fc821d5549f843b438e903e22e9c8705aa75f9e8e807ec1e6547aa3a94a4e69a
memory.Ani	459	0x0109E33E	123279	123267	249954	249942	24370	54982	249942	0	537598	0	-8	228532	21902	112825	c22e56d45f78fe0354006927915b6b7d4b72839b0141984993902bfa8142b0f2
memory.Ani	460	0x010BC4CD	112825	112813	228532	228520	21902	53304	228520	0	537598	0	-8	205497	19294	102475	95f878e100d5e4570f7679ef2c9b29de80fb93497f1b5859a74d784205764120
memory.Ani	461	0x010D7D86	102475	102463	205497	205485	19294	51133	205485	0	537594	0	-8	184863	17083	93530	62d3c614fac37c98799324e6acc9e02ec6aa8ff758f3b86ac82202c8d419ede9
memory.Ani	462	0x010F0DD1	93530	93518	184863	184851	17083	48187	184851	0	537592	0	-8	168680	15619	86614	700ed5f2c7d47bf40c6d010dcb039a3ef07a62888abf6c50dfc26ea6c6446c8f
memory.Ani	463	0x01107B2B	86614	86602	168680	168668	15619	43716	168668	0	537566	0	-8	155209	14463	80014	fbb96cb95c46d422c8665989bc68ca8b0ed6b92428378cccf8bb7b87a23a2e64
memory.Ani	464	0x0111CD81	80014	80002	155209	155197	14463	39493	155197	0	537594	0	-8	139672	12817	72795	7c1b2a03595d552ca00806efe1b0856c27affa041cb8e435a1236412b551dfbb
memory.Ani	465	0x0113060F	72795	72783	139672	139660	12817	37124	139660	0	537598	0	-8	126470	11501	66465	7b527fbd44aa1e99aa0a0b22d39f1b0a3bf7c8f73b8f3d949506c205fbebb6f5
memory.Ani	466	0x0114226A	66465	66453	126470	126458	11501	34450	126458	0	537592	0	-8	113428	10195	59790	2773e8fc27f0655ec97a2e6a4ae548bed86a532150444f5103c29d453a5cf017
memory.Ani	467	0x0115260B	59790	59778	113428	113416	10195	31856	113416	0	537564	0	-8	100191	8947	53309	4526c77a90f78cbc2fb884deca7eec7a7a138bd6875e0df4236934e057659b76
memory.Ani	468	0x01160F99	53309	53297	100191	100179	8947	28603	100179	0	537596	0	-8	89549	7988	48261	b3997051ebf1cdeff4742e227603c4c80e4779ce00f86367c5c541310b71c853
memory.Ani	469	0x0116DFD6	48261	48249	89549	89537	7988	25633	89537	0	537592	0	-8	81894	7364	44196	4303f1fb4619a66cf614b5d0b3ca4f0b10a5fc0e2c2bb5bb41efca55a17efe6f
memory.Ani	470	0x01179C5B	44196	44184	81894	81882	7364	22970	81882	0	537598	0	-8	73869	6664	40389	aac536cebbad64c09a4826292274c80dda1e5cf3c62be902e07cce3d880e73ef
memory.Ani	471	0x011848FF	40389	40377	73869	73857	6664	20545	73857	0	537598	0	-8	67523	6121	37035	1c1e8ee6fe8de577a2bc3edac35a70498db48e8392044f428965cd74ad7acd09
memory.Ani	472	0x0118E6C4	37035	37023	67523	67511	6121	18543	67511	0	537598	0	-8	62305	5709	34760	e5f27594bfb32308a3eea4414ecef2283dbe6c39d54b770f34a9163a082b757f
memory.Ani	473	0x0119776F	34760	34748	62305	62293	5709	16621	62293	0	537592	0	-8	58775	5457	33010	a05a5fa9f429f65a4a554c3d27444ea8d29b61e10a3da0c0bdfd132283d9da9d
memory.Ani	474	0x0119FF37	33010	32998	58775	58763	5457	15107	58763	0	537594	0	-8	53742	5083	30569	75c75a7507585fe18999d9a374021cc9474c71ca1f650dabf676d7f52fcb6de9
memory.Ani	475	0x011A8029	30569	30557	53742	53730	5083	13066	53730	0	537594	0	-8	48300	4644	27579	375b4595a5a681ac2e2040a506e7b6044ca57f9d87a8f4a8e848863976ccb470
memory.Ani	476	0x011AF792	27579	27567	48300	48288	4644	11136	48288	0	537596	0	-8	43363	4260	25099	5fb153c12e145362bf2aa5fdfa6ed54f1674e9ce65a88dfbef6f2d88d1b132da
memory.Ani	477	0x011B634D	25099	25087	43363	43351	4260	9271	43351	0	537598	0	-8	40201	4024	23159	2d8158b27a17d9de95b4651b032f3277551516416e41144d941302711ebe1ce2
memory.Ani	478	0x011BC558	23159	23147	40201	40189	4024	7997	40189	0	537312	0	-8	35869	3663	20578	2bd0ab60e42cea174a5aa2cbd1c59e07ca30c5c4f7d04fef9b5464b542964aec
memory.Ani	479	0x011C1FCF	20578	20566	35869	35857	3663	6553	35857	0	537314	0	-8	29799	3086	17095	334c8b1260d44aff1bb605b3c88c61e3e24b20bddb5935343bb797ccd2383e62
memory.Ani	480	0x011C7031	17095	17083	29799	29787	3086	5099	29787	0	537136	0	-8	22295	2344	12706	73d5a3a9a6f68a531e821bb73027732ec570c20af53162b450b126577ed7f1bb
memory.Ani	481	0x011CB2F8	12706	12694	22295	22283	2344	3531	22283	0	537312	0	-8	14554	1585	7665	72120ebd7ca1ff8f7975eb4b3869c20494b9bca9830fdf6eab6e3aa1d963b57b
memory.Ani	482	0x011CE49A	7665	7653	14554	14542	1585	1862	14542	0	536716	0	-8	11814	1289	6197	e9fe377725256f1c2c561c4a5a4c20edd2277281db82946405584dc95a45ded9
memory.Ani	483	0x011D028B	6197	6185	11814	11802	1289	1490	11802	0	537134	0	-8	8355	912	4498	53b26ad6ff9ef1924cab919d47900f93d1cc4854c2115f3735ab16f2ae97ee70
memory.Ani	484	0x011D1AC0	4498	4486	8355	8343	912	1047	8343	0	536358	0	-8	6440	705	3421	91edea3bc578304af1e3caf91ffc787dd68cc801b9fe880e087ddc47c68d7edf
memory.Ani	485	0x011D2C52	3421	3409	6440	6428	705	788	6428	0	537134	0	-8	26354	2827	14187	b7ea89a435f9885c8de0a16b06c2ae328daf76aad2a87210f78d33ae763246fc
memory.Ani	486	0x011D39AF	14187	14175	26354	26342	2827	3726	26342	0	537314	0	-8	20479	2215	10833	b5053e19cb69cd43c4c62aa832b820ae98dd2b7849a5999b5c45e743cee7d367
memory.Ani	487	0x011D711A	10833	10821	20479	20467	2215	2747	20467	0	537134	0	-8	12681	1380	6753	d92dd9d1a408aa45c3f16a0abd3810f2823d3ef04117cf8a6578d65e034ddc38
memory.Ani	488	0x011D9B6B	6753	6741	12681	12669	1380	1629	12669	0	535080	0	-8	10434	1139	5488	e764b670ce04d5a6067696ac99b059b2efa3e5e900a643ebc18b3f202fee13ef
memory.Ani	489	0x011DB5CC	5488	5476	10434	10422	1139	1310	10422	0	537134	0	-8	6803	743	3701	cd061c9a7408594dfc2fb2172aeab4a45857e3b141d7f09ae75e8228a84c54f7
memory.Ani	490	0x011DCB3C	3701	3689	6803	6791	743	847	6791	0	535074	0	-8	5684	624	3008	4a2cf43dba9e13330abe2ce82f9f69d7804bbab638153acbeaf9327667fb7d43
memory.Ani	491	0x011DD9B1	3008	2996	5684	5672	624	680	5672	0	535856	0	-8	5483	602	2884	f9c35fb061eb7711892a37a7e496847fad6ddff4d1dc7adad5e51aaf763d42fd
memory.Ani	492	0x011DE571	2884	2872	5483	5471	602	655	5471	0	534368	0	-8	3748	411	2012	f7c238f8fd34b8f6751dc2b1f37ba06de3bdbd1692a46e8d10ecf13a344fda1c
memory.Ani	493	0x011DF0B5	2012	2000	3748	3736	411	448	3736	0	537134	0	-8	3390	372	1794	8213a195a8c67ec7e069bcb61d3e61a64523fb1e6376549325973fb1273cba89
memory.Ani	494	0x011DF891	1794	1782	3390	3378	372	402	3378	0	535856	0	-8	2990	327	1633	05b1fc65a73e37264a93ab1d562169216f6ac1ae83e7e90f3e6f24a33e86aa04
memory.Ani	495	0x011DFF93	1633	1621	2990	2978	327	362	2978	0	514890	0	-8	3419	372	1875	26bb54b4a5fdd1b282776d9413a8d2920ef7d0f6f23d54e6f23db5d72067f793
memory.Ani	496	0x011E05F4	1875	1863	3419	3407	372	431	3407	0	533004	0	-8	2523	274	1444	a64a8181a1745ac81e30696d427e20238889f4032772e0c20d296476d3b8f1f2
memory.Ani	497	0x011E0D47	1444	1432	2523	2511	274	319	2511	0	533004	0	-8	2349	255	1340	909179da6c0a0757e531f1ff4c615021d4820c5ab183a0bd19a938f6059fb147
memory.Ani	498	0x011E12EB	1340	1328	2349	2337	255	297	2337	0	533658	0	-8	35582	3085	19605	3693c7527231c084dd4455e4861d90894d37e3845065cfff662813176fdae95a
memory.Ani	499	0x011E1827	19605	19593	35582	35570	3085	10890	35570	0	537314	0	-8	42080	3760	21964	62cea6f52de06479dbec3389167a6d89379745dbabf94cac57af10abe9bb2f71
memory.Ani	500	0x011E64BC	21964	21952	42080	42068	3760	11988	42068	0	537312	0	-8	307220	1	26318	49d83ea4787cc55a6e0e0e5ce65fada3e6c1a2988192af318c8b77e15c1a1a30
memory.Ani	501	0x011EBA88	26318	26306	307220	307208	1	307200	307208	0	614400	0	-8	307220	1	15961	798fd43073f6cc00f6dd5a2dd76d079516b72f172b4063bf35b54eaec21e42f3
memory.Ani	502	0x011F2156	15961	15949	307220	307208	1	307200	307208	0	614400	0	-8	47790	4046	22621	62d5904967d901e9470ed6b7bc999f8ec13f3545f471728055637b75d40ba1a8
memory.Ani	503	0x011F5FAF	22621	22609	47790	47778	4046	15410	47778	0	537314	0	-8	25763	1750	11596	5ae52812067882b2337c7f4d058c8dcfc721a64b0d4039e1cd87ed48c9cdf974
memory.Ani	504	0x011FB80C	11596	11584	25763	25751	1750	11751	25751	0	537312	0	-8	286066	9402	54819	8627b4d54cd570b8073599a0abe19f1c6ec9fd60040f99670c0c3e70bfbb3844
memory.Ani	505	0x011FE558	54819	54807	286066	286054	9402	210838	286054	0	537598	0	-8	93688	8502	32162	9a85f1b72e7a53e0a5fdc7870420468d8572c3b62f5d89adec7d2ad70827c9f3
memory.Ani	506	0x0120BB7B	32162	32150	93688	93676	8502	25660	93676	0	537498	0	-8	5479	235	1455	98cd87a8f6842c8b984dada56bfe0e4167d90e092681fc7b616a99ec94f156e6
memory.Ani	507	0x0121391D	1455	1443	5479	5467	235	3587	5467	0	535650	0	-8	0	117463967	1118719	a2ca10d31aee9dd52a2c35f6def0f8aea192b2c4491923eaf8dac2d669fca4e1
monk.Ani	1	0x00000024	213621	213609	307220	307208	1	307200	307208	0	614400	0	-8	12	0	12	e4e423a63379cdcc3e9abf0b6f767f58390afbdc97145dcafa45c5b1f89d431e
monk.Ani	2	0x00034299	12	0	12	0	0	0	0	0	0	skipped_when_size_minus_12_is_zero	unsafe_12_byte_metadata_plus_stale_scratch_tail	20868	696	11641	e3b0c44298fc1c149afbf4c8996fb92427ae41e4649b934ca495991b7852b855
monk.Ani	3	0x000342A5	11641	11629	20868	20856	696	15288	20856	0	545376	0	-8	32764	1695	23689	1c9da6cde57df22a7d5831dfbbca84e1385da74fc489509e4bd57b293b3529d1
monk.Ani	4	0x0003701E	23689	23677	32764	32752	1695	19192	32752	0	545410	0	-8	34300	1804	24681	62ad5fa92fad311a8dd1ad9b61627de9d949ff0b4468251080a05d2a033cfda2
monk.Ani	5	0x0003CCA7	24681	24669	34300	34288	1804	19856	34288	0	545456	0	-8	34414	1639	24684	aad513d71853082004ec39855d8335975bc1de3f16adf0bd82731fc02abb71b0
monk.Ani	6	0x00042D10	24684	24672	34414	34402	1639	21290	34402	0	545492	0	-8	35351	1533	25600	2f31f1d23e81e6cc08e01c4d1a201a01bd6adf826feb737fb20c9c05047790f4
monk.Ani	7	0x00048D7C	25600	25588	35351	35339	1533	23075	35339	0	545540	0	-8	35792	1483	25824	c933365f87195330d332bf0341f5d1266063c00dbd89a2b6360055a76355ba13
monk.Ani	8	0x0004F17C	25824	25812	35792	35780	1483	23916	35780	0	545540	0	-8	36833	1828	25940	5da0a0a79d378fea3d83d2db39c2f963b7c5e4a116bf88feee8cd27ebc29924d
monk.Ani	9	0x0005565C	25940	25928	36833	36821	1828	22197	36821	0	535322	0	-8	37044	1721	26336	d0bc1c2becba250cb143d48b2eb6fd9e973136ebf9faa12d45e6efec2f6ef360
monk.Ani	10	0x0005BBB0	26336	26324	37044	37032	1721	23264	37032	0	522562	0	-8	36590	1607	26005	94e1f71413c14233a99cf1e693be78a6c9e4ccdab6a73d1972a7efb16fbbfd04
monk.Ani	11	0x00062290	26005	25993	36590	36578	1607	23722	36578	0	508522	0	-8	35982	1692	25810	01a3abe2fc819dd1d7263264aeafb4708151c84ec9db67000e20bfc72a77397c
monk.Ani	12	0x00068825	25810	25798	35982	35970	1692	22434	35970	0	497242	0	-8	34530	1546	24843	7a4fefb608a8ae594d0d09ab958619f2277e09feda1d4018beeec43d4aad1864
monk.Ani	13	0x0006ECF7	24843	24831	34530	34518	1546	22150	34518	0	494688	0	-8	33759	1549	24011	bc1b027c76dc74fe95825bf68f871f6ae1c9cd9b83cf7b67429fd2cd24f45927
monk.Ani	14	0x00074E02	24011	23999	33759	33747	1549	21355	33747	0	492132	0	-8	31846	1293	22571	3303899e6558750f809c13d15b7e8ad11a2199912ae0d24f149f0e47e931e259
monk.Ani	15	0x0007ABCD	22571	22559	31846	31834	1293	21490	31834	0	489578	0	-8	26001	1277	19642	cd79946092d1922fa717af3158dc5ce5d93567b6b079bf1a50316b641fd1290b
monk.Ani	16	0x000803F8	19642	19630	26001	25989	1277	15773	25989	0	487022	0	-8	22716	1208	16615	835728a6427b9b415373cc4eb02655b05011365d339318350373ee7957771865
monk.Ani	17	0x000850B2	16615	16603	22716	22704	1208	13040	22704	0	484468	0	-8	19643	877	14697	7fc67e647e23411caf1a72498781808ed15842ed7a9dde2500aec1385ea8f41b
monk.Ani	18	0x00089199	14697	14685	19643	19631	877	12615	19631	0	481912	0	-8	17758	750	12940	70b45ee318dbcb084fee8f307004521f0cd9ea29269f883a3773866b68f40463
monk.Ani	19	0x0008CB02	12940	12928	17758	17746	750	11746	17746	0	483188	0	-8	16742	882	11485	93604b0ca4facd7fd61a066e1719c9763a69ecbeac0bf4c42885540ef6bcb1c0
monk.Ani	20	0x0008FD8E	11485	11473	16742	16730	882	9674	16730	0	483166	0	-8	16964	760	11742	12cd46e876c5af00c17843d68c68e7dc6b0975ecde6de176cb9914ccc78ac9d9
monk.Ani	21	0x00092A6B	11742	11730	16964	16952	760	10872	16952	0	483198	0	-8	18003	715	12309	71a6d29c2519505ad31976c420b65bfb69302d5afe1010957d59442bf9c5cedd
monk.Ani	22	0x00095849	12309	12297	18003	17991	715	12271	17991	0	483198	0	-8	22906	1004	16078	2d2c94a87a86594a48812ad5fbd5132a2f1b41867ac869ec1971a9e9602a97db
monk.Ani	23	0x0009885E	16078	16066	22906	22894	1004	14862	22894	0	478084	0	-8	22217	877	15165	b6ecdc8970e006a2415342a3f46b146c78bd5a4ae5a145f62a412373ac231725
monk.Ani	24	0x0009C72C	15165	15153	22217	22205	877	15189	22205	0	474262	0	-8	22463	820	15599	c2b37cb6e0a79bc22e6c94017edd6c89e6c880ff870d21318229f90db372f235
monk.Ani	25	0x000A0269	15599	15587	22463	22451	820	15891	22451	0	470438	0	-8	22955	765	15689	9b266303e1bea77cf39692a2d2e309a6bdbe8ef0c1937ebfdc50fb6c01fd969b
monk.Ani	26	0x000A3F58	15689	15677	22955	22943	765	16823	22943	0	465344	0	-8	24053	784	16975	76ac52bbf8a3a235999c73ba8ac8e5c21bb30d4a29522bbef565413669ccc2cb
monk.Ani	27	0x000A7CA1	16975	16963	24053	24041	784	17769	24041	0	457686	0	-8	23312	733	16482	25ab94238e1251fea8913e192465286120e68be2b5243660988111c2a10c7b50
monk.Ani	28	0x000ABEF0	16482	16470	23312	23300	733	17436	23300	0	450036	0	-8	23768	754	16801	fa1a9a9edccf95cd937265085fb38de6783062b1782fb2ab05629d28f6532e5c
monk.Ani	29	0x000AFF52	16801	16789	23768	23756	754	17724	23756	0	442384	0	-8	24251	769	16744	a6ccec6613fe89c8733df10a2ae2f39a260f979d2f49095d5559866fa2373c20
monk.Ani	30	0x000B40F3	16744	16732	24251	24239	769	18087	24239	0	434740	0	-8	23848	730	16788	7bf9fea83cb2a1d3ada6b7aa7d39571494ed8f5f0c57c134609c40f5c35bc6ea
monk.Ani	31	0x000B825B	16788	16776	23848	23836	730	17996	23836	0	424530	0	-8	22259	668	15614	61f0300a1c8dce5fdfa22f686a7c8e2e103b1a41b1aae8607ae5f6430c8c9a13
monk.Ani	32	0x000BC3EF	15614	15602	22259	22247	668	16903	22247	0	415606	0	-8	20788	649	15683	47008bfb97b805d6f954688de33c3bfa007c424a19b3900e4699e07532678af5
monk.Ani	33	0x000C00ED	15683	15671	20788	20776	649	15584	20776	0	406678	0	-8	17785	639	13807	3d8289b437ac1365e5d7365d9718d1e7958f70bbb4bcd135597cb8818e7ae57b
monk.Ani	34	0x000C3E30	13807	13795	17785	17773	639	12661	17773	0	399038	0	-8	19275	811	15027	3833f543bd1030c53caa5d98c43c9916eb44fdb049f568acb8422fa43de8b6a7
monk.Ani	35	0x000C741F	15027	15015	19275	19263	811	12775	19263	0	388828	0	-8	22346	1038	17921	696d9e43c93efbb09803178c2719d2c4df6dab9d862c7af6efaefc76c754055b
monk.Ani	36	0x000CAED2	17921	17909	22346	22334	1038	14030	22334	0	524282	0	-8	23987	1189	19261	2fd37c13860855ef6508df19af62a27ce3fdb47980183a71e31c245065bdbdc6
monk.Ani	37	0x000CF4D3	19261	19249	23987	23975	1189	14463	23975	0	524282	0	-8	24387	1277	19215	672198070b4f01cc93a1a1db68673ebbd2ba767c923f410a5fdc9a72144f384c
monk.Ani	38	0x000D4010	19215	19203	24387	24375	1277	14159	24375	0	362056	0	-8	25904	1428	19858	746ac42c2ba063c1170ff00a52188a1443ec650eab38fdabbf45c0e2ae5a6f19
monk.Ani	39	0x000D8B1F	19858	19846	25904	25892	1428	14468	25892	0	351848	0	-8	24617	1417	18558	cccb7871955673c6df0ebe0fe6caaf0abc2fbe7f75e88438dcc17b7af3e7fa9b
monk.Ani	40	0x000DD8B1	18558	18546	24617	24605	1417	13269	24605	0	342924	0	-8	18848	933	14550	b8369c3be86fd536951a1a9ba33d08800860a264f15a863e9c8888bd2f68231a
monk.Ani	41	0x000E212F	14550	14538	18848	18836	933	11372	18836	0	333996	0	-8	15165	769	12123	f0131b8cfbe1ebc4fd247f509d4adb512d1f61b6305bba6adc7c43e417817ed1
monk.Ani	42	0x000E5A05	12123	12111	15165	15153	769	9001	15153	0	392330	0	-8	10089	502	8452	2a339d5e882502bc0e46721b255a3aa0ba2c51eacd20523aafb81a47b3251a2e
monk.Ani	43	0x000E8960	8452	8440	10089	10077	502	6061	10077	0	392330	0	-8	7397	409	6014	8aa72eefce09a0973f78577a202cd935fa3ed3e30194bbd13c5356fcba5ab3c9
monk.Ani	44	0x000EAA64	6014	6002	7397	7385	409	4113	7385	0	396154	0	-8	5403	224	4666	97c7d0899e79970ee4efa0fd2d468d22b3a3eca070d795290e29f3bd20f9d515
monk.Ani	45	0x000EC1E2	4666	4654	5403	5391	224	3599	5391	0	405114	0	-8	5685	371	4762	820a9666dbcbb5b09426b7d663bd055ae44730200be17246554fa2e7ad1432f7
monk.Ani	46	0x000ED41C	4762	4750	5685	5673	371	2705	5673	0	405114	0	-8	3193	232	2656	59e65468d95d36ed765ba774383431a4238f7d20b36d7370bbeedab30f5ec0bb
monk.Ani	47	0x000EE6B6	2656	2644	3193	3181	232	1325	3181	0	398696	0	-8	3360	267	2710	25c275cefa9669c5f6d67c07a76dc08805136533acb53d9f2d76d83c0ede1464
monk.Ani	48	0x000EF116	2710	2698	3360	3348	267	1212	3348	0	403826	0	-8	2047	166	1645	bea73129b89cb33c5f8d962b0767019c5b3e5633e3d49303b3e6b77a87e79ee7
monk.Ani	49	0x000EFBAC	1645	1633	2047	2035	166	707	2035	0	403826	0	-8	12	0	12	20a153415ba5d486d2693e0481f3a9676a915000892b8f5dd192156944872797
monk.Ani	50	0x000F0219	12	0	12	0	0	0	0	0	0	skipped_when_size_minus_12_is_zero	unsafe_12_byte_metadata_plus_stale_scratch_tail	12	0	12	e3b0c44298fc1c149afbf4c8996fb92427ae41e4649b934ca495991b7852b855
monk.Ani	51	0x000F0225	12	0	12	0	0	0	0	0	0	skipped_when_size_minus_12_is_zero	unsafe_12_byte_metadata_plus_stale_scratch_tail	12	0	12	e3b0c44298fc1c149afbf4c8996fb92427ae41e4649b934ca495991b7852b855
monk.Ani	52	0x000F0231	12	0	12	0	0	0	0	0	0	skipped_when_size_minus_12_is_zero	unsafe_12_byte_metadata_plus_stale_scratch_tail	12	0	12	e3b0c44298fc1c149afbf4c8996fb92427ae41e4649b934ca495991b7852b855
monk.Ani	53	0x000F023D	12	0	12	0	0	0	0	0	0	skipped_when_size_minus_12_is_zero	unsafe_12_byte_metadata_plus_stale_scratch_tail	12	0	12	e3b0c44298fc1c149afbf4c8996fb92427ae41e4649b934ca495991b7852b855
monk.Ani	54	0x000F0249	12	0	12	0	0	0	0	0	0	skipped_when_size_minus_12_is_zero	unsafe_12_byte_metadata_plus_stale_scratch_tail	12	0	12	e3b0c44298fc1c149afbf4c8996fb92427ae41e4649b934ca495991b7852b855
monk.Ani	55	0x000F0255	12	0	12	0	0	0	0	0	0	skipped_when_size_minus_12_is_zero	unsafe_12_byte_metadata_plus_stale_scratch_tail	12	0	12	e3b0c44298fc1c149afbf4c8996fb92427ae41e4649b934ca495991b7852b855
monk.Ani	56	0x000F0261	12	0	12	0	0	0	0	0	0	skipped_when_size_minus_12_is_zero	unsafe_12_byte_metadata_plus_stale_scratch_tail	12	0	12	e3b0c44298fc1c149afbf4c8996fb92427ae41e4649b934ca495991b7852b855
monk.Ani	57	0x000F026D	12	0	12	0	0	0	0	0	0	skipped_when_size_minus_12_is_zero	unsafe_12_byte_metadata_plus_stale_scratch_tail	32	1	36	e3b0c44298fc1c149afbf4c8996fb92427ae41e4649b934ca495991b7852b855
monk.Ani	58	0x000F0279	36	24	32	20	1	12	20	0	545372	0	-8	282	10	193	08dded87e60a478a5030f9d95bd7a5518d0f5985b18dacef76d0fba0e3ea2b57
monk.Ani	59	0x000F029D	193	181	282	270	10	190	270	0	545416	0	-8	775	23	575	df404b204a777637ec4657e73cbc1853bad0e79ca55eefbae967b0e495e2a8ba
monk.Ani	60	0x000F035E	575	563	775	763	23	579	763	0	545444	0	-8	1292	44	977	4d30940ae919797c8570fb4d5f8369144293c9ceaf622fc8482c06cc8feea2a0
monk.Ani	61	0x000F059D	977	965	1292	1280	44	928	1280	0	545476	0	-8	1791	56	1350	33274eb95de3a3e27480f8d3b783d66eb65937c9d978049010d6784903e6c498
monk.Ani	62	0x000F096E	1350	1338	1791	1779	56	1331	1779	0	545512	0	-8	2449	83	1837	fcd9cff49746c1a10a273a5591dd61bf450e0e450ae76dd62a5cea69586c7326
monk.Ani	63	0x000F0EB4	1837	1825	2449	2437	83	1773	2437	0	545554	0	-8	2980	86	2274	b0c107d09f77c953d8002e3b56c380ca99e145046cbdfb61e9dbb1f787cf6c45
monk.Ani	64	0x000F15E1	2274	2262	2980	2968	86	2280	2968	0	545566	0	-8	3377	100	2438	75827deb511c48f3b42ab0cda79a155f08236a48620e4b0b73b260a6292c73e5
monk.Ani	65	0x000F1EC3	2438	2426	3377	3365	100	2565	3365	0	545610	0	-8	3814	132	2744	3e466c5ab3d5ed4a2a1b6e15714119fc902ba9649484b99bd5439633c290ddff
monk.Ani	66	0x000F2849	2744	2732	3814	3802	132	2746	3802	0	545614	0	-8	4028	138	2930	a6f97a982fae577fd26f893cca5a90adb39ae10cff7e5343f8fb32637e2cad6a
monk.Ani	67	0x000F3301	2930	2918	4028	4016	138	2912	4016	0	545614	0	-8	3885	136	2875	f8e4cec8d363b19fcd6bf775e5cfbe99f11aa116b02897d6ccde9b6d52083408
monk.Ani	68	0x000F3E73	2875	2863	3885	3873	136	2785	3873	0	532844	0	-8	3824	153	2833	54b951d5bb3ef64dded182dd7034155447b96c5ed622cd42328f0a46f9292cdf
monk.Ani	69	0x000F49AE	2833	2821	3824	3812	153	2588	3812	0	525182	0	-8	3727	182	2686	1704bc9bb445a63d1671260dcec9fcaafcb712ef8bb2840fbcd3543b409f6bc4
monk.Ani	70	0x000F54BF	2686	2674	3727	3715	182	2259	3715	0	516240	0	-8	3809	215	2701	43fe6a779015bd7079ec25eb64b936a1c99b44f161a4fc7f662574ff99d96636
monk.Ani	71	0x000F5F3D	2701	2689	3809	3797	215	2077	3797	0	512414	0	-8	3759	242	2650	eb3c443ede0e1fce1ab368d8a3991811c847b1044b7380bb68544e53113edd84
monk.Ani	72	0x000F69CA	2650	2638	3759	3747	242	1811	3747	0	507284	0	-8	12	0	12	fb567902eecab77a26de208f19744592e06bb1fbff23a1d18b795703b1a6abd4
monk.Ani	73	0x000F7424	12	0	12	0	0	0	0	0	0	skipped_when_size_minus_12_is_zero	unsafe_12_byte_metadata_plus_stale_scratch_tail	12	0	12	e3b0c44298fc1c149afbf4c8996fb92427ae41e4649b934ca495991b7852b855
monk.Ani	74	0x000F7430	12	0	12	0	0	0	0	0	0	skipped_when_size_minus_12_is_zero	unsafe_12_byte_metadata_plus_stale_scratch_tail	12	0	12	e3b0c44298fc1c149afbf4c8996fb92427ae41e4649b934ca495991b7852b855
monk.Ani	75	0x000F743C	12	0	12	0	0	0	0	0	0	skipped_when_size_minus_12_is_zero	unsafe_12_byte_metadata_plus_stale_scratch_tail	12	0	12	e3b0c44298fc1c149afbf4c8996fb92427ae41e4649b934ca495991b7852b855
monk.Ani	76	0x000F7448	12	0	12	0	0	0	0	0	0	skipped_when_size_minus_12_is_zero	unsafe_12_byte_metadata_plus_stale_scratch_tail	12	0	12	e3b0c44298fc1c149afbf4c8996fb92427ae41e4649b934ca495991b7852b855
monk.Ani	77	0x000F7454	12	0	12	0	0	0	0	0	0	skipped_when_size_minus_12_is_zero	unsafe_12_byte_metadata_plus_stale_scratch_tail	12	0	12	e3b0c44298fc1c149afbf4c8996fb92427ae41e4649b934ca495991b7852b855
monk.Ani	78	0x000F7460	12	0	12	0	0	0	0	0	0	skipped_when_size_minus_12_is_zero	unsafe_12_byte_metadata_plus_stale_scratch_tail	3849	249	2694	e3b0c44298fc1c149afbf4c8996fb92427ae41e4649b934ca495991b7852b855
monk.Ani	79	0x000F746C	2694	2682	3849	3837	249	1845	3837	0	507306	0	-8	3724	153	2753	a45af22f47b901d41e53701085eb526c5ad40c67bc2fdf619f01912e58ae868b
monk.Ani	80	0x000F7EF2	2753	2741	3724	3712	153	2488	3712	0	504752	0	-8	4122	134	3103	e949d8478043fe77298b9c84b905f5cc440bb69759969c52c31017bf90858a2e
monk.Ani	81	0x000F89B3	3103	3091	4122	4110	134	3038	4110	0	499650	0	-8	4301	122	3322	df88c96f752a67d6ccc9bea9f4bd87bcd5c5097e402f415f04005d0f09cf77b5
monk.Ani	82	0x000F95D2	3322	3310	4301	4289	122	3313	4289	0	490724	0	-8	4279	111	3311	47f98666ee6fa8c95bfbceaf5fe75514db8a5a5eb68f6e3e0ba97b7545622f8e
monk.Ani	83	0x000FA2CC	3311	3299	4279	4267	111	3379	4267	0	480516	0	-8	4227	110	3293	1621abfe6e5677b5cbc0b87c7c7d71194963acf7e8d92992ebeb113962423f46
monk.Ani	84	0x000FAFBB	3293	3281	4227	4215	110	3335	4215	0	467754	0	-8	4453	139	3509	d5076e220de1f22e66bda6d3f4ba67e780b83435676ef00fb36530623e136973
monk.Ani	85	0x000FBC98	3509	3497	4453	4441	139	3329	4441	0	457552	0	-8	4435	133	3295	4cbe3d7746490e476a5f088132c6ef581262d2dcc9adb515aa577ecedf7914c4
monk.Ani	86	0x000FCA4D	3295	3283	4435	4423	133	3359	4423	0	444794	0	-8	6065	262	4407	cb45b208f1b39f077d4b366106e7203ba9b7e79dd283c21afe677ae1e9f24734
monk.Ani	87	0x000FD72C	4407	4395	6065	6053	262	3957	6053	0	434588	0	-8	30365	817	21437	ddca3be11002929fe3a029e02d6da5f0a958d20a8d1fa45813df0af838f80d2f
monk.Ani	88	0x000FE863	21437	21425	30365	30353	817	23817	30353	0	546560	0	-8	42906	2667	32753	bf363b61f2858a7c7484b948b15ffdb7189cb73addebeb136b167cccffbeb661
monk.Ani	89	0x00103C20	32753	32741	42906	42894	2667	21558	42894	0	546560	0	-8	28466	1577	22620	64117907e9510372ed6d4ff078f554cb78ba6fb1f8029a91a35ae00c5e50b42d
monk.Ani	90	0x0010BC11	22620	22608	28466	28454	1577	15838	28454	0	546552	0	-8	14934	669	12793	10dd21bf31ce7bf17d59237399d898bd501047b132be997ad7b6657fa5ce7789
monk.Ani	91	0x0011146D	12793	12781	14934	14922	669	9570	14922	0	546482	0	-8	7360	374	6458	13916ea38ccba01c083b8b9433dac073b184f71777cbb8e0ba572b5bde9e0c33
monk.Ani	92	0x00114666	6458	6446	7360	7348	374	4356	7348	0	546552	0	-8	2120	71	1880	3bd9b8cadd9135747f59ce5135e99fee4a27c5ee25b53daadfbf8a9572f8eba9
monk.Ani	93	0x00115FA0	1880	1868	2120	2108	71	1540	2108	0	546552	0	-8	12	0	12	b4a10599d9da0382c8d622d304191f9d310dd6e895c42607188c4d7366ce490f
monk.Ani	94	0x001166F8	12	0	12	0	0	0	0	0	0	skipped_when_size_minus_12_is_zero	unsafe_12_byte_metadata_plus_stale_scratch_tail	12	0	12	e3b0c44298fc1c149afbf4c8996fb92427ae41e4649b934ca495991b7852b855
monk.Ani	95	0x00116704	12	0	12	0	0	0	0	0	0	skipped_when_size_minus_12_is_zero	unsafe_12_byte_metadata_plus_stale_scratch_tail	12	0	12	e3b0c44298fc1c149afbf4c8996fb92427ae41e4649b934ca495991b7852b855
monk.Ani	96	0x00116710	12	0	12	0	0	0	0	0	0	skipped_when_size_minus_12_is_zero	unsafe_12_byte_metadata_plus_stale_scratch_tail	5093	310	4213	e3b0c44298fc1c149afbf4c8996fb92427ae41e4649b934ca495991b7852b855
monk.Ani	97	0x0011671C	4213	4201	5093	5081	310	2601	5081	0	397438	0	-8	4244	286	3694	fc48d3716a78fe39719d306b139499165492dc201d64ff535eda204adc570328
monk.Ani	98	0x00117791	3694	3682	4244	4232	286	1944	4232	0	393618	0	-8	4237	267	3672	eb8545d7c1f778764a7255043067064e96f4694511fa4cd8c1c67f46441bfbf0
monk.Ani	99	0x001185FF	3672	3660	4237	4225	267	2089	4225	0	393618	0	-8	4148	274	3657	c99693858d3167aa5deaad5cf97165b060c081de00c49bb3b0520794c8cfec7d
monk.Ani	100	0x00119457	3657	3645	4148	4136	274	1944	4136	0	393618	0	-8	4222	290	3417	7cd0c2fa3a1d0e18e576389c37a19b9bd2c152ead959a955929e627743e6399c
monk.Ani	101	0x0011A2A0	3417	3405	4222	4210	290	1890	4210	0	393618	0	-8	12	0	12	15dc9910ff6ffa07f7bb2738f95bb6844fb13ee97d8ec79c9a79ca47abb621ad
monk.Ani	102	0x0011AFF9	12	0	12	0	0	0	0	0	0	skipped_when_size_minus_12_is_zero	unsafe_12_byte_metadata_plus_stale_scratch_tail	12	0	12	e3b0c44298fc1c149afbf4c8996fb92427ae41e4649b934ca495991b7852b855
monk.Ani	103	0x0011B005	12	0	12	0	0	0	0	0	0	skipped_when_size_minus_12_is_zero	unsafe_12_byte_metadata_plus_stale_scratch_tail	337	26	242	e3b0c44298fc1c149afbf4c8996fb92427ae41e4649b934ca495991b7852b855
monk.Ani	104	0x0011B011	242	230	337	325	26	117	325	0	545286	0	-8	478	37	363	8007e6f309fe0be26e95df8a60f8ee065731e1fabd1202400df1d2af96e6f698
monk.Ani	105	0x0011B103	363	351	478	466	37	170	466	0	545294	0	-8	814	46	565	94a0897da0e2a28d44a36d1b84d6fd0b4402b69f963b99b33fd6d87887f6fb27
monk.Ani	106	0x0011B26E	565	553	814	802	46	434	802	0	545324	0	-8	1508	64	1024	f3fa9dc633af0dded664be494231f774eecea2205d84aeb033d93f602d1eb510
monk.Ani	107	0x0011B4A3	1024	1012	1508	1496	64	984	1496	0	545340	0	-8	2295	65	1714	97ad5bb76b8d1814c9fe423b67d0bdf671561de17e6cbd5fa0a85cc9a1e57641
monk.Ani	108	0x0011B8A3	1714	1702	2295	2283	65	1763	2283	0	545384	0	-8	3740	134	2653	3478e706d73d1d12a645bf140d1264f256b2eeb7b5f4341b26fb6c2618cbc022
monk.Ani	109	0x0011BF55	2653	2641	3740	3728	134	2656	3728	0	545422	0	-8	4990	161	3367	d2eaf0405dcebba1a85e7336ea3c465fa554db14e5488c41757106af3999e81a
monk.Ani	110	0x0011C9B2	3367	3355	4990	4978	161	3690	4978	0	545468	0	-8	6981	222	4466	0cbd6a8c8c710244c880d923064eda6bae97515b600a470a4369591724cb5e15
monk.Ani	111	0x0011D6D9	4466	4454	6981	6969	222	5193	6969	0	545530	0	-8	9358	231	6214	ee84c507301ef65cfe8b831142bb697094ed92f6156705bd88104efe4783e494
monk.Ani	112	0x0011E84B	6214	6202	9358	9346	231	7498	9346	0	545570	0	-8	11310	296	7436	39ba130fc6bbb8607515999e6e81e9fc98ea139c5a09e68caa85523d700b10b9
monk.Ani	113	0x00120091	7436	7424	11310	11298	296	8930	11298	0	545604	0	-8	12311	340	7813	a58131933582e3689e59b3c5f13a5f9e393e2dc1b660af469d3175306360f6da
monk.Ani	114	0x00121D9D	7813	7801	12311	12299	340	9579	12299	0	545660	0	-8	12648	348	8592	77ba61552dee5c25eda465078ea179b70fbd3d6d521ecc57b1015ab230780fe9
monk.Ani	115	0x00123C22	8592	8580	12648	12636	348	9852	12636	0	545660	0	-8	12719	345	8305	a9ff26779afc9876a7cd92079d588c4f9d617647c2ad66dd38abc167b8390502
monk.Ani	116	0x00125DB2	8305	8293	12719	12707	345	9947	12707	0	531610	0	-8	12544	343	8758	32415765a81d22ca722e3f1faae96415671a4ba875eaa3735f69a6db2e6f1561
monk.Ani	117	0x00127E23	8758	8746	12544	12532	343	9788	12532	0	516298	0	-8	12123	316	8258	f7d17f921846b0a18842d91f1d778708a919583dc4e7ee60974c0f7f030bdc09
monk.Ani	118	0x0012A059	8258	8246	12123	12111	316	9583	12111	0	497148	0	-8	34388	765	23632	6fd78b25c1250ee53974596db8544345738ba655dd21d8bf96d766d14c7ee602
monk.Ani	119	0x0012C09B	23632	23620	34388	34376	765	28256	34376	0	545558	0	-8	42788	1765	31723	622e90fbd6a3d567d2b9eb6671dcda8d08f6ab8d691ae72f45881b10a81ed9a4
monk.Ani	120	0x00131CEB	31723	31711	42788	42776	1765	28656	42776	0	545558	0	-8	40274	1771	30503	cd8da9e544b9c800397b4299c8cb507914c79af23a24bb710fc211cab7c4c6b9
monk.Ani	121	0x001398D6	30503	30491	40274	40262	1771	26094	40262	0	545516	0	-8	24793	1092	19919	9ecc472da5e686bf980bf95ba1a5c23f4558b43806de5014e15d1f53a829dc74
monk.Ani	122	0x00140FFD	19919	19907	24793	24781	1092	16045	24781	0	545478	0	-8	8269	387	7191	29bc373ff7ebb0bdc3f062026937d1b48a3e7651d6ce9bc4f83af75543822f6a
monk.Ani	123	0x00145DCC	7191	7179	8269	8257	387	5161	8257	0	545478	0	-8	4567	159	4018	3f08cc2013bc69fba3732377db4beae2479c8e460b720db2b3bcb558866d8ebc
monk.Ani	124	0x001479E3	4018	4006	4567	4555	159	3283	4555	0	545370	0	-8	1170	84	869	7c6acc90024818bb1b358b551343b34c8fed2d733a725f04d6558b3dd1fe6fe9
monk.Ani	125	0x00148995	869	857	1170	1158	84	486	1158	0	545292	0	-8	2091	119	1393	8ef066797e86765b4dd8c4b4fd4483e31297e813359715ca7d4df65de494149d
monk.Ani	126	0x00148CFA	1393	1381	2091	2079	119	1127	2079	0	545308	0	-8	3074	134	2020	ef07887cd93a594c7dce33fdb80e55baada18c33e23cdb2a55b0c8d0775301f7
monk.Ani	127	0x0014926B	2020	2008	3074	3062	134	1990	3062	0	545308	0	-8	4207	120	3030	7b62ee3df60ad68b1984c508aa47526d06bb16384eac00b00e48a5e6f75045be
monk.Ani	128	0x00149A4F	3030	3018	4207	4195	120	3235	4195	0	541474	0	-8	4724	132	3378	0e0e76df4507d909502a049853afe70afad7c39b0d09ff423dc0a4a3ac7e2974
monk.Ani	129	0x0014A625	3378	3366	4724	4712	132	3656	4712	0	545590	0	-8	5853	176	3946	c16a0f172455d8ea25996f2fa9bee1cd04bd2c8b97b8ea946c6fb5a91c4330aa
monk.Ani	130	0x0014B357	3946	3934	5853	5841	176	4433	5841	0	545630	0	-8	7236	215	4852	e79281a7885251c5ec479f449266635daee545e96dfe57cb452a0d78bade16b3
monk.Ani	131	0x0014C2C1	4852	4840	7236	7224	215	5504	7224	0	545714	0	-8	8311	216	5655	fd9ad9c69fc7587b1c20edec05c56bb7be0fafb9e98c33473737176cc2489037
monk.Ani	132	0x0014D5B5	5655	5643	8311	8299	216	6571	8299	0	545718	0	-8	9361	252	6472	a2b2d2a06ca0be8cc1cc024948d1aa719269f52b8cddefbb8bec3407bbca8a5c
monk.Ani	133	0x0014EBCC	6472	6460	9361	9349	252	7333	9349	0	545718	0	-8	9920	279	7148	dff3c29b81fc667fedbfdbe1e16d9fc6998ba1bff6c9ee12bca8377d1530881e
monk.Ani	134	0x00150514	7148	7136	9920	9908	279	7676	9908	0	538078	0	-8	9748	279	7025	3dc9fadcf15f4683532f76cee593a117a15ce6b60f646c2745b728de09d52a14
monk.Ani	135	0x00152100	7025	7013	9748	9736	279	7504	9736	0	511238	0	-8	9725	270	7248	4b66602e1eee7f02bd3193f5068cb208bd068fc102fc1ae8de7b3180bb6c286a
monk.Ani	136	0x00153C71	7248	7236	9725	9713	270	7553	9713	0	485684	0	-8	9830	279	7130	9e586dabfd3382edbb7e624fa9472fc7ef12b341ec56126d1b8ec236223a3ee0
monk.Ani	137	0x001558C1	7130	7118	9830	9818	279	7586	9818	0	460126	0	-8	11207	370	8317	094e382b522c545baab74d068bf523d53f96ed55e9d53919338a098ea7c8d712
monk.Ani	138	0x0015749B	8317	8305	11207	11195	370	8235	11195	0	437134	0	-8	22494	328	16092	f772b4799ef0fa54fc1ae99c86069dc28abc9446237a9add73c37b90b101ddec
monk.Ani	139	0x00159518	16092	16080	22494	22482	328	19858	22482	0	439648	0	-8	45519	2143	30916	55c9528efd4baa7b2f2e03258e3fff8e454a137ee7582d1935f5ac555e28b790
monk.Ani	140	0x0015D3F4	30916	30904	45519	45507	2143	28363	45507	0	462686	0	-8	77645	4165	55179	0a23274fb26f93c9d21f2f77f6c29e4b60356a6fa10e7851386ee94854ec479f
monk.Ani	141	0x00164CB8	55179	55167	77645	77633	4165	44313	77633	0	504934	0	-8	95647	2399	76249	cef7e475ecd2a8aaf247c7ec6c54fcf0da26c5bd986a9c839d92f69c97e05e5a
monk.Ani	142	0x00172443	76249	76237	95647	95635	2399	76443	95635	0	546286	0	-8	111624	2325	97273	c7aec84a48d7f645f0836024b72d9a73d78ae2b78a9357b5888a1f63bcfeeb4c
monk.Ani	143	0x00184E1C	97273	97261	111624	111612	2325	93012	111612	0	546462	0	-8	5006	274	4184	68116278f2ca4f413d2f26dcaec1a7acee7b3acc6b67d3e6bede7b0c5199e8a5
monk.Ani	144	0x0019CA15	4184	4172	5006	4994	274	2802	4994	0	546462	0	-8	2453	104	1509	ac8ca9de0f7dd0567afaf6d782e8a64caee177f88a693db35e7faf5eb3e0afbf
monk.Ani	145	0x0019DA6D	1509	1497	2453	2441	104	1609	2441	0	545284	0	-8	3745	122	2658	44fc89e3a4005821698c2080d350ead23a4368165175bac9d61e3316a6669bc5
monk.Ani	146	0x0019E052	2658	2646	3745	3733	122	2757	3733	0	536348	0	-8	4077	140	2908	2e3edad78980431ecce43fe59c8dc5cca7124b3059f33f8e9c0025e984444a1e
monk.Ani	147	0x0019EAB4	2908	2896	4077	4065	140	2945	4065	0	523578	0	-8	4852	174	3410	f010a072bff0ca6e1fe948cf11cfc8072065bb32b888fbbed86fcd5e286ec068
monk.Ani	148	0x0019F610	3410	3398	4852	4840	174	3448	4840	0	545304	0	-8	5809	197	3846	acc8cc897f8e72ac42bb5559c65457a13e94f67d51c7465a6cde1ae3c7c1d430
monk.Ani	149	0x001A0362	3846	3834	5809	5797	197	4221	5797	0	545322	0	-8	7024	239	4822	662ca7e3a37d7eb0c257b2d0f3c632320719b96574d7b1d45c0c9ccd5f466702
monk.Ani	150	0x001A1268	4822	4810	7024	7012	239	5100	7012	0	545352	0	-8	7550	242	5119	ca67238563957d1609f1ea7ef613df9e3b5c83e0ea3f86f6c45d223e792238e9
monk.Ani	151	0x001A253E	5119	5107	7550	7538	242	5602	7538	0	545384	0	-8	8012	252	5506	6ca66e26c88d7dbe5479d68be345342f582f5b940c03fca9a0cb9e164ff86f25
monk.Ani	152	0x001A393D	5506	5494	8012	8000	252	5984	8000	0	545402	0	-8	8205	273	5660	57a1d047b53ee934489f33fdebb449c2308b619fb3ff6c724560ef83ce0cb3f9
monk.Ani	153	0x001A4EBF	5660	5648	8205	8193	273	6009	8193	0	545402	0	-8	8154	250	5659	b332ef709bbf9a65ff001dc1f1b7ba832a466e68de41bb5d9d592418db159a13
monk.Ani	154	0x001A64DB	5659	5647	8154	8142	250	6142	8142	0	533910	0	-8	8184	271	5768	b5350756c8a52f664d926a33dd44ad0c46f92eb2cde550d5c62fb9009bd10e1c
monk.Ani	155	0x001A7AF6	5768	5756	8184	8172	271	6004	8172	0	523700	0	-8	8663	270	6119	bc3025c67849326f4b8424bfece73a8c887bcd9d7c826758f95404b6062e7e44
monk.Ani	156	0x001A917E	6119	6107	8663	8651	270	6491	8651	0	545638	0	-8	9286	302	6493	a54147961330a734707751e33c59d9a20772d32d5c19c942f364b4f240eee553
monk.Ani	157	0x001AA965	6493	6481	9286	9274	302	6858	9274	0	545700	0	-8	10038	340	6920	ee9122f96a8017c993107a39a2db51dd8f7713ffac035dd7cc7f75a292fb70a1
monk.Ani	158	0x001AC2C2	6920	6908	10038	10026	340	7306	10026	0	545700	0	-8	10851	358	7503	bdd28733542df8792031c9cad5bbc521d45c98669549d9bf7b3b420c6c77cda0
monk.Ani	159	0x001ADDCA	7503	7491	10851	10839	358	7975	10839	0	545752	0	-8	11730	385	8156	b290cbe5083cb473afd9ffe4d8d41dd920c467f1446e8b0fe4699a47f6f117fd
monk.Ani	160	0x001AFB19	8156	8144	11730	11718	385	8638	11718	0	545752	0	-8	24158	692	18111	0b952c27621fd67ffd8f22b376233e6cb2cfa8b933080541b48565f44a3855ed
monk.Ani	161	0x001B1AF5	18111	18099	24158	24146	692	18610	24146	0	545748	0	-8	26580	867	20500	f12ffa06687e2eb4912dd746ff3dd3e714708e0e87b687479c77515accb81885
monk.Ani	162	0x001B61B4	20500	20488	26580	26568	867	19632	26568	0	545356	0	-8	21578	722	16437	2b6afbc03e0a9253aeb659555254493296fa285f9f6b14b17d324190982b7586
monk.Ani	163	0x001BB1C8	16437	16425	21578	21566	722	15790	21566	0	545396	0	-8	17359	552	12538	e140feb4791c73165966364b7ad32d130a91eec1167193afe10a09a394946c8c
monk.Ani	164	0x001BF1FD	12538	12526	17359	17347	552	12931	17347	0	545466	0	-8	28699	957	20899	7e7644bc271c95964ac76178c5afc6d2d83a294bf4204d63de30878a903739b9
monk.Ani	165	0x001C22F7	20899	20887	28699	28687	957	21031	28687	0	545506	0	-8	31381	1346	24194	0fb0baa62e1c850e8d185a9e81a074677921fe3b48fed814beeba2bc8e68b3b2
monk.Ani	166	0x001C749A	24194	24182	31381	31369	1346	20601	31369	0	545506	0	-8	24464	817	18921	721a26a9c8af0c0ad7c5c20ca8182ccb10d274cdadfcfc3518a18102de17e89b
monk.Ani	167	0x001CD31C	18921	18909	24464	24452	817	17916	24452	0	545530	0	-8	20620	653	15810	bc11da0d9caa6fbaf4336467daaba03f501f7845524ce7f387762f0309131c78
monk.Ani	168	0x001D1D05	15810	15798	20620	20608	653	15384	20608	0	545530	0	-8	14953	522	10466	7f17eb6b8bae306e096a42e250fdd2e2d2c701e9394f390c5e79e55c5189b7c6
monk.Ani	169	0x001D5AC7	10466	10454	14953	14941	522	10765	14941	0	536592	0	-8	23896	550	17228	570dbc4dc94a5592cd5874ffea57f661f016bfd0e9d749f4f64e088a7e4363d3
monk.Ani	170	0x001D83A9	17228	17216	23896	23884	550	19484	23884	0	545700	0	-8	25427	905	19844	92d5b020677fe636b74b359649bb8e176e4e0ebe281440a95c62f59bf7c2ed80
monk.Ani	171	0x001DC6F5	19844	19832	25427	25415	905	18175	25415	0	545716	0	-8	19334	710	14757	33d8371acd545e904626db28c473eb5b782ab1fdc394387fab90851ff0a1e072
monk.Ani	172	0x001E1479	14757	14745	19334	19322	710	13642	19322	0	545756	0	-8	15695	568	11838	63ddb41d645e8f460f1ab7451f4c42529604cd259864f5c54112e99175110793
monk.Ani	173	0x001E4E1E	11838	11826	15695	15683	568	11139	15683	0	545808	0	-8	14779	509	10979	1c1d7c08c87e84eafe83ef17660e75b73c8cf61fc73125372108db37b0692273
monk.Ani	174	0x001E7C5C	10979	10967	14779	14767	509	10695	14767	0	545808	0	-8	15591	616	11844	e1defbf40e496ac8c8275a5fa5e203f5af94a49aabe2c6e53f8e76f33fb29683
monk.Ani	175	0x001EA73F	11844	11832	15591	15579	616	10651	15579	0	545774	0	-8	15857	423	12093	11e0752406cd7a3c8d87bc5d149af169a9dbe90e41996923f0c93e6880294f2e
monk.Ani	176	0x001ED583	12093	12081	15857	15845	423	12461	15845	0	544514	0	-8	30421	1141	22305	86fb672a8aa0d653babc5ab7178d040f4b1ceb621e663cff4e0d7b6204c25729
monk.Ani	177	0x001F04C0	22305	22293	30421	30409	1141	21281	30409	0	529178	0	-8	58503	2764	43637	325583f0e5542e19f9af6b0e324b5ef3ca3663603104c776beb73281cc097958
monk.Ani	178	0x001F5BE1	43637	43625	58503	58491	2764	36379	58491	0	511276	0	-8	149360	10652	105069	0c79b4b5a7403edb9da19bac6f8a02611522490a48d776f465a093dfc813ddd4
monk.Ani	179	0x00200656	105069	105057	149360	149348	10652	64132	149348	0	545870	0	-8	131900	7635	102387	3868ba64a5362c34450aed7830c2f9af1c981933f8ec1271efa3c661ad23ead3
monk.Ani	180	0x0021A0C3	102387	102375	131900	131888	7635	70808	131888	0	545870	0	-8	10981	433	8804	ad8c146f0cdbde5df215ce8c2de3ab6aea5dbcbc9a0eca7e9e1a7bcc676cac78
monk.Ani	181	0x002330B6	8804	8792	10981	10969	433	7505	10969	0	462704	0	-8	5212	229	3884	0403d0bb83f40e671a16394c38240bd32e37670e13dd0398ed38e68f4be9e128
monk.Ani	182	0x0023531A	3884	3872	5212	5200	229	3368	5200	0	444802	0	-8	15564	250	11707	ddd770132aa76b6bdc72f30fbe6d69a163244e0a4f3301ae69bb5eed52aae709
monk.Ani	183	0x00236246	11707	11695	15564	15552	250	13552	15552	0	426906	0	-8	13456	431	10942	3cc17dbf09d1f911cfc157d6c732266a5a0589e5c778c4a8b87b312f7c77e4cf
monk.Ani	184	0x00239001	10942	10930	13456	13444	431	9996	13444	0	424362	0	-8	13651	410	11308	1b34e0889f210deb58da9eb5d72d555d96578a4c261390230b883df7bbf53ef6
monk.Ani	185	0x0023BABF	11308	11296	13651	13639	410	10359	13639	0	425832	0	-8	7286	289	5879	c89ece6c0948c20925db6630097b415930cd2a005dd08f863331a8c0f39af7c6
monk.Ani	186	0x0023E6EB	5879	5867	7286	7274	289	4962	7274	0	425934	0	-8	7247	221	5818	5607e2855826e36655b85e0dcd1bd7d953c4d0f17685c50398055b891e4de4dc
monk.Ani	187	0x0023FDE2	5818	5806	7247	7235	221	5467	7235	0	426036	0	-8	5208	170	4089	1d442a85c73891778f737dd49912adeebc85cc1998b7e8f68459e1a0504e6ffa
monk.Ani	188	0x0024149C	4089	4077	5208	5196	170	3836	5196	0	426138	0	-8	7183	282	5953	fa6eb195943eac620b21dd9b96f0b74c56cc5cba01cd105b67563466d014d1c7
monk.Ani	189	0x00242495	5953	5941	7183	7171	282	4915	7171	0	426138	0	-8	12	0	12	686d3d92508a67556e9ef5a0907437a84ed74deadb113b7dcb835837de4bbf50
monk.Ani	190	0x00243BD6	12	0	12	0	0	0	0	0	0	skipped_when_size_minus_12_is_zero	unsafe_12_byte_metadata_plus_stale_scratch_tail	12	0	12	e3b0c44298fc1c149afbf4c8996fb92427ae41e4649b934ca495991b7852b855
monk.Ani	191	0x00243BE2	12	0	12	0	0	0	0	0	0	skipped_when_size_minus_12_is_zero	unsafe_12_byte_metadata_plus_stale_scratch_tail	12	0	12	e3b0c44298fc1c149afbf4c8996fb92427ae41e4649b934ca495991b7852b855
monk.Ani	192	0x00243BEE	12	0	12	0	0	0	0	0	0	skipped_when_size_minus_12_is_zero	unsafe_12_byte_metadata_plus_stale_scratch_tail	280	21	210	e3b0c44298fc1c149afbf4c8996fb92427ae41e4649b934ca495991b7852b855
monk.Ani	193	0x00243BFA	210	198	280	268	21	100	268	0	545288	0	-8	884	38	545	bbb466efc7cb3713346ff4cdb1fcc61a3665a573d8f87b05d76e62f59615ba17
monk.Ani	194	0x00243CCC	545	533	884	872	38	568	872	0	545320	0	-8	1762	67	1250	1a7c1cbb20f8d2a9c28fdcb383a88d21b3511e57dadac8848f506c11d95c1846
monk.Ani	195	0x00243EED	1250	1238	1762	1750	67	1214	1750	0	545356	0	-8	3855	185	2638	d2fbd94ba795efb0cabf59c757dfa14a075d996aebed84562a0d491db960c201
monk.Ani	196	0x002443CF	2638	2626	3855	3843	185	2363	3843	0	545376	0	-8	6585	283	4197	69ed70157183033dcd885415bc250d2982ee6a217cc21cc1c02976b716575c03
monk.Ani	197	0x00244E1D	4197	4185	6585	6573	283	4309	6573	0	545398	0	-8	9698	367	5970	784a51424ef333e2072ce211ede9104037de98b253ac067413aa40c2cdf8a3d7
monk.Ani	198	0x00245E82	5970	5958	9698	9686	367	6750	9686	0	545456	0	-8	13051	482	8129	a24fa412cd1bf8775d902d410a33e15b172f305deb2e53a29195ee82673b683f
monk.Ani	199	0x002475D4	8129	8117	13051	13039	482	9183	13039	0	545668	0	-8	15483	539	9761	7239bad491d7da12ae34fecb786d0ab5ef4d0140ef8ae9503384c33db3ea220d
monk.Ani	200	0x00249595	9761	9749	15483	15471	539	11159	15471	0	545690	0	-8	18329	669	11665	6a17022c219303485fd229217f3a607815f004732ec4407a23d88781df14a339
monk.Ani	201	0x0024BBB6	11665	11653	18329	18317	669	12965	18317	0	545722	0	-8	22333	857	13284	d6d350f32b2e42852818430b78612ea35467fd6c5cc406fe4579e7bd2d12f30b
monk.Ani	202	0x0024E947	13284	13272	22333	22321	857	15465	22321	0	545894	0	-8	27555	1022	16627	9c2003359fa5e960689d0fe10ebb251d8e542c5c254704a4672754a8b2827886
monk.Ani	203	0x00251D2B	16627	16615	27555	27543	1022	19367	27543	0	545902	0	-8	32247	1160	19563	28139f9137fe1d3f27dfc01954922e8402e72f7c63107077325df033a74bd9eb
monk.Ani	204	0x00255E1E	19563	19551	32247	32235	1160	22955	32235	0	545936	0	-8	35779	1257	22072	1d9b72a815281ca52816f635cf51cb8e9790ab151eec62d94d7150b624772a2b
monk.Ani	205	0x0025AA89	22072	22060	35779	35767	1257	25711	35767	0	545936	0	-8	38586	1356	24010	1b3c49db6c3c3a251f981c90bf069fdc12a58e7291ef160dd341f3d117357d6b
monk.Ani	206	0x002600C1	24010	23998	38586	38574	1356	27726	38574	0	545932	0	-8	40552	1341	24842	a465db254ce68fff738e961fde15e7fb94123fc60d175ddd9a22c8d7e8011bfe
monk.Ani	207	0x00265E8B	24842	24830	40552	40540	1341	29812	40540	0	545804	0	-8	43831	1460	27739	f1ad5486b8cfcd18b2ce076c45f40f2c4cf955433844b97de3929d4540584b9f
monk.Ani	208	0x0026BF95	27739	27727	43831	43819	1460	32139	43819	0	545840	0	-8	46476	1586	29221	d79823ca7b0e1fc0189d012d8727e1ec01965f7f119271ba3dcb965dee5f6d9a
monk.Ani	209	0x00272BF0	29221	29209	46476	46464	1586	33776	46464	0	545870	0	-8	49105	1663	31280	444d2a864e73f6796768dfa866de197b17c71a276043c62b2c73e11a5a506e4c
monk.Ani	210	0x00279E15	31280	31268	49105	49093	1663	35789	49093	0	545870	0	-8	167489	2003	107334	7ca55e0c468a896d4e7ed979f65e42d47718d41cfb863d6ab023229b0aa507a9
monk.Ani	211	0x00281845	107334	107322	167489	167477	2003	151453	167477	0	546142	0	-8	276394	14361	186182	532b01df543c57a9f66cc0b009e97ffa231e919f785e8fad1e47f2df0413dd47
monk.Ani	212	0x0029BB8B	186182	186170	276394	276382	14361	161494	276382	0	546328	0	-8	205692	6621	148381	5bef66adae5318b8a7581d6e2e6a1b3c29b91bd0363706cd8b31faeb00b5efa9
monk.Ani	213	0x002C92D1	148381	148369	205692	205680	6621	152712	205680	0	546328	0	-8	307220	1	191036	653ade315210bac0cf72457c7877184925971dac7665a7c87e745cb178083731
monk.Ani	214	0x002ED66E	191036	191024	307220	307208	1	307200	307208	0	614400	0	-8	307220	1	198652	da4b4899a3c364b50d9c8003279bc8644a8e68ffc629d595234613df68d5ae80
monk.Ani	215	0x0031C0AA	198652	198640	307220	307208	1	307200	307208	0	614400	0	-8	242293	5407	210501	988f0db719311b37b5755dcc631d909ff19fef54d8d6e2c64411982c69a62fcd
monk.Ani	216	0x0034C8A6	210501	210489	242293	242281	5407	199025	242281	0	546408	0	-8	12	0	12	6b57cfa6199bc4b9276eeb1876a22f52ed297a87307e9f546018d3cac7b41a8b
monk.Ani	217	0x0037FEEB	12	0	12	0	0	0	0	0	0	skipped_when_size_minus_12_is_zero	unsafe_12_byte_metadata_plus_stale_scratch_tail	12	0	12	e3b0c44298fc1c149afbf4c8996fb92427ae41e4649b934ca495991b7852b855
monk.Ani	218	0x0037FEF7	12	0	12	0	0	0	0	0	0	skipped_when_size_minus_12_is_zero	unsafe_12_byte_metadata_plus_stale_scratch_tail	12	0	12	e3b0c44298fc1c149afbf4c8996fb92427ae41e4649b934ca495991b7852b855
monk.Ani	219	0x0037FF03	12	0	12	0	0	0	0	0	0	skipped_when_size_minus_12_is_zero	unsafe_12_byte_metadata_plus_stale_scratch_tail	12	0	12	e3b0c44298fc1c149afbf4c8996fb92427ae41e4649b934ca495991b7852b855
monk.Ani	220	0x0037FF0F	12	0	12	0	0	0	0	0	0	skipped_when_size_minus_12_is_zero	unsafe_12_byte_metadata_plus_stale_scratch_tail	12	0	12	e3b0c44298fc1c149afbf4c8996fb92427ae41e4649b934ca495991b7852b855
monk.Ani	221	0x0037FF1B	12	0	12	0	0	0	0	0	0	skipped_when_size_minus_12_is_zero	unsafe_12_byte_metadata_plus_stale_scratch_tail	12	0	12	e3b0c44298fc1c149afbf4c8996fb92427ae41e4649b934ca495991b7852b855
monk.Ani	222	0x0037FF27	12	0	12	0	0	0	0	0	0	skipped_when_size_minus_12_is_zero	unsafe_12_byte_metadata_plus_stale_scratch_tail	12	0	12	e3b0c44298fc1c149afbf4c8996fb92427ae41e4649b934ca495991b7852b855
monk.Ani	223	0x0037FF33	12	0	12	0	0	0	0	0	0	skipped_when_size_minus_12_is_zero	unsafe_12_byte_metadata_plus_stale_scratch_tail	12	0	12	e3b0c44298fc1c149afbf4c8996fb92427ae41e4649b934ca495991b7852b855
monk.Ani	224	0x0037FF3F	12	0	12	0	0	0	0	0	0	skipped_when_size_minus_12_is_zero	unsafe_12_byte_metadata_plus_stale_scratch_tail	12	0	12	e3b0c44298fc1c149afbf4c8996fb92427ae41e4649b934ca495991b7852b855
monk.Ani	225	0x0037FF4B	12	0	12	0	0	0	0	0	0	skipped_when_size_minus_12_is_zero	unsafe_12_byte_metadata_plus_stale_scratch_tail	12	0	12	e3b0c44298fc1c149afbf4c8996fb92427ae41e4649b934ca495991b7852b855
monk.Ani	226	0x0037FF57	12	0	12	0	0	0	0	0	0	skipped_when_size_minus_12_is_zero	unsafe_12_byte_metadata_plus_stale_scratch_tail	188634	20958	91045	e3b0c44298fc1c149afbf4c8996fb92427ae41e4649b934ca495991b7852b855
monk.Ani	227	0x0037FF63	91045	91033	188634	188622	20958	20958	188622	0	546516	0	-8	204350	22704	98339	2c04659d6065241454c0616acd3340241311a022e619379a0b8bc23a2b45b6b4
monk.Ani	228	0x00396308	98339	98327	204350	204338	22704	22706	204338	0	546534	0	-8	225749	25081	108950	6bf602cd0a073a6f33bbf7a98c89595875ce7aa4551f08fdf1a0641ac62c7a36
monk.Ani	229	0x003AE32B	108950	108938	225749	225737	25081	25089	225737	0	546552	0	-8	239618	26517	118657	c5c36d83560ee286e46974b356933866964de9ac84bf1c7f8a9521065a5fdc36
monk.Ani	230	0x003C8CC1	118657	118645	239618	239606	26517	27470	239606	0	546558	0	-8	244824	26849	125162	52325ce3eab89f336cf4b447c7293ad6d302cc0cb05809b7d45d1ca91620b862
monk.Ani	231	0x003E5C42	125162	125150	244824	244812	26849	30020	244812	0	546520	0	-8	255996	27757	133647	21e878581e0667ba3d2e3717b291d7c4198ed1f2b450ea0df13bb6b567f2e949
monk.Ani	232	0x0040452C	133647	133635	255996	255984	27757	33928	255984	0	546538	0	-8	271463	29045	142061	862bb76251e34f18251584d4ce52754813544757215c4d09135388fdbe97eb11
monk.Ani	233	0x00424F3B	142061	142049	271463	271451	29045	39091	271451	0	546556	0	-8	271993	28385	147891	e493d86ad71fa18ec3e15a2d2c9606a3b5e2a5b279dec26b9c096d5ff0e8a519
monk.Ani	234	0x00447A28	147891	147879	271993	271981	28385	44901	271981	0	546512	0	-8	256333	25672	143694	5733d5d6d458435081cc1ba06a07fd770afa37d4244bf2fbebe3a6830de4ce89
monk.Ani	235	0x0046BBDB	143694	143682	256333	256321	25672	50945	256321	0	546530	0	-8	234681	22208	133072	caf9d3ac5cb16451e4811b1aac64f17c0e7f28a68d765bd7f1507274c111cb08
monk.Ani	236	0x0048ED29	133072	133060	234681	234669	22208	57005	234669	0	546542	0	-8	211127	18237	115098	7abaf906d583c5a846f1f9746f235a71118142dab42a05bddbfa3b3774d2b2bc
monk.Ani	237	0x004AF4F9	115098	115086	211127	211115	18237	65219	211115	0	546560	0	-8	68177	1895	40618	b0a5867753dcd09d0021f46a019d628dd0ba9161d266b194a0ea4a27bb8eeb2f
monk.Ani	238	0x004CB693	40618	40606	68177	68165	1895	53005	68165	0	546102	0	-8	73503	2006	45301	3f2d802f5806de094f3ece719d86ef532e52b785b359cfb0ff824d8435e63e3d
monk.Ani	239	0x004D553D	45301	45289	73503	73491	2006	57443	73491	0	546138	0	-8	76587	2170	46632	892160a32f219ba20a752acfcc86e79427a92eed2ccad837596c3fa9460533a9
monk.Ani	240	0x004E0632	46632	46620	76587	76575	2170	59215	76575	0	546138	0	-8	80259	2187	48590	2eb1aea0da9131b0ad0c4782e3d79242fa13f5cb393b137a1de86077ecd3cb34
monk.Ani	241	0x004EBC5A	48590	48578	80259	80247	2187	62751	80247	0	546008	0	-8	84424	2266	51538	ddffc426c4e1f5ba3da2ea6a4e886d97d080e3a155c8ca3c1567d247ce6ece12
monk.Ani	242	0x004F7A28	51538	51526	84424	84412	2266	66284	84412	0	546020	0	-8	87965	2413	53578	87ad0319fed37bae0b69d500a9774c13d5f7ebcef101ae58ca5e18d1d6eaf9cf
monk.Ani	243	0x0050437A	53578	53566	87965	87953	2413	68649	87953	0	546056	0	-8	93442	2617	55484	8bade1ee2fda2af9372f97904a47d4f1e264e802410dcba89de6c87f9d70a2f2
monk.Ani	244	0x005114C4	55484	55472	93442	93430	2617	72494	93430	0	546056	0	-8	97817	2648	58622	d67cfe14e4be8a3f61b104e2991d0886d522ceff33e9bf365d5600bc0f89d2c4
monk.Ani	245	0x0051ED80	58622	58610	97817	97805	2648	76621	97805	0	545608	0	-8	100579	2667	60622	8a8ff73577fb65f87319dac9e85fd7fa3c7a6a6636009725ae9de9183185c215
monk.Ani	246	0x0052D27E	60622	60610	100579	100567	2667	79231	100567	0	545648	0	-8	100424	2688	62303	b049523b8377b2c558a6bebbbb599b1badb06d848aacfdb9442b52a958fc9693
monk.Ani	247	0x0053BF4C	62303	62291	100424	100412	2688	78908	100412	0	545698	0	-8	99761	2762	60588	7a153f894e65aef8a0847cd47b9022c09a083687bb8446ff0d64df54bbca6f36
monk.Ani	248	0x0054B2AB	60588	60576	99761	99749	2762	77653	99749	0	546146	0	-8	98822	2643	61223	54455b522c115850a3c8595f7cfd8bf497a8c95b548383032cbe430074f3a341
monk.Ani	249	0x00559F57	61223	61211	98822	98810	2643	77666	98810	0	546198	0	-8	99962	2707	61647	076aa75d15d2d40349500ae162616c1c2180de6cb79fc59e8ed3e93b49f5a59c
monk.Ani	250	0x00568E7E	61647	61635	99962	99950	2707	78294	99950	0	546238	0	-8	100049	2744	61165	4bb66f6c7cdebbf4d2b52188d058e4042de83149f763c33b10fca60d4f24a19f
monk.Ani	251	0x00577F4D	61165	61153	100049	100037	2744	78085	100037	0	546288	0	-8	100553	2805	62498	67b80b953209c9cdb80df3eb679f32a559af9bc020f49277520e30ea1bdec510
monk.Ani	252	0x00586E3A	62498	62486	100553	100541	2805	78101	100541	0	546338	0	-8	100017	2739	62588	f6f9734b5a6c39aa8f2d52d247b2d29dfb5da6b9dca59acd78068eb464bd12f0
monk.Ani	253	0x0059625C	62588	62576	100017	100005	2739	78093	100005	0	546384	0	-8	99425	2682	62601	36d3c75417a0582a2ce1efce2cb47fd3fb5bd91c5c96ed1850f24a20b179da0c
monk.Ani	254	0x005A56D8	62601	62589	99425	99413	2682	77957	99413	0	546414	0	-8	100137	2745	62989	8e2a1e8af359be02fad686c8dc1cf046274f5d69b72f404496bbc3f0661f7ee9
monk.Ani	255	0x005B4B61	62989	62977	100137	100125	2745	78165	100125	0	546468	0	-8	98941	2701	61748	63081991e51a18b1ea27deffe89969534a8e95b0a9fcc88275eaedf53ac2047a
monk.Ani	256	0x005C416E	61748	61736	98941	98929	2701	77321	98929	0	546468	0	-8	97764	2653	62016	6333f38b4416385ba699a25b5a0103ca625db807a26b3dd6c8324d9f43f66918
monk.Ani	257	0x005D32A2	62016	62004	97764	97752	2653	76528	97752	0	546132	0	-8	93072	2481	59138	6db1349d0d895732760141f9f9cc305cabd3fc3e368f40f95b2a81fcdbab5e84
monk.Ani	258	0x005E24E2	59138	59126	93072	93060	2481	73212	93060	0	546188	0	-8	89594	2462	56395	b3e3529707fe150f828892357ca64d17de9d8db755d7d0fbde386bf7025e81cc
monk.Ani	259	0x005F0BE4	56395	56383	89594	89582	2462	69886	89582	0	546246	0	-8	88099	2455	55600	c4595e39f6edc26137b87c2886d43f676aa1c3333c96153202019c46db2789f0
monk.Ani	260	0x005FE82F	55600	55588	88099	88087	2455	68447	88087	0	546274	0	-8	87338	2397	55253	e68923e4ac76fe7397faea83a7a9e98e1e39c706891fc9d8c24b385a3ffc1382
monk.Ani	261	0x0060C15F	55253	55241	87338	87326	2397	68150	87326	0	546336	0	-8	86109	2277	54137	25c6ed4a328f0dd12720b85ebf010def02749c15acf3e9d36036ee213d9c6bff
monk.Ani	262	0x00619934	54137	54125	86109	86097	2277	67881	86097	0	546360	0	-8	85663	2315	53727	97d7ba23aa47a8eaedb55d8bb9e5c0bf6a58fda50be4b14a9878bd8755b1d182
monk.Ani	263	0x00626CAD	53727	53715	85663	85651	2315	67131	85651	0	546360	0	-8	86175	2359	54638	4881ee8775cc63a5071477830dcd611c098bdaf9e746b7a076e9c51a9a2a5a20
monk.Ani	264	0x00633E8C	54638	54626	86175	86163	2359	67291	86163	0	545932	0	-8	85870	2270	54357	bf5ac651f6dfb38010621e2eb4d0897ad9f83a5fd408fd18a22d862591445368
monk.Ani	265	0x006413FA	54357	54345	85870	85858	2270	67698	85858	0	545974	0	-8	83626	2237	53043	39f228f645481a4244ef7fd0e35765576ca1c1b35d1816563df9e7ebe70fe0d6
monk.Ani	266	0x0064E84F	53043	53031	83626	83614	2237	65718	83614	0	546032	0	-8	78886	2195	50400	4bb6686a42c57ec0979db82bdd3b7fb8059b59bd6d50eb424037809f1dfdb676
monk.Ani	267	0x0065B782	50400	50388	78886	78874	2195	61314	78874	0	546032	0	-8	73287	2051	46022	ff1f58ae712f0cbf1c52bfc6f8207ee82431be5155a63cb11ff64e614efe52b8
monk.Ani	268	0x00667C62	46022	46010	73287	73275	2051	56867	73275	0	540940	0	-8	71591	1933	45102	3cf1f517547350c280d23d72d6e243b5ec8e9c3d01b2f2a1b35ba5d4d14ab930
monk.Ani	269	0x00673028	45102	45090	71591	71579	1933	56115	71579	0	529466	0	-8	70426	1938	44168	b4254e3afeff45aca5ae8f6e6ceea2de9a3e0d482784bc9b1e2a2047f0e88504
monk.Ani	270	0x0067E056	44168	44156	70426	70414	1938	54910	70414	0	520554	0	-8	67982	1867	43455	897f0fa5f69056431662f81d4171544ead1c53d57d080e24a764de055e7d1a07
monk.Ani	271	0x00688CDE	43455	43443	67982	67970	1867	53034	67970	0	507806	0	-8	88098	2562	63499	b40d45b149661cdf762b25edae9e1ea649e55fcd00ab4dd4915001d194a71a49
monk.Ani	272	0x0069369D	63499	63487	88098	88086	2562	67590	88086	0	545392	0	-8	80527	2444	57977	2159d44375aa8c22b1f5c6df6dee6e7cb5fe049c5e48439dc711c5b0da7b8cd7
monk.Ani	273	0x006A2EA8	57977	57965	80527	80515	2444	60963	80515	0	546144	0	-8	75771	2209	55402	4d90884085f1f1e85c4a2bb3fa5ce039b5e9bf6a684fca567b7685ce859acf6a
monk.Ani	274	0x006B1121	55402	55390	75771	75759	2209	58087	75759	0	546182	0	-8	73069	2071	53544	4cd4441cb1043f3ba0564c5fe687381d625f181e7c14d5209d58038186264a5e
monk.Ani	275	0x006BE98B	53544	53532	73069	73057	2071	56489	73057	0	546226	0	-8	67865	1978	49456	24cc91fdf7d65b6c5ff6c0ec2444f591299c129fe328af69d96530a9da6bde44
monk.Ani	276	0x006CBAB3	49456	49444	67865	67853	1978	52029	67853	0	546278	0	-8	61108	1718	47198	11a0d0ffb12eb1bb59231640d0650ce597545f801f0db9c948f915761c96c625
monk.Ani	277	0x006D7BE3	47198	47186	61108	61096	1718	47352	61096	0	546316	0	-8	54943	1804	43526	88e8f745a44383b655e809882598a4c17150c83123461ac5b741db0ab8a6598e
monk.Ani	278	0x006E3441	43526	43514	54943	54931	1804	40499	54931	0	546352	0	-8	52080	1890	41000	0a1999875ceb4942066202efa7b676e34a9f5f046a178deef10b3ff273d5a633
monk.Ani	279	0x006EDE47	41000	40988	52080	52068	1890	36948	52068	0	546394	0	-8	41980	1209	34030	8b7d8a439ad299cf605f03240a8ed9d206438d12f972fd97e55051b68ea478d6
monk.Ani	280	0x006F7E6F	34030	34018	41980	41968	1209	32296	41968	0	546394	0	-8	31323	940	26460	7eb4222371db3ba99065a4cc5bed74135d3e5d53ab01593260e2b1b42bcb52d4
monk.Ani	281	0x0070035D	26460	26448	31323	31311	940	23791	31311	0	546442	0	-8	30629	1185	25135	8c168aaa1e898f960be69c447d8b7186ce35e589bb18a1e8007463053575b7fb
monk.Ani	282	0x00706AB9	25135	25123	30629	30617	1185	21137	30617	0	546560	0	-8	12	0	12	f02c2a839b1303841bf4b2832fe51a2f8fc74360c284069f4786210b93a09825
monk.Ani	283	0x0070CCE8	12	0	12	0	0	0	0	0	0	skipped_when_size_minus_12_is_zero	unsafe_12_byte_metadata_plus_stale_scratch_tail	12	0	12	e3b0c44298fc1c149afbf4c8996fb92427ae41e4649b934ca495991b7852b855
monk.Ani	284	0x0070CCF4	12	0	12	0	0	0	0	0	0	skipped_when_size_minus_12_is_zero	unsafe_12_byte_metadata_plus_stale_scratch_tail	12	0	12	e3b0c44298fc1c149afbf4c8996fb92427ae41e4649b934ca495991b7852b855
monk.Ani	285	0x0070CD00	12	0	12	0	0	0	0	0	0	skipped_when_size_minus_12_is_zero	unsafe_12_byte_metadata_plus_stale_scratch_tail	12	0	12	e3b0c44298fc1c149afbf4c8996fb92427ae41e4649b934ca495991b7852b855
monk.Ani	286	0x0070CD0C	12	0	12	0	0	0	0	0	0	skipped_when_size_minus_12_is_zero	unsafe_12_byte_metadata_plus_stale_scratch_tail	12	0	12	e3b0c44298fc1c149afbf4c8996fb92427ae41e4649b934ca495991b7852b855
monk.Ani	287	0x0070CD18	12	0	12	0	0	0	0	0	0	skipped_when_size_minus_12_is_zero	unsafe_12_byte_metadata_plus_stale_scratch_tail	12	0	12	e3b0c44298fc1c149afbf4c8996fb92427ae41e4649b934ca495991b7852b855
monk.Ani	288	0x0070CD24	12	0	12	0	0	0	0	0	0	skipped_when_size_minus_12_is_zero	unsafe_12_byte_metadata_plus_stale_scratch_tail	12	0	12	e3b0c44298fc1c149afbf4c8996fb92427ae41e4649b934ca495991b7852b855
monk.Ani	289	0x0070CD30	12	0	12	0	0	0	0	0	0	skipped_when_size_minus_12_is_zero	unsafe_12_byte_metadata_plus_stale_scratch_tail	12	0	12	e3b0c44298fc1c149afbf4c8996fb92427ae41e4649b934ca495991b7852b855
monk.Ani	290	0x0070CD3C	12	0	12	0	0	0	0	0	0	skipped_when_size_minus_12_is_zero	unsafe_12_byte_metadata_plus_stale_scratch_tail	12	0	12	e3b0c44298fc1c149afbf4c8996fb92427ae41e4649b934ca495991b7852b855
monk.Ani	291	0x0070CD48	12	0	12	0	0	0	0	0	0	skipped_when_size_minus_12_is_zero	unsafe_12_byte_metadata_plus_stale_scratch_tail	12	0	12	e3b0c44298fc1c149afbf4c8996fb92427ae41e4649b934ca495991b7852b855
monk.Ani	292	0x0070CD54	12	0	12	0	0	0	0	0	0	skipped_when_size_minus_12_is_zero	unsafe_12_byte_metadata_plus_stale_scratch_tail	4220	178	3496	e3b0c44298fc1c149afbf4c8996fb92427ae41e4649b934ca495991b7852b855
monk.Ani	293	0x0070CD60	3496	3484	4220	4208	178	2784	4208	0	396110	0	-8	12	0	12	7c966c948f1b735284a4d3cde0703114c51ac338240294df9e9faf0e5bd422d4
monk.Ani	294	0x0070DB08	12	0	12	0	0	0	0	0	0	skipped_when_size_minus_12_is_zero	unsafe_12_byte_metadata_plus_stale_scratch_tail	12	0	12	e3b0c44298fc1c149afbf4c8996fb92427ae41e4649b934ca495991b7852b855
monk.Ani	295	0x0070DB14	12	0	12	0	0	0	0	0	0	skipped_when_size_minus_12_is_zero	unsafe_12_byte_metadata_plus_stale_scratch_tail	676	42	461	e3b0c44298fc1c149afbf4c8996fb92427ae41e4649b934ca495991b7852b855
monk.Ani	296	0x0070DB20	461	449	676	664	42	328	664	0	545308	0	-8	1697	65	1051	95763e46dd53bfa61b5a94c841dbd8f72e6b580ce01bc59c6e0ca4ecc16d4c76
monk.Ani	297	0x0070DCED	1051	1039	1697	1685	65	1165	1685	0	545334	0	-8	4785	230	3204	24f36153628330deb3623e132225d9e090b87d48fc91429d5b4adee4b8f6ab24
monk.Ani	298	0x0070E108	3204	3192	4785	4773	230	2933	4773	0	545472	0	-8	8526	298	4907	61399b174611653208f69aabc50339e010c9530cd5f63d1087c8ce53af79154b
monk.Ani	299	0x0070ED8C	4907	4895	8526	8514	298	6130	8514	0	545642	0	-8	13483	460	8615	1bb2ca3f94e18b2fe47e28d154fc59ff614fd236c2af822419661762ebbc0d53
monk.Ani	300	0x007100B7	8615	8603	13483	13471	460	9791	13471	0	545680	0	-8	16856	533	10965	304319fa1136d6a1d5f2f459afebfcca2aaad9ea1128241af9ae6bcc0acf97c1
monk.Ani	301	0x0071225E	10965	10953	16856	16844	533	12580	16844	0	545706	0	-8	19587	608	12201	02d1911ab4dc2a8748f648b658578479e61cb771ea2cd566135305670c7421aa
monk.Ani	302	0x00714D33	12201	12189	19587	19575	608	14711	19575	0	545784	0	-8	24139	765	14883	fac4eafd7839ec0c82228e00aae87cece20941976728d855a3bc18bbc40f79da
monk.Ani	303	0x00717CDC	14883	14871	24139	24127	765	18007	24127	0	545892	0	-8	29940	939	18403	1fc38b1feafc26e9974978ebaa3ad0a745fd01012bf26531c6d303877ed895ef
monk.Ani	304	0x0071B6FF	18403	18391	29940	29928	939	22416	29928	0	545930	0	-8	35719	1056	21857	d8f0146c7e63754576f49a41c62e8aa7f339a16b5c0d12682210c055286b3c61
monk.Ani	305	0x0071FEE2	21857	21845	35719	35707	1056	27259	35707	0	545954	0	-8	42647	1286	26190	5f8a2d2f21e175234edbf79ee0b910ccbf82c1b535afe207d165be5066fa05cb
monk.Ani	306	0x00725443	26190	26178	42647	42635	1286	32347	42635	0	546116	0	-8	49228	1463	30193	290a16009a2be08d13c601ff103ca95688feccab5d1e644071c4431f11bc632f
monk.Ani	307	0x0072BA91	30193	30181	49228	49216	1463	37512	49216	0	546144	0	-8	56667	1680	35692	29006f63574e109c5502ea1aa7791f5a22dad88fd9cd8632dc1bcca21fee0943
monk.Ani	308	0x00733082	35692	35680	56667	56655	1680	43215	56655	0	546192	0	-8	64907	1916	40932	d820ad9e5564312dc2b41b67a77e6d4f1f3889fd999e1c71969c94534c4735cd
monk.Ani	309	0x0073BBEE	40932	40920	64907	64895	1916	49567	64895	0	546222	0	-8	75566	2277	47262	8fa1a4ed2b77619e1dd0199b9b777b9cc74d87d9dfb8244631d7da1118596a79
monk.Ani	310	0x00745BD2	47262	47250	75566	75554	2277	57338	75554	0	546246	0	-8	85695	2520	53888	027c7ff2d34e670c9aa4d00252f706e08186780b7313ae4958b89401a02eb47a
monk.Ani	311	0x00751470	53888	53876	85695	85683	2520	65523	85683	0	546272	0	-8	92625	2639	57668	1fc4c1ef834195a9602569a51dcfb2651aedc19fd521c4dc7bada9ece2771ade
monk.Ani	312	0x0075E6F0	57668	57656	92625	92613	2639	71501	92613	0	546272	0	-8	291930	7776	225444	50e03bf391aefb7f7d3cd5ccb590d8b29c877f9f99241a51a06de016ad06ef6f
monk.Ani	313	0x0076C834	225444	225432	291930	291918	7776	229710	291918	0	546560	0	-8	12	0	12	9c51554b40723d0b8d9d67b7a2a8a19e4643a63fd17f1174daec957f688aefc0
monk.Ani	314	0x007A38D8	12	0	12	0	0	0	0	0	0	skipped_when_size_minus_12_is_zero	unsafe_12_byte_metadata_plus_stale_scratch_tail	12	0	12	e3b0c44298fc1c149afbf4c8996fb92427ae41e4649b934ca495991b7852b855
monk.Ani	315	0x007A38E4	12	0	12	0	0	0	0	0	0	skipped_when_size_minus_12_is_zero	unsafe_12_byte_metadata_plus_stale_scratch_tail	12	0	12	e3b0c44298fc1c149afbf4c8996fb92427ae41e4649b934ca495991b7852b855
monk.Ani	316	0x007A38F0	12	0	12	0	0	0	0	0	0	skipped_when_size_minus_12_is_zero	unsafe_12_byte_metadata_plus_stale_scratch_tail	12	0	12	e3b0c44298fc1c149afbf4c8996fb92427ae41e4649b934ca495991b7852b855
monk.Ani	317	0x007A38FC	12	0	12	0	0	0	0	0	0	skipped_when_size_minus_12_is_zero	unsafe_12_byte_metadata_plus_stale_scratch_tail	12	0	12	e3b0c44298fc1c149afbf4c8996fb92427ae41e4649b934ca495991b7852b855
monk.Ani	318	0x007A3908	12	0	12	0	0	0	0	0	0	skipped_when_size_minus_12_is_zero	unsafe_12_byte_metadata_plus_stale_scratch_tail	12	0	12	e3b0c44298fc1c149afbf4c8996fb92427ae41e4649b934ca495991b7852b855
monk.Ani	319	0x007A3914	12	0	12	0	0	0	0	0	0	skipped_when_size_minus_12_is_zero	unsafe_12_byte_metadata_plus_stale_scratch_tail	12	0	12	e3b0c44298fc1c149afbf4c8996fb92427ae41e4649b934ca495991b7852b855
monk.Ani	320	0x007A3920	12	0	12	0	0	0	0	0	0	skipped_when_size_minus_12_is_zero	unsafe_12_byte_metadata_plus_stale_scratch_tail	307220	1	156486	e3b0c44298fc1c149afbf4c8996fb92427ae41e4649b934ca495991b7852b855
monk.Ani	321	0x007A392C	156486	156474	307220	307208	1	307200	307208	0	614400	0	-8	307220	1	148202	aee8e57a881b8da9e34ff4461c0d811ae62ee4975e27d0465576b49fdbba895e
monk.Ani	322	0x007C9C72	148202	148190	307220	307208	1	307200	307208	0	614400	0	-8	307220	1	149420	ca71126453fbb1275d05272e337a059e0c0a4e209b2aadfe12a47ce3754aa2a4
monk.Ani	323	0x007EDF5C	149420	149408	307220	307208	1	307200	307208	0	614400	0	-8	275015	14763	158662	6843a424cfe92b6a253d1e6f1ab1e8fe481e550fb79e8114a6bf025df17ea88a
monk.Ani	324	0x00812708	158662	158650	275015	275003	14763	156899	275003	0	546512	0	-8	1457	155	739	08046e60af36de135362bf0223586d26689d143d6ea5c56d5b9f1b7d36c92c3a
monk.Ani	325	0x008392CE	739	727	1457	1445	155	205	1445	0	394850	0	-8	12	0	12	3089bb0d83f3d62aacc95d93e3a28b0bccd125b0b216944d3a6822dc9eecb423
monk.Ani	326	0x008395B1	12	0	12	0	0	0	0	0	0	skipped_when_size_minus_12_is_zero	unsafe_12_byte_metadata_plus_stale_scratch_tail	12	0	12	e3b0c44298fc1c149afbf4c8996fb92427ae41e4649b934ca495991b7852b855
monk.Ani	327	0x008395BD	12	0	12	0	0	0	0	0	0	skipped_when_size_minus_12_is_zero	unsafe_12_byte_metadata_plus_stale_scratch_tail	12	0	12	e3b0c44298fc1c149afbf4c8996fb92427ae41e4649b934ca495991b7852b855
monk.Ani	328	0x008395C9	12	0	12	0	0	0	0	0	0	skipped_when_size_minus_12_is_zero	unsafe_12_byte_metadata_plus_stale_scratch_tail	12	0	12	e3b0c44298fc1c149afbf4c8996fb92427ae41e4649b934ca495991b7852b855
monk.Ani	329	0x008395D5	12	0	12	0	0	0	0	0	0	skipped_when_size_minus_12_is_zero	unsafe_12_byte_metadata_plus_stale_scratch_tail	12	0	12	e3b0c44298fc1c149afbf4c8996fb92427ae41e4649b934ca495991b7852b855
monk.Ani	330	0x008395E1	12	0	12	0	0	0	0	0	0	skipped_when_size_minus_12_is_zero	unsafe_12_byte_metadata_plus_stale_scratch_tail	0	117463967	1118719	e3b0c44298fc1c149afbf4c8996fb92427ae41e4649b934ca495991b7852b855
nicole.Ani	1	0x00000024	187005	186993	307220	307208	1	307200	307208	0	614400	0	-8	4042	290	2988	dc1289fe540db82badad9c735a78713f99d2369b1ccb895b98061c7945b8aafc
nicole.Ani	2	0x0002DAA1	2988	2976	4042	4030	290	1710	4030	0	283526	0	-8	4455	246	3292	ec1c5f0b10bb19d9a105ed51716cc20b12f5150eb14991bd909ed17ba825aa49
nicole.Ani	3	0x0002E64D	3292	3280	4455	4443	246	2475	4443	0	282252	0	-8	4969	283	3697	c24844eb64301723aae33699aaa145b569387464c4e316ec73043d8f59b52a3d
nicole.Ani	4	0x0002F329	3697	3685	4969	4957	283	2693	4957	0	281016	0	-8	5497	299	4082	bbeed516a3a1e78ee9a7475fa9ebcda36d52300b95dcb24702d9c3b188598eb8
nicole.Ani	5	0x0003019A	4082	4070	5497	5485	299	3093	5485	0	282318	0	-8	8872	563	6546	d0b5cc44c6b4c4becbca1447b440d55b2864b35242b6b47e5e1a8d2f93884b39
nicole.Ani	6	0x0003118C	6546	6534	8872	8860	563	4356	8860	0	334344	0	-8	3106	167	2512	d8ea300242ac352b504c6d3aaf698266c8f2eacba83b65520cd31b1706998b14
nicole.Ani	7	0x00032B1E	2512	2500	3106	3094	167	1758	3094	0	279776	0	-8	3109	182	2503	894ad77904fa4bd2d0c3e574c0bac574d3b3377b69743422ac352695fac8c967
nicole.Ani	8	0x000334EE	2503	2491	3109	3097	182	1641	3097	0	274672	0	-8	3239	202	2564	efc0748b943b0b814eb0cca1c6eb7050661fc9f3543c532836af98dbb2a614ae
nicole.Ani	9	0x00033EB5	2564	2552	3239	3227	202	1611	3227	0	270846	0	-8	7183	462	5281	7d99ef3ef1fd6bb711c483057406f216a9ea817b16c71f38cef89fa204cfc54a
nicole.Ani	10	0x000348B9	5281	5269	7183	7171	462	3475	7171	0	333088	0	-8	7039	443	5186	1b5aaff6bd80892316f074f5b93fb9766acfea8779977dc7d17ed5253bd0d5fc
nicole.Ani	11	0x00035D5A	5186	5174	7039	7027	443	3483	7027	0	327980	0	-8	8421	524	5966	3d287ece3657c92a10fbc85a37c4e9a0d189aa8887dd5e62020c2601d37b6533
nicole.Ani	12	0x0003719C	5966	5954	8421	8409	524	4217	8409	0	322874	0	-8	7785	502	5655	ca6c2f0beaab4da5b8658e160fa4e946490b7c5e2617337309b815a6be3b0384
nicole.Ani	13	0x000388EA	5655	5643	7785	7773	502	3757	7773	0	315236	0	-8	7114	468	5217	05dc99a1a18da42118c75eba5ac93ef9bf8182d8d378e93e6f85fd782b0b696f
nicole.Ani	14	0x00039F01	5217	5205	7114	7102	468	3358	7102	0	306314	0	-8	6548	510	4737	288126401aa7cc2faa24b991c0e12ba2a106b35dbddd6eb65cc2da0e1de4c550
nicole.Ani	15	0x0003B362	4737	4725	6548	6536	510	2456	6536	0	301214	0	-8	6783	463	4838	7f459b642fdeb6bd614faea269eb4a07db7eef24813f77e949de7abdb2c11119
nicole.Ani	16	0x0003C5E3	4838	4826	6783	6771	463	3067	6771	0	299946	0	-8	7417	560	5485	c9435acbce12c97b830a314785cd28c0217d8457178dc505122c3c0e4b3033b0
nicole.Ani	17	0x0003D8C9	5485	5473	7417	7405	560	2925	7405	0	299946	0	-8	3766	310	2744	7b797d1d36a95b64fbb2d4e13bc6241d91afbf588d84260a0509d5181f645844
nicole.Ani	18	0x0003EE36	2744	2732	3766	3754	310	1274	3754	0	255518	0	-8	3550	257	2624	aa304029a6070bf699217914d4184b8a46d37d6427a489ad8f6d40cb1b72fe4a
nicole.Ani	19	0x0003F8EE	2624	2612	3550	3538	257	1482	3538	0	254240	0	-8	3446	255	2574	56d4fc482f495cb32cc36f9815181cdbd2f4571b9bc74fe3e87c52981f9916e1
nicole.Ani	20	0x0004032E	2574	2562	3446	3434	255	1394	3434	0	255526	0	-8	3565	248	2746	1d274aa4b40671a016f2c49c85576772ed08fe26896af7776ff48bc9cb80b0cb
nicole.Ani	21	0x00040D3C	2746	2734	3565	3553	248	1569	3553	0	255526	0	-8	3596	253	2723	50a59e1871fe9aa893c23aef160ef184281bccafaaf038d4eb1cd0bc8e991a4a
nicole.Ani	22	0x000417F6	2723	2711	3596	3584	253	1560	3584	0	252970	0	-8	3546	256	2645	1dd59c04b35fc8b8ac330ca803933113c6e1391cadd56adbd45967ecf41056f5
nicole.Ani	23	0x00042299	2645	2633	3546	3534	256	1486	3534	0	250414	0	-8	828	62	658	91e610efb9f50df4118d96828d04d03f5e538b1062341785ce86d8ab9e44d2fa
nicole.Ani	24	0x00042CEE	658	646	828	816	62	320	816	0	205654	0	-8	3543	246	2635	83f1488c3ad584d7ad5ea7ad6d6e43a71ed1c347e3ff3ae924233a9822eca369
nicole.Ani	25	0x00042F80	2635	2623	3543	3531	246	1563	3531	0	249138	0	-8	3559	263	2689	3533626cc401cdea5c93f53683af4a4ea1a0e4cf64c5eef5c159f1fb402caca3
nicole.Ani	26	0x000439CB	2689	2677	3559	3547	263	1443	3547	0	244020	0	-8	3624	278	2648	7b1679d89cfbb0ecc91d326cfb7f4fc02a42451ad3f5f2cf005a1c1ac2ac1232
nicole.Ani	27	0x0004444C	2648	2636	3624	3612	278	1388	3612	0	240182	0	-8	3146	272	2353	1dba2ccb6358fb1e63dcc0ec2efb79750fb1e301236d2b7dfa1ba83a5b4c14bc
nicole.Ani	28	0x00044EA4	2353	2341	3146	3134	272	958	3134	0	238904	0	-8	3475	260	2591	8d459aff31e5fbf058a97b3af6eb9ddcaba04e1e8b7df09ecf97103b58063503
nicole.Ani	29	0x000457D5	2591	2579	3475	3463	260	1383	3463	0	238904	0	-8	3767	310	2752	b90a323ef407d86f4e71a305efd7b02cdfe54ae50822799929befe2d9930feb9
nicole.Ani	30	0x000461F4	2752	2740	3767	3755	310	1275	3755	0	235064	0	-8	913	76	688	c0d53ad3f28358477b5720e2a534b7fd46486200c1698d171acc29a478fc6291
nicole.Ani	31	0x00046CB4	688	676	913	901	76	293	901	0	190302	0	-8	3110	276	2310	22c5a2fc1b24e909d329fbdcab03f4b920dd16bae5ce659400eb18dae891d694
nicole.Ani	32	0x00046F64	2310	2298	3110	3098	276	890	3098	0	233786	0	-8	3108	273	2327	77a1396ef35ced07c54408cee9068b94e9a4f0833b96410c6222fc6edf302059
nicole.Ani	33	0x0004786A	2327	2315	3108	3096	273	912	3096	0	232506	0	-8	3713	308	2683	306606be398b69e7ed6b896be25274798bbef666599e0edd5106287b32393d82
nicole.Ani	34	0x00048181	2683	2671	3713	3701	308	1237	3701	0	232508	0	-8	3490	258	2596	259a3ca7d9958819f2a868df314d9726db848e7472c33d00f1b035f01109d4f9
nicole.Ani	35	0x00048BFC	2596	2584	3490	3478	258	1414	3478	0	236348	0	-8	3810	317	2769	8b6df94172d2fbcf44cdc1fc065b9aac9ba11e45469ef39c8c6b4e365f190a4f
nicole.Ani	36	0x00049620	2769	2757	3810	3798	317	1262	3798	0	236348	0	-8	6979	565	4786	663cc3cfeb71bd60adb786eb2d63879902d3d6a800245e8d6b9afdbdacc770cf
nicole.Ani	37	0x0004A0F1	4786	4774	6979	6967	565	2447	6967	0	235072	0	-8	4395	402	2991	47b3859733e20da564a5809410aae84d8f50f9df7f54e30b6890a00f9cb431cc
nicole.Ani	38	0x0004B3A3	2991	2979	4395	4383	402	1167	4383	0	235074	0	-8	3720	278	2806	d11b1972a1f3cbf998320c3efeeab16dd4e17d89d3c23ccbf69066fe9d3fbc50
nicole.Ani	39	0x0004BF52	2806	2794	3720	3708	278	1484	3708	0	237636	0	-8	5178	435	3782	06502e58cefc4e723a595cb6a94bc3bd02e99321c1c28b56b20e0465e62759d6
nicole.Ani	40	0x0004CA48	3782	3770	5178	5166	435	1686	5166	0	237636	0	-8	6571	556	4672	41f9571079b7c2315af6841330efe724c632ed62ca4968ef96784d7529e9b336
nicole.Ani	41	0x0004D90E	4672	4660	6571	6559	556	2111	6559	0	236358	0	-8	6998	576	4969	87dc401deed2e1f7e1661480a3e4f3c152d3bd90e5969e6c99ceadb1034fe746
nicole.Ani	42	0x0004EB4E	4969	4957	6998	6986	576	2378	6986	0	235084	0	-8	7935	695	5622	ada7b1c3b8f901f732e427ee56ade74c9688d3a2e96a0fc8b1d1865f25e74ac5
nicole.Ani	43	0x0004FEB7	5622	5610	7935	7923	695	2363	7923	0	236366	0	-8	8018	656	5844	38b69ec6d2da9a7cec3aa6e8c77229b79243bc6a074abb0aef9690efdb3789fb
nicole.Ani	44	0x000514AD	5844	5832	8018	8006	656	2758	8006	0	236366	0	-8	7924	645	5727	f26b9e84aa51dd8ac355f08c3d88881e27a0330c906d2cd9dc321a15c1e67a0e
nicole.Ani	45	0x00052B81	5727	5715	7924	7912	645	2752	7912	0	233810	0	-8	8416	701	6053	c05b145eb1d78d29d9ea2bf15985d16012d518f0021b5e44a1a6c08c8caa32d9
nicole.Ani	46	0x000541E0	6053	6041	8416	8404	701	2796	8404	0	231254	0	-8	8104	708	5777	879e17ab23964ea9c71fd34c60adde155b4f960705e6bafd533b7e67bb0e40ad
nicole.Ani	47	0x00055985	5777	5765	8104	8092	708	2428	8092	0	229980	0	-8	7790	658	5632	bcb5f16a764fd1aa529411a2b96438df938060458d968a26788bd2f1e1331140
nicole.Ani	48	0x00057016	5632	5620	7790	7778	658	2514	7778	0	229980	0	-8	7555	648	5487	7e385f44bb4b59a6fe4dcfd89fb1a2990b95a7dd0b131867f4f51055f79a2998
nicole.Ani	49	0x00058616	5487	5475	7555	7543	648	2359	7543	0	228478	0	-8	8257	719	5870	bb1e31ac52fc8b990d2cc17ea501810322ae609a2e188079305a4f2e0925d8c5
nicole.Ani	50	0x00059B85	5870	5858	8257	8245	719	2493	8245	0	228478	0	-8	7802	721	5439	78a1b15a9c28a8fcc01046c343ecab6c29b66791dc9d04362a9179d6de1654f0
nicole.Ani	51	0x0005B273	5439	5427	7802	7790	721	2022	7790	0	227200	0	-8	6646	566	4861	b6385606223eb49d0daa5e6380ac5082a02637342ce069c4c0968829f6abb696
nicole.Ani	52	0x0005C7B2	4861	4849	6646	6634	566	2106	6634	0	228444	0	-8	6947	583	5062	bb6900778533856e5945cd49b368ce2e186f51a2bfd3b40ceddbc38158363833
nicole.Ani	53	0x0005DAAF	5062	5050	6947	6935	583	2271	6935	0	228476	0	-8	7866	697	5542	a6fc8a34e373f6af7b105dd5188301ae7f695a3bfccbdc4799a1ada359ec5002
nicole.Ani	54	0x0005EE75	5542	5530	7866	7854	697	2278	7854	0	228478	0	-8	7571	581	5597	dbfa33e56cbdbb46ae387e0c3322d837738f12f2a3802db3328a62c35f1a3c4f
nicole.Ani	55	0x0006041B	5597	5585	7571	7559	581	2911	7559	0	225922	0	-8	8459	740	5983	a11eeb07e01473e6cd1dc2d4079f8bb64f2849a601b242d4761241147e806f9a
nicole.Ani	56	0x000619F8	5983	5971	8459	8447	740	2527	8447	0	227204	0	-8	7800	634	5572	450c2525ecb8555ddc51b30a4aa7d443bb3eb9b9fa60d79631b5af1439558616
nicole.Ani	57	0x00063157	5572	5560	7800	7788	634	2716	7788	0	224644	0	-8	8054	709	5498	8d94f081f906be902cda4ad3bc6aeb6fc60c96a5068c4c659aa3f8a6a0ed42b9
nicole.Ani	58	0x0006471B	5498	5486	8054	8042	709	2370	8042	0	227204	0	-8	6954	549	4779	6fdcceb57bcf0721d6bfc3313109fee067d5dcb113b916102b4257e73f7ab582
nicole.Ani	59	0x00065C95	4779	4767	6954	6942	549	2550	6942	0	225926	0	-8	2348	227	1506	e8d8abb1dc66e050beffd20275aa23aee05ae23500daa6b70777df1d634c95af
nicole.Ani	60	0x00066F40	1506	1494	2348	2336	227	520	2336	0	176234	0	-8	3868	297	2831	0bccddbac6f6cc76f6bd25781bce88199d3d76d838cb1556e8e78b090026df80
nicole.Ani	61	0x00067522	2831	2819	3868	3856	297	1480	3856	0	219718	0	-8	3120	270	2308	dcc92704bf54c074d2ddcf531b8ecdb2793b5642446389420dc7eb9cc8c51776
nicole.Ani	62	0x00068031	2308	2296	3120	3108	270	948	3108	0	220994	0	-8	3593	260	2656	ca8cc5a693d7353ebea2f20192aa3415caf36ef8f22d50a0331207c58fe560a3
nicole.Ani	63	0x00068935	2656	2644	3593	3581	260	1501	3581	0	224832	0	-8	4190	388	2899	6888d9e7046b37fc97a85838e2ea0915c6e2005f4c56f91fe930afce3d5d74af
nicole.Ani	64	0x00069395	2899	2887	4190	4178	388	1074	4178	0	224832	0	-8	970	78	747	da1e02348d0a5da15c125d4465c97eb08ab9ed00f30c2f718fa2166da05ef42f
nicole.Ani	65	0x00069EE8	747	735	970	958	78	334	958	0	177484	0	-8	3706	307	2701	2286b3e1cbe1e1a48842fe9653753a3e8bed35766ce7750c290361d3014ccbf9
nicole.Ani	66	0x0006A1D3	2701	2689	3706	3694	307	1238	3694	0	226112	0	-8	6833	463	5171	f5f998ab47f5d484b0cf4218f0f693603e9dfb6472fc7cfb3d62cc6f31696f74
nicole.Ani	67	0x0006AC60	5171	5159	6833	6821	463	3117	6821	0	299942	0	-8	3101	275	2314	498a1e5552dd8715175ca0c4289a1f67e1dcf76df45215e960962588eb6fb4dd
nicole.Ani	68	0x0006C093	2314	2302	3101	3089	275	889	3089	0	229952	0	-8	4138	374	2835	12f33b779b8e9b44a7a6ec2c5b3bd275d735199400d81ba9a9f291cb440f04fa
nicole.Ani	69	0x0006C99D	2835	2823	4138	4126	374	1134	4126	0	228674	0	-8	3121	197	2464	2b9c42044be445193f5adaa00153d6c06320ab689ad352708b25f9f2a90fb30c
nicole.Ani	70	0x0006D4B0	2464	2452	3121	3109	197	1533	3109	0	230830	0	-8	2747	233	2087	71a2758bcc00fc12167343473276e151226f540d56a072b28367dcf93d836856
nicole.Ani	71	0x0006DE50	2087	2075	2747	2735	233	871	2735	0	235952	0	-8	2820	245	2195	abdb2044426ebf760c401ff78bc7dcca29ecda012d361dd513fb5c0fdca366b3
nicole.Ani	72	0x0006E677	2195	2183	2820	2808	245	848	2808	0	235952	0	-8	545	44	440	50255972432aa4b60cef2aaf742cf43e69777daf7bf37d3cdaafc2766c83353d
nicole.Ani	73	0x0006EF0A	440	428	545	533	44	181	533	0	230830	0	-8	3043	237	2314	7e71ed9e347faf89e5ae47328d1417672d0ec59828e0d814313b431b6bd59674
nicole.Ani	74	0x0006F0C2	2314	2302	3043	3031	237	1135	3031	0	230830	0	-8	3169	261	2391	7429b66c6e5e482cd76516d4372e70acf68bbf4f352ed0715147e908736d248d
nicole.Ani	75	0x0006F9CC	2391	2379	3169	3157	261	1069	3157	0	230830	0	-8	2760	239	2128	e0d4b579726e7a72aca696157f68cdcb243b15efb7f84f4fd71b7f55c20ba977
nicole.Ani	76	0x00070323	2128	2116	2760	2748	239	836	2748	0	226128	0	-8	3568	324	2499	59ae43cb37f9923701c76d567d2c1dcdfd1ccfcedd39c26fe8102c260c8bf4de
nicole.Ani	77	0x00070B73	2499	2487	3568	3556	324	964	3556	0	224850	0	-8	2996	232	2309	14969dcddc564368d61eb5260b3d89bbd2b044dfb0a1a6cffc010d34e39ddfd3
nicole.Ani	78	0x00071536	2309	2297	2996	2984	232	1128	2984	0	227412	0	-8	2680	226	2033	7316b7662b0e5ba2bf592eb316cf6968b52cae83c399cc3930d26cb556ef73ec
nicole.Ani	79	0x00071E3B	2033	2021	2680	2668	226	860	2668	0	227412	0	-8	2759	239	2126	4be248c55e99b1ea11118a4003c0bd9b76c690ba69259cc5da71e28af19c563a
nicole.Ani	80	0x0007262C	2126	2114	2759	2747	239	835	2747	0	226132	0	-8	3160	261	2414	6145e1d3ba085563da578df8503f4212f46fa0d3e6212484696158ed13b51bd3
nicole.Ani	81	0x00072E7A	2414	2402	3160	3148	261	1060	3148	0	226134	0	-8	2883	129	2378	248da6a1bcf9304f4bbbe2284e5978db5b51f80243baa8560f53c76ce0f6366f
nicole.Ani	82	0x000737E8	2378	2366	2883	2871	129	1839	2871	0	226134	0	-8	2815	188	2278	432dc3ed121954c0c31f616478e815eb4b03fc7f74a70d12b30286a65a225de3
nicole.Ani	83	0x00074132	2278	2266	2815	2803	188	1299	2803	0	219736	0	-8	3160	274	2413	542e4e69152e258f5bb6a4078ba094fee6d8898ed181085b353c8e1dde2285e1
nicole.Ani	84	0x00074A18	2413	2401	3160	3148	274	956	3148	0	215894	0	-8	3186	277	2425	8c27dc5cf4576f13d44727772fb71ba6b5ebdb1edd8fbb7a8d00a46c4301e2b4
nicole.Ani	85	0x00075385	2425	2413	3186	3174	277	958	3174	0	215894	0	-8	3548	322	2608	560184759407b57ee2f0f3bb8a527a6b23975267a67862e58b58b34ad59ecad6
nicole.Ani	86	0x00075CFE	2608	2596	3548	3536	322	960	3536	0	215894	0	-8	2930	216	2352	6826cf0b50a72cf091f4b5efabe0cb743145cb5b5ddccc7a70bd59eb3b5d1048
nicole.Ani	87	0x0007672E	2352	2340	2930	2918	216	1190	2918	0	215892	0	-8	3092	236	2421	aa9b03172c542e3c5100b904a2be7cba1ee468c772fbdc59a923debf52a36562
nicole.Ani	88	0x0007705E	2421	2409	3092	3080	236	1192	3080	0	213332	0	-8	3072	228	2404	7624a5b9a3d44f570046d491715eb760adbe6dabf63091316cc8d0e2bdb67449
nicole.Ani	89	0x000779D3	2404	2392	3072	3060	228	1236	3060	0	213330	0	-8	3546	322	2590	5df30b26d17001ffcad3ca01d68c27448a0f952ec5ae573c985e844423cb6808
nicole.Ani	90	0x00078337	2590	2578	3546	3534	322	958	3534	0	213330	0	-8	2909	213	2326	dc0f9dc3de4c391a3c46c7a79835d75b673ab876274307689200879c0fa07db3
nicole.Ani	91	0x00078D55	2326	2314	2909	2897	213	1193	2897	0	213328	0	-8	3170	276	2409	1f66d6174021a202ce25ab5170bb829e2f76dbdafafb9d9f5f8833a7a68741d7
nicole.Ani	92	0x0007966B	2409	2397	3170	3158	276	950	3158	0	210766	0	-8	3205	280	2430	2cea4d00d34a46e0ba359aa4a53b836ddafc057e17096696b10b3cf2ed288a85
nicole.Ani	93	0x00079FD4	2430	2418	3205	3193	280	953	3193	0	210766	0	-8	3164	265	2423	43a9cec5a668e6a6acc9e672259e0b1c05540acfcf3103eb47649157752064cb
nicole.Ani	94	0x0007A952	2423	2411	3164	3152	265	1032	3152	0	212044	0	-8	2928	216	2328	118a2b297280a73bc17200ac95aff586b2224784575949dd2a4a9704623519ab
nicole.Ani	95	0x0007B2C9	2328	2316	2928	2916	216	1188	2916	0	212044	0	-8	837	75	624	245c7773b3a1529814063262ec8b6c92bbb7e284c8f02cffe1423565fbc5bff7
nicole.Ani	96	0x0007BBE1	624	612	837	825	75	225	825	0	209494	0	-8	3049	225	2423	22ffb252afda5732905a810dc858a561d0fcf5b1f335eb45ce12828cf24f8e64
nicole.Ani	97	0x0007BE51	2423	2411	3049	3037	225	1237	3037	0	212040	0	-8	3114	241	2396	88777bba54569546cab23b876df4d52c14560d861cb1d7c9d7910d14c0b8455b
nicole.Ani	98	0x0007C7C8	2396	2384	3114	3102	241	1174	3102	0	212040	0	-8	2898	212	2315	1f5f7203264b902734324871dc8c50384713ee7f9059d056f3b36a5000d265da
nicole.Ani	99	0x0007D124	2315	2303	2898	2886	212	1190	2886	0	212036	0	-8	3591	328	2600	7d4961cbda70c1c730c427596b843706df9292e0bfc6feb51a4285c9a1fbeb01
nicole.Ani	100	0x0007DA2F	2600	2588	3591	3579	328	955	3579	0	209484	0	-8	3001	219	2377	e9266a88f651977691ad829735e86f2466bfdbfcf8f01c5e67713fa8b8f50f33
nicole.Ani	101	0x0007E457	2377	2365	3001	2989	219	1237	2989	0	212030	0	-8	6351	404	4992	88f44d2f45ada343965ac9b49e845fa38c1df48ecddadfeca1ba044ffffe8f2b
nicole.Ani	102	0x0007EDA0	4992	4980	6351	6339	404	3107	6339	0	299952	0	-8	7103	584	5201	cafa839f8c0242e6691af0e312e20545fc15dee716aff6e49f75b36b7d79d6e2
nicole.Ani	103	0x00080120	5201	5189	7103	7091	584	2419	7091	0	299954	0	-8	6621	485	5035	a72684dbbe3ba72be877674ea3361be21fa0816664b654fa5ccbdb38f07852d5
nicole.Ani	104	0x00081571	5035	5023	6621	6609	485	2729	6609	0	299954	0	-8	6216	351	4958	e9586b0fad8bf5596d39e694a5e64aa372a4a97096ea87393894a2c460cf6cfa
nicole.Ani	105	0x0008291C	4958	4946	6216	6204	351	3396	6204	0	298680	0	-8	6392	372	5012	db7d838e8e01ca62549e550e8a1999f0126c3e0d1c01a54da22719bd2ba74bcf
nicole.Ani	106	0x00083C7A	5012	5000	6392	6380	372	3404	6380	0	297410	0	-8	6715	423	5210	c675d13c03280d565ab0d775a337914b1b0ba472309c9f33bb4862db4430e63b
nicole.Ani	107	0x0008500E	5210	5198	6715	6703	423	3319	6703	0	296142	0	-8	6524	382	5143	e4307c5ffb5917ffd0a2af196fb1cf23c652c5cbfb2bc885982eec9e88a75727
nicole.Ani	108	0x00086468	5143	5131	6524	6512	382	3456	6512	0	294876	0	-8	6094	344	4753	1ee968f63f8b517fa4a0e71450b1eb39b0647d6ca89767cd0a97eb3d93b4b126
nicole.Ani	109	0x0008787F	4753	4741	6094	6082	344	3330	6082	0	293604	0	-8	6239	382	4759	73422b735bac74496f47167006abdb8e119272ac75586e3779701da1b53551b7
nicole.Ani	110	0x00088B10	4759	4747	6239	6227	382	3171	6227	0	292330	0	-8	6249	372	4959	f7f09dc7cdc705e44ada03d6a8f35c51b180778b63ce9416e4673bc129e9dca5
nicole.Ani	111	0x00089DA7	4959	4947	6249	6237	372	3261	6237	0	291052	0	-8	2995	157	2475	2b69e7e018dec7a783c231da9a58cdc5819f458c0011a2ccabce68ad6b049162
nicole.Ani	112	0x0008B106	2475	2463	2995	2983	157	1727	2983	0	274708	0	-8	3035	141	2498	75309605d6817f90da806dc691639b8a564cbc7377cc0be75126e13c83aa35b6
nicole.Ani	113	0x0008BAB1	2498	2486	3035	3023	141	1895	3023	0	288762	0	-8	3055	137	2528	3b6415b745e874b37fa11d6a4f98f178ebf55fc717e0e72890700f9b4eaa8e2f
nicole.Ani	114	0x0008C473	2528	2516	3055	3043	137	1947	3043	0	304106	0	-8	3054	149	2553	bbe580ec30087d30e0198fda7535402f00974ca082ef1a6349a092c75571766a
nicole.Ani	115	0x0008CE53	2553	2541	3054	3042	149	1850	3042	0	313046	0	-8	3083	149	2542	9d6c144fe115d609d5e42935bc659276ba1fce5b51e6357c67732ac6b54aeb4a
nicole.Ani	116	0x0008D84C	2542	2530	3083	3071	149	1879	3071	0	321996	0	-8	3296	159	2624	def758ea4b953fe6b81f67f3ab2d4094f1919124d656f6563fb294c41bacd185
nicole.Ani	117	0x0008E23A	2624	2612	3296	3284	159	2012	3284	0	333480	0	-8	3282	151	2764	5fc067e11a4ad0ae76a0c222c262e10af781f632519afb7e92452f9981237590
nicole.Ani	118	0x0008EC7A	2764	2752	3282	3270	151	2062	3270	0	341128	0	-8	3404	155	2805	bc49cb65196d873444533e77b8702f1b4d27b2f7f90307a6e08d47ad3dd2331a
nicole.Ani	119	0x0008F746	2805	2793	3404	3392	155	2152	3392	0	344928	0	-8	6663	343	5388	0afc3a3207b654f1b5ec5e2a4c014d42f97b8f1ea27bf41fbff39a459d6741ad
nicole.Ani	120	0x0009023B	5388	5376	6663	6651	343	3907	6651	0	348738	0	-8	3681	181	3041	36ccda2ae6ecbe23046894a3b16440f5231699391b793626648d34e2e6390030
nicole.Ani	121	0x00091747	3041	3029	3681	3669	181	2221	3669	0	355084	0	-8	5061	280	3968	a56294c8ffbda87af10b2f70f5f980e336c56359cddf677833edd34079a6532a
nicole.Ani	122	0x00092328	3968	3956	5061	5049	280	2809	5049	0	358884	0	-8	3263	151	2729	c8b27968398d9862333cd3be8fdb42435cedcff0b2f1757d54f4fa36d69f21d3
nicole.Ani	123	0x000932A8	2729	2717	3263	3251	151	2043	3251	0	360128	0	-8	3008	143	2457	2437bf54a17027d5823094ca16cfdb64c34afb96f8ed0babd1f238eaf6612a8a
nicole.Ani	124	0x00093D51	2457	2445	3008	2996	143	1852	2996	0	361394	0	-8	6787	430	5325	943386e81587a99f7bd35254a3953fd48a9a6964afa2a0e73bff8ddb7f84f1b0
nicole.Ani	125	0x000946EA	5325	5313	6787	6775	430	3335	6775	0	365204	0	-8	2823	159	2293	b9949402e3c37a7ccabf3dce038fbe251c701c8a09bb48045531b8a7ffdfc598
nicole.Ani	126	0x00095BB7	2293	2281	2823	2811	159	1539	2811	0	366472	0	-8	2798	182	2249	a6662ac2f8c3bdaace59f6ae3d522c2ec8da3c931ca63323f62d2ef89e978e1c
nicole.Ani	127	0x000964AC	2249	2237	2798	2786	182	1330	2786	0	366472	0	-8	3067	236	2379	e9c112bbacdc5c736ec727a62c430f2ff09b632fb35b8f0bee132a1a5cf6d16d
nicole.Ani	128	0x00096D75	2379	2367	3067	3055	236	1167	3055	0	363906	0	-8	3211	281	2411	d53a40a020d7442097fbe4748314f6d22764168ce66b2ec05e33d3eb843422aa
nicole.Ani	129	0x000976C0	2411	2399	3211	3199	281	951	3199	0	363902	0	-8	3130	274	2358	55e02500337509a69468d8733c793824c722576b7616ea59e5f0744c3bc246ab
nicole.Ani	130	0x0009802B	2358	2346	3130	3118	274	926	3118	0	365182	0	-8	2919	211	2332	652e8c29fb2d29c06d024bf4fc717fdd6ccab87b63a001e29ab20a0aca9bb7cc
nicole.Ani	131	0x00098961	2332	2320	2919	2907	211	1219	2907	0	365182	0	-8	3195	206	2445	65eb78c697fb3c32651d6f1831af1e982d7983e852f477dd3238f95b906b7ec1
nicole.Ani	132	0x0009927D	2445	2433	3195	3183	206	1535	3183	0	371550	0	-8	3438	282	2587	f2c029d62ff67e77eb71a1423616f75d5848386faca574146ba6c6dd6ebe94a7
nicole.Ani	133	0x00099C0A	2587	2575	3438	3426	282	1170	3426	0	371550	0	-8	3337	265	2516	18c0fb89042bce8515a9a865af579e0b1d68fbb22bf3962e7efe6594f3a7843d
nicole.Ani	134	0x0009A625	2516	2504	3337	3325	265	1205	3325	0	371546	0	-8	2937	154	2223	96a486996213e25a48026e7a88ce356cfcdb87596624b2ba775c0e74e09af0c6
nicole.Ani	135	0x0009AFF9	2223	2211	2937	2925	154	1693	2925	0	379222	0	-8	3097	193	2392	b8dc306dc95a6dfbd896d2ef635100bda9126f7c52364201fd3935575c822017
nicole.Ani	136	0x0009B8A8	2392	2380	3097	3085	193	1541	3085	0	384338	0	-8	3412	279	2599	f20f91731fad14161bc0b44e901c81df3038f5b8c8d1c841cc27f7149be99c42
nicole.Ani	137	0x0009C200	2599	2587	3412	3400	279	1168	3400	0	385616	0	-8	3027	197	2345	05c6b269a39dda6f8491ee162d96feaa51b02723fcf5afebf4ed78891a907177
nicole.Ani	138	0x0009CC27	2345	2333	3027	3015	197	1439	3015	0	388172	0	-8	2951	156	2252	5b12bf79b84c110aba027ff4b58a5764bd36bd417aa36cb020074252a757e5a9
nicole.Ani	139	0x0009D550	2252	2240	2951	2939	156	1691	2939	0	395848	0	-8	3060	196	2298	1a5a48bfde7758a40b2eaa7d2921881eddf25672cb2de15dc2ed41eacc39cf3c
nicole.Ani	140	0x0009DE1C	2298	2286	3060	3048	196	1480	3048	0	399688	0	-8	2986	193	2295	6a21bbba337f0b4a466e856316b5efc22b38d81206c7d6d448cf659e9766070d
nicole.Ani	141	0x0009E716	2295	2283	2986	2974	193	1430	2974	0	406084	0	-8	2916	173	2281	0782373e99f2417b17be9ee38d448a41230d47c87f79875f54b613e7ff6a1269
nicole.Ani	142	0x0009F00D	2281	2269	2916	2904	173	1520	2904	0	411204	0	-8	3048	158	2325	d76a0740bb61fd1daa50d6b84df62162eda5dfb892f73ce077cfd89cdcf3730c
nicole.Ani	143	0x0009F8F6	2325	2313	3048	3036	158	1772	3036	0	422724	0	-8	3164	185	2396	69bde5d2bf2c17334097f6733d5c31dbd272b585cdb4263b9aa7980be2b0da4d
nicole.Ani	144	0x000A020B	2396	2384	3164	3152	185	1672	3152	0	432966	0	-8	6855	430	5288	6f711f3240215b3700ee13585aec79555e9e6467831fae963abf51f4c4168a04
nicole.Ani	145	0x000A0B67	5288	5276	6855	6843	430	3403	6843	0	439370	0	-8	6561	488	5014	bad36ed5552fde808be90440d594862a8fc5629e2b97e0a2058722dc9971a084
nicole.Ani	146	0x000A200F	5014	5002	6561	6549	488	2645	6549	0	444494	0	-8	6818	444	5201	2eb591d56c8a788f6eaadde3e76ed3a4b21f6cc1b6491bd180441a2136eaa249
nicole.Ani	147	0x000A33A5	5201	5189	6818	6806	444	3254	6806	0	452178	0	-8	6716	406	5231	de80fa79f3391b82e3c9ada42a99c34b74c1baeb3ab0452ae429a1f105af5599
nicole.Ani	148	0x000A47F6	5231	5219	6716	6704	406	3456	6704	0	458586	0	-8	7191	511	5414	fce0f6df2d3b83512d0b8b99a75768d40a7ff0ee0e0b31f95c617fd4d2bee8dd
nicole.Ani	149	0x000A5C65	5414	5402	7191	7179	511	3091	7179	0	458590	0	-8	6930	447	5372	d666f13bf490c21cf1cea2fdf3c2b625b436e9a8c31c1052c394482246c6ec54
nicole.Ani	150	0x000A718B	5372	5360	6930	6918	447	3342	6918	0	459874	0	-8	7052	475	5375	873997ecdc4aec8178e5eca08d05074677107c087b6492a118cae6ee8ae1bd20
nicole.Ani	151	0x000A8687	5375	5363	7052	7040	475	3240	7040	0	462434	0	-8	7234	506	5565	9d3aa9cb2ab2aa345e45ee7c1a137070a902644ef1a5a48e3c53b3c31a64be60
nicole.Ani	152	0x000A9B86	5565	5553	7234	7222	506	3174	7222	0	463712	0	-8	4947	335	3736	38f251ef43851e68498a4c5216589e7e1479d5edb83d4722216a54b10503b0f3
nicole.Ani	153	0x000AB143	3736	3724	4947	4935	335	2255	4935	0	461172	0	-8	6789	506	5128	84963797931d6ecd9b972b223c49b8334c2ee55a557c87c66535b9c0d90ac6f0
nicole.Ani	154	0x000ABFDB	5128	5116	6789	6777	506	2729	6777	0	464992	0	-8	6816	459	5224	360a9cc6c2cc51372b16607023f612c66aaf37e5ecad251fe62f182043ad6bad
nicole.Ani	155	0x000AD3E3	5224	5212	6816	6804	459	3132	6804	0	470112	0	-8	7257	567	5522	74459911ddbe41d12c23bf84de99b1d03a758c146cb3323582c2d295d4990fbb
nicole.Ani	156	0x000AE84B	5522	5510	7257	7245	567	2709	7245	0	472674	0	-8	3267	280	2479	b6a476a9996325140ded25b04b9a3b904359b01b84f1fa53f7035f2abbefa77c
nicole.Ani	157	0x000AFDDD	2479	2467	3267	3255	280	1015	3255	0	472674	0	-8	1197	106	851	fed5d8af6283f522af6754650de630e87349fd169593296b49164982839e8ee3
nicole.Ani	158	0x000B078C	851	839	1197	1185	106	337	1185	0	466292	0	-8	3213	215	2495	915793490e6dfb94e788cd9756ecb1bae2b9277d535251dac3274a4ee5636f57
nicole.Ani	159	0x000B0ADF	2495	2483	3213	3201	215	1481	3201	0	475234	0	-8	3259	245	2557	9861ba77de54682400309b4bc02f4a7fc5f448238045f66e5970501a9ccf47c6
nicole.Ani	160	0x000B149E	2557	2545	3259	3247	245	1287	3247	0	477796	0	-8	3123	192	2446	68927ac7c82a576b5d313e8e5809f73dee073c3c859cb7186f5a2f94c701305b
nicole.Ani	161	0x000B1E9B	2446	2434	3123	3111	192	1575	3111	0	489320	0	-8	3104	191	2471	d98c22d6c09adb2621dff8b23ed8da8580b6f30c2841748ef025fedbe57cf02c
nicole.Ani	162	0x000B2829	2471	2459	3104	3092	191	1564	3092	0	489320	0	-8	3122	193	2284	66be69b9724cb4e28517daa2d63512e43a57841ef83417d5546aa92aca6b8320
nicole.Ani	163	0x000B31D0	2284	2272	3122	3110	193	1566	3110	0	490580	0	-8	3373	300	2563	8575c95359c8d9adbac0461d01638e8682c5b5964f9ac1680a0fd8de1b805dbe
nicole.Ani	164	0x000B3ABC	2563	2551	3373	3361	300	961	3361	0	490580	0	-8	798	63	584	ff5aeab52c0c412a922b5595087208af7b9cac61bbb5083249e92deb2f31553f
nicole.Ani	165	0x000B44BF	584	572	798	786	63	282	786	0	444486	0	-8	7336	579	5464	f791935da7c88b4df940c0fc9e0f078b689b36055639eb252102e8f9a8de80f4
nicole.Ani	166	0x000B4707	5464	5452	7336	7324	579	2692	7324	0	490580	0	-8	3107	276	2344	3706396d8b673aceafc70c05e40cdd756ffef7e45e40716307b0db34d3016233
nicole.Ani	167	0x000B5C5F	2344	2332	3107	3095	276	887	3095	0	490580	0	-8	3203	282	2408	6a5973e4b59916bfd59b2051deeb6a2544f7be0f995ed1eb215c0c7375b552e2
nicole.Ani	168	0x000B6587	2408	2396	3203	3191	282	935	3191	0	489300	0	-8	4355	399	2970	96cd4c385bf2c3612a7d1ffdf4117508728022eda98e89813c8dfcf827f787be
nicole.Ani	169	0x000B6EEF	2970	2958	4355	4343	399	1151	4343	0	488020	0	-8	3488	278	2625	e048e25e736f7a417361e46506c1a1e0e65e753144da1c3e58d086ae9b067aff
nicole.Ani	170	0x000B7A89	2625	2613	3488	3476	278	1252	3476	0	490578	0	-8	3114	277	2350	8e7709228c69bfaf901857873bb6d702edaa5be97c0417a74d9f804a94f4d55b
nicole.Ani	171	0x000B84CA	2350	2338	3114	3102	277	886	3102	0	490578	0	-8	3099	272	2338	b517dff03672f277ddcd1254276fa613cb11b5d0acf8aa26185eb1cedd243d44
nicole.Ani	172	0x000B8DF8	2338	2326	3099	3087	272	911	3087	0	489298	0	-8	4257	390	2879	c2d3717fa5ec4378a12cb5605e7fbe03572ab6bb5b657a1f5ba77ccff4b25ff8
nicole.Ani	173	0x000B971A	2879	2867	4257	4245	390	1125	4245	0	488018	0	-8	3487	278	2635	067b3ce7cd77981f720bab6ae0eecf259048818e2ea98438dc5f89c72605b607
nicole.Ani	174	0x000BA259	2635	2623	3487	3475	278	1251	3475	0	490576	0	-8	3131	279	2348	ac7f7bc8963c8efd9d83415e96e3021651366f439eaa0acfdefe89587e7d5355
nicole.Ani	175	0x000BACA4	2348	2336	3131	3119	279	887	3119	0	490576	0	-8	3107	273	2346	5a87f64bbd53acb44d00e6b3b6c7a9bf6e0c978d5a19f7fd5e7edde7f1010bab
nicole.Ani	176	0x000BB5D0	2346	2334	3107	3095	273	911	3095	0	489296	0	-8	807	64	588	f3bc1661cf61ab041d6568cf0c3035322afe444827b1d2ef42a186f1adb22c73
nicole.Ani	177	0x000BBEFA	588	576	807	795	64	283	795	0	444482	0	-8	3848	318	2785	8fd99a604a4bad20e668003d05d640d5faf4b7eefcc57a3e0b63a7f9ea6d2ec3
nicole.Ani	178	0x000BC146	2785	2773	3848	3836	318	1292	3836	0	489294	0	-8	3002	174	2413	16f69dd6aa09c9f7b28a93b9b2452105905754cedb78152d1abfcd39ed39b596
nicole.Ani	179	0x000BCC27	2413	2401	3002	2990	174	1598	2990	0	489296	0	-8	3106	188	2480	1241c4a441c7660d9a2bfd66ff21de85dbcd8e1b7ec6b2ee07978b205ac6a543
nicole.Ani	180	0x000BD594	2480	2468	3106	3094	188	1590	3094	0	490574	0	-8	3603	315	2739	d8b4a42efd851c36bfb3dca7a01582ec37b66f6426fc4a1e025f25d47f538f3d
nicole.Ani	181	0x000BDF44	2739	2727	3603	3591	315	1071	3591	0	490574	0	-8	695	61	532	57c5c5b6f66c01e467ab763ba9fdbf048c74b0e965c7f48c2278b606b7de2ce6
nicole.Ani	182	0x000BE9F7	532	520	695	683	61	195	683	0	439394	0	-8	3747	294	2935	ee13c39c7cf0cdd6eb6524d2078b727486f4e71a77dce49bfab38179c0241733
nicole.Ani	183	0x000BEC0B	2935	2923	3747	3735	294	1383	3735	0	491854	0	-8	3643	319	2826	c349e8e1d391fbe01b3c8d3ca8ee38e4812bba4d3254c76b465b30efe063fb35
nicole.Ani	184	0x000BF782	2826	2814	3643	3631	319	1079	3631	0	491854	0	-8	3699	324	2810	6c688b5389b9eca08eac482f7a40740f4bc24e3e78b7bad54760958c8d9c08d3
nicole.Ani	185	0x000C028C	2810	2798	3699	3687	324	1095	3687	0	490574	0	-8	695	61	532	4d5788222076a401018e14335ac13ef43b30ebeb7f4416b8f21ea2e25882f966
nicole.Ani	186	0x000C0D86	532	520	695	683	61	195	683	0	439394	0	-8	3747	294	2935	ee13c39c7cf0cdd6eb6524d2078b727486f4e71a77dce49bfab38179c0241733
nicole.Ani	187	0x000C0F9A	2935	2923	3747	3735	294	1383	3735	0	491854	0	-8	583	52	447	c349e8e1d391fbe01b3c8d3ca8ee38e4812bba4d3254c76b465b30efe063fb35
nicole.Ani	188	0x000C1B11	447	435	583	571	52	155	571	0	445800	0	-8	3693	323	2801	909f0ac0c8e5114a0a792448ee2f9469579e2b66a1dd443d6cf2af103401a944
nicole.Ani	189	0x000C1CD0	2801	2789	3693	3681	323	1097	3681	0	491854	0	-8	4577	418	3306	e295600e16a1fc0e1da57f7e670162bc9ce6c18aa1ef4a7daf70d0e866f8829c
nicole.Ani	190	0x000C27C1	3306	3294	4577	4565	418	1221	4565	0	490574	0	-8	3743	293	2934	a85d40271f4d12918985f9adfd76784197e074195cbd3f6049f08f694d6c1a4f
nicole.Ani	191	0x000C34AB	2934	2922	3743	3731	293	1387	3731	0	493132	0	-8	583	52	464	12411764924d775bbff9c0dd86697af4dd68cfaaead6125aca0fe6dbaeb34fb7
nicole.Ani	192	0x000C4021	464	452	583	571	52	155	571	0	447078	0	-8	3694	323	2804	ae22957186bc2832a4643c73349dab9d3fa9be19690d85757920beafab8ca209
nicole.Ani	193	0x000C41F1	2804	2792	3694	3682	323	1098	3682	0	493132	0	-8	809	70	636	2ffcaf7eb88472344ea124d9ca85ff79110dee0a26cc1790e0dd84ebc86f4f31
nicole.Ani	194	0x000C4CE5	636	624	809	797	70	237	797	0	441952	0	-8	3722	290	2938	8346b921b47b4b4cc9dcb8ac91b7d370f8fafedc64712f9c12e7d15c8f972cce
nicole.Ani	195	0x000C4F61	2938	2926	3722	3710	290	1390	3710	0	494412	0	-8	3649	320	2820	ca59342af7dd5dbb07b6978b594009becac2deaa038d2d4aa2d7ad448fd72571
nicole.Ani	196	0x000C5ADB	2820	2808	3649	3637	320	1077	3637	0	494412	0	-8	3694	323	2804	2dcbf703e04344db148bdad714c63226e5e0cc62011282844cab16ab0ab5a9d3
nicole.Ani	197	0x000C65DF	2804	2792	3694	3682	323	1098	3682	0	493132	0	-8	599	52	464	2ffcaf7eb88472344ea124d9ca85ff79110dee0a26cc1790e0dd84ebc86f4f31
nicole.Ani	198	0x000C70D3	464	452	599	587	52	171	587	0	441952	0	-8	3477	236	2812	e76a185357453053b89581b4eb5d6d6704b5f39ac4fd7110b91a191bf94f0bef
nicole.Ani	199	0x000C72A3	2812	2800	3477	3465	236	1577	3465	0	495690	0	-8	3196	199	2502	d36cbe32c29b7d946add7b9ee8e793f3ee3056cc754e5c83aa1cce1034c6554d
nicole.Ani	200	0x000C7D9F	2502	2490	3196	3184	199	1592	3184	0	498250	0	-8	3228	208	2574	e1a6f5ab2b379ee770e3235814467496b59797bd1644ddc23d25b8b4e4e77223
nicole.Ani	201	0x000C8765	2574	2562	3228	3216	208	1552	3216	0	498250	0	-8	3556	312	2726	74fae00a5e0486f0eb13006d4b334eb2215f2ae1a4e13fba87704b8d5e7f8c45
nicole.Ani	202	0x000C9173	2726	2714	3556	3544	312	1048	3544	0	498242	0	-8	3621	318	2709	874b917ec53ee8a77f4b0069920efe5981ab35abccf94b039ca824f7f9cedc54
nicole.Ani	203	0x000C9C19	2709	2697	3621	3609	318	1065	3609	0	496962	0	-8	606	53	460	c4ca6c3d99840ec52b7ac1d5d095e0eb2fced03d31d1766725f8e4293141f683
nicole.Ani	204	0x000CA6AE	460	448	606	594	53	170	594	0	445748	0	-8	3650	285	2890	251f2296b707f9df5f674bd924ca0e6607cf88d997bb9677cc4004b403ba2843
nicole.Ani	205	0x000CA87A	2890	2878	3650	3638	285	1358	3638	0	498242	0	-8	3556	312	2726	0345c9e63a5d6fd333767f0fb0a734e1b0ea2c97bbbdbfea56ee506da4a40385
nicole.Ani	206	0x000CB3C4	2726	2714	3556	3544	312	1048	3544	0	498242	0	-8	3621	318	2709	874b917ec53ee8a77f4b0069920efe5981ab35abccf94b039ca824f7f9cedc54
nicole.Ani	207	0x000CBE6A	2709	2697	3621	3609	318	1065	3609	0	496962	0	-8	606	53	460	c4ca6c3d99840ec52b7ac1d5d095e0eb2fced03d31d1766725f8e4293141f683
nicole.Ani	208	0x000CC8FF	460	448	606	594	53	170	594	0	445748	0	-8	3650	285	2890	251f2296b707f9df5f674bd924ca0e6607cf88d997bb9677cc4004b403ba2843
nicole.Ani	209	0x000CCACB	2890	2878	3650	3638	285	1358	3638	0	498242	0	-8	3824	321	2937	0345c9e63a5d6fd333767f0fb0a734e1b0ea2c97bbbdbfea56ee506da4a40385
nicole.Ani	210	0x000CD615	2937	2925	3824	3812	321	1244	3812	0	498242	0	-8	3729	328	2805	966771fa519dfb697727fd83afed127d249bff6da40be66dbe9e6f0420bc925b
nicole.Ani	211	0x000CE18E	2805	2793	3729	3717	328	1093	3717	0	496964	0	-8	710	63	559	d085c53d6578dccc36c6e84bfdb5f57658a507462a927d5e9847a40127a25aaf
nicole.Ani	212	0x000CEC83	559	547	710	698	63	194	698	0	445750	0	-8	3569	254	2843	fb4b9f4ca823fc6dbb60f03c27d4004a2fb94b246437e5e79ece3713f38adbb7
nicole.Ani	213	0x000CEEB2	2843	2831	3569	3557	254	1525	3557	0	499524	0	-8	3560	312	2718	13451a625314ba9c0ccce32f04d7c5ed6c48df7f19ef5f3a68bb900cfa3ab6a9
nicole.Ani	214	0x000CF9CD	2718	2706	3560	3548	312	1052	3548	0	499524	0	-8	3892	326	2950	5c068abf82ea760b98d94d517f43a1efc195c8807b502700214c95860d425a0b
nicole.Ani	215	0x000D046B	2950	2938	3892	3880	326	1272	3880	0	498244	0	-8	627	56	486	8e8b8a0a6eb114fc1c756f906583dd496579a19465ccc4c97a41188c9bcf4adf
nicole.Ani	216	0x000D0FF1	486	474	627	615	56	167	615	0	447032	0	-8	3645	284	2877	8b87d43fef58871558dd2e5c191f1f2fc2a33bb072a40e6e2a563414ee4326d9
nicole.Ani	217	0x000D11D7	2877	2865	3645	3633	284	1361	3633	0	499526	0	-8	3554	311	2701	04d311d8e718eab85e02ade800490ff0ea07b93eb9e114046cc2c8bd701d9db2
nicole.Ani	218	0x000D1D14	2701	2689	3554	3542	311	1054	3542	0	499526	0	-8	3626	318	2747	fed7cdb5ecab78aff70f87ddce041e09fbef26bfa77e7b8231f3c83672a92c0b
nicole.Ani	219	0x000D27A1	2747	2735	3626	3614	318	1070	3614	0	498246	0	-8	627	56	486	345ec23767701441877d302fc043c671cd501574f24757850d7fcd401e1cea0e
nicole.Ani	220	0x000D325C	486	474	627	615	56	167	615	0	447032	0	-8	3645	284	2877	8b87d43fef58871558dd2e5c191f1f2fc2a33bb072a40e6e2a563414ee4326d9
nicole.Ani	221	0x000D3442	2877	2865	3645	3633	284	1361	3633	0	499526	0	-8	3554	311	2701	04d311d8e718eab85e02ade800490ff0ea07b93eb9e114046cc2c8bd701d9db2
nicole.Ani	222	0x000D3F7F	2701	2689	3554	3542	311	1054	3542	0	499526	0	-8	3626	318	2747	fed7cdb5ecab78aff70f87ddce041e09fbef26bfa77e7b8231f3c83672a92c0b
nicole.Ani	223	0x000D4A0C	2747	2735	3626	3614	318	1070	3614	0	498246	0	-8	3970	332	3018	345ec23767701441877d302fc043c671cd501574f24757850d7fcd401e1cea0e
nicole.Ani	224	0x000D54C7	3018	3006	3970	3958	332	1302	3958	0	498248	0	-8	3158	181	2564	e47529726211acb3a79f9e0328206a139e5710b5bb459c08f4f93d73f670be96
nicole.Ani	225	0x000D6091	2564	2552	3158	3146	181	1698	3146	0	498260	0	-8	2711	231	2075	01152a5e059cd607470e96822fcd62b90f6613c016c3ec0ad9e6484b4ba5388b
nicole.Ani	226	0x000D6A95	2075	2063	2711	2699	231	851	2699	0	498260	0	-8	2779	242	2121	89a20d502d3eec77dcd3d1c91650811b3052fae81e4d4ae9b50eb35e8b1da0c9
nicole.Ani	227	0x000D72B0	2121	2109	2779	2767	242	831	2767	0	496980	0	-8	503	40	427	7fab5fd970b9644e9a1c8c5ad205de04239cb89b50a5447a505bf7d0ea7cfd0a
nicole.Ani	228	0x000D7AF9	427	415	503	491	40	171	491	0	450872	0	-8	2882	230	2227	074e116bcf230441b0f0f02c14743212cc5bd734bd6b7a01754a4de7d0d695af
nicole.Ani	229	0x000D7CA4	2227	2215	2882	2870	230	1030	2870	0	498260	0	-8	2711	231	2075	cdc263f90be1d905016a88bb57b7be8d121153b5025e108a725fc88b71f66736
nicole.Ani	230	0x000D8557	2075	2063	2711	2699	231	851	2699	0	498260	0	-8	3173	268	2395	89a20d502d3eec77dcd3d1c91650811b3052fae81e4d4ae9b50eb35e8b1da0c9
nicole.Ani	231	0x000D8D72	2395	2383	3173	3161	268	1017	3161	0	496980	0	-8	501	40	416	9b3cbee0edc49c14fee158daa87dfe19b4bbb15bec1f87e159d0917b1fded539
nicole.Ani	232	0x000D96CD	416	404	501	489	40	169	489	0	450874	0	-8	2885	231	2218	de0d47d5adbfea52f727bdb78875e4bd27f18f7dc96b94f3244e5f30c9fadaed
nicole.Ani	233	0x000D986D	2218	2206	2885	2873	231	1025	2873	0	498262	0	-8	3135	259	2350	2750a1189f7ad71a308bc5b6053b3ae0b2bcb741a3ba72625c4ec9e793f8771b
nicole.Ani	234	0x000DA117	2350	2338	3135	3123	259	1051	3123	0	498262	0	-8	2776	242	2115	617ab124a36774e2e473cb8a886541e2770df8613ee66abb351a55209d80f256
nicole.Ani	235	0x000DAA45	2115	2103	2776	2764	242	828	2764	0	496984	0	-8	502	40	418	d1962a757ab054c9e0cb3d1a4dd8cc80ff46c0fe7b8148471f8eb4f38fb93a3a
nicole.Ani	236	0x000DB288	418	406	502	490	40	170	490	0	450876	0	-8	2878	230	2222	cae138ea01b9c04118cc9dd8474f14f0ff28f4690cc3462ed001a2771aeacc5d
nicole.Ani	237	0x000DB42A	2222	2210	2878	2866	230	1026	2866	0	498264	0	-8	2700	230	2067	7e45e638c244825882968720dff64b3537c7dfaa8858dce15209f82e34944174
nicole.Ani	238	0x000DBCD8	2067	2055	2700	2688	230	848	2688	0	498264	0	-8	3182	269	2396	a1b54018fb8ad598137437abc4ae619e7d4f71b0b970b49c1cd83c9126411cbd
nicole.Ani	239	0x000DC4EB	2396	2384	3182	3170	269	1018	3170	0	496984	0	-8	2877	145	2424	f14c2ebf8d24a3bb6afb9561d9a0c96ccc7e2a2edbe91f42fb4dbb179b0b1f1c
nicole.Ani	240	0x000DCE47	2424	2412	2877	2865	145	1705	2865	0	495706	0	-8	2784	207	2207	63056fad15639009e0aa609d7f44aa74f15827ffa2fedd47ea92a0cd2c4a76a0
nicole.Ani	241	0x000DD7BF	2207	2195	2784	2772	207	1116	2772	0	484192	0	-8	2794	237	2169	093bec9f960ed0b44ff311d4a394c124b2aa97781e4a87c66eb1ecca71bc9715
nicole.Ani	242	0x000DE05E	2169	2157	2794	2782	237	886	2782	0	480332	0	-8	2788	209	2236	70aa96fb39e6a5656a835f48f491e4018054fc0842fdc4b24bec7676d202e727
nicole.Ani	243	0x000DE8D7	2236	2224	2788	2776	209	1104	2776	0	481626	0	-8	2682	227	2104	d4d097ec5b395faf71724bf3965ac9bce7e447c0bfc7d678099ed46e23fa8352
nicole.Ani	244	0x000DF193	2104	2092	2682	2670	227	854	2670	0	484192	0	-8	2985	228	2380	9717e4c120eaf905a3692e8da174956615b177bb0e495e94a2a22379af7a41a9
nicole.Ani	245	0x000DF9CB	2380	2368	2985	2973	228	1149	2973	0	484192	0	-8	2808	197	2262	a037239a7e120fecca3ab24647a8e98092298a345f306a9af723df9b2986ed37
nicole.Ani	246	0x000E0317	2262	2250	2808	2796	197	1220	2796	0	481622	0	-8	2799	177	2264	cb0919d79b6c9fae52259d45c85361f552e0364d62b30f21cf11fc0f54be9d28
nicole.Ani	247	0x000E0BED	2264	2252	2799	2787	177	1371	2787	0	485482	0	-8	2681	170	2194	b3a3803908f726a244b1b14dc1a94d0811100508496bf1663293162ede4ed9dc
nicole.Ani	248	0x000E14C5	2194	2182	2681	2669	170	1309	2669	0	489334	0	-8	2809	183	2275	fe235a12505ebccc0942136551b6720146fa24a586ae567c2148c4118da2e616
nicole.Ani	249	0x000E1D57	2275	2263	2809	2797	183	1333	2797	0	489334	0	-8	2778	177	2273	67639c47dce6c6f8b4f3d99e084f090a4903636b313c369538271d1e2ac64154
nicole.Ani	250	0x000E263A	2273	2261	2778	2766	177	1350	2766	0	486772	0	-8	2835	156	2265	e722a28611f0b4f972d2908c5ca88936e15832e30e88fd2dc5acaba900ad416e
nicole.Ani	251	0x000E2F1B	2265	2253	2835	2823	156	1575	2823	0	490640	0	-8	2970	148	2468	e3531ce7264474f3cfaffad8169741158f28dbf0aebe7b1374689430e0e567c6
nicole.Ani	252	0x000E37F4	2468	2456	2970	2958	148	1774	2958	0	493230	0	-8	3046	148	2437	4d37a6b09a6fcc8e2617f5c006b37358aed24e98da4a5436045be28d8121ac9a
nicole.Ani	253	0x000E4198	2437	2425	3046	3034	148	1850	3034	0	493230	0	-8	3393	162	2825	18dcb2629cbac7d452723059188bd3051bb17c455c83a784fb42c18520613746
nicole.Ani	254	0x000E4B1D	2825	2813	3393	3381	162	2085	3381	0	488118	0	-8	3693	184	2957	0a5e241de3e53c6fed1a3a6403977ece7ca2f381cb93439f87136e77f58d4113
nicole.Ani	255	0x000E5626	2957	2945	3693	3681	184	2209	3681	0	483040	0	-8	3857	204	3075	e8da3d7eca8dba07333bfc77bb3af7ade4aa66b1e245e4ceb04409d0ae6142e2
nicole.Ani	256	0x000E61B3	3075	3063	3857	3845	204	2213	3845	0	474156	0	-8	4032	224	2794	dffdb4886bcef8148d1c0b53a59409108265187850867258b8a34a873deda7dd
nicole.Ani	257	0x000E6DB6	2794	2782	4032	4020	224	2228	4020	0	460164	0	-8	7239	434	5541	96db65645a39dc1b818a9a33c245a1321c50698d27e4c4908bd6f1193e92a3ea
nicole.Ani	258	0x000E78A0	5541	5529	7239	7227	434	3755	7227	0	434620	0	-8	3236	161	2608	61bf30d97ccbb95d60a0eebc566818f4450f3eba16ba55b788e3822402d81005
nicole.Ani	259	0x000E8E45	2608	2596	3236	3224	161	1936	3224	0	409072	0	-8	3177	151	2564	f660b17a33a7f0763a0a36a56f4da78dd3efc1c4d2ba46f0677cbcb3ea224b8d
nicole.Ani	260	0x000E9875	2564	2552	3177	3165	151	1957	3165	0	386086	0	-8	3485	183	2676	6515e4dcd582356b92035d8d07df47fb540c1aa4f679b46ae8d6eb2ce462405e
nicole.Ani	261	0x000EA279	2676	2664	3485	3473	183	2009	3473	0	356692	0	-8	3492	186	2717	7184606619777da04cc2c292002e2c34e6b33d40d421a38ab3e54e8a653a77b0
nicole.Ani	262	0x000EACED	2717	2705	3492	3480	186	1992	3480	0	314472	0	-8	3050	152	2421	da342a6a8114c56d701483276e548e7037adf1a6280b4015c2cbf251ea6e7129
nicole.Ani	263	0x000EB78A	2421	2409	3050	3038	152	1822	3038	0	272264	0	-8	6285	372	4756	d63a27e83317f08aa95c64f4bdc01c56a521cae9a4d622c798766076333c3949
nicole.Ani	264	0x000EC0FF	4756	4744	6285	6273	372	3297	6273	0	329394	0	-8	6743	400	4927	d60b45ef3b598255364751e5307b99c882b60ae2f162fd06caf62d6e676d0265
nicole.Ani	265	0x000ED393	4927	4915	6743	6731	400	3531	6731	0	329384	0	-8	6880	476	5044	f417e371976bb57c9537f6b5fdaab000f2142b7b675535ab0ba1414a70d5e77f
nicole.Ani	266	0x000EE6D2	5044	5032	6880	6868	476	3060	6868	0	325560	0	-8	6376	391	4818	6fa3ebed0d7c362ec8ea14c646e9bca3a4c00cc4cc7a40b2aeb0d78cf1eb0502
nicole.Ani	267	0x000EFA86	4818	4806	6376	6364	391	3236	6364	0	324282	0	-8	6398	370	4859	383a11da19d2ccd743bd6f43b468b87e73460683a052c6e2e75994a9725910be
nicole.Ani	268	0x000F0D58	4859	4847	6398	6386	370	3426	6386	0	317888	0	-8	6570	367	5027	658c8258f39cad00fb3ab4c3a68e014ac057bf0d3da65dccecbc71167977ed9f
nicole.Ani	269	0x000F2053	5027	5015	6570	6558	367	3622	6558	0	307660	0	-8	7086	457	5355	4105d80b19a47d33fc8ce4e04a8b5d0ac2454111b7ad7c5b7690666570d269c7
nicole.Ani	270	0x000F33F6	5355	5343	7086	7074	457	3418	7074	0	294870	0	-8	6824	434	5210	38aa6a9b9d53d41cb92e77f951340845e9072179b2cdf68e02242a3dd7787727
nicole.Ani	271	0x000F48E1	5210	5198	6824	6812	434	3340	6812	0	282088	0	-8	6660	455	5050	528673d282fa23a11f383aa3f2030824bc125f8e85009db9f3cea83ecc0e7635
nicole.Ani	272	0x000F5D3B	5050	5038	6660	6648	455	3008	6648	0	269300	0	-8	6730	467	5040	c6e2843dd347352f2e3911177260df29881753044e26c1e6035f2e295d706a9b
nicole.Ani	273	0x000F70F5	5040	5028	6730	6718	467	2982	6718	0	259072	0	-8	6750	535	4973	d8636b7b2a470e560d1121e497f1fad4c3afd5d14fe7947285d4098930458515
nicole.Ani	274	0x000F84A5	4973	4961	6750	6738	535	2458	6738	0	252678	0	-8	6666	398	5123	af52d28dcba3867e84148fe1820cda00ce9aaa561547e0c4edd2252c09a14ec9
nicole.Ani	275	0x000F9812	5123	5111	6666	6654	398	3470	6654	0	250122	0	-8	6697	477	5001	d8aef1ea5b07c18cfcd12502a5791ea6a457d494b81c9a83dad23dfe5ab2d7cf
nicole.Ani	276	0x000FAC15	5001	4989	6697	6685	477	2869	6685	0	248812	0	-8	6746	416	5283	9ad385b71fa5918c50d6bbdcc3ce354b0c4212ff822e3c1f4bbf3278f0f557ba
nicole.Ani	277	0x000FBF9E	5283	5271	6746	6734	416	3406	6734	0	250118	0	-8	3317	185	2439	3b5de7de98d3ab16ed702e31055890ff995f0149fad82079372120d033453893
nicole.Ani	278	0x000FD441	2439	2427	3317	3305	185	1825	3305	0	239862	0	-8	6448	500	4798	8d9b41da7cd96004250a92b52d90a6141635ca62c7d808158bb1857db7a8eb5b
nicole.Ani	279	0x000FDDC8	4798	4786	6448	6436	500	2436	6436	0	248838	0	-8	6844	576	5141	02d4410f335394934221ebba41665a4c75b50a193c39e038a7772cba243513cf
nicole.Ani	280	0x000FF086	5141	5129	6844	6832	576	2224	6832	0	247560	0	-8	6576	436	4987	ec48e66cb506a41c5882f54d21975e719c5d4d1f197dbfd69738ac26572a8efa
nicole.Ani	281	0x0010049B	4987	4975	6576	6564	436	3076	6564	0	246284	0	-8	6393	425	4958	8f0a699017bed628fd3170be18047a222636c44a64e5be2966e033a68f1b392d
nicole.Ani	282	0x00101816	4958	4946	6393	6381	425	2981	6381	0	243728	0	-8	4227	271	3216	eb1e91afd9029671d9bbda6249fef901eb608e017e7e0bf759bfdb0c609bb018
nicole.Ani	283	0x00102B74	3216	3204	4227	4215	271	2047	4215	0	241176	0	-8	6684	406	5172	5b49f58b06e16f1a307bdb6ea3bcaf3887d5d5a521ea599647f0d22b459f46aa
nicole.Ani	284	0x00103804	5172	5160	6684	6672	406	3424	6672	0	238628	0	-8	6585	327	5181	28e409ea820646dad1a9d5c018e8e250f94cdfd39be8bf57e2d8701b10255bc6
nicole.Ani	285	0x00104C38	5181	5169	6585	6573	327	3957	6573	0	237386	0	-8	6655	317	5318	e1dca3a2462b0ac6d261f4703cb75af4c964c7cea0a07886ba63475e88a4a9ee
nicole.Ani	286	0x00106075	5318	5306	6655	6643	317	4107	6643	0	237414	0	-8	7435	403	5705	d4ae42cb53508ab3f06b4d6d01dd7e122c4d26383b1f8b2d41dca646207f3d00
nicole.Ani	287	0x0010753B	5705	5693	7435	7423	403	4199	7423	0	240010	0	-8	7531	372	5592	8c6605555867e5420fbf892eefee8325c03ce8778c1c6a2f1c692384ea926fa5
nicole.Ani	288	0x00108B84	5592	5580	7531	7519	372	4543	7519	0	242606	0	-8	7167	361	5336	ee92d7f249b75c4c4c711700bbd4b5bfdf1b42a3d467b01bb96c025388ebe872
nicole.Ani	289	0x0010A15C	5336	5324	7167	7155	361	4267	7155	0	242630	0	-8	6676	326	5018	d9f1588c9b2f7be0d3a7c9fd69596af065100c10e71b5841b2d001186ad5d959
nicole.Ani	290	0x0010B634	5018	5006	6676	6664	326	4056	6664	0	243934	0	-8	6620	347	5011	132d36aa367771294ddb9c56a550c79ce8d2d77f7f7c20d1ae3a5fbc459dbdce
nicole.Ani	291	0x0010C9CE	5011	4999	6620	6608	347	3832	6608	0	243956	0	-8	6633	343	5129	e61d31b75efc0bbeddb92e5a7e608d5ea91d450a8b490391ef383742507f1264
nicole.Ani	292	0x0010DD61	5129	5117	6633	6621	343	3877	6621	0	246726	0	-8	6574	323	5070	ec47aeadafbeaf56ef9743f4b501f9c1521a9544c1f1d0eb61f138e71c48e3d0
nicole.Ani	293	0x0010F16A	5070	5058	6574	6562	323	3978	6562	0	258224	0	-8	6698	347	5203	97eea15ab918d336b62c5ba6b6ac8fc2d60e8bffeea85e05078c3d8713df4955
nicole.Ani	294	0x00110538	5203	5191	6698	6686	347	3910	6686	0	274846	0	-8	6634	362	5186	9cee0469bdbcdcdaad62f00faad2311817962e5c7b178602893892e6b278ac2a
nicole.Ani	295	0x0011198B	5186	5174	6634	6622	362	3726	6622	0	291468	0	-8	7145	412	5583	8b9dff4beeace127151c7f78749895c3cd9cba8f95c9f101e25af98a4a80144c
nicole.Ani	296	0x00112DCD	5583	5571	7145	7133	412	3837	7133	0	310650	0	-8	7622	465	5883	2aff44cd33297696f0a615404b571c721379f556cf919a26144c75ffdd4faf0e
nicole.Ani	297	0x0011439C	5883	5871	7622	7610	465	3890	7610	0	332360	0	-8	7019	424	5371	9f6d94a5a6741b60f6f7c87c2460d6b5bbad7db27c22fb49f7cdfd8ab9238ab1
nicole.Ani	298	0x00115A97	5371	5359	7019	7007	424	3615	7007	0	348958	0	-8	7025	389	5495	1b2997ffb8466c803eeac9da364fc51043db5b9f2d28f5180c3b7d863daeeef0
nicole.Ani	299	0x00116F92	5495	5483	7025	7013	389	3901	7013	0	360428	0	-8	7434	437	5979	9617fd909fcec20a4cbf0d7358d379906866e99d75a1bc0a31a811c0f17d6be5
nicole.Ani	300	0x00118509	5979	5967	7434	7422	437	3926	7422	0	366792	0	-8	7411	431	5869	f6266d9125e9398502208f13cdf25f6dfa976ee5418b0d485b761881b10765a6
nicole.Ani	301	0x00119C64	5869	5857	7411	7399	431	3951	7399	0	375690	0	-8	3277	143	2675	22a6ebc1c17be17d816f53320b47d8087a1cd13199d38e0e3945be6b1bff9d28
nicole.Ani	302	0x0011B351	2675	2663	3277	3265	143	2121	3265	0	378212	0	-8	3248	145	2706	fc614e1fc8d8b228f770f768db99baaf888e3d72f8ad16007fc561da2d80d2ec
nicole.Ani	303	0x0011BDC4	2706	2694	3248	3236	145	2076	3236	0	378212	0	-8	2909	139	2458	ae1736018417763e0216f3635970342329b9e5dbc98485ec125ee27f4d903975
nicole.Ani	304	0x0011C856	2458	2446	2909	2897	139	1785	2897	0	374334	0	-8	3163	164	2569	f865698b2c0868602bd6103c0875cd78d7d805461a3a13464bfb6b1d97b2fd2c
nicole.Ani	305	0x0011D1F0	2569	2557	3163	3151	164	1839	3151	0	378128	0	-8	3011	161	2453	a372886f577b5df9df3a4956edb27f3de633f752684c6f69454f42ddd504cbe5
nicole.Ani	306	0x0011DBF9	2453	2441	3011	2999	161	1711	2999	0	384512	0	-8	2975	169	2446	24c786a42dc8dc5fa8398244097dd527153ad5cc6a2dc0dd5ff27553a845cf9e
nicole.Ani	307	0x0011E58E	2446	2434	2975	2963	169	1611	2963	0	390900	0	-8	2712	132	2233	a82b40b5adee16df9d7a850d8ad2fe95e555a0ebc585d594abaf734843b13468
nicole.Ani	308	0x0011EF1C	2233	2221	2712	2700	132	1644	2700	0	399866	0	-8	2756	132	2189	3c5055d4de712a58485564c6c49721e0fa91cb825c5676fdf3d240928638a9c0
nicole.Ani	309	0x0011F7D5	2189	2177	2756	2744	132	1688	2744	0	413938	0	-8	2755	134	2248	72369ecc8f17db4c68ae68b735f05ec493731abc8a7dd095dc81b3eaad2b8ecb
nicole.Ani	310	0x00120062	2248	2236	2755	2743	134	1671	2743	0	426752	0	-8	2640	124	2179	4bb60c8ecd90dd107da854ced83df0bcc4d741f91ad81e9ed61a7280e9ebaa76
nicole.Ani	311	0x0012092A	2179	2167	2640	2628	124	1636	2628	0	434448	0	-8	2855	138	2329	bf8e0cfec998bd5c022c5eb03555f00f01cc8f09669c7d63504e15829b5c9b33
nicole.Ani	312	0x001211AD	2329	2317	2855	2843	138	1739	2843	0	440880	0	-8	2823	144	2263	fc9113431f4df8b08eebcbbfb8d08bc2a84cec6ab6d490918e328035c47f3470
nicole.Ani	313	0x00121AC6	2263	2251	2823	2811	144	1659	2811	0	446006	0	-8	2973	150	2376	def4ead73fc738c1b265aecad8fe188a2e19357c682001428bded2b82155f060
nicole.Ani	314	0x0012239D	2376	2364	2973	2961	150	1761	2961	0	448590	0	-8	3083	153	2476	e5297a945fca77494135cf7f6c2b23316a498d54abfb7e7e46f89bbd4695ec3a
nicole.Ani	315	0x00122CE5	2476	2464	3083	3071	153	1847	3071	0	448590	0	-8	7033	398	5346	278308cc0fe6b4d4b7c76b3b37fecb2abbfc081b4dde3a15d9dafeb084360588
nicole.Ani	316	0x00123691	5346	5334	7033	7021	398	3837	7021	0	443494	0	-8	6856	360	5198	5ea037ae204e6c30dabb05914a4098baf904dacdc74143ff963debca5f90c6a1
nicole.Ani	317	0x00124B73	5198	5186	6856	6844	360	3964	6844	0	435856	0	-8	6701	361	5030	c82574bcbab760dd9c2a68b60b1bb2b8cca05ea78e7e2a0516984e016669bf17
nicole.Ani	318	0x00125FC1	5030	5018	6701	6689	361	3801	6689	0	433310	0	-8	6453	345	4974	3139756d1227ddc76576f5cbf65838f1145bc376cc16c9d7ab00507d4c256c99
nicole.Ani	319	0x00127367	4974	4962	6453	6441	345	3681	6441	0	430768	0	-8	6808	412	5159	46271bea9f8f2a3cc623f014416849dec49d6112f746e1156ce907206be3e496
nicole.Ani	320	0x001286D5	5159	5147	6808	6796	412	3500	6796	0	424376	0	-8	7115	489	5480	90e4aa4aa7daa6ef2a8346f85c5c603f938301b4eea10206744f1289f15ee0a5
nicole.Ani	321	0x00129AFC	5480	5468	7115	7103	489	3191	7103	0	421820	0	-8	7401	546	5500	9db4df63ff830b39ccbd8e7cba45cfc7e8a0564e78c1e02e0711a5cc21e33d92
nicole.Ani	322	0x0012B064	5500	5488	7401	7389	546	3021	7389	0	421820	0	-8	6739	429	5148	06bb483e9ace3654a10b7f8639ed976eeca331ff87978a536508654dc8d41c66
nicole.Ani	323	0x0012C5E0	5148	5136	6739	6727	429	3295	6727	0	421818	0	-8	6850	511	5172	c3cb702db893e6dd350acb9321c3340d326410f922ac1fdb69c147b187718dff
nicole.Ani	324	0x0012D9FC	5172	5160	6850	6838	511	2750	6838	0	417978	0	-8	6394	451	4965	93328beb5958c1f83bb32e8d44d5812620817fa1a718b7a4a1c919bf97809d6d
nicole.Ani	325	0x0012EE30	4965	4953	6394	6382	451	2774	6382	0	419256	0	-8	7023	568	5316	65275f6adde7000084a058ec0ae25d40f2bd4a181169b22c247ccc4914324a0e
nicole.Ani	326	0x00130195	5316	5304	7023	7011	568	2467	7011	0	420538	0	-8	2928	219	2279	2100654f55306c89852f3b392e2b5b1688817a21f5a40f6c954c9facc417d10f
nicole.Ani	327	0x00131659	2279	2267	2928	2916	219	1164	2916	0	420538	0	-8	2910	200	2287	cfc8ff7e5eedec652a8845f6d0af45d0f0dfffd73e39299c266c1e956a98d7b6
nicole.Ani	328	0x00131F40	2287	2275	2910	2898	200	1298	2898	0	420546	0	-8	3070	233	2363	923eba8d91536642855f31e04afdafcc7d39928d539a8d18064476b6c57ef19e
nicole.Ani	329	0x0013282F	2363	2351	3070	3058	233	1194	3058	0	423094	0	-8	3106	274	2349	592b2455c5013225350b4032b7e96431e2cd1badf714b7c353a6fca2c03d2716
nicole.Ani	330	0x0013316A	2349	2337	3106	3094	274	902	3094	0	424374	0	-8	2991	250	2247	5cbfc3b249b5542251a27930a776c4ec4e6471726c95518f03fadbf4f26d1e04
nicole.Ani	331	0x00133A97	2247	2235	2991	2979	250	979	2979	0	424374	0	-8	3189	281	2362	a44dcb058c342ecef63a1726786e100c2a6b295b4a11a19474065cd6aca5970c
nicole.Ani	332	0x0013435E	2362	2350	3189	3177	281	929	3177	0	423092	0	-8	3074	234	2375	96ff9ccebf5ea1f43f93f7b5fa298f4a9829d406c0923e00cde53839155c428f
nicole.Ani	333	0x00134C98	2375	2363	3074	3062	234	1190	3062	0	424372	0	-8	2984	222	2347	81a97234dd9d8bc477a11def258d4ebd7bc6b000b1e858fcf6598c7ab0717578
nicole.Ani	334	0x001355DF	2347	2335	2984	2972	222	1196	2972	0	426930	0	-8	2898	216	2239	29515639052f7554414b1c9d8458897e920dd62cd23cdddfc398135c28b8db08
nicole.Ani	335	0x00135F0A	2239	2227	2898	2886	216	1158	2886	0	426930	0	-8	3172	279	2338	6d5e0c4d54d0f9b16665a720a6cd0d3aceb34bcf7f0428b36ae8c0bab2b0a608
nicole.Ani	336	0x001367C9	2338	2326	3172	3160	279	928	3160	0	424370	0	-8	3042	230	2351	93099f52bce66dd4f73fe7bd32084a14eb7370f2341d4df72300dedfe5c8e553
nicole.Ani	337	0x001370EB	2351	2339	3042	3030	230	1190	3030	0	425650	0	-8	2960	220	2299	13e48cd990f9b8d8cfc356ad0938dad1731cd3835e4c8e4ec75b5ba0f0c900ea
nicole.Ani	338	0x00137A1A	2299	2287	2960	2948	220	1188	2948	0	428208	0	-8	2905	217	2242	e1340fbb0eea4b9f398a16feae833431059a7a9d8c84eaf821525c096ae5dcc7
nicole.Ani	339	0x00138315	2242	2230	2905	2893	217	1157	2893	0	428208	0	-8	3185	281	2363	e05638b598ac425b71a22c5d7ee137f06e8abddf01ab5a49b3f6eea7c738f25a
nicole.Ani	340	0x00138BD7	2363	2351	3185	3173	281	925	3173	0	425648	0	-8	2855	187	2255	aa4085c0aef2c787906b5575282b85251117e845b6fe1c1e10adc5efad095d62
nicole.Ani	341	0x00139512	2255	2243	2855	2843	187	1347	2843	0	428206	0	-8	3094	272	2324	a420b31901aeeb86d3755459b77c271d917bca23f47b510c27f974ec744965db
nicole.Ani	342	0x00139DE1	2324	2312	3094	3082	272	906	3082	0	429486	0	-8	2996	250	2279	b36d9b2b3864b38bdaf389ca8d160c29ba10950ad60868a9eb5c122e4e0e3420
nicole.Ani	343	0x0013A6F5	2279	2267	2996	2984	250	984	2984	0	429486	0	-8	6467	392	4836	b381f27a01aec1f107332f4d7731d80d2a835bd18409f05efe5bb9d859df44b6
nicole.Ani	344	0x0013AFDC	4836	4824	6467	6455	392	3319	6455	0	437138	0	-8	7087	416	5398	9a9437e278c394bd0725e451aa3b729253caf62ed949122ca98066201f3870d9
nicole.Ani	345	0x0013C2C0	5398	5386	7087	7075	416	3747	7075	0	437138	0	-8	6667	439	5080	e700546582e3989dbf5403f6aab140ce27d0892f071b18a9e2da841e89151e68
nicole.Ani	346	0x0013D7D6	5080	5068	6667	6655	439	3143	6655	0	433318	0	-8	6483	384	5018	f3ceee1213b23bff2de9303885acdadd6e9a6b877504403af90697e577a2879a
nicole.Ani	347	0x0013EBAE	5018	5006	6483	6471	384	3399	6471	0	434592	0	-8	6781	393	5133	819dfea7c7c91ea847bea8aa7d64f90127d63d1b881ac31cadecbc82a0fb12a1
nicole.Ani	348	0x0013FF48	5133	5121	6781	6769	393	3625	6769	0	438400	0	-8	6881	382	5212	4b37be5ec7b89f05839fba475f324773085e710ce46665e939a541d0ab2eae4a
nicole.Ani	349	0x00141355	5212	5200	6881	6869	382	3813	6869	0	438400	0	-8	6970	364	5266	faf7da9120fcfafe20825a53e7363d4a9489a812713e9d36e4a26ebd9d2af824
nicole.Ani	350	0x001427B1	5266	5254	6970	6958	364	4046	6958	0	435844	0	-8	7136	398	5418	a37244ec1cb0ab34d5342ce48f9fd59786dac3000d9734437577070beb75d4c1
nicole.Ani	351	0x00143C43	5418	5406	7136	7124	398	3940	7124	0	435788	0	-8	7048	399	5244	839b7d978e768e47306d193af3dd4ada2d937098c0251774d7599411a266b6b8
nicole.Ani	352	0x0014516D	5244	5232	7048	7036	399	3844	7036	0	437022	0	-8	7083	404	5227	cedc36a7c075c615ea5db98a61330b7b87c5fb3c1ba557c31ce5d201ae8d00b7
nicole.Ani	353	0x001465E9	5227	5215	7083	7071	404	3839	7071	0	437022	0	-8	6770	375	5029	c226f534c35e6c867dbca6fb305365a8a945f3c718971dfbe2d375663310b83f
nicole.Ani	354	0x00147A54	5029	5017	6770	6758	375	3758	6758	0	429346	0	-8	6952	371	5237	13b5dde97981545fcd7e047932a83a7a24c843328c8f875b04ca90edfb9570bf
nicole.Ani	355	0x00148DF9	5237	5225	6952	6940	371	3972	6940	0	422932	0	-8	6787	369	5062	2ac570c83dde13ad5857fde384108071883a9f17f397255cd2edf1e2b4e5cbfd
nicole.Ani	356	0x0014A26E	5062	5050	6787	6775	369	3823	6775	0	417790	0	-8	6886	378	5257	6b768379d700d05fe951b76cd2d8a8474842827012472beefbc40758b8917db7
nicole.Ani	357	0x0014B634	5257	5245	6886	6874	378	3850	6874	0	411348	0	-8	6419	337	4927	97fde8dd513e96a732c6dfcf9c43cc09c3f7757e417b6f13ecb9b0f771428013
nicole.Ani	358	0x0014CABD	4927	4915	6419	6407	337	3711	6407	0	399132	0	-8	7072	483	5171	d629fc28daba1f466a1568bb2c4dfefb168f2efc6f43841fbb397c9a9291de08
nicole.Ani	359	0x0014DDFC	5171	5159	7072	7060	483	3196	7060	0	414498	0	-8	6635	356	4952	3c5f59d7d362480149c64aaa49c492dcd8657a5be932a705d92b542b3b30ca11
nicole.Ani	360	0x0014F22F	4952	4940	6635	6623	356	3775	6623	0	429858	0	-8	6699	358	5031	7f8cf6390b2355e259435d27124e11d83e3ebb33ee659490f9b603e96a1c45ce
nicole.Ani	361	0x00150587	5031	5019	6699	6687	358	3823	6687	0	445220	0	-8	6564	336	5042	52b03015cd185eec04e7fea76e53435970c93b4a97cdbb3108a30bd93647c57f
nicole.Ani	362	0x0015192E	5042	5030	6564	6552	336	3864	6552	0	460578	0	-8	6799	450	5148	13c06762cf91004af8c24139c0009e6a43781d6faf3dba8b45d45a0db6d71eab
nicole.Ani	363	0x00152CE0	5148	5136	6799	6787	450	3187	6787	0	460578	0	-8	2875	169	2167	f51cfa85c0c9ec6adad1676bb51e43e4bd1b2c6567e186d06c7381ea991d62c6
nicole.Ani	364	0x001540FC	2167	2155	2875	2863	169	1511	2863	0	352394	0	-8	2925	153	2239	661dbc947cb7525f322040a3689229b11b0c21ab41bd0a0ebf0089771c94316f
nicole.Ani	365	0x00154973	2239	2227	2925	2913	153	1689	2913	0	343440	0	-8	6660	420	5130	06e6e9fbdc2176dbcb4a6414df8cb76f387624d2cdd80c2372ad27635ca01d80
nicole.Ani	366	0x00155232	5130	5118	6660	6648	420	3288	6648	0	459300	0	-8	6461	450	4905	d4f99752b401a94e77ca9e983440db920399eb8e7ecf7e53fed4d49f0f13a6ee
nicole.Ani	367	0x0015663C	4905	4893	6461	6449	450	2849	6449	0	459300	0	-8	2776	130	2017	bcc4975ce2158b2e88d56fac019563554d092525ad76bf63f60ee1e4091c2887
nicole.Ani	368	0x00157965	2017	2005	2776	2764	130	1724	2764	0	310122	0	-8	3052	193	2187	f6f9c3a129eadd11a4d0c4510b53fd19ec36033839e877b01ff0e2fb0a2e902e
nicole.Ani	369	0x00158146	2187	2175	3052	3040	193	1496	3040	0	302426	0	-8	6170	388	4569	7226b8cae427a321bb89d8108454a5545d85371f8dcf6e4c791ef8980a014f6b
nicole.Ani	370	0x001589D1	4569	4557	6170	6158	388	3054	6158	0	459302	0	-8	3006	180	2139	4e08994160287f9ecfbfcb6c3ec85c9e205fe2f6e3c5dabb93da7212b3784db2
nicole.Ani	371	0x00159BAA	2139	2127	3006	2994	180	1554	2994	0	287064	0	-8	3021	189	2193	6c66fceae61545889bd8bf46389a49d1b3505b643a27f395331bab06713a38d0
nicole.Ani	372	0x0015A405	2193	2181	3021	3009	189	1497	3009	0	279384	0	-8	2982	168	2166	26aa85c7ae34cd4c3d2b4cf5fdfc5dce031e6f39d3291c457f21921d981d9fd1
nicole.Ani	373	0x0015AC96	2166	2154	2982	2970	168	1626	2970	0	274266	0	-8	7136	382	5301	ce30ede909c1898777982a46b47bfb4dcfe2227b8bb6bd7f94b1fb35bffe6b3e
nicole.Ani	374	0x0015B50C	5301	5289	7136	7124	382	4068	7124	0	461836	0	-8	7500	502	5412	4eed14361adc14e5f6a664819656e47d08370b628f10109245543cd24fd1e31b
nicole.Ani	375	0x0015C9C1	5412	5400	7500	7488	502	3472	7488	0	461836	0	-8	7185	342	5253	932332bd50f97a9ab60d2bbcb53941e58a89a732b3b39283e1a304dec5a56b47
nicole.Ani	376	0x0015DEE5	5253	5241	7185	7173	342	4437	7173	0	461820	0	-8	7348	397	5556	f184cad324bfaae137773060e84821db2ccea7761b55e756576e6e77f147259a
nicole.Ani	377	0x0015F36A	5556	5544	7348	7336	397	4160	7336	0	463036	0	-8	7420	389	5439	044261049b8f618286644041b8f03826a9ac560a9477f921881c21825c2173a5
nicole.Ani	378	0x0016091E	5439	5427	7420	7408	389	4296	7408	0	463036	0	-8	7957	444	5779	c00769070dae112e806379a1f5f716b638c26d0438f7fea2bfd5f23c02f65051
nicole.Ani	379	0x00161E5D	5779	5767	7957	7945	444	4393	7945	0	465516	0	-8	8064	400	5922	2fd7a6e25a22b8966ac4b0ac2f1ec16811eb8a60f10c4f6197e8b1d03f4d4170
nicole.Ani	380	0x001634F0	5922	5910	8064	8052	400	4852	8052	0	469302	0	-8	8039	380	5992	441206725f380884f982d1a810af317c57e87c9b830752fe2635e65ed4fcabab
nicole.Ani	381	0x00164C12	5992	5980	8039	8027	380	4987	8027	0	476926	0	-8	7728	349	5779	dd9c65edb18f6a3b68732eb5df5603618021eb8ecb195e5a0eeebee55ca58c60
nicole.Ani	382	0x0016637A	5779	5767	7728	7716	349	4924	7716	0	480714	0	-8	7800	380	5813	78a1f6d1b166b76f9bebd31584c386a95fb6039aaecdadd043222f75866e333b
nicole.Ani	383	0x00167A0D	5813	5801	7800	7788	380	4748	7788	0	484508	0	-8	7342	307	5421	a1d3be19e441b6b1ba29102af183f9bac5d355df5f07276232f8dec40f426ffa
nicole.Ani	384	0x001690C2	5421	5409	7342	7330	307	4874	7330	0	488308	0	-8	7164	376	5521	36e9d5c8191a32aabaa67b40444214d787c2987a89f286974aafce1857ed44ea
nicole.Ani	385	0x0016A5EF	5521	5509	7164	7152	376	4144	7152	0	490834	0	-8	6784	354	5222	58307159fb8311a35691af3465a8f8ae720fa0d199072da711380adea44eed94
nicole.Ani	386	0x0016BB80	5222	5210	6784	6772	354	3940	6772	0	493364	0	-8	7723	369	6104	30c99915546c99970d5a586f9672498f5dc8834b0d14c602ab2afea1e64c1934
nicole.Ani	387	0x0016CFE6	6104	6092	7723	7711	369	4759	7711	0	493364	0	-8	8108	400	6300	eecc6471eb9c2802291bdfafcd30e8c3d4260895a12a5ca53744d1fb66bb241d
nicole.Ani	388	0x0016E7BE	6300	6288	8108	8096	400	4896	8096	0	493308	0	-8	7409	365	5779	1b861510d76244221de51bee52ed566c37d5b296ed37ba2e66979e5b0961013b
nicole.Ani	389	0x0017005A	5779	5767	7409	7397	365	4477	7397	0	491940	0	-8	6667	353	5221	d854ad517f406311a4ff9b7b42e33ac62622c3e17fbd88505aac0b0761f8fa46
nicole.Ani	390	0x001716ED	5221	5209	6667	6655	353	3831	6655	0	490614	0	-8	6346	382	4905	92229444c5f9d2159df5cd8548a5f8051919eb9cf44326ccd7fb10abf7092490
nicole.Ani	391	0x00172B52	4905	4893	6346	6334	382	3278	6334	0	490588	0	-8	6427	411	4929	0a9f88acf38e927a1db9e15d314e062d2f3b8b53210a59af93d1b5e99db784e1
nicole.Ani	392	0x00173E7B	4929	4917	6427	6415	411	3127	6415	0	490576	0	-8	6338	396	4931	e7de5f3a7daf3bab82116c2f42471777fb856676b617ecf7734487421cd86386
nicole.Ani	393	0x001751BC	4931	4919	6338	6326	396	3158	6326	0	490564	0	-8	6330	397	4855	11d61633f21ac482c48af469be8cda04d0f46d79f7b25a8949746b4fadfe6090
nicole.Ani	394	0x001764FF	4855	4843	6330	6318	397	3142	6318	0	490552	0	-8	6645	422	5078	81ea00ba589988006350eb2882d400ad433cad89b618048ff83b5daf72f5793e
nicole.Ani	395	0x001777F6	5078	5066	6645	6633	422	3257	6633	0	490540	0	-8	6468	415	5140	b30c6f2ddee90cb1a1cc1aaf79e61ba9e9c5234c539fb1d861867a56bc54e38f
nicole.Ani	396	0x00178BCC	5140	5128	6468	6456	415	3136	6456	0	490528	0	-8	6037	395	4717	4b2b6547b773cbe6160776aa337c3ca6aa1043d631bcd219f4ea680d28d7e471
nicole.Ani	397	0x00179FE0	4717	4705	6037	6025	395	2865	6025	0	490522	0	-8	6450	413	4956	c3e7fda5f00822c9972fe74a8fa8fb42e27f239e521b03403ec6dcd27eea3a92
nicole.Ani	398	0x0017B24D	4956	4944	6450	6438	413	3134	6438	0	490518	0	-8	6514	436	4968	03ddf46de63e7f1ee777256a9385bc39f54ccebae65cab1924b17c4d888ddd5d
nicole.Ani	399	0x0017C5A9	4968	4956	6514	6502	436	3014	6502	0	489216	0	-8	2832	195	2246	33ca9cb7cabd030cd9f13e4b63026123115b8b9441b1931ba743097bcf33301b
nicole.Ani	400	0x0017D911	2246	2234	2832	2820	195	1260	2820	0	443102	0	-8	2776	181	2242	dfdeab007106a399ae5824e84e23f75248fb3a6314b6807799b73475a3621d5c
nicole.Ani	401	0x0017E1D7	2242	2230	2776	2764	181	1316	2764	0	443102	0	-8	2775	191	2245	18eb6dbc7834b93857ad3ef81e03be5e1d616017feeaf65ff87c4672aaedc734
nicole.Ani	402	0x0017EA99	2245	2233	2775	2763	191	1235	2763	0	455902	0	-8	2875	199	2274	e95eccd5ca2be8eb7e144da2254b41dd884e4fd79d6aeb4eafb602598ec1548a
nicole.Ani	403	0x0017F35E	2274	2262	2875	2863	199	1271	2863	0	455902	0	-8	2732	185	2134	e9c67e7d5b8dd7cace3af5a708b3c918d47fe23f8cf92dafa52fcd6fecb8ddfe
nicole.Ani	404	0x0017FC40	2134	2122	2732	2720	185	1240	2720	0	435478	0	-8	2897	201	2281	9ac20e4f4ae38331eb7a2bbb5607f4f47a2dae235b8803f78d0647ebb50432a4
nicole.Ani	405	0x00180496	2281	2269	2897	2885	201	1277	2885	0	435478	0	-8	2758	189	2207	1f9f0cc4dca2db5b1ad7f195ed5bb5098bd0b991e358b87e07604687060710db
nicole.Ani	406	0x00180D7F	2207	2195	2758	2746	189	1234	2746	0	177184	0	-8	2708	174	2141	0886261b491366c4490797712daeead8f611731d9a006a76121884b8b415e81a
nicole.Ani	407	0x0018161E	2141	2129	2708	2696	174	1304	2696	0	177210	0	-8	2737	190	2168	47c457238774fab4a2e5118125a70824a01ecd6de85669c1d4d6eecb422d9ca7
nicole.Ani	408	0x00181E7B	2168	2156	2737	2725	190	1205	2725	0	178502	0	-8	2844	197	2277	704e775db167612aa70d91a75dbba4b793027cbea34e39e5101248050932e187
nicole.Ani	409	0x001826F3	2277	2265	2844	2832	197	1256	2832	0	178502	0	-8	2722	187	2174	5e28ef185caa61966481c66c57591d53103f063d16023591ffd83416b8d166a3
nicole.Ani	410	0x00182FD8	2174	2162	2722	2710	187	1214	2710	0	174648	0	-8	2709	176	2166	d71ebe2b0e8c0cab310a45b300f7f384ef3dcc729c1b46065fcbe7a700400798
nicole.Ani	411	0x00183856	2166	2154	2709	2697	176	1289	2697	0	174674	0	-8	6528	413	4933	ab69ba9769037265dd034f0d3bfaa7c57eedc904f7928dcb5e33d8f3169b9049
nicole.Ani	412	0x001840CC	4933	4921	6528	6516	413	3212	6516	0	486666	0	-8	6716	389	5027	dc6e762e563e3953e51e6200a4300b086de6ab35c3ae17b9c148a63d4a6fc4d9
nicole.Ani	413	0x00185411	5027	5015	6716	6704	389	3592	6704	0	477712	0	-8	7100	356	5413	8ce976adcd5522cdbdef454863547cdb6d5c598d08623a0485fa6ca4e91d3ff8
nicole.Ani	414	0x001867B4	5413	5401	7100	7088	356	4240	7088	0	457232	0	-8	6985	446	5336	6e93c5f11a4af3345cef28c3a50c94251dc10a1d90911605e8045c0e6fac7071
nicole.Ani	415	0x00187CD9	5336	5324	6985	6973	446	3405	6973	0	436754	0	-8	7117	478	5298	f47d892d08be10c3bdfbeafe0cb82d7b7361e5ab6811aa8b0f67e08442eecb3c
nicole.Ani	416	0x001891B1	5298	5286	7117	7105	478	3281	7105	0	416272	0	-8	6885	408	5128	eaa79a6127b11f532075fb1b759f6301048f04c30baca2862863ba6511f86ded
nicole.Ani	417	0x0018A663	5128	5116	6885	6873	408	3609	6873	0	393236	0	-8	7128	485	5210	b560c774c185f22f54ebc9f871e8ef9f19dee756d9ab2208107eb453679365b8
nicole.Ani	418	0x0018BA6B	5210	5198	7128	7116	485	3236	7116	0	375318	0	-8	6706	458	5061	fc797908be9a2d24bbcce5bbf3ab25d8faa4d51b9da0edcc8bb48695b9875778
nicole.Ani	419	0x0018CEC5	5061	5049	6706	6694	458	3030	6694	0	361238	0	-8	7107	580	5174	af382c9e25e982b6cda1cd02b3d399668ec2ff3840b85522a9104bbb5c0b1dad
nicole.Ani	420	0x0018E28A	5174	5162	7107	7095	580	2455	7095	0	357400	0	-8	3028	226	2340	da9902dd6955600d8791b29f4bed5900a7f413ea7b34ccebb8fdbd421a3324dc
nicole.Ani	421	0x0018F6C0	2340	2328	3028	3016	226	1208	3016	0	173444	0	-8	3052	233	2373	14ede5ca5605c24f6dc1c350effd847fec60af0f3bfa5a09b05ead7f5a0de660
nicole.Ani	422	0x0018FFE4	2373	2361	3052	3040	233	1176	3040	0	176004	0	-8	2924	218	2272	32263bfb4622a1cecff2d025282170c2a00e36b8cf397ea3015fad32497cf308
nicole.Ani	423	0x00190929	2272	2260	2924	2912	218	1168	2912	0	176004	0	-8	3166	277	2353	a71ae7e5a540e079b8f192be46fa879edcb338e88363e899e5d51aa179b0722d
nicole.Ani	424	0x00191209	2353	2341	3166	3154	277	938	3154	0	173446	0	-8	2947	196	2308	2c4071174ba6838df3acc55399b5b9c01f8dae3bb7dafa6c80eedc96ee24ff0e
nicole.Ani	425	0x00191B3A	2308	2296	2947	2935	196	1367	2935	0	176008	0	-8	3157	266	2367	5b53a0a7e503c1065bfb000333f0135bddbc1227d4f3e1c2365156ad8c01719d
nicole.Ani	426	0x0019243E	2367	2355	3157	3145	266	1017	3145	0	177290	0	-8	2929	218	2295	87542889193a3369b340af0a7d5ed4f9f12a3ee3ea1c0d5fd4a6652287780e09
nicole.Ani	427	0x00192D7D	2295	2283	2929	2917	218	1173	2917	0	177290	0	-8	3624	335	2589	d9c981168e28a026143273ecb0a592bbd479b7da741107b701e17b536e226c9f
nicole.Ani	428	0x00193674	2589	2577	3624	3612	335	932	3612	0	174742	0	-8	3069	233	2379	ae944cb71e4980c26b94381c371bafcd58341e24fa242d2a7a48655cfa76023f
nicole.Ani	429	0x00194091	2379	2367	3069	3057	233	1193	3057	0	177292	0	-8	2975	220	2303	b40bf3ce7572b943f178b21415a16d6d8a2c6eb8e0bd1d1178256025149ac949
nicole.Ani	430	0x001949DC	2303	2291	2975	2963	220	1203	2963	0	179854	0	-8	2893	213	2264	6f9363d1957ec598d2e622752170195a4b86daa24063118238764f361370b515
nicole.Ani	431	0x001952DB	2264	2252	2893	2881	213	1177	2881	0	179854	0	-8	3165	277	2346	6513c4c852940a75292e13d9079da435c74364f66b110eedff5bb33944499947
nicole.Ani	432	0x00195BB3	2346	2334	3165	3153	277	937	3153	0	177296	0	-8	2889	190	2274	140a7647e3796eb98a98c818603b968425f4d3b100b77f0057a09f17e17bfbbf
nicole.Ani	433	0x001964DD	2274	2262	2889	2877	190	1357	2877	0	179858	0	-8	3128	276	2345	a8b85c114222471e81f69c9a9adb8000e5a83130dbba26a6c4e71e104e96d122
nicole.Ani	434	0x00196DBF	2345	2333	3128	3116	276	908	3116	0	181138	0	-8	6827	541	4978	e69052a667aa7924a7b63f721fa8b06c160e5d6418b1ce767e0e376830858e53
nicole.Ani	435	0x001976E8	4978	4966	6827	6815	541	2487	6815	0	357400	0	-8	4890	418	3399	76e33a73bf172eb426328ab0a1a04ce98cb71d6262f741a9b19525078e615295
nicole.Ani	436	0x00198A5A	3399	3387	4890	4878	418	1534	4878	0	356122	0	-8	7168	488	5336	3a03daf7ffe106c61a088a79c3b8a8d8c9852a6af4759d6b40a65ce3f427cdbb
nicole.Ani	437	0x001997A1	5336	5324	7168	7156	488	3252	7156	0	354844	0	-8	7461	533	5417	ae2db5aa03a17d2e2e5cfc436c5c789e89c4be12bed03e93805ec5ec52349950
nicole.Ani	438	0x0019AC79	5417	5405	7461	7449	533	3185	7449	0	349736	0	-8	7179	456	5225	6b599f521bfe973d236b620c29d7dc36f99e3cc6aa9c2c13a394c8615f3164cf
nicole.Ani	439	0x0019C1A2	5225	5213	7179	7167	456	3519	7167	0	342072	0	-8	7656	551	5351	e1d07b4669ff692349abecc47c5285c701a04a457ebeeae969959f3ff8501af5
nicole.Ani	440	0x0019D60B	5351	5339	7656	7644	551	3236	7644	0	333132	0	-8	7709	516	5472	bfa3c1db84b2e6e0aa99e89bf56f96801476346e0685ebb81746469e514880e9
nicole.Ani	441	0x0019EAF2	5472	5460	7709	7697	516	3569	7697	0	324190	0	-8	7316	527	5363	1431417ace198bc8aef0da20d9fa59fd0355416265cb0b43a681921f680a9cc1
nicole.Ani	442	0x001A0052	5363	5351	7316	7304	527	3088	7304	0	313972	0	-8	6998	500	5176	fc9fbc0925747ae66c6a0ff4088396402ab4e45fc4c82d49874e711b1d27a8ad
nicole.Ani	443	0x001A1545	5176	5164	6998	6986	500	2986	6986	0	307588	0	-8	6795	486	4979	97bcedd1fe736e4925cc4553be2c1990e1630af867230211559416536568d120
nicole.Ani	444	0x001A297D	4979	4967	6795	6783	486	2895	6783	0	302480	0	-8	7103	552	5184	cc8300520e1d80369a6078a247b6bf938dfdd83d504a2249147b36ad01788293
nicole.Ani	445	0x001A3CF0	5184	5172	7103	7091	552	2675	7091	0	299926	0	-8	698	62	530	2775ae209acaab4036659b8ecf3b78235b02d090c38f354e54940bcf96e50678
nicole.Ani	446	0x001A5130	530	518	698	686	62	190	686	0	184980	0	-8	2944	220	2321	c40a3a7b0b4520ae7c21f4f79f3984d588385cd8695b1efe9f8a7acddde115f9
nicole.Ani	447	0x001A5342	2321	2309	2944	2932	220	1172	2932	0	186270	0	-8	3203	281	2366	cebdbcfc6faaef41aa238cc38de4fe6721f2501ad5bc4e35359098f1746866a9
nicole.Ani	448	0x001A5C53	2366	2354	3203	3191	281	943	3191	0	183710	0	-8	2918	193	2305	c0d16206fbd05b5dbc13ab912f6e03b54a1623941c4decc874eb841a9e68d3dd
nicole.Ani	449	0x001A6591	2305	2293	2918	2906	193	1362	2906	0	186272	0	-8	3107	237	2417	4c3a1f70a02e12fe6ef6780f586d4215dbcff6697f84cc0bb7a8b211139b8261
nicole.Ani	450	0x001A6E92	2417	2405	3107	3095	237	1199	3095	0	187556	0	-8	2888	213	2276	63fbb2730a202609afe1adbc857e7d24373617d90a689b2ad4fc6121874e0af7
nicole.Ani	451	0x001A7803	2276	2264	2888	2876	213	1172	2876	0	187556	0	-8	3009	216	2331	93f60b1bb44e46b19e050f1a1372db452aa51be60e067c39f904f93cfb5f776c
nicole.Ani	452	0x001A80E7	2331	2319	3009	2997	216	1269	2997	0	185014	0	-8	2887	186	2240	2436642c9b3c256f41b5ba41a63c7966c2760e84d69d6ecb0c842d85fbbe7f6c
nicole.Ani	453	0x001A8A02	2240	2228	2887	2875	186	1387	2875	0	187570	0	-8	2788	153	2187	0f81156651be31b5a6982b52636ff45f7091915c965ba799362a200b2888f247
nicole.Ani	454	0x001A92C2	2187	2175	2788	2776	153	1552	2776	0	192698	0	-8	2880	185	2237	01674ce9eba2fd3949ecb92fef26f06e2c000051f86ef8177dd2dd625fb2d426
nicole.Ani	455	0x001A9B4D	2237	2225	2880	2868	185	1388	2868	0	193986	0	-8	2847	170	2218	85c1aac989c836d5bf38df3eeae4bfe95ac2cb3ca4263c0d3920509f20db6546
nicole.Ani	456	0x001AA40A	2218	2206	2847	2835	170	1475	2835	0	196566	0	-8	2907	149	2236	1f4e3c5b13a7d7d8ca3920110aebcb73cd3a99cbf0103369974366db87cfe09c
nicole.Ani	457	0x001AACB4	2236	2224	2907	2895	149	1703	2895	0	205526	0	-8	2912	149	2271	f5fd5b5664ff9e2bab20c105d5752381870b604ef189d39b717d453b7be3e794
nicole.Ani	458	0x001AB570	2271	2259	2912	2900	149	1708	2900	0	214498	0	-8	2876	152	2273	935db95747abc7addc7549d7be15dc3631d320b58d5b2c06b1d7353553c06d6f
nicole.Ani	459	0x001ABE4F	2273	2261	2876	2864	152	1648	2864	0	222190	0	-8	2820	126	2280	2a5e2e3692d47304c42fc93f31dcc03c4d54d68f0255fb0999c80369041c5016
nicole.Ani	460	0x001AC730	2280	2268	2820	2808	126	1800	2808	0	235010	0	-8	3170	140	2474	12faaf4a7c532aea16cea64e2f911d27e45a9ecbbe3c4875ed7779c95529f373
nicole.Ani	461	0x001AD018	2474	2462	3170	3158	140	2038	3158	0	256772	0	-8	2940	126	2493	4b9a2c9d117dd152302876d03d416a96ee7583462824805803dbb6cff04870db
nicole.Ani	462	0x001AD9C2	2493	2481	2940	2928	126	1920	2928	0	277260	0	-8	2880	128	2424	2dc0020c6dc9f6df72bd1ee4f9fb601257c1327a012f316e07bbb6be6c8e8a71
nicole.Ani	463	0x001AE37F	2424	2412	2880	2868	128	1844	2868	0	295188	0	-8	6325	353	4947	09623a149fdd893c08d5e58b2f2a776d71114142aa87d9ae33df67e040afe7bd
nicole.Ani	464	0x001AECF7	4947	4935	6325	6313	353	3489	6313	0	311848	0	-8	3259	153	2625	991a2919df4d3441f8cce456e045b5ba024aa678caa974220aa153f4d6ee5517
nicole.Ani	465	0x001B004A	2625	2613	3259	3247	153	2023	3247	0	336164	0	-8	2932	123	2350	e7dfc25ae249d577cf9ef466a59d4d2cb6a51c0d2cf9fa632297648cc9e259e7
nicole.Ani	466	0x001B0A8B	2350	2338	2932	2920	123	1936	2920	0	357930	0	-8	2811	123	2266	f66b89cd296ef3043826cf3ca9b22a23681b6b952b29104c98bd987a08078d79
nicole.Ani	467	0x001B13B9	2266	2254	2811	2799	123	1815	2799	0	374578	0	-8	2820	134	2286	9c00e650f9470e1bec989aaaa58c126e190bdc4531c7e383846335a38754d28d
nicole.Ani	468	0x001B1C93	2286	2274	2820	2808	134	1736	2808	0	386116	0	-8	2944	142	2417	bc319846c6b5df7496ac4a858dabd1e82deaf0a90a83445cbfeb31f8480fa2ab
nicole.Ani	469	0x001B2581	2417	2405	2944	2932	142	1796	2932	0	398916	0	-8	2900	156	2410	a23995d79e581b947215bf8b1b82822e5acc2cfcde9deac9dc52dc9f5a3ae503
nicole.Ani	470	0x001B2EF2	2410	2398	2900	2888	156	1640	2888	0	406606	0	-8	2851	170	2297	141c948af9f9526c1ae0e50dc25efa54c7349dfeccadb424e829d8601d57f1b2
nicole.Ani	471	0x001B385C	2297	2285	2851	2839	170	1479	2839	0	409176	0	-8	2856	171	2297	253c8ebb5677aeab0054c61bef48e643ffe717fea0beac8c7c71c8fc82899d86
nicole.Ani	472	0x001B4155	2297	2285	2856	2844	171	1476	2844	0	411756	0	-8	2906	157	2357	1a59ba64ced44ce358bbaa34229c90a3b8704813aba396d779c5dd553a8315c6
nicole.Ani	473	0x001B4A4E	2357	2345	2906	2894	157	1638	2894	0	418156	0	-8	2785	152	2254	f503ac328008a0b3989fab5e47d9e3dedf44b5a69f9addda8cf488f4d746b3d4
nicole.Ani	474	0x001B5383	2254	2242	2785	2773	152	1557	2773	0	423284	0	-8	2643	147	2138	c547d0e287c0d727542e61bb8622d6e0a87be7a05329f56481751879083dc38b
nicole.Ani	475	0x001B5C51	2138	2126	2643	2631	147	1455	2631	0	423284	0	-8	6331	421	4892	9b83df6c65d8253707685182b181251c54ecc1eadf423899cf58a7a380d05570
nicole.Ani	476	0x001B64AB	4892	4880	6331	6319	421	2951	6319	0	422032	0	-8	2880	181	2296	fbd94c02d65856b37c7a7ee988c5d7b586a5eeea948b3dcf4b882c0b47833d17
nicole.Ani	477	0x001B77C7	2296	2284	2880	2868	181	1420	2868	0	424588	0	-8	3117	236	2421	16f540fa34bc2d3ac8596740f756dfee2f706b0a68dac63884dd9211fcf401ec
nicole.Ani	478	0x001B80BF	2421	2409	3117	3105	236	1217	3105	0	425872	0	-8	2830	200	2260	0efcb09188077b847103f5f2c4ebaa9bc0fc7df33e2b587fd0d852f6821ab264
nicole.Ani	479	0x001B8A34	2260	2248	2830	2818	200	1218	2818	0	425872	0	-8	3196	279	2386	c9bdd7a1d49d78e0a967769df439dd51c4bd355d99377beee1998318f7a7da37
nicole.Ani	480	0x001B9308	2386	2374	3196	3184	279	952	3184	0	423316	0	-8	3087	230	2435	86a838654b7a59b502987419cbe44cdd47cc1b4ad276cf8c49659782c6738c94
nicole.Ani	481	0x001B9C5A	2435	2423	3087	3075	230	1235	3075	0	424596	0	-8	2992	220	2381	9f006a2f10871aa467ecf1d5a53bc9565d2529d20cb64bb05c82d041f7b92b72
nicole.Ani	482	0x001BA5DD	2381	2369	2992	2980	220	1220	2980	0	427158	0	-8	2914	214	2291	cdbf7dbf4533558777cc45c889fc93214e0a972e2460395e4183ced6a587c184
nicole.Ani	483	0x001BAF2A	2291	2279	2914	2902	214	1190	2902	0	427158	0	-8	2893	206	2307	200bc7091c6f833af2771d020c8b7921c3f8ec418c61dab775692e829fc1dc0c
nicole.Ani	484	0x001BB81D	2307	2295	2893	2881	206	1233	2881	0	427160	0	-8	2922	215	2315	88fdfce0ac24231321b7c537269a840ac4f7122e3dc9d4f99ba3cb8eed018836
nicole.Ani	485	0x001BC120	2315	2303	2922	2910	215	1190	2910	0	427160	0	-8	3188	278	2384	15951e8fa4289e570a3f897295279ad0684dad7801634d92b1f3499dd85ec2b9
nicole.Ani	486	0x001BCA2B	2384	2372	3188	3176	278	952	3176	0	424600	0	-8	3086	230	2454	e23f296ed1705f505f32c408a015daccf1e980adb22924cff9730e0484584237
nicole.Ani	487	0x001BD37B	2454	2442	3086	3074	230	1234	3074	0	425880	0	-8	3107	270	2345	d4894100070d2f7bd29c109c6937ec4073257f73bb4f83eb7a904e65cbdff1df
nicole.Ani	488	0x001BDD11	2345	2333	3107	3095	270	935	3095	0	427160	0	-8	2922	215	2315	4d7534f2eaf5b9f1577149aba26f4068b3bb2565422b069580ae5bf731f19c44
nicole.Ani	489	0x001BE63A	2315	2303	2922	2910	215	1190	2910	0	427160	0	-8	6777	526	4993	15951e8fa4289e570a3f897295279ad0684dad7801634d92b1f3499dd85ec2b9
nicole.Ani	490	0x001BEF45	4993	4981	6777	6765	526	2557	6765	0	424600	0	-8	3086	230	2454	343eca14190dbff26db56eef806d853f72be8aee419324471756001201ab8eb1
nicole.Ani	491	0x001C02C6	2454	2442	3086	3074	230	1234	3074	0	425880	0	-8	3107	270	2345	d4894100070d2f7bd29c109c6937ec4073257f73bb4f83eb7a904e65cbdff1df
nicole.Ani	492	0x001C0C5C	2345	2333	3107	3095	270	935	3095	0	427160	0	-8	2922	215	2315	4d7534f2eaf5b9f1577149aba26f4068b3bb2565422b069580ae5bf731f19c44
nicole.Ani	493	0x001C1585	2315	2303	2922	2910	215	1190	2910	0	427160	0	-8	3188	278	2384	15951e8fa4289e570a3f897295279ad0684dad7801634d92b1f3499dd85ec2b9
nicole.Ani	494	0x001C1E90	2384	2372	3188	3176	278	952	3176	0	424600	0	-8	3086	230	2454	e23f296ed1705f505f32c408a015daccf1e980adb22924cff9730e0484584237
nicole.Ani	495	0x001C27E0	2454	2442	3086	3074	230	1234	3074	0	425880	0	-8	3107	270	2345	d4894100070d2f7bd29c109c6937ec4073257f73bb4f83eb7a904e65cbdff1df
nicole.Ani	496	0x001C3176	2345	2333	3107	3095	270	935	3095	0	427160	0	-8	2922	215	2315	4d7534f2eaf5b9f1577149aba26f4068b3bb2565422b069580ae5bf731f19c44
nicole.Ani	497	0x001C3A9F	2315	2303	2922	2910	215	1190	2910	0	427160	0	-8	3188	278	2384	15951e8fa4289e570a3f897295279ad0684dad7801634d92b1f3499dd85ec2b9
nicole.Ani	498	0x001C43AA	2384	2372	3188	3176	278	952	3176	0	424600	0	-8	3024	221	2424	e23f296ed1705f505f32c408a015daccf1e980adb22924cff9730e0484584237
nicole.Ani	499	0x001C4CFA	2424	2412	3024	3012	221	1244	3012	0	425882	0	-8	3090	268	2341	a70f95fadda0b68a41778d8401e3c9102e88ae28af5cbf7a487f77e189358ade
nicole.Ani	500	0x001C5672	2341	2329	3090	3078	268	934	3078	0	427162	0	-8	2913	214	2300	7358c09a4252348bd912d890757dfb9529f98391f46cf29b3f6c4b5f0437138c
nicole.Ani	501	0x001C5F97	2300	2288	2913	2901	214	1189	2901	0	427162	0	-8	3188	278	2381	f0d5276445934337f186c4c63e3ced310011ad97139d0b3677804ba37ad15e54
nicole.Ani	502	0x001C6893	2381	2369	3188	3176	278	952	3176	0	424602	0	-8	3093	231	2442	bcca59bef200659288c828bd55f85a54bfa39cd793b7ac99c37f26f8d2975b29
nicole.Ani	503	0x001C71E0	2442	2430	3093	3081	231	1233	3081	0	425882	0	-8	3090	268	2341	f2e28597fbba9ad1cc47ea418c46f10e6c3ede6792a243f3113ad78f0310696c
nicole.Ani	504	0x001C7B6A	2341	2329	3090	3078	268	934	3078	0	427162	0	-8	2913	214	2300	7358c09a4252348bd912d890757dfb9529f98391f46cf29b3f6c4b5f0437138c
nicole.Ani	505	0x001C848F	2300	2288	2913	2901	214	1189	2901	0	427162	0	-8	3188	278	2381	f0d5276445934337f186c4c63e3ced310011ad97139d0b3677804ba37ad15e54
nicole.Ani	506	0x001C8D8B	2381	2369	3188	3176	278	952	3176	0	424602	0	-8	3093	231	2442	bcca59bef200659288c828bd55f85a54bfa39cd793b7ac99c37f26f8d2975b29
nicole.Ani	507	0x001C96D8	2442	2430	3093	3081	231	1233	3081	0	425882	0	-8	3090	268	2341	f2e28597fbba9ad1cc47ea418c46f10e6c3ede6792a243f3113ad78f0310696c
nicole.Ani	508	0x001CA062	2341	2329	3090	3078	268	934	3078	0	427162	0	-8	2913	214	2300	7358c09a4252348bd912d890757dfb9529f98391f46cf29b3f6c4b5f0437138c
nicole.Ani	509	0x001CA987	2300	2288	2913	2901	214	1189	2901	0	427162	0	-8	3188	278	2381	f0d5276445934337f186c4c63e3ced310011ad97139d0b3677804ba37ad15e54
nicole.Ani	510	0x001CB283	2381	2369	3188	3176	278	952	3176	0	424602	0	-8	3093	231	2442	bcca59bef200659288c828bd55f85a54bfa39cd793b7ac99c37f26f8d2975b29
nicole.Ani	511	0x001CBBD0	2442	2430	3093	3081	231	1233	3081	0	425882	0	-8	3090	268	2341	f2e28597fbba9ad1cc47ea418c46f10e6c3ede6792a243f3113ad78f0310696c
nicole.Ani	512	0x001CC55A	2341	2329	3090	3078	268	934	3078	0	427162	0	-8	3005	248	2327	7358c09a4252348bd912d890757dfb9529f98391f46cf29b3f6c4b5f0437138c
nicole.Ani	513	0x001CCE7F	2327	2315	3005	2993	248	1009	2993	0	427162	0	-8	2925	161	2287	30f2838761f3f5c04c0172add2899513a19f0ef45498bdd499eaee52c43c88a0
nicole.Ani	514	0x001CD796	2287	2275	2925	2913	161	1625	2913	0	442556	0	-8	2671	225	2037	1b9e32be574148f615f969ed370b52ca9f5ba6fabfeedb0bf40cc62e0706ecba
nicole.Ani	515	0x001CE085	2037	2025	2671	2659	225	859	2659	0	442556	0	-8	2766	240	2111	94db60767c1be9fdbb477d8f4c3fd78c503495ce8026339a3faec3fa53591189
nicole.Ani	516	0x001CE87A	2111	2099	2766	2754	240	834	2754	0	441276	0	-8	496	39	416	7cab92335ac7581d29b81e4239aa57d1cac3b22291ac42516ed05156696e00c4
nicole.Ani	517	0x001CF0B9	416	404	496	484	39	172	484	0	395168	0	-8	2869	228	2185	92196cc9752d0874426eb44b762c14b730146880d411176b02c8ceb29c049b1d
nicole.Ani	518	0x001CF259	2185	2173	2869	2857	228	1033	2857	0	442556	0	-8	2671	225	2037	f3d22bcfb422d5830e4da570758f145477898c852697f3803f8b186128a4c954
nicole.Ani	519	0x001CFAE2	2037	2025	2671	2659	225	859	2659	0	442556	0	-8	2766	240	2111	94db60767c1be9fdbb477d8f4c3fd78c503495ce8026339a3faec3fa53591189
nicole.Ani	520	0x001D02D7	2111	2099	2766	2754	240	834	2754	0	441276	0	-8	496	39	416	7cab92335ac7581d29b81e4239aa57d1cac3b22291ac42516ed05156696e00c4
nicole.Ani	521	0x001D0B16	416	404	496	484	39	172	484	0	395168	0	-8	2869	228	2185	92196cc9752d0874426eb44b762c14b730146880d411176b02c8ceb29c049b1d
nicole.Ani	522	0x001D0CB6	2185	2173	2869	2857	228	1033	2857	0	442556	0	-8	2671	225	2037	f3d22bcfb422d5830e4da570758f145477898c852697f3803f8b186128a4c954
nicole.Ani	523	0x001D153F	2037	2025	2671	2659	225	859	2659	0	442556	0	-8	3154	265	2381	94db60767c1be9fdbb477d8f4c3fd78c503495ce8026339a3faec3fa53591189
nicole.Ani	524	0x001D1D34	2381	2369	3154	3142	265	1022	3142	0	441276	0	-8	496	39	416	d1841aca24cc5c1bb99e420f79bdeff8b92bbb7a6f0e4881685b4614ce0c04a6
nicole.Ani	525	0x001D2681	416	404	496	484	39	172	484	0	395170	0	-8	2869	228	2189	98f5ecdaca435cc8eec213b52a3467ad920d4285fc44f7e2f65176c310720790
nicole.Ani	526	0x001D2821	2189	2177	2869	2857	228	1033	2857	0	442558	0	-8	2671	225	2031	18fcc3418e50e26ed08dcb63da87c5185d3b1773d7ed8bff4de258c55effb1c5
nicole.Ani	527	0x001D30AE	2031	2019	2671	2659	225	859	2659	0	442558	0	-8	2766	240	2120	eec94a179c94b6ac8b6d3db1042334979284e183bc4b0f60f5e49d874cda04ce
nicole.Ani	528	0x001D389D	2120	2108	2766	2754	240	834	2754	0	441278	0	-8	496	39	416	226e0e539737c8a07461fab0a03274ffaa27e4f3e28aef31ce3e97796b007060
nicole.Ani	529	0x001D40E5	416	404	496	484	39	172	484	0	395170	0	-8	2869	228	2189	98f5ecdaca435cc8eec213b52a3467ad920d4285fc44f7e2f65176c310720790
nicole.Ani	530	0x001D4285	2189	2177	2869	2857	228	1033	2857	0	442558	0	-8	2671	225	2031	18fcc3418e50e26ed08dcb63da87c5185d3b1773d7ed8bff4de258c55effb1c5
nicole.Ani	531	0x001D4B12	2031	2019	2671	2659	225	859	2659	0	442558	0	-8	2766	240	2120	eec94a179c94b6ac8b6d3db1042334979284e183bc4b0f60f5e49d874cda04ce
nicole.Ani	532	0x001D5301	2120	2108	2766	2754	240	834	2754	0	441278	0	-8	3594	325	2567	226e0e539737c8a07461fab0a03274ffaa27e4f3e28aef31ce3e97796b007060
nicole.Ani	533	0x001D5B49	2567	2555	3594	3582	325	982	3582	0	440000	0	-8	3010	167	2321	7db0f56ef0c64d46f0db279a71df7b3197ce865609c4a96649cb17b29a4f5c46
nicole.Ani	534	0x001D6550	2321	2309	3010	2998	167	1662	2998	0	440000	0	-8	3070	239	2261	0ffa76065666269cf3b8083fc196e382469e041f602ed2cc76863556e8f95bed
nicole.Ani	535	0x001D6E61	2261	2249	3070	3058	239	1146	3058	0	427198	0	-8	2813	195	2112	8c1ed6cead25c9168d31dd4bf9a5601959ecda96239cf1b928cfc7fbacf8c53c
nicole.Ani	536	0x001D7736	2112	2100	2813	2801	195	1241	2801	0	424622	0	-8	3061	234	2250	42e89cf1e3ad7b4d0fb3c620a03de160e2cc609c206fa047ec87e42abc58912c
nicole.Ani	537	0x001D7F76	2250	2238	3061	3049	234	1177	3049	0	423356	0	-8	2966	212	2224	2820160eebcbbc9de079b4d5d7b60610da14b185747a550edad0e52d4befbff0
nicole.Ani	538	0x001D8840	2224	2212	2966	2954	212	1258	2954	0	422084	0	-8	2930	193	2219	56f5134ec389399a4d62569826d80f5ff00835bb8485f45c5c9bf4451be89ada
nicole.Ani	539	0x001D90F0	2219	2207	2930	2918	193	1374	2918	0	418250	0	-8	2902	195	2175	0587e793c3eaad0107a163036d637ffb5fba9414394f71bab05bf48faf76f34e
nicole.Ani	540	0x001D999B	2175	2163	2902	2890	195	1330	2890	0	413118	0	-8	2822	142	2109	20e5650f4f0aefd4e02f3188649654d715e96746ddef5a01a15d01846ed79668
nicole.Ani	541	0x001DA21A	2109	2097	2822	2810	142	1674	2810	0	410574	0	-8	3006	172	2207	215c56c8234a7b55cd0036ad0e8577dada68607e033022a115fddfddfd837105
nicole.Ani	542	0x001DAA57	2207	2195	3006	2994	172	1618	2994	0	402918	0	-8	3080	177	2256	0e43cd676d052ea82a163a1393ac90c5ab417bcabbcf54539c1d9e809357ae26
nicole.Ani	543	0x001DB2F6	2256	2244	3080	3068	177	1652	3068	0	391398	0	-8	2970	151	2128	6ea7b5e5de4512b45f408592a7dacb812b25b9c8d69d62c1876f182efe7780c0
nicole.Ani	544	0x001DBBC6	2128	2116	2970	2958	151	1750	2958	0	374766	0	-8	3034	153	2176	456c344eb19ba456c8dec10569166fe4610166e8fbe0523903584a03a03bcdb9
nicole.Ani	545	0x001DC416	2176	2164	3034	3022	153	1798	3022	0	360686	0	-8	3180	177	2283	7cb7e303f0a203c23e9435571aca18c5e97efd3ee0164dd937804f28ad899a43
nicole.Ani	546	0x001DCC96	2283	2271	3180	3168	177	1752	3168	0	344042	0	-8	3039	171	2125	87060dcade76557821216c6375ee8bee2df8837d74d31613ac73b02bead2ca79
nicole.Ani	547	0x001DD581	2125	2113	3039	3027	171	1659	3027	0	324834	0	-8	3066	166	2182	210e6eb9b34fd79e11a46fe26408dd5670dc58b4445eba6c3b7331f312591ae8
nicole.Ani	548	0x001DDDCE	2182	2170	3066	3054	166	1726	3054	0	309464	0	-8	3015	158	2152	648d257ac82e6959e0d50c20a2bf281f4e42bc594e56826fd426fa18bf5bb964
nicole.Ani	549	0x001DE654	2152	2140	3015	3003	158	1739	3003	0	300496	0	-8	2980	199	2195	1c3b334130b6a59f6a888f501756b9b9f332a98c3c073645fe123cb4dea20e92
nicole.Ani	550	0x001DEEBC	2195	2183	2980	2968	199	1376	2968	0	292802	0	-8	6094	354	4527	c33b74a840416e5b2e61a02c77e9ab4d3ebdf918c87c3cde0caac038eb3bf0c8
nicole.Ani	551	0x001DF74F	4527	4515	6094	6082	354	3250	6082	0	301208	0	-8	2956	208	2240	4b5e63bd251e9c40f7a9246bbcf5fc000e93ca28d34309968caf1f1a906f2a2f
nicole.Ani	552	0x001E08FE	2240	2228	2956	2944	208	1280	2944	0	269778	0	-8	307220	1	186675	8004395e8ac6056da1bc0178c6d30ac994f423543ebe9d7db05e4d05633e27d9
nicole.Ani	553	0x001E11BE	186675	186663	307220	307208	1	307200	307208	0	614400	0	-8	2960	217	2121	8c98b441fa7d9af38a74ce7a9c2d9c69842ffbebea4c42bdfcc0f3bfe618a005
nicole.Ani	554	0x0020EAF1	2121	2109	2960	2948	217	1212	2948	0	263366	0	-8	307220	1	186636	2f3dd7d1c4fe12d948f3fcc5e8872684f33adc9bf1569e24514492c4fe05a77a
nicole.Ani	555	0x0020F33A	186636	186624	307220	307208	1	307200	307208	0	614400	0	-8	307220	1	186611	0eb5fdde91acd7f43158972d9535fdc12b472616ab542392681ea1756a605cd5
nicole.Ani	556	0x0023CC46	186611	186599	307220	307208	1	307200	307208	0	614400	0	-8	307220	1	186513	be72eb07f1d81a172a81e77f40a3703ec3822ca3de463a92d872830f21ba97cb
nicole.Ani	557	0x0026A539	186513	186501	307220	307208	1	307200	307208	0	614400	0	-8	307220	1	186458	6524bf38b9e13cff9c678b1a9e3e7ebd1e2821549f3a2f1ac4e7e0706441cf0c
nicole.Ani	558	0x00297DCA	186458	186446	307220	307208	1	307200	307208	0	614400	0	-8	307220	1	186440	226b78bce97f905c19a160b8ba8901fc08b2415c135d0ac49511ef6ddc4e7848
nicole.Ani	559	0x002C5624	186440	186428	307220	307208	1	307200	307208	0	614400	0	-8	307220	1	186523	d00411b19e5916cbdf5026137e518fd287adfd9bee37eec40bdd6891c952be64
nicole.Ani	560	0x002F2E6C	186523	186511	307220	307208	1	307200	307208	0	614400	0	-8	307220	1	186332	4364095007994b1adf61e28ac6eb6c4238267cb0c44e2fe9a84d234a569df6ca
nicole.Ani	561	0x00320707	186332	186320	307220	307208	1	307200	307208	0	614400	0	-8	307220	1	186145	597b176a9a58c410daf427940446a5bd86452aac85a45b77edf3777ff30fa1fa
nicole.Ani	562	0x0034DEE3	186145	186133	307220	307208	1	307200	307208	0	614400	0	-8	307220	1	185995	dd7289f5b9abb5b5ec7d84e75f78f0be40851a50a3c569fd19b73deed19dac7b
nicole.Ani	563	0x0037B604	185995	185983	307220	307208	1	307200	307208	0	614400	0	-8	307220	1	185991	3f577684d4a33b296dea7f54021e73449bbb1954fac45debb1846081f1804464
nicole.Ani	564	0x003A8C8F	185991	185979	307220	307208	1	307200	307208	0	614400	0	-8	307220	1	185981	7734428085f0231a1758ecac368314665f561e74dbd7d1b440bb88b002ccb73b
nicole.Ani	565	0x003D6316	185981	185969	307220	307208	1	307200	307208	0	614400	0	-8	307220	1	185965	a8f6944794663dbf3d8df092d45f5b72b07f2c2e5035330431e5b0e31c60d025
nicole.Ani	566	0x00403993	185965	185953	307220	307208	1	307200	307208	0	614400	0	-8	307220	1	185962	4dfffd95d54195216aa9b1153e2a3245e1e415da83e402715768793b8758c548
nicole.Ani	567	0x00431000	185962	185950	307220	307208	1	307200	307208	0	614400	0	-8	307220	1	185608	4711b27f23c785b20d69387bc2195de900439e77708cecdf2b38dc143e30a7dd
nicole.Ani	568	0x0045E66A	185608	185596	307220	307208	1	307200	307208	0	614400	0	-8	307220	1	185568	2cbc115ccbfbd96dd0379fc3f4d3178ed8af21f194721673c23ecfba773343e5
nicole.Ani	569	0x0048BB72	185568	185556	307220	307208	1	307200	307208	0	614400	0	-8	307220	1	185571	4677aeb4cb9149e4e54df5a89884be858ad14687b9f25b5f24c9c1b0d3a6a0b5
nicole.Ani	570	0x004B9052	185571	185559	307220	307208	1	307200	307208	0	614400	0	-8	307220	1	185518	4493ad03e611102a8c9bc93215ddf782c013fca1dcbaf4ef80f33f3906c10591
nicole.Ani	571	0x004E6535	185518	185506	307220	307208	1	307200	307208	0	614400	0	-8	307220	1	185308	38cf504f7f7d8db229c17886612cdbcb4ad102d2dbcd6a2ca195ba6bcd1028f3
nicole.Ani	572	0x005139E3	185308	185296	307220	307208	1	307200	307208	0	614400	0	-8	307220	1	185095	1dbbed681671e3e0300f4f258551a864d7fe4c5153f90578073b45ea546dd2ba
nicole.Ani	573	0x00540DBF	185095	185083	307220	307208	1	307200	307208	0	614400	0	-8	307220	1	184923	db9fc3c6c27289c70aac1fe4fde7efe3eb38d02f61077faf69a981ff9497c11d
nicole.Ani	574	0x0056E0C6	184923	184911	307220	307208	1	307200	307208	0	614400	0	-8	307220	1	184839	d4cb23b059c59b7e43e81ff3f9f734bed28b0771ce296ea98654f9a413e74ee5
nicole.Ani	575	0x0059B321	184839	184827	307220	307208	1	307200	307208	0	614400	0	-8	307220	1	184959	84567e137a687758f8c44fae0b87740550787a2d768262136e46717a9acaa5fd
nicole.Ani	576	0x005C8528	184959	184947	307220	307208	1	307200	307208	0	614400	0	-8	307220	1	184733	908e5c543b489524ade7d88e7ee3d78d6ced8615c36058ec75b1aa4eec1d0d93
nicole.Ani	577	0x005F57A7	184733	184721	307220	307208	1	307200	307208	0	614400	0	-8	307220	1	184538	2a26451a2bb5127d21f16afa3205d2ba984951f4e8edd1f14fc4ab81b3354404
nicole.Ani	578	0x00622944	184538	184526	307220	307208	1	307200	307208	0	614400	0	-8	307220	1	184489	ae47b35ed436bdbeeaba0b4928084ab2b53cc078fa759af3e349782b20bf0edd
nicole.Ani	579	0x0064FA1E	184489	184477	307220	307208	1	307200	307208	0	614400	0	-8	307220	1	184328	7d721e120adee4a84a7e93f5a0fe0371d2c34b30a1dd21b070bd232e38f898c3
nicole.Ani	580	0x0067CAC7	184328	184316	307220	307208	1	307200	307208	0	614400	0	-8	307220	1	184319	4a4a04b68b45d6461b9052e493ccf7f7aba2ec5ca883de23454e503f69da5dff
nicole.Ani	581	0x006A9ACF	184319	184307	307220	307208	1	307200	307208	0	614400	0	-8	307220	1	184265	83c8723089c98ccdd3b1dd5c0c0675cb92754fcea485e2316446a0d264b4f50c
nicole.Ani	582	0x006D6ACE	184265	184253	307220	307208	1	307200	307208	0	614400	0	-8	307220	1	184141	2543fa52fec6add9c5fc81fc5f217c989e42ae9976843e4e558fab0ce3127e84
nicole.Ani	583	0x00703A97	184141	184129	307220	307208	1	307200	307208	0	614400	0	-8	307220	1	184329	ed458cb74ed156448a955b57ac974443601ce079ab3c89e05cdd628916db0822
nicole.Ani	584	0x007309E4	184329	184317	307220	307208	1	307200	307208	0	614400	0	-8	307220	1	184394	4f067bc9c4a2d60e96ecd805d22d7529f53fe0ad4c39f77990eb9ad32345b11c
nicole.Ani	585	0x0075D9ED	184394	184382	307220	307208	1	307200	307208	0	614400	0	-8	307220	1	183978	c78e9d22ae09093fcb8f133373b94b6341955f5aa80e0c58a4c25572a37cb37c
nicole.Ani	586	0x0078AA37	183978	183966	307220	307208	1	307200	307208	0	614400	0	-8	7373	482	5712	030dac6149a0ea231ee4dafdeb733669c1a18aa2e060c969a5a1092b1ec8b278
nicole.Ani	587	0x007B78E1	5712	5700	7373	7361	482	3505	7361	0	344780	0	-8	307220	1	183867	db683ac6e610b458ff1059d7fa300115992722dc2c18008388239c2cd470bf95
nicole.Ani	588	0x007B8F31	183867	183855	307220	307208	1	307200	307208	0	614400	0	-8	307220	1	183707	ac9eb31e9fd5f3924bd2a17641138815c79e7bd1f7ae324f6ecdc6ae2fb4e719
nicole.Ani	589	0x007E5D6C	183707	183695	307220	307208	1	307200	307208	0	614400	0	-8	4217	219	3162	5e44078147ed5688d89957ae99f162c4b590c3974d2087c809a0c85169508ae8
nicole.Ani	590	0x00812B07	3162	3150	4217	4205	219	2453	4205	0	312842	0	-8	307220	1	183531	da18e8ec5dea795fea79d307f7e50c81853400edcf8a9265b96c64a4c359b4fa
nicole.Ani	591	0x00813761	183531	183519	307220	307208	1	307200	307208	0	614400	0	-8	3839	259	2880	588b95a4ed6616863c34e23fb886d86c7280fb4701cc86b0d0628441b2e1389b
nicole.Ani	592	0x0084044C	2880	2868	3839	3827	259	1755	3827	0	296234	0	-8	12	0	12	19b934dcc77d36d441358675c9b4bb17d143548b1b25566df08ba3eecb3029fd
nicole.Ani	593	0x00840F8C	12	0	12	0	0	0	0	0	0	skipped_when_size_minus_12_is_zero	unsafe_12_byte_metadata_plus_stale_scratch_tail	307220	1	183459	e3b0c44298fc1c149afbf4c8996fb92427ae41e4649b934ca495991b7852b855
nicole.Ani	594	0x00840F98	183459	183447	307220	307208	1	307200	307208	0	614400	0	-8	425	37	341	08d3752724dd67ca4ed8af2c53e9a53718fa1bf152ef210340c46fd1864bae1e
nicole.Ani	595	0x0086DC3B	341	329	425	413	37	117	413	0	227110	0	-8	415	34	329	12342430344408567b393761852449510da08c5ea8ba7b8dffd76a2360b18b80
nicole.Ani	596	0x0086DD90	329	317	415	403	34	131	403	0	153032	0	-8	415	34	331	3905187a621314dffc383abea1701e77fb1635439f4b15d41daa9b3af753578d
nicole.Ani	597	0x0086DED9	331	319	415	403	34	131	403	0	153032	0	-8	360	30	307	62f7e7767ebccbf5f4603e685beee0aa8c5b63d3eacc03990ccfa836b9aeb9f2
nicole.Ani	598	0x0086E024	307	295	360	348	30	108	348	0	154312	0	-8	463	39	348	d0c743738dd2cbae87466947a365d26122ac85af4d484aec381f2959fdf49529
nicole.Ani	599	0x0086E157	348	336	463	451	39	139	451	0	154312	0	-8	498	40	403	9f8aea7882c66001c75cd91789a62828debd3fe6ad92774341d08ab11b53ef2d
nicole.Ani	600	0x0086E2B3	403	391	498	486	40	166	486	0	153038	0	-8	498	40	410	19f9bb3417a5c00f34a9cd97d0587ff489390c49c8e4ea08f159065ab41b30bf
nicole.Ani	601	0x0086E446	410	398	498	486	40	166	486	0	153038	0	-8	463	39	374	e8a2308f07839c33dc25f048e91c56a638783ecfb4a13716d022fb8167b85033
nicole.Ani	602	0x0086E5E0	374	362	463	451	39	139	451	0	154312	0	-8	360	30	291	3c16e1bf5290e6c9042f7c1e3e2a0a64525f735469a7302e08b0b3f8d8428d67
nicole.Ani	603	0x0086E756	291	279	360	348	30	108	348	0	154312	0	-8	1672	154	1202	22c9b193d85d4776b110ce1f0d27a3f468b6576df84fdcfaf20ebc31ec1cfbaa
nicole.Ani	604	0x0086E879	1202	1190	1672	1660	154	428	1660	0	293682	0	-8	415	34	331	e8fe8065fecd2662e9558ddf67869f1993c41a0ef4d7a05d1464b0d638f94e8b
nicole.Ani	605	0x0086ED2B	331	319	415	403	34	131	403	0	153032	0	-8	360	30	307	62f7e7767ebccbf5f4603e685beee0aa8c5b63d3eacc03990ccfa836b9aeb9f2
nicole.Ani	606	0x0086EE76	307	295	360	348	30	108	348	0	154312	0	-8	463	39	348	d0c743738dd2cbae87466947a365d26122ac85af4d484aec381f2959fdf49529
nicole.Ani	607	0x0086EFA9	348	336	463	451	39	139	451	0	154312	0	-8	498	40	403	9f8aea7882c66001c75cd91789a62828debd3fe6ad92774341d08ab11b53ef2d
nicole.Ani	608	0x0086F105	403	391	498	486	40	166	486	0	153038	0	-8	498	40	410	19f9bb3417a5c00f34a9cd97d0587ff489390c49c8e4ea08f159065ab41b30bf
nicole.Ani	609	0x0086F298	410	398	498	486	40	166	486	0	153038	0	-8	463	39	374	e8a2308f07839c33dc25f048e91c56a638783ecfb4a13716d022fb8167b85033
nicole.Ani	610	0x0086F432	374	362	463	451	39	139	451	0	154312	0	-8	12	0	12	3c16e1bf5290e6c9042f7c1e3e2a0a64525f735469a7302e08b0b3f8d8428d67
nicole.Ani	611	0x0086F5A8	12	0	12	0	0	0	0	0	0	skipped_when_size_minus_12_is_zero	unsafe_12_byte_metadata_plus_stale_scratch_tail	3387	222	2579	e3b0c44298fc1c149afbf4c8996fb92427ae41e4649b934ca495991b7852b855
nicole.Ani	612	0x0086F5B4	2579	2567	3387	3375	222	1599	3375	0	293682	0	-8	12	0	12	3c576e5fae5542c0cbbb1d3b37e36fa96c1b9d3b167a3ba421a765b5a17d1276
nicole.Ani	613	0x0086FFC7	12	0	12	0	0	0	0	0	0	skipped_when_size_minus_12_is_zero	unsafe_12_byte_metadata_plus_stale_scratch_tail	420	34	356	e3b0c44298fc1c149afbf4c8996fb92427ae41e4649b934ca495991b7852b855
nicole.Ani	614	0x0086FFD3	356	344	420	408	34	136	408	0	135090	0	-8	374	28	334	87d1e28e9bf5c4e57c5fa641b452188e3a254187ef2e29bc3f5ceac3e51fe6cb
nicole.Ani	615	0x00870137	334	322	374	362	28	138	362	0	124844	0	-8	3397	235	2609	f992098960995dc50712d194596a95dd28083ecdc99b6667e0c2e2433bcda8a8
nicole.Ani	616	0x00870285	2609	2597	3397	3385	235	1505	3385	0	156882	0	-8	12	0	12	877de2e1f053d4b59fce885a3f357330670ce1f8e3ea60c56b1a6828510e6841
nicole.Ani	617	0x00870CB6	12	0	12	0	0	0	0	0	0	skipped_when_size_minus_12_is_zero	unsafe_12_byte_metadata_plus_stale_scratch_tail	3383	243	2642	e3b0c44298fc1c149afbf4c8996fb92427ae41e4649b934ca495991b7852b855
nicole.Ani	618	0x00870CC2	2642	2630	3383	3371	243	1427	3371	0	293664	0	-8	71	6	75	4b99ce1e61d03fe7ba3cb063061825397cb8eeb7989235cd1d94664fa134200a
nicole.Ani	619	0x00871714	75	63	71	59	6	11	59	0	224552	0	-8	2765	211	2172	8966717683e08f95556d398c3334f457bf480df541fe6281f872e412ba31a8aa
nicole.Ani	620	0x0087175F	2172	2160	2765	2753	211	1065	2753	0	293664	0	-8	12	0	12	0ce0268827410a448c2be49775b9955b0d36d78a5782fef46db53a6c6eda5801
nicole.Ani	621	0x00871FDB	12	0	12	0	0	0	0	0	0	skipped_when_size_minus_12_is_zero	unsafe_12_byte_metadata_plus_stale_scratch_tail	12	0	12	e3b0c44298fc1c149afbf4c8996fb92427ae41e4649b934ca495991b7852b855
nicole.Ani	622	0x00871FE7	12	0	12	0	0	0	0	0	0	skipped_when_size_minus_12_is_zero	unsafe_12_byte_metadata_plus_stale_scratch_tail	41	3	45	e3b0c44298fc1c149afbf4c8996fb92427ae41e4649b934ca495991b7852b855
nicole.Ani	623	0x00871FF3	45	33	41	29	3	5	29	0	223278	0	-8	41	3	45	e3148f42b7e6e42f582a6bf6fe0a3ada7ff2f502515196acbe00159cf5ce5b2f
nicole.Ani	624	0x00872020	45	33	41	29	3	5	29	0	223278	0	-8	12	0	12	b881e23dce9a76095580fae0b5b783bb9a41349a8273b37fe4b16d09252883a5
nicole.Ani	625	0x0087204D	12	0	12	0	0	0	0	0	0	skipped_when_size_minus_12_is_zero	unsafe_12_byte_metadata_plus_stale_scratch_tail	135	10	131	e3b0c44298fc1c149afbf4c8996fb92427ae41e4649b934ca495991b7852b855
nicole.Ani	626	0x00872059	131	119	135	123	10	43	123	0	109510	0	-8	209	17	193	cf0dde96ea770bf90a6c9cbaaa3e034a65ab415eb3af203286c60c5cf6c9abd9
nicole.Ani	627	0x008720DC	193	181	209	197	17	61	197	0	110786	0	-8	81	7	75	da5dc0752ae847d968fa9c0cf5e996c2f73ac0265365303f26a91af4b6eeb4aa
nicole.Ani	628	0x0087219D	75	63	81	69	7	13	69	0	114602	0	-8	69	6	70	1ed08907613e5756747ca6769448c04bddf5bf607a1516a828e897dda50e29b1
nicole.Ani	629	0x008721E8	70	58	69	57	6	9	57	0	114602	0	-8	251	22	215	228e64fc8d4e7a6451302b1486fb2d77633cd30cfae864746fc98a3088e7d780
nicole.Ani	630	0x0087222E	215	203	251	239	22	63	239	0	223278	0	-8	41	3	45	68b672516fce6ae956503dfbc11147e6fe5cedc8f073089884cfb49b526b7407
nicole.Ani	631	0x00872305	45	33	41	29	3	5	29	0	223278	0	-8	150	12	141	b881e23dce9a76095580fae0b5b783bb9a41349a8273b37fe4b16d09252883a5
nicole.Ani	632	0x00872332	141	129	150	138	12	42	138	0	106948	0	-8	150	12	133	407f0910adcbdcce699aca9495d7c6dcd67536722941c7dcf87ea320305651f0
nicole.Ani	633	0x008723BF	133	121	150	138	12	42	138	0	106948	0	-8	150	12	141	8bec62a142ffae9d202a55ad8a38c6a103c7762c7ad7d80be1adfc310f5086a0
nicole.Ani	634	0x00872444	141	129	150	138	12	42	138	0	106948	0	-8	12	0	12	407f0910adcbdcce699aca9495d7c6dcd67536722941c7dcf87ea320305651f0
nicole.Ani	635	0x008724D1	12	0	12	0	0	0	0	0	0	skipped_when_size_minus_12_is_zero	unsafe_12_byte_metadata_plus_stale_scratch_tail	12	0	12	e3b0c44298fc1c149afbf4c8996fb92427ae41e4649b934ca495991b7852b855
nicole.Ani	636	0x008724DD	12	0	12	0	0	0	0	0	0	skipped_when_size_minus_12_is_zero	unsafe_12_byte_metadata_plus_stale_scratch_tail	3169	194	2431	e3b0c44298fc1c149afbf4c8996fb92427ae41e4649b934ca495991b7852b855
nicole.Ani	637	0x008724E9	2431	2419	3169	3157	194	1605	3157	0	293674	0	-8	3436	224	2638	4862db9f4a56eb6538d53bf414d74cf7f48055bbef7739f8024684678e8cf320
nicole.Ani	638	0x00872E68	2638	2626	3436	3424	224	1632	3424	0	294940	0	-8	12	0	12	950b36428aeb16270e8efdfd7155191181b59754afa719b8f2180795a3681d9e
nicole.Ani	639	0x008738B6	12	0	12	0	0	0	0	0	0	skipped_when_size_minus_12_is_zero	unsafe_12_byte_metadata_plus_stale_scratch_tail	284	26	248	e3b0c44298fc1c149afbf4c8996fb92427ae41e4649b934ca495991b7852b855
nicole.Ani	640	0x008738C2	248	236	284	272	26	64	272	0	229650	0	-8	58	4	57	f20f9e88bc337d63d83f9babd882f414ae2d42e60f02ffcfa0d0ee7b64e32260
nicole.Ani	641	0x008739BA	57	45	58	46	4	14	46	0	234780	0	-8	58	4	62	e7c9624f17ef170a254fb075e67927ed429060bf2bb14a028695ef1fe257e41d
nicole.Ani	642	0x008739F3	62	50	58	46	4	14	46	0	234780	0	-8	12	0	12	f2caa487261acd9d6e11920d4fd728cf93bcba26bb2f14623f4d0054cb53577d
nicole.Ani	643	0x00873A31	12	0	12	0	0	0	0	0	0	skipped_when_size_minus_12_is_zero	unsafe_12_byte_metadata_plus_stale_scratch_tail	284	26	248	e3b0c44298fc1c149afbf4c8996fb92427ae41e4649b934ca495991b7852b855
nicole.Ani	644	0x00873A3D	248	236	284	272	26	64	272	0	229650	0	-8	3238	228	2486	0fcbe6d1849cae2b8602f9baa0dc08c5bf4453f1fb810d5846bda4352f7121b4
nicole.Ani	645	0x00873B35	2486	2474	3238	3226	228	1402	3226	0	294942	0	-8	41	3	45	5f4b99d8824d5203eaeaea5eee8c47277f99e0e63bd67be423e7071e4a76ba59
nicole.Ani	646	0x008744EB	45	33	41	29	3	5	29	0	224560	0	-8	41	3	45	a9c6f6ba7db6cac56fc8a6260a3a07ca67782d472c29b58fe67fbb2dc6623b35
nicole.Ani	647	0x00874518	45	33	41	29	3	5	29	0	224560	0	-8	12	0	12	663b0aef7fef1218a051fd432b328f10af590228dac5caa08cf4d44bb3771d2d
nicole.Ani	648	0x00874545	12	0	12	0	0	0	0	0	0	skipped_when_size_minus_12_is_zero	unsafe_12_byte_metadata_plus_stale_scratch_tail	12	0	12	e3b0c44298fc1c149afbf4c8996fb92427ae41e4649b934ca495991b7852b855
nicole.Ani	649	0x00874551	12	0	12	0	0	0	0	0	0	skipped_when_size_minus_12_is_zero	unsafe_12_byte_metadata_plus_stale_scratch_tail	12	0	12	e3b0c44298fc1c149afbf4c8996fb92427ae41e4649b934ca495991b7852b855
nicole.Ani	650	0x0087455D	12	0	12	0	0	0	0	0	0	skipped_when_size_minus_12_is_zero	unsafe_12_byte_metadata_plus_stale_scratch_tail	12	0	12	e3b0c44298fc1c149afbf4c8996fb92427ae41e4649b934ca495991b7852b855
nicole.Ani	651	0x00874569	12	0	12	0	0	0	0	0	0	skipped_when_size_minus_12_is_zero	unsafe_12_byte_metadata_plus_stale_scratch_tail	12	0	12	e3b0c44298fc1c149afbf4c8996fb92427ae41e4649b934ca495991b7852b855
nicole.Ani	652	0x00874575	12	0	12	0	0	0	0	0	0	skipped_when_size_minus_12_is_zero	unsafe_12_byte_metadata_plus_stale_scratch_tail	371	34	302	e3b0c44298fc1c149afbf4c8996fb92427ae41e4649b934ca495991b7852b855
nicole.Ani	653	0x00874581	302	290	371	359	34	87	359	0	233514	0	-8	138	11	136	27569c491c498121e763be8dc67f2ff12c2a9c1a118d17dc167185ef53888bc9
nicole.Ani	654	0x008746AF	136	124	138	126	11	38	126	0	123554	0	-8	138	11	124	e45be0f5752f63237a33180bfc3e54e08f6c1f4d60cfca986082e776fbd60d3f
nicole.Ani	655	0x00874737	124	112	138	126	11	38	126	0	123554	0	-8	138	11	136	ef3e1592399ef2188c01c917501e86b597e0b9b259fc4d0a4643d0fc556ab557
nicole.Ani	656	0x008747B3	136	124	138	126	11	38	126	0	123554	0	-8	138	11	124	e45be0f5752f63237a33180bfc3e54e08f6c1f4d60cfca986082e776fbd60d3f
nicole.Ani	657	0x0087483B	124	112	138	126	11	38	126	0	123554	0	-8	138	11	136	ef3e1592399ef2188c01c917501e86b597e0b9b259fc4d0a4643d0fc556ab557
nicole.Ani	658	0x008748B7	136	124	138	126	11	38	126	0	123554	0	-8	289	23	236	e45be0f5752f63237a33180bfc3e54e08f6c1f4d60cfca986082e776fbd60d3f
nicole.Ani	659	0x0087493F	236	224	289	277	23	93	277	0	122294	0	-8	475	38	409	4d3a9c44e2632e44ffceb9f96ef749269703108f59e31c57be7c0fc9b1500e71
nicole.Ani	660	0x00874A2B	409	397	475	463	38	159	463	0	136374	0	-8	12	0	12	88478ced208dd64c668a12f9b36d959233c6b68cb6533f08abd25559f9f61daa
nicole.Ani	661	0x00874BC4	12	0	12	0	0	0	0	0	0	skipped_when_size_minus_12_is_zero	unsafe_12_byte_metadata_plus_stale_scratch_tail	12	0	12	e3b0c44298fc1c149afbf4c8996fb92427ae41e4649b934ca495991b7852b855
nicole.Ani	662	0x00874BD0	12	0	12	0	0	0	0	0	0	skipped_when_size_minus_12_is_zero	unsafe_12_byte_metadata_plus_stale_scratch_tail	82	7	80	e3b0c44298fc1c149afbf4c8996fb92427ae41e4649b934ca495991b7852b855
nicole.Ani	663	0x00874BDC	80	68	82	70	7	14	70	0	110786	0	-8	82	7	83	e315b4fdafef61836aacf7848947f4c185290b72ad65bb5715b234538e1a8975
nicole.Ani	664	0x00874C2C	83	71	82	70	7	14	70	0	110786	0	-8	82	7	80	d811b0659a83c9b066d5a41da6cdf12743869302507230f9557edd19814a1185
nicole.Ani	665	0x00874C7F	80	68	82	70	7	14	70	0	110786	0	-8	12	0	12	e315b4fdafef61836aacf7848947f4c185290b72ad65bb5715b234538e1a8975
nicole.Ani	666	0x00874CCF	12	0	12	0	0	0	0	0	0	skipped_when_size_minus_12_is_zero	unsafe_12_byte_metadata_plus_stale_scratch_tail	12	0	12	e3b0c44298fc1c149afbf4c8996fb92427ae41e4649b934ca495991b7852b855
nicole.Ani	667	0x00874CDB	12	0	12	0	0	0	0	0	0	skipped_when_size_minus_12_is_zero	unsafe_12_byte_metadata_plus_stale_scratch_tail	145	13	137	e3b0c44298fc1c149afbf4c8996fb92427ae41e4649b934ca495991b7852b855
nicole.Ani	668	0x00874CE7	137	125	145	133	13	29	133	0	221992	0	-8	6671	472	5045	a65db2aaaa37e4abbfb0edb70132009c02167dcd442520fd4f635170edca2fcb
nicole.Ani	669	0x00874D70	5045	5033	6671	6659	472	2883	6659	0	294942	0	-8	408	33	332	a83a42a03762d738a956232e3d6eb5a47f9bf6e198a4e5e3deaee6e6e2576ad3
nicole.Ani	670	0x00876125	332	320	408	396	33	132	396	0	151744	0	-8	577	51	478	5bc109d6491f56085e94b8ea933162dbbc7b8284c5700562d566cd1fc2e2eab4
nicole.Ani	671	0x00876271	478	466	577	565	51	157	565	0	229650	0	-8	656	57	521	3550489e824836eef0dbfba10c58688941f9a01adad013661f5ca3173279fb98
nicole.Ani	672	0x0087644F	521	509	656	644	57	188	644	0	229650	0	-8	683	57	563	cca8fa929262ac9cbb662d5724ba6f85540d6128272c0f380ba3bb40f9b85b84
nicole.Ani	673	0x00876658	563	551	683	671	57	215	671	0	229650	0	-8	683	57	567	8a0ba769a3efa5ee46352af093345a614a1934e0db8faa461875be3dcd75b24c
nicole.Ani	674	0x0087688B	567	555	683	671	57	215	671	0	229650	0	-8	3758	269	2833	d0056e0375e03639598c5919033c652c479d697626886088a1b99597324a9bce
nicole.Ani	675	0x00876AC2	2833	2821	3758	3746	269	1594	3746	0	294942	0	-8	376	32	299	fb581eea71198b75c430c7c361d92c4cd19bb160727004036baa93987550bd47
nicole.Ani	676	0x008775D3	299	287	376	364	32	108	364	0	153024	0	-8	408	33	326	913472439a0c640cfd4fdc1f74276dbbfcfc4b8e67f79dbc235d529620bae1fa
nicole.Ani	677	0x008776FE	326	314	408	396	33	132	396	0	151744	0	-8	408	33	332	6507d47a38e7a97ab625fa427153d425b1d2033f1c2cff1a3100b9401ee8b3a7
nicole.Ani	678	0x00877844	332	320	408	396	33	132	396	0	151744	0	-8	376	32	319	5bc109d6491f56085e94b8ea933162dbbc7b8284c5700562d566cd1fc2e2eab4
nicole.Ani	679	0x00877990	319	307	376	364	32	108	364	0	153024	0	-8	42	3	46	8805d704bc209983d31a59da295946dd35474626186aa92eb6cbb209d68fcbaf
nicole.Ani	680	0x00877ACF	46	34	42	30	3	6	30	0	232236	0	-8	42	3	46	725b882dd2be7d3205a062633c48d5a7a005476c198bed28773d1a1792f3dea4
nicole.Ani	681	0x00877AFD	46	34	42	30	3	6	30	0	232236	0	-8	42	3	46	9889556f5d41173aeee8e5e3e88abc7da2d06fcbf7fd587ee63b15d818df3f6a
nicole.Ani	682	0x00877B2B	46	34	42	30	3	6	30	0	232236	0	-8	42	3	46	725b882dd2be7d3205a062633c48d5a7a005476c198bed28773d1a1792f3dea4
nicole.Ani	683	0x00877B59	46	34	42	30	3	6	30	0	232236	0	-8	42	3	46	9889556f5d41173aeee8e5e3e88abc7da2d06fcbf7fd587ee63b15d818df3f6a
nicole.Ani	684	0x00877B87	46	34	42	30	3	6	30	0	232236	0	-8	83	7	85	725b882dd2be7d3205a062633c48d5a7a005476c198bed28773d1a1792f3dea4
nicole.Ani	685	0x00877BB5	85	73	83	71	7	15	71	0	228384	0	-8	12	0	12	ca4332961457bb6c9492205f3aac05419662507a581ac21e69da46de3ccb0958
nicole.Ani	686	0x00877C0A	12	0	12	0	0	0	0	0	0	skipped_when_size_minus_12_is_zero	unsafe_12_byte_metadata_plus_stale_scratch_tail	12	0	12	e3b0c44298fc1c149afbf4c8996fb92427ae41e4649b934ca495991b7852b855
nicole.Ani	687	0x00877C16	12	0	12	0	0	0	0	0	0	skipped_when_size_minus_12_is_zero	unsafe_12_byte_metadata_plus_stale_scratch_tail	12	0	12	e3b0c44298fc1c149afbf4c8996fb92427ae41e4649b934ca495991b7852b855
nicole.Ani	688	0x00877C22	12	0	12	0	0	0	0	0	0	skipped_when_size_minus_12_is_zero	unsafe_12_byte_metadata_plus_stale_scratch_tail	12	0	12	e3b0c44298fc1c149afbf4c8996fb92427ae41e4649b934ca495991b7852b855
nicole.Ani	689	0x00877C2E	12	0	12	0	0	0	0	0	0	skipped_when_size_minus_12_is_zero	unsafe_12_byte_metadata_plus_stale_scratch_tail	12	0	12	e3b0c44298fc1c149afbf4c8996fb92427ae41e4649b934ca495991b7852b855
nicole.Ani	690	0x00877C3A	12	0	12	0	0	0	0	0	0	skipped_when_size_minus_12_is_zero	unsafe_12_byte_metadata_plus_stale_scratch_tail	83	7	83	e3b0c44298fc1c149afbf4c8996fb92427ae41e4649b934ca495991b7852b855
nicole.Ani	691	0x00877C46	83	71	83	71	7	15	71	0	228384	0	-8	12	0	12	be8486aca3cb8b812ae777acc9ad63bb238f0371946b46f43ff7d9300679e7ff
nicole.Ani	692	0x00877C99	12	0	12	0	0	0	0	0	0	skipped_when_size_minus_12_is_zero	unsafe_12_byte_metadata_plus_stale_scratch_tail	12	0	12	e3b0c44298fc1c149afbf4c8996fb92427ae41e4649b934ca495991b7852b855
nicole.Ani	693	0x00877CA5	12	0	12	0	0	0	0	0	0	skipped_when_size_minus_12_is_zero	unsafe_12_byte_metadata_plus_stale_scratch_tail	12	0	12	e3b0c44298fc1c149afbf4c8996fb92427ae41e4649b934ca495991b7852b855
nicole.Ani	694	0x00877CB1	12	0	12	0	0	0	0	0	0	skipped_when_size_minus_12_is_zero	unsafe_12_byte_metadata_plus_stale_scratch_tail	12	0	12	e3b0c44298fc1c149afbf4c8996fb92427ae41e4649b934ca495991b7852b855
nicole.Ani	695	0x00877CBD	12	0	12	0	0	0	0	0	0	skipped_when_size_minus_12_is_zero	unsafe_12_byte_metadata_plus_stale_scratch_tail	12	0	12	e3b0c44298fc1c149afbf4c8996fb92427ae41e4649b934ca495991b7852b855
nicole.Ani	696	0x00877CC9	12	0	12	0	0	0	0	0	0	skipped_when_size_minus_12_is_zero	unsafe_12_byte_metadata_plus_stale_scratch_tail	521	43	445	e3b0c44298fc1c149afbf4c8996fb92427ae41e4649b934ca495991b7852b855
nicole.Ani	697	0x00877CD5	445	433	521	509	43	165	509	0	260404	0	-8	1253	75	1035	24c8bda43862b31fba4454203faaf83e868227d7bca86131cfad8531db009377
nicole.Ani	698	0x00877E92	1035	1023	1253	1241	75	641	1241	0	233514	0	-8	12	0	12	e40713529ee1fcfaad18f438011a056220c5613af819767e75a321010a41d4cc
nicole.Ani	699	0x0087829D	12	0	12	0	0	0	0	0	0	skipped_when_size_minus_12_is_zero	unsafe_12_byte_metadata_plus_stale_scratch_tail	50	4	51	e3b0c44298fc1c149afbf4c8996fb92427ae41e4649b934ca495991b7852b855
nicole.Ani	700	0x008782A9	51	39	50	38	4	6	38	0	230956	0	-8	50	4	53	9de975984a53b4e9ba9fbfd392d75990ad4ed98bea48181b6223086afb7bed6c
nicole.Ani	701	0x008782DC	53	41	50	38	4	6	38	0	230956	0	-8	12	0	12	0932535cf954392b21e0536bc37bd4b75539e83e7df14f3b9c05ba6464f9eeed
nicole.Ani	702	0x00878311	12	0	12	0	0	0	0	0	0	skipped_when_size_minus_12_is_zero	unsafe_12_byte_metadata_plus_stale_scratch_tail	126	9	122	e3b0c44298fc1c149afbf4c8996fb92427ae41e4649b934ca495991b7852b855
nicole.Ani	703	0x0087831D	122	110	126	114	9	42	114	0	104386	0	-8	126	9	123	6c534063968a2fa37e4c77819a9665587eb869c4336e2058eddb5444694b6e57
nicole.Ani	704	0x00878397	123	111	126	114	9	42	114	0	104386	0	-8	558	48	443	3e32855651ce2fbd3e2e48fd4b1c9cf28a49a94d9e955b9d3b9c6d5752143e86
nicole.Ani	705	0x00878412	443	431	558	546	48	162	546	0	153024	0	-8	408	33	326	035bf32bedd9c58c4595660acab4b5662a5e2199218e7cc8c385f2b4d06271c2
nicole.Ani	706	0x008785CD	326	314	408	396	33	132	396	0	151744	0	-8	408	33	332	6507d47a38e7a97ab625fa427153d425b1d2033f1c2cff1a3100b9401ee8b3a7
nicole.Ani	707	0x00878713	332	320	408	396	33	132	396	0	151744	0	-8	376	32	319	5bc109d6491f56085e94b8ea933162dbbc7b8284c5700562d566cd1fc2e2eab4
nicole.Ani	708	0x0087885F	319	307	376	364	32	108	364	0	153024	0	-8	561	48	445	8805d704bc209983d31a59da295946dd35474626186aa92eb6cbb209d68fcbaf
nicole.Ani	709	0x0087899E	445	433	561	549	48	165	549	0	221992	0	-8	588	48	487	1598f058abac6818146415b9579aa9f41b4511e1a8ede6a1cfeedcce1ef76e78
nicole.Ani	710	0x00878B5B	487	475	588	576	48	192	576	0	221992	0	-8	482	38	407	1c9c2243b40067ebcc9d48f924a63c38849fb835bce798aaf320767763594ab7
nicole.Ani	711	0x00878D42	407	395	482	470	38	166	470	0	151750	0	-8	455	38	369	8a5ac108a8b30d205905b7fcfca5a1723fa69e792caf29b406f959a51d9ebaab
nicole.Ani	712	0x00878ED9	369	357	455	443	38	139	443	0	153024	0	-8	12	0	12	0bddbd81bc1539bf2f9e4db24f0bacd095a2fcb510bc7e05466a70044f8088ce
nicole.Ani	713	0x0087904A	12	0	12	0	0	0	0	0	0	skipped_when_size_minus_12_is_zero	unsafe_12_byte_metadata_plus_stale_scratch_tail	64	5	69	e3b0c44298fc1c149afbf4c8996fb92427ae41e4649b934ca495991b7852b855
nicole.Ani	714	0x00879056	69	57	64	52	5	12	52	0	109502	0	-8	64	5	68	12a6fd888e757fea74e25a03d059200e9e229da31c3f8962c84ebebd69776174
nicole.Ani	715	0x0087909B	68	56	64	52	5	12	52	0	109502	0	-8	30	2	34	0b9b9e13baa0e2df9072c2947d2a6dbf85eca6374256a4622ceab9e2f70ad9cc
nicole.Ani	716	0x008790DF	34	22	30	18	2	2	18	0	113322	0	-8	12	0	12	6bd59ed34c6976ae1db01677eaa4a1f0c789072621813271c4a11065764a368a
nicole.Ani	717	0x00879101	12	0	12	0	0	0	0	0	0	skipped_when_size_minus_12_is_zero	unsafe_12_byte_metadata_plus_stale_scratch_tail	12	0	12	e3b0c44298fc1c149afbf4c8996fb92427ae41e4649b934ca495991b7852b855
nicole.Ani	718	0x0087910D	12	0	12	0	0	0	0	0	0	skipped_when_size_minus_12_is_zero	unsafe_12_byte_metadata_plus_stale_scratch_tail	12	0	12	e3b0c44298fc1c149afbf4c8996fb92427ae41e4649b934ca495991b7852b855
nicole.Ani	719	0x00879119	12	0	12	0	0	0	0	0	0	skipped_when_size_minus_12_is_zero	unsafe_12_byte_metadata_plus_stale_scratch_tail	3487	253	2655	e3b0c44298fc1c149afbf4c8996fb92427ae41e4649b934ca495991b7852b855
nicole.Ani	720	0x00879125	2655	2643	3487	3475	253	1451	3475	0	153024	0	-8	3214	196	2585	ea89d947511f944ca9aaafb284a1df01db4689e859049b894b2898856a166f83
nicole.Ani	721	0x00879B84	2585	2573	3214	3202	196	1634	3202	0	154296	0	-8	3421	206	2687	11e209b295aa0441f9386537ce8d3d2ad33f1b9580175890ec78813e50f2e001
nicole.Ani	722	0x0087A59D	2687	2675	3421	3409	206	1761	3409	0	168380	0	-8	3619	317	2780	6fcbf12e1c320685d948c28bdcf90c849994b758e1318dd5520c5a97ef8601b2
nicole.Ani	723	0x0087B01C	2780	2768	3619	3607	317	1071	3607	0	221992	0	-8	6793	534	5161	98529611d90a3df323259bc72ae8a09a78cd972ba01332ed41628de5516c5e14
nicole.Ani	724	0x0087BAF8	5161	5149	6793	6781	534	2509	6781	0	294954	0	-8	599	52	461	38f90e5d9400551effce446f5aeeac22425e5bc34602d115f7bc33b4122850de
nicole.Ani	725	0x0087CF21	461	449	599	587	52	171	587	0	115920	0	-8	3621	283	2827	79c4b6efd0c87c6505d07a7f135ebae64e5ae1e6f6d13e8cd58143f3167b6caf
nicole.Ani	726	0x0087D0EE	2827	2815	3621	3609	283	1345	3609	0	168380	0	-8	3233	196	2554	9f3743217702a684659fd889783b70281037ed87f891284b70a596f1f9fa2283
nicole.Ani	727	0x0087DBF9	2554	2542	3233	3221	196	1653	3221	0	168380	0	-8	2915	215	2329	ca044efa5b56f116d26a5f7e495379aace45b6ce6c5e51eadec5a2c9e71022b8
nicole.Ani	728	0x0087E5F3	2329	2317	2915	2903	215	1183	2903	0	154310	0	-8	3146	272	2397	bdb20bfb79ccd3e243834e9572032d157ef5e5d6d9addf60e63cf8de991a291c
nicole.Ani	729	0x0087EF0C	2397	2385	3146	3134	272	958	3134	0	151750	0	-8	3051	226	2416	4272ba3693b91903439def9512e4b2ded26b8273fde3ef1f760134d540be0137
nicole.Ani	730	0x0087F869	2416	2404	3051	3039	226	1231	3039	0	153030	0	-8	3099	269	2379	34ef92c6b33b60c1122a206ffe110e548165f9342b7f31a783c7b1b45d2b6d88
nicole.Ani	731	0x008801D9	2379	2367	3099	3087	269	935	3087	0	154310	0	-8	2915	215	2329	abe16e15960d946c1ab0069b4abfb3ab988e186a64e9ff25ea3d43ae31cad8f4
nicole.Ani	732	0x00880B24	2329	2317	2915	2903	215	1183	2903	0	154310	0	-8	3146	272	2397	bdb20bfb79ccd3e243834e9572032d157ef5e5d6d9addf60e63cf8de991a291c
nicole.Ani	733	0x0088143D	2397	2385	3146	3134	272	958	3134	0	151750	0	-8	3051	226	2416	4272ba3693b91903439def9512e4b2ded26b8273fde3ef1f760134d540be0137
nicole.Ani	734	0x00881D9A	2416	2404	3051	3039	226	1231	3039	0	153030	0	-8	3099	269	2379	34ef92c6b33b60c1122a206ffe110e548165f9342b7f31a783c7b1b45d2b6d88
nicole.Ani	735	0x0088270A	2379	2367	3099	3087	269	935	3087	0	154310	0	-8	2915	215	2329	0bd61538e0d2275dd7b3d1de87065887fe6c0a6e373ed83e6e5a240af1809eb9
nicole.Ani	736	0x00883055	2329	2317	2915	2903	215	1183	2903	0	154310	0	-8	3146	272	2397	bdb20bfb79ccd3e243834e9572032d157ef5e5d6d9addf60e63cf8de991a291c
nicole.Ani	737	0x0088396E	2397	2385	3146	3134	272	958	3134	0	151750	0	-8	3051	226	2416	4272ba3693b91903439def9512e4b2ded26b8273fde3ef1f760134d540be0137
nicole.Ani	738	0x008842CB	2416	2404	3051	3039	226	1231	3039	0	153030	0	-8	2975	228	2325	34ef92c6b33b60c1122a206ffe110e548165f9342b7f31a783c7b1b45d2b6d88
nicole.Ani	739	0x00884C3B	2325	2313	2975	2963	228	1139	2963	0	153032	0	-8	2485	140	2137	067897ee86ec8733aa603baec53a389ca9929ad39d2e5837d9ad805257113a2e
nicole.Ani	740	0x00885550	2137	2125	2485	2473	140	1353	2473	0	153032	0	-8	2770	175	2315	4362d1a754c96e5cb5afd969dd04846b26ec23c24bc2801ef45ca386ce932ba9
nicole.Ani	741	0x00885DA9	2315	2303	2770	2758	175	1358	2758	0	150474	0	-8	2740	169	2350	346680af8dfb872427728c80cb72f809e3e3c86d93bbdd8ac423ebe88e3cf48b
nicole.Ani	742	0x008866B4	2350	2338	2740	2728	169	1376	2728	0	151762	0	-8	2836	193	2414	03ef26a8e96f1155745f4adc514dcf665070ffb730d5097245feb26073a3ef2a
nicole.Ani	743	0x00886FE2	2414	2402	2836	2824	193	1280	2824	0	153046	0	-8	2636	157	2304	f87e8bf434ccb391c8606c150474289525f0180f0d4222624b2bfef5b64ddcd1
nicole.Ani	744	0x00887950	2304	2292	2636	2624	157	1368	2624	0	153046	0	-8	2706	169	2341	70ccbe1a7f524b3c35bb9d2ffd208a1d9f5987aa1f49916cd8d0145d372a3d7a
nicole.Ani	745	0x00888250	2341	2329	2706	2694	169	1342	2694	0	150490	0	-8	2688	158	2318	251ef5e4df270dac4a09b14697ea2b88661903dcf73f1f03146b1d8be9240d60
nicole.Ani	746	0x00888B75	2318	2306	2688	2676	158	1412	2676	0	151780	0	-8	2738	177	2367	c5481372c28ff96f1bbe3e91167beeff8e752cc7fa33f03deac9623cd2f07f01
nicole.Ani	747	0x00889483	2367	2355	2738	2726	177	1310	2726	0	151786	0	-8	2690	157	2393	6d61dcd46eadc2d1653cf07b2a0deb0236b433082d5282defd9c316717f2e215
nicole.Ani	748	0x00889DC2	2393	2381	2690	2678	157	1422	2678	0	151786	0	-8	2764	168	2428	62bc46a688d5cd3b40a76b19e97e540a3e09c660f45ee9d4f172f7152a0c2e3c
nicole.Ani	749	0x0088A71B	2428	2416	2764	2752	168	1408	2752	0	149232	0	-8	2913	192	2550	756dd75753210b10ceca09a9cefdcbddb8a6bbca140e7e012abea253e4bdfe75
nicole.Ani	750	0x0088B097	2550	2538	2913	2901	192	1365	2901	0	150524	0	-8	2803	187	2445	df23990fa964b65a4537ca625bfa7576fcd9fc7fbd5309d8719d13ade901b1cf
nicole.Ani	751	0x0088BA8D	2445	2433	2803	2791	187	1295	2791	0	151810	0	-8	2847	186	2504	31b5a9ef4806fb51a75c753df3d504d0eb06fcb99908a93dcccf525b032ac2ff
nicole.Ani	752	0x0088C41A	2504	2492	2847	2835	186	1347	2835	0	151810	0	-8	3194	230	2788	26f1ed30a7f03d6a089123dac0ddf439ad250bc283267458997ec20b5d4ce5b7
nicole.Ani	753	0x0088CDE2	2788	2776	3194	3182	230	1342	3182	0	224550	0	-8	6904	437	5565	65b862025c81b1da328fb2492ed8c4d2e557eb0ed5fdaa05114662fdc0b48ab3
nicole.Ani	754	0x0088D8C6	5565	5553	6904	6892	437	3396	6892	0	298800	0	-8	6535	478	5258	833d333780b10d723495d5d7450e415291c7c64a087f9b8f08f171c4b1a2dc6b
nicole.Ani	755	0x0088EE83	5258	5246	6535	6523	478	2699	6523	0	298804	0	-8	7063	486	5564	d9d71a5c6b8896fdbaaf55e00ecb30c30463d74ccd53c1328327758d4fa0a5e9
nicole.Ani	756	0x0089030D	5564	5552	7063	7051	486	3163	7051	0	298820	0	-8	7088	449	5490	a1610b2161a7313a3336582f63f72c61fd6debb9269cb6c39880ac5e15e192e6
nicole.Ani	757	0x008918C9	5490	5478	7088	7076	449	3484	7076	0	298848	0	-8	5538	317	4247	7005eafce14cc98db2843982935c97da5bf43f9681c731eed7f9325dd330fdef
nicole.Ani	758	0x00892E3B	4247	4235	5538	5526	317	2990	5526	0	298876	0	-8	4217	188	3132	ac22d4514e94d779c43a75984334a2eb538b6620cddf7d41157f19349e740f5b
nicole.Ani	759	0x00893ED2	3132	3120	4217	4205	188	2701	4205	0	298908	0	-8	4222	199	3055	ee647bfc47da7fd4ee23b585bfc1791bdd69fc3a97e1b6bcf78a4e179d0107be
nicole.Ani	760	0x00894B0E	3055	3043	4222	4210	199	2618	4210	0	298938	0	-8	4088	198	3016	8999467a88e1b29a6ad55c4243ce1b78693e531377aa8f9be5c9734fae4e7566
nicole.Ani	761	0x008956FD	3016	3004	4088	4076	198	2492	4076	0	298962	0	-8	3924	235	2918	c37cdadd0f24b42f529badb994d85f561c5390f5dc57a4e2357297ce2b957646
nicole.Ani	762	0x008962C5	2918	2906	3924	3912	235	2032	3912	0	298978	0	-8	3294	210	2492	9023ba48bc620b5824f057ca8e4f5588dcfb0448d67842ee528d708b8e440250
nicole.Ani	763	0x00896E2B	2492	2480	3294	3282	210	1602	3282	0	298984	0	-8	2758	212	2143	b6f6a624cc53baff94b08d4dc5418c28730b459588b04daf752a38919ec7495c
nicole.Ani	764	0x008977E7	2143	2131	2758	2746	212	1050	2746	0	298984	0	-8	12	0	12	1be00b0c31a8df8af09a3f6c456e89169cf02270c12d4f2ccff64218bc3fc649
nicole.Ani	765	0x00898046	12	0	12	0	0	0	0	0	0	skipped_when_size_minus_12_is_zero	unsafe_12_byte_metadata_plus_stale_scratch_tail	12	0	12	e3b0c44298fc1c149afbf4c8996fb92427ae41e4649b934ca495991b7852b855
nicole.Ani	766	0x00898052	12	0	12	0	0	0	0	0	0	skipped_when_size_minus_12_is_zero	unsafe_12_byte_metadata_plus_stale_scratch_tail	12	0	12	e3b0c44298fc1c149afbf4c8996fb92427ae41e4649b934ca495991b7852b855
nicole.Ani	767	0x0089805E	12	0	12	0	0	0	0	0	0	skipped_when_size_minus_12_is_zero	unsafe_12_byte_metadata_plus_stale_scratch_tail	12	0	12	e3b0c44298fc1c149afbf4c8996fb92427ae41e4649b934ca495991b7852b855
nicole.Ani	768	0x0089806A	12	0	12	0	0	0	0	0	0	skipped_when_size_minus_12_is_zero	unsafe_12_byte_metadata_plus_stale_scratch_tail	118	10	114	e3b0c44298fc1c149afbf4c8996fb92427ae41e4649b934ca495991b7852b855
nicole.Ani	769	0x00898076	114	102	118	106	10	26	106	0	226030	0	-8	118	10	113	2a7a48e7bab6d88cca3638fd37d0caf44b83b0486b165210ef2e252d255c9300
nicole.Ani	770	0x008980E8	113	101	118	106	10	26	106	0	226030	0	-8	12	0	12	0f67bec6fd60d55e029cf458b0a5e0209beda174515c54da9e07365711d9bcf5
nicole.Ani	771	0x00898159	12	0	12	0	0	0	0	0	0	skipped_when_size_minus_12_is_zero	unsafe_12_byte_metadata_plus_stale_scratch_tail	12	0	12	e3b0c44298fc1c149afbf4c8996fb92427ae41e4649b934ca495991b7852b855
nicole.Ani	772	0x00898165	12	0	12	0	0	0	0	0	0	skipped_when_size_minus_12_is_zero	unsafe_12_byte_metadata_plus_stale_scratch_tail	12	0	12	e3b0c44298fc1c149afbf4c8996fb92427ae41e4649b934ca495991b7852b855
nicole.Ani	773	0x00898171	12	0	12	0	0	0	0	0	0	skipped_when_size_minus_12_is_zero	unsafe_12_byte_metadata_plus_stale_scratch_tail	12	0	12	e3b0c44298fc1c149afbf4c8996fb92427ae41e4649b934ca495991b7852b855
nicole.Ani	774	0x0089817D	12	0	12	0	0	0	0	0	0	skipped_when_size_minus_12_is_zero	unsafe_12_byte_metadata_plus_stale_scratch_tail	118	10	114	e3b0c44298fc1c149afbf4c8996fb92427ae41e4649b934ca495991b7852b855
nicole.Ani	775	0x00898189	114	102	118	106	10	26	106	0	226030	0	-8	118	10	113	2a7a48e7bab6d88cca3638fd37d0caf44b83b0486b165210ef2e252d255c9300
nicole.Ani	776	0x008981FB	113	101	118	106	10	26	106	0	226030	0	-8	12	0	12	0f67bec6fd60d55e029cf458b0a5e0209beda174515c54da9e07365711d9bcf5
nicole.Ani	777	0x0089826C	12	0	12	0	0	0	0	0	0	skipped_when_size_minus_12_is_zero	unsafe_12_byte_metadata_plus_stale_scratch_tail	12	0	12	e3b0c44298fc1c149afbf4c8996fb92427ae41e4649b934ca495991b7852b855
nicole.Ani	778	0x00898278	12	0	12	0	0	0	0	0	0	skipped_when_size_minus_12_is_zero	unsafe_12_byte_metadata_plus_stale_scratch_tail	12	0	12	e3b0c44298fc1c149afbf4c8996fb92427ae41e4649b934ca495991b7852b855
nicole.Ani	779	0x00898284	12	0	12	0	0	0	0	0	0	skipped_when_size_minus_12_is_zero	unsafe_12_byte_metadata_plus_stale_scratch_tail	12	0	12	e3b0c44298fc1c149afbf4c8996fb92427ae41e4649b934ca495991b7852b855
nicole.Ani	780	0x00898290	12	0	12	0	0	0	0	0	0	skipped_when_size_minus_12_is_zero	unsafe_12_byte_metadata_plus_stale_scratch_tail	12	0	12	e3b0c44298fc1c149afbf4c8996fb92427ae41e4649b934ca495991b7852b855
nicole.Ani	781	0x0089829C	12	0	12	0	0	0	0	0	0	skipped_when_size_minus_12_is_zero	unsafe_12_byte_metadata_plus_stale_scratch_tail	12	0	12	e3b0c44298fc1c149afbf4c8996fb92427ae41e4649b934ca495991b7852b855
nicole.Ani	782	0x008982A8	12	0	12	0	0	0	0	0	0	skipped_when_size_minus_12_is_zero	unsafe_12_byte_metadata_plus_stale_scratch_tail	12	0	12	e3b0c44298fc1c149afbf4c8996fb92427ae41e4649b934ca495991b7852b855
nicole.Ani	783	0x008982B4	12	0	12	0	0	0	0	0	0	skipped_when_size_minus_12_is_zero	unsafe_12_byte_metadata_plus_stale_scratch_tail	12	0	12	e3b0c44298fc1c149afbf4c8996fb92427ae41e4649b934ca495991b7852b855
nicole.Ani	784	0x008982C0	12	0	12	0	0	0	0	0	0	skipped_when_size_minus_12_is_zero	unsafe_12_byte_metadata_plus_stale_scratch_tail	12	0	12	e3b0c44298fc1c149afbf4c8996fb92427ae41e4649b934ca495991b7852b855
nicole.Ani	785	0x008982CC	12	0	12	0	0	0	0	0	0	skipped_when_size_minus_12_is_zero	unsafe_12_byte_metadata_plus_stale_scratch_tail	12	0	12	e3b0c44298fc1c149afbf4c8996fb92427ae41e4649b934ca495991b7852b855
nicole.Ani	786	0x008982D8	12	0	12	0	0	0	0	0	0	skipped_when_size_minus_12_is_zero	unsafe_12_byte_metadata_plus_stale_scratch_tail	12	0	12	e3b0c44298fc1c149afbf4c8996fb92427ae41e4649b934ca495991b7852b855
nicole.Ani	787	0x008982E4	12	0	12	0	0	0	0	0	0	skipped_when_size_minus_12_is_zero	unsafe_12_byte_metadata_plus_stale_scratch_tail	12	0	12	e3b0c44298fc1c149afbf4c8996fb92427ae41e4649b934ca495991b7852b855
nicole.Ani	788	0x008982F0	12	0	12	0	0	0	0	0	0	skipped_when_size_minus_12_is_zero	unsafe_12_byte_metadata_plus_stale_scratch_tail	12	0	12	e3b0c44298fc1c149afbf4c8996fb92427ae41e4649b934ca495991b7852b855
nicole.Ani	789	0x008982FC	12	0	12	0	0	0	0	0	0	skipped_when_size_minus_12_is_zero	unsafe_12_byte_metadata_plus_stale_scratch_tail	12	0	12	e3b0c44298fc1c149afbf4c8996fb92427ae41e4649b934ca495991b7852b855
nicole.Ani	790	0x00898308	12	0	12	0	0	0	0	0	0	skipped_when_size_minus_12_is_zero	unsafe_12_byte_metadata_plus_stale_scratch_tail	268435456	270598152	270018824	e3b0c44298fc1c149afbf4c8996fb92427ae41e4649b934ca495991b7852b855
ve2dm.Ani	1	0x00000024	225331	225319	307220	307208	1	307200	307208	0	614400	0	-8	12	0	12	26c7b6cb4694682d53a035199535025f1c661f4fc2a7045d7411ea82d50eaa87
ve2dm.Ani	2	0x00037057	12	0	12	0	0	0	0	0	0	skipped_when_size_minus_12_is_zero	unsafe_12_byte_metadata_plus_stale_scratch_tail	12	0	12	e3b0c44298fc1c149afbf4c8996fb92427ae41e4649b934ca495991b7852b855
ve2dm.Ani	3	0x00037063	12	0	12	0	0	0	0	0	0	skipped_when_size_minus_12_is_zero	unsafe_12_byte_metadata_plus_stale_scratch_tail	1257	84	1087	e3b0c44298fc1c149afbf4c8996fb92427ae41e4649b934ca495991b7852b855
ve2dm.Ani	4	0x0003706F	1087	1075	1257	1245	84	573	1245	0	183506	0	-8	1492	109	1288	a2c972eee708918d622cc056ea89af320ec81c366ba03a3d5901a70baf7bda80
ve2dm.Ani	5	0x000374AE	1288	1276	1492	1480	109	608	1480	0	183506	0	-8	1407	96	1259	5eeacfb26e2b64badf9715efb0a3742c92e6fc4333573c008af4246defe49ec7
ve2dm.Ani	6	0x000379B6	1259	1247	1407	1395	96	627	1395	0	182224	0	-8	1278	79	1172	e837515bfaed94a19e05431ec39427f387a99f0083a4578888350ff1152754a1
ve2dm.Ani	7	0x00037EA1	1172	1160	1278	1266	79	634	1266	0	182222	0	-8	1347	87	1229	992e5005834693df6389962685e56be3eb897be119ba5866969500326a326591
ve2dm.Ani	8	0x00038335	1229	1217	1347	1335	87	639	1335	0	183506	0	-8	1337	83	1213	0a9527597e19dfb9623c5dcbd3725b2a078d5e54e1f05875ca93e38a4306ba40
ve2dm.Ani	9	0x00038802	1213	1201	1337	1325	83	661	1325	0	183506	0	-8	1253	72	1127	dbb59eedd4b0ebaa001aed9de0217ab91dd725f49787263d498d3fe28f1e90fc
ve2dm.Ani	10	0x00038CBF	1127	1115	1253	1241	72	665	1241	0	182224	0	-8	1228	71	1101	c8ccd7c439ba48aa92606bc894170f6a0daf6ec4044428e75aa4cd41b387c31e
ve2dm.Ani	11	0x00039126	1101	1089	1228	1216	71	648	1216	0	182222	0	-8	1300	97	1006	7c61b7d45c0e14d305bb5fe4018934773231acf5634e5719fab040c6e9432ad5
ve2dm.Ani	12	0x00039573	1006	994	1300	1288	97	512	1288	0	182218	0	-8	1587	125	1273	f5e0cc687442c21f74a5daed8b6f251489b6230fb92063e3731ea6c26b46997e
ve2dm.Ani	13	0x00039961	1273	1261	1587	1575	125	575	1575	0	183506	0	-8	1470	78	1269	1a7c3bd3c7f84f23d86690ed4231a4450ba61cd1658fc013b6d6c5abf0843eb4
ve2dm.Ani	14	0x00039E5A	1269	1257	1470	1458	78	834	1458	0	187358	0	-8	1554	79	1335	ad09adf48dc50544e9ed4f52781665926519b6ea920b458a4d97101455e67c1e
ve2dm.Ani	15	0x0003A34F	1335	1323	1554	1542	79	910	1542	0	193776	0	-8	1478	75	1330	e3fdf6a47a99424ba682640457a06656511aaa3d975380f8b228894683254fbe
ve2dm.Ani	16	0x0003A886	1330	1318	1478	1466	75	866	1466	0	198902	0	-8	1501	72	1366	b0ffead06a254d1022111696ae8a8a58cf7fdcfe49d5202f2d4e14c9539da34a
ve2dm.Ani	17	0x0003ADB8	1366	1354	1501	1489	72	913	1489	0	205322	0	-8	1583	85	1401	0c48540a4fa7ccc2a6f1720159bad747a5a9720c179239405a0f02a763322acd
ve2dm.Ani	18	0x0003B30E	1401	1389	1583	1571	85	891	1571	0	210456	0	-8	1449	73	1293	9b55b8eb2d850b5e8abd1cad0a647a6bec8ae26e4aaed12ffaa543b6a7638084
ve2dm.Ani	19	0x0003B887	1293	1281	1449	1437	73	853	1437	0	216866	0	-8	1713	153	1369	6db5bb2260450f42748c98905029ef2cf321de8a89dc7e62a1d33a293b78daaf
ve2dm.Ani	20	0x0003BD94	1369	1357	1713	1701	153	477	1701	0	216866	0	-8	1401	86	1237	42fb42848706c29a9e25c0ae847bdb8c61d4b8def8f75b6ba1505d7af0b6ef9a
ve2dm.Ani	21	0x0003C2ED	1237	1225	1401	1389	86	701	1389	0	220706	0	-8	1436	92	1266	f066b95da019bb49ecabe015e33bb8aef0c6bf5b40264ed9ed825b6690287fb6
ve2dm.Ani	22	0x0003C7C2	1266	1254	1436	1424	92	688	1424	0	221990	0	-8	1507	96	1314	5298c8a4f0dab80c6672880265b5cae8132249965190d0783f85e3c014d409c9
ve2dm.Ani	23	0x0003CCB4	1314	1302	1507	1495	96	727	1495	0	225832	0	-8	1713	153	1366	f6b1aed10c3b5889f72b5c945dab4f71aca50649d4fcb272b832fdd5bb28b0c0
ve2dm.Ani	24	0x0003D1D6	1366	1354	1713	1701	153	477	1701	0	225832	0	-8	1496	100	1287	afc39239a94602303441e7f1426b70660991c184176e71073b1057db3c231e3b
ve2dm.Ani	25	0x0003D72C	1287	1275	1496	1484	100	684	1484	0	228394	0	-8	1526	97	1329	3960b8fdc768b24055c98d6f1e4b43e0b484309adbf470dc2fe35447c3ac83d5
ve2dm.Ani	26	0x0003DC33	1329	1317	1526	1514	97	738	1514	0	229682	0	-8	1473	87	1286	ba69ff928fb12f515b20f5ec27e6b5817edf5b669f0c68e86c1d81ce657dfae9
ve2dm.Ani	27	0x0003E164	1286	1274	1473	1461	87	765	1461	0	233530	0	-8	1515	100	1331	939fec02fad8e3bc5884eaf54b8e69c8afc8e2a484442a79d94d563b998dd6b6
ve2dm.Ani	28	0x0003E66A	1331	1319	1515	1503	100	703	1503	0	234810	0	-8	1484	102	1285	e74c4d4907ae35320d83a4bc6ec597fa357b16265025b211c0a68f2e4938dcbb
ve2dm.Ani	29	0x0003EB9D	1285	1273	1484	1472	102	656	1472	0	236100	0	-8	1491	80	1305	ce0d8eea9909b63eeac0f525832e9eadc703c75eef0950c91dd29aa6e3d4cfa5
ve2dm.Ani	30	0x0003F0A2	1305	1293	1491	1479	80	839	1479	0	239950	0	-8	1549	94	1339	60db1aaf3d3c3a9b977382ee6eb3f9c0f888371931cc11c6f09789cd4cab9fe0
ve2dm.Ani	31	0x0003F5BB	1339	1327	1549	1537	94	785	1537	0	243798	0	-8	1556	101	1355	6b990054b866a29753661e9ee49afa9ca279f602905ee39a808969214e41db3e
ve2dm.Ani	32	0x0003FAF6	1355	1343	1556	1544	101	736	1544	0	246356	0	-8	1533	101	1334	072b50adbf9561253fbd808d278506d3f1c9b9af99608a63ca750fe7dfbed53f
ve2dm.Ani	33	0x00040041	1334	1322	1533	1521	101	713	1521	0	248926	0	-8	1458	81	1274	e232900bcf74486c56b2000b82bec0a0e10c73e7eb14ec51da22a9a9b5665ec9
ve2dm.Ani	34	0x00040577	1274	1262	1458	1446	81	798	1446	0	252774	0	-8	1524	90	1319	20f8323148a5606fa21fbbfa8694b5aeb0b54ea12647363943c55ceac9ffa151
ve2dm.Ani	35	0x00040A71	1319	1307	1524	1512	90	792	1512	0	257900	0	-8	1518	91	1327	385d359e654174a9efddf255a77371174acc3715fa6ff9b7fecce6d2336f16e3
ve2dm.Ani	36	0x00040F98	1327	1315	1518	1506	91	778	1506	0	261738	0	-8	1413	81	1248	44f62ea5e89c528e7ea099d4c5eeb778a791cc5f31cace2168f7b7022e97faee
ve2dm.Ani	37	0x000414C7	1248	1236	1413	1401	81	753	1401	0	266866	0	-8	1426	74	1274	60edaa90f3f911066d1405121b05a474a6462bb77350dc766b3df5e0adeab9ce
ve2dm.Ani	38	0x000419A7	1274	1262	1426	1414	74	822	1414	0	271990	0	-8	1400	72	1250	2eeb56eb1708d6cc0e15aab8ead4f52a9e80839ea0759e50fe9b871e860729c7
ve2dm.Ani	39	0x00041EA1	1250	1238	1400	1388	72	812	1388	0	278394	0	-8	1402	85	1229	f173475d20c4938356c150b91e2935bb6412679fd03eb65c1efb4266983e72dc
ve2dm.Ani	40	0x00042383	1229	1217	1402	1390	85	710	1390	0	282226	0	-8	1355	69	1203	b7e6c0aa41dbc9fb8ace1f7d6ab9cdb0438c4fbc346c35798bf6cc9c72950954
ve2dm.Ani	41	0x00042850	1203	1191	1355	1343	69	791	1343	0	288630	0	-8	1401	72	1243	d03ff66d3cf3ab47aab29dd5eeaca04602c7b6948cf0bb0a85b61a0d372148ee
ve2dm.Ani	42	0x00042D03	1243	1231	1401	1389	72	813	1389	0	293752	0	-8	1416	75	1253	607a055fb06015186f05d8ae01e090c49e568588524f23ff99801cebbf676854
ve2dm.Ani	43	0x000431DE	1253	1241	1416	1404	75	804	1404	0	300154	0	-8	1435	88	1251	290d59f1ceb34a53fdeac0e23cd4e1442cfee6cdb88610c96bc9055f744a23d6
ve2dm.Ani	44	0x000436C3	1251	1239	1435	1423	88	719	1423	0	303988	0	-8	1411	80	1252	052c25d699ea11ae4fd1e10545ad2427f0a8127ae9e76d0987f1ffa34fa727a9
ve2dm.Ani	45	0x00043BA6	1252	1240	1411	1399	80	759	1399	0	309116	0	-8	1438	80	1270	9a4903e6f0457b483db4220e72f46b70fcc0f286e30d272a72657e1bb9586ff6
ve2dm.Ani	46	0x0004408A	1270	1258	1438	1426	80	786	1426	0	312962	0	-8	1416	73	1250	1799cc16e12c6c42642639ad25633bd5bddedfa2faf98eb687f3737c0f85d19f
ve2dm.Ani	47	0x00044580	1250	1238	1416	1404	73	820	1404	0	319370	0	-8	1412	88	1240	b813962c4a5a83fe2c131d699dbd1920c380091c17ae2a349a27054ee43ce289
ve2dm.Ani	48	0x00044A62	1240	1228	1412	1400	88	696	1400	0	321926	0	-8	1479	90	1292	146e8d95e1c717e6b7d911b9140993160b7c8eb30640425ac98510568b999511
ve2dm.Ani	49	0x00044F3A	1292	1280	1479	1467	90	747	1467	0	325776	0	-8	1429	79	1252	c5c5268d0eb313d25ace9e4be464bccd0a18fd4f3a25be828fa25a33c6a803f3
ve2dm.Ani	50	0x00045446	1252	1240	1429	1417	79	785	1417	0	329622	0	-8	1469	92	1267	3716639aaf656546ecafba0a002dbd681375cf3f7c875f03f2533abf7a889072
ve2dm.Ani	51	0x0004592A	1267	1255	1469	1457	92	721	1457	0	333466	0	-8	1459	105	1243	e2ef3e9163d57cdf57e8a39b66551a1127804f98d2d2be7be1e8b72f454e22f5
ve2dm.Ani	52	0x00045E1D	1243	1231	1459	1447	105	607	1447	0	334740	0	-8	1584	124	1305	8c7650de80f65a804be7c9c4d6b39527b8aef31bde08ea492bf86af96dd2a468
ve2dm.Ani	53	0x000462F8	1305	1293	1584	1572	124	580	1572	0	336028	0	-8	1464	91	1265	4b77106d00a41d41714d2fcb8d51a6cd78b8750f02d54940b1b04b7a5e68eff7
ve2dm.Ani	54	0x00046811	1265	1253	1464	1452	91	724	1452	0	338592	0	-8	1396	88	1225	b4bfd2e09b3d2c5915fa126d76eb282d46d821e35a2953ef9a25fdd5d5187aa3
ve2dm.Ani	55	0x00046D02	1225	1213	1396	1384	88	680	1384	0	341156	0	-8	1459	105	1244	ed8e8dbbd3ac185921cac20df7ea0f794be4f2c5d1d01ae2a9975f520310eda6
ve2dm.Ani	56	0x000471CB	1244	1232	1459	1447	105	607	1447	0	342430	0	-8	1490	100	1275	266183933f0f3d20f78480a58874e19f6732aaccd3076e7f46aa30f9ab42475d
ve2dm.Ani	57	0x000476A7	1275	1263	1490	1478	100	678	1478	0	344998	0	-8	1388	74	1224	72223b7e51089c3801684369820848296aeac710089a4e72d266a40406b6a503
ve2dm.Ani	58	0x00047BA2	1224	1212	1388	1376	74	784	1376	0	348842	0	-8	1469	92	1277	6c8d7d395390882b887f170817a815d694a4ffacb3a6c6760712afa8bdb04f9d
ve2dm.Ani	59	0x0004806A	1277	1265	1469	1457	92	721	1457	0	352686	0	-8	1412	88	1237	ecf523002157ef1b59cb4ff1fed550619d25a004690c3599c967b81dde36057e
ve2dm.Ani	60	0x00048567	1237	1225	1412	1400	88	696	1400	0	355242	0	-8	1490	100	1270	4aec52e0721e1153157f536e670e89f93afe97da04cfd08d128442322737b631
ve2dm.Ani	61	0x00048A3C	1270	1258	1490	1478	100	678	1478	0	357810	0	-8	1404	81	1225	023116c3ec7c4304ee11b7c1f7026d993f5f3e81bfb2e7429fea789dd4b942de
ve2dm.Ani	62	0x00048F32	1225	1213	1404	1392	81	744	1392	0	360376	0	-8	1533	98	1318	1e8ca1537f56ccde9b9b8e26f17a9bf6c533d4a62cec4cfbaa61ab0f34f549bb
ve2dm.Ani	63	0x000493FB	1318	1306	1533	1521	98	737	1521	0	362944	0	-8	1415	82	1242	766942a4fac98a89e5a685bea50a21d3161d9ac61c8a79554bb155206465597c
ve2dm.Ani	64	0x00049921	1242	1230	1415	1403	82	747	1403	0	362944	0	-8	1444	84	1257	9549531554aaebd4863397ce3814ad6058ffcb62fd4515c02f9df5258685f008
ve2dm.Ani	65	0x00049DFB	1257	1245	1444	1432	84	760	1432	0	362942	0	-8	1519	94	1315	0d9bb28883610e7211bc246811bc0d986005a66f7e078a551716f62f5d059f94
ve2dm.Ani	66	0x0004A2E4	1315	1303	1519	1507	94	755	1507	0	362952	0	-8	1503	97	1325	ebf349a7ee72dcebedb2ff7f0364d1aef3647e652fc59711e71922d9755ddcb7
ve2dm.Ani	67	0x0004A807	1325	1313	1503	1491	97	715	1491	0	361698	0	-8	1365	68	1197	d64c9244c0caef834e0b8e860da14887b79c5f7edf0fe55a6ccbe9971577fbc1
ve2dm.Ani	68	0x0004AD34	1197	1185	1365	1353	68	809	1353	0	361698	0	-8	1426	87	1260	9acb2f5859730d5922e06c30b8937628dd588bb0b926d669a6fd4db791d406f3
ve2dm.Ani	69	0x0004B1E1	1260	1248	1426	1414	87	718	1414	0	359150	0	-8	1456	89	1286	e146fd9321b71b33afc007accb1bb1308e1eb28dac8f8db49aba8587e99b6484
ve2dm.Ani	70	0x0004B6CD	1286	1274	1456	1444	89	732	1444	0	359150	0	-8	1506	104	1308	aa59db9fd96a01a2c8f6e67d0bf2c1914bd08cfcf1e686b90052fd3509b54425
ve2dm.Ani	71	0x0004BBD3	1308	1296	1506	1494	104	662	1494	0	357884	0	-8	1435	84	1264	05883adb5b19e2545a1a1117f8c2a0db4743310b6b17a64dfc9d57f89b2965f8
ve2dm.Ani	72	0x0004C0EF	1264	1252	1435	1423	84	751	1423	0	357884	0	-8	1431	85	1260	690491dff62629787944c966cb30ee75cc6662ef125925aa46fffc5f1162cdba
ve2dm.Ani	73	0x0004C5DF	1260	1248	1431	1419	85	739	1419	0	355316	0	-8	1597	124	1349	7689ce8b804c37fb46e907320da770cb838666272a082182a970623bd308c6fb
ve2dm.Ani	74	0x0004CACB	1349	1337	1597	1585	124	593	1585	0	354044	0	-8	1540	99	1354	667a774b3642982e9e28969dd4bc2dd676d84e884371cdb0af712c1aee2927cc
ve2dm.Ani	75	0x0004D010	1354	1342	1540	1528	99	736	1528	0	354064	0	-8	1439	85	1260	78db551ea21c9701a04ea607ac0cca366a9779a9dd448f06b15e5e183b9bdd66
ve2dm.Ani	76	0x0004D55A	1260	1248	1439	1427	85	747	1427	0	355334	0	-8	1463	85	1297	755ffbe390f9b29eb8555b9e4bab7b0667bd9173cc3cf926873d5e50ac9173da
ve2dm.Ani	77	0x0004DA46	1297	1285	1463	1451	85	771	1451	0	356618	0	-8	1542	86	1357	a2e8e34d290c842260070a0c38571f38ef445991fc6cb6a72cb6bd9e2f97a0f2
ve2dm.Ani	78	0x0004DF57	1357	1345	1542	1530	86	842	1530	0	357932	0	-8	1515	81	1343	802ef17f969f8b7f2a1e83fad524fe6e4a56bde0a707afba57cf0853f0f072a9
ve2dm.Ani	79	0x0004E4A4	1343	1331	1515	1503	81	855	1503	0	363066	0	-8	1515	89	1314	0d3773fb84309a8090692c59b75f2d45fb82a5e412409bee184683d149e2fc4d
ve2dm.Ani	80	0x0004E9E3	1314	1302	1515	1503	89	791	1503	0	364352	0	-8	1458	84	1285	378a11164db0a67907e691fa656ea97eaec843ab95009394b4b80ee8f197f473
ve2dm.Ani	81	0x0004EF05	1285	1273	1458	1446	84	774	1446	0	368204	0	-8	1527	97	1325	8e1b6fd755f3caf602f75a053b91bce8d82da59bf10ddc34f4fc238c1f640eee
ve2dm.Ani	82	0x0004F40A	1325	1313	1527	1515	97	739	1515	0	369492	0	-8	1418	83	1256	db6094e6dcb6a968e92089b353ac2c1ed6c3c60a4d97ff411b2edbfbefdc8ea1
ve2dm.Ani	83	0x0004F937	1256	1244	1418	1406	83	742	1406	0	373338	0	-8	1675	149	1328	9af3c611e80b4c23aadc1ce1818dc3871cb55537b183e7d9cbb2bf0fbe4b7a66
ve2dm.Ani	84	0x0004FE1F	1328	1316	1675	1663	149	471	1663	0	373338	0	-8	1468	102	1242	a81177b9ac2935a1ed3b4ba0a200c139541e3e6b91067f6ec0f9637314bd5c13
ve2dm.Ani	85	0x0005034F	1242	1230	1468	1456	102	640	1456	0	375898	0	-8	1468	110	1211	29211783026de9472d8e2109acab9355db5a316cba1bb5642d62b15be8f9b578
ve2dm.Ani	86	0x00050829	1211	1199	1468	1456	110	576	1456	0	375900	0	-8	1408	82	1252	07f9d298ff6989c47a29110e5c310d553312e9c2e96ea68368e36f77c0ca7d7a
ve2dm.Ani	87	0x00050CE4	1252	1240	1408	1396	82	740	1396	0	379746	0	-8	1465	101	1259	b96bc9a9b0febc6c34272dc3bbe5441b6276e4012ee5d4f4d5f6b1a635d32313
ve2dm.Ani	88	0x000511C8	1259	1247	1465	1453	101	645	1453	0	379746	0	-8	1584	124	1302	97d37a637997e6324d40e2f9d874fe72eefd4a15539c3271da3c306f98e101ef
ve2dm.Ani	89	0x000516B3	1302	1290	1584	1572	124	580	1572	0	381032	0	-8	1520	91	1314	b5653652c388075bf8ff5f224909397048d557f238f5d55d1bad39b36fdc7d5b
ve2dm.Ani	90	0x00051BC9	1314	1302	1520	1508	91	780	1508	0	382324	0	-8	1510	98	1297	5d9e646c91920d1c4a8002498756db3b85351e90947cd4bdfdbb1887a8aa5564
ve2dm.Ani	91	0x000520EB	1297	1285	1510	1498	98	714	1498	0	383614	0	-8	1439	86	1257	c828c8ab5138d4ae88c16a80aa5081a407ac67764407108a7803410ec332cf13
ve2dm.Ani	92	0x000525FC	1257	1245	1439	1427	86	739	1427	0	383616	0	-8	1430	84	1254	b5139e7edb3623947e5bd05e7512f1b084e140681daa0275297e194313999cdd
ve2dm.Ani	93	0x00052AE5	1254	1242	1430	1418	84	746	1418	0	383628	0	-8	1541	99	1334	a567e759f55ca3d8c2ed0cb369e662da8e1a10160c91cf651c53a1860576273a
ve2dm.Ani	94	0x00052FCB	1334	1322	1541	1529	99	737	1529	0	384916	0	-8	1626	129	1360	c050d90c4a741adbc48b84419fc9b24bc3426952a39d168a5b013499b9d6170b
ve2dm.Ani	95	0x00053501	1360	1348	1626	1614	129	582	1614	0	384922	0	-8	1410	88	1209	f5a5d2a94d001eacce0eead922d6fcfcc2520d061b1234ea69f1a6784d72d0dd
ve2dm.Ani	96	0x00053A51	1209	1197	1410	1398	88	694	1398	0	384922	0	-8	1517	109	1256	df34c517df22c0bf1bf932546c53602ed7e2e00926b6ab648f403da6980d0654
ve2dm.Ani	97	0x00053F0A	1256	1244	1517	1505	109	633	1505	0	383644	0	-8	1751	155	1364	73553783f40cc8ff44ee460ae0f911be20c6f9a817c84877eb7dba58e0cc573e
ve2dm.Ani	98	0x000543F2	1364	1352	1751	1739	155	499	1739	0	383644	0	-8	1502	107	1265	bc7b1f483d3bd4c1563ef5b6eac4d0290cb953e790473e935385ca7483b42832
ve2dm.Ani	99	0x00054946	1265	1253	1502	1490	107	634	1490	0	384892	0	-8	1488	94	1278	98376b835e243a557a8590bee14fa70f109fbe09b7018aaad58e3fcfd892fed3
ve2dm.Ani	100	0x00054E37	1278	1266	1488	1476	94	724	1476	0	384898	0	-8	1614	127	1326	32d986e41c8c9f847b1c652927aa0159c4a6ccbb711b6e1ec9e6f73ef73de616
ve2dm.Ani	101	0x00055335	1326	1314	1614	1602	127	586	1602	0	384902	0	-8	1549	100	1329	82ccf6728b3689a8875141f7e927b457763903b064d442d792809772d6687a3d
ve2dm.Ani	102	0x00055863	1329	1317	1549	1537	100	737	1537	0	383664	0	-8	1473	87	1292	70a5cbe734d42d65bbd0bbbac7c2f456687d4ee85e3d864d09cfec1d9abf438e
ve2dm.Ani	103	0x00055D94	1292	1280	1473	1461	87	765	1461	0	386234	0	-8	1514	102	1281	4c51545cfc9688e9edafeafcd826c9eae7bf63a5065dceefd23380299f2074a3
ve2dm.Ani	104	0x000562A0	1281	1269	1514	1502	102	686	1502	0	386224	0	-8	1458	100	1249	2ce563389ce9a05a6c574ceb97179cdcd1136a93805c8d6ffa5f1f1244c1f9c2
ve2dm.Ani	105	0x000567A1	1249	1237	1458	1446	100	646	1446	0	387524	0	-8	1524	97	1312	55e13440d11aec9f1b204c078458321b8d9f6949ca921508218f44fbca971126
ve2dm.Ani	106	0x00056C82	1312	1300	1524	1512	97	736	1512	0	388812	0	-8	1534	98	1310	256c725b90201d9557ad6a4677f1c729ecb8b260d3e88bc3d71ed5011b1f4f18
ve2dm.Ani	107	0x000571A2	1310	1298	1534	1522	98	738	1522	0	391380	0	-8	1405	88	1214	2e1432cb905beff12f49f071329311b76a18ad4e29ebf399b2d44267e50dc49e
ve2dm.Ani	108	0x000576C0	1214	1202	1405	1393	88	689	1393	0	391380	0	-8	1590	125	1293	ba7601e62ef82272dd4975d9b6bd04e44bcbb4dd1330f16a4a20e47981bafc49
ve2dm.Ani	109	0x00057B7E	1293	1281	1590	1578	125	578	1578	0	391384	0	-8	1509	110	1264	1d0c36466f3e4209cf3dc57dbe7f09a77c9f2f5c42cc8ec1667ba846f92f4422
ve2dm.Ani	110	0x0005808B	1264	1252	1509	1497	110	617	1497	0	391388	0	-8	1471	104	1254	c847fd5deb9a2824133f6edf23021a6e78ac730d11bce3c1ac74ac4cdde8b117
ve2dm.Ani	111	0x0005857B	1254	1242	1471	1459	104	627	1459	0	392672	0	-8	1462	100	1254	8b3de303767cfc2297902fe751f35e064819e92b6a42e6884f5b9eec19c36ab3
ve2dm.Ani	112	0x00058A61	1254	1242	1462	1450	100	650	1450	0	392672	0	-8	1620	128	1311	0d07748c6c02be5433fc092a05010b079bc32fc024a38e872bf3e625eb743afd
ve2dm.Ani	113	0x00058F47	1311	1299	1620	1608	128	584	1608	0	392674	0	-8	1540	113	1283	b4116ca8850d48199c4ae928c2a1d1621004839ff280b977939da60166d763b7
ve2dm.Ani	114	0x00059466	1283	1271	1540	1528	113	624	1528	0	393930	0	-8	1517	105	1314	bf69880602791feac777f4f08ad96bc51c4516894d9f4ced1ad60d8400144743
ve2dm.Ani	115	0x00059969	1314	1302	1517	1505	105	665	1505	0	393964	0	-8	1406	88	1207	6e0316388cd0dc215a428daf6db12525fb5f594bf5ddb1d0423fbd4d00305422
ve2dm.Ani	116	0x00059E8B	1207	1195	1406	1394	88	690	1394	0	393964	0	-8	1450	89	1265	70d397e3d08faededa661ebde42f56d24a659277756f277c88c062c80aa0f2e1
ve2dm.Ani	117	0x0005A342	1265	1253	1450	1438	89	726	1438	0	395226	0	-8	1616	126	1345	6fe9197524f215897c7b863fc527c3dcb6712ac246ba7efa55e8e8cb7b832599
ve2dm.Ani	118	0x0005A833	1345	1333	1616	1604	126	596	1604	0	395230	0	-8	1536	107	1317	6ee41dde28b9ecadc8a3744b7dc014decedd0d5dcedbd8957688a3853190308c
ve2dm.Ani	119	0x0005AD74	1317	1305	1536	1524	107	668	1524	0	395232	0	-8	1463	92	1280	5fdf30e3e0951cdcc0c493bc53c6711906af993e76e655ba6bd5ca0c2c31f9e5
ve2dm.Ani	120	0x0005B299	1280	1268	1463	1451	92	715	1451	0	393958	0	-8	1420	92	1230	ba73afe1e9b97b8a0420acb30fe5e4d354a83f5bf6930316a49eb1dc77ce1d34
ve2dm.Ani	121	0x0005B799	1230	1218	1420	1408	92	672	1408	0	391406	0	-8	1463	94	1242	37036d3c2e4a2caedb779feed64197bd86cd964ae05cee81c0d21297b9a7a42b
ve2dm.Ani	122	0x0005BC67	1242	1230	1463	1451	94	699	1451	0	391408	0	-8	1726	154	1395	e2ae74b7b284a693119fc87a2130da10144b59beb4ea8002810295ed885b77d8
ve2dm.Ani	123	0x0005C141	1395	1383	1726	1714	154	482	1714	0	387574	0	-8	1422	86	1241	111414e55868f2b5717edb78e0f549aac1f26e22a7f999d2d0de720d260ab664
ve2dm.Ani	124	0x0005C6B4	1241	1229	1422	1410	86	722	1410	0	386314	0	-8	1395	80	1238	61e2719713ee504198f1604b27785844fe366d25398dc2621802fcf53c293a68
ve2dm.Ani	125	0x0005CB8D	1238	1226	1395	1383	80	743	1383	0	382468	0	-8	1514	106	1297	9be4bf52ddf31c3fc4cdb62d15d94f67b1c8ebcdecfadb996b3668f6bc062374
ve2dm.Ani	126	0x0005D063	1297	1285	1514	1502	106	654	1502	0	381188	0	-8	1527	108	1318	880c58110ddf6591133cf0b9c05d796ff1d94755340465c98b91a30f99f4185a
ve2dm.Ani	127	0x0005D574	1318	1306	1527	1515	108	651	1515	0	379918	0	-8	1421	79	1236	d4c699982521bb30ecc4713fae67938143c9467960822fea94c54b1cca45d243
ve2dm.Ani	128	0x0005DA9A	1236	1224	1421	1409	79	777	1409	0	378652	0	-8	1445	89	1264	cf8b5621098883662ceb6092dfaffce62d89aeeb69f8989d3930313934d6ab55
ve2dm.Ani	129	0x0005DF6E	1264	1252	1445	1433	89	721	1433	0	378644	0	-8	1557	106	1322	6dd82d1bbb8f1ab738f3d8ac574806febda51fd5eef01a08ff133df4d590d08b
ve2dm.Ani	130	0x0005E45E	1322	1310	1557	1545	106	697	1545	0	376102	0	-8	1506	104	1312	93875cf77578f6b522e44cb0d1487364b540b2d3024d5cc8619d6ef58da37c91
ve2dm.Ani	131	0x0005E988	1312	1300	1506	1494	104	662	1494	0	376118	0	-8	1412	89	1200	ed6f934f35bc2fc8272cea2d7d7b8a12c24ad10088e9b97ec1fda6b9663bac01
ve2dm.Ani	132	0x0005EEA8	1200	1188	1412	1400	89	688	1400	0	376118	0	-8	1222	90	985	6c41c1e1fd2d875d69e0d27fd77490bb730562468b5ed46cd2988ca8ae9dc432
ve2dm.Ani	133	0x0005F358	985	973	1222	1210	90	490	1210	0	374834	0	-8	1260	74	1130	68d2e8c65640da251146ac4079fa21bd1efdb8af922ae0afcdfe5f6b9b9bc158
ve2dm.Ani	134	0x0005F731	1130	1118	1260	1248	74	656	1248	0	374838	0	-8	1294	76	1190	577e80e30c5afeb48927ff2ca4c4be9605fb5a1e692df3e55942f6fe2d88cbad
ve2dm.Ani	135	0x0005FB9B	1190	1178	1294	1282	76	674	1282	0	374840	0	-8	1334	83	1233	c584900a215487cdf1cb0bdb140ce605fbb89e04648634f4ca14f2d86272c333
ve2dm.Ani	136	0x00060041	1233	1221	1334	1322	83	658	1322	0	376122	0	-8	6852	481	5560	7f483f035e1368c933c96cbebc29c2cb2756c794d9668530f162c5f47509b5ff
ve2dm.Ani	137	0x00060512	5560	5548	6852	6840	481	2992	6840	0	445272	0	-8	7647	603	6132	0ca29de3226a8dfc54cb8d436db0080842cfe9cf554919ee8f76285c167cc635
ve2dm.Ani	138	0x00061ACA	6132	6120	7647	7635	603	2811	7635	0	445272	0	-8	7021	485	5741	747d4486da91ccdc757911e873c2d684aad04f1222f181103a7ffb090f624420
ve2dm.Ani	139	0x000632BE	5741	5729	7021	7009	485	3129	7009	0	445272	0	-8	7369	552	5756	b48aa30485168eb439646c267951d44eaf741e012304d1b3ecfa9959d3bf271a
ve2dm.Ani	140	0x0006492B	5756	5744	7369	7357	552	2941	7357	0	445272	0	-8	7893	637	5855	ef644f0cf84f19ba1d03de9669f1937e77505c530a7783864d9a475e07dea168
ve2dm.Ani	141	0x00065FA7	5855	5843	7893	7881	637	2785	7881	0	445272	0	-8	7154	642	4813	654e97fa2d9cb5fd78d94a375208aa799aafb3ab1c45d8b9a3f85b36faa551b5
ve2dm.Ani	142	0x00067686	4813	4801	7154	7142	642	2006	7142	0	445270	0	-8	8063	725	5046	8f342e41811b0dcef4b6d05c2ce4ce5c5918382824b42b3e31f2fce81895331d
ve2dm.Ani	143	0x00068953	5046	5034	8063	8051	725	2251	8051	0	445272	0	-8	7032	641	4298	b6f80428dddb1ca7524d0eeb69b4b798307c86537ab05ee6a8aae0fb66b5283e
ve2dm.Ani	144	0x00069D09	4298	4286	7032	7020	641	1892	7020	0	445272	0	-8	7320	657	4367	42437b13170094032000d6a15986b99dfd195221d6dcd3fb9875382b4d1115a1
ve2dm.Ani	145	0x0006ADD3	4367	4355	7320	7308	657	2052	7308	0	445270	0	-8	7353	675	4001	5c53bf944629f4772a29eee50baf502f40826bc7c62a196485377ff748e5d03e
ve2dm.Ani	146	0x0006BEE2	4001	3989	7353	7341	675	1941	7341	0	445272	0	-8	12	0	12	7bd60ac23cf80493efc2fafdaaab81bba707f1348392a6236a9afd63641f4a0e
ve2dm.Ani	147	0x0006CE83	12	0	12	0	0	0	0	0	0	skipped_when_size_minus_12_is_zero	unsafe_12_byte_metadata_plus_stale_scratch_tail	12	0	12	e3b0c44298fc1c149afbf4c8996fb92427ae41e4649b934ca495991b7852b855
ve2dm.Ani	148	0x0006CE8F	12	0	12	0	0	0	0	0	0	skipped_when_size_minus_12_is_zero	unsafe_12_byte_metadata_plus_stale_scratch_tail	12	0	12	e3b0c44298fc1c149afbf4c8996fb92427ae41e4649b934ca495991b7852b855
ve2dm.Ani	149	0x0006CE9B	12	0	12	0	0	0	0	0	0	skipped_when_size_minus_12_is_zero	unsafe_12_byte_metadata_plus_stale_scratch_tail	12	0	12	e3b0c44298fc1c149afbf4c8996fb92427ae41e4649b934ca495991b7852b855
ve2dm.Ani	150	0x0006CEA7	12	0	12	0	0	0	0	0	0	skipped_when_size_minus_12_is_zero	unsafe_12_byte_metadata_plus_stale_scratch_tail	12	0	12	e3b0c44298fc1c149afbf4c8996fb92427ae41e4649b934ca495991b7852b855
ve2dm.Ani	151	0x0006CEB3	12	0	12	0	0	0	0	0	0	skipped_when_size_minus_12_is_zero	unsafe_12_byte_metadata_plus_stale_scratch_tail	12	0	12	e3b0c44298fc1c149afbf4c8996fb92427ae41e4649b934ca495991b7852b855
ve2dm.Ani	152	0x0006CEBF	12	0	12	0	0	0	0	0	0	skipped_when_size_minus_12_is_zero	unsafe_12_byte_metadata_plus_stale_scratch_tail	12	0	12	e3b0c44298fc1c149afbf4c8996fb92427ae41e4649b934ca495991b7852b855
ve2dm.Ani	153	0x0006CECB	12	0	12	0	0	0	0	0	0	skipped_when_size_minus_12_is_zero	unsafe_12_byte_metadata_plus_stale_scratch_tail	12	0	12	e3b0c44298fc1c149afbf4c8996fb92427ae41e4649b934ca495991b7852b855
ve2dm.Ani	154	0x0006CED7	12	0	12	0	0	0	0	0	0	skipped_when_size_minus_12_is_zero	unsafe_12_byte_metadata_plus_stale_scratch_tail	12	0	12	e3b0c44298fc1c149afbf4c8996fb92427ae41e4649b934ca495991b7852b855
ve2dm.Ani	155	0x0006CEE3	12	0	12	0	0	0	0	0	0	skipped_when_size_minus_12_is_zero	unsafe_12_byte_metadata_plus_stale_scratch_tail	4294967295	3740247535	2497111964	e3b0c44298fc1c149afbf4c8996fb92427ae41e4649b934ca495991b7852b855
