audit_order	address	navigation_name	entry_family	candidate_confidence_navigation	direct_callers_navigation	direct_callees_navigation	prior_review_navigation	closure_status	closure_evidence	closure_rule
1	0x00433AA0	sub_433AA0	transferred_action_and_asset_helpers	confirmed_boundary	0x0045FC60:3		manual_reviewed_current_assembly	platform_adapted	evidence/battle-image-point-query-00433aa0.md	ownership and call-graph fields are navigation only; close from full LST body and external chunks
2	0x00433C40	sub_433C40	transferred_action_and_asset_helpers	confirmed_boundary		0x00433E20:1;0x00433E90:1;0x004342E0:1;0x00489654:1	manual_reviewed_current_assembly	platform_adapted	evidence/battle-render-geometry-initialization-00433c40.md	ownership and call-graph fields are navigation only; close from full LST body and external chunks
3	0x00433D70	sub_433D70	transferred_action_and_asset_helpers	confirmed_boundary	0x0045B630:1;0x0045EA30:1	0x00433F00:1;0x004885A0:2	manual_reviewed_current_assembly	platform_adapted	evidence/battle-render-resource-cleanup-00433d70.md	ownership and call-graph fields are navigation only; close from full LST body and external chunks
4	0x00433DC0	sub_433DC0	transferred_action_and_asset_helpers	confirmed_boundary	0x00451B10:1	0x00433E20:1;0x00433E90:1;0x004342E0:1;0x00437E90:1	manual_reviewed_current_assembly	platform_adapted	evidence/battle-render-surface-rebuild-00433dc0-00437e90.md	ownership and call-graph fields are navigation only; close from full LST body and external chunks
5	0x00433E20	sub_433E20	transferred_action_and_asset_helpers	confirmed_boundary	0x00433C40:1;0x00433DC0:1	0x00487C10:1;0x004885A0:1	manual_reviewed_current_assembly	platform_adapted	evidence/battle-primary-row-offsets-00433e20.md	ownership and call-graph fields are navigation only; close from full LST body and external chunks
6	0x00433E90	sub_433E90	transferred_action_and_asset_helpers	confirmed_boundary	0x00433C40:1;0x00433DC0:1;0x00433F30:1	0x00487C10:1;0x004885A0:1	manual_reviewed_current_assembly	platform_adapted	evidence/battle-surface-row-offsets-00433e90.md	ownership and call-graph fields are navigation only; close from full LST body and external chunks
7	0x00433F00	sub_433F00	transferred_action_and_asset_helpers	confirmed_boundary	0x00433D70:1	0x004885A0:1	manual_reviewed_current_assembly	platform_adapted	evidence/battle-render-auxiliary-buffer-release-00433f00.md	ownership and call-graph fields are navigation only; close from full LST body and external chunks
8	0x00433F30	sub_433F30	transferred_action_and_asset_helpers	confirmed_boundary	0x004710D0:1;0x00479850:3;0x00484020:1	0x00433E90:1;0x004342E0:1	manual_reviewed_current_assembly	assembly_exact	evidence/battle-host-surface-setup-00433f30.md	ownership and call-graph fields are navigation only; close from full LST body and external chunks
9	0x00433F70	sub_433F70	transferred_action_and_asset_helpers	confirmed_boundary	0x00451420:1;0x004515E0:1;0x00451940:1;0x00453580:2	0x00487C10:4;0x004885A0:4	manual_reviewed_current_assembly	platform_adapted	evidence/battle-literal-image-cyclic-rotation-00433f70.md	ownership and call-graph fields are navigation only; close from full LST body and external chunks
10	0x004342E0	sub_4342E0	transferred_action_and_asset_helpers	confirmed_boundary	0x00433C40:1;0x00433DC0:1;0x00433F30:1		manual_reviewed_current_assembly	assembly_exact	evidence/battle-render-rectangle-004342e0.md	ownership and call-graph fields are navigation only; close from full LST body and external chunks
11	0x00434350	sub_434350	transferred_action_and_asset_helpers	confirmed_boundary	0x00434790:1;0x0045D810:1;0x004717F0:1;0x00471AD0:1;0x00471FC0:1;0x0047F940:1;0x0047FC40:1;0x00482310:1;0x00482840:1		manual_reviewed_current_assembly	assembly_exact	evidence/battle-line-raster-step-00434350.md	ownership and call-graph fields are navigation only; close from full LST body and external chunks
12	0x00434420	sub_434420	transferred_action_and_asset_helpers	confirmed_boundary	0x004344E0:2		manual_reviewed_current_assembly	platform_adapted	evidence/battle-direction-vector-raster-step-00434420.md	ownership and call-graph fields are navigation only; close from full LST body and external chunks
13	0x004344E0	sub_4344E0	transferred_action_and_asset_helpers	confirmed_boundary	0x00479850:1	0x004207E0:1;0x00434420:2	manual_reviewed_current_assembly	platform_adapted	evidence/battle-directional-surface-scan-004344e0.md	ownership and call-graph fields are navigation only; close from full LST body and external chunks
14	0x00434790	sub_434790	transferred_action_and_asset_helpers	confirmed_boundary	0x00471270:1;0x00479850:1;0x004841B0:1	0x004207E0:6;0x00434350:1;0x00434DD0:1;0x004885A0:2;0x00489B10:1;0x00489B20:1;0x00489B70:1	manual_reviewed_current_assembly	platform_adapted	evidence/battle-image-particle-frame-00434790.md	ownership and call-graph fields are navigation only; close from full LST body and external chunks
15	0x00434DD0	sub_434DD0	transferred_action_and_asset_helpers	confirmed_boundary	0x00434790:1	0x00487C10:2;0x00489654:1;0x00489B20:10	manual_reviewed_current_assembly	platform_adapted	evidence/battle-image-particle-spawn-00434dd0.md	ownership and call-graph fields are navigation only; close from full LST body and external chunks
16	0x0044FFC0	sub_44FFC0	battle_record_leaves	confirmed_boundary	0x00451B10:1		manual_reviewed_current_assembly	assembly_exact	evidence/battle-action-threshold-0044ffc0.md	ownership and call-graph fields are navigation only; close from full LST body and external chunks
17	0x0044FFE0	sub_44FFE0	battle_record_leaves	confirmed_boundary	0x00466C00:2	0x004170E0:8;0x004315D0:9;0x00450A50:1	manual_reviewed_current_assembly	platform_adapted	evidence/battle-border-panel-0044ffe0.md	ownership and call-graph fields are navigation only; close from full LST body and external chunks
18	0x00450270	sub_450270	setup_frame_input_and_resolution	confirmed_boundary	0x004527E0:2;0x00453200:1	0x004170E0:1;0x004315D0:1	manual_reviewed_current_assembly	platform_adapted	evidence/battle-frame-zero-draw-00450270.md	ownership and call-graph fields are navigation only; close from full LST body and external chunks
19	0x004502B0	sub_4502B0	setup_frame_input_and_resolution	confirmed_boundary	0x00459D10:1	0x00417050:1;0x004170E0:2;0x004315D0:1;0x004321E0:1	manual_reviewed_current_assembly	platform_adapted	evidence/battle-action-frame-draw-004502b0.md	ownership and call-graph fields are navigation only; close from full LST body and external chunks
20	0x00450400	sub_450400	setup_frame_input_and_resolution	confirmed_boundary	0x00459D10:1	0x004170E0:1;0x004315D0:1;0x004321E0:1	manual_reviewed_current_assembly	platform_adapted	evidence/battle-indexed-action-frame-draw-00450400.md	ownership and call-graph fields are navigation only; close from full LST body and external chunks
21	0x00450490	sub_450490	setup_frame_input_and_resolution	confirmed_boundary	0x00459D10:1	0x004170E0:1;0x004315D0:1	manual_reviewed_current_assembly	platform_adapted	evidence/battle-explicit-width-frame-draw-00450490.md	ownership and call-graph fields are navigation only; close from full LST body and external chunks
22	0x004504E0	sub_4504E0	setup_frame_input_and_resolution	confirmed_boundary	0x00459D10:3;0x004655B0:1	0x004170E0:1;0x004315D0:1	manual_reviewed_current_assembly	platform_adapted	evidence/battle-selected-resource-frame-draw-004504e0.md	ownership and call-graph fields are navigation only; close from full LST body and external chunks
23	0x00450530	sub_450530	setup_frame_input_and_resolution	confirmed_boundary	0x00459D10:4	0x004170E0:2;0x004315D0:2	manual_reviewed_current_assembly	platform_adapted	evidence/battle-layered-resource-frame-draw-00450530.md	ownership and call-graph fields are navigation only; close from full LST body and external chunks
24	0x004505B0	sub_4505B0	setup_frame_input_and_resolution	confirmed_boundary	0x00459D10:8	0x004170E0:2;0x004315D0:2	manual_reviewed_current_assembly	platform_adapted	evidence/battle-layered-frame-two-draw-004505b0.md	ownership and call-graph fields are navigation only; close from full LST body and external chunks
25	0x00450630	sub_450630	setup_frame_input_and_resolution	confirmed_boundary	0x00459D10:1	0x004170E0:2;0x004315D0:2	manual_reviewed_current_assembly	platform_adapted	evidence/battle-layered-low-word-width-00450630.md	ownership and call-graph fields are navigation only; close from full LST body and external chunks
26	0x004506B0	sub_4506B0	setup_frame_input_and_resolution	confirmed_boundary	0x00459D10:3	0x004170E0:1;0x004315D0:1	manual_reviewed_current_assembly	platform_adapted	evidence/battle-decimal-frame-draw-004506b0.md	ownership and call-graph fields are navigation only; close from full LST body and external chunks
27	0x004507A0	sub_4507A0	setup_frame_input_and_resolution	confirmed_boundary	0x00478B60:1;0x0047C1F0:8	0x00450900:10	manual_reviewed_current_assembly	platform_adapted	evidence/battle-ten-place-decimal-coordinator-004507a0.md	ownership and call-graph fields are navigation only; close from full LST body and external chunks
28	0x00450900	sub_450900	setup_frame_input_and_resolution	confirmed_boundary	0x004507A0:10	0x004170E0:1;0x004315D0:1	manual_reviewed_current_assembly	platform_adapted	evidence/battle-decimal-place-draw-00450900.md	ownership and call-graph fields are navigation only; close from full LST body and external chunks
29	0x004509D0	sub_4509D0	setup_frame_input_and_resolution	confirmed_boundary	0x00464270:3	0x004170E0:1;0x004315D0:1;0x004321E0:1	manual_reviewed_current_assembly	platform_adapted	evidence/battle-prepared-action-frame-draw-004509d0.md	ownership and call-graph fields are navigation only; close from full LST body and external chunks
30	0x00450A50	sub_450A50	setup_frame_input_and_resolution	confirmed_boundary	0x0044FFE0:1;0x00459D10:1;0x00466950:2;0x00469650:1;0x00469960:7	0x004170E0:1	manual_reviewed_current_assembly	platform_adapted	evidence/battle-color-vertical-fade-00450a50.md	ownership and call-graph fields are navigation only; close from full LST body and external chunks
31	0x00450A80	sub_450A80	setup_frame_input_and_resolution	confirmed_boundary	0x0045E660:6;0x00465480:2;0x004659C0:2	0x004170E0:1;0x004315D0:1;0x004321E0:1	manual_reviewed_current_assembly	platform_adapted	evidence/battle-offset-action-frame-draw-00450a80.md	ownership and call-graph fields are navigation only; close from full LST body and external chunks
32	0x00450B40	sub_450B40	setup_frame_input_and_resolution	confirmed_boundary	0x004539B0:2		manual_reviewed_current_assembly	assembly_exact	evidence/battle-action-record-clear-00450b40.md	ownership and call-graph fields are navigation only; close from full LST body and external chunks
33	0x00450B60	sub_450B60	setup_frame_input_and_resolution	confirmed_boundary	0x00453200:1	0x004170E0:1;0x004315D0:1;0x004321E0:1	manual_reviewed_current_assembly	platform_adapted	evidence/battle-standalone-action-frame-draw-00450b60.md	ownership and call-graph fields are navigation only; close from full LST body and external chunks
34	0x00450BD0	sub_450BD0	setup_frame_input_and_resolution	confirmed_boundary	0x0047CF20:8	0x004170E0:1;0x004315D0:1	manual_reviewed_current_assembly	platform_adapted	evidence/battle-selected-cached-frame-draw-00450bd0.md	ownership and call-graph fields are navigation only; close from full LST body and external chunks
35	0x00450C50	sub_450C50	setup_frame_input_and_resolution	confirmed_boundary	0x00464270:3	0x00416FF0:2;0x004170E0:4;0x004315D0:4;0x004321E0:4;0x00489654:1	manual_reviewed_current_assembly	platform_adapted	evidence/battle-vertical-status-panel-00450c50.md	ownership and call-graph fields are navigation only; close from full LST body and external chunks
36	0x00450F90	sub_450F90	setup_frame_input_and_resolution	confirmed_boundary	0x004539B0:1	0x004170E0:1;0x004315D0:1;0x004321E0:1;0x00439070:1;0x00485670:1	manual_reviewed_current_assembly	platform_adapted	evidence/battle-status-indicator-animation-00450f90.md	ownership and call-graph fields are navigation only; close from full LST body and external chunks
37	0x00451100	sub_451100	setup_frame_input_and_resolution	confirmed_boundary	0x004539B0:1	0x00416FF0:3;0x004170E0:3;0x004315D0:3	manual_reviewed_current_assembly	platform_adapted	evidence/battle-scale-scan-animation-00451100.md	ownership and call-graph fields are navigation only; close from full LST body and external chunks
38	0x004512B0	sub_4512B0	setup_frame_input_and_resolution	confirmed_boundary	0x00464270:1	0x00416FF0:2;0x004170E0:4;0x004315D0:5	manual_reviewed_current_assembly	platform_adapted	evidence/battle-scale-fill-panel-004512b0.md	ownership and call-graph fields are navigation only; close from full LST body and external chunks
39	0x00451420	sub_451420	setup_frame_input_and_resolution	confirmed_boundary	0x00451940:1	0x00431760:1;0x004321E0:2;0x00433F70:1	manual_reviewed_current_assembly	platform_adapted	evidence/battle-action-rotation-cache-00451420.md	ownership and call-graph fields are navigation only; close from full LST body and external chunks
40	0x00451540	sub_451540	setup_frame_input_and_resolution	confirmed_boundary	0x00453580:1	0x004170E0:1;0x004321E0:1	manual_reviewed_current_assembly	platform_adapted	evidence/battle-action-rotation-frame-draw-00451540.md	ownership and call-graph fields are navigation only; close from full LST body and external chunks
41	0x004515E0	sub_4515E0	setup_frame_input_and_resolution	confirmed_boundary	0x00453580:2	0x004170E0:1;0x004321E0:2;0x00433F70:1	manual_reviewed_current_assembly	platform_adapted	evidence/battle-action-rotation-playback-004515e0.md	ownership and call-graph fields are navigation only; close from full LST body and external chunks
42	0x00451730	sub_451730	setup_frame_input_and_resolution	medium	0x00451940:1;0x0045B630:1	0x004885A0:2	mechanical_candidate_not_manually_reviewed	platform_adapted	evidence/battle-action-rotation-cache-release-00451730.md	ownership and call-graph fields are navigation only; close from full LST body and external chunks
43	0x004517A0	sub_4517A0	setup_frame_input_and_resolution	medium		0x004517B0:1;0x00487BA0:1	mechanical_candidate_not_manually_reviewed	platform_adapted	evidence/battle-actor-group-a-static-lifecycle-004517a0.md	ownership and call-graph fields are navigation only; close from full LST body and external chunks
44	0x004517B0	sub_4517B0	setup_frame_input_and_resolution	medium	0x004517A0:1	0x0048A4C0:1	mechanical_candidate_not_manually_reviewed	platform_adapted	evidence/battle-actor-group-a-vector-construction-004517b0.md	ownership and call-graph fields are navigation only; close from full LST body and external chunks
45	0x004517E0	sub_4517E0	setup_frame_input_and_resolution	medium		0x0048A560:1	mechanical_candidate_not_manually_reviewed	platform_adapted	evidence/battle-actor-group-a-vector-destruction-004517e0.md	ownership and call-graph fields are navigation only; close from full LST body and external chunks
46	0x00451800	sub_451800	setup_frame_input_and_resolution	medium		0x00451810:1;0x00487BA0:1	mechanical_candidate_not_manually_reviewed	platform_adapted	evidence/battle-actor-group-b-static-lifecycle-00451800.md	ownership and call-graph fields are navigation only; close from full LST body and external chunks
47	0x00451810	sub_451810	setup_frame_input_and_resolution	medium	0x00451800:1	0x0048A4C0:1	mechanical_candidate_not_manually_reviewed	platform_adapted	evidence/battle-actor-group-b-vector-construction-00451810.md	ownership and call-graph fields are navigation only; close from full LST body and external chunks
48	0x00451840	sub_451840	setup_frame_input_and_resolution	medium		0x0048A560:1	mechanical_candidate_not_manually_reviewed	platform_adapted	evidence/battle-actor-group-b-vector-destruction-00451840.md	ownership and call-graph fields are navigation only; close from full LST body and external chunks
49	0x00451860	sub_451860	setup_frame_input_and_resolution	medium		0x00451870:1;0x00487BA0:1	mechanical_candidate_not_manually_reviewed	platform_adapted	evidence/battle-actor-singleton-static-lifecycle-00451860.md	ownership and call-graph fields are navigation only; close from full LST body and external chunks
50	0x004518A0	sub_4518A0	setup_frame_input_and_resolution	medium		0x004518B0:1;0x00487BA0:1	mechanical_candidate_not_manually_reviewed	platform_adapted	evidence/battle-render-geometry-static-lifecycle-004518a0.md	ownership and call-graph fields are navigation only; close from full LST body and external chunks
51	0x004518E0	sub_4518E0	setup_frame_input_and_resolution	medium			mechanical_candidate_not_manually_reviewed	platform_adapted	evidence/battle-render-geometry-binding-static-thunk-004518e0.md	ownership and call-graph fields are navigation only; close from full LST body and external chunks
52	0x004518F0	sub_4518F0	setup_frame_input_and_resolution	medium		0x0045F0F0:1	mechanical_candidate_not_manually_reviewed	platform_adapted	evidence/battle-render-geometry-binding-initialization-004518f0.md	ownership and call-graph fields are navigation only; close from full LST body and external chunks
53	0x00451900	sub_451900	setup_frame_input_and_resolution	medium		0x00451910:1;0x00487BA0:1	mechanical_candidate_not_manually_reviewed	platform_adapted	evidence/battle-file-static-lifecycle-00451900.md	ownership and call-graph fields are navigation only; close from full LST body and external chunks
54	0x00451940	sub_451940	setup_frame_input_and_resolution	confirmed_boundary	0x00451B10:1;0x00469D20:2	0x00401C70:1;0x00433320:1;0x00433F70:1;0x00451420:1;0x00451730:1;0x004885A0:1	manual_reviewed_current_assembly	platform_adapted	evidence/battle-background-initialization-00451940.md	ownership and call-graph fields are navigation only; close from full LST body and external chunks
55	0x00451A20	sub_451A20	setup_frame_input_and_resolution	confirmed_boundary	0x004070A0:1;0x0040E0B0:1	0x004776F0:3;0x00478110:1;0x0047D350:2	manual_reviewed_current_assembly	platform_adapted	evidence/battle-object-reset-00451a20.md	ownership and call-graph fields are navigation only; close from full LST body and external chunks
56	0x00451B10	sub_451B10	setup_frame_input_and_resolution	confirmed_boundary	0x00402F80:1;0x0040A570:1;0x00469D20:1	0x0040DC00:1;0x0040DC50:6;0x00411F90:1;0x004239D0:2;0x00433DC0:1;0x00435650:1;0x00437430:1;0x00439070:3;0x0044FFC0:1;0x00451940:1;0x00451A90:1;0x00451AE0:1;0x0045B0E0:1;0x0045B190:1;0x0045B5A0:1;0x0045D250:1;0x0045D2A0:1;0x0045F130:1;0x0045F1B0:1;0x0046E0B0:1;0x0046E730:1;0x0046E850:1;0x0046E870:1;0x0046E9C0:2;0x0046EBB0:1;0x004755E0:1;0x00475720:1;0x00478380:1;0x00478670:2;0x0047CE80:1;0x0047D350:2;0x0047D870:1;0x0047DAC0:2;0x0047F900:4;0x00483870:1;0x004838A0:1;0x00483FE0:1;0x00484500:1;0x00485710:1;0x00489654:3	manual_reviewed_current_assembly	platform_adapted	evidence/battle-startup-coordinator-00451b10.md	ownership and call-graph fields are navigation only; close from full LST body and external chunks
57	0x004527E0	sub_4527E0	setup_frame_input_and_resolution	confirmed_boundary	0x00469D20:1	0x004014F0:2;0x00416F10:5;0x00416F60:5;0x00416FF0:2;0x004170E0:2;0x00422C70:5;0x00437DF0:5;0x00439070:4;0x00450270:2;0x004530A0:1;0x00453580:2;0x00459D10:2;0x0045B190:2;0x0045B5E0:2;0x0045EDF0:1;0x004698E0:1;0x0046E520:1;0x00478370:1;0x00478850:2;0x0047CE80:2;0x00483FF0:2;0x00485610:1;0x004856C0:1;0x00485830:1;0x00485850:1;0x00487C10:2;0x004885A0:4;0x00489654:2	manual_reviewed_current_assembly	platform_adapted	evidence/battle-visual-transition-004527e0.md	ownership and call-graph fields are navigation only; close from full LST body and external chunks
58	0x004530A0	sub_4530A0	setup_frame_input_and_resolution	medium	0x004527E0:1	0x00437B60:1;0x00437DF0:1;0x00439070:2	mechanical_candidate_not_manually_reviewed	platform_adapted	evidence/battle-surface-blend-004530a0.md	ownership and call-graph fields are navigation only; close from full LST body and external chunks
59	0x00453200	sub_453200	setup_frame_input_and_resolution	confirmed_boundary	0x00469D20:33	0x0040DC50:1;0x00414CE0:1;0x00414E50:1;0x00416F10:1;0x00416F60:1;0x0042E850:1;0x0042ED40:1;0x004303D0:1;0x004308C0:2;0x004321E0:1;0x00437DF0:1;0x00450270:1;0x00450B60:1;0x00453580:1;0x00459D10:1;0x0045B0E0:1;0x0045B190:1;0x0045B280:1;0x0045B5E0:1;0x0045C010:1;0x0045D2F0:1;0x0045D3E0:1;0x0045D490:1;0x0045D8F0:1;0x0045DEE0:1;0x0045E580:1;0x0045E660:1;0x0045E7D0:1;0x0045EB40:1;0x0045EC80:1;0x0045F020:1;0x0045F2A0:1;0x0045FC60:1;0x00464270:1;0x00466F70:1;0x00469650:1;0x00469960:1;0x004787C0:1;0x004856C0:1;0x00485830:1;0x00485850:1	manual_reviewed_existing_assembly_evidence	platform_adapted	evidence/battle-frame-coordinator-00453200.md	ownership and call-graph fields are navigation only; close from full LST body and external chunks
60	0x00453580	sub_453580	setup_frame_input_and_resolution	medium	0x004527E0:2;0x00453200:1	0x00416FF0:4;0x004170E0:6;0x00420490:1;0x00420560:1;0x00420600:1;0x004206F0:1;0x00433F70:2;0x00451540:1;0x004515E0:2	mechanical_candidate_not_manually_reviewed	platform_adapted	evidence/battle-frame-effect-00453580.md	ownership and call-graph fields are navigation only; close from full LST body and external chunks
61	0x004539B0	sub_4539B0	setup_frame_input_and_resolution	medium	0x00456680:1	0x0040DC50:1;0x0040DCB0:2;0x00430B60:1;0x00430C60:1;0x00430CF0:1;0x00450B40:2;0x00450F90:1;0x00451100:1;0x0045AF90:4;0x0045B0E0:1;0x0045B190:1;0x0045D180:2;0x0045D690:2;0x0045EA80:1;0x0045EDF0:1;0x0045EFB0:4;0x004698E0:5;0x0046E890:1;0x0046F8C0:3;0x004707B0:1;0x00470E20:2;0x004710D0:1;0x00471270:1;0x004717F0:1;0x00471AD0:1;0x00471D60:1;0x004721F0:1;0x00472430:1;0x004724D0:1;0x00472710:1;0x00472730:1;0x004728E0:1;0x00472CE0:6;0x00473010:1;0x004731A0:1;0x004735B0:1;0x00473C10:1;0x004745B0:2;0x00474B60:1;0x00474BA0:1;0x00474E60:1;0x004751C0:1;0x00476160:1;0x00476250:1;0x00476DB0:1;0x00477710:1;0x00477800:1;0x00478220:1;0x004783B0:1;0x004786B0:1;0x004786C0:1;0x004786E0:2;0x004786F0:1;0x00478710:11;0x00478780:3;0x004787D0:1;0x004787F0:3;0x00478850:1;0x00478A70:1;0x00478AE0:2;0x00478B30:1;0x00479850:1;0x0047C680:2;0x0047C6B0:1;0x0047C950:1;0x0047CC40:2;0x0047CE80:6;0x0047CEC0:6;0x0047CF00:1;0x0047D350:1;0x0047D640:6;0x0047D810:6;0x0047D830:7;0x0047D860:1;0x0047D870:3;0x0047D8E0:1;0x0047D930:1;0x0047DAB0:1;0x0047DBD0:1;0x0047E070:2;0x0047F150:13;0x0047F380:1;0x0047F900:3;0x0047F910:3;0x00480AD0:1;0x00481010:5;0x00482310:2;0x00482840:2;0x00482DA0:3;0x00482E90:2;0x00482F10:6;0x004830A0:2;0x00485610:6;0x00489D00:2;0x00489E90:1	mechanical_candidate_not_manually_reviewed	platform_adapted	evidence/battle-action-dispatch-004539b0.md	ownership and call-graph fields are navigation only; close from full LST body and external chunks
62	0x00455D60	sub_455D60	setup_frame_input_and_resolution	medium	0x004576A0:1	0x00430C60:1;0x00430CF0:1;0x0045AF90:1;0x0045B0E0:2;0x0045B190:2;0x0045B5A0:2;0x0045D690:1;0x0045EFB0:2;0x00475720:1;0x004758A0:2;0x004763D0:1;0x00476900:1;0x00476DB0:1;0x00478220:1;0x004786B0:1;0x00478710:2;0x004787F0:2;0x00479850:1;0x0047C680:1;0x0047C6B0:1;0x0047C950:1;0x0047CE80:1;0x0047D350:1;0x0047D810:2;0x0047D830:1;0x0047D860:3;0x0047D870:4;0x0047D8E0:1;0x0047F150:2;0x0047F3C0:1;0x0047F900:1;0x00482310:1;0x00482840:1;0x00484020:1;0x004841B0:1;0x00489D00:2;0x00489E90:1	mechanical_candidate_not_manually_reviewed	platform_adapted	evidence/battle-opponent-action-dispatch-00455d60.md	ownership and call-graph fields are navigation only; close from full LST body and external chunks
63	0x00456680	sub_456680	setup_frame_input_and_resolution	medium	0x0045B5E0:1	0x00439070:1;0x004539B0:1;0x0045AA00:1;0x0045ADF0:1;0x0045EE70:1;0x00464CC0:1;0x004698E0:3;0x0046E520:1;0x0046EE60:1;0x0046FFF0:2;0x00470820:1;0x004708C0:1;0x004714B0:1;0x00471540:2;0x00478330:6;0x00478690:2;0x004786A0:4;0x004786D0:1;0x004786E0:4;0x00478710:3;0x00478850:4;0x00478A70:5;0x00478AA0:3;0x00478AC0:2;0x00478AE0:4;0x00478B20:2;0x00478B30:1;0x00478B40:3;0x00478B60:1;0x0047C660:5;0x0047C670:1;0x0047C690:1;0x0047CC50:3;0x0047CE80:13;0x0047CEA0:1;0x0047D880:1;0x0047D8D0:1;0x0047DAD0:1;0x0047E950:1;0x0047F920:2;0x00480220:1;0x00480AD0:1;0x00483820:1;0x00483FD0:2;0x00483FF0:1;0x00485610:2	mechanical_candidate_not_manually_reviewed	platform_adapted	evidence/battle-group-a-frame-00456680.md	ownership and call-graph fields are navigation only; close from full LST body and external chunks
64	0x004576A0	sub_4576A0	setup_frame_input_and_resolution	medium	0x0045B5E0:1	0x00439070:3;0x00455D60:1;0x004599B0:1;0x0045AA00:1;0x0045D180:2;0x0045EDF0:1;0x004698E0:2;0x004750C0:1;0x004755E0:1;0x00476080:1;0x00476140:1;0x004761D0:1;0x00476330:1;0x00478370:2;0x00478690:1;0x004786A0:3;0x004786D0:1;0x004786E0:2;0x00478710:3;0x00478780:1;0x004787D0:1;0x00478850:5;0x00478A70:6;0x00478AC0:2;0x00478AE0:3;0x00478B20:1;0x00478B30:1;0x00478B40:1;0x00478B50:1;0x00478B60:1;0x0047C660:1;0x0047C690:1;0x0047CE80:15;0x0047CEC0:1;0x0047D640:1;0x0047D860:1;0x0047D880:2;0x0047D8D0:2;0x0047D930:1;0x0047DAD0:1;0x0047F150:1;0x0047F360:1;0x0047F920:3;0x00480220:1;0x00483820:1;0x00483FF0:1	mechanical_candidate_not_manually_reviewed	platform_adapted	evidence/battle-group-b-frame-004576a0.md	ownership and call-graph fields are navigation only; close from full LST body and external chunks
65	0x004582B0	sub_4582B0	setup_frame_input_and_resolution	medium	0x0045C010:8	0x004170E0:2;0x00430D10:4;0x00430D50:2;0x00430D80:2;0x00430EB0:2;0x00430FF0:2;0x00431760:2;0x004321E0:2;0x00439070:2;0x00459BF0:1;0x0045AF90:1;0x0045BD90:1;0x0045D3E0:1;0x0045D810:2;0x004783B0:5;0x00478400:1;0x00478470:1;0x00478780:2;0x004787D0:2;0x0047CEC0:3;0x0047CF00:2;0x0047D640:3;0x0047D8F0:1;0x00480AD0:1;0x00481010:1;0x00481A40:1;0x00481FD0:1;0x00482080:3;0x00483840:2;0x00485610:4;0x00485650:2;0x004885A0:4	mechanical_candidate_not_manually_reviewed	platform_adapted	evidence/battle-effect-frame-004582b0.md	ownership and call-graph fields are navigation only; close from full LST body and external chunks
66	0x00458DE0	sub_458DE0	setup_frame_input_and_resolution	medium	0x0045C010:5	0x004170E0:2;0x00431760:2;0x004321E0:2;0x0045AF90:1;0x0045BD90:2;0x0045D3E0:1;0x0045D810:1;0x004783B0:1;0x00478400:1;0x00478470:1;0x00478780:6;0x004787D0:6;0x0047CE80:4;0x0047CEA0:1;0x0047CEC0:9;0x0047CF00:6;0x0047D640:9;0x0047F150:1;0x00481010:3;0x00481A40:2;0x00482080:3;0x00483840:1;0x00485610:2;0x004885A0:4	mechanical_candidate_not_manually_reviewed	platform_adapted	evidence/battle-group-effect-frame-00458de0.md	ownership and call-graph fields are navigation only; close from full LST body and external chunks
67	0x004599B0	sub_4599B0	setup_frame_input_and_resolution	medium	0x004576A0:1	0x004170E0:1;0x00431760:1;0x004321E0:1;0x004783B0:1;0x00478400:1;0x00478470:1;0x00485610:1;0x00485650:1;0x004885A0:2	mechanical_candidate_not_manually_reviewed	platform_adapted	evidence/battle-single-effect-frame-004599b0.md	ownership and call-graph fields are navigation only; close from full LST body and external chunks
68	0x00459BF0	sub_459BF0	setup_frame_input_and_resolution	medium	0x004582B0:1	0x004170E0:1;0x004315D0:1;0x004321E0:1;0x004783B0:1	mechanical_candidate_not_manually_reviewed	platform_adapted	evidence/battle-intensity-effect-frame-00459bf0.md	ownership and call-graph fields are navigation only; close from full LST body and external chunks
69	0x00459D10	sub_459D10	setup_frame_input_and_resolution	medium	0x004527E0:2;0x00453200:1	0x004239D0:1;0x00435660:1;0x00435670:1;0x00436AD0:4;0x0043B110:2;0x004502B0:1;0x00450400:1;0x00450490:1;0x004504E0:3;0x00450530:4;0x004505B0:8;0x00450630:1;0x004506B0:3;0x00450A50:1;0x00469550:2;0x00478340:2;0x0047CE80:4;0x0047D930:1;0x0047E7F0:1;0x00480AD0:1;0x00483870:1;0x004838A0:1;0x00484500:2;0x00489654:4	mechanical_candidate_not_manually_reviewed	platform_adapted	evidence/battle-hud-frame-00459d10.md	ownership and call-graph fields are navigation only; close from full LST body and external chunks
70	0x0045A980	sub_45A980	setup_frame_input_and_resolution	medium	0x0045EB40:2	0x0047C1F0:1	mechanical_candidate_not_manually_reviewed	platform_adapted	evidence/battle-actor-ready-0045a980.md	ownership and call-graph fields are navigation only; close from full LST body and external chunks
71	0x0045AA00	sub_45AA00	setup_frame_input_and_resolution	medium	0x00456680:1;0x004576A0:1	0x0045B0E0:2;0x0045B190:2;0x0045B5A0:2;0x0045EFB0:2;0x004750C0:1;0x00475870:1;0x00477710:1;0x00478330:1;0x00479850:2;0x0047C660:2;0x0047CE80:1;0x0047F340:1;0x0047F910:1;0x00480AD0:1	mechanical_candidate_not_manually_reviewed	platform_adapted	evidence/battle-final-actor-step-0045aa00.md	ownership and call-graph fields are navigation only; close from full LST body and external chunks
72	0x0045ADF0	sub_45ADF0	setup_frame_input_and_resolution	medium	0x00456680:1	0x00478330:1;0x004786E0:1;0x00478710:1;0x00478850:2;0x00478A70:1;0x00478AE0:2;0x00478B20:2;0x0047CE80:1	mechanical_candidate_not_manually_reviewed	platform_adapted	evidence/battle-post-action-0045adf0.md	ownership and call-graph fields are navigation only; close from full LST body and external chunks
73	0x0045AF90	sub_45AF90	setup_frame_input_and_resolution	medium	0x004539B0:4;0x00455D60:1;0x004582B0:1;0x00458DE0:1;0x004731A0:1;0x004745B0:1;0x004758A0:1	0x00416F10:2;0x00416F60:2;0x004170E0:1;0x00420560:1;0x00420600:1;0x004206F0:1;0x00485330:1	mechanical_candidate_not_manually_reviewed	platform_adapted	evidence/battle-frame-refresh-0045af90.md	ownership and call-graph fields are navigation only; close from full LST body and external chunks
74	0x0045B0E0	sub_45B0E0	setup_frame_input_and_resolution	medium	0x00451B10:1;0x00453200:1;0x004539B0:1;0x00455D60:2;0x0045AA00:2;0x00462740:1;0x00469D20:6	0x004783B0:2	mechanical_candidate_not_manually_reviewed	platform_adapted	evidence/battle-actor-metrics-0045b0e0.md	ownership and call-graph fields are navigation only; close from full LST body and external chunks
75	0x0045B190	sub_45B190	setup_frame_input_and_resolution	medium	0x00451B10:1;0x004527E0:2;0x00453200:1;0x004539B0:1;0x00455D60:2;0x0045AA00:2;0x0045B280:1;0x00469D20:1		mechanical_candidate_not_manually_reviewed	platform_adapted	evidence/battle-actor-order-0045b190.md	ownership and call-graph fields are navigation only; close from full LST body and external chunks
76	0x0045B280	sub_45B280	setup_frame_input_and_resolution	medium	0x00453200:1	0x0045B190:1;0x004786E0:2	mechanical_candidate_not_manually_reviewed	platform_adapted	evidence/battle-actor-priority-0045b280.md	ownership and call-graph fields are navigation only; close from full LST body and external chunks
77	0x0045B5A0	sub_45B5A0	setup_frame_input_and_resolution	medium	0x00451B10:1;0x00455D60:2;0x0045AA00:2;0x00469D20:1		mechanical_candidate_not_manually_reviewed	platform_adapted	evidence/battle-group-b-order-0045b5a0.md	ownership and call-graph fields are navigation only; close from full LST body and external chunks
78	0x0045B5E0	sub_45B5E0	setup_frame_input_and_resolution	medium	0x004527E0:2;0x00453200:1	0x00456680:1;0x004576A0:1	mechanical_candidate_not_manually_reviewed	platform_adapted	evidence/battle-actor-frame-sequence-0045b5e0.md	ownership and call-graph fields are navigation only; close from full LST body and external chunks
79	0x0045B630	sub_45B630	setup_frame_input_and_resolution	medium	0x00469D20:3	0x00431960:1;0x00433010:1;0x00433D70:1;0x00451730:1;0x00451AE0:1;0x004776A0:1;0x00485710:1;0x00485740:1;0x004885A0:1	mechanical_candidate_not_manually_reviewed	platform_adapted	evidence/battle-global-reset-0045b630.md	ownership and call-graph fields are navigation only; close from full LST body and external chunks
80	0x0045BD10	sub_45BD10	setup_frame_input_and_resolution	medium	0x0045E580:2	0x00420560:1;0x00420600:1;0x004206F0:1	mechanical_candidate_not_manually_reviewed	platform_adapted	evidence/battle-full-frame-darkening-0045bd10.md	ownership and call-graph fields are navigation only; close from full LST body and external chunks
81	0x0045BD90	sub_45BD90	setup_frame_input_and_resolution	medium	0x004582B0:1;0x00458DE0:2	0x004785C0:4;0x00478600:4	mechanical_candidate_not_manually_reviewed	platform_adapted	evidence/battle-effect-actor-shift-0045bd90.md	ownership and call-graph fields are navigation only; close from full LST body and external chunks
82	0x0045C010	sub_45C010	setup_frame_input_and_resolution	medium	0x00453200:1	0x004582B0:8;0x00458DE0:5;0x0045D690:3;0x0046F6E0:4;0x00472C70:4;0x004786E0:8;0x004787D0:4;0x0047CE80:5;0x0047CEC0:4;0x0047D640:4;0x0047F150:17;0x0047F920:2	mechanical_candidate_not_manually_reviewed	platform_adapted	evidence/battle-effect-coordinator-0045c010.md	ownership and call-graph fields are navigation only; close from full LST body and external chunks
83	0x0045D180	sub_45D180	setup_frame_input_and_resolution	medium	0x004539B0:2;0x004576A0:2;0x0045E9C0:2;0x00462740:3;0x00466F70:1;0x00467710:2;0x00469D20:1	0x00476DB0:1;0x00487C10:1	mechanical_candidate_not_manually_reviewed	platform_adapted	evidence/battle-player-item-quantity-0045d180.md	ownership and call-graph fields are navigation only; close from full LST body and external chunks
84	0x0045D250	sub_45D250	setup_frame_input_and_resolution	medium	0x00451B10:1		mechanical_candidate_not_manually_reviewed	platform_adapted	evidence/battle-player-item-order-0045d250.md	ownership and call-graph fields are navigation only; close from full LST body and external chunks
85	0x0045D2A0	sub_45D2A0	setup_frame_input_and_resolution	medium	0x00451B10:1		mechanical_candidate_not_manually_reviewed	platform_adapted	evidence/battle-party-item-order-0045d2a0.md	ownership and call-graph fields are navigation only; close from full LST body and external chunks
86	0x0045D2F0	sub_45D2F0	setup_frame_input_and_resolution	medium	0x00453200:1	0x00420490:1;0x00489654:3	mechanical_candidate_not_manually_reviewed	platform_adapted	evidence/battle-color-accumulation-0045d2f0.md	ownership and call-graph fields are navigation only; close from full LST body and external chunks
87	0x0045D3E0	sub_45D3E0	setup_frame_input_and_resolution	medium	0x00453200:1;0x004582B0:1;0x00458DE0:1;0x0046F8C0:1;0x00473010:1;0x004745B0:1;0x004758A0:1	0x00489654:3	mechanical_candidate_not_manually_reviewed	platform_adapted	evidence/battle-color-initialization-0045d3e0.md	ownership and call-graph fields are navigation only; close from full LST body and external chunks
88	0x0045D490	sub_45D490	setup_frame_input_and_resolution	medium	0x00453200:1	0x00478330:3;0x0047CE80:2;0x0047D7D0:1;0x00481FC0:1	mechanical_candidate_not_manually_reviewed	platform_adapted	evidence/battle-pre-frame-0045d490.md	ownership and call-graph fields are navigation only; close from full LST body and external chunks
89	0x0045D690	sub_45D690	setup_frame_input_and_resolution	medium	0x004539B0:2;0x00455D60:1;0x0045C010:3	0x004787D0:5;0x0047CEC0:5;0x0047D640:5;0x0047F150:3;0x00482E90:1;0x00483870:1;0x004838A0:1	mechanical_candidate_not_manually_reviewed	platform_adapted	evidence/battle-pair-transition-0045d690.md	ownership and call-graph fields are navigation only; close from full LST body and external chunks
90	0x0045D810	sub_45D810	setup_frame_input_and_resolution	medium	0x004582B0:2;0x00458DE0:1	0x00434350:1	mechanical_candidate_not_manually_reviewed	platform_adapted	evidence/battle-animation-collision-0045d810.md	ownership and call-graph fields are navigation only; close from full LST body and external chunks
91	0x0045D8F0	sub_45D8F0	setup_frame_input_and_resolution	medium	0x00453200:1	0x004372D0:19;0x004698E0:2;0x004785A0:4;0x004786E0:1;0x00478850:2;0x00478AE0:1;0x0047CE80:1;0x0047D950:1;0x0047DA10:1;0x0047F150:4;0x00482DA0:1;0x004856C0:1;0x00485710:2	mechanical_candidate_not_manually_reviewed	platform_adapted	evidence/battle-debug-hotkeys-0045d8f0.md	ownership and call-graph fields are navigation only; close from full LST body and external chunks
92	0x0045DEE0	sub_45DEE0	setup_frame_input_and_resolution	medium	0x00453200:1	0x00435660:2;0x00435670:2;0x00436AD0:18;0x00478340:1;0x00478600:1;0x004786B0:2;0x004786D0:2;0x00480AD0:1;0x00484500:1	mechanical_candidate_not_manually_reviewed	platform_adapted	evidence/battle-debug-overlay-0045dee0.md	ownership and call-graph fields are navigation only; close from full LST body and external chunks
93	0x0045E580	sub_45E580	setup_frame_input_and_resolution	medium	0x00453200:1	0x0045BD10:2;0x0045E9C0:2;0x00485710:1	mechanical_candidate_not_manually_reviewed	platform_adapted	evidence/battle-outcome-resolution-0045e580.md	ownership and call-graph fields are navigation only; close from full LST body and external chunks
94	0x0045E660	sub_45E660	setup_frame_input_and_resolution	medium	0x00453200:1	0x00450A80:6	mechanical_candidate_not_manually_reviewed	platform_adapted	evidence/battle-context-prompt-0045e660.md	ownership and call-graph fields are navigation only; close from full LST body and external chunks
95	0x0045E7D0	sub_45E7D0	setup_frame_input_and_resolution	medium	0x00453200:1	0x00437DF0:2	mechanical_candidate_not_manually_reviewed	platform_adapted	evidence/battle-vertical-shift-0045e7d0.md	ownership and call-graph fields are navigation only; close from full LST body and external chunks
96	0x0045E9C0	sub_45E9C0	setup_frame_input_and_resolution	medium	0x0045E580:2	0x0045D180:2	mechanical_candidate_not_manually_reviewed	platform_adapted	evidence/battle-outcome-finalization-0045e9c0.md	ownership and call-graph fields are navigation only; close from full LST body and external chunks
97	0x0045EA30	sub_45EA30	setup_frame_input_and_resolution	confirmed_boundary	0x004251B0:1	0x00433D70:1;0x00475180:1;0x00476A60:1	manual_reviewed_current_assembly	platform_adapted	evidence/battle-runtime-shutdown-0045ea30.md	ownership and call-graph fields are navigation only; close from full LST body and external chunks
98	0x0045EA80	sub_45EA80	setup_frame_input_and_resolution	medium	0x004539B0:1	0x004698E0:1;0x004728D0:1;0x0047D8A0:1;0x00485610:1	mechanical_candidate_not_manually_reviewed	platform_adapted	evidence/battle-retreat-commit-0045ea80.md	ownership and call-graph fields are navigation only; close from full LST body and external chunks
99	0x0045EB40	sub_45EB40	setup_frame_input_and_resolution	medium	0x00453200:1	0x0045A980:2;0x0045EFB0:1;0x0047CF20:2;0x0047E5C0:2	mechanical_candidate_not_manually_reviewed	platform_adapted	evidence/battle-pending-action-commit-0045eb40.md	ownership and call-graph fields are navigation only; close from full LST body and external chunks
100	0x0045EC60	sub_45EC60	setup_frame_input_and_resolution	medium	0x00462740:3		mechanical_candidate_not_manually_reviewed	platform_adapted	evidence/battle-reward-item-slot-0045ec60.md	ownership and call-graph fields are navigation only; close from full LST body and external chunks
101	0x0045EC80	sub_45EC80	setup_frame_input_and_resolution	medium	0x00453200:1	0x0047E580:2	mechanical_candidate_not_manually_reviewed	platform_adapted	evidence/battle-frame-completion-0045ec80.md	ownership and call-graph fields are navigation only; close from full LST body and external chunks
102	0x0045EDF0	sub_45EDF0	setup_frame_input_and_resolution	medium	0x004527E0:1;0x004539B0:1;0x004576A0:1		mechanical_candidate_not_manually_reviewed	platform_adapted	evidence/battle-attack-order-entry-0045edf0.md	ownership and call-graph fields are navigation only; close from full LST body and external chunks
103	0x0045EE70	sub_45EE70	setup_frame_input_and_resolution	medium	0x00456680:1;0x00469D20:7		mechanical_candidate_not_manually_reviewed	platform_adapted	evidence/battle-attack-order-insert-0045ee70.md	ownership and call-graph fields are navigation only; close from full LST body and external chunks
104	0x0045EFB0	sub_45EFB0	setup_frame_input_and_resolution	medium	0x004539B0:4;0x00455D60:2;0x0045AA00:2;0x0045EB40:1		mechanical_candidate_not_manually_reviewed	platform_adapted	evidence/battle-attack-order-remove-0045efb0.md	ownership and call-graph fields are navigation only; close from full LST body and external chunks
105	0x0045F020	sub_45F020	setup_frame_input_and_resolution	medium	0x00453200:1	0x0047F920:1	mechanical_candidate_not_manually_reviewed	platform_adapted	evidence/battle-attack-order-dequeue-0045f020.md	ownership and call-graph fields are navigation only; close from full LST body and external chunks
106	0x0045F0F0	sub_45F0F0	setup_frame_input_and_resolution	medium	0x004518F0:1		mechanical_candidate_not_manually_reviewed	platform_adapted	evidence/battle-render-geometry-binding-object-initialization-0045f0f0.md	ownership and call-graph fields are navigation only; close from full LST body and external chunks
107	0x0045F130	sub_45F130	setup_frame_input_and_resolution	medium	0x00451B10:1		mechanical_candidate_not_manually_reviewed	platform_adapted	evidence/battle-definition-archive-header-load-0045f130.md	ownership and call-graph fields are navigation only; close from full LST body and external chunks
108	0x0045F1B0	sub_45F1B0	setup_frame_input_and_resolution	medium	0x00451B10:1		mechanical_candidate_not_manually_reviewed	platform_adapted	evidence/battle-definition-archive-record-load-0045f1b0.md	ownership and call-graph fields are navigation only; close from full LST body and external chunks
109	0x0045F2A0	sub_45F2A0	setup_frame_input_and_resolution	medium	0x00453200:1	0x0040DB40:2;0x0040DBC0:1;0x004372D0:8;0x00460C40:3;0x00461240:3;0x00461900:2;0x00461A30:2;0x00461C10:1;0x004620D0:10;0x00462320:3;0x004623A0:2;0x00462420:1;0x00462510:1;0x00462630:1;0x00464E90:7;0x004698E0:1;0x004728D0:1;0x00478330:1;0x0047F920:1;0x00485610:1	mechanical_candidate_not_manually_reviewed	platform_adapted	evidence/battle-input-dispatch-0045f2a0.md	ownership and call-graph fields are navigation only; close from full LST body and external chunks
110	0x0045FC60	sub_45FC60	setup_frame_input_and_resolution	medium	0x00453200:1	0x0040DB60:1;0x00433AA0:3;0x004768D0:1;0x004784A0:3;0x00478620:3;0x0047C660:6;0x0047CE70:3;0x0047CE80:1;0x0047D930:3;0x00482FC0:1;0x00485610:6	mechanical_candidate_not_manually_reviewed	platform_adapted	evidence/battle-frame-input-resolution-0045fc60.md	ownership and call-graph fields are navigation only; close from full LST body and external chunks
111	0x00460C40	sub_460C40	script_dispatch_ai_and_targeting	medium	0x0045F2A0:3	0x004784A0:3;0x0047C660:4;0x0047CE80:2;0x0047D930:2;0x00485610:7	mechanical_candidate_not_manually_reviewed	platform_adapted	evidence/battle-menu-selection-retreat-00460c40.md	ownership and call-graph fields are navigation only; close from full LST body and external chunks
112	0x00461240	sub_461240	script_dispatch_ai_and_targeting	medium	0x0045F2A0:3	0x004784A0:3;0x0047C660:4;0x0047CE80:2;0x0047D930:2;0x00485610:8	mechanical_candidate_not_manually_reviewed	platform_adapted	evidence/battle-menu-selection-advance-00461240.md	ownership and call-graph fields are navigation only; close from full LST body and external chunks
113	0x00461900	sub_461900	script_dispatch_ai_and_targeting	medium	0x0045F2A0:2	0x00485610:3	mechanical_candidate_not_manually_reviewed	platform_adapted	evidence/battle-menu-page-retreat-00461900.md	ownership and call-graph fields are navigation only; close from full LST body and external chunks
114	0x00461A30	sub_461A30	script_dispatch_ai_and_targeting	medium	0x0045F2A0:2	0x00485610:3	mechanical_candidate_not_manually_reviewed	platform_adapted	evidence/battle-menu-page-advance-00461a30.md	ownership and call-graph fields are navigation only; close from full LST body and external chunks
115	0x00461C10	sub_461C10	script_dispatch_ai_and_targeting	medium	0x0045F2A0:1	0x004750C0:4;0x0047C660:3	mechanical_candidate_not_manually_reviewed	platform_adapted	evidence/battle-menu-input-finalize-00461c10.md	ownership and call-graph fields are navigation only; close from full LST body and external chunks
116	0x004620D0	sub_4620D0	script_dispatch_ai_and_targeting	medium	0x0045F2A0:10;0x00466F70:3	0x00462740:1;0x00464E90:1;0x00476780:1;0x00476860:1;0x00478600:1;0x0047F920:1;0x00485610:1	mechanical_candidate_not_manually_reviewed	platform_adapted	evidence/battle-target-selection-entry-004620d0.md	ownership and call-graph fields are navigation only; close from full LST body and external chunks
117	0x00462320	sub_462320	script_dispatch_ai_and_targeting	medium	0x0045F2A0:3	0x00462420:4;0x00464DD0:4	mechanical_candidate_not_manually_reviewed	platform_adapted	evidence/battle-actor-action-cycle-00462320.md	ownership and call-graph fields are navigation only; close from full LST body and external chunks
118	0x004623A0	sub_4623A0	script_dispatch_ai_and_targeting	medium	0x0045F2A0:2	0x00462420:4;0x00464E40:4	mechanical_candidate_not_manually_reviewed	platform_adapted	evidence/battle-actor-action-reverse-cycle-004623a0.md	ownership and call-graph fields are navigation only; close from full LST body and external chunks
119	0x00462420	sub_462420	script_dispatch_ai_and_targeting	medium	0x0045F2A0:1;0x00462320:4;0x004623A0:4	0x0047F920:1	mechanical_candidate_not_manually_reviewed	platform_adapted	evidence/battle-actor-action-commit-00462420.md	ownership and call-graph fields are navigation only; close from full LST body and external chunks
120	0x004624C0	sub_4624C0	script_dispatch_ai_and_targeting	medium	0x00464DD0:2;0x00464E40:1	0x0047F920:1	mechanical_candidate_not_manually_reviewed	platform_adapted	evidence/battle-actor-action-candidate-availability-004624c0.md	ownership and call-graph fields are navigation only; close from full LST body and external chunks
121	0x00462510	sub_462510	script_dispatch_ai_and_targeting	medium	0x0045F2A0:1	0x00485610:4	mechanical_candidate_not_manually_reviewed	platform_adapted	evidence/battle-menu-context-advance-00462510.md	ownership and call-graph fields are navigation only; close from full LST body and external chunks
122	0x00462630	sub_462630	script_dispatch_ai_and_targeting	medium	0x0045F2A0:1	0x00485610:4	mechanical_candidate_not_manually_reviewed	platform_adapted	evidence/battle-menu-context-retreat-00462630.md	ownership and call-graph fields are navigation only; close from full LST body and external chunks
123	0x00462740	sub_462740	script_dispatch_ai_and_targeting	medium	0x004620D0:1	0x00437430:5;0x0045B0E0:1;0x0045D180:3;0x0045EC60:3;0x00464DA0:14;0x00465090:5;0x00465170:2;0x004698E0:2;0x00470380:1;0x004705C0:2;0x004708C0:1;0x00470AC0:3;0x00470E20:3;0x004717D0:1;0x004717E0:1;0x00478330:8;0x004784A0:2;0x0047C660:6;0x0047CE80:3;0x0047D7D0:2;0x0047D880:4;0x0047D8B0:4;0x0047D8D0:4;0x00481FC0:1;0x00482030:1;0x00485610:10	mechanical_candidate_not_manually_reviewed	platform_adapted	evidence/battle-target-selection-refresh-00462740.md	ownership and call-graph fields are navigation only; close from full LST body and external chunks
124	0x00464270	sub_464270	script_dispatch_ai_and_targeting	medium	0x00453200:1	0x00435650:1;0x00435660:1;0x00435670:1;0x00436AD0:1;0x00437430:1;0x004509D0:3;0x00450C50:3;0x004512B0:1;0x00464CC0:1;0x004651D0:1;0x00465480:1;0x004655B0:1;0x004659C0:1;0x00465E50:1;0x00466190:1;0x00466500:1;0x004667B0:1;0x00466950:1;0x00466C00:1;0x004750C0:1;0x004768D0:1;0x00478400:3;0x004784A0:4;0x0047C660:5;0x0047CE80:3;0x0047CEA0:1;0x0047F920:2;0x00483820:1	mechanical_candidate_not_manually_reviewed	platform_adapted	evidence/battle-selection-frame-00464270.md	ownership and call-graph fields are navigation only; close from full LST body and external chunks
125	0x00464CC0	sub_464CC0	script_dispatch_ai_and_targeting	medium	0x00456680:1;0x00464270:1	0x00439070:1;0x00478330:1;0x0047CE80:2	mechanical_candidate_not_manually_reviewed	platform_adapted	evidence/battle-actor-target-preparation-00464cc0.md	ownership and call-graph fields are navigation only; close from full LST body and external chunks
126	0x00464DA0	sub_464DA0	script_dispatch_ai_and_targeting	medium	0x00462740:14		mechanical_candidate_not_manually_reviewed	platform_adapted	evidence/battle-input-record-priming-00464da0.md	ownership and call-graph fields are navigation only; close from full LST body and external chunks
127	0x00464DD0	sub_464DD0	script_dispatch_ai_and_targeting	medium	0x00462320:4	0x004624C0:2	mechanical_candidate_not_manually_reviewed	platform_adapted	evidence/battle-available-actor-cycle-00464dd0.md	ownership and call-graph fields are navigation only; close from full LST body and external chunks
128	0x00464E40	sub_464E40	script_dispatch_ai_and_targeting	medium	0x004623A0:4	0x004624C0:1	mechanical_candidate_not_manually_reviewed	platform_adapted	evidence/battle-available-actor-reverse-cycle-00464e40.md	ownership and call-graph fields are navigation only; close from full LST body and external chunks
129	0x00464E90	sub_464E90	script_dispatch_ai_and_targeting	medium	0x0045F2A0:7;0x004620D0:1;0x004651D0:1	0x00481FB0:1;0x00481FC0:1;0x00482E80:1	mechanical_candidate_not_manually_reviewed	platform_adapted	evidence/battle-action-mode-refresh-00464e90.md	ownership and call-graph fields are navigation only; close from full LST body and external chunks
130	0x00465090	sub_465090	script_dispatch_ai_and_targeting	medium	0x00462740:5	0x0047C660:1;0x0047CE80:2	mechanical_candidate_not_manually_reviewed	platform_adapted	evidence/battle-group-b-target-cycle-00465090.md	ownership and call-graph fields are navigation only; close from full LST body and external chunks
131	0x00465170	sub_465170	script_dispatch_ai_and_targeting	medium	0x00462740:2		mechanical_candidate_not_manually_reviewed	platform_adapted	evidence/battle-group-a-target-cycle-00465170.md	ownership and call-graph fields are navigation only; close from full LST body and external chunks
132	0x004651D0	sub_4651D0	script_dispatch_ai_and_targeting	medium	0x00464270:1	0x00435660:6;0x00435670:1;0x00436AD0:4;0x00464E90:1;0x00481FC0:1;0x00482FC0:1	mechanical_candidate_not_manually_reviewed	platform_adapted	evidence/battle-action-summary-004651d0.md	ownership and call-graph fields are navigation only; close from full LST body and external chunks
133	0x00465480	sub_465480	script_dispatch_ai_and_targeting	medium	0x00464270:1	0x0042E850:1;0x004321E0:1;0x00435660:2;0x0043B110:1;0x00450A80:2	mechanical_candidate_not_manually_reviewed	platform_adapted	evidence/battle-list-frame-00465480.md	ownership and call-graph fields are navigation only; close from full LST body and external chunks
134	0x004655B0	sub_4655B0	script_dispatch_ai_and_targeting	medium	0x00464270:1	0x00435650:1;0x00435660:3;0x00435670:1;0x00436AD0:4;0x0043B110:2;0x0043B9E0:1;0x004504E0:1;0x0046FFE0:2;0x00470180:1;0x004702E0:1;0x00483870:1;0x004838A0:1	mechanical_candidate_not_manually_reviewed	platform_adapted	evidence/battle-list-contents-004655b0.md	ownership and call-graph fields are navigation only; close from full LST body and external chunks
135	0x004659C0	sub_4659C0	script_dispatch_ai_and_targeting	medium	0x00464270:1	0x0042E850:1;0x004321E0:1;0x00435650:1;0x00435660:6;0x00435670:1;0x00436AD0:5;0x0043B110:3;0x0043B9E0:1;0x00450A80:2;0x00470900:2;0x00470910:1;0x00470A10:1	mechanical_candidate_not_manually_reviewed	platform_adapted	evidence/battle-grid-frame-004659c0.md	ownership and call-graph fields are navigation only; close from full LST body and external chunks
136	0x00465E50	sub_465E50	script_dispatch_ai_and_targeting	medium	0x00464270:1	0x0042E850:2;0x004321E0:1;0x00435650:1;0x00435660:4;0x00435670:1;0x00436AD0:4;0x0043B110:2;0x00470900:2;0x00470A10:1;0x00470F70:1	mechanical_candidate_not_manually_reviewed	platform_adapted	evidence/battle-alternate-grid-frame-00465e50.md	ownership and call-graph fields are navigation only; close from full LST body and external chunks
137	0x00466190	sub_466190	script_dispatch_ai_and_targeting	medium	0x00464270:1	0x0042E850:2;0x004321E0:1;0x00435650:1;0x00435660:4;0x00435670:1;0x00436AD0:3;0x0043B110:2;0x00470900:2;0x00470FE0:2;0x00471080:1	mechanical_candidate_not_manually_reviewed	platform_adapted	evidence/battle-mode-grid-frame-00466190.md	ownership and call-graph fields are navigation only; close from full LST body and external chunks
138	0x00466500	sub_466500	script_dispatch_ai_and_targeting	medium	0x00464270:1	0x0042E850:2;0x004321E0:1;0x00435650:1;0x00435660:3;0x00435670:1;0x00436AD0:3;0x0043B110:2;0x0046FFE0:2;0x00470180:1;0x004702E0:1	mechanical_candidate_not_manually_reviewed	platform_adapted	evidence/battle-narrow-grid-frame-00466500.md	ownership and call-graph fields are navigation only; close from full LST body and external chunks
139	0x004667B0	sub_4667B0	script_dispatch_ai_and_targeting	medium	0x00464270:1	0x0042E850:2;0x004321E0:1;0x00435650:2;0x00436AD0:3;0x0043B110:2;0x00480AD0:1	mechanical_candidate_not_manually_reviewed	platform_adapted	evidence/battle-guard-panel-frame-004667b0.md	ownership and call-graph fields are navigation only; close from full LST body and external chunks
140	0x00466950	sub_466950	script_dispatch_ai_and_targeting	medium	0x00464270:1	0x004239D0:2;0x0042E850:1;0x004321E0:1;0x00435650:2;0x00436AD0:2;0x0043B110:1;0x00450A50:2;0x00477800:1;0x00478340:1;0x0047F910:1;0x00480AD0:1;0x00484500:1	mechanical_candidate_not_manually_reviewed	platform_adapted	evidence/battle-selection-hint-frame-00466950.md	ownership and call-graph fields are navigation only; close from full LST body and external chunks
141	0x00466C00	sub_466C00	script_dispatch_ai_and_targeting	medium	0x00464270:1	0x00435660:9;0x00435670:1;0x00436AD0:9;0x0044FFE0:2;0x00476780:1;0x00476860:1	mechanical_candidate_not_manually_reviewed	platform_adapted	evidence/battle-control-panel-frame-00466c00.md	ownership and call-graph fields are navigation only; close from full LST body and external chunks
142	0x00466F70	sub_466F70	script_dispatch_ai_and_targeting	medium	0x00453200:1	0x0045D180:1;0x004620D0:3;0x00467710:1;0x00467AC0:1;0x00467C50:1;0x00467F00:1;0x00468930:1;0x00468AD0:1;0x00468C80:1;0x00468ED0:1;0x00468FF0:1;0x00469080:1;0x00469220:1;0x00469340:1;0x004694E0:1;0x00471D60:1;0x004750C0:1;0x00475160:1;0x00476600:1;0x00478710:1;0x00478850:1;0x00478A70:1;0x0047C660:2;0x0047CE80:6;0x0047E950:1;0x00482030:4;0x00485610:3	mechanical_candidate_not_manually_reviewed	platform_adapted	evidence/battle-message-phase-00466f70.md	ownership and call-graph fields are navigation only; close from full LST body and external chunks
143	0x00467710	sub_467710	script_dispatch_ai_and_targeting	medium	0x00466F70:1	0x0042E850:2;0x004321E0:1;0x00436AD0:4;0x0043B110:1;0x0045D180:2;0x00469620:1;0x0046F5B0:1;0x004762F0:1;0x0047CE80:1;0x0047E950:1;0x00482030:1;0x00485610:1;0x00485710:1;0x00485740:1	mechanical_candidate_not_manually_reviewed	platform_adapted	evidence/battle-victory-rewards-00467710.md	ownership and call-graph fields are navigation only; close from full LST body and external chunks
144	0x00467AC0	sub_467AC0	script_dispatch_ai_and_targeting	medium	0x00466F70:1	0x0042E850:2;0x004321E0:1;0x00436AD0:2;0x0043B110:1;0x00469620:1	mechanical_candidate_not_manually_reviewed	platform_adapted	evidence/battle-level-up-panel-00467ac0.md	ownership and call-graph fields are navigation only; close from full LST body and external chunks
145	0x00467C50	sub_467C50	script_dispatch_ai_and_targeting	medium	0x00466F70:1	0x00477290:1;0x00477400:2;0x00485610:1;0x00485720:1	mechanical_candidate_not_manually_reviewed	platform_adapted	evidence/battle-level-advancement-00467c50.md	ownership and call-graph fields are navigation only; close from full LST body and external chunks
146	0x00467F00	sub_467F00	script_dispatch_ai_and_targeting	medium	0x00466F70:1	0x0042E850:2;0x004321E0:1;0x00436AD0:22;0x0043B110:1;0x00469620:1;0x00485610:7	mechanical_candidate_not_manually_reviewed	platform_adapted	evidence/battle-level-growth-panel-00467f00.md	ownership and call-graph fields are navigation only; close from full LST body and external chunks
147	0x00468930	sub_468930	script_dispatch_ai_and_targeting	medium	0x00466F70:1	0x0042E850:1;0x004321E0:1;0x00436AD0:2;0x0043B110:1;0x00469620:1	mechanical_candidate_not_manually_reviewed	platform_adapted	evidence/battle-growth-caption-00468930.md	ownership and call-graph fields are navigation only; close from full LST body and external chunks
148	0x00468AD0	sub_468AD0	script_dispatch_ai_and_targeting	medium	0x00466F70:1	0x0042E850:1;0x004321E0:1;0x00436AD0:2;0x0043B110:1;0x00469620:1;0x00485610:1	mechanical_candidate_not_manually_reviewed	platform_adapted	evidence/battle-growth-completion-caption-00468ad0.md	ownership and call-graph fields are navigation only; close from full LST body and external chunks
149	0x00468C80	sub_468C80	script_dispatch_ai_and_targeting	medium	0x00466F70:1	0x0040DC50:1;0x00476DB0:3;0x00478220:2;0x0047CE80:1;0x00487C10:1	mechanical_candidate_not_manually_reviewed	platform_adapted	evidence/battle-growth-actor-selection-00468c80.md	ownership and call-graph fields are navigation only; close from full LST body and external chunks
150	0x00468ED0	sub_468ED0	script_dispatch_ai_and_targeting	medium	0x00466F70:1	0x0042E850:1;0x00435650:2;0x00436AD0:1;0x0043B110:1;0x00469620:1	mechanical_candidate_not_manually_reviewed	platform_adapted	evidence/battle-growth-item-completion-panel-00468ed0.md	ownership and call-graph fields are navigation only; close from full LST body and external chunks
151	0x00468FF0	sub_468FF0	script_dispatch_ai_and_targeting	medium	0x00466F70:1	0x0046F850:1;0x00476DB0:1;0x00478220:1;0x0047CE80:1	mechanical_candidate_not_manually_reviewed	platform_adapted	evidence/battle-growth-item-result-selection-00468ff0.md	ownership and call-graph fields are navigation only; close from full LST body and external chunks
152	0x00469080	sub_469080	script_dispatch_ai_and_targeting	medium	0x00466F70:1	0x0042E850:2;0x004321E0:1;0x00435650:2;0x00436AD0:2;0x0043B110:1;0x00469620:1	mechanical_candidate_not_manually_reviewed	platform_adapted	evidence/battle-victory-item-list-panel-00469080.md	ownership and call-graph fields are navigation only; close from full LST body and external chunks
153	0x00469220	sub_469220	script_dispatch_ai_and_targeting	medium	0x00466F70:1	0x0042E850:2;0x004321E0:1;0x00435650:2;0x00436AD0:2;0x0043B110:1;0x00469620:1	mechanical_candidate_not_manually_reviewed	platform_adapted	evidence/battle-defeat-panel-00469220.md	ownership and call-graph fields are navigation only; close from full LST body and external chunks
154	0x00469340	sub_469340	script_dispatch_ai_and_targeting	medium	0x00466F70:1	0x0042E850:2;0x004321E0:1;0x00436AD0:4;0x0043B110:1;0x00469620:1	mechanical_candidate_not_manually_reviewed	platform_adapted	evidence/battle-talisman-result-panel-00469340.md	ownership and call-graph fields are navigation only; close from full LST body and external chunks
155	0x004694E0	sub_4694E0	script_dispatch_ai_and_targeting	medium	0x00466F70:1		mechanical_candidate_not_manually_reviewed	assembly_exact	evidence/battle-transition-control-selection-004694e0.md	ownership and call-graph fields are navigation only; close from full LST body and external chunks
156	0x00469550	sub_469550	script_dispatch_ai_and_targeting	medium	0x00459D10:2	0x0042E850:1;0x004321E0:1;0x00436AD0:2;0x0043B110:1	mechanical_candidate_not_manually_reviewed	platform_adapted	evidence/battle-text-panel-00469550.md	ownership and call-graph fields are navigation only; close from full LST body and external chunks
157	0x00469620	sub_469620	script_dispatch_ai_and_targeting	medium	0x00467710:1;0x00467AC0:1;0x00467F00:1;0x00468930:1;0x00468AD0:1;0x00468ED0:1;0x00469080:1;0x00469220:1;0x00469340:1;0x00469650:1		mechanical_candidate_not_manually_reviewed	assembly_exact	evidence/battle-transition-stage-advance-00469620.md	ownership and call-graph fields are navigation only; close from full LST body and external chunks
158	0x00469650	sub_469650	script_dispatch_ai_and_targeting	medium	0x00453200:1	0x004239D0:5;0x0042E850:2;0x004321E0:1;0x00436AD0:2;0x0043B110:1;0x00450A50:1;0x00469620:1;0x00489654:1	mechanical_candidate_not_manually_reviewed	platform_adapted	evidence/battle-debug-status-panel-00469650.md	ownership and call-graph fields are navigation only; close from full LST body and external chunks
159	0x004698E0	sub_4698E0	script_dispatch_ai_and_targeting	medium	0x004527E0:1;0x004539B0:5;0x00456680:3;0x004576A0:2;0x0045D8F0:2;0x0045EA80:1;0x0045F2A0:1;0x00462740:2;0x00470380:3;0x0047D640:1;0x0047E070:6;0x0047E950:13	0x00487C10:1	mechanical_candidate_not_manually_reviewed	platform_adapted	evidence/battle-text-message-004698e0.md	ownership and call-graph fields are navigation only; close from full LST body and external chunks
160	0x00469960	sub_469960	script_dispatch_ai_and_targeting	medium	0x00453200:1	0x0042E850:1;0x004321E0:1;0x00436AD0:4;0x0043B110:1;0x00450A50:7;0x004885A0:1	mechanical_candidate_not_manually_reviewed	platform_adapted	evidence/battle-text-message-frame-00469960.md	ownership and call-graph fields are navigation only; close from full LST body and external chunks
161	0x00469D20	sub_469D20	script_dispatch_ai_and_targeting	confirmed_boundary	0x0040A570:1	0x0040AFF0:3;0x0040BAA0:1;0x0040BB20:3;0x0040DC00:1;0x0040DC50:1;0x0040DC80:1;0x0040DCB0:1;0x00439070:4;0x0044A240:3;0x0044D620:1;0x0044D680:2;0x00451940:2;0x00451B10:1;0x004527E0:1;0x00453200:33;0x0045B0E0:6;0x0045B190:1;0x0045B5A0:1;0x0045B630:3;0x0045D180:1;0x0045EE70:7;0x0046E1E0:10;0x0046E260:2;0x0046E290:1;0x004707B0:1;0x00475820:1;0x00476160:1;0x00476250:1;0x00476920:1;0x004769A0:1;0x00476A10:1;0x00477BD0:1;0x00478330:3;0x004783B0:6;0x00478470:2;0x004785C0:13;0x00478600:13;0x00478710:7;0x00478780:1;0x004787D0:1;0x004787F0:2;0x00478830:2;0x00478A70:6;0x00478AB0:1;0x00478AC0:1;0x0047C660:13;0x0047CE80:13;0x0047CEB0:1;0x0047CEC0:1;0x0047D350:6;0x0047D640:1;0x0047D810:2;0x0047D830:2;0x0047D860:6;0x0047D880:1;0x0047D8B0:1;0x0047D8D0:1;0x0047D900:7;0x0047D950:2;0x0047DA10:2;0x0047DA90:1;0x0047E880:1;0x0047F150:4;0x0047F3A0:1;0x0047F900:4;0x0047F910:1;0x00482EC0:2;0x004838A0:1;0x00484500:3;0x00485610:1;0x004856C0:1;0x00485710:1;0x00485850:1;0x00487C10:7;0x004885A0:4;0x00489654:3	manual_reviewed_current_assembly	platform_adapted	evidence/battle-script-dispatch-00469d20.md	ownership and call-graph fields are navigation only; close from full LST body and external chunks
162	0x0046E090	sub_46E090	script_dispatch_ai_and_targeting	medium			mechanical_candidate_not_manually_reviewed	assembly_exact	evidence/battle-group-a-primary-skip-getter-0046e090.md	ownership and call-graph fields are navigation only; close from full LST body and external chunks
163	0x0046E0A0	sub_46E0A0	script_dispatch_ai_and_targeting	medium			mechanical_candidate_not_manually_reviewed	assembly_exact	evidence/battle-group-a-secondary-skip-getter-0046e0a0.md	ownership and call-graph fields are navigation only; close from full LST body and external chunks
164	0x0046E0B0	sub_46E0B0	script_dispatch_ai_and_targeting	medium	0x00451B10:1	0x00487C10:1	mechanical_candidate_not_manually_reviewed	platform_adapted	evidence/battle-script-window-load-0046e0b0.md	ownership and call-graph fields are navigation only; close from full LST body and external chunks
165	0x0046E1E0	sub_46E1E0	script_dispatch_ai_and_targeting	medium	0x00469D20:10	0x00487C10:1;0x004885A0:1	mechanical_candidate_not_manually_reviewed	platform_adapted	evidence/battle-script-page-load-0046e1e0.md	ownership and call-graph fields are navigation only; close from full LST body and external chunks
166	0x0046E260	sub_46E260	script_dispatch_ai_and_targeting	medium	0x00469D20:2	0x004885A0:1	mechanical_candidate_not_manually_reviewed	platform_adapted	evidence/battle-script-shutdown-0046e260.md	ownership and call-graph fields are navigation only; close from full LST body and external chunks
167	0x0046E290	sub_46E290	script_dispatch_ai_and_targeting	medium	0x00469D20:1	0x00437EF0:1;0x00437F40:1;0x00437F90:1;0x00489654:2	mechanical_candidate_not_manually_reviewed	platform_adapted	evidence/battle-script-curve-sample-0046e290.md	ownership and call-graph fields are navigation only; close from full LST body and external chunks
168	0x0046E490	sub_46E490	script_dispatch_ai_and_targeting	medium		0x00478250:1;0x00487C10:1	mechanical_candidate_not_manually_reviewed	platform_adapted	evidence/battle-group-a-element-construction-0046e490.md	ownership and call-graph fields are navigation only; close from full LST body and external chunks
169	0x0046E4D0	sub_46E4D0	script_dispatch_ai_and_targeting	medium		0x00475180:1;0x00478300:1	mechanical_candidate_not_manually_reviewed	platform_adapted	evidence/battle-group-a-element-destruction-0046e4d0.md	ownership and call-graph fields are navigation only; close from full LST body and external chunks
170	0x0046E520	sub_46E520	script_dispatch_ai_and_targeting	medium	0x004527E0:1;0x00456680:1		mechanical_candidate_not_manually_reviewed	platform_adapted	evidence/battle-actor-progress-0046e520.md	ownership and call-graph fields are navigation only; close from full LST body and external chunks
171	0x0046E6A0	sub_46E6A0	script_dispatch_ai_and_targeting	medium	0x0046E730:1		mechanical_candidate_not_manually_reviewed	platform_adapted	evidence/battle-group-a-workspace-reset-0046e6a0.md	ownership and call-graph fields are navigation only; close from full LST body and external chunks
172	0x0046E730	sub_46E730	script_dispatch_ai_and_targeting	medium	0x00451B10:1	0x00431150:1;0x0046E6A0:1	mechanical_candidate_not_manually_reviewed	platform_adapted	evidence/battle-group-a-configuration-0046e730.md	ownership and call-graph fields are navigation only; close from full LST body and external chunks
173	0x0046E850	sub_46E850	script_dispatch_ai_and_targeting	medium	0x00451B10:1		mechanical_candidate_not_manually_reviewed	platform_adapted	evidence/battle-group-a-resource-pair-0046e850.md	ownership and call-graph fields are navigation only; close from full LST body and external chunks
174	0x0046E870	sub_46E870	script_dispatch_ai_and_targeting	medium	0x00451B10:1		mechanical_candidate_not_manually_reviewed	platform_adapted	evidence/battle-group-a-value-pair-0046e870.md	ownership and call-graph fields are navigation only; close from full LST body and external chunks
175	0x0046E890	sub_46E890	script_dispatch_ai_and_targeting	medium	0x004539B0:1	0x00431150:1;0x00476DB0:1;0x00478220:1;0x00487C10:1	mechanical_candidate_not_manually_reviewed	platform_adapted	evidence/battle-group-a-summon-materialization-0046e890.md	ownership and call-graph fields are navigation only; close from full LST body and external chunks
176	0x0046E9C0	sub_46E9C0	script_dispatch_ai_and_targeting	medium	0x00451B10:2	0x00431150:1;0x00476DB0:1;0x00478220:1;0x00487C10:1	mechanical_candidate_not_manually_reviewed	platform_adapted	evidence/battle-group-a-npc-materialization-0046e9c0.md	ownership and call-graph fields are navigation only; close from full LST body and external chunks
177	0x0046EBB0	sub_46EBB0	script_dispatch_ai_and_targeting	medium	0x00451B10:1	0x00431150:1;0x0046F030:1	mechanical_candidate_not_manually_reviewed	platform_adapted	evidence/battle-group-a-attribute-aggregation-0046ebb0.md	ownership and call-graph fields are navigation only; close from full LST body and external chunks
178	0x0046EE60	sub_46EE60	script_dispatch_ai_and_targeting	medium	0x00456680:1	0x004787D0:3;0x0047CEC0:3;0x0047CF00:3;0x0047D640:3;0x0047F150:3	mechanical_candidate_not_manually_reviewed	platform_adapted	evidence/battle-group-a-attribute-effect-0046ee60.md	ownership and call-graph fields are navigation only; close from full LST body and external chunks
179	0x0046F030	sub_46F030	script_dispatch_ai_and_targeting	medium	0x0046EBB0:1	0x004779F0:2	mechanical_candidate_not_manually_reviewed	platform_adapted	evidence/battle-group-a-embedded-profile-application-0046f030.md	ownership and call-graph fields are navigation only; close from full LST body and external chunks
180	0x0046F1F0	sub_46F1F0	script_dispatch_ai_and_targeting	medium	0x0046FFF0:1	0x00482F10:9;0x00482F70:1;0x004830A0:2	mechanical_candidate_not_manually_reviewed	platform_adapted	evidence/battle-group-a-item-effect-application-0046f1f0.md	ownership and call-graph fields are navigation only; close from full LST body and external chunks
181	0x0046F5B0	sub_46F5B0	script_dispatch_ai_and_targeting	medium	0x00467710:1	0x00487C10:1;0x00489654:2	mechanical_candidate_not_manually_reviewed	platform_adapted	evidence/battle-group-a-reward-profile-application-0046f5b0.md	ownership and call-graph fields are navigation only; close from full LST body and external chunks
182	0x0046F6E0	sub_46F6E0	script_dispatch_ai_and_targeting	medium	0x0045C010:4	0x00487C10:1;0x00489654:2	mechanical_candidate_not_manually_reviewed	platform_adapted	evidence/battle-group-a-effect-reward-application-0046f6e0.md	ownership and call-graph fields are navigation only; close from full LST body and external chunks
183	0x0046F850	sub_46F850	script_dispatch_ai_and_targeting	medium	0x00468FF0:1		mechanical_candidate_not_manually_reviewed	platform_adapted	evidence/battle-group-a-growth-reward-selection-0046f850.md	ownership and call-graph fields are navigation only; close from full LST body and external chunks
184	0x0046F8C0	sub_46F8C0	script_dispatch_ai_and_targeting	medium	0x004539B0:3	0x004170E0:2;0x0045D3E0:1;0x00474FC0:2;0x00478780:1;0x0047C950:1;0x0047F940:1;0x004831C0:1;0x004838D0:1;0x00483B30:1	mechanical_candidate_not_manually_reviewed	platform_adapted	evidence/battle-group-a-action-execution-0046f8c0.md	ownership and call-graph fields are navigation only; close from full LST body and external chunks
185	0x0046FF00	sub_46FF00	script_dispatch_ai_and_targeting	medium	0x0046FFF0:1	0x00439070:1	mechanical_candidate_not_manually_reviewed	platform_adapted	evidence/battle-group-a-profile-mode-selection-0046ff00.md	ownership and call-graph fields are navigation only; close from full LST body and external chunks
186	0x0046FFE0	sub_46FFE0	script_dispatch_ai_and_targeting	medium	0x004655B0:2;0x00466500:2;0x00470180:1;0x004702E0:1;0x00470380:2;0x004705C0:1		mechanical_candidate_not_manually_reviewed	pending_audit		ownership and call-graph fields are navigation only; close from full LST body and external chunks
187	0x0046FFF0	sub_46FFF0	script_dispatch_ai_and_targeting	medium	0x00456680:2	0x0046F1F0:1;0x0046FF00:1;0x00476A80:2	mechanical_candidate_not_manually_reviewed	pending_audit		ownership and call-graph fields are navigation only; close from full LST body and external chunks
188	0x00470180	sub_470180	actor_actions_effects_and_rendering	medium	0x004655B0:1;0x00466500:1	0x0046FFE0:1;0x00476A80:1	mechanical_candidate_not_manually_reviewed	pending_audit		ownership and call-graph fields are navigation only; close from full LST body and external chunks
189	0x004702E0	sub_4702E0	actor_actions_effects_and_rendering	medium	0x004655B0:1;0x00466500:1	0x0046FFE0:1	mechanical_candidate_not_manually_reviewed	pending_audit		ownership and call-graph fields are navigation only; close from full LST body and external chunks
190	0x00470380	sub_470380	actor_actions_effects_and_rendering	medium	0x00462740:1	0x004698E0:3;0x0046FFE0:2;0x00470900:1;0x00485610:2	mechanical_candidate_not_manually_reviewed	pending_audit		ownership and call-graph fields are navigation only; close from full LST body and external chunks
191	0x004705C0	sub_4705C0	actor_actions_effects_and_rendering	medium	0x00462740:2	0x0046FFE0:1;0x00476A80:1	mechanical_candidate_not_manually_reviewed	pending_audit		ownership and call-graph fields are navigation only; close from full LST body and external chunks
192	0x004707B0	sub_4707B0	actor_actions_effects_and_rendering	medium	0x004539B0:1;0x00469D20:1	0x00476A80:1;0x00476DB0:1;0x00478220:1	mechanical_candidate_not_manually_reviewed	pending_audit		ownership and call-graph fields are navigation only; close from full LST body and external chunks
193	0x00470820	sub_470820	actor_actions_effects_and_rendering	medium	0x00456680:1	0x00470890:2;0x00470E20:1	mechanical_candidate_not_manually_reviewed	pending_audit		ownership and call-graph fields are navigation only; close from full LST body and external chunks
194	0x00470890	sub_470890	actor_actions_effects_and_rendering	medium	0x00470820:2		mechanical_candidate_not_manually_reviewed	pending_audit		ownership and call-graph fields are navigation only; close from full LST body and external chunks
195	0x004708C0	sub_4708C0	actor_actions_effects_and_rendering	medium	0x00456680:1;0x00462740:1		mechanical_candidate_not_manually_reviewed	pending_audit		ownership and call-graph fields are navigation only; close from full LST body and external chunks
196	0x00470900	sub_470900	actor_actions_effects_and_rendering	medium	0x004659C0:2;0x00465E50:2;0x00466190:2;0x00470380:1;0x00470910:1;0x00470A10:1;0x00470AC0:1;0x00470E20:2;0x00470F70:1;0x00470FE0:1;0x00471080:1		mechanical_candidate_not_manually_reviewed	pending_audit		ownership and call-graph fields are navigation only; close from full LST body and external chunks
197	0x00470910	sub_470910	actor_actions_effects_and_rendering	medium	0x004659C0:1	0x00470900:1	mechanical_candidate_not_manually_reviewed	pending_audit		ownership and call-graph fields are navigation only; close from full LST body and external chunks
198	0x00470A10	sub_470A10	actor_actions_effects_and_rendering	medium	0x004659C0:1;0x00465E50:1	0x00470900:1	mechanical_candidate_not_manually_reviewed	pending_audit		ownership and call-graph fields are navigation only; close from full LST body and external chunks
199	0x00470AC0	sub_470AC0	actor_actions_effects_and_rendering	medium	0x00462740:3	0x00431150:1;0x00470900:1;0x00476A80:3	mechanical_candidate_not_manually_reviewed	pending_audit		ownership and call-graph fields are navigation only; close from full LST body and external chunks
200	0x00470E20	sub_470E20	actor_actions_effects_and_rendering	medium	0x004539B0:2;0x00462740:3;0x00470820:1	0x00470900:2;0x004885A0:1	mechanical_candidate_not_manually_reviewed	pending_audit		ownership and call-graph fields are navigation only; close from full LST body and external chunks
201	0x00470F70	sub_470F70	actor_actions_effects_and_rendering	medium	0x00465E50:1	0x00470900:1	mechanical_candidate_not_manually_reviewed	pending_audit		ownership and call-graph fields are navigation only; close from full LST body and external chunks
202	0x00470FE0	sub_470FE0	actor_actions_effects_and_rendering	medium	0x00466190:2	0x00470900:1	mechanical_candidate_not_manually_reviewed	pending_audit		ownership and call-graph fields are navigation only; close from full LST body and external chunks
203	0x00471080	sub_471080	actor_actions_effects_and_rendering	medium	0x00466190:1	0x00470900:1	mechanical_candidate_not_manually_reviewed	pending_audit		ownership and call-graph fields are navigation only; close from full LST body and external chunks
204	0x004710D0	sub_4710D0	actor_actions_effects_and_rendering	medium	0x004539B0:1	0x004019A0:1;0x00433F30:1;0x00478470:1;0x00478620:1;0x0047CE70:1	mechanical_candidate_not_manually_reviewed	pending_audit		ownership and call-graph fields are navigation only; close from full LST body and external chunks
205	0x00471270	sub_471270	actor_actions_effects_and_rendering	medium	0x004539B0:1	0x00434790:1;0x00471FC0:5;0x004885A0:1	mechanical_candidate_not_manually_reviewed	pending_audit		ownership and call-graph fields are navigation only; close from full LST body and external chunks
206	0x004714B0	sub_4714B0	actor_actions_effects_and_rendering	medium	0x00456680:1	0x00439070:3	mechanical_candidate_not_manually_reviewed	pending_audit		ownership and call-graph fields are navigation only; close from full LST body and external chunks
207	0x00471540	sub_471540	actor_actions_effects_and_rendering	medium	0x00456680:2	0x004170E0:1;0x004315D0:1;0x004321E0:1;0x004785C0:1;0x00478600:1;0x0047F920:1;0x00485610:1;0x00485650:1	mechanical_candidate_not_manually_reviewed	pending_audit		ownership and call-graph fields are navigation only; close from full LST body and external chunks
208	0x004717D0	sub_4717D0	actor_actions_effects_and_rendering	medium	0x00462740:1		mechanical_candidate_not_manually_reviewed	pending_audit		ownership and call-graph fields are navigation only; close from full LST body and external chunks
209	0x004717E0	sub_4717E0	actor_actions_effects_and_rendering	medium	0x00462740:1		mechanical_candidate_not_manually_reviewed	pending_audit		ownership and call-graph fields are navigation only; close from full LST body and external chunks
210	0x004717F0	sub_4717F0	actor_actions_effects_and_rendering	medium	0x004539B0:1	0x004170E0:2;0x004315D0:1;0x004321E0:1;0x00434350:1;0x004783B0:1;0x00478400:1;0x00478470:1;0x00485610:1	mechanical_candidate_not_manually_reviewed	pending_audit		ownership and call-graph fields are navigation only; close from full LST body and external chunks
211	0x00471AD0	sub_471AD0	actor_actions_effects_and_rendering	medium	0x004539B0:1	0x004170E0:2;0x004315D0:1;0x004321E0:1;0x00434350:1;0x004783B0:1;0x00478400:1;0x00478470:1;0x00485610:1	mechanical_candidate_not_manually_reviewed	pending_audit		ownership and call-graph fields are navigation only; close from full LST body and external chunks
212	0x00471D60	sub_471D60	actor_actions_effects_and_rendering	medium	0x004539B0:1;0x00466F70:1	0x004170E0:1;0x004315D0:1;0x004321E0:1;0x00485610:2	mechanical_candidate_not_manually_reviewed	pending_audit		ownership and call-graph fields are navigation only; close from full LST body and external chunks
213	0x00471FC0	sub_471FC0	actor_actions_effects_and_rendering	medium	0x00471270:5	0x004170E0:2;0x004315D0:1;0x004321E0:1;0x00434350:1;0x00485610:1	mechanical_candidate_not_manually_reviewed	pending_audit		ownership and call-graph fields are navigation only; close from full LST body and external chunks
214	0x004721F0	sub_4721F0	actor_actions_effects_and_rendering	medium	0x004539B0:1	0x004170E0:2;0x004315D0:1;0x004321E0:1;0x004783B0:1;0x00485610:1;0x00485650:1	mechanical_candidate_not_manually_reviewed	pending_audit		ownership and call-graph fields are navigation only; close from full LST body and external chunks
215	0x00472430	sub_472430	actor_actions_effects_and_rendering	medium	0x004539B0:1	0x00439070:1;0x00480AD0:1;0x00482F10:1	mechanical_candidate_not_manually_reviewed	pending_audit		ownership and call-graph fields are navigation only; close from full LST body and external chunks
216	0x004724D0	sub_4724D0	actor_actions_effects_and_rendering	medium	0x004539B0:1	0x004170E0:2;0x004315D0:1;0x004321E0:1;0x00485610:1;0x00485650:1	mechanical_candidate_not_manually_reviewed	pending_audit		ownership and call-graph fields are navigation only; close from full LST body and external chunks
217	0x00472710	sub_472710	actor_actions_effects_and_rendering	medium	0x004539B0:1	0x00480AD0:1	mechanical_candidate_not_manually_reviewed	pending_audit		ownership and call-graph fields are navigation only; close from full LST body and external chunks
218	0x00472730	sub_472730	actor_actions_effects_and_rendering	medium	0x004539B0:1	0x00439070:3;0x00480AD0:1;0x00484500:1	mechanical_candidate_not_manually_reviewed	pending_audit		ownership and call-graph fields are navigation only; close from full LST body and external chunks
219	0x004728D0	sub_4728D0	actor_actions_effects_and_rendering	medium	0x0045EA80:1;0x0045F2A0:1		mechanical_candidate_not_manually_reviewed	pending_audit		ownership and call-graph fields are navigation only; close from full LST body and external chunks
220	0x004728E0	sub_4728E0	actor_actions_effects_and_rendering	medium	0x004539B0:1	0x004170E0:3;0x004315D0:1;0x004321E0:1;0x004783B0:1;0x00478780:1;0x0047CEC0:1;0x0047D640:1;0x00481010:1;0x004838D0:1;0x00485610:1;0x00485650:1	mechanical_candidate_not_manually_reviewed	pending_audit		ownership and call-graph fields are navigation only; close from full LST body and external chunks
221	0x00472C70	sub_472C70	actor_actions_effects_and_rendering	medium	0x0045C010:4	0x00482F10:1;0x004830A0:1	mechanical_candidate_not_manually_reviewed	pending_audit		ownership and call-graph fields are navigation only; close from full LST body and external chunks
222	0x00472CE0	sub_472CE0	actor_actions_effects_and_rendering	medium	0x004539B0:6	0x004170E0:3;0x004315D0:2;0x004321E0:2;0x004783B0:1;0x00485610:1;0x00485650:1	mechanical_candidate_not_manually_reviewed	pending_audit		ownership and call-graph fields are navigation only; close from full LST body and external chunks
223	0x00473010	sub_473010	actor_actions_effects_and_rendering	medium	0x004539B0:1	0x0045D3E0:1;0x004831C0:1;0x00483B30:1	mechanical_candidate_not_manually_reviewed	pending_audit		ownership and call-graph fields are navigation only; close from full LST body and external chunks
224	0x004731A0	sub_4731A0	actor_actions_effects_and_rendering	medium	0x004539B0:1	0x004170E0:2;0x004315D0:1;0x004321E0:1;0x0045AF90:1;0x004783B0:1;0x00478780:1;0x004787D0:2;0x0047CEC0:3;0x0047CF00:2;0x0047D640:3;0x0047F150:1;0x0047F940:1;0x00481010:1;0x00485610:1;0x00485650:1	mechanical_candidate_not_manually_reviewed	pending_audit		ownership and call-graph fields are navigation only; close from full LST body and external chunks
225	0x004735B0	sub_4735B0	actor_actions_effects_and_rendering	medium	0x004539B0:1	0x004170E0:5;0x004315D0:2;0x004321E0:2;0x00478780:1;0x0047CEC0:1;0x0047D640:1;0x0047F940:1;0x00481010:1;0x00483DB0:1;0x00485610:2;0x00485650:2	mechanical_candidate_not_manually_reviewed	pending_audit		ownership and call-graph fields are navigation only; close from full LST body and external chunks
226	0x00473C10	sub_473C10	actor_actions_effects_and_rendering	medium	0x004539B0:1	0x004170E0:7;0x004315D0:3;0x004321E0:3;0x00474FC0:3;0x004783B0:1;0x00478780:1;0x004820A0:1;0x004831C0:1;0x004838D0:1;0x00485610:2;0x00485650:1	mechanical_candidate_not_manually_reviewed	pending_audit		ownership and call-graph fields are navigation only; close from full LST body and external chunks
227	0x004745B0	sub_4745B0	actor_actions_effects_and_rendering	medium	0x004539B0:2	0x004170E0:2;0x0045AF90:1;0x0045D3E0:1;0x00474FC0:2;0x00478780:2;0x0047F940:1;0x004831C0:1;0x004838D0:1;0x00483B30:1	mechanical_candidate_not_manually_reviewed	pending_audit		ownership and call-graph fields are navigation only; close from full LST body and external chunks
228	0x00474B60	sub_474B60	actor_actions_effects_and_rendering	medium	0x004539B0:1	0x00439070:1	mechanical_candidate_not_manually_reviewed	pending_audit		ownership and call-graph fields are navigation only; close from full LST body and external chunks
229	0x00474BA0	sub_474BA0	actor_actions_effects_and_rendering	medium	0x004539B0:1	0x004783B0:2;0x0047FC40:1;0x004800F0:1;0x004801A0:1;0x00481FD0:2;0x004831C0:1;0x00483B30:1;0x00485610:1	mechanical_candidate_not_manually_reviewed	pending_audit		ownership and call-graph fields are navigation only; close from full LST body and external chunks
230	0x00474E60	sub_474E60	actor_actions_effects_and_rendering	medium	0x004539B0:1	0x004783B0:1;0x00482840:1;0x004831C0:1;0x00484230:1	mechanical_candidate_not_manually_reviewed	pending_audit		ownership and call-graph fields are navigation only; close from full LST body and external chunks
231	0x00474FC0	sub_474FC0	actor_actions_effects_and_rendering	medium	0x0046F8C0:2;0x00473C10:3;0x004745B0:2	0x00477830:1;0x00478780:1;0x0047CD60:1;0x0047CEC0:1;0x0047D640:1;0x00481010:1	mechanical_candidate_not_manually_reviewed	pending_audit		ownership and call-graph fields are navigation only; close from full LST body and external chunks
232	0x004750C0	sub_4750C0	actor_actions_effects_and_rendering	medium	0x004576A0:1;0x0045AA00:1;0x00461C10:4;0x00464270:1;0x00466F70:1		mechanical_candidate_not_manually_reviewed	pending_audit		ownership and call-graph fields are navigation only; close from full LST body and external chunks
233	0x00475160	sub_475160	actor_actions_effects_and_rendering	medium	0x00466F70:1	0x00482F10:1	mechanical_candidate_not_manually_reviewed	pending_audit		ownership and call-graph fields are navigation only; close from full LST body and external chunks
234	0x00475180	sub_475180	actor_actions_effects_and_rendering	medium	0x0045EA30:1;0x0046E4D0:1	0x004885A0:2	mechanical_candidate_not_manually_reviewed	pending_audit		ownership and call-graph fields are navigation only; close from full LST body and external chunks
235	0x004751C0	sub_4751C0	actor_actions_effects_and_rendering	medium	0x004539B0:1	0x004170E0:2;0x004315D0:1;0x004321E0:1;0x004783B0:1;0x00478780:1;0x0047FC40:2;0x004800F0:2;0x004801A0:2;0x00485610:2;0x00485650:1	mechanical_candidate_not_manually_reviewed	pending_audit		ownership and call-graph fields are navigation only; close from full LST body and external chunks
236	0x00475560	sub_475560	actor_actions_effects_and_rendering	medium		0x00478250:1;0x00487C10:1	mechanical_candidate_not_manually_reviewed	pending_audit		ownership and call-graph fields are navigation only; close from full LST body and external chunks
237	0x00475590	sub_475590	actor_actions_effects_and_rendering	medium		0x00476A60:1;0x00478300:1	mechanical_candidate_not_manually_reviewed	pending_audit		ownership and call-graph fields are navigation only; close from full LST body and external chunks
238	0x004755E0	sub_4755E0	actor_actions_effects_and_rendering	medium	0x00451B10:1;0x004576A0:1		mechanical_candidate_not_manually_reviewed	pending_audit		ownership and call-graph fields are navigation only; close from full LST body and external chunks
239	0x00475720	sub_475720	actor_actions_effects_and_rendering	medium	0x00451B10:1;0x00455D60:1	0x00476A80:1;0x00476DB0:1;0x00478220:1	mechanical_candidate_not_manually_reviewed	pending_audit		ownership and call-graph fields are navigation only; close from full LST body and external chunks
240	0x00475820	sub_475820	actor_actions_effects_and_rendering	medium	0x00469D20:1	0x00476A80:1;0x00476DB0:1;0x00478220:1	mechanical_candidate_not_manually_reviewed	pending_audit		ownership and call-graph fields are navigation only; close from full LST body and external chunks
241	0x00475870	sub_475870	actor_actions_effects_and_rendering	medium	0x0045AA00:1		mechanical_candidate_not_manually_reviewed	pending_audit		ownership and call-graph fields are navigation only; close from full LST body and external chunks
242	0x004758A0	sub_4758A0	actor_actions_effects_and_rendering	medium	0x00455D60:2	0x004170E0:2;0x00439070:1;0x0045AF90:1;0x0045D3E0:1;0x00478780:5;0x004787D0:2;0x0047C6B0:1;0x0047C950:1;0x0047CD60:2;0x0047CEC0:2;0x0047D640:4;0x0047F360:2;0x0047F940:1;0x00481A40:2;0x00482E90:2;0x004831C0:1;0x004838D0:1;0x00483B30:1	mechanical_candidate_not_manually_reviewed	pending_audit		ownership and call-graph fields are navigation only; close from full LST body and external chunks
243	0x00476080	sub_476080	actor_actions_effects_and_rendering	medium	0x004576A0:1	0x00439070:1	mechanical_candidate_not_manually_reviewed	pending_audit		ownership and call-graph fields are navigation only; close from full LST body and external chunks
244	0x00476140	sub_476140	actor_actions_effects_and_rendering	medium	0x004576A0:1		mechanical_candidate_not_manually_reviewed	pending_audit		ownership and call-graph fields are navigation only; close from full LST body and external chunks
245	0x00476160	sub_476160	actor_actions_effects_and_rendering	medium	0x004539B0:1;0x00469D20:1	0x00476A80:1;0x00476DB0:1;0x00478710:1	mechanical_candidate_not_manually_reviewed	pending_audit		ownership and call-graph fields are navigation only; close from full LST body and external chunks
246	0x004761D0	sub_4761D0	actor_actions_effects_and_rendering	medium	0x004576A0:1	0x00476A80:1;0x00478710:2	mechanical_candidate_not_manually_reviewed	pending_audit		ownership and call-graph fields are navigation only; close from full LST body and external chunks
247	0x00476250	sub_476250	actor_actions_effects_and_rendering	medium	0x004539B0:1;0x00469D20:1	0x00476A80:1;0x00478710:2	mechanical_candidate_not_manually_reviewed	pending_audit		ownership and call-graph fields are navigation only; close from full LST body and external chunks
248	0x004762F0	sub_4762F0	actor_actions_effects_and_rendering	medium	0x00467710:1	0x00439070:1	mechanical_candidate_not_manually_reviewed	pending_audit		ownership and call-graph fields are navigation only; close from full LST body and external chunks
249	0x00476330	sub_476330	actor_actions_effects_and_rendering	medium	0x004576A0:1	0x00439070:4	mechanical_candidate_not_manually_reviewed	pending_audit		ownership and call-graph fields are navigation only; close from full LST body and external chunks
250	0x004763D0	sub_4763D0	actor_actions_effects_and_rendering	medium	0x00455D60:1	0x004170E0:1;0x004315D0:1;0x004321E0:1;0x004785C0:1;0x00478600:1;0x00485610:2;0x00485650:1	mechanical_candidate_not_manually_reviewed	pending_audit		ownership and call-graph fields are navigation only; close from full LST body and external chunks
251	0x00476600	sub_476600	actor_actions_effects_and_rendering	medium	0x00466F70:1	0x00439070:4;0x00476DB0:2	mechanical_candidate_not_manually_reviewed	pending_audit		ownership and call-graph fields are navigation only; close from full LST body and external chunks
252	0x00476780	sub_476780	actor_actions_effects_and_rendering	medium	0x004620D0:1;0x00466C00:1	0x00476DB0:3	mechanical_candidate_not_manually_reviewed	pending_audit		ownership and call-graph fields are navigation only; close from full LST body and external chunks
253	0x00476860	sub_476860	actor_actions_effects_and_rendering	medium	0x004620D0:1;0x00466C00:1	0x00476DB0:2	mechanical_candidate_not_manually_reviewed	pending_audit		ownership and call-graph fields are navigation only; close from full LST body and external chunks
254	0x004768D0	sub_4768D0	actor_actions_effects_and_rendering	medium	0x0045FC60:1;0x00464270:1		mechanical_candidate_not_manually_reviewed	pending_audit		ownership and call-graph fields are navigation only; close from full LST body and external chunks
255	0x00476900	sub_476900	actor_actions_effects_and_rendering	medium	0x00455D60:1		mechanical_candidate_not_manually_reviewed	pending_audit		ownership and call-graph fields are navigation only; close from full LST body and external chunks
256	0x00476920	sub_476920	actor_actions_effects_and_rendering	medium	0x00469D20:1		mechanical_candidate_not_manually_reviewed	pending_audit		ownership and call-graph fields are navigation only; close from full LST body and external chunks
257	0x004769A0	sub_4769A0	actor_actions_effects_and_rendering	medium	0x00469D20:1		mechanical_candidate_not_manually_reviewed	pending_audit		ownership and call-graph fields are navigation only; close from full LST body and external chunks
258	0x00476A10	sub_476A10	actor_actions_effects_and_rendering	medium	0x00469D20:1		mechanical_candidate_not_manually_reviewed	pending_audit		ownership and call-graph fields are navigation only; close from full LST body and external chunks
259	0x00476A60	sub_476A60	actor_actions_effects_and_rendering	medium	0x0045EA30:1;0x00475590:1	0x004885A0:1	mechanical_candidate_not_manually_reviewed	pending_audit		ownership and call-graph fields are navigation only; close from full LST body and external chunks
260	0x00476A80	sub_476A80	actor_actions_effects_and_rendering	confirmed_boundary	0x00443BD0:1;0x004442B0:1;0x00446700:1;0x0044D6E0:1;0x0046FFF0:2;0x00470180:1;0x004705C0:1;0x004707B0:1;0x00470AC0:3;0x00475720:1;0x00475820:1;0x00476160:1;0x004761D0:1;0x00476250:1;0x00480220:8	0x00487C10:1;0x004885A0:2	manual_reviewed_current_assembly	pending_audit		ownership and call-graph fields are navigation only; close from full LST body and external chunks
261	0x00476DB0	sub_476DB0	actor_actions_effects_and_rendering	confirmed_boundary	0x00402F80:1;0x004070A0:2;0x0040B7F0:1;0x0043C0D0:1;0x0043C9C0:1;0x0043CEF0:1;0x0043D050:3;0x0043D530:1;0x0043F1E0:2;0x0044D0F0:1;0x0044D2D0:1;0x004539B0:1;0x00455D60:1;0x0045D180:1;0x00468C80:3;0x00468FF0:1;0x0046E890:1;0x0046E9C0:1;0x004707B0:1;0x00475720:1;0x00475820:1;0x00476160:1;0x00476600:2;0x00476780:3;0x00476860:2;0x00477400:1;0x00477A20:1;0x00477B40:2;0x00477BD0:1;0x00480220:5	0x00487C10:2;0x004885A0:3;0x004889B0:1	manual_reviewed_current_assembly	pending_audit		ownership and call-graph fields are navigation only; close from full LST body and external chunks
262	0x00477290	sub_477290	actor_actions_effects_and_rendering	confirmed_boundary	0x00411030:1;0x0043AAA0:1;0x0044A280:1;0x00467C50:1	0x00487C10:1;0x004885A0:2	manual_reviewed_current_assembly	pending_audit		ownership and call-graph fields are navigation only; close from full LST body and external chunks
263	0x00477400	sub_477400	actor_actions_effects_and_rendering	medium	0x00467C50:2	0x00431150:1;0x00476DB0:1;0x00487C10:2;0x004885A0:2	mechanical_candidate_not_manually_reviewed	pending_audit		ownership and call-graph fields are navigation only; close from full LST body and external chunks
264	0x004776A0	sub_4776A0	actor_actions_effects_and_rendering	medium	0x0045B630:1		mechanical_candidate_not_manually_reviewed	pending_audit		ownership and call-graph fields are navigation only; close from full LST body and external chunks
265	0x004776F0	sub_4776F0	actor_actions_effects_and_rendering	medium	0x00451A20:3		mechanical_candidate_not_manually_reviewed	pending_audit		ownership and call-graph fields are navigation only; close from full LST body and external chunks
266	0x00477710	sub_477710	actor_actions_effects_and_rendering	medium	0x004539B0:1;0x0045AA00:1	0x00487C10:1	mechanical_candidate_not_manually_reviewed	pending_audit		ownership and call-graph fields are navigation only; close from full LST body and external chunks
267	0x00477780	sub_477780	actor_actions_effects_and_rendering	confirmed_boundary	0x00409DD0:1;0x0040F890:4	0x00487C10:1	manual_reviewed_current_assembly	pending_audit		ownership and call-graph fields are navigation only; close from full LST body and external chunks
268	0x00477800	sub_477800	actor_actions_effects_and_rendering	confirmed_boundary	0x00409CE0:1;0x00410730:2;0x0043C0D0:1;0x00442CA0:1;0x004539B0:1;0x00466950:1		manual_reviewed_current_assembly	pending_audit		ownership and call-graph fields are navigation only; close from full LST body and external chunks
269	0x00477830	sub_477830	actor_actions_effects_and_rendering	medium	0x00474FC0:1	0x00487C10:1;0x00489654:4	mechanical_candidate_not_manually_reviewed	pending_audit		ownership and call-graph fields are navigation only; close from full LST body and external chunks
270	0x00477920	sub_477920	actor_actions_effects_and_rendering	confirmed_boundary	0x0040F890:2	0x00487C10:1;0x00489654:2	manual_reviewed_current_assembly	pending_audit		ownership and call-graph fields are navigation only; close from full LST body and external chunks
271	0x004779F0	sub_4779F0	actor_actions_effects_and_rendering	confirmed_boundary	0x00410730:1;0x00442CA0:1;0x0046F030:2;0x00482F10:1		manual_reviewed_current_assembly	pending_audit		ownership and call-graph fields are navigation only; close from full LST body and external chunks
272	0x00477A20	sub_477A20	actor_actions_effects_and_rendering	confirmed_boundary	0x0040F890:2	0x00476DB0:1;0x00478220:1;0x00487C10:1;0x00489654:2	manual_reviewed_current_assembly	pending_audit		ownership and call-graph fields are navigation only; close from full LST body and external chunks
273	0x00477B40	sub_477B40	actor_actions_effects_and_rendering	confirmed_boundary	0x00410730:1;0x00442CA0:1;0x0044AB00:1	0x00476DB0:2;0x00478220:2	manual_reviewed_current_assembly	pending_audit		ownership and call-graph fields are navigation only; close from full LST body and external chunks
274	0x00477BD0	sub_477BD0	actor_actions_effects_and_rendering	medium	0x00469D20:1	0x00431150:1;0x00476DB0:1;0x00487C10:1	mechanical_candidate_not_manually_reviewed	pending_audit		ownership and call-graph fields are navigation only; close from full LST body and external chunks
275	0x00478220	sub_478220	actor_actions_effects_and_rendering	medium	0x004539B0:1;0x00455D60:1;0x00468C80:2;0x00468FF0:1;0x0046E890:1;0x0046E9C0:1;0x004707B0:1;0x00475720:1;0x00475820:1;0x00477A20:1;0x00477B40:2;0x00480220:3	0x004885A0:1	mechanical_candidate_not_manually_reviewed	pending_audit		ownership and call-graph fields are navigation only; close from full LST body and external chunks
276	0x00478250	sub_478250	actor_actions_effects_and_rendering	medium	0x0046E490:1;0x00475560:1		mechanical_candidate_not_manually_reviewed	pending_audit		ownership and call-graph fields are navigation only; close from full LST body and external chunks
277	0x00478300	sub_478300	actor_actions_effects_and_rendering	medium	0x0046E4D0:1;0x00475590:1	0x004885A0:1	mechanical_candidate_not_manually_reviewed	pending_audit		ownership and call-graph fields are navigation only; close from full LST body and external chunks
278	0x00478330	sub_478330	actor_actions_effects_and_rendering	medium	0x00456680:6;0x0045AA00:1;0x0045ADF0:1;0x0045D490:3;0x0045F2A0:1;0x00462740:8;0x00464CC0:1;0x00469D20:3		mechanical_candidate_not_manually_reviewed	pending_audit		ownership and call-graph fields are navigation only; close from full LST body and external chunks
279	0x00478340	sub_478340	actor_actions_effects_and_rendering	medium	0x00459D10:2;0x0045DEE0:1;0x00466950:1	0x00489654:1	mechanical_candidate_not_manually_reviewed	pending_audit		ownership and call-graph fields are navigation only; close from full LST body and external chunks
280	0x00478370	sub_478370	actor_actions_effects_and_rendering	medium	0x004527E0:1;0x004576A0:2		mechanical_candidate_not_manually_reviewed	pending_audit		ownership and call-graph fields are navigation only; close from full LST body and external chunks
281	0x00478380	sub_478380	actor_actions_effects_and_rendering	medium	0x00451B10:1	0x00439070:1	mechanical_candidate_not_manually_reviewed	pending_audit		ownership and call-graph fields are navigation only; close from full LST body and external chunks
282	0x004783B0	sub_4783B0	actor_actions_effects_and_rendering	medium	0x004539B0:1;0x004582B0:5;0x00458DE0:1;0x004599B0:1;0x00459BF0:1;0x0045B0E0:2;0x00469D20:6;0x004717F0:1;0x00471AD0:1;0x004721F0:1;0x004728E0:1;0x00472CE0:1;0x004731A0:1;0x00473C10:1;0x00474BA0:2;0x00474E60:1;0x004751C0:1;0x0047C950:1;0x0047F940:1;0x00482310:1;0x00482840:1;0x004831C0:1;0x004838D0:1;0x00483DB0:1		mechanical_candidate_not_manually_reviewed	pending_audit		ownership and call-graph fields are navigation only; close from full LST body and external chunks
283	0x00478400	sub_478400	actor_actions_effects_and_rendering	medium	0x004582B0:1;0x00458DE0:1;0x004599B0:1;0x00464270:3;0x004717F0:1;0x00471AD0:1		mechanical_candidate_not_manually_reviewed	pending_audit		ownership and call-graph fields are navigation only; close from full LST body and external chunks
284	0x00478470	sub_478470	actor_actions_effects_and_rendering	medium	0x004582B0:1;0x00458DE0:1;0x004599B0:1;0x00469D20:2;0x004710D0:1;0x004717F0:1;0x00471AD0:1;0x00484020:1		mechanical_candidate_not_manually_reviewed	pending_audit		ownership and call-graph fields are navigation only; close from full LST body and external chunks
285	0x004784A0	sub_4784A0	actor_actions_effects_and_rendering	medium	0x0045FC60:3;0x00460C40:3;0x00461240:3;0x00462740:2;0x00464270:4	0x004315D0:1;0x004321E0:1	mechanical_candidate_not_manually_reviewed	pending_audit		ownership and call-graph fields are navigation only; close from full LST body and external chunks
286	0x004785A0	sub_4785A0	actor_actions_effects_and_rendering	medium	0x0045D8F0:4		mechanical_candidate_not_manually_reviewed	pending_audit		ownership and call-graph fields are navigation only; close from full LST body and external chunks
287	0x004785C0	sub_4785C0	actor_actions_effects_and_rendering	medium	0x0045BD90:4;0x00469D20:13;0x00471540:1;0x004763D0:1		mechanical_candidate_not_manually_reviewed	pending_audit		ownership and call-graph fields are navigation only; close from full LST body and external chunks
288	0x00478600	sub_478600	actor_actions_effects_and_rendering	medium	0x0045BD90:4;0x0045DEE0:1;0x004620D0:1;0x00469D20:13;0x00471540:1;0x004763D0:1		mechanical_candidate_not_manually_reviewed	pending_audit		ownership and call-graph fields are navigation only; close from full LST body and external chunks
289	0x00478620	sub_478620	actor_actions_effects_and_rendering	medium	0x0045FC60:3;0x004710D0:1;0x00484020:1	0x004315D0:1;0x004321E0:1	mechanical_candidate_not_manually_reviewed	pending_audit		ownership and call-graph fields are navigation only; close from full LST body and external chunks
290	0x00478670	sub_478670	actor_actions_effects_and_rendering	medium	0x00451B10:2;0x00481010:1;0x00481A40:1		mechanical_candidate_not_manually_reviewed	pending_audit		ownership and call-graph fields are navigation only; close from full LST body and external chunks
291	0x00478690	sub_478690	actor_actions_effects_and_rendering	medium	0x00456680:2;0x004576A0:1		mechanical_candidate_not_manually_reviewed	pending_audit		ownership and call-graph fields are navigation only; close from full LST body and external chunks
292	0x004786A0	sub_4786A0	actor_actions_effects_and_rendering	medium	0x00456680:4;0x004576A0:3		mechanical_candidate_not_manually_reviewed	pending_audit		ownership and call-graph fields are navigation only; close from full LST body and external chunks
293	0x004786B0	sub_4786B0	actor_actions_effects_and_rendering	medium	0x004539B0:1;0x00455D60:1;0x0045DEE0:2		mechanical_candidate_not_manually_reviewed	pending_audit		ownership and call-graph fields are navigation only; close from full LST body and external chunks
294	0x004786C0	sub_4786C0	actor_actions_effects_and_rendering	medium	0x004539B0:1		mechanical_candidate_not_manually_reviewed	pending_audit		ownership and call-graph fields are navigation only; close from full LST body and external chunks
295	0x004786D0	sub_4786D0	actor_actions_effects_and_rendering	medium	0x00456680:1;0x004576A0:1;0x0045DEE0:2		mechanical_candidate_not_manually_reviewed	pending_audit		ownership and call-graph fields are navigation only; close from full LST body and external chunks
296	0x004786E0	sub_4786E0	actor_actions_effects_and_rendering	medium	0x004539B0:2;0x00456680:4;0x004576A0:2;0x0045ADF0:1;0x0045B280:2;0x0045C010:8;0x0045D8F0:1		mechanical_candidate_not_manually_reviewed	pending_audit		ownership and call-graph fields are navigation only; close from full LST body and external chunks
297	0x004786F0	sub_4786F0	actor_actions_effects_and_rendering	medium	0x004539B0:1		mechanical_candidate_not_manually_reviewed	pending_audit		ownership and call-graph fields are navigation only; close from full LST body and external chunks
298	0x00478710	sub_478710	actor_actions_effects_and_rendering	medium	0x004539B0:11;0x00455D60:2;0x00456680:3;0x004576A0:3;0x0045ADF0:1;0x00466F70:1;0x00469D20:7;0x00476160:1;0x004761D0:2;0x00476250:2;0x00480220:8		mechanical_candidate_not_manually_reviewed	pending_audit		ownership and call-graph fields are navigation only; close from full LST body and external chunks
299	0x00478770	sub_478770	actor_actions_effects_and_rendering	medium	0x00478B60:1		mechanical_candidate_not_manually_reviewed	pending_audit		ownership and call-graph fields are navigation only; close from full LST body and external chunks
300	0x00478780	sub_478780	actor_actions_effects_and_rendering	medium	0x004539B0:3;0x004576A0:1;0x004582B0:2;0x00458DE0:6;0x00469D20:1;0x0046F8C0:1;0x004728E0:1;0x004731A0:1;0x004735B0:1;0x00473C10:1;0x004745B0:2;0x00474FC0:1;0x004751C0:1;0x004758A0:5;0x00478B60:1;0x0047E5C0:1;0x0047FC40:1;0x00481010:1;0x00481A40:2;0x004838D0:1;0x00483DB0:1		mechanical_candidate_not_manually_reviewed	pending_audit		ownership and call-graph fields are navigation only; close from full LST body and external chunks
301	0x004787C0	sub_4787C0	actor_actions_effects_and_rendering	medium	0x00453200:1		mechanical_candidate_not_manually_reviewed	pending_audit		ownership and call-graph fields are navigation only; close from full LST body and external chunks
302	0x004787D0	sub_4787D0	actor_actions_effects_and_rendering	medium	0x004539B0:1;0x004576A0:1;0x004582B0:2;0x00458DE0:6;0x0045C010:4;0x0045D690:5;0x00469D20:1;0x0046EE60:3;0x004731A0:2;0x004758A0:2;0x0047E5C0:2;0x00481010:8;0x00481A40:3		mechanical_candidate_not_manually_reviewed	pending_audit		ownership and call-graph fields are navigation only; close from full LST body and external chunks
303	0x004787F0	sub_4787F0	actor_actions_effects_and_rendering	medium	0x004539B0:3;0x00455D60:2;0x00469D20:2		mechanical_candidate_not_manually_reviewed	pending_audit		ownership and call-graph fields are navigation only; close from full LST body and external chunks
304	0x00478830	sub_478830	actor_actions_effects_and_rendering	medium	0x00469D20:2		mechanical_candidate_not_manually_reviewed	pending_audit		ownership and call-graph fields are navigation only; close from full LST body and external chunks
305	0x00478850	sub_478850	actor_actions_effects_and_rendering	medium	0x004527E0:2;0x004539B0:1;0x00456680:4;0x004576A0:5;0x0045ADF0:2;0x0045D8F0:2;0x00466F70:1;0x00479850:4;0x0047E880:1	0x00439070:1	mechanical_candidate_not_manually_reviewed	pending_audit		ownership and call-graph fields are navigation only; close from full LST body and external chunks
306	0x00478A70	sub_478A70	actor_actions_effects_and_rendering	medium	0x004539B0:1;0x00456680:5;0x004576A0:6;0x0045ADF0:1;0x00466F70:1;0x00469D20:6		mechanical_candidate_not_manually_reviewed	pending_audit		ownership and call-graph fields are navigation only; close from full LST body and external chunks
307	0x00478AA0	sub_478AA0	actor_actions_effects_and_rendering	medium	0x00456680:3		mechanical_candidate_not_manually_reviewed	pending_audit		ownership and call-graph fields are navigation only; close from full LST body and external chunks
308	0x00478AB0	sub_478AB0	actor_actions_effects_and_rendering	medium	0x00469D20:1		mechanical_candidate_not_manually_reviewed	pending_audit		ownership and call-graph fields are navigation only; close from full LST body and external chunks
309	0x00478AC0	sub_478AC0	actor_actions_effects_and_rendering	medium	0x00456680:2;0x004576A0:2;0x00469D20:1		mechanical_candidate_not_manually_reviewed	pending_audit		ownership and call-graph fields are navigation only; close from full LST body and external chunks
310	0x00478AE0	sub_478AE0	actor_actions_effects_and_rendering	medium	0x004539B0:2;0x00456680:4;0x004576A0:3;0x0045ADF0:2;0x0045D8F0:1		mechanical_candidate_not_manually_reviewed	pending_audit		ownership and call-graph fields are navigation only; close from full LST body and external chunks
311	0x00478B20	sub_478B20	actor_actions_effects_and_rendering	medium	0x00456680:2;0x004576A0:1;0x0045ADF0:2		mechanical_candidate_not_manually_reviewed	pending_audit		ownership and call-graph fields are navigation only; close from full LST body and external chunks
312	0x00478B30	sub_478B30	actor_actions_effects_and_rendering	medium	0x004539B0:1;0x00456680:1;0x004576A0:1		mechanical_candidate_not_manually_reviewed	pending_audit		ownership and call-graph fields are navigation only; close from full LST body and external chunks
313	0x00478B40	sub_478B40	actor_actions_effects_and_rendering	medium	0x00456680:3;0x004576A0:1		mechanical_candidate_not_manually_reviewed	pending_audit		ownership and call-graph fields are navigation only; close from full LST body and external chunks
314	0x00478B50	sub_478B50	actor_actions_effects_and_rendering	medium	0x004576A0:1		mechanical_candidate_not_manually_reviewed	pending_audit		ownership and call-graph fields are navigation only; close from full LST body and external chunks
315	0x00478B60	sub_478B60	actor_actions_effects_and_rendering	medium	0x00456680:1;0x004576A0:1	0x00417050:2;0x004170E0:7;0x004315D0:3;0x004321E0:2;0x00439070:1;0x0044A240:1;0x004507A0:1;0x00478770:1;0x00478780:1;0x0047BA80:1;0x0047CC60:1;0x0047E650:1;0x0047F3C0:1;0x0047F580:1;0x0047F710:2;0x00480AE0:1;0x00480D40:1;0x00485610:2;0x00485650:1	mechanical_candidate_not_manually_reviewed	pending_audit		ownership and call-graph fields are navigation only; close from full LST body and external chunks
316	0x00479850	sub_479850	actor_actions_effects_and_rendering	medium	0x004539B0:1;0x00455D60:1;0x0045AA00:2	0x004019A0:4;0x00416FF0:21;0x004170E0:28;0x00422C70:1;0x00423020:1;0x004315D0:1;0x004321E0:1;0x00433F30:3;0x004344E0:1;0x00434790:1;0x00478850:4;0x0047CE70:4;0x0047E950:1;0x00485610:19;0x004885A0:2	mechanical_candidate_not_manually_reviewed	pending_audit		ownership and call-graph fields are navigation only; close from full LST body and external chunks
317	0x0047BA80	sub_47BA80	actor_actions_effects_and_rendering	medium	0x00478B60:1	0x004170E0:8;0x004315D0:3;0x004321E0:2;0x0047D7F0:1;0x0047E650:1;0x00485610:2;0x00485650:1	mechanical_candidate_not_manually_reviewed	pending_audit		ownership and call-graph fields are navigation only; close from full LST body and external chunks
318	0x0047C1F0	sub_47C1F0	actor_actions_effects_and_rendering	medium	0x0045A980:1	0x004507A0:8	mechanical_candidate_not_manually_reviewed	pending_audit		ownership and call-graph fields are navigation only; close from full LST body and external chunks
319	0x0047C660	sub_47C660	actor_actions_effects_and_rendering	medium	0x00456680:5;0x004576A0:1;0x0045AA00:2;0x0045FC60:6;0x00460C40:4;0x00461240:4;0x00461C10:3;0x00462740:6;0x00464270:5;0x00465090:1;0x00466F70:2;0x00469D20:13		mechanical_candidate_not_manually_reviewed	pending_audit		ownership and call-graph fields are navigation only; close from full LST body and external chunks
320	0x0047C670	sub_47C670	actor_actions_effects_and_rendering	medium	0x00456680:1		mechanical_candidate_not_manually_reviewed	pending_audit		ownership and call-graph fields are navigation only; close from full LST body and external chunks
321	0x0047C680	sub_47C680	actor_actions_effects_and_rendering	medium	0x004539B0:2;0x00455D60:1		mechanical_candidate_not_manually_reviewed	pending_audit		ownership and call-graph fields are navigation only; close from full LST body and external chunks
322	0x0047C690	sub_47C690	actor_actions_effects_and_rendering	medium	0x00456680:1;0x004576A0:1		mechanical_candidate_not_manually_reviewed	pending_audit		ownership and call-graph fields are navigation only; close from full LST body and external chunks
323	0x0047C6B0	sub_47C6B0	actor_actions_effects_and_rendering	medium	0x004539B0:1;0x00455D60:1;0x004758A0:1	0x004170E0:2;0x004315D0:1;0x004321E0:1;0x00485610:1;0x00485650:1	mechanical_candidate_not_manually_reviewed	pending_audit		ownership and call-graph fields are navigation only; close from full LST body and external chunks
324	0x0047C950	sub_47C950	actor_actions_effects_and_rendering	medium	0x004539B0:1;0x00455D60:1;0x0046F8C0:1;0x004758A0:1	0x004170E0:2;0x004315D0:1;0x004321E0:1;0x004783B0:1;0x00485610:1;0x00485650:1	mechanical_candidate_not_manually_reviewed	pending_audit		ownership and call-graph fields are navigation only; close from full LST body and external chunks
325	0x0047CC40	sub_47CC40	actor_actions_effects_and_rendering	medium	0x004539B0:2		mechanical_candidate_not_manually_reviewed	pending_audit		ownership and call-graph fields are navigation only; close from full LST body and external chunks
326	0x0047CC50	sub_47CC50	actor_actions_effects_and_rendering	medium	0x00456680:3		mechanical_candidate_not_manually_reviewed	pending_audit		ownership and call-graph fields are navigation only; close from full LST body and external chunks
327	0x0047CC60	sub_47CC60	actor_actions_effects_and_rendering	medium	0x00478B60:1	0x004170E0:1	mechanical_candidate_not_manually_reviewed	pending_audit		ownership and call-graph fields are navigation only; close from full LST body and external chunks
328	0x0047CD60	sub_47CD60	actor_actions_effects_and_rendering	medium	0x00474FC0:1;0x004758A0:2;0x00481010:1;0x00481A40:1	0x00439070:6	mechanical_candidate_not_manually_reviewed	pending_audit		ownership and call-graph fields are navigation only; close from full LST body and external chunks
329	0x0047CE70	sub_47CE70	actor_actions_effects_and_rendering	medium	0x0045FC60:3;0x004710D0:1;0x00479850:4;0x00484020:1		mechanical_candidate_not_manually_reviewed	pending_audit		ownership and call-graph fields are navigation only; close from full LST body and external chunks
330	0x0047CE80	sub_47CE80	actor_actions_effects_and_rendering	medium	0x00451B10:1;0x004527E0:2;0x004539B0:6;0x00455D60:1;0x00456680:13;0x004576A0:15;0x00458DE0:4;0x00459D10:4;0x0045AA00:1;0x0045ADF0:1;0x0045C010:5;0x0045D490:2;0x0045D8F0:1;0x0045FC60:1;0x00460C40:2;0x00461240:2;0x00462740:3;0x00464270:3;0x00464CC0:2;0x00465090:2;0x00466F70:6;0x00467710:1;0x00468C80:1;0x00468FF0:1;0x00469D20:13		mechanical_candidate_not_manually_reviewed	pending_audit		ownership and call-graph fields are navigation only; close from full LST body and external chunks
331	0x0047CEA0	sub_47CEA0	actor_actions_effects_and_rendering	medium	0x00456680:1;0x00458DE0:1;0x00464270:1		mechanical_candidate_not_manually_reviewed	pending_audit		ownership and call-graph fields are navigation only; close from full LST body and external chunks
332	0x0047CEB0	sub_47CEB0	actor_actions_effects_and_rendering	medium	0x00469D20:1		mechanical_candidate_not_manually_reviewed	pending_audit		ownership and call-graph fields are navigation only; close from full LST body and external chunks
333	0x0047CEC0	sub_47CEC0	actor_actions_effects_and_rendering	medium	0x004539B0:6;0x004576A0:1;0x004582B0:3;0x00458DE0:9;0x0045C010:4;0x0045D690:5;0x00469D20:1;0x0046EE60:3;0x004728E0:1;0x004731A0:3;0x004735B0:1;0x00474FC0:1;0x004758A0:2;0x0047E5C0:1;0x0047FC40:1		mechanical_candidate_not_manually_reviewed	pending_audit		ownership and call-graph fields are navigation only; close from full LST body and external chunks
334	0x0047CF00	sub_47CF00	actor_actions_effects_and_rendering	medium	0x004539B0:1;0x004582B0:2;0x00458DE0:6;0x0046EE60:3;0x004731A0:2		mechanical_candidate_not_manually_reviewed	pending_audit		ownership and call-graph fields are navigation only; close from full LST body and external chunks
335	0x0047CF20	sub_47CF20	actor_actions_effects_and_rendering	medium	0x0045EB40:2	0x00450BD0:8	mechanical_candidate_not_manually_reviewed	pending_audit		ownership and call-graph fields are navigation only; close from full LST body and external chunks
336	0x0047D2E0	sub_47D2E0	actor_actions_effects_and_rendering	medium	0x0047DAD0:1;0x00481010:5;0x00481A40:2		mechanical_candidate_not_manually_reviewed	pending_audit		ownership and call-graph fields are navigation only; close from full LST body and external chunks
337	0x0047D350	sub_47D350	actor_actions_effects_and_rendering	medium	0x00451A20:2;0x00451B10:2;0x004539B0:1;0x00455D60:1;0x00469D20:6	0x0047E950:1;0x004885A0:1	mechanical_candidate_not_manually_reviewed	pending_audit		ownership and call-graph fields are navigation only; close from full LST body and external chunks
338	0x0047D640	sub_47D640	actor_actions_effects_and_rendering	medium	0x004539B0:6;0x004576A0:1;0x004582B0:3;0x00458DE0:9;0x0045C010:4;0x0045D690:5;0x00469D20:1;0x0046EE60:3;0x004728E0:1;0x004731A0:3;0x004735B0:1;0x00474FC0:1;0x004758A0:4;0x0047E5C0:1;0x0047FC40:1	0x004698E0:1;0x00485610:1	mechanical_candidate_not_manually_reviewed	pending_audit		ownership and call-graph fields are navigation only; close from full LST body and external chunks
339	0x0047D7D0	sub_47D7D0	actor_actions_effects_and_rendering	medium	0x0045D490:1;0x00462740:2		mechanical_candidate_not_manually_reviewed	pending_audit		ownership and call-graph fields are navigation only; close from full LST body and external chunks
340	0x0047D7F0	sub_47D7F0	actor_actions_effects_and_rendering	medium	0x0047BA80:1;0x00481010:1;0x00481A40:1		mechanical_candidate_not_manually_reviewed	pending_audit		ownership and call-graph fields are navigation only; close from full LST body and external chunks
341	0x0047D810	sub_47D810	actor_actions_effects_and_rendering	medium	0x004539B0:6;0x00455D60:2;0x00469D20:2		mechanical_candidate_not_manually_reviewed	pending_audit		ownership and call-graph fields are navigation only; close from full LST body and external chunks
342	0x0047D830	sub_47D830	actor_actions_effects_and_rendering	medium	0x004539B0:7;0x00455D60:1;0x00469D20:2		mechanical_candidate_not_manually_reviewed	pending_audit		ownership and call-graph fields are navigation only; close from full LST body and external chunks
343	0x0047D860	sub_47D860	actor_actions_effects_and_rendering	medium	0x004539B0:1;0x00455D60:3;0x004576A0:1;0x00469D20:6		mechanical_candidate_not_manually_reviewed	pending_audit		ownership and call-graph fields are navigation only; close from full LST body and external chunks
344	0x0047D870	sub_47D870	actor_actions_effects_and_rendering	medium	0x00451B10:1;0x004539B0:3;0x00455D60:4		mechanical_candidate_not_manually_reviewed	pending_audit		ownership and call-graph fields are navigation only; close from full LST body and external chunks
345	0x0047D880	sub_47D880	actor_actions_effects_and_rendering	medium	0x00456680:1;0x004576A0:2;0x00462740:4;0x00469D20:1		mechanical_candidate_not_manually_reviewed	pending_audit		ownership and call-graph fields are navigation only; close from full LST body and external chunks
346	0x0047D8A0	sub_47D8A0	actor_actions_effects_and_rendering	medium	0x0045EA80:1		mechanical_candidate_not_manually_reviewed	pending_audit		ownership and call-graph fields are navigation only; close from full LST body and external chunks
347	0x0047D8B0	sub_47D8B0	actor_actions_effects_and_rendering	medium	0x00462740:4;0x00469D20:1		mechanical_candidate_not_manually_reviewed	pending_audit		ownership and call-graph fields are navigation only; close from full LST body and external chunks
348	0x0047D8D0	sub_47D8D0	actor_actions_effects_and_rendering	medium	0x00456680:1;0x004576A0:2;0x00462740:4;0x00469D20:1		mechanical_candidate_not_manually_reviewed	pending_audit		ownership and call-graph fields are navigation only; close from full LST body and external chunks
349	0x0047D8E0	sub_47D8E0	actor_actions_effects_and_rendering	medium	0x004539B0:1;0x00455D60:1		mechanical_candidate_not_manually_reviewed	pending_audit		ownership and call-graph fields are navigation only; close from full LST body and external chunks
350	0x0047D8F0	sub_47D8F0	actor_actions_effects_and_rendering	medium	0x004582B0:1		mechanical_candidate_not_manually_reviewed	pending_audit		ownership and call-graph fields are navigation only; close from full LST body and external chunks
351	0x0047D900	sub_47D900	actor_actions_effects_and_rendering	medium	0x00469D20:7		mechanical_candidate_not_manually_reviewed	pending_audit		ownership and call-graph fields are navigation only; close from full LST body and external chunks
352	0x0047D930	sub_47D930	actor_actions_effects_and_rendering	medium	0x004539B0:1;0x004576A0:1;0x00459D10:1;0x0045FC60:3;0x00460C40:2;0x00461240:2		mechanical_candidate_not_manually_reviewed	pending_audit		ownership and call-graph fields are navigation only; close from full LST body and external chunks
353	0x0047D950	sub_47D950	actor_actions_effects_and_rendering	medium	0x0045D8F0:1;0x00469D20:2;0x00481010:1		mechanical_candidate_not_manually_reviewed	pending_audit		ownership and call-graph fields are navigation only; close from full LST body and external chunks
354	0x0047DA10	sub_47DA10	actor_actions_effects_and_rendering	medium	0x0045D8F0:1;0x00469D20:2		mechanical_candidate_not_manually_reviewed	pending_audit		ownership and call-graph fields are navigation only; close from full LST body and external chunks
355	0x0047DA90	sub_47DA90	actor_actions_effects_and_rendering	medium	0x00469D20:1		mechanical_candidate_not_manually_reviewed	pending_audit		ownership and call-graph fields are navigation only; close from full LST body and external chunks
356	0x0047DAB0	sub_47DAB0	actor_actions_effects_and_rendering	medium	0x004539B0:1		mechanical_candidate_not_manually_reviewed	pending_audit		ownership and call-graph fields are navigation only; close from full LST body and external chunks
357	0x0047DAC0	sub_47DAC0	actor_actions_effects_and_rendering	medium	0x00451B10:2		mechanical_candidate_not_manually_reviewed	pending_audit		ownership and call-graph fields are navigation only; close from full LST body and external chunks
358	0x0047DAD0	sub_47DAD0	actor_actions_effects_and_rendering	medium	0x00456680:1;0x004576A0:1	0x0047D2E0:1;0x0047E4C0:1;0x0047E950:1;0x0047F150:1	mechanical_candidate_not_manually_reviewed	pending_audit		ownership and call-graph fields are navigation only; close from full LST body and external chunks
359	0x0047DBD0	sub_47DBD0	actor_actions_effects_and_rendering	medium	0x004539B0:1;0x00481010:3;0x00481A40:1	0x00439070:1;0x00487C10:1	mechanical_candidate_not_manually_reviewed	pending_audit		ownership and call-graph fields are navigation only; close from full LST body and external chunks
360	0x0047E070	sub_47E070	actor_actions_effects_and_rendering	medium	0x004539B0:2;0x00481010:1;0x00481A40:1	0x004698E0:6;0x00485610:2;0x00487C10:1	mechanical_candidate_not_manually_reviewed	pending_audit		ownership and call-graph fields are navigation only; close from full LST body and external chunks
361	0x0047E4C0	sub_47E4C0	actor_actions_effects_and_rendering	medium	0x0047DAD0:1;0x00481010:1;0x00481A40:1		mechanical_candidate_not_manually_reviewed	pending_audit		ownership and call-graph fields are navigation only; close from full LST body and external chunks
362	0x0047E500	sub_47E500	actor_actions_effects_and_rendering	medium	0x00481010:2		mechanical_candidate_not_manually_reviewed	pending_audit		ownership and call-graph fields are navigation only; close from full LST body and external chunks
363	0x0047E580	sub_47E580	actor_actions_effects_and_rendering	medium	0x0045EC80:2;0x00481010:1;0x00481A40:1		mechanical_candidate_not_manually_reviewed	pending_audit		ownership and call-graph fields are navigation only; close from full LST body and external chunks
364	0x0047E5C0	sub_47E5C0	actor_actions_effects_and_rendering	medium	0x0045EB40:2	0x00478780:1;0x004787D0:2;0x0047CEC0:1;0x0047D640:1;0x0047F150:1	mechanical_candidate_not_manually_reviewed	pending_audit		ownership and call-graph fields are navigation only; close from full LST body and external chunks
365	0x0047E650	sub_47E650	actor_actions_effects_and_rendering	medium	0x00478B60:1;0x0047BA80:1	0x004170E0:3;0x004315D0:1;0x004321E0:1	mechanical_candidate_not_manually_reviewed	pending_audit		ownership and call-graph fields are navigation only; close from full LST body and external chunks
366	0x0047E7F0	sub_47E7F0	actor_actions_effects_and_rendering	medium	0x00459D10:1	0x004170E0:1;0x004315D0:1	mechanical_candidate_not_manually_reviewed	pending_audit		ownership and call-graph fields are navigation only; close from full LST body and external chunks
367	0x0047E880	sub_47E880	actor_actions_effects_and_rendering	medium	0x00469D20:1;0x00481010:2;0x00481A40:1	0x00478850:1;0x0047E950:1	mechanical_candidate_not_manually_reviewed	pending_audit		ownership and call-graph fields are navigation only; close from full LST body and external chunks
368	0x0047E950	sub_47E950	actor_actions_effects_and_rendering	medium	0x00456680:1;0x00466F70:1;0x00467710:1;0x00479850:1;0x0047D350:1;0x0047DAD0:1;0x0047E880:1	0x004698E0:13;0x00485610:11;0x004885A0:3	mechanical_candidate_not_manually_reviewed	pending_audit		ownership and call-graph fields are navigation only; close from full LST body and external chunks
369	0x0047F150	sub_47F150	actor_actions_effects_and_rendering	medium	0x004539B0:13;0x00455D60:2;0x004576A0:1;0x00458DE0:1;0x0045C010:17;0x0045D690:3;0x0045D8F0:4;0x00469D20:4;0x0046EE60:3;0x004731A0:1;0x0047DAD0:1;0x0047E5C0:1;0x00481A40:1	0x00439070:1;0x0047F360:1	mechanical_candidate_not_manually_reviewed	pending_audit		ownership and call-graph fields are navigation only; close from full LST body and external chunks
370	0x0047F340	sub_47F340	actor_actions_effects_and_rendering	medium	0x0045AA00:1		mechanical_candidate_not_manually_reviewed	pending_audit		ownership and call-graph fields are navigation only; close from full LST body and external chunks
371	0x0047F360	sub_47F360	actor_actions_effects_and_rendering	medium	0x004576A0:1;0x004758A0:2;0x0047F150:1		mechanical_candidate_not_manually_reviewed	pending_audit		ownership and call-graph fields are navigation only; close from full LST body and external chunks
372	0x0047F380	sub_47F380	actor_actions_effects_and_rendering	medium	0x004539B0:1;0x00481010:4;0x00481A40:1		mechanical_candidate_not_manually_reviewed	pending_audit		ownership and call-graph fields are navigation only; close from full LST body and external chunks
373	0x0047F3A0	sub_47F3A0	actor_actions_effects_and_rendering	medium	0x00469D20:1		mechanical_candidate_not_manually_reviewed	pending_audit		ownership and call-graph fields are navigation only; close from full LST body and external chunks
374	0x0047F3C0	sub_47F3C0	actor_actions_effects_and_rendering	medium	0x00455D60:1;0x00478B60:1	0x004170E0:2;0x004315D0:2	mechanical_candidate_not_manually_reviewed	pending_audit		ownership and call-graph fields are navigation only; close from full LST body and external chunks
375	0x0047F580	sub_47F580	actor_actions_effects_and_rendering	medium	0x00478B60:1	0x004170E0:2;0x004315D0:2	mechanical_candidate_not_manually_reviewed	pending_audit		ownership and call-graph fields are navigation only; close from full LST body and external chunks
376	0x0047F710	sub_47F710	actor_actions_effects_and_rendering	medium	0x00478B60:2;0x00482310:1	0x004170E0:2;0x004315D0:1	mechanical_candidate_not_manually_reviewed	pending_audit		ownership and call-graph fields are navigation only; close from full LST body and external chunks
377	0x0047F900	sub_47F900	actor_actions_effects_and_rendering	medium	0x00451B10:4;0x004539B0:3;0x00455D60:1;0x00469D20:4		mechanical_candidate_not_manually_reviewed	pending_audit		ownership and call-graph fields are navigation only; close from full LST body and external chunks
378	0x0047F910	sub_47F910	actor_actions_effects_and_rendering	medium	0x004539B0:3;0x0045AA00:1;0x00466950:1;0x00469D20:1		mechanical_candidate_not_manually_reviewed	pending_audit		ownership and call-graph fields are navigation only; close from full LST body and external chunks
379	0x0047F920	sub_47F920	actor_actions_effects_and_rendering	medium	0x00456680:2;0x004576A0:3;0x0045C010:2;0x0045F020:1;0x0045F2A0:1;0x004620D0:1;0x00462420:1;0x004624C0:1;0x00464270:2;0x00471540:1;0x00481010:1;0x00481A40:1		mechanical_candidate_not_manually_reviewed	pending_audit		ownership and call-graph fields are navigation only; close from full LST body and external chunks
380	0x0047F940	sub_47F940	actor_actions_effects_and_rendering	medium	0x0046F8C0:1;0x004731A0:1;0x004735B0:1;0x004745B0:1;0x004758A0:1	0x004170E0:1;0x004315D0:1;0x004321E0:1;0x00434350:1;0x004783B0:1;0x00485610:1	mechanical_candidate_not_manually_reviewed	pending_audit		ownership and call-graph fields are navigation only; close from full LST body and external chunks
381	0x0047FC40	sub_47FC40	actor_actions_effects_and_rendering	medium	0x00474BA0:1;0x004751C0:2	0x004170E0:2;0x004315D0:2;0x004321E0:2;0x00434350:1;0x00478780:1;0x0047CEC0:1;0x0047D640:1;0x00481010:1;0x004820A0:1;0x00485610:2;0x00485650:1;0x004885A0:1	mechanical_candidate_not_manually_reviewed	pending_audit		ownership and call-graph fields are navigation only; close from full LST body and external chunks
382	0x004800F0	sub_4800F0	shared_battle_object_services	medium	0x00474BA0:1;0x004751C0:2	0x00487C10:1	mechanical_candidate_not_manually_reviewed	pending_audit		ownership and call-graph fields are navigation only; close from full LST body and external chunks
383	0x004801A0	sub_4801A0	shared_battle_object_services	medium	0x00474BA0:1;0x004751C0:2		mechanical_candidate_not_manually_reviewed	pending_audit		ownership and call-graph fields are navigation only; close from full LST body and external chunks
384	0x00480220	sub_480220	shared_battle_object_services	medium	0x00456680:1;0x004576A0:1	0x00439070:8;0x00476A80:8;0x00476DB0:5;0x00478220:3;0x00478710:8;0x00483820:1	mechanical_candidate_not_manually_reviewed	pending_audit		ownership and call-graph fields are navigation only; close from full LST body and external chunks
385	0x00480AD0	sub_480AD0	shared_battle_object_services	confirmed_boundary	0x00411700:1;0x004539B0:1;0x00456680:1;0x004582B0:1;0x00459D10:1;0x0045AA00:1;0x0045DEE0:1;0x004667B0:1;0x00466950:1;0x00472430:1;0x00472710:1;0x00472730:1;0x00481010:1;0x00481A40:1		manual_reviewed_current_assembly	pending_audit		ownership and call-graph fields are navigation only; close from full LST body and external chunks
386	0x00480AE0	sub_480AE0	shared_battle_object_services	medium	0x00478B60:1	0x004170E0:2;0x004315D0:1;0x004321E0:1;0x00485610:1;0x00485650:1	mechanical_candidate_not_manually_reviewed	pending_audit		ownership and call-graph fields are navigation only; close from full LST body and external chunks
387	0x00480D40	sub_480D40	shared_battle_object_services	medium	0x00478B60:1	0x004170E0:2;0x004315D0:1;0x004321E0:1;0x00485610:1;0x00485650:1	mechanical_candidate_not_manually_reviewed	pending_audit		ownership and call-graph fields are navigation only; close from full LST body and external chunks
388	0x00480EE0	sub_480EE0	shared_battle_object_services	medium	0x00481A40:1		mechanical_candidate_not_manually_reviewed	pending_audit		ownership and call-graph fields are navigation only; close from full LST body and external chunks
389	0x00481010	sub_481010	shared_battle_object_services	medium	0x004539B0:5;0x004582B0:1;0x00458DE0:3;0x004728E0:1;0x004731A0:1;0x004735B0:1;0x00474FC0:1;0x0047FC40:1	0x00439070:6;0x00478670:1;0x00478780:1;0x004787D0:8;0x0047CD60:1;0x0047D2E0:5;0x0047D7F0:1;0x0047D950:1;0x0047DBD0:3;0x0047E070:1;0x0047E4C0:1;0x0047E500:2;0x0047E580:1;0x0047E880:2;0x0047F380:4;0x0047F920:1;0x00480AD0:1;0x00484500:1;0x00489654:1	mechanical_candidate_not_manually_reviewed	pending_audit		ownership and call-graph fields are navigation only; close from full LST body and external chunks
390	0x00481A40	sub_481A40	shared_battle_object_services	medium	0x004582B0:1;0x00458DE0:2;0x004758A0:2	0x00439070:5;0x00478670:1;0x00478780:2;0x004787D0:3;0x0047CD60:1;0x0047D2E0:2;0x0047D7F0:1;0x0047DBD0:1;0x0047E070:1;0x0047E4C0:1;0x0047E580:1;0x0047E880:1;0x0047F150:1;0x0047F380:1;0x0047F920:1;0x00480AD0:1;0x00480EE0:1;0x00482DA0:1;0x00482F10:1;0x00482FC0:1;0x004830A0:1;0x00484500:1	mechanical_candidate_not_manually_reviewed	pending_audit		ownership and call-graph fields are navigation only; close from full LST body and external chunks
391	0x00481FB0	sub_481FB0	shared_battle_object_services	medium	0x00464E90:1		mechanical_candidate_not_manually_reviewed	pending_audit		ownership and call-graph fields are navigation only; close from full LST body and external chunks
392	0x00481FC0	sub_481FC0	shared_battle_object_services	medium	0x0045D490:1;0x00462740:1;0x00464E90:1;0x004651D0:1		mechanical_candidate_not_manually_reviewed	pending_audit		ownership and call-graph fields are navigation only; close from full LST body and external chunks
393	0x00481FD0	sub_481FD0	shared_battle_object_services	medium	0x004582B0:1;0x00474BA0:2;0x004838D0:1;0x00483DB0:1		mechanical_candidate_not_manually_reviewed	pending_audit		ownership and call-graph fields are navigation only; close from full LST body and external chunks
394	0x00482030	sub_482030	shared_battle_object_services	medium	0x00462740:1;0x00466F70:4;0x00467710:1		mechanical_candidate_not_manually_reviewed	pending_audit		ownership and call-graph fields are navigation only; close from full LST body and external chunks
395	0x00482080	sub_482080	shared_battle_object_services	medium	0x004582B0:3;0x00458DE0:3		mechanical_candidate_not_manually_reviewed	pending_audit		ownership and call-graph fields are navigation only; close from full LST body and external chunks
396	0x004820A0	sub_4820A0	shared_battle_object_services	medium	0x00473C10:1;0x0047FC40:1	0x004170E0:3;0x004315D0:1	mechanical_candidate_not_manually_reviewed	pending_audit		ownership and call-graph fields are navigation only; close from full LST body and external chunks
397	0x00482310	sub_482310	shared_battle_object_services	medium	0x004539B0:2;0x00455D60:1	0x004170E0:4;0x004315D0:1;0x004321E0:2;0x00434350:1;0x004783B0:1;0x0047F710:1;0x00485610:1	mechanical_candidate_not_manually_reviewed	pending_audit		ownership and call-graph fields are navigation only; close from full LST body and external chunks
398	0x00482840	sub_482840	shared_battle_object_services	medium	0x004539B0:2;0x00455D60:1;0x00474E60:1	0x004170E0:4;0x004315D0:1;0x004321E0:2;0x00434350:1;0x004783B0:1;0x00483700:1;0x00485610:2	mechanical_candidate_not_manually_reviewed	pending_audit		ownership and call-graph fields are navigation only; close from full LST body and external chunks
399	0x00482DA0	sub_482DA0	shared_battle_object_services	medium	0x004539B0:3;0x0045D8F0:1;0x00481A40:1	0x00485610:1;0x00489654:1	mechanical_candidate_not_manually_reviewed	pending_audit		ownership and call-graph fields are navigation only; close from full LST body and external chunks
400	0x00482E80	sub_482E80	shared_battle_object_services	medium	0x00464E90:1		mechanical_candidate_not_manually_reviewed	pending_audit		ownership and call-graph fields are navigation only; close from full LST body and external chunks
401	0x00482E90	sub_482E90	shared_battle_object_services	medium	0x004539B0:2;0x0045D690:1;0x004758A0:2		mechanical_candidate_not_manually_reviewed	pending_audit		ownership and call-graph fields are navigation only; close from full LST body and external chunks
402	0x00482EC0	sub_482EC0	shared_battle_object_services	medium	0x00469D20:2		mechanical_candidate_not_manually_reviewed	pending_audit		ownership and call-graph fields are navigation only; close from full LST body and external chunks
403	0x00482F10	sub_482F10	shared_battle_object_services	medium	0x004539B0:6;0x0046F1F0:9;0x00472430:1;0x00472C70:1;0x00475160:1;0x00481A40:1	0x004779F0:1	mechanical_candidate_not_manually_reviewed	pending_audit		ownership and call-graph fields are navigation only; close from full LST body and external chunks
404	0x00482F70	sub_482F70	shared_battle_object_services	medium	0x0046F1F0:1;0x00482FC0:1		mechanical_candidate_not_manually_reviewed	pending_audit		ownership and call-graph fields are navigation only; close from full LST body and external chunks
405	0x00482FC0	sub_482FC0	shared_battle_object_services	medium	0x0045FC60:1;0x004651D0:1;0x00481A40:1	0x00482F70:1	mechanical_candidate_not_manually_reviewed	pending_audit		ownership and call-graph fields are navigation only; close from full LST body and external chunks
406	0x004830A0	sub_4830A0	shared_battle_object_services	medium	0x004539B0:2;0x0046F1F0:2;0x00472C70:1;0x00481A40:1	0x00487C10:1;0x00489654:2	mechanical_candidate_not_manually_reviewed	pending_audit		ownership and call-graph fields are navigation only; close from full LST body and external chunks
407	0x004831C0	sub_4831C0	shared_battle_object_services	medium	0x0046F8C0:1;0x00473010:1;0x00473C10:1;0x004745B0:1;0x00474BA0:1;0x00474E60:1;0x004758A0:1	0x00417050:1;0x004170E0:4;0x004315D0:2;0x004321E0:1;0x00439070:1;0x004783B0:1;0x00485610:1;0x00485650:1	mechanical_candidate_not_manually_reviewed	pending_audit		ownership and call-graph fields are navigation only; close from full LST body and external chunks
408	0x00483700	sub_483700	shared_battle_object_services	medium	0x00482840:1	0x004170E0:1;0x004315D0:1	mechanical_candidate_not_manually_reviewed	pending_audit		ownership and call-graph fields are navigation only; close from full LST body and external chunks
409	0x00483820	sub_483820	shared_battle_object_services	medium	0x00456680:1;0x004576A0:1;0x00464270:1;0x00480220:1		mechanical_candidate_not_manually_reviewed	pending_audit		ownership and call-graph fields are navigation only; close from full LST body and external chunks
410	0x00483840	sub_483840	shared_battle_object_services	medium	0x004582B0:2;0x00458DE0:1		mechanical_candidate_not_manually_reviewed	pending_audit		ownership and call-graph fields are navigation only; close from full LST body and external chunks
411	0x00483870	sub_483870	shared_battle_object_services	medium	0x00451B10:1;0x00459D10:1;0x0045D690:1;0x004655B0:1		mechanical_candidate_not_manually_reviewed	pending_audit		ownership and call-graph fields are navigation only; close from full LST body and external chunks
412	0x004838A0	sub_4838A0	shared_battle_object_services	medium	0x00451B10:1;0x00459D10:1;0x0045D690:1;0x004655B0:1;0x00469D20:1		mechanical_candidate_not_manually_reviewed	pending_audit		ownership and call-graph fields are navigation only; close from full LST body and external chunks
413	0x004838D0	sub_4838D0	shared_battle_object_services	medium	0x0046F8C0:1;0x004728E0:1;0x00473C10:1;0x004745B0:1;0x004758A0:1	0x004315D0:1;0x004321E0:1;0x004783B0:1;0x00478780:1;0x00481FD0:1;0x00485610:1;0x00485650:1	mechanical_candidate_not_manually_reviewed	pending_audit		ownership and call-graph fields are navigation only; close from full LST body and external chunks
414	0x00483B30	sub_483B30	shared_battle_object_services	medium	0x0046F8C0:1;0x00473010:1;0x004745B0:1;0x00474BA0:1;0x004758A0:1	0x004170E0:2;0x004315D0:1;0x004321E0:1;0x00485610:1;0x00485650:1	mechanical_candidate_not_manually_reviewed	pending_audit		ownership and call-graph fields are navigation only; close from full LST body and external chunks
415	0x00483DB0	sub_483DB0	shared_battle_object_services	medium	0x004735B0:1	0x004170E0:1;0x004315D0:1;0x004321E0:1;0x004783B0:1;0x00478780:1;0x00481FD0:1;0x00485610:1;0x00485650:1	mechanical_candidate_not_manually_reviewed	pending_audit		ownership and call-graph fields are navigation only; close from full LST body and external chunks
416	0x00483FD0	sub_483FD0	shared_battle_object_services	medium	0x00456680:2		mechanical_candidate_not_manually_reviewed	pending_audit		ownership and call-graph fields are navigation only; close from full LST body and external chunks
417	0x00483FE0	sub_483FE0	shared_battle_object_services	medium	0x00451B10:1		mechanical_candidate_not_manually_reviewed	pending_audit		ownership and call-graph fields are navigation only; close from full LST body and external chunks
418	0x00483FF0	sub_483FF0	shared_battle_object_services	medium	0x004527E0:2;0x00456680:1;0x004576A0:1		mechanical_candidate_not_manually_reviewed	pending_audit		ownership and call-graph fields are navigation only; close from full LST body and external chunks
419	0x00484020	sub_484020	shared_battle_object_services	medium	0x00455D60:1	0x004019A0:1;0x00433F30:1;0x00478470:1;0x00478620:1;0x0047CE70:1	mechanical_candidate_not_manually_reviewed	pending_audit		ownership and call-graph fields are navigation only; close from full LST body and external chunks
420	0x004841B0	sub_4841B0	shared_battle_object_services	confirmed_boundary	0x00455D60:1	0x00434790:1;0x004885A0:1	manual_reviewed_current_assembly	pending_audit		ownership and call-graph fields are navigation only; close from full LST body and external chunks
421	0x00484230	sub_484230	shared_battle_object_services	confirmed_boundary	0x00474E60:1	0x004170E0:2;0x004315D0:1;0x004321E0:1;0x00485610:1;0x00485650:1	manual_reviewed_current_assembly	pending_audit		ownership and call-graph fields are navigation only; close from full LST body and external chunks
422	0x00484500	sub_484500	shared_battle_object_services	confirmed_boundary	0x00451B10:1;0x00459D10:2;0x0045DEE0:1;0x00466950:1;0x00469D20:3;0x00472730:1;0x00481010:1;0x00481A40:1		manual_reviewed_current_assembly	pending_audit		ownership and call-graph fields are navigation only; close from full LST body and external chunks
