file	table_name	sample_range_basis	physical_slot	logical_group_if_level	logical_id	table_entry_file_offset_hex	raw_payload_relative_offset_hex	target_file_offset_hex	target_in_file	target_first_u16_hex	slot_note
FIGTALK.dat	figtalk_primary	payload[0]/4	0		0	00000200	000004B4	000006B4	1	FFFF	slot_zero_not_used_by_normal_one_based_or_sample_lookup
FIGTALK.dat	figtalk_primary	payload[0]/4	1		1	00000204	000004B6	000006B6	1	0029	ordinary_sample_offset
FIGTALK.dat	figtalk_primary	payload[0]/4	2		2	00000208	000004C0	000006C0	1	0029	ordinary_sample_offset
FIGTALK.dat	figtalk_primary	payload[0]/4	3		3	0000020C	000004CA	000006CA	1	0029	ordinary_sample_offset
FIGTALK.dat	figtalk_primary	payload[0]/4	4		4	00000210	000004D4	000006D4	1	0029	ordinary_sample_offset
FIGTALK.dat	figtalk_primary	payload[0]/4	5		5	00000214	000004DE	000006DE	1	0029	ordinary_sample_offset
FIGTALK.dat	figtalk_primary	payload[0]/4	6		6	00000218	000004E8	000006E8	1	0029	ordinary_sample_offset
FIGTALK.dat	figtalk_primary	payload[0]/4	7		7	0000021C	000004F2	000006F2	1	0029	ordinary_sample_offset
FIGTALK.dat	figtalk_primary	payload[0]/4	8		8	00000220	000004FC	000006FC	1	0029	ordinary_sample_offset
FIGTALK.dat	figtalk_primary	payload[0]/4	9		9	00000224	00000506	00000706	1	0029	ordinary_sample_offset
FIGTALK.dat	figtalk_primary	payload[0]/4	10		10	00000228	00000510	00000710	1	0029	ordinary_sample_offset
FIGTALK.dat	figtalk_primary	payload[0]/4	11		11	0000022C	0000051A	0000071A	1	0029	ordinary_sample_offset
FIGTALK.dat	figtalk_primary	payload[0]/4	12		12	00000230	00000524	00000724	1	0029	ordinary_sample_offset
FIGTALK.dat	figtalk_primary	payload[0]/4	13		13	00000234	0000052E	0000072E	1	0029	ordinary_sample_offset
FIGTALK.dat	figtalk_primary	payload[0]/4	14		14	00000238	00000538	00000738	1	0029	ordinary_sample_offset
FIGTALK.dat	figtalk_primary	payload[0]/4	15		15	0000023C	00000542	00000742	1	0029	ordinary_sample_offset
FIGTALK.dat	figtalk_primary	payload[0]/4	16		16	00000240	0000054C	0000074C	1	000F	ordinary_sample_offset
FIGTALK.dat	figtalk_primary	payload[0]/4	17		17	00000244	0000060F	0000080F	1	0029	ordinary_sample_offset
FIGTALK.dat	figtalk_primary	payload[0]/4	18		18	00000248	00000619	00000819	1	0029	ordinary_sample_offset
FIGTALK.dat	figtalk_primary	payload[0]/4	19		19	0000024C	00000623	00000823	1	0029	ordinary_sample_offset
FIGTALK.dat	figtalk_primary	payload[0]/4	20		20	00000250	0000062D	0000082D	1	0029	ordinary_sample_offset
FIGTALK.dat	figtalk_primary	payload[0]/4	21		21	00000254	00000637	00000837	1	0029	ordinary_sample_offset
FIGTALK.dat	figtalk_primary	payload[0]/4	22		22	00000258	00000641	00000841	1	0029	ordinary_sample_offset
FIGTALK.dat	figtalk_primary	payload[0]/4	23		23	0000025C	0000064B	0000084B	1	0029	ordinary_sample_offset
FIGTALK.dat	figtalk_primary	payload[0]/4	24		24	00000260	00000655	00000855	1	0029	ordinary_sample_offset
FIGTALK.dat	figtalk_primary	payload[0]/4	25		25	00000264	0000065F	0000085F	1	0029	ordinary_sample_offset
FIGTALK.dat	figtalk_primary	payload[0]/4	26		26	00000268	00000669	00000869	1	0029	ordinary_sample_offset
FIGTALK.dat	figtalk_primary	payload[0]/4	27		27	0000026C	00000673	00000873	1	0029	ordinary_sample_offset
FIGTALK.dat	figtalk_primary	payload[0]/4	28		28	00000270	0000067D	0000087D	1	0029	ordinary_sample_offset
FIGTALK.dat	figtalk_primary	payload[0]/4	29		29	00000274	00000687	00000887	1	001C	ordinary_sample_offset
FIGTALK.dat	figtalk_primary	payload[0]/4	30		30	00000278	000006C1	000008C1	1	004D	ordinary_sample_offset
FIGTALK.dat	figtalk_primary	payload[0]/4	31		31	0000027C	000008B9	00000AB9	1	000F	ordinary_sample_offset
FIGTALK.dat	figtalk_primary	payload[0]/4	32		32	00000280	0000097D	00000B7D	1	000F	ordinary_sample_offset
FIGTALK.dat	figtalk_primary	payload[0]/4	33		33	00000284	00000A66	00000C66	1	001D	ordinary_sample_offset
FIGTALK.dat	figtalk_primary	payload[0]/4	34		34	00000288	00000AEC	00000CEC	1	0029	ordinary_sample_offset
FIGTALK.dat	figtalk_primary	payload[0]/4	35		35	0000028C	00000AF6	00000CF6	1	0029	ordinary_sample_offset
FIGTALK.dat	figtalk_primary	payload[0]/4	36		36	00000290	00000B00	00000D00	1	0029	ordinary_sample_offset
FIGTALK.dat	figtalk_primary	payload[0]/4	37		37	00000294	00000B0A	00000D0A	1	0029	ordinary_sample_offset
FIGTALK.dat	figtalk_primary	payload[0]/4	38		38	00000298	00000B14	00000D14	1	0029	ordinary_sample_offset
FIGTALK.dat	figtalk_primary	payload[0]/4	39		39	0000029C	00000B1E	00000D1E	1	0029	ordinary_sample_offset
FIGTALK.dat	figtalk_primary	payload[0]/4	40		40	000002A0	00000B28	00000D28	1	0029	ordinary_sample_offset
FIGTALK.dat	figtalk_primary	payload[0]/4	41		41	000002A4	00000B32	00000D32	1	0029	ordinary_sample_offset
FIGTALK.dat	figtalk_primary	payload[0]/4	42		42	000002A8	00000B3C	00000D3C	1	0029	ordinary_sample_offset
FIGTALK.dat	figtalk_primary	payload[0]/4	43		43	000002AC	00000B46	00000D46	1	0029	ordinary_sample_offset
FIGTALK.dat	figtalk_primary	payload[0]/4	44		44	000002B0	00000B50	00000D50	1	001C	ordinary_sample_offset
FIGTALK.dat	figtalk_primary	payload[0]/4	45		45	000002B4	00000B96	00000D96	1	001C	ordinary_sample_offset
FIGTALK.dat	figtalk_primary	payload[0]/4	46		46	000002B8	00000BB4	00000DB4	1	0029	ordinary_sample_offset
FIGTALK.dat	figtalk_primary	payload[0]/4	47		47	000002BC	00000BBE	00000DBE	1	0029	ordinary_sample_offset
FIGTALK.dat	figtalk_primary	payload[0]/4	48		48	000002C0	00000BC8	00000DC8	1	0029	ordinary_sample_offset
FIGTALK.dat	figtalk_primary	payload[0]/4	49		49	000002C4	00000BD2	00000DD2	1	001C	ordinary_sample_offset
FIGTALK.dat	figtalk_primary	payload[0]/4	50		50	000002C8	00000C04	00000E04	1	0029	ordinary_sample_offset
FIGTALK.dat	figtalk_primary	payload[0]/4	51		51	000002CC	00000C0E	00000E0E	1	001C	ordinary_sample_offset
FIGTALK.dat	figtalk_primary	payload[0]/4	52		52	000002D0	00000C22	00000E22	1	001C	ordinary_sample_offset
FIGTALK.dat	figtalk_primary	payload[0]/4	53		53	000002D4	00000C36	00000E36	1	0031	ordinary_sample_offset
FIGTALK.dat	figtalk_primary	payload[0]/4	54		54	000002D8	00000D63	00000F63	1	000F	ordinary_sample_offset
FIGTALK.dat	figtalk_primary	payload[0]/4	55		55	000002DC	00000DB2	00000FB2	1	000F	ordinary_sample_offset
FIGTALK.dat	figtalk_primary	payload[0]/4	56		56	000002E0	00000E90	00001090	1	0029	ordinary_sample_offset
FIGTALK.dat	figtalk_primary	payload[0]/4	57		57	000002E4	00000E9A	0000109A	1	0029	ordinary_sample_offset
FIGTALK.dat	figtalk_primary	payload[0]/4	58		58	000002E8	00000EA4	000010A4	1	0029	ordinary_sample_offset
FIGTALK.dat	figtalk_primary	payload[0]/4	59		59	000002EC	00000EAE	000010AE	1	0034	ordinary_sample_offset
FIGTALK.dat	figtalk_primary	payload[0]/4	60		60	000002F0	00000ECC	000010CC	1	0034	ordinary_sample_offset
FIGTALK.dat	figtalk_primary	payload[0]/4	61		61	000002F4	00000EF0	000010F0	1	0034	ordinary_sample_offset
FIGTALK.dat	figtalk_primary	payload[0]/4	62		62	000002F8	00000F2E	0000112E	1	0034	ordinary_sample_offset
FIGTALK.dat	figtalk_primary	payload[0]/4	63		63	000002FC	00000F86	00001186	1	0030	ordinary_sample_offset
FIGTALK.dat	figtalk_primary	payload[0]/4	64		64	00000300	00000FA6	000011A6	1	0030	ordinary_sample_offset
FIGTALK.dat	figtalk_primary	payload[0]/4	65		65	00000304	00000FC6	000011C6	1	0030	ordinary_sample_offset
FIGTALK.dat	figtalk_primary	payload[0]/4	66		66	00000308	00000FE6	000011E6	1	0029	ordinary_sample_offset
FIGTALK.dat	figtalk_primary	payload[0]/4	67		67	0000030C	00000FF0	000011F0	1	0029	ordinary_sample_offset
FIGTALK.dat	figtalk_primary	payload[0]/4	68		68	00000310	00000FFA	000011FA	1	0029	ordinary_sample_offset
FIGTALK.dat	figtalk_primary	payload[0]/4	69		69	00000314	00001004	00001204	1	0029	ordinary_sample_offset
FIGTALK.dat	figtalk_primary	payload[0]/4	70		70	00000318	0000100E	0000120E	1	004D	ordinary_sample_offset
FIGTALK.dat	figtalk_primary	payload[0]/4	71		71	0000031C	000011C9	000013C9	1	0029	ordinary_sample_offset
FIGTALK.dat	figtalk_primary	payload[0]/4	72		72	00000320	000011D3	000013D3	1	0029	ordinary_sample_offset
FIGTALK.dat	figtalk_primary	payload[0]/4	73		73	00000324	000011DD	000013DD	1	0029	ordinary_sample_offset
FIGTALK.dat	figtalk_primary	payload[0]/4	74		74	00000328	000011E7	000013E7	1	0029	ordinary_sample_offset
FIGTALK.dat	figtalk_primary	payload[0]/4	75		75	0000032C	000011F1	000013F1	1	0029	ordinary_sample_offset
FIGTALK.dat	figtalk_primary	payload[0]/4	76		76	00000330	000011FB	000013FB	1	004D	ordinary_sample_offset
FIGTALK.dat	figtalk_primary	payload[0]/4	77		77	00000334	000012E1	000014E1	1	0029	ordinary_sample_offset
FIGTALK.dat	figtalk_primary	payload[0]/4	78		78	00000338	000012EB	000014EB	1	0029	ordinary_sample_offset
FIGTALK.dat	figtalk_primary	payload[0]/4	79		79	0000033C	000012F5	000014F5	1	004D	ordinary_sample_offset
FIGTALK.dat	figtalk_primary	payload[0]/4	80		80	00000340	00001316	00001516	1	002D	ordinary_sample_offset
FIGTALK.dat	figtalk_primary	payload[0]/4	81		81	00000344	00001330	00001530	1	0029	ordinary_sample_offset
FIGTALK.dat	figtalk_primary	payload[0]/4	82		82	00000348	0000133A	0000153A	1	0029	ordinary_sample_offset
FIGTALK.dat	figtalk_primary	payload[0]/4	83		83	0000034C	00001344	00001544	1	000F	ordinary_sample_offset
FIGTALK.dat	figtalk_primary	payload[0]/4	84		84	00000350	00001467	00001667	1	002D	ordinary_sample_offset
FIGTALK.dat	figtalk_primary	payload[0]/4	85		85	00000354	00001503	00001703	1	000F	ordinary_sample_offset
FIGTALK.dat	figtalk_primary	payload[0]/4	86		86	00000358	00001563	00001763	1	000F	ordinary_sample_offset
FIGTALK.dat	figtalk_primary	payload[0]/4	87		87	0000035C	0000157D	0000177D	1	000F	ordinary_sample_offset
FIGTALK.dat	figtalk_primary	payload[0]/4	88		88	00000360	000015C7	000017C7	1	000F	ordinary_sample_offset
FIGTALK.dat	figtalk_primary	payload[0]/4	89		89	00000364	00001605	00001805	1	0029	ordinary_sample_offset
FIGTALK.dat	figtalk_primary	payload[0]/4	90		90	00000368	0000160F	0000180F	1	000F	ordinary_sample_offset
FIGTALK.dat	figtalk_primary	payload[0]/4	91		91	0000036C	00001645	00001845	1	001D	ordinary_sample_offset
FIGTALK.dat	figtalk_primary	payload[0]/4	92		92	00000370	00001684	00001884	1	000F	ordinary_sample_offset
FIGTALK.dat	figtalk_primary	payload[0]/4	93		93	00000374	000018E2	00001AE2	1	0029	ordinary_sample_offset
FIGTALK.dat	figtalk_primary	payload[0]/4	94		94	00000378	000018EC	00001AEC	1	0029	ordinary_sample_offset
FIGTALK.dat	figtalk_primary	payload[0]/4	95		95	0000037C	000018F6	00001AF6	1	0029	ordinary_sample_offset
FIGTALK.dat	figtalk_primary	payload[0]/4	96		96	00000380	00001900	00001B00	1	0029	ordinary_sample_offset
FIGTALK.dat	figtalk_primary	payload[0]/4	97		97	00000384	0000190A	00001B0A	1	0029	ordinary_sample_offset
FIGTALK.dat	figtalk_primary	payload[0]/4	98		98	00000388	00001914	00001B14	1	002D	ordinary_sample_offset
FIGTALK.dat	figtalk_primary	payload[0]/4	99		99	0000038C	0000193F	00001B3F	1	001D	ordinary_sample_offset
FIGTALK.dat	figtalk_primary	payload[0]/4	100		100	00000390	00001C4E	00001E4E	1	0029	ordinary_sample_offset
FIGTALK.dat	figtalk_primary	payload[0]/4	101		101	00000394	00001C58	00001E58	1	0029	ordinary_sample_offset
FIGTALK.dat	figtalk_primary	payload[0]/4	102		102	00000398	00001C62	00001E62	1	0029	ordinary_sample_offset
FIGTALK.dat	figtalk_primary	payload[0]/4	103		103	0000039C	00001C6C	00001E6C	1	0029	ordinary_sample_offset
FIGTALK.dat	figtalk_primary	payload[0]/4	104		104	000003A0	00001C76	00001E76	1	0029	ordinary_sample_offset
FIGTALK.dat	figtalk_primary	payload[0]/4	105		105	000003A4	00001C80	00001E80	1	0029	ordinary_sample_offset
FIGTALK.dat	figtalk_primary	payload[0]/4	106		106	000003A8	00001C8A	00001E8A	1	0029	ordinary_sample_offset
FIGTALK.dat	figtalk_primary	payload[0]/4	107		107	000003AC	00001C94	00001E94	1	0029	ordinary_sample_offset
FIGTALK.dat	figtalk_primary	payload[0]/4	108		108	000003B0	00001C9E	00001E9E	1	0029	ordinary_sample_offset
FIGTALK.dat	figtalk_primary	payload[0]/4	109		109	000003B4	00001CA8	00001EA8	1	0029	ordinary_sample_offset
FIGTALK.dat	figtalk_primary	payload[0]/4	110		110	000003B8	00001CB2	00001EB2	1	0029	ordinary_sample_offset
FIGTALK.dat	figtalk_primary	payload[0]/4	111		111	000003BC	00001CBC	00001EBC	1	0029	ordinary_sample_offset
FIGTALK.dat	figtalk_primary	payload[0]/4	112		112	000003C0	00001CC6	00001EC6	1	0029	ordinary_sample_offset
FIGTALK.dat	figtalk_primary	payload[0]/4	113		113	000003C4	00001CD0	00001ED0	1	000F	ordinary_sample_offset
FIGTALK.dat	figtalk_primary	payload[0]/4	114		114	000003C8	00001DE5	00001FE5	1	004D	ordinary_sample_offset
FIGTALK.dat	figtalk_primary	payload[0]/4	115		115	000003CC	00001EA1	000020A1	1	0029	ordinary_sample_offset
FIGTALK.dat	figtalk_primary	payload[0]/4	116		116	000003D0	00001EAB	000020AB	1	001C	ordinary_sample_offset
FIGTALK.dat	figtalk_primary	payload[0]/4	117		117	000003D4	00001EF1	000020F1	1	0029	ordinary_sample_offset
FIGTALK.dat	figtalk_primary	payload[0]/4	118		118	000003D8	00001EFB	000020FB	1	0029	ordinary_sample_offset
FIGTALK.dat	figtalk_primary	payload[0]/4	119		119	000003DC	00001F05	00002105	1	004D	ordinary_sample_offset
FIGTALK.dat	figtalk_primary	payload[0]/4	120		120	000003E0	00001F59	00002159	1	0029	ordinary_sample_offset
FIGTALK.dat	figtalk_primary	payload[0]/4	121		121	000003E4	00001F63	00002163	1	0029	ordinary_sample_offset
FIGTALK.dat	figtalk_primary	payload[0]/4	122		122	000003E8	00001F6D	0000216D	1	004D	ordinary_sample_offset
FIGTALK.dat	figtalk_primary	payload[0]/4	123		123	000003EC	00001FC1	000021C1	1	0029	ordinary_sample_offset
FIGTALK.dat	figtalk_primary	payload[0]/4	124		124	000003F0	00001FCB	000021CB	1	0029	ordinary_sample_offset
FIGTALK.dat	figtalk_primary	payload[0]/4	125		125	000003F4	00001FD5	000021D5	1	0029	ordinary_sample_offset
FIGTALK.dat	figtalk_primary	payload[0]/4	126		126	000003F8	00001FDF	000021DF	1	0029	ordinary_sample_offset
FIGTALK.dat	figtalk_primary	payload[0]/4	127		127	000003FC	00001FE9	000021E9	1	0029	ordinary_sample_offset
FIGTALK.dat	figtalk_primary	payload[0]/4	128		128	00000400	00001FF3	000021F3	1	0029	ordinary_sample_offset
FIGTALK.dat	figtalk_primary	payload[0]/4	129		129	00000404	00001FFD	000021FD	1	0029	ordinary_sample_offset
FIGTALK.dat	figtalk_primary	payload[0]/4	130		130	00000408	00002007	00002207	1	000F	ordinary_sample_offset
FIGTALK.dat	figtalk_primary	payload[0]/4	131		131	0000040C	0000212A	0000232A	1	0029	ordinary_sample_offset
FIGTALK.dat	figtalk_primary	payload[0]/4	132		132	00000410	00002134	00002334	1	001C	ordinary_sample_offset
FIGTALK.dat	figtalk_primary	payload[0]/4	133		133	00000414	00002166	00002366	1	001C	ordinary_sample_offset
FIGTALK.dat	figtalk_primary	payload[0]/4	134		134	00000418	00002198	00002398	1	001C	ordinary_sample_offset
FIGTALK.dat	figtalk_primary	payload[0]/4	135		135	0000041C	000021F0	000023F0	1	001C	ordinary_sample_offset
FIGTALK.dat	figtalk_primary	payload[0]/4	136		136	00000420	00002262	00002462	1	0029	ordinary_sample_offset
FIGTALK.dat	figtalk_primary	payload[0]/4	137		137	00000424	0000226C	0000246C	1	0029	ordinary_sample_offset
FIGTALK.dat	figtalk_primary	payload[0]/4	138		138	00000428	00002276	00002476	1	0029	ordinary_sample_offset
FIGTALK.dat	figtalk_primary	payload[0]/4	139		139	0000042C	00002280	00002480	1	0029	ordinary_sample_offset
FIGTALK.dat	figtalk_primary	payload[0]/4	140		140	00000430	0000228A	0000248A	1	000F	ordinary_sample_offset
FIGTALK.dat	figtalk_primary	payload[0]/4	141		141	00000434	000022CD	000024CD	1	0029	ordinary_sample_offset
FIGTALK.dat	figtalk_primary	payload[0]/4	142		142	00000438	000022D7	000024D7	1	0029	ordinary_sample_offset
FIGTALK.dat	figtalk_primary	payload[0]/4	143		143	0000043C	000022E1	000024E1	1	0029	ordinary_sample_offset
FIGTALK.dat	figtalk_primary	payload[0]/4	144		144	00000440	000022EB	000024EB	1	0029	ordinary_sample_offset
FIGTALK.dat	figtalk_primary	payload[0]/4	145		145	00000444	000022F5	000024F5	1	004D	ordinary_sample_offset
FIGTALK.dat	figtalk_primary	payload[0]/4	146		146	00000448	00002330	00002530	1	002D	ordinary_sample_offset
FIGTALK.dat	figtalk_primary	payload[0]/4	147		147	0000044C	000023B9	000025B9	1	004D	ordinary_sample_offset
FIGTALK.dat	figtalk_primary	payload[0]/4	148		148	00000450	000023E5	000025E5	1	0034	ordinary_sample_offset
FIGTALK.dat	figtalk_primary	payload[0]/4	149		149	00000454	0000240D	0000260D	1	0034	ordinary_sample_offset
FIGTALK.dat	figtalk_primary	payload[0]/4	150		150	00000458	00002435	00002635	1	000F	ordinary_sample_offset
FIGTALK.dat	figtalk_primary	payload[0]/4	151		151	0000045C	0000246E	0000266E	1	004B	ordinary_sample_offset
FIGTALK.dat	figtalk_primary	payload[0]/4	152		152	00000460	00002490	00002690	1	0034	ordinary_sample_offset
FIGTALK.dat	figtalk_primary	payload[0]/4	153		153	00000464	000024B8	000026B8	1	0029	ordinary_sample_offset
FIGTALK.dat	figtalk_primary	payload[0]/4	154		154	00000468	000024C2	000026C2	1	0029	ordinary_sample_offset
FIGTALK.dat	figtalk_primary	payload[0]/4	155		155	0000046C	00002538	00002738	1	004D	ordinary_sample_offset
FIGTALK.dat	figtalk_primary	payload[0]/4	156		156	00000470	00002565	00002765	1	004D	ordinary_sample_offset
FIGTALK.dat	figtalk_primary	payload[0]/4	157		157	00000474	000025A3	000027A3	1	0029	ordinary_sample_offset
FIGTALK.dat	figtalk_primary	payload[0]/4	158		158	00000478	000025AD	000027AD	1	0029	ordinary_sample_offset
FIGTALK.dat	figtalk_primary	payload[0]/4	159		159	0000047C	000025B7	000027B7	1	0029	ordinary_sample_offset
FIGTALK.dat	figtalk_primary	payload[0]/4	160		160	00000480	000025C1	000027C1	1	000F	ordinary_sample_offset
FIGTALK.dat	figtalk_primary	payload[0]/4	161		161	00000484	00002654	00002854	1	000F	ordinary_sample_offset
FIGTALK.dat	figtalk_primary	payload[0]/4	162		162	00000488	0000268D	0000288D	1	0031	ordinary_sample_offset
FIGTALK.dat	figtalk_primary	payload[0]/4	163		163	0000048C	00002751	00002951	1	002D	ordinary_sample_offset
FIGTALK.dat	figtalk_primary	payload[0]/4	164		164	00000490	000028CC	00002ACC	1	001D	ordinary_sample_offset
FIGTALK.dat	figtalk_primary	payload[0]/4	165		165	00000494	000029EE	00002BEE	1	004D	ordinary_sample_offset
FIGTALK.dat	figtalk_primary	payload[0]/4	166		166	00000498	00002A65	00002C65	1	000F	ordinary_sample_offset
FIGTALK.dat	figtalk_primary	payload[0]/4	167		167	0000049C	00002BF8	00002DF8	1	0029	ordinary_sample_offset
FIGTALK.dat	figtalk_primary	payload[0]/4	168		168	000004A0	00002C02	00002E02	1	0029	ordinary_sample_offset
FIGTALK.dat	figtalk_primary	payload[0]/4	169		169	000004A4	00002C0C	00002E0C	1	004D	ordinary_sample_offset
FIGTALK.dat	figtalk_primary	payload[0]/4	170		170	000004A8	00002DBA	00002FBA	1	0034	ordinary_sample_offset
FIGTALK.dat	figtalk_primary	payload[0]/4	171		171	000004AC	00002DE2	00002FE2	1	0029	ordinary_sample_offset
FIGTALK.dat	figtalk_primary	payload[0]/4	172		172	000004B0	00002DEC	00002FEC	1	0029	ordinary_sample_offset
FIGTALK.dat	figtalk_primary	payload[0]/4	173		173	000004B4	00002DF6	00002FF6	1	0029	ordinary_sample_offset
FIGTALK.dat	figtalk_primary	payload[0]/4	174		174	000004B8	00002E00	00003000	1	0029	ordinary_sample_offset
FIGTALK.dat	figtalk_primary	payload[0]/4	175		175	000004BC	00002E0A	0000300A	1	002D	ordinary_sample_offset
FIGTALK.dat	figtalk_primary	payload[0]/4	176		176	000004C0	00002E3F	0000303F	1	004D	ordinary_sample_offset
FIGTALK.dat	figtalk_primary	payload[0]/4	177		177	000004C4	00002FBF	000031BF	1	002D	ordinary_sample_offset
FIGTALK.dat	figtalk_primary	payload[0]/4	178		178	000004C8	00003118	00003318	1	004D	ordinary_sample_offset
FIGTALK.dat	figtalk_primary	payload[0]/4	179		179	000004CC	00003371	00003571	1	0029	ordinary_sample_offset
FIGTALK.dat	figtalk_primary	payload[0]/4	180		180	000004D0	0000337B	0000357B	1	000F	ordinary_sample_offset
FIGTALK.dat	figtalk_primary	payload[0]/4	181		181	000004D4	000033C6	000035C6	1	000F	ordinary_sample_offset
FIGTALK.dat	figtalk_primary	payload[0]/4	182		182	000004D8	00003517	00003717	1	0029	ordinary_sample_offset
FIGTALK.dat	figtalk_primary	payload[0]/4	183		183	000004DC	00003521	00003721	1	0029	ordinary_sample_offset
FIGTALK.dat	figtalk_primary	payload[0]/4	184		184	000004E0	0000352B	0000372B	1	0029	ordinary_sample_offset
FIGTALK.dat	figtalk_primary	payload[0]/4	185		185	000004E4	00003535	00003735	1	0029	ordinary_sample_offset
FIGTALK.dat	figtalk_primary	payload[0]/4	186		186	000004E8	0000353F	0000373F	1	004D	ordinary_sample_offset
FIGTALK.dat	figtalk_primary	payload[0]/4	187		187	000004EC	00003567	00003767	1	004D	ordinary_sample_offset
FIGTALK.dat	figtalk_primary	payload[0]/4	188		188	000004F0	00003595	00003795	1	004D	ordinary_sample_offset
FIGTALK.dat	figtalk_primary	payload[0]/4	189		189	000004F4	000035C9	000037C9	1	004D	ordinary_sample_offset
FIGTALK.dat	figtalk_primary	payload[0]/4	190		190	000004F8	00003603	00003803	1	0011	ordinary_sample_offset
FIGTALK.dat	figtalk_primary	payload[0]/4	191		191	000004FC	00003624	00003824	1	0011	ordinary_sample_offset
FIGTALK.dat	figtalk_primary	payload[0]/4	192		192	00000500	00003645	00003845	1	0011	ordinary_sample_offset
FIGTALK.dat	figtalk_primary	payload[0]/4	193		193	00000504	00003666	00003866	1	0011	ordinary_sample_offset
FIGTALK.dat	figtalk_primary	payload[0]/4	194		194	00000508	00003687	00003887	1	0011	ordinary_sample_offset
FIGTALK.dat	figtalk_primary	payload[0]/4	195		195	0000050C	000036A8	000038A8	1	0011	ordinary_sample_offset
FIGTALK.dat	figtalk_primary	payload[0]/4	196		196	00000510	000036C9	000038C9	1	0011	ordinary_sample_offset
FIGTALK.dat	figtalk_primary	payload[0]/4	197		197	00000514	000036EA	000038EA	1	002D	ordinary_sample_offset
FIGTALK.dat	figtalk_primary	payload[0]/4	198		198	00000518	00003777	00003977	1	0034	ordinary_sample_offset
FIGTALK.dat	figtalk_primary	payload[0]/4	199		199	0000051C	0000379F	0000399F	1	0034	ordinary_sample_offset
FIGTALK.dat	figtalk_primary	payload[0]/4	200		200	00000520	000037D1	000039D1	1	000F	ordinary_sample_offset
FIGTALK.dat	figtalk_primary	payload[0]/4	201		201	00000524	000037FC	000039FC	1	000F	ordinary_sample_offset
FIGTALK.dat	figtalk_primary	payload[0]/4	202		202	00000528	00003889	00003A89	1	004D	ordinary_sample_offset
FIGTALK.dat	figtalk_primary	payload[0]/4	203		203	0000052C	000038B4	00003AB4	1	0011	ordinary_sample_offset
FIGTALK.dat	figtalk_primary	payload[0]/4	204		204	00000530	000038EC	00003AEC	1	004D	ordinary_sample_offset
FIGTALK.dat	figtalk_primary	payload[0]/4	205		205	00000534	0000391B	00003B1B	1	004D	ordinary_sample_offset
FIGTALK.dat	figtalk_primary	payload[0]/4	206		206	00000538	00003ADC	00003CDC	1	004D	ordinary_sample_offset
FIGTALK.dat	figtalk_primary	payload[0]/4	207		207	0000053C	00003B07	00003D07	1	0029	ordinary_sample_offset
FIGTALK.dat	figtalk_primary	payload[0]/4	208		208	00000540	00003B11	00003D11	1	0029	ordinary_sample_offset
FIGTALK.dat	figtalk_primary	payload[0]/4	209		209	00000544	00003B1B	00003D1B	1	004D	ordinary_sample_offset
FIGTALK.dat	figtalk_primary	payload[0]/4	210		210	00000548	00003C1B	00003E1B	1	0029	ordinary_sample_offset
FIGTALK.dat	figtalk_primary	payload[0]/4	211		211	0000054C	00003C25	00003E25	1	0029	ordinary_sample_offset
FIGTALK.dat	figtalk_primary	payload[0]/4	212		212	00000550	00003C2F	00003E2F	1	0029	ordinary_sample_offset
FIGTALK.dat	figtalk_primary	payload[0]/4	213		213	00000554	00003C39	00003E39	1	0029	ordinary_sample_offset
FIGTALK.dat	figtalk_primary	payload[0]/4	214		214	00000558	00003C43	00003E43	1	0029	ordinary_sample_offset
FIGTALK.dat	figtalk_primary	payload[0]/4	215		215	0000055C	00003C4D	00003E4D	1	0029	ordinary_sample_offset
FIGTALK.dat	figtalk_primary	payload[0]/4	216		216	00000560	00003C57	00003E57	1	004D	ordinary_sample_offset
FIGTALK.dat	figtalk_primary	payload[0]/4	217		217	00000564	00003D66	00003F66	1	0029	ordinary_sample_offset
FIGTALK.dat	figtalk_primary	payload[0]/4	218		218	00000568	00003D70	00003F70	1	004D	ordinary_sample_offset
FIGTALK.dat	figtalk_primary	payload[0]/4	219		219	0000056C	00003DC1	00003FC1	1	004D	ordinary_sample_offset
FIGTALK.dat	figtalk_primary	payload[0]/4	220		220	00000570	00003DF4	00003FF4	1	004D	ordinary_sample_offset
FIGTALK.dat	figtalk_primary	payload[0]/4	221		221	00000574	00003E1F	0000401F	1	0030	ordinary_sample_offset
FIGTALK.dat	figtalk_primary	payload[0]/4	222		222	00000578	00003E3F	0000403F	1	0030	ordinary_sample_offset
FIGTALK.dat	figtalk_primary	payload[0]/4	223		223	0000057C	00003E5F	0000405F	1	0030	ordinary_sample_offset
FIGTALK.dat	figtalk_primary	payload[0]/4	224		224	00000580	00003E7F	0000407F	1	0030	ordinary_sample_offset
FIGTALK.dat	figtalk_primary	payload[0]/4	225		225	00000584	00003E9F	0000409F	1	0030	ordinary_sample_offset
FIGTALK.dat	figtalk_primary	payload[0]/4	226		226	00000588	00003EBF	000040BF	1	0030	ordinary_sample_offset
FIGTALK.dat	figtalk_primary	payload[0]/4	227		227	0000058C	00003EDF	000040DF	1	0030	ordinary_sample_offset
FIGTALK.dat	figtalk_primary	payload[0]/4	228		228	00000590	00003EFF	000040FF	1	0030	ordinary_sample_offset
FIGTALK.dat	figtalk_primary	payload[0]/4	229		229	00000594	00003F1F	0000411F	1	004D	ordinary_sample_offset
FIGTALK.dat	figtalk_primary	payload[0]/4	230		230	00000598	00004233	00004433	1	004D	ordinary_sample_offset
FIGTALK.dat	figtalk_primary	payload[0]/4	231		231	0000059C	0000425C	0000445C	1	0029	ordinary_sample_offset
FIGTALK.dat	figtalk_primary	payload[0]/4	232		232	000005A0	00004266	00004466	1	0029	ordinary_sample_offset
FIGTALK.dat	figtalk_primary	payload[0]/4	233		233	000005A4	00004270	00004470	1	0029	ordinary_sample_offset
FIGTALK.dat	figtalk_primary	payload[0]/4	234		234	000005A8	0000427A	0000447A	1	0029	ordinary_sample_offset
FIGTALK.dat	figtalk_primary	payload[0]/4	235		235	000005AC	00004284	00004484	1	0029	ordinary_sample_offset
FIGTALK.dat	figtalk_primary	payload[0]/4	236		236	000005B0	0000428E	0000448E	1	0030	ordinary_sample_offset
FIGTALK.dat	figtalk_primary	payload[0]/4	237		237	000005B4	000042AE	000044AE	1	0030	ordinary_sample_offset
FIGTALK.dat	figtalk_primary	payload[0]/4	238		238	000005B8	00004318	00004518	1	0030	ordinary_sample_offset
FIGTALK.dat	figtalk_primary	payload[0]/4	239		239	000005BC	00004338	00004538	1	0030	ordinary_sample_offset
FIGTALK.dat	figtalk_primary	payload[0]/4	240		240	000005C0	00004358	00004558	1	0030	ordinary_sample_offset
FIGTALK.dat	figtalk_primary	payload[0]/4	241		241	000005C4	00004378	00004578	1	004D	ordinary_sample_offset
FIGTALK.dat	figtalk_primary	payload[0]/4	242		242	000005C8	00004392	00004592	1	0029	ordinary_sample_offset
FIGTALK.dat	figtalk_primary	payload[0]/4	243		243	000005CC	0000439C	0000459C	1	0029	ordinary_sample_offset
FIGTALK.dat	figtalk_primary	payload[0]/4	244		244	000005D0	000043A6	000045A6	1	0029	ordinary_sample_offset
FIGTALK.dat	figtalk_primary	payload[0]/4	245		245	000005D4	000043B0	000045B0	1	0029	ordinary_sample_offset
FIGTALK.dat	figtalk_primary	payload[0]/4	246		246	000005D8	000043BA	000045BA	1	0029	ordinary_sample_offset
FIGTALK.dat	figtalk_primary	payload[0]/4	247		247	000005DC	000043C4	000045C4	1	0029	ordinary_sample_offset
FIGTALK.dat	figtalk_primary	payload[0]/4	248		248	000005E0	000043CE	000045CE	1	0029	ordinary_sample_offset
FIGTALK.dat	figtalk_primary	payload[0]/4	249		249	000005E4	000043D8	000045D8	1	0029	ordinary_sample_offset
FIGTALK.dat	figtalk_primary	payload[0]/4	250		250	000005E8	000043E2	000045E2	1	0029	ordinary_sample_offset
FIGTALK.dat	figtalk_primary	payload[0]/4	251		251	000005EC	000043EC	000045EC	1	000F	ordinary_sample_offset
FIGTALK.dat	figtalk_primary	payload[0]/4	252		252	000005F0	00004402	00004602	1	000F	ordinary_sample_offset
FIGTALK.dat	figtalk_primary	payload[0]/4	253		253	000005F4	0000441E	0000461E	1	000F	ordinary_sample_offset
FIGTALK.dat	figtalk_primary	payload[0]/4	254		254	000005F8	00004434	00004634	1	000F	ordinary_sample_offset
FIGTALK.dat	figtalk_primary	payload[0]/4	255		255	000005FC	0000444A	0000464A	1	000F	ordinary_sample_offset
FIGTALK.dat	figtalk_primary	payload[0]/4	256		256	00000600	0000445A	0000465A	1	000F	ordinary_sample_offset
FIGTALK.dat	figtalk_primary	payload[0]/4	257		257	00000604	0000446A	0000466A	1	000F	ordinary_sample_offset
FIGTALK.dat	figtalk_primary	payload[0]/4	258		258	00000608	0000447A	0000467A	1	000F	ordinary_sample_offset
FIGTALK.dat	figtalk_primary	payload[0]/4	259		259	0000060C	00004490	00004690	1	000F	ordinary_sample_offset
FIGTALK.dat	figtalk_primary	payload[0]/4	260		260	00000610	0000454C	0000474C	1	0039	ordinary_sample_offset
FIGTALK.dat	figtalk_primary	payload[0]/4	261		261	00000614	000045A7	000047A7	1	001C	ordinary_sample_offset
FIGTALK.dat	figtalk_primary	payload[0]/4	262		262	00000618	00004619	00004819	1	0029	ordinary_sample_offset
FIGTALK.dat	figtalk_primary	payload[0]/4	263		263	0000061C	00004623	00004823	1	0029	ordinary_sample_offset
FIGTALK.dat	figtalk_primary	payload[0]/4	264		264	00000620	0000462D	0000482D	1	0029	ordinary_sample_offset
FIGTALK.dat	figtalk_primary	payload[0]/4	265		265	00000624	00004637	00004837	1	0029	ordinary_sample_offset
FIGTALK.dat	figtalk_primary	payload[0]/4	266		266	00000628	00004641	00004841	1	0029	ordinary_sample_offset
FIGTALK.dat	figtalk_primary	payload[0]/4	267		267	0000062C	0000464B	0000484B	1	0029	ordinary_sample_offset
FIGTALK.dat	figtalk_primary	payload[0]/4	268		268	00000630	00004655	00004855	1	0029	ordinary_sample_offset
FIGTALK.dat	figtalk_primary	payload[0]/4	269		269	00000634	0000465F	0000485F	1	0029	ordinary_sample_offset
FIGTALK.dat	figtalk_primary	payload[0]/4	270		270	00000638	00004669	00004869	1	0029	ordinary_sample_offset
FIGTALK.dat	figtalk_primary	payload[0]/4	271		271	0000063C	00004673	00004873	1	0029	ordinary_sample_offset
FIGTALK.dat	figtalk_primary	payload[0]/4	272		272	00000640	0000467D	0000487D	1	0029	ordinary_sample_offset
FIGTALK.dat	figtalk_primary	payload[0]/4	273		273	00000644	00004687	00004887	1	0029	ordinary_sample_offset
FIGTALK.dat	figtalk_primary	payload[0]/4	274		274	00000648	00004691	00004891	1	0029	ordinary_sample_offset
FIGTALK.dat	figtalk_primary	payload[0]/4	275		275	0000064C	0000469B	0000489B	1	0029	ordinary_sample_offset
FIGTALK.dat	figtalk_primary	payload[0]/4	276		276	00000650	000046A5	000048A5	1	0029	ordinary_sample_offset
FIGTALK.dat	figtalk_primary	payload[0]/4	277		277	00000654	000046AF	000048AF	1	0029	ordinary_sample_offset
FIGTALK.dat	figtalk_primary	payload[0]/4	278		278	00000658	000046B9	000048B9	1	0029	ordinary_sample_offset
FIGTALK.dat	figtalk_primary	payload[0]/4	279		279	0000065C	000046C3	000048C3	1	0029	ordinary_sample_offset
FIGTALK.dat	figtalk_primary	payload[0]/4	280		280	00000660	000046CD	000048CD	1	0029	ordinary_sample_offset
FIGTALK.dat	figtalk_primary	payload[0]/4	281		281	00000664	000046D7	000048D7	1	0029	ordinary_sample_offset
FIGTALK.dat	figtalk_primary	payload[0]/4	282		282	00000668	000046E1	000048E1	1	0029	ordinary_sample_offset
FIGTALK.dat	figtalk_primary	payload[0]/4	283		283	0000066C	000046EB	000048EB	1	0029	ordinary_sample_offset
FIGTALK.dat	figtalk_primary	payload[0]/4	284		284	00000670	000046F5	000048F5	1	0029	ordinary_sample_offset
FIGTALK.dat	figtalk_primary	payload[0]/4	285		285	00000674	000046FF	000048FF	1	0029	ordinary_sample_offset
FIGTALK.dat	figtalk_primary	payload[0]/4	286		286	00000678	00004709	00004909	1	0029	ordinary_sample_offset
FIGTALK.dat	figtalk_primary	payload[0]/4	287		287	0000067C	00004713	00004913	1	0029	ordinary_sample_offset
FIGTALK.dat	figtalk_primary	payload[0]/4	288		288	00000680	0000471D	0000491D	1	0029	ordinary_sample_offset
FIGTALK.dat	figtalk_primary	payload[0]/4	289		289	00000684	00004727	00004927	1	0029	ordinary_sample_offset
FIGTALK.dat	figtalk_primary	payload[0]/4	290		290	00000688	00004731	00004931	1	004D	ordinary_sample_offset
FIGTALK.dat	figtalk_primary	payload[0]/4	291		291	0000068C	0000482E	00004A2E	1	004D	ordinary_sample_offset
FIGTALK.dat	figtalk_primary	payload[0]/4	292		292	00000690	00004907	00004B07	1	004D	ordinary_sample_offset
FIGTALK.dat	figtalk_primary	payload[0]/4	293		293	00000694	00004CC9	00004EC9	1	0029	ordinary_sample_offset
FIGTALK.dat	figtalk_primary	payload[0]/4	294		294	00000698	00004CD3	00004ED3	1	0029	ordinary_sample_offset
FIGTALK.dat	figtalk_primary	payload[0]/4	295		295	0000069C	00004CDD	00004EDD	1	0029	ordinary_sample_offset
FIGTALK.dat	figtalk_primary	payload[0]/4	296		296	000006A0	00004CE7	00004EE7	1	0029	ordinary_sample_offset
FIGTALK.dat	figtalk_primary	payload[0]/4	297		297	000006A4	00004CF1	00004EF1	1	0029	ordinary_sample_offset
FIGTALK.dat	figtalk_primary	payload[0]/4	298		298	000006A8	00004CFB	00004EFB	1	0029	ordinary_sample_offset
FIGTALK.dat	figtalk_primary	payload[0]/4	299		299	000006AC	00004D05	00004F05	1	0029	ordinary_sample_offset
FIGTALK.dat	figtalk_primary	payload[0]/4	300		300	000006B0	00004D0F	00004F0F	1	004D	ordinary_sample_offset
LEVEL.DAT	level_grouped_100	payload[0]/4	0	1	0	00000200	00000648	00000848	1	0005	ordinary_sample_offset
LEVEL.DAT	level_grouped_100	payload[0]/4	1	1	1	00000204	0000064A	0000084A	1	0005	ordinary_sample_offset
LEVEL.DAT	level_grouped_100	payload[0]/4	2	1	2	00000208	0000064C	0000084C	1	0000	ordinary_sample_offset
LEVEL.DAT	level_grouped_100	payload[0]/4	3	1	3	0000020C	0000066A	0000086A	1	0000	ordinary_sample_offset
LEVEL.DAT	level_grouped_100	payload[0]/4	4	1	4	00000210	00000688	00000888	1	0000	ordinary_sample_offset
LEVEL.DAT	level_grouped_100	payload[0]/4	5	1	5	00000214	000006A6	000008A6	1	0000	ordinary_sample_offset
LEVEL.DAT	level_grouped_100	payload[0]/4	6	1	6	00000218	000006C8	000008C8	1	0000	ordinary_sample_offset
LEVEL.DAT	level_grouped_100	payload[0]/4	7	1	7	0000021C	000006E6	000008E6	1	0000	ordinary_sample_offset
LEVEL.DAT	level_grouped_100	payload[0]/4	8	1	8	00000220	00000704	00000904	1	0000	ordinary_sample_offset
LEVEL.DAT	level_grouped_100	payload[0]/4	9	1	9	00000224	00000726	00000926	1	0000	ordinary_sample_offset
LEVEL.DAT	level_grouped_100	payload[0]/4	10	1	10	00000228	00000744	00000944	1	0000	ordinary_sample_offset
LEVEL.DAT	level_grouped_100	payload[0]/4	11	1	11	0000022C	00000766	00000966	1	0000	ordinary_sample_offset
LEVEL.DAT	level_grouped_100	payload[0]/4	12	1	12	00000230	00000784	00000984	1	0000	ordinary_sample_offset
LEVEL.DAT	level_grouped_100	payload[0]/4	13	1	13	00000234	000007A6	000009A6	1	0000	ordinary_sample_offset
LEVEL.DAT	level_grouped_100	payload[0]/4	14	1	14	00000238	000007C4	000009C4	1	0000	ordinary_sample_offset
LEVEL.DAT	level_grouped_100	payload[0]/4	15	1	15	0000023C	000007E2	000009E2	1	0000	ordinary_sample_offset
LEVEL.DAT	level_grouped_100	payload[0]/4	16	1	16	00000240	00000804	00000A04	1	0000	ordinary_sample_offset
LEVEL.DAT	level_grouped_100	payload[0]/4	17	1	17	00000244	00000822	00000A22	1	0000	ordinary_sample_offset
LEVEL.DAT	level_grouped_100	payload[0]/4	18	1	18	00000248	00000840	00000A40	1	0000	ordinary_sample_offset
LEVEL.DAT	level_grouped_100	payload[0]/4	19	1	19	0000024C	00000862	00000A62	1	0000	ordinary_sample_offset
LEVEL.DAT	level_grouped_100	payload[0]/4	20	1	20	00000250	00000880	00000A80	1	0000	ordinary_sample_offset
LEVEL.DAT	level_grouped_100	payload[0]/4	21	1	21	00000254	000008A2	00000AA2	1	0000	ordinary_sample_offset
LEVEL.DAT	level_grouped_100	payload[0]/4	22	1	22	00000258	000008C0	00000AC0	1	0000	ordinary_sample_offset
LEVEL.DAT	level_grouped_100	payload[0]/4	23	1	23	0000025C	000008DE	00000ADE	1	0000	ordinary_sample_offset
LEVEL.DAT	level_grouped_100	payload[0]/4	24	1	24	00000260	00000900	00000B00	1	0000	ordinary_sample_offset
LEVEL.DAT	level_grouped_100	payload[0]/4	25	1	25	00000264	0000091E	00000B1E	1	0000	ordinary_sample_offset
LEVEL.DAT	level_grouped_100	payload[0]/4	26	1	26	00000268	0000093C	00000B3C	1	0000	ordinary_sample_offset
LEVEL.DAT	level_grouped_100	payload[0]/4	27	1	27	0000026C	0000095E	00000B5E	1	0000	ordinary_sample_offset
LEVEL.DAT	level_grouped_100	payload[0]/4	28	1	28	00000270	0000097C	00000B7C	1	0000	ordinary_sample_offset
LEVEL.DAT	level_grouped_100	payload[0]/4	29	1	29	00000274	0000099A	00000B9A	1	0000	ordinary_sample_offset
LEVEL.DAT	level_grouped_100	payload[0]/4	30	1	30	00000278	000009BC	00000BBC	1	0000	ordinary_sample_offset
LEVEL.DAT	level_grouped_100	payload[0]/4	31	1	31	0000027C	000009DA	00000BDA	1	0000	ordinary_sample_offset
LEVEL.DAT	level_grouped_100	payload[0]/4	32	1	32	00000280	000009F8	00000BF8	1	0000	ordinary_sample_offset
LEVEL.DAT	level_grouped_100	payload[0]/4	33	1	33	00000284	00000A1A	00000C1A	1	0000	ordinary_sample_offset
LEVEL.DAT	level_grouped_100	payload[0]/4	34	1	34	00000288	00000A38	00000C38	1	0000	ordinary_sample_offset
LEVEL.DAT	level_grouped_100	payload[0]/4	35	1	35	0000028C	00000A5A	00000C5A	1	0000	ordinary_sample_offset
LEVEL.DAT	level_grouped_100	payload[0]/4	36	1	36	00000290	00000A78	00000C78	1	0000	ordinary_sample_offset
LEVEL.DAT	level_grouped_100	payload[0]/4	37	1	37	00000294	00000A96	00000C96	1	0000	ordinary_sample_offset
LEVEL.DAT	level_grouped_100	payload[0]/4	38	1	38	00000298	00000AB8	00000CB8	1	0000	ordinary_sample_offset
LEVEL.DAT	level_grouped_100	payload[0]/4	39	1	39	0000029C	00000AD6	00000CD6	1	0000	ordinary_sample_offset
LEVEL.DAT	level_grouped_100	payload[0]/4	40	1	40	000002A0	00000AF8	00000CF8	1	0000	ordinary_sample_offset
LEVEL.DAT	level_grouped_100	payload[0]/4	41	1	41	000002A4	00000B16	00000D16	1	0000	ordinary_sample_offset
LEVEL.DAT	level_grouped_100	payload[0]/4	42	1	42	000002A8	00000B34	00000D34	1	0000	ordinary_sample_offset
LEVEL.DAT	level_grouped_100	payload[0]/4	43	1	43	000002AC	00000B56	00000D56	1	0000	ordinary_sample_offset
LEVEL.DAT	level_grouped_100	payload[0]/4	44	1	44	000002B0	00000B74	00000D74	1	0000	ordinary_sample_offset
LEVEL.DAT	level_grouped_100	payload[0]/4	45	1	45	000002B4	00000B92	00000D92	1	0000	ordinary_sample_offset
LEVEL.DAT	level_grouped_100	payload[0]/4	46	1	46	000002B8	00000BB4	00000DB4	1	0000	ordinary_sample_offset
LEVEL.DAT	level_grouped_100	payload[0]/4	47	1	47	000002BC	00000BD2	00000DD2	1	0000	ordinary_sample_offset
LEVEL.DAT	level_grouped_100	payload[0]/4	48	1	48	000002C0	00000BF0	00000DF0	1	0000	ordinary_sample_offset
LEVEL.DAT	level_grouped_100	payload[0]/4	49	1	49	000002C4	00000C12	00000E12	1	0000	ordinary_sample_offset
LEVEL.DAT	level_grouped_100	payload[0]/4	50	1	50	000002C8	00000C30	00000E30	1	0000	ordinary_sample_offset
LEVEL.DAT	level_grouped_100	payload[0]/4	51	1	51	000002CC	00000C4E	00000E4E	1	0000	ordinary_sample_offset
LEVEL.DAT	level_grouped_100	payload[0]/4	52	1	52	000002D0	00000C70	00000E70	1	0000	ordinary_sample_offset
LEVEL.DAT	level_grouped_100	payload[0]/4	53	1	53	000002D4	00000C8E	00000E8E	1	0000	ordinary_sample_offset
LEVEL.DAT	level_grouped_100	payload[0]/4	54	1	54	000002D8	00000CAC	00000EAC	1	0000	ordinary_sample_offset
LEVEL.DAT	level_grouped_100	payload[0]/4	55	1	55	000002DC	00000CCE	00000ECE	1	0000	ordinary_sample_offset
LEVEL.DAT	level_grouped_100	payload[0]/4	56	1	56	000002E0	00000CEC	00000EEC	1	0000	ordinary_sample_offset
LEVEL.DAT	level_grouped_100	payload[0]/4	57	1	57	000002E4	00000D0A	00000F0A	1	0000	ordinary_sample_offset
LEVEL.DAT	level_grouped_100	payload[0]/4	58	1	58	000002E8	00000D2C	00000F2C	1	0000	ordinary_sample_offset
LEVEL.DAT	level_grouped_100	payload[0]/4	59	1	59	000002EC	00000D4A	00000F4A	1	0000	ordinary_sample_offset
LEVEL.DAT	level_grouped_100	payload[0]/4	60	1	60	000002F0	00000D68	00000F68	1	0000	ordinary_sample_offset
LEVEL.DAT	level_grouped_100	payload[0]/4	61	1	61	000002F4	00000D8A	00000F8A	1	0000	ordinary_sample_offset
LEVEL.DAT	level_grouped_100	payload[0]/4	62	1	62	000002F8	00000DA8	00000FA8	1	0005	ordinary_sample_offset
LEVEL.DAT	level_grouped_100	payload[0]/4	63	1	63	000002FC	00000DAA	00000FAA	1	0005	ordinary_sample_offset
LEVEL.DAT	level_grouped_100	payload[0]/4	64	1	64	00000300	00000DAC	00000FAC	1	0005	ordinary_sample_offset
LEVEL.DAT	level_grouped_100	payload[0]/4	65	1	65	00000304	00000DAE	00000FAE	1	0005	ordinary_sample_offset
LEVEL.DAT	level_grouped_100	payload[0]/4	66	1	66	00000308	00000DB0	00000FB0	1	0005	ordinary_sample_offset
LEVEL.DAT	level_grouped_100	payload[0]/4	67	1	67	0000030C	00000DB2	00000FB2	1	0005	ordinary_sample_offset
LEVEL.DAT	level_grouped_100	payload[0]/4	68	1	68	00000310	00000DB4	00000FB4	1	0005	ordinary_sample_offset
LEVEL.DAT	level_grouped_100	payload[0]/4	69	1	69	00000314	00000DB6	00000FB6	1	0005	ordinary_sample_offset
LEVEL.DAT	level_grouped_100	payload[0]/4	70	1	70	00000318	00000DB8	00000FB8	1	0005	ordinary_sample_offset
LEVEL.DAT	level_grouped_100	payload[0]/4	71	1	71	0000031C	00000DBA	00000FBA	1	0005	ordinary_sample_offset
LEVEL.DAT	level_grouped_100	payload[0]/4	72	1	72	00000320	00000DBC	00000FBC	1	0005	ordinary_sample_offset
LEVEL.DAT	level_grouped_100	payload[0]/4	73	1	73	00000324	00000DBE	00000FBE	1	0005	ordinary_sample_offset
LEVEL.DAT	level_grouped_100	payload[0]/4	74	1	74	00000328	00000DC0	00000FC0	1	0005	ordinary_sample_offset
LEVEL.DAT	level_grouped_100	payload[0]/4	75	1	75	0000032C	00000DC2	00000FC2	1	0005	ordinary_sample_offset
LEVEL.DAT	level_grouped_100	payload[0]/4	76	1	76	00000330	00000DC4	00000FC4	1	0005	ordinary_sample_offset
LEVEL.DAT	level_grouped_100	payload[0]/4	77	1	77	00000334	00000DC6	00000FC6	1	0005	ordinary_sample_offset
LEVEL.DAT	level_grouped_100	payload[0]/4	78	1	78	00000338	00000DC8	00000FC8	1	0005	ordinary_sample_offset
LEVEL.DAT	level_grouped_100	payload[0]/4	79	1	79	0000033C	00000DCA	00000FCA	1	0005	ordinary_sample_offset
LEVEL.DAT	level_grouped_100	payload[0]/4	80	1	80	00000340	00000DCC	00000FCC	1	0005	ordinary_sample_offset
LEVEL.DAT	level_grouped_100	payload[0]/4	81	1	81	00000344	00000DCE	00000FCE	1	0005	ordinary_sample_offset
LEVEL.DAT	level_grouped_100	payload[0]/4	82	1	82	00000348	00000DD0	00000FD0	1	0005	ordinary_sample_offset
LEVEL.DAT	level_grouped_100	payload[0]/4	83	1	83	0000034C	00000DD2	00000FD2	1	0005	ordinary_sample_offset
LEVEL.DAT	level_grouped_100	payload[0]/4	84	1	84	00000350	00000DD4	00000FD4	1	0005	ordinary_sample_offset
LEVEL.DAT	level_grouped_100	payload[0]/4	85	1	85	00000354	00000DD6	00000FD6	1	0005	ordinary_sample_offset
LEVEL.DAT	level_grouped_100	payload[0]/4	86	1	86	00000358	00000DD8	00000FD8	1	0005	ordinary_sample_offset
LEVEL.DAT	level_grouped_100	payload[0]/4	87	1	87	0000035C	00000DDA	00000FDA	1	0005	ordinary_sample_offset
LEVEL.DAT	level_grouped_100	payload[0]/4	88	1	88	00000360	00000DDC	00000FDC	1	0005	ordinary_sample_offset
LEVEL.DAT	level_grouped_100	payload[0]/4	89	1	89	00000364	00000DDE	00000FDE	1	0005	ordinary_sample_offset
LEVEL.DAT	level_grouped_100	payload[0]/4	90	1	90	00000368	00000DE0	00000FE0	1	0005	ordinary_sample_offset
LEVEL.DAT	level_grouped_100	payload[0]/4	91	1	91	0000036C	00000DE2	00000FE2	1	0005	ordinary_sample_offset
LEVEL.DAT	level_grouped_100	payload[0]/4	92	1	92	00000370	00000DE4	00000FE4	1	0005	ordinary_sample_offset
LEVEL.DAT	level_grouped_100	payload[0]/4	93	1	93	00000374	00000DE6	00000FE6	1	0005	ordinary_sample_offset
LEVEL.DAT	level_grouped_100	payload[0]/4	94	1	94	00000378	00000DE8	00000FE8	1	0005	ordinary_sample_offset
LEVEL.DAT	level_grouped_100	payload[0]/4	95	1	95	0000037C	00000DEA	00000FEA	1	0005	ordinary_sample_offset
LEVEL.DAT	level_grouped_100	payload[0]/4	96	1	96	00000380	00000DEC	00000FEC	1	0005	ordinary_sample_offset
LEVEL.DAT	level_grouped_100	payload[0]/4	97	1	97	00000384	00000DEE	00000FEE	1	0005	ordinary_sample_offset
LEVEL.DAT	level_grouped_100	payload[0]/4	98	1	98	00000388	00000DF0	00000FF0	1	0005	ordinary_sample_offset
LEVEL.DAT	level_grouped_100	payload[0]/4	99	1	99	0000038C	00000DF2	00000FF2	1	0005	ordinary_sample_offset
LEVEL.DAT	level_grouped_100	payload[0]/4	100	2	0	00000390	00000000	00000200	1	0648	ordinary_sample_offset
LEVEL.DAT	level_grouped_100	payload[0]/4	101	2	1	00000394	00000DF4	00000FF4	1	0005	ordinary_sample_offset
LEVEL.DAT	level_grouped_100	payload[0]/4	102	2	2	00000398	00000DF6	00000FF6	1	0005	ordinary_sample_offset
LEVEL.DAT	level_grouped_100	payload[0]/4	103	2	3	0000039C	00000DF8	00000FF8	1	0005	ordinary_sample_offset
LEVEL.DAT	level_grouped_100	payload[0]/4	104	2	4	000003A0	00000DFA	00000FFA	1	0005	ordinary_sample_offset
LEVEL.DAT	level_grouped_100	payload[0]/4	105	2	5	000003A4	00000DFC	00000FFC	1	0005	ordinary_sample_offset
LEVEL.DAT	level_grouped_100	payload[0]/4	106	2	6	000003A8	00000DFE	00000FFE	1	0005	ordinary_sample_offset
LEVEL.DAT	level_grouped_100	payload[0]/4	107	2	7	000003AC	00000E00	00001000	1	0000	ordinary_sample_offset
LEVEL.DAT	level_grouped_100	payload[0]/4	108	2	8	000003B0	00000E1E	0000101E	1	0000	ordinary_sample_offset
LEVEL.DAT	level_grouped_100	payload[0]/4	109	2	9	000003B4	00000E40	00001040	1	0000	ordinary_sample_offset
LEVEL.DAT	level_grouped_100	payload[0]/4	110	2	10	000003B8	00000E5E	0000105E	1	0000	ordinary_sample_offset
LEVEL.DAT	level_grouped_100	payload[0]/4	111	2	11	000003BC	00000E80	00001080	1	0000	ordinary_sample_offset
LEVEL.DAT	level_grouped_100	payload[0]/4	112	2	12	000003C0	00000E9E	0000109E	1	0000	ordinary_sample_offset
LEVEL.DAT	level_grouped_100	payload[0]/4	113	2	13	000003C4	00000EBC	000010BC	1	0000	ordinary_sample_offset
LEVEL.DAT	level_grouped_100	payload[0]/4	114	2	14	000003C8	00000EDE	000010DE	1	0000	ordinary_sample_offset
LEVEL.DAT	level_grouped_100	payload[0]/4	115	2	15	000003CC	00000EFC	000010FC	1	0000	ordinary_sample_offset
LEVEL.DAT	level_grouped_100	payload[0]/4	116	2	16	000003D0	00000F1E	0000111E	1	0000	ordinary_sample_offset
LEVEL.DAT	level_grouped_100	payload[0]/4	117	2	17	000003D4	00000F3C	0000113C	1	0000	ordinary_sample_offset
LEVEL.DAT	level_grouped_100	payload[0]/4	118	2	18	000003D8	00000F5E	0000115E	1	0000	ordinary_sample_offset
LEVEL.DAT	level_grouped_100	payload[0]/4	119	2	19	000003DC	00000F7C	0000117C	1	0000	ordinary_sample_offset
LEVEL.DAT	level_grouped_100	payload[0]/4	120	2	20	000003E0	00000F9E	0000119E	1	0000	ordinary_sample_offset
LEVEL.DAT	level_grouped_100	payload[0]/4	121	2	21	000003E4	00000FBC	000011BC	1	0000	ordinary_sample_offset
LEVEL.DAT	level_grouped_100	payload[0]/4	122	2	22	000003E8	00000FDE	000011DE	1	0000	ordinary_sample_offset
LEVEL.DAT	level_grouped_100	payload[0]/4	123	2	23	000003EC	00000FFC	000011FC	1	0000	ordinary_sample_offset
LEVEL.DAT	level_grouped_100	payload[0]/4	124	2	24	000003F0	0000101E	0000121E	1	0000	ordinary_sample_offset
LEVEL.DAT	level_grouped_100	payload[0]/4	125	2	25	000003F4	0000103C	0000123C	1	0000	ordinary_sample_offset
LEVEL.DAT	level_grouped_100	payload[0]/4	126	2	26	000003F8	0000105E	0000125E	1	0000	ordinary_sample_offset
LEVEL.DAT	level_grouped_100	payload[0]/4	127	2	27	000003FC	0000107C	0000127C	1	0000	ordinary_sample_offset
LEVEL.DAT	level_grouped_100	payload[0]/4	128	2	28	00000400	0000109E	0000129E	1	0000	ordinary_sample_offset
LEVEL.DAT	level_grouped_100	payload[0]/4	129	2	29	00000404	000010BC	000012BC	1	0000	ordinary_sample_offset
LEVEL.DAT	level_grouped_100	payload[0]/4	130	2	30	00000408	000010DE	000012DE	1	0000	ordinary_sample_offset
LEVEL.DAT	level_grouped_100	payload[0]/4	131	2	31	0000040C	000010FC	000012FC	1	0000	ordinary_sample_offset
LEVEL.DAT	level_grouped_100	payload[0]/4	132	2	32	00000410	0000111E	0000131E	1	0000	ordinary_sample_offset
LEVEL.DAT	level_grouped_100	payload[0]/4	133	2	33	00000414	0000113C	0000133C	1	0000	ordinary_sample_offset
LEVEL.DAT	level_grouped_100	payload[0]/4	134	2	34	00000418	0000115E	0000135E	1	0000	ordinary_sample_offset
LEVEL.DAT	level_grouped_100	payload[0]/4	135	2	35	0000041C	0000117C	0000137C	1	0000	ordinary_sample_offset
LEVEL.DAT	level_grouped_100	payload[0]/4	136	2	36	00000420	0000119E	0000139E	1	0000	ordinary_sample_offset
LEVEL.DAT	level_grouped_100	payload[0]/4	137	2	37	00000424	000011BC	000013BC	1	0000	ordinary_sample_offset
LEVEL.DAT	level_grouped_100	payload[0]/4	138	2	38	00000428	000011DA	000013DA	1	0000	ordinary_sample_offset
LEVEL.DAT	level_grouped_100	payload[0]/4	139	2	39	0000042C	000011FC	000013FC	1	0000	ordinary_sample_offset
LEVEL.DAT	level_grouped_100	payload[0]/4	140	2	40	00000430	0000121A	0000141A	1	0000	ordinary_sample_offset
LEVEL.DAT	level_grouped_100	payload[0]/4	141	2	41	00000434	0000123C	0000143C	1	0000	ordinary_sample_offset
LEVEL.DAT	level_grouped_100	payload[0]/4	142	2	42	00000438	0000125A	0000145A	1	0000	ordinary_sample_offset
LEVEL.DAT	level_grouped_100	payload[0]/4	143	2	43	0000043C	00001278	00001478	1	0000	ordinary_sample_offset
LEVEL.DAT	level_grouped_100	payload[0]/4	144	2	44	00000440	0000129A	0000149A	1	0000	ordinary_sample_offset
LEVEL.DAT	level_grouped_100	payload[0]/4	145	2	45	00000444	000012B8	000014B8	1	0000	ordinary_sample_offset
LEVEL.DAT	level_grouped_100	payload[0]/4	146	2	46	00000448	000012DA	000014DA	1	0000	ordinary_sample_offset
LEVEL.DAT	level_grouped_100	payload[0]/4	147	2	47	0000044C	000012F8	000014F8	1	0000	ordinary_sample_offset
LEVEL.DAT	level_grouped_100	payload[0]/4	148	2	48	00000450	00001316	00001516	1	0000	ordinary_sample_offset
LEVEL.DAT	level_grouped_100	payload[0]/4	149	2	49	00000454	00001338	00001538	1	0000	ordinary_sample_offset
LEVEL.DAT	level_grouped_100	payload[0]/4	150	2	50	00000458	00001356	00001556	1	0000	ordinary_sample_offset
LEVEL.DAT	level_grouped_100	payload[0]/4	151	2	51	0000045C	00001378	00001578	1	0000	ordinary_sample_offset
LEVEL.DAT	level_grouped_100	payload[0]/4	152	2	52	00000460	00001396	00001596	1	0000	ordinary_sample_offset
LEVEL.DAT	level_grouped_100	payload[0]/4	153	2	53	00000464	000013B4	000015B4	1	0000	ordinary_sample_offset
LEVEL.DAT	level_grouped_100	payload[0]/4	154	2	54	00000468	000013D6	000015D6	1	0000	ordinary_sample_offset
LEVEL.DAT	level_grouped_100	payload[0]/4	155	2	55	0000046C	000013F4	000015F4	1	0000	ordinary_sample_offset
LEVEL.DAT	level_grouped_100	payload[0]/4	156	2	56	00000470	00001416	00001616	1	0000	ordinary_sample_offset
LEVEL.DAT	level_grouped_100	payload[0]/4	157	2	57	00000474	00001434	00001634	1	0000	ordinary_sample_offset
LEVEL.DAT	level_grouped_100	payload[0]/4	158	2	58	00000478	00001456	00001656	1	0000	ordinary_sample_offset
LEVEL.DAT	level_grouped_100	payload[0]/4	159	2	59	0000047C	00001474	00001674	1	0000	ordinary_sample_offset
LEVEL.DAT	level_grouped_100	payload[0]/4	160	2	60	00000480	00001496	00001696	1	0000	ordinary_sample_offset
LEVEL.DAT	level_grouped_100	payload[0]/4	161	2	61	00000484	000014B8	000016B8	1	0000	ordinary_sample_offset
LEVEL.DAT	level_grouped_100	payload[0]/4	162	2	62	00000488	000014D6	000016D6	1	0005	ordinary_sample_offset
LEVEL.DAT	level_grouped_100	payload[0]/4	163	2	63	0000048C	000014D8	000016D8	1	0005	ordinary_sample_offset
LEVEL.DAT	level_grouped_100	payload[0]/4	164	2	64	00000490	000014DA	000016DA	1	0005	ordinary_sample_offset
LEVEL.DAT	level_grouped_100	payload[0]/4	165	2	65	00000494	000014DC	000016DC	1	0005	ordinary_sample_offset
LEVEL.DAT	level_grouped_100	payload[0]/4	166	2	66	00000498	000014DE	000016DE	1	0005	ordinary_sample_offset
LEVEL.DAT	level_grouped_100	payload[0]/4	167	2	67	0000049C	000014E0	000016E0	1	0005	ordinary_sample_offset
LEVEL.DAT	level_grouped_100	payload[0]/4	168	2	68	000004A0	000014E2	000016E2	1	0005	ordinary_sample_offset
LEVEL.DAT	level_grouped_100	payload[0]/4	169	2	69	000004A4	000014E4	000016E4	1	0005	ordinary_sample_offset
LEVEL.DAT	level_grouped_100	payload[0]/4	170	2	70	000004A8	000014E6	000016E6	1	0005	ordinary_sample_offset
LEVEL.DAT	level_grouped_100	payload[0]/4	171	2	71	000004AC	000014E8	000016E8	1	0005	ordinary_sample_offset
LEVEL.DAT	level_grouped_100	payload[0]/4	172	2	72	000004B0	000014EA	000016EA	1	0005	ordinary_sample_offset
LEVEL.DAT	level_grouped_100	payload[0]/4	173	2	73	000004B4	000014EC	000016EC	1	0005	ordinary_sample_offset
LEVEL.DAT	level_grouped_100	payload[0]/4	174	2	74	000004B8	000014EE	000016EE	1	0005	ordinary_sample_offset
LEVEL.DAT	level_grouped_100	payload[0]/4	175	2	75	000004BC	000014F0	000016F0	1	0005	ordinary_sample_offset
LEVEL.DAT	level_grouped_100	payload[0]/4	176	2	76	000004C0	000014F2	000016F2	1	0005	ordinary_sample_offset
LEVEL.DAT	level_grouped_100	payload[0]/4	177	2	77	000004C4	000014F4	000016F4	1	0005	ordinary_sample_offset
LEVEL.DAT	level_grouped_100	payload[0]/4	178	2	78	000004C8	000014F6	000016F6	1	0005	ordinary_sample_offset
LEVEL.DAT	level_grouped_100	payload[0]/4	179	2	79	000004CC	000014F8	000016F8	1	0005	ordinary_sample_offset
LEVEL.DAT	level_grouped_100	payload[0]/4	180	2	80	000004D0	000014FA	000016FA	1	0005	ordinary_sample_offset
LEVEL.DAT	level_grouped_100	payload[0]/4	181	2	81	000004D4	000014FC	000016FC	1	0005	ordinary_sample_offset
LEVEL.DAT	level_grouped_100	payload[0]/4	182	2	82	000004D8	000014FE	000016FE	1	0005	ordinary_sample_offset
LEVEL.DAT	level_grouped_100	payload[0]/4	183	2	83	000004DC	00001500	00001700	1	0005	ordinary_sample_offset
LEVEL.DAT	level_grouped_100	payload[0]/4	184	2	84	000004E0	00001502	00001702	1	0005	ordinary_sample_offset
LEVEL.DAT	level_grouped_100	payload[0]/4	185	2	85	000004E4	00001504	00001704	1	0005	ordinary_sample_offset
LEVEL.DAT	level_grouped_100	payload[0]/4	186	2	86	000004E8	00001506	00001706	1	0005	ordinary_sample_offset
LEVEL.DAT	level_grouped_100	payload[0]/4	187	2	87	000004EC	00001508	00001708	1	0005	ordinary_sample_offset
LEVEL.DAT	level_grouped_100	payload[0]/4	188	2	88	000004F0	0000150A	0000170A	1	0005	ordinary_sample_offset
LEVEL.DAT	level_grouped_100	payload[0]/4	189	2	89	000004F4	0000150C	0000170C	1	0005	ordinary_sample_offset
LEVEL.DAT	level_grouped_100	payload[0]/4	190	2	90	000004F8	0000150E	0000170E	1	0005	ordinary_sample_offset
LEVEL.DAT	level_grouped_100	payload[0]/4	191	2	91	000004FC	00001510	00001710	1	0005	ordinary_sample_offset
LEVEL.DAT	level_grouped_100	payload[0]/4	192	2	92	00000500	00001512	00001712	1	0005	ordinary_sample_offset
LEVEL.DAT	level_grouped_100	payload[0]/4	193	2	93	00000504	00001514	00001714	1	0005	ordinary_sample_offset
LEVEL.DAT	level_grouped_100	payload[0]/4	194	2	94	00000508	00001516	00001716	1	0005	ordinary_sample_offset
LEVEL.DAT	level_grouped_100	payload[0]/4	195	2	95	0000050C	00001518	00001718	1	0005	ordinary_sample_offset
LEVEL.DAT	level_grouped_100	payload[0]/4	196	2	96	00000510	0000151A	0000171A	1	0005	ordinary_sample_offset
LEVEL.DAT	level_grouped_100	payload[0]/4	197	2	97	00000514	0000151C	0000171C	1	0005	ordinary_sample_offset
LEVEL.DAT	level_grouped_100	payload[0]/4	198	2	98	00000518	0000151E	0000171E	1	0005	ordinary_sample_offset
LEVEL.DAT	level_grouped_100	payload[0]/4	199	2	99	0000051C	00001520	00001720	1	0005	ordinary_sample_offset
LEVEL.DAT	level_grouped_100	payload[0]/4	200	3	0	00000520	00000000	00000200	1	0648	ordinary_sample_offset
LEVEL.DAT	level_grouped_100	payload[0]/4	201	3	1	00000524	00001522	00001722	1	0005	ordinary_sample_offset
LEVEL.DAT	level_grouped_100	payload[0]/4	202	3	2	00000528	00001524	00001724	1	0005	ordinary_sample_offset
LEVEL.DAT	level_grouped_100	payload[0]/4	203	3	3	0000052C	00001526	00001726	1	0005	ordinary_sample_offset
LEVEL.DAT	level_grouped_100	payload[0]/4	204	3	4	00000530	00001528	00001728	1	0005	ordinary_sample_offset
LEVEL.DAT	level_grouped_100	payload[0]/4	205	3	5	00000534	0000152A	0000172A	1	0005	ordinary_sample_offset
LEVEL.DAT	level_grouped_100	payload[0]/4	206	3	6	00000538	0000152C	0000172C	1	0005	ordinary_sample_offset
LEVEL.DAT	level_grouped_100	payload[0]/4	207	3	7	0000053C	0000152E	0000172E	1	0005	ordinary_sample_offset
LEVEL.DAT	level_grouped_100	payload[0]/4	208	3	8	00000540	00001530	00001730	1	0005	ordinary_sample_offset
LEVEL.DAT	level_grouped_100	payload[0]/4	209	3	9	00000544	00001532	00001732	1	0005	ordinary_sample_offset
LEVEL.DAT	level_grouped_100	payload[0]/4	210	3	10	00000548	00001534	00001734	1	0005	ordinary_sample_offset
LEVEL.DAT	level_grouped_100	payload[0]/4	211	3	11	0000054C	00001536	00001736	1	0005	ordinary_sample_offset
LEVEL.DAT	level_grouped_100	payload[0]/4	212	3	12	00000550	00001538	00001738	1	0005	ordinary_sample_offset
LEVEL.DAT	level_grouped_100	payload[0]/4	213	3	13	00000554	0000153A	0000173A	1	0005	ordinary_sample_offset
LEVEL.DAT	level_grouped_100	payload[0]/4	214	3	14	00000558	0000153C	0000173C	1	0005	ordinary_sample_offset
LEVEL.DAT	level_grouped_100	payload[0]/4	215	3	15	0000055C	0000153E	0000173E	1	0005	ordinary_sample_offset
LEVEL.DAT	level_grouped_100	payload[0]/4	216	3	16	00000560	00001540	00001740	1	0005	ordinary_sample_offset
LEVEL.DAT	level_grouped_100	payload[0]/4	217	3	17	00000564	00001542	00001742	1	0005	ordinary_sample_offset
LEVEL.DAT	level_grouped_100	payload[0]/4	218	3	18	00000568	00001544	00001744	1	0005	ordinary_sample_offset
LEVEL.DAT	level_grouped_100	payload[0]/4	219	3	19	0000056C	00001546	00001746	1	0005	ordinary_sample_offset
LEVEL.DAT	level_grouped_100	payload[0]/4	220	3	20	00000570	00001548	00001748	1	0005	ordinary_sample_offset
LEVEL.DAT	level_grouped_100	payload[0]/4	221	3	21	00000574	0000154A	0000174A	1	0005	ordinary_sample_offset
LEVEL.DAT	level_grouped_100	payload[0]/4	222	3	22	00000578	0000154C	0000174C	1	0005	ordinary_sample_offset
LEVEL.DAT	level_grouped_100	payload[0]/4	223	3	23	0000057C	0000154E	0000174E	1	0005	ordinary_sample_offset
LEVEL.DAT	level_grouped_100	payload[0]/4	224	3	24	00000580	00001550	00001750	1	0005	ordinary_sample_offset
LEVEL.DAT	level_grouped_100	payload[0]/4	225	3	25	00000584	00001552	00001752	1	0000	ordinary_sample_offset
LEVEL.DAT	level_grouped_100	payload[0]/4	226	3	26	00000588	00001570	00001770	1	0000	ordinary_sample_offset
LEVEL.DAT	level_grouped_100	payload[0]/4	227	3	27	0000058C	0000158E	0000178E	1	0000	ordinary_sample_offset
LEVEL.DAT	level_grouped_100	payload[0]/4	228	3	28	00000590	000015B0	000017B0	1	0000	ordinary_sample_offset
LEVEL.DAT	level_grouped_100	payload[0]/4	229	3	29	00000594	000015CE	000017CE	1	0000	ordinary_sample_offset
LEVEL.DAT	level_grouped_100	payload[0]/4	230	3	30	00000598	000015F0	000017F0	1	0000	ordinary_sample_offset
LEVEL.DAT	level_grouped_100	payload[0]/4	231	3	31	0000059C	0000160E	0000180E	1	0000	ordinary_sample_offset
LEVEL.DAT	level_grouped_100	payload[0]/4	232	3	32	000005A0	0000162C	0000182C	1	0000	ordinary_sample_offset
LEVEL.DAT	level_grouped_100	payload[0]/4	233	3	33	000005A4	0000164E	0000184E	1	0000	ordinary_sample_offset
LEVEL.DAT	level_grouped_100	payload[0]/4	234	3	34	000005A8	0000166C	0000186C	1	0000	ordinary_sample_offset
LEVEL.DAT	level_grouped_100	payload[0]/4	235	3	35	000005AC	0000168E	0000188E	1	0000	ordinary_sample_offset
LEVEL.DAT	level_grouped_100	payload[0]/4	236	3	36	000005B0	000016AC	000018AC	1	0000	ordinary_sample_offset
LEVEL.DAT	level_grouped_100	payload[0]/4	237	3	37	000005B4	000016CA	000018CA	1	0000	ordinary_sample_offset
LEVEL.DAT	level_grouped_100	payload[0]/4	238	3	38	000005B8	000016EC	000018EC	1	0000	ordinary_sample_offset
LEVEL.DAT	level_grouped_100	payload[0]/4	239	3	39	000005BC	0000170A	0000190A	1	0000	ordinary_sample_offset
LEVEL.DAT	level_grouped_100	payload[0]/4	240	3	40	000005C0	0000172C	0000192C	1	0000	ordinary_sample_offset
LEVEL.DAT	level_grouped_100	payload[0]/4	241	3	41	000005C4	0000174A	0000194A	1	0000	ordinary_sample_offset
LEVEL.DAT	level_grouped_100	payload[0]/4	242	3	42	000005C8	00001768	00001968	1	0000	ordinary_sample_offset
LEVEL.DAT	level_grouped_100	payload[0]/4	243	3	43	000005CC	0000178A	0000198A	1	0000	ordinary_sample_offset
LEVEL.DAT	level_grouped_100	payload[0]/4	244	3	44	000005D0	000017A8	000019A8	1	0000	ordinary_sample_offset
LEVEL.DAT	level_grouped_100	payload[0]/4	245	3	45	000005D4	000017CA	000019CA	1	0000	ordinary_sample_offset
LEVEL.DAT	level_grouped_100	payload[0]/4	246	3	46	000005D8	000017E8	000019E8	1	0000	ordinary_sample_offset
LEVEL.DAT	level_grouped_100	payload[0]/4	247	3	47	000005DC	00001806	00001A06	1	0000	ordinary_sample_offset
LEVEL.DAT	level_grouped_100	payload[0]/4	248	3	48	000005E0	00001828	00001A28	1	0000	ordinary_sample_offset
LEVEL.DAT	level_grouped_100	payload[0]/4	249	3	49	000005E4	00001846	00001A46	1	0000	ordinary_sample_offset
LEVEL.DAT	level_grouped_100	payload[0]/4	250	3	50	000005E8	00001868	00001A68	1	0000	ordinary_sample_offset
LEVEL.DAT	level_grouped_100	payload[0]/4	251	3	51	000005EC	00001886	00001A86	1	0000	ordinary_sample_offset
LEVEL.DAT	level_grouped_100	payload[0]/4	252	3	52	000005F0	000018A4	00001AA4	1	0000	ordinary_sample_offset
LEVEL.DAT	level_grouped_100	payload[0]/4	253	3	53	000005F4	000018C6	00001AC6	1	0000	ordinary_sample_offset
LEVEL.DAT	level_grouped_100	payload[0]/4	254	3	54	000005F8	000018E4	00001AE4	1	0000	ordinary_sample_offset
LEVEL.DAT	level_grouped_100	payload[0]/4	255	3	55	000005FC	00001906	00001B06	1	0000	ordinary_sample_offset
LEVEL.DAT	level_grouped_100	payload[0]/4	256	3	56	00000600	00001924	00001B24	1	0000	ordinary_sample_offset
LEVEL.DAT	level_grouped_100	payload[0]/4	257	3	57	00000604	00001942	00001B42	1	0000	ordinary_sample_offset
LEVEL.DAT	level_grouped_100	payload[0]/4	258	3	58	00000608	00001964	00001B64	1	0000	ordinary_sample_offset
LEVEL.DAT	level_grouped_100	payload[0]/4	259	3	59	0000060C	00001982	00001B82	1	0000	ordinary_sample_offset
LEVEL.DAT	level_grouped_100	payload[0]/4	260	3	60	00000610	000019A4	00001BA4	1	0000	ordinary_sample_offset
LEVEL.DAT	level_grouped_100	payload[0]/4	261	3	61	00000614	000019C6	00001BC6	1	0000	ordinary_sample_offset
LEVEL.DAT	level_grouped_100	payload[0]/4	262	3	62	00000618	000019E4	00001BE4	1	0005	ordinary_sample_offset
LEVEL.DAT	level_grouped_100	payload[0]/4	263	3	63	0000061C	000019E6	00001BE6	1	0005	ordinary_sample_offset
LEVEL.DAT	level_grouped_100	payload[0]/4	264	3	64	00000620	000019E8	00001BE8	1	0005	ordinary_sample_offset
LEVEL.DAT	level_grouped_100	payload[0]/4	265	3	65	00000624	000019EA	00001BEA	1	0005	ordinary_sample_offset
LEVEL.DAT	level_grouped_100	payload[0]/4	266	3	66	00000628	000019EC	00001BEC	1	0005	ordinary_sample_offset
LEVEL.DAT	level_grouped_100	payload[0]/4	267	3	67	0000062C	000019EE	00001BEE	1	0005	ordinary_sample_offset
LEVEL.DAT	level_grouped_100	payload[0]/4	268	3	68	00000630	000019F0	00001BF0	1	0005	ordinary_sample_offset
LEVEL.DAT	level_grouped_100	payload[0]/4	269	3	69	00000634	000019F2	00001BF2	1	0005	ordinary_sample_offset
LEVEL.DAT	level_grouped_100	payload[0]/4	270	3	70	00000638	000019F4	00001BF4	1	0005	ordinary_sample_offset
LEVEL.DAT	level_grouped_100	payload[0]/4	271	3	71	0000063C	000019F6	00001BF6	1	0005	ordinary_sample_offset
LEVEL.DAT	level_grouped_100	payload[0]/4	272	3	72	00000640	000019F8	00001BF8	1	0005	ordinary_sample_offset
LEVEL.DAT	level_grouped_100	payload[0]/4	273	3	73	00000644	000019FA	00001BFA	1	0005	ordinary_sample_offset
LEVEL.DAT	level_grouped_100	payload[0]/4	274	3	74	00000648	000019FC	00001BFC	1	0005	ordinary_sample_offset
LEVEL.DAT	level_grouped_100	payload[0]/4	275	3	75	0000064C	000019FE	00001BFE	1	0005	ordinary_sample_offset
LEVEL.DAT	level_grouped_100	payload[0]/4	276	3	76	00000650	00001A00	00001C00	1	0005	ordinary_sample_offset
LEVEL.DAT	level_grouped_100	payload[0]/4	277	3	77	00000654	00001A02	00001C02	1	0005	ordinary_sample_offset
LEVEL.DAT	level_grouped_100	payload[0]/4	278	3	78	00000658	00001A04	00001C04	1	0005	ordinary_sample_offset
LEVEL.DAT	level_grouped_100	payload[0]/4	279	3	79	0000065C	00001A06	00001C06	1	0005	ordinary_sample_offset
LEVEL.DAT	level_grouped_100	payload[0]/4	280	3	80	00000660	00001A08	00001C08	1	0005	ordinary_sample_offset
LEVEL.DAT	level_grouped_100	payload[0]/4	281	3	81	00000664	00001A0A	00001C0A	1	0005	ordinary_sample_offset
LEVEL.DAT	level_grouped_100	payload[0]/4	282	3	82	00000668	00001A0C	00001C0C	1	0005	ordinary_sample_offset
LEVEL.DAT	level_grouped_100	payload[0]/4	283	3	83	0000066C	00001A0E	00001C0E	1	0005	ordinary_sample_offset
LEVEL.DAT	level_grouped_100	payload[0]/4	284	3	84	00000670	00001A10	00001C10	1	0005	ordinary_sample_offset
LEVEL.DAT	level_grouped_100	payload[0]/4	285	3	85	00000674	00001A12	00001C12	1	0005	ordinary_sample_offset
LEVEL.DAT	level_grouped_100	payload[0]/4	286	3	86	00000678	00001A14	00001C14	1	0005	ordinary_sample_offset
LEVEL.DAT	level_grouped_100	payload[0]/4	287	3	87	0000067C	00001A16	00001C16	1	0005	ordinary_sample_offset
LEVEL.DAT	level_grouped_100	payload[0]/4	288	3	88	00000680	00001A18	00001C18	1	0005	ordinary_sample_offset
LEVEL.DAT	level_grouped_100	payload[0]/4	289	3	89	00000684	00001A1A	00001C1A	1	0005	ordinary_sample_offset
LEVEL.DAT	level_grouped_100	payload[0]/4	290	3	90	00000688	00001A1C	00001C1C	1	0005	ordinary_sample_offset
LEVEL.DAT	level_grouped_100	payload[0]/4	291	3	91	0000068C	00001A1E	00001C1E	1	0005	ordinary_sample_offset
LEVEL.DAT	level_grouped_100	payload[0]/4	292	3	92	00000690	00001A20	00001C20	1	0005	ordinary_sample_offset
LEVEL.DAT	level_grouped_100	payload[0]/4	293	3	93	00000694	00001A22	00001C22	1	0005	ordinary_sample_offset
LEVEL.DAT	level_grouped_100	payload[0]/4	294	3	94	00000698	00001A24	00001C24	1	0005	ordinary_sample_offset
LEVEL.DAT	level_grouped_100	payload[0]/4	295	3	95	0000069C	00001A26	00001C26	1	0005	ordinary_sample_offset
LEVEL.DAT	level_grouped_100	payload[0]/4	296	3	96	000006A0	00001A28	00001C28	1	0005	ordinary_sample_offset
LEVEL.DAT	level_grouped_100	payload[0]/4	297	3	97	000006A4	00001A2A	00001C2A	1	0005	ordinary_sample_offset
LEVEL.DAT	level_grouped_100	payload[0]/4	298	3	98	000006A8	00001A2C	00001C2C	1	0005	ordinary_sample_offset
LEVEL.DAT	level_grouped_100	payload[0]/4	299	3	99	000006AC	00001A2E	00001C2E	1	0005	ordinary_sample_offset
LEVEL.DAT	level_grouped_100	payload[0]/4	300	4	0	000006B0	00000000	00000200	1	0648	ordinary_sample_offset
LEVEL.DAT	level_grouped_100	payload[0]/4	301	4	1	000006B4	00001A30	00001C30	1	0005	ordinary_sample_offset
LEVEL.DAT	level_grouped_100	payload[0]/4	302	4	2	000006B8	00001A32	00001C32	1	0005	ordinary_sample_offset
LEVEL.DAT	level_grouped_100	payload[0]/4	303	4	3	000006BC	00001A34	00001C34	1	0005	ordinary_sample_offset
LEVEL.DAT	level_grouped_100	payload[0]/4	304	4	4	000006C0	00001A36	00001C36	1	0005	ordinary_sample_offset
LEVEL.DAT	level_grouped_100	payload[0]/4	305	4	5	000006C4	00001A38	00001C38	1	0005	ordinary_sample_offset
LEVEL.DAT	level_grouped_100	payload[0]/4	306	4	6	000006C8	00001A3A	00001C3A	1	0005	ordinary_sample_offset
LEVEL.DAT	level_grouped_100	payload[0]/4	307	4	7	000006CC	00001A3C	00001C3C	1	0005	ordinary_sample_offset
LEVEL.DAT	level_grouped_100	payload[0]/4	308	4	8	000006D0	00001A3E	00001C3E	1	0005	ordinary_sample_offset
LEVEL.DAT	level_grouped_100	payload[0]/4	309	4	9	000006D4	00001A40	00001C40	1	0005	ordinary_sample_offset
LEVEL.DAT	level_grouped_100	payload[0]/4	310	4	10	000006D8	00001A42	00001C42	1	0005	ordinary_sample_offset
LEVEL.DAT	level_grouped_100	payload[0]/4	311	4	11	000006DC	00001A44	00001C44	1	0005	ordinary_sample_offset
LEVEL.DAT	level_grouped_100	payload[0]/4	312	4	12	000006E0	00001A46	00001C46	1	0005	ordinary_sample_offset
LEVEL.DAT	level_grouped_100	payload[0]/4	313	4	13	000006E4	00001A48	00001C48	1	0005	ordinary_sample_offset
LEVEL.DAT	level_grouped_100	payload[0]/4	314	4	14	000006E8	00001A4A	00001C4A	1	0005	ordinary_sample_offset
LEVEL.DAT	level_grouped_100	payload[0]/4	315	4	15	000006EC	00001A4C	00001C4C	1	0005	ordinary_sample_offset
LEVEL.DAT	level_grouped_100	payload[0]/4	316	4	16	000006F0	00001A4E	00001C4E	1	0005	ordinary_sample_offset
LEVEL.DAT	level_grouped_100	payload[0]/4	317	4	17	000006F4	00001A50	00001C50	1	0005	ordinary_sample_offset
LEVEL.DAT	level_grouped_100	payload[0]/4	318	4	18	000006F8	00001A52	00001C52	1	0005	ordinary_sample_offset
LEVEL.DAT	level_grouped_100	payload[0]/4	319	4	19	000006FC	00001A54	00001C54	1	0005	ordinary_sample_offset
LEVEL.DAT	level_grouped_100	payload[0]/4	320	4	20	00000700	00001A56	00001C56	1	0005	ordinary_sample_offset
LEVEL.DAT	level_grouped_100	payload[0]/4	321	4	21	00000704	00001A58	00001C58	1	0005	ordinary_sample_offset
LEVEL.DAT	level_grouped_100	payload[0]/4	322	4	22	00000708	00001A5A	00001C5A	1	0005	ordinary_sample_offset
LEVEL.DAT	level_grouped_100	payload[0]/4	323	4	23	0000070C	00001A5C	00001C5C	1	0005	ordinary_sample_offset
LEVEL.DAT	level_grouped_100	payload[0]/4	324	4	24	00000710	00001A5E	00001C5E	1	0005	ordinary_sample_offset
LEVEL.DAT	level_grouped_100	payload[0]/4	325	4	25	00000714	00001A60	00001C60	1	0005	ordinary_sample_offset
LEVEL.DAT	level_grouped_100	payload[0]/4	326	4	26	00000718	00001A62	00001C62	1	0005	ordinary_sample_offset
LEVEL.DAT	level_grouped_100	payload[0]/4	327	4	27	0000071C	00001A64	00001C64	1	0005	ordinary_sample_offset
LEVEL.DAT	level_grouped_100	payload[0]/4	328	4	28	00000720	00001A66	00001C66	1	0005	ordinary_sample_offset
LEVEL.DAT	level_grouped_100	payload[0]/4	329	4	29	00000724	00001A68	00001C68	1	0005	ordinary_sample_offset
LEVEL.DAT	level_grouped_100	payload[0]/4	330	4	30	00000728	00001A6A	00001C6A	1	0005	ordinary_sample_offset
LEVEL.DAT	level_grouped_100	payload[0]/4	331	4	31	0000072C	00001A6C	00001C6C	1	0005	ordinary_sample_offset
LEVEL.DAT	level_grouped_100	payload[0]/4	332	4	32	00000730	00001A6E	00001C6E	1	0005	ordinary_sample_offset
LEVEL.DAT	level_grouped_100	payload[0]/4	333	4	33	00000734	00001A70	00001C70	1	0005	ordinary_sample_offset
LEVEL.DAT	level_grouped_100	payload[0]/4	334	4	34	00000738	00001A72	00001C72	1	0005	ordinary_sample_offset
LEVEL.DAT	level_grouped_100	payload[0]/4	335	4	35	0000073C	00001A74	00001C74	1	0000	ordinary_sample_offset
LEVEL.DAT	level_grouped_100	payload[0]/4	336	4	36	00000740	00001A92	00001C92	1	0000	ordinary_sample_offset
LEVEL.DAT	level_grouped_100	payload[0]/4	337	4	37	00000744	00001AB4	00001CB4	1	0000	ordinary_sample_offset
LEVEL.DAT	level_grouped_100	payload[0]/4	338	4	38	00000748	00001AD2	00001CD2	1	0000	ordinary_sample_offset
LEVEL.DAT	level_grouped_100	payload[0]/4	339	4	39	0000074C	00001AF4	00001CF4	1	0000	ordinary_sample_offset
LEVEL.DAT	level_grouped_100	payload[0]/4	340	4	40	00000750	00001B12	00001D12	1	0000	ordinary_sample_offset
LEVEL.DAT	level_grouped_100	payload[0]/4	341	4	41	00000754	00001B30	00001D30	1	0000	ordinary_sample_offset
LEVEL.DAT	level_grouped_100	payload[0]/4	342	4	42	00000758	00001B52	00001D52	1	0000	ordinary_sample_offset
LEVEL.DAT	level_grouped_100	payload[0]/4	343	4	43	0000075C	00001B70	00001D70	1	0000	ordinary_sample_offset
LEVEL.DAT	level_grouped_100	payload[0]/4	344	4	44	00000760	00001B92	00001D92	1	0000	ordinary_sample_offset
LEVEL.DAT	level_grouped_100	payload[0]/4	345	4	45	00000764	00001BB0	00001DB0	1	0000	ordinary_sample_offset
LEVEL.DAT	level_grouped_100	payload[0]/4	346	4	46	00000768	00001BCE	00001DCE	1	0000	ordinary_sample_offset
LEVEL.DAT	level_grouped_100	payload[0]/4	347	4	47	0000076C	00001BF0	00001DF0	1	0000	ordinary_sample_offset
LEVEL.DAT	level_grouped_100	payload[0]/4	348	4	48	00000770	00001C0E	00001E0E	1	0000	ordinary_sample_offset
LEVEL.DAT	level_grouped_100	payload[0]/4	349	4	49	00000774	00001C30	00001E30	1	0000	ordinary_sample_offset
LEVEL.DAT	level_grouped_100	payload[0]/4	350	4	50	00000778	00001C4E	00001E4E	1	0000	ordinary_sample_offset
LEVEL.DAT	level_grouped_100	payload[0]/4	351	4	51	0000077C	00001C6C	00001E6C	1	0000	ordinary_sample_offset
LEVEL.DAT	level_grouped_100	payload[0]/4	352	4	52	00000780	00001C8E	00001E8E	1	0000	ordinary_sample_offset
LEVEL.DAT	level_grouped_100	payload[0]/4	353	4	53	00000784	00001CAC	00001EAC	1	0000	ordinary_sample_offset
LEVEL.DAT	level_grouped_100	payload[0]/4	354	4	54	00000788	00001CCA	00001ECA	1	0000	ordinary_sample_offset
LEVEL.DAT	level_grouped_100	payload[0]/4	355	4	55	0000078C	00001CEC	00001EEC	1	0000	ordinary_sample_offset
LEVEL.DAT	level_grouped_100	payload[0]/4	356	4	56	00000790	00001D0A	00001F0A	1	0000	ordinary_sample_offset
LEVEL.DAT	level_grouped_100	payload[0]/4	357	4	57	00000794	00001D28	00001F28	1	0000	ordinary_sample_offset
LEVEL.DAT	level_grouped_100	payload[0]/4	358	4	58	00000798	00001D4A	00001F4A	1	0000	ordinary_sample_offset
LEVEL.DAT	level_grouped_100	payload[0]/4	359	4	59	0000079C	00001D68	00001F68	1	0000	ordinary_sample_offset
LEVEL.DAT	level_grouped_100	payload[0]/4	360	4	60	000007A0	00001D86	00001F86	1	0000	ordinary_sample_offset
LEVEL.DAT	level_grouped_100	payload[0]/4	361	4	61	000007A4	00001DA4	00001FA4	1	0000	ordinary_sample_offset
LEVEL.DAT	level_grouped_100	payload[0]/4	362	4	62	000007A8	00001DC2	00001FC2	1	0005	ordinary_sample_offset
LEVEL.DAT	level_grouped_100	payload[0]/4	363	4	63	000007AC	00001DC4	00001FC4	1	0005	ordinary_sample_offset
LEVEL.DAT	level_grouped_100	payload[0]/4	364	4	64	000007B0	00001DC6	00001FC6	1	0005	ordinary_sample_offset
LEVEL.DAT	level_grouped_100	payload[0]/4	365	4	65	000007B4	00001DC8	00001FC8	1	0005	ordinary_sample_offset
LEVEL.DAT	level_grouped_100	payload[0]/4	366	4	66	000007B8	00001DCA	00001FCA	1	0005	ordinary_sample_offset
LEVEL.DAT	level_grouped_100	payload[0]/4	367	4	67	000007BC	00001DCC	00001FCC	1	0005	ordinary_sample_offset
LEVEL.DAT	level_grouped_100	payload[0]/4	368	4	68	000007C0	00001DCE	00001FCE	1	0005	ordinary_sample_offset
LEVEL.DAT	level_grouped_100	payload[0]/4	369	4	69	000007C4	00001DD0	00001FD0	1	0005	ordinary_sample_offset
LEVEL.DAT	level_grouped_100	payload[0]/4	370	4	70	000007C8	00001DD2	00001FD2	1	0005	ordinary_sample_offset
LEVEL.DAT	level_grouped_100	payload[0]/4	371	4	71	000007CC	00001DD4	00001FD4	1	0005	ordinary_sample_offset
LEVEL.DAT	level_grouped_100	payload[0]/4	372	4	72	000007D0	00001DD6	00001FD6	1	0005	ordinary_sample_offset
LEVEL.DAT	level_grouped_100	payload[0]/4	373	4	73	000007D4	00001DD8	00001FD8	1	0005	ordinary_sample_offset
LEVEL.DAT	level_grouped_100	payload[0]/4	374	4	74	000007D8	00001DDA	00001FDA	1	0005	ordinary_sample_offset
LEVEL.DAT	level_grouped_100	payload[0]/4	375	4	75	000007DC	00001DDC	00001FDC	1	0005	ordinary_sample_offset
LEVEL.DAT	level_grouped_100	payload[0]/4	376	4	76	000007E0	00001DDE	00001FDE	1	0005	ordinary_sample_offset
LEVEL.DAT	level_grouped_100	payload[0]/4	377	4	77	000007E4	00001DE0	00001FE0	1	0005	ordinary_sample_offset
LEVEL.DAT	level_grouped_100	payload[0]/4	378	4	78	000007E8	00001DE2	00001FE2	1	0005	ordinary_sample_offset
LEVEL.DAT	level_grouped_100	payload[0]/4	379	4	79	000007EC	00001DE4	00001FE4	1	0005	ordinary_sample_offset
LEVEL.DAT	level_grouped_100	payload[0]/4	380	4	80	000007F0	00001DE6	00001FE6	1	0005	ordinary_sample_offset
LEVEL.DAT	level_grouped_100	payload[0]/4	381	4	81	000007F4	00001DE8	00001FE8	1	0005	ordinary_sample_offset
LEVEL.DAT	level_grouped_100	payload[0]/4	382	4	82	000007F8	00001DEA	00001FEA	1	0005	ordinary_sample_offset
LEVEL.DAT	level_grouped_100	payload[0]/4	383	4	83	000007FC	00001DEC	00001FEC	1	0005	ordinary_sample_offset
LEVEL.DAT	level_grouped_100	payload[0]/4	384	4	84	00000800	00001DEE	00001FEE	1	0005	ordinary_sample_offset
LEVEL.DAT	level_grouped_100	payload[0]/4	385	4	85	00000804	00001DF0	00001FF0	1	0005	ordinary_sample_offset
LEVEL.DAT	level_grouped_100	payload[0]/4	386	4	86	00000808	00001DF2	00001FF2	1	0005	ordinary_sample_offset
LEVEL.DAT	level_grouped_100	payload[0]/4	387	4	87	0000080C	00001DF4	00001FF4	1	0005	ordinary_sample_offset
LEVEL.DAT	level_grouped_100	payload[0]/4	388	4	88	00000810	00001DF6	00001FF6	1	0005	ordinary_sample_offset
LEVEL.DAT	level_grouped_100	payload[0]/4	389	4	89	00000814	00001DF8	00001FF8	1	0005	ordinary_sample_offset
LEVEL.DAT	level_grouped_100	payload[0]/4	390	4	90	00000818	00001DFA	00001FFA	1	0005	ordinary_sample_offset
LEVEL.DAT	level_grouped_100	payload[0]/4	391	4	91	0000081C	00001DFC	00001FFC	1	0005	ordinary_sample_offset
LEVEL.DAT	level_grouped_100	payload[0]/4	392	4	92	00000820	00001DFE	00001FFE	1	0005	ordinary_sample_offset
LEVEL.DAT	level_grouped_100	payload[0]/4	393	4	93	00000824	00001E00	00002000	1	0005	ordinary_sample_offset
LEVEL.DAT	level_grouped_100	payload[0]/4	394	4	94	00000828	00001E02	00002002	1	0005	ordinary_sample_offset
LEVEL.DAT	level_grouped_100	payload[0]/4	395	4	95	0000082C	00001E04	00002004	1	0005	ordinary_sample_offset
LEVEL.DAT	level_grouped_100	payload[0]/4	396	4	96	00000830	00001E06	00002006	1	0005	ordinary_sample_offset
LEVEL.DAT	level_grouped_100	payload[0]/4	397	4	97	00000834	00001E08	00002008	1	0005	ordinary_sample_offset
LEVEL.DAT	level_grouped_100	payload[0]/4	398	4	98	00000838	00001E0A	0000200A	1	0005	ordinary_sample_offset
LEVEL.DAT	level_grouped_100	payload[0]/4	399	4	99	0000083C	00001E0C	0000200C	1	0005	ordinary_sample_offset
LEVEL.DAT	level_grouped_100	payload[0]/4	400	5	0	00000840	00000000	00000200	1	0648	ordinary_sample_offset
LEVEL.DAT	level_grouped_100	payload[0]/4	401	5	1	00000844	0000FFFF	000101FF	0		ordinary_sample_offset
PATH.DAT	path_primary	payload[1]/4	0		0	00000200	00000064	00000264	1	0D1A	slot_zero_not_used_by_normal_one_based_or_sample_lookup
PATH.DAT	path_primary	payload[1]/4	1		1	00000204	00000C88	00000E88	1	0005	ordinary_sample_offset
PATH.DAT	path_primary	payload[1]/4	2		2	00000208	00000C8C	00000E8C	1	0005	ordinary_sample_offset
PATH.DAT	path_primary	payload[1]/4	3		3	0000020C	00000C90	00000E90	1	0005	ordinary_sample_offset
PATH.DAT	path_primary	payload[1]/4	4		4	00000210	00000C94	00000E94	1	0005	ordinary_sample_offset
PATH.DAT	path_primary	payload[1]/4	5		5	00000214	00000CAA	00000EAA	1	0005	ordinary_sample_offset
PATH.DAT	path_primary	payload[1]/4	6		6	00000218	00000CAE	00000EAE	1	0005	ordinary_sample_offset
PATH.DAT	path_primary	payload[1]/4	7		7	0000021C	00000CB2	00000EB2	1	0005	ordinary_sample_offset
PATH.DAT	path_primary	payload[1]/4	8		8	00000220	00000CB6	00000EB6	1	0005	ordinary_sample_offset
PATH.DAT	path_primary	payload[1]/4	9		9	00000224	00000CBA	00000EBA	1	0005	ordinary_sample_offset
PATH.DAT	path_primary	payload[1]/4	10		10	00000228	00000CBE	00000EBE	1	0005	ordinary_sample_offset
PATH.DAT	path_primary	payload[1]/4	11		11	0000022C	00000CC2	00000EC2	1	0005	ordinary_sample_offset
PATH.DAT	path_primary	payload[1]/4	12		12	00000230	00000CC6	00000EC6	1	0005	ordinary_sample_offset
PATH.DAT	path_primary	payload[1]/4	13		13	00000234	00000CCA	00000ECA	1	0005	ordinary_sample_offset
PATH.DAT	path_primary	payload[1]/4	14		14	00000238	00000CCE	00000ECE	1	0005	ordinary_sample_offset
PATH.DAT	path_primary	payload[1]/4	15		15	0000023C	00000CD2	00000ED2	1	0005	ordinary_sample_offset
PATH.DAT	path_primary	payload[1]/4	16		16	00000240	00000CD6	00000ED6	1	0005	ordinary_sample_offset
PATH.DAT	path_primary	payload[1]/4	17		17	00000244	00000CDA	00000EDA	1	0005	ordinary_sample_offset
PATH.DAT	path_primary	payload[1]/4	18		18	00000248	00000CDE	00000EDE	1	0005	ordinary_sample_offset
PATH.DAT	path_primary	payload[1]/4	19		19	0000024C	00000CE2	00000EE2	1	0005	ordinary_sample_offset
PATH.DAT	path_primary	payload[1]/4	20		20	00000250	00000CE6	00000EE6	1	0005	ordinary_sample_offset
PATH.DAT	path_primary	payload[1]/4	21		21	00000254	00000CEA	00000EEA	1	0005	ordinary_sample_offset
PATH.DAT	path_primary	payload[1]/4	22		22	00000258	00000D0E	00000F0E	1	0005	ordinary_sample_offset
PATH.DAT	path_primary	payload[1]/4	23		23	0000025C	00000D12	00000F12	1	0005	ordinary_sample_offset
PATH.DAT	path_primary	payload[1]/4	24		24	00000260	00000D16	00000F16	1	0005	ordinary_sample_offset
PATH.DAT	path_primary	payload[1]/4	25		25	00000264	00000D1A	00000F1A	1	0005	ordinary_sample_offset
PATH.DAT	path_primary	payload[1]/4	26		26	00000268	00000D1E	00000F1E	1	0005	ordinary_sample_offset
PATH.DAT	path_primary	payload[1]/4	27		27	0000026C	00000D22	00000F22	1	0005	ordinary_sample_offset
PATH.DAT	path_primary	payload[1]/4	28		28	00000270	00000D26	00000F26	1	0005	ordinary_sample_offset
PATH.DAT	path_primary	payload[1]/4	29		29	00000274	00000D2A	00000F2A	1	0005	ordinary_sample_offset
PATH.DAT	path_primary	payload[1]/4	30		30	00000278	00000D2E	00000F2E	1	0005	ordinary_sample_offset
PATH.DAT	path_primary	payload[1]/4	31		31	0000027C	00000D52	00000F52	1	0005	ordinary_sample_offset
PATH.DAT	path_primary	payload[1]/4	32		32	00000280	00000D56	00000F56	1	0005	ordinary_sample_offset
PATH.DAT	path_primary	payload[1]/4	33		33	00000284	00000D5A	00000F5A	1	0005	ordinary_sample_offset
PATH.DAT	path_primary	payload[1]/4	34		34	00000288	00000D5E	00000F5E	1	0005	ordinary_sample_offset
PATH.DAT	path_primary	payload[1]/4	35		35	0000028C	00000D62	00000F62	1	0005	ordinary_sample_offset
PATH.DAT	path_primary	payload[1]/4	36		36	00000290	00000D66	00000F66	1	0005	ordinary_sample_offset
PATH.DAT	path_primary	payload[1]/4	37		37	00000294	00000D6A	00000F6A	1	0005	ordinary_sample_offset
PATH.DAT	path_primary	payload[1]/4	38		38	00000298	00000D6E	00000F6E	1	0005	ordinary_sample_offset
PATH.DAT	path_primary	payload[1]/4	39		39	0000029C	00000D72	00000F72	1	0005	ordinary_sample_offset
PATH.DAT	path_primary	payload[1]/4	40		40	000002A0	00000D76	00000F76	1	0005	ordinary_sample_offset
PATH.DAT	path_primary	payload[1]/4	41		41	000002A4	00000D7A	00000F7A	1	0005	ordinary_sample_offset
PATH.DAT	path_primary	payload[1]/4	42		42	000002A8	00000D7E	00000F7E	1	0005	ordinary_sample_offset
PATH.DAT	path_primary	payload[1]/4	43		43	000002AC	00000D82	00000F82	1	0005	ordinary_sample_offset
PATH.DAT	path_primary	payload[1]/4	44		44	000002B0	00000D86	00000F86	1	0005	ordinary_sample_offset
PATH.DAT	path_primary	payload[1]/4	45		45	000002B4	00000D8A	00000F8A	1	0005	ordinary_sample_offset
PATH.DAT	path_primary	payload[1]/4	46		46	000002B8	00000D8E	00000F8E	1	0005	ordinary_sample_offset
PATH.DAT	path_primary	payload[1]/4	47		47	000002BC	00000D92	00000F92	1	0005	ordinary_sample_offset
PATH.DAT	path_primary	payload[1]/4	48		48	000002C0	00000D96	00000F96	1	0005	ordinary_sample_offset
PATH.DAT	path_primary	payload[1]/4	49		49	000002C4	00000D9A	00000F9A	1	0005	ordinary_sample_offset
PATH.DAT	path_primary	payload[1]/4	50		50	000002C8	00000D9E	00000F9E	1	0005	ordinary_sample_offset
PATH.DAT	path_primary	payload[1]/4	51		51	000002CC	00000DA2	00000FA2	1	0005	ordinary_sample_offset
PATH.DAT	path_primary	payload[1]/4	52		52	000002D0	00000DA6	00000FA6	1	0005	ordinary_sample_offset
PATH.DAT	path_primary	payload[1]/4	53		53	000002D4	00000DAA	00000FAA	1	0005	ordinary_sample_offset
PATH.DAT	path_primary	payload[1]/4	54		54	000002D8	00000DAE	00000FAE	1	0005	ordinary_sample_offset
PATH.DAT	path_primary	payload[1]/4	55		55	000002DC	00000DB2	00000FB2	1	0005	ordinary_sample_offset
PATH.DAT	path_primary	payload[1]/4	56		56	000002E0	00000DB6	00000FB6	1	0005	ordinary_sample_offset
PATH.DAT	path_primary	payload[1]/4	57		57	000002E4	00000DBA	00000FBA	1	0005	ordinary_sample_offset
PATH.DAT	path_primary	payload[1]/4	58		58	000002E8	00000DBE	00000FBE	1	0005	ordinary_sample_offset
PATH.DAT	path_primary	payload[1]/4	59		59	000002EC	00000DC2	00000FC2	1	0005	ordinary_sample_offset
PATH.DAT	path_primary	payload[1]/4	60		60	000002F0	00000DC6	00000FC6	1	0005	ordinary_sample_offset
PATH.DAT	path_primary	payload[1]/4	61		61	000002F4	00000DCA	00000FCA	1	0005	ordinary_sample_offset
PATH.DAT	path_primary	payload[1]/4	62		62	000002F8	00000DCE	00000FCE	1	0005	ordinary_sample_offset
PATH.DAT	path_primary	payload[1]/4	63		63	000002FC	00000DD2	00000FD2	1	0005	ordinary_sample_offset
PATH.DAT	path_primary	payload[1]/4	64		64	00000300	00000DD6	00000FD6	1	0005	ordinary_sample_offset
PATH.DAT	path_primary	payload[1]/4	65		65	00000304	00000DDA	00000FDA	1	0005	ordinary_sample_offset
PATH.DAT	path_primary	payload[1]/4	66		66	00000308	00000DDE	00000FDE	1	0005	ordinary_sample_offset
PATH.DAT	path_primary	payload[1]/4	67		67	0000030C	00000DE2	00000FE2	1	0005	ordinary_sample_offset
PATH.DAT	path_primary	payload[1]/4	68		68	00000310	00000DE6	00000FE6	1	0005	ordinary_sample_offset
PATH.DAT	path_primary	payload[1]/4	69		69	00000314	00000DEA	00000FEA	1	0005	ordinary_sample_offset
PATH.DAT	path_primary	payload[1]/4	70		70	00000318	00000DEE	00000FEE	1	0005	ordinary_sample_offset
PATH.DAT	path_primary	payload[1]/4	71		71	0000031C	00000DF2	00000FF2	1	0005	ordinary_sample_offset
PATH.DAT	path_primary	payload[1]/4	72		72	00000320	00000DF6	00000FF6	1	0005	ordinary_sample_offset
PATH.DAT	path_primary	payload[1]/4	73		73	00000324	00000DFA	00000FFA	1	0005	ordinary_sample_offset
PATH.DAT	path_primary	payload[1]/4	74		74	00000328	00000DFE	00000FFE	1	0005	ordinary_sample_offset
PATH.DAT	path_primary	payload[1]/4	75		75	0000032C	00000E02	00001002	1	0005	ordinary_sample_offset
PATH.DAT	path_primary	payload[1]/4	76		76	00000330	00000E06	00001006	1	0005	ordinary_sample_offset
PATH.DAT	path_primary	payload[1]/4	77		77	00000334	00000E0A	0000100A	1	0005	ordinary_sample_offset
PATH.DAT	path_primary	payload[1]/4	78		78	00000338	00000E0E	0000100E	1	0005	ordinary_sample_offset
PATH.DAT	path_primary	payload[1]/4	79		79	0000033C	00000E12	00001012	1	0005	ordinary_sample_offset
PATH.DAT	path_primary	payload[1]/4	80		80	00000340	00000E16	00001016	1	0005	ordinary_sample_offset
PATH.DAT	path_primary	payload[1]/4	81		81	00000344	00000E1A	0000101A	1	0005	ordinary_sample_offset
PATH.DAT	path_primary	payload[1]/4	82		82	00000348	00000E1E	0000101E	1	0005	ordinary_sample_offset
PATH.DAT	path_primary	payload[1]/4	83		83	0000034C	00000E22	00001022	1	0005	ordinary_sample_offset
PATH.DAT	path_primary	payload[1]/4	84		84	00000350	00000E26	00001026	1	0005	ordinary_sample_offset
PATH.DAT	path_primary	payload[1]/4	85		85	00000354	00000E2A	0000102A	1	0005	ordinary_sample_offset
PATH.DAT	path_primary	payload[1]/4	86		86	00000358	00000E2E	0000102E	1	0005	ordinary_sample_offset
PATH.DAT	path_primary	payload[1]/4	87		87	0000035C	00000E32	00001032	1	0005	ordinary_sample_offset
PATH.DAT	path_primary	payload[1]/4	88		88	00000360	00000E36	00001036	1	0005	ordinary_sample_offset
PATH.DAT	path_primary	payload[1]/4	89		89	00000364	00000E3A	0000103A	1	0005	ordinary_sample_offset
PATH.DAT	path_primary	payload[1]/4	90		90	00000368	00000E3E	0000103E	1	0005	ordinary_sample_offset
PATH.DAT	path_primary	payload[1]/4	91		91	0000036C	00000E42	00001042	1	0005	ordinary_sample_offset
PATH.DAT	path_primary	payload[1]/4	92		92	00000370	00000E46	00001046	1	0005	ordinary_sample_offset
PATH.DAT	path_primary	payload[1]/4	93		93	00000374	00000E4A	0000104A	1	0005	ordinary_sample_offset
PATH.DAT	path_primary	payload[1]/4	94		94	00000378	00000E4E	0000104E	1	0005	ordinary_sample_offset
PATH.DAT	path_primary	payload[1]/4	95		95	0000037C	00000E52	00001052	1	0005	ordinary_sample_offset
PATH.DAT	path_primary	payload[1]/4	96		96	00000380	00000E56	00001056	1	0005	ordinary_sample_offset
PATH.DAT	path_primary	payload[1]/4	97		97	00000384	00000E5A	0000105A	1	0005	ordinary_sample_offset
PATH.DAT	path_primary	payload[1]/4	98		98	00000388	00000E5E	0000105E	1	0005	ordinary_sample_offset
PATH.DAT	path_primary	payload[1]/4	99		99	0000038C	00000E62	00001062	1	0005	ordinary_sample_offset
PATH.DAT	path_primary	payload[1]/4	100		100	00000390	00000E6E	0000106E	1	0005	ordinary_sample_offset
PATH.DAT	path_primary	payload[1]/4	101		101	00000394	00000E72	00001072	1	0005	ordinary_sample_offset
PATH.DAT	path_primary	payload[1]/4	102		102	00000398	00000E86	00001086	1	0005	ordinary_sample_offset
PATH.DAT	path_primary	payload[1]/4	103		103	0000039C	00000EC4	000010C4	1	0005	ordinary_sample_offset
PATH.DAT	path_primary	payload[1]/4	104		104	000003A0	00000EEE	000010EE	1	0005	ordinary_sample_offset
PATH.DAT	path_primary	payload[1]/4	105		105	000003A4	00000F14	00001114	1	0005	ordinary_sample_offset
PATH.DAT	path_primary	payload[1]/4	106		106	000003A8	00000F4E	0000114E	1	0005	ordinary_sample_offset
PATH.DAT	path_primary	payload[1]/4	107		107	000003AC	00000FDA	000011DA	1	0005	ordinary_sample_offset
PATH.DAT	path_primary	payload[1]/4	108		108	000003B0	00000FFE	000011FE	1	0005	ordinary_sample_offset
PATH.DAT	path_primary	payload[1]/4	109		109	000003B4	0000105C	0000125C	1	0005	ordinary_sample_offset
PATH.DAT	path_primary	payload[1]/4	110		110	000003B8	00001086	00001286	1	0005	ordinary_sample_offset
PATH.DAT	path_primary	payload[1]/4	111		111	000003BC	000010AA	000012AA	1	0005	ordinary_sample_offset
PATH.DAT	path_primary	payload[1]/4	112		112	000003C0	000010CA	000012CA	1	0005	ordinary_sample_offset
PATH.DAT	path_primary	payload[1]/4	113		113	000003C4	0000111C	0000131C	1	0005	ordinary_sample_offset
PATH.DAT	path_primary	payload[1]/4	114		114	000003C8	00001146	00001346	1	0005	ordinary_sample_offset
PATH.DAT	path_primary	payload[1]/4	115		115	000003CC	0000116A	0000136A	1	0005	ordinary_sample_offset
PATH.DAT	path_primary	payload[1]/4	116		116	000003D0	0000116E	0000136E	1	0005	ordinary_sample_offset
PATH.DAT	path_primary	payload[1]/4	117		117	000003D4	00001172	00001372	1	0005	ordinary_sample_offset
PATH.DAT	path_primary	payload[1]/4	118		118	000003D8	000011AA	000013AA	1	0005	ordinary_sample_offset
PATH.DAT	path_primary	payload[1]/4	119		119	000003DC	000011E4	000013E4	1	0005	ordinary_sample_offset
PATH.DAT	path_primary	payload[1]/4	120		120	000003E0	0000120E	0000140E	1	0005	ordinary_sample_offset
PATH.DAT	path_primary	payload[1]/4	121		121	000003E4	00001248	00001448	1	0005	ordinary_sample_offset
PATH.DAT	path_primary	payload[1]/4	122		122	000003E8	0000127A	0000147A	1	0005	ordinary_sample_offset
PATH.DAT	path_primary	payload[1]/4	123		123	000003EC	000012A8	000014A8	1	0005	ordinary_sample_offset
PATH.DAT	path_primary	payload[1]/4	124		124	000003F0	00001308	00001508	1	0005	ordinary_sample_offset
PATH.DAT	path_primary	payload[1]/4	125		125	000003F4	00001376	00001576	1	0005	ordinary_sample_offset
PATH.DAT	path_primary	payload[1]/4	126		126	000003F8	000013B4	000015B4	1	0005	ordinary_sample_offset
PATH.DAT	path_primary	payload[1]/4	127		127	000003FC	000013D8	000015D8	1	0005	ordinary_sample_offset
PATH.DAT	path_primary	payload[1]/4	128		128	00000400	000013DC	000015DC	1	0005	ordinary_sample_offset
PATH.DAT	path_primary	payload[1]/4	129		129	00000404	0000140E	0000160E	1	0005	ordinary_sample_offset
PATH.DAT	path_primary	payload[1]/4	130		130	00000408	000014A8	000016A8	1	0005	ordinary_sample_offset
PATH.DAT	path_primary	payload[1]/4	131		131	0000040C	000014D2	000016D2	1	0005	ordinary_sample_offset
PATH.DAT	path_primary	payload[1]/4	132		132	00000410	00001504	00001704	1	0005	ordinary_sample_offset
PATH.DAT	path_primary	payload[1]/4	133		133	00000414	0000152E	0000172E	1	0005	ordinary_sample_offset
PATH.DAT	path_primary	payload[1]/4	134		134	00000418	00001574	00001774	1	0005	ordinary_sample_offset
PATH.DAT	path_primary	payload[1]/4	135		135	0000041C	000015B0	000017B0	1	0005	ordinary_sample_offset
PATH.DAT	path_primary	payload[1]/4	136		136	00000420	000015D4	000017D4	1	0005	ordinary_sample_offset
PATH.DAT	path_primary	payload[1]/4	137		137	00000424	00001600	00001800	1	0005	ordinary_sample_offset
PATH.DAT	path_primary	payload[1]/4	138		138	00000428	00001622	00001822	1	0005	ordinary_sample_offset
PATH.DAT	path_primary	payload[1]/4	139		139	0000042C	0000164C	0000184C	1	0005	ordinary_sample_offset
PATH.DAT	path_primary	payload[1]/4	140		140	00000430	00001676	00001876	1	0005	ordinary_sample_offset
PATH.DAT	path_primary	payload[1]/4	141		141	00000434	000016A2	000018A2	1	0005	ordinary_sample_offset
PATH.DAT	path_primary	payload[1]/4	142		142	00000438	00001704	00001904	1	0005	ordinary_sample_offset
PATH.DAT	path_primary	payload[1]/4	143		143	0000043C	00001728	00001928	1	0005	ordinary_sample_offset
PATH.DAT	path_primary	payload[1]/4	144		144	00000440	0000172C	0000192C	1	0005	ordinary_sample_offset
PATH.DAT	path_primary	payload[1]/4	145		145	00000444	00001730	00001930	1	0005	ordinary_sample_offset
PATH.DAT	path_primary	payload[1]/4	146		146	00000448	00001734	00001934	1	0005	ordinary_sample_offset
PATH.DAT	path_primary	payload[1]/4	147		147	0000044C	00001738	00001938	1	0005	ordinary_sample_offset
PATH.DAT	path_primary	payload[1]/4	148		148	00000450	0000173C	0000193C	1	0005	ordinary_sample_offset
PATH.DAT	path_primary	payload[1]/4	149		149	00000454	00001740	00001940	1	0005	ordinary_sample_offset
PATH.DAT	path_primary	payload[1]/4	150		150	00000458	00001744	00001944	1	0005	ordinary_sample_offset
PATH.DAT	path_primary	payload[1]/4	151		151	0000045C	00001748	00001948	1	0005	ordinary_sample_offset
PATH.DAT	path_primary	payload[1]/4	152		152	00000460	0000174C	0000194C	1	0005	ordinary_sample_offset
PATH.DAT	path_primary	payload[1]/4	153		153	00000464	00001750	00001950	1	0005	ordinary_sample_offset
PATH.DAT	path_primary	payload[1]/4	154		154	00000468	00001776	00001976	1	0005	ordinary_sample_offset
PATH.DAT	path_primary	payload[1]/4	155		155	0000046C	0000177A	0000197A	1	0005	ordinary_sample_offset
PATH.DAT	path_primary	payload[1]/4	156		156	00000470	0000177E	0000197E	1	0005	ordinary_sample_offset
PATH.DAT	path_primary	payload[1]/4	157		157	00000474	000017A4	000019A4	1	0005	ordinary_sample_offset
PATH.DAT	path_primary	payload[1]/4	158		158	00000478	000017C2	000019C2	1	0005	ordinary_sample_offset
PATH.DAT	path_primary	payload[1]/4	159		159	0000047C	00001800	00001A00	1	0005	ordinary_sample_offset
PATH.DAT	path_primary	payload[1]/4	160		160	00000480	00001836	00001A36	1	0005	ordinary_sample_offset
PATH.DAT	path_primary	payload[1]/4	161		161	00000484	00001874	00001A74	1	0005	ordinary_sample_offset
PATH.DAT	path_primary	payload[1]/4	162		162	00000488	000018C2	00001AC2	1	0005	ordinary_sample_offset
PATH.DAT	path_primary	payload[1]/4	163		163	0000048C	00001910	00001B10	1	0005	ordinary_sample_offset
PATH.DAT	path_primary	payload[1]/4	164		164	00000490	0000193E	00001B3E	1	0005	ordinary_sample_offset
PATH.DAT	path_primary	payload[1]/4	165		165	00000494	0000196E	00001B6E	1	0005	ordinary_sample_offset
PATH.DAT	path_primary	payload[1]/4	166		166	00000498	00001972	00001B72	1	0005	ordinary_sample_offset
PATH.DAT	path_primary	payload[1]/4	167		167	0000049C	000019A8	00001BA8	1	0005	ordinary_sample_offset
PATH.DAT	path_primary	payload[1]/4	168		168	000004A0	000019CC	00001BCC	1	0005	ordinary_sample_offset
PATH.DAT	path_primary	payload[1]/4	169		169	000004A4	00001A7A	00001C7A	1	0005	ordinary_sample_offset
PATH.DAT	path_primary	payload[1]/4	170		170	000004A8	00001AAA	00001CAA	1	0005	ordinary_sample_offset
PATH.DAT	path_primary	payload[1]/4	171		171	000004AC	00001AD8	00001CD8	1	0005	ordinary_sample_offset
PATH.DAT	path_primary	payload[1]/4	172		172	000004B0	00001B06	00001D06	1	0005	ordinary_sample_offset
PATH.DAT	path_primary	payload[1]/4	173		173	000004B4	00001B2A	00001D2A	1	0005	ordinary_sample_offset
PATH.DAT	path_primary	payload[1]/4	174		174	000004B8	00001B2E	00001D2E	1	0005	ordinary_sample_offset
PATH.DAT	path_primary	payload[1]/4	175		175	000004BC	00001B32	00001D32	1	0005	ordinary_sample_offset
PATH.DAT	path_primary	payload[1]/4	176		176	000004C0	00001B36	00001D36	1	0005	ordinary_sample_offset
PATH.DAT	path_primary	payload[1]/4	177		177	000004C4	00001B3A	00001D3A	1	0005	ordinary_sample_offset
PATH.DAT	path_primary	payload[1]/4	178		178	000004C8	00001B3E	00001D3E	1	0005	ordinary_sample_offset
PATH.DAT	path_primary	payload[1]/4	179		179	000004CC	00001B42	00001D42	1	0005	ordinary_sample_offset
PATH.DAT	path_primary	payload[1]/4	180		180	000004D0	00001B46	00001D46	1	0005	ordinary_sample_offset
PATH.DAT	path_primary	payload[1]/4	181		181	000004D4	00001B4A	00001D4A	1	0005	ordinary_sample_offset
PATH.DAT	path_primary	payload[1]/4	182		182	000004D8	00001B78	00001D78	1	0005	ordinary_sample_offset
PATH.DAT	path_primary	payload[1]/4	183		183	000004DC	00001BAE	00001DAE	1	0005	ordinary_sample_offset
PATH.DAT	path_primary	payload[1]/4	184		184	000004E0	00001C0C	00001E0C	1	0005	ordinary_sample_offset
PATH.DAT	path_primary	payload[1]/4	185		185	000004E4	00001C10	00001E10	1	0005	ordinary_sample_offset
PATH.DAT	path_primary	payload[1]/4	186		186	000004E8	00001C14	00001E14	1	0005	ordinary_sample_offset
PATH.DAT	path_primary	payload[1]/4	187		187	000004EC	00001C18	00001E18	1	0005	ordinary_sample_offset
PATH.DAT	path_primary	payload[1]/4	188		188	000004F0	00001C1C	00001E1C	1	0005	ordinary_sample_offset
PATH.DAT	path_primary	payload[1]/4	189		189	000004F4	00001C52	00001E52	1	0005	ordinary_sample_offset
PATH.DAT	path_primary	payload[1]/4	190		190	000004F8	00001C66	00001E66	1	0005	ordinary_sample_offset
PATH.DAT	path_primary	payload[1]/4	191		191	000004FC	00001C6A	00001E6A	1	0005	ordinary_sample_offset
PATH.DAT	path_primary	payload[1]/4	192		192	00000500	00001C7E	00001E7E	1	0005	ordinary_sample_offset
PATH.DAT	path_primary	payload[1]/4	193		193	00000504	00001C92	00001E92	1	0005	ordinary_sample_offset
PATH.DAT	path_primary	payload[1]/4	194		194	00000508	00001CA6	00001EA6	1	0005	ordinary_sample_offset
PATH.DAT	path_primary	payload[1]/4	195		195	0000050C	00001CBA	00001EBA	1	0005	ordinary_sample_offset
PATH.DAT	path_primary	payload[1]/4	196		196	00000510	00001CCE	00001ECE	1	0005	ordinary_sample_offset
PATH.DAT	path_primary	payload[1]/4	197		197	00000514	00001CE2	00001EE2	1	0005	ordinary_sample_offset
PATH.DAT	path_primary	payload[1]/4	198		198	00000518	00001CF6	00001EF6	1	0005	ordinary_sample_offset
PATH.DAT	path_primary	payload[1]/4	199		199	0000051C	00001D0A	00001F0A	1	0005	ordinary_sample_offset
PATH.DAT	path_primary	payload[1]/4	200		200	00000520	00001D1E	00001F1E	1	0005	ordinary_sample_offset
PATH.DAT	path_primary	payload[1]/4	201		201	00000524	00001D32	00001F32	1	0005	ordinary_sample_offset
PATH.DAT	path_primary	payload[1]/4	202		202	00000528	00001D5E	00001F5E	1	0005	ordinary_sample_offset
PATH.DAT	path_primary	payload[1]/4	203		203	0000052C	00001D72	00001F72	1	0005	ordinary_sample_offset
PATH.DAT	path_primary	payload[1]/4	204		204	00000530	00001D86	00001F86	1	0005	ordinary_sample_offset
PATH.DAT	path_primary	payload[1]/4	205		205	00000534	00001D9A	00001F9A	1	0005	ordinary_sample_offset
PATH.DAT	path_primary	payload[1]/4	206		206	00000538	00001DAE	00001FAE	1	0005	ordinary_sample_offset
PATH.DAT	path_primary	payload[1]/4	207		207	0000053C	00001DB2	00001FB2	1	0005	ordinary_sample_offset
PATH.DAT	path_primary	payload[1]/4	208		208	00000540	00001DB6	00001FB6	1	0005	ordinary_sample_offset
PATH.DAT	path_primary	payload[1]/4	209		209	00000544	00001DBA	00001FBA	1	0005	ordinary_sample_offset
PATH.DAT	path_primary	payload[1]/4	210		210	00000548	00001DBE	00001FBE	1	0005	ordinary_sample_offset
PATH.DAT	path_primary	payload[1]/4	211		211	0000054C	00001DC2	00001FC2	1	0005	ordinary_sample_offset
PATH.DAT	path_primary	payload[1]/4	212		212	00000550	00001DC6	00001FC6	1	0005	ordinary_sample_offset
PATH.DAT	path_primary	payload[1]/4	213		213	00000554	00001DCA	00001FCA	1	0005	ordinary_sample_offset
PATH.DAT	path_primary	payload[1]/4	214		214	00000558	00001DCE	00001FCE	1	0005	ordinary_sample_offset
PATH.DAT	path_primary	payload[1]/4	215		215	0000055C	00001DD2	00001FD2	1	0005	ordinary_sample_offset
PATH.DAT	path_primary	payload[1]/4	216		216	00000560	00001DD6	00001FD6	1	0005	ordinary_sample_offset
PATH.DAT	path_primary	payload[1]/4	217		217	00000564	00001DDA	00001FDA	1	0005	ordinary_sample_offset
PATH.DAT	path_primary	payload[1]/4	218		218	00000568	00001DDE	00001FDE	1	0005	ordinary_sample_offset
PATH.DAT	path_primary	payload[1]/4	219		219	0000056C	00001DF2	00001FF2	1	0005	ordinary_sample_offset
PATH.DAT	path_primary	payload[1]/4	220		220	00000570	00001DF6	00001FF6	1	0005	ordinary_sample_offset
PATH.DAT	path_primary	payload[1]/4	221		221	00000574	00001DFA	00001FFA	1	0005	ordinary_sample_offset
PATH.DAT	path_primary	payload[1]/4	222		222	00000578	00001DFE	00001FFE	1	0005	ordinary_sample_offset
PATH.DAT	path_primary	payload[1]/4	223		223	0000057C	00001E02	00002002	1	0005	ordinary_sample_offset
PATH.DAT	path_primary	payload[1]/4	224		224	00000580	00001E06	00002006	1	0005	ordinary_sample_offset
PATH.DAT	path_primary	payload[1]/4	225		225	00000584	00001E0A	0000200A	1	0005	ordinary_sample_offset
PATH.DAT	path_primary	payload[1]/4	226		226	00000588	00001E0E	0000200E	1	0005	ordinary_sample_offset
PATH.DAT	path_primary	payload[1]/4	227		227	0000058C	00001E12	00002012	1	0005	ordinary_sample_offset
PATH.DAT	path_primary	payload[1]/4	228		228	00000590	00001E16	00002016	1	0005	ordinary_sample_offset
PATH.DAT	path_primary	payload[1]/4	229		229	00000594	00001E2A	0000202A	1	0005	ordinary_sample_offset
PATH.DAT	path_primary	payload[1]/4	230		230	00000598	00001E3E	0000203E	1	0005	ordinary_sample_offset
PATH.DAT	path_primary	payload[1]/4	231		231	0000059C	00001E52	00002052	1	0005	ordinary_sample_offset
PATH.DAT	path_primary	payload[1]/4	232		232	000005A0	00001E66	00002066	1	0005	ordinary_sample_offset
PATH.DAT	path_primary	payload[1]/4	233		233	000005A4	00001E7A	0000207A	1	0005	ordinary_sample_offset
PATH.DAT	path_primary	payload[1]/4	234		234	000005A8	00001E8E	0000208E	1	0005	ordinary_sample_offset
PATH.DAT	path_primary	payload[1]/4	235		235	000005AC	00001EA2	000020A2	1	0005	ordinary_sample_offset
PATH.DAT	path_primary	payload[1]/4	236		236	000005B0	00001EB6	000020B6	1	0005	ordinary_sample_offset
PATH.DAT	path_primary	payload[1]/4	237		237	000005B4	00001EBA	000020BA	1	0005	ordinary_sample_offset
PATH.DAT	path_primary	payload[1]/4	238		238	000005B8	00001EBE	000020BE	1	0005	ordinary_sample_offset
PATH.DAT	path_primary	payload[1]/4	239		239	000005BC	00001EC2	000020C2	1	0005	ordinary_sample_offset
PATH.DAT	path_primary	payload[1]/4	240		240	000005C0	00001EC6	000020C6	1	0005	ordinary_sample_offset
PATH.DAT	path_primary	payload[1]/4	241		241	000005C4	00001ECA	000020CA	1	0005	ordinary_sample_offset
PATH.DAT	path_primary	payload[1]/4	242		242	000005C8	00001ECE	000020CE	1	0005	ordinary_sample_offset
PATH.DAT	path_primary	payload[1]/4	243		243	000005CC	00001ED2	000020D2	1	0005	ordinary_sample_offset
PATH.DAT	path_primary	payload[1]/4	244		244	000005D0	00001ED6	000020D6	1	0005	ordinary_sample_offset
PATH.DAT	path_primary	payload[1]/4	245		245	000005D4	00001EDA	000020DA	1	0005	ordinary_sample_offset
PATH.DAT	path_primary	payload[1]/4	246		246	000005D8	00001EDE	000020DE	1	0005	ordinary_sample_offset
PATH.DAT	path_primary	payload[1]/4	247		247	000005DC	00001EE2	000020E2	1	0005	ordinary_sample_offset
PATH.DAT	path_primary	payload[1]/4	248		248	000005E0	00001EE6	000020E6	1	0005	ordinary_sample_offset
PATH.DAT	path_primary	payload[1]/4	249		249	000005E4	00001EEA	000020EA	1	0005	ordinary_sample_offset
PATH.DAT	path_primary	payload[1]/4	250		250	000005E8	00001EEE	000020EE	1	0005	ordinary_sample_offset
PATH.DAT	path_primary	payload[1]/4	251		251	000005EC	00001EF2	000020F2	1	0005	ordinary_sample_offset
PATH.DAT	path_primary	payload[1]/4	252		252	000005F0	00001EF6	000020F6	1	0005	ordinary_sample_offset
PATH.DAT	path_primary	payload[1]/4	253		253	000005F4	00001EFA	000020FA	1	0005	ordinary_sample_offset
PATH.DAT	path_primary	payload[1]/4	254		254	000005F8	00001EFE	000020FE	1	0005	ordinary_sample_offset
PATH.DAT	path_primary	payload[1]/4	255		255	000005FC	00001F02	00002102	1	0005	ordinary_sample_offset
PATH.DAT	path_primary	payload[1]/4	256		256	00000600	00001F06	00002106	1	0005	ordinary_sample_offset
PATH.DAT	path_primary	payload[1]/4	257		257	00000604	00001F0A	0000210A	1	0005	ordinary_sample_offset
PATH.DAT	path_primary	payload[1]/4	258		258	00000608	00001F0E	0000210E	1	0005	ordinary_sample_offset
PATH.DAT	path_primary	payload[1]/4	259		259	0000060C	00001F12	00002112	1	0005	ordinary_sample_offset
PATH.DAT	path_primary	payload[1]/4	260		260	00000610	00001F16	00002116	1	0005	ordinary_sample_offset
PATH.DAT	path_primary	payload[1]/4	261		261	00000614	00001F1A	0000211A	1	0005	ordinary_sample_offset
PATH.DAT	path_primary	payload[1]/4	262		262	00000618	00001F1E	0000211E	1	0005	ordinary_sample_offset
PATH.DAT	path_primary	payload[1]/4	263		263	0000061C	00001F22	00002122	1	0005	ordinary_sample_offset
PATH.DAT	path_primary	payload[1]/4	264		264	00000620	00001F26	00002126	1	0005	ordinary_sample_offset
PATH.DAT	path_primary	payload[1]/4	265		265	00000624	00001F2A	0000212A	1	0005	ordinary_sample_offset
PATH.DAT	path_primary	payload[1]/4	266		266	00000628	00001F2E	0000212E	1	0005	ordinary_sample_offset
PATH.DAT	path_primary	payload[1]/4	267		267	0000062C	00001F32	00002132	1	0005	ordinary_sample_offset
PATH.DAT	path_primary	payload[1]/4	268		268	00000630	00001F36	00002136	1	0005	ordinary_sample_offset
PATH.DAT	path_primary	payload[1]/4	269		269	00000634	00001F3A	0000213A	1	0005	ordinary_sample_offset
PATH.DAT	path_primary	payload[1]/4	270		270	00000638	00001F3E	0000213E	1	0005	ordinary_sample_offset
PATH.DAT	path_primary	payload[1]/4	271		271	0000063C	00001F42	00002142	1	0005	ordinary_sample_offset
PATH.DAT	path_primary	payload[1]/4	272		272	00000640	00001F46	00002146	1	0005	ordinary_sample_offset
PATH.DAT	path_primary	payload[1]/4	273		273	00000644	00001F4A	0000214A	1	0005	ordinary_sample_offset
PATH.DAT	path_primary	payload[1]/4	274		274	00000648	00001F4E	0000214E	1	0005	ordinary_sample_offset
PATH.DAT	path_primary	payload[1]/4	275		275	0000064C	00001F52	00002152	1	0005	ordinary_sample_offset
PATH.DAT	path_primary	payload[1]/4	276		276	00000650	00001F56	00002156	1	0005	ordinary_sample_offset
PATH.DAT	path_primary	payload[1]/4	277		277	00000654	00001F5A	0000215A	1	0005	ordinary_sample_offset
PATH.DAT	path_primary	payload[1]/4	278		278	00000658	00001F7E	0000217E	1	0005	ordinary_sample_offset
PATH.DAT	path_primary	payload[1]/4	279		279	0000065C	00001FAA	000021AA	1	0005	ordinary_sample_offset
PATH.DAT	path_primary	payload[1]/4	280		280	00000660	00001FAE	000021AE	1	0005	ordinary_sample_offset
PATH.DAT	path_primary	payload[1]/4	281		281	00000664	00001FB2	000021B2	1	0005	ordinary_sample_offset
PATH.DAT	path_primary	payload[1]/4	282		282	00000668	00001FB6	000021B6	1	0005	ordinary_sample_offset
PATH.DAT	path_primary	payload[1]/4	283		283	0000066C	00001FBA	000021BA	1	0005	ordinary_sample_offset
PATH.DAT	path_primary	payload[1]/4	284		284	00000670	00001FBE	000021BE	1	0005	ordinary_sample_offset
PATH.DAT	path_primary	payload[1]/4	285		285	00000674	00001FC2	000021C2	1	0005	ordinary_sample_offset
PATH.DAT	path_primary	payload[1]/4	286		286	00000678	00001FC6	000021C6	1	0005	ordinary_sample_offset
PATH.DAT	path_primary	payload[1]/4	287		287	0000067C	00001FCA	000021CA	1	0005	ordinary_sample_offset
PATH.DAT	path_primary	payload[1]/4	288		288	00000680	00001FCE	000021CE	1	0005	ordinary_sample_offset
PATH.DAT	path_primary	payload[1]/4	289		289	00000684	00001FD2	000021D2	1	0005	ordinary_sample_offset
PATH.DAT	path_primary	payload[1]/4	290		290	00000688	00001FD6	000021D6	1	0005	ordinary_sample_offset
PATH.DAT	path_primary	payload[1]/4	291		291	0000068C	00001FDA	000021DA	1	0005	ordinary_sample_offset
PATH.DAT	path_primary	payload[1]/4	292		292	00000690	00001FDE	000021DE	1	0005	ordinary_sample_offset
PATH.DAT	path_primary	payload[1]/4	293		293	00000694	00001FE2	000021E2	1	0005	ordinary_sample_offset
PATH.DAT	path_primary	payload[1]/4	294		294	00000698	00001FE6	000021E6	1	0005	ordinary_sample_offset
PATH.DAT	path_primary	payload[1]/4	295		295	0000069C	00001FEA	000021EA	1	0005	ordinary_sample_offset
PATH.DAT	path_primary	payload[1]/4	296		296	000006A0	00001FEE	000021EE	1	0005	ordinary_sample_offset
PATH.DAT	path_primary	payload[1]/4	297		297	000006A4	00001FF2	000021F2	1	0005	ordinary_sample_offset
PATH.DAT	path_primary	payload[1]/4	298		298	000006A8	00001FF6	000021F6	1	0005	ordinary_sample_offset
PATH.DAT	path_primary	payload[1]/4	299		299	000006AC	00001FFA	000021FA	1	0005	ordinary_sample_offset
PATH.DAT	path_primary	payload[1]/4	300		300	000006B0	00001FFE	000021FE	1	0005	ordinary_sample_offset
PATH.DAT	path_primary	payload[1]/4	301		301	000006B4	00002002	00002202	1	0005	ordinary_sample_offset
PATH.DAT	path_primary	payload[1]/4	302		302	000006B8	0000201E	0000221E	1	0005	ordinary_sample_offset
PATH.DAT	path_primary	payload[1]/4	303		303	000006BC	0000203A	0000223A	1	0005	ordinary_sample_offset
PATH.DAT	path_primary	payload[1]/4	304		304	000006C0	00002056	00002256	1	0005	ordinary_sample_offset
PATH.DAT	path_primary	payload[1]/4	305		305	000006C4	00002072	00002272	1	0005	ordinary_sample_offset
PATH.DAT	path_primary	payload[1]/4	306		306	000006C8	0000208E	0000228E	1	0005	ordinary_sample_offset
PATH.DAT	path_primary	payload[1]/4	307		307	000006CC	000020A2	000022A2	1	0005	ordinary_sample_offset
PATH.DAT	path_primary	payload[1]/4	308		308	000006D0	000020B6	000022B6	1	0005	ordinary_sample_offset
PATH.DAT	path_primary	payload[1]/4	309		309	000006D4	000020BA	000022BA	1	0005	ordinary_sample_offset
PATH.DAT	path_primary	payload[1]/4	310		310	000006D8	000020BE	000022BE	1	0005	ordinary_sample_offset
PATH.DAT	path_primary	payload[1]/4	311		311	000006DC	000020C2	000022C2	1	0005	ordinary_sample_offset
PATH.DAT	path_primary	payload[1]/4	312		312	000006E0	000020C6	000022C6	1	0005	ordinary_sample_offset
PATH.DAT	path_primary	payload[1]/4	313		313	000006E4	000020CA	000022CA	1	0005	ordinary_sample_offset
PATH.DAT	path_primary	payload[1]/4	314		314	000006E8	000020CE	000022CE	1	0005	ordinary_sample_offset
PATH.DAT	path_primary	payload[1]/4	315		315	000006EC	000020D2	000022D2	1	0005	ordinary_sample_offset
PATH.DAT	path_primary	payload[1]/4	316		316	000006F0	000020D6	000022D6	1	0005	ordinary_sample_offset
PATH.DAT	path_primary	payload[1]/4	317		317	000006F4	000020DA	000022DA	1	0005	ordinary_sample_offset
PATH.DAT	path_primary	payload[1]/4	318		318	000006F8	000020DE	000022DE	1	0005	ordinary_sample_offset
PATH.DAT	path_primary	payload[1]/4	319		319	000006FC	000020E2	000022E2	1	0005	ordinary_sample_offset
PATH.DAT	path_primary	payload[1]/4	320		320	00000700	000020E6	000022E6	1	0005	ordinary_sample_offset
PATH.DAT	path_primary	payload[1]/4	321		321	00000704	000020EA	000022EA	1	0005	ordinary_sample_offset
PATH.DAT	path_primary	payload[1]/4	322		322	00000708	000020EE	000022EE	1	0005	ordinary_sample_offset
PATH.DAT	path_primary	payload[1]/4	323		323	0000070C	000020F2	000022F2	1	0005	ordinary_sample_offset
PATH.DAT	path_primary	payload[1]/4	324		324	00000710	000020F6	000022F6	1	0005	ordinary_sample_offset
PATH.DAT	path_primary	payload[1]/4	325		325	00000714	000020FA	000022FA	1	0005	ordinary_sample_offset
PATH.DAT	path_primary	payload[1]/4	326		326	00000718	000020FE	000022FE	1	0005	ordinary_sample_offset
PATH.DAT	path_primary	payload[1]/4	327		327	0000071C	00002102	00002302	1	0005	ordinary_sample_offset
PATH.DAT	path_primary	payload[1]/4	328		328	00000720	00002106	00002306	1	0005	ordinary_sample_offset
PATH.DAT	path_primary	payload[1]/4	329		329	00000724	0000210A	0000230A	1	0005	ordinary_sample_offset
PATH.DAT	path_primary	payload[1]/4	330		330	00000728	0000210E	0000230E	1	0005	ordinary_sample_offset
PATH.DAT	path_primary	payload[1]/4	331		331	0000072C	00002112	00002312	1	0005	ordinary_sample_offset
PATH.DAT	path_primary	payload[1]/4	332		332	00000730	00002116	00002316	1	0005	ordinary_sample_offset
PATH.DAT	path_primary	payload[1]/4	333		333	00000734	0000211A	0000231A	1	0005	ordinary_sample_offset
PATH.DAT	path_primary	payload[1]/4	334		334	00000738	0000211E	0000231E	1	0005	ordinary_sample_offset
PATH.DAT	path_primary	payload[1]/4	335		335	0000073C	00002122	00002322	1	0005	ordinary_sample_offset
PATH.DAT	path_primary	payload[1]/4	336		336	00000740	00002126	00002326	1	0005	ordinary_sample_offset
PATH.DAT	path_primary	payload[1]/4	337		337	00000744	0000212A	0000232A	1	0005	ordinary_sample_offset
PATH.DAT	path_primary	payload[1]/4	338		338	00000748	0000212E	0000232E	1	0005	ordinary_sample_offset
PATH.DAT	path_primary	payload[1]/4	339		339	0000074C	0000216E	0000236E	1	0005	ordinary_sample_offset
PATH.DAT	path_primary	payload[1]/4	340		340	00000750	00002194	00002394	1	0005	ordinary_sample_offset
PATH.DAT	path_primary	payload[1]/4	341		341	00000754	000021C4	000023C4	1	0005	ordinary_sample_offset
PATH.DAT	path_primary	payload[1]/4	342		342	00000758	000021C8	000023C8	1	0005	ordinary_sample_offset
PATH.DAT	path_primary	payload[1]/4	343		343	0000075C	000021CC	000023CC	1	0005	ordinary_sample_offset
PATH.DAT	path_primary	payload[1]/4	344		344	00000760	000021D0	000023D0	1	0005	ordinary_sample_offset
PATH.DAT	path_primary	payload[1]/4	345		345	00000764	000021D4	000023D4	1	0005	ordinary_sample_offset
PATH.DAT	path_primary	payload[1]/4	346		346	00000768	000021D8	000023D8	1	0005	ordinary_sample_offset
PATH.DAT	path_primary	payload[1]/4	347		347	0000076C	000021DC	000023DC	1	0005	ordinary_sample_offset
PATH.DAT	path_primary	payload[1]/4	348		348	00000770	000021E0	000023E0	1	0005	ordinary_sample_offset
PATH.DAT	path_primary	payload[1]/4	349		349	00000774	000021E4	000023E4	1	0005	ordinary_sample_offset
PATH.DAT	path_primary	payload[1]/4	350		350	00000778	000021E8	000023E8	1	0005	ordinary_sample_offset
PATH.DAT	path_primary	payload[1]/4	351		351	0000077C	000021EC	000023EC	1	0005	ordinary_sample_offset
PATH.DAT	path_primary	payload[1]/4	352		352	00000780	000021F0	000023F0	1	0005	ordinary_sample_offset
PATH.DAT	path_primary	payload[1]/4	353		353	00000784	000021F4	000023F4	1	0005	ordinary_sample_offset
PATH.DAT	path_primary	payload[1]/4	354		354	00000788	000021F8	000023F8	1	0005	ordinary_sample_offset
PATH.DAT	path_primary	payload[1]/4	355		355	0000078C	000021FC	000023FC	1	0005	ordinary_sample_offset
PATH.DAT	path_primary	payload[1]/4	356		356	00000790	00002200	00002400	1	0005	ordinary_sample_offset
PATH.DAT	path_primary	payload[1]/4	357		357	00000794	00002204	00002404	1	0005	ordinary_sample_offset
PATH.DAT	path_primary	payload[1]/4	358		358	00000798	00002208	00002408	1	0005	ordinary_sample_offset
PATH.DAT	path_primary	payload[1]/4	359		359	0000079C	0000220C	0000240C	1	0005	ordinary_sample_offset
PATH.DAT	path_primary	payload[1]/4	360		360	000007A0	00002210	00002410	1	0005	ordinary_sample_offset
PATH.DAT	path_primary	payload[1]/4	361		361	000007A4	00002214	00002414	1	0005	ordinary_sample_offset
PATH.DAT	path_primary	payload[1]/4	362		362	000007A8	00002218	00002418	1	0005	ordinary_sample_offset
PATH.DAT	path_primary	payload[1]/4	363		363	000007AC	0000221C	0000241C	1	0005	ordinary_sample_offset
PATH.DAT	path_primary	payload[1]/4	364		364	000007B0	00002220	00002420	1	0005	ordinary_sample_offset
PATH.DAT	path_primary	payload[1]/4	365		365	000007B4	00002224	00002424	1	0005	ordinary_sample_offset
PATH.DAT	path_primary	payload[1]/4	366		366	000007B8	00002228	00002428	1	0005	ordinary_sample_offset
PATH.DAT	path_primary	payload[1]/4	367		367	000007BC	0000222C	0000242C	1	0005	ordinary_sample_offset
PATH.DAT	path_primary	payload[1]/4	368		368	000007C0	00002230	00002430	1	0005	ordinary_sample_offset
PATH.DAT	path_primary	payload[1]/4	369		369	000007C4	00002234	00002434	1	0005	ordinary_sample_offset
PATH.DAT	path_primary	payload[1]/4	370		370	000007C8	00002238	00002438	1	0005	ordinary_sample_offset
PATH.DAT	path_primary	payload[1]/4	371		371	000007CC	0000223C	0000243C	1	0005	ordinary_sample_offset
PATH.DAT	path_primary	payload[1]/4	372		372	000007D0	00002260	00002460	1	0005	ordinary_sample_offset
PATH.DAT	path_primary	payload[1]/4	373		373	000007D4	0000227C	0000247C	1	0005	ordinary_sample_offset
PATH.DAT	path_primary	payload[1]/4	374		374	000007D8	00002290	00002490	1	0005	ordinary_sample_offset
PATH.DAT	path_primary	payload[1]/4	375		375	000007DC	000022A4	000024A4	1	0005	ordinary_sample_offset
PATH.DAT	path_primary	payload[1]/4	376		376	000007E0	000022C0	000024C0	1	0005	ordinary_sample_offset
PATH.DAT	path_primary	payload[1]/4	377		377	000007E4	000022C4	000024C4	1	0005	ordinary_sample_offset
PATH.DAT	path_primary	payload[1]/4	378		378	000007E8	000022C8	000024C8	1	0005	ordinary_sample_offset
PATH.DAT	path_primary	payload[1]/4	379		379	000007EC	000022CC	000024CC	1	0005	ordinary_sample_offset
PATH.DAT	path_primary	payload[1]/4	380		380	000007F0	000022F0	000024F0	1	0005	ordinary_sample_offset
PATH.DAT	path_primary	payload[1]/4	381		381	000007F4	000022F4	000024F4	1	0005	ordinary_sample_offset
PATH.DAT	path_primary	payload[1]/4	382		382	000007F8	000022F8	000024F8	1	0005	ordinary_sample_offset
PATH.DAT	path_primary	payload[1]/4	383		383	000007FC	000022FC	000024FC	1	0005	ordinary_sample_offset
PATH.DAT	path_primary	payload[1]/4	384		384	00000800	00002300	00002500	1	0005	ordinary_sample_offset
PATH.DAT	path_primary	payload[1]/4	385		385	00000804	00002304	00002504	1	0005	ordinary_sample_offset
PATH.DAT	path_primary	payload[1]/4	386		386	00000808	00002308	00002508	1	0005	ordinary_sample_offset
PATH.DAT	path_primary	payload[1]/4	387		387	0000080C	0000230C	0000250C	1	0005	ordinary_sample_offset
PATH.DAT	path_primary	payload[1]/4	388		388	00000810	00002320	00002520	1	0005	ordinary_sample_offset
PATH.DAT	path_primary	payload[1]/4	389		389	00000814	0000234C	0000254C	1	0005	ordinary_sample_offset
PATH.DAT	path_primary	payload[1]/4	390		390	00000818	00002350	00002550	1	0005	ordinary_sample_offset
PATH.DAT	path_primary	payload[1]/4	391		391	0000081C	00002354	00002554	1	0005	ordinary_sample_offset
PATH.DAT	path_primary	payload[1]/4	392		392	00000820	00002358	00002558	1	0005	ordinary_sample_offset
PATH.DAT	path_primary	payload[1]/4	393		393	00000824	0000235C	0000255C	1	0005	ordinary_sample_offset
PATH.DAT	path_primary	payload[1]/4	394		394	00000828	00002360	00002560	1	0005	ordinary_sample_offset
PATH.DAT	path_primary	payload[1]/4	395		395	0000082C	00002364	00002564	1	0005	ordinary_sample_offset
PATH.DAT	path_primary	payload[1]/4	396		396	00000830	00002368	00002568	1	0005	ordinary_sample_offset
PATH.DAT	path_primary	payload[1]/4	397		397	00000834	0000236C	0000256C	1	0005	ordinary_sample_offset
PATH.DAT	path_primary	payload[1]/4	398		398	00000838	00002370	00002570	1	0005	ordinary_sample_offset
PATH.DAT	path_primary	payload[1]/4	399		399	0000083C	00002374	00002574	1	0005	ordinary_sample_offset
PATH.DAT	path_primary	payload[1]/4	400		400	00000840	00002388	00002588	1	0005	ordinary_sample_offset
PATH.DAT	path_primary	payload[1]/4	401		401	00000844	0000238C	0000258C	1	0005	ordinary_sample_offset
PATH.DAT	path_primary	payload[1]/4	402		402	00000848	000023CE	000025CE	1	0005	ordinary_sample_offset
PATH.DAT	path_primary	payload[1]/4	403		403	0000084C	00002402	00002602	1	0005	ordinary_sample_offset
PATH.DAT	path_primary	payload[1]/4	404		404	00000850	0000245E	0000265E	1	0005	ordinary_sample_offset
PATH.DAT	path_primary	payload[1]/4	405		405	00000854	00002540	00002740	1	0005	ordinary_sample_offset
PATH.DAT	path_primary	payload[1]/4	406		406	00000858	0000268E	0000288E	1	0005	ordinary_sample_offset
PATH.DAT	path_primary	payload[1]/4	407		407	0000085C	0000273A	0000293A	1	0005	ordinary_sample_offset
PATH.DAT	path_primary	payload[1]/4	408		408	00000860	000027BE	000029BE	1	0005	ordinary_sample_offset
PATH.DAT	path_primary	payload[1]/4	409		409	00000864	00002842	00002A42	1	0005	ordinary_sample_offset
PATH.DAT	path_primary	payload[1]/4	410		410	00000868	000029B2	00002BB2	1	0005	ordinary_sample_offset
PATH.DAT	path_primary	payload[1]/4	411		411	0000086C	00003278	00003478	1	0005	ordinary_sample_offset
PATH.DAT	path_primary	payload[1]/4	412		412	00000870	000041E2	000043E2	1	0005	ordinary_sample_offset
PATH.DAT	path_primary	payload[1]/4	413		413	00000874	000041E6	000043E6	1	0005	ordinary_sample_offset
PATH.DAT	path_primary	payload[1]/4	414		414	00000878	000041EA	000043EA	1	0005	ordinary_sample_offset
PATH.DAT	path_primary	payload[1]/4	415		415	0000087C	000041EE	000043EE	1	0005	ordinary_sample_offset
PATH.DAT	path_primary	payload[1]/4	416		416	00000880	000041F2	000043F2	1	0005	ordinary_sample_offset
PATH.DAT	path_primary	payload[1]/4	417		417	00000884	000041F6	000043F6	1	0005	ordinary_sample_offset
PATH.DAT	path_primary	payload[1]/4	418		418	00000888	000041FA	000043FA	1	0005	ordinary_sample_offset
PATH.DAT	path_primary	payload[1]/4	419		419	0000088C	000041FE	000043FE	1	0005	ordinary_sample_offset
PATH.DAT	path_primary	payload[1]/4	420		420	00000890	00004202	00004402	1	0005	ordinary_sample_offset
PATH.DAT	path_primary	payload[1]/4	421		421	00000894	00004206	00004406	1	0005	ordinary_sample_offset
PATH.DAT	path_primary	payload[1]/4	422		422	00000898	0000420A	0000440A	1	0005	ordinary_sample_offset
PATH.DAT	path_primary	payload[1]/4	423		423	0000089C	0000420E	0000440E	1	0005	ordinary_sample_offset
PATH.DAT	path_primary	payload[1]/4	424		424	000008A0	00004212	00004412	1	0005	ordinary_sample_offset
PATH.DAT	path_primary	payload[1]/4	425		425	000008A4	00004216	00004416	1	0005	ordinary_sample_offset
PATH.DAT	path_primary	payload[1]/4	426		426	000008A8	0000421A	0000441A	1	0005	ordinary_sample_offset
PATH.DAT	path_primary	payload[1]/4	427		427	000008AC	0000421E	0000441E	1	0005	ordinary_sample_offset
PATH.DAT	path_primary	payload[1]/4	428		428	000008B0	00004222	00004422	1	0005	ordinary_sample_offset
PATH.DAT	path_primary	payload[1]/4	429		429	000008B4	00004226	00004426	1	0005	ordinary_sample_offset
PATH.DAT	path_primary	payload[1]/4	430		430	000008B8	0000422A	0000442A	1	0005	ordinary_sample_offset
PATH.DAT	path_primary	payload[1]/4	431		431	000008BC	0000422E	0000442E	1	0005	ordinary_sample_offset
PATH.DAT	path_primary	payload[1]/4	432		432	000008C0	00004232	00004432	1	0005	ordinary_sample_offset
PATH.DAT	path_primary	payload[1]/4	433		433	000008C4	00004236	00004436	1	0005	ordinary_sample_offset
PATH.DAT	path_primary	payload[1]/4	434		434	000008C8	0000423A	0000443A	1	0005	ordinary_sample_offset
PATH.DAT	path_primary	payload[1]/4	435		435	000008CC	0000423E	0000443E	1	0005	ordinary_sample_offset
PATH.DAT	path_primary	payload[1]/4	436		436	000008D0	00004242	00004442	1	0005	ordinary_sample_offset
PATH.DAT	path_primary	payload[1]/4	437		437	000008D4	00004246	00004446	1	0005	ordinary_sample_offset
PATH.DAT	path_primary	payload[1]/4	438		438	000008D8	0000424A	0000444A	1	0005	ordinary_sample_offset
PATH.DAT	path_primary	payload[1]/4	439		439	000008DC	0000424E	0000444E	1	0005	ordinary_sample_offset
PATH.DAT	path_primary	payload[1]/4	440		440	000008E0	00004252	00004452	1	0005	ordinary_sample_offset
PATH.DAT	path_primary	payload[1]/4	441		441	000008E4	00004256	00004456	1	0005	ordinary_sample_offset
PATH.DAT	path_primary	payload[1]/4	442		442	000008E8	0000425A	0000445A	1	0005	ordinary_sample_offset
PATH.DAT	path_primary	payload[1]/4	443		443	000008EC	0000425E	0000445E	1	0005	ordinary_sample_offset
PATH.DAT	path_primary	payload[1]/4	444		444	000008F0	00004262	00004462	1	0005	ordinary_sample_offset
PATH.DAT	path_primary	payload[1]/4	445		445	000008F4	00004266	00004466	1	0005	ordinary_sample_offset
PATH.DAT	path_primary	payload[1]/4	446		446	000008F8	0000426A	0000446A	1	0005	ordinary_sample_offset
PATH.DAT	path_primary	payload[1]/4	447		447	000008FC	0000426E	0000446E	1	0005	ordinary_sample_offset
PATH.DAT	path_primary	payload[1]/4	448		448	00000900	00004272	00004472	1	0005	ordinary_sample_offset
PATH.DAT	path_primary	payload[1]/4	449		449	00000904	00004276	00004476	1	0005	ordinary_sample_offset
PATH.DAT	path_primary	payload[1]/4	450		450	00000908	0000427A	0000447A	1	0005	ordinary_sample_offset
PATH.DAT	path_primary	payload[1]/4	451		451	0000090C	0000427E	0000447E	1	0005	ordinary_sample_offset
PATH.DAT	path_primary	payload[1]/4	452		452	00000910	00004282	00004482	1	0005	ordinary_sample_offset
PATH.DAT	path_primary	payload[1]/4	453		453	00000914	00004286	00004486	1	0005	ordinary_sample_offset
PATH.DAT	path_primary	payload[1]/4	454		454	00000918	0000428A	0000448A	1	0005	ordinary_sample_offset
PATH.DAT	path_primary	payload[1]/4	455		455	0000091C	0000428E	0000448E	1	0005	ordinary_sample_offset
PATH.DAT	path_primary	payload[1]/4	456		456	00000920	00004292	00004492	1	0005	ordinary_sample_offset
PATH.DAT	path_primary	payload[1]/4	457		457	00000924	00004296	00004496	1	0005	ordinary_sample_offset
PATH.DAT	path_primary	payload[1]/4	458		458	00000928	0000429A	0000449A	1	0005	ordinary_sample_offset
PATH.DAT	path_primary	payload[1]/4	459		459	0000092C	0000429E	0000449E	1	0005	ordinary_sample_offset
PATH.DAT	path_primary	payload[1]/4	460		460	00000930	000042A2	000044A2	1	0005	ordinary_sample_offset
PATH.DAT	path_primary	payload[1]/4	461		461	00000934	000042A6	000044A6	1	0005	ordinary_sample_offset
PATH.DAT	path_primary	payload[1]/4	462		462	00000938	000042AA	000044AA	1	0005	ordinary_sample_offset
PATH.DAT	path_primary	payload[1]/4	463		463	0000093C	000042AE	000044AE	1	0005	ordinary_sample_offset
PATH.DAT	path_primary	payload[1]/4	464		464	00000940	000042B2	000044B2	1	0005	ordinary_sample_offset
PATH.DAT	path_primary	payload[1]/4	465		465	00000944	000042B6	000044B6	1	0005	ordinary_sample_offset
PATH.DAT	path_primary	payload[1]/4	466		466	00000948	000042BA	000044BA	1	0005	ordinary_sample_offset
PATH.DAT	path_primary	payload[1]/4	467		467	0000094C	000042BE	000044BE	1	0005	ordinary_sample_offset
PATH.DAT	path_primary	payload[1]/4	468		468	00000950	000042C2	000044C2	1	0005	ordinary_sample_offset
PATH.DAT	path_primary	payload[1]/4	469		469	00000954	000042C6	000044C6	1	0005	ordinary_sample_offset
PATH.DAT	path_primary	payload[1]/4	470		470	00000958	000042CA	000044CA	1	0005	ordinary_sample_offset
PATH.DAT	path_primary	payload[1]/4	471		471	0000095C	000042CE	000044CE	1	0005	ordinary_sample_offset
PATH.DAT	path_primary	payload[1]/4	472		472	00000960	000042D2	000044D2	1	0005	ordinary_sample_offset
PATH.DAT	path_primary	payload[1]/4	473		473	00000964	000042D6	000044D6	1	0005	ordinary_sample_offset
PATH.DAT	path_primary	payload[1]/4	474		474	00000968	000042DA	000044DA	1	0005	ordinary_sample_offset
PATH.DAT	path_primary	payload[1]/4	475		475	0000096C	000042DE	000044DE	1	0005	ordinary_sample_offset
PATH.DAT	path_primary	payload[1]/4	476		476	00000970	000042E2	000044E2	1	0005	ordinary_sample_offset
PATH.DAT	path_primary	payload[1]/4	477		477	00000974	000042E6	000044E6	1	0005	ordinary_sample_offset
PATH.DAT	path_primary	payload[1]/4	478		478	00000978	000042EA	000044EA	1	0005	ordinary_sample_offset
PATH.DAT	path_primary	payload[1]/4	479		479	0000097C	000042EE	000044EE	1	0005	ordinary_sample_offset
PATH.DAT	path_primary	payload[1]/4	480		480	00000980	000042F2	000044F2	1	0005	ordinary_sample_offset
PATH.DAT	path_primary	payload[1]/4	481		481	00000984	000042F6	000044F6	1	0005	ordinary_sample_offset
PATH.DAT	path_primary	payload[1]/4	482		482	00000988	000042FA	000044FA	1	0005	ordinary_sample_offset
PATH.DAT	path_primary	payload[1]/4	483		483	0000098C	000042FE	000044FE	1	0005	ordinary_sample_offset
PATH.DAT	path_primary	payload[1]/4	484		484	00000990	00004302	00004502	1	0005	ordinary_sample_offset
PATH.DAT	path_primary	payload[1]/4	485		485	00000994	00004306	00004506	1	0005	ordinary_sample_offset
PATH.DAT	path_primary	payload[1]/4	486		486	00000998	0000430A	0000450A	1	0005	ordinary_sample_offset
PATH.DAT	path_primary	payload[1]/4	487		487	0000099C	0000430E	0000450E	1	0005	ordinary_sample_offset
PATH.DAT	path_primary	payload[1]/4	488		488	000009A0	00004312	00004512	1	0005	ordinary_sample_offset
PATH.DAT	path_primary	payload[1]/4	489		489	000009A4	00004316	00004516	1	0005	ordinary_sample_offset
PATH.DAT	path_primary	payload[1]/4	490		490	000009A8	0000431A	0000451A	1	0005	ordinary_sample_offset
PATH.DAT	path_primary	payload[1]/4	491		491	000009AC	0000431E	0000451E	1	0005	ordinary_sample_offset
PATH.DAT	path_primary	payload[1]/4	492		492	000009B0	00004322	00004522	1	0005	ordinary_sample_offset
PATH.DAT	path_primary	payload[1]/4	493		493	000009B4	00004326	00004526	1	0005	ordinary_sample_offset
PATH.DAT	path_primary	payload[1]/4	494		494	000009B8	0000432A	0000452A	1	0005	ordinary_sample_offset
PATH.DAT	path_primary	payload[1]/4	495		495	000009BC	0000432E	0000452E	1	0005	ordinary_sample_offset
PATH.DAT	path_primary	payload[1]/4	496		496	000009C0	00004332	00004532	1	0005	ordinary_sample_offset
PATH.DAT	path_primary	payload[1]/4	497		497	000009C4	00004336	00004536	1	0005	ordinary_sample_offset
PATH.DAT	path_primary	payload[1]/4	498		498	000009C8	0000433A	0000453A	1	0005	ordinary_sample_offset
PATH.DAT	path_primary	payload[1]/4	499		499	000009CC	0000433E	0000453E	1	0005	ordinary_sample_offset
PATH.DAT	path_primary	payload[1]/4	500		500	000009D0	00004342	00004542	1	0005	ordinary_sample_offset
PATH.DAT	path_primary	payload[1]/4	501		501	000009D4	00004346	00004546	1	0005	ordinary_sample_offset
PATH.DAT	path_primary	payload[1]/4	502		502	000009D8	00004444	00004644	1	0005	ordinary_sample_offset
PATH.DAT	path_primary	payload[1]/4	503		503	000009DC	000044AC	000046AC	1	0005	ordinary_sample_offset
PATH.DAT	path_primary	payload[1]/4	504		504	000009E0	00004514	00004714	1	0005	ordinary_sample_offset
PATH.DAT	path_primary	payload[1]/4	505		505	000009E4	00004538	00004738	1	0005	ordinary_sample_offset
PATH.DAT	path_primary	payload[1]/4	506		506	000009E8	0000455C	0000475C	1	0005	ordinary_sample_offset
PATH.DAT	path_primary	payload[1]/4	507		507	000009EC	00004596	00004796	1	0005	ordinary_sample_offset
PATH.DAT	path_primary	payload[1]/4	508		508	000009F0	000045D2	000047D2	1	0005	ordinary_sample_offset
PATH.DAT	path_primary	payload[1]/4	509		509	000009F4	0000460E	0000480E	1	0005	ordinary_sample_offset
PATH.DAT	path_primary	payload[1]/4	510		510	000009F8	0000464A	0000484A	1	0005	ordinary_sample_offset
PATH.DAT	path_primary	payload[1]/4	511		511	000009FC	00004684	00004884	1	0005	ordinary_sample_offset
PATH.DAT	path_primary	payload[1]/4	512		512	00000A00	000046B8	000048B8	1	0005	ordinary_sample_offset
PATH.DAT	path_primary	payload[1]/4	513		513	00000A04	00004714	00004914	1	0005	ordinary_sample_offset
PATH.DAT	path_primary	payload[1]/4	514		514	00000A08	00004718	00004918	1	0005	ordinary_sample_offset
PATH.DAT	path_primary	payload[1]/4	515		515	00000A0C	0000471C	0000491C	1	0005	ordinary_sample_offset
PATH.DAT	path_primary	payload[1]/4	516		516	00000A10	00004720	00004920	1	0005	ordinary_sample_offset
PATH.DAT	path_primary	payload[1]/4	517		517	00000A14	00004724	00004924	1	0005	ordinary_sample_offset
PATH.DAT	path_primary	payload[1]/4	518		518	00000A18	00004728	00004928	1	0005	ordinary_sample_offset
PATH.DAT	path_primary	payload[1]/4	519		519	00000A1C	0000472C	0000492C	1	0005	ordinary_sample_offset
PATH.DAT	path_primary	payload[1]/4	520		520	00000A20	00004730	00004930	1	0005	ordinary_sample_offset
PATH.DAT	path_primary	payload[1]/4	521		521	00000A24	00004734	00004934	1	0005	ordinary_sample_offset
PATH.DAT	path_primary	payload[1]/4	522		522	00000A28	00004738	00004938	1	0005	ordinary_sample_offset
PATH.DAT	path_primary	payload[1]/4	523		523	00000A2C	0000473C	0000493C	1	0005	ordinary_sample_offset
PATH.DAT	path_primary	payload[1]/4	524		524	00000A30	00004740	00004940	1	0005	ordinary_sample_offset
PATH.DAT	path_primary	payload[1]/4	525		525	00000A34	00004744	00004944	1	0005	ordinary_sample_offset
PATH.DAT	path_primary	payload[1]/4	526		526	00000A38	00004748	00004948	1	0005	ordinary_sample_offset
PATH.DAT	path_primary	payload[1]/4	527		527	00000A3C	0000474C	0000494C	1	0005	ordinary_sample_offset
PATH.DAT	path_primary	payload[1]/4	528		528	00000A40	00004750	00004950	1	0005	ordinary_sample_offset
PATH.DAT	path_primary	payload[1]/4	529		529	00000A44	00004754	00004954	1	0005	ordinary_sample_offset
PATH.DAT	path_primary	payload[1]/4	530		530	00000A48	00004758	00004958	1	0005	ordinary_sample_offset
PATH.DAT	path_primary	payload[1]/4	531		531	00000A4C	0000475C	0000495C	1	0005	ordinary_sample_offset
PATH.DAT	path_primary	payload[1]/4	532		532	00000A50	00004760	00004960	1	0005	ordinary_sample_offset
PATH.DAT	path_primary	payload[1]/4	533		533	00000A54	00004764	00004964	1	0005	ordinary_sample_offset
PATH.DAT	path_primary	payload[1]/4	534		534	00000A58	00004768	00004968	1	0005	ordinary_sample_offset
PATH.DAT	path_primary	payload[1]/4	535		535	00000A5C	0000476C	0000496C	1	0005	ordinary_sample_offset
PATH.DAT	path_primary	payload[1]/4	536		536	00000A60	00004770	00004970	1	0005	ordinary_sample_offset
PATH.DAT	path_primary	payload[1]/4	537		537	00000A64	00004774	00004974	1	0005	ordinary_sample_offset
PATH.DAT	path_primary	payload[1]/4	538		538	00000A68	00004778	00004978	1	0005	ordinary_sample_offset
PATH.DAT	path_primary	payload[1]/4	539		539	00000A6C	0000477C	0000497C	1	0005	ordinary_sample_offset
PATH.DAT	path_primary	payload[1]/4	540		540	00000A70	00004780	00004980	1	0005	ordinary_sample_offset
PATH.DAT	path_primary	payload[1]/4	541		541	00000A74	00004784	00004984	1	0005	ordinary_sample_offset
PATH.DAT	path_primary	payload[1]/4	542		542	00000A78	00004788	00004988	1	0005	ordinary_sample_offset
PATH.DAT	path_primary	payload[1]/4	543		543	00000A7C	0000478C	0000498C	1	0005	ordinary_sample_offset
PATH.DAT	path_primary	payload[1]/4	544		544	00000A80	00004790	00004990	1	0005	ordinary_sample_offset
PATH.DAT	path_primary	payload[1]/4	545		545	00000A84	00004794	00004994	1	0005	ordinary_sample_offset
PATH.DAT	path_primary	payload[1]/4	546		546	00000A88	00004798	00004998	1	0005	ordinary_sample_offset
PATH.DAT	path_primary	payload[1]/4	547		547	00000A8C	0000479C	0000499C	1	0005	ordinary_sample_offset
PATH.DAT	path_primary	payload[1]/4	548		548	00000A90	000047A0	000049A0	1	0005	ordinary_sample_offset
PATH.DAT	path_primary	payload[1]/4	549		549	00000A94	000047A4	000049A4	1	0005	ordinary_sample_offset
PATH.DAT	path_primary	payload[1]/4	550		550	00000A98	000047A8	000049A8	1	0005	ordinary_sample_offset
PATH.DAT	path_primary	payload[1]/4	551		551	00000A9C	000047AC	000049AC	1	0005	ordinary_sample_offset
PATH.DAT	path_primary	payload[1]/4	552		552	00000AA0	000047B0	000049B0	1	0005	ordinary_sample_offset
PATH.DAT	path_primary	payload[1]/4	553		553	00000AA4	000047B4	000049B4	1	0005	ordinary_sample_offset
PATH.DAT	path_primary	payload[1]/4	554		554	00000AA8	000047B8	000049B8	1	0005	ordinary_sample_offset
PATH.DAT	path_primary	payload[1]/4	555		555	00000AAC	000047BC	000049BC	1	0005	ordinary_sample_offset
PATH.DAT	path_primary	payload[1]/4	556		556	00000AB0	000047C0	000049C0	1	0005	ordinary_sample_offset
PATH.DAT	path_primary	payload[1]/4	557		557	00000AB4	000047C4	000049C4	1	0005	ordinary_sample_offset
PATH.DAT	path_primary	payload[1]/4	558		558	00000AB8	000047C8	000049C8	1	0005	ordinary_sample_offset
PATH.DAT	path_primary	payload[1]/4	559		559	00000ABC	000047CC	000049CC	1	0005	ordinary_sample_offset
PATH.DAT	path_primary	payload[1]/4	560		560	00000AC0	000047D0	000049D0	1	0005	ordinary_sample_offset
PATH.DAT	path_primary	payload[1]/4	561		561	00000AC4	000047D4	000049D4	1	0005	ordinary_sample_offset
PATH.DAT	path_primary	payload[1]/4	562		562	00000AC8	000047D8	000049D8	1	0005	ordinary_sample_offset
PATH.DAT	path_primary	payload[1]/4	563		563	00000ACC	000047DC	000049DC	1	0005	ordinary_sample_offset
PATH.DAT	path_primary	payload[1]/4	564		564	00000AD0	000047E0	000049E0	1	0005	ordinary_sample_offset
PATH.DAT	path_primary	payload[1]/4	565		565	00000AD4	000047E4	000049E4	1	0005	ordinary_sample_offset
PATH.DAT	path_primary	payload[1]/4	566		566	00000AD8	000047E8	000049E8	1	0005	ordinary_sample_offset
PATH.DAT	path_primary	payload[1]/4	567		567	00000ADC	000047EC	000049EC	1	0005	ordinary_sample_offset
PATH.DAT	path_primary	payload[1]/4	568		568	00000AE0	000047F0	000049F0	1	0005	ordinary_sample_offset
PATH.DAT	path_primary	payload[1]/4	569		569	00000AE4	000047F4	000049F4	1	0005	ordinary_sample_offset
PATH.DAT	path_primary	payload[1]/4	570		570	00000AE8	000047F8	000049F8	1	0005	ordinary_sample_offset
PATH.DAT	path_primary	payload[1]/4	571		571	00000AEC	000047FC	000049FC	1	0005	ordinary_sample_offset
PATH.DAT	path_primary	payload[1]/4	572		572	00000AF0	00004800	00004A00	1	0005	ordinary_sample_offset
PATH.DAT	path_primary	payload[1]/4	573		573	00000AF4	00004804	00004A04	1	0005	ordinary_sample_offset
PATH.DAT	path_primary	payload[1]/4	574		574	00000AF8	00004808	00004A08	1	0005	ordinary_sample_offset
PATH.DAT	path_primary	payload[1]/4	575		575	00000AFC	0000480C	00004A0C	1	0005	ordinary_sample_offset
PATH.DAT	path_primary	payload[1]/4	576		576	00000B00	00004810	00004A10	1	0005	ordinary_sample_offset
PATH.DAT	path_primary	payload[1]/4	577		577	00000B04	00004814	00004A14	1	0005	ordinary_sample_offset
PATH.DAT	path_primary	payload[1]/4	578		578	00000B08	00004818	00004A18	1	0005	ordinary_sample_offset
PATH.DAT	path_primary	payload[1]/4	579		579	00000B0C	0000481C	00004A1C	1	0005	ordinary_sample_offset
PATH.DAT	path_primary	payload[1]/4	580		580	00000B10	00004820	00004A20	1	0005	ordinary_sample_offset
PATH.DAT	path_primary	payload[1]/4	581		581	00000B14	00004824	00004A24	1	0005	ordinary_sample_offset
PATH.DAT	path_primary	payload[1]/4	582		582	00000B18	00004828	00004A28	1	0005	ordinary_sample_offset
PATH.DAT	path_primary	payload[1]/4	583		583	00000B1C	0000482C	00004A2C	1	0005	ordinary_sample_offset
PATH.DAT	path_primary	payload[1]/4	584		584	00000B20	00004830	00004A30	1	0005	ordinary_sample_offset
PATH.DAT	path_primary	payload[1]/4	585		585	00000B24	00004834	00004A34	1	0005	ordinary_sample_offset
PATH.DAT	path_primary	payload[1]/4	586		586	00000B28	00004838	00004A38	1	0005	ordinary_sample_offset
PATH.DAT	path_primary	payload[1]/4	587		587	00000B2C	0000483C	00004A3C	1	0005	ordinary_sample_offset
PATH.DAT	path_primary	payload[1]/4	588		588	00000B30	00004840	00004A40	1	0005	ordinary_sample_offset
PATH.DAT	path_primary	payload[1]/4	589		589	00000B34	00004844	00004A44	1	0005	ordinary_sample_offset
PATH.DAT	path_primary	payload[1]/4	590		590	00000B38	00004848	00004A48	1	0005	ordinary_sample_offset
PATH.DAT	path_primary	payload[1]/4	591		591	00000B3C	0000484C	00004A4C	1	0005	ordinary_sample_offset
PATH.DAT	path_primary	payload[1]/4	592		592	00000B40	00004850	00004A50	1	0005	ordinary_sample_offset
PATH.DAT	path_primary	payload[1]/4	593		593	00000B44	00004854	00004A54	1	0005	ordinary_sample_offset
PATH.DAT	path_primary	payload[1]/4	594		594	00000B48	00004858	00004A58	1	0005	ordinary_sample_offset
PATH.DAT	path_primary	payload[1]/4	595		595	00000B4C	0000485C	00004A5C	1	0005	ordinary_sample_offset
PATH.DAT	path_primary	payload[1]/4	596		596	00000B50	00004860	00004A60	1	0005	ordinary_sample_offset
PATH.DAT	path_primary	payload[1]/4	597		597	00000B54	00004864	00004A64	1	0005	ordinary_sample_offset
PATH.DAT	path_primary	payload[1]/4	598		598	00000B58	00004868	00004A68	1	0005	ordinary_sample_offset
PATH.DAT	path_primary	payload[1]/4	599		599	00000B5C	0000486C	00004A6C	1	0005	ordinary_sample_offset
PATH.DAT	path_primary	payload[1]/4	600		600	00000B60	00004342	00004542	1	0005	ordinary_sample_offset
PATH.DAT	path_primary	payload[1]/4	601		601	00000B64	00004874	00004A74	1	0005	ordinary_sample_offset
PATH.DAT	path_primary	payload[1]/4	602		602	00000B68	00004888	00004A88	1	0005	ordinary_sample_offset
PATH.DAT	path_primary	payload[1]/4	603		603	00000B6C	0000489C	00004A9C	1	0005	ordinary_sample_offset
PATH.DAT	path_primary	payload[1]/4	604		604	00000B70	000048B0	00004AB0	1	0005	ordinary_sample_offset
PATH.DAT	path_primary	payload[1]/4	605		605	00000B74	000048C4	00004AC4	1	0005	ordinary_sample_offset
PATH.DAT	path_primary	payload[1]/4	606		606	00000B78	000048D8	00004AD8	1	0005	ordinary_sample_offset
PATH.DAT	path_primary	payload[1]/4	607		607	00000B7C	000048F2	00004AF2	1	0005	ordinary_sample_offset
PATH.DAT	path_primary	payload[1]/4	608		608	00000B80	00004904	00004B04	1	0005	ordinary_sample_offset
PATH.DAT	path_primary	payload[1]/4	609		609	00000B84	0000491E	00004B1E	1	0005	ordinary_sample_offset
PATH.DAT	path_primary	payload[1]/4	610		610	00000B88	00004938	00004B38	1	0005	ordinary_sample_offset
PATH.DAT	path_primary	payload[1]/4	611		611	00000B8C	00004952	00004B52	1	0005	ordinary_sample_offset
PATH.DAT	path_primary	payload[1]/4	612		612	00000B90	00004964	00004B64	1	0005	ordinary_sample_offset
PATH.DAT	path_primary	payload[1]/4	613		613	00000B94	00004976	00004B76	1	0005	ordinary_sample_offset
PATH.DAT	path_primary	payload[1]/4	614		614	00000B98	00004990	00004B90	1	0005	ordinary_sample_offset
PATH.DAT	path_primary	payload[1]/4	615		615	00000B9C	000049AA	00004BAA	1	0005	ordinary_sample_offset
PATH.DAT	path_primary	payload[1]/4	616		616	00000BA0	000049C4	00004BC4	1	0005	ordinary_sample_offset
PATH.DAT	path_primary	payload[1]/4	617		617	00000BA4	00004A00	00004C00	1	0005	ordinary_sample_offset
PATH.DAT	path_primary	payload[1]/4	618		618	00000BA8	00004A14	00004C14	1	0005	ordinary_sample_offset
PATH.DAT	path_primary	payload[1]/4	619		619	00000BAC	00004A28	00004C28	1	0005	ordinary_sample_offset
PATH.DAT	path_primary	payload[1]/4	620		620	00000BB0	00004A3C	00004C3C	1	0005	ordinary_sample_offset
PATH.DAT	path_primary	payload[1]/4	621		621	00000BB4	00004A50	00004C50	1	0005	ordinary_sample_offset
PATH.DAT	path_primary	payload[1]/4	622		622	00000BB8	00004A64	00004C64	1	0005	ordinary_sample_offset
PATH.DAT	path_primary	payload[1]/4	623		623	00000BBC	00004A78	00004C78	1	0005	ordinary_sample_offset
PATH.DAT	path_primary	payload[1]/4	624		624	00000BC0	00004A8C	00004C8C	1	0005	ordinary_sample_offset
PATH.DAT	path_primary	payload[1]/4	625		625	00000BC4	00004AA0	00004CA0	1	0005	ordinary_sample_offset
PATH.DAT	path_primary	payload[1]/4	626		626	00000BC8	00004AB4	00004CB4	1	0005	ordinary_sample_offset
PATH.DAT	path_primary	payload[1]/4	627		627	00000BCC	00004AC8	00004CC8	1	0005	ordinary_sample_offset
PATH.DAT	path_primary	payload[1]/4	628		628	00000BD0	00004ADC	00004CDC	1	0005	ordinary_sample_offset
PATH.DAT	path_primary	payload[1]/4	629		629	00000BD4	00004AF0	00004CF0	1	0005	ordinary_sample_offset
PATH.DAT	path_primary	payload[1]/4	630		630	00000BD8	00004B04	00004D04	1	0005	ordinary_sample_offset
PATH.DAT	path_primary	payload[1]/4	631		631	00000BDC	00004B18	00004D18	1	0005	ordinary_sample_offset
PATH.DAT	path_primary	payload[1]/4	632		632	00000BE0	00004B2C	00004D2C	1	0005	ordinary_sample_offset
PATH.DAT	path_primary	payload[1]/4	633		633	00000BE4	00004B40	00004D40	1	0005	ordinary_sample_offset
PATH.DAT	path_primary	payload[1]/4	634		634	00000BE8	00004B54	00004D54	1	0005	ordinary_sample_offset
PATH.DAT	path_primary	payload[1]/4	635		635	00000BEC	00004BC0	00004DC0	1	0005	ordinary_sample_offset
PATH.DAT	path_primary	payload[1]/4	636		636	00000BF0	00004BD4	00004DD4	1	0005	ordinary_sample_offset
PATH.DAT	path_primary	payload[1]/4	637		637	00000BF4	00004C28	00004E28	1	0005	ordinary_sample_offset
PATH.DAT	path_primary	payload[1]/4	638		638	00000BF8	00004CBC	00004EBC	1	0005	ordinary_sample_offset
PATH.DAT	path_primary	payload[1]/4	639		639	00000BFC	00004D18	00004F18	1	0005	ordinary_sample_offset
PATH.DAT	path_primary	payload[1]/4	640		640	00000C00	00004D94	00004F94	1	0005	ordinary_sample_offset
PATH.DAT	path_primary	payload[1]/4	641		641	00000C04	00004DA8	00004FA8	1	0005	ordinary_sample_offset
PATH.DAT	path_primary	payload[1]/4	642		642	00000C08	00004DBC	00004FBC	1	0005	ordinary_sample_offset
PATH.DAT	path_primary	payload[1]/4	643		643	00000C0C	00004DD0	00004FD0	1	0005	ordinary_sample_offset
PATH.DAT	path_primary	payload[1]/4	644		644	00000C10	00004DE4	00004FE4	1	0005	ordinary_sample_offset
PATH.DAT	path_primary	payload[1]/4	645		645	00000C14	00004DF0	00004FF0	1	0005	ordinary_sample_offset
PATH.DAT	path_primary	payload[1]/4	646		646	00000C18	00004E04	00005004	1	0005	ordinary_sample_offset
PATH.DAT	path_primary	payload[1]/4	647		647	00000C1C	00004E24	00005024	1	0005	ordinary_sample_offset
PATH.DAT	path_primary	payload[1]/4	648		648	00000C20	00004E38	00005038	1	0005	ordinary_sample_offset
PATH.DAT	path_primary	payload[1]/4	649		649	00000C24	00004E4C	0000504C	1	0005	ordinary_sample_offset
PATH.DAT	path_primary	payload[1]/4	650		650	00000C28	00004E60	00005060	1	0005	ordinary_sample_offset
PATH.DAT	path_primary	payload[1]/4	651		651	00000C2C	00004E8E	0000508E	1	0005	ordinary_sample_offset
PATH.DAT	path_primary	payload[1]/4	652		652	00000C30	00004EAC	000050AC	1	0005	ordinary_sample_offset
PATH.DAT	path_primary	payload[1]/4	653		653	00000C34	00004EC0	000050C0	1	0005	ordinary_sample_offset
PATH.DAT	path_primary	payload[1]/4	654		654	00000C38	00004EC4	000050C4	1	0005	ordinary_sample_offset
PATH.DAT	path_primary	payload[1]/4	655		655	00000C3C	00004EC8	000050C8	1	0005	ordinary_sample_offset
PATH.DAT	path_primary	payload[1]/4	656		656	00000C40	00004ECC	000050CC	1	0005	ordinary_sample_offset
PATH.DAT	path_primary	payload[1]/4	657		657	00000C44	00004ED0	000050D0	1	0005	ordinary_sample_offset
PATH.DAT	path_primary	payload[1]/4	658		658	00000C48	00004ED4	000050D4	1	0005	ordinary_sample_offset
PATH.DAT	path_primary	payload[1]/4	659		659	00000C4C	00004ED8	000050D8	1	0005	ordinary_sample_offset
PATH.DAT	path_primary	payload[1]/4	660		660	00000C50	00004EDC	000050DC	1	0005	ordinary_sample_offset
PATH.DAT	path_primary	payload[1]/4	661		661	00000C54	00004EE0	000050E0	1	0005	ordinary_sample_offset
PATH.DAT	path_primary	payload[1]/4	662		662	00000C58	00004EE4	000050E4	1	0005	ordinary_sample_offset
PATH.DAT	path_primary	payload[1]/4	663		663	00000C5C	00004EE8	000050E8	1	0005	ordinary_sample_offset
PATH.DAT	path_primary	payload[1]/4	664		664	00000C60	00004EEC	000050EC	1	0005	ordinary_sample_offset
PATH.DAT	path_primary	payload[1]/4	665		665	00000C64	00004EF0	000050F0	1	0005	ordinary_sample_offset
PATH.DAT	path_primary	payload[1]/4	666		666	00000C68	00004EF4	000050F4	1	0005	ordinary_sample_offset
PATH.DAT	path_primary	payload[1]/4	667		667	00000C6C	00004EF8	000050F8	1	0005	ordinary_sample_offset
PATH.DAT	path_primary	payload[1]/4	668		668	00000C70	00004EFC	000050FC	1	0005	ordinary_sample_offset
PATH.DAT	path_primary	payload[1]/4	669		669	00000C74	00004F00	00005100	1	0005	ordinary_sample_offset
PATH.DAT	path_primary	payload[1]/4	670		670	00000C78	00004F04	00005104	1	0005	ordinary_sample_offset
PATH.DAT	path_primary	payload[1]/4	671		671	00000C7C	00004F08	00005108	1	0005	ordinary_sample_offset
PATH.DAT	path_primary	payload[1]/4	672		672	00000C80	00004F0C	0000510C	1	0005	ordinary_sample_offset
PATH.DAT	path_primary	payload[1]/4	673		673	00000C84	00004F10	00005110	1	0005	ordinary_sample_offset
PATH.DAT	path_primary	payload[1]/4	674		674	00000C88	00004F14	00005114	1	0005	ordinary_sample_offset
PATH.DAT	path_primary	payload[1]/4	675		675	00000C8C	00004F18	00005118	1	0005	ordinary_sample_offset
PATH.DAT	path_primary	payload[1]/4	676		676	00000C90	00004F1C	0000511C	1	0005	ordinary_sample_offset
PATH.DAT	path_primary	payload[1]/4	677		677	00000C94	00004F20	00005120	1	0005	ordinary_sample_offset
PATH.DAT	path_primary	payload[1]/4	678		678	00000C98	00004F24	00005124	1	0005	ordinary_sample_offset
PATH.DAT	path_primary	payload[1]/4	679		679	00000C9C	00004F28	00005128	1	0005	ordinary_sample_offset
PATH.DAT	path_primary	payload[1]/4	680		680	00000CA0	00004F2C	0000512C	1	0005	ordinary_sample_offset
PATH.DAT	path_primary	payload[1]/4	681		681	00000CA4	00004F30	00005130	1	0005	ordinary_sample_offset
PATH.DAT	path_primary	payload[1]/4	682		682	00000CA8	00004F34	00005134	1	0005	ordinary_sample_offset
PATH.DAT	path_primary	payload[1]/4	683		683	00000CAC	00004F38	00005138	1	0005	ordinary_sample_offset
PATH.DAT	path_primary	payload[1]/4	684		684	00000CB0	00004F3C	0000513C	1	0005	ordinary_sample_offset
PATH.DAT	path_primary	payload[1]/4	685		685	00000CB4	00004F40	00005140	1	0005	ordinary_sample_offset
PATH.DAT	path_primary	payload[1]/4	686		686	00000CB8	00004F44	00005144	1	0005	ordinary_sample_offset
PATH.DAT	path_primary	payload[1]/4	687		687	00000CBC	00004F48	00005148	1	0005	ordinary_sample_offset
PATH.DAT	path_primary	payload[1]/4	688		688	00000CC0	00004F4C	0000514C	1	0005	ordinary_sample_offset
PATH.DAT	path_primary	payload[1]/4	689		689	00000CC4	00004F50	00005150	1	0005	ordinary_sample_offset
PATH.DAT	path_primary	payload[1]/4	690		690	00000CC8	00004F54	00005154	1	0005	ordinary_sample_offset
PATH.DAT	path_primary	payload[1]/4	691		691	00000CCC	00004F58	00005158	1	0005	ordinary_sample_offset
PATH.DAT	path_primary	payload[1]/4	692		692	00000CD0	00004F5C	0000515C	1	0005	ordinary_sample_offset
PATH.DAT	path_primary	payload[1]/4	693		693	00000CD4	00004F60	00005160	1	0005	ordinary_sample_offset
PATH.DAT	path_primary	payload[1]/4	694		694	00000CD8	00004F64	00005164	1	0005	ordinary_sample_offset
PATH.DAT	path_primary	payload[1]/4	695		695	00000CDC	00004F68	00005168	1	0005	ordinary_sample_offset
PATH.DAT	path_primary	payload[1]/4	696		696	00000CE0	00004F6C	0000516C	1	0005	ordinary_sample_offset
PATH.DAT	path_primary	payload[1]/4	697		697	00000CE4	00004F70	00005170	1	0005	ordinary_sample_offset
PATH.DAT	path_primary	payload[1]/4	698		698	00000CE8	00004F74	00005174	1	0005	ordinary_sample_offset
PATH.DAT	path_primary	payload[1]/4	699		699	00000CEC	00004F78	00005178	1	0005	ordinary_sample_offset
PATH.DAT	path_primary	payload[1]/4	700		700	00000CF0	00004F7C	0000517C	1	0005	ordinary_sample_offset
PATH.DAT	path_primary	payload[1]/4	701		701	00000CF4	00004F80	00005180	1	0005	ordinary_sample_offset
PATH.DAT	path_primary	payload[1]/4	702		702	00000CF8	000050F4	000052F4	1	0005	ordinary_sample_offset
PATH.DAT	path_primary	payload[1]/4	703		703	00000CFC	00005130	00005330	1	0005	ordinary_sample_offset
PATH.DAT	path_primary	payload[1]/4	704		704	00000D00	0000516C	0000536C	1	0005	ordinary_sample_offset
PATH.DAT	path_primary	payload[1]/4	705		705	00000D04	000051C4	000053C4	1	0005	ordinary_sample_offset
PATH.DAT	path_primary	payload[1]/4	706		706	00000D08	000051F2	000053F2	1	0005	ordinary_sample_offset
PATH.DAT	path_primary	payload[1]/4	707		707	00000D0C	0000523C	0000543C	1	0005	ordinary_sample_offset
PATH.DAT	path_primary	payload[1]/4	708		708	00000D10	00005278	00005478	1	0005	ordinary_sample_offset
PATH.DAT	path_primary	payload[1]/4	709		709	00000D14	000052C2	000054C2	1	0005	ordinary_sample_offset
PATH.DAT	path_primary	payload[1]/4	710		710	00000D18	0000530C	0000550C	1	0005	ordinary_sample_offset
PATH.DAT	path_primary	payload[1]/4	711		711	00000D1C	00005356	00005556	1	0005	ordinary_sample_offset
PATH.DAT	path_primary	payload[1]/4	712		712	00000D20	000053AE	000055AE	1	0005	ordinary_sample_offset
PATH.DAT	path_primary	payload[1]/4	713		713	00000D24	000053BC	000055BC	1	0005	ordinary_sample_offset
PATH.DAT	path_primary	payload[1]/4	714		714	00000D28	00005422	00005622	1	0005	ordinary_sample_offset
PATH.DAT	path_primary	payload[1]/4	715		715	00000D2C	00005430	00005630	1	0005	ordinary_sample_offset
PATH.DAT	path_primary	payload[1]/4	716		716	00000D30	0000543E	0000563E	1	0005	ordinary_sample_offset
PATH.DAT	path_primary	payload[1]/4	717		717	00000D34	000054B2	000056B2	1	0005	ordinary_sample_offset
PATH.DAT	path_primary	payload[1]/4	718		718	00000D38	000054FC	000056FC	1	0005	ordinary_sample_offset
PATH.DAT	path_primary	payload[1]/4	719		719	00000D3C	00005538	00005738	1	0005	ordinary_sample_offset
PATH.DAT	path_primary	payload[1]/4	720		720	00000D40	00005582	00005782	1	0005	ordinary_sample_offset
PATH.DAT	path_primary	payload[1]/4	721		721	00000D44	000055CC	000057CC	1	0005	ordinary_sample_offset
PATH.DAT	path_primary	payload[1]/4	722		722	00000D48	00005616	00005816	1	0005	ordinary_sample_offset
PATH.DAT	path_primary	payload[1]/4	723		723	00000D4C	00005652	00005852	1	0005	ordinary_sample_offset
PATH.DAT	path_primary	payload[1]/4	724		724	00000D50	000056AA	000058AA	1	0005	ordinary_sample_offset
PATH.DAT	path_primary	payload[1]/4	725		725	00000D54	00005702	00005902	1	0005	ordinary_sample_offset
PATH.DAT	path_primary	payload[1]/4	726		726	00000D58	00005706	00005906	1	0005	ordinary_sample_offset
PATH.DAT	path_primary	payload[1]/4	727		727	00000D5C	0000570A	0000590A	1	0005	ordinary_sample_offset
PATH.DAT	path_primary	payload[1]/4	728		728	00000D60	0000570E	0000590E	1	0005	ordinary_sample_offset
PATH.DAT	path_primary	payload[1]/4	729		729	00000D64	00005712	00005912	1	0005	ordinary_sample_offset
PATH.DAT	path_primary	payload[1]/4	730		730	00000D68	00005716	00005916	1	0005	ordinary_sample_offset
PATH.DAT	path_primary	payload[1]/4	731		731	00000D6C	0000571A	0000591A	1	0005	ordinary_sample_offset
PATH.DAT	path_primary	payload[1]/4	732		732	00000D70	0000571E	0000591E	1	0005	ordinary_sample_offset
PATH.DAT	path_primary	payload[1]/4	733		733	00000D74	00005722	00005922	1	0005	ordinary_sample_offset
PATH.DAT	path_primary	payload[1]/4	734		734	00000D78	00005726	00005926	1	0005	ordinary_sample_offset
PATH.DAT	path_primary	payload[1]/4	735		735	00000D7C	0000572A	0000592A	1	0005	ordinary_sample_offset
PATH.DAT	path_primary	payload[1]/4	736		736	00000D80	0000572E	0000592E	1	0005	ordinary_sample_offset
PATH.DAT	path_primary	payload[1]/4	737		737	00000D84	00005732	00005932	1	0005	ordinary_sample_offset
PATH.DAT	path_primary	payload[1]/4	738		738	00000D88	00005736	00005936	1	0005	ordinary_sample_offset
PATH.DAT	path_primary	payload[1]/4	739		739	00000D8C	0000573A	0000593A	1	0005	ordinary_sample_offset
PATH.DAT	path_primary	payload[1]/4	740		740	00000D90	0000573E	0000593E	1	0005	ordinary_sample_offset
PATH.DAT	path_primary	payload[1]/4	741		741	00000D94	00005742	00005942	1	0005	ordinary_sample_offset
PATH.DAT	path_primary	payload[1]/4	742		742	00000D98	00005746	00005946	1	0005	ordinary_sample_offset
PATH.DAT	path_primary	payload[1]/4	743		743	00000D9C	0000574A	0000594A	1	0005	ordinary_sample_offset
PATH.DAT	path_primary	payload[1]/4	744		744	00000DA0	0000574E	0000594E	1	0005	ordinary_sample_offset
PATH.DAT	path_primary	payload[1]/4	745		745	00000DA4	00005752	00005952	1	0005	ordinary_sample_offset
PATH.DAT	path_primary	payload[1]/4	746		746	00000DA8	00005756	00005956	1	0005	ordinary_sample_offset
PATH.DAT	path_primary	payload[1]/4	747		747	00000DAC	0000575A	0000595A	1	0005	ordinary_sample_offset
PATH.DAT	path_primary	payload[1]/4	748		748	00000DB0	0000575E	0000595E	1	0005	ordinary_sample_offset
PATH.DAT	path_primary	payload[1]/4	749		749	00000DB4	00005762	00005962	1	0005	ordinary_sample_offset
PATH.DAT	path_primary	payload[1]/4	750		750	00000DB8	00005766	00005966	1	0005	ordinary_sample_offset
PATH.DAT	path_primary	payload[1]/4	751		751	00000DBC	0000576A	0000596A	1	0005	ordinary_sample_offset
PATH.DAT	path_primary	payload[1]/4	752		752	00000DC0	0000576E	0000596E	1	0005	ordinary_sample_offset
PATH.DAT	path_primary	payload[1]/4	753		753	00000DC4	00005772	00005972	1	0005	ordinary_sample_offset
PATH.DAT	path_primary	payload[1]/4	754		754	00000DC8	00005776	00005976	1	0005	ordinary_sample_offset
PATH.DAT	path_primary	payload[1]/4	755		755	00000DCC	0000577A	0000597A	1	0005	ordinary_sample_offset
PATH.DAT	path_primary	payload[1]/4	756		756	00000DD0	0000577E	0000597E	1	0005	ordinary_sample_offset
PATH.DAT	path_primary	payload[1]/4	757		757	00000DD4	00005782	00005982	1	0005	ordinary_sample_offset
PATH.DAT	path_primary	payload[1]/4	758		758	00000DD8	00005786	00005986	1	0005	ordinary_sample_offset
PATH.DAT	path_primary	payload[1]/4	759		759	00000DDC	0000578A	0000598A	1	0005	ordinary_sample_offset
PATH.DAT	path_primary	payload[1]/4	760		760	00000DE0	0000578E	0000598E	1	0005	ordinary_sample_offset
PATH.DAT	path_primary	payload[1]/4	761		761	00000DE4	00005792	00005992	1	0005	ordinary_sample_offset
PATH.DAT	path_primary	payload[1]/4	762		762	00000DE8	00005796	00005996	1	0005	ordinary_sample_offset
PATH.DAT	path_primary	payload[1]/4	763		763	00000DEC	0000579A	0000599A	1	0005	ordinary_sample_offset
PATH.DAT	path_primary	payload[1]/4	764		764	00000DF0	0000579E	0000599E	1	0005	ordinary_sample_offset
PATH.DAT	path_primary	payload[1]/4	765		765	00000DF4	000057A2	000059A2	1	0005	ordinary_sample_offset
PATH.DAT	path_primary	payload[1]/4	766		766	00000DF8	000057A6	000059A6	1	0005	ordinary_sample_offset
PATH.DAT	path_primary	payload[1]/4	767		767	00000DFC	000057AA	000059AA	1	0005	ordinary_sample_offset
PATH.DAT	path_primary	payload[1]/4	768		768	00000E00	000057AE	000059AE	1	0005	ordinary_sample_offset
PATH.DAT	path_primary	payload[1]/4	769		769	00000E04	000057B2	000059B2	1	0005	ordinary_sample_offset
PATH.DAT	path_primary	payload[1]/4	770		770	00000E08	000057B6	000059B6	1	0005	ordinary_sample_offset
PATH.DAT	path_primary	payload[1]/4	771		771	00000E0C	000057BA	000059BA	1	0005	ordinary_sample_offset
PATH.DAT	path_primary	payload[1]/4	772		772	00000E10	000057BE	000059BE	1	0005	ordinary_sample_offset
PATH.DAT	path_primary	payload[1]/4	773		773	00000E14	000057C2	000059C2	1	0005	ordinary_sample_offset
PATH.DAT	path_primary	payload[1]/4	774		774	00000E18	000057C6	000059C6	1	0005	ordinary_sample_offset
PATH.DAT	path_primary	payload[1]/4	775		775	00000E1C	000057CA	000059CA	1	0005	ordinary_sample_offset
PATH.DAT	path_primary	payload[1]/4	776		776	00000E20	000057CE	000059CE	1	0005	ordinary_sample_offset
PATH.DAT	path_primary	payload[1]/4	777		777	00000E24	000057D2	000059D2	1	0005	ordinary_sample_offset
PATH.DAT	path_primary	payload[1]/4	778		778	00000E28	000057D6	000059D6	1	0005	ordinary_sample_offset
PATH.DAT	path_primary	payload[1]/4	779		779	00000E2C	000057DA	000059DA	1	0005	ordinary_sample_offset
PATH.DAT	path_primary	payload[1]/4	780		780	00000E30	000057DE	000059DE	1	0005	ordinary_sample_offset
PATH.DAT	path_primary	payload[1]/4	781		781	00000E34	000057E2	000059E2	1	0005	ordinary_sample_offset
PATH.DAT	path_primary	payload[1]/4	782		782	00000E38	000057E6	000059E6	1	0005	ordinary_sample_offset
PATH.DAT	path_primary	payload[1]/4	783		783	00000E3C	000057EA	000059EA	1	0005	ordinary_sample_offset
PATH.DAT	path_primary	payload[1]/4	784		784	00000E40	000057EE	000059EE	1	0005	ordinary_sample_offset
PATH.DAT	path_primary	payload[1]/4	785		785	00000E44	000057F2	000059F2	1	0005	ordinary_sample_offset
PATH.DAT	path_primary	payload[1]/4	786		786	00000E48	000057F6	000059F6	1	0005	ordinary_sample_offset
PATH.DAT	path_primary	payload[1]/4	787		787	00000E4C	000057FA	000059FA	1	0005	ordinary_sample_offset
PATH.DAT	path_primary	payload[1]/4	788		788	00000E50	000057FE	000059FE	1	0005	ordinary_sample_offset
PATH.DAT	path_primary	payload[1]/4	789		789	00000E54	00005802	00005A02	1	0005	ordinary_sample_offset
PATH.DAT	path_primary	payload[1]/4	790		790	00000E58	00005806	00005A06	1	0005	ordinary_sample_offset
PATH.DAT	path_primary	payload[1]/4	791		791	00000E5C	0000580A	00005A0A	1	0005	ordinary_sample_offset
PATH.DAT	path_primary	payload[1]/4	792		792	00000E60	0000580E	00005A0E	1	0005	ordinary_sample_offset
PATH.DAT	path_primary	payload[1]/4	793		793	00000E64	00005812	00005A12	1	0005	ordinary_sample_offset
PATH.DAT	path_primary	payload[1]/4	794		794	00000E68	00005816	00005A16	1	0005	ordinary_sample_offset
PATH.DAT	path_primary	payload[1]/4	795		795	00000E6C	0000581A	00005A1A	1	0005	ordinary_sample_offset
PATH.DAT	path_primary	payload[1]/4	796		796	00000E70	0000581E	00005A1E	1	0005	ordinary_sample_offset
PATH.DAT	path_primary	payload[1]/4	797		797	00000E74	00005822	00005A22	1	0005	ordinary_sample_offset
PATH.DAT	path_primary	payload[1]/4	798		798	00000E78	00005826	00005A26	1	0005	ordinary_sample_offset
PATH.DAT	path_primary	payload[1]/4	799		799	00000E7C	0000582A	00005A2A	1	0005	ordinary_sample_offset
PATH.DAT	path_primary	payload[1]/4	800		800	00000E80	0000582E	00005A2E	1	0005	ordinary_sample_offset
PATH.DAT	path_primary	payload[1]/4	801		801	00000E84	0000FFFF	000101FF	0		ordinary_sample_offset
TALK1.DAT	talk_remainder	payload[1]/4	0		0	00000200	00000064	00000264	1	3289	slot_zero_not_used_by_normal_one_based_or_sample_lookup
TALK1.DAT	talk_remainder	payload[1]/4	1		1	00000204	000012C8	000014C8	1	0402	ordinary_sample_offset
TALK1.DAT	talk_remainder	payload[1]/4	2		2	00000208	000012CC	000014CC	1	0402	ordinary_sample_offset
TALK1.DAT	talk_remainder	payload[1]/4	3		3	0000020C	0000133E	0000153E	1	0402	ordinary_sample_offset
TALK1.DAT	talk_remainder	payload[1]/4	4		4	00000210	00002336	00002536	1	0402	ordinary_sample_offset
TALK1.DAT	talk_remainder	payload[1]/4	5		5	00000214	00002406	00002606	1	0402	ordinary_sample_offset
TALK1.DAT	talk_remainder	payload[1]/4	6		6	00000218	0000241A	0000261A	1	0402	ordinary_sample_offset
TALK1.DAT	talk_remainder	payload[1]/4	7		7	0000021C	0000241E	0000261E	1	0402	ordinary_sample_offset
TALK1.DAT	talk_remainder	payload[1]/4	8		8	00000220	00002560	00002760	1	0402	ordinary_sample_offset
TALK1.DAT	talk_remainder	payload[1]/4	9		9	00000224	0000256C	0000276C	1	0402	ordinary_sample_offset
TALK1.DAT	talk_remainder	payload[1]/4	10		10	00000228	00002848	00002A48	1	0402	ordinary_sample_offset
TALK1.DAT	talk_remainder	payload[1]/4	11		11	0000022C	00002908	00002B08	1	0402	ordinary_sample_offset
TALK1.DAT	talk_remainder	payload[1]/4	12		12	00000230	00002914	00002B14	1	0402	ordinary_sample_offset
TALK1.DAT	talk_remainder	payload[1]/4	13		13	00000234	00002918	00002B18	1	0402	ordinary_sample_offset
TALK1.DAT	talk_remainder	payload[1]/4	14		14	00000238	0000293E	00002B3E	1	0402	ordinary_sample_offset
TALK1.DAT	talk_remainder	payload[1]/4	15		15	0000023C	0000298C	00002B8C	1	00A1	ordinary_sample_offset
TALK1.DAT	talk_remainder	payload[1]/4	16		16	00000240	00002990	00002B90	1	0402	ordinary_sample_offset
TALK1.DAT	talk_remainder	payload[1]/4	17		17	00000244	00002994	00002B94	1	0402	ordinary_sample_offset
TALK1.DAT	talk_remainder	payload[1]/4	18		18	00000248	00002998	00002B98	1	0402	ordinary_sample_offset
TALK1.DAT	talk_remainder	payload[1]/4	19		19	0000024C	0000299C	00002B9C	1	0402	ordinary_sample_offset
TALK1.DAT	talk_remainder	payload[1]/4	20		20	00000250	00003186	00003386	1	0402	ordinary_sample_offset
TALK1.DAT	talk_remainder	payload[1]/4	21		21	00000254	000031E2	000033E2	1	0402	ordinary_sample_offset
TALK1.DAT	talk_remainder	payload[1]/4	22		22	00000258	0000323E	0000343E	1	0402	ordinary_sample_offset
TALK1.DAT	talk_remainder	payload[1]/4	23		23	0000025C	00003281	00003481	1	0402	ordinary_sample_offset
TALK1.DAT	talk_remainder	payload[1]/4	24		24	00000260	00003285	00003485	1	00A1	ordinary_sample_offset
TALK1.DAT	talk_remainder	payload[1]/4	25		25	00000264	00003289	00003489	1	0402	ordinary_sample_offset
TALK1.DAT	talk_remainder	payload[1]/4	26		26	00000268	000032C1	000034C1	1	0402	ordinary_sample_offset
TALK1.DAT	talk_remainder	payload[1]/4	27		27	0000026C	000032C5	000034C5	1	0402	ordinary_sample_offset
TALK1.DAT	talk_remainder	payload[1]/4	28		28	00000270	000032C9	000034C9	1	0402	ordinary_sample_offset
TALK1.DAT	talk_remainder	payload[1]/4	29		29	00000274	000032CD	000034CD	1	0402	ordinary_sample_offset
TALK1.DAT	talk_remainder	payload[1]/4	30		30	00000278	00003BC3	00003DC3	1	0402	ordinary_sample_offset
TALK1.DAT	talk_remainder	payload[1]/4	31		31	0000027C	00003F4B	0000414B	1	0402	ordinary_sample_offset
TALK1.DAT	talk_remainder	payload[1]/4	32		32	00000280	00003F4F	0000414F	1	0402	ordinary_sample_offset
TALK1.DAT	talk_remainder	payload[1]/4	33		33	00000284	00003F53	00004153	1	0402	ordinary_sample_offset
TALK1.DAT	talk_remainder	payload[1]/4	34		34	00000288	00003F57	00004157	1	0402	ordinary_sample_offset
TALK1.DAT	talk_remainder	payload[1]/4	35		35	0000028C	00003F5B	0000415B	1	0402	ordinary_sample_offset
TALK1.DAT	talk_remainder	payload[1]/4	36		36	00000290	00003F5F	0000415F	1	0402	ordinary_sample_offset
TALK1.DAT	talk_remainder	payload[1]/4	37		37	00000294	00003F63	00004163	1	0402	ordinary_sample_offset
TALK1.DAT	talk_remainder	payload[1]/4	38		38	00000298	00003F67	00004167	1	0402	ordinary_sample_offset
TALK1.DAT	talk_remainder	payload[1]/4	39		39	0000029C	00003F6B	0000416B	1	0402	ordinary_sample_offset
TALK1.DAT	talk_remainder	payload[1]/4	40		40	000002A0	00003F6F	0000416F	1	0402	ordinary_sample_offset
TALK1.DAT	talk_remainder	payload[1]/4	41		41	000002A4	00003F73	00004173	1	0402	ordinary_sample_offset
TALK1.DAT	talk_remainder	payload[1]/4	42		42	000002A8	00003F77	00004177	1	0402	ordinary_sample_offset
TALK1.DAT	talk_remainder	payload[1]/4	43		43	000002AC	00003F7B	0000417B	1	0402	ordinary_sample_offset
TALK1.DAT	talk_remainder	payload[1]/4	44		44	000002B0	00003F7F	0000417F	1	0402	ordinary_sample_offset
TALK1.DAT	talk_remainder	payload[1]/4	45		45	000002B4	00003F83	00004183	1	0402	ordinary_sample_offset
TALK1.DAT	talk_remainder	payload[1]/4	46		46	000002B8	00003F87	00004187	1	0402	ordinary_sample_offset
TALK1.DAT	talk_remainder	payload[1]/4	47		47	000002BC	00003F8B	0000418B	1	0402	ordinary_sample_offset
TALK1.DAT	talk_remainder	payload[1]/4	48		48	000002C0	00003F8F	0000418F	1	0402	ordinary_sample_offset
TALK1.DAT	talk_remainder	payload[1]/4	49		49	000002C4	00003F93	00004193	1	0402	ordinary_sample_offset
TALK1.DAT	talk_remainder	payload[1]/4	50		50	000002C8	00003F97	00004197	1	0402	ordinary_sample_offset
TALK1.DAT	talk_remainder	payload[1]/4	51		51	000002CC	00003FE1	000041E1	1	0402	ordinary_sample_offset
TALK1.DAT	talk_remainder	payload[1]/4	52		52	000002D0	00003FE5	000041E5	1	0402	ordinary_sample_offset
TALK1.DAT	talk_remainder	payload[1]/4	53		53	000002D4	0000402F	0000422F	1	0402	ordinary_sample_offset
TALK1.DAT	talk_remainder	payload[1]/4	54		54	000002D8	00004035	00004235	1	0402	ordinary_sample_offset
TALK1.DAT	talk_remainder	payload[1]/4	55		55	000002DC	00004039	00004239	1	0402	ordinary_sample_offset
TALK1.DAT	talk_remainder	payload[1]/4	56		56	000002E0	0000403D	0000423D	1	0402	ordinary_sample_offset
TALK1.DAT	talk_remainder	payload[1]/4	57		57	000002E4	00004041	00004241	1	0402	ordinary_sample_offset
TALK1.DAT	talk_remainder	payload[1]/4	58		58	000002E8	00004045	00004245	1	0402	ordinary_sample_offset
TALK1.DAT	talk_remainder	payload[1]/4	59		59	000002EC	0000405F	0000425F	1	0402	ordinary_sample_offset
TALK1.DAT	talk_remainder	payload[1]/4	60		60	000002F0	00004063	00004263	1	0402	ordinary_sample_offset
TALK1.DAT	talk_remainder	payload[1]/4	61		61	000002F4	00004067	00004267	1	0402	ordinary_sample_offset
TALK1.DAT	talk_remainder	payload[1]/4	62		62	000002F8	0000406B	0000426B	1	0402	ordinary_sample_offset
TALK1.DAT	talk_remainder	payload[1]/4	63		63	000002FC	0000406F	0000426F	1	0402	ordinary_sample_offset
TALK1.DAT	talk_remainder	payload[1]/4	64		64	00000300	00004073	00004273	1	0402	ordinary_sample_offset
TALK1.DAT	talk_remainder	payload[1]/4	65		65	00000304	00004077	00004277	1	0402	ordinary_sample_offset
TALK1.DAT	talk_remainder	payload[1]/4	66		66	00000308	0000407B	0000427B	1	0402	ordinary_sample_offset
TALK1.DAT	talk_remainder	payload[1]/4	67		67	0000030C	00004083	00004283	1	0402	ordinary_sample_offset
TALK1.DAT	talk_remainder	payload[1]/4	68		68	00000310	00004087	00004287	1	0402	ordinary_sample_offset
TALK1.DAT	talk_remainder	payload[1]/4	69		69	00000314	0000408B	0000428B	1	0402	ordinary_sample_offset
TALK1.DAT	talk_remainder	payload[1]/4	70		70	00000318	0000408F	0000428F	1	0402	ordinary_sample_offset
TALK1.DAT	talk_remainder	payload[1]/4	71		71	0000031C	00004093	00004293	1	0402	ordinary_sample_offset
TALK1.DAT	talk_remainder	payload[1]/4	72		72	00000320	00004144	00004344	1	0402	ordinary_sample_offset
TALK1.DAT	talk_remainder	payload[1]/4	73		73	00000324	00004148	00004348	1	0402	ordinary_sample_offset
TALK1.DAT	talk_remainder	payload[1]/4	74		74	00000328	0000414C	0000434C	1	0402	ordinary_sample_offset
TALK1.DAT	talk_remainder	payload[1]/4	75		75	0000032C	00004150	00004350	1	0402	ordinary_sample_offset
TALK1.DAT	talk_remainder	payload[1]/4	76		76	00000330	00004154	00004354	1	0402	ordinary_sample_offset
TALK1.DAT	talk_remainder	payload[1]/4	77		77	00000334	00004158	00004358	1	0402	ordinary_sample_offset
TALK1.DAT	talk_remainder	payload[1]/4	78		78	00000338	0000415C	0000435C	1	0402	ordinary_sample_offset
TALK1.DAT	talk_remainder	payload[1]/4	79		79	0000033C	00004160	00004360	1	0402	ordinary_sample_offset
TALK1.DAT	talk_remainder	payload[1]/4	80		80	00000340	00004164	00004364	1	0402	ordinary_sample_offset
TALK1.DAT	talk_remainder	payload[1]/4	81		81	00000344	00004168	00004368	1	0402	ordinary_sample_offset
TALK1.DAT	talk_remainder	payload[1]/4	82		82	00000348	000041B6	000043B6	1	0402	ordinary_sample_offset
TALK1.DAT	talk_remainder	payload[1]/4	83		83	0000034C	000041CC	000043CC	1	0402	ordinary_sample_offset
TALK1.DAT	talk_remainder	payload[1]/4	84		84	00000350	000041D0	000043D0	1	0402	ordinary_sample_offset
TALK1.DAT	talk_remainder	payload[1]/4	85		85	00000354	000041D4	000043D4	1	0402	ordinary_sample_offset
TALK1.DAT	talk_remainder	payload[1]/4	86		86	00000358	000041D8	000043D8	1	0402	ordinary_sample_offset
TALK1.DAT	talk_remainder	payload[1]/4	87		87	0000035C	000041DC	000043DC	1	0402	ordinary_sample_offset
TALK1.DAT	talk_remainder	payload[1]/4	88		88	00000360	000041E0	000043E0	1	0402	ordinary_sample_offset
TALK1.DAT	talk_remainder	payload[1]/4	89		89	00000364	000041E4	000043E4	1	0402	ordinary_sample_offset
TALK1.DAT	talk_remainder	payload[1]/4	90		90	00000368	000041E8	000043E8	1	0402	ordinary_sample_offset
TALK1.DAT	talk_remainder	payload[1]/4	91		91	0000036C	000041EC	000043EC	1	0402	ordinary_sample_offset
TALK1.DAT	talk_remainder	payload[1]/4	92		92	00000370	000041F0	000043F0	1	0402	ordinary_sample_offset
TALK1.DAT	talk_remainder	payload[1]/4	93		93	00000374	000041F8	000043F8	1	0402	ordinary_sample_offset
TALK1.DAT	talk_remainder	payload[1]/4	94		94	00000378	0000420C	0000440C	1	0402	ordinary_sample_offset
TALK1.DAT	talk_remainder	payload[1]/4	95		95	0000037C	00004210	00004410	1	0402	ordinary_sample_offset
TALK1.DAT	talk_remainder	payload[1]/4	96		96	00000380	00004214	00004414	1	0402	ordinary_sample_offset
TALK1.DAT	talk_remainder	payload[1]/4	97		97	00000384	0004D488	0004D688	1	0402	ordinary_sample_offset
TALK1.DAT	talk_remainder	payload[1]/4	98		98	00000388	00004218	00004418	1	0402	ordinary_sample_offset
TALK1.DAT	talk_remainder	payload[1]/4	99		99	0000038C	00005993	00005B93	1	00A1	ordinary_sample_offset
TALK1.DAT	talk_remainder	payload[1]/4	100		100	00000390	000042DF	000044DF	1	0019	ordinary_sample_offset
TALK1.DAT	talk_remainder	payload[1]/4	101		101	00000394	00007253	00007453	1	00A1	ordinary_sample_offset
TALK1.DAT	talk_remainder	payload[1]/4	102		102	00000398	00007257	00007457	1	00A1	ordinary_sample_offset
TALK1.DAT	talk_remainder	payload[1]/4	103		103	0000039C	0000725B	0000745B	1	00A1	ordinary_sample_offset
TALK1.DAT	talk_remainder	payload[1]/4	104		104	000003A0	0000725F	0000745F	1	00A1	ordinary_sample_offset
TALK1.DAT	talk_remainder	payload[1]/4	105		105	000003A4	00007263	00007463	1	00A1	ordinary_sample_offset
TALK1.DAT	talk_remainder	payload[1]/4	106		106	000003A8	00007267	00007467	1	00A1	ordinary_sample_offset
TALK1.DAT	talk_remainder	payload[1]/4	107		107	000003AC	0000726B	0000746B	1	00A1	ordinary_sample_offset
TALK1.DAT	talk_remainder	payload[1]/4	108		108	000003B0	0000726F	0000746F	1	00A1	ordinary_sample_offset
TALK1.DAT	talk_remainder	payload[1]/4	109		109	000003B4	00007273	00007473	1	00A1	ordinary_sample_offset
TALK1.DAT	talk_remainder	payload[1]/4	110		110	000003B8	00007277	00007477	1	00A1	ordinary_sample_offset
TALK1.DAT	talk_remainder	payload[1]/4	111		111	000003BC	0000727B	0000747B	1	00A1	ordinary_sample_offset
TALK1.DAT	talk_remainder	payload[1]/4	112		112	000003C0	0000727F	0000747F	1	00A1	ordinary_sample_offset
TALK1.DAT	talk_remainder	payload[1]/4	113		113	000003C4	00007283	00007483	1	00A1	ordinary_sample_offset
TALK1.DAT	talk_remainder	payload[1]/4	114		114	000003C8	00007287	00007487	1	00A1	ordinary_sample_offset
TALK1.DAT	talk_remainder	payload[1]/4	115		115	000003CC	0000728B	0000748B	1	00A1	ordinary_sample_offset
TALK1.DAT	talk_remainder	payload[1]/4	116		116	000003D0	0000728F	0000748F	1	00A1	ordinary_sample_offset
TALK1.DAT	talk_remainder	payload[1]/4	117		117	000003D4	00007293	00007493	1	00A1	ordinary_sample_offset
TALK1.DAT	talk_remainder	payload[1]/4	118		118	000003D8	00007297	00007497	1	00A1	ordinary_sample_offset
TALK1.DAT	talk_remainder	payload[1]/4	119		119	000003DC	0000729B	0000749B	1	00A1	ordinary_sample_offset
TALK1.DAT	talk_remainder	payload[1]/4	120		120	000003E0	0000729F	0000749F	1	00A1	ordinary_sample_offset
TALK1.DAT	talk_remainder	payload[1]/4	121		121	000003E4	000072A3	000074A3	1	0402	ordinary_sample_offset
TALK1.DAT	talk_remainder	payload[1]/4	122		122	000003E8	000072A7	000074A7	1	0402	ordinary_sample_offset
TALK1.DAT	talk_remainder	payload[1]/4	123		123	000003EC	000072AB	000074AB	1	00A1	ordinary_sample_offset
TALK1.DAT	talk_remainder	payload[1]/4	124		124	000003F0	000072AF	000074AF	1	00A1	ordinary_sample_offset
TALK1.DAT	talk_remainder	payload[1]/4	125		125	000003F4	000072B3	000074B3	1	00A1	ordinary_sample_offset
TALK1.DAT	talk_remainder	payload[1]/4	126		126	000003F8	000072B7	000074B7	1	0402	ordinary_sample_offset
TALK1.DAT	talk_remainder	payload[1]/4	127		127	000003FC	000072DD	000074DD	1	0402	ordinary_sample_offset
TALK1.DAT	talk_remainder	payload[1]/4	128		128	00000400	000072E1	000074E1	1	00A1	ordinary_sample_offset
TALK1.DAT	talk_remainder	payload[1]/4	129		129	00000404	000072E5	000074E5	1	00A1	ordinary_sample_offset
TALK1.DAT	talk_remainder	payload[1]/4	130		130	00000408	000072E9	000074E9	1	00A1	ordinary_sample_offset
TALK1.DAT	talk_remainder	payload[1]/4	131		131	0000040C	000072ED	000074ED	1	00A1	ordinary_sample_offset
TALK1.DAT	talk_remainder	payload[1]/4	132		132	00000410	000072F1	000074F1	1	00A1	ordinary_sample_offset
TALK1.DAT	talk_remainder	payload[1]/4	133		133	00000414	000072F5	000074F5	1	00A1	ordinary_sample_offset
TALK1.DAT	talk_remainder	payload[1]/4	134		134	00000418	000072F9	000074F9	1	00A1	ordinary_sample_offset
TALK1.DAT	talk_remainder	payload[1]/4	135		135	0000041C	000072FD	000074FD	1	00A1	ordinary_sample_offset
TALK1.DAT	talk_remainder	payload[1]/4	136		136	00000420	00007301	00007501	1	00A1	ordinary_sample_offset
TALK1.DAT	talk_remainder	payload[1]/4	137		137	00000424	00007305	00007505	1	00A1	ordinary_sample_offset
TALK1.DAT	talk_remainder	payload[1]/4	138		138	00000428	00007309	00007509	1	00A1	ordinary_sample_offset
TALK1.DAT	talk_remainder	payload[1]/4	139		139	0000042C	0000730D	0000750D	1	00A1	ordinary_sample_offset
TALK1.DAT	talk_remainder	payload[1]/4	140		140	00000430	00007311	00007511	1	0402	ordinary_sample_offset
TALK1.DAT	talk_remainder	payload[1]/4	141		141	00000434	00007315	00007515	1	0402	ordinary_sample_offset
TALK1.DAT	talk_remainder	payload[1]/4	142		142	00000438	00007350	00007550	1	0402	ordinary_sample_offset
TALK1.DAT	talk_remainder	payload[1]/4	143		143	0000043C	0000738E	0000758E	1	0402	ordinary_sample_offset
TALK1.DAT	talk_remainder	payload[1]/4	144		144	00000440	0000741E	0000761E	1	0402	ordinary_sample_offset
TALK1.DAT	talk_remainder	payload[1]/4	145		145	00000444	0000745B	0000765B	1	0402	ordinary_sample_offset
TALK1.DAT	talk_remainder	payload[1]/4	146		146	00000448	00007498	00007698	1	0402	ordinary_sample_offset
TALK1.DAT	talk_remainder	payload[1]/4	147		147	0000044C	000074D5	000076D5	1	0402	ordinary_sample_offset
TALK1.DAT	talk_remainder	payload[1]/4	148		148	00000450	000074D9	000076D9	1	0402	ordinary_sample_offset
TALK1.DAT	talk_remainder	payload[1]/4	149		149	00000454	00007516	00007716	1	0402	ordinary_sample_offset
TALK1.DAT	talk_remainder	payload[1]/4	150		150	00000458	0000751A	0000771A	1	0402	ordinary_sample_offset
TALK1.DAT	talk_remainder	payload[1]/4	151		151	0000045C	00007557	00007757	1	0402	ordinary_sample_offset
TALK1.DAT	talk_remainder	payload[1]/4	152		152	00000460	000075AA	000077AA	1	0402	ordinary_sample_offset
TALK1.DAT	talk_remainder	payload[1]/4	153		153	00000464	000075FE	000077FE	1	0402	ordinary_sample_offset
TALK1.DAT	talk_remainder	payload[1]/4	154		154	00000468	00007602	00007802	1	0402	ordinary_sample_offset
TALK1.DAT	talk_remainder	payload[1]/4	155		155	0000046C	0000763F	0000783F	1	0402	ordinary_sample_offset
TALK1.DAT	talk_remainder	payload[1]/4	156		156	00000470	00007643	00007843	1	00A1	ordinary_sample_offset
TALK1.DAT	talk_remainder	payload[1]/4	157		157	00000474	00007647	00007847	1	0402	ordinary_sample_offset
TALK1.DAT	talk_remainder	payload[1]/4	158		158	00000478	0000764B	0000784B	1	00A1	ordinary_sample_offset
TALK1.DAT	talk_remainder	payload[1]/4	159		159	0000047C	0000764F	0000784F	1	00A1	ordinary_sample_offset
TALK1.DAT	talk_remainder	payload[1]/4	160		160	00000480	00007653	00007853	1	0402	ordinary_sample_offset
TALK1.DAT	talk_remainder	payload[1]/4	161		161	00000484	00007657	00007857	1	00A1	ordinary_sample_offset
TALK1.DAT	talk_remainder	payload[1]/4	162		162	00000488	0000765B	0000785B	1	0402	ordinary_sample_offset
TALK1.DAT	talk_remainder	payload[1]/4	163		163	0000048C	0000765F	0000785F	1	0402	ordinary_sample_offset
TALK1.DAT	talk_remainder	payload[1]/4	164		164	00000490	00007663	00007863	1	00A1	ordinary_sample_offset
TALK1.DAT	talk_remainder	payload[1]/4	165		165	00000494	00007667	00007867	1	00A1	ordinary_sample_offset
TALK1.DAT	talk_remainder	payload[1]/4	166		166	00000498	0000766B	0000786B	1	00A1	ordinary_sample_offset
TALK1.DAT	talk_remainder	payload[1]/4	167		167	0000049C	0000766F	0000786F	1	0402	ordinary_sample_offset
TALK1.DAT	talk_remainder	payload[1]/4	168		168	000004A0	00007673	00007873	1	0402	ordinary_sample_offset
TALK1.DAT	talk_remainder	payload[1]/4	169		169	000004A4	000076B0	000078B0	1	00A1	ordinary_sample_offset
TALK1.DAT	talk_remainder	payload[1]/4	170		170	000004A8	000076B4	000078B4	1	0402	ordinary_sample_offset
TALK1.DAT	talk_remainder	payload[1]/4	171		171	000004AC	000076B8	000078B8	1	0402	ordinary_sample_offset
TALK1.DAT	talk_remainder	payload[1]/4	172		172	000004B0	000076BC	000078BC	1	00A1	ordinary_sample_offset
TALK1.DAT	talk_remainder	payload[1]/4	173		173	000004B4	000076C0	000078C0	1	0402	ordinary_sample_offset
TALK1.DAT	talk_remainder	payload[1]/4	174		174	000004B8	000076FD	000078FD	1	00A1	ordinary_sample_offset
TALK1.DAT	talk_remainder	payload[1]/4	175		175	000004BC	00007701	00007901	1	0402	ordinary_sample_offset
TALK1.DAT	talk_remainder	payload[1]/4	176		176	000004C0	00007705	00007905	1	0402	ordinary_sample_offset
TALK1.DAT	talk_remainder	payload[1]/4	177		177	000004C4	00007742	00007942	1	0402	ordinary_sample_offset
TALK1.DAT	talk_remainder	payload[1]/4	178		178	000004C8	0000777F	0000797F	1	0402	ordinary_sample_offset
TALK1.DAT	talk_remainder	payload[1]/4	179		179	000004CC	000077BC	000079BC	1	0402	ordinary_sample_offset
TALK1.DAT	talk_remainder	payload[1]/4	180		180	000004D0	000077F9	000079F9	1	0402	ordinary_sample_offset
TALK1.DAT	talk_remainder	payload[1]/4	181		181	000004D4	00007836	00007A36	1	0402	ordinary_sample_offset
TALK1.DAT	talk_remainder	payload[1]/4	182		182	000004D8	00007886	00007A86	1	0402	ordinary_sample_offset
TALK1.DAT	talk_remainder	payload[1]/4	183		183	000004DC	0000788A	00007A8A	1	00A1	ordinary_sample_offset
TALK1.DAT	talk_remainder	payload[1]/4	184		184	000004E0	0000788E	00007A8E	1	0402	ordinary_sample_offset
TALK1.DAT	talk_remainder	payload[1]/4	185		185	000004E4	00007892	00007A92	1	00A1	ordinary_sample_offset
TALK1.DAT	talk_remainder	payload[1]/4	186		186	000004E8	00007896	00007A96	1	0402	ordinary_sample_offset
TALK1.DAT	talk_remainder	payload[1]/4	187		187	000004EC	0000789A	00007A9A	1	0402	ordinary_sample_offset
TALK1.DAT	talk_remainder	payload[1]/4	188		188	000004F0	00007904	00007B04	1	0402	ordinary_sample_offset
TALK1.DAT	talk_remainder	payload[1]/4	189		189	000004F4	00007908	00007B08	1	00A1	ordinary_sample_offset
TALK1.DAT	talk_remainder	payload[1]/4	190		190	000004F8	0000790C	00007B0C	1	0402	ordinary_sample_offset
TALK1.DAT	talk_remainder	payload[1]/4	191		191	000004FC	00007910	00007B10	1	00A1	ordinary_sample_offset
TALK1.DAT	talk_remainder	payload[1]/4	192		192	00000500	00007914	00007B14	1	00A1	ordinary_sample_offset
TALK1.DAT	talk_remainder	payload[1]/4	193		193	00000504	00007918	00007B18	1	00A1	ordinary_sample_offset
TALK1.DAT	talk_remainder	payload[1]/4	194		194	00000508	0000791C	00007B1C	1	00A1	ordinary_sample_offset
TALK1.DAT	talk_remainder	payload[1]/4	195		195	0000050C	00007920	00007B20	1	0402	ordinary_sample_offset
TALK1.DAT	talk_remainder	payload[1]/4	196		196	00000510	00007924	00007B24	1	0402	ordinary_sample_offset
TALK1.DAT	talk_remainder	payload[1]/4	197		197	00000514	00007928	00007B28	1	00A1	ordinary_sample_offset
TALK1.DAT	talk_remainder	payload[1]/4	198		198	00000518	0000792C	00007B2C	1	00A1	ordinary_sample_offset
TALK1.DAT	talk_remainder	payload[1]/4	199		199	0000051C	00007930	00007B30	1	0402	ordinary_sample_offset
TALK1.DAT	talk_remainder	payload[1]/4	200		200	00000520	0000797E	00007B7E	1	0402	ordinary_sample_offset
TALK1.DAT	talk_remainder	payload[1]/4	201		201	00000524	00007982	00007B82	1	0402	ordinary_sample_offset
TALK1.DAT	talk_remainder	payload[1]/4	202		202	00000528	00007986	00007B86	1	00A1	ordinary_sample_offset
TALK1.DAT	talk_remainder	payload[1]/4	203		203	0000052C	0000798A	00007B8A	1	0402	ordinary_sample_offset
TALK1.DAT	talk_remainder	payload[1]/4	204		204	00000530	000079DB	00007BDB	1	0402	ordinary_sample_offset
TALK1.DAT	talk_remainder	payload[1]/4	205		205	00000534	00007A2C	00007C2C	1	0402	ordinary_sample_offset
TALK1.DAT	talk_remainder	payload[1]/4	206		206	00000538	00007AA8	00007CA8	1	00A1	ordinary_sample_offset
TALK1.DAT	talk_remainder	payload[1]/4	207		207	0000053C	00007AAC	00007CAC	1	00A1	ordinary_sample_offset
TALK1.DAT	talk_remainder	payload[1]/4	208		208	00000540	00007AB0	00007CB0	1	00A1	ordinary_sample_offset
TALK1.DAT	talk_remainder	payload[1]/4	209		209	00000544	00007AB4	00007CB4	1	0402	ordinary_sample_offset
TALK1.DAT	talk_remainder	payload[1]/4	210		210	00000548	00007AF1	00007CF1	1	0402	ordinary_sample_offset
TALK1.DAT	talk_remainder	payload[1]/4	211		211	0000054C	00007B2E	00007D2E	1	0402	ordinary_sample_offset
TALK1.DAT	talk_remainder	payload[1]/4	212		212	00000550	00007B6B	00007D6B	1	0402	ordinary_sample_offset
TALK1.DAT	talk_remainder	payload[1]/4	213		213	00000554	00007B99	00007D99	1	0402	ordinary_sample_offset
TALK1.DAT	talk_remainder	payload[1]/4	214		214	00000558	00007BEA	00007DEA	1	0402	ordinary_sample_offset
TALK1.DAT	talk_remainder	payload[1]/4	215		215	0000055C	00007C3B	00007E3B	1	0402	ordinary_sample_offset
TALK1.DAT	talk_remainder	payload[1]/4	216		216	00000560	00007C8C	00007E8C	1	0402	ordinary_sample_offset
TALK1.DAT	talk_remainder	payload[1]/4	217		217	00000564	00007C90	00007E90	1	00A1	ordinary_sample_offset
TALK1.DAT	talk_remainder	payload[1]/4	218		218	00000568	00007C94	00007E94	1	00A1	ordinary_sample_offset
TALK1.DAT	talk_remainder	payload[1]/4	219		219	0000056C	00007C98	00007E98	1	0402	ordinary_sample_offset
TALK1.DAT	talk_remainder	payload[1]/4	220		220	00000570	00007CCC	00007ECC	1	0402	ordinary_sample_offset
TALK1.DAT	talk_remainder	payload[1]/4	221		221	00000574	00007D08	00007F08	1	0402	ordinary_sample_offset
TALK1.DAT	talk_remainder	payload[1]/4	222		222	00000578	00007D38	00007F38	1	0402	ordinary_sample_offset
TALK1.DAT	talk_remainder	payload[1]/4	223		223	0000057C	00007D70	00007F70	1	0402	ordinary_sample_offset
TALK1.DAT	talk_remainder	payload[1]/4	224		224	00000580	00007DC3	00007FC3	1	0402	ordinary_sample_offset
TALK1.DAT	talk_remainder	payload[1]/4	225		225	00000584	00007E16	00008016	1	0402	ordinary_sample_offset
TALK1.DAT	talk_remainder	payload[1]/4	226		226	00000588	00007E53	00008053	1	00A1	ordinary_sample_offset
TALK1.DAT	talk_remainder	payload[1]/4	227		227	0000058C	00007E57	00008057	1	0402	ordinary_sample_offset
TALK1.DAT	talk_remainder	payload[1]/4	228		228	00000590	00007E5B	0000805B	1	0402	ordinary_sample_offset
TALK1.DAT	talk_remainder	payload[1]/4	229		229	00000594	00007E9F	0000809F	1	0402	ordinary_sample_offset
TALK1.DAT	talk_remainder	payload[1]/4	230		230	00000598	00007F1F	0000811F	1	0402	ordinary_sample_offset
TALK1.DAT	talk_remainder	payload[1]/4	231		231	0000059C	00007F65	00008165	1	0402	ordinary_sample_offset
TALK1.DAT	talk_remainder	payload[1]/4	232		232	000005A0	00007F95	00008195	1	0402	ordinary_sample_offset
TALK1.DAT	talk_remainder	payload[1]/4	233		233	000005A4	00008069	00008269	1	0402	ordinary_sample_offset
TALK1.DAT	talk_remainder	payload[1]/4	234		234	000005A8	00008101	00008301	1	0402	ordinary_sample_offset
TALK1.DAT	talk_remainder	payload[1]/4	235		235	000005AC	000081AD	000083AD	1	0402	ordinary_sample_offset
TALK1.DAT	talk_remainder	payload[1]/4	236		236	000005B0	0000825B	0000845B	1	0402	ordinary_sample_offset
TALK1.DAT	talk_remainder	payload[1]/4	237		237	000005B4	00008287	00008487	1	0402	ordinary_sample_offset
TALK1.DAT	talk_remainder	payload[1]/4	238		238	000005B8	0000828B	0000848B	1	0402	ordinary_sample_offset
TALK1.DAT	talk_remainder	payload[1]/4	239		239	000005BC	000082C8	000084C8	1	0402	ordinary_sample_offset
TALK1.DAT	talk_remainder	payload[1]/4	240		240	000005C0	0000842A	0000862A	1	00A1	ordinary_sample_offset
TALK1.DAT	talk_remainder	payload[1]/4	241		241	000005C4	0000842E	0000862E	1	0402	ordinary_sample_offset
TALK1.DAT	talk_remainder	payload[1]/4	242		242	000005C8	00008466	00008666	1	0402	ordinary_sample_offset
TALK1.DAT	talk_remainder	payload[1]/4	243		243	000005CC	000084DE	000086DE	1	0402	ordinary_sample_offset
TALK1.DAT	talk_remainder	payload[1]/4	244		244	000005D0	0000858C	0000878C	1	0402	ordinary_sample_offset
TALK1.DAT	talk_remainder	payload[1]/4	245		245	000005D4	00008590	00008790	1	00A1	ordinary_sample_offset
TALK1.DAT	talk_remainder	payload[1]/4	246		246	000005D8	00008594	00008794	1	0402	ordinary_sample_offset
TALK1.DAT	talk_remainder	payload[1]/4	247		247	000005DC	000085FF	000087FF	1	00A1	ordinary_sample_offset
TALK1.DAT	talk_remainder	payload[1]/4	248		248	000005E0	00008603	00008803	1	0402	ordinary_sample_offset
TALK1.DAT	talk_remainder	payload[1]/4	249		249	000005E4	00008649	00008849	1	0402	ordinary_sample_offset
TALK1.DAT	talk_remainder	payload[1]/4	250		250	000005E8	000086D3	000088D3	1	0402	ordinary_sample_offset
TALK1.DAT	talk_remainder	payload[1]/4	251		251	000005EC	000086D7	000088D7	1	0402	ordinary_sample_offset
TALK1.DAT	talk_remainder	payload[1]/4	252		252	000005F0	000086DB	000088DB	1	0402	ordinary_sample_offset
TALK1.DAT	talk_remainder	payload[1]/4	253		253	000005F4	000086DF	000088DF	1	0402	ordinary_sample_offset
TALK1.DAT	talk_remainder	payload[1]/4	254		254	000005F8	000086E3	000088E3	1	0402	ordinary_sample_offset
TALK1.DAT	talk_remainder	payload[1]/4	255		255	000005FC	00008737	00008937	1	0402	ordinary_sample_offset
TALK1.DAT	talk_remainder	payload[1]/4	256		256	00000600	0000878A	0000898A	1	0402	ordinary_sample_offset
TALK1.DAT	talk_remainder	payload[1]/4	257		257	00000604	000087C7	000089C7	1	0402	ordinary_sample_offset
TALK1.DAT	talk_remainder	payload[1]/4	258		258	00000608	00008804	00008A04	1	0402	ordinary_sample_offset
TALK1.DAT	talk_remainder	payload[1]/4	259		259	0000060C	00008841	00008A41	1	0402	ordinary_sample_offset
TALK1.DAT	talk_remainder	payload[1]/4	260		260	00000610	0000888B	00008A8B	1	0402	ordinary_sample_offset
TALK1.DAT	talk_remainder	payload[1]/4	261		261	00000614	00008954	00008B54	1	00A1	ordinary_sample_offset
TALK1.DAT	talk_remainder	payload[1]/4	262		262	00000618	00008958	00008B58	1	0402	ordinary_sample_offset
TALK1.DAT	talk_remainder	payload[1]/4	263		263	0000061C	000089B4	00008BB4	1	00A1	ordinary_sample_offset
TALK1.DAT	talk_remainder	payload[1]/4	264		264	00000620	000089B8	00008BB8	1	0402	ordinary_sample_offset
TALK1.DAT	talk_remainder	payload[1]/4	265		265	00000624	000089F5	00008BF5	1	0402	ordinary_sample_offset
TALK1.DAT	talk_remainder	payload[1]/4	266		266	00000628	00008A48	00008C48	1	0402	ordinary_sample_offset
TALK1.DAT	talk_remainder	payload[1]/4	267		267	0000062C	00008A85	00008C85	1	007E	ordinary_sample_offset
TALK1.DAT	talk_remainder	payload[1]/4	268		268	00000630	00008AD6	00008CD6	1	0402	ordinary_sample_offset
TALK1.DAT	talk_remainder	payload[1]/4	269		269	00000634	00008B60	00008D60	1	0402	ordinary_sample_offset
TALK1.DAT	talk_remainder	payload[1]/4	270		270	00000638	00008B98	00008D98	1	0402	ordinary_sample_offset
TALK1.DAT	talk_remainder	payload[1]/4	271		271	0000063C	00008BEB	00008DEB	1	0402	ordinary_sample_offset
TALK1.DAT	talk_remainder	payload[1]/4	272		272	00000640	00008C3E	00008E3E	1	0402	ordinary_sample_offset
TALK1.DAT	talk_remainder	payload[1]/4	273		273	00000644	00008C91	00008E91	1	0402	ordinary_sample_offset
TALK1.DAT	talk_remainder	payload[1]/4	274		274	00000648	00008CE4	00008EE4	1	0402	ordinary_sample_offset
TALK1.DAT	talk_remainder	payload[1]/4	275		275	0000064C	00008D21	00008F21	1	0402	ordinary_sample_offset
TALK1.DAT	talk_remainder	payload[1]/4	276		276	00000650	00008D74	00008F74	1	0402	ordinary_sample_offset
TALK1.DAT	talk_remainder	payload[1]/4	277		277	00000654	00008DC7	00008FC7	1	00A1	ordinary_sample_offset
TALK1.DAT	talk_remainder	payload[1]/4	278		278	00000658	00008DCB	00008FCB	1	0402	ordinary_sample_offset
TALK1.DAT	talk_remainder	payload[1]/4	279		279	0000065C	00008E65	00009065	1	007E	ordinary_sample_offset
TALK1.DAT	talk_remainder	payload[1]/4	280		280	00000660	00008EB4	000090B4	1	0402	ordinary_sample_offset
TALK1.DAT	talk_remainder	payload[1]/4	281		281	00000664	00008EB8	000090B8	1	0402	ordinary_sample_offset
TALK1.DAT	talk_remainder	payload[1]/4	282		282	00000668	00008F0B	0000910B	1	007E	ordinary_sample_offset
TALK1.DAT	talk_remainder	payload[1]/4	283		283	0000066C	00008F5A	0000915A	1	007E	ordinary_sample_offset
TALK1.DAT	talk_remainder	payload[1]/4	284		284	00000670	00008FA9	000091A9	1	0402	ordinary_sample_offset
TALK1.DAT	talk_remainder	payload[1]/4	285		285	00000674	00008FD3	000091D3	1	0402	ordinary_sample_offset
TALK1.DAT	talk_remainder	payload[1]/4	286		286	00000678	00009026	00009226	1	007E	ordinary_sample_offset
TALK1.DAT	talk_remainder	payload[1]/4	287		287	0000067C	00009099	00009299	1	0402	ordinary_sample_offset
TALK1.DAT	talk_remainder	payload[1]/4	288		288	00000680	000090EC	000092EC	1	0402	ordinary_sample_offset
TALK1.DAT	talk_remainder	payload[1]/4	289		289	00000684	0000913F	0000933F	1	0402	ordinary_sample_offset
TALK1.DAT	talk_remainder	payload[1]/4	290		290	00000688	00009192	00009392	1	007E	ordinary_sample_offset
TALK1.DAT	talk_remainder	payload[1]/4	291		291	0000068C	000091E1	000093E1	1	007E	ordinary_sample_offset
TALK1.DAT	talk_remainder	payload[1]/4	292		292	00000690	00009230	00009430	1	007E	ordinary_sample_offset
TALK1.DAT	talk_remainder	payload[1]/4	293		293	00000694	0000927F	0000947F	1	007E	ordinary_sample_offset
TALK1.DAT	talk_remainder	payload[1]/4	294		294	00000698	000092CE	000094CE	1	0402	ordinary_sample_offset
TALK1.DAT	talk_remainder	payload[1]/4	295		295	0000069C	0000931F	0000951F	1	0402	ordinary_sample_offset
TALK1.DAT	talk_remainder	payload[1]/4	296		296	000006A0	00009370	00009570	1	0402	ordinary_sample_offset
TALK1.DAT	talk_remainder	payload[1]/4	297		297	000006A4	000093C1	000095C1	1	0402	ordinary_sample_offset
TALK1.DAT	talk_remainder	payload[1]/4	298		298	000006A8	00009412	00009612	1	0402	ordinary_sample_offset
TALK1.DAT	talk_remainder	payload[1]/4	299		299	000006AC	000094AF	000096AF	1	0402	ordinary_sample_offset
TALK1.DAT	talk_remainder	payload[1]/4	300		300	000006B0	00005E9C	0000609C	1	0402	ordinary_sample_offset
TALK1.DAT	talk_remainder	payload[1]/4	301		301	000006B4	000094BB	000096BB	1	0402	ordinary_sample_offset
TALK1.DAT	talk_remainder	payload[1]/4	302		302	000006B8	000094F1	000096F1	1	0402	ordinary_sample_offset
TALK1.DAT	talk_remainder	payload[1]/4	303		303	000006BC	00009527	00009727	1	0402	ordinary_sample_offset
TALK1.DAT	talk_remainder	payload[1]/4	304		304	000006C0	0000955D	0000975D	1	0402	ordinary_sample_offset
TALK1.DAT	talk_remainder	payload[1]/4	305		305	000006C4	00009593	00009793	1	0402	ordinary_sample_offset
TALK1.DAT	talk_remainder	payload[1]/4	306		306	000006C8	0000959B	0000979B	1	0402	ordinary_sample_offset
TALK1.DAT	talk_remainder	payload[1]/4	307		307	000006CC	000095D1	000097D1	1	0402	ordinary_sample_offset
TALK1.DAT	talk_remainder	payload[1]/4	308		308	000006D0	00009613	00009813	1	0402	ordinary_sample_offset
TALK1.DAT	talk_remainder	payload[1]/4	309		309	000006D4	000096BF	000098BF	1	0402	ordinary_sample_offset
TALK1.DAT	talk_remainder	payload[1]/4	310		310	000006D8	000096C7	000098C7	1	0402	ordinary_sample_offset
TALK1.DAT	talk_remainder	payload[1]/4	311		311	000006DC	00009709	00009909	1	0402	ordinary_sample_offset
TALK1.DAT	talk_remainder	payload[1]/4	312		312	000006E0	0000976F	0000996F	1	0402	ordinary_sample_offset
TALK1.DAT	talk_remainder	payload[1]/4	313		313	000006E4	000097D5	000099D5	1	0402	ordinary_sample_offset
TALK1.DAT	talk_remainder	payload[1]/4	314		314	000006E8	00009845	00009A45	1	0402	ordinary_sample_offset
TALK1.DAT	talk_remainder	payload[1]/4	315		315	000006EC	000098AB	00009AAB	1	0402	ordinary_sample_offset
TALK1.DAT	talk_remainder	payload[1]/4	316		316	000006F0	00009911	00009B11	1	0402	ordinary_sample_offset
TALK1.DAT	talk_remainder	payload[1]/4	317		317	000006F4	00009977	00009B77	1	0402	ordinary_sample_offset
TALK1.DAT	talk_remainder	payload[1]/4	318		318	000006F8	000099AD	00009BAD	1	0402	ordinary_sample_offset
TALK1.DAT	talk_remainder	payload[1]/4	319		319	000006FC	000099E3	00009BE3	1	0402	ordinary_sample_offset
TALK1.DAT	talk_remainder	payload[1]/4	320		320	00000700	00009A19	00009C19	1	0402	ordinary_sample_offset
TALK1.DAT	talk_remainder	payload[1]/4	321		321	00000704	00009A1D	00009C1D	1	0402	ordinary_sample_offset
TALK1.DAT	talk_remainder	payload[1]/4	322		322	00000708	00009A83	00009C83	1	0402	ordinary_sample_offset
TALK1.DAT	talk_remainder	payload[1]/4	323		323	0000070C	00009AE9	00009CE9	1	0402	ordinary_sample_offset
TALK1.DAT	talk_remainder	payload[1]/4	324		324	00000710	00009B4F	00009D4F	1	0402	ordinary_sample_offset
TALK1.DAT	talk_remainder	payload[1]/4	325		325	00000714	00009BB5	00009DB5	1	0402	ordinary_sample_offset
TALK1.DAT	talk_remainder	payload[1]/4	326		326	00000718	00009C1D	00009E1D	1	0402	ordinary_sample_offset
TALK1.DAT	talk_remainder	payload[1]/4	327		327	0000071C	00009CD2	00009ED2	1	0402	ordinary_sample_offset
TALK1.DAT	talk_remainder	payload[1]/4	328		328	00000720	00009D36	00009F36	1	0402	ordinary_sample_offset
TALK1.DAT	talk_remainder	payload[1]/4	329		329	00000724	00009D6E	00009F6E	1	0402	ordinary_sample_offset
TALK1.DAT	talk_remainder	payload[1]/4	330		330	00000728	00009DB0	00009FB0	1	0402	ordinary_sample_offset
TALK1.DAT	talk_remainder	payload[1]/4	331		331	0000072C	00009F6C	0000A16C	1	0402	ordinary_sample_offset
TALK1.DAT	talk_remainder	payload[1]/4	332		332	00000730	0000A05E	0000A25E	1	0402	ordinary_sample_offset
TALK1.DAT	talk_remainder	payload[1]/4	333		333	00000734	0000A094	0000A294	1	0402	ordinary_sample_offset
TALK1.DAT	talk_remainder	payload[1]/4	334		334	00000738	0000A0CA	0000A2CA	1	0402	ordinary_sample_offset
TALK1.DAT	talk_remainder	payload[1]/4	335		335	0000073C	0000A100	0000A300	1	0402	ordinary_sample_offset
TALK1.DAT	talk_remainder	payload[1]/4	336		336	00000740	0000A183	0000A383	1	0402	ordinary_sample_offset
TALK1.DAT	talk_remainder	payload[1]/4	337		337	00000744	0000A1F2	0000A3F2	1	0402	ordinary_sample_offset
TALK1.DAT	talk_remainder	payload[1]/4	338		338	00000748	0000A1F6	0000A3F6	1	0402	ordinary_sample_offset
TALK1.DAT	talk_remainder	payload[1]/4	339		339	0000074C	0000A23D	0000A43D	1	0402	ordinary_sample_offset
TALK1.DAT	talk_remainder	payload[1]/4	340		340	00000750	0000A373	0000A573	1	0402	ordinary_sample_offset
TALK1.DAT	talk_remainder	payload[1]/4	341		341	00000754	0000A3A9	0000A5A9	1	0402	ordinary_sample_offset
TALK1.DAT	talk_remainder	payload[1]/4	342		342	00000758	0000A3DF	0000A5DF	1	0402	ordinary_sample_offset
TALK1.DAT	talk_remainder	payload[1]/4	343		343	0000075C	0000A479	0000A679	1	0402	ordinary_sample_offset
TALK1.DAT	talk_remainder	payload[1]/4	344		344	00000760	0000A4AF	0000A6AF	1	0402	ordinary_sample_offset
TALK1.DAT	talk_remainder	payload[1]/4	345		345	00000764	0000A4E5	0000A6E5	1	0402	ordinary_sample_offset
TALK1.DAT	talk_remainder	payload[1]/4	346		346	00000768	0000A51B	0000A71B	1	0402	ordinary_sample_offset
TALK1.DAT	talk_remainder	payload[1]/4	347		347	0000076C	0000A551	0000A751	1	0402	ordinary_sample_offset
TALK1.DAT	talk_remainder	payload[1]/4	348		348	00000770	0000A587	0000A787	1	0402	ordinary_sample_offset
TALK1.DAT	talk_remainder	payload[1]/4	349		349	00000774	0000A5BD	0000A7BD	1	0402	ordinary_sample_offset
TALK1.DAT	talk_remainder	payload[1]/4	350		350	00000778	0000A5F3	0000A7F3	1	0402	ordinary_sample_offset
TALK1.DAT	talk_remainder	payload[1]/4	351		351	0000077C	0000A6A3	0000A8A3	1	0402	ordinary_sample_offset
TALK1.DAT	talk_remainder	payload[1]/4	352		352	00000780	0000A6D9	0000A8D9	1	0402	ordinary_sample_offset
TALK1.DAT	talk_remainder	payload[1]/4	353		353	00000784	0000A70F	0000A90F	1	0402	ordinary_sample_offset
TALK1.DAT	talk_remainder	payload[1]/4	354		354	00000788	0000A745	0000A945	1	0402	ordinary_sample_offset
TALK1.DAT	talk_remainder	payload[1]/4	355		355	0000078C	0000A7DF	0000A9DF	1	0402	ordinary_sample_offset
TALK1.DAT	talk_remainder	payload[1]/4	356		356	00000790	0000A801	0000AA01	1	0402	ordinary_sample_offset
TALK1.DAT	talk_remainder	payload[1]/4	357		357	00000794	0000A813	0000AA13	1	0402	ordinary_sample_offset
TALK1.DAT	talk_remainder	payload[1]/4	358		358	00000798	0000A855	0000AA55	1	0402	ordinary_sample_offset
TALK1.DAT	talk_remainder	payload[1]/4	359		359	0000079C	0000AA2E	0000AC2E	1	0402	ordinary_sample_offset
TALK1.DAT	talk_remainder	payload[1]/4	360		360	000007A0	0000AA70	0000AC70	1	0402	ordinary_sample_offset
TALK1.DAT	talk_remainder	payload[1]/4	361		361	000007A4	0000AAB2	0000ACB2	1	0402	ordinary_sample_offset
TALK1.DAT	talk_remainder	payload[1]/4	362		362	000007A8	0000AAE8	0000ACE8	1	00A1	ordinary_sample_offset
TALK1.DAT	talk_remainder	payload[1]/4	363		363	000007AC	0000AAEC	0000ACEC	1	0402	ordinary_sample_offset
TALK1.DAT	talk_remainder	payload[1]/4	364		364	000007B0	0000AB2E	0000AD2E	1	0402	ordinary_sample_offset
TALK1.DAT	talk_remainder	payload[1]/4	365		365	000007B4	0000ACD4	0000AED4	1	0402	ordinary_sample_offset
TALK1.DAT	talk_remainder	payload[1]/4	366		366	000007B8	0000B271	0000B471	1	00A1	ordinary_sample_offset
TALK1.DAT	talk_remainder	payload[1]/4	367		367	000007BC	0000B277	0000B477	1	0402	ordinary_sample_offset
TALK1.DAT	talk_remainder	payload[1]/4	368		368	000007C0	0000B2AD	0000B4AD	1	0402	ordinary_sample_offset
TALK1.DAT	talk_remainder	payload[1]/4	369		369	000007C4	0000B2E3	0000B4E3	1	0402	ordinary_sample_offset
TALK1.DAT	talk_remainder	payload[1]/4	370		370	000007C8	0000B357	0000B557	1	0402	ordinary_sample_offset
TALK1.DAT	talk_remainder	payload[1]/4	371		371	000007CC	0000B3CB	0000B5CB	1	0402	ordinary_sample_offset
TALK1.DAT	talk_remainder	payload[1]/4	372		372	000007D0	0000B401	0000B601	1	0402	ordinary_sample_offset
TALK1.DAT	talk_remainder	payload[1]/4	373		373	000007D4	0000B437	0000B637	1	0402	ordinary_sample_offset
TALK1.DAT	talk_remainder	payload[1]/4	374		374	000007D8	0000B4AB	0000B6AB	1	0402	ordinary_sample_offset
TALK1.DAT	talk_remainder	payload[1]/4	375		375	000007DC	0000B51F	0000B71F	1	0402	ordinary_sample_offset
TALK1.DAT	talk_remainder	payload[1]/4	376		376	000007E0	0000B593	0000B793	1	0402	ordinary_sample_offset
TALK1.DAT	talk_remainder	payload[1]/4	377		377	000007E4	0000B607	0000B807	1	0402	ordinary_sample_offset
TALK1.DAT	talk_remainder	payload[1]/4	378		378	000007E8	0000B67B	0000B87B	1	0402	ordinary_sample_offset
TALK1.DAT	talk_remainder	payload[1]/4	379		379	000007EC	0000B6EF	0000B8EF	1	0402	ordinary_sample_offset
TALK1.DAT	talk_remainder	payload[1]/4	380		380	000007F0	0000B7AF	0000B9AF	1	0402	ordinary_sample_offset
TALK1.DAT	talk_remainder	payload[1]/4	381		381	000007F4	0000B7E5	0000B9E5	1	0402	ordinary_sample_offset
TALK1.DAT	talk_remainder	payload[1]/4	382		382	000007F8	0000B81B	0000BA1B	1	0402	ordinary_sample_offset
TALK1.DAT	talk_remainder	payload[1]/4	383		383	000007FC	0000B851	0000BA51	1	0402	ordinary_sample_offset
TALK1.DAT	talk_remainder	payload[1]/4	384		384	00000800	0000B8C5	0000BAC5	1	0402	ordinary_sample_offset
TALK1.DAT	talk_remainder	payload[1]/4	385		385	00000804	0000B939	0000BB39	1	0402	ordinary_sample_offset
TALK1.DAT	talk_remainder	payload[1]/4	386		386	00000808	0000B9AD	0000BBAD	1	0402	ordinary_sample_offset
TALK1.DAT	talk_remainder	payload[1]/4	387		387	0000080C	0000BA21	0000BC21	1	0402	ordinary_sample_offset
TALK1.DAT	talk_remainder	payload[1]/4	388		388	00000810	0000BA57	0000BC57	1	0402	ordinary_sample_offset
TALK1.DAT	talk_remainder	payload[1]/4	389		389	00000814	0000BA8D	0000BC8D	1	0402	ordinary_sample_offset
TALK1.DAT	talk_remainder	payload[1]/4	390		390	00000818	0000BAC3	0000BCC3	1	0402	ordinary_sample_offset
TALK1.DAT	talk_remainder	payload[1]/4	391		391	0000081C	0000BB75	0000BD75	1	0402	ordinary_sample_offset
TALK1.DAT	talk_remainder	payload[1]/4	392		392	00000820	0000BC27	0000BE27	1	0402	ordinary_sample_offset
TALK1.DAT	talk_remainder	payload[1]/4	393		393	00000824	0000BC9B	0000BE9B	1	0402	ordinary_sample_offset
TALK1.DAT	talk_remainder	payload[1]/4	394		394	00000828	0000BD0F	0000BF0F	1	0402	ordinary_sample_offset
TALK1.DAT	talk_remainder	payload[1]/4	395		395	0000082C	0000BD87	0000BF87	1	0402	ordinary_sample_offset
TALK1.DAT	talk_remainder	payload[1]/4	396		396	00000830	0000BDC1	0000BFC1	1	0402	ordinary_sample_offset
TALK1.DAT	talk_remainder	payload[1]/4	397		397	00000834	0000BDF7	0000BFF7	1	0402	ordinary_sample_offset
TALK1.DAT	talk_remainder	payload[1]/4	398		398	00000838	0000BE6B	0000C06B	1	0402	ordinary_sample_offset
TALK1.DAT	talk_remainder	payload[1]/4	399		399	0000083C	0000BEA1	0000C0A1	1	0402	ordinary_sample_offset
TALK1.DAT	talk_remainder	payload[1]/4	400		400	00000840	0000BED9	0000C0D9	1	0402	ordinary_sample_offset
TALK1.DAT	talk_remainder	payload[1]/4	401		401	00000844	0000BF4D	0000C14D	1	0402	ordinary_sample_offset
TALK1.DAT	talk_remainder	payload[1]/4	402		402	00000848	0000BFC1	0000C1C1	1	0402	ordinary_sample_offset
TALK1.DAT	talk_remainder	payload[1]/4	403		403	0000084C	0000BFF9	0000C1F9	1	0402	ordinary_sample_offset
TALK1.DAT	talk_remainder	payload[1]/4	404		404	00000850	0000C06D	0000C26D	1	0402	ordinary_sample_offset
TALK1.DAT	talk_remainder	payload[1]/4	405		405	00000854	0000C0E1	0000C2E1	1	0402	ordinary_sample_offset
TALK1.DAT	talk_remainder	payload[1]/4	406		406	00000858	0000C155	0000C355	1	0402	ordinary_sample_offset
TALK1.DAT	talk_remainder	payload[1]/4	407		407	0000085C	0000C1C9	0000C3C9	1	0402	ordinary_sample_offset
TALK1.DAT	talk_remainder	payload[1]/4	408		408	00000860	0000C209	0000C409	1	0402	ordinary_sample_offset
TALK1.DAT	talk_remainder	payload[1]/4	409		409	00000864	0000C23F	0000C43F	1	0402	ordinary_sample_offset
TALK1.DAT	talk_remainder	payload[1]/4	410		410	00000868	0000C2B3	0000C4B3	1	0402	ordinary_sample_offset
TALK1.DAT	talk_remainder	payload[1]/4	411		411	0000086C	0000C327	0000C527	1	0402	ordinary_sample_offset
TALK1.DAT	talk_remainder	payload[1]/4	412		412	00000870	0000C35D	0000C55D	1	0402	ordinary_sample_offset
TALK1.DAT	talk_remainder	payload[1]/4	413		413	00000874	0000C393	0000C593	1	0402	ordinary_sample_offset
TALK1.DAT	talk_remainder	payload[1]/4	414		414	00000878	0000C3C9	0000C5C9	1	0402	ordinary_sample_offset
TALK1.DAT	talk_remainder	payload[1]/4	415		415	0000087C	0000C43D	0000C63D	1	0402	ordinary_sample_offset
TALK1.DAT	talk_remainder	payload[1]/4	416		416	00000880	0000C4B1	0000C6B1	1	0402	ordinary_sample_offset
TALK1.DAT	talk_remainder	payload[1]/4	417		417	00000884	0000C4E7	0000C6E7	1	0402	ordinary_sample_offset
TALK1.DAT	talk_remainder	payload[1]/4	418		418	00000888	0000C521	0000C721	1	0402	ordinary_sample_offset
TALK1.DAT	talk_remainder	payload[1]/4	419		419	0000088C	0000C557	0000C757	1	0402	ordinary_sample_offset
TALK1.DAT	talk_remainder	payload[1]/4	420		420	00000890	0000C609	0000C809	1	0402	ordinary_sample_offset
TALK1.DAT	talk_remainder	payload[1]/4	421		421	00000894	0000C63F	0000C83F	1	0402	ordinary_sample_offset
TALK1.DAT	talk_remainder	payload[1]/4	422		422	00000898	0000C675	0000C875	1	0402	ordinary_sample_offset
TALK1.DAT	talk_remainder	payload[1]/4	423		423	0000089C	0000C6E9	0000C8E9	1	0402	ordinary_sample_offset
TALK1.DAT	talk_remainder	payload[1]/4	424		424	000008A0	0000C75D	0000C95D	1	0402	ordinary_sample_offset
TALK1.DAT	talk_remainder	payload[1]/4	425		425	000008A4	0000C793	0000C993	1	0402	ordinary_sample_offset
TALK1.DAT	talk_remainder	payload[1]/4	426		426	000008A8	0000C7C9	0000C9C9	1	0402	ordinary_sample_offset
TALK1.DAT	talk_remainder	payload[1]/4	427		427	000008AC	0000C7FF	0000C9FF	1	0402	ordinary_sample_offset
TALK1.DAT	talk_remainder	payload[1]/4	428		428	000008B0	0000C807	0000CA07	1	0402	ordinary_sample_offset
TALK1.DAT	talk_remainder	payload[1]/4	429		429	000008B4	0000C847	0000CA47	1	0402	ordinary_sample_offset
TALK1.DAT	talk_remainder	payload[1]/4	430		430	000008B8	0000C888	0000CA88	1	0402	ordinary_sample_offset
TALK1.DAT	talk_remainder	payload[1]/4	431		431	000008BC	0000C8C0	0000CAC0	1	0402	ordinary_sample_offset
TALK1.DAT	talk_remainder	payload[1]/4	432		432	000008C0	0000C9A6	0000CBA6	1	0402	ordinary_sample_offset
TALK1.DAT	talk_remainder	payload[1]/4	433		433	000008C4	0000CA8C	0000CC8C	1	0402	ordinary_sample_offset
TALK1.DAT	talk_remainder	payload[1]/4	434		434	000008C8	0000CB60	0000CD60	1	0402	ordinary_sample_offset
TALK1.DAT	talk_remainder	payload[1]/4	435		435	000008CC	0000CB96	0000CD96	1	0402	ordinary_sample_offset
TALK1.DAT	talk_remainder	payload[1]/4	436		436	000008D0	0000CBCC	0000CDCC	1	0402	ordinary_sample_offset
TALK1.DAT	talk_remainder	payload[1]/4	437		437	000008D4	0000CC02	0000CE02	1	0402	ordinary_sample_offset
TALK1.DAT	talk_remainder	payload[1]/4	438		438	000008D8	0000CC38	0000CE38	1	0402	ordinary_sample_offset
TALK1.DAT	talk_remainder	payload[1]/4	439		439	000008DC	0000CC6E	0000CE6E	1	0402	ordinary_sample_offset
TALK1.DAT	talk_remainder	payload[1]/4	440		440	000008E0	0000CCD4	0000CED4	1	0402	ordinary_sample_offset
TALK1.DAT	talk_remainder	payload[1]/4	441		441	000008E4	0000CD3A	0000CF3A	1	0402	ordinary_sample_offset
TALK1.DAT	talk_remainder	payload[1]/4	442		442	000008E8	0000CDA0	0000CFA0	1	0402	ordinary_sample_offset
TALK1.DAT	talk_remainder	payload[1]/4	443		443	000008EC	0000CE06	0000D006	1	0402	ordinary_sample_offset
TALK1.DAT	talk_remainder	payload[1]/4	444		444	000008F0	0000CE4A	0000D04A	1	0402	ordinary_sample_offset
TALK1.DAT	talk_remainder	payload[1]/4	445		445	000008F4	0000CE80	0000D080	1	0402	ordinary_sample_offset
TALK1.DAT	talk_remainder	payload[1]/4	446		446	000008F8	0000CEDE	0000D0DE	1	0402	ordinary_sample_offset
TALK1.DAT	talk_remainder	payload[1]/4	447		447	000008FC	0000CF56	0000D156	1	0402	ordinary_sample_offset
TALK1.DAT	talk_remainder	payload[1]/4	448		448	00000900	0000CF8C	0000D18C	1	0402	ordinary_sample_offset
TALK1.DAT	talk_remainder	payload[1]/4	449		449	00000904	0000CFC2	0000D1C2	1	0402	ordinary_sample_offset
TALK1.DAT	talk_remainder	payload[1]/4	450		450	00000908	0000D09A	0000D29A	1	0402	ordinary_sample_offset
TALK1.DAT	talk_remainder	payload[1]/4	451		451	0000090C	0000D0D0	0000D2D0	1	0402	ordinary_sample_offset
TALK1.DAT	talk_remainder	payload[1]/4	452		452	00000910	0000D136	0000D336	1	0402	ordinary_sample_offset
TALK1.DAT	talk_remainder	payload[1]/4	453		453	00000914	0000D19C	0000D39C	1	00A1	ordinary_sample_offset
TALK1.DAT	talk_remainder	payload[1]/4	454		454	00000918	0000D1A0	0000D3A0	1	0402	ordinary_sample_offset
TALK1.DAT	talk_remainder	payload[1]/4	455		455	0000091C	0000D1DA	0000D3DA	1	0402	ordinary_sample_offset
TALK1.DAT	talk_remainder	payload[1]/4	456		456	00000920	0000D210	0000D410	1	0402	ordinary_sample_offset
TALK1.DAT	talk_remainder	payload[1]/4	457		457	00000924	0000D522	0000D722	1	0402	ordinary_sample_offset
TALK1.DAT	talk_remainder	payload[1]/4	458		458	00000928	0000D553	0000D753	1	0402	ordinary_sample_offset
TALK1.DAT	talk_remainder	payload[1]/4	459		459	0000092C	0000D580	0000D780	1	0402	ordinary_sample_offset
TALK1.DAT	talk_remainder	payload[1]/4	460		460	00000930	0000D7F2	0000D9F2	1	0402	ordinary_sample_offset
TALK1.DAT	talk_remainder	payload[1]/4	461		461	00000934	0000E18E	0000E38E	1	0402	ordinary_sample_offset
TALK1.DAT	talk_remainder	payload[1]/4	462		462	00000938	0000E1F0	0000E3F0	1	0402	ordinary_sample_offset
TALK1.DAT	talk_remainder	payload[1]/4	463		463	0000093C	0000ED6F	0000EF6F	1	0402	ordinary_sample_offset
TALK1.DAT	talk_remainder	payload[1]/4	464		464	00000940	0000EDA5	0000EFA5	1	0402	ordinary_sample_offset
TALK1.DAT	talk_remainder	payload[1]/4	465		465	00000944	0000EE0B	0000F00B	1	0402	ordinary_sample_offset
TALK1.DAT	talk_remainder	payload[1]/4	466		466	00000948	0000EE71	0000F071	1	0402	ordinary_sample_offset
TALK1.DAT	talk_remainder	payload[1]/4	467		467	0000094C	0000F73A	0000F93A	1	0402	ordinary_sample_offset
TALK1.DAT	talk_remainder	payload[1]/4	468		468	00000950	0000F7B2	0000F9B2	1	0402	ordinary_sample_offset
TALK1.DAT	talk_remainder	payload[1]/4	469		469	00000954	0000F7E8	0000F9E8	1	0402	ordinary_sample_offset
TALK1.DAT	talk_remainder	payload[1]/4	470		470	00000958	0000F84E	0000FA4E	1	0402	ordinary_sample_offset
TALK1.DAT	talk_remainder	payload[1]/4	471		471	0000095C	0000F8B4	0000FAB4	1	0402	ordinary_sample_offset
TALK1.DAT	talk_remainder	payload[1]/4	472		472	00000960	0000F92B	0000FB2B	1	0402	ordinary_sample_offset
TALK1.DAT	talk_remainder	payload[1]/4	473		473	00000964	0000F961	0000FB61	1	0402	ordinary_sample_offset
TALK1.DAT	talk_remainder	payload[1]/4	474		474	00000968	0000F997	0000FB97	1	0402	ordinary_sample_offset
TALK1.DAT	talk_remainder	payload[1]/4	475		475	0000096C	0000F9D7	0000FBD7	1	0402	ordinary_sample_offset
TALK1.DAT	talk_remainder	payload[1]/4	476		476	00000970	0000FA30	0000FC30	1	0402	ordinary_sample_offset
TALK1.DAT	talk_remainder	payload[1]/4	477		477	00000974	0000FA38	0000FC38	1	0402	ordinary_sample_offset
TALK1.DAT	talk_remainder	payload[1]/4	478		478	00000978	0000FA40	0000FC40	1	0402	ordinary_sample_offset
TALK1.DAT	talk_remainder	payload[1]/4	479		479	0000097C	00005997	00005B97	1	0402	ordinary_sample_offset
TALK1.DAT	talk_remainder	payload[1]/4	480		480	00000980	000060C5	000062C5	1	0402	ordinary_sample_offset
TALK1.DAT	talk_remainder	payload[1]/4	481		481	00000984	0000FA50	0000FC50	1	0402	ordinary_sample_offset
TALK1.DAT	talk_remainder	payload[1]/4	482		482	00000988	0000FB0A	0000FD0A	1	0402	ordinary_sample_offset
TALK1.DAT	talk_remainder	payload[1]/4	483		483	0000098C	0000FB44	0000FD44	1	0402	ordinary_sample_offset
TALK1.DAT	talk_remainder	payload[1]/4	484		484	00000990	0000FB7A	0000FD7A	1	0402	ordinary_sample_offset
TALK1.DAT	talk_remainder	payload[1]/4	485		485	00000994	0000FBB4	0000FDB4	1	0402	ordinary_sample_offset
TALK1.DAT	talk_remainder	payload[1]/4	486		486	00000998	0000FCA5	0000FEA5	1	0402	ordinary_sample_offset
TALK1.DAT	talk_remainder	payload[1]/4	487		487	0000099C	0000FCDF	0000FEDF	1	0402	ordinary_sample_offset
TALK1.DAT	talk_remainder	payload[1]/4	488		488	000009A0	0000FCEB	0000FEEB	1	0402	ordinary_sample_offset
TALK1.DAT	talk_remainder	payload[1]/4	489		489	000009A4	0000FCF7	0000FEF7	1	0402	ordinary_sample_offset
TALK1.DAT	talk_remainder	payload[1]/4	490		490	000009A8	0000FD0B	0000FF0B	1	0402	ordinary_sample_offset
TALK1.DAT	talk_remainder	payload[1]/4	491		491	000009AC	0000FD89	0000FF89	1	0402	ordinary_sample_offset
TALK1.DAT	talk_remainder	payload[1]/4	492		492	000009B0	0000FDD9	0000FFD9	1	0402	ordinary_sample_offset
TALK1.DAT	talk_remainder	payload[1]/4	493		493	000009B4	0000FE47	00010047	1	0402	ordinary_sample_offset
TALK1.DAT	talk_remainder	payload[1]/4	494		494	000009B8	0000FEB5	000100B5	1	0402	ordinary_sample_offset
TALK1.DAT	talk_remainder	payload[1]/4	495		495	000009BC	000100AF	000102AF	1	0402	ordinary_sample_offset
TALK1.DAT	talk_remainder	payload[1]/4	496		496	000009C0	00010545	00010745	1	0402	ordinary_sample_offset
TALK1.DAT	talk_remainder	payload[1]/4	497		497	000009C4	0001057B	0001077B	1	0402	ordinary_sample_offset
TALK1.DAT	talk_remainder	payload[1]/4	498		498	000009C8	00010726	00010926	1	0402	ordinary_sample_offset
TALK1.DAT	talk_remainder	payload[1]/4	499		499	000009CC	000107FB	000109FB	1	0402	ordinary_sample_offset
TALK1.DAT	talk_remainder	payload[1]/4	500		500	000009D0	00010839	00010A39	1	0402	ordinary_sample_offset
TALK1.DAT	talk_remainder	payload[1]/4	501		501	000009D4	000115CB	000117CB	1	0402	ordinary_sample_offset
TALK1.DAT	talk_remainder	payload[1]/4	502		502	000009D8	00011601	00011801	1	0402	ordinary_sample_offset
TALK1.DAT	talk_remainder	payload[1]/4	503		503	000009DC	00011637	00011837	1	0402	ordinary_sample_offset
TALK1.DAT	talk_remainder	payload[1]/4	504		504	000009E0	0001170F	0001190F	1	0402	ordinary_sample_offset
TALK1.DAT	talk_remainder	payload[1]/4	505		505	000009E4	00011965	00011B65	1	0402	ordinary_sample_offset
TALK1.DAT	talk_remainder	payload[1]/4	506		506	000009E8	000119CB	00011BCB	1	0402	ordinary_sample_offset
TALK1.DAT	talk_remainder	payload[1]/4	507		507	000009EC	00011A31	00011C31	1	0402	ordinary_sample_offset
TALK1.DAT	talk_remainder	payload[1]/4	508		508	000009F0	00011B0B	00011D0B	1	0402	ordinary_sample_offset
TALK1.DAT	talk_remainder	payload[1]/4	509		509	000009F4	00011B73	00011D73	1	0402	ordinary_sample_offset
TALK1.DAT	talk_remainder	payload[1]/4	510		510	000009F8	00011B77	00011D77	1	0402	ordinary_sample_offset
TALK1.DAT	talk_remainder	payload[1]/4	511		511	000009FC	00011BE3	00011DE3	1	0402	ordinary_sample_offset
TALK1.DAT	talk_remainder	payload[1]/4	512		512	00000A00	00011C19	00011E19	1	0402	ordinary_sample_offset
TALK1.DAT	talk_remainder	payload[1]/4	513		513	00000A04	00011CDB	00011EDB	1	0402	ordinary_sample_offset
TALK1.DAT	talk_remainder	payload[1]/4	514		514	00000A08	00011DCB	00011FCB	1	0402	ordinary_sample_offset
TALK1.DAT	talk_remainder	payload[1]/4	515		515	00000A0C	00011DCD	00011FCD	1	0402	ordinary_sample_offset
TALK1.DAT	talk_remainder	payload[1]/4	516		516	00000A10	00011DD1	00011FD1	1	0402	ordinary_sample_offset
TALK1.DAT	talk_remainder	payload[1]/4	517		517	00000A14	00011DD5	00011FD5	1	0402	ordinary_sample_offset
TALK1.DAT	talk_remainder	payload[1]/4	518		518	00000A18	00011E3B	0001203B	1	0402	ordinary_sample_offset
TALK1.DAT	talk_remainder	payload[1]/4	519		519	00000A1C	00011F2F	0001212F	1	0402	ordinary_sample_offset
TALK1.DAT	talk_remainder	payload[1]/4	520		520	00000A20	00011FB7	000121B7	1	0402	ordinary_sample_offset
TALK1.DAT	talk_remainder	payload[1]/4	521		521	00000A24	0001207C	0001227C	1	0402	ordinary_sample_offset
TALK1.DAT	talk_remainder	payload[1]/4	522		522	00000A28	000120E2	000122E2	1	0402	ordinary_sample_offset
TALK1.DAT	talk_remainder	payload[1]/4	523		523	00000A2C	00012148	00012348	1	0402	ordinary_sample_offset
TALK1.DAT	talk_remainder	payload[1]/4	524		524	00000A30	0001217E	0001237E	1	0402	ordinary_sample_offset
TALK1.DAT	talk_remainder	payload[1]/4	525		525	00000A34	000121E4	000123E4	1	0402	ordinary_sample_offset
TALK1.DAT	talk_remainder	payload[1]/4	526		526	00000A38	00012215	00012415	1	00A1	ordinary_sample_offset
TALK1.DAT	talk_remainder	payload[1]/4	527		527	00000A3C	00012219	00012419	1	00A1	ordinary_sample_offset
TALK1.DAT	talk_remainder	payload[1]/4	528		528	00000A40	0001221D	0001241D	1	0402	ordinary_sample_offset
TALK1.DAT	talk_remainder	payload[1]/4	529		529	00000A44	00012283	00012483	1	0402	ordinary_sample_offset
TALK1.DAT	talk_remainder	payload[1]/4	530		530	00000A48	000122E9	000124E9	1	0402	ordinary_sample_offset
TALK1.DAT	talk_remainder	payload[1]/4	531		531	00000A4C	000122ED	000124ED	1	0402	ordinary_sample_offset
TALK1.DAT	talk_remainder	payload[1]/4	532		532	00000A50	00012353	00012553	1	0402	ordinary_sample_offset
TALK1.DAT	talk_remainder	payload[1]/4	533		533	00000A54	00012357	00012557	1	0402	ordinary_sample_offset
TALK1.DAT	talk_remainder	payload[1]/4	534		534	00000A58	000123BD	000125BD	1	0402	ordinary_sample_offset
TALK1.DAT	talk_remainder	payload[1]/4	535		535	00000A5C	00012423	00012623	1	0402	ordinary_sample_offset
TALK1.DAT	talk_remainder	payload[1]/4	536		536	00000A60	00012459	00012659	1	00A1	ordinary_sample_offset
TALK1.DAT	talk_remainder	payload[1]/4	537		537	00000A64	0001245D	0001265D	1	0402	ordinary_sample_offset
TALK1.DAT	talk_remainder	payload[1]/4	538		538	00000A68	00019E81	0001A081	1	0402	ordinary_sample_offset
TALK1.DAT	talk_remainder	payload[1]/4	539		539	00000A6C	00019EB7	0001A0B7	1	0402	ordinary_sample_offset
TALK1.DAT	talk_remainder	payload[1]/4	540		540	00000A70	00019F1D	0001A11D	1	0402	ordinary_sample_offset
TALK1.DAT	talk_remainder	payload[1]/4	541		541	00000A74	00019F53	0001A153	1	0402	ordinary_sample_offset
TALK1.DAT	talk_remainder	payload[1]/4	542		542	00000A78	00019FB9	0001A1B9	1	0402	ordinary_sample_offset
TALK1.DAT	talk_remainder	payload[1]/4	543		543	00000A7C	0001A01F	0001A21F	1	0402	ordinary_sample_offset
TALK1.DAT	talk_remainder	payload[1]/4	544		544	00000A80	0001A045	0001A245	1	0402	ordinary_sample_offset
TALK1.DAT	talk_remainder	payload[1]/4	545		545	00000A84	0001A075	0001A275	1	0402	ordinary_sample_offset
TALK1.DAT	talk_remainder	payload[1]/4	546		546	00000A88	0001A081	0001A281	1	0402	ordinary_sample_offset
TALK1.DAT	talk_remainder	payload[1]/4	547		547	00000A8C	0001A08D	0001A28D	1	0402	ordinary_sample_offset
TALK1.DAT	talk_remainder	payload[1]/4	548		548	00000A90	0001B0B1	0001B2B1	1	0402	ordinary_sample_offset
TALK1.DAT	talk_remainder	payload[1]/4	549		549	00000A94	0001B143	0001B343	1	0402	ordinary_sample_offset
TALK1.DAT	talk_remainder	payload[1]/4	550		550	00000A98	0001B205	0001B405	1	0402	ordinary_sample_offset
TALK1.DAT	talk_remainder	payload[1]/4	551		551	00000A9C	0001B209	0001B409	1	0402	ordinary_sample_offset
TALK1.DAT	talk_remainder	payload[1]/4	552		552	00000AA0	0001B20D	0001B40D	1	0402	ordinary_sample_offset
TALK1.DAT	talk_remainder	payload[1]/4	553		553	00000AA4	0001B2CF	0001B4CF	1	0402	ordinary_sample_offset
TALK1.DAT	talk_remainder	payload[1]/4	554		554	00000AA8	0001B54B	0001B74B	1	0402	ordinary_sample_offset
TALK1.DAT	talk_remainder	payload[1]/4	555		555	00000AAC	0001B641	0001B841	1	0402	ordinary_sample_offset
TALK1.DAT	talk_remainder	payload[1]/4	556		556	00000AB0	0001B6A7	0001B8A7	1	0402	ordinary_sample_offset
TALK1.DAT	talk_remainder	payload[1]/4	557		557	00000AB4	0001B713	0001B913	1	0402	ordinary_sample_offset
TALK1.DAT	talk_remainder	payload[1]/4	558		558	00000AB8	0001B717	0001B917	1	0402	ordinary_sample_offset
TALK1.DAT	talk_remainder	payload[1]/4	559		559	00000ABC	0001B71B	0001B91B	1	0402	ordinary_sample_offset
TALK1.DAT	talk_remainder	payload[1]/4	560		560	00000AC0	0001B7BF	0001B9BF	1	0402	ordinary_sample_offset
TALK1.DAT	talk_remainder	payload[1]/4	561		561	00000AC4	0001B939	0001BB39	1	0402	ordinary_sample_offset
TALK1.DAT	talk_remainder	payload[1]/4	562		562	00000AC8	0001B971	0001BB71	1	0402	ordinary_sample_offset
TALK1.DAT	talk_remainder	payload[1]/4	563		563	00000ACC	0001B9A7	0001BBA7	1	0402	ordinary_sample_offset
TALK1.DAT	talk_remainder	payload[1]/4	564		564	00000AD0	0001B9E7	0001BBE7	1	0402	ordinary_sample_offset
TALK1.DAT	talk_remainder	payload[1]/4	565		565	00000AD4	0001BA6B	0001BC6B	1	0402	ordinary_sample_offset
TALK1.DAT	talk_remainder	payload[1]/4	566		566	00000AD8	0001BAA9	0001BCA9	1	0402	ordinary_sample_offset
TALK1.DAT	talk_remainder	payload[1]/4	567		567	00000ADC	0001BAE7	0001BCE7	1	0402	ordinary_sample_offset
TALK1.DAT	talk_remainder	payload[1]/4	568		568	00000AE0	0001BB25	0001BD25	1	0402	ordinary_sample_offset
TALK1.DAT	talk_remainder	payload[1]/4	569		569	00000AE4	0001BB63	0001BD63	1	0402	ordinary_sample_offset
TALK1.DAT	talk_remainder	payload[1]/4	570		570	00000AE8	0001BBA1	0001BDA1	1	0402	ordinary_sample_offset
TALK1.DAT	talk_remainder	payload[1]/4	571		571	00000AEC	0001BBDF	0001BDDF	1	0402	ordinary_sample_offset
TALK1.DAT	talk_remainder	payload[1]/4	572		572	00000AF0	0001BC1D	0001BE1D	1	0402	ordinary_sample_offset
TALK1.DAT	talk_remainder	payload[1]/4	573		573	00000AF4	0001BC5B	0001BE5B	1	0402	ordinary_sample_offset
TALK1.DAT	talk_remainder	payload[1]/4	574		574	00000AF8	0001BC99	0001BE99	1	0402	ordinary_sample_offset
TALK1.DAT	talk_remainder	payload[1]/4	575		575	00000AFC	0001BD25	0001BF25	1	0402	ordinary_sample_offset
TALK1.DAT	talk_remainder	payload[1]/4	576		576	00000B00	00020930	00020B30	1	0402	ordinary_sample_offset
TALK1.DAT	talk_remainder	payload[1]/4	577		577	00000B04	0002096E	00020B6E	1	0402	ordinary_sample_offset
TALK1.DAT	talk_remainder	payload[1]/4	578		578	00000B08	000209AC	00020BAC	1	0402	ordinary_sample_offset
TALK1.DAT	talk_remainder	payload[1]/4	579		579	00000B0C	000209EA	00020BEA	1	0402	ordinary_sample_offset
TALK1.DAT	talk_remainder	payload[1]/4	580		580	00000B10	00020A28	00020C28	1	0402	ordinary_sample_offset
TALK1.DAT	talk_remainder	payload[1]/4	581		581	00000B14	00020A66	00020C66	1	0402	ordinary_sample_offset
TALK1.DAT	talk_remainder	payload[1]/4	582		582	00000B18	0002326B	0002346B	1	0402	ordinary_sample_offset
TALK1.DAT	talk_remainder	payload[1]/4	583		583	00000B1C	00023791	00023991	1	0402	ordinary_sample_offset
TALK1.DAT	talk_remainder	payload[1]/4	584		584	00000B20	000237CF	000239CF	1	0402	ordinary_sample_offset
TALK1.DAT	talk_remainder	payload[1]/4	585		585	00000B24	00024A33	00024C33	1	0402	ordinary_sample_offset
TALK1.DAT	talk_remainder	payload[1]/4	586		586	00000B28	00024A71	00024C71	1	0402	ordinary_sample_offset
TALK1.DAT	talk_remainder	payload[1]/4	587		587	00000B2C	00024AAF	00024CAF	1	0402	ordinary_sample_offset
TALK1.DAT	talk_remainder	payload[1]/4	588		588	00000B30	00024AED	00024CED	1	0402	ordinary_sample_offset
TALK1.DAT	talk_remainder	payload[1]/4	589		589	00000B34	00024B2B	00024D2B	1	0402	ordinary_sample_offset
TALK1.DAT	talk_remainder	payload[1]/4	590		590	00000B38	00024B69	00024D69	1	0402	ordinary_sample_offset
TALK1.DAT	talk_remainder	payload[1]/4	591		591	00000B3C	00024BA7	00024DA7	1	0402	ordinary_sample_offset
TALK1.DAT	talk_remainder	payload[1]/4	592		592	00000B40	00024BEF	00024DEF	1	0402	ordinary_sample_offset
TALK1.DAT	talk_remainder	payload[1]/4	593		593	00000B44	00024C35	00024E35	1	0402	ordinary_sample_offset
TALK1.DAT	talk_remainder	payload[1]/4	594		594	00000B48	00024CC1	00024EC1	1	0402	ordinary_sample_offset
TALK1.DAT	talk_remainder	payload[1]/4	595		595	00000B4C	00024CC5	00024EC5	1	0402	ordinary_sample_offset
TALK1.DAT	talk_remainder	payload[1]/4	596		596	00000B50	0002588D	00025A8D	1	0402	ordinary_sample_offset
TALK1.DAT	talk_remainder	payload[1]/4	597		597	00000B54	000259DD	00025BDD	1	0402	ordinary_sample_offset
TALK1.DAT	talk_remainder	payload[1]/4	598		598	00000B58	00025A71	00025C71	1	0402	ordinary_sample_offset
TALK1.DAT	talk_remainder	payload[1]/4	599		599	00000B5C	00025B33	00025D33	1	0402	ordinary_sample_offset
TALK1.DAT	talk_remainder	payload[1]/4	600		600	00000B60	00025BAD	00025DAD	1	0402	ordinary_sample_offset
TALK1.DAT	talk_remainder	payload[1]/4	601		601	00000B64	00025D5B	00025F5B	1	0402	ordinary_sample_offset
TALK1.DAT	talk_remainder	payload[1]/4	602		602	00000B68	00025DB3	00025FB3	1	0402	ordinary_sample_offset
TALK1.DAT	talk_remainder	payload[1]/4	603		603	00000B6C	00025E7F	0002607F	1	0402	ordinary_sample_offset
TALK1.DAT	talk_remainder	payload[1]/4	604		604	00000B70	00025E83	00026083	1	0402	ordinary_sample_offset
TALK1.DAT	talk_remainder	payload[1]/4	605		605	00000B74	00025F19	00026119	1	0402	ordinary_sample_offset
TALK1.DAT	talk_remainder	payload[1]/4	606		606	00000B78	00025FAD	000261AD	1	0402	ordinary_sample_offset
TALK1.DAT	talk_remainder	payload[1]/4	607		607	00000B7C	00025FB1	000261B1	1	0402	ordinary_sample_offset
TALK1.DAT	talk_remainder	payload[1]/4	608		608	00000B80	00025FB5	000261B5	1	0402	ordinary_sample_offset
TALK1.DAT	talk_remainder	payload[1]/4	609		609	00000B84	0002604B	0002624B	1	00A1	ordinary_sample_offset
TALK1.DAT	talk_remainder	payload[1]/4	610		610	00000B88	00026090	00026290	1	0402	ordinary_sample_offset
TALK1.DAT	talk_remainder	payload[1]/4	611		611	00000B8C	00026228	00026428	1	0402	ordinary_sample_offset
TALK1.DAT	talk_remainder	payload[1]/4	612		612	00000B90	000263C8	000265C8	1	0402	ordinary_sample_offset
TALK1.DAT	talk_remainder	payload[1]/4	613		613	00000B94	000263CC	000265CC	1	0402	ordinary_sample_offset
TALK1.DAT	talk_remainder	payload[1]/4	614		614	00000B98	000263D0	000265D0	1	0402	ordinary_sample_offset
TALK1.DAT	talk_remainder	payload[1]/4	615		615	00000B9C	0002646E	0002666E	1	0402	ordinary_sample_offset
TALK1.DAT	talk_remainder	payload[1]/4	616		616	00000BA0	00026472	00026672	1	0402	ordinary_sample_offset
TALK1.DAT	talk_remainder	payload[1]/4	617		617	00000BA4	000264C6	000266C6	1	0402	ordinary_sample_offset
TALK1.DAT	talk_remainder	payload[1]/4	618		618	00000BA8	00026548	00026748	1	0402	ordinary_sample_offset
TALK1.DAT	talk_remainder	payload[1]/4	619		619	00000BAC	0002659B	0002679B	1	007E	ordinary_sample_offset
TALK1.DAT	talk_remainder	payload[1]/4	620		620	00000BB0	000265EA	000267EA	1	0402	ordinary_sample_offset
TALK1.DAT	talk_remainder	payload[1]/4	621		621	00000BB4	0002663C	0002683C	1	0402	ordinary_sample_offset
TALK1.DAT	talk_remainder	payload[1]/4	622		622	00000BB8	000271B8	000273B8	1	0402	ordinary_sample_offset
TALK1.DAT	talk_remainder	payload[1]/4	623		623	00000BBC	00027310	00027510	1	0402	ordinary_sample_offset
TALK1.DAT	talk_remainder	payload[1]/4	624		624	00000BC0	000273DE	000275DE	1	0402	ordinary_sample_offset
TALK1.DAT	talk_remainder	payload[1]/4	625		625	00000BC4	0002742A	0002762A	1	0402	ordinary_sample_offset
TALK1.DAT	talk_remainder	payload[1]/4	626		626	00000BC8	0002742E	0002762E	1	0402	ordinary_sample_offset
TALK1.DAT	talk_remainder	payload[1]/4	627		627	00000BCC	00027432	00027632	1	0402	ordinary_sample_offset
TALK1.DAT	talk_remainder	payload[1]/4	628		628	00000BD0	00027436	00027636	1	0402	ordinary_sample_offset
TALK1.DAT	talk_remainder	payload[1]/4	629		629	00000BD4	00027468	00027668	1	0402	ordinary_sample_offset
TALK1.DAT	talk_remainder	payload[1]/4	630		630	00000BD8	00027496	00027696	1	0402	ordinary_sample_offset
TALK1.DAT	talk_remainder	payload[1]/4	631		631	00000BDC	000274C4	000276C4	1	0402	ordinary_sample_offset
TALK1.DAT	talk_remainder	payload[1]/4	632		632	00000BE0	000274F6	000276F6	1	0402	ordinary_sample_offset
TALK1.DAT	talk_remainder	payload[1]/4	633		633	00000BE4	00027524	00027724	1	0402	ordinary_sample_offset
TALK1.DAT	talk_remainder	payload[1]/4	634		634	00000BE8	00027556	00027756	1	0402	ordinary_sample_offset
TALK1.DAT	talk_remainder	payload[1]/4	635		635	00000BEC	00027584	00027784	1	0402	ordinary_sample_offset
TALK1.DAT	talk_remainder	payload[1]/4	636		636	00000BF0	000275B6	000277B6	1	0402	ordinary_sample_offset
TALK1.DAT	talk_remainder	payload[1]/4	637		637	00000BF4	000275E8	000277E8	1	0402	ordinary_sample_offset
TALK1.DAT	talk_remainder	payload[1]/4	638		638	00000BF8	000275EC	000277EC	1	0402	ordinary_sample_offset
TALK1.DAT	talk_remainder	payload[1]/4	639		639	00000BFC	00027629	00027829	1	0402	ordinary_sample_offset
TALK1.DAT	talk_remainder	payload[1]/4	640		640	00000C00	0002762D	0002782D	1	0402	ordinary_sample_offset
TALK1.DAT	talk_remainder	payload[1]/4	641		641	00000C04	00027631	00027831	1	00A1	ordinary_sample_offset
TALK1.DAT	talk_remainder	payload[1]/4	642		642	00000C08	00027635	00027835	1	0402	ordinary_sample_offset
TALK1.DAT	talk_remainder	payload[1]/4	643		643	00000C0C	00027665	00027865	1	0402	ordinary_sample_offset
TALK1.DAT	talk_remainder	payload[1]/4	644		644	00000C10	00027669	00027869	1	0402	ordinary_sample_offset
TALK1.DAT	talk_remainder	payload[1]/4	645		645	00000C14	0002766D	0002786D	1	0402	ordinary_sample_offset
TALK1.DAT	talk_remainder	payload[1]/4	646		646	00000C18	00027671	00027871	1	0402	ordinary_sample_offset
TALK1.DAT	talk_remainder	payload[1]/4	647		647	00000C1C	000276A1	000278A1	1	0402	ordinary_sample_offset
TALK1.DAT	talk_remainder	payload[1]/4	648		648	00000C20	000276A5	000278A5	1	0402	ordinary_sample_offset
TALK1.DAT	talk_remainder	payload[1]/4	649		649	00000C24	000276A9	000278A9	1	0402	ordinary_sample_offset
TALK1.DAT	talk_remainder	payload[1]/4	650		650	00000C28	000276AD	000278AD	1	0402	ordinary_sample_offset
TALK1.DAT	talk_remainder	payload[1]/4	651		651	00000C2C	000276E2	000278E2	1	0402	ordinary_sample_offset
TALK1.DAT	talk_remainder	payload[1]/4	652		652	00000C30	0002790C	00027B0C	1	0402	ordinary_sample_offset
TALK1.DAT	talk_remainder	payload[1]/4	653		653	00000C34	00027A18	00027C18	1	0402	ordinary_sample_offset
TALK1.DAT	talk_remainder	payload[1]/4	654		654	00000C38	00027B16	00027D16	1	0402	ordinary_sample_offset
TALK1.DAT	talk_remainder	payload[1]/4	655		655	00000C3C	00027C0C	00027E0C	1	0402	ordinary_sample_offset
TALK1.DAT	talk_remainder	payload[1]/4	656		656	00000C40	00027D06	00027F06	1	0402	ordinary_sample_offset
TALK1.DAT	talk_remainder	payload[1]/4	657		657	00000C44	00027D0A	00027F0A	1	0402	ordinary_sample_offset
TALK1.DAT	talk_remainder	payload[1]/4	658		658	00000C48	00027D0E	00027F0E	1	007E	ordinary_sample_offset
TALK1.DAT	talk_remainder	payload[1]/4	659		659	00000C4C	00027EE3	000280E3	1	0402	ordinary_sample_offset
TALK1.DAT	talk_remainder	payload[1]/4	660		660	00000C50	00027EE7	000280E7	1	007E	ordinary_sample_offset
TALK1.DAT	talk_remainder	payload[1]/4	661		661	00000C54	00027F36	00028136	1	007E	ordinary_sample_offset
TALK1.DAT	talk_remainder	payload[1]/4	662		662	00000C58	00027F85	00028185	1	007E	ordinary_sample_offset
TALK1.DAT	talk_remainder	payload[1]/4	663		663	00000C5C	00027FD4	000281D4	1	007E	ordinary_sample_offset
TALK1.DAT	talk_remainder	payload[1]/4	664		664	00000C60	00028023	00028223	1	007E	ordinary_sample_offset
TALK1.DAT	talk_remainder	payload[1]/4	665		665	00000C64	00028072	00028272	1	007E	ordinary_sample_offset
TALK1.DAT	talk_remainder	payload[1]/4	666		666	00000C68	000280C1	000282C1	1	007E	ordinary_sample_offset
TALK1.DAT	talk_remainder	payload[1]/4	667		667	00000C6C	00028111	00028311	1	007E	ordinary_sample_offset
TALK1.DAT	talk_remainder	payload[1]/4	668		668	00000C70	00028160	00028360	1	007E	ordinary_sample_offset
TALK1.DAT	talk_remainder	payload[1]/4	669		669	00000C74	000281B0	000283B0	1	007E	ordinary_sample_offset
TALK1.DAT	talk_remainder	payload[1]/4	670		670	00000C78	000281FF	000283FF	1	007E	ordinary_sample_offset
TALK1.DAT	talk_remainder	payload[1]/4	671		671	00000C7C	0002824E	0002844E	1	007E	ordinary_sample_offset
TALK1.DAT	talk_remainder	payload[1]/4	672		672	00000C80	0002829D	0002849D	1	0402	ordinary_sample_offset
TALK1.DAT	talk_remainder	payload[1]/4	673		673	00000C84	0002844E	0002864E	1	007E	ordinary_sample_offset
TALK1.DAT	talk_remainder	payload[1]/4	674		674	00000C88	0002849D	0002869D	1	007E	ordinary_sample_offset
TALK1.DAT	talk_remainder	payload[1]/4	675		675	00000C8C	000284EC	000286EC	1	007E	ordinary_sample_offset
TALK1.DAT	talk_remainder	payload[1]/4	676		676	00000C90	0002853B	0002873B	1	007E	ordinary_sample_offset
TALK1.DAT	talk_remainder	payload[1]/4	677		677	00000C94	0002858A	0002878A	1	007E	ordinary_sample_offset
TALK1.DAT	talk_remainder	payload[1]/4	678		678	00000C98	000285D9	000287D9	1	007E	ordinary_sample_offset
TALK1.DAT	talk_remainder	payload[1]/4	679		679	00000C9C	00028626	00028826	1	007E	ordinary_sample_offset
TALK1.DAT	talk_remainder	payload[1]/4	680		680	00000CA0	00028675	00028875	1	0402	ordinary_sample_offset
TALK1.DAT	talk_remainder	payload[1]/4	681		681	00000CA4	00028679	00028879	1	0402	ordinary_sample_offset
TALK1.DAT	talk_remainder	payload[1]/4	682		682	00000CA8	000286BA	000288BA	1	0402	ordinary_sample_offset
TALK1.DAT	talk_remainder	payload[1]/4	683		683	00000CAC	000286FB	000288FB	1	0402	ordinary_sample_offset
TALK1.DAT	talk_remainder	payload[1]/4	684		684	00000CB0	00028739	00028939	1	0402	ordinary_sample_offset
TALK1.DAT	talk_remainder	payload[1]/4	685		685	00000CB4	00028776	00028976	1	007E	ordinary_sample_offset
TALK1.DAT	talk_remainder	payload[1]/4	686		686	00000CB8	000287C5	000289C5	1	007E	ordinary_sample_offset
TALK1.DAT	talk_remainder	payload[1]/4	687		687	00000CBC	00028814	00028A14	1	007E	ordinary_sample_offset
TALK1.DAT	talk_remainder	payload[1]/4	688		688	00000CC0	00028863	00028A63	1	007E	ordinary_sample_offset
TALK1.DAT	talk_remainder	payload[1]/4	689		689	00000CC4	000288B3	00028AB3	1	007E	ordinary_sample_offset
TALK1.DAT	talk_remainder	payload[1]/4	690		690	00000CC8	00028902	00028B02	1	0402	ordinary_sample_offset
TALK1.DAT	talk_remainder	payload[1]/4	691		691	00000CCC	00028A1F	00028C1F	1	0402	ordinary_sample_offset
TALK1.DAT	talk_remainder	payload[1]/4	692		692	00000CD0	00028A61	00028C61	1	0402	ordinary_sample_offset
TALK1.DAT	talk_remainder	payload[1]/4	693		693	00000CD4	00028AA3	00028CA3	1	007E	ordinary_sample_offset
TALK1.DAT	talk_remainder	payload[1]/4	694		694	00000CD8	00028AF2	00028CF2	1	007E	ordinary_sample_offset
TALK1.DAT	talk_remainder	payload[1]/4	695		695	00000CDC	00028B41	00028D41	1	007E	ordinary_sample_offset
TALK1.DAT	talk_remainder	payload[1]/4	696		696	00000CE0	00028B90	00028D90	1	0402	ordinary_sample_offset
TALK1.DAT	talk_remainder	payload[1]/4	697		697	00000CE4	00028BD1	00028DD1	1	0402	ordinary_sample_offset
TALK1.DAT	talk_remainder	payload[1]/4	698		698	00000CE8	00028C12	00028E12	1	0402	ordinary_sample_offset
TALK1.DAT	talk_remainder	payload[1]/4	699		699	00000CEC	00028C53	00028E53	1	007E	ordinary_sample_offset
TALK1.DAT	talk_remainder	payload[1]/4	700		700	00000CF0	00028D4B	00028F4B	1	0402	ordinary_sample_offset
TALK1.DAT	talk_remainder	payload[1]/4	701		701	00000CF4	00029A83	00029C83	1	0402	ordinary_sample_offset
TALK1.DAT	talk_remainder	payload[1]/4	702		702	00000CF8	00029BBB	00029DBB	1	0402	ordinary_sample_offset
TALK1.DAT	talk_remainder	payload[1]/4	703		703	00000CFC	00029CF5	00029EF5	1	0402	ordinary_sample_offset
TALK1.DAT	talk_remainder	payload[1]/4	704		704	00000D00	0002A438	0002A638	1	0402	ordinary_sample_offset
TALK1.DAT	talk_remainder	payload[1]/4	705		705	00000D04	0002A440	0002A640	1	0402	ordinary_sample_offset
TALK1.DAT	talk_remainder	payload[1]/4	706		706	00000D08	0002ACC9	0002AEC9	1	0402	ordinary_sample_offset
TALK1.DAT	talk_remainder	payload[1]/4	707		707	00000D0C	0002AD2F	0002AF2F	1	0402	ordinary_sample_offset
TALK1.DAT	talk_remainder	payload[1]/4	708		708	00000D10	0002B06E	0002B26E	1	0402	ordinary_sample_offset
TALK1.DAT	talk_remainder	payload[1]/4	709		709	00000D14	0002B072	0002B272	1	0402	ordinary_sample_offset
TALK1.DAT	talk_remainder	payload[1]/4	710		710	00000D18	0002B076	0002B276	1	0402	ordinary_sample_offset
TALK1.DAT	talk_remainder	payload[1]/4	711		711	00000D1C	0002C52D	0002C72D	1	0402	ordinary_sample_offset
TALK1.DAT	talk_remainder	payload[1]/4	712		712	00000D20	0002C60F	0002C80F	1	0402	ordinary_sample_offset
TALK1.DAT	talk_remainder	payload[1]/4	713		713	00000D24	0002C6F5	0002C8F5	1	0402	ordinary_sample_offset
TALK1.DAT	talk_remainder	payload[1]/4	714		714	00000D28	0002C7ED	0002C9ED	1	0402	ordinary_sample_offset
TALK1.DAT	talk_remainder	payload[1]/4	715		715	00000D2C	0002C873	0002CA73	1	0402	ordinary_sample_offset
TALK1.DAT	talk_remainder	payload[1]/4	716		716	00000D30	0002E633	0002E833	1	0402	ordinary_sample_offset
TALK1.DAT	talk_remainder	payload[1]/4	717		717	00000D34	0002E71F	0002E91F	1	0402	ordinary_sample_offset
TALK1.DAT	talk_remainder	payload[1]/4	718		718	00000D38	0002E723	0002E923	1	0402	ordinary_sample_offset
TALK1.DAT	talk_remainder	payload[1]/4	719		719	00000D3C	0003EE13	0003F013	1	0402	ordinary_sample_offset
TALK1.DAT	talk_remainder	payload[1]/4	720		720	00000D40	0003EE4F	0003F04F	1	0402	ordinary_sample_offset
TALK1.DAT	talk_remainder	payload[1]/4	721		721	00000D44	0002E781	0002E981	1	0402	ordinary_sample_offset
TALK1.DAT	talk_remainder	payload[1]/4	722		722	00000D48	0002EEA6	0002F0A6	1	0402	ordinary_sample_offset
TALK1.DAT	talk_remainder	payload[1]/4	723		723	00000D4C	0001B865	0001BA65	1	0402	ordinary_sample_offset
TALK1.DAT	talk_remainder	payload[1]/4	724		724	00000D50	0001B88B	0001BA8B	1	0402	ordinary_sample_offset
TALK1.DAT	talk_remainder	payload[1]/4	725		725	00000D54	0001B8B1	0001BAB1	1	0402	ordinary_sample_offset
TALK1.DAT	talk_remainder	payload[1]/4	726		726	00000D58	0001B8D7	0001BAD7	1	0402	ordinary_sample_offset
TALK1.DAT	talk_remainder	payload[1]/4	727		727	00000D5C	0001B8FD	0001BAFD	1	0402	ordinary_sample_offset
TALK1.DAT	talk_remainder	payload[1]/4	728		728	00000D60	00025BEB	00025DEB	1	0402	ordinary_sample_offset
TALK1.DAT	talk_remainder	payload[1]/4	729		729	00000D64	00034609	00034809	1	0402	ordinary_sample_offset
TALK1.DAT	talk_remainder	payload[1]/4	730		730	00000D68	00034A1F	00034C1F	1	0402	ordinary_sample_offset
TALK1.DAT	talk_remainder	payload[1]/4	731		731	00000D6C	0002C8F9	0002CAF9	1	0402	ordinary_sample_offset
TALK1.DAT	talk_remainder	payload[1]/4	732		732	00000D70	0002C971	0002CB71	1	0402	ordinary_sample_offset
TALK1.DAT	talk_remainder	payload[1]/4	733		733	00000D74	0002C9EB	0002CBEB	1	0402	ordinary_sample_offset
TALK1.DAT	talk_remainder	payload[1]/4	734		734	00000D78	0002CC3F	0002CE3F	1	0402	ordinary_sample_offset
TALK1.DAT	talk_remainder	payload[1]/4	735		735	00000D7C	0002CC87	0002CE87	1	0402	ordinary_sample_offset
TALK1.DAT	talk_remainder	payload[1]/4	736		736	00000D80	0002CCCF	0002CECF	1	0402	ordinary_sample_offset
TALK1.DAT	talk_remainder	payload[1]/4	737		737	00000D84	0002CD49	0002CF49	1	0402	ordinary_sample_offset
TALK1.DAT	talk_remainder	payload[1]/4	738		738	00000D88	0002CE2F	0002D02F	1	0402	ordinary_sample_offset
TALK1.DAT	talk_remainder	payload[1]/4	739		739	00000D8C	0002CEA9	0002D0A9	1	0402	ordinary_sample_offset
TALK1.DAT	talk_remainder	payload[1]/4	740		740	00000D90	0002CF27	0002D127	1	0402	ordinary_sample_offset
TALK1.DAT	talk_remainder	payload[1]/4	741		741	00000D94	0002D011	0002D211	1	0402	ordinary_sample_offset
TALK1.DAT	talk_remainder	payload[1]/4	742		742	00000D98	0002D0FB	0002D2FB	1	0402	ordinary_sample_offset
TALK1.DAT	talk_remainder	payload[1]/4	743		743	00000D9C	0002D191	0002D391	1	0402	ordinary_sample_offset
TALK1.DAT	talk_remainder	payload[1]/4	744		744	00000DA0	0002D27B	0002D47B	1	0402	ordinary_sample_offset
TALK1.DAT	talk_remainder	payload[1]/4	745		745	00000DA4	0002D301	0002D501	1	0402	ordinary_sample_offset
TALK1.DAT	talk_remainder	payload[1]/4	746		746	00000DA8	0002D3ED	0002D5ED	1	0402	ordinary_sample_offset
TALK1.DAT	talk_remainder	payload[1]/4	747		747	00000DAC	0002D46B	0002D66B	1	0402	ordinary_sample_offset
TALK1.DAT	talk_remainder	payload[1]/4	748		748	00000DB0	0002D557	0002D757	1	0402	ordinary_sample_offset
TALK1.DAT	talk_remainder	payload[1]/4	749		749	00000DB4	0002D643	0002D843	1	0402	ordinary_sample_offset
TALK1.DAT	talk_remainder	payload[1]/4	750		750	00000DB8	0002D6CD	0002D8CD	1	0402	ordinary_sample_offset
TALK1.DAT	talk_remainder	payload[1]/4	751		751	00000DBC	0002D7C1	0002D9C1	1	0402	ordinary_sample_offset
TALK1.DAT	talk_remainder	payload[1]/4	752		752	00000DC0	0002D8AB	0002DAAB	1	0402	ordinary_sample_offset
TALK1.DAT	talk_remainder	payload[1]/4	753		753	00000DC4	0002D929	0002DB29	1	0402	ordinary_sample_offset
TALK1.DAT	talk_remainder	payload[1]/4	754		754	00000DC8	0002DA13	0002DC13	1	0402	ordinary_sample_offset
TALK1.DAT	talk_remainder	payload[1]/4	755		755	00000DCC	0002DA99	0002DC99	1	0402	ordinary_sample_offset
TALK1.DAT	talk_remainder	payload[1]/4	756		756	00000DD0	0002DB8D	0002DD8D	1	0402	ordinary_sample_offset
TALK1.DAT	talk_remainder	payload[1]/4	757		757	00000DD4	0002DC81	0002DE81	1	0402	ordinary_sample_offset
TALK1.DAT	talk_remainder	payload[1]/4	758		758	00000DD8	0002DD13	0002DF13	1	0402	ordinary_sample_offset
TALK1.DAT	talk_remainder	payload[1]/4	759		759	00000DDC	0002DE13	0002E013	1	0402	ordinary_sample_offset
TALK1.DAT	talk_remainder	payload[1]/4	760		760	00000DE0	0002DEFF	0002E0FF	1	0402	ordinary_sample_offset
TALK1.DAT	talk_remainder	payload[1]/4	761		761	00000DE4	0002E001	0002E201	1	0402	ordinary_sample_offset
TALK1.DAT	talk_remainder	payload[1]/4	762		762	00000DE8	0002E0ED	0002E2ED	1	0402	ordinary_sample_offset
TALK1.DAT	talk_remainder	payload[1]/4	763		763	00000DEC	0002E0F1	0002E2F1	1	0402	ordinary_sample_offset
TALK1.DAT	talk_remainder	payload[1]/4	764		764	00000DF0	0002E127	0002E327	1	0402	ordinary_sample_offset
TALK1.DAT	talk_remainder	payload[1]/4	765		765	00000DF4	0002E211	0002E411	1	0402	ordinary_sample_offset
TALK1.DAT	talk_remainder	payload[1]/4	766		766	00000DF8	0002E305	0002E505	1	0402	ordinary_sample_offset
TALK1.DAT	talk_remainder	payload[1]/4	767		767	00000DFC	0002E387	0002E587	1	0402	ordinary_sample_offset
TALK1.DAT	talk_remainder	payload[1]/4	768		768	00000E00	0002E44B	0002E64B	1	0402	ordinary_sample_offset
TALK1.DAT	talk_remainder	payload[1]/4	769		769	00000E04	0002E4C9	0002E6C9	1	0402	ordinary_sample_offset
TALK1.DAT	talk_remainder	payload[1]/4	770		770	00000E08	0002E547	0002E747	1	0402	ordinary_sample_offset
TALK1.DAT	talk_remainder	payload[1]/4	771		771	00000E0C	00034DEC	00034FEC	1	0402	ordinary_sample_offset
TALK1.DAT	talk_remainder	payload[1]/4	772		772	00000E10	0003541F	0003561F	1	0402	ordinary_sample_offset
TALK1.DAT	talk_remainder	payload[1]/4	773		773	00000E14	0003592B	00035B2B	1	0402	ordinary_sample_offset
TALK1.DAT	talk_remainder	payload[1]/4	774		774	00000E18	00035BB7	00035DB7	1	0402	ordinary_sample_offset
TALK1.DAT	talk_remainder	payload[1]/4	775		775	00000E1C	00035CB5	00035EB5	1	0402	ordinary_sample_offset
TALK1.DAT	talk_remainder	payload[1]/4	776		776	00000E20	00035D65	00035F65	1	0402	ordinary_sample_offset
TALK1.DAT	talk_remainder	payload[1]/4	777		777	00000E24	00035DCD	00035FCD	1	0402	ordinary_sample_offset
TALK1.DAT	talk_remainder	payload[1]/4	778		778	00000E28	00035E3F	0003603F	1	0402	ordinary_sample_offset
TALK1.DAT	talk_remainder	payload[1]/4	779		779	00000E2C	00035E53	00036053	1	0402	ordinary_sample_offset
TALK1.DAT	talk_remainder	payload[1]/4	780		780	00000E30	00035FCF	000361CF	1	0402	ordinary_sample_offset
TALK1.DAT	talk_remainder	payload[1]/4	781		781	00000E34	000360EF	000362EF	1	0402	ordinary_sample_offset
TALK1.DAT	talk_remainder	payload[1]/4	782		782	00000E38	0003626D	0003646D	1	0402	ordinary_sample_offset
TALK1.DAT	talk_remainder	payload[1]/4	783		783	00000E3C	0004EDE3	0004EFE3	1	0402	ordinary_sample_offset
TALK1.DAT	talk_remainder	payload[1]/4	784		784	00000E40	0004EE65	0004F065	1	0402	ordinary_sample_offset
TALK1.DAT	talk_remainder	payload[1]/4	785		785	00000E44	00036437	00036637	1	0402	ordinary_sample_offset
TALK1.DAT	talk_remainder	payload[1]/4	786		786	00000E48	00036D96	00036F96	1	0402	ordinary_sample_offset
TALK1.DAT	talk_remainder	payload[1]/4	787		787	00000E4C	00036EB4	000370B4	1	0402	ordinary_sample_offset
TALK1.DAT	talk_remainder	payload[1]/4	788		788	00000E50	00037234	00037434	1	0402	ordinary_sample_offset
TALK1.DAT	talk_remainder	payload[1]/4	789		789	00000E54	0003755E	0003775E	1	0402	ordinary_sample_offset
TALK1.DAT	talk_remainder	payload[1]/4	790		790	00000E58	00035E47	00036047	1	0402	ordinary_sample_offset
TALK1.DAT	talk_remainder	payload[1]/4	791		791	00000E5C	00037787	00037987	1	0402	ordinary_sample_offset
TALK1.DAT	talk_remainder	payload[1]/4	792		792	00000E60	0004EF13	0004F113	1	0402	ordinary_sample_offset
TALK1.DAT	talk_remainder	payload[1]/4	793		793	00000E64	00038943	00038B43	1	0402	ordinary_sample_offset
TALK1.DAT	talk_remainder	payload[1]/4	794		794	00000E68	00037A61	00037C61	1	0402	ordinary_sample_offset
TALK1.DAT	talk_remainder	payload[1]/4	795		795	00000E6C	0003824A	0003844A	1	0402	ordinary_sample_offset
TALK1.DAT	talk_remainder	payload[1]/4	796		796	00000E70	000387C1	000389C1	1	0402	ordinary_sample_offset
TALK1.DAT	talk_remainder	payload[1]/4	797		797	00000E74	0004F023	0004F223	1	0402	ordinary_sample_offset
TALK1.DAT	talk_remainder	payload[1]/4	798		798	00000E78	00034915	00034B15	1	0402	ordinary_sample_offset
TALK1.DAT	talk_remainder	payload[1]/4	799		799	00000E7C	00038FE7	000391E7	1	0402	ordinary_sample_offset
TALK1.DAT	talk_remainder	payload[1]/4	800		800	00000E80	00038BC7	00038DC7	1	0402	ordinary_sample_offset
TALK1.DAT	talk_remainder	payload[1]/4	801		801	00000E84	00039BAD	00039DAD	1	0402	ordinary_sample_offset
TALK1.DAT	talk_remainder	payload[1]/4	802		802	00000E88	00039BE3	00039DE3	1	0402	ordinary_sample_offset
TALK1.DAT	talk_remainder	payload[1]/4	803		803	00000E8C	0004F1A2	0004F3A2	1	0402	ordinary_sample_offset
TALK1.DAT	talk_remainder	payload[1]/4	804		804	00000E90	0003C057	0003C257	1	0402	ordinary_sample_offset
TALK1.DAT	talk_remainder	payload[1]/4	805		805	00000E94	0003CB29	0003CD29	1	0402	ordinary_sample_offset
TALK1.DAT	talk_remainder	payload[1]/4	806		806	00000E98	0003CB2D	0003CD2D	1	0402	ordinary_sample_offset
TALK1.DAT	talk_remainder	payload[1]/4	807		807	00000E9C	0003CCD7	0003CED7	1	0402	ordinary_sample_offset
TALK1.DAT	talk_remainder	payload[1]/4	808		808	00000EA0	0003CD0D	0003CF0D	1	0402	ordinary_sample_offset
TALK1.DAT	talk_remainder	payload[1]/4	809		809	00000EA4	0003CD43	0003CF43	1	0402	ordinary_sample_offset
TALK1.DAT	talk_remainder	payload[1]/4	810		810	00000EA8	0003CF2D	0003D12D	1	0402	ordinary_sample_offset
TALK1.DAT	talk_remainder	payload[1]/4	811		811	00000EAC	0003D0D9	0003D2D9	1	0402	ordinary_sample_offset
TALK1.DAT	talk_remainder	payload[1]/4	812		812	00000EB0	0003D315	0003D515	1	0402	ordinary_sample_offset
TALK1.DAT	talk_remainder	payload[1]/4	813		813	00000EB4	0003D34B	0003D54B	1	0402	ordinary_sample_offset
TALK1.DAT	talk_remainder	payload[1]/4	814		814	00000EB8	0003D37B	0003D57B	1	0402	ordinary_sample_offset
TALK1.DAT	talk_remainder	payload[1]/4	815		815	00000EBC	0003D38B	0003D58B	1	0402	ordinary_sample_offset
TALK1.DAT	talk_remainder	payload[1]/4	816		816	00000EC0	0003D39B	0003D59B	1	0402	ordinary_sample_offset
TALK1.DAT	talk_remainder	payload[1]/4	817		817	00000EC4	0003EF2F	0003F12F	1	0402	ordinary_sample_offset
TALK1.DAT	talk_remainder	payload[1]/4	818		818	00000EC8	0003EF65	0003F165	1	0402	ordinary_sample_offset
TALK1.DAT	talk_remainder	payload[1]/4	819		819	00000ECC	0003EF9B	0003F19B	1	0402	ordinary_sample_offset
TALK1.DAT	talk_remainder	payload[1]/4	820		820	00000ED0	0003EFD1	0003F1D1	1	0402	ordinary_sample_offset
TALK1.DAT	talk_remainder	payload[1]/4	821		821	00000ED4	0003FE89	00040089	1	0402	ordinary_sample_offset
TALK1.DAT	talk_remainder	payload[1]/4	822		822	00000ED8	00042CB1	00042EB1	1	0402	ordinary_sample_offset
TALK1.DAT	talk_remainder	payload[1]/4	823		823	00000EDC	000431AF	000433AF	1	0402	ordinary_sample_offset
TALK1.DAT	talk_remainder	payload[1]/4	824		824	00000EE0	00043224	00043424	1	0402	ordinary_sample_offset
TALK1.DAT	talk_remainder	payload[1]/4	825		825	00000EE4	00043260	00043460	1	0402	ordinary_sample_offset
TALK1.DAT	talk_remainder	payload[1]/4	826		826	00000EE8	000432A6	000434A6	1	0402	ordinary_sample_offset
TALK1.DAT	talk_remainder	payload[1]/4	827		827	00000EEC	00043A0A	00043C0A	1	0402	ordinary_sample_offset
TALK1.DAT	talk_remainder	payload[1]/4	828		828	00000EF0	00043A40	00043C40	1	0402	ordinary_sample_offset
TALK1.DAT	talk_remainder	payload[1]/4	829		829	00000EF4	00043A76	00043C76	1	0402	ordinary_sample_offset
TALK1.DAT	talk_remainder	payload[1]/4	830		830	00000EF8	00043AAC	00043CAC	1	0402	ordinary_sample_offset
TALK1.DAT	talk_remainder	payload[1]/4	831		831	00000EFC	00044504	00044704	1	0402	ordinary_sample_offset
TALK1.DAT	talk_remainder	payload[1]/4	832		832	00000F00	0004454A	0004474A	1	0402	ordinary_sample_offset
TALK1.DAT	talk_remainder	payload[1]/4	833		833	00000F04	00044590	00044790	1	0402	ordinary_sample_offset
TALK1.DAT	talk_remainder	payload[1]/4	834		834	00000F08	000445D6	000447D6	1	0402	ordinary_sample_offset
TALK1.DAT	talk_remainder	payload[1]/4	835		835	00000F0C	0004461C	0004481C	1	0402	ordinary_sample_offset
TALK1.DAT	talk_remainder	payload[1]/4	836		836	00000F10	00044662	00044862	1	0402	ordinary_sample_offset
TALK1.DAT	talk_remainder	payload[1]/4	837		837	00000F14	000446A8	000448A8	1	0402	ordinary_sample_offset
TALK1.DAT	talk_remainder	payload[1]/4	838		838	00000F18	000446EE	000448EE	1	0402	ordinary_sample_offset
TALK1.DAT	talk_remainder	payload[1]/4	839		839	00000F1C	00044734	00044934	1	0402	ordinary_sample_offset
TALK1.DAT	talk_remainder	payload[1]/4	840		840	00000F20	0004477A	0004497A	1	0402	ordinary_sample_offset
TALK1.DAT	talk_remainder	payload[1]/4	841		841	00000F24	000447C0	000449C0	1	0402	ordinary_sample_offset
TALK1.DAT	talk_remainder	payload[1]/4	842		842	00000F28	00044806	00044A06	1	0402	ordinary_sample_offset
TALK1.DAT	talk_remainder	payload[1]/4	843		843	00000F2C	0004484C	00044A4C	1	0402	ordinary_sample_offset
TALK1.DAT	talk_remainder	payload[1]/4	844		844	00000F30	00044882	00044A82	1	0402	ordinary_sample_offset
TALK1.DAT	talk_remainder	payload[1]/4	845		845	00000F34	000448B8	00044AB8	1	0402	ordinary_sample_offset
TALK1.DAT	talk_remainder	payload[1]/4	846		846	00000F38	000448EE	00044AEE	1	0402	ordinary_sample_offset
TALK1.DAT	talk_remainder	payload[1]/4	847		847	00000F3C	00044924	00044B24	1	0402	ordinary_sample_offset
TALK1.DAT	talk_remainder	payload[1]/4	848		848	00000F40	0004495A	00044B5A	1	0402	ordinary_sample_offset
TALK1.DAT	talk_remainder	payload[1]/4	849		849	00000F44	00044990	00044B90	1	0402	ordinary_sample_offset
TALK1.DAT	talk_remainder	payload[1]/4	850		850	00000F48	000449C6	00044BC6	1	0402	ordinary_sample_offset
TALK1.DAT	talk_remainder	payload[1]/4	851		851	00000F4C	00044A2A	00044C2A	1	0402	ordinary_sample_offset
TALK1.DAT	talk_remainder	payload[1]/4	852		852	00000F50	00044A94	00044C94	1	0402	ordinary_sample_offset
TALK1.DAT	talk_remainder	payload[1]/4	853		853	00000F54	00044F6D	0004516D	1	0402	ordinary_sample_offset
TALK1.DAT	talk_remainder	payload[1]/4	854		854	00000F58	00044FA3	000451A3	1	0402	ordinary_sample_offset
TALK1.DAT	talk_remainder	payload[1]/4	855		855	00000F5C	00044FD9	000451D9	1	0402	ordinary_sample_offset
TALK1.DAT	talk_remainder	payload[1]/4	856		856	00000F60	0004500F	0004520F	1	0402	ordinary_sample_offset
TALK1.DAT	talk_remainder	payload[1]/4	857		857	00000F64	00045045	00045245	1	0402	ordinary_sample_offset
TALK1.DAT	talk_remainder	payload[1]/4	858		858	00000F68	00046878	00046A78	1	0402	ordinary_sample_offset
TALK1.DAT	talk_remainder	payload[1]/4	859		859	00000F6C	000468AE	00046AAE	1	0402	ordinary_sample_offset
TALK1.DAT	talk_remainder	payload[1]/4	860		860	00000F70	000468B2	00046AB2	1	0402	ordinary_sample_offset
TALK1.DAT	talk_remainder	payload[1]/4	861		861	00000F74	000468DA	00046ADA	1	0402	ordinary_sample_offset
TALK1.DAT	talk_remainder	payload[1]/4	862		862	00000F78	00046A00	00046C00	1	0402	ordinary_sample_offset
TALK1.DAT	talk_remainder	payload[1]/4	863		863	00000F7C	00046A36	00046C36	1	0402	ordinary_sample_offset
TALK1.DAT	talk_remainder	payload[1]/4	864		864	00000F80	00047CC2	00047EC2	1	0402	ordinary_sample_offset
TALK1.DAT	talk_remainder	payload[1]/4	865		865	00000F84	00048214	00048414	1	0402	ordinary_sample_offset
TALK1.DAT	talk_remainder	payload[1]/4	866		866	00000F88	0004824E	0004844E	1	0402	ordinary_sample_offset
TALK1.DAT	talk_remainder	payload[1]/4	867		867	00000F8C	00048284	00048484	1	0402	ordinary_sample_offset
TALK1.DAT	talk_remainder	payload[1]/4	868		868	00000F90	000482E0	000484E0	1	0402	ordinary_sample_offset
TALK1.DAT	talk_remainder	payload[1]/4	869		869	00000F94	00048338	00048538	1	0402	ordinary_sample_offset
TALK1.DAT	talk_remainder	payload[1]/4	870		870	00000F98	00048392	00048592	1	0402	ordinary_sample_offset
TALK1.DAT	talk_remainder	payload[1]/4	871		871	00000F9C	00048502	00048702	1	0402	ordinary_sample_offset
TALK1.DAT	talk_remainder	payload[1]/4	872		872	00000FA0	0004860F	0004880F	1	0402	ordinary_sample_offset
TALK1.DAT	talk_remainder	payload[1]/4	873		873	00000FA4	0004865D	0004885D	1	0402	ordinary_sample_offset
TALK1.DAT	talk_remainder	payload[1]/4	874		874	00000FA8	000486AB	000488AB	1	0402	ordinary_sample_offset
TALK1.DAT	talk_remainder	payload[1]/4	875		875	00000FAC	000486F9	000488F9	1	0402	ordinary_sample_offset
TALK1.DAT	talk_remainder	payload[1]/4	876		876	00000FB0	0004872F	0004892F	1	0402	ordinary_sample_offset
TALK1.DAT	talk_remainder	payload[1]/4	877		877	00000FB4	0004876B	0004896B	1	0402	ordinary_sample_offset
TALK1.DAT	talk_remainder	payload[1]/4	878		878	00000FB8	000487A9	000489A9	1	0402	ordinary_sample_offset
TALK1.DAT	talk_remainder	payload[1]/4	879		879	00000FBC	000487E3	000489E3	1	0402	ordinary_sample_offset
TALK1.DAT	talk_remainder	payload[1]/4	880		880	00000FC0	00048819	00048A19	1	0402	ordinary_sample_offset
TALK1.DAT	talk_remainder	payload[1]/4	881		881	00000FC4	0004884F	00048A4F	1	0402	ordinary_sample_offset
TALK1.DAT	talk_remainder	payload[1]/4	882		882	00000FC8	00049207	00049407	1	0402	ordinary_sample_offset
TALK1.DAT	talk_remainder	payload[1]/4	883		883	00000FCC	0004924D	0004944D	1	0402	ordinary_sample_offset
TALK1.DAT	talk_remainder	payload[1]/4	884		884	00000FD0	00049283	00049483	1	0402	ordinary_sample_offset
TALK1.DAT	talk_remainder	payload[1]/4	885		885	00000FD4	000492B9	000494B9	1	0402	ordinary_sample_offset
TALK1.DAT	talk_remainder	payload[1]/4	886		886	00000FD8	000492F9	000494F9	1	0402	ordinary_sample_offset
TALK1.DAT	talk_remainder	payload[1]/4	887		887	00000FDC	00049337	00049537	1	0402	ordinary_sample_offset
TALK1.DAT	talk_remainder	payload[1]/4	888		888	00000FE0	0002EF2E	0002F12E	1	0402	ordinary_sample_offset
TALK1.DAT	talk_remainder	payload[1]/4	889		889	00000FE4	0002EF64	0002F164	1	0402	ordinary_sample_offset
TALK1.DAT	talk_remainder	payload[1]/4	890		890	00000FE8	000301E6	000303E6	1	0402	ordinary_sample_offset
TALK1.DAT	talk_remainder	payload[1]/4	891		891	00000FEC	0003022E	0003042E	1	0402	ordinary_sample_offset
TALK1.DAT	talk_remainder	payload[1]/4	892		892	00000FF0	00030616	00030816	1	0402	ordinary_sample_offset
TALK1.DAT	talk_remainder	payload[1]/4	893		893	00000FF4	0003065A	0003085A	1	0402	ordinary_sample_offset
TALK1.DAT	talk_remainder	payload[1]/4	894		894	00000FF8	00030694	00030894	1	0402	ordinary_sample_offset
TALK1.DAT	talk_remainder	payload[1]/4	895		895	00000FFC	000060C9	000062C9	1	00A1	ordinary_sample_offset
TALK1.DAT	talk_remainder	payload[1]/4	896		896	00001000	000060CD	000062CD	1	00A1	ordinary_sample_offset
TALK1.DAT	talk_remainder	payload[1]/4	897		897	00001004	000060D1	000062D1	1	0402	ordinary_sample_offset
TALK1.DAT	talk_remainder	payload[1]/4	898		898	00001008	0004F474	0004F674	1	0402	ordinary_sample_offset
TALK1.DAT	talk_remainder	payload[1]/4	899		899	0000100C	0004F4DA	0004F6DA	1	0402	ordinary_sample_offset
TALK1.DAT	talk_remainder	payload[1]/4	900		900	00001010	0004F540	0004F740	1	0402	ordinary_sample_offset
TALK1.DAT	talk_remainder	payload[1]/4	901		901	00001014	0004F5AA	0004F7AA	1	0402	ordinary_sample_offset
TALK1.DAT	talk_remainder	payload[1]/4	902		902	00001018	0002C519	0002C719	1	0402	ordinary_sample_offset
TALK1.DAT	talk_remainder	payload[1]/4	903		903	0000101C	0002C529	0002C729	1	0402	ordinary_sample_offset
TALK1.DAT	talk_remainder	payload[1]/4	904		904	00001020	000497C3	000499C3	1	0402	ordinary_sample_offset
TALK1.DAT	talk_remainder	payload[1]/4	905		905	00001024	000497C7	000499C7	1	0402	ordinary_sample_offset
TALK1.DAT	talk_remainder	payload[1]/4	906		906	00001028	000497CB	000499CB	1	0402	ordinary_sample_offset
TALK1.DAT	talk_remainder	payload[1]/4	907		907	0000102C	000497CF	000499CF	1	0402	ordinary_sample_offset
TALK1.DAT	talk_remainder	payload[1]/4	908		908	00001030	000497D3	000499D3	1	0402	ordinary_sample_offset
TALK1.DAT	talk_remainder	payload[1]/4	909		909	00001034	000497D7	000499D7	1	0402	ordinary_sample_offset
TALK1.DAT	talk_remainder	payload[1]/4	910		910	00001038	000497DB	000499DB	1	0402	ordinary_sample_offset
TALK1.DAT	talk_remainder	payload[1]/4	911		911	0000103C	000497DF	000499DF	1	0402	ordinary_sample_offset
TALK1.DAT	talk_remainder	payload[1]/4	912		912	00001040	000497E3	000499E3	1	0402	ordinary_sample_offset
TALK1.DAT	talk_remainder	payload[1]/4	913		913	00001044	000497E7	000499E7	1	0402	ordinary_sample_offset
TALK1.DAT	talk_remainder	payload[1]/4	914		914	00001048	000497EB	000499EB	1	0402	ordinary_sample_offset
TALK1.DAT	talk_remainder	payload[1]/4	915		915	0000104C	000497EF	000499EF	1	0402	ordinary_sample_offset
TALK1.DAT	talk_remainder	payload[1]/4	916		916	00001050	000497F3	000499F3	1	0402	ordinary_sample_offset
TALK1.DAT	talk_remainder	payload[1]/4	917		917	00001054	000497F7	000499F7	1	0402	ordinary_sample_offset
TALK1.DAT	talk_remainder	payload[1]/4	918		918	00001058	000497FB	000499FB	1	0402	ordinary_sample_offset
TALK1.DAT	talk_remainder	payload[1]/4	919		919	0000105C	000497FF	000499FF	1	0402	ordinary_sample_offset
TALK1.DAT	talk_remainder	payload[1]/4	920		920	00001060	00049803	00049A03	1	0402	ordinary_sample_offset
TALK1.DAT	talk_remainder	payload[1]/4	921		921	00001064	00049807	00049A07	1	0402	ordinary_sample_offset
TALK1.DAT	talk_remainder	payload[1]/4	922		922	00001068	0004980B	00049A0B	1	0402	ordinary_sample_offset
TALK1.DAT	talk_remainder	payload[1]/4	923		923	0000106C	0004980F	00049A0F	1	0402	ordinary_sample_offset
TALK1.DAT	talk_remainder	payload[1]/4	924		924	00001070	00049813	00049A13	1	0402	ordinary_sample_offset
TALK1.DAT	talk_remainder	payload[1]/4	925		925	00001074	00049817	00049A17	1	0402	ordinary_sample_offset
TALK1.DAT	talk_remainder	payload[1]/4	926		926	00001078	0004981B	00049A1B	1	0402	ordinary_sample_offset
TALK1.DAT	talk_remainder	payload[1]/4	927		927	0000107C	00049821	00049A21	1	0402	ordinary_sample_offset
TALK1.DAT	talk_remainder	payload[1]/4	928		928	00001080	00049825	00049A25	1	0402	ordinary_sample_offset
TALK1.DAT	talk_remainder	payload[1]/4	929		929	00001084	00049829	00049A29	1	0402	ordinary_sample_offset
TALK1.DAT	talk_remainder	payload[1]/4	930		930	00001088	0004982D	00049A2D	1	0402	ordinary_sample_offset
TALK1.DAT	talk_remainder	payload[1]/4	931		931	0000108C	00049831	00049A31	1	0402	ordinary_sample_offset
TALK1.DAT	talk_remainder	payload[1]/4	932		932	00001090	00049835	00049A35	1	0402	ordinary_sample_offset
TALK1.DAT	talk_remainder	payload[1]/4	933		933	00001094	00049839	00049A39	1	0402	ordinary_sample_offset
TALK1.DAT	talk_remainder	payload[1]/4	934		934	00001098	0004983D	00049A3D	1	0402	ordinary_sample_offset
TALK1.DAT	talk_remainder	payload[1]/4	935		935	0000109C	00049841	00049A41	1	0402	ordinary_sample_offset
TALK1.DAT	talk_remainder	payload[1]/4	936		936	000010A0	00049845	00049A45	1	0402	ordinary_sample_offset
TALK1.DAT	talk_remainder	payload[1]/4	937		937	000010A4	00049849	00049A49	1	0402	ordinary_sample_offset
TALK1.DAT	talk_remainder	payload[1]/4	938		938	000010A8	0004984D	00049A4D	1	0402	ordinary_sample_offset
TALK1.DAT	talk_remainder	payload[1]/4	939		939	000010AC	00049851	00049A51	1	0402	ordinary_sample_offset
TALK1.DAT	talk_remainder	payload[1]/4	940		940	000010B0	00049855	00049A55	1	0402	ordinary_sample_offset
TALK1.DAT	talk_remainder	payload[1]/4	941		941	000010B4	00049859	00049A59	1	0402	ordinary_sample_offset
TALK1.DAT	talk_remainder	payload[1]/4	942		942	000010B8	0004985D	00049A5D	1	0402	ordinary_sample_offset
TALK1.DAT	talk_remainder	payload[1]/4	943		943	000010BC	00049861	00049A61	1	0402	ordinary_sample_offset
TALK1.DAT	talk_remainder	payload[1]/4	944		944	000010C0	00049865	00049A65	1	0402	ordinary_sample_offset
TALK1.DAT	talk_remainder	payload[1]/4	945		945	000010C4	00049869	00049A69	1	0402	ordinary_sample_offset
TALK1.DAT	talk_remainder	payload[1]/4	946		946	000010C8	0004986D	00049A6D	1	0402	ordinary_sample_offset
TALK1.DAT	talk_remainder	payload[1]/4	947		947	000010CC	00049871	00049A71	1	0402	ordinary_sample_offset
TALK1.DAT	talk_remainder	payload[1]/4	948		948	000010D0	00049875	00049A75	1	0402	ordinary_sample_offset
TALK1.DAT	talk_remainder	payload[1]/4	949		949	000010D4	00049879	00049A79	1	0402	ordinary_sample_offset
TALK1.DAT	talk_remainder	payload[1]/4	950		950	000010D8	0004987D	00049A7D	1	0402	ordinary_sample_offset
TALK1.DAT	talk_remainder	payload[1]/4	951		951	000010DC	00049881	00049A81	1	0402	ordinary_sample_offset
TALK1.DAT	talk_remainder	payload[1]/4	952		952	000010E0	00049885	00049A85	1	0402	ordinary_sample_offset
TALK1.DAT	talk_remainder	payload[1]/4	953		953	000010E4	00049889	00049A89	1	0402	ordinary_sample_offset
TALK1.DAT	talk_remainder	payload[1]/4	954		954	000010E8	0004988D	00049A8D	1	0402	ordinary_sample_offset
TALK1.DAT	talk_remainder	payload[1]/4	955		955	000010EC	00049891	00049A91	1	0402	ordinary_sample_offset
TALK1.DAT	talk_remainder	payload[1]/4	956		956	000010F0	00049895	00049A95	1	0402	ordinary_sample_offset
TALK1.DAT	talk_remainder	payload[1]/4	957		957	000010F4	00049899	00049A99	1	0402	ordinary_sample_offset
TALK1.DAT	talk_remainder	payload[1]/4	958		958	000010F8	0004989D	00049A9D	1	0402	ordinary_sample_offset
TALK1.DAT	talk_remainder	payload[1]/4	959		959	000010FC	00031604	00031804	1	0402	ordinary_sample_offset
TALK1.DAT	talk_remainder	payload[1]/4	960		960	00001100	0003163A	0003183A	1	0402	ordinary_sample_offset
TALK1.DAT	talk_remainder	payload[1]/4	961		961	00001104	0003E7A9	0003E9A9	1	0402	ordinary_sample_offset
TALK1.DAT	talk_remainder	payload[1]/4	962		962	00001108	0003E7AD	0003E9AD	1	0402	ordinary_sample_offset
TALK1.DAT	talk_remainder	payload[1]/4	963		963	0000110C	0003E8CD	0003EACD	1	0402	ordinary_sample_offset
TALK1.DAT	talk_remainder	payload[1]/4	964		964	00001110	0003E9C5	0003EBC5	1	0402	ordinary_sample_offset
TALK1.DAT	talk_remainder	payload[1]/4	965		965	00001114	0003EAE9	0003ECE9	1	0402	ordinary_sample_offset
TALK1.DAT	talk_remainder	payload[1]/4	966		966	00001118	0003EBE1	0003EDE1	1	0402	ordinary_sample_offset
TALK1.DAT	talk_remainder	payload[1]/4	967		967	0000111C	0003EC5D	0003EE5D	1	0402	ordinary_sample_offset
TALK1.DAT	talk_remainder	payload[1]/4	968		968	00001120	0003ECD1	0003EED1	1	0402	ordinary_sample_offset
TALK1.DAT	talk_remainder	payload[1]/4	969		969	00001124	0003ED07	0003EF07	1	0402	ordinary_sample_offset
TALK1.DAT	talk_remainder	payload[1]/4	970		970	00001128	0003EDDD	0003EFDD	1	0402	ordinary_sample_offset
TALK1.DAT	talk_remainder	payload[1]/4	971		971	0000112C	000498A1	00049AA1	1	0402	ordinary_sample_offset
TALK1.DAT	talk_remainder	payload[1]/4	972		972	00001130	000498D7	00049AD7	1	0402	ordinary_sample_offset
TALK1.DAT	talk_remainder	payload[1]/4	973		973	00001134	0004990D	00049B0D	1	0402	ordinary_sample_offset
TALK1.DAT	talk_remainder	payload[1]/4	974		974	00001138	00049943	00049B43	1	0402	ordinary_sample_offset
TALK1.DAT	talk_remainder	payload[1]/4	975		975	0000113C	00049979	00049B79	1	0402	ordinary_sample_offset
TALK1.DAT	talk_remainder	payload[1]/4	976		976	00001140	000499AF	00049BAF	1	0402	ordinary_sample_offset
TALK1.DAT	talk_remainder	payload[1]/4	977		977	00001144	000499ED	00049BED	1	0402	ordinary_sample_offset
TALK1.DAT	talk_remainder	payload[1]/4	978		978	00001148	00049A23	00049C23	1	0402	ordinary_sample_offset
TALK1.DAT	talk_remainder	payload[1]/4	979		979	0000114C	00049A89	00049C89	1	0402	ordinary_sample_offset
TALK1.DAT	talk_remainder	payload[1]/4	980		980	00001150	00049AEF	00049CEF	1	0402	ordinary_sample_offset
TALK1.DAT	talk_remainder	payload[1]/4	981		981	00001154	00049B25	00049D25	1	0402	ordinary_sample_offset
TALK1.DAT	talk_remainder	payload[1]/4	982		982	00001158	00049B8B	00049D8B	1	0402	ordinary_sample_offset
TALK1.DAT	talk_remainder	payload[1]/4	983		983	0000115C	00049BF1	00049DF1	1	0402	ordinary_sample_offset
TALK1.DAT	talk_remainder	payload[1]/4	984		984	00001160	00049CFB	00049EFB	1	0402	ordinary_sample_offset
TALK1.DAT	talk_remainder	payload[1]/4	985		985	00001164	00049D61	00049F61	1	0402	ordinary_sample_offset
TALK1.DAT	talk_remainder	payload[1]/4	986		986	00001168	00049DC7	00049FC7	1	0402	ordinary_sample_offset
TALK1.DAT	talk_remainder	payload[1]/4	987		987	0000116C	00049E2D	0004A02D	1	0402	ordinary_sample_offset
TALK1.DAT	talk_remainder	payload[1]/4	988		988	00001170	00049E93	0004A093	1	0402	ordinary_sample_offset
TALK1.DAT	talk_remainder	payload[1]/4	989		989	00001174	00049EF9	0004A0F9	1	0402	ordinary_sample_offset
TALK1.DAT	talk_remainder	payload[1]/4	990		990	00001178	00049F5F	0004A15F	1	0402	ordinary_sample_offset
TALK1.DAT	talk_remainder	payload[1]/4	991		991	0000117C	00049FC1	0004A1C1	1	0402	ordinary_sample_offset
TALK1.DAT	talk_remainder	payload[1]/4	992		992	00001180	0004A027	0004A227	1	0402	ordinary_sample_offset
TALK1.DAT	talk_remainder	payload[1]/4	993		993	00001184	0004A53B	0004A73B	1	0402	ordinary_sample_offset
TALK1.DAT	talk_remainder	payload[1]/4	994		994	00001188	0004A57D	0004A77D	1	0402	ordinary_sample_offset
TALK1.DAT	talk_remainder	payload[1]/4	995		995	0000118C	0004D446	0004D646	1	0402	ordinary_sample_offset
TALK1.DAT	talk_remainder	payload[1]/4	996		996	00001190	0004D47C	0004D67C	1	0402	ordinary_sample_offset
TALK1.DAT	talk_remainder	payload[1]/4	997		997	00001194	0004EAC4	0004ECC4	1	0402	ordinary_sample_offset
TALK1.DAT	talk_remainder	payload[1]/4	998		998	00001198	0004EC58	0004EE58	1	0402	ordinary_sample_offset
TALK1.DAT	talk_remainder	payload[1]/4	999		999	0000119C	0004EC5C	0004EE5C	1	0402	ordinary_sample_offset
TALK1.DAT	talk_remainder	payload[1]/4	1000		1000	000011A0	0004ECD9	0004EED9	1	0402	ordinary_sample_offset
TALK1.DAT	talk_remainder	payload[1]/4	1001		1001	000011A4	0004FFAA	000501AA	1	0402	ordinary_sample_offset
TALK1.DAT	talk_remainder	payload[1]/4	1002		1002	000011A8	0004FFE0	000501E0	1	0402	ordinary_sample_offset
TALK1.DAT	talk_remainder	payload[1]/4	1003		1003	000011AC	00050026	00050226	1	0402	ordinary_sample_offset
TALK1.DAT	talk_remainder	payload[1]/4	1004		1004	000011B0	00050260	00050460	1	0402	ordinary_sample_offset
TALK1.DAT	talk_remainder	payload[1]/4	1005		1005	000011B4	00050296	00050496	1	0402	ordinary_sample_offset
TALK1.DAT	talk_remainder	payload[1]/4	1006		1006	000011B8	0005033A	0005053A	1	0402	ordinary_sample_offset
TALK1.DAT	talk_remainder	payload[1]/4	1007		1007	000011BC	0005194C	00051B4C	1	0402	ordinary_sample_offset
TALK1.DAT	talk_remainder	payload[1]/4	1008		1008	000011C0	00051950	00051B50	1	0402	ordinary_sample_offset
TALK1.DAT	talk_remainder	payload[1]/4	1009		1009	000011C4	00051986	00051B86	1	0402	ordinary_sample_offset
TALK1.DAT	talk_remainder	payload[1]/4	1010		1010	000011C8	000519BC	00051BBC	1	0402	ordinary_sample_offset
TALK1.DAT	talk_remainder	payload[1]/4	1011		1011	000011CC	000519F2	00051BF2	1	0402	ordinary_sample_offset
TALK1.DAT	talk_remainder	payload[1]/4	1012		1012	000011D0	00051A28	00051C28	1	0402	ordinary_sample_offset
TALK1.DAT	talk_remainder	payload[1]/4	1013		1013	000011D4	00051ABC	00051CBC	1	0402	ordinary_sample_offset
TALK1.DAT	talk_remainder	payload[1]/4	1014		1014	000011D8	00051AF2	00051CF2	1	0402	ordinary_sample_offset
TALK1.DAT	talk_remainder	payload[1]/4	1015		1015	000011DC	00051B28	00051D28	1	0402	ordinary_sample_offset
TALK1.DAT	talk_remainder	payload[1]/4	1016		1016	000011E0	00051B6A	00051D6A	1	0402	ordinary_sample_offset
TALK1.DAT	talk_remainder	payload[1]/4	1017		1017	000011E4	00051BAC	00051DAC	1	0402	ordinary_sample_offset
TALK1.DAT	talk_remainder	payload[1]/4	1018		1018	000011E8	00052585	00052785	1	0402	ordinary_sample_offset
TALK1.DAT	talk_remainder	payload[1]/4	1019		1019	000011EC	0005282D	00052A2D	1	0402	ordinary_sample_offset
TALK1.DAT	talk_remainder	payload[1]/4	1020		1020	000011F0	00052863	00052A63	1	0402	ordinary_sample_offset
TALK1.DAT	talk_remainder	payload[1]/4	1021		1021	000011F4	000534E7	000536E7	1	00A1	ordinary_sample_offset
TALK1.DAT	talk_remainder	payload[1]/4	1022		1022	000011F8	000534ED	000536ED	1	0402	ordinary_sample_offset
TALK1.DAT	talk_remainder	payload[1]/4	1023		1023	000011FC	00053F72	00054172	1	0402	ordinary_sample_offset
TALK1.DAT	talk_remainder	payload[1]/4	1024		1024	00001200	00054B60	00054D60	1	0402	ordinary_sample_offset
TALK1.DAT	talk_remainder	payload[1]/4	1025		1025	00001204	00054C76	00054E76	1	0402	ordinary_sample_offset
TALK1.DAT	talk_remainder	payload[1]/4	1026		1026	00001208	00054CAC	00054EAC	1	0402	ordinary_sample_offset
TALK1.DAT	talk_remainder	payload[1]/4	1027		1027	0000120C	00054D1F	00054F1F	1	00A1	ordinary_sample_offset
TALK1.DAT	talk_remainder	payload[1]/4	1028		1028	00001210	00054D25	00054F25	1	0402	ordinary_sample_offset
TALK1.DAT	talk_remainder	payload[1]/4	1029		1029	00001214	00054F87	00055187	1	0402	ordinary_sample_offset
TALK1.DAT	talk_remainder	payload[1]/4	1030		1030	00001218	00054F9D	0005519D	1	0402	ordinary_sample_offset
TALK1.DAT	talk_remainder	payload[1]/4	1031		1031	0000121C	00054FA1	000551A1	1	0402	ordinary_sample_offset
TALK1.DAT	talk_remainder	payload[1]/4	1032		1032	00001220	00054FA5	000551A5	1	0402	ordinary_sample_offset
TALK1.DAT	talk_remainder	payload[1]/4	1033		1033	00001224	00054FA9	000551A9	1	0402	ordinary_sample_offset
TALK1.DAT	talk_remainder	payload[1]/4	1034		1034	00001228	00054FAD	000551AD	1	0402	ordinary_sample_offset
TALK1.DAT	talk_remainder	payload[1]/4	1035		1035	0000122C	00054FB1	000551B1	1	0402	ordinary_sample_offset
TALK1.DAT	talk_remainder	payload[1]/4	1036		1036	00001230	00054FB5	000551B5	1	0402	ordinary_sample_offset
TALK1.DAT	talk_remainder	payload[1]/4	1037		1037	00001234	00054FB9	000551B9	1	0402	ordinary_sample_offset
TALK1.DAT	talk_remainder	payload[1]/4	1038		1038	00001238	00054FBD	000551BD	1	0402	ordinary_sample_offset
TALK1.DAT	talk_remainder	payload[1]/4	1039		1039	0000123C	00054FC1	000551C1	1	0402	ordinary_sample_offset
TALK1.DAT	talk_remainder	payload[1]/4	1040		1040	00001240	00054FC5	000551C5	1	0402	ordinary_sample_offset
TALK1.DAT	talk_remainder	payload[1]/4	1041		1041	00001244	00054FC9	000551C9	1	0402	ordinary_sample_offset
TALK1.DAT	talk_remainder	payload[1]/4	1042		1042	00001248	00054FCD	000551CD	1	0402	ordinary_sample_offset
TALK1.DAT	talk_remainder	payload[1]/4	1043		1043	0000124C	00054FD1	000551D1	1	0402	ordinary_sample_offset
TALK1.DAT	talk_remainder	payload[1]/4	1044		1044	00001250	00054FD5	000551D5	1	0402	ordinary_sample_offset
TALK1.DAT	talk_remainder	payload[1]/4	1045		1045	00001254	00054FD9	000551D9	1	0402	ordinary_sample_offset
TALK1.DAT	talk_remainder	payload[1]/4	1046		1046	00001258	000060D5	000062D5	1	0402	ordinary_sample_offset
TALK1.DAT	talk_remainder	payload[1]/4	1047		1047	0000125C	0004FCE4	0004FEE4	1	0402	ordinary_sample_offset
TALK1.DAT	talk_remainder	payload[1]/4	1048		1048	00001260	0004FD7C	0004FF7C	1	0402	ordinary_sample_offset
TALK1.DAT	talk_remainder	payload[1]/4	1049		1049	00001264	0004FDF4	0004FFF4	1	0402	ordinary_sample_offset
TALK1.DAT	talk_remainder	payload[1]/4	1050		1050	00001268	0004FE64	00050064	1	0402	ordinary_sample_offset
TALK1.DAT	talk_remainder	payload[1]/4	1051		1051	0000126C	000390E1	000392E1	1	0402	ordinary_sample_offset
TALK1.DAT	talk_remainder	payload[1]/4	1052		1052	00001270	000391BD	000393BD	1	0402	ordinary_sample_offset
TALK1.DAT	talk_remainder	payload[1]/4	1053		1053	00001274	000392C1	000394C1	1	0402	ordinary_sample_offset
TALK1.DAT	talk_remainder	payload[1]/4	1054		1054	00001278	000393A9	000395A9	1	0402	ordinary_sample_offset
TALK1.DAT	talk_remainder	payload[1]/4	1055		1055	0000127C	00035E4F	0003604F	1	0402	ordinary_sample_offset
TALK1.DAT	talk_remainder	payload[1]/4	1056		1056	00001280	00039499	00039699	1	0402	ordinary_sample_offset
TALK1.DAT	talk_remainder	payload[1]/4	1057		1057	00001284	000399C7	00039BC7	1	00A1	ordinary_sample_offset
TALK1.DAT	talk_remainder	payload[1]/4	1058		1058	00001288	000399CB	00039BCB	1	00A1	ordinary_sample_offset
TALK1.DAT	talk_remainder	payload[1]/4	1059		1059	0000128C	000399BB	00039BBB	1	00A1	ordinary_sample_offset
TALK1.DAT	talk_remainder	payload[1]/4	1060		1060	00001290	000399BF	00039BBF	1	00A1	ordinary_sample_offset
TALK1.DAT	talk_remainder	payload[1]/4	1061		1061	00001294	000399C3	00039BC3	1	00A1	ordinary_sample_offset
TALK1.DAT	talk_remainder	payload[1]/4	1062		1062	00001298	000399CF	00039BCF	1	0402	ordinary_sample_offset
TALK1.DAT	talk_remainder	payload[1]/4	1063		1063	0000129C	000399D3	00039BD3	1	0402	ordinary_sample_offset
TALK1.DAT	talk_remainder	payload[1]/4	1064		1064	000012A0	000399D7	00039BD7	1	005B	ordinary_sample_offset
TALK1.DAT	talk_remainder	payload[1]/4	1065		1065	000012A4	00039A05	00039C05	1	0402	ordinary_sample_offset
TALK1.DAT	talk_remainder	payload[1]/4	1066		1066	000012A8	00039B21	00039D21	1	0402	ordinary_sample_offset
TALK1.DAT	talk_remainder	payload[1]/4	1067		1067	000012AC	00039B25	00039D25	1	0402	ordinary_sample_offset
TALK1.DAT	talk_remainder	payload[1]/4	1068		1068	000012B0	00039B29	00039D29	1	0402	ordinary_sample_offset
TALK1.DAT	talk_remainder	payload[1]/4	1069		1069	000012B4	00039B2D	00039D2D	1	0402	ordinary_sample_offset
TALK1.DAT	talk_remainder	payload[1]/4	1070		1070	000012B8	00039B31	00039D31	1	0402	ordinary_sample_offset
TALK1.DAT	talk_remainder	payload[1]/4	1071		1071	000012BC	00039B35	00039D35	1	0402	ordinary_sample_offset
TALK1.DAT	talk_remainder	payload[1]/4	1072		1072	000012C0	00039B39	00039D39	1	0402	ordinary_sample_offset
TALK1.DAT	talk_remainder	payload[1]/4	1073		1073	000012C4	00039B3D	00039D3D	1	0402	ordinary_sample_offset
TALK1.DAT	talk_remainder	payload[1]/4	1074		1074	000012C8	00039B41	00039D41	1	0402	ordinary_sample_offset
TALK1.DAT	talk_remainder	payload[1]/4	1075		1075	000012CC	00039B45	00039D45	1	0402	ordinary_sample_offset
TALK1.DAT	talk_remainder	payload[1]/4	1076		1076	000012D0	00039B49	00039D49	1	0402	ordinary_sample_offset
TALK1.DAT	talk_remainder	payload[1]/4	1077		1077	000012D4	00039B4D	00039D4D	1	0402	ordinary_sample_offset
TALK1.DAT	talk_remainder	payload[1]/4	1078		1078	000012D8	00039B51	00039D51	1	0402	ordinary_sample_offset
TALK1.DAT	talk_remainder	payload[1]/4	1079		1079	000012DC	00039B55	00039D55	1	0402	ordinary_sample_offset
TALK1.DAT	talk_remainder	payload[1]/4	1080		1080	000012E0	00039B59	00039D59	1	0402	ordinary_sample_offset
TALK1.DAT	talk_remainder	payload[1]/4	1081		1081	000012E4	00039B5D	00039D5D	1	0402	ordinary_sample_offset
TALK1.DAT	talk_remainder	payload[1]/4	1082		1082	000012E8	00039B61	00039D61	1	0402	ordinary_sample_offset
TALK1.DAT	talk_remainder	payload[1]/4	1083		1083	000012EC	00039B65	00039D65	1	0402	ordinary_sample_offset
TALK1.DAT	talk_remainder	payload[1]/4	1084		1084	000012F0	00039B69	00039D69	1	0402	ordinary_sample_offset
TALK1.DAT	talk_remainder	payload[1]/4	1085		1085	000012F4	00039B6D	00039D6D	1	0402	ordinary_sample_offset
TALK1.DAT	talk_remainder	payload[1]/4	1086		1086	000012F8	00039B71	00039D71	1	0402	ordinary_sample_offset
TALK1.DAT	talk_remainder	payload[1]/4	1087		1087	000012FC	00039B75	00039D75	1	0402	ordinary_sample_offset
TALK1.DAT	talk_remainder	payload[1]/4	1088		1088	00001300	00039B79	00039D79	1	0402	ordinary_sample_offset
TALK1.DAT	talk_remainder	payload[1]/4	1089		1089	00001304	00039B7D	00039D7D	1	0402	ordinary_sample_offset
TALK1.DAT	talk_remainder	payload[1]/4	1090		1090	00001308	00039B81	00039D81	1	0402	ordinary_sample_offset
TALK1.DAT	talk_remainder	payload[1]/4	1091		1091	0000130C	00039B85	00039D85	1	0402	ordinary_sample_offset
TALK1.DAT	talk_remainder	payload[1]/4	1092		1092	00001310	00039B89	00039D89	1	0402	ordinary_sample_offset
TALK1.DAT	talk_remainder	payload[1]/4	1093		1093	00001314	00039B8D	00039D8D	1	0402	ordinary_sample_offset
TALK1.DAT	talk_remainder	payload[1]/4	1094		1094	00001318	00039B91	00039D91	1	0402	ordinary_sample_offset
TALK1.DAT	talk_remainder	payload[1]/4	1095		1095	0000131C	00039B95	00039D95	1	0402	ordinary_sample_offset
TALK1.DAT	talk_remainder	payload[1]/4	1096		1096	00001320	00039B99	00039D99	1	0402	ordinary_sample_offset
TALK1.DAT	talk_remainder	payload[1]/4	1097		1097	00001324	00039B9D	00039D9D	1	0402	ordinary_sample_offset
TALK1.DAT	talk_remainder	payload[1]/4	1098		1098	00001328	00039BA1	00039DA1	1	0402	ordinary_sample_offset
TALK1.DAT	talk_remainder	payload[1]/4	1099		1099	0000132C	00039BA5	00039DA5	1	0402	ordinary_sample_offset
TALK1.DAT	talk_remainder	payload[1]/4	1100		1100	00001330	00039BA9	00039DA9	1	0402	ordinary_sample_offset
TALK1.DAT	talk_remainder	payload[1]/4	1101		1101	00001334	00056F63	00057163	1	0402	ordinary_sample_offset
TALK1.DAT	talk_remainder	payload[1]/4	1102		1102	00001338	00056FF3	000571F3	1	0402	ordinary_sample_offset
TALK1.DAT	talk_remainder	payload[1]/4	1103		1103	0000133C	00057111	00057311	1	0402	ordinary_sample_offset
TALK1.DAT	talk_remainder	payload[1]/4	1104		1104	00001340	00057D02	00057F02	1	0402	ordinary_sample_offset
TALK1.DAT	talk_remainder	payload[1]/4	1105		1105	00001344	00057E4C	0005804C	1	0402	ordinary_sample_offset
TALK1.DAT	talk_remainder	payload[1]/4	1106		1106	00001348	00057E8E	0005808E	1	0402	ordinary_sample_offset
TALK1.DAT	talk_remainder	payload[1]/4	1107		1107	0000134C	00057ED2	000580D2	1	0402	ordinary_sample_offset
TALK1.DAT	talk_remainder	payload[1]/4	1108		1108	00001350	0005821C	0005841C	1	0402	ordinary_sample_offset
TALK1.DAT	talk_remainder	payload[1]/4	1109		1109	00001354	000586DC	000588DC	1	0402	ordinary_sample_offset
TALK1.DAT	talk_remainder	payload[1]/4	1110		1110	00001358	00058712	00058912	1	0402	ordinary_sample_offset
TALK1.DAT	talk_remainder	payload[1]/4	1111		1111	0000135C	0005923E	0005943E	1	0402	ordinary_sample_offset
TALK1.DAT	talk_remainder	payload[1]/4	1112		1112	00001360	0005924A	0005944A	1	0402	ordinary_sample_offset
TALK1.DAT	talk_remainder	payload[1]/4	1113		1113	00001364	000592C4	000594C4	1	0402	ordinary_sample_offset
TALK1.DAT	talk_remainder	payload[1]/4	1114		1114	00001368	000593C2	000595C2	1	0402	ordinary_sample_offset
TALK1.DAT	talk_remainder	payload[1]/4	1115		1115	0000136C	000594C8	000596C8	1	0402	ordinary_sample_offset
TALK1.DAT	talk_remainder	payload[1]/4	1116		1116	00001370	00059584	00059784	1	0402	ordinary_sample_offset
TALK1.DAT	talk_remainder	payload[1]/4	1117		1117	00001374	00059614	00059814	1	0402	ordinary_sample_offset
TALK1.DAT	talk_remainder	payload[1]/4	1118		1118	00001378	000596D8	000598D8	1	0402	ordinary_sample_offset
TALK1.DAT	talk_remainder	payload[1]/4	1119		1119	0000137C	00059702	00059902	1	0402	ordinary_sample_offset
TALK1.DAT	talk_remainder	payload[1]/4	1120		1120	00001380	0005A03A	0005A23A	1	0402	ordinary_sample_offset
TALK1.DAT	talk_remainder	payload[1]/4	1121		1121	00001384	0005A062	0005A262	1	0402	ordinary_sample_offset
TALK1.DAT	talk_remainder	payload[1]/4	1122		1122	00001388	0005A08A	0005A28A	1	0402	ordinary_sample_offset
TALK1.DAT	talk_remainder	payload[1]/4	1123		1123	0000138C	0005A10E	0005A30E	1	0402	ordinary_sample_offset
TALK1.DAT	talk_remainder	payload[1]/4	1124		1124	00001390	0005A19C	0005A39C	1	0402	ordinary_sample_offset
TALK1.DAT	talk_remainder	payload[1]/4	1125		1125	00001394	0005A21A	0005A41A	1	0402	ordinary_sample_offset
TALK1.DAT	talk_remainder	payload[1]/4	1126		1126	00001398	0005A29C	0005A49C	1	0402	ordinary_sample_offset
TALK1.DAT	talk_remainder	payload[1]/4	1127		1127	0000139C	0005A316	0005A516	1	0402	ordinary_sample_offset
TALK1.DAT	talk_remainder	payload[1]/4	1128		1128	000013A0	0005A89A	0005AA9A	1	0402	ordinary_sample_offset
TALK1.DAT	talk_remainder	payload[1]/4	1129		1129	000013A4	0005A89E	0005AA9E	1	0402	ordinary_sample_offset
TALK1.DAT	talk_remainder	payload[1]/4	1130		1130	000013A8	0005A8A2	0005AAA2	1	0402	ordinary_sample_offset
TALK1.DAT	talk_remainder	payload[1]/4	1131		1131	000013AC	0005A8A6	0005AAA6	1	0402	ordinary_sample_offset
TALK1.DAT	talk_remainder	payload[1]/4	1132		1132	000013B0	0005A8AA	0005AAAA	1	0402	ordinary_sample_offset
TALK1.DAT	talk_remainder	payload[1]/4	1133		1133	000013B4	0005A8AE	0005AAAE	1	0402	ordinary_sample_offset
TALK1.DAT	talk_remainder	payload[1]/4	1134		1134	000013B8	0005A8B2	0005AAB2	1	0402	ordinary_sample_offset
TALK1.DAT	talk_remainder	payload[1]/4	1135		1135	000013BC	0005A8B6	0005AAB6	1	0402	ordinary_sample_offset
TALK1.DAT	talk_remainder	payload[1]/4	1136		1136	000013C0	0005A8BA	0005AABA	1	0402	ordinary_sample_offset
TALK1.DAT	talk_remainder	payload[1]/4	1137		1137	000013C4	0005A8BE	0005AABE	1	0402	ordinary_sample_offset
TALK1.DAT	talk_remainder	payload[1]/4	1138		1138	000013C8	0005A8C2	0005AAC2	1	0402	ordinary_sample_offset
TALK1.DAT	talk_remainder	payload[1]/4	1139		1139	000013CC	0005A8C6	0005AAC6	1	0402	ordinary_sample_offset
TALK1.DAT	talk_remainder	payload[1]/4	1140		1140	000013D0	0005A8CA	0005AACA	1	0402	ordinary_sample_offset
TALK1.DAT	talk_remainder	payload[1]/4	1141		1141	000013D4	0005A8CE	0005AACE	1	0402	ordinary_sample_offset
TALK1.DAT	talk_remainder	payload[1]/4	1142		1142	000013D8	0005A8D2	0005AAD2	1	0402	ordinary_sample_offset
TALK1.DAT	talk_remainder	payload[1]/4	1143		1143	000013DC	0005A8D6	0005AAD6	1	0402	ordinary_sample_offset
TALK1.DAT	talk_remainder	payload[1]/4	1144		1144	000013E0	0005A8DA	0005AADA	1	0402	ordinary_sample_offset
TALK1.DAT	talk_remainder	payload[1]/4	1145		1145	000013E4	0005A8DE	0005AADE	1	0402	ordinary_sample_offset
TALK1.DAT	talk_remainder	payload[1]/4	1146		1146	000013E8	0005A8E2	0005AAE2	1	0402	ordinary_sample_offset
TALK1.DAT	talk_remainder	payload[1]/4	1147		1147	000013EC	0005A8E6	0005AAE6	1	0402	ordinary_sample_offset
TALK1.DAT	talk_remainder	payload[1]/4	1148		1148	000013F0	0005A8EA	0005AAEA	1	0402	ordinary_sample_offset
TALK1.DAT	talk_remainder	payload[1]/4	1149		1149	000013F4	0005A8EE	0005AAEE	1	0402	ordinary_sample_offset
TALK1.DAT	talk_remainder	payload[1]/4	1150		1150	000013F8	0005A8F2	0005AAF2	1	0402	ordinary_sample_offset
TALK1.DAT	talk_remainder	payload[1]/4	1151		1151	000013FC	00028D4F	00028F4F	1	007E	ordinary_sample_offset
TALK1.DAT	talk_remainder	payload[1]/4	1152		1152	00001400	00028D9E	00028F9E	1	0402	ordinary_sample_offset
TALK1.DAT	talk_remainder	payload[1]/4	1153		1153	00001404	00028DDF	00028FDF	1	007E	ordinary_sample_offset
TALK1.DAT	talk_remainder	payload[1]/4	1154		1154	00001408	00028EB5	000290B5	1	007E	ordinary_sample_offset
TALK1.DAT	talk_remainder	payload[1]/4	1155		1155	0000140C	00028F04	00029104	1	0402	ordinary_sample_offset
TALK1.DAT	talk_remainder	payload[1]/4	1156		1156	00001410	00028F08	00029108	1	0402	ordinary_sample_offset
TALK1.DAT	talk_remainder	payload[1]/4	1157		1157	00001414	00028F45	00029145	1	0402	ordinary_sample_offset
TALK1.DAT	talk_remainder	payload[1]/4	1158		1158	00001418	00028F82	00029182	1	0402	ordinary_sample_offset
TALK1.DAT	talk_remainder	payload[1]/4	1159		1159	0000141C	00028FBF	000291BF	1	007E	ordinary_sample_offset
TALK1.DAT	talk_remainder	payload[1]/4	1160		1160	00001420	0002900E	0002920E	1	007E	ordinary_sample_offset
TALK1.DAT	talk_remainder	payload[1]/4	1161		1161	00001424	0002905D	0002925D	1	007E	ordinary_sample_offset
TALK1.DAT	talk_remainder	payload[1]/4	1162		1162	00001428	000290AC	000292AC	1	007E	ordinary_sample_offset
TALK1.DAT	talk_remainder	payload[1]/4	1163		1163	0000142C	000290FB	000292FB	1	007E	ordinary_sample_offset
TALK1.DAT	talk_remainder	payload[1]/4	1164		1164	00001430	0002914A	0002934A	1	007E	ordinary_sample_offset
TALK1.DAT	talk_remainder	payload[1]/4	1165		1165	00001434	00029199	00029399	1	007E	ordinary_sample_offset
TALK1.DAT	talk_remainder	payload[1]/4	1166		1166	00001438	000291E8	000293E8	1	007E	ordinary_sample_offset
TALK1.DAT	talk_remainder	payload[1]/4	1167		1167	0000143C	00029237	00029437	1	007E	ordinary_sample_offset
TALK1.DAT	talk_remainder	payload[1]/4	1168		1168	00001440	00029286	00029486	1	007E	ordinary_sample_offset
TALK1.DAT	talk_remainder	payload[1]/4	1169		1169	00001444	000292D6	000294D6	1	007E	ordinary_sample_offset
TALK1.DAT	talk_remainder	payload[1]/4	1170		1170	00001448	00029325	00029525	1	007E	ordinary_sample_offset
TALK1.DAT	talk_remainder	payload[1]/4	1171		1171	0000144C	00029374	00029574	1	007E	ordinary_sample_offset
TALK1.DAT	talk_remainder	payload[1]/4	1172		1172	00001450	000293C3	000295C3	1	007E	ordinary_sample_offset
TALK1.DAT	talk_remainder	payload[1]/4	1173		1173	00001454	00029413	00029613	1	0402	ordinary_sample_offset
TALK1.DAT	talk_remainder	payload[1]/4	1174		1174	00001458	00029450	00029650	1	007E	ordinary_sample_offset
TALK1.DAT	talk_remainder	payload[1]/4	1175		1175	0000145C	0002949F	0002969F	1	007E	ordinary_sample_offset
TALK1.DAT	talk_remainder	payload[1]/4	1176		1176	00001460	000294EE	000296EE	1	007E	ordinary_sample_offset
TALK1.DAT	talk_remainder	payload[1]/4	1177		1177	00001464	0002953D	0002973D	1	007E	ordinary_sample_offset
TALK1.DAT	talk_remainder	payload[1]/4	1178		1178	00001468	00029590	00029790	1	007E	ordinary_sample_offset
TALK1.DAT	talk_remainder	payload[1]/4	1179		1179	0000146C	000295E0	000297E0	1	007E	ordinary_sample_offset
TALK1.DAT	talk_remainder	payload[1]/4	1180		1180	00001470	0002962F	0002982F	1	007E	ordinary_sample_offset
TALK1.DAT	talk_remainder	payload[1]/4	1181		1181	00001474	0002967E	0002987E	1	0402	ordinary_sample_offset
TALK1.DAT	talk_remainder	payload[1]/4	1182		1182	00001478	000296BB	000298BB	1	007E	ordinary_sample_offset
TALK1.DAT	talk_remainder	payload[1]/4	1183		1183	0000147C	0002970A	0002990A	1	007E	ordinary_sample_offset
TALK1.DAT	talk_remainder	payload[1]/4	1184		1184	00001480	00029759	00029959	1	000A	ordinary_sample_offset
TALK1.DAT	talk_remainder	payload[1]/4	1185		1185	00001484	000297BB	000299BB	1	007E	ordinary_sample_offset
TALK1.DAT	talk_remainder	payload[1]/4	1186		1186	00001488	0002980B	00029A0B	1	0402	ordinary_sample_offset
TALK1.DAT	talk_remainder	payload[1]/4	1187		1187	0000148C	00029849	00029A49	1	007E	ordinary_sample_offset
TALK1.DAT	talk_remainder	payload[1]/4	1188		1188	00001490	00029898	00029A98	1	007E	ordinary_sample_offset
TALK1.DAT	talk_remainder	payload[1]/4	1189		1189	00001494	000298E8	00029AE8	1	007E	ordinary_sample_offset
TALK1.DAT	talk_remainder	payload[1]/4	1190		1190	00001498	00029937	00029B37	1	007E	ordinary_sample_offset
TALK1.DAT	talk_remainder	payload[1]/4	1191		1191	0000149C	00029986	00029B86	1	0402	ordinary_sample_offset
TALK1.DAT	talk_remainder	payload[1]/4	1192		1192	000014A0	000299C3	00029BC3	1	0402	ordinary_sample_offset
TALK1.DAT	talk_remainder	payload[1]/4	1193		1193	000014A4	00029A00	00029C00	1	0402	ordinary_sample_offset
TALK1.DAT	talk_remainder	payload[1]/4	1194		1194	000014A8	00029A67	00029C67	1	0402	ordinary_sample_offset
TALK1.DAT	talk_remainder	payload[1]/4	1195		1195	000014AC	00029A6B	00029C6B	1	0402	ordinary_sample_offset
TALK1.DAT	talk_remainder	payload[1]/4	1196		1196	000014B0	00029A6F	00029C6F	1	0402	ordinary_sample_offset
TALK1.DAT	talk_remainder	payload[1]/4	1197		1197	000014B4	00029A73	00029C73	1	0402	ordinary_sample_offset
TALK1.DAT	talk_remainder	payload[1]/4	1198		1198	000014B8	00029A77	00029C77	1	0402	ordinary_sample_offset
TALK1.DAT	talk_remainder	payload[1]/4	1199		1199	000014BC	00029A7B	00029C7B	1	0402	ordinary_sample_offset
TALK1.DAT	talk_remainder	payload[1]/4	1200		1200	000014C0	00029A7F	00029C7F	1	0402	ordinary_sample_offset
TALK1.DAT	talk_remainder	payload[1]/4	1201		1201	000014C4	FFFFFFFF		0		sentinel_minus_one
TALK2.DAT	talk_remainder	payload[1]/4	0		0	00000200	FFFFFFFF		0		sentinel_minus_one
TALK2.DAT	talk_remainder	payload[1]/4	1		1	00000204	00000AF4	00000CF4	1	0402	ordinary_sample_offset
TALK2.DAT	talk_remainder	payload[1]/4	2		2	00000208	00000D61	00000F61	1	0402	ordinary_sample_offset
TALK2.DAT	talk_remainder	payload[1]/4	3		3	0000020C	00001152	00001352	1	0402	ordinary_sample_offset
TALK2.DAT	talk_remainder	payload[1]/4	4		4	00000210	000014DD	000016DD	1	0402	ordinary_sample_offset
TALK2.DAT	talk_remainder	payload[1]/4	5		5	00000214	000015AB	000017AB	1	0402	ordinary_sample_offset
TALK2.DAT	talk_remainder	payload[1]/4	6		6	00000218	00001A42	00001C42	1	0402	ordinary_sample_offset
TALK2.DAT	talk_remainder	payload[1]/4	7		7	0000021C	00001EB1	000020B1	1	0402	ordinary_sample_offset
TALK2.DAT	talk_remainder	payload[1]/4	8		8	00000220	00001F4F	0000214F	1	0402	ordinary_sample_offset
TALK2.DAT	talk_remainder	payload[1]/4	9		9	00000224	00002312	00002512	1	0402	ordinary_sample_offset
TALK2.DAT	talk_remainder	payload[1]/4	10		10	00000228	00002623	00002823	1	0402	ordinary_sample_offset
TALK2.DAT	talk_remainder	payload[1]/4	11		11	0000022C	0000264B	0000284B	1	0402	ordinary_sample_offset
TALK2.DAT	talk_remainder	payload[1]/4	12		12	00000230	000029ED	00002BED	1	0402	ordinary_sample_offset
TALK2.DAT	talk_remainder	payload[1]/4	13		13	00000234	00002D30	00002F30	1	0402	ordinary_sample_offset
TALK2.DAT	talk_remainder	payload[1]/4	14		14	00000238	00003158	00003358	1	0402	ordinary_sample_offset
TALK2.DAT	talk_remainder	payload[1]/4	15		15	0000023C	0000317C	0000337C	1	0402	ordinary_sample_offset
TALK2.DAT	talk_remainder	payload[1]/4	16		16	00000240	0000332C	0000352C	1	0402	ordinary_sample_offset
TALK2.DAT	talk_remainder	payload[1]/4	17		17	00000244	00003596	00003796	1	0402	ordinary_sample_offset
TALK2.DAT	talk_remainder	payload[1]/4	18		18	00000248	000039EE	00003BEE	1	0402	ordinary_sample_offset
TALK2.DAT	talk_remainder	payload[1]/4	19		19	0000024C	00003A26	00003C26	1	0402	ordinary_sample_offset
TALK2.DAT	talk_remainder	payload[1]/4	20		20	00000250	00003D45	00003F45	1	0402	ordinary_sample_offset
TALK2.DAT	talk_remainder	payload[1]/4	21		21	00000254	00003D6B	00003F6B	1	0402	ordinary_sample_offset
TALK2.DAT	talk_remainder	payload[1]/4	22		22	00000258	00003D6F	00003F6F	1	0402	ordinary_sample_offset
TALK2.DAT	talk_remainder	payload[1]/4	23		23	0000025C	00003D73	00003F73	1	0402	ordinary_sample_offset
TALK2.DAT	talk_remainder	payload[1]/4	24		24	00000260	00003F47	00004147	1	0402	ordinary_sample_offset
TALK2.DAT	talk_remainder	payload[1]/4	25		25	00000264	00004335	00004535	1	0402	ordinary_sample_offset
TALK2.DAT	talk_remainder	payload[1]/4	26		26	00000268	00004734	00004934	1	0402	ordinary_sample_offset
TALK2.DAT	talk_remainder	payload[1]/4	27		27	0000026C	00004738	00004938	1	0402	ordinary_sample_offset
TALK2.DAT	talk_remainder	payload[1]/4	28		28	00000270	0000473C	0000493C	1	0402	ordinary_sample_offset
TALK2.DAT	talk_remainder	payload[1]/4	29		29	00000274	00004CEA	00004EEA	1	0402	ordinary_sample_offset
TALK2.DAT	talk_remainder	payload[1]/4	30		30	00000278	000051DD	000053DD	1	0402	ordinary_sample_offset
TALK2.DAT	talk_remainder	payload[1]/4	31		31	0000027C	0000576D	0000596D	1	0402	ordinary_sample_offset
TALK2.DAT	talk_remainder	payload[1]/4	32		32	00000280	00005BB6	00005DB6	1	0402	ordinary_sample_offset
TALK2.DAT	talk_remainder	payload[1]/4	33		33	00000284	00006081	00006281	1	0402	ordinary_sample_offset
TALK2.DAT	talk_remainder	payload[1]/4	34		34	00000288	000063C5	000065C5	1	0402	ordinary_sample_offset
TALK2.DAT	talk_remainder	payload[1]/4	35		35	0000028C	000065B3	000067B3	1	0402	ordinary_sample_offset
TALK2.DAT	talk_remainder	payload[1]/4	36		36	00000290	00006785	00006985	1	0402	ordinary_sample_offset
TALK2.DAT	talk_remainder	payload[1]/4	37		37	00000294	00006CE9	00006EE9	1	0402	ordinary_sample_offset
TALK2.DAT	talk_remainder	payload[1]/4	38		38	00000298	00006D2E	00006F2E	1	0402	ordinary_sample_offset
TALK2.DAT	talk_remainder	payload[1]/4	39		39	0000029C	00006EFE	000070FE	1	0402	ordinary_sample_offset
TALK2.DAT	talk_remainder	payload[1]/4	40		40	000002A0	00007044	00007244	1	0402	ordinary_sample_offset
TALK2.DAT	talk_remainder	payload[1]/4	41		41	000002A4	000071B0	000073B0	1	0402	ordinary_sample_offset
TALK2.DAT	talk_remainder	payload[1]/4	42		42	000002A8	000072E6	000074E6	1	0402	ordinary_sample_offset
TALK2.DAT	talk_remainder	payload[1]/4	43		43	000002AC	000073E6	000075E6	1	0402	ordinary_sample_offset
TALK2.DAT	talk_remainder	payload[1]/4	44		44	000002B0	0000751C	0000771C	1	0402	ordinary_sample_offset
TALK2.DAT	talk_remainder	payload[1]/4	45		45	000002B4	000075A4	000077A4	1	0402	ordinary_sample_offset
TALK2.DAT	talk_remainder	payload[1]/4	46		46	000002B8	0000765C	0000785C	1	0402	ordinary_sample_offset
TALK2.DAT	talk_remainder	payload[1]/4	47		47	000002BC	0000786A	00007A6A	1	0402	ordinary_sample_offset
TALK2.DAT	talk_remainder	payload[1]/4	48		48	000002C0	00007956	00007B56	1	0402	ordinary_sample_offset
TALK2.DAT	talk_remainder	payload[1]/4	49		49	000002C4	00007AA8	00007CA8	1	0402	ordinary_sample_offset
TALK2.DAT	talk_remainder	payload[1]/4	50		50	000002C8	0000819A	0000839A	1	0402	ordinary_sample_offset
TALK2.DAT	talk_remainder	payload[1]/4	51		51	000002CC	00008D27	00008F27	1	0402	ordinary_sample_offset
TALK2.DAT	talk_remainder	payload[1]/4	52		52	000002D0	00008F07	00009107	1	0402	ordinary_sample_offset
TALK2.DAT	talk_remainder	payload[1]/4	53		53	000002D4	0000917F	0000937F	1	0402	ordinary_sample_offset
TALK2.DAT	talk_remainder	payload[1]/4	54		54	000002D8	00009216	00009416	1	0402	ordinary_sample_offset
TALK2.DAT	talk_remainder	payload[1]/4	55		55	000002DC	00009C08	00009E08	1	0402	ordinary_sample_offset
TALK2.DAT	talk_remainder	payload[1]/4	56		56	000002E0	0000A28A	0000A48A	1	0402	ordinary_sample_offset
TALK2.DAT	talk_remainder	payload[1]/4	57		57	000002E4	0000A3EA	0000A5EA	1	0402	ordinary_sample_offset
TALK2.DAT	talk_remainder	payload[1]/4	58		58	000002E8	0000A9D2	0000ABD2	1	0402	ordinary_sample_offset
TALK2.DAT	talk_remainder	payload[1]/4	59		59	000002EC	0000AAAE	0000ACAE	1	0402	ordinary_sample_offset
TALK2.DAT	talk_remainder	payload[1]/4	60		60	000002F0	0000AEDC	0000B0DC	1	0402	ordinary_sample_offset
TALK2.DAT	talk_remainder	payload[1]/4	61		61	000002F4	0000B311	0000B511	1	0402	ordinary_sample_offset
TALK2.DAT	talk_remainder	payload[1]/4	62		62	000002F8	0000B3EB	0000B5EB	1	0402	ordinary_sample_offset
TALK2.DAT	talk_remainder	payload[1]/4	63		63	000002FC	0000B739	0000B939	1	0402	ordinary_sample_offset
TALK2.DAT	talk_remainder	payload[1]/4	64		64	00000300	0000BA37	0000BC37	1	0402	ordinary_sample_offset
TALK2.DAT	talk_remainder	payload[1]/4	65		65	00000304	0000BF79	0000C179	1	0402	ordinary_sample_offset
TALK2.DAT	talk_remainder	payload[1]/4	66		66	00000308	0000C03F	0000C23F	1	0402	ordinary_sample_offset
TALK2.DAT	talk_remainder	payload[1]/4	67		67	0000030C	0000C215	0000C415	1	0402	ordinary_sample_offset
TALK2.DAT	talk_remainder	payload[1]/4	68		68	00000310	0000C977	0000CB77	1	0402	ordinary_sample_offset
TALK2.DAT	talk_remainder	payload[1]/4	69		69	00000314	0000C97B	0000CB7B	1	0402	ordinary_sample_offset
TALK2.DAT	talk_remainder	payload[1]/4	70		70	00000318	0000CE28	0000D028	1	0402	ordinary_sample_offset
TALK2.DAT	talk_remainder	payload[1]/4	71		71	0000031C	0000E7C8	0000E9C8	1	0402	ordinary_sample_offset
TALK2.DAT	talk_remainder	payload[1]/4	72		72	00000320	00010B2B	00010D2B	1	0402	ordinary_sample_offset
TALK2.DAT	talk_remainder	payload[1]/4	73		73	00000324	00011012	00011212	1	0402	ordinary_sample_offset
TALK2.DAT	talk_remainder	payload[1]/4	74		74	00000328	0001398B	00013B8B	1	0402	ordinary_sample_offset
TALK2.DAT	talk_remainder	payload[1]/4	75		75	0000032C	00013E05	00014005	1	0402	ordinary_sample_offset
TALK2.DAT	talk_remainder	payload[1]/4	76		76	00000330	000147F8	000149F8	1	0402	ordinary_sample_offset
TALK2.DAT	talk_remainder	payload[1]/4	77		77	00000334	0001540A	0001560A	1	0402	ordinary_sample_offset
TALK2.DAT	talk_remainder	payload[1]/4	78		78	00000338	000174C7	000176C7	1	0402	ordinary_sample_offset
TALK2.DAT	talk_remainder	payload[1]/4	79		79	0000033C	00018253	00018453	1	0402	ordinary_sample_offset
TALK2.DAT	talk_remainder	payload[1]/4	80		80	00000340	00019308	00019508	1	0402	ordinary_sample_offset
TALK2.DAT	talk_remainder	payload[1]/4	81		81	00000344	000195BF	000197BF	1	0402	ordinary_sample_offset
TALK2.DAT	talk_remainder	payload[1]/4	82		82	00000348	00019CDE	00019EDE	1	0402	ordinary_sample_offset
TALK2.DAT	talk_remainder	payload[1]/4	83		83	0000034C	0001E452	0001E652	1	0402	ordinary_sample_offset
TALK2.DAT	talk_remainder	payload[1]/4	84		84	00000350	0001EC97	0001EE97	1	0402	ordinary_sample_offset
TALK2.DAT	talk_remainder	payload[1]/4	85		85	00000354	00020402	00020602	1	0402	ordinary_sample_offset
TALK2.DAT	talk_remainder	payload[1]/4	86		86	00000358	00020455	00020655	1	0402	ordinary_sample_offset
TALK2.DAT	talk_remainder	payload[1]/4	87		87	0000035C	00020459	00020659	1	0402	ordinary_sample_offset
TALK2.DAT	talk_remainder	payload[1]/4	88		88	00000360	0002045D	0002065D	1	0402	ordinary_sample_offset
TALK2.DAT	talk_remainder	payload[1]/4	89		89	00000364	00020461	00020661	1	0402	ordinary_sample_offset
TALK2.DAT	talk_remainder	payload[1]/4	90		90	00000368	00020465	00020665	1	0402	ordinary_sample_offset
TALK2.DAT	talk_remainder	payload[1]/4	91		91	0000036C	00020469	00020669	1	0402	ordinary_sample_offset
TALK2.DAT	talk_remainder	payload[1]/4	92		92	00000370	0002046D	0002066D	1	0402	ordinary_sample_offset
TALK2.DAT	talk_remainder	payload[1]/4	93		93	00000374	000212D2	000214D2	1	0402	ordinary_sample_offset
TALK2.DAT	talk_remainder	payload[1]/4	94		94	00000378	00021EBF	000220BF	1	0402	ordinary_sample_offset
TALK2.DAT	talk_remainder	payload[1]/4	95		95	0000037C	00021EC3	000220C3	1	0402	ordinary_sample_offset
TALK2.DAT	talk_remainder	payload[1]/4	96		96	00000380	00021EC7	000220C7	1	0402	ordinary_sample_offset
TALK2.DAT	talk_remainder	payload[1]/4	97		97	00000384	000226FA	000228FA	1	0402	ordinary_sample_offset
TALK2.DAT	talk_remainder	payload[1]/4	98		98	00000388	00023636	00023836	1	0402	ordinary_sample_offset
TALK2.DAT	talk_remainder	payload[1]/4	99		99	0000038C	0002363A	0002383A	1	0402	ordinary_sample_offset
TALK2.DAT	talk_remainder	payload[1]/4	100		100	00000390	00024647	00024847	1	0402	ordinary_sample_offset
TALK2.DAT	talk_remainder	payload[1]/4	101		101	00000394	0002636E	0002656E	1	0402	ordinary_sample_offset
TALK2.DAT	talk_remainder	payload[1]/4	102		102	00000398	000264BF	000266BF	1	0402	ordinary_sample_offset
TALK2.DAT	talk_remainder	payload[1]/4	103		103	0000039C	00026610	00026810	1	0402	ordinary_sample_offset
TALK2.DAT	talk_remainder	payload[1]/4	104		104	000003A0	00026761	00026961	1	0402	ordinary_sample_offset
TALK2.DAT	talk_remainder	payload[1]/4	105		105	000003A4	000268B2	00026AB2	1	0402	ordinary_sample_offset
TALK2.DAT	talk_remainder	payload[1]/4	106		106	000003A8	00026A03	00026C03	1	0402	ordinary_sample_offset
TALK2.DAT	talk_remainder	payload[1]/4	107		107	000003AC	00026B54	00026D54	1	0402	ordinary_sample_offset
TALK2.DAT	talk_remainder	payload[1]/4	108		108	000003B0	00026CA5	00026EA5	1	0402	ordinary_sample_offset
TALK2.DAT	talk_remainder	payload[1]/4	109		109	000003B4	00026DF6	00026FF6	1	0402	ordinary_sample_offset
TALK2.DAT	talk_remainder	payload[1]/4	110		110	000003B8	00026F47	00027147	1	0402	ordinary_sample_offset
TALK2.DAT	talk_remainder	payload[1]/4	111		111	000003BC	0002710B	0002730B	1	0402	ordinary_sample_offset
TALK2.DAT	talk_remainder	payload[1]/4	112		112	000003C0	0002725C	0002745C	1	0402	ordinary_sample_offset
TALK2.DAT	talk_remainder	payload[1]/4	113		113	000003C4	000273AD	000275AD	1	0402	ordinary_sample_offset
TALK2.DAT	talk_remainder	payload[1]/4	114		114	000003C8	000274FE	000276FE	1	0402	ordinary_sample_offset
TALK2.DAT	talk_remainder	payload[1]/4	115		115	000003CC	0002764F	0002784F	1	0402	ordinary_sample_offset
TALK2.DAT	talk_remainder	payload[1]/4	116		116	000003D0	000277A0	000279A0	1	0402	ordinary_sample_offset
TALK2.DAT	talk_remainder	payload[1]/4	117		117	000003D4	000278F1	00027AF1	1	0402	ordinary_sample_offset
TALK2.DAT	talk_remainder	payload[1]/4	118		118	000003D8	000278F5	00027AF5	1	0402	ordinary_sample_offset
TALK2.DAT	talk_remainder	payload[1]/4	119		119	000003DC	000278F9	00027AF9	1	0402	ordinary_sample_offset
TALK2.DAT	talk_remainder	payload[1]/4	120		120	000003E0	000278FD	00027AFD	1	0402	ordinary_sample_offset
TALK2.DAT	talk_remainder	payload[1]/4	121		121	000003E4	00027901	00027B01	1	0402	ordinary_sample_offset
TALK2.DAT	talk_remainder	payload[1]/4	122		122	000003E8	00027905	00027B05	1	0402	ordinary_sample_offset
TALK2.DAT	talk_remainder	payload[1]/4	123		123	000003EC	00027909	00027B09	1	0402	ordinary_sample_offset
TALK2.DAT	talk_remainder	payload[1]/4	124		124	000003F0	0002790D	00027B0D	1	0402	ordinary_sample_offset
TALK2.DAT	talk_remainder	payload[1]/4	125		125	000003F4	00027911	00027B11	1	0402	ordinary_sample_offset
TALK2.DAT	talk_remainder	payload[1]/4	126		126	000003F8	00027915	00027B15	1	0402	ordinary_sample_offset
TALK2.DAT	talk_remainder	payload[1]/4	127		127	000003FC	00027919	00027B19	1	0402	ordinary_sample_offset
TALK2.DAT	talk_remainder	payload[1]/4	128		128	00000400	0002791D	00027B1D	1	0402	ordinary_sample_offset
TALK2.DAT	talk_remainder	payload[1]/4	129		129	00000404	00027921	00027B21	1	0402	ordinary_sample_offset
TALK2.DAT	talk_remainder	payload[1]/4	130		130	00000408	00027925	00027B25	1	0402	ordinary_sample_offset
TALK2.DAT	talk_remainder	payload[1]/4	131		131	0000040C	00027929	00027B29	1	0402	ordinary_sample_offset
TALK2.DAT	talk_remainder	payload[1]/4	132		132	00000410	0002792D	00027B2D	1	0402	ordinary_sample_offset
TALK2.DAT	talk_remainder	payload[1]/4	133		133	00000414	00027931	00027B31	1	0402	ordinary_sample_offset
TALK2.DAT	talk_remainder	payload[1]/4	134		134	00000418	00027935	00027B35	1	0402	ordinary_sample_offset
TALK2.DAT	talk_remainder	payload[1]/4	135		135	0000041C	00027939	00027B39	1	0402	ordinary_sample_offset
TALK2.DAT	talk_remainder	payload[1]/4	136		136	00000420	0002793D	00027B3D	1	0402	ordinary_sample_offset
TALK2.DAT	talk_remainder	payload[1]/4	137		137	00000424	00027941	00027B41	1	0402	ordinary_sample_offset
TALK2.DAT	talk_remainder	payload[1]/4	138		138	00000428	00027945	00027B45	1	0402	ordinary_sample_offset
TALK2.DAT	talk_remainder	payload[1]/4	139		139	0000042C	00027949	00027B49	1	0402	ordinary_sample_offset
TALK2.DAT	talk_remainder	payload[1]/4	140		140	00000430	0002794D	00027B4D	1	0402	ordinary_sample_offset
TALK2.DAT	talk_remainder	payload[1]/4	141		141	00000434	00027951	00027B51	1	0402	ordinary_sample_offset
TALK2.DAT	talk_remainder	payload[1]/4	142		142	00000438	00027955	00027B55	1	0402	ordinary_sample_offset
TALK2.DAT	talk_remainder	payload[1]/4	143		143	0000043C	00027959	00027B59	1	0402	ordinary_sample_offset
TALK2.DAT	talk_remainder	payload[1]/4	144		144	00000440	0002795D	00027B5D	1	0402	ordinary_sample_offset
TALK2.DAT	talk_remainder	payload[1]/4	145		145	00000444	00027961	00027B61	1	0402	ordinary_sample_offset
TALK2.DAT	talk_remainder	payload[1]/4	146		146	00000448	00027965	00027B65	1	0402	ordinary_sample_offset
TALK2.DAT	talk_remainder	payload[1]/4	147		147	0000044C	00027969	00027B69	1	0402	ordinary_sample_offset
TALK2.DAT	talk_remainder	payload[1]/4	148		148	00000450	0002796D	00027B6D	1	0402	ordinary_sample_offset
TALK2.DAT	talk_remainder	payload[1]/4	149		149	00000454	00027971	00027B71	1	0402	ordinary_sample_offset
TALK2.DAT	talk_remainder	payload[1]/4	150		150	00000458	00027975	00027B75	1	0402	ordinary_sample_offset
TALK2.DAT	talk_remainder	payload[1]/4	151		151	0000045C	00027979	00027B79	1	0402	ordinary_sample_offset
TALK2.DAT	talk_remainder	payload[1]/4	152		152	00000460	0002797D	00027B7D	1	0402	ordinary_sample_offset
TALK2.DAT	talk_remainder	payload[1]/4	153		153	00000464	00027981	00027B81	1	0402	ordinary_sample_offset
TALK2.DAT	talk_remainder	payload[1]/4	154		154	00000468	00027985	00027B85	1	0402	ordinary_sample_offset
TALK2.DAT	talk_remainder	payload[1]/4	155		155	0000046C	00027989	00027B89	1	0402	ordinary_sample_offset
TALK2.DAT	talk_remainder	payload[1]/4	156		156	00000470	0002798D	00027B8D	1	0402	ordinary_sample_offset
TALK2.DAT	talk_remainder	payload[1]/4	157		157	00000474	00027991	00027B91	1	0402	ordinary_sample_offset
TALK2.DAT	talk_remainder	payload[1]/4	158		158	00000478	00027995	00027B95	1	0402	ordinary_sample_offset
TALK2.DAT	talk_remainder	payload[1]/4	159		159	0000047C	00027999	00027B99	1	0402	ordinary_sample_offset
TALK2.DAT	talk_remainder	payload[1]/4	160		160	00000480	0002799D	00027B9D	1	0402	ordinary_sample_offset
TALK2.DAT	talk_remainder	payload[1]/4	161		161	00000484	000279A1	00027BA1	1	0402	ordinary_sample_offset
TALK2.DAT	talk_remainder	payload[1]/4	162		162	00000488	000279A5	00027BA5	1	0402	ordinary_sample_offset
TALK2.DAT	talk_remainder	payload[1]/4	163		163	0000048C	000279A9	00027BA9	1	0402	ordinary_sample_offset
TALK2.DAT	talk_remainder	payload[1]/4	164		164	00000490	000279AD	00027BAD	1	0402	ordinary_sample_offset
TALK2.DAT	talk_remainder	payload[1]/4	165		165	00000494	000279B1	00027BB1	1	0402	ordinary_sample_offset
TALK2.DAT	talk_remainder	payload[1]/4	166		166	00000498	000279B5	00027BB5	1	0402	ordinary_sample_offset
TALK2.DAT	talk_remainder	payload[1]/4	167		167	0000049C	000279B9	00027BB9	1	0402	ordinary_sample_offset
TALK2.DAT	talk_remainder	payload[1]/4	168		168	000004A0	000279BD	00027BBD	1	0402	ordinary_sample_offset
TALK2.DAT	talk_remainder	payload[1]/4	169		169	000004A4	000279C1	00027BC1	1	0402	ordinary_sample_offset
TALK2.DAT	talk_remainder	payload[1]/4	170		170	000004A8	000279C5	00027BC5	1	0402	ordinary_sample_offset
TALK2.DAT	talk_remainder	payload[1]/4	171		171	000004AC	000279C9	00027BC9	1	0402	ordinary_sample_offset
TALK2.DAT	talk_remainder	payload[1]/4	172		172	000004B0	000279CD	00027BCD	1	0402	ordinary_sample_offset
TALK2.DAT	talk_remainder	payload[1]/4	173		173	000004B4	000279D1	00027BD1	1	0402	ordinary_sample_offset
TALK2.DAT	talk_remainder	payload[1]/4	174		174	000004B8	000279D5	00027BD5	1	0402	ordinary_sample_offset
TALK2.DAT	talk_remainder	payload[1]/4	175		175	000004BC	000279D9	00027BD9	1	0402	ordinary_sample_offset
TALK2.DAT	talk_remainder	payload[1]/4	176		176	000004C0	000279DD	00027BDD	1	0402	ordinary_sample_offset
TALK2.DAT	talk_remainder	payload[1]/4	177		177	000004C4	000279E1	00027BE1	1	0402	ordinary_sample_offset
TALK2.DAT	talk_remainder	payload[1]/4	178		178	000004C8	000279E5	00027BE5	1	0402	ordinary_sample_offset
TALK2.DAT	talk_remainder	payload[1]/4	179		179	000004CC	000279E9	00027BE9	1	0402	ordinary_sample_offset
TALK2.DAT	talk_remainder	payload[1]/4	180		180	000004D0	000279ED	00027BED	1	0402	ordinary_sample_offset
TALK2.DAT	talk_remainder	payload[1]/4	181		181	000004D4	000279F1	00027BF1	1	0402	ordinary_sample_offset
TALK2.DAT	talk_remainder	payload[1]/4	182		182	000004D8	000279F5	00027BF5	1	0402	ordinary_sample_offset
TALK2.DAT	talk_remainder	payload[1]/4	183		183	000004DC	000279F9	00027BF9	1	0402	ordinary_sample_offset
TALK2.DAT	talk_remainder	payload[1]/4	184		184	000004E0	000279FD	00027BFD	1	0402	ordinary_sample_offset
TALK2.DAT	talk_remainder	payload[1]/4	185		185	000004E4	00027A01	00027C01	1	0402	ordinary_sample_offset
TALK2.DAT	talk_remainder	payload[1]/4	186		186	000004E8	00027A05	00027C05	1	0402	ordinary_sample_offset
TALK2.DAT	talk_remainder	payload[1]/4	187		187	000004EC	00027A09	00027C09	1	0402	ordinary_sample_offset
TALK2.DAT	talk_remainder	payload[1]/4	188		188	000004F0	00027A0D	00027C0D	1	0402	ordinary_sample_offset
TALK2.DAT	talk_remainder	payload[1]/4	189		189	000004F4	00027A11	00027C11	1	0402	ordinary_sample_offset
TALK2.DAT	talk_remainder	payload[1]/4	190		190	000004F8	00027A15	00027C15	1	0402	ordinary_sample_offset
TALK2.DAT	talk_remainder	payload[1]/4	191		191	000004FC	00027A19	00027C19	1	0402	ordinary_sample_offset
TALK2.DAT	talk_remainder	payload[1]/4	192		192	00000500	00027A1D	00027C1D	1	0402	ordinary_sample_offset
TALK2.DAT	talk_remainder	payload[1]/4	193		193	00000504	00027A21	00027C21	1	0402	ordinary_sample_offset
TALK2.DAT	talk_remainder	payload[1]/4	194		194	00000508	00027A25	00027C25	1	0402	ordinary_sample_offset
TALK2.DAT	talk_remainder	payload[1]/4	195		195	0000050C	00027A29	00027C29	1	0402	ordinary_sample_offset
TALK2.DAT	talk_remainder	payload[1]/4	196		196	00000510	00027A2D	00027C2D	1	0402	ordinary_sample_offset
TALK2.DAT	talk_remainder	payload[1]/4	197		197	00000514	00027A31	00027C31	1	0402	ordinary_sample_offset
TALK2.DAT	talk_remainder	payload[1]/4	198		198	00000518	00027A35	00027C35	1	0402	ordinary_sample_offset
TALK2.DAT	talk_remainder	payload[1]/4	199		199	0000051C	00027A39	00027C39	1	0402	ordinary_sample_offset
TALK2.DAT	talk_remainder	payload[1]/4	200		200	00000520	00027A3D	00027C3D	1	0402	ordinary_sample_offset
TALK2.DAT	talk_remainder	payload[1]/4	201		201	00000524	00027A41	00027C41	1	0402	ordinary_sample_offset
TALK2.DAT	talk_remainder	payload[1]/4	202		202	00000528	00027B00	00027D00	1	0402	ordinary_sample_offset
TALK2.DAT	talk_remainder	payload[1]/4	203		203	0000052C	00027B4F	00027D4F	1	0402	ordinary_sample_offset
TALK2.DAT	talk_remainder	payload[1]/4	204		204	00000530	00027B9F	00027D9F	1	0402	ordinary_sample_offset
TALK2.DAT	talk_remainder	payload[1]/4	205		205	00000534	00027BEE	00027DEE	1	0402	ordinary_sample_offset
TALK2.DAT	talk_remainder	payload[1]/4	206		206	00000538	00027C3D	00027E3D	1	0402	ordinary_sample_offset
TALK2.DAT	talk_remainder	payload[1]/4	207		207	0000053C	00027C8C	00027E8C	1	0402	ordinary_sample_offset
TALK2.DAT	talk_remainder	payload[1]/4	208		208	00000540	00027CDB	00027EDB	1	0402	ordinary_sample_offset
TALK2.DAT	talk_remainder	payload[1]/4	209		209	00000544	00027D2A	00027F2A	1	0402	ordinary_sample_offset
TALK2.DAT	talk_remainder	payload[1]/4	210		210	00000548	00027D79	00027F79	1	0402	ordinary_sample_offset
TALK2.DAT	talk_remainder	payload[1]/4	211		211	0000054C	00027DC8	00027FC8	1	0402	ordinary_sample_offset
TALK2.DAT	talk_remainder	payload[1]/4	212		212	00000550	00027E18	00028018	1	0402	ordinary_sample_offset
TALK2.DAT	talk_remainder	payload[1]/4	213		213	00000554	00027E67	00028067	1	0402	ordinary_sample_offset
TALK2.DAT	talk_remainder	payload[1]/4	214		214	00000558	00027EB6	000280B6	1	0402	ordinary_sample_offset
TALK2.DAT	talk_remainder	payload[1]/4	215		215	0000055C	00027F05	00028105	1	0402	ordinary_sample_offset
TALK2.DAT	talk_remainder	payload[1]/4	216		216	00000560	00027F55	00028155	1	0402	ordinary_sample_offset
TALK2.DAT	talk_remainder	payload[1]/4	217		217	00000564	00027FA4	000281A4	1	0402	ordinary_sample_offset
TALK2.DAT	talk_remainder	payload[1]/4	218		218	00000568	00027FF3	000281F3	1	0402	ordinary_sample_offset
TALK2.DAT	talk_remainder	payload[1]/4	219		219	0000056C	00028050	00028250	1	0402	ordinary_sample_offset
TALK2.DAT	talk_remainder	payload[1]/4	220		220	00000570	000280AD	000282AD	1	0402	ordinary_sample_offset
TALK2.DAT	talk_remainder	payload[1]/4	221		221	00000574	0002810A	0002830A	1	0402	ordinary_sample_offset
TALK2.DAT	talk_remainder	payload[1]/4	222		222	00000578	0002810E	0002830E	1	0402	ordinary_sample_offset
TALK2.DAT	talk_remainder	payload[1]/4	223		223	0000057C	0002816B	0002836B	1	0402	ordinary_sample_offset
TALK2.DAT	talk_remainder	payload[1]/4	224		224	00000580	000281BA	000283BA	1	0402	ordinary_sample_offset
TALK2.DAT	talk_remainder	payload[1]/4	225		225	00000584	00028217	00028417	1	0402	ordinary_sample_offset
TALK2.DAT	talk_remainder	payload[1]/4	226		226	00000588	0002821B	0002841B	1	0402	ordinary_sample_offset
TALK2.DAT	talk_remainder	payload[1]/4	227		227	0000058C	0002826A	0002846A	1	0402	ordinary_sample_offset
TALK2.DAT	talk_remainder	payload[1]/4	228		228	00000590	0002826E	0002846E	1	0402	ordinary_sample_offset
TALK2.DAT	talk_remainder	payload[1]/4	229		229	00000594	000282BD	000284BD	1	0402	ordinary_sample_offset
TALK2.DAT	talk_remainder	payload[1]/4	230		230	00000598	0002830C	0002850C	1	0402	ordinary_sample_offset
TALK2.DAT	talk_remainder	payload[1]/4	231		231	0000059C	0002835B	0002855B	1	0402	ordinary_sample_offset
TALK2.DAT	talk_remainder	payload[1]/4	232		232	000005A0	000283B8	000285B8	1	0402	ordinary_sample_offset
TALK2.DAT	talk_remainder	payload[1]/4	233		233	000005A4	00028415	00028615	1	0402	ordinary_sample_offset
TALK2.DAT	talk_remainder	payload[1]/4	234		234	000005A8	00028472	00028672	1	0402	ordinary_sample_offset
TALK2.DAT	talk_remainder	payload[1]/4	235		235	000005AC	000284CA	000286CA	1	0402	ordinary_sample_offset
TALK2.DAT	talk_remainder	payload[1]/4	236		236	000005B0	00028527	00028727	1	0402	ordinary_sample_offset
TALK2.DAT	talk_remainder	payload[1]/4	237		237	000005B4	00028584	00028784	1	0402	ordinary_sample_offset
TALK2.DAT	talk_remainder	payload[1]/4	238		238	000005B8	000285E1	000287E1	1	0402	ordinary_sample_offset
TALK2.DAT	talk_remainder	payload[1]/4	239		239	000005BC	0002863E	0002883E	1	000A	ordinary_sample_offset
TALK2.DAT	talk_remainder	payload[1]/4	240		240	000005C0	0002869E	0002889E	1	0402	ordinary_sample_offset
TALK2.DAT	talk_remainder	payload[1]/4	241		241	000005C4	000286FB	000288FB	1	0402	ordinary_sample_offset
TALK2.DAT	talk_remainder	payload[1]/4	242		242	000005C8	00028758	00028958	1	0402	ordinary_sample_offset
TALK2.DAT	talk_remainder	payload[1]/4	243		243	000005CC	000287B5	000289B5	1	0402	ordinary_sample_offset
TALK2.DAT	talk_remainder	payload[1]/4	244		244	000005D0	000287E5	000289E5	1	0402	ordinary_sample_offset
TALK2.DAT	talk_remainder	payload[1]/4	245		245	000005D4	00028842	00028A42	1	0402	ordinary_sample_offset
TALK2.DAT	talk_remainder	payload[1]/4	246		246	000005D8	0002889F	00028A9F	1	0402	ordinary_sample_offset
TALK2.DAT	talk_remainder	payload[1]/4	247		247	000005DC	000288EF	00028AEF	1	0402	ordinary_sample_offset
TALK2.DAT	talk_remainder	payload[1]/4	248		248	000005E0	0002893E	00028B3E	1	0402	ordinary_sample_offset
TALK2.DAT	talk_remainder	payload[1]/4	249		249	000005E4	0002898D	00028B8D	1	0402	ordinary_sample_offset
TALK2.DAT	talk_remainder	payload[1]/4	250		250	000005E8	000289DC	00028BDC	1	0402	ordinary_sample_offset
TALK2.DAT	talk_remainder	payload[1]/4	251		251	000005EC	00028A2B	00028C2B	1	0402	ordinary_sample_offset
TALK2.DAT	talk_remainder	payload[1]/4	252		252	000005F0	00028A7A	00028C7A	1	0402	ordinary_sample_offset
TALK2.DAT	talk_remainder	payload[1]/4	253		253	000005F4	00028AC9	00028CC9	1	0402	ordinary_sample_offset
TALK2.DAT	talk_remainder	payload[1]/4	254		254	000005F8	00028B18	00028D18	1	0402	ordinary_sample_offset
TALK2.DAT	talk_remainder	payload[1]/4	255		255	000005FC	00028B75	00028D75	1	0402	ordinary_sample_offset
TALK2.DAT	talk_remainder	payload[1]/4	256		256	00000600	00028BD2	00028DD2	1	0402	ordinary_sample_offset
TALK2.DAT	talk_remainder	payload[1]/4	257		257	00000604	00028C21	00028E21	1	0402	ordinary_sample_offset
TALK2.DAT	talk_remainder	payload[1]/4	258		258	00000608	00028C70	00028E70	1	0402	ordinary_sample_offset
TALK2.DAT	talk_remainder	payload[1]/4	259		259	0000060C	00028CBF	00028EBF	1	0402	ordinary_sample_offset
TALK2.DAT	talk_remainder	payload[1]/4	260		260	00000610	00028D0E	00028F0E	1	0402	ordinary_sample_offset
TALK2.DAT	talk_remainder	payload[1]/4	261		261	00000614	00028D6B	00028F6B	1	0402	ordinary_sample_offset
TALK2.DAT	talk_remainder	payload[1]/4	262		262	00000618	00028DC8	00028FC8	1	0402	ordinary_sample_offset
TALK2.DAT	talk_remainder	payload[1]/4	263		263	0000061C	00028E25	00029025	1	0402	ordinary_sample_offset
TALK2.DAT	talk_remainder	payload[1]/4	264		264	00000620	00028E82	00029082	1	0402	ordinary_sample_offset
TALK2.DAT	talk_remainder	payload[1]/4	265		265	00000624	00028EDF	000290DF	1	0402	ordinary_sample_offset
TALK2.DAT	talk_remainder	payload[1]/4	266		266	00000628	00028F3C	0002913C	1	0402	ordinary_sample_offset
TALK2.DAT	talk_remainder	payload[1]/4	267		267	0000062C	00028F99	00029199	1	0402	ordinary_sample_offset
TALK2.DAT	talk_remainder	payload[1]/4	268		268	00000630	00028FF6	000291F6	1	0402	ordinary_sample_offset
TALK2.DAT	talk_remainder	payload[1]/4	269		269	00000634	00029045	00029245	1	0402	ordinary_sample_offset
TALK2.DAT	talk_remainder	payload[1]/4	270		270	00000638	000290A2	000292A2	1	0402	ordinary_sample_offset
TALK2.DAT	talk_remainder	payload[1]/4	271		271	0000063C	000290FF	000292FF	1	0402	ordinary_sample_offset
TALK2.DAT	talk_remainder	payload[1]/4	272		272	00000640	0002915C	0002935C	1	0402	ordinary_sample_offset
TALK2.DAT	talk_remainder	payload[1]/4	273		273	00000644	000291B9	000293B9	1	0402	ordinary_sample_offset
TALK2.DAT	talk_remainder	payload[1]/4	274		274	00000648	00029216	00029416	1	0402	ordinary_sample_offset
TALK2.DAT	talk_remainder	payload[1]/4	275		275	0000064C	00029253	00029453	1	0402	ordinary_sample_offset
TALK2.DAT	talk_remainder	payload[1]/4	276		276	00000650	00029290	00029490	1	0402	ordinary_sample_offset
TALK2.DAT	talk_remainder	payload[1]/4	277		277	00000654	000292CD	000294CD	1	0402	ordinary_sample_offset
TALK2.DAT	talk_remainder	payload[1]/4	278		278	00000658	0002930A	0002950A	1	0402	ordinary_sample_offset
TALK2.DAT	talk_remainder	payload[1]/4	279		279	0000065C	00029347	00029547	1	0402	ordinary_sample_offset
TALK2.DAT	talk_remainder	payload[1]/4	280		280	00000660	00029384	00029584	1	0402	ordinary_sample_offset
TALK2.DAT	talk_remainder	payload[1]/4	281		281	00000664	000293C1	000295C1	1	0402	ordinary_sample_offset
TALK2.DAT	talk_remainder	payload[1]/4	282		282	00000668	000293FF	000295FF	1	0402	ordinary_sample_offset
TALK2.DAT	talk_remainder	payload[1]/4	283		283	0000066C	0002943C	0002963C	1	0402	ordinary_sample_offset
TALK2.DAT	talk_remainder	payload[1]/4	284		284	00000670	00029479	00029679	1	0402	ordinary_sample_offset
TALK2.DAT	talk_remainder	payload[1]/4	285		285	00000674	000294B6	000296B6	1	0402	ordinary_sample_offset
TALK2.DAT	talk_remainder	payload[1]/4	286		286	00000678	000294F3	000296F3	1	0402	ordinary_sample_offset
TALK2.DAT	talk_remainder	payload[1]/4	287		287	0000067C	00029531	00029731	1	0402	ordinary_sample_offset
TALK2.DAT	talk_remainder	payload[1]/4	288		288	00000680	0002956E	0002976E	1	007E	ordinary_sample_offset
TALK2.DAT	talk_remainder	payload[1]/4	289		289	00000684	00029588	00029788	1	0402	ordinary_sample_offset
TALK2.DAT	talk_remainder	payload[1]/4	290		290	00000688	000295D7	000297D7	1	007E	ordinary_sample_offset
TALK2.DAT	talk_remainder	payload[1]/4	291		291	0000068C	0002975C	0002995C	1	0402	ordinary_sample_offset
TALK2.DAT	talk_remainder	payload[1]/4	292		292	00000690	000297AB	000299AB	1	0402	ordinary_sample_offset
TALK2.DAT	talk_remainder	payload[1]/4	293		293	00000694	000297FA	000299FA	1	0402	ordinary_sample_offset
TALK2.DAT	talk_remainder	payload[1]/4	294		294	00000698	000297FE	000299FE	1	0402	ordinary_sample_offset
TALK2.DAT	talk_remainder	payload[1]/4	295		295	0000069C	00029802	00029A02	1	0402	ordinary_sample_offset
TALK2.DAT	talk_remainder	payload[1]/4	296		296	000006A0	0002983F	00029A3F	1	0402	ordinary_sample_offset
TALK2.DAT	talk_remainder	payload[1]/4	297		297	000006A4	000299BA	00029BBA	1	0402	ordinary_sample_offset
TALK2.DAT	talk_remainder	payload[1]/4	298		298	000006A8	000299F7	00029BF7	1	0402	ordinary_sample_offset
TALK2.DAT	talk_remainder	payload[1]/4	299		299	000006AC	00029A34	00029C34	1	0402	ordinary_sample_offset
TALK2.DAT	talk_remainder	payload[1]/4	300		300	000006B0	00029A38	00029C38	1	0402	ordinary_sample_offset
TALK2.DAT	talk_remainder	payload[1]/4	301		301	000006B4	00029A3C	00029C3C	1	0402	ordinary_sample_offset
TALK2.DAT	talk_remainder	payload[1]/4	302		302	000006B8	00029AAD	00029CAD	1	0402	ordinary_sample_offset
TALK2.DAT	talk_remainder	payload[1]/4	303		303	000006BC	00029B9B	00029D9B	1	0402	ordinary_sample_offset
TALK2.DAT	talk_remainder	payload[1]/4	304		304	000006C0	00029D68	00029F68	1	0402	ordinary_sample_offset
TALK2.DAT	talk_remainder	payload[1]/4	305		305	000006C4	00029E58	0002A058	1	0402	ordinary_sample_offset
TALK2.DAT	talk_remainder	payload[1]/4	306		306	000006C8	0002A298	0002A498	1	0402	ordinary_sample_offset
TALK2.DAT	talk_remainder	payload[1]/4	307		307	000006CC	0002A580	0002A780	1	0402	ordinary_sample_offset
TALK2.DAT	talk_remainder	payload[1]/4	308		308	000006D0	0002A6C3	0002A8C3	1	0402	ordinary_sample_offset
TALK2.DAT	talk_remainder	payload[1]/4	309		309	000006D4	0002A756	0002A956	1	0402	ordinary_sample_offset
TALK2.DAT	talk_remainder	payload[1]/4	310		310	000006D8	0002A7D5	0002A9D5	1	0402	ordinary_sample_offset
TALK2.DAT	talk_remainder	payload[1]/4	311		311	000006DC	0002A968	0002AB68	1	0402	ordinary_sample_offset
TALK2.DAT	talk_remainder	payload[1]/4	312		312	000006E0	0002AB0D	0002AD0D	1	0402	ordinary_sample_offset
TALK2.DAT	talk_remainder	payload[1]/4	313		313	000006E4	0002AC86	0002AE86	1	0402	ordinary_sample_offset
TALK2.DAT	talk_remainder	payload[1]/4	314		314	000006E8	0002AEF5	0002B0F5	1	0402	ordinary_sample_offset
TALK2.DAT	talk_remainder	payload[1]/4	315		315	000006EC	0002AFF9	0002B1F9	1	0402	ordinary_sample_offset
TALK2.DAT	talk_remainder	payload[1]/4	316		316	000006F0	0002B0B4	0002B2B4	1	0402	ordinary_sample_offset
TALK2.DAT	talk_remainder	payload[1]/4	317		317	000006F4	0002B3FB	0002B5FB	1	0402	ordinary_sample_offset
TALK2.DAT	talk_remainder	payload[1]/4	318		318	000006F8	0002B984	0002BB84	1	0402	ordinary_sample_offset
TALK2.DAT	talk_remainder	payload[1]/4	319		319	000006FC	0002C0FA	0002C2FA	1	0402	ordinary_sample_offset
TALK2.DAT	talk_remainder	payload[1]/4	320		320	00000700	0002C1D2	0002C3D2	1	0402	ordinary_sample_offset
TALK2.DAT	talk_remainder	payload[1]/4	321		321	00000704	0002C259	0002C459	1	0402	ordinary_sample_offset
TALK2.DAT	talk_remainder	payload[1]/4	322		322	00000708	0002C526	0002C726	1	0402	ordinary_sample_offset
TALK2.DAT	talk_remainder	payload[1]/4	323		323	0000070C	0002C663	0002C863	1	0402	ordinary_sample_offset
TALK2.DAT	talk_remainder	payload[1]/4	324		324	00000710	0002C8A8	0002CAA8	1	0402	ordinary_sample_offset
TALK2.DAT	talk_remainder	payload[1]/4	325		325	00000714	0002C9C4	0002CBC4	1	0402	ordinary_sample_offset
TALK2.DAT	talk_remainder	payload[1]/4	326		326	00000718	0002CB98	0002CD98	1	0402	ordinary_sample_offset
TALK2.DAT	talk_remainder	payload[1]/4	327		327	0000071C	0002CC94	0002CE94	1	0402	ordinary_sample_offset
TALK2.DAT	talk_remainder	payload[1]/4	328		328	00000720	0002CE66	0002D066	1	0402	ordinary_sample_offset
TALK2.DAT	talk_remainder	payload[1]/4	329		329	00000724	0002D19D	0002D39D	1	0402	ordinary_sample_offset
TALK2.DAT	talk_remainder	payload[1]/4	330		330	00000728	0002D5DA	0002D7DA	1	0402	ordinary_sample_offset
TALK2.DAT	talk_remainder	payload[1]/4	331		331	0000072C	0002D741	0002D941	1	0402	ordinary_sample_offset
TALK2.DAT	talk_remainder	payload[1]/4	332		332	00000730	0002D98E	0002DB8E	1	0402	ordinary_sample_offset
TALK2.DAT	talk_remainder	payload[1]/4	333		333	00000734	0002DA13	0002DC13	1	0402	ordinary_sample_offset
TALK2.DAT	talk_remainder	payload[1]/4	334		334	00000738	0002DBA6	0002DDA6	1	0402	ordinary_sample_offset
TALK2.DAT	talk_remainder	payload[1]/4	335		335	0000073C	0002E234	0002E434	1	0402	ordinary_sample_offset
TALK2.DAT	talk_remainder	payload[1]/4	336		336	00000740	0002E38A	0002E58A	1	0402	ordinary_sample_offset
TALK2.DAT	talk_remainder	payload[1]/4	337		337	00000744	0002E38E	0002E58E	1	0402	ordinary_sample_offset
TALK2.DAT	talk_remainder	payload[1]/4	338		338	00000748	0002E392	0002E592	1	0402	ordinary_sample_offset
TALK2.DAT	talk_remainder	payload[1]/4	339		339	0000074C	0002E396	0002E596	1	0402	ordinary_sample_offset
TALK2.DAT	talk_remainder	payload[1]/4	340		340	00000750	0002E39A	0002E59A	1	0402	ordinary_sample_offset
TALK2.DAT	talk_remainder	payload[1]/4	341		341	00000754	0002E39E	0002E59E	1	0402	ordinary_sample_offset
TALK2.DAT	talk_remainder	payload[1]/4	342		342	00000758	0002E3A2	0002E5A2	1	0402	ordinary_sample_offset
TALK2.DAT	talk_remainder	payload[1]/4	343		343	0000075C	0002E3A6	0002E5A6	1	0402	ordinary_sample_offset
TALK2.DAT	talk_remainder	payload[1]/4	344		344	00000760	0002E3AA	0002E5AA	1	0402	ordinary_sample_offset
TALK2.DAT	talk_remainder	payload[1]/4	345		345	00000764	0002E3AE	0002E5AE	1	0402	ordinary_sample_offset
TALK2.DAT	talk_remainder	payload[1]/4	346		346	00000768	0002E3B2	0002E5B2	1	0402	ordinary_sample_offset
TALK2.DAT	talk_remainder	payload[1]/4	347		347	0000076C	0002E3B6	0002E5B6	1	0402	ordinary_sample_offset
TALK2.DAT	talk_remainder	payload[1]/4	348		348	00000770	0002E3BA	0002E5BA	1	0402	ordinary_sample_offset
TALK2.DAT	talk_remainder	payload[1]/4	349		349	00000774	0002E3BE	0002E5BE	1	0402	ordinary_sample_offset
TALK2.DAT	talk_remainder	payload[1]/4	350		350	00000778	0002E3C2	0002E5C2	1	0402	ordinary_sample_offset
TALK2.DAT	talk_remainder	payload[1]/4	351		351	0000077C	0002E3C6	0002E5C6	1	0402	ordinary_sample_offset
TALK2.DAT	talk_remainder	payload[1]/4	352		352	00000780	0002E3CA	0002E5CA	1	0402	ordinary_sample_offset
TALK2.DAT	talk_remainder	payload[1]/4	353		353	00000784	0002E3CE	0002E5CE	1	0402	ordinary_sample_offset
TALK2.DAT	talk_remainder	payload[1]/4	354		354	00000788	0002E3D2	0002E5D2	1	0402	ordinary_sample_offset
TALK2.DAT	talk_remainder	payload[1]/4	355		355	0000078C	0002E3D6	0002E5D6	1	0402	ordinary_sample_offset
TALK2.DAT	talk_remainder	payload[1]/4	356		356	00000790	0002E3DA	0002E5DA	1	0402	ordinary_sample_offset
TALK2.DAT	talk_remainder	payload[1]/4	357		357	00000794	0002E3DE	0002E5DE	1	0402	ordinary_sample_offset
TALK2.DAT	talk_remainder	payload[1]/4	358		358	00000798	0002E3E2	0002E5E2	1	0402	ordinary_sample_offset
TALK2.DAT	talk_remainder	payload[1]/4	359		359	0000079C	0002E3E6	0002E5E6	1	0402	ordinary_sample_offset
TALK2.DAT	talk_remainder	payload[1]/4	360		360	000007A0	0002E3EA	0002E5EA	1	0402	ordinary_sample_offset
TALK2.DAT	talk_remainder	payload[1]/4	361		361	000007A4	0002E3EE	0002E5EE	1	0402	ordinary_sample_offset
TALK2.DAT	talk_remainder	payload[1]/4	362		362	000007A8	0002E3F2	0002E5F2	1	0402	ordinary_sample_offset
TALK2.DAT	talk_remainder	payload[1]/4	363		363	000007AC	0002E3F6	0002E5F6	1	0402	ordinary_sample_offset
TALK2.DAT	talk_remainder	payload[1]/4	364		364	000007B0	0002E3FA	0002E5FA	1	0402	ordinary_sample_offset
TALK2.DAT	talk_remainder	payload[1]/4	365		365	000007B4	0002E3FE	0002E5FE	1	0402	ordinary_sample_offset
TALK2.DAT	talk_remainder	payload[1]/4	366		366	000007B8	0002E402	0002E602	1	0402	ordinary_sample_offset
TALK2.DAT	talk_remainder	payload[1]/4	367		367	000007BC	0002E406	0002E606	1	0402	ordinary_sample_offset
TALK2.DAT	talk_remainder	payload[1]/4	368		368	000007C0	0002E40A	0002E60A	1	0402	ordinary_sample_offset
TALK2.DAT	talk_remainder	payload[1]/4	369		369	000007C4	0002E40E	0002E60E	1	0402	ordinary_sample_offset
TALK2.DAT	talk_remainder	payload[1]/4	370		370	000007C8	0002E412	0002E612	1	0402	ordinary_sample_offset
TALK2.DAT	talk_remainder	payload[1]/4	371		371	000007CC	0002E416	0002E616	1	0402	ordinary_sample_offset
TALK2.DAT	talk_remainder	payload[1]/4	372		372	000007D0	0002E41A	0002E61A	1	0402	ordinary_sample_offset
TALK2.DAT	talk_remainder	payload[1]/4	373		373	000007D4	0002E41E	0002E61E	1	0402	ordinary_sample_offset
TALK2.DAT	talk_remainder	payload[1]/4	374		374	000007D8	0002E422	0002E622	1	0402	ordinary_sample_offset
TALK2.DAT	talk_remainder	payload[1]/4	375		375	000007DC	0002E426	0002E626	1	0402	ordinary_sample_offset
TALK2.DAT	talk_remainder	payload[1]/4	376		376	000007E0	0002E42A	0002E62A	1	0402	ordinary_sample_offset
TALK2.DAT	talk_remainder	payload[1]/4	377		377	000007E4	0002E42E	0002E62E	1	0402	ordinary_sample_offset
TALK2.DAT	talk_remainder	payload[1]/4	378		378	000007E8	0002E432	0002E632	1	0402	ordinary_sample_offset
TALK2.DAT	talk_remainder	payload[1]/4	379		379	000007EC	0002E436	0002E636	1	0402	ordinary_sample_offset
TALK2.DAT	talk_remainder	payload[1]/4	380		380	000007F0	0002E43A	0002E63A	1	0402	ordinary_sample_offset
TALK2.DAT	talk_remainder	payload[1]/4	381		381	000007F4	0002E43E	0002E63E	1	0402	ordinary_sample_offset
TALK2.DAT	talk_remainder	payload[1]/4	382		382	000007F8	0002E442	0002E642	1	0402	ordinary_sample_offset
TALK2.DAT	talk_remainder	payload[1]/4	383		383	000007FC	0002E446	0002E646	1	0402	ordinary_sample_offset
TALK2.DAT	talk_remainder	payload[1]/4	384		384	00000800	0002E44A	0002E64A	1	0402	ordinary_sample_offset
TALK2.DAT	talk_remainder	payload[1]/4	385		385	00000804	0002E44E	0002E64E	1	0402	ordinary_sample_offset
TALK2.DAT	talk_remainder	payload[1]/4	386		386	00000808	0002E452	0002E652	1	0402	ordinary_sample_offset
TALK2.DAT	talk_remainder	payload[1]/4	387		387	0000080C	0002E456	0002E656	1	0402	ordinary_sample_offset
TALK2.DAT	talk_remainder	payload[1]/4	388		388	00000810	0002E45A	0002E65A	1	0402	ordinary_sample_offset
TALK2.DAT	talk_remainder	payload[1]/4	389		389	00000814	0002E45E	0002E65E	1	0402	ordinary_sample_offset
TALK2.DAT	talk_remainder	payload[1]/4	390		390	00000818	0002E462	0002E662	1	0402	ordinary_sample_offset
TALK2.DAT	talk_remainder	payload[1]/4	391		391	0000081C	0002E466	0002E666	1	0402	ordinary_sample_offset
TALK2.DAT	talk_remainder	payload[1]/4	392		392	00000820	0002E46A	0002E66A	1	0402	ordinary_sample_offset
TALK2.DAT	talk_remainder	payload[1]/4	393		393	00000824	0002E46E	0002E66E	1	0402	ordinary_sample_offset
TALK2.DAT	talk_remainder	payload[1]/4	394		394	00000828	0002E472	0002E672	1	0402	ordinary_sample_offset
TALK2.DAT	talk_remainder	payload[1]/4	395		395	0000082C	0002E476	0002E676	1	0402	ordinary_sample_offset
TALK2.DAT	talk_remainder	payload[1]/4	396		396	00000830	0002E47A	0002E67A	1	0402	ordinary_sample_offset
TALK2.DAT	talk_remainder	payload[1]/4	397		397	00000834	0002E47E	0002E67E	1	0402	ordinary_sample_offset
TALK2.DAT	talk_remainder	payload[1]/4	398		398	00000838	0002E482	0002E682	1	0402	ordinary_sample_offset
TALK2.DAT	talk_remainder	payload[1]/4	399		399	0000083C	0002E486	0002E686	1	0402	ordinary_sample_offset
TALK2.DAT	talk_remainder	payload[1]/4	400		400	00000840	0002ED42	0002EF42	1	0402	ordinary_sample_offset
TALK2.DAT	talk_remainder	payload[1]/4	401		401	00000844	0002F09C	0002F29C	1	0402	ordinary_sample_offset
TALK2.DAT	talk_remainder	payload[1]/4	402		402	00000848	0002F478	0002F678	1	0402	ordinary_sample_offset
TALK2.DAT	talk_remainder	payload[1]/4	403		403	0000084C	0002F892	0002FA92	1	0402	ordinary_sample_offset
TALK2.DAT	talk_remainder	payload[1]/4	404		404	00000850	00030F1E	0003111E	1	0402	ordinary_sample_offset
TALK2.DAT	talk_remainder	payload[1]/4	405		405	00000854	00031026	00031226	1	0402	ordinary_sample_offset
TALK2.DAT	talk_remainder	payload[1]/4	406		406	00000858	00031308	00031508	1	0402	ordinary_sample_offset
TALK2.DAT	talk_remainder	payload[1]/4	407		407	0000085C	000315D6	000317D6	1	0402	ordinary_sample_offset
TALK2.DAT	talk_remainder	payload[1]/4	408		408	00000860	0003189A	00031A9A	1	0402	ordinary_sample_offset
TALK2.DAT	talk_remainder	payload[1]/4	409		409	00000864	00032464	00032664	1	0402	ordinary_sample_offset
TALK2.DAT	talk_remainder	payload[1]/4	410		410	00000868	00032468	00032668	1	0402	ordinary_sample_offset
TALK2.DAT	talk_remainder	payload[1]/4	411		411	0000086C	0003246C	0003266C	1	0402	ordinary_sample_offset
TALK2.DAT	talk_remainder	payload[1]/4	412		412	00000870	00032470	00032670	1	0402	ordinary_sample_offset
TALK2.DAT	talk_remainder	payload[1]/4	413		413	00000874	00032474	00032674	1	0402	ordinary_sample_offset
TALK2.DAT	talk_remainder	payload[1]/4	414		414	00000878	00032478	00032678	1	0402	ordinary_sample_offset
TALK2.DAT	talk_remainder	payload[1]/4	415		415	0000087C	0003247C	0003267C	1	0402	ordinary_sample_offset
TALK2.DAT	talk_remainder	payload[1]/4	416		416	00000880	00032480	00032680	1	0402	ordinary_sample_offset
TALK2.DAT	talk_remainder	payload[1]/4	417		417	00000884	00032484	00032684	1	0402	ordinary_sample_offset
TALK2.DAT	talk_remainder	payload[1]/4	418		418	00000888	00032488	00032688	1	0402	ordinary_sample_offset
TALK2.DAT	talk_remainder	payload[1]/4	419		419	0000088C	0003248C	0003268C	1	0402	ordinary_sample_offset
TALK2.DAT	talk_remainder	payload[1]/4	420		420	00000890	00032490	00032690	1	0402	ordinary_sample_offset
TALK2.DAT	talk_remainder	payload[1]/4	421		421	00000894	00032494	00032694	1	0402	ordinary_sample_offset
TALK2.DAT	talk_remainder	payload[1]/4	422		422	00000898	00032498	00032698	1	0402	ordinary_sample_offset
TALK2.DAT	talk_remainder	payload[1]/4	423		423	0000089C	0003249C	0003269C	1	0402	ordinary_sample_offset
TALK2.DAT	talk_remainder	payload[1]/4	424		424	000008A0	000324A0	000326A0	1	0402	ordinary_sample_offset
TALK2.DAT	talk_remainder	payload[1]/4	425		425	000008A4	000324A4	000326A4	1	0402	ordinary_sample_offset
TALK2.DAT	talk_remainder	payload[1]/4	426		426	000008A8	000324A8	000326A8	1	0402	ordinary_sample_offset
TALK2.DAT	talk_remainder	payload[1]/4	427		427	000008AC	000324AC	000326AC	1	0402	ordinary_sample_offset
TALK2.DAT	talk_remainder	payload[1]/4	428		428	000008B0	000324B0	000326B0	1	0402	ordinary_sample_offset
TALK2.DAT	talk_remainder	payload[1]/4	429		429	000008B4	000324B4	000326B4	1	0402	ordinary_sample_offset
TALK2.DAT	talk_remainder	payload[1]/4	430		430	000008B8	000324B8	000326B8	1	0402	ordinary_sample_offset
TALK2.DAT	talk_remainder	payload[1]/4	431		431	000008BC	000324BC	000326BC	1	0402	ordinary_sample_offset
TALK2.DAT	talk_remainder	payload[1]/4	432		432	000008C0	000324C0	000326C0	1	0402	ordinary_sample_offset
TALK2.DAT	talk_remainder	payload[1]/4	433		433	000008C4	000324C4	000326C4	1	0402	ordinary_sample_offset
TALK2.DAT	talk_remainder	payload[1]/4	434		434	000008C8	000324C8	000326C8	1	0402	ordinary_sample_offset
TALK2.DAT	talk_remainder	payload[1]/4	435		435	000008CC	000324CC	000326CC	1	0402	ordinary_sample_offset
TALK2.DAT	talk_remainder	payload[1]/4	436		436	000008D0	000324D0	000326D0	1	0402	ordinary_sample_offset
TALK2.DAT	talk_remainder	payload[1]/4	437		437	000008D4	000324D4	000326D4	1	0402	ordinary_sample_offset
TALK2.DAT	talk_remainder	payload[1]/4	438		438	000008D8	000324D8	000326D8	1	0402	ordinary_sample_offset
TALK2.DAT	talk_remainder	payload[1]/4	439		439	000008DC	000324DC	000326DC	1	0402	ordinary_sample_offset
TALK2.DAT	talk_remainder	payload[1]/4	440		440	000008E0	000324E0	000326E0	1	0402	ordinary_sample_offset
TALK2.DAT	talk_remainder	payload[1]/4	441		441	000008E4	000324E4	000326E4	1	0402	ordinary_sample_offset
TALK2.DAT	talk_remainder	payload[1]/4	442		442	000008E8	000324E8	000326E8	1	0402	ordinary_sample_offset
TALK2.DAT	talk_remainder	payload[1]/4	443		443	000008EC	000324EC	000326EC	1	0402	ordinary_sample_offset
TALK2.DAT	talk_remainder	payload[1]/4	444		444	000008F0	000324F0	000326F0	1	0402	ordinary_sample_offset
TALK2.DAT	talk_remainder	payload[1]/4	445		445	000008F4	000324F4	000326F4	1	0402	ordinary_sample_offset
TALK2.DAT	talk_remainder	payload[1]/4	446		446	000008F8	000324F8	000326F8	1	0402	ordinary_sample_offset
TALK2.DAT	talk_remainder	payload[1]/4	447		447	000008FC	000324FC	000326FC	1	0402	ordinary_sample_offset
TALK2.DAT	talk_remainder	payload[1]/4	448		448	00000900	00032500	00032700	1	0402	ordinary_sample_offset
TALK2.DAT	talk_remainder	payload[1]/4	449		449	00000904	00032504	00032704	1	0402	ordinary_sample_offset
TALK2.DAT	talk_remainder	payload[1]/4	450		450	00000908	00032508	00032708	1	0402	ordinary_sample_offset
TALK2.DAT	talk_remainder	payload[1]/4	451		451	0000090C	0003250C	0003270C	1	0402	ordinary_sample_offset
TALK2.DAT	talk_remainder	payload[1]/4	452		452	00000910	00032510	00032710	1	0402	ordinary_sample_offset
TALK2.DAT	talk_remainder	payload[1]/4	453		453	00000914	00032514	00032714	1	0402	ordinary_sample_offset
TALK2.DAT	talk_remainder	payload[1]/4	454		454	00000918	00032518	00032718	1	0402	ordinary_sample_offset
TALK2.DAT	talk_remainder	payload[1]/4	455		455	0000091C	0003251C	0003271C	1	0402	ordinary_sample_offset
TALK2.DAT	talk_remainder	payload[1]/4	456		456	00000920	00032520	00032720	1	0402	ordinary_sample_offset
TALK2.DAT	talk_remainder	payload[1]/4	457		457	00000924	00032524	00032724	1	0402	ordinary_sample_offset
TALK2.DAT	talk_remainder	payload[1]/4	458		458	00000928	00032528	00032728	1	0402	ordinary_sample_offset
TALK2.DAT	talk_remainder	payload[1]/4	459		459	0000092C	0003252C	0003272C	1	0402	ordinary_sample_offset
TALK2.DAT	talk_remainder	payload[1]/4	460		460	00000930	00032530	00032730	1	0402	ordinary_sample_offset
TALK2.DAT	talk_remainder	payload[1]/4	461		461	00000934	00032534	00032734	1	0402	ordinary_sample_offset
TALK2.DAT	talk_remainder	payload[1]/4	462		462	00000938	00032538	00032738	1	0402	ordinary_sample_offset
TALK2.DAT	talk_remainder	payload[1]/4	463		463	0000093C	0003253C	0003273C	1	0402	ordinary_sample_offset
TALK2.DAT	talk_remainder	payload[1]/4	464		464	00000940	00032540	00032740	1	0402	ordinary_sample_offset
TALK2.DAT	talk_remainder	payload[1]/4	465		465	00000944	00032544	00032744	1	0402	ordinary_sample_offset
TALK2.DAT	talk_remainder	payload[1]/4	466		466	00000948	00032548	00032748	1	0402	ordinary_sample_offset
TALK2.DAT	talk_remainder	payload[1]/4	467		467	0000094C	0003254C	0003274C	1	0402	ordinary_sample_offset
TALK2.DAT	talk_remainder	payload[1]/4	468		468	00000950	00032550	00032750	1	0402	ordinary_sample_offset
TALK2.DAT	talk_remainder	payload[1]/4	469		469	00000954	00032554	00032754	1	0402	ordinary_sample_offset
TALK2.DAT	talk_remainder	payload[1]/4	470		470	00000958	00032558	00032758	1	0402	ordinary_sample_offset
TALK2.DAT	talk_remainder	payload[1]/4	471		471	0000095C	0003255C	0003275C	1	0402	ordinary_sample_offset
TALK2.DAT	talk_remainder	payload[1]/4	472		472	00000960	00032560	00032760	1	0402	ordinary_sample_offset
TALK2.DAT	talk_remainder	payload[1]/4	473		473	00000964	00032564	00032764	1	0402	ordinary_sample_offset
TALK2.DAT	talk_remainder	payload[1]/4	474		474	00000968	00032568	00032768	1	0402	ordinary_sample_offset
TALK2.DAT	talk_remainder	payload[1]/4	475		475	0000096C	0003256C	0003276C	1	0402	ordinary_sample_offset
TALK2.DAT	talk_remainder	payload[1]/4	476		476	00000970	00032570	00032770	1	0402	ordinary_sample_offset
TALK2.DAT	talk_remainder	payload[1]/4	477		477	00000974	00032574	00032774	1	0402	ordinary_sample_offset
TALK2.DAT	talk_remainder	payload[1]/4	478		478	00000978	00032578	00032778	1	0402	ordinary_sample_offset
TALK2.DAT	talk_remainder	payload[1]/4	479		479	0000097C	0003257C	0003277C	1	0402	ordinary_sample_offset
TALK2.DAT	talk_remainder	payload[1]/4	480		480	00000980	00032580	00032780	1	0402	ordinary_sample_offset
TALK2.DAT	talk_remainder	payload[1]/4	481		481	00000984	00032584	00032784	1	0402	ordinary_sample_offset
TALK2.DAT	talk_remainder	payload[1]/4	482		482	00000988	00032588	00032788	1	0402	ordinary_sample_offset
TALK2.DAT	talk_remainder	payload[1]/4	483		483	0000098C	0003258C	0003278C	1	0402	ordinary_sample_offset
TALK2.DAT	talk_remainder	payload[1]/4	484		484	00000990	00032590	00032790	1	0402	ordinary_sample_offset
TALK2.DAT	talk_remainder	payload[1]/4	485		485	00000994	00032594	00032794	1	0402	ordinary_sample_offset
TALK2.DAT	talk_remainder	payload[1]/4	486		486	00000998	00032598	00032798	1	0402	ordinary_sample_offset
TALK2.DAT	talk_remainder	payload[1]/4	487		487	0000099C	0003259C	0003279C	1	0402	ordinary_sample_offset
TALK2.DAT	talk_remainder	payload[1]/4	488		488	000009A0	000325A0	000327A0	1	0402	ordinary_sample_offset
TALK2.DAT	talk_remainder	payload[1]/4	489		489	000009A4	000325A4	000327A4	1	0402	ordinary_sample_offset
TALK2.DAT	talk_remainder	payload[1]/4	490		490	000009A8	000325A8	000327A8	1	0402	ordinary_sample_offset
TALK2.DAT	talk_remainder	payload[1]/4	491		491	000009AC	000325AC	000327AC	1	0402	ordinary_sample_offset
TALK2.DAT	talk_remainder	payload[1]/4	492		492	000009B0	000325B0	000327B0	1	0402	ordinary_sample_offset
TALK2.DAT	talk_remainder	payload[1]/4	493		493	000009B4	000325B4	000327B4	1	0402	ordinary_sample_offset
TALK2.DAT	talk_remainder	payload[1]/4	494		494	000009B8	000325B8	000327B8	1	0402	ordinary_sample_offset
TALK2.DAT	talk_remainder	payload[1]/4	495		495	000009BC	000325BC	000327BC	1	0402	ordinary_sample_offset
TALK2.DAT	talk_remainder	payload[1]/4	496		496	000009C0	000325C0	000327C0	1	0402	ordinary_sample_offset
TALK2.DAT	talk_remainder	payload[1]/4	497		497	000009C4	000325C4	000327C4	1	0402	ordinary_sample_offset
TALK2.DAT	talk_remainder	payload[1]/4	498		498	000009C8	000325C8	000327C8	1	0402	ordinary_sample_offset
TALK2.DAT	talk_remainder	payload[1]/4	499		499	000009CC	000325CC	000327CC	1	0402	ordinary_sample_offset
TALK2.DAT	talk_remainder	payload[1]/4	500		500	000009D0	000325D0	000327D0	1	0402	ordinary_sample_offset
TALK2.DAT	talk_remainder	payload[1]/4	501		501	000009D4	000325D4	000327D4	1	0402	ordinary_sample_offset
TALK2.DAT	talk_remainder	payload[1]/4	502		502	000009D8	000325D8	000327D8	1	0402	ordinary_sample_offset
TALK2.DAT	talk_remainder	payload[1]/4	503		503	000009DC	000325DC	000327DC	1	0402	ordinary_sample_offset
TALK2.DAT	talk_remainder	payload[1]/4	504		504	000009E0	000325E0	000327E0	1	0402	ordinary_sample_offset
TALK2.DAT	talk_remainder	payload[1]/4	505		505	000009E4	000325E4	000327E4	1	0402	ordinary_sample_offset
TALK2.DAT	talk_remainder	payload[1]/4	506		506	000009E8	000325E8	000327E8	1	0402	ordinary_sample_offset
TALK2.DAT	talk_remainder	payload[1]/4	507		507	000009EC	000325EC	000327EC	1	0402	ordinary_sample_offset
TALK2.DAT	talk_remainder	payload[1]/4	508		508	000009F0	000325F0	000327F0	1	0402	ordinary_sample_offset
TALK2.DAT	talk_remainder	payload[1]/4	509		509	000009F4	000325F4	000327F4	1	0402	ordinary_sample_offset
TALK2.DAT	talk_remainder	payload[1]/4	510		510	000009F8	000325F8	000327F8	1	0402	ordinary_sample_offset
TALK2.DAT	talk_remainder	payload[1]/4	511		511	000009FC	000325FC	000327FC	1	0402	ordinary_sample_offset
TALK2.DAT	talk_remainder	payload[1]/4	512		512	00000A00	00032600	00032800	1	0402	ordinary_sample_offset
TALK2.DAT	talk_remainder	payload[1]/4	513		513	00000A04	00032604	00032804	1	0402	ordinary_sample_offset
TALK2.DAT	talk_remainder	payload[1]/4	514		514	00000A08	00032608	00032808	1	0402	ordinary_sample_offset
TALK2.DAT	talk_remainder	payload[1]/4	515		515	00000A0C	0003260C	0003280C	1	0402	ordinary_sample_offset
TALK2.DAT	talk_remainder	payload[1]/4	516		516	00000A10	00032610	00032810	1	0402	ordinary_sample_offset
TALK2.DAT	talk_remainder	payload[1]/4	517		517	00000A14	00032614	00032814	1	0402	ordinary_sample_offset
TALK2.DAT	talk_remainder	payload[1]/4	518		518	00000A18	00032618	00032818	1	0402	ordinary_sample_offset
TALK2.DAT	talk_remainder	payload[1]/4	519		519	00000A1C	0003261C	0003281C	1	0402	ordinary_sample_offset
TALK2.DAT	talk_remainder	payload[1]/4	520		520	00000A20	00032620	00032820	1	0402	ordinary_sample_offset
TALK2.DAT	talk_remainder	payload[1]/4	521		521	00000A24	00032624	00032824	1	0402	ordinary_sample_offset
TALK2.DAT	talk_remainder	payload[1]/4	522		522	00000A28	00032628	00032828	1	0402	ordinary_sample_offset
TALK2.DAT	talk_remainder	payload[1]/4	523		523	00000A2C	0003262C	0003282C	1	0402	ordinary_sample_offset
TALK2.DAT	talk_remainder	payload[1]/4	524		524	00000A30	00032630	00032830	1	0402	ordinary_sample_offset
TALK2.DAT	talk_remainder	payload[1]/4	525		525	00000A34	00032634	00032834	1	0402	ordinary_sample_offset
TALK2.DAT	talk_remainder	payload[1]/4	526		526	00000A38	00032638	00032838	1	0402	ordinary_sample_offset
TALK2.DAT	talk_remainder	payload[1]/4	527		527	00000A3C	0003263C	0003283C	1	0402	ordinary_sample_offset
TALK2.DAT	talk_remainder	payload[1]/4	528		528	00000A40	00032640	00032840	1	0402	ordinary_sample_offset
TALK2.DAT	talk_remainder	payload[1]/4	529		529	00000A44	00032644	00032844	1	0402	ordinary_sample_offset
TALK2.DAT	talk_remainder	payload[1]/4	530		530	00000A48	00032648	00032848	1	0402	ordinary_sample_offset
TALK2.DAT	talk_remainder	payload[1]/4	531		531	00000A4C	0003264C	0003284C	1	0402	ordinary_sample_offset
TALK2.DAT	talk_remainder	payload[1]/4	532		532	00000A50	00032650	00032850	1	0402	ordinary_sample_offset
TALK2.DAT	talk_remainder	payload[1]/4	533		533	00000A54	00032654	00032854	1	0402	ordinary_sample_offset
TALK2.DAT	talk_remainder	payload[1]/4	534		534	00000A58	00032658	00032858	1	0402	ordinary_sample_offset
TALK2.DAT	talk_remainder	payload[1]/4	535		535	00000A5C	0003265C	0003285C	1	0402	ordinary_sample_offset
TALK2.DAT	talk_remainder	payload[1]/4	536		536	00000A60	00032660	00032860	1	0402	ordinary_sample_offset
TALK2.DAT	talk_remainder	payload[1]/4	537		537	00000A64	00032664	00032864	1	0402	ordinary_sample_offset
TALK2.DAT	talk_remainder	payload[1]/4	538		538	00000A68	00032668	00032868	1	0402	ordinary_sample_offset
TALK2.DAT	talk_remainder	payload[1]/4	539		539	00000A6C	0003266C	0003286C	1	0402	ordinary_sample_offset
TALK2.DAT	talk_remainder	payload[1]/4	540		540	00000A70	00032670	00032870	1	0402	ordinary_sample_offset
TALK2.DAT	talk_remainder	payload[1]/4	541		541	00000A74	00032674	00032874	1	0402	ordinary_sample_offset
TALK2.DAT	talk_remainder	payload[1]/4	542		542	00000A78	00032678	00032878	1	0402	ordinary_sample_offset
TALK2.DAT	talk_remainder	payload[1]/4	543		543	00000A7C	0003267C	0003287C	1	0402	ordinary_sample_offset
TALK2.DAT	talk_remainder	payload[1]/4	544		544	00000A80	00032680	00032880	1	0402	ordinary_sample_offset
TALK2.DAT	talk_remainder	payload[1]/4	545		545	00000A84	00032684	00032884	1	0402	ordinary_sample_offset
TALK2.DAT	talk_remainder	payload[1]/4	546		546	00000A88	00032688	00032888	1	0402	ordinary_sample_offset
TALK2.DAT	talk_remainder	payload[1]/4	547		547	00000A8C	0003268C	0003288C	1	0402	ordinary_sample_offset
TALK2.DAT	talk_remainder	payload[1]/4	548		548	00000A90	00032690	00032890	1	0402	ordinary_sample_offset
TALK2.DAT	talk_remainder	payload[1]/4	549		549	00000A94	00032694	00032894	1	0402	ordinary_sample_offset
TALK2.DAT	talk_remainder	payload[1]/4	550		550	00000A98	00032698	00032898	1	0402	ordinary_sample_offset
TALK2.DAT	talk_remainder	payload[1]/4	551		551	00000A9C	0003269C	0003289C	1	0402	ordinary_sample_offset
TALK2.DAT	talk_remainder	payload[1]/4	552		552	00000AA0	000326A0	000328A0	1	0402	ordinary_sample_offset
TALK2.DAT	talk_remainder	payload[1]/4	553		553	00000AA4	000326A4	000328A4	1	0402	ordinary_sample_offset
TALK2.DAT	talk_remainder	payload[1]/4	554		554	00000AA8	000326A8	000328A8	1	0402	ordinary_sample_offset
TALK2.DAT	talk_remainder	payload[1]/4	555		555	00000AAC	000326AC	000328AC	1	0402	ordinary_sample_offset
TALK2.DAT	talk_remainder	payload[1]/4	556		556	00000AB0	000326B0	000328B0	1	0402	ordinary_sample_offset
TALK2.DAT	talk_remainder	payload[1]/4	557		557	00000AB4	000326B4	000328B4	1	0402	ordinary_sample_offset
TALK2.DAT	talk_remainder	payload[1]/4	558		558	00000AB8	000326B8	000328B8	1	0402	ordinary_sample_offset
TALK2.DAT	talk_remainder	payload[1]/4	559		559	00000ABC	000326BC	000328BC	1	0402	ordinary_sample_offset
TALK2.DAT	talk_remainder	payload[1]/4	560		560	00000AC0	000326C0	000328C0	1	0402	ordinary_sample_offset
TALK2.DAT	talk_remainder	payload[1]/4	561		561	00000AC4	000326C4	000328C4	1	0402	ordinary_sample_offset
TALK2.DAT	talk_remainder	payload[1]/4	562		562	00000AC8	000326C8	000328C8	1	0402	ordinary_sample_offset
TALK2.DAT	talk_remainder	payload[1]/4	563		563	00000ACC	000326CC	000328CC	1	0402	ordinary_sample_offset
TALK2.DAT	talk_remainder	payload[1]/4	564		564	00000AD0	000326D0	000328D0	1	0402	ordinary_sample_offset
TALK2.DAT	talk_remainder	payload[1]/4	565		565	00000AD4	000326D4	000328D4	1	0402	ordinary_sample_offset
TALK2.DAT	talk_remainder	payload[1]/4	566		566	00000AD8	000326D8	000328D8	1	0402	ordinary_sample_offset
TALK2.DAT	talk_remainder	payload[1]/4	567		567	00000ADC	000326DC	000328DC	1	0402	ordinary_sample_offset
TALK2.DAT	talk_remainder	payload[1]/4	568		568	00000AE0	000326E0	000328E0	1	0402	ordinary_sample_offset
TALK2.DAT	talk_remainder	payload[1]/4	569		569	00000AE4	000326E4	000328E4	1	0402	ordinary_sample_offset
TALK2.DAT	talk_remainder	payload[1]/4	570		570	00000AE8	000326E8	000328E8	1	0402	ordinary_sample_offset
TALK2.DAT	talk_remainder	payload[1]/4	571		571	00000AEC	000326EC	000328EC	1	0402	ordinary_sample_offset
TALK2.DAT	talk_remainder	payload[1]/4	572		572	00000AF0	000326F0	000328F0	1	0402	ordinary_sample_offset
TALK2.DAT	talk_remainder	payload[1]/4	573		573	00000AF4	000326F4	000328F4	1	0402	ordinary_sample_offset
TALK2.DAT	talk_remainder	payload[1]/4	574		574	00000AF8	000326F8	000328F8	1	0402	ordinary_sample_offset
TALK2.DAT	talk_remainder	payload[1]/4	575		575	00000AFC	000326FC	000328FC	1	0402	ordinary_sample_offset
TALK2.DAT	talk_remainder	payload[1]/4	576		576	00000B00	00032700	00032900	1	0402	ordinary_sample_offset
TALK2.DAT	talk_remainder	payload[1]/4	577		577	00000B04	00032704	00032904	1	0402	ordinary_sample_offset
TALK2.DAT	talk_remainder	payload[1]/4	578		578	00000B08	00032708	00032908	1	0402	ordinary_sample_offset
TALK2.DAT	talk_remainder	payload[1]/4	579		579	00000B0C	0003270C	0003290C	1	0402	ordinary_sample_offset
TALK2.DAT	talk_remainder	payload[1]/4	580		580	00000B10	00032710	00032910	1	0402	ordinary_sample_offset
TALK2.DAT	talk_remainder	payload[1]/4	581		581	00000B14	00032714	00032914	1	0402	ordinary_sample_offset
TALK2.DAT	talk_remainder	payload[1]/4	582		582	00000B18	00032718	00032918	1	0402	ordinary_sample_offset
TALK2.DAT	talk_remainder	payload[1]/4	583		583	00000B1C	0003271C	0003291C	1	0402	ordinary_sample_offset
TALK2.DAT	talk_remainder	payload[1]/4	584		584	00000B20	00032720	00032920	1	0402	ordinary_sample_offset
TALK2.DAT	talk_remainder	payload[1]/4	585		585	00000B24	00032724	00032924	1	0402	ordinary_sample_offset
TALK2.DAT	talk_remainder	payload[1]/4	586		586	00000B28	00032728	00032928	1	0402	ordinary_sample_offset
TALK2.DAT	talk_remainder	payload[1]/4	587		587	00000B2C	0003272C	0003292C	1	0402	ordinary_sample_offset
TALK2.DAT	talk_remainder	payload[1]/4	588		588	00000B30	00032730	00032930	1	0402	ordinary_sample_offset
TALK2.DAT	talk_remainder	payload[1]/4	589		589	00000B34	00032734	00032934	1	0402	ordinary_sample_offset
TALK2.DAT	talk_remainder	payload[1]/4	590		590	00000B38	00032738	00032938	1	0402	ordinary_sample_offset
TALK2.DAT	talk_remainder	payload[1]/4	591		591	00000B3C	0003273C	0003293C	1	0402	ordinary_sample_offset
TALK2.DAT	talk_remainder	payload[1]/4	592		592	00000B40	00032740	00032940	1	0402	ordinary_sample_offset
TALK2.DAT	talk_remainder	payload[1]/4	593		593	00000B44	00032744	00032944	1	0402	ordinary_sample_offset
TALK2.DAT	talk_remainder	payload[1]/4	594		594	00000B48	00032748	00032948	1	0402	ordinary_sample_offset
TALK2.DAT	talk_remainder	payload[1]/4	595		595	00000B4C	0003274C	0003294C	1	0402	ordinary_sample_offset
TALK2.DAT	talk_remainder	payload[1]/4	596		596	00000B50	00032750	00032950	1	0402	ordinary_sample_offset
TALK2.DAT	talk_remainder	payload[1]/4	597		597	00000B54	00032754	00032954	1	0402	ordinary_sample_offset
TALK2.DAT	talk_remainder	payload[1]/4	598		598	00000B58	00032758	00032958	1	0402	ordinary_sample_offset
TALK2.DAT	talk_remainder	payload[1]/4	599		599	00000B5C	0003275C	0003295C	1	0402	ordinary_sample_offset
TALK2.DAT	talk_remainder	payload[1]/4	600		600	00000B60	00032760	00032960	1	0402	ordinary_sample_offset
TALK2.DAT	talk_remainder	payload[1]/4	601		601	00000B64	00032796	00032996	1	0402	ordinary_sample_offset
TALK2.DAT	talk_remainder	payload[1]/4	602		602	00000B68	000327D3	000329D3	1	0402	ordinary_sample_offset
TALK2.DAT	talk_remainder	payload[1]/4	603		603	00000B6C	00032810	00032A10	1	0402	ordinary_sample_offset
TALK2.DAT	talk_remainder	payload[1]/4	604		604	00000B70	0003285F	00032A5F	1	0402	ordinary_sample_offset
TALK2.DAT	talk_remainder	payload[1]/4	605		605	00000B74	0003289C	00032A9C	1	0402	ordinary_sample_offset
TALK2.DAT	talk_remainder	payload[1]/4	606		606	00000B78	000328D9	00032AD9	1	0402	ordinary_sample_offset
TALK2.DAT	talk_remainder	payload[1]/4	607		607	00000B7C	00032916	00032B16	1	0402	ordinary_sample_offset
TALK2.DAT	talk_remainder	payload[1]/4	608		608	00000B80	00032953	00032B53	1	0402	ordinary_sample_offset
TALK2.DAT	talk_remainder	payload[1]/4	609		609	00000B84	00032990	00032B90	1	0402	ordinary_sample_offset
TALK2.DAT	talk_remainder	payload[1]/4	610		610	00000B88	000329CD	00032BCD	1	0402	ordinary_sample_offset
TALK2.DAT	talk_remainder	payload[1]/4	611		611	00000B8C	00032A0A	00032C0A	1	0402	ordinary_sample_offset
TALK2.DAT	talk_remainder	payload[1]/4	612		612	00000B90	00032A47	00032C47	1	0402	ordinary_sample_offset
TALK2.DAT	talk_remainder	payload[1]/4	613		613	00000B94	00032A84	00032C84	1	0402	ordinary_sample_offset
TALK2.DAT	talk_remainder	payload[1]/4	614		614	00000B98	00032A88	00032C88	1	0402	ordinary_sample_offset
TALK2.DAT	talk_remainder	payload[1]/4	615		615	00000B9C	00032A8C	00032C8C	1	0402	ordinary_sample_offset
TALK2.DAT	talk_remainder	payload[1]/4	616		616	00000BA0	00032A90	00032C90	1	0402	ordinary_sample_offset
TALK2.DAT	talk_remainder	payload[1]/4	617		617	00000BA4	00032A94	00032C94	1	0402	ordinary_sample_offset
TALK2.DAT	talk_remainder	payload[1]/4	618		618	00000BA8	00032A98	00032C98	1	0402	ordinary_sample_offset
TALK2.DAT	talk_remainder	payload[1]/4	619		619	00000BAC	00032A9C	00032C9C	1	0402	ordinary_sample_offset
TALK2.DAT	talk_remainder	payload[1]/4	620		620	00000BB0	00032AA0	00032CA0	1	0402	ordinary_sample_offset
TALK2.DAT	talk_remainder	payload[1]/4	621		621	00000BB4	00032AA4	00032CA4	1	0402	ordinary_sample_offset
TALK2.DAT	talk_remainder	payload[1]/4	622		622	00000BB8	00032AE1	00032CE1	1	0402	ordinary_sample_offset
TALK2.DAT	talk_remainder	payload[1]/4	623		623	00000BBC	00032B1E	00032D1E	1	0402	ordinary_sample_offset
TALK2.DAT	talk_remainder	payload[1]/4	624		624	00000BC0	00032B5B	00032D5B	1	0402	ordinary_sample_offset
TALK2.DAT	talk_remainder	payload[1]/4	625		625	00000BC4	00032BAA	00032DAA	1	0402	ordinary_sample_offset
TALK2.DAT	talk_remainder	payload[1]/4	626		626	00000BC8	00032BF9	00032DF9	1	0402	ordinary_sample_offset
TALK2.DAT	talk_remainder	payload[1]/4	627		627	00000BCC	00032C36	00032E36	1	0402	ordinary_sample_offset
TALK2.DAT	talk_remainder	payload[1]/4	628		628	00000BD0	00032C73	00032E73	1	0402	ordinary_sample_offset
TALK2.DAT	talk_remainder	payload[1]/4	629		629	00000BD4	00032CB0	00032EB0	1	0402	ordinary_sample_offset
TALK2.DAT	talk_remainder	payload[1]/4	630		630	00000BD8	00032CED	00032EED	1	0402	ordinary_sample_offset
TALK2.DAT	talk_remainder	payload[1]/4	631		631	00000BDC	00032D2A	00032F2A	1	0402	ordinary_sample_offset
TALK2.DAT	talk_remainder	payload[1]/4	632		632	00000BE0	00032D67	00032F67	1	0402	ordinary_sample_offset
TALK2.DAT	talk_remainder	payload[1]/4	633		633	00000BE4	00032DA4	00032FA4	1	0402	ordinary_sample_offset
TALK2.DAT	talk_remainder	payload[1]/4	634		634	00000BE8	00032DF3	00032FF3	1	0402	ordinary_sample_offset
TALK2.DAT	talk_remainder	payload[1]/4	635		635	00000BEC	00032E30	00033030	1	0402	ordinary_sample_offset
TALK2.DAT	talk_remainder	payload[1]/4	636		636	00000BF0	00032E34	00033034	1	0402	ordinary_sample_offset
TALK2.DAT	talk_remainder	payload[1]/4	637		637	00000BF4	00032E38	00033038	1	0402	ordinary_sample_offset
TALK2.DAT	talk_remainder	payload[1]/4	638		638	00000BF8	00032E3C	0003303C	1	0402	ordinary_sample_offset
TALK2.DAT	talk_remainder	payload[1]/4	639		639	00000BFC	00032E40	00033040	1	0402	ordinary_sample_offset
TALK2.DAT	talk_remainder	payload[1]/4	640		640	00000C00	00032E44	00033044	1	0402	ordinary_sample_offset
TALK2.DAT	talk_remainder	payload[1]/4	641		641	00000C04	00032E48	00033048	1	0402	ordinary_sample_offset
TALK2.DAT	talk_remainder	payload[1]/4	642		642	00000C08	00032E4C	0003304C	1	0402	ordinary_sample_offset
TALK2.DAT	talk_remainder	payload[1]/4	643		643	00000C0C	00032E50	00033050	1	0402	ordinary_sample_offset
TALK2.DAT	talk_remainder	payload[1]/4	644		644	00000C10	00032E54	00033054	1	0402	ordinary_sample_offset
TALK2.DAT	talk_remainder	payload[1]/4	645		645	00000C14	00032E58	00033058	1	0402	ordinary_sample_offset
TALK2.DAT	talk_remainder	payload[1]/4	646		646	00000C18	00032E5C	0003305C	1	0402	ordinary_sample_offset
TALK2.DAT	talk_remainder	payload[1]/4	647		647	00000C1C	00032E5E	0003305E	1	0402	ordinary_sample_offset
TALK2.DAT	talk_remainder	payload[1]/4	648		648	00000C20	00032E62	00033062	1	0402	ordinary_sample_offset
TALK2.DAT	talk_remainder	payload[1]/4	649		649	00000C24	00032E66	00033066	1	0402	ordinary_sample_offset
TALK2.DAT	talk_remainder	payload[1]/4	650		650	00000C28	00032E6A	0003306A	1	0402	ordinary_sample_offset
TALK2.DAT	talk_remainder	payload[1]/4	651		651	00000C2C	00032E6E	0003306E	1	0402	ordinary_sample_offset
TALK2.DAT	talk_remainder	payload[1]/4	652		652	00000C30	00032E72	00033072	1	0402	ordinary_sample_offset
TALK2.DAT	talk_remainder	payload[1]/4	653		653	00000C34	00032E76	00033076	1	0402	ordinary_sample_offset
TALK2.DAT	talk_remainder	payload[1]/4	654		654	00000C38	00032E78	00033078	1	0402	ordinary_sample_offset
TALK2.DAT	talk_remainder	payload[1]/4	655		655	00000C3C	00032E7C	0003307C	1	0402	ordinary_sample_offset
TALK2.DAT	talk_remainder	payload[1]/4	656		656	00000C40	00032E80	00033080	1	0402	ordinary_sample_offset
TALK2.DAT	talk_remainder	payload[1]/4	657		657	00000C44	00032E84	00033084	1	0402	ordinary_sample_offset
TALK2.DAT	talk_remainder	payload[1]/4	658		658	00000C48	00032E88	00033088	1	0402	ordinary_sample_offset
TALK2.DAT	talk_remainder	payload[1]/4	659		659	00000C4C	00032E8C	0003308C	1	0402	ordinary_sample_offset
TALK2.DAT	talk_remainder	payload[1]/4	660		660	00000C50	00032E90	00033090	1	0402	ordinary_sample_offset
TALK2.DAT	talk_remainder	payload[1]/4	661		661	00000C54	00032E94	00033094	1	0402	ordinary_sample_offset
TALK2.DAT	talk_remainder	payload[1]/4	662		662	00000C58	00032E98	00033098	1	0402	ordinary_sample_offset
TALK2.DAT	talk_remainder	payload[1]/4	663		663	00000C5C	00032E9C	0003309C	1	0402	ordinary_sample_offset
TALK2.DAT	talk_remainder	payload[1]/4	664		664	00000C60	00032EA0	000330A0	1	0402	ordinary_sample_offset
TALK2.DAT	talk_remainder	payload[1]/4	665		665	00000C64	00032EA4	000330A4	1	0402	ordinary_sample_offset
TALK2.DAT	talk_remainder	payload[1]/4	666		666	00000C68	00032EA8	000330A8	1	0402	ordinary_sample_offset
TALK2.DAT	talk_remainder	payload[1]/4	667		667	00000C6C	00032EAC	000330AC	1	0402	ordinary_sample_offset
TALK2.DAT	talk_remainder	payload[1]/4	668		668	00000C70	00032EB0	000330B0	1	0402	ordinary_sample_offset
TALK2.DAT	talk_remainder	payload[1]/4	669		669	00000C74	00032EB4	000330B4	1	0402	ordinary_sample_offset
TALK2.DAT	talk_remainder	payload[1]/4	670		670	00000C78	00032EB8	000330B8	1	0402	ordinary_sample_offset
TALK2.DAT	talk_remainder	payload[1]/4	671		671	00000C7C	00032EBC	000330BC	1	0402	ordinary_sample_offset
TALK2.DAT	talk_remainder	payload[1]/4	672		672	00000C80	00032EC0	000330C0	1	0402	ordinary_sample_offset
TALK2.DAT	talk_remainder	payload[1]/4	673		673	00000C84	00032EC4	000330C4	1	0402	ordinary_sample_offset
TALK2.DAT	talk_remainder	payload[1]/4	674		674	00000C88	00032EC8	000330C8	1	0402	ordinary_sample_offset
TALK2.DAT	talk_remainder	payload[1]/4	675		675	00000C8C	00032ECC	000330CC	1	0402	ordinary_sample_offset
TALK2.DAT	talk_remainder	payload[1]/4	676		676	00000C90	00032ED0	000330D0	1	0402	ordinary_sample_offset
TALK2.DAT	talk_remainder	payload[1]/4	677		677	00000C94	00032ED2	000330D2	1	0402	ordinary_sample_offset
TALK2.DAT	talk_remainder	payload[1]/4	678		678	00000C98	00032ED6	000330D6	1	0402	ordinary_sample_offset
TALK2.DAT	talk_remainder	payload[1]/4	679		679	00000C9C	00032EDA	000330DA	1	0402	ordinary_sample_offset
TALK2.DAT	talk_remainder	payload[1]/4	680		680	00000CA0	00032EDE	000330DE	1	0402	ordinary_sample_offset
TALK2.DAT	talk_remainder	payload[1]/4	681		681	00000CA4	00032EE2	000330E2	1	0402	ordinary_sample_offset
TALK2.DAT	talk_remainder	payload[1]/4	682		682	00000CA8	00032EE6	000330E6	1	0402	ordinary_sample_offset
TALK2.DAT	talk_remainder	payload[1]/4	683		683	00000CAC	00032EEA	000330EA	1	0402	ordinary_sample_offset
TALK2.DAT	talk_remainder	payload[1]/4	684		684	00000CB0	00032EEE	000330EE	1	0402	ordinary_sample_offset
TALK2.DAT	talk_remainder	payload[1]/4	685		685	00000CB4	00032EF2	000330F2	1	0402	ordinary_sample_offset
TALK2.DAT	talk_remainder	payload[1]/4	686		686	00000CB8	00032EF6	000330F6	1	0402	ordinary_sample_offset
TALK2.DAT	talk_remainder	payload[1]/4	687		687	00000CBC	00032EFA	000330FA	1	0402	ordinary_sample_offset
TALK2.DAT	talk_remainder	payload[1]/4	688		688	00000CC0	00032EFE	000330FE	1	0402	ordinary_sample_offset
TALK2.DAT	talk_remainder	payload[1]/4	689		689	00000CC4	00032F02	00033102	1	0402	ordinary_sample_offset
TALK2.DAT	talk_remainder	payload[1]/4	690		690	00000CC8	00032F06	00033106	1	0402	ordinary_sample_offset
TALK2.DAT	talk_remainder	payload[1]/4	691		691	00000CCC	00032F0A	0003310A	1	0402	ordinary_sample_offset
TALK2.DAT	talk_remainder	payload[1]/4	692		692	00000CD0	00032F0E	0003310E	1	0402	ordinary_sample_offset
TALK2.DAT	talk_remainder	payload[1]/4	693		693	00000CD4	00032F12	00033112	1	0402	ordinary_sample_offset
TALK2.DAT	talk_remainder	payload[1]/4	694		694	00000CD8	00032F16	00033116	1	0402	ordinary_sample_offset
TALK2.DAT	talk_remainder	payload[1]/4	695		695	00000CDC	00032F1A	0003311A	1	0402	ordinary_sample_offset
TALK2.DAT	talk_remainder	payload[1]/4	696		696	00000CE0	00032F1E	0003311E	1	0402	ordinary_sample_offset
TALK2.DAT	talk_remainder	payload[1]/4	697		697	00000CE4	00032F22	00033122	1	0402	ordinary_sample_offset
TALK2.DAT	talk_remainder	payload[1]/4	698		698	00000CE8	00032F26	00033126	1	0402	ordinary_sample_offset
TALK2.DAT	talk_remainder	payload[1]/4	699		699	00000CEC	00032F2A	0003312A	1	0402	ordinary_sample_offset
TALK2.DAT	talk_remainder	payload[1]/4	700		700	00000CF0	00032F2E	0003312E	1	0402	ordinary_sample_offset
TALK3.DAT	talk_remainder	assembly_modulo_2000_contract	0		0	00000200	FFFFFFFF		0		sentinel_minus_one
TALK3.DAT	talk_remainder	assembly_modulo_2000_contract	1		1	00000204	0003179A	0003199A	1	0402	ordinary_sample_offset
TALK3.DAT	talk_remainder	assembly_modulo_2000_contract	2		2	00000208	000317EA	000319EA	1	0402	ordinary_sample_offset
TALK3.DAT	talk_remainder	assembly_modulo_2000_contract	3		3	0000020C	000318A2	00031AA2	1	0402	ordinary_sample_offset
TALK3.DAT	talk_remainder	assembly_modulo_2000_contract	4		4	00000210	00031C4E	00031E4E	1	0402	ordinary_sample_offset
TALK3.DAT	talk_remainder	assembly_modulo_2000_contract	5		5	00000214	00031C92	00031E92	1	0402	ordinary_sample_offset
TALK3.DAT	talk_remainder	assembly_modulo_2000_contract	6		6	00000218	00002414	00002614	1	0402	ordinary_sample_offset
TALK3.DAT	talk_remainder	assembly_modulo_2000_contract	7		7	0000021C	00002E26	00003026	1	0402	ordinary_sample_offset
TALK3.DAT	talk_remainder	assembly_modulo_2000_contract	8		8	00000220	00002EA0	000030A0	1	0402	ordinary_sample_offset
TALK3.DAT	talk_remainder	assembly_modulo_2000_contract	9		9	00000224	00002F20	00003120	1	0402	ordinary_sample_offset
TALK3.DAT	talk_remainder	assembly_modulo_2000_contract	10		10	00000228	00002F94	00003194	1	0402	ordinary_sample_offset
TALK3.DAT	talk_remainder	assembly_modulo_2000_contract	11		11	0000022C	00003008	00003208	1	0402	ordinary_sample_offset
TALK3.DAT	talk_remainder	assembly_modulo_2000_contract	12		12	00000230	00015311	00015511	1	0402	ordinary_sample_offset
TALK3.DAT	talk_remainder	assembly_modulo_2000_contract	13		13	00000234	00015347	00015547	1	0402	ordinary_sample_offset
TALK3.DAT	talk_remainder	assembly_modulo_2000_contract	14		14	00000238	0001537D	0001557D	1	0402	ordinary_sample_offset
TALK3.DAT	talk_remainder	assembly_modulo_2000_contract	15		15	0000023C	000153B3	000155B3	1	0402	ordinary_sample_offset
TALK3.DAT	talk_remainder	assembly_modulo_2000_contract	16		16	00000240	00017A1D	00017C1D	1	0402	ordinary_sample_offset
TALK3.DAT	talk_remainder	assembly_modulo_2000_contract	17		17	00000244	00017A79	00017C79	1	0402	ordinary_sample_offset
TALK3.DAT	talk_remainder	assembly_modulo_2000_contract	18		18	00000248	0000307C	0000327C	1	0402	ordinary_sample_offset
TALK3.DAT	talk_remainder	assembly_modulo_2000_contract	19		19	0000024C	00003120	00003320	1	0402	ordinary_sample_offset
TALK3.DAT	talk_remainder	assembly_modulo_2000_contract	20		20	00000250	000031C4	000033C4	1	0402	ordinary_sample_offset
TALK3.DAT	talk_remainder	assembly_modulo_2000_contract	21		21	00000254	000082BE	000084BE	1	0402	ordinary_sample_offset
TALK3.DAT	talk_remainder	assembly_modulo_2000_contract	22		22	00000258	00008358	00008558	1	0402	ordinary_sample_offset
TALK3.DAT	talk_remainder	assembly_modulo_2000_contract	23		23	0000025C	00008392	00008592	1	0402	ordinary_sample_offset
TALK3.DAT	talk_remainder	assembly_modulo_2000_contract	24		24	00000260	000083C8	000085C8	1	0402	ordinary_sample_offset
TALK3.DAT	talk_remainder	assembly_modulo_2000_contract	25		25	00000264	00008480	00008680	1	0402	ordinary_sample_offset
TALK3.DAT	talk_remainder	assembly_modulo_2000_contract	26		26	00000268	000084F4	000086F4	1	0402	ordinary_sample_offset
TALK3.DAT	talk_remainder	assembly_modulo_2000_contract	27		27	0000026C	000086EE	000088EE	1	0402	ordinary_sample_offset
TALK3.DAT	talk_remainder	assembly_modulo_2000_contract	28		28	00000270	00008B16	00008D16	1	0402	ordinary_sample_offset
TALK3.DAT	talk_remainder	assembly_modulo_2000_contract	29		29	00000274	0000AB7B	0000AD7B	1	0402	ordinary_sample_offset
TALK3.DAT	talk_remainder	assembly_modulo_2000_contract	30		30	00000278	0000ABD1	0000ADD1	1	0402	ordinary_sample_offset
TALK3.DAT	talk_remainder	assembly_modulo_2000_contract	31		31	0000027C	0000AC41	0000AE41	1	0402	ordinary_sample_offset
TALK3.DAT	talk_remainder	assembly_modulo_2000_contract	32		32	00000280	0000ACAD	0000AEAD	1	0402	ordinary_sample_offset
TALK3.DAT	talk_remainder	assembly_modulo_2000_contract	33		33	00000284	0000BBAA	0000BDAA	1	0402	ordinary_sample_offset
TALK3.DAT	talk_remainder	assembly_modulo_2000_contract	34		34	00000288	0000CAD0	0000CCD0	1	0402	ordinary_sample_offset
TALK3.DAT	talk_remainder	assembly_modulo_2000_contract	35		35	0000028C	00012815	00012A15	1	0402	ordinary_sample_offset
TALK3.DAT	talk_remainder	assembly_modulo_2000_contract	36		36	00000290	000152A3	000154A3	1	0402	ordinary_sample_offset
TALK3.DAT	talk_remainder	assembly_modulo_2000_contract	37		37	00000294	00003268	00003468	1	0402	ordinary_sample_offset
TALK3.DAT	talk_remainder	assembly_modulo_2000_contract	38		38	00000298	0000634A	0000654A	1	0402	ordinary_sample_offset
TALK3.DAT	talk_remainder	assembly_modulo_2000_contract	39		39	0000029C	000063BE	000065BE	1	0402	ordinary_sample_offset
TALK3.DAT	talk_remainder	assembly_modulo_2000_contract	40		40	000002A0	000063F4	000065F4	1	0402	ordinary_sample_offset
TALK3.DAT	talk_remainder	assembly_modulo_2000_contract	41		41	000002A4	0000642A	0000662A	1	0402	ordinary_sample_offset
TALK3.DAT	talk_remainder	assembly_modulo_2000_contract	42		42	000002A8	0000649E	0000669E	1	0402	ordinary_sample_offset
TALK3.DAT	talk_remainder	assembly_modulo_2000_contract	43		43	000002AC	00006588	00006788	1	0402	ordinary_sample_offset
TALK3.DAT	talk_remainder	assembly_modulo_2000_contract	44		44	000002B0	00006602	00006802	1	0402	ordinary_sample_offset
TALK3.DAT	talk_remainder	assembly_modulo_2000_contract	45		45	000002B4	000066F0	000068F0	1	0402	ordinary_sample_offset
TALK3.DAT	talk_remainder	assembly_modulo_2000_contract	46		46	000002B8	0003225C	0003245C	1	0402	ordinary_sample_offset
TALK3.DAT	talk_remainder	assembly_modulo_2000_contract	47		47	000002BC	00032260	00032460	1	0402	ordinary_sample_offset
TALK3.DAT	talk_remainder	assembly_modulo_2000_contract	48		48	000002C0	000322DA	000324DA	1	0402	ordinary_sample_offset
TALK3.DAT	talk_remainder	assembly_modulo_2000_contract	49		49	000002C4	0003234E	0003254E	1	0402	ordinary_sample_offset
TALK3.DAT	talk_remainder	assembly_modulo_2000_contract	50		50	000002C8	00033290	00033490	1	0402	ordinary_sample_offset
TALK3.DAT	talk_remainder	assembly_modulo_2000_contract	51		51	000002CC	0001914B	0001934B	1	0402	ordinary_sample_offset
TALK3.DAT	talk_remainder	assembly_modulo_2000_contract	52		52	000002D0	00019181	00019381	1	0402	ordinary_sample_offset
TALK3.DAT	talk_remainder	assembly_modulo_2000_contract	53		53	000002D4	000191B7	000193B7	1	0402	ordinary_sample_offset
TALK3.DAT	talk_remainder	assembly_modulo_2000_contract	54		54	000002D8	000191ED	000193ED	1	0402	ordinary_sample_offset
TALK3.DAT	talk_remainder	assembly_modulo_2000_contract	55		55	000002DC	00019223	00019423	1	0402	ordinary_sample_offset
TALK3.DAT	talk_remainder	assembly_modulo_2000_contract	56		56	000002E0	00019259	00019459	1	0402	ordinary_sample_offset
TALK3.DAT	talk_remainder	assembly_modulo_2000_contract	57		57	000002E4	0001928F	0001948F	1	0402	ordinary_sample_offset
TALK3.DAT	talk_remainder	assembly_modulo_2000_contract	58		58	000002E8	000192C5	000194C5	1	0402	ordinary_sample_offset
TALK3.DAT	talk_remainder	assembly_modulo_2000_contract	59		59	000002EC	000192FB	000194FB	1	0402	ordinary_sample_offset
TALK3.DAT	talk_remainder	assembly_modulo_2000_contract	60		60	000002F0	00019331	00019531	1	0402	ordinary_sample_offset
TALK3.DAT	talk_remainder	assembly_modulo_2000_contract	61		61	000002F4	00019367	00019567	1	0402	ordinary_sample_offset
TALK3.DAT	talk_remainder	assembly_modulo_2000_contract	62		62	000002F8	0001939D	0001959D	1	0402	ordinary_sample_offset
TALK3.DAT	talk_remainder	assembly_modulo_2000_contract	63		63	000002FC	000193D3	000195D3	1	0402	ordinary_sample_offset
TALK3.DAT	talk_remainder	assembly_modulo_2000_contract	64		64	00000300	00019409	00019609	1	0402	ordinary_sample_offset
TALK3.DAT	talk_remainder	assembly_modulo_2000_contract	65		65	00000304	0001943F	0001963F	1	0402	ordinary_sample_offset
TALK3.DAT	talk_remainder	assembly_modulo_2000_contract	66		66	00000308	00019475	00019675	1	0402	ordinary_sample_offset
TALK3.DAT	talk_remainder	assembly_modulo_2000_contract	67		67	0000030C	000194AB	000196AB	1	0402	ordinary_sample_offset
TALK3.DAT	talk_remainder	assembly_modulo_2000_contract	68		68	00000310	000194E1	000196E1	1	0402	ordinary_sample_offset
TALK3.DAT	talk_remainder	assembly_modulo_2000_contract	69		69	00000314	00019517	00019717	1	0402	ordinary_sample_offset
TALK3.DAT	talk_remainder	assembly_modulo_2000_contract	70		70	00000318	0001954D	0001974D	1	0402	ordinary_sample_offset
TALK3.DAT	talk_remainder	assembly_modulo_2000_contract	71		71	0000031C	00019583	00019783	1	0402	ordinary_sample_offset
TALK3.DAT	talk_remainder	assembly_modulo_2000_contract	72		72	00000320	00019587	00019787	1	0402	ordinary_sample_offset
TALK3.DAT	talk_remainder	assembly_modulo_2000_contract	73		73	00000324	0001958B	0001978B	1	0402	ordinary_sample_offset
TALK3.DAT	talk_remainder	assembly_modulo_2000_contract	74		74	00000328	000195E9	000197E9	1	0402	ordinary_sample_offset
TALK3.DAT	talk_remainder	assembly_modulo_2000_contract	75		75	0000032C	000195ED	000197ED	1	0402	ordinary_sample_offset
TALK3.DAT	talk_remainder	assembly_modulo_2000_contract	76		76	00000330	000195F1	000197F1	1	0402	ordinary_sample_offset
TALK3.DAT	talk_remainder	assembly_modulo_2000_contract	77		77	00000334	000195F5	000197F5	1	0402	ordinary_sample_offset
TALK3.DAT	talk_remainder	assembly_modulo_2000_contract	78		78	00000338	000195F9	000197F9	1	0402	ordinary_sample_offset
TALK3.DAT	talk_remainder	assembly_modulo_2000_contract	79		79	0000033C	000195FD	000197FD	1	0402	ordinary_sample_offset
TALK3.DAT	talk_remainder	assembly_modulo_2000_contract	80		80	00000340	00019601	00019801	1	0402	ordinary_sample_offset
TALK3.DAT	talk_remainder	assembly_modulo_2000_contract	81		81	00000344	00019605	00019805	1	0402	ordinary_sample_offset
TALK3.DAT	talk_remainder	assembly_modulo_2000_contract	82		82	00000348	00019651	00019851	1	0402	ordinary_sample_offset
TALK3.DAT	talk_remainder	assembly_modulo_2000_contract	83		83	0000034C	00019687	00019887	1	0402	ordinary_sample_offset
TALK3.DAT	talk_remainder	assembly_modulo_2000_contract	84		84	00000350	000196BD	000198BD	1	0402	ordinary_sample_offset
TALK3.DAT	talk_remainder	assembly_modulo_2000_contract	85		85	00000354	000196F3	000198F3	1	0402	ordinary_sample_offset
TALK3.DAT	talk_remainder	assembly_modulo_2000_contract	86		86	00000358	00019729	00019929	1	0402	ordinary_sample_offset
TALK3.DAT	talk_remainder	assembly_modulo_2000_contract	87		87	0000035C	0001975F	0001995F	1	0402	ordinary_sample_offset
TALK3.DAT	talk_remainder	assembly_modulo_2000_contract	88		88	00000360	00019763	00019963	1	0402	ordinary_sample_offset
TALK3.DAT	talk_remainder	assembly_modulo_2000_contract	89		89	00000364	000152D7	000154D7	1	0402	ordinary_sample_offset
TALK3.DAT	talk_remainder	assembly_modulo_2000_contract	90		90	00000368	0000676A	0000696A	1	0402	ordinary_sample_offset
TALK3.DAT	talk_remainder	assembly_modulo_2000_contract	91		91	0000036C	0001978F	0001998F	1	0402	ordinary_sample_offset
TALK3.DAT	talk_remainder	assembly_modulo_2000_contract	92		92	00000370	000197C5	000199C5	1	0402	ordinary_sample_offset
TALK3.DAT	talk_remainder	assembly_modulo_2000_contract	93		93	00000374	0001982B	00019A2B	1	0402	ordinary_sample_offset
TALK3.DAT	talk_remainder	assembly_modulo_2000_contract	94		94	00000378	00019891	00019A91	1	0402	ordinary_sample_offset
TALK3.DAT	talk_remainder	assembly_modulo_2000_contract	95		95	0000037C	000198F7	00019AF7	1	0402	ordinary_sample_offset
TALK3.DAT	talk_remainder	assembly_modulo_2000_contract	96		96	00000380	0001995D	00019B5D	1	0402	ordinary_sample_offset
TALK3.DAT	talk_remainder	assembly_modulo_2000_contract	97		97	00000384	00019F51	0001A151	1	0402	ordinary_sample_offset
TALK3.DAT	talk_remainder	assembly_modulo_2000_contract	98		98	00000388	0001A994	0001AB94	1	0402	ordinary_sample_offset
TALK3.DAT	talk_remainder	assembly_modulo_2000_contract	99		99	0000038C	0001B329	0001B529	1	0402	ordinary_sample_offset
TALK3.DAT	talk_remainder	assembly_modulo_2000_contract	100		100	00000390	0001BCAD	0001BEAD	1	0402	ordinary_sample_offset
TALK3.DAT	talk_remainder	assembly_modulo_2000_contract	101		101	00000394	00000FA4	000011A4	1	0402	ordinary_sample_offset
TALK3.DAT	talk_remainder	assembly_modulo_2000_contract	102		102	00000398	0000101E	0000121E	1	0402	ordinary_sample_offset
TALK3.DAT	talk_remainder	assembly_modulo_2000_contract	103		103	0000039C	0000111C	0000131C	1	0402	ordinary_sample_offset
TALK3.DAT	talk_remainder	assembly_modulo_2000_contract	104		104	000003A0	0000117C	0000137C	1	0402	ordinary_sample_offset
TALK3.DAT	talk_remainder	assembly_modulo_2000_contract	105		105	000003A4	000011D8	000013D8	1	0402	ordinary_sample_offset
TALK3.DAT	talk_remainder	assembly_modulo_2000_contract	106		106	000003A8	00001234	00001434	1	0402	ordinary_sample_offset
TALK3.DAT	talk_remainder	assembly_modulo_2000_contract	107		107	000003AC	00001290	00001490	1	0402	ordinary_sample_offset
TALK3.DAT	talk_remainder	assembly_modulo_2000_contract	108		108	000003B0	000012EC	000014EC	1	0402	ordinary_sample_offset
TALK3.DAT	talk_remainder	assembly_modulo_2000_contract	109		109	000003B4	00001348	00001548	1	0402	ordinary_sample_offset
TALK3.DAT	talk_remainder	assembly_modulo_2000_contract	110		110	000003B8	0000139E	0000159E	1	0402	ordinary_sample_offset
TALK3.DAT	talk_remainder	assembly_modulo_2000_contract	111		111	000003BC	000014D8	000016D8	1	0402	ordinary_sample_offset
TALK3.DAT	talk_remainder	assembly_modulo_2000_contract	112		112	000003C0	00001602	00001802	1	0402	ordinary_sample_offset
TALK3.DAT	talk_remainder	assembly_modulo_2000_contract	113		113	000003C4	0000172C	0000192C	1	0402	ordinary_sample_offset
TALK3.DAT	talk_remainder	assembly_modulo_2000_contract	114		114	000003C8	00001730	00001930	1	0402	ordinary_sample_offset
TALK3.DAT	talk_remainder	assembly_modulo_2000_contract	115		115	000003CC	000017B8	000019B8	1	0402	ordinary_sample_offset
TALK3.DAT	talk_remainder	assembly_modulo_2000_contract	116		116	000003D0	00001804	00001A04	1	0402	ordinary_sample_offset
TALK3.DAT	talk_remainder	assembly_modulo_2000_contract	117		117	000003D4	00001990	00001B90	1	0402	ordinary_sample_offset
TALK3.DAT	talk_remainder	assembly_modulo_2000_contract	118		118	000003D8	00001CF6	00001EF6	1	0402	ordinary_sample_offset
TALK3.DAT	talk_remainder	assembly_modulo_2000_contract	119		119	000003DC	00001D8E	00001F8E	1	0402	ordinary_sample_offset
TALK3.DAT	talk_remainder	assembly_modulo_2000_contract	120		120	000003E0	00001E12	00002012	1	0402	ordinary_sample_offset
TALK3.DAT	talk_remainder	assembly_modulo_2000_contract	121		121	000003E4	00001EA0	000020A0	1	0402	ordinary_sample_offset
TALK3.DAT	talk_remainder	assembly_modulo_2000_contract	122		122	000003E8	00001F30	00002130	1	0402	ordinary_sample_offset
TALK3.DAT	talk_remainder	assembly_modulo_2000_contract	123		123	000003EC	00001FBE	000021BE	1	0402	ordinary_sample_offset
TALK3.DAT	talk_remainder	assembly_modulo_2000_contract	124		124	000003F0	000020E2	000022E2	1	0402	ordinary_sample_offset
TALK3.DAT	talk_remainder	assembly_modulo_2000_contract	125		125	000003F4	00002114	00002314	1	0402	ordinary_sample_offset
TALK3.DAT	talk_remainder	assembly_modulo_2000_contract	126		126	000003F8	000021DE	000023DE	1	0402	ordinary_sample_offset
TALK3.DAT	talk_remainder	assembly_modulo_2000_contract	127		127	000003FC	00002264	00002464	1	0402	ordinary_sample_offset
TALK3.DAT	talk_remainder	assembly_modulo_2000_contract	128		128	00000400	000022F0	000024F0	1	0402	ordinary_sample_offset
TALK3.DAT	talk_remainder	assembly_modulo_2000_contract	129		129	00000404	000022F4	000024F4	1	0402	ordinary_sample_offset
TALK3.DAT	talk_remainder	assembly_modulo_2000_contract	130		130	00000408	000022F8	000024F8	1	0402	ordinary_sample_offset
TALK3.DAT	talk_remainder	assembly_modulo_2000_contract	131		131	0000040C	000022FC	000024FC	1	0402	ordinary_sample_offset
TALK3.DAT	talk_remainder	assembly_modulo_2000_contract	132		132	00000410	00002300	00002500	1	0402	ordinary_sample_offset
TALK3.DAT	talk_remainder	assembly_modulo_2000_contract	133		133	00000414	00002304	00002504	1	0402	ordinary_sample_offset
TALK3.DAT	talk_remainder	assembly_modulo_2000_contract	134		134	00000418	00002308	00002508	1	0402	ordinary_sample_offset
TALK3.DAT	talk_remainder	assembly_modulo_2000_contract	135		135	0000041C	0000230C	0000250C	1	0402	ordinary_sample_offset
TALK3.DAT	talk_remainder	assembly_modulo_2000_contract	136		136	00000420	00002310	00002510	1	0402	ordinary_sample_offset
TALK3.DAT	talk_remainder	assembly_modulo_2000_contract	137		137	00000424	00002314	00002514	1	0402	ordinary_sample_offset
TALK3.DAT	talk_remainder	assembly_modulo_2000_contract	138		138	00000428	00002318	00002518	1	0402	ordinary_sample_offset
TALK3.DAT	talk_remainder	assembly_modulo_2000_contract	139		139	0000042C	0000231C	0000251C	1	0402	ordinary_sample_offset
TALK3.DAT	talk_remainder	assembly_modulo_2000_contract	140		140	00000430	00002320	00002520	1	0402	ordinary_sample_offset
TALK3.DAT	talk_remainder	assembly_modulo_2000_contract	141		141	00000434	00002324	00002524	1	0402	ordinary_sample_offset
TALK3.DAT	talk_remainder	assembly_modulo_2000_contract	142		142	00000438	00002328	00002528	1	0402	ordinary_sample_offset
TALK3.DAT	talk_remainder	assembly_modulo_2000_contract	143		143	0000043C	0000232C	0000252C	1	0402	ordinary_sample_offset
TALK3.DAT	talk_remainder	assembly_modulo_2000_contract	144		144	00000440	00002330	00002530	1	0402	ordinary_sample_offset
TALK3.DAT	talk_remainder	assembly_modulo_2000_contract	145		145	00000444	00002334	00002534	1	0402	ordinary_sample_offset
TALK3.DAT	talk_remainder	assembly_modulo_2000_contract	146		146	00000448	00002338	00002538	1	0402	ordinary_sample_offset
TALK3.DAT	talk_remainder	assembly_modulo_2000_contract	147		147	0000044C	0000233C	0000253C	1	0402	ordinary_sample_offset
TALK3.DAT	talk_remainder	assembly_modulo_2000_contract	148		148	00000450	00002340	00002540	1	0402	ordinary_sample_offset
TALK3.DAT	talk_remainder	assembly_modulo_2000_contract	149		149	00000454	00002344	00002544	1	0402	ordinary_sample_offset
TALK3.DAT	talk_remainder	assembly_modulo_2000_contract	150		150	00000458	00002348	00002548	1	0402	ordinary_sample_offset
TALK3.DAT	talk_remainder	assembly_modulo_2000_contract	151		151	0000045C	0000234C	0000254C	1	0402	ordinary_sample_offset
TALK3.DAT	talk_remainder	assembly_modulo_2000_contract	152		152	00000460	00002350	00002550	1	0402	ordinary_sample_offset
TALK3.DAT	talk_remainder	assembly_modulo_2000_contract	153		153	00000464	00002354	00002554	1	0402	ordinary_sample_offset
TALK3.DAT	talk_remainder	assembly_modulo_2000_contract	154		154	00000468	00002358	00002558	1	0402	ordinary_sample_offset
TALK3.DAT	talk_remainder	assembly_modulo_2000_contract	155		155	0000046C	0000235C	0000255C	1	0402	ordinary_sample_offset
TALK3.DAT	talk_remainder	assembly_modulo_2000_contract	156		156	00000470	00002360	00002560	1	0402	ordinary_sample_offset
TALK3.DAT	talk_remainder	assembly_modulo_2000_contract	157		157	00000474	00002364	00002564	1	0402	ordinary_sample_offset
TALK3.DAT	talk_remainder	assembly_modulo_2000_contract	158		158	00000478	00002368	00002568	1	0402	ordinary_sample_offset
TALK3.DAT	talk_remainder	assembly_modulo_2000_contract	159		159	0000047C	0000236C	0000256C	1	0402	ordinary_sample_offset
TALK3.DAT	talk_remainder	assembly_modulo_2000_contract	160		160	00000480	00002370	00002570	1	0402	ordinary_sample_offset
TALK3.DAT	talk_remainder	assembly_modulo_2000_contract	161		161	00000484	00002374	00002574	1	0402	ordinary_sample_offset
TALK3.DAT	talk_remainder	assembly_modulo_2000_contract	162		162	00000488	00002378	00002578	1	0402	ordinary_sample_offset
TALK3.DAT	talk_remainder	assembly_modulo_2000_contract	163		163	0000048C	0000237C	0000257C	1	0402	ordinary_sample_offset
TALK3.DAT	talk_remainder	assembly_modulo_2000_contract	164		164	00000490	00002380	00002580	1	0402	ordinary_sample_offset
TALK3.DAT	talk_remainder	assembly_modulo_2000_contract	165		165	00000494	00002384	00002584	1	0402	ordinary_sample_offset
TALK3.DAT	talk_remainder	assembly_modulo_2000_contract	166		166	00000498	00002388	00002588	1	0402	ordinary_sample_offset
TALK3.DAT	talk_remainder	assembly_modulo_2000_contract	167		167	0000049C	0000238C	0000258C	1	0402	ordinary_sample_offset
TALK3.DAT	talk_remainder	assembly_modulo_2000_contract	168		168	000004A0	00002390	00002590	1	0402	ordinary_sample_offset
TALK3.DAT	talk_remainder	assembly_modulo_2000_contract	169		169	000004A4	00002394	00002594	1	0402	ordinary_sample_offset
TALK3.DAT	talk_remainder	assembly_modulo_2000_contract	170		170	000004A8	00002398	00002598	1	0402	ordinary_sample_offset
TALK3.DAT	talk_remainder	assembly_modulo_2000_contract	171		171	000004AC	0000239C	0000259C	1	0402	ordinary_sample_offset
TALK3.DAT	talk_remainder	assembly_modulo_2000_contract	172		172	000004B0	000023A0	000025A0	1	0402	ordinary_sample_offset
TALK3.DAT	talk_remainder	assembly_modulo_2000_contract	173		173	000004B4	000023A4	000025A4	1	0402	ordinary_sample_offset
TALK3.DAT	talk_remainder	assembly_modulo_2000_contract	174		174	000004B8	000023A8	000025A8	1	0402	ordinary_sample_offset
TALK3.DAT	talk_remainder	assembly_modulo_2000_contract	175		175	000004BC	000023AC	000025AC	1	0402	ordinary_sample_offset
TALK3.DAT	talk_remainder	assembly_modulo_2000_contract	176		176	000004C0	000023B0	000025B0	1	0402	ordinary_sample_offset
TALK3.DAT	talk_remainder	assembly_modulo_2000_contract	177		177	000004C4	000023B4	000025B4	1	0402	ordinary_sample_offset
TALK3.DAT	talk_remainder	assembly_modulo_2000_contract	178		178	000004C8	000023B8	000025B8	1	0402	ordinary_sample_offset
TALK3.DAT	talk_remainder	assembly_modulo_2000_contract	179		179	000004CC	000023BC	000025BC	1	0402	ordinary_sample_offset
TALK3.DAT	talk_remainder	assembly_modulo_2000_contract	180		180	000004D0	000023C0	000025C0	1	0402	ordinary_sample_offset
TALK3.DAT	talk_remainder	assembly_modulo_2000_contract	181		181	000004D4	000023C4	000025C4	1	0402	ordinary_sample_offset
TALK3.DAT	talk_remainder	assembly_modulo_2000_contract	182		182	000004D8	000023C8	000025C8	1	0402	ordinary_sample_offset
TALK3.DAT	talk_remainder	assembly_modulo_2000_contract	183		183	000004DC	000023CC	000025CC	1	0402	ordinary_sample_offset
TALK3.DAT	talk_remainder	assembly_modulo_2000_contract	184		184	000004E0	000023D0	000025D0	1	0402	ordinary_sample_offset
TALK3.DAT	talk_remainder	assembly_modulo_2000_contract	185		185	000004E4	000023D4	000025D4	1	0402	ordinary_sample_offset
TALK3.DAT	talk_remainder	assembly_modulo_2000_contract	186		186	000004E8	000023D8	000025D8	1	0402	ordinary_sample_offset
TALK3.DAT	talk_remainder	assembly_modulo_2000_contract	187		187	000004EC	000023DC	000025DC	1	0402	ordinary_sample_offset
TALK3.DAT	talk_remainder	assembly_modulo_2000_contract	188		188	000004F0	000023E0	000025E0	1	0402	ordinary_sample_offset
TALK3.DAT	talk_remainder	assembly_modulo_2000_contract	189		189	000004F4	000023E4	000025E4	1	0402	ordinary_sample_offset
TALK3.DAT	talk_remainder	assembly_modulo_2000_contract	190		190	000004F8	000023E8	000025E8	1	0402	ordinary_sample_offset
TALK3.DAT	talk_remainder	assembly_modulo_2000_contract	191		191	000004FC	000023EC	000025EC	1	0402	ordinary_sample_offset
TALK3.DAT	talk_remainder	assembly_modulo_2000_contract	192		192	00000500	000023F0	000025F0	1	0402	ordinary_sample_offset
TALK3.DAT	talk_remainder	assembly_modulo_2000_contract	193		193	00000504	000023F4	000025F4	1	0402	ordinary_sample_offset
TALK3.DAT	talk_remainder	assembly_modulo_2000_contract	194		194	00000508	000023F8	000025F8	1	0402	ordinary_sample_offset
TALK3.DAT	talk_remainder	assembly_modulo_2000_contract	195		195	0000050C	000023FC	000025FC	1	0402	ordinary_sample_offset
TALK3.DAT	talk_remainder	assembly_modulo_2000_contract	196		196	00000510	00002400	00002600	1	0402	ordinary_sample_offset
TALK3.DAT	talk_remainder	assembly_modulo_2000_contract	197		197	00000514	00002404	00002604	1	0402	ordinary_sample_offset
TALK3.DAT	talk_remainder	assembly_modulo_2000_contract	198		198	00000518	00002408	00002608	1	0402	ordinary_sample_offset
TALK3.DAT	talk_remainder	assembly_modulo_2000_contract	199		199	0000051C	0000240C	0000260C	1	0402	ordinary_sample_offset
TALK3.DAT	talk_remainder	assembly_modulo_2000_contract	200		200	00000520	00002410	00002610	1	0402	ordinary_sample_offset
TALK3.DAT	talk_remainder	assembly_modulo_2000_contract	201		201	00000524	0001BFCC	0001C1CC	1	0402	ordinary_sample_offset
TALK3.DAT	talk_remainder	assembly_modulo_2000_contract	202		202	00000528	0001CB75	0001CD75	1	0402	ordinary_sample_offset
TALK3.DAT	talk_remainder	assembly_modulo_2000_contract	203		203	0000052C	0001CC0B	0001CE0B	1	0402	ordinary_sample_offset
TALK3.DAT	talk_remainder	assembly_modulo_2000_contract	204		204	00000530	0001CC7F	0001CE7F	1	0402	ordinary_sample_offset
TALK3.DAT	talk_remainder	assembly_modulo_2000_contract	205		205	00000534	0001CCB5	0001CEB5	1	0402	ordinary_sample_offset
TALK3.DAT	talk_remainder	assembly_modulo_2000_contract	206		206	00000538	0001CCEB	0001CEEB	1	0402	ordinary_sample_offset
TALK3.DAT	talk_remainder	assembly_modulo_2000_contract	207		207	0000053C	0001D46E	0001D66E	1	0402	ordinary_sample_offset
TALK3.DAT	talk_remainder	assembly_modulo_2000_contract	208		208	00000540	0001D4A4	0001D6A4	1	0402	ordinary_sample_offset
TALK3.DAT	talk_remainder	assembly_modulo_2000_contract	209		209	00000544	0001D510	0001D710	1	0402	ordinary_sample_offset
TALK3.DAT	talk_remainder	assembly_modulo_2000_contract	210		210	00000548	0001D5D0	0001D7D0	1	0402	ordinary_sample_offset
TALK3.DAT	talk_remainder	assembly_modulo_2000_contract	211		211	0000054C	0001D682	0001D882	1	0402	ordinary_sample_offset
TALK3.DAT	talk_remainder	assembly_modulo_2000_contract	212		212	00000550	0001E233	0001E433	1	0402	ordinary_sample_offset
TALK3.DAT	talk_remainder	assembly_modulo_2000_contract	213		213	00000554	00021E65	00022065	1	0402	ordinary_sample_offset
TALK3.DAT	talk_remainder	assembly_modulo_2000_contract	214		214	00000558	00021E69	00022069	1	0402	ordinary_sample_offset
TALK3.DAT	talk_remainder	assembly_modulo_2000_contract	215		215	0000055C	00021E6D	0002206D	1	0402	ordinary_sample_offset
TALK3.DAT	talk_remainder	assembly_modulo_2000_contract	216		216	00000560	00021E71	00022071	1	0402	ordinary_sample_offset
TALK3.DAT	talk_remainder	assembly_modulo_2000_contract	217		217	00000564	00021EA7	000220A7	1	0402	ordinary_sample_offset
TALK3.DAT	talk_remainder	assembly_modulo_2000_contract	218		218	00000568	00021EF5	000220F5	1	0402	ordinary_sample_offset
TALK3.DAT	talk_remainder	assembly_modulo_2000_contract	219		219	0000056C	00021F45	00022145	1	0402	ordinary_sample_offset
TALK3.DAT	talk_remainder	assembly_modulo_2000_contract	220		220	00000570	00021F93	00022193	1	0402	ordinary_sample_offset
TALK3.DAT	talk_remainder	assembly_modulo_2000_contract	221		221	00000574	0002201F	0002221F	1	0402	ordinary_sample_offset
TALK3.DAT	talk_remainder	assembly_modulo_2000_contract	222		222	00000578	000220CB	000222CB	1	0402	ordinary_sample_offset
TALK3.DAT	talk_remainder	assembly_modulo_2000_contract	223		223	0000057C	000223E1	000225E1	1	0402	ordinary_sample_offset
TALK3.DAT	talk_remainder	assembly_modulo_2000_contract	224		224	00000580	00022429	00022629	1	0402	ordinary_sample_offset
TALK3.DAT	talk_remainder	assembly_modulo_2000_contract	225		225	00000584	0002242D	0002262D	1	0402	ordinary_sample_offset
TALK3.DAT	talk_remainder	assembly_modulo_2000_contract	226		226	00000588	00022431	00022631	1	0402	ordinary_sample_offset
TALK3.DAT	talk_remainder	assembly_modulo_2000_contract	227		227	0000058C	00022435	00022635	1	0402	ordinary_sample_offset
TALK3.DAT	talk_remainder	assembly_modulo_2000_contract	228		228	00000590	00022439	00022639	1	0402	ordinary_sample_offset
TALK3.DAT	talk_remainder	assembly_modulo_2000_contract	229		229	00000594	0002243D	0002263D	1	0402	ordinary_sample_offset
TALK3.DAT	talk_remainder	assembly_modulo_2000_contract	230		230	00000598	00022441	00022641	1	0402	ordinary_sample_offset
TALK3.DAT	talk_remainder	assembly_modulo_2000_contract	231		231	0000059C	00022445	00022645	1	0402	ordinary_sample_offset
TALK3.DAT	talk_remainder	assembly_modulo_2000_contract	232		232	000005A0	00022449	00022649	1	0402	ordinary_sample_offset
TALK3.DAT	talk_remainder	assembly_modulo_2000_contract	233		233	000005A4	0002244D	0002264D	1	0402	ordinary_sample_offset
TALK3.DAT	talk_remainder	assembly_modulo_2000_contract	234		234	000005A8	00022451	00022651	1	0402	ordinary_sample_offset
TALK3.DAT	talk_remainder	assembly_modulo_2000_contract	235		235	000005AC	00022455	00022655	1	0402	ordinary_sample_offset
TALK3.DAT	talk_remainder	assembly_modulo_2000_contract	236		236	000005B0	00022459	00022659	1	0402	ordinary_sample_offset
TALK3.DAT	talk_remainder	assembly_modulo_2000_contract	237		237	000005B4	0002245D	0002265D	1	0402	ordinary_sample_offset
TALK3.DAT	talk_remainder	assembly_modulo_2000_contract	238		238	000005B8	00022461	00022661	1	0402	ordinary_sample_offset
TALK3.DAT	talk_remainder	assembly_modulo_2000_contract	239		239	000005BC	00022465	00022665	1	0402	ordinary_sample_offset
TALK3.DAT	talk_remainder	assembly_modulo_2000_contract	240		240	000005C0	00022469	00022669	1	0402	ordinary_sample_offset
TALK3.DAT	talk_remainder	assembly_modulo_2000_contract	241		241	000005C4	0002246D	0002266D	1	0402	ordinary_sample_offset
TALK3.DAT	talk_remainder	assembly_modulo_2000_contract	242		242	000005C8	00022471	00022671	1	0402	ordinary_sample_offset
TALK3.DAT	talk_remainder	assembly_modulo_2000_contract	243		243	000005CC	00022475	00022675	1	0402	ordinary_sample_offset
TALK3.DAT	talk_remainder	assembly_modulo_2000_contract	244		244	000005D0	00022479	00022679	1	0402	ordinary_sample_offset
TALK3.DAT	talk_remainder	assembly_modulo_2000_contract	245		245	000005D4	0002247D	0002267D	1	0402	ordinary_sample_offset
TALK3.DAT	talk_remainder	assembly_modulo_2000_contract	246		246	000005D8	00022481	00022681	1	0402	ordinary_sample_offset
TALK3.DAT	talk_remainder	assembly_modulo_2000_contract	247		247	000005DC	00022485	00022685	1	0402	ordinary_sample_offset
TALK3.DAT	talk_remainder	assembly_modulo_2000_contract	248		248	000005E0	00022489	00022689	1	0402	ordinary_sample_offset
TALK3.DAT	talk_remainder	assembly_modulo_2000_contract	249		249	000005E4	0002248D	0002268D	1	0402	ordinary_sample_offset
TALK3.DAT	talk_remainder	assembly_modulo_2000_contract	250		250	000005E8	00022491	00022691	1	0402	ordinary_sample_offset
TALK3.DAT	talk_remainder	assembly_modulo_2000_contract	251		251	000005EC	00022495	00022695	1	0402	ordinary_sample_offset
TALK3.DAT	talk_remainder	assembly_modulo_2000_contract	252		252	000005F0	00022499	00022699	1	0402	ordinary_sample_offset
TALK3.DAT	talk_remainder	assembly_modulo_2000_contract	253		253	000005F4	0002249D	0002269D	1	0402	ordinary_sample_offset
TALK3.DAT	talk_remainder	assembly_modulo_2000_contract	254		254	000005F8	000224A1	000226A1	1	0402	ordinary_sample_offset
TALK3.DAT	talk_remainder	assembly_modulo_2000_contract	255		255	000005FC	000224A5	000226A5	1	0402	ordinary_sample_offset
TALK3.DAT	talk_remainder	assembly_modulo_2000_contract	256		256	00000600	000224A9	000226A9	1	0402	ordinary_sample_offset
TALK3.DAT	talk_remainder	assembly_modulo_2000_contract	257		257	00000604	000224AD	000226AD	1	0402	ordinary_sample_offset
TALK3.DAT	talk_remainder	assembly_modulo_2000_contract	258		258	00000608	000224B1	000226B1	1	0402	ordinary_sample_offset
TALK3.DAT	talk_remainder	assembly_modulo_2000_contract	259		259	0000060C	000224B5	000226B5	1	0402	ordinary_sample_offset
TALK3.DAT	talk_remainder	assembly_modulo_2000_contract	260		260	00000610	000224B9	000226B9	1	0402	ordinary_sample_offset
TALK3.DAT	talk_remainder	assembly_modulo_2000_contract	261		261	00000614	000224BD	000226BD	1	0402	ordinary_sample_offset
TALK3.DAT	talk_remainder	assembly_modulo_2000_contract	262		262	00000618	000224C1	000226C1	1	0402	ordinary_sample_offset
TALK3.DAT	talk_remainder	assembly_modulo_2000_contract	263		263	0000061C	000224C5	000226C5	1	0402	ordinary_sample_offset
TALK3.DAT	talk_remainder	assembly_modulo_2000_contract	264		264	00000620	000224C9	000226C9	1	0402	ordinary_sample_offset
TALK3.DAT	talk_remainder	assembly_modulo_2000_contract	265		265	00000624	000224CD	000226CD	1	0402	ordinary_sample_offset
TALK3.DAT	talk_remainder	assembly_modulo_2000_contract	266		266	00000628	000224D1	000226D1	1	0402	ordinary_sample_offset
TALK3.DAT	talk_remainder	assembly_modulo_2000_contract	267		267	0000062C	000224D5	000226D5	1	0402	ordinary_sample_offset
TALK3.DAT	talk_remainder	assembly_modulo_2000_contract	268		268	00000630	000224D9	000226D9	1	0402	ordinary_sample_offset
TALK3.DAT	talk_remainder	assembly_modulo_2000_contract	269		269	00000634	000224DD	000226DD	1	0402	ordinary_sample_offset
TALK3.DAT	talk_remainder	assembly_modulo_2000_contract	270		270	00000638	000224E1	000226E1	1	0402	ordinary_sample_offset
TALK3.DAT	talk_remainder	assembly_modulo_2000_contract	271		271	0000063C	000224E5	000226E5	1	0402	ordinary_sample_offset
TALK3.DAT	talk_remainder	assembly_modulo_2000_contract	272		272	00000640	000224E9	000226E9	1	0402	ordinary_sample_offset
TALK3.DAT	talk_remainder	assembly_modulo_2000_contract	273		273	00000644	000224ED	000226ED	1	0402	ordinary_sample_offset
TALK3.DAT	talk_remainder	assembly_modulo_2000_contract	274		274	00000648	000224F1	000226F1	1	0402	ordinary_sample_offset
TALK3.DAT	talk_remainder	assembly_modulo_2000_contract	275		275	0000064C	000224F5	000226F5	1	0402	ordinary_sample_offset
TALK3.DAT	talk_remainder	assembly_modulo_2000_contract	276		276	00000650	000224F9	000226F9	1	0402	ordinary_sample_offset
TALK3.DAT	talk_remainder	assembly_modulo_2000_contract	277		277	00000654	000224FD	000226FD	1	0402	ordinary_sample_offset
TALK3.DAT	talk_remainder	assembly_modulo_2000_contract	278		278	00000658	00022501	00022701	1	0402	ordinary_sample_offset
TALK3.DAT	talk_remainder	assembly_modulo_2000_contract	279		279	0000065C	00022505	00022705	1	0402	ordinary_sample_offset
TALK3.DAT	talk_remainder	assembly_modulo_2000_contract	280		280	00000660	00022509	00022709	1	0402	ordinary_sample_offset
TALK3.DAT	talk_remainder	assembly_modulo_2000_contract	281		281	00000664	0002250D	0002270D	1	0402	ordinary_sample_offset
TALK3.DAT	talk_remainder	assembly_modulo_2000_contract	282		282	00000668	00022511	00022711	1	0402	ordinary_sample_offset
TALK3.DAT	talk_remainder	assembly_modulo_2000_contract	283		283	0000066C	00022515	00022715	1	0402	ordinary_sample_offset
TALK3.DAT	talk_remainder	assembly_modulo_2000_contract	284		284	00000670	00022519	00022719	1	0402	ordinary_sample_offset
TALK3.DAT	talk_remainder	assembly_modulo_2000_contract	285		285	00000674	0002251D	0002271D	1	0402	ordinary_sample_offset
TALK3.DAT	talk_remainder	assembly_modulo_2000_contract	286		286	00000678	00022521	00022721	1	0402	ordinary_sample_offset
TALK3.DAT	talk_remainder	assembly_modulo_2000_contract	287		287	0000067C	00022525	00022725	1	0402	ordinary_sample_offset
TALK3.DAT	talk_remainder	assembly_modulo_2000_contract	288		288	00000680	00022529	00022729	1	0402	ordinary_sample_offset
TALK3.DAT	talk_remainder	assembly_modulo_2000_contract	289		289	00000684	0002252D	0002272D	1	0402	ordinary_sample_offset
TALK3.DAT	talk_remainder	assembly_modulo_2000_contract	290		290	00000688	00022531	00022731	1	0402	ordinary_sample_offset
TALK3.DAT	talk_remainder	assembly_modulo_2000_contract	291		291	0000068C	00022535	00022735	1	0402	ordinary_sample_offset
TALK3.DAT	talk_remainder	assembly_modulo_2000_contract	292		292	00000690	00022539	00022739	1	0402	ordinary_sample_offset
TALK3.DAT	talk_remainder	assembly_modulo_2000_contract	293		293	00000694	0002253D	0002273D	1	0402	ordinary_sample_offset
TALK3.DAT	talk_remainder	assembly_modulo_2000_contract	294		294	00000698	00022541	00022741	1	0402	ordinary_sample_offset
TALK3.DAT	talk_remainder	assembly_modulo_2000_contract	295		295	0000069C	00022545	00022745	1	0402	ordinary_sample_offset
TALK3.DAT	talk_remainder	assembly_modulo_2000_contract	296		296	000006A0	00022549	00022749	1	0402	ordinary_sample_offset
TALK3.DAT	talk_remainder	assembly_modulo_2000_contract	297		297	000006A4	0002254D	0002274D	1	0402	ordinary_sample_offset
TALK3.DAT	talk_remainder	assembly_modulo_2000_contract	298		298	000006A8	00022551	00022751	1	0402	ordinary_sample_offset
TALK3.DAT	talk_remainder	assembly_modulo_2000_contract	299		299	000006AC	00022555	00022755	1	0402	ordinary_sample_offset
TALK3.DAT	talk_remainder	assembly_modulo_2000_contract	300		300	000006B0	00022559	00022759	1	0402	ordinary_sample_offset
TALK3.DAT	talk_remainder	assembly_modulo_2000_contract	301		301	000006B4	00022A0D	00022C0D	1	0402	ordinary_sample_offset
TALK3.DAT	talk_remainder	assembly_modulo_2000_contract	302		302	000006B8	00022AF3	00022CF3	1	0402	ordinary_sample_offset
TALK3.DAT	talk_remainder	assembly_modulo_2000_contract	303		303	000006BC	00022C57	00022E57	1	0402	ordinary_sample_offset
TALK3.DAT	talk_remainder	assembly_modulo_2000_contract	304		304	000006C0	000233BA	000235BA	1	0402	ordinary_sample_offset
TALK3.DAT	talk_remainder	assembly_modulo_2000_contract	305		305	000006C4	000233BE	000235BE	1	0402	ordinary_sample_offset
TALK3.DAT	talk_remainder	assembly_modulo_2000_contract	306		306	000006C8	000233C2	000235C2	1	0402	ordinary_sample_offset
TALK3.DAT	talk_remainder	assembly_modulo_2000_contract	307		307	000006CC	000233C6	000235C6	1	0402	ordinary_sample_offset
TALK3.DAT	talk_remainder	assembly_modulo_2000_contract	308		308	000006D0	000233CA	000235CA	1	0402	ordinary_sample_offset
TALK3.DAT	talk_remainder	assembly_modulo_2000_contract	309		309	000006D4	000233CE	000235CE	1	0402	ordinary_sample_offset
TALK3.DAT	talk_remainder	assembly_modulo_2000_contract	310		310	000006D8	000233D2	000235D2	1	0402	ordinary_sample_offset
TALK3.DAT	talk_remainder	assembly_modulo_2000_contract	311		311	000006DC	000233D6	000235D6	1	0402	ordinary_sample_offset
TALK3.DAT	talk_remainder	assembly_modulo_2000_contract	312		312	000006E0	000233DA	000235DA	1	0402	ordinary_sample_offset
TALK3.DAT	talk_remainder	assembly_modulo_2000_contract	313		313	000006E4	000233DE	000235DE	1	0402	ordinary_sample_offset
TALK3.DAT	talk_remainder	assembly_modulo_2000_contract	314		314	000006E8	000233E2	000235E2	1	0402	ordinary_sample_offset
TALK3.DAT	talk_remainder	assembly_modulo_2000_contract	315		315	000006EC	000233E6	000235E6	1	0402	ordinary_sample_offset
TALK3.DAT	talk_remainder	assembly_modulo_2000_contract	316		316	000006F0	000233EA	000235EA	1	0402	ordinary_sample_offset
TALK3.DAT	talk_remainder	assembly_modulo_2000_contract	317		317	000006F4	000233EE	000235EE	1	0402	ordinary_sample_offset
TALK3.DAT	talk_remainder	assembly_modulo_2000_contract	318		318	000006F8	000233F2	000235F2	1	0402	ordinary_sample_offset
TALK3.DAT	talk_remainder	assembly_modulo_2000_contract	319		319	000006FC	000233F6	000235F6	1	0402	ordinary_sample_offset
TALK3.DAT	talk_remainder	assembly_modulo_2000_contract	320		320	00000700	000233FA	000235FA	1	0402	ordinary_sample_offset
TALK3.DAT	talk_remainder	assembly_modulo_2000_contract	321		321	00000704	000233FE	000235FE	1	0402	ordinary_sample_offset
TALK3.DAT	talk_remainder	assembly_modulo_2000_contract	322		322	00000708	00023402	00023602	1	0402	ordinary_sample_offset
TALK3.DAT	talk_remainder	assembly_modulo_2000_contract	323		323	0000070C	00023406	00023606	1	0402	ordinary_sample_offset
TALK3.DAT	talk_remainder	assembly_modulo_2000_contract	324		324	00000710	0002340A	0002360A	1	0402	ordinary_sample_offset
TALK3.DAT	talk_remainder	assembly_modulo_2000_contract	325		325	00000714	0002340E	0002360E	1	0402	ordinary_sample_offset
TALK3.DAT	talk_remainder	assembly_modulo_2000_contract	326		326	00000718	00023412	00023612	1	0402	ordinary_sample_offset
TALK3.DAT	talk_remainder	assembly_modulo_2000_contract	327		327	0000071C	00023416	00023616	1	0402	ordinary_sample_offset
TALK3.DAT	talk_remainder	assembly_modulo_2000_contract	328		328	00000720	0002341A	0002361A	1	0402	ordinary_sample_offset
TALK3.DAT	talk_remainder	assembly_modulo_2000_contract	329		329	00000724	0002341E	0002361E	1	0402	ordinary_sample_offset
TALK3.DAT	talk_remainder	assembly_modulo_2000_contract	330		330	00000728	00023422	00023622	1	0402	ordinary_sample_offset
TALK3.DAT	talk_remainder	assembly_modulo_2000_contract	331		331	0000072C	00023426	00023626	1	0402	ordinary_sample_offset
TALK3.DAT	talk_remainder	assembly_modulo_2000_contract	332		332	00000730	0002342A	0002362A	1	0402	ordinary_sample_offset
TALK3.DAT	talk_remainder	assembly_modulo_2000_contract	333		333	00000734	0002342E	0002362E	1	0402	ordinary_sample_offset
TALK3.DAT	talk_remainder	assembly_modulo_2000_contract	334		334	00000738	00023432	00023632	1	0402	ordinary_sample_offset
TALK3.DAT	talk_remainder	assembly_modulo_2000_contract	335		335	0000073C	00023436	00023636	1	0402	ordinary_sample_offset
TALK3.DAT	talk_remainder	assembly_modulo_2000_contract	336		336	00000740	0002343A	0002363A	1	0402	ordinary_sample_offset
TALK3.DAT	talk_remainder	assembly_modulo_2000_contract	337		337	00000744	0002343E	0002363E	1	0402	ordinary_sample_offset
TALK3.DAT	talk_remainder	assembly_modulo_2000_contract	338		338	00000748	00023442	00023642	1	0402	ordinary_sample_offset
TALK3.DAT	talk_remainder	assembly_modulo_2000_contract	339		339	0000074C	00023446	00023646	1	0402	ordinary_sample_offset
TALK3.DAT	talk_remainder	assembly_modulo_2000_contract	340		340	00000750	0002344A	0002364A	1	0402	ordinary_sample_offset
TALK3.DAT	talk_remainder	assembly_modulo_2000_contract	341		341	00000754	0002344E	0002364E	1	0402	ordinary_sample_offset
TALK3.DAT	talk_remainder	assembly_modulo_2000_contract	342		342	00000758	00023452	00023652	1	0402	ordinary_sample_offset
TALK3.DAT	talk_remainder	assembly_modulo_2000_contract	343		343	0000075C	00023456	00023656	1	0402	ordinary_sample_offset
TALK3.DAT	talk_remainder	assembly_modulo_2000_contract	344		344	00000760	0002345A	0002365A	1	0402	ordinary_sample_offset
TALK3.DAT	talk_remainder	assembly_modulo_2000_contract	345		345	00000764	0002345E	0002365E	1	0402	ordinary_sample_offset
TALK3.DAT	talk_remainder	assembly_modulo_2000_contract	346		346	00000768	00023462	00023662	1	0402	ordinary_sample_offset
TALK3.DAT	talk_remainder	assembly_modulo_2000_contract	347		347	0000076C	00023466	00023666	1	0402	ordinary_sample_offset
TALK3.DAT	talk_remainder	assembly_modulo_2000_contract	348		348	00000770	0002346A	0002366A	1	0402	ordinary_sample_offset
TALK3.DAT	talk_remainder	assembly_modulo_2000_contract	349		349	00000774	0002346E	0002366E	1	0402	ordinary_sample_offset
TALK3.DAT	talk_remainder	assembly_modulo_2000_contract	350		350	00000778	00023472	00023672	1	0402	ordinary_sample_offset
TALK3.DAT	talk_remainder	assembly_modulo_2000_contract	351		351	0000077C	00023476	00023676	1	0402	ordinary_sample_offset
TALK3.DAT	talk_remainder	assembly_modulo_2000_contract	352		352	00000780	0002347A	0002367A	1	0402	ordinary_sample_offset
TALK3.DAT	talk_remainder	assembly_modulo_2000_contract	353		353	00000784	0002347E	0002367E	1	0402	ordinary_sample_offset
TALK3.DAT	talk_remainder	assembly_modulo_2000_contract	354		354	00000788	00023482	00023682	1	0402	ordinary_sample_offset
TALK3.DAT	talk_remainder	assembly_modulo_2000_contract	355		355	0000078C	00023486	00023686	1	0402	ordinary_sample_offset
TALK3.DAT	talk_remainder	assembly_modulo_2000_contract	356		356	00000790	0002348A	0002368A	1	0402	ordinary_sample_offset
TALK3.DAT	talk_remainder	assembly_modulo_2000_contract	357		357	00000794	0002348E	0002368E	1	0402	ordinary_sample_offset
TALK3.DAT	talk_remainder	assembly_modulo_2000_contract	358		358	00000798	00023492	00023692	1	0402	ordinary_sample_offset
TALK3.DAT	talk_remainder	assembly_modulo_2000_contract	359		359	0000079C	00023496	00023696	1	0402	ordinary_sample_offset
TALK3.DAT	talk_remainder	assembly_modulo_2000_contract	360		360	000007A0	0002349A	0002369A	1	0402	ordinary_sample_offset
TALK3.DAT	talk_remainder	assembly_modulo_2000_contract	361		361	000007A4	0002349E	0002369E	1	0402	ordinary_sample_offset
TALK3.DAT	talk_remainder	assembly_modulo_2000_contract	362		362	000007A8	000234A2	000236A2	1	0402	ordinary_sample_offset
TALK3.DAT	talk_remainder	assembly_modulo_2000_contract	363		363	000007AC	000234A6	000236A6	1	0402	ordinary_sample_offset
TALK3.DAT	talk_remainder	assembly_modulo_2000_contract	364		364	000007B0	000234AA	000236AA	1	0402	ordinary_sample_offset
TALK3.DAT	talk_remainder	assembly_modulo_2000_contract	365		365	000007B4	000234AE	000236AE	1	0402	ordinary_sample_offset
TALK3.DAT	talk_remainder	assembly_modulo_2000_contract	366		366	000007B8	000234B2	000236B2	1	0402	ordinary_sample_offset
TALK3.DAT	talk_remainder	assembly_modulo_2000_contract	367		367	000007BC	000234B6	000236B6	1	0402	ordinary_sample_offset
TALK3.DAT	talk_remainder	assembly_modulo_2000_contract	368		368	000007C0	000234BA	000236BA	1	0402	ordinary_sample_offset
TALK3.DAT	talk_remainder	assembly_modulo_2000_contract	369		369	000007C4	000234BE	000236BE	1	0402	ordinary_sample_offset
TALK3.DAT	talk_remainder	assembly_modulo_2000_contract	370		370	000007C8	000234C2	000236C2	1	0402	ordinary_sample_offset
TALK3.DAT	talk_remainder	assembly_modulo_2000_contract	371		371	000007CC	000234C6	000236C6	1	0402	ordinary_sample_offset
TALK3.DAT	talk_remainder	assembly_modulo_2000_contract	372		372	000007D0	000234CA	000236CA	1	0402	ordinary_sample_offset
TALK3.DAT	talk_remainder	assembly_modulo_2000_contract	373		373	000007D4	000234CE	000236CE	1	0402	ordinary_sample_offset
TALK3.DAT	talk_remainder	assembly_modulo_2000_contract	374		374	000007D8	000234D2	000236D2	1	0402	ordinary_sample_offset
TALK3.DAT	talk_remainder	assembly_modulo_2000_contract	375		375	000007DC	000234D6	000236D6	1	0402	ordinary_sample_offset
TALK3.DAT	talk_remainder	assembly_modulo_2000_contract	376		376	000007E0	000234DA	000236DA	1	0402	ordinary_sample_offset
TALK3.DAT	talk_remainder	assembly_modulo_2000_contract	377		377	000007E4	000234DE	000236DE	1	0402	ordinary_sample_offset
TALK3.DAT	talk_remainder	assembly_modulo_2000_contract	378		378	000007E8	000234E2	000236E2	1	0402	ordinary_sample_offset
TALK3.DAT	talk_remainder	assembly_modulo_2000_contract	379		379	000007EC	000234E6	000236E6	1	0402	ordinary_sample_offset
TALK3.DAT	talk_remainder	assembly_modulo_2000_contract	380		380	000007F0	000234EA	000236EA	1	0402	ordinary_sample_offset
TALK3.DAT	talk_remainder	assembly_modulo_2000_contract	381		381	000007F4	000234EE	000236EE	1	0402	ordinary_sample_offset
TALK3.DAT	talk_remainder	assembly_modulo_2000_contract	382		382	000007F8	000234F2	000236F2	1	0402	ordinary_sample_offset
TALK3.DAT	talk_remainder	assembly_modulo_2000_contract	383		383	000007FC	000234F6	000236F6	1	0402	ordinary_sample_offset
TALK3.DAT	talk_remainder	assembly_modulo_2000_contract	384		384	00000800	000234FA	000236FA	1	0402	ordinary_sample_offset
TALK3.DAT	talk_remainder	assembly_modulo_2000_contract	385		385	00000804	000234FE	000236FE	1	0402	ordinary_sample_offset
TALK3.DAT	talk_remainder	assembly_modulo_2000_contract	386		386	00000808	00023502	00023702	1	0402	ordinary_sample_offset
TALK3.DAT	talk_remainder	assembly_modulo_2000_contract	387		387	0000080C	00023506	00023706	1	0402	ordinary_sample_offset
TALK3.DAT	talk_remainder	assembly_modulo_2000_contract	388		388	00000810	0002350A	0002370A	1	0402	ordinary_sample_offset
TALK3.DAT	talk_remainder	assembly_modulo_2000_contract	389		389	00000814	0002350E	0002370E	1	0402	ordinary_sample_offset
TALK3.DAT	talk_remainder	assembly_modulo_2000_contract	390		390	00000818	00023512	00023712	1	0402	ordinary_sample_offset
TALK3.DAT	talk_remainder	assembly_modulo_2000_contract	391		391	0000081C	00023516	00023716	1	0402	ordinary_sample_offset
TALK3.DAT	talk_remainder	assembly_modulo_2000_contract	392		392	00000820	0002351A	0002371A	1	0402	ordinary_sample_offset
TALK3.DAT	talk_remainder	assembly_modulo_2000_contract	393		393	00000824	0002351E	0002371E	1	0402	ordinary_sample_offset
TALK3.DAT	talk_remainder	assembly_modulo_2000_contract	394		394	00000828	00023522	00023722	1	0402	ordinary_sample_offset
TALK3.DAT	talk_remainder	assembly_modulo_2000_contract	395		395	0000082C	00023526	00023726	1	0402	ordinary_sample_offset
TALK3.DAT	talk_remainder	assembly_modulo_2000_contract	396		396	00000830	0002352A	0002372A	1	0402	ordinary_sample_offset
TALK3.DAT	talk_remainder	assembly_modulo_2000_contract	397		397	00000834	0002352E	0002372E	1	0402	ordinary_sample_offset
TALK3.DAT	talk_remainder	assembly_modulo_2000_contract	398		398	00000838	00023532	00023732	1	0402	ordinary_sample_offset
TALK3.DAT	talk_remainder	assembly_modulo_2000_contract	399		399	0000083C	00023536	00023736	1	0402	ordinary_sample_offset
TALK3.DAT	talk_remainder	assembly_modulo_2000_contract	400		400	00000840	0002353A	0002373A	1	0402	ordinary_sample_offset
TALK3.DAT	talk_remainder	assembly_modulo_2000_contract	401		401	00000844	0002353E	0002373E	1	0402	ordinary_sample_offset
TALK3.DAT	talk_remainder	assembly_modulo_2000_contract	402		402	00000848	000235B8	000237B8	1	0402	ordinary_sample_offset
TALK3.DAT	talk_remainder	assembly_modulo_2000_contract	403		403	0000084C	00023634	00023834	1	0402	ordinary_sample_offset
TALK3.DAT	talk_remainder	assembly_modulo_2000_contract	404		404	00000850	0002377D	0002397D	1	0402	ordinary_sample_offset
TALK3.DAT	talk_remainder	assembly_modulo_2000_contract	405		405	00000854	00023818	00023A18	1	0402	ordinary_sample_offset
TALK3.DAT	talk_remainder	assembly_modulo_2000_contract	406		406	00000858	000238A7	00023AA7	1	0402	ordinary_sample_offset
TALK3.DAT	talk_remainder	assembly_modulo_2000_contract	407		407	0000085C	00023A39	00023C39	1	0402	ordinary_sample_offset
TALK3.DAT	talk_remainder	assembly_modulo_2000_contract	408		408	00000860	00023AB2	00023CB2	1	0402	ordinary_sample_offset
TALK3.DAT	talk_remainder	assembly_modulo_2000_contract	409		409	00000864	00023AFD	00023CFD	1	0402	ordinary_sample_offset
TALK3.DAT	talk_remainder	assembly_modulo_2000_contract	410		410	00000868	00023B48	00023D48	1	0402	ordinary_sample_offset
TALK3.DAT	talk_remainder	assembly_modulo_2000_contract	411		411	0000086C	00023C15	00023E15	1	0402	ordinary_sample_offset
TALK3.DAT	talk_remainder	assembly_modulo_2000_contract	412		412	00000870	00023C60	00023E60	1	0402	ordinary_sample_offset
TALK3.DAT	talk_remainder	assembly_modulo_2000_contract	413		413	00000874	00023CAB	00023EAB	1	0402	ordinary_sample_offset
TALK3.DAT	talk_remainder	assembly_modulo_2000_contract	414		414	00000878	00023CF6	00023EF6	1	0402	ordinary_sample_offset
TALK3.DAT	talk_remainder	assembly_modulo_2000_contract	415		415	0000087C	00023D41	00023F41	1	0402	ordinary_sample_offset
TALK3.DAT	talk_remainder	assembly_modulo_2000_contract	416		416	00000880	00023D8C	00023F8C	1	0402	ordinary_sample_offset
TALK3.DAT	talk_remainder	assembly_modulo_2000_contract	417		417	00000884	00023DD7	00023FD7	1	0402	ordinary_sample_offset
TALK3.DAT	talk_remainder	assembly_modulo_2000_contract	418		418	00000888	00023E22	00024022	1	0402	ordinary_sample_offset
TALK3.DAT	talk_remainder	assembly_modulo_2000_contract	419		419	0000088C	00023E6D	0002406D	1	0402	ordinary_sample_offset
TALK3.DAT	talk_remainder	assembly_modulo_2000_contract	420		420	00000890	00023ECA	000240CA	1	0402	ordinary_sample_offset
TALK3.DAT	talk_remainder	assembly_modulo_2000_contract	421		421	00000894	00023F28	00024128	1	0402	ordinary_sample_offset
TALK3.DAT	talk_remainder	assembly_modulo_2000_contract	422		422	00000898	00023F65	00024165	1	0402	ordinary_sample_offset
TALK3.DAT	talk_remainder	assembly_modulo_2000_contract	423		423	0000089C	00023FA2	000241A2	1	0402	ordinary_sample_offset
TALK3.DAT	talk_remainder	assembly_modulo_2000_contract	424		424	000008A0	00023FFF	000241FF	1	0402	ordinary_sample_offset
TALK3.DAT	talk_remainder	assembly_modulo_2000_contract	425		425	000008A4	0002405C	0002425C	1	0402	ordinary_sample_offset
TALK3.DAT	talk_remainder	assembly_modulo_2000_contract	426		426	000008A8	000240B9	000242B9	1	0402	ordinary_sample_offset
TALK3.DAT	talk_remainder	assembly_modulo_2000_contract	427		427	000008AC	00024108	00024308	1	0402	ordinary_sample_offset
TALK3.DAT	talk_remainder	assembly_modulo_2000_contract	428		428	000008B0	00024165	00024365	1	0402	ordinary_sample_offset
TALK3.DAT	talk_remainder	assembly_modulo_2000_contract	429		429	000008B4	000241C2	000243C2	1	0402	ordinary_sample_offset
TALK3.DAT	talk_remainder	assembly_modulo_2000_contract	430		430	000008B8	0002421F	0002441F	1	0402	ordinary_sample_offset
TALK3.DAT	talk_remainder	assembly_modulo_2000_contract	431		431	000008BC	0002427C	0002447C	1	0402	ordinary_sample_offset
TALK3.DAT	talk_remainder	assembly_modulo_2000_contract	432		432	000008C0	000245DE	000247DE	1	0402	ordinary_sample_offset
TALK3.DAT	talk_remainder	assembly_modulo_2000_contract	433		433	000008C4	0002473B	0002493B	1	0402	ordinary_sample_offset
TALK3.DAT	talk_remainder	assembly_modulo_2000_contract	434		434	000008C8	000247B3	000249B3	1	0402	ordinary_sample_offset
TALK3.DAT	talk_remainder	assembly_modulo_2000_contract	435		435	000008CC	00024835	00024A35	1	0402	ordinary_sample_offset
TALK3.DAT	talk_remainder	assembly_modulo_2000_contract	436		436	000008D0	00024872	00024A72	1	0402	ordinary_sample_offset
TALK3.DAT	talk_remainder	assembly_modulo_2000_contract	437		437	000008D4	000248C1	00024AC1	1	0402	ordinary_sample_offset
TALK3.DAT	talk_remainder	assembly_modulo_2000_contract	438		438	000008D8	00024910	00024B10	1	0402	ordinary_sample_offset
TALK3.DAT	talk_remainder	assembly_modulo_2000_contract	439		439	000008DC	0002494E	00024B4E	1	0402	ordinary_sample_offset
TALK3.DAT	talk_remainder	assembly_modulo_2000_contract	440		440	000008E0	0002499D	00024B9D	1	0402	ordinary_sample_offset
TALK3.DAT	talk_remainder	assembly_modulo_2000_contract	441		441	000008E4	000249EC	00024BEC	1	0402	ordinary_sample_offset
TALK3.DAT	talk_remainder	assembly_modulo_2000_contract	442		442	000008E8	00024A29	00024C29	1	0402	ordinary_sample_offset
TALK3.DAT	talk_remainder	assembly_modulo_2000_contract	443		443	000008EC	00024A78	00024C78	1	0402	ordinary_sample_offset
TALK3.DAT	talk_remainder	assembly_modulo_2000_contract	444		444	000008F0	00024AC7	00024CC7	1	0402	ordinary_sample_offset
TALK3.DAT	talk_remainder	assembly_modulo_2000_contract	445		445	000008F4	00024B04	00024D04	1	0402	ordinary_sample_offset
TALK3.DAT	talk_remainder	assembly_modulo_2000_contract	446		446	000008F8	00024B61	00024D61	1	0402	ordinary_sample_offset
TALK3.DAT	talk_remainder	assembly_modulo_2000_contract	447		447	000008FC	00024BB0	00024DB0	1	0402	ordinary_sample_offset
TALK3.DAT	talk_remainder	assembly_modulo_2000_contract	448		448	00000900	00024BFF	00024DFF	1	0402	ordinary_sample_offset
TALK3.DAT	talk_remainder	assembly_modulo_2000_contract	449		449	00000904	00024C3C	00024E3C	1	0402	ordinary_sample_offset
TALK3.DAT	talk_remainder	assembly_modulo_2000_contract	450		450	00000908	00024C99	00024E99	1	0402	ordinary_sample_offset
TALK3.DAT	talk_remainder	assembly_modulo_2000_contract	451		451	0000090C	00024CF6	00024EF6	1	0402	ordinary_sample_offset
TALK3.DAT	talk_remainder	assembly_modulo_2000_contract	452		452	00000910	00024D33	00024F33	1	0402	ordinary_sample_offset
TALK3.DAT	talk_remainder	assembly_modulo_2000_contract	453		453	00000914	00024D90	00024F90	1	0402	ordinary_sample_offset
TALK3.DAT	talk_remainder	assembly_modulo_2000_contract	454		454	00000918	00024EE7	000250E7	1	0402	ordinary_sample_offset
TALK3.DAT	talk_remainder	assembly_modulo_2000_contract	455		455	0000091C	00024F55	00025155	1	0402	ordinary_sample_offset
TALK3.DAT	talk_remainder	assembly_modulo_2000_contract	456		456	00000920	0002507D	0002527D	1	0402	ordinary_sample_offset
TALK3.DAT	talk_remainder	assembly_modulo_2000_contract	457		457	00000924	000250BA	000252BA	1	0402	ordinary_sample_offset
TALK3.DAT	talk_remainder	assembly_modulo_2000_contract	458		458	00000928	000250F7	000252F7	1	0402	ordinary_sample_offset
TALK3.DAT	talk_remainder	assembly_modulo_2000_contract	459		459	0000092C	00025134	00025334	1	0402	ordinary_sample_offset
TALK3.DAT	talk_remainder	assembly_modulo_2000_contract	460		460	00000930	00025171	00025371	1	0402	ordinary_sample_offset
TALK3.DAT	talk_remainder	assembly_modulo_2000_contract	461		461	00000934	000251AE	000253AE	1	0402	ordinary_sample_offset
TALK3.DAT	talk_remainder	assembly_modulo_2000_contract	462		462	00000938	000251FD	000253FD	1	0402	ordinary_sample_offset
TALK3.DAT	talk_remainder	assembly_modulo_2000_contract	463		463	0000093C	0002524C	0002544C	1	0402	ordinary_sample_offset
TALK3.DAT	talk_remainder	assembly_modulo_2000_contract	464		464	00000940	0002529B	0002549B	1	0402	ordinary_sample_offset
TALK3.DAT	talk_remainder	assembly_modulo_2000_contract	465		465	00000944	000252EA	000254EA	1	0402	ordinary_sample_offset
TALK3.DAT	talk_remainder	assembly_modulo_2000_contract	466		466	00000948	00025339	00025539	1	0402	ordinary_sample_offset
TALK3.DAT	talk_remainder	assembly_modulo_2000_contract	467		467	0000094C	00025388	00025588	1	0402	ordinary_sample_offset
TALK3.DAT	talk_remainder	assembly_modulo_2000_contract	468		468	00000950	000253C5	000255C5	1	0402	ordinary_sample_offset
TALK3.DAT	talk_remainder	assembly_modulo_2000_contract	469		469	00000954	00025414	00025614	1	0402	ordinary_sample_offset
TALK3.DAT	talk_remainder	assembly_modulo_2000_contract	470		470	00000958	00025463	00025663	1	0402	ordinary_sample_offset
TALK3.DAT	talk_remainder	assembly_modulo_2000_contract	471		471	0000095C	000254B2	000256B2	1	0402	ordinary_sample_offset
TALK3.DAT	talk_remainder	assembly_modulo_2000_contract	472		472	00000960	00025501	00025701	1	0402	ordinary_sample_offset
TALK3.DAT	talk_remainder	assembly_modulo_2000_contract	473		473	00000964	0002553E	0002573E	1	0402	ordinary_sample_offset
TALK3.DAT	talk_remainder	assembly_modulo_2000_contract	474		474	00000968	0002558D	0002578D	1	0402	ordinary_sample_offset
TALK3.DAT	talk_remainder	assembly_modulo_2000_contract	475		475	0000096C	000255CA	000257CA	1	0402	ordinary_sample_offset
TALK3.DAT	talk_remainder	assembly_modulo_2000_contract	476		476	00000970	00025607	00025807	1	0402	ordinary_sample_offset
TALK3.DAT	talk_remainder	assembly_modulo_2000_contract	477		477	00000974	00025644	00025844	1	0402	ordinary_sample_offset
TALK3.DAT	talk_remainder	assembly_modulo_2000_contract	478		478	00000978	00025681	00025881	1	0402	ordinary_sample_offset
TALK3.DAT	talk_remainder	assembly_modulo_2000_contract	479		479	0000097C	000256D0	000258D0	1	0402	ordinary_sample_offset
TALK3.DAT	talk_remainder	assembly_modulo_2000_contract	480		480	00000980	0002570D	0002590D	1	0402	ordinary_sample_offset
TALK3.DAT	talk_remainder	assembly_modulo_2000_contract	481		481	00000984	0002575C	0002595C	1	0402	ordinary_sample_offset
TALK3.DAT	talk_remainder	assembly_modulo_2000_contract	482		482	00000988	00025799	00025999	1	0402	ordinary_sample_offset
TALK3.DAT	talk_remainder	assembly_modulo_2000_contract	483		483	0000098C	000257D6	000259D6	1	0402	ordinary_sample_offset
TALK3.DAT	talk_remainder	assembly_modulo_2000_contract	484		484	00000990	00025813	00025A13	1	0402	ordinary_sample_offset
TALK3.DAT	talk_remainder	assembly_modulo_2000_contract	485		485	00000994	00025850	00025A50	1	0402	ordinary_sample_offset
TALK3.DAT	talk_remainder	assembly_modulo_2000_contract	486		486	00000998	0002588D	00025A8D	1	0402	ordinary_sample_offset
TALK3.DAT	talk_remainder	assembly_modulo_2000_contract	487		487	0000099C	000258DC	00025ADC	1	0402	ordinary_sample_offset
TALK3.DAT	talk_remainder	assembly_modulo_2000_contract	488		488	000009A0	0002592B	00025B2B	1	0402	ordinary_sample_offset
TALK3.DAT	talk_remainder	assembly_modulo_2000_contract	489		489	000009A4	0002597A	00025B7A	1	0402	ordinary_sample_offset
TALK3.DAT	talk_remainder	assembly_modulo_2000_contract	490		490	000009A8	000259C9	00025BC9	1	0402	ordinary_sample_offset
TALK3.DAT	talk_remainder	assembly_modulo_2000_contract	491		491	000009AC	00025A18	00025C18	1	0402	ordinary_sample_offset
TALK3.DAT	talk_remainder	assembly_modulo_2000_contract	492		492	000009B0	00025A67	00025C67	1	0402	ordinary_sample_offset
TALK3.DAT	talk_remainder	assembly_modulo_2000_contract	493		493	000009B4	00025AB6	00025CB6	1	0402	ordinary_sample_offset
TALK3.DAT	talk_remainder	assembly_modulo_2000_contract	494		494	000009B8	00025B05	00025D05	1	0402	ordinary_sample_offset
TALK3.DAT	talk_remainder	assembly_modulo_2000_contract	495		495	000009BC	00025B54	00025D54	1	0402	ordinary_sample_offset
TALK3.DAT	talk_remainder	assembly_modulo_2000_contract	496		496	000009C0	00025BA4	00025DA4	1	0402	ordinary_sample_offset
TALK3.DAT	talk_remainder	assembly_modulo_2000_contract	497		497	000009C4	00025BF3	00025DF3	1	0402	ordinary_sample_offset
TALK3.DAT	talk_remainder	assembly_modulo_2000_contract	498		498	000009C8	00025C42	00025E42	1	0402	ordinary_sample_offset
TALK3.DAT	talk_remainder	assembly_modulo_2000_contract	499		499	000009CC	00025C91	00025E91	1	0402	ordinary_sample_offset
TALK3.DAT	talk_remainder	assembly_modulo_2000_contract	500		500	000009D0	00025CCE	00025ECE	1	0402	ordinary_sample_offset
TALK3.DAT	talk_remainder	assembly_modulo_2000_contract	501		501	000009D4	00025D0B	00025F0B	1	0402	ordinary_sample_offset
TALK3.DAT	talk_remainder	assembly_modulo_2000_contract	502		502	000009D8	00025D5A	00025F5A	1	0402	ordinary_sample_offset
TALK3.DAT	talk_remainder	assembly_modulo_2000_contract	503		503	000009DC	00025DAA	00025FAA	1	0402	ordinary_sample_offset
TALK3.DAT	talk_remainder	assembly_modulo_2000_contract	504		504	000009E0	00025DE7	00025FE7	1	0402	ordinary_sample_offset
TALK3.DAT	talk_remainder	assembly_modulo_2000_contract	505		505	000009E4	00025E25	00026025	1	0402	ordinary_sample_offset
TALK3.DAT	talk_remainder	assembly_modulo_2000_contract	506		506	000009E8	00025E62	00026062	1	0402	ordinary_sample_offset
TALK3.DAT	talk_remainder	assembly_modulo_2000_contract	507		507	000009EC	00025EB1	000260B1	1	0402	ordinary_sample_offset
TALK3.DAT	talk_remainder	assembly_modulo_2000_contract	508		508	000009F0	00025EEE	000260EE	1	0402	ordinary_sample_offset
TALK3.DAT	talk_remainder	assembly_modulo_2000_contract	509		509	000009F4	00025F3E	0002613E	1	0402	ordinary_sample_offset
TALK3.DAT	talk_remainder	assembly_modulo_2000_contract	510		510	000009F8	00025F8E	0002618E	1	0402	ordinary_sample_offset
TALK3.DAT	talk_remainder	assembly_modulo_2000_contract	511		511	000009FC	00025FCB	000261CB	1	0402	ordinary_sample_offset
TALK3.DAT	talk_remainder	assembly_modulo_2000_contract	512		512	00000A00	0002601A	0002621A	1	0402	ordinary_sample_offset
TALK3.DAT	talk_remainder	assembly_modulo_2000_contract	513		513	00000A04	00026069	00026269	1	007E	ordinary_sample_offset
TALK3.DAT	talk_remainder	assembly_modulo_2000_contract	514		514	00000A08	00026263	00026463	1	0402	ordinary_sample_offset
TALK3.DAT	talk_remainder	assembly_modulo_2000_contract	515		515	00000A0C	000262B2	000264B2	1	0402	ordinary_sample_offset
TALK3.DAT	talk_remainder	assembly_modulo_2000_contract	516		516	00000A10	00026301	00026501	1	0402	ordinary_sample_offset
TALK3.DAT	talk_remainder	assembly_modulo_2000_contract	517		517	00000A14	0002633E	0002653E	1	0402	ordinary_sample_offset
TALK3.DAT	talk_remainder	assembly_modulo_2000_contract	518		518	00000A18	0002637C	0002657C	1	0402	ordinary_sample_offset
TALK3.DAT	talk_remainder	assembly_modulo_2000_contract	519		519	00000A1C	000263B9	000265B9	1	0402	ordinary_sample_offset
TALK3.DAT	talk_remainder	assembly_modulo_2000_contract	520		520	00000A20	000263BD	000265BD	1	0402	ordinary_sample_offset
TALK3.DAT	talk_remainder	assembly_modulo_2000_contract	521		521	00000A24	000263C1	000265C1	1	0402	ordinary_sample_offset
TALK3.DAT	talk_remainder	assembly_modulo_2000_contract	522		522	00000A28	000263C5	000265C5	1	0402	ordinary_sample_offset
TALK3.DAT	talk_remainder	assembly_modulo_2000_contract	523		523	00000A2C	000263C9	000265C9	1	0402	ordinary_sample_offset
TALK3.DAT	talk_remainder	assembly_modulo_2000_contract	524		524	00000A30	000263CD	000265CD	1	0402	ordinary_sample_offset
TALK3.DAT	talk_remainder	assembly_modulo_2000_contract	525		525	00000A34	000263D1	000265D1	1	0402	ordinary_sample_offset
TALK3.DAT	talk_remainder	assembly_modulo_2000_contract	526		526	00000A38	000263D5	000265D5	1	0402	ordinary_sample_offset
TALK3.DAT	talk_remainder	assembly_modulo_2000_contract	527		527	00000A3C	000263D9	000265D9	1	0402	ordinary_sample_offset
TALK3.DAT	talk_remainder	assembly_modulo_2000_contract	528		528	00000A40	000263DD	000265DD	1	0402	ordinary_sample_offset
TALK3.DAT	talk_remainder	assembly_modulo_2000_contract	529		529	00000A44	000263E1	000265E1	1	0402	ordinary_sample_offset
TALK3.DAT	talk_remainder	assembly_modulo_2000_contract	530		530	00000A48	000263E5	000265E5	1	0402	ordinary_sample_offset
TALK3.DAT	talk_remainder	assembly_modulo_2000_contract	531		531	00000A4C	000263E9	000265E9	1	0402	ordinary_sample_offset
TALK3.DAT	talk_remainder	assembly_modulo_2000_contract	532		532	00000A50	000263ED	000265ED	1	0402	ordinary_sample_offset
TALK3.DAT	talk_remainder	assembly_modulo_2000_contract	533		533	00000A54	000263F1	000265F1	1	0402	ordinary_sample_offset
TALK3.DAT	talk_remainder	assembly_modulo_2000_contract	534		534	00000A58	000263F5	000265F5	1	0402	ordinary_sample_offset
TALK3.DAT	talk_remainder	assembly_modulo_2000_contract	535		535	00000A5C	000263F9	000265F9	1	0402	ordinary_sample_offset
TALK3.DAT	talk_remainder	assembly_modulo_2000_contract	536		536	00000A60	000263FD	000265FD	1	0402	ordinary_sample_offset
TALK3.DAT	talk_remainder	assembly_modulo_2000_contract	537		537	00000A64	00026401	00026601	1	0402	ordinary_sample_offset
TALK3.DAT	talk_remainder	assembly_modulo_2000_contract	538		538	00000A68	00026405	00026605	1	0402	ordinary_sample_offset
TALK3.DAT	talk_remainder	assembly_modulo_2000_contract	539		539	00000A6C	00026409	00026609	1	0402	ordinary_sample_offset
TALK3.DAT	talk_remainder	assembly_modulo_2000_contract	540		540	00000A70	0002640D	0002660D	1	0402	ordinary_sample_offset
TALK3.DAT	talk_remainder	assembly_modulo_2000_contract	541		541	00000A74	00026411	00026611	1	0402	ordinary_sample_offset
TALK3.DAT	talk_remainder	assembly_modulo_2000_contract	542		542	00000A78	00026415	00026615	1	0402	ordinary_sample_offset
TALK3.DAT	talk_remainder	assembly_modulo_2000_contract	543		543	00000A7C	00026419	00026619	1	0402	ordinary_sample_offset
TALK3.DAT	talk_remainder	assembly_modulo_2000_contract	544		544	00000A80	0002641D	0002661D	1	0402	ordinary_sample_offset
TALK3.DAT	talk_remainder	assembly_modulo_2000_contract	545		545	00000A84	00026421	00026621	1	0402	ordinary_sample_offset
TALK3.DAT	talk_remainder	assembly_modulo_2000_contract	546		546	00000A88	00026425	00026625	1	0402	ordinary_sample_offset
TALK3.DAT	talk_remainder	assembly_modulo_2000_contract	547		547	00000A8C	00026429	00026629	1	0402	ordinary_sample_offset
TALK3.DAT	talk_remainder	assembly_modulo_2000_contract	548		548	00000A90	0002642D	0002662D	1	0402	ordinary_sample_offset
TALK3.DAT	talk_remainder	assembly_modulo_2000_contract	549		549	00000A94	00026431	00026631	1	0402	ordinary_sample_offset
TALK3.DAT	talk_remainder	assembly_modulo_2000_contract	550		550	00000A98	00026435	00026635	1	0402	ordinary_sample_offset
TALK3.DAT	talk_remainder	assembly_modulo_2000_contract	551		551	00000A9C	00026439	00026639	1	0402	ordinary_sample_offset
TALK3.DAT	talk_remainder	assembly_modulo_2000_contract	552		552	00000AA0	0002643D	0002663D	1	0402	ordinary_sample_offset
TALK3.DAT	talk_remainder	assembly_modulo_2000_contract	553		553	00000AA4	00026441	00026641	1	0402	ordinary_sample_offset
TALK3.DAT	talk_remainder	assembly_modulo_2000_contract	554		554	00000AA8	00026445	00026645	1	0402	ordinary_sample_offset
TALK3.DAT	talk_remainder	assembly_modulo_2000_contract	555		555	00000AAC	00026449	00026649	1	0402	ordinary_sample_offset
TALK3.DAT	talk_remainder	assembly_modulo_2000_contract	556		556	00000AB0	0002644D	0002664D	1	0402	ordinary_sample_offset
TALK3.DAT	talk_remainder	assembly_modulo_2000_contract	557		557	00000AB4	00026451	00026651	1	0402	ordinary_sample_offset
TALK3.DAT	talk_remainder	assembly_modulo_2000_contract	558		558	00000AB8	00026455	00026655	1	0402	ordinary_sample_offset
TALK3.DAT	talk_remainder	assembly_modulo_2000_contract	559		559	00000ABC	00026459	00026659	1	0402	ordinary_sample_offset
TALK3.DAT	talk_remainder	assembly_modulo_2000_contract	560		560	00000AC0	0002645D	0002665D	1	0402	ordinary_sample_offset
TALK3.DAT	talk_remainder	assembly_modulo_2000_contract	561		561	00000AC4	00026461	00026661	1	0402	ordinary_sample_offset
TALK3.DAT	talk_remainder	assembly_modulo_2000_contract	562		562	00000AC8	00026465	00026665	1	0402	ordinary_sample_offset
TALK3.DAT	talk_remainder	assembly_modulo_2000_contract	563		563	00000ACC	00026469	00026669	1	0402	ordinary_sample_offset
TALK3.DAT	talk_remainder	assembly_modulo_2000_contract	564		564	00000AD0	0002646D	0002666D	1	0402	ordinary_sample_offset
TALK3.DAT	talk_remainder	assembly_modulo_2000_contract	565		565	00000AD4	00026471	00026671	1	0402	ordinary_sample_offset
TALK3.DAT	talk_remainder	assembly_modulo_2000_contract	566		566	00000AD8	00026475	00026675	1	0402	ordinary_sample_offset
TALK3.DAT	talk_remainder	assembly_modulo_2000_contract	567		567	00000ADC	00026479	00026679	1	0402	ordinary_sample_offset
TALK3.DAT	talk_remainder	assembly_modulo_2000_contract	568		568	00000AE0	0002647D	0002667D	1	0402	ordinary_sample_offset
TALK3.DAT	talk_remainder	assembly_modulo_2000_contract	569		569	00000AE4	00026481	00026681	1	0402	ordinary_sample_offset
TALK3.DAT	talk_remainder	assembly_modulo_2000_contract	570		570	00000AE8	00026485	00026685	1	0402	ordinary_sample_offset
TALK3.DAT	talk_remainder	assembly_modulo_2000_contract	571		571	00000AEC	00026489	00026689	1	0402	ordinary_sample_offset
TALK3.DAT	talk_remainder	assembly_modulo_2000_contract	572		572	00000AF0	0002648D	0002668D	1	0402	ordinary_sample_offset
TALK3.DAT	talk_remainder	assembly_modulo_2000_contract	573		573	00000AF4	00026491	00026691	1	0402	ordinary_sample_offset
TALK3.DAT	talk_remainder	assembly_modulo_2000_contract	574		574	00000AF8	00026495	00026695	1	0402	ordinary_sample_offset
TALK3.DAT	talk_remainder	assembly_modulo_2000_contract	575		575	00000AFC	00026499	00026699	1	0402	ordinary_sample_offset
TALK3.DAT	talk_remainder	assembly_modulo_2000_contract	576		576	00000B00	0002649D	0002669D	1	0402	ordinary_sample_offset
TALK3.DAT	talk_remainder	assembly_modulo_2000_contract	577		577	00000B04	000264A1	000266A1	1	0402	ordinary_sample_offset
TALK3.DAT	talk_remainder	assembly_modulo_2000_contract	578		578	00000B08	000264A5	000266A5	1	0402	ordinary_sample_offset
TALK3.DAT	talk_remainder	assembly_modulo_2000_contract	579		579	00000B0C	000264A9	000266A9	1	0402	ordinary_sample_offset
TALK3.DAT	talk_remainder	assembly_modulo_2000_contract	580		580	00000B10	000264AD	000266AD	1	0402	ordinary_sample_offset
TALK3.DAT	talk_remainder	assembly_modulo_2000_contract	581		581	00000B14	000264B1	000266B1	1	0402	ordinary_sample_offset
TALK3.DAT	talk_remainder	assembly_modulo_2000_contract	582		582	00000B18	000264B5	000266B5	1	0402	ordinary_sample_offset
TALK3.DAT	talk_remainder	assembly_modulo_2000_contract	583		583	00000B1C	000264B9	000266B9	1	0402	ordinary_sample_offset
TALK3.DAT	talk_remainder	assembly_modulo_2000_contract	584		584	00000B20	000264BD	000266BD	1	0402	ordinary_sample_offset
TALK3.DAT	talk_remainder	assembly_modulo_2000_contract	585		585	00000B24	000264C1	000266C1	1	0402	ordinary_sample_offset
TALK3.DAT	talk_remainder	assembly_modulo_2000_contract	586		586	00000B28	000264C5	000266C5	1	0402	ordinary_sample_offset
TALK3.DAT	talk_remainder	assembly_modulo_2000_contract	587		587	00000B2C	000264C9	000266C9	1	0402	ordinary_sample_offset
TALK3.DAT	talk_remainder	assembly_modulo_2000_contract	588		588	00000B30	000264CD	000266CD	1	0402	ordinary_sample_offset
TALK3.DAT	talk_remainder	assembly_modulo_2000_contract	589		589	00000B34	000264D1	000266D1	1	0402	ordinary_sample_offset
TALK3.DAT	talk_remainder	assembly_modulo_2000_contract	590		590	00000B38	000264D5	000266D5	1	0402	ordinary_sample_offset
TALK3.DAT	talk_remainder	assembly_modulo_2000_contract	591		591	00000B3C	000264D9	000266D9	1	0402	ordinary_sample_offset
TALK3.DAT	talk_remainder	assembly_modulo_2000_contract	592		592	00000B40	000264DD	000266DD	1	0402	ordinary_sample_offset
TALK3.DAT	talk_remainder	assembly_modulo_2000_contract	593		593	00000B44	000264E1	000266E1	1	0402	ordinary_sample_offset
TALK3.DAT	talk_remainder	assembly_modulo_2000_contract	594		594	00000B48	000264E5	000266E5	1	0402	ordinary_sample_offset
TALK3.DAT	talk_remainder	assembly_modulo_2000_contract	595		595	00000B4C	000264E9	000266E9	1	0402	ordinary_sample_offset
TALK3.DAT	talk_remainder	assembly_modulo_2000_contract	596		596	00000B50	000264ED	000266ED	1	0402	ordinary_sample_offset
TALK3.DAT	talk_remainder	assembly_modulo_2000_contract	597		597	00000B54	000264F1	000266F1	1	0402	ordinary_sample_offset
TALK3.DAT	talk_remainder	assembly_modulo_2000_contract	598		598	00000B58	000264F5	000266F5	1	0402	ordinary_sample_offset
TALK3.DAT	talk_remainder	assembly_modulo_2000_contract	599		599	00000B5C	000264F9	000266F9	1	0402	ordinary_sample_offset
TALK3.DAT	talk_remainder	assembly_modulo_2000_contract	600		600	00000B60	000264FD	000266FD	1	0402	ordinary_sample_offset
TALK3.DAT	talk_remainder	assembly_modulo_2000_contract	601		601	00000B64	00026501	00026701	1	0402	ordinary_sample_offset
TALK3.DAT	talk_remainder	assembly_modulo_2000_contract	602		602	00000B68	00026535	00026735	1	0402	ordinary_sample_offset
TALK3.DAT	talk_remainder	assembly_modulo_2000_contract	603		603	00000B6C	00026569	00026769	1	0402	ordinary_sample_offset
TALK3.DAT	talk_remainder	assembly_modulo_2000_contract	604		604	00000B70	0002659D	0002679D	1	0402	ordinary_sample_offset
TALK3.DAT	talk_remainder	assembly_modulo_2000_contract	605		605	00000B74	000265D1	000267D1	1	0402	ordinary_sample_offset
TALK3.DAT	talk_remainder	assembly_modulo_2000_contract	606		606	00000B78	00026605	00026805	1	0402	ordinary_sample_offset
TALK3.DAT	talk_remainder	assembly_modulo_2000_contract	607		607	00000B7C	00026639	00026839	1	0402	ordinary_sample_offset
TALK3.DAT	talk_remainder	assembly_modulo_2000_contract	608		608	00000B80	00026731	00026931	1	0402	ordinary_sample_offset
TALK3.DAT	talk_remainder	assembly_modulo_2000_contract	609		609	00000B84	00026AF4	00026CF4	1	0402	ordinary_sample_offset
TALK3.DAT	talk_remainder	assembly_modulo_2000_contract	610		610	00000B88	00026D0A	00026F0A	1	0402	ordinary_sample_offset
TALK3.DAT	talk_remainder	assembly_modulo_2000_contract	611		611	00000B8C	00026F0D	0002710D	1	0402	ordinary_sample_offset
TALK3.DAT	talk_remainder	assembly_modulo_2000_contract	612		612	00000B90	00026F3D	0002713D	1	0402	ordinary_sample_offset
TALK3.DAT	talk_remainder	assembly_modulo_2000_contract	613		613	00000B94	0002704B	0002724B	1	0402	ordinary_sample_offset
TALK3.DAT	talk_remainder	assembly_modulo_2000_contract	614		614	00000B98	0002714B	0002734B	1	0402	ordinary_sample_offset
TALK3.DAT	talk_remainder	assembly_modulo_2000_contract	615		615	00000B9C	00027197	00027397	1	0402	ordinary_sample_offset
TALK3.DAT	talk_remainder	assembly_modulo_2000_contract	616		616	00000BA0	0002721F	0002741F	1	0402	ordinary_sample_offset
TALK3.DAT	talk_remainder	assembly_modulo_2000_contract	617		617	00000BA4	00027223	00027423	1	0402	ordinary_sample_offset
TALK3.DAT	talk_remainder	assembly_modulo_2000_contract	618		618	00000BA8	00027227	00027427	1	0402	ordinary_sample_offset
TALK3.DAT	talk_remainder	assembly_modulo_2000_contract	619		619	00000BAC	0002722B	0002742B	1	0402	ordinary_sample_offset
TALK3.DAT	talk_remainder	assembly_modulo_2000_contract	620		620	00000BB0	0002722F	0002742F	1	0402	ordinary_sample_offset
TALK3.DAT	talk_remainder	assembly_modulo_2000_contract	621		621	00000BB4	0002728B	0002748B	1	0402	ordinary_sample_offset
TALK3.DAT	talk_remainder	assembly_modulo_2000_contract	622		622	00000BB8	0002727D	0002747D	1	0402	ordinary_sample_offset
TALK3.DAT	talk_remainder	assembly_modulo_2000_contract	623		623	00000BBC	000278AB	00027AAB	1	0402	ordinary_sample_offset
TALK3.DAT	talk_remainder	assembly_modulo_2000_contract	624		624	00000BC0	000278AF	00027AAF	1	0402	ordinary_sample_offset
TALK3.DAT	talk_remainder	assembly_modulo_2000_contract	625		625	00000BC4	00027A55	00027C55	1	0402	ordinary_sample_offset
TALK3.DAT	talk_remainder	assembly_modulo_2000_contract	626		626	00000BC8	00027AE1	00027CE1	1	0402	ordinary_sample_offset
TALK3.DAT	talk_remainder	assembly_modulo_2000_contract	627		627	00000BCC	00027B67	00027D67	1	0402	ordinary_sample_offset
TALK3.DAT	talk_remainder	assembly_modulo_2000_contract	628		628	00000BD0	00027C0F	00027E0F	1	0402	ordinary_sample_offset
TALK3.DAT	talk_remainder	assembly_modulo_2000_contract	629		629	00000BD4	00027C84	00027E84	1	0402	ordinary_sample_offset
TALK3.DAT	talk_remainder	assembly_modulo_2000_contract	630		630	00000BD8	00027D1B	00027F1B	1	0402	ordinary_sample_offset
TALK3.DAT	talk_remainder	assembly_modulo_2000_contract	631		631	00000BDC	00027D9F	00027F9F	1	0402	ordinary_sample_offset
TALK3.DAT	talk_remainder	assembly_modulo_2000_contract	632		632	00000BE0	00027E47	00028047	1	0402	ordinary_sample_offset
TALK3.DAT	talk_remainder	assembly_modulo_2000_contract	633		633	00000BE4	00027EE9	000280E9	1	0402	ordinary_sample_offset
TALK3.DAT	talk_remainder	assembly_modulo_2000_contract	634		634	00000BE8	00027F4C	0002814C	1	0402	ordinary_sample_offset
TALK3.DAT	talk_remainder	assembly_modulo_2000_contract	635		635	00000BEC	00027FE4	000281E4	1	0402	ordinary_sample_offset
TALK3.DAT	talk_remainder	assembly_modulo_2000_contract	636		636	00000BF0	00028060	00028260	1	0402	ordinary_sample_offset
TALK3.DAT	talk_remainder	assembly_modulo_2000_contract	637		637	00000BF4	000280E6	000282E6	1	0402	ordinary_sample_offset
TALK3.DAT	talk_remainder	assembly_modulo_2000_contract	638		638	00000BF8	00028176	00028376	1	0402	ordinary_sample_offset
TALK3.DAT	talk_remainder	assembly_modulo_2000_contract	639		639	00000BFC	0002822E	0002842E	1	0402	ordinary_sample_offset
TALK3.DAT	talk_remainder	assembly_modulo_2000_contract	640		640	00000C00	000282AA	000284AA	1	0402	ordinary_sample_offset
TALK3.DAT	talk_remainder	assembly_modulo_2000_contract	641		641	00000C04	00028332	00028532	1	0402	ordinary_sample_offset
TALK3.DAT	talk_remainder	assembly_modulo_2000_contract	642		642	00000C08	000283EA	000285EA	1	0402	ordinary_sample_offset
TALK3.DAT	talk_remainder	assembly_modulo_2000_contract	643		643	00000C0C	00028482	00028682	1	0402	ordinary_sample_offset
TALK3.DAT	talk_remainder	assembly_modulo_2000_contract	644		644	00000C10	00028486	00028686	1	0402	ordinary_sample_offset
TALK3.DAT	talk_remainder	assembly_modulo_2000_contract	645		645	00000C14	0002848A	0002868A	1	0402	ordinary_sample_offset
TALK3.DAT	talk_remainder	assembly_modulo_2000_contract	646		646	00000C18	0002848E	0002868E	1	0402	ordinary_sample_offset
TALK3.DAT	talk_remainder	assembly_modulo_2000_contract	647		647	00000C1C	00028492	00028692	1	0402	ordinary_sample_offset
TALK3.DAT	talk_remainder	assembly_modulo_2000_contract	648		648	00000C20	00028496	00028696	1	0402	ordinary_sample_offset
TALK3.DAT	talk_remainder	assembly_modulo_2000_contract	649		649	00000C24	0002849A	0002869A	1	0402	ordinary_sample_offset
TALK3.DAT	talk_remainder	assembly_modulo_2000_contract	650		650	00000C28	0002849E	0002869E	1	0402	ordinary_sample_offset
TALK3.DAT	talk_remainder	assembly_modulo_2000_contract	651		651	00000C2C	000284A2	000286A2	1	0402	ordinary_sample_offset
TALK3.DAT	talk_remainder	assembly_modulo_2000_contract	652		652	00000C30	000284A6	000286A6	1	0402	ordinary_sample_offset
TALK3.DAT	talk_remainder	assembly_modulo_2000_contract	653		653	00000C34	000284AA	000286AA	1	0402	ordinary_sample_offset
TALK3.DAT	talk_remainder	assembly_modulo_2000_contract	654		654	00000C38	000284AE	000286AE	1	0402	ordinary_sample_offset
TALK3.DAT	talk_remainder	assembly_modulo_2000_contract	655		655	00000C3C	000284B2	000286B2	1	0402	ordinary_sample_offset
TALK3.DAT	talk_remainder	assembly_modulo_2000_contract	656		656	00000C40	000284B6	000286B6	1	0402	ordinary_sample_offset
TALK3.DAT	talk_remainder	assembly_modulo_2000_contract	657		657	00000C44	000284BA	000286BA	1	0402	ordinary_sample_offset
TALK3.DAT	talk_remainder	assembly_modulo_2000_contract	658		658	00000C48	000284BE	000286BE	1	0402	ordinary_sample_offset
TALK3.DAT	talk_remainder	assembly_modulo_2000_contract	659		659	00000C4C	000284C2	000286C2	1	0402	ordinary_sample_offset
TALK3.DAT	talk_remainder	assembly_modulo_2000_contract	660		660	00000C50	000284C6	000286C6	1	0402	ordinary_sample_offset
TALK3.DAT	talk_remainder	assembly_modulo_2000_contract	661		661	00000C54	000284CA	000286CA	1	0402	ordinary_sample_offset
TALK3.DAT	talk_remainder	assembly_modulo_2000_contract	662		662	00000C58	000284CE	000286CE	1	0402	ordinary_sample_offset
TALK3.DAT	talk_remainder	assembly_modulo_2000_contract	663		663	00000C5C	000284D2	000286D2	1	0402	ordinary_sample_offset
TALK3.DAT	talk_remainder	assembly_modulo_2000_contract	664		664	00000C60	000284D6	000286D6	1	0402	ordinary_sample_offset
TALK3.DAT	talk_remainder	assembly_modulo_2000_contract	665		665	00000C64	000284DA	000286DA	1	0402	ordinary_sample_offset
TALK3.DAT	talk_remainder	assembly_modulo_2000_contract	666		666	00000C68	000284DE	000286DE	1	0402	ordinary_sample_offset
TALK3.DAT	talk_remainder	assembly_modulo_2000_contract	667		667	00000C6C	000284E2	000286E2	1	0402	ordinary_sample_offset
TALK3.DAT	talk_remainder	assembly_modulo_2000_contract	668		668	00000C70	000284E6	000286E6	1	0402	ordinary_sample_offset
TALK3.DAT	talk_remainder	assembly_modulo_2000_contract	669		669	00000C74	000284EA	000286EA	1	0402	ordinary_sample_offset
TALK3.DAT	talk_remainder	assembly_modulo_2000_contract	670		670	00000C78	000284EE	000286EE	1	0402	ordinary_sample_offset
TALK3.DAT	talk_remainder	assembly_modulo_2000_contract	671		671	00000C7C	000284F2	000286F2	1	0402	ordinary_sample_offset
TALK3.DAT	talk_remainder	assembly_modulo_2000_contract	672		672	00000C80	000284F6	000286F6	1	0402	ordinary_sample_offset
TALK3.DAT	talk_remainder	assembly_modulo_2000_contract	673		673	00000C84	000284FA	000286FA	1	0402	ordinary_sample_offset
TALK3.DAT	talk_remainder	assembly_modulo_2000_contract	674		674	00000C88	000284FE	000286FE	1	0402	ordinary_sample_offset
TALK3.DAT	talk_remainder	assembly_modulo_2000_contract	675		675	00000C8C	00028502	00028702	1	0402	ordinary_sample_offset
TALK3.DAT	talk_remainder	assembly_modulo_2000_contract	676		676	00000C90	00028506	00028706	1	0402	ordinary_sample_offset
TALK3.DAT	talk_remainder	assembly_modulo_2000_contract	677		677	00000C94	0002850A	0002870A	1	0402	ordinary_sample_offset
TALK3.DAT	talk_remainder	assembly_modulo_2000_contract	678		678	00000C98	0002850E	0002870E	1	0402	ordinary_sample_offset
TALK3.DAT	talk_remainder	assembly_modulo_2000_contract	679		679	00000C9C	00028512	00028712	1	0402	ordinary_sample_offset
TALK3.DAT	talk_remainder	assembly_modulo_2000_contract	680		680	00000CA0	00028516	00028716	1	0402	ordinary_sample_offset
TALK3.DAT	talk_remainder	assembly_modulo_2000_contract	681		681	00000CA4	0002851A	0002871A	1	0402	ordinary_sample_offset
TALK3.DAT	talk_remainder	assembly_modulo_2000_contract	682		682	00000CA8	0002851E	0002871E	1	0402	ordinary_sample_offset
TALK3.DAT	talk_remainder	assembly_modulo_2000_contract	683		683	00000CAC	00028522	00028722	1	0402	ordinary_sample_offset
TALK3.DAT	talk_remainder	assembly_modulo_2000_contract	684		684	00000CB0	00028526	00028726	1	0402	ordinary_sample_offset
TALK3.DAT	talk_remainder	assembly_modulo_2000_contract	685		685	00000CB4	0002852A	0002872A	1	0402	ordinary_sample_offset
TALK3.DAT	talk_remainder	assembly_modulo_2000_contract	686		686	00000CB8	0002852E	0002872E	1	0402	ordinary_sample_offset
TALK3.DAT	talk_remainder	assembly_modulo_2000_contract	687		687	00000CBC	00028532	00028732	1	0402	ordinary_sample_offset
TALK3.DAT	talk_remainder	assembly_modulo_2000_contract	688		688	00000CC0	00028536	00028736	1	0402	ordinary_sample_offset
TALK3.DAT	talk_remainder	assembly_modulo_2000_contract	689		689	00000CC4	0002853A	0002873A	1	0402	ordinary_sample_offset
TALK3.DAT	talk_remainder	assembly_modulo_2000_contract	690		690	00000CC8	0002853E	0002873E	1	0402	ordinary_sample_offset
TALK3.DAT	talk_remainder	assembly_modulo_2000_contract	691		691	00000CCC	00028542	00028742	1	0402	ordinary_sample_offset
TALK3.DAT	talk_remainder	assembly_modulo_2000_contract	692		692	00000CD0	00028546	00028746	1	0402	ordinary_sample_offset
TALK3.DAT	talk_remainder	assembly_modulo_2000_contract	693		693	00000CD4	0002854A	0002874A	1	0402	ordinary_sample_offset
TALK3.DAT	talk_remainder	assembly_modulo_2000_contract	694		694	00000CD8	0002854E	0002874E	1	0402	ordinary_sample_offset
TALK3.DAT	talk_remainder	assembly_modulo_2000_contract	695		695	00000CDC	00028552	00028752	1	0402	ordinary_sample_offset
TALK3.DAT	talk_remainder	assembly_modulo_2000_contract	696		696	00000CE0	00028556	00028756	1	0402	ordinary_sample_offset
TALK3.DAT	talk_remainder	assembly_modulo_2000_contract	697		697	00000CE4	0002855A	0002875A	1	0402	ordinary_sample_offset
TALK3.DAT	talk_remainder	assembly_modulo_2000_contract	698		698	00000CE8	0002855E	0002875E	1	0402	ordinary_sample_offset
TALK3.DAT	talk_remainder	assembly_modulo_2000_contract	699		699	00000CEC	00028562	00028762	1	0402	ordinary_sample_offset
TALK3.DAT	talk_remainder	assembly_modulo_2000_contract	700		700	00000CF0	00028566	00028766	1	0402	ordinary_sample_offset
TALK3.DAT	talk_remainder	assembly_modulo_2000_contract	701		701	00000CF4	0002856A	0002876A	1	0402	ordinary_sample_offset
TALK3.DAT	talk_remainder	assembly_modulo_2000_contract	702		702	00000CF8	0002856E	0002876E	1	0402	ordinary_sample_offset
TALK3.DAT	talk_remainder	assembly_modulo_2000_contract	703		703	00000CFC	00028572	00028772	1	0402	ordinary_sample_offset
TALK3.DAT	talk_remainder	assembly_modulo_2000_contract	704		704	00000D00	00028576	00028776	1	0402	ordinary_sample_offset
TALK3.DAT	talk_remainder	assembly_modulo_2000_contract	705		705	00000D04	0002857A	0002877A	1	0402	ordinary_sample_offset
TALK3.DAT	talk_remainder	assembly_modulo_2000_contract	706		706	00000D08	0002857E	0002877E	1	0402	ordinary_sample_offset
TALK3.DAT	talk_remainder	assembly_modulo_2000_contract	707		707	00000D0C	00028582	00028782	1	0402	ordinary_sample_offset
TALK3.DAT	talk_remainder	assembly_modulo_2000_contract	708		708	00000D10	00028586	00028786	1	0402	ordinary_sample_offset
TALK3.DAT	talk_remainder	assembly_modulo_2000_contract	709		709	00000D14	0002858A	0002878A	1	0402	ordinary_sample_offset
TALK3.DAT	talk_remainder	assembly_modulo_2000_contract	710		710	00000D18	0002858E	0002878E	1	0402	ordinary_sample_offset
TALK3.DAT	talk_remainder	assembly_modulo_2000_contract	711		711	00000D1C	00028592	00028792	1	0402	ordinary_sample_offset
TALK3.DAT	talk_remainder	assembly_modulo_2000_contract	712		712	00000D20	00028596	00028796	1	0402	ordinary_sample_offset
TALK3.DAT	talk_remainder	assembly_modulo_2000_contract	713		713	00000D24	0002859A	0002879A	1	0402	ordinary_sample_offset
TALK3.DAT	talk_remainder	assembly_modulo_2000_contract	714		714	00000D28	0002859E	0002879E	1	0402	ordinary_sample_offset
TALK3.DAT	talk_remainder	assembly_modulo_2000_contract	715		715	00000D2C	000285A2	000287A2	1	0402	ordinary_sample_offset
TALK3.DAT	talk_remainder	assembly_modulo_2000_contract	716		716	00000D30	000285A6	000287A6	1	0402	ordinary_sample_offset
TALK3.DAT	talk_remainder	assembly_modulo_2000_contract	717		717	00000D34	000285AA	000287AA	1	0402	ordinary_sample_offset
TALK3.DAT	talk_remainder	assembly_modulo_2000_contract	718		718	00000D38	000285AE	000287AE	1	0402	ordinary_sample_offset
TALK3.DAT	talk_remainder	assembly_modulo_2000_contract	719		719	00000D3C	000285B2	000287B2	1	0402	ordinary_sample_offset
TALK3.DAT	talk_remainder	assembly_modulo_2000_contract	720		720	00000D40	000285B6	000287B6	1	0402	ordinary_sample_offset
TALK3.DAT	talk_remainder	assembly_modulo_2000_contract	721		721	00000D44	000285BA	000287BA	1	0402	ordinary_sample_offset
TALK3.DAT	talk_remainder	assembly_modulo_2000_contract	722		722	00000D48	000285BE	000287BE	1	0402	ordinary_sample_offset
TALK3.DAT	talk_remainder	assembly_modulo_2000_contract	723		723	00000D4C	000285C2	000287C2	1	0402	ordinary_sample_offset
TALK3.DAT	talk_remainder	assembly_modulo_2000_contract	724		724	00000D50	000285C6	000287C6	1	0402	ordinary_sample_offset
TALK3.DAT	talk_remainder	assembly_modulo_2000_contract	725		725	00000D54	000285CA	000287CA	1	0402	ordinary_sample_offset
TALK3.DAT	talk_remainder	assembly_modulo_2000_contract	726		726	00000D58	000285CE	000287CE	1	0402	ordinary_sample_offset
TALK3.DAT	talk_remainder	assembly_modulo_2000_contract	727		727	00000D5C	000285D2	000287D2	1	0402	ordinary_sample_offset
TALK3.DAT	talk_remainder	assembly_modulo_2000_contract	728		728	00000D60	000285D6	000287D6	1	0402	ordinary_sample_offset
TALK3.DAT	talk_remainder	assembly_modulo_2000_contract	729		729	00000D64	000285DA	000287DA	1	0402	ordinary_sample_offset
TALK3.DAT	talk_remainder	assembly_modulo_2000_contract	730		730	00000D68	000285DE	000287DE	1	0402	ordinary_sample_offset
TALK3.DAT	talk_remainder	assembly_modulo_2000_contract	731		731	00000D6C	000285E2	000287E2	1	0402	ordinary_sample_offset
TALK3.DAT	talk_remainder	assembly_modulo_2000_contract	732		732	00000D70	000285E6	000287E6	1	0402	ordinary_sample_offset
TALK3.DAT	talk_remainder	assembly_modulo_2000_contract	733		733	00000D74	000285EA	000287EA	1	0402	ordinary_sample_offset
TALK3.DAT	talk_remainder	assembly_modulo_2000_contract	734		734	00000D78	000285EE	000287EE	1	0402	ordinary_sample_offset
TALK3.DAT	talk_remainder	assembly_modulo_2000_contract	735		735	00000D7C	000285F2	000287F2	1	0402	ordinary_sample_offset
TALK3.DAT	talk_remainder	assembly_modulo_2000_contract	736		736	00000D80	000285F6	000287F6	1	0402	ordinary_sample_offset
TALK3.DAT	talk_remainder	assembly_modulo_2000_contract	737		737	00000D84	000285FA	000287FA	1	0402	ordinary_sample_offset
TALK3.DAT	talk_remainder	assembly_modulo_2000_contract	738		738	00000D88	000285FE	000287FE	1	0402	ordinary_sample_offset
TALK3.DAT	talk_remainder	assembly_modulo_2000_contract	739		739	00000D8C	00028602	00028802	1	0402	ordinary_sample_offset
TALK3.DAT	talk_remainder	assembly_modulo_2000_contract	740		740	00000D90	00028606	00028806	1	0402	ordinary_sample_offset
TALK3.DAT	talk_remainder	assembly_modulo_2000_contract	741		741	00000D94	0002860A	0002880A	1	0402	ordinary_sample_offset
TALK3.DAT	talk_remainder	assembly_modulo_2000_contract	742		742	00000D98	0002860E	0002880E	1	0402	ordinary_sample_offset
TALK3.DAT	talk_remainder	assembly_modulo_2000_contract	743		743	00000D9C	00028612	00028812	1	0402	ordinary_sample_offset
TALK3.DAT	talk_remainder	assembly_modulo_2000_contract	744		744	00000DA0	00028616	00028816	1	0402	ordinary_sample_offset
TALK3.DAT	talk_remainder	assembly_modulo_2000_contract	745		745	00000DA4	0002861A	0002881A	1	0402	ordinary_sample_offset
TALK3.DAT	talk_remainder	assembly_modulo_2000_contract	746		746	00000DA8	0002861E	0002881E	1	0402	ordinary_sample_offset
TALK3.DAT	talk_remainder	assembly_modulo_2000_contract	747		747	00000DAC	00028622	00028822	1	0402	ordinary_sample_offset
TALK3.DAT	talk_remainder	assembly_modulo_2000_contract	748		748	00000DB0	00028626	00028826	1	0402	ordinary_sample_offset
TALK3.DAT	talk_remainder	assembly_modulo_2000_contract	749		749	00000DB4	0002862A	0002882A	1	0402	ordinary_sample_offset
TALK3.DAT	talk_remainder	assembly_modulo_2000_contract	750		750	00000DB8	0002862E	0002882E	1	0402	ordinary_sample_offset
TALK3.DAT	talk_remainder	assembly_modulo_2000_contract	751		751	00000DBC	00028632	00028832	1	0402	ordinary_sample_offset
TALK3.DAT	talk_remainder	assembly_modulo_2000_contract	752		752	00000DC0	00028636	00028836	1	0402	ordinary_sample_offset
TALK3.DAT	talk_remainder	assembly_modulo_2000_contract	753		753	00000DC4	0002863A	0002883A	1	0402	ordinary_sample_offset
TALK3.DAT	talk_remainder	assembly_modulo_2000_contract	754		754	00000DC8	0002863E	0002883E	1	0402	ordinary_sample_offset
TALK3.DAT	talk_remainder	assembly_modulo_2000_contract	755		755	00000DCC	00028642	00028842	1	0402	ordinary_sample_offset
TALK3.DAT	talk_remainder	assembly_modulo_2000_contract	756		756	00000DD0	00028646	00028846	1	0402	ordinary_sample_offset
TALK3.DAT	talk_remainder	assembly_modulo_2000_contract	757		757	00000DD4	0002864A	0002884A	1	0402	ordinary_sample_offset
TALK3.DAT	talk_remainder	assembly_modulo_2000_contract	758		758	00000DD8	0002864E	0002884E	1	0402	ordinary_sample_offset
TALK3.DAT	talk_remainder	assembly_modulo_2000_contract	759		759	00000DDC	00028652	00028852	1	0402	ordinary_sample_offset
TALK3.DAT	talk_remainder	assembly_modulo_2000_contract	760		760	00000DE0	00028656	00028856	1	0402	ordinary_sample_offset
TALK3.DAT	talk_remainder	assembly_modulo_2000_contract	761		761	00000DE4	0002865A	0002885A	1	0402	ordinary_sample_offset
TALK3.DAT	talk_remainder	assembly_modulo_2000_contract	762		762	00000DE8	0002865E	0002885E	1	0402	ordinary_sample_offset
TALK3.DAT	talk_remainder	assembly_modulo_2000_contract	763		763	00000DEC	00028662	00028862	1	0402	ordinary_sample_offset
TALK3.DAT	talk_remainder	assembly_modulo_2000_contract	764		764	00000DF0	00028666	00028866	1	0402	ordinary_sample_offset
TALK3.DAT	talk_remainder	assembly_modulo_2000_contract	765		765	00000DF4	0002866A	0002886A	1	0402	ordinary_sample_offset
TALK3.DAT	talk_remainder	assembly_modulo_2000_contract	766		766	00000DF8	0002866E	0002886E	1	0402	ordinary_sample_offset
TALK3.DAT	talk_remainder	assembly_modulo_2000_contract	767		767	00000DFC	00028672	00028872	1	0402	ordinary_sample_offset
TALK3.DAT	talk_remainder	assembly_modulo_2000_contract	768		768	00000E00	00028676	00028876	1	0402	ordinary_sample_offset
TALK3.DAT	talk_remainder	assembly_modulo_2000_contract	769		769	00000E04	0002867A	0002887A	1	0402	ordinary_sample_offset
TALK3.DAT	talk_remainder	assembly_modulo_2000_contract	770		770	00000E08	0002867E	0002887E	1	0402	ordinary_sample_offset
TALK3.DAT	talk_remainder	assembly_modulo_2000_contract	771		771	00000E0C	00028682	00028882	1	0402	ordinary_sample_offset
TALK3.DAT	talk_remainder	assembly_modulo_2000_contract	772		772	00000E10	00028686	00028886	1	0402	ordinary_sample_offset
TALK3.DAT	talk_remainder	assembly_modulo_2000_contract	773		773	00000E14	0002868A	0002888A	1	0402	ordinary_sample_offset
TALK3.DAT	talk_remainder	assembly_modulo_2000_contract	774		774	00000E18	0002868E	0002888E	1	0402	ordinary_sample_offset
TALK3.DAT	talk_remainder	assembly_modulo_2000_contract	775		775	00000E1C	00028692	00028892	1	0402	ordinary_sample_offset
TALK3.DAT	talk_remainder	assembly_modulo_2000_contract	776		776	00000E20	00028696	00028896	1	0402	ordinary_sample_offset
TALK3.DAT	talk_remainder	assembly_modulo_2000_contract	777		777	00000E24	0002869A	0002889A	1	0402	ordinary_sample_offset
TALK3.DAT	talk_remainder	assembly_modulo_2000_contract	778		778	00000E28	0002869E	0002889E	1	0402	ordinary_sample_offset
TALK3.DAT	talk_remainder	assembly_modulo_2000_contract	779		779	00000E2C	000286A2	000288A2	1	0402	ordinary_sample_offset
TALK3.DAT	talk_remainder	assembly_modulo_2000_contract	780		780	00000E30	000286A6	000288A6	1	0402	ordinary_sample_offset
TALK3.DAT	talk_remainder	assembly_modulo_2000_contract	781		781	00000E34	000286AA	000288AA	1	0402	ordinary_sample_offset
TALK3.DAT	talk_remainder	assembly_modulo_2000_contract	782		782	00000E38	000286AE	000288AE	1	0402	ordinary_sample_offset
TALK3.DAT	talk_remainder	assembly_modulo_2000_contract	783		783	00000E3C	000286B2	000288B2	1	0402	ordinary_sample_offset
TALK3.DAT	talk_remainder	assembly_modulo_2000_contract	784		784	00000E40	000286B6	000288B6	1	0402	ordinary_sample_offset
TALK3.DAT	talk_remainder	assembly_modulo_2000_contract	785		785	00000E44	000286BA	000288BA	1	0402	ordinary_sample_offset
TALK3.DAT	talk_remainder	assembly_modulo_2000_contract	786		786	00000E48	000286BE	000288BE	1	0402	ordinary_sample_offset
TALK3.DAT	talk_remainder	assembly_modulo_2000_contract	787		787	00000E4C	000286C2	000288C2	1	0402	ordinary_sample_offset
TALK3.DAT	talk_remainder	assembly_modulo_2000_contract	788		788	00000E50	000286C6	000288C6	1	0402	ordinary_sample_offset
TALK3.DAT	talk_remainder	assembly_modulo_2000_contract	789		789	00000E54	000286CA	000288CA	1	0402	ordinary_sample_offset
TALK3.DAT	talk_remainder	assembly_modulo_2000_contract	790		790	00000E58	000286CE	000288CE	1	0402	ordinary_sample_offset
TALK3.DAT	talk_remainder	assembly_modulo_2000_contract	791		791	00000E5C	000286D2	000288D2	1	0402	ordinary_sample_offset
TALK3.DAT	talk_remainder	assembly_modulo_2000_contract	792		792	00000E60	000286D6	000288D6	1	0402	ordinary_sample_offset
TALK3.DAT	talk_remainder	assembly_modulo_2000_contract	793		793	00000E64	000286DA	000288DA	1	0402	ordinary_sample_offset
TALK3.DAT	talk_remainder	assembly_modulo_2000_contract	794		794	00000E68	000286DE	000288DE	1	0402	ordinary_sample_offset
TALK3.DAT	talk_remainder	assembly_modulo_2000_contract	795		795	00000E6C	000286E2	000288E2	1	0402	ordinary_sample_offset
TALK3.DAT	talk_remainder	assembly_modulo_2000_contract	796		796	00000E70	000286E6	000288E6	1	0402	ordinary_sample_offset
TALK3.DAT	talk_remainder	assembly_modulo_2000_contract	797		797	00000E74	000286EA	000288EA	1	0402	ordinary_sample_offset
TALK3.DAT	talk_remainder	assembly_modulo_2000_contract	798		798	00000E78	000286EE	000288EE	1	0402	ordinary_sample_offset
TALK3.DAT	talk_remainder	assembly_modulo_2000_contract	799		799	00000E7C	000286F2	000288F2	1	0402	ordinary_sample_offset
TALK3.DAT	talk_remainder	assembly_modulo_2000_contract	800		800	00000E80	000286F6	000288F6	1	0402	ordinary_sample_offset
TALK3.DAT	talk_remainder	assembly_modulo_2000_contract	801		801	00000E84	000286FA	000288FA	1	0402	ordinary_sample_offset
TALK3.DAT	talk_remainder	assembly_modulo_2000_contract	802		802	00000E88	00028728	00028928	1	0402	ordinary_sample_offset
TALK3.DAT	talk_remainder	assembly_modulo_2000_contract	803		803	00000E8C	000289DA	00028BDA	1	0402	ordinary_sample_offset
TALK3.DAT	talk_remainder	assembly_modulo_2000_contract	804		804	00000E90	00028A1A	00028C1A	1	0402	ordinary_sample_offset
TALK3.DAT	talk_remainder	assembly_modulo_2000_contract	805		805	00000E94	00028A82	00028C82	1	0402	ordinary_sample_offset
TALK3.DAT	talk_remainder	assembly_modulo_2000_contract	806		806	00000E98	00028B0E	00028D0E	1	0402	ordinary_sample_offset
TALK3.DAT	talk_remainder	assembly_modulo_2000_contract	807		807	00000E9C	00028B50	00028D50	1	0402	ordinary_sample_offset
TALK3.DAT	talk_remainder	assembly_modulo_2000_contract	808		808	00000EA0	00028C06	00028E06	1	0402	ordinary_sample_offset
TALK3.DAT	talk_remainder	assembly_modulo_2000_contract	809		809	00000EA4	00028ED5	000290D5	1	0402	ordinary_sample_offset
TALK3.DAT	talk_remainder	assembly_modulo_2000_contract	810		810	00000EA8	00028F75	00029175	1	0402	ordinary_sample_offset
TALK3.DAT	talk_remainder	assembly_modulo_2000_contract	811		811	00000EAC	0002904D	0002924D	1	0402	ordinary_sample_offset
TALK3.DAT	talk_remainder	assembly_modulo_2000_contract	812		812	00000EB0	00029105	00029305	1	0402	ordinary_sample_offset
TALK3.DAT	talk_remainder	assembly_modulo_2000_contract	813		813	00000EB4	000291FB	000293FB	1	0402	ordinary_sample_offset
TALK3.DAT	talk_remainder	assembly_modulo_2000_contract	814		814	00000EB8	000294B4	000296B4	1	0402	ordinary_sample_offset
TALK3.DAT	talk_remainder	assembly_modulo_2000_contract	815		815	00000EBC	0002954A	0002974A	1	0402	ordinary_sample_offset
TALK3.DAT	talk_remainder	assembly_modulo_2000_contract	816		816	00000EC0	0002963A	0002983A	1	0402	ordinary_sample_offset
TALK3.DAT	talk_remainder	assembly_modulo_2000_contract	817		817	00000EC4	000296D8	000298D8	1	0402	ordinary_sample_offset
TALK3.DAT	talk_remainder	assembly_modulo_2000_contract	818		818	00000EC8	0002973E	0002993E	1	0402	ordinary_sample_offset
TALK3.DAT	talk_remainder	assembly_modulo_2000_contract	819		819	00000ECC	00029836	00029A36	1	0402	ordinary_sample_offset
TALK3.DAT	talk_remainder	assembly_modulo_2000_contract	820		820	00000ED0	0002983A	00029A3A	1	0402	ordinary_sample_offset
TALK3.DAT	talk_remainder	assembly_modulo_2000_contract	821		821	00000ED4	0002A0F1	0002A2F1	1	0402	ordinary_sample_offset
TALK3.DAT	talk_remainder	assembly_modulo_2000_contract	822		822	00000ED8	0002AB47	0002AD47	1	0402	ordinary_sample_offset
TALK3.DAT	talk_remainder	assembly_modulo_2000_contract	823		823	00000EDC	0002AC3F	0002AE3F	1	0402	ordinary_sample_offset
TALK3.DAT	talk_remainder	assembly_modulo_2000_contract	824		824	00000EE0	0002ACB1	0002AEB1	1	0402	ordinary_sample_offset
TALK3.DAT	talk_remainder	assembly_modulo_2000_contract	825		825	00000EE4	0002B048	0002B248	1	0402	ordinary_sample_offset
TALK3.DAT	talk_remainder	assembly_modulo_2000_contract	826		826	00000EE8	0002B278	0002B478	1	0402	ordinary_sample_offset
TALK3.DAT	talk_remainder	assembly_modulo_2000_contract	827		827	00000EEC	0002B37C	0002B57C	1	0402	ordinary_sample_offset
TALK3.DAT	talk_remainder	assembly_modulo_2000_contract	828		828	00000EF0	0002B3A6	0002B5A6	1	0402	ordinary_sample_offset
TALK3.DAT	talk_remainder	assembly_modulo_2000_contract	829		829	00000EF4	0002B3D4	0002B5D4	1	0402	ordinary_sample_offset
TALK3.DAT	talk_remainder	assembly_modulo_2000_contract	830		830	00000EF8	0002B4F4	0002B6F4	1	0402	ordinary_sample_offset
TALK3.DAT	talk_remainder	assembly_modulo_2000_contract	831		831	00000EFC	0002B907	0002BB07	1	0402	ordinary_sample_offset
TALK3.DAT	talk_remainder	assembly_modulo_2000_contract	832		832	00000F00	0002BA47	0002BC47	1	0402	ordinary_sample_offset
TALK3.DAT	talk_remainder	assembly_modulo_2000_contract	833		833	00000F04	0002BC81	0002BE81	1	0402	ordinary_sample_offset
TALK3.DAT	talk_remainder	assembly_modulo_2000_contract	834		834	00000F08	0002BD65	0002BF65	1	0402	ordinary_sample_offset
TALK3.DAT	talk_remainder	assembly_modulo_2000_contract	835		835	00000F0C	0002C819	0002CA19	1	0402	ordinary_sample_offset
TALK3.DAT	talk_remainder	assembly_modulo_2000_contract	836		836	00000F10	0002C8F7	0002CAF7	1	0402	ordinary_sample_offset
TALK3.DAT	talk_remainder	assembly_modulo_2000_contract	837		837	00000F14	0002CD7A	0002CF7A	1	0402	ordinary_sample_offset
TALK3.DAT	talk_remainder	assembly_modulo_2000_contract	838		838	00000F18	0002CF90	0002D190	1	0402	ordinary_sample_offset
TALK3.DAT	talk_remainder	assembly_modulo_2000_contract	839		839	00000F1C	0002CFA4	0002D1A4	1	0402	ordinary_sample_offset
TALK3.DAT	talk_remainder	assembly_modulo_2000_contract	840		840	00000F20	0002CFB8	0002D1B8	1	0402	ordinary_sample_offset
TALK3.DAT	talk_remainder	assembly_modulo_2000_contract	841		841	00000F24	0002CFBC	0002D1BC	1	0402	ordinary_sample_offset
TALK3.DAT	talk_remainder	assembly_modulo_2000_contract	842		842	00000F28	0002D070	0002D270	1	0402	ordinary_sample_offset
TALK3.DAT	talk_remainder	assembly_modulo_2000_contract	843		843	00000F2C	0002D186	0002D386	1	0402	ordinary_sample_offset
TALK3.DAT	talk_remainder	assembly_modulo_2000_contract	844		844	00000F30	0002D272	0002D472	1	0402	ordinary_sample_offset
TALK3.DAT	talk_remainder	assembly_modulo_2000_contract	845		845	00000F34	0002D320	0002D520	1	0402	ordinary_sample_offset
TALK3.DAT	talk_remainder	assembly_modulo_2000_contract	846		846	00000F38	0002D3EA	0002D5EA	1	0402	ordinary_sample_offset
TALK3.DAT	talk_remainder	assembly_modulo_2000_contract	847		847	00000F3C	0002D4CE	0002D6CE	1	0402	ordinary_sample_offset
TALK3.DAT	talk_remainder	assembly_modulo_2000_contract	848		848	00000F40	0002D756	0002D956	1	0402	ordinary_sample_offset
TALK3.DAT	talk_remainder	assembly_modulo_2000_contract	849		849	00000F44	0002D9E6	0002DBE6	1	0402	ordinary_sample_offset
TALK3.DAT	talk_remainder	assembly_modulo_2000_contract	850		850	00000F48	0002DB80	0002DD80	1	0402	ordinary_sample_offset
TALK3.DAT	talk_remainder	assembly_modulo_2000_contract	851		851	00000F4C	0002DC8E	0002DE8E	1	0402	ordinary_sample_offset
TALK3.DAT	talk_remainder	assembly_modulo_2000_contract	852		852	00000F50	0002DE9A	0002E09A	1	0402	ordinary_sample_offset
TALK3.DAT	talk_remainder	assembly_modulo_2000_contract	853		853	00000F54	0002DF70	0002E170	1	0402	ordinary_sample_offset
TALK3.DAT	talk_remainder	assembly_modulo_2000_contract	854		854	00000F58	0002E0C0	0002E2C0	1	0402	ordinary_sample_offset
TALK3.DAT	talk_remainder	assembly_modulo_2000_contract	855		855	00000F5C	0002E0EC	0002E2EC	1	0402	ordinary_sample_offset
TALK3.DAT	talk_remainder	assembly_modulo_2000_contract	856		856	00000F60	0002E324	0002E524	1	0402	ordinary_sample_offset
TALK3.DAT	talk_remainder	assembly_modulo_2000_contract	857		857	00000F64	0002ED15	0002EF15	1	0402	ordinary_sample_offset
TALK3.DAT	talk_remainder	assembly_modulo_2000_contract	858		858	00000F68	0002ED7B	0002EF7B	1	0402	ordinary_sample_offset
TALK3.DAT	talk_remainder	assembly_modulo_2000_contract	859		859	00000F6C	0002EF49	0002F149	1	0402	ordinary_sample_offset
TALK3.DAT	talk_remainder	assembly_modulo_2000_contract	860		860	00000F70	0002F1B6	0002F3B6	1	0402	ordinary_sample_offset
TALK3.DAT	talk_remainder	assembly_modulo_2000_contract	861		861	00000F74	0002F3E6	0002F5E6	1	0402	ordinary_sample_offset
TALK3.DAT	talk_remainder	assembly_modulo_2000_contract	862		862	00000F78	0002F70E	0002F90E	1	0402	ordinary_sample_offset
TALK3.DAT	talk_remainder	assembly_modulo_2000_contract	863		863	00000F7C	0002F898	0002FA98	1	0402	ordinary_sample_offset
TALK3.DAT	talk_remainder	assembly_modulo_2000_contract	864		864	00000F80	0002F972	0002FB72	1	0402	ordinary_sample_offset
TALK3.DAT	talk_remainder	assembly_modulo_2000_contract	865		865	00000F84	0002F9D6	0002FBD6	1	0402	ordinary_sample_offset
TALK3.DAT	talk_remainder	assembly_modulo_2000_contract	866		866	00000F88	0002FD63	0002FF63	1	0402	ordinary_sample_offset
TALK3.DAT	talk_remainder	assembly_modulo_2000_contract	867		867	00000F8C	0002FF51	00030151	1	0402	ordinary_sample_offset
TALK3.DAT	talk_remainder	assembly_modulo_2000_contract	868		868	00000F90	00030077	00030277	1	0402	ordinary_sample_offset
TALK3.DAT	talk_remainder	assembly_modulo_2000_contract	869		869	00000F94	000300A5	000302A5	1	0402	ordinary_sample_offset
TALK3.DAT	talk_remainder	assembly_modulo_2000_contract	870		870	00000F98	000300CF	000302CF	1	0402	ordinary_sample_offset
TALK3.DAT	talk_remainder	assembly_modulo_2000_contract	871		871	00000F9C	000302B9	000304B9	1	0402	ordinary_sample_offset
TALK3.DAT	talk_remainder	assembly_modulo_2000_contract	872		872	00000FA0	000303FB	000305FB	1	0402	ordinary_sample_offset
TALK3.DAT	talk_remainder	assembly_modulo_2000_contract	873		873	00000FA4	000303FF	000305FF	1	0402	ordinary_sample_offset
TALK3.DAT	talk_remainder	assembly_modulo_2000_contract	874		874	00000FA8	00030403	00030603	1	0402	ordinary_sample_offset
TALK3.DAT	talk_remainder	assembly_modulo_2000_contract	875		875	00000FAC	00030407	00030607	1	0402	ordinary_sample_offset
TALK3.DAT	talk_remainder	assembly_modulo_2000_contract	876		876	00000FB0	0003040B	0003060B	1	0402	ordinary_sample_offset
TALK3.DAT	talk_remainder	assembly_modulo_2000_contract	877		877	00000FB4	0003040F	0003060F	1	0402	ordinary_sample_offset
TALK3.DAT	talk_remainder	assembly_modulo_2000_contract	878		878	00000FB8	00030413	00030613	1	0402	ordinary_sample_offset
TALK3.DAT	talk_remainder	assembly_modulo_2000_contract	879		879	00000FBC	00030417	00030617	1	0402	ordinary_sample_offset
TALK3.DAT	talk_remainder	assembly_modulo_2000_contract	880		880	00000FC0	0003041B	0003061B	1	0402	ordinary_sample_offset
TALK3.DAT	talk_remainder	assembly_modulo_2000_contract	881		881	00000FC4	0003041F	0003061F	1	0402	ordinary_sample_offset
TALK3.DAT	talk_remainder	assembly_modulo_2000_contract	882		882	00000FC8	00030611	00030811	1	0402	ordinary_sample_offset
TALK3.DAT	talk_remainder	assembly_modulo_2000_contract	883		883	00000FCC	00030727	00030927	1	0402	ordinary_sample_offset
TALK3.DAT	talk_remainder	assembly_modulo_2000_contract	884		884	00000FD0	00030829	00030A29	1	0402	ordinary_sample_offset
TALK3.DAT	talk_remainder	assembly_modulo_2000_contract	885		885	00000FD4	000309DD	00030BDD	1	0402	ordinary_sample_offset
TALK3.DAT	talk_remainder	assembly_modulo_2000_contract	886		886	00000FD8	00030A0B	00030C0B	1	0402	ordinary_sample_offset
TALK3.DAT	talk_remainder	assembly_modulo_2000_contract	887		887	00000FDC	00030A31	00030C31	1	0402	ordinary_sample_offset
TALK3.DAT	talk_remainder	assembly_modulo_2000_contract	888		888	00000FE0	00030C49	00030E49	1	0402	ordinary_sample_offset
TALK3.DAT	talk_remainder	assembly_modulo_2000_contract	889		889	00000FE4	00030E38	00031038	1	0402	ordinary_sample_offset
TALK3.DAT	talk_remainder	assembly_modulo_2000_contract	890		890	00000FE8	00030ED4	000310D4	1	0402	ordinary_sample_offset
TALK3.DAT	talk_remainder	assembly_modulo_2000_contract	891		891	00000FEC	00030F80	00031180	1	0402	ordinary_sample_offset
TALK3.DAT	talk_remainder	assembly_modulo_2000_contract	892		892	00000FF0	00030FF4	000311F4	1	0402	ordinary_sample_offset
TALK3.DAT	talk_remainder	assembly_modulo_2000_contract	893		893	00000FF4	0003106E	0003126E	1	0402	ordinary_sample_offset
TALK3.DAT	talk_remainder	assembly_modulo_2000_contract	894		894	00000FF8	0003109C	0003129C	1	0402	ordinary_sample_offset
TALK3.DAT	talk_remainder	assembly_modulo_2000_contract	895		895	00000FFC	000310C6	000312C6	1	0402	ordinary_sample_offset
TALK3.DAT	talk_remainder	assembly_modulo_2000_contract	896		896	00001000	00031278	00031478	1	0402	ordinary_sample_offset
TALK3.DAT	talk_remainder	assembly_modulo_2000_contract	897		897	00001004	000313C4	000315C4	1	0402	ordinary_sample_offset
TALK3.DAT	talk_remainder	assembly_modulo_2000_contract	898		898	00001008	000313EE	000315EE	1	0402	ordinary_sample_offset
TALK3.DAT	talk_remainder	assembly_modulo_2000_contract	899		899	0000100C	0003141C	0003161C	1	0402	ordinary_sample_offset
TALK3.DAT	talk_remainder	assembly_modulo_2000_contract	900		900	00001010	000314C8	000316C8	1	0402	ordinary_sample_offset
TALK3.DAT	talk_remainder	assembly_modulo_2000_contract	901		901	00001014	0003160A	0003180A	1	0402	ordinary_sample_offset
TALK3.DAT	talk_remainder	assembly_modulo_2000_contract	902		902	00001018	0003160E	0003180E	1	0402	ordinary_sample_offset
TALK3.DAT	talk_remainder	assembly_modulo_2000_contract	903		903	0000101C	00031612	00031812	1	0402	ordinary_sample_offset
TALK3.DAT	talk_remainder	assembly_modulo_2000_contract	904		904	00001020	00031616	00031816	1	0402	ordinary_sample_offset
TALK3.DAT	talk_remainder	assembly_modulo_2000_contract	905		905	00001024	0003161A	0003181A	1	0402	ordinary_sample_offset
TALK3.DAT	talk_remainder	assembly_modulo_2000_contract	906		906	00001028	0003161E	0003181E	1	0402	ordinary_sample_offset
TALK3.DAT	talk_remainder	assembly_modulo_2000_contract	907		907	0000102C	00031622	00031822	1	0402	ordinary_sample_offset
TALK3.DAT	talk_remainder	assembly_modulo_2000_contract	908		908	00001030	00031626	00031826	1	0402	ordinary_sample_offset
TALK3.DAT	talk_remainder	assembly_modulo_2000_contract	909		909	00001034	0003162A	0003182A	1	0402	ordinary_sample_offset
TALK3.DAT	talk_remainder	assembly_modulo_2000_contract	910		910	00001038	0003162E	0003182E	1	0402	ordinary_sample_offset
TALK3.DAT	talk_remainder	assembly_modulo_2000_contract	911		911	0000103C	00031632	00031832	1	0402	ordinary_sample_offset
TALK3.DAT	talk_remainder	assembly_modulo_2000_contract	912		912	00001040	00031636	00031836	1	0402	ordinary_sample_offset
TALK3.DAT	talk_remainder	assembly_modulo_2000_contract	913		913	00001044	0003163A	0003183A	1	0402	ordinary_sample_offset
TALK3.DAT	talk_remainder	assembly_modulo_2000_contract	914		914	00001048	0003163E	0003183E	1	0402	ordinary_sample_offset
TALK3.DAT	talk_remainder	assembly_modulo_2000_contract	915		915	0000104C	00031642	00031842	1	0402	ordinary_sample_offset
TALK3.DAT	talk_remainder	assembly_modulo_2000_contract	916		916	00001050	00031646	00031846	1	0402	ordinary_sample_offset
TALK3.DAT	talk_remainder	assembly_modulo_2000_contract	917		917	00001054	0003164A	0003184A	1	0402	ordinary_sample_offset
TALK3.DAT	talk_remainder	assembly_modulo_2000_contract	918		918	00001058	0003164E	0003184E	1	0402	ordinary_sample_offset
TALK3.DAT	talk_remainder	assembly_modulo_2000_contract	919		919	0000105C	00031652	00031852	1	0402	ordinary_sample_offset
TALK3.DAT	talk_remainder	assembly_modulo_2000_contract	920		920	00001060	00031656	00031856	1	0402	ordinary_sample_offset
TALK3.DAT	talk_remainder	assembly_modulo_2000_contract	921		921	00001064	0003165A	0003185A	1	0402	ordinary_sample_offset
TALK3.DAT	talk_remainder	assembly_modulo_2000_contract	922		922	00001068	0003165E	0003185E	1	0402	ordinary_sample_offset
TALK3.DAT	talk_remainder	assembly_modulo_2000_contract	923		923	0000106C	00031662	00031862	1	0402	ordinary_sample_offset
TALK3.DAT	talk_remainder	assembly_modulo_2000_contract	924		924	00001070	00031666	00031866	1	0402	ordinary_sample_offset
TALK3.DAT	talk_remainder	assembly_modulo_2000_contract	925		925	00001074	0003166A	0003186A	1	0402	ordinary_sample_offset
TALK3.DAT	talk_remainder	assembly_modulo_2000_contract	926		926	00001078	0003166E	0003186E	1	0402	ordinary_sample_offset
TALK3.DAT	talk_remainder	assembly_modulo_2000_contract	927		927	0000107C	00031672	00031872	1	0402	ordinary_sample_offset
TALK3.DAT	talk_remainder	assembly_modulo_2000_contract	928		928	00001080	00031676	00031876	1	0402	ordinary_sample_offset
TALK3.DAT	talk_remainder	assembly_modulo_2000_contract	929		929	00001084	0003167A	0003187A	1	0402	ordinary_sample_offset
TALK3.DAT	talk_remainder	assembly_modulo_2000_contract	930		930	00001088	0003167E	0003187E	1	0402	ordinary_sample_offset
TALK3.DAT	talk_remainder	assembly_modulo_2000_contract	931		931	0000108C	00031682	00031882	1	0402	ordinary_sample_offset
TALK3.DAT	talk_remainder	assembly_modulo_2000_contract	932		932	00001090	00031686	00031886	1	0402	ordinary_sample_offset
TALK3.DAT	talk_remainder	assembly_modulo_2000_contract	933		933	00001094	0003168A	0003188A	1	0402	ordinary_sample_offset
TALK3.DAT	talk_remainder	assembly_modulo_2000_contract	934		934	00001098	0003168E	0003188E	1	0402	ordinary_sample_offset
TALK3.DAT	talk_remainder	assembly_modulo_2000_contract	935		935	0000109C	00031692	00031892	1	0402	ordinary_sample_offset
TALK3.DAT	talk_remainder	assembly_modulo_2000_contract	936		936	000010A0	00031696	00031896	1	0402	ordinary_sample_offset
TALK3.DAT	talk_remainder	assembly_modulo_2000_contract	937		937	000010A4	0003169A	0003189A	1	0402	ordinary_sample_offset
TALK3.DAT	talk_remainder	assembly_modulo_2000_contract	938		938	000010A8	0003169E	0003189E	1	0402	ordinary_sample_offset
TALK3.DAT	talk_remainder	assembly_modulo_2000_contract	939		939	000010AC	000316A2	000318A2	1	0402	ordinary_sample_offset
TALK3.DAT	talk_remainder	assembly_modulo_2000_contract	940		940	000010B0	000316A6	000318A6	1	0402	ordinary_sample_offset
TALK3.DAT	talk_remainder	assembly_modulo_2000_contract	941		941	000010B4	000316AA	000318AA	1	0402	ordinary_sample_offset
TALK3.DAT	talk_remainder	assembly_modulo_2000_contract	942		942	000010B8	000316AE	000318AE	1	0402	ordinary_sample_offset
TALK3.DAT	talk_remainder	assembly_modulo_2000_contract	943		943	000010BC	000316B2	000318B2	1	0402	ordinary_sample_offset
TALK3.DAT	talk_remainder	assembly_modulo_2000_contract	944		944	000010C0	000316B6	000318B6	1	0402	ordinary_sample_offset
TALK3.DAT	talk_remainder	assembly_modulo_2000_contract	945		945	000010C4	000316BA	000318BA	1	0402	ordinary_sample_offset
TALK3.DAT	talk_remainder	assembly_modulo_2000_contract	946		946	000010C8	000316BE	000318BE	1	0402	ordinary_sample_offset
TALK3.DAT	talk_remainder	assembly_modulo_2000_contract	947		947	000010CC	000316C2	000318C2	1	0402	ordinary_sample_offset
TALK3.DAT	talk_remainder	assembly_modulo_2000_contract	948		948	000010D0	000316C6	000318C6	1	0402	ordinary_sample_offset
TALK3.DAT	talk_remainder	assembly_modulo_2000_contract	949		949	000010D4	000316CA	000318CA	1	0402	ordinary_sample_offset
TALK3.DAT	talk_remainder	assembly_modulo_2000_contract	950		950	000010D8	000316CE	000318CE	1	0402	ordinary_sample_offset
TALK3.DAT	talk_remainder	assembly_modulo_2000_contract	951		951	000010DC	000316D2	000318D2	1	0402	ordinary_sample_offset
TALK3.DAT	talk_remainder	assembly_modulo_2000_contract	952		952	000010E0	000316D6	000318D6	1	0402	ordinary_sample_offset
TALK3.DAT	talk_remainder	assembly_modulo_2000_contract	953		953	000010E4	000316DA	000318DA	1	0402	ordinary_sample_offset
TALK3.DAT	talk_remainder	assembly_modulo_2000_contract	954		954	000010E8	000316DE	000318DE	1	0402	ordinary_sample_offset
TALK3.DAT	talk_remainder	assembly_modulo_2000_contract	955		955	000010EC	000316E2	000318E2	1	0402	ordinary_sample_offset
TALK3.DAT	talk_remainder	assembly_modulo_2000_contract	956		956	000010F0	000316E6	000318E6	1	0402	ordinary_sample_offset
TALK3.DAT	talk_remainder	assembly_modulo_2000_contract	957		957	000010F4	000316EA	000318EA	1	0402	ordinary_sample_offset
TALK3.DAT	talk_remainder	assembly_modulo_2000_contract	958		958	000010F8	000316EE	000318EE	1	0402	ordinary_sample_offset
TALK3.DAT	talk_remainder	assembly_modulo_2000_contract	959		959	000010FC	000316F2	000318F2	1	0402	ordinary_sample_offset
TALK3.DAT	talk_remainder	assembly_modulo_2000_contract	960		960	00001100	000316F6	000318F6	1	0402	ordinary_sample_offset
TALK3.DAT	talk_remainder	assembly_modulo_2000_contract	961		961	00001104	000316FA	000318FA	1	0402	ordinary_sample_offset
TALK3.DAT	talk_remainder	assembly_modulo_2000_contract	962		962	00001108	000316FE	000318FE	1	0402	ordinary_sample_offset
TALK3.DAT	talk_remainder	assembly_modulo_2000_contract	963		963	0000110C	00031702	00031902	1	0402	ordinary_sample_offset
TALK3.DAT	talk_remainder	assembly_modulo_2000_contract	964		964	00001110	00031706	00031906	1	0402	ordinary_sample_offset
TALK3.DAT	talk_remainder	assembly_modulo_2000_contract	965		965	00001114	0003170A	0003190A	1	0402	ordinary_sample_offset
TALK3.DAT	talk_remainder	assembly_modulo_2000_contract	966		966	00001118	0003170E	0003190E	1	0402	ordinary_sample_offset
TALK3.DAT	talk_remainder	assembly_modulo_2000_contract	967		967	0000111C	00031712	00031912	1	0402	ordinary_sample_offset
TALK3.DAT	talk_remainder	assembly_modulo_2000_contract	968		968	00001120	00031716	00031916	1	0402	ordinary_sample_offset
TALK3.DAT	talk_remainder	assembly_modulo_2000_contract	969		969	00001124	0003171A	0003191A	1	0402	ordinary_sample_offset
TALK3.DAT	talk_remainder	assembly_modulo_2000_contract	970		970	00001128	0003171E	0003191E	1	0402	ordinary_sample_offset
TALK3.DAT	talk_remainder	assembly_modulo_2000_contract	971		971	0000112C	00031722	00031922	1	0402	ordinary_sample_offset
TALK3.DAT	talk_remainder	assembly_modulo_2000_contract	972		972	00001130	00031726	00031926	1	0402	ordinary_sample_offset
TALK3.DAT	talk_remainder	assembly_modulo_2000_contract	973		973	00001134	0003172A	0003192A	1	0402	ordinary_sample_offset
TALK3.DAT	talk_remainder	assembly_modulo_2000_contract	974		974	00001138	0003172E	0003192E	1	0402	ordinary_sample_offset
TALK3.DAT	talk_remainder	assembly_modulo_2000_contract	975		975	0000113C	00031732	00031932	1	0402	ordinary_sample_offset
TALK3.DAT	talk_remainder	assembly_modulo_2000_contract	976		976	00001140	00031736	00031936	1	0402	ordinary_sample_offset
TALK3.DAT	talk_remainder	assembly_modulo_2000_contract	977		977	00001144	0003173A	0003193A	1	0402	ordinary_sample_offset
TALK3.DAT	talk_remainder	assembly_modulo_2000_contract	978		978	00001148	0003173E	0003193E	1	0402	ordinary_sample_offset
TALK3.DAT	talk_remainder	assembly_modulo_2000_contract	979		979	0000114C	00031742	00031942	1	0402	ordinary_sample_offset
TALK3.DAT	talk_remainder	assembly_modulo_2000_contract	980		980	00001150	00031746	00031946	1	0402	ordinary_sample_offset
TALK3.DAT	talk_remainder	assembly_modulo_2000_contract	981		981	00001154	0003174A	0003194A	1	0402	ordinary_sample_offset
TALK3.DAT	talk_remainder	assembly_modulo_2000_contract	982		982	00001158	0003174E	0003194E	1	0402	ordinary_sample_offset
TALK3.DAT	talk_remainder	assembly_modulo_2000_contract	983		983	0000115C	00031752	00031952	1	0402	ordinary_sample_offset
TALK3.DAT	talk_remainder	assembly_modulo_2000_contract	984		984	00001160	00031756	00031956	1	0402	ordinary_sample_offset
TALK3.DAT	talk_remainder	assembly_modulo_2000_contract	985		985	00001164	0003175A	0003195A	1	0402	ordinary_sample_offset
TALK3.DAT	talk_remainder	assembly_modulo_2000_contract	986		986	00001168	0003175E	0003195E	1	0402	ordinary_sample_offset
TALK3.DAT	talk_remainder	assembly_modulo_2000_contract	987		987	0000116C	00031762	00031962	1	0402	ordinary_sample_offset
TALK3.DAT	talk_remainder	assembly_modulo_2000_contract	988		988	00001170	00031766	00031966	1	0402	ordinary_sample_offset
TALK3.DAT	talk_remainder	assembly_modulo_2000_contract	989		989	00001174	0003176A	0003196A	1	0402	ordinary_sample_offset
TALK3.DAT	talk_remainder	assembly_modulo_2000_contract	990		990	00001178	0003176E	0003196E	1	0402	ordinary_sample_offset
TALK3.DAT	talk_remainder	assembly_modulo_2000_contract	991		991	0000117C	00031772	00031972	1	0402	ordinary_sample_offset
TALK3.DAT	talk_remainder	assembly_modulo_2000_contract	992		992	00001180	00031776	00031976	1	0402	ordinary_sample_offset
TALK3.DAT	talk_remainder	assembly_modulo_2000_contract	993		993	00001184	0003177A	0003197A	1	0402	ordinary_sample_offset
TALK3.DAT	talk_remainder	assembly_modulo_2000_contract	994		994	00001188	0003177E	0003197E	1	0402	ordinary_sample_offset
TALK3.DAT	talk_remainder	assembly_modulo_2000_contract	995		995	0000118C	00031782	00031982	1	0402	ordinary_sample_offset
TALK3.DAT	talk_remainder	assembly_modulo_2000_contract	996		996	00001190	00031786	00031986	1	0402	ordinary_sample_offset
TALK3.DAT	talk_remainder	assembly_modulo_2000_contract	997		997	00001194	0003178A	0003198A	1	0402	ordinary_sample_offset
TALK3.DAT	talk_remainder	assembly_modulo_2000_contract	998		998	00001198	0003178E	0003198E	1	0402	ordinary_sample_offset
TALK3.DAT	talk_remainder	assembly_modulo_2000_contract	999		999	0000119C	00031792	00031992	1	0402	ordinary_sample_offset
TALK3.DAT	talk_remainder	assembly_modulo_2000_contract	1000		1000	000011A0	00031796	00031996	1	0402	ordinary_sample_offset
TALK3.DAT	talk_remainder	assembly_modulo_2000_contract	1001		1001	000011A4	005B0402	005B0602	0		ordinary_sample_offset
TALK3.DAT	talk_remainder	assembly_modulo_2000_contract	1002		1002	000011A8	00591005	00591205	0		ordinary_sample_offset
TALK3.DAT	talk_remainder	assembly_modulo_2000_contract	1003		1003	000011AC	23301005	23301205	0		ordinary_sample_offset
TALK3.DAT	talk_remainder	assembly_modulo_2000_contract	1004		1004	000011B0	00060010	00060210	0		ordinary_sample_offset
TALK3.DAT	talk_remainder	assembly_modulo_2000_contract	1005		1005	000011B4	4FACDAA7	4FACDCA7	0		ordinary_sample_offset
TALK3.DAT	talk_remainder	assembly_modulo_2000_contract	1006		1006	000011B8	74A9D3AD	74A9D5AD	0		ordinary_sample_offset
TALK3.DAT	talk_remainder	assembly_modulo_2000_contract	1007		1007	000011BC	41A1E0A8	41A1E2A8	0		ordinary_sample_offset
TALK3.DAT	talk_remainder	assembly_modulo_2000_contract	1008		1008	000011C0	BAAADAA7	BAAADCA7	0		ordinary_sample_offset
TALK3.DAT	talk_remainder	assembly_modulo_2000_contract	1009		1009	000011C4	48A461AE	48A463AE	0		ordinary_sample_offset
TALK3.DAT	talk_remainder	assembly_modulo_2000_contract	1010		1010	000011C8	A1B3FEA5	A1B400A5	0		ordinary_sample_offset
TALK3.DAT	talk_remainder	assembly_modulo_2000_contract	1011		1011	000011CC	F3A9BAA6	F3A9BCA6	0		ordinary_sample_offset
TALK3.DAT	talk_remainder	assembly_modulo_2000_contract	1012		1012	000011D0	C3B6D4BE	C3B6D6BE	0		ordinary_sample_offset
TALK3.DAT	talk_remainder	assembly_modulo_2000_contract	1013		1013	000011D4	43A146A4	43A148A4	0		ordinary_sample_offset
TALK3.DAT	talk_remainder	assembly_modulo_2000_contract	1014		1014	000011D8	000E5125	000E5325	0		ordinary_sample_offset
TALK3.DAT	talk_remainder	assembly_modulo_2000_contract	1015		1015	000011DC	00591005	00591205	0		ordinary_sample_offset
TALK3.DAT	talk_remainder	assembly_modulo_2000_contract	1016		1016	000011E0	23301005	23301205	0		ordinary_sample_offset
TALK3.DAT	talk_remainder	assembly_modulo_2000_contract	1017		1017	000011E4	00060010	00060210	0		ordinary_sample_offset
TALK3.DAT	talk_remainder	assembly_modulo_2000_contract	1018		1018	000011E8	61B1DAA7	61B1DCA7	0		ordinary_sample_offset
TALK3.DAT	talk_remainder	assembly_modulo_2000_contract	1019		1019	000011EC	54A4DBB5	54A4DDB5	0		ordinary_sample_offset
TALK3.DAT	talk_remainder	assembly_modulo_2000_contract	1020		1020	000011F0	CFA659C0	CFA65BC0	0		ordinary_sample_offset
TALK3.DAT	talk_remainder	assembly_modulo_2000_contract	1021		1021	000011F4	6FB3ECA8	6FB3EEA8	0		ordinary_sample_offset
TALK3.DAT	talk_remainder	assembly_modulo_2000_contract	1022		1022	000011F8	51B0CCB8	51B0CEB8	0		ordinary_sample_offset
TALK3.DAT	talk_remainder	assembly_modulo_2000_contract	1023		1023	000011FC	A1ACCDA5	A1ACCFA5	0		ordinary_sample_offset
TALK3.DAT	talk_remainder	assembly_modulo_2000_contract	1024		1024	00001200	65A841A1	65A843A1	0		ordinary_sample_offset
TALK3.DAT	talk_remainder	assembly_modulo_2000_contract	1025		1025	00001204	4FACCCAD	4FACCEAD	0		ordinary_sample_offset
TALK3.DAT	talk_remainder	assembly_modulo_2000_contract	1026		1026	00001208	FEA5DAA7	FEA5DCA7	0		ordinary_sample_offset
TALK3.DAT	talk_remainder	assembly_modulo_2000_contract	1027		1027	0000120C	BAAAA1B3	BAAAA3B3	0		ordinary_sample_offset
TALK3.DAT	talk_remainder	assembly_modulo_2000_contract	1028		1028	00001210	A3B25DB0	A3B25FB0	0		ordinary_sample_offset
TALK3.DAT	talk_remainder	assembly_modulo_2000_contract	1029		1029	00001214	512543A1	512545A1	0		ordinary_sample_offset
TALK3.DAT	talk_remainder	assembly_modulo_2000_contract	1030		1030	00001218	1005000E	1005020E	0		ordinary_sample_offset
TALK3.DAT	talk_remainder	assembly_modulo_2000_contract	1031		1031	0000121C	0402FFFF	040301FF	0		ordinary_sample_offset
TALK3.DAT	talk_remainder	assembly_modulo_2000_contract	1032		1032	00001220	0FC90015	0FC90215	0		ordinary_sample_offset
TALK3.DAT	talk_remainder	assembly_modulo_2000_contract	1033		1033	00001224	000010BA	000012BA	1	005B	ordinary_sample_offset
TALK3.DAT	talk_remainder	assembly_modulo_2000_contract	1034		1034	00001228	1006005B	1006025B	0		ordinary_sample_offset
TALK3.DAT	talk_remainder	assembly_modulo_2000_contract	1035		1035	0000122C	10060059	10060259	0		ordinary_sample_offset
TALK3.DAT	talk_remainder	assembly_modulo_2000_contract	1036		1036	00001230	00102330	00102530	0		ordinary_sample_offset
TALK3.DAT	talk_remainder	assembly_modulo_2000_contract	1037		1037	00001234	6FB30008	6FB30208	0		ordinary_sample_offset
TALK3.DAT	talk_remainder	assembly_modulo_2000_contract	1038		1038	00001238	BAAACCB8	BAAACEB8	0		ordinary_sample_offset
TALK3.DAT	talk_remainder	assembly_modulo_2000_contract	1039		1039	0000123C	F3AFAAAA	F3AFACAA	0		ordinary_sample_offset
TALK3.DAT	talk_remainder	assembly_modulo_2000_contract	1040		1040	00001240	41BB43AB	41BB45AB	0		ordinary_sample_offset
TALK3.DAT	talk_remainder	assembly_modulo_2000_contract	1041		1041	00001244	69BEE7C0	69BEE9C0	0		ordinary_sample_offset
TALK3.DAT	talk_remainder	assembly_modulo_2000_contract	1042		1042	00001248	ADA441A1	ADA443A1	0		ordinary_sample_offset
TALK3.DAT	talk_remainder	assembly_modulo_2000_contract	1043		1043	0000124C	65AB7EA6	65AB80A6	0		ordinary_sample_offset
TALK3.DAT	talk_remainder	assembly_modulo_2000_contract	1044		1044	00001250	75A5DAA7	75A5DCA7	0		ordinary_sample_offset
TALK3.DAT	talk_remainder	assembly_modulo_2000_contract	1045		1045	00001254	E2A8B3A6	E2A8B5A6	0		ordinary_sample_offset
TALK3.DAT	talk_remainder	assembly_modulo_2000_contract	1046		1046	00001258	A6B054A4	A6B056A4	0		ordinary_sample_offset
TALK3.DAT	talk_remainder	assembly_modulo_2000_contract	1047		1047	0000125C	41A1CFA6	41A1D1A6	0		ordinary_sample_offset
TALK3.DAT	talk_remainder	assembly_modulo_2000_contract	1048		1048	00001260	62A67BB2	62A67DB2	0		ordinary_sample_offset
TALK3.DAT	talk_remainder	assembly_modulo_2000_contract	1049		1049	00001264	67B877A4	67B879A4	0		ordinary_sample_offset
TALK3.DAT	talk_remainder	assembly_modulo_2000_contract	1050		1050	00001268	6CAD63C1	6CAD65C1	0		ordinary_sample_offset
TALK3.DAT	talk_remainder	assembly_modulo_2000_contract	1051		1051	0000126C	73B8A8A6	73B8AAA6	0		ordinary_sample_offset
TALK3.DAT	talk_remainder	assembly_modulo_2000_contract	1052		1052	00001270	43A146A4	43A148A4	0		ordinary_sample_offset
TALK3.DAT	talk_remainder	assembly_modulo_2000_contract	1053		1053	00001274	000E5125	000E5325	0		ordinary_sample_offset
TALK3.DAT	talk_remainder	assembly_modulo_2000_contract	1054		1054	00001278	00591006	00591206	0		ordinary_sample_offset
TALK3.DAT	talk_remainder	assembly_modulo_2000_contract	1055		1055	0000127C	23301006	23301206	0		ordinary_sample_offset
TALK3.DAT	talk_remainder	assembly_modulo_2000_contract	1056		1056	00001280	00060010	00060210	0		ordinary_sample_offset
TALK3.DAT	talk_remainder	assembly_modulo_2000_contract	1057		1057	00001284	ECAAEDB7	ECAAEFB7	0		ordinary_sample_offset
TALK3.DAT	talk_remainder	assembly_modulo_2000_contract	1058		1058	00001288	ECA8D3A8	ECA8D5A8	0		ordinary_sample_offset
TALK3.DAT	talk_remainder	assembly_modulo_2000_contract	1059		1059	0000128C	D3AD6FB3	D3AD71B3	0		ordinary_sample_offset
TALK3.DAT	talk_remainder	assembly_modulo_2000_contract	1060		1060	00001290	EAB0DBA5	EAB0DDA5	0		ordinary_sample_offset
TALK3.DAT	talk_remainder	assembly_modulo_2000_contract	1061		1061	00001294	56BC6FBC	56BC71BC	0		ordinary_sample_offset
TALK3.DAT	talk_remainder	assembly_modulo_2000_contract	1062		1062	00001298	D9C141A1	D9C143A1	0		ordinary_sample_offset
TALK3.DAT	talk_remainder	assembly_modulo_2000_contract	1063		1063	0000129C	C8A975AF	C8A977AF	0		ordinary_sample_offset
TALK3.DAT	talk_remainder	assembly_modulo_2000_contract	1064		1064	000012A0	A1ACCDA5	A1ACCFA5	0		ordinary_sample_offset
TALK3.DAT	talk_remainder	assembly_modulo_2000_contract	1065		1065	000012A4	55A4A3A4	55A4A5A4	0		ordinary_sample_offset
TALK3.DAT	talk_remainder	assembly_modulo_2000_contract	1066		1066	000012A8	4FA968A5	4FA96AA5	0		ordinary_sample_offset
TALK3.DAT	talk_remainder	assembly_modulo_2000_contract	1067		1067	000012AC	512549A1	51254BA1	0		ordinary_sample_offset
TALK3.DAT	talk_remainder	assembly_modulo_2000_contract	1068		1068	000012B0	1006000E	1006020E	0		ordinary_sample_offset
TALK3.DAT	talk_remainder	assembly_modulo_2000_contract	1069		1069	000012B4	0FC90019	0FC90219	0		ordinary_sample_offset
TALK3.DAT	talk_remainder	assembly_modulo_2000_contract	1070		1070	000012B8	005BFFFF	005C01FF	0		ordinary_sample_offset
TALK3.DAT	talk_remainder	assembly_modulo_2000_contract	1071		1071	000012BC	00591006	00591206	0		ordinary_sample_offset
TALK3.DAT	talk_remainder	assembly_modulo_2000_contract	1072		1072	000012C0	23301006	23301206	0		ordinary_sample_offset
TALK3.DAT	talk_remainder	assembly_modulo_2000_contract	1073		1073	000012C4	00080014	00080214	0		ordinary_sample_offset
TALK3.DAT	talk_remainder	assembly_modulo_2000_contract	1074		1074	000012C8	C7B0D5B1	C7B0D7B1	0		ordinary_sample_offset
TALK3.DAT	talk_remainder	assembly_modulo_2000_contract	1075		1075	000012CC	41A174A4	41A176A4	0		ordinary_sample_offset
TALK3.DAT	talk_remainder	assembly_modulo_2000_contract	1076		1076	000012D0	73A4B1B3	73A4B3B3	0		ordinary_sample_offset
TALK3.DAT	talk_remainder	assembly_modulo_2000_contract	1077		1077	000012D4	41A155A4	41A157A4	0		ordinary_sample_offset
TALK3.DAT	talk_remainder	assembly_modulo_2000_contract	1078		1078	000012D8	D1A44E25	D1A45025	0		ordinary_sample_offset
TALK3.DAT	talk_remainder	assembly_modulo_2000_contract	1079		1079	000012DC	C6AAFCA6	C6AAFEA6	0		ordinary_sample_offset
TALK3.DAT	talk_remainder	assembly_modulo_2000_contract	1080		1080	000012E0	41A166C3	41A168C3	0		ordinary_sample_offset
TALK3.DAT	talk_remainder	assembly_modulo_2000_contract	1081		1081	000012E4	6EB8A2C5	6EB8A4C5	0		ordinary_sample_offset
TALK3.DAT	talk_remainder	assembly_modulo_2000_contract	1082		1082	000012E8	A5B37CA5	A5B37EA5	0		ordinary_sample_offset
TALK3.DAT	talk_remainder	assembly_modulo_2000_contract	1083		1083	000012EC	D1A441A1	D1A443A1	0		ordinary_sample_offset
TALK3.DAT	talk_remainder	assembly_modulo_2000_contract	1084		1084	000012F0	61BB61BB	61BB63BB	0		ordinary_sample_offset
TALK3.DAT	talk_remainder	assembly_modulo_2000_contract	1085		1085	000012F4	A5B341A1	A5B343A1	0		ordinary_sample_offset
TALK3.DAT	talk_remainder	assembly_modulo_2000_contract	1086		1086	000012F8	EDAFEDAF	EDAFEFAF	0		ordinary_sample_offset
TALK3.DAT	talk_remainder	assembly_modulo_2000_contract	1087		1087	000012FC	4E2541A1	4E2543A1	0		ordinary_sample_offset
TALK3.DAT	talk_remainder	assembly_modulo_2000_contract	1088		1088	00001300	6AA7B7AD	6AA7B9AD	0		ordinary_sample_offset
TALK3.DAT	talk_remainder	assembly_modulo_2000_contract	1089		1089	00001304	43A7F3AF	43A7F5AF	0		ordinary_sample_offset
TALK3.DAT	talk_remainder	assembly_modulo_2000_contract	1090		1090	00001308	FBA4A3A8	FBA4A5A8	0		ordinary_sample_offset
TALK3.DAT	talk_remainder	assembly_modulo_2000_contract	1091		1091	0000130C	43A1CFA6	43A1D1A6	0		ordinary_sample_offset
TALK3.DAT	talk_remainder	assembly_modulo_2000_contract	1092		1092	00001310	000E5125	000E5325	0		ordinary_sample_offset
TALK3.DAT	talk_remainder	assembly_modulo_2000_contract	1093		1093	00001314	001A1006	001A1206	0		ordinary_sample_offset
TALK3.DAT	talk_remainder	assembly_modulo_2000_contract	1094		1094	00001318	FFFF0FC9	FFFF11C9	0		ordinary_sample_offset
TALK3.DAT	talk_remainder	assembly_modulo_2000_contract	1095		1095	0000131C	004C0402	004C0602	0		ordinary_sample_offset
TALK3.DAT	talk_remainder	assembly_modulo_2000_contract	1096		1096	00001320	10071006	10071206	0		ordinary_sample_offset
TALK3.DAT	talk_remainder	assembly_modulo_2000_contract	1097		1097	00001324	01900043	01900243	0		ordinary_sample_offset
TALK3.DAT	talk_remainder	assembly_modulo_2000_contract	1098		1098	00001328	1006004C	1006024C	0		ordinary_sample_offset
TALK3.DAT	talk_remainder	assembly_modulo_2000_contract	1099		1099	0000132C	005B0001	005B0201	0		ordinary_sample_offset
TALK3.DAT	talk_remainder	assembly_modulo_2000_contract	1100		1100	00001330	00591006	00591206	0		ordinary_sample_offset
TALK3.DAT	talk_remainder	assembly_modulo_2000_contract	1101		1101	00001334	23301006	23301206	0		ordinary_sample_offset
TALK3.DAT	talk_remainder	assembly_modulo_2000_contract	1102		1102	00001338	00060010	00060210	0		ordinary_sample_offset
TALK3.DAT	talk_remainder	assembly_modulo_2000_contract	1103		1103	0000133C	A6B06FB3	A6B071B3	0		ordinary_sample_offset
TALK3.DAT	talk_remainder	assembly_modulo_2000_contract	1104		1104	00001340	43254FAC	432551AC	0		ordinary_sample_offset
TALK3.DAT	talk_remainder	assembly_modulo_2000_contract	1105		1105	00001344	AB6AA432	AB6AA632	0		ordinary_sample_offset
TALK3.DAT	talk_remainder	assembly_modulo_2000_contract	1106		1106	00001348	34432543	34432743	0		ordinary_sample_offset
TALK3.DAT	talk_remainder	assembly_modulo_2000_contract	1107		1107	0000134C	65A841A1	65A843A1	0		ordinary_sample_offset
TALK3.DAT	talk_remainder	assembly_modulo_2000_contract	1108		1108	00001350	43AB4FAC	43AB51AC	0		ordinary_sample_offset
TALK3.DAT	talk_remainder	assembly_modulo_2000_contract	1109		1109	00001354	F2B8E0A8	F2B8E2A8	0		ordinary_sample_offset
TALK3.DAT	talk_remainder	assembly_modulo_2000_contract	1110		1110	00001358	6CA46BA8	6CA46DA8	0		ordinary_sample_offset
TALK3.DAT	talk_remainder	assembly_modulo_2000_contract	1111		1111	0000135C	CDA57EBA	CDA580BA	0		ordinary_sample_offset
TALK3.DAT	talk_remainder	assembly_modulo_2000_contract	1112		1112	00001360	C4B2BAAA	C4B2BCAA	0		ordinary_sample_offset
TALK3.DAT	talk_remainder	assembly_modulo_2000_contract	1113		1113	00001364	A6B040A4	A6B042A4	0		ordinary_sample_offset
TALK3.DAT	talk_remainder	assembly_modulo_2000_contract	1114		1114	00001368	CFA670A4	CFA672A4	0		ordinary_sample_offset
TALK3.DAT	talk_remainder	assembly_modulo_2000_contract	1115		1115	0000136C	512543A1	512545A1	0		ordinary_sample_offset
TALK3.DAT	talk_remainder	assembly_modulo_2000_contract	1116		1116	00001370	1006000E	1006020E	0		ordinary_sample_offset
TALK3.DAT	talk_remainder	assembly_modulo_2000_contract	1117		1117	00001374	1006000B	1006020B	0		ordinary_sample_offset
TALK3.DAT	talk_remainder	assembly_modulo_2000_contract	1118		1118	00001378	FFFF0005	FFFF0205	0		ordinary_sample_offset
TALK3.DAT	talk_remainder	assembly_modulo_2000_contract	1119		1119	0000137C	004C0402	004C0602	0		ordinary_sample_offset
TALK3.DAT	talk_remainder	assembly_modulo_2000_contract	1120		1120	00001380	10081006	10081206	0		ordinary_sample_offset
TALK3.DAT	talk_remainder	assembly_modulo_2000_contract	1121		1121	00001384	01900043	01900243	0		ordinary_sample_offset
TALK3.DAT	talk_remainder	assembly_modulo_2000_contract	1122		1122	00001388	1006004C	1006024C	0		ordinary_sample_offset
TALK3.DAT	talk_remainder	assembly_modulo_2000_contract	1123		1123	0000138C	005B0001	005B0201	0		ordinary_sample_offset
TALK3.DAT	talk_remainder	assembly_modulo_2000_contract	1124		1124	00001390	00591006	00591206	0		ordinary_sample_offset
TALK3.DAT	talk_remainder	assembly_modulo_2000_contract	1125		1125	00001394	23301006	23301206	0		ordinary_sample_offset
TALK3.DAT	talk_remainder	assembly_modulo_2000_contract	1126		1126	00001398	00060010	00060210	0		ordinary_sample_offset
TALK3.DAT	talk_remainder	assembly_modulo_2000_contract	1127		1127	0000139C	A6B06FB3	A6B071B3	0		ordinary_sample_offset
TALK3.DAT	talk_remainder	assembly_modulo_2000_contract	1128		1128	000013A0	43254FAC	432551AC	0		ordinary_sample_offset
TALK3.DAT	talk_remainder	assembly_modulo_2000_contract	1129		1129	000013A4	AB7CA532	AB7CA732	0		ordinary_sample_offset
TALK3.DAT	talk_remainder	assembly_modulo_2000_contract	1130		1130	000013A8	34432543	34432743	0		ordinary_sample_offset
TALK3.DAT	talk_remainder	assembly_modulo_2000_contract	1131		1131	000013AC	65A841A1	65A843A1	0		ordinary_sample_offset
TALK3.DAT	talk_remainder	assembly_modulo_2000_contract	1132		1132	000013B0	43AB4FAC	43AB51AC	0		ordinary_sample_offset
TALK3.DAT	talk_remainder	assembly_modulo_2000_contract	1133		1133	000013B4	F2B8E0A8	F2B8E2A8	0		ordinary_sample_offset
TALK3.DAT	talk_remainder	assembly_modulo_2000_contract	1134		1134	000013B8	6CA46BA8	6CA46DA8	0		ordinary_sample_offset
TALK3.DAT	talk_remainder	assembly_modulo_2000_contract	1135		1135	000013BC	CDA57EBA	CDA580BA	0		ordinary_sample_offset
TALK3.DAT	talk_remainder	assembly_modulo_2000_contract	1136		1136	000013C0	70A4BAAA	70A4BCAA	0		ordinary_sample_offset
TALK3.DAT	talk_remainder	assembly_modulo_2000_contract	1137		1137	000013C4	CFA6BDA4	CFA6BFA4	0		ordinary_sample_offset
TALK3.DAT	talk_remainder	assembly_modulo_2000_contract	1138		1138	000013C8	512543A1	512545A1	0		ordinary_sample_offset
TALK3.DAT	talk_remainder	assembly_modulo_2000_contract	1139		1139	000013CC	1006000E	1006020E	0		ordinary_sample_offset
TALK3.DAT	talk_remainder	assembly_modulo_2000_contract	1140		1140	000013D0	1006000B	1006020B	0		ordinary_sample_offset
TALK3.DAT	talk_remainder	assembly_modulo_2000_contract	1141		1141	000013D4	FFFF0005	FFFF0205	0		ordinary_sample_offset
TALK3.DAT	talk_remainder	assembly_modulo_2000_contract	1142		1142	000013D8	004C0402	004C0602	0		ordinary_sample_offset
TALK3.DAT	talk_remainder	assembly_modulo_2000_contract	1143		1143	000013DC	10091006	10091206	0		ordinary_sample_offset
TALK3.DAT	talk_remainder	assembly_modulo_2000_contract	1144		1144	000013E0	01900043	01900243	0		ordinary_sample_offset
TALK3.DAT	talk_remainder	assembly_modulo_2000_contract	1145		1145	000013E4	1006004C	1006024C	0		ordinary_sample_offset
TALK3.DAT	talk_remainder	assembly_modulo_2000_contract	1146		1146	000013E8	005B0001	005B0201	0		ordinary_sample_offset
TALK3.DAT	talk_remainder	assembly_modulo_2000_contract	1147		1147	000013EC	00591006	00591206	0		ordinary_sample_offset
TALK3.DAT	talk_remainder	assembly_modulo_2000_contract	1148		1148	000013F0	23301006	23301206	0		ordinary_sample_offset
TALK3.DAT	talk_remainder	assembly_modulo_2000_contract	1149		1149	000013F4	00060010	00060210	0		ordinary_sample_offset
TALK3.DAT	talk_remainder	assembly_modulo_2000_contract	1150		1150	000013F8	A6B06FB3	A6B071B3	0		ordinary_sample_offset
TALK3.DAT	talk_remainder	assembly_modulo_2000_contract	1151		1151	000013FC	43254FAC	432551AC	0		ordinary_sample_offset
TALK3.DAT	talk_remainder	assembly_modulo_2000_contract	1152		1152	00001400	AB47A432	AB47A632	0		ordinary_sample_offset
TALK3.DAT	talk_remainder	assembly_modulo_2000_contract	1153		1153	00001404	34432543	34432743	0		ordinary_sample_offset
TALK3.DAT	talk_remainder	assembly_modulo_2000_contract	1154		1154	00001408	65A841A1	65A843A1	0		ordinary_sample_offset
TALK3.DAT	talk_remainder	assembly_modulo_2000_contract	1155		1155	0000140C	43AB4FAC	43AB51AC	0		ordinary_sample_offset
TALK3.DAT	talk_remainder	assembly_modulo_2000_contract	1156		1156	00001410	F2B8E0A8	F2B8E2A8	0		ordinary_sample_offset
TALK3.DAT	talk_remainder	assembly_modulo_2000_contract	1157		1157	00001414	6CA46BA8	6CA46DA8	0		ordinary_sample_offset
TALK3.DAT	talk_remainder	assembly_modulo_2000_contract	1158		1158	00001418	CDA57EBA	CDA580BA	0		ordinary_sample_offset
TALK3.DAT	talk_remainder	assembly_modulo_2000_contract	1159		1159	0000141C	C4B2BAAA	C4B2BCAA	0		ordinary_sample_offset
TALK3.DAT	talk_remainder	assembly_modulo_2000_contract	1160		1160	00001420	4CAD47A4	4CAD49A4	0		ordinary_sample_offset
TALK3.DAT	talk_remainder	assembly_modulo_2000_contract	1161		1161	00001424	512543A1	512545A1	0		ordinary_sample_offset
TALK3.DAT	talk_remainder	assembly_modulo_2000_contract	1162		1162	00001428	1006000E	1006020E	0		ordinary_sample_offset
TALK3.DAT	talk_remainder	assembly_modulo_2000_contract	1163		1163	0000142C	1006000B	1006020B	0		ordinary_sample_offset
TALK3.DAT	talk_remainder	assembly_modulo_2000_contract	1164		1164	00001430	FFFF0005	FFFF0205	0		ordinary_sample_offset
TALK3.DAT	talk_remainder	assembly_modulo_2000_contract	1165		1165	00001434	00430402	00430602	0		ordinary_sample_offset
TALK3.DAT	talk_remainder	assembly_modulo_2000_contract	1166		1166	00001438	004C0190	004C0390	0		ordinary_sample_offset
TALK3.DAT	talk_remainder	assembly_modulo_2000_contract	1167		1167	0000143C	00011006	00011206	1	FFFF	ordinary_sample_offset
TALK3.DAT	talk_remainder	assembly_modulo_2000_contract	1168		1168	00001440	1006005B	1006025B	0		ordinary_sample_offset
TALK3.DAT	talk_remainder	assembly_modulo_2000_contract	1169		1169	00001444	10060059	10060259	0		ordinary_sample_offset
TALK3.DAT	talk_remainder	assembly_modulo_2000_contract	1170		1170	00001448	00102330	00102530	0		ordinary_sample_offset
TALK3.DAT	talk_remainder	assembly_modulo_2000_contract	1171		1171	0000144C	6FB30006	6FB30206	0		ordinary_sample_offset
TALK3.DAT	talk_remainder	assembly_modulo_2000_contract	1172		1172	00001450	4FACA6B0	4FACA8B0	0		ordinary_sample_offset
TALK3.DAT	talk_remainder	assembly_modulo_2000_contract	1173		1173	00001454	A4324325	A4324525	0		ordinary_sample_offset
TALK3.DAT	talk_remainder	assembly_modulo_2000_contract	1174		1174	00001458	2543AB54	2543AD54	0		ordinary_sample_offset
TALK3.DAT	talk_remainder	assembly_modulo_2000_contract	1175		1175	0000145C	41A13443	41A13643	0		ordinary_sample_offset
TALK3.DAT	talk_remainder	assembly_modulo_2000_contract	1176		1176	00001460	4FAC65A8	4FAC67A8	0		ordinary_sample_offset
TALK3.DAT	talk_remainder	assembly_modulo_2000_contract	1177		1177	00001464	E0A843AB	E0A845AB	0		ordinary_sample_offset
TALK3.DAT	talk_remainder	assembly_modulo_2000_contract	1178		1178	00001468	6BA8F2B8	6BA8F4B8	0		ordinary_sample_offset
TALK3.DAT	talk_remainder	assembly_modulo_2000_contract	1179		1179	0000146C	7EBA6CA4	7EBA6EA4	0		ordinary_sample_offset
TALK3.DAT	talk_remainder	assembly_modulo_2000_contract	1180		1180	00001470	BAAACDA5	BAAACFA5	0		ordinary_sample_offset
TALK3.DAT	talk_remainder	assembly_modulo_2000_contract	1181		1181	00001474	40A4C4B2	40A4C6B2	0		ordinary_sample_offset
TALK3.DAT	talk_remainder	assembly_modulo_2000_contract	1182		1182	00001478	70A4A6B0	70A4A8B0	0		ordinary_sample_offset
TALK3.DAT	talk_remainder	assembly_modulo_2000_contract	1183		1183	0000147C	CFA6BDA4	CFA6BFA4	0		ordinary_sample_offset
TALK3.DAT	talk_remainder	assembly_modulo_2000_contract	1184		1184	00001480	512543A1	512545A1	0		ordinary_sample_offset
TALK3.DAT	talk_remainder	assembly_modulo_2000_contract	1185		1185	00001484	1006000E	1006020E	0		ordinary_sample_offset
TALK3.DAT	talk_remainder	assembly_modulo_2000_contract	1186		1186	00001488	1006000B	1006020B	0		ordinary_sample_offset
TALK3.DAT	talk_remainder	assembly_modulo_2000_contract	1187		1187	0000148C	FFFF0005	FFFF0205	0		ordinary_sample_offset
TALK3.DAT	talk_remainder	assembly_modulo_2000_contract	1188		1188	00001490	00430402	00430602	0		ordinary_sample_offset
TALK3.DAT	talk_remainder	assembly_modulo_2000_contract	1189		1189	00001494	004C0190	004C0390	0		ordinary_sample_offset
TALK3.DAT	talk_remainder	assembly_modulo_2000_contract	1190		1190	00001498	00011006	00011206	1	FFFF	ordinary_sample_offset
TALK3.DAT	talk_remainder	assembly_modulo_2000_contract	1191		1191	0000149C	1006005B	1006025B	0		ordinary_sample_offset
TALK3.DAT	talk_remainder	assembly_modulo_2000_contract	1192		1192	000014A0	10060059	10060259	0		ordinary_sample_offset
TALK3.DAT	talk_remainder	assembly_modulo_2000_contract	1193		1193	000014A4	00102330	00102530	0		ordinary_sample_offset
TALK3.DAT	talk_remainder	assembly_modulo_2000_contract	1194		1194	000014A8	6FB30006	6FB30206	0		ordinary_sample_offset
TALK3.DAT	talk_remainder	assembly_modulo_2000_contract	1195		1195	000014AC	4FACA6B0	4FACA8B0	0		ordinary_sample_offset
TALK3.DAT	talk_remainder	assembly_modulo_2000_contract	1196		1196	000014B0	A4324325	A4324525	0		ordinary_sample_offset
TALK3.DAT	talk_remainder	assembly_modulo_2000_contract	1197		1197	000014B4	2543AB70	2543AD70	0		ordinary_sample_offset
TALK3.DAT	talk_remainder	assembly_modulo_2000_contract	1198		1198	000014B8	41A13443	41A13643	0		ordinary_sample_offset
TALK3.DAT	talk_remainder	assembly_modulo_2000_contract	1199		1199	000014BC	4FAC65A8	4FAC67A8	0		ordinary_sample_offset
TALK3.DAT	talk_remainder	assembly_modulo_2000_contract	1200		1200	000014C0	E0A843AB	E0A845AB	0		ordinary_sample_offset
TALK3.DAT	talk_remainder	assembly_modulo_2000_contract	1201		1201	000014C4	6BA8F2B8	6BA8F4B8	0		ordinary_sample_offset
TALK3.DAT	talk_remainder	assembly_modulo_2000_contract	1202		1202	000014C8	7EBA6CA4	7EBA6EA4	0		ordinary_sample_offset
TALK3.DAT	talk_remainder	assembly_modulo_2000_contract	1203		1203	000014CC	CDA5E8AD	CDA5EAAD	0		ordinary_sample_offset
TALK3.DAT	talk_remainder	assembly_modulo_2000_contract	1204		1204	000014D0	5BA4A3A4	5BA4A5A4	0		ordinary_sample_offset
TALK3.DAT	talk_remainder	assembly_modulo_2000_contract	1205		1205	000014D4	70A4BAAA	70A4BCAA	0		ordinary_sample_offset
TALK3.DAT	talk_remainder	assembly_modulo_2000_contract	1206		1206	000014D8	CFA6C0A5	CFA6C2A5	0		ordinary_sample_offset
TALK3.DAT	talk_remainder	assembly_modulo_2000_contract	1207		1207	000014DC	512543A1	512545A1	0		ordinary_sample_offset
TALK3.DAT	talk_remainder	assembly_modulo_2000_contract	1208		1208	000014E0	1006000E	1006020E	0		ordinary_sample_offset
TALK3.DAT	talk_remainder	assembly_modulo_2000_contract	1209		1209	000014E4	1006000B	1006020B	0		ordinary_sample_offset
TALK3.DAT	talk_remainder	assembly_modulo_2000_contract	1210		1210	000014E8	FFFF0005	FFFF0205	0		ordinary_sample_offset
TALK3.DAT	talk_remainder	assembly_modulo_2000_contract	1211		1211	000014EC	000B0402	000B0602	0		ordinary_sample_offset
TALK3.DAT	talk_remainder	assembly_modulo_2000_contract	1212		1212	000014F0	00011006	00011206	1	FFFF	ordinary_sample_offset
TALK3.DAT	talk_remainder	assembly_modulo_2000_contract	1213		1213	000014F4	01900043	01900243	0		ordinary_sample_offset
TALK3.DAT	talk_remainder	assembly_modulo_2000_contract	1214		1214	000014F8	1006004C	1006024C	0		ordinary_sample_offset
TALK3.DAT	talk_remainder	assembly_modulo_2000_contract	1215		1215	000014FC	005B0001	005B0201	0		ordinary_sample_offset
TALK3.DAT	talk_remainder	assembly_modulo_2000_contract	1216		1216	00001500	00591006	00591206	0		ordinary_sample_offset
TALK3.DAT	talk_remainder	assembly_modulo_2000_contract	1217		1217	00001504	23301006	23301206	0		ordinary_sample_offset
TALK3.DAT	talk_remainder	assembly_modulo_2000_contract	1218		1218	00001508	00060010	00060210	0		ordinary_sample_offset
TALK3.DAT	talk_remainder	assembly_modulo_2000_contract	1219		1219	0000150C	A6B06FB3	A6B071B3	0		ordinary_sample_offset
TALK3.DAT	talk_remainder	assembly_modulo_2000_contract	1220		1220	00001510	43254FAC	432551AC	0		ordinary_sample_offset
TALK3.DAT	talk_remainder	assembly_modulo_2000_contract	1221		1221	00001514	A570A432	A570A632	0		ordinary_sample_offset
TALK3.DAT	talk_remainder	assembly_modulo_2000_contract	1222		1222	00001518	344325D5	344327D5	0		ordinary_sample_offset
TALK3.DAT	talk_remainder	assembly_modulo_2000_contract	1223		1223	0000151C	65A841A1	65A843A1	0		ordinary_sample_offset
TALK3.DAT	talk_remainder	assembly_modulo_2000_contract	1224		1224	00001520	D5A54FAC	D5A551AC	0		ordinary_sample_offset
TALK3.DAT	talk_remainder	assembly_modulo_2000_contract	1225		1225	00001524	F2B8B7B3	F2B8B9B3	0		ordinary_sample_offset
TALK3.DAT	talk_remainder	assembly_modulo_2000_contract	1226		1226	00001528	6CA46BA8	6CA46DA8	0		ordinary_sample_offset
TALK3.DAT	talk_remainder	assembly_modulo_2000_contract	1227		1227	0000152C	E8AD7EBA	E8AD80BA	0		ordinary_sample_offset
TALK3.DAT	talk_remainder	assembly_modulo_2000_contract	1228		1228	00001530	70A4CDA5	70A4CFA5	0		ordinary_sample_offset
TALK3.DAT	talk_remainder	assembly_modulo_2000_contract	1229		1229	00001534	CFA6BDA4	CFA6BFA4	0		ordinary_sample_offset
TALK3.DAT	talk_remainder	assembly_modulo_2000_contract	1230		1230	00001538	512543A1	512545A1	0		ordinary_sample_offset
TALK3.DAT	talk_remainder	assembly_modulo_2000_contract	1231		1231	0000153C	1006000E	1006020E	0		ordinary_sample_offset
TALK3.DAT	talk_remainder	assembly_modulo_2000_contract	1232		1232	00001540	1006000B	1006020B	0		ordinary_sample_offset
TALK3.DAT	talk_remainder	assembly_modulo_2000_contract	1233		1233	00001544	FFFF0005	FFFF0205	0		ordinary_sample_offset
TALK3.DAT	talk_remainder	assembly_modulo_2000_contract	1234		1234	00001548	00430402	00430602	0		ordinary_sample_offset
TALK3.DAT	talk_remainder	assembly_modulo_2000_contract	1235		1235	0000154C	004C0190	004C0390	0		ordinary_sample_offset
TALK3.DAT	talk_remainder	assembly_modulo_2000_contract	1236		1236	00001550	00011006	00011206	1	FFFF	ordinary_sample_offset
TALK3.DAT	talk_remainder	assembly_modulo_2000_contract	1237		1237	00001554	1006005B	1006025B	0		ordinary_sample_offset
TALK3.DAT	talk_remainder	assembly_modulo_2000_contract	1238		1238	00001558	10060059	10060259	0		ordinary_sample_offset
TALK3.DAT	talk_remainder	assembly_modulo_2000_contract	1239		1239	0000155C	00102330	00102530	0		ordinary_sample_offset
TALK3.DAT	talk_remainder	assembly_modulo_2000_contract	1240		1240	00001560	6FB30006	6FB30206	0		ordinary_sample_offset
TALK3.DAT	talk_remainder	assembly_modulo_2000_contract	1241		1241	00001564	4FACA6B0	4FACA8B0	0		ordinary_sample_offset
TALK3.DAT	talk_remainder	assembly_modulo_2000_contract	1242		1242	00001568	A4324325	A4324525	0		ordinary_sample_offset
TALK3.DAT	talk_remainder	assembly_modulo_2000_contract	1243		1243	0000156C	25B7B370	25B7B570	0		ordinary_sample_offset
TALK3.DAT	talk_remainder	assembly_modulo_2000_contract	1244		1244	00001570	41A13443	41A13643	0		ordinary_sample_offset
TALK3.DAT	talk_remainder	assembly_modulo_2000_contract	1245		1245	00001574	4FAC65A8	4FAC67A8	0		ordinary_sample_offset
TALK3.DAT	talk_remainder	assembly_modulo_2000_contract	1246		1246	00001578	B7B3D5A5	B7B3D7A5	0		ordinary_sample_offset
TALK3.DAT	talk_remainder	assembly_modulo_2000_contract	1247		1247	0000157C	6BA8F2B8	6BA8F4B8	0		ordinary_sample_offset
TALK3.DAT	talk_remainder	assembly_modulo_2000_contract	1248		1248	00001580	7EBA6CA4	7EBA6EA4	0		ordinary_sample_offset
TALK3.DAT	talk_remainder	assembly_modulo_2000_contract	1249		1249	00001584	CDA5E8AD	CDA5EAAD	0		ordinary_sample_offset
TALK3.DAT	talk_remainder	assembly_modulo_2000_contract	1250		1250	00001588	C0A570A4	C0A572A4	0		ordinary_sample_offset
TALK3.DAT	talk_remainder	assembly_modulo_2000_contract	1251		1251	0000158C	43A1CFA6	43A1D1A6	0		ordinary_sample_offset
TALK3.DAT	talk_remainder	assembly_modulo_2000_contract	1252		1252	00001590	000E5125	000E5325	0		ordinary_sample_offset
TALK3.DAT	talk_remainder	assembly_modulo_2000_contract	1253		1253	00001594	000B1006	000B1206	0		ordinary_sample_offset
TALK3.DAT	talk_remainder	assembly_modulo_2000_contract	1254		1254	00001598	00051006	00051206	0		ordinary_sample_offset
TALK3.DAT	talk_remainder	assembly_modulo_2000_contract	1255		1255	0000159C	0402FFFF	040301FF	0		ordinary_sample_offset
TALK3.DAT	talk_remainder	assembly_modulo_2000_contract	1256		1256	000015A0	01CE0015	01CE0215	0		ordinary_sample_offset
TALK3.DAT	talk_remainder	assembly_modulo_2000_contract	1257		1257	000015A4	0000143E	0000163E	1	004C	ordinary_sample_offset
TALK3.DAT	talk_remainder	assembly_modulo_2000_contract	1258		1258	000015A8	1006004C	1006024C	0		ordinary_sample_offset
TALK3.DAT	talk_remainder	assembly_modulo_2000_contract	1259		1259	000015AC	0043100E	0043120E	0		ordinary_sample_offset
TALK3.DAT	talk_remainder	assembly_modulo_2000_contract	1260		1260	000015B0	004C0190	004C0390	0		ordinary_sample_offset
TALK3.DAT	talk_remainder	assembly_modulo_2000_contract	1261		1261	000015B4	00011006	00011206	1	FFFF	ordinary_sample_offset
TALK3.DAT	talk_remainder	assembly_modulo_2000_contract	1262		1262	000015B8	1006005B	1006025B	0		ordinary_sample_offset
TALK3.DAT	talk_remainder	assembly_modulo_2000_contract	1263		1263	000015BC	10060059	10060259	0		ordinary_sample_offset
TALK3.DAT	talk_remainder	assembly_modulo_2000_contract	1264		1264	000015C0	00102330	00102530	0		ordinary_sample_offset
TALK3.DAT	talk_remainder	assembly_modulo_2000_contract	1265		1265	000015C4	6FB30006	6FB30206	0		ordinary_sample_offset
TALK3.DAT	talk_remainder	assembly_modulo_2000_contract	1266		1266	000015C8	4FACA6B0	4FACA8B0	0		ordinary_sample_offset
TALK3.DAT	talk_remainder	assembly_modulo_2000_contract	1267		1267	000015CC	AB324325	AB324525	0		ordinary_sample_offset
TALK3.DAT	talk_remainder	assembly_modulo_2000_contract	1268		1268	000015D0	25E0A843	25E0AA43	0		ordinary_sample_offset
TALK3.DAT	talk_remainder	assembly_modulo_2000_contract	1269		1269	000015D4	41A13443	41A13643	0		ordinary_sample_offset
TALK3.DAT	talk_remainder	assembly_modulo_2000_contract	1270		1270	000015D8	70A4DAA7	70A4DCA7	0		ordinary_sample_offset
TALK3.DAT	talk_remainder	assembly_modulo_2000_contract	1271		1271	000015DC	D4ADC9AE	D4ADCBAE	0		ordinary_sample_offset
TALK3.DAT	talk_remainder	assembly_modulo_2000_contract	1272		1272	000015E0	6FA673A5	6FA675A5	0		ordinary_sample_offset
TALK3.DAT	talk_remainder	assembly_modulo_2000_contract	1273		1273	000015E4	ECB543AB	ECB545AB	0		ordinary_sample_offset
TALK3.DAT	talk_remainder	assembly_modulo_2000_contract	1274		1274	000015E8	5DA641A1	5DA643A1	0		ordinary_sample_offset
TALK3.DAT	talk_remainder	assembly_modulo_2000_contract	1275		1275	000015EC	6FA6B0AC	6FA6B2AC	0		ordinary_sample_offset
TALK3.DAT	talk_remainder	assembly_modulo_2000_contract	1276		1276	000015F0	68A560B1	68A562B1	0		ordinary_sample_offset
TALK3.DAT	talk_remainder	assembly_modulo_2000_contract	1277		1277	000015F4	43AB6CB0	43AB6EB0	0		ordinary_sample_offset
TALK3.DAT	talk_remainder	assembly_modulo_2000_contract	1278		1278	000015F8	43A1ECB5	43A1EEB5	0		ordinary_sample_offset
TALK3.DAT	talk_remainder	assembly_modulo_2000_contract	1279		1279	000015FC	000E5125	000E5325	0		ordinary_sample_offset
TALK3.DAT	talk_remainder	assembly_modulo_2000_contract	1280		1280	00001600	00591006	00591206	0		ordinary_sample_offset
TALK3.DAT	talk_remainder	assembly_modulo_2000_contract	1281		1281	00001604	23301006	23301206	0		ordinary_sample_offset
TALK3.DAT	talk_remainder	assembly_modulo_2000_contract	1282		1282	00001608	00060010	00060210	0		ordinary_sample_offset
TALK3.DAT	talk_remainder	assembly_modulo_2000_contract	1283		1283	0000160C	CCB86FB3	CCB871B3	0		ordinary_sample_offset
TALK3.DAT	talk_remainder	assembly_modulo_2000_contract	1284		1284	00001610	A1B36AA4	A1B36CA4	0		ordinary_sample_offset
TALK3.DAT	talk_remainder	assembly_modulo_2000_contract	1285		1285	00001614	BAAAC0A4	BAAAC2A4	0		ordinary_sample_offset
TALK3.DAT	talk_remainder	assembly_modulo_2000_contract	1286		1286	00001618	CFA670A4	CFA672A4	0		ordinary_sample_offset
TALK3.DAT	talk_remainder	assembly_modulo_2000_contract	1287		1287	0000161C	4FACA3B3	4FACA5B3	0		ordinary_sample_offset
TALK3.DAT	talk_remainder	assembly_modulo_2000_contract	1288		1288	00001620	F2B86FA6	F2B871A6	0		ordinary_sample_offset
TALK3.DAT	talk_remainder	assembly_modulo_2000_contract	1289		1289	00001624	6CA46BA8	6CA46DA8	0		ordinary_sample_offset
TALK3.DAT	talk_remainder	assembly_modulo_2000_contract	1290		1290	00001628	CDA57EBA	CDA580BA	0		ordinary_sample_offset
TALK3.DAT	talk_remainder	assembly_modulo_2000_contract	1291		1291	0000162C	49A1BAAA	49A1BCAA	0		ordinary_sample_offset
TALK3.DAT	talk_remainder	assembly_modulo_2000_contract	1292		1292	00001630	000E5125	000E5325	0		ordinary_sample_offset
TALK3.DAT	talk_remainder	assembly_modulo_2000_contract	1293		1293	00001634	000B1006	000B1206	0		ordinary_sample_offset
TALK3.DAT	talk_remainder	assembly_modulo_2000_contract	1294		1294	00001638	00051006	00051206	0		ordinary_sample_offset
TALK3.DAT	talk_remainder	assembly_modulo_2000_contract	1295		1295	0000163C	004CFFFF	004D01FF	0		ordinary_sample_offset
TALK3.DAT	talk_remainder	assembly_modulo_2000_contract	1296		1296	00001640	00011005	00011205	1	FF00	ordinary_sample_offset
TALK3.DAT	talk_remainder	assembly_modulo_2000_contract	1297		1297	00001644	1005005B	1005025B	0		ordinary_sample_offset
TALK3.DAT	talk_remainder	assembly_modulo_2000_contract	1298		1298	00001648	10050059	10050259	0		ordinary_sample_offset
TALK3.DAT	talk_remainder	assembly_modulo_2000_contract	1299		1299	0000164C	00102330	00102530	0		ordinary_sample_offset
TALK3.DAT	talk_remainder	assembly_modulo_2000_contract	1300		1300	00001650	6FA60008	6FA60208	0		ordinary_sample_offset
TALK3.DAT	talk_remainder	assembly_modulo_2000_contract	1301		1301	00001654	77C5DFB3	77C5E1B3	0		ordinary_sample_offset
TALK3.DAT	talk_remainder	assembly_modulo_2000_contract	1302		1302	00001658	43AB6CB0	43AB6EB0	0		ordinary_sample_offset
TALK3.DAT	talk_remainder	assembly_modulo_2000_contract	1303		1303	0000165C	41A1ECB5	41A1EEB5	0		ordinary_sample_offset
TALK3.DAT	talk_remainder	assembly_modulo_2000_contract	1304		1304	00001660	48A5D2A9	48A5D4A9	0		ordinary_sample_offset
TALK3.DAT	talk_remainder	assembly_modulo_2000_contract	1305		1305	00001664	73A5DAA7	73A5DCA7	0		ordinary_sample_offset
TALK3.DAT	talk_remainder	assembly_modulo_2000_contract	1306		1306	00001668	43256FA6	432571A6	0		ordinary_sample_offset
TALK3.DAT	talk_remainder	assembly_modulo_2000_contract	1307		1307	0000166C	B543AB32	B543AD32	0		ordinary_sample_offset
TALK3.DAT	talk_remainder	assembly_modulo_2000_contract	1308		1308	00001670	344325EC	344327EC	0		ordinary_sample_offset
TALK3.DAT	talk_remainder	assembly_modulo_2000_contract	1309		1309	00001674	DDAC41A1	DDAC43A1	0		ordinary_sample_offset
TALK3.DAT	talk_remainder	assembly_modulo_2000_contract	1310		1310	00001678	6FB36FA6	6FB371A6	0		ordinary_sample_offset
TALK3.DAT	talk_remainder	assembly_modulo_2000_contract	1311		1311	0000167C	47BDF2BB	47BDF4BB	0		ordinary_sample_offset
TALK3.DAT	talk_remainder	assembly_modulo_2000_contract	1312		1312	00001680	41A170A4	41A172A4	0		ordinary_sample_offset
TALK3.DAT	talk_remainder	assembly_modulo_2000_contract	1313		1313	00001684	75AFDAA7	75AFDCA7	0		ordinary_sample_offset
TALK3.DAT	talk_remainder	assembly_modulo_2000_contract	1314		1314	00001688	DFA4E1BE	DFA4E3BE	0		ordinary_sample_offset
TALK3.DAT	talk_remainder	assembly_modulo_2000_contract	1315		1315	0000168C	A3A46FA6	A3A471A6	0		ordinary_sample_offset
TALK3.DAT	talk_remainder	assembly_modulo_2000_contract	1316		1316	00001690	CDA57CB7	CDA57EB7	0		ordinary_sample_offset
TALK3.DAT	talk_remainder	assembly_modulo_2000_contract	1317		1317	00001694	512543A1	512545A1	0		ordinary_sample_offset
TALK3.DAT	talk_remainder	assembly_modulo_2000_contract	1318		1318	00001698	1005000E	1005020E	0		ordinary_sample_offset
TALK3.DAT	talk_remainder	assembly_modulo_2000_contract	1319		1319	0000169C	10050059	10050259	0		ordinary_sample_offset
TALK3.DAT	talk_remainder	assembly_modulo_2000_contract	1320		1320	000016A0	00102330	00102530	0		ordinary_sample_offset
TALK3.DAT	talk_remainder	assembly_modulo_2000_contract	1321		1321	000016A4	4EB40006	4EB40206	0		ordinary_sample_offset
TALK3.DAT	talk_remainder	assembly_modulo_2000_contract	1322		1322	000016A8	7CB7E2BA	7CB7E4BA	0		ordinary_sample_offset
TALK3.DAT	talk_remainder	assembly_modulo_2000_contract	1323		1323	000016AC	41A1CDA5	41A1CFA5	0		ordinary_sample_offset
TALK3.DAT	talk_remainder	assembly_modulo_2000_contract	1324		1324	000016B0	C8A9A3AE	C8A9A5AE	0		ordinary_sample_offset
TALK3.DAT	talk_remainder	assembly_modulo_2000_contract	1325		1325	000016B4	A3A45DA4	A3A45FA4	0		ordinary_sample_offset
TALK3.DAT	talk_remainder	assembly_modulo_2000_contract	1326		1326	000016B8	A4A5F7B0	A4A5F9B0	0		ordinary_sample_offset
TALK3.DAT	talk_remainder	assembly_modulo_2000_contract	1327		1327	000016BC	FDC5F4A4	FDC5F6A4	0		ordinary_sample_offset
TALK3.DAT	talk_remainder	assembly_modulo_2000_contract	1328		1328	000016C0	CFA670A4	CFA672A4	0		ordinary_sample_offset
TALK3.DAT	talk_remainder	assembly_modulo_2000_contract	1329		1329	000016C4	DCB3CCAD	DCB3CEAD	0		ordinary_sample_offset
TALK3.DAT	talk_remainder	assembly_modulo_2000_contract	1330		1330	000016C8	512549A1	51254BA1	0		ordinary_sample_offset
TALK3.DAT	talk_remainder	assembly_modulo_2000_contract	1331		1331	000016CC	1005000E	1005020E	0		ordinary_sample_offset
TALK3.DAT	talk_remainder	assembly_modulo_2000_contract	1332		1332	000016D0	1005000B	1005020B	0		ordinary_sample_offset
TALK3.DAT	talk_remainder	assembly_modulo_2000_contract	1333		1333	000016D4	FFFF0001	FFFF0201	0		ordinary_sample_offset
TALK3.DAT	talk_remainder	assembly_modulo_2000_contract	1334		1334	000016D8	00150402	00150602	0		ordinary_sample_offset
TALK3.DAT	talk_remainder	assembly_modulo_2000_contract	1335		1335	000016DC	157001CE	157003CE	0		ordinary_sample_offset
TALK3.DAT	talk_remainder	assembly_modulo_2000_contract	1336		1336	000016E0	004C0000	004C0200	0		ordinary_sample_offset
TALK3.DAT	talk_remainder	assembly_modulo_2000_contract	1337		1337	000016E4	100F1006	100F1206	0		ordinary_sample_offset
TALK3.DAT	talk_remainder	assembly_modulo_2000_contract	1338		1338	000016E8	01900043	01900243	0		ordinary_sample_offset
TALK3.DAT	talk_remainder	assembly_modulo_2000_contract	1339		1339	000016EC	1006004C	1006024C	0		ordinary_sample_offset
TALK3.DAT	talk_remainder	assembly_modulo_2000_contract	1340		1340	000016F0	005B0001	005B0201	0		ordinary_sample_offset
TALK3.DAT	talk_remainder	assembly_modulo_2000_contract	1341		1341	000016F4	00591006	00591206	0		ordinary_sample_offset
TALK3.DAT	talk_remainder	assembly_modulo_2000_contract	1342		1342	000016F8	23301006	23301206	0		ordinary_sample_offset
TALK3.DAT	talk_remainder	assembly_modulo_2000_contract	1343		1343	000016FC	00060010	00060210	0		ordinary_sample_offset
TALK3.DAT	talk_remainder	assembly_modulo_2000_contract	1344		1344	00001700	4FACA6A5	4FACA8A5	0		ordinary_sample_offset
TALK3.DAT	talk_remainder	assembly_modulo_2000_contract	1345		1345	00001704	CCB3DAA7	CCB3DCA7	0		ordinary_sample_offset
TALK3.DAT	talk_remainder	assembly_modulo_2000_contract	1346		1346	00001708	69BEADA6	69BEAFA6	0		ordinary_sample_offset
TALK3.DAT	talk_remainder	assembly_modulo_2000_contract	1347		1347	0000170C	BDA4BAAA	BDA4BCAA	0		ordinary_sample_offset
TALK3.DAT	talk_remainder	assembly_modulo_2000_contract	1348		1348	00001710	41A1CFA6	41A1D1A6	0		ordinary_sample_offset
TALK3.DAT	talk_remainder	assembly_modulo_2000_contract	1349		1349	00001714	C0B4DAA7	C0B4DCA7	0		ordinary_sample_offset
TALK3.DAT	talk_remainder	assembly_modulo_2000_contract	1350		1350	00001718	FAA865A8	FAA867A8	0		ordinary_sample_offset
TALK3.DAT	talk_remainder	assembly_modulo_2000_contract	1351		1351	0000171C	B0AC57A6	B0AC59A6	0		ordinary_sample_offset
TALK3.DAT	talk_remainder	assembly_modulo_2000_contract	1352		1352	00001720	A8324325	A8324525	0		ordinary_sample_offset
TALK3.DAT	talk_remainder	assembly_modulo_2000_contract	1353		1353	00001724	BA6CA46B	BA6CA66B	0		ordinary_sample_offset
TALK3.DAT	talk_remainder	assembly_modulo_2000_contract	1354		1354	00001728	3443257E	3443277E	0		ordinary_sample_offset
TALK3.DAT	talk_remainder	assembly_modulo_2000_contract	1355		1355	0000172C	512543A1	512545A1	0		ordinary_sample_offset
TALK3.DAT	talk_remainder	assembly_modulo_2000_contract	1356		1356	00001730	1006000E	1006020E	0		ordinary_sample_offset
TALK3.DAT	talk_remainder	assembly_modulo_2000_contract	1357		1357	00001734	10060059	10060259	0		ordinary_sample_offset
TALK3.DAT	talk_remainder	assembly_modulo_2000_contract	1358		1358	00001738	00102330	00102530	0		ordinary_sample_offset
TALK3.DAT	talk_remainder	assembly_modulo_2000_contract	1359		1359	0000173C	6FB30006	6FB30206	0		ordinary_sample_offset
TALK3.DAT	talk_remainder	assembly_modulo_2000_contract	1360		1360	00001740	BAAACCB8	BAAACEB8	0		ordinary_sample_offset
TALK3.DAT	talk_remainder	assembly_modulo_2000_contract	1361		1361	00001744	CFA670A4	CFA672A4	0		ordinary_sample_offset
TALK3.DAT	talk_remainder	assembly_modulo_2000_contract	1362		1362	00001748	4FACA3B3	4FACA5B3	0		ordinary_sample_offset
TALK3.DAT	talk_remainder	assembly_modulo_2000_contract	1363		1363	0000174C	4DA965A8	4DA967A8	0		ordinary_sample_offset
TALK3.DAT	talk_remainder	assembly_modulo_2000_contract	1364		1364	00001750	E0A843AB	E0A845AB	0		ordinary_sample_offset
TALK3.DAT	talk_remainder	assembly_modulo_2000_contract	1365		1365	00001754	B3A6D9C1	B3A6DBC1	0		ordinary_sample_offset
TALK3.DAT	talk_remainder	assembly_modulo_2000_contract	1366		1366	00001758	B7B3D5A5	B7B3D7A5	0		ordinary_sample_offset
TALK3.DAT	talk_remainder	assembly_modulo_2000_contract	1367		1367	0000175C	BAAACDA5	BAAACFA5	0		ordinary_sample_offset
TALK3.DAT	talk_remainder	assembly_modulo_2000_contract	1368		1368	00001760	512549A1	51254BA1	0		ordinary_sample_offset
TALK3.DAT	talk_remainder	assembly_modulo_2000_contract	1369		1369	00001764	1006000E	1006020E	0		ordinary_sample_offset
TALK3.DAT	talk_remainder	assembly_modulo_2000_contract	1370		1370	00001768	1006000B	1006020B	0		ordinary_sample_offset
TALK3.DAT	talk_remainder	assembly_modulo_2000_contract	1371		1371	0000176C	FFFF0005	FFFF0205	0		ordinary_sample_offset
TALK3.DAT	talk_remainder	assembly_modulo_2000_contract	1372		1372	00001770	1005004C	1005024C	0		ordinary_sample_offset
TALK3.DAT	talk_remainder	assembly_modulo_2000_contract	1373		1373	00001774	005B0001	005B0201	0		ordinary_sample_offset
TALK3.DAT	talk_remainder	assembly_modulo_2000_contract	1374		1374	00001778	00591005	00591205	0		ordinary_sample_offset
TALK3.DAT	talk_remainder	assembly_modulo_2000_contract	1375		1375	0000177C	23301005	23301205	0		ordinary_sample_offset
TALK3.DAT	talk_remainder	assembly_modulo_2000_contract	1376		1376	00001780	00060010	00060210	0		ordinary_sample_offset
TALK3.DAT	talk_remainder	assembly_modulo_2000_contract	1377		1377	00001784	A3B3DAA7	A3B3DCA7	0		ordinary_sample_offset
TALK3.DAT	talk_remainder	assembly_modulo_2000_contract	1378		1378	00001788	4CA573A5	4CA575A5	0		ordinary_sample_offset
TALK3.DAT	talk_remainder	assembly_modulo_2000_contract	1379		1379	0000178C	A8324325	A8324525	0		ordinary_sample_offset
TALK3.DAT	talk_remainder	assembly_modulo_2000_contract	1380		1380	00001790	BA6CA46B	BA6CA66B	0		ordinary_sample_offset
TALK3.DAT	talk_remainder	assembly_modulo_2000_contract	1381		1381	00001794	3443257E	3443277E	0		ordinary_sample_offset
TALK3.DAT	talk_remainder	assembly_modulo_2000_contract	1382		1382	00001798	4CA541A1	4CA543A1	0		ordinary_sample_offset
TALK3.DAT	talk_remainder	assembly_modulo_2000_contract	1383		1383	0000179C	6FB34FAC	6FB351AC	0		ordinary_sample_offset
TALK3.DAT	talk_remainder	assembly_modulo_2000_contract	1384		1384	000017A0	DFB0CCB8	DFB0CEB8	0		ordinary_sample_offset
TALK3.DAT	talk_remainder	assembly_modulo_2000_contract	1385		1385	000017A4	BAAA40A4	BAAA42A4	0		ordinary_sample_offset
TALK3.DAT	talk_remainder	assembly_modulo_2000_contract	1386		1386	000017A8	CFA6BDA4	CFA6BFA4	0		ordinary_sample_offset
TALK3.DAT	talk_remainder	assembly_modulo_2000_contract	1387		1387	000017AC	512543A1	512545A1	0		ordinary_sample_offset
TALK3.DAT	talk_remainder	assembly_modulo_2000_contract	1388		1388	000017B0	1005000E	1005020E	0		ordinary_sample_offset
TALK3.DAT	talk_remainder	assembly_modulo_2000_contract	1389		1389	000017B4	10050059	10050259	0		ordinary_sample_offset
TALK3.DAT	talk_remainder	assembly_modulo_2000_contract	1390		1390	000017B8	00102330	00102530	0		ordinary_sample_offset
TALK3.DAT	talk_remainder	assembly_modulo_2000_contract	1391		1391	000017BC	C6A70006	C6A70206	0		ordinary_sample_offset
TALK3.DAT	talk_remainder	assembly_modulo_2000_contract	1392		1392	000017C0	4CA5E6B1	4CA5E8B1	0		ordinary_sample_offset
TALK3.DAT	talk_remainder	assembly_modulo_2000_contract	1393		1393	000017C4	FDC5E0AF	FDC5E2AF	0		ordinary_sample_offset
TALK3.DAT	talk_remainder	assembly_modulo_2000_contract	1394		1394	000017C8	AB324325	AB324525	0		ordinary_sample_offset
TALK3.DAT	talk_remainder	assembly_modulo_2000_contract	1395		1395	000017CC	25ECB543	25ECB743	0		ordinary_sample_offset
TALK3.DAT	talk_remainder	assembly_modulo_2000_contract	1396		1396	000017D0	4DA93443	4DA93643	0		ordinary_sample_offset
TALK3.DAT	talk_remainder	assembly_modulo_2000_contract	1397		1397	000017D4	A5324325	A5324525	0		ordinary_sample_offset
TALK3.DAT	talk_remainder	assembly_modulo_2000_contract	1398		1398	000017D8	25DFA8D5	25DFAAD5	0		ordinary_sample_offset
TALK3.DAT	talk_remainder	assembly_modulo_2000_contract	1399		1399	000017DC	D6A73443	D6A73643	0		ordinary_sample_offset
TALK3.DAT	talk_remainder	assembly_modulo_2000_contract	1400		1400	000017E0	CDA5D6A7	CDA5D8A7	0		ordinary_sample_offset
TALK3.DAT	talk_remainder	assembly_modulo_2000_contract	1401		1401	000017E4	40A458A5	40A45AA5	0		ordinary_sample_offset
TALK3.DAT	talk_remainder	assembly_modulo_2000_contract	1402		1402	000017E8	73B86AA4	73B86CA4	0		ordinary_sample_offset
TALK3.DAT	talk_remainder	assembly_modulo_2000_contract	1403		1403	000017EC	CFA670A4	CFA672A4	0		ordinary_sample_offset
TALK3.DAT	talk_remainder	assembly_modulo_2000_contract	1404		1404	000017F0	49A1D3A8	49A1D5A8	0		ordinary_sample_offset
TALK3.DAT	talk_remainder	assembly_modulo_2000_contract	1405		1405	000017F4	000E5125	000E5325	0		ordinary_sample_offset
TALK3.DAT	talk_remainder	assembly_modulo_2000_contract	1406		1406	000017F8	000B1005	000B1205	0		ordinary_sample_offset
TALK3.DAT	talk_remainder	assembly_modulo_2000_contract	1407		1407	000017FC	00011005	00011205	1	FF00	ordinary_sample_offset
TALK3.DAT	talk_remainder	assembly_modulo_2000_contract	1408		1408	00001800	0402FFFF	040301FF	0		ordinary_sample_offset
TALK3.DAT	talk_remainder	assembly_modulo_2000_contract	1409		1409	00001804	01CE0015	01CE0215	0		ordinary_sample_offset
TALK3.DAT	talk_remainder	assembly_modulo_2000_contract	1410		1410	00001808	000016A0	000018A0	1	004C	ordinary_sample_offset
TALK3.DAT	talk_remainder	assembly_modulo_2000_contract	1411		1411	0000180C	1006004C	1006024C	0		ordinary_sample_offset
TALK3.DAT	talk_remainder	assembly_modulo_2000_contract	1412		1412	00001810	00431010	00431210	0		ordinary_sample_offset
TALK3.DAT	talk_remainder	assembly_modulo_2000_contract	1413		1413	00001814	004C0190	004C0390	0		ordinary_sample_offset
TALK3.DAT	talk_remainder	assembly_modulo_2000_contract	1414		1414	00001818	00011006	00011206	1	FFFF	ordinary_sample_offset
TALK3.DAT	talk_remainder	assembly_modulo_2000_contract	1415		1415	0000181C	1006005B	1006025B	0		ordinary_sample_offset
TALK3.DAT	talk_remainder	assembly_modulo_2000_contract	1416		1416	00001820	10060059	10060259	0		ordinary_sample_offset
TALK3.DAT	talk_remainder	assembly_modulo_2000_contract	1417		1417	00001824	00102330	00102530	0		ordinary_sample_offset
TALK3.DAT	talk_remainder	assembly_modulo_2000_contract	1418		1418	00001828	65A80006	65A80206	0		ordinary_sample_offset
TALK3.DAT	talk_remainder	assembly_modulo_2000_contract	1419		1419	0000182C	CDA558A5	CDA55AA5	0		ordinary_sample_offset
TALK3.DAT	talk_remainder	assembly_modulo_2000_contract	1420		1420	00001830	4EB4C9AE	4EB4CBAE	0		ordinary_sample_offset
TALK3.DAT	talk_remainder	assembly_modulo_2000_contract	1421		1421	00001834	40A4B3B9	40A4B5B9	0		ordinary_sample_offset
TALK3.DAT	talk_remainder	assembly_modulo_2000_contract	1422		1422	00001838	70A4A6B0	70A4A8B0	0		ordinary_sample_offset
TALK3.DAT	talk_remainder	assembly_modulo_2000_contract	1423		1423	0000183C	DFA8D5A5	DFA8D7A5	0		ordinary_sample_offset
TALK3.DAT	talk_remainder	assembly_modulo_2000_contract	1424		1424	00001840	D2A941A1	D2A943A1	0		ordinary_sample_offset
TALK3.DAT	talk_remainder	assembly_modulo_2000_contract	1425		1425	00001844	DAA748A5	DAA74AA5	0		ordinary_sample_offset
TALK3.DAT	talk_remainder	assembly_modulo_2000_contract	1426		1426	00001848	65A873A5	65A875A5	0		ordinary_sample_offset
TALK3.DAT	talk_remainder	assembly_modulo_2000_contract	1427		1427	0000184C	A5324325	A5324525	0		ordinary_sample_offset
TALK3.DAT	talk_remainder	assembly_modulo_2000_contract	1428		1428	00001850	25DFA8D5	25DFAAD5	0		ordinary_sample_offset
TALK3.DAT	talk_remainder	assembly_modulo_2000_contract	1429		1429	00001854	43A13443	43A13643	0		ordinary_sample_offset
TALK3.DAT	talk_remainder	assembly_modulo_2000_contract	1430		1430	00001858	000E5125	000E5325	0		ordinary_sample_offset
TALK3.DAT	talk_remainder	assembly_modulo_2000_contract	1431		1431	0000185C	00591006	00591206	0		ordinary_sample_offset
TALK3.DAT	talk_remainder	assembly_modulo_2000_contract	1432		1432	00001860	23301006	23301206	0		ordinary_sample_offset
TALK3.DAT	talk_remainder	assembly_modulo_2000_contract	1433		1433	00001864	00060010	00060210	0		ordinary_sample_offset
TALK3.DAT	talk_remainder	assembly_modulo_2000_contract	1434		1434	00001868	BBA5ECAD	BBA5EEAD	0		ordinary_sample_offset
TALK3.DAT	talk_remainder	assembly_modulo_2000_contract	1435		1435	0000186C	48A5D9C1	48A5DBC1	0		ordinary_sample_offset
TALK3.DAT	talk_remainder	assembly_modulo_2000_contract	1436		1436	00001870	65A8B0AC	65A8B2AC	0		ordinary_sample_offset
TALK3.DAT	talk_remainder	assembly_modulo_2000_contract	1437		1437	00001874	7CB7DCAB	7CB7DEAB	0		ordinary_sample_offset
TALK3.DAT	talk_remainder	assembly_modulo_2000_contract	1438		1438	00001878	41A1CDA5	41A1CFA5	0		ordinary_sample_offset
TALK3.DAT	talk_remainder	assembly_modulo_2000_contract	1439		1439	0000187C	51B753A8	51B755A8	0		ordinary_sample_offset
TALK3.DAT	talk_remainder	assembly_modulo_2000_contract	1440		1440	00001880	7EA9ECA8	7EA9EEA8	0		ordinary_sample_offset
TALK3.DAT	talk_remainder	assembly_modulo_2000_contract	1441		1441	00001884	75A54DB5	75A54FB5	0		ordinary_sample_offset
TALK3.DAT	talk_remainder	assembly_modulo_2000_contract	1442		1442	00001888	46A4CDA5	46A4CFA5	0		ordinary_sample_offset
TALK3.DAT	talk_remainder	assembly_modulo_2000_contract	1443		1443	0000188C	A6B0E2A8	A6B0E4A8	0		ordinary_sample_offset
TALK3.DAT	talk_remainder	assembly_modulo_2000_contract	1444		1444	00001890	512549A1	51254BA1	0		ordinary_sample_offset
TALK3.DAT	talk_remainder	assembly_modulo_2000_contract	1445		1445	00001894	1006000E	1006020E	0		ordinary_sample_offset
TALK3.DAT	talk_remainder	assembly_modulo_2000_contract	1446		1446	00001898	1006000B	1006020B	0		ordinary_sample_offset
TALK3.DAT	talk_remainder	assembly_modulo_2000_contract	1447		1447	0000189C	FFFF0005	FFFF0205	0		ordinary_sample_offset
TALK3.DAT	talk_remainder	assembly_modulo_2000_contract	1448		1448	000018A0	1005004C	1005024C	0		ordinary_sample_offset
TALK3.DAT	talk_remainder	assembly_modulo_2000_contract	1449		1449	000018A4	005B0001	005B0201	0		ordinary_sample_offset
TALK3.DAT	talk_remainder	assembly_modulo_2000_contract	1450		1450	000018A8	00591005	00591205	0		ordinary_sample_offset
TALK3.DAT	talk_remainder	assembly_modulo_2000_contract	1451		1451	000018AC	23301005	23301205	0		ordinary_sample_offset
TALK3.DAT	talk_remainder	assembly_modulo_2000_contract	1452		1452	000018B0	00060010	00060210	0		ordinary_sample_offset
TALK3.DAT	talk_remainder	assembly_modulo_2000_contract	1453		1453	000018B4	58A565A8	58A567A8	0		ordinary_sample_offset
TALK3.DAT	talk_remainder	assembly_modulo_2000_contract	1454		1454	000018B8	C9AECDA5	C9AECFA5	0		ordinary_sample_offset
TALK3.DAT	talk_remainder	assembly_modulo_2000_contract	1455		1455	000018BC	B3B94EB4	B3B950B4	0		ordinary_sample_offset
TALK3.DAT	talk_remainder	assembly_modulo_2000_contract	1456		1456	000018C0	A6B040A4	A6B042A4	0		ordinary_sample_offset
TALK3.DAT	talk_remainder	assembly_modulo_2000_contract	1457		1457	000018C4	D5A570A4	D5A572A4	0		ordinary_sample_offset
TALK3.DAT	talk_remainder	assembly_modulo_2000_contract	1458		1458	000018C8	41A1DFA8	41A1E1A8	0		ordinary_sample_offset
TALK3.DAT	talk_remainder	assembly_modulo_2000_contract	1459		1459	000018CC	48A5D2A9	48A5D4A9	0		ordinary_sample_offset
TALK3.DAT	talk_remainder	assembly_modulo_2000_contract	1460		1460	000018D0	73A5DAA7	73A5DCA7	0		ordinary_sample_offset
TALK3.DAT	talk_remainder	assembly_modulo_2000_contract	1461		1461	000018D4	432565A8	432567A8	0		ordinary_sample_offset
TALK3.DAT	talk_remainder	assembly_modulo_2000_contract	1462		1462	000018D8	A8D5A532	A8D5A732	0		ordinary_sample_offset
TALK3.DAT	talk_remainder	assembly_modulo_2000_contract	1463		1463	000018DC	344325DF	344327DF	0		ordinary_sample_offset
TALK3.DAT	talk_remainder	assembly_modulo_2000_contract	1464		1464	000018E0	512543A1	512545A1	0		ordinary_sample_offset
TALK3.DAT	talk_remainder	assembly_modulo_2000_contract	1465		1465	000018E4	1005000E	1005020E	0		ordinary_sample_offset
TALK3.DAT	talk_remainder	assembly_modulo_2000_contract	1466		1466	000018E8	10050059	10050259	0		ordinary_sample_offset
TALK3.DAT	talk_remainder	assembly_modulo_2000_contract	1467		1467	000018EC	00102330	00102530	0		ordinary_sample_offset
TALK3.DAT	talk_remainder	assembly_modulo_2000_contract	1468		1468	000018F0	DAA70006	DAA70206	0		ordinary_sample_offset
TALK3.DAT	talk_remainder	assembly_modulo_2000_contract	1469		1469	000018F4	D1A443A8	D1A445A8	0		ordinary_sample_offset
TALK3.DAT	talk_remainder	assembly_modulo_2000_contract	1470		1470	000018F8	65A8FDC1	65A8FFC1	0		ordinary_sample_offset
TALK3.DAT	talk_remainder	assembly_modulo_2000_contract	1471		1471	000018FC	68A6DCAB	68A6DEAB	0		ordinary_sample_offset
TALK3.DAT	talk_remainder	assembly_modulo_2000_contract	1472		1472	00001900	F3AF43AB	F3AF45AB	0		ordinary_sample_offset
TALK3.DAT	talk_remainder	assembly_modulo_2000_contract	1473		1473	00001904	65A841A1	65A843A1	0		ordinary_sample_offset
TALK3.DAT	talk_remainder	assembly_modulo_2000_contract	1474		1474	00001908	BAAACDA5	BAAACFA5	0		ordinary_sample_offset
TALK3.DAT	talk_remainder	assembly_modulo_2000_contract	1475		1475	0000190C	CFA670A4	CFA672A4	0		ordinary_sample_offset
TALK3.DAT	talk_remainder	assembly_modulo_2000_contract	1476		1476	00001910	77A940A4	77A942A4	0		ordinary_sample_offset
TALK3.DAT	talk_remainder	assembly_modulo_2000_contract	1477		1477	00001914	D5A5D5A5	D5A5D7A5	0		ordinary_sample_offset
TALK3.DAT	talk_remainder	assembly_modulo_2000_contract	1478		1478	00001918	44AD44AD	44AD46AD	0		ordinary_sample_offset
TALK3.DAT	talk_remainder	assembly_modulo_2000_contract	1479		1479	0000191C	512549A1	51254BA1	0		ordinary_sample_offset
TALK3.DAT	talk_remainder	assembly_modulo_2000_contract	1480		1480	00001920	1005000E	1005020E	0		ordinary_sample_offset
TALK3.DAT	talk_remainder	assembly_modulo_2000_contract	1481		1481	00001924	1005000B	1005020B	0		ordinary_sample_offset
TALK3.DAT	talk_remainder	assembly_modulo_2000_contract	1482		1482	00001928	FFFF0001	FFFF0201	0		ordinary_sample_offset
TALK3.DAT	talk_remainder	assembly_modulo_2000_contract	1483		1483	0000192C	FFFF0402	FFFF0602	0		ordinary_sample_offset
TALK3.DAT	talk_remainder	assembly_modulo_2000_contract	1484		1484	00001930	005B0402	005B0602	0		ordinary_sample_offset
TALK3.DAT	talk_remainder	assembly_modulo_2000_contract	1485		1485	00001934	00591012	00591212	0		ordinary_sample_offset
TALK3.DAT	talk_remainder	assembly_modulo_2000_contract	1486		1486	00001938	23301012	23301212	0		ordinary_sample_offset
TALK3.DAT	talk_remainder	assembly_modulo_2000_contract	1487		1487	0000193C	00060010	00060210	0		ordinary_sample_offset
TALK3.DAT	talk_remainder	assembly_modulo_2000_contract	1488		1488	00001940	E3A1FCAD	E3A1FEAD	0		ordinary_sample_offset
TALK3.DAT	talk_remainder	assembly_modulo_2000_contract	1489		1489	00001944	71B1DBA6	71B1DDA6	0		ordinary_sample_offset
TALK3.DAT	talk_remainder	assembly_modulo_2000_contract	1490		1490	00001948	E0A86BA4	E0A86DA4	0		ordinary_sample_offset
TALK3.DAT	talk_remainder	assembly_modulo_2000_contract	1491		1491	0000194C	F9B658A5	F9B65AA5	0		ordinary_sample_offset
TALK3.DAT	talk_remainder	assembly_modulo_2000_contract	1492		1492	00001950	E1ABA7A4	E1ABA9A4	0		ordinary_sample_offset
TALK3.DAT	talk_remainder	assembly_modulo_2000_contract	1493		1493	00001954	57BF41A1	57BF43A1	0		ordinary_sample_offset
TALK3.DAT	talk_remainder	assembly_modulo_2000_contract	1494		1494	00001958	CDA5DBA6	CDA5DDA6	0		ordinary_sample_offset
TALK3.DAT	talk_remainder	assembly_modulo_2000_contract	1495		1495	0000195C	BAAAA1AC	BAAAA3AC	0		ordinary_sample_offset
TALK3.DAT	talk_remainder	assembly_modulo_2000_contract	1496		1496	00001960	6CA4E9A4	6CA4EBA4	0		ordinary_sample_offset
TALK3.DAT	talk_remainder	assembly_modulo_2000_contract	1497		1497	00001964	6FB14CB9	6FB14EB9	0		ordinary_sample_offset
TALK3.DAT	talk_remainder	assembly_modulo_2000_contract	1498		1498	00001968	74A96EA6	74A970A6	0		ordinary_sample_offset
TALK3.DAT	talk_remainder	assembly_modulo_2000_contract	1499		1499	0000196C	43A1E6B3	43A1E8B3	0		ordinary_sample_offset
TALK3.DAT	talk_remainder	assembly_modulo_2000_contract	1500		1500	00001970	000E5125	000E5325	0		ordinary_sample_offset
TALK3.DAT	talk_remainder	assembly_modulo_2000_contract	1501		1501	00001974	00591012	00591212	0		ordinary_sample_offset
TALK3.DAT	talk_remainder	assembly_modulo_2000_contract	1502		1502	00001978	23301012	23301212	0		ordinary_sample_offset
TALK3.DAT	talk_remainder	assembly_modulo_2000_contract	1503		1503	0000197C	00060010	00060210	0		ordinary_sample_offset
TALK3.DAT	talk_remainder	assembly_modulo_2000_contract	1504		1504	00001980	5DA4DAA7	5DA4DCA7	0		ordinary_sample_offset
TALK3.DAT	talk_remainder	assembly_modulo_2000_contract	1505		1505	00001984	B3A653A8	B3A655A8	0		ordinary_sample_offset
TALK3.DAT	talk_remainder	assembly_modulo_2000_contract	1506		1506	00001988	6CA4E0A8	6CA4E2A8	0		ordinary_sample_offset
TALK3.DAT	talk_remainder	assembly_modulo_2000_contract	1507		1507	0000198C	A5B541A1	A5B543A1	0		ordinary_sample_offset
TALK3.DAT	talk_remainder	assembly_modulo_2000_contract	1508		1508	00001990	C0B6ECA8	C0B6EEA8	0		ordinary_sample_offset
TALK3.DAT	talk_remainder	assembly_modulo_2000_contract	1509		1509	00001994	D7B275AC	D7B277AC	0		ordinary_sample_offset
TALK3.DAT	talk_remainder	assembly_modulo_2000_contract	1510		1510	00001998	A7A4D1A6	A7A4D3A6	0		ordinary_sample_offset
TALK3.DAT	talk_remainder	assembly_modulo_2000_contract	1511		1511	0000199C	41A1C9AE	41A1CBAE	0		ordinary_sample_offset
TALK3.DAT	talk_remainder	assembly_modulo_2000_contract	1512		1512	000019A0	61AE6FB3	61AE71B3	0		ordinary_sample_offset
TALK3.DAT	talk_remainder	assembly_modulo_2000_contract	1513		1513	000019A4	6EADB1A9	6EADB3A9	0		ordinary_sample_offset
TALK3.DAT	talk_remainder	assembly_modulo_2000_contract	1514		1514	000019A8	49A5ABA6	49A5ADA6	0		ordinary_sample_offset
TALK3.DAT	talk_remainder	assembly_modulo_2000_contract	1515		1515	000019AC	48A1D6BD	48A1D8BD	0		ordinary_sample_offset
TALK3.DAT	talk_remainder	assembly_modulo_2000_contract	1516		1516	000019B0	000E5125	000E5325	0		ordinary_sample_offset
TALK3.DAT	talk_remainder	assembly_modulo_2000_contract	1517		1517	000019B4	FFFF1012	FFFF1212	0		ordinary_sample_offset
TALK3.DAT	talk_remainder	assembly_modulo_2000_contract	1518		1518	000019B8	005B0402	005B0602	0		ordinary_sample_offset
TALK3.DAT	talk_remainder	assembly_modulo_2000_contract	1519		1519	000019BC	00591013	00591213	0		ordinary_sample_offset
TALK3.DAT	talk_remainder	assembly_modulo_2000_contract	1520		1520	000019C0	23301013	23301213	0		ordinary_sample_offset
TALK3.DAT	talk_remainder	assembly_modulo_2000_contract	1521		1521	000019C4	00060012	00060212	0		ordinary_sample_offset
TALK3.DAT	talk_remainder	assembly_modulo_2000_contract	1522		1522	000019C8	52AFFCAA	52AFFEAA	0		ordinary_sample_offset
TALK3.DAT	talk_remainder	assembly_modulo_2000_contract	1523		1523	000019CC	DFA440A4	DFA442A4	0		ordinary_sample_offset
TALK3.DAT	talk_remainder	assembly_modulo_2000_contract	1524		1524	000019D0	DAA7B0C0	DAA7B2C0	0		ordinary_sample_offset
TALK3.DAT	talk_remainder	assembly_modulo_2000_contract	1525		1525	000019D4	D3ADE4A7	D3ADE6A7	0		ordinary_sample_offset
TALK3.DAT	talk_remainder	assembly_modulo_2000_contract	1526		1526	000019D8	61AE43B1	61AE45B1	0		ordinary_sample_offset
TALK3.DAT	talk_remainder	assembly_modulo_2000_contract	1527		1527	000019DC	FDA641A1	FDA643A1	0		ordinary_sample_offset
TALK3.DAT	talk_remainder	assembly_modulo_2000_contract	1528		1528	000019E0	59ADDAA7	59ADDCA7	0		ordinary_sample_offset
TALK3.DAT	talk_remainder	assembly_modulo_2000_contract	1529		1529	000019E4	F9B658A5	F9B65AA5	0		ordinary_sample_offset
TALK3.DAT	talk_remainder	assembly_modulo_2000_contract	1530		1530	000019E8	41A146A4	41A148A4	0		ordinary_sample_offset
TALK3.DAT	talk_remainder	assembly_modulo_2000_contract	1531		1531	000019EC	D3A8D6BD	D3A8D8BD	0		ordinary_sample_offset
TALK3.DAT	talk_remainder	assembly_modulo_2000_contract	1532		1532	000019F0	55C5D3B7	55C5D5B7	0		ordinary_sample_offset
TALK3.DAT	talk_remainder	assembly_modulo_2000_contract	1533		1533	000019F4	52AFFCAA	52AFFEAA	0		ordinary_sample_offset
TALK3.DAT	talk_remainder	assembly_modulo_2000_contract	1534		1534	000019F8	48A14FA9	48A151A9	0		ordinary_sample_offset
TALK3.DAT	talk_remainder	assembly_modulo_2000_contract	1535		1535	000019FC	000E5125	000E5325	0		ordinary_sample_offset
TALK3.DAT	talk_remainder	assembly_modulo_2000_contract	1536		1536	00001A00	FFFF1013	FFFF1213	0		ordinary_sample_offset
TALK3.DAT	talk_remainder	assembly_modulo_2000_contract	1537		1537	00001A04	00150402	00150602	0		ordinary_sample_offset
TALK3.DAT	talk_remainder	assembly_modulo_2000_contract	1538		1538	00001A08	18A00FCA	18A011CA	0		ordinary_sample_offset
TALK3.DAT	talk_remainder	assembly_modulo_2000_contract	1539		1539	00001A0C	005B0000	005B0200	0		ordinary_sample_offset
TALK3.DAT	talk_remainder	assembly_modulo_2000_contract	1540		1540	00001A10	00591014	00591214	0		ordinary_sample_offset
TALK3.DAT	talk_remainder	assembly_modulo_2000_contract	1541		1541	00001A14	23301014	23301214	0		ordinary_sample_offset
TALK3.DAT	talk_remainder	assembly_modulo_2000_contract	1542		1542	00001A18	00080010	00080210	0		ordinary_sample_offset
TALK3.DAT	talk_remainder	assembly_modulo_2000_contract	1543		1543	00001A1C	61AEDAA7	61AEDCA7	0		ordinary_sample_offset
TALK3.DAT	talk_remainder	assembly_modulo_2000_contract	1544		1544	00001A20	FCAF50BB	FCAF52BB	0		ordinary_sample_offset
TALK3.DAT	talk_remainder	assembly_modulo_2000_contract	1545		1545	00001A24	E7BE52C4	E7BE54C4	0		ordinary_sample_offset
TALK3.DAT	talk_remainder	assembly_modulo_2000_contract	1546		1546	00001A28	61AEBAAA	61AEBCAA	0		ordinary_sample_offset
TALK3.DAT	talk_remainder	assembly_modulo_2000_contract	1547		1547	00001A2C	4FACDAB1	4FACDCB1	0		ordinary_sample_offset
TALK3.DAT	talk_remainder	assembly_modulo_2000_contract	1548		1548	00001A30	B3A440A5	B3A442A5	0		ordinary_sample_offset
TALK3.DAT	talk_remainder	assembly_modulo_2000_contract	1549		1549	00001A34	B0AC41A1	B0AC43A1	0		ordinary_sample_offset
TALK3.DAT	talk_remainder	assembly_modulo_2000_contract	1550		1550	00001A38	52B746A4	52B748A4	0		ordinary_sample_offset
TALK3.DAT	talk_remainder	assembly_modulo_2000_contract	1551		1551	00001A3C	41A1A1B1	41A1A3B1	0		ordinary_sample_offset
TALK3.DAT	talk_remainder	assembly_modulo_2000_contract	1552		1552	00001A40	CCADDAA7	CCADDCA7	0		ordinary_sample_offset
TALK3.DAT	talk_remainder	assembly_modulo_2000_contract	1553		1553	00001A44	DABC71B1	DABC73B1	0		ordinary_sample_offset
TALK3.DAT	talk_remainder	assembly_modulo_2000_contract	1554		1554	00001A48	6BB077AC	6BB079AC	0		ordinary_sample_offset
TALK3.DAT	talk_remainder	assembly_modulo_2000_contract	1555		1555	00001A4C	6FB3ECA8	6FB3EEA8	0		ordinary_sample_offset
TALK3.DAT	talk_remainder	assembly_modulo_2000_contract	1556		1556	00001A50	43A1CCB8	43A1CEB8	0		ordinary_sample_offset
TALK3.DAT	talk_remainder	assembly_modulo_2000_contract	1557		1557	00001A54	000E5125	000E5325	0		ordinary_sample_offset
TALK3.DAT	talk_remainder	assembly_modulo_2000_contract	1558		1558	00001A58	00591014	00591214	0		ordinary_sample_offset
TALK3.DAT	talk_remainder	assembly_modulo_2000_contract	1559		1559	00001A5C	23301014	23301214	0		ordinary_sample_offset
TALK3.DAT	talk_remainder	assembly_modulo_2000_contract	1560		1560	00001A60	00060010	00060210	0		ordinary_sample_offset
TALK3.DAT	talk_remainder	assembly_modulo_2000_contract	1561		1561	00001A64	4FAC59AD	4FAC5BAD	0		ordinary_sample_offset
TALK3.DAT	talk_remainder	assembly_modulo_2000_contract	1562		1562	00001A68	48A451B3	48A453B3	0		ordinary_sample_offset
TALK3.DAT	talk_remainder	assembly_modulo_2000_contract	1563		1563	00001A6C	7BB26FB5	7BB271B5	0		ordinary_sample_offset
TALK3.DAT	talk_remainder	assembly_modulo_2000_contract	1564		1564	00001A70	40A441A1	40A443A1	0		ordinary_sample_offset
TALK3.DAT	talk_remainder	assembly_modulo_2000_contract	1565		1565	00001A74	7CB777A9	7CB779A9	0		ordinary_sample_offset
TALK3.DAT	talk_remainder	assembly_modulo_2000_contract	1566		1566	00001A78	B2B4EEA9	B2B4F0A9	0		ordinary_sample_offset
TALK3.DAT	talk_remainder	assembly_modulo_2000_contract	1567		1567	00001A7C	CCADDAA7	CCADDCA7	0		ordinary_sample_offset
TALK3.DAT	talk_remainder	assembly_modulo_2000_contract	1568		1568	00001A80	DAA741A1	DAA743A1	0		ordinary_sample_offset
TALK3.DAT	talk_remainder	assembly_modulo_2000_contract	1569		1569	00001A84	7BBCD2A6	7BBCD4A6	0		ordinary_sample_offset
TALK3.DAT	talk_remainder	assembly_modulo_2000_contract	1570		1570	00001A88	ECA8FAB8	ECA8FCB8	0		ordinary_sample_offset
TALK3.DAT	talk_remainder	assembly_modulo_2000_contract	1571		1571	00001A8C	EAB0A4A4	EAB0A6A4	0		ordinary_sample_offset
TALK3.DAT	talk_remainder	assembly_modulo_2000_contract	1572		1572	00001A90	43A168A5	43A16AA5	0		ordinary_sample_offset
TALK3.DAT	talk_remainder	assembly_modulo_2000_contract	1573		1573	00001A94	000E5125	000E5325	0		ordinary_sample_offset
TALK3.DAT	talk_remainder	assembly_modulo_2000_contract	1574		1574	00001A98	00191014	00191214	0		ordinary_sample_offset
TALK3.DAT	talk_remainder	assembly_modulo_2000_contract	1575		1575	00001A9C	FFFF0FCA	FFFF11CA	0		ordinary_sample_offset
TALK3.DAT	talk_remainder	assembly_modulo_2000_contract	1576		1576	00001AA0	1014005B	1014025B	0		ordinary_sample_offset
TALK3.DAT	talk_remainder	assembly_modulo_2000_contract	1577		1577	00001AA4	10140059	10140259	0		ordinary_sample_offset
TALK3.DAT	talk_remainder	assembly_modulo_2000_contract	1578		1578	00001AA8	00142330	00142530	0		ordinary_sample_offset
TALK3.DAT	talk_remainder	assembly_modulo_2000_contract	1579		1579	00001AAC	52B70006	52B70206	0		ordinary_sample_offset
TALK3.DAT	talk_remainder	assembly_modulo_2000_contract	1580		1580	00001AB0	C5B74FAC	C5B751AC	0		ordinary_sample_offset
TALK3.DAT	talk_remainder	assembly_modulo_2000_contract	1581		1581	00001AB4	BAAA58AC	BAAA5AAC	0		ordinary_sample_offset
TALK3.DAT	talk_remainder	assembly_modulo_2000_contract	1582		1582	00001AB8	48A1DCB6	48A1DEB6	0		ordinary_sample_offset
TALK3.DAT	talk_remainder	assembly_modulo_2000_contract	1583		1583	00001ABC	4FACA6A5	4FACA8A5	0		ordinary_sample_offset
TALK3.DAT	talk_remainder	assembly_modulo_2000_contract	1584		1584	00001AC0	CAB2D3A4	CAB2D5A4	0		ordinary_sample_offset
TALK3.DAT	talk_remainder	assembly_modulo_2000_contract	1585		1585	00001AC4	42A1C9BC	42A1CBBC	0		ordinary_sample_offset
TALK3.DAT	talk_remainder	assembly_modulo_2000_contract	1586		1586	00001AC8	4DB1D3A4	4DB1D5A4	0		ordinary_sample_offset
TALK3.DAT	talk_remainder	assembly_modulo_2000_contract	1587		1587	00001ACC	42A1EEBE	42A1F0BE	0		ordinary_sample_offset
TALK3.DAT	talk_remainder	assembly_modulo_2000_contract	1588		1588	00001AD0	A5B3D3A4	A5B3D5A4	0		ordinary_sample_offset
TALK3.DAT	talk_remainder	assembly_modulo_2000_contract	1589		1589	00001AD4	46A45AC6	46A45CC6	0		ordinary_sample_offset
TALK3.DAT	talk_remainder	assembly_modulo_2000_contract	1590		1590	00001AD8	B3B941A1	B3B943A1	0		ordinary_sample_offset
TALK3.DAT	talk_remainder	assembly_modulo_2000_contract	1591		1591	00001ADC	C6B4F0AF	C6B4F2AF	0		ordinary_sample_offset
TALK3.DAT	talk_remainder	assembly_modulo_2000_contract	1592		1592	00001AE0	CBBC40A4	CBBC42A4	0		ordinary_sample_offset
TALK3.DAT	talk_remainder	assembly_modulo_2000_contract	1593		1593	00001AE4	48A4EBA8	48A4EDA8	0		ordinary_sample_offset
TALK3.DAT	talk_remainder	assembly_modulo_2000_contract	1594		1594	00001AE8	512543A1	512545A1	0		ordinary_sample_offset
TALK3.DAT	talk_remainder	assembly_modulo_2000_contract	1595		1595	00001AEC	1014000E	1014020E	0		ordinary_sample_offset
TALK3.DAT	talk_remainder	assembly_modulo_2000_contract	1596		1596	00001AF0	10140059	10140259	0		ordinary_sample_offset
TALK3.DAT	talk_remainder	assembly_modulo_2000_contract	1597		1597	00001AF4	00142330	00142530	0		ordinary_sample_offset
TALK3.DAT	talk_remainder	assembly_modulo_2000_contract	1598		1598	00001AF8	52B70006	52B70206	0		ordinary_sample_offset
TALK3.DAT	talk_remainder	assembly_modulo_2000_contract	1599		1599	00001AFC	4FACA1B1	4FACA3B1	0		ordinary_sample_offset
TALK3.DAT	talk_remainder	assembly_modulo_2000_contract	1600		1600	00001B00	A7AEC4B9	A7AEC6B9	0		ordinary_sample_offset
TALK3.DAT	talk_remainder	assembly_modulo_2000_contract	1601		1601	00001B04	5FB06AA7	5FB06CA7	0		ordinary_sample_offset
TALK3.DAT	talk_remainder	assembly_modulo_2000_contract	1602		1602	00001B08	40A4BAAA	40A4BCAA	0		ordinary_sample_offset
TALK3.DAT	talk_remainder	assembly_modulo_2000_contract	1603		1603	00001B0C	CFB77DB0	CFB77FB0	0		ordinary_sample_offset
TALK3.DAT	talk_remainder	assembly_modulo_2000_contract	1604		1604	00001B10	CAC541A1	CAC543A1	0		ordinary_sample_offset
TALK3.DAT	talk_remainder	assembly_modulo_2000_contract	1605		1605	00001B14	BAAA48A4	BAAA4AA4	0		ordinary_sample_offset
TALK3.DAT	talk_remainder	assembly_modulo_2000_contract	1606		1606	00001B18	A4A4B4B2	A4A4B6B2	0		ordinary_sample_offset
TALK3.DAT	talk_remainder	assembly_modulo_2000_contract	1607		1607	00001B1C	A6A5B3A6	A6A5B5A6	0		ordinary_sample_offset
TALK3.DAT	talk_remainder	assembly_modulo_2000_contract	1608		1608	00001B20	C6A462B2	C6A464B2	0		ordinary_sample_offset
TALK3.DAT	talk_remainder	assembly_modulo_2000_contract	1609		1609	00001B24	BAAA46A4	BAAA48A4	0		ordinary_sample_offset
TALK3.DAT	talk_remainder	assembly_modulo_2000_contract	1610		1610	00001B28	50ACF5A4	50ACF7A4	0		ordinary_sample_offset
TALK3.DAT	talk_remainder	assembly_modulo_2000_contract	1611		1611	00001B2C	512543A1	512545A1	0		ordinary_sample_offset
TALK3.DAT	talk_remainder	assembly_modulo_2000_contract	1612		1612	00001B30	1014000E	1014020E	0		ordinary_sample_offset
TALK3.DAT	talk_remainder	assembly_modulo_2000_contract	1613		1613	00001B34	10140059	10140259	0		ordinary_sample_offset
TALK3.DAT	talk_remainder	assembly_modulo_2000_contract	1614		1614	00001B38	00142330	00142530	0		ordinary_sample_offset
TALK3.DAT	talk_remainder	assembly_modulo_2000_contract	1615		1615	00001B3C	CAC50008	CAC50208	0		ordinary_sample_offset
TALK3.DAT	talk_remainder	assembly_modulo_2000_contract	1616		1616	00001B40	BAAA48A4	BAAA4AA4	0		ordinary_sample_offset
TALK3.DAT	talk_remainder	assembly_modulo_2000_contract	1617		1617	00001B44	5CB2B4B2	5CB2B6B2	0		ordinary_sample_offset
TALK3.DAT	talk_remainder	assembly_modulo_2000_contract	1618		1618	00001B48	A6A54FAC	A6A551AC	0		ordinary_sample_offset
TALK3.DAT	talk_remainder	assembly_modulo_2000_contract	1619		1619	00001B4C	5FB045BF	5FB047BF	0		ordinary_sample_offset
TALK3.DAT	talk_remainder	assembly_modulo_2000_contract	1620		1620	00001B50	69AABAAA	69AABCAA	0		ordinary_sample_offset
TALK3.DAT	talk_remainder	assembly_modulo_2000_contract	1621		1621	00001B54	41A1DCC0	41A1DEC0	0		ordinary_sample_offset
TALK3.DAT	talk_remainder	assembly_modulo_2000_contract	1622		1622	00001B58	53A4A6A5	53A4A8A5	0		ordinary_sample_offset
TALK3.DAT	talk_remainder	assembly_modulo_2000_contract	1623		1623	00001B5C	CCB34FAC	CCB351AC	0		ordinary_sample_offset
TALK3.DAT	talk_remainder	assembly_modulo_2000_contract	1624		1624	00001B60	7ABCBCB4	7ABCBEB4	0		ordinary_sample_offset
TALK3.DAT	talk_remainder	assembly_modulo_2000_contract	1625		1625	00001B64	C6BABAAA	C6BABCAA	0		ordinary_sample_offset
TALK3.DAT	talk_remainder	assembly_modulo_2000_contract	1626		1626	00001B68	41A167A8	41A169A8	0		ordinary_sample_offset
TALK3.DAT	talk_remainder	assembly_modulo_2000_contract	1627		1627	00001B6C	EFB343AE	EFB345AE	0		ordinary_sample_offset
TALK3.DAT	talk_remainder	assembly_modulo_2000_contract	1628		1628	00001B70	57ADBAAA	57ADBCAA	0		ordinary_sample_offset
TALK3.DAT	talk_remainder	assembly_modulo_2000_contract	1629		1629	00001B74	41A1FDA8	41A1FFA8	0		ordinary_sample_offset
TALK3.DAT	talk_remainder	assembly_modulo_2000_contract	1630		1630	00001B78	A3A459A6	A3A45BA6	0		ordinary_sample_offset
TALK3.DAT	talk_remainder	assembly_modulo_2000_contract	1631		1631	00001B7C	4CBCECA8	4CBCEEA8	0		ordinary_sample_offset
TALK3.DAT	talk_remainder	assembly_modulo_2000_contract	1632		1632	00001B80	65BBBAAA	65BBBCAA	0		ordinary_sample_offset
TALK3.DAT	talk_remainder	assembly_modulo_2000_contract	1633		1633	00001B84	43A17DBF	43A17FBF	0		ordinary_sample_offset
TALK3.DAT	talk_remainder	assembly_modulo_2000_contract	1634		1634	00001B88	000E5125	000E5325	0		ordinary_sample_offset
TALK3.DAT	talk_remainder	assembly_modulo_2000_contract	1635		1635	00001B8C	FFFF1014	FFFF1214	0		ordinary_sample_offset
TALK3.DAT	talk_remainder	assembly_modulo_2000_contract	1636		1636	00001B90	00150402	00150602	0		ordinary_sample_offset
TALK3.DAT	talk_remainder	assembly_modulo_2000_contract	1637		1637	00001B94	1C700FCB	1C7011CB	0		ordinary_sample_offset
TALK3.DAT	talk_remainder	assembly_modulo_2000_contract	1638		1638	00001B98	005B0000	005B0200	0		ordinary_sample_offset
TALK3.DAT	talk_remainder	assembly_modulo_2000_contract	1639		1639	00001B9C	00591015	00591215	0		ordinary_sample_offset
TALK3.DAT	talk_remainder	assembly_modulo_2000_contract	1640		1640	00001BA0	23301015	23301215	0		ordinary_sample_offset
TALK3.DAT	talk_remainder	assembly_modulo_2000_contract	1641		1641	00001BA4	00060010	00060210	0		ordinary_sample_offset
TALK3.DAT	talk_remainder	assembly_modulo_2000_contract	1642		1642	00001BA8	49A1DAB0	49A1DCB0	0		ordinary_sample_offset
TALK3.DAT	talk_remainder	assembly_modulo_2000_contract	1643		1643	00001BAC	4CA76CB0	4CA76EB0	0		ordinary_sample_offset
TALK3.DAT	talk_remainder	assembly_modulo_2000_contract	1644		1644	00001BB0	F3A9D7B2	F3A9D9B2	0		ordinary_sample_offset
TALK3.DAT	talk_remainder	assembly_modulo_2000_contract	1645		1645	00001BB4	4FACD9C1	4FACDBC1	0		ordinary_sample_offset
TALK3.DAT	talk_remainder	assembly_modulo_2000_contract	1646		1646	00001BB8	46A4D3A8	46A4D5A8	0		ordinary_sample_offset
TALK3.DAT	talk_remainder	assembly_modulo_2000_contract	1647		1647	00001BBC	48A1DCB6	48A1DEB6	0		ordinary_sample_offset
TALK3.DAT	talk_remainder	assembly_modulo_2000_contract	1648		1648	00001BC0	BAA6DAA7	BAA6DCA7	0		ordinary_sample_offset
TALK3.DAT	talk_remainder	assembly_modulo_2000_contract	1649		1649	00001BC4	A3A45DA4	A3A45FA4	0		ordinary_sample_offset
TALK3.DAT	talk_remainder	assembly_modulo_2000_contract	1650		1650	00001BC8	F2B87CB7	F2B87EB7	0		ordinary_sample_offset
TALK3.DAT	talk_remainder	assembly_modulo_2000_contract	1651		1651	00001BCC	5EA641A7	5EA643A7	0		ordinary_sample_offset
TALK3.DAT	talk_remainder	assembly_modulo_2000_contract	1652		1652	00001BD0	49A168A5	49A16AA5	0		ordinary_sample_offset
TALK3.DAT	talk_remainder	assembly_modulo_2000_contract	1653		1653	00001BD4	000E5125	000E5325	0		ordinary_sample_offset
TALK3.DAT	talk_remainder	assembly_modulo_2000_contract	1654		1654	00001BD8	000A1015	000A1215	0		ordinary_sample_offset
TALK3.DAT	talk_remainder	assembly_modulo_2000_contract	1655		1655	00001BDC	00081015	00081215	0		ordinary_sample_offset
TALK3.DAT	talk_remainder	assembly_modulo_2000_contract	1656		1656	00001BE0	10150065	10150265	0		ordinary_sample_offset
TALK3.DAT	talk_remainder	assembly_modulo_2000_contract	1657		1657	00001BE4	000100A9	000102A9	1	8223	ordinary_sample_offset
TALK3.DAT	talk_remainder	assembly_modulo_2000_contract	1658		1658	00001BE8	001D1015	001D1215	0		ordinary_sample_offset
TALK3.DAT	talk_remainder	assembly_modulo_2000_contract	1659		1659	00001BEC	FFFF0018	FFFF0218	0		ordinary_sample_offset
TALK3.DAT	talk_remainder	assembly_modulo_2000_contract	1660		1660	00001BF0	00060000	00060200	0		ordinary_sample_offset
TALK3.DAT	talk_remainder	assembly_modulo_2000_contract	1661		1661	00001BF4	1014000B	1014020B	0		ordinary_sample_offset
TALK3.DAT	talk_remainder	assembly_modulo_2000_contract	1662		1662	00001BF8	005B0007	005B0207	0		ordinary_sample_offset
TALK3.DAT	talk_remainder	assembly_modulo_2000_contract	1663		1663	00001BFC	00591015	00591215	0		ordinary_sample_offset
TALK3.DAT	talk_remainder	assembly_modulo_2000_contract	1664		1664	00001C00	23301015	23301215	0		ordinary_sample_offset
TALK3.DAT	talk_remainder	assembly_modulo_2000_contract	1665		1665	00001C04	00060014	00060214	0		ordinary_sample_offset
TALK3.DAT	talk_remainder	assembly_modulo_2000_contract	1666		1666	00001C08	6EADA3A4	6EADA5A4	0		ordinary_sample_offset
TALK3.DAT	talk_remainder	assembly_modulo_2000_contract	1667		1667	00001C0C	DBB5FCAB	DBB5FEAB	0		ordinary_sample_offset
TALK3.DAT	talk_remainder	assembly_modulo_2000_contract	1668		1668	00001C10	47ABEBA4	47ABEDA4	0		ordinary_sample_offset
TALK3.DAT	talk_remainder	assembly_modulo_2000_contract	1669		1669	00001C14	7DBB5FB0	7DBB61B0	0		ordinary_sample_offset
TALK3.DAT	talk_remainder	assembly_modulo_2000_contract	1670		1670	00001C18	A6A541A1	A6A543A1	0		ordinary_sample_offset
TALK3.DAT	talk_remainder	assembly_modulo_2000_contract	1671		1671	00001C1C	DCC54FAC	DCC551AC	0		ordinary_sample_offset
TALK3.DAT	talk_remainder	assembly_modulo_2000_contract	1672		1672	00001C20	4CB5C6A4	4CB5C8A4	0		ordinary_sample_offset
TALK3.DAT	talk_remainder	assembly_modulo_2000_contract	1673		1673	00001C24	BAAA60B1	BAAA62B1	0		ordinary_sample_offset
TALK3.DAT	talk_remainder	assembly_modulo_2000_contract	1674		1674	00001C28	43A841A1	43A843A1	0		ordinary_sample_offset
TALK3.DAT	talk_remainder	assembly_modulo_2000_contract	1675		1675	00001C2C	EBA4D3AD	EBA4D5AD	0		ordinary_sample_offset
TALK3.DAT	talk_remainder	assembly_modulo_2000_contract	1676		1676	00001C30	B3A6A3B3	B3A6A5B3	0		ordinary_sample_offset
TALK3.DAT	talk_remainder	assembly_modulo_2000_contract	1677		1677	00001C34	ABC1D5AC	ABC1D7AC	0		ordinary_sample_offset
TALK3.DAT	talk_remainder	assembly_modulo_2000_contract	1678		1678	00001C38	CAAFEAB6	CAAFECB6	0		ordinary_sample_offset
TALK3.DAT	talk_remainder	assembly_modulo_2000_contract	1679		1679	00001C3C	512543A1	512545A1	0		ordinary_sample_offset
TALK3.DAT	talk_remainder	assembly_modulo_2000_contract	1680		1680	00001C40	1015000E	1015020E	0		ordinary_sample_offset
TALK3.DAT	talk_remainder	assembly_modulo_2000_contract	1681		1681	00001C44	10150059	10150259	0		ordinary_sample_offset
TALK3.DAT	talk_remainder	assembly_modulo_2000_contract	1682		1682	00001C48	00142330	00142530	0		ordinary_sample_offset
TALK3.DAT	talk_remainder	assembly_modulo_2000_contract	1683		1683	00001C4C	41A70006	41A70206	0		ordinary_sample_offset
TALK3.DAT	talk_remainder	assembly_modulo_2000_contract	1684		1684	00001C50	4FAC6EAD	4FAC70AD	0		ordinary_sample_offset
TALK3.DAT	talk_remainder	assembly_modulo_2000_contract	1685		1685	00001C54	DBB5FCAB	DBB5FEAB	0		ordinary_sample_offset
TALK3.DAT	talk_remainder	assembly_modulo_2000_contract	1686		1686	00001C58	5FB0A6A5	5FB0A8A5	0		ordinary_sample_offset
TALK3.DAT	talk_remainder	assembly_modulo_2000_contract	1687		1687	00001C5C	41A17DBB	41A17FBB	0		ordinary_sample_offset
TALK3.DAT	talk_remainder	assembly_modulo_2000_contract	1688		1688	00001C60	5CB35DA4	5CB35FA4	0		ordinary_sample_offset
TALK3.DAT	talk_remainder	assembly_modulo_2000_contract	1689		1689	00001C64	BAAA41A7	BAAA43A7	0		ordinary_sample_offset
TALK3.DAT	talk_remainder	assembly_modulo_2000_contract	1690		1690	00001C68	A1B152B7	A1B154B7	0		ordinary_sample_offset
TALK3.DAT	talk_remainder	assembly_modulo_2000_contract	1691		1691	00001C6C	7CB75DA4	7CB75FA4	0		ordinary_sample_offset
TALK3.DAT	talk_remainder	assembly_modulo_2000_contract	1692		1692	00001C70	A6A5B3B9	A6A5B5B9	0		ordinary_sample_offset
TALK3.DAT	talk_remainder	assembly_modulo_2000_contract	1693		1693	00001C74	CBBC40A4	CBBC42A4	0		ordinary_sample_offset
TALK3.DAT	talk_remainder	assembly_modulo_2000_contract	1694		1694	00001C78	60B14CB5	60B14EB5	0		ordinary_sample_offset
TALK3.DAT	talk_remainder	assembly_modulo_2000_contract	1695		1695	00001C7C	512543A1	512545A1	0		ordinary_sample_offset
TALK3.DAT	talk_remainder	assembly_modulo_2000_contract	1696		1696	00001C80	1015000E	1015020E	0		ordinary_sample_offset
TALK3.DAT	talk_remainder	assembly_modulo_2000_contract	1697		1697	00001C84	1014005B	1014025B	0		ordinary_sample_offset
TALK3.DAT	talk_remainder	assembly_modulo_2000_contract	1698		1698	00001C88	10140059	10140259	0		ordinary_sample_offset
TALK3.DAT	talk_remainder	assembly_modulo_2000_contract	1699		1699	00001C8C	00142330	00142530	0		ordinary_sample_offset
TALK3.DAT	talk_remainder	assembly_modulo_2000_contract	1700		1700	00001C90	52B70006	52B70206	0		ordinary_sample_offset
TALK3.DAT	talk_remainder	assembly_modulo_2000_contract	1701		1701	00001C94	F4AAABAF	F4AAADAF	0		ordinary_sample_offset
TALK3.DAT	talk_remainder	assembly_modulo_2000_contract	1702		1702	00001C98	53AFF1A4	53AFF3A4	0		ordinary_sample_offset
TALK3.DAT	talk_remainder	assembly_modulo_2000_contract	1703		1703	00001C9C	D0A6BAAA	D0A6BCAA	0		ordinary_sample_offset
TALK3.DAT	talk_remainder	assembly_modulo_2000_contract	1704		1704	00001CA0	77A4EBC3	77A4EDC3	0		ordinary_sample_offset
TALK3.DAT	talk_remainder	assembly_modulo_2000_contract	1705		1705	00001CA4	EFAC67B8	EFAC69B8	0		ordinary_sample_offset
TALK3.DAT	talk_remainder	assembly_modulo_2000_contract	1706		1706	00001CA8	DAA77AB3	DAA77CB3	0		ordinary_sample_offset
TALK3.DAT	talk_remainder	assembly_modulo_2000_contract	1707		1707	00001CAC	DDAFBAAA	DDAFBCAA	0		ordinary_sample_offset
TALK3.DAT	talk_remainder	assembly_modulo_2000_contract	1708		1708	00001CB0	41A1A3BD	41A1A5BD	0		ordinary_sample_offset
TALK3.DAT	talk_remainder	assembly_modulo_2000_contract	1709		1709	00001CB4	A3A4DAA7	A3A4DCA7	0		ordinary_sample_offset
TALK3.DAT	talk_remainder	assembly_modulo_2000_contract	1710		1710	00001CB8	C7C2E0AF	C7C2E2AF	0		ordinary_sample_offset
TALK3.DAT	talk_remainder	assembly_modulo_2000_contract	1711		1711	00001CBC	A6A5DBB5	A6A5DDB5	0		ordinary_sample_offset
TALK3.DAT	talk_remainder	assembly_modulo_2000_contract	1712		1712	00001CC0	D0A6BAAA	D0A6BCAA	0		ordinary_sample_offset
TALK3.DAT	talk_remainder	assembly_modulo_2000_contract	1713		1713	00001CC4	AAB06CC1	AAB06EC1	0		ordinary_sample_offset
TALK3.DAT	talk_remainder	assembly_modulo_2000_contract	1714		1714	00001CC8	43A1BEB5	43A1C0B5	0		ordinary_sample_offset
TALK3.DAT	talk_remainder	assembly_modulo_2000_contract	1715		1715	00001CCC	000E5125	000E5325	0		ordinary_sample_offset
TALK3.DAT	talk_remainder	assembly_modulo_2000_contract	1716		1716	00001CD0	00591014	00591214	0		ordinary_sample_offset
TALK3.DAT	talk_remainder	assembly_modulo_2000_contract	1717		1717	00001CD4	23301014	23301214	0		ordinary_sample_offset
TALK3.DAT	talk_remainder	assembly_modulo_2000_contract	1718		1718	00001CD8	00060014	00060214	0		ordinary_sample_offset
TALK3.DAT	talk_remainder	assembly_modulo_2000_contract	1719		1719	00001CDC	F4A7A6A5	F4A7A8A5	0		ordinary_sample_offset
TALK3.DAT	talk_remainder	assembly_modulo_2000_contract	1720		1720	00001CE0	EDA6A3BF	EDA6A5BF	0		ordinary_sample_offset
TALK3.DAT	talk_remainder	assembly_modulo_2000_contract	1721		1721	00001CE4	DAA746A4	DAA748A4	0		ordinary_sample_offset
TALK3.DAT	talk_remainder	assembly_modulo_2000_contract	1722		1722	00001CE8	D3ADE3BE	D3ADE5BE	0		ordinary_sample_offset
TALK3.DAT	talk_remainder	assembly_modulo_2000_contract	1723		1723	00001CEC	46C6BAAA	46C6BCAA	0		ordinary_sample_offset
TALK3.DAT	talk_remainder	assembly_modulo_2000_contract	1724		1724	00001CF0	41A1EEBB	41A1F0BB	0		ordinary_sample_offset
TALK3.DAT	talk_remainder	assembly_modulo_2000_contract	1725		1725	00001CF4	BAAA52B7	BAAA54B7	0		ordinary_sample_offset
TALK3.DAT	talk_remainder	assembly_modulo_2000_contract	1726		1726	00001CF8	E1BEABAD	E1BEADAD	0		ordinary_sample_offset
TALK3.DAT	talk_remainder	assembly_modulo_2000_contract	1727		1727	00001CFC	6FB1A3C0	6FB1A5C0	0		ordinary_sample_offset
TALK3.DAT	talk_remainder	assembly_modulo_2000_contract	1728		1728	00001D00	56A6DAA7	56A6DCA7	0		ordinary_sample_offset
TALK3.DAT	talk_remainder	assembly_modulo_2000_contract	1729		1729	00001D04	59BC55A4	59BC57A4	0		ordinary_sample_offset
TALK3.DAT	talk_remainder	assembly_modulo_2000_contract	1730		1730	00001D08	41A148A8	41A14AA8	0		ordinary_sample_offset
TALK3.DAT	talk_remainder	assembly_modulo_2000_contract	1731		1731	00001D0C	A3A4F5B8	A3A4F7B8	0		ordinary_sample_offset
TALK3.DAT	talk_remainder	assembly_modulo_2000_contract	1732		1732	00001D10	D0B758A5	D0B75AA5	0		ordinary_sample_offset
TALK3.DAT	talk_remainder	assembly_modulo_2000_contract	1733		1733	00001D14	43A16FB4	43A171B4	0		ordinary_sample_offset
TALK3.DAT	talk_remainder	assembly_modulo_2000_contract	1734		1734	00001D18	000E5125	000E5325	0		ordinary_sample_offset
TALK3.DAT	talk_remainder	assembly_modulo_2000_contract	1735		1735	00001D1C	000A1014	000A1214	0		ordinary_sample_offset
TALK3.DAT	talk_remainder	assembly_modulo_2000_contract	1736		1736	00001D20	00081015	00081215	0		ordinary_sample_offset
TALK3.DAT	talk_remainder	assembly_modulo_2000_contract	1737		1737	00001D24	10150065	10150265	0		ordinary_sample_offset
TALK3.DAT	talk_remainder	assembly_modulo_2000_contract	1738		1738	00001D28	00010014	00010214	1	0172	ordinary_sample_offset
TALK3.DAT	talk_remainder	assembly_modulo_2000_contract	1739		1739	00001D2C	001C1015	001C1215	0		ordinary_sample_offset
TALK3.DAT	talk_remainder	assembly_modulo_2000_contract	1740		1740	00001D30	000A0018	000A0218	0		ordinary_sample_offset
TALK3.DAT	talk_remainder	assembly_modulo_2000_contract	1741		1741	00001D34	00001015	00001215	1	2543	ordinary_sample_offset
TALK3.DAT	talk_remainder	assembly_modulo_2000_contract	1742		1742	00001D38	1015005B	1015025B	0		ordinary_sample_offset
TALK3.DAT	talk_remainder	assembly_modulo_2000_contract	1743		1743	00001D3C	10150059	10150259	0		ordinary_sample_offset
TALK3.DAT	talk_remainder	assembly_modulo_2000_contract	1744		1744	00001D40	00102330	00102530	0		ordinary_sample_offset
TALK3.DAT	talk_remainder	assembly_modulo_2000_contract	1745		1745	00001D44	DAB00004	DAB00204	0		ordinary_sample_offset
TALK3.DAT	talk_remainder	assembly_modulo_2000_contract	1746		1746	00001D48	B9C3E3A1	B9C3E5A1	0		ordinary_sample_offset
TALK3.DAT	talk_remainder	assembly_modulo_2000_contract	1747		1747	00001D4C	5EBFB5AF	5EBFB7AF	0		ordinary_sample_offset
TALK3.DAT	talk_remainder	assembly_modulo_2000_contract	1748		1748	00001D50	512549A1	51254BA1	0		ordinary_sample_offset
TALK3.DAT	talk_remainder	assembly_modulo_2000_contract	1749		1749	00001D54	1015000E	1015020E	0		ordinary_sample_offset
TALK3.DAT	talk_remainder	assembly_modulo_2000_contract	1750		1750	00001D58	1014000A	1014020A	0		ordinary_sample_offset
TALK3.DAT	talk_remainder	assembly_modulo_2000_contract	1751		1751	00001D5C	00650008	00650208	0		ordinary_sample_offset
TALK3.DAT	talk_remainder	assembly_modulo_2000_contract	1752		1752	00001D60	00141014	00141214	0		ordinary_sample_offset
TALK3.DAT	talk_remainder	assembly_modulo_2000_contract	1753		1753	00001D64	10140001	10140201	0		ordinary_sample_offset
TALK3.DAT	talk_remainder	assembly_modulo_2000_contract	1754		1754	00001D68	0019001B	0019021B	0		ordinary_sample_offset
TALK3.DAT	talk_remainder	assembly_modulo_2000_contract	1755		1755	00001D6C	10140078	10140278	0		ordinary_sample_offset
TALK3.DAT	talk_remainder	assembly_modulo_2000_contract	1756		1756	00001D70	0000FFFF	000101FF	1	3200	ordinary_sample_offset
TALK3.DAT	talk_remainder	assembly_modulo_2000_contract	1757		1757	00001D74	005B0007	005B0207	0		ordinary_sample_offset
TALK3.DAT	talk_remainder	assembly_modulo_2000_contract	1758		1758	00001D78	00591014	00591214	0		ordinary_sample_offset
TALK3.DAT	talk_remainder	assembly_modulo_2000_contract	1759		1759	00001D7C	23301014	23301214	0		ordinary_sample_offset
TALK3.DAT	talk_remainder	assembly_modulo_2000_contract	1760		1760	00001D80	00040010	00040210	0		ordinary_sample_offset
TALK3.DAT	talk_remainder	assembly_modulo_2000_contract	1761		1761	00001D84	E3A1E1B3	E3A1E3B3	0		ordinary_sample_offset
TALK3.DAT	talk_remainder	assembly_modulo_2000_contract	1762		1762	00001D88	52C4FCAF	52C4FEAF	0		ordinary_sample_offset
TALK3.DAT	talk_remainder	assembly_modulo_2000_contract	1763		1763	00001D8C	49A1E7BE	49A1E9BE	0		ordinary_sample_offset
TALK3.DAT	talk_remainder	assembly_modulo_2000_contract	1764		1764	00001D90	000E5125	000E5325	0		ordinary_sample_offset
TALK3.DAT	talk_remainder	assembly_modulo_2000_contract	1765		1765	00001D94	000A1014	000A1214	0		ordinary_sample_offset
TALK3.DAT	talk_remainder	assembly_modulo_2000_contract	1766		1766	00001D98	00081015	00081215	0		ordinary_sample_offset
TALK3.DAT	talk_remainder	assembly_modulo_2000_contract	1767		1767	00001D9C	00010014	00010214	1	0172	ordinary_sample_offset
TALK3.DAT	talk_remainder	assembly_modulo_2000_contract	1768		1768	00001DA0	001B1015	001B1215	0		ordinary_sample_offset
TALK3.DAT	talk_remainder	assembly_modulo_2000_contract	1769		1769	00001DA4	000B0018	000B0218	0		ordinary_sample_offset
TALK3.DAT	talk_remainder	assembly_modulo_2000_contract	1770		1770	00001DA8	00071014	00071214	0		ordinary_sample_offset
TALK3.DAT	talk_remainder	assembly_modulo_2000_contract	1771		1771	00001DAC	00C80043	00C80243	0		ordinary_sample_offset
TALK3.DAT	talk_remainder	assembly_modulo_2000_contract	1772		1772	00001DB0	015B003B	015B023B	0		ordinary_sample_offset
TALK3.DAT	talk_remainder	assembly_modulo_2000_contract	1773		1773	00001DB4	05DC0043	05DC0243	0		ordinary_sample_offset
TALK3.DAT	talk_remainder	assembly_modulo_2000_contract	1774		1774	00001DB8	10150028	10150228	0		ordinary_sample_offset
TALK3.DAT	talk_remainder	assembly_modulo_2000_contract	1775		1775	00001DBC	0018001C	0018021C	0		ordinary_sample_offset
TALK3.DAT	talk_remainder	assembly_modulo_2000_contract	1776		1776	00001DC0	1015000A	1015020A	0		ordinary_sample_offset
TALK3.DAT	talk_remainder	assembly_modulo_2000_contract	1777		1777	00001DC4	005B0000	005B0200	0		ordinary_sample_offset
TALK3.DAT	talk_remainder	assembly_modulo_2000_contract	1778		1778	00001DC8	00591015	00591215	0		ordinary_sample_offset
TALK3.DAT	talk_remainder	assembly_modulo_2000_contract	1779		1779	00001DCC	23301015	23301215	0		ordinary_sample_offset
TALK3.DAT	talk_remainder	assembly_modulo_2000_contract	1780		1780	00001DD0	00060010	00060210	0		ordinary_sample_offset
TALK3.DAT	talk_remainder	assembly_modulo_2000_contract	1781		1781	00001DD4	A1B152B7	A1B154B7	0		ordinary_sample_offset
TALK3.DAT	talk_remainder	assembly_modulo_2000_contract	1782		1782	00001DD8	4FA4BAAA	4FA4BCAA	0		ordinary_sample_offset
TALK3.DAT	talk_remainder	assembly_modulo_2000_contract	1783		1783	00001DDC	D2A971B6	D2A973B6	0		ordinary_sample_offset
TALK3.DAT	talk_remainder	assembly_modulo_2000_contract	1784		1784	00001DE0	F7B0E0AF	F7B0E2AF	0		ordinary_sample_offset
TALK3.DAT	talk_remainder	assembly_modulo_2000_contract	1785		1785	00001DE4	ECA8B5B0	ECA8B7B0	0		ordinary_sample_offset
TALK3.DAT	talk_remainder	assembly_modulo_2000_contract	1786		1786	00001DE8	C6A8BAAA	C6A8BCAA	0		ordinary_sample_offset
TALK3.DAT	talk_remainder	assembly_modulo_2000_contract	1787		1787	00001DEC	A6A541A1	A6A543A1	0		ordinary_sample_offset
TALK3.DAT	talk_remainder	assembly_modulo_2000_contract	1788		1788	00001DF0	7CB7A3B3	7CB7A5B3	0		ordinary_sample_offset
TALK3.DAT	talk_remainder	assembly_modulo_2000_contract	1789		1789	00001DF4	49C05FAB	49C061AB	0		ordinary_sample_offset
TALK3.DAT	talk_remainder	assembly_modulo_2000_contract	1790		1790	00001DF8	D5B8C1B9	D5B8C3B9	0		ordinary_sample_offset
TALK3.DAT	talk_remainder	assembly_modulo_2000_contract	1791		1791	00001DFC	512543A1	512545A1	0		ordinary_sample_offset
TALK3.DAT	talk_remainder	assembly_modulo_2000_contract	1792		1792	00001E00	1015000E	1015020E	0		ordinary_sample_offset
TALK3.DAT	talk_remainder	assembly_modulo_2000_contract	1793		1793	00001E04	1014000B	1014020B	0		ordinary_sample_offset
TALK3.DAT	talk_remainder	assembly_modulo_2000_contract	1794		1794	00001E08	00590000	00590200	0		ordinary_sample_offset
TALK3.DAT	talk_remainder	assembly_modulo_2000_contract	1795		1795	00001E0C	23301014	23301214	0		ordinary_sample_offset
TALK3.DAT	talk_remainder	assembly_modulo_2000_contract	1796		1796	00001E10	00060010	00060210	0		ordinary_sample_offset
TALK3.DAT	talk_remainder	assembly_modulo_2000_contract	1797		1797	00001E14	7CB7DAA7	7CB7DCA7	0		ordinary_sample_offset
TALK3.DAT	talk_remainder	assembly_modulo_2000_contract	1798		1798	00001E18	40C54FAB	40C551AB	0		ordinary_sample_offset
TALK3.DAT	talk_remainder	assembly_modulo_2000_contract	1799		1799	00001E1C	BAAA70A9	BAAA72A9	0		ordinary_sample_offset
TALK3.DAT	talk_remainder	assembly_modulo_2000_contract	1800		1800	00001E20	4E2549A1	4E254BA1	0		ordinary_sample_offset
TALK3.DAT	talk_remainder	assembly_modulo_2000_contract	1801		1801	00001E24	69B670A9	69B672A9	0		ordinary_sample_offset
TALK3.DAT	talk_remainder	assembly_modulo_2000_contract	1802		1802	00001E28	A1B6D0A9	A1B6D2A9	0		ordinary_sample_offset
TALK3.DAT	talk_remainder	assembly_modulo_2000_contract	1803		1803	00001E2C	A7AEF0A5	A7AEF2A5	0		ordinary_sample_offset
TALK3.DAT	talk_remainder	assembly_modulo_2000_contract	1804		1804	00001E30	49A161A7	49A163A7	0		ordinary_sample_offset
TALK3.DAT	talk_remainder	assembly_modulo_2000_contract	1805		1805	00001E34	000E5125	000E5325	0		ordinary_sample_offset
TALK3.DAT	talk_remainder	assembly_modulo_2000_contract	1806		1806	00001E38	000A1014	000A1214	0		ordinary_sample_offset
TALK3.DAT	talk_remainder	assembly_modulo_2000_contract	1807		1807	00001E3C	00081014	00081214	0		ordinary_sample_offset
TALK3.DAT	talk_remainder	assembly_modulo_2000_contract	1808		1808	00001E40	1015000A	1015020A	0		ordinary_sample_offset
TALK3.DAT	talk_remainder	assembly_modulo_2000_contract	1809		1809	00001E44	00650008	00650208	0		ordinary_sample_offset
TALK3.DAT	talk_remainder	assembly_modulo_2000_contract	1810		1810	00001E48	00651014	00651214	0		ordinary_sample_offset
TALK3.DAT	talk_remainder	assembly_modulo_2000_contract	1811		1811	00001E4C	00A91015	00A91215	0		ordinary_sample_offset
TALK3.DAT	talk_remainder	assembly_modulo_2000_contract	1812		1812	00001E50	10140002	10140202	0		ordinary_sample_offset
TALK3.DAT	talk_remainder	assembly_modulo_2000_contract	1813		1813	00001E54	00190017	00190217	0		ordinary_sample_offset
TALK3.DAT	talk_remainder	assembly_modulo_2000_contract	1814		1814	00001E58	0000FFFF	000101FF	1	3200	ordinary_sample_offset
TALK3.DAT	talk_remainder	assembly_modulo_2000_contract	1815		1815	00001E5C	10150001	10150201	0		ordinary_sample_offset
TALK3.DAT	talk_remainder	assembly_modulo_2000_contract	1816		1816	00001E60	0011001D	0011021D	0		ordinary_sample_offset
TALK3.DAT	talk_remainder	assembly_modulo_2000_contract	1817		1817	00001E64	0000FFFF	000101FF	1	3200	ordinary_sample_offset
TALK3.DAT	talk_remainder	assembly_modulo_2000_contract	1818		1818	00001E68	00190005	00190205	0		ordinary_sample_offset
TALK3.DAT	talk_remainder	assembly_modulo_2000_contract	1819		1819	00001E6C	FFFF0FCB	FFFF11CB	0		ordinary_sample_offset
TALK3.DAT	talk_remainder	assembly_modulo_2000_contract	1820		1820	00001E70	1015005B	1015025B	0		ordinary_sample_offset
TALK3.DAT	talk_remainder	assembly_modulo_2000_contract	1821		1821	00001E74	10150059	10150259	0		ordinary_sample_offset
TALK3.DAT	talk_remainder	assembly_modulo_2000_contract	1822		1822	00001E78	00122330	00122530	0		ordinary_sample_offset
TALK3.DAT	talk_remainder	assembly_modulo_2000_contract	1823		1823	00001E7C	DAA70006	DAA70206	0		ordinary_sample_offset
TALK3.DAT	talk_remainder	assembly_modulo_2000_contract	1824		1824	00001E80	42BABAAA	42BABCAA	0		ordinary_sample_offset
TALK3.DAT	talk_remainder	assembly_modulo_2000_contract	1825		1825	00001E84	B3B96EB4	B3B970B4	0		ordinary_sample_offset
TALK3.DAT	talk_remainder	assembly_modulo_2000_contract	1826		1826	00001E88	40A4FCAE	40A4FEAE	0		ordinary_sample_offset
TALK3.DAT	talk_remainder	assembly_modulo_2000_contract	1827		1827	00001E8C	45AFCBBC	45AFCDBC	0		ordinary_sample_offset
TALK3.DAT	talk_remainder	assembly_modulo_2000_contract	1828		1828	00001E90	41A1F9B4	41A1FBB4	0		ordinary_sample_offset
TALK3.DAT	talk_remainder	assembly_modulo_2000_contract	1829		1829	00001E94	BAAADAA7	BAAADCA7	0		ordinary_sample_offset
TALK3.DAT	talk_remainder	assembly_modulo_2000_contract	1830		1830	00001E98	A1B152B7	A1B154B7	0		ordinary_sample_offset
TALK3.DAT	talk_remainder	assembly_modulo_2000_contract	1831		1831	00001E9C	B3B95DA4	B3B95FA4	0		ordinary_sample_offset
TALK3.DAT	talk_remainder	assembly_modulo_2000_contract	1832		1832	00001EA0	40A4FCAE	40A4FEAE	0		ordinary_sample_offset
TALK3.DAT	talk_remainder	assembly_modulo_2000_contract	1833		1833	00001EA4	60B2CBBC	60B2CDBC	0		ordinary_sample_offset
TALK3.DAT	talk_remainder	assembly_modulo_2000_contract	1834		1834	00001EA8	43A148A8	43A14AA8	0		ordinary_sample_offset
TALK3.DAT	talk_remainder	assembly_modulo_2000_contract	1835		1835	00001EAC	000E5125	000E5325	0		ordinary_sample_offset
TALK3.DAT	talk_remainder	assembly_modulo_2000_contract	1836		1836	00001EB0	00591015	00591215	0		ordinary_sample_offset
TALK3.DAT	talk_remainder	assembly_modulo_2000_contract	1837		1837	00001EB4	23301015	23301215	0		ordinary_sample_offset
TALK3.DAT	talk_remainder	assembly_modulo_2000_contract	1838		1838	00001EB8	00060012	00060212	0		ordinary_sample_offset
TALK3.DAT	talk_remainder	assembly_modulo_2000_contract	1839		1839	00001EBC	B9B5DAA7	B9B5DCA7	0		ordinary_sample_offset
TALK3.DAT	talk_remainder	assembly_modulo_2000_contract	1840		1840	00001EC0	56B6BAAA	56B6BCAA	0		ordinary_sample_offset
TALK3.DAT	talk_remainder	assembly_modulo_2000_contract	1841		1841	00001EC4	41A168A6	41A16AA6	0		ordinary_sample_offset
TALK3.DAT	talk_remainder	assembly_modulo_2000_contract	1842		1842	00001EC8	DBA6DAA7	DBA6DCA7	0		ordinary_sample_offset
TALK3.DAT	talk_remainder	assembly_modulo_2000_contract	1843		1843	00001ECC	5DA476A4	5DA478A4	0		ordinary_sample_offset
TALK3.DAT	talk_remainder	assembly_modulo_2000_contract	1844		1844	00001ED0	4FAC56B6	4FAC58B6	0		ordinary_sample_offset
TALK3.DAT	talk_remainder	assembly_modulo_2000_contract	1845		1845	00001ED4	B3A649B4	B3A64BB4	0		ordinary_sample_offset
TALK3.DAT	talk_remainder	assembly_modulo_2000_contract	1846		1846	00001ED8	5DA641A1	5DA643A1	0		ordinary_sample_offset
TALK3.DAT	talk_remainder	assembly_modulo_2000_contract	1847		1847	00001EDC	6FB3B0AC	6FB3B2AC	0		ordinary_sample_offset
TALK3.DAT	talk_remainder	assembly_modulo_2000_contract	1848		1848	00001EE0	CCAAE2A8	CCAAE4A8	0		ordinary_sample_offset
TALK3.DAT	talk_remainder	assembly_modulo_2000_contract	1849		1849	00001EE4	4CB5A3B3	4CB5A5B3	0		ordinary_sample_offset
TALK3.DAT	talk_remainder	assembly_modulo_2000_contract	1850		1850	00001EE8	C9BA61BD	C9BA63BD	0		ordinary_sample_offset
TALK3.DAT	talk_remainder	assembly_modulo_2000_contract	1851		1851	00001EEC	512543A1	512545A1	0		ordinary_sample_offset
TALK3.DAT	talk_remainder	assembly_modulo_2000_contract	1852		1852	00001EF0	1015000E	1015020E	0		ordinary_sample_offset
TALK3.DAT	talk_remainder	assembly_modulo_2000_contract	1853		1853	00001EF4	0402FFFF	040301FF	0		ordinary_sample_offset
TALK3.DAT	talk_remainder	assembly_modulo_2000_contract	1854		1854	00001EF8	1016005B	1016025B	0		ordinary_sample_offset
TALK3.DAT	talk_remainder	assembly_modulo_2000_contract	1855		1855	00001EFC	10160059	10160259	0		ordinary_sample_offset
TALK3.DAT	talk_remainder	assembly_modulo_2000_contract	1856		1856	00001F00	00102330	00102530	0		ordinary_sample_offset
TALK3.DAT	talk_remainder	assembly_modulo_2000_contract	1857		1857	00001F04	DAA70006	DAA70206	0		ordinary_sample_offset
TALK3.DAT	talk_remainder	assembly_modulo_2000_contract	1858		1858	00001F08	53A5CCAD	53A5CEAD	0		ordinary_sample_offset
TALK3.DAT	talk_remainder	assembly_modulo_2000_contract	1859		1859	00001F0C	C7ADCCA7	C7ADCEA7	0		ordinary_sample_offset
TALK3.DAT	talk_remainder	assembly_modulo_2000_contract	1860		1860	00001F10	ECA8D3A8	ECA8D5A8	0		ordinary_sample_offset
TALK3.DAT	talk_remainder	assembly_modulo_2000_contract	1861		1861	00001F14	CCB86FB3	CCB871B3	0		ordinary_sample_offset
TALK3.DAT	talk_remainder	assembly_modulo_2000_contract	1862		1862	00001F18	61A6A1B4	61A6A3B4	0		ordinary_sample_offset
TALK3.DAT	talk_remainder	assembly_modulo_2000_contract	1863		1863	00001F1C	E1A4A8B8	E1A4AAB8	0		ordinary_sample_offset
TALK3.DAT	talk_remainder	assembly_modulo_2000_contract	1864		1864	00001F20	68A641A1	68A643A1	0		ordinary_sample_offset
TALK3.DAT	talk_remainder	assembly_modulo_2000_contract	1865		1865	00001F24	D3A87EA6	D3A880A6	0		ordinary_sample_offset
TALK3.DAT	talk_remainder	assembly_modulo_2000_contract	1866		1866	00001F28	E2BA60C1	E2BA62C1	0		ordinary_sample_offset
TALK3.DAT	talk_remainder	assembly_modulo_2000_contract	1867		1867	00001F2C	49C2B3A6	49C2B5A6	0		ordinary_sample_offset
TALK3.DAT	talk_remainder	assembly_modulo_2000_contract	1868		1868	00001F30	5AC1A8A6	5AC1AAA6	0		ordinary_sample_offset
TALK3.DAT	talk_remainder	assembly_modulo_2000_contract	1869		1869	00001F34	512543A1	512545A1	0		ordinary_sample_offset
TALK3.DAT	talk_remainder	assembly_modulo_2000_contract	1870		1870	00001F38	1016000E	1016020E	0		ordinary_sample_offset
TALK3.DAT	talk_remainder	assembly_modulo_2000_contract	1871		1871	00001F3C	10160059	10160259	0		ordinary_sample_offset
TALK3.DAT	talk_remainder	assembly_modulo_2000_contract	1872		1872	00001F40	00102330	00102530	0		ordinary_sample_offset
TALK3.DAT	talk_remainder	assembly_modulo_2000_contract	1873		1873	00001F44	69A50008	69A50208	0		ordinary_sample_offset
TALK3.DAT	talk_remainder	assembly_modulo_2000_contract	1874		1874	00001F48	E8A4A4B1	E8A4A6B1	0		ordinary_sample_offset
TALK3.DAT	talk_remainder	assembly_modulo_2000_contract	1875		1875	00001F4C	CAA6EAB6	CAA6ECB6	0		ordinary_sample_offset
TALK3.DAT	talk_remainder	assembly_modulo_2000_contract	1876		1876	00001F50	A7A4BDA8	A7A4BFA8	0		ordinary_sample_offset
TALK3.DAT	talk_remainder	assembly_modulo_2000_contract	1877		1877	00001F54	48A4BAA4	48A4BCA4	0		ordinary_sample_offset
TALK3.DAT	talk_remainder	assembly_modulo_2000_contract	1878		1878	00001F58	7DB566A4	7DB568A4	0		ordinary_sample_offset
TALK3.DAT	talk_remainder	assembly_modulo_2000_contract	1879		1879	00001F5C	41A1D6A4	41A1D8A4	0		ordinary_sample_offset
TALK3.DAT	talk_remainder	assembly_modulo_2000_contract	1880		1880	00001F60	A3B3DAA7	A3B3DCA7	0		ordinary_sample_offset
TALK3.DAT	talk_remainder	assembly_modulo_2000_contract	1881		1881	00001F64	6AA4D1A6	6AA4D3A6	0		ordinary_sample_offset
TALK3.DAT	talk_remainder	assembly_modulo_2000_contract	1882		1882	00001F68	70A4A3A4	70A4A5A4	0		ordinary_sample_offset
TALK3.DAT	talk_remainder	assembly_modulo_2000_contract	1883		1883	00001F6C	41A146A4	41A148A4	0		ordinary_sample_offset
TALK3.DAT	talk_remainder	assembly_modulo_2000_contract	1884		1884	00001F70	BEAAA3A4	BEAAA5A4	0		ordinary_sample_offset
TALK3.DAT	talk_remainder	assembly_modulo_2000_contract	1885		1885	00001F74	C9AEF3A6	C9AEF5A6	0		ordinary_sample_offset
TALK3.DAT	talk_remainder	assembly_modulo_2000_contract	1886		1886	00001F78	E0AF7EA4	E0AF80A4	0		ordinary_sample_offset
TALK3.DAT	talk_remainder	assembly_modulo_2000_contract	1887		1887	00001F7C	D0A951B0	D0A953B0	0		ordinary_sample_offset
TALK3.DAT	talk_remainder	assembly_modulo_2000_contract	1888		1888	00001F80	FCB040B7	FCB042B7	0		ordinary_sample_offset
TALK3.DAT	talk_remainder	assembly_modulo_2000_contract	1889		1889	00001F84	512548A1	51254AA1	0		ordinary_sample_offset
TALK3.DAT	talk_remainder	assembly_modulo_2000_contract	1890		1890	00001F88	1016000E	1016020E	0		ordinary_sample_offset
TALK3.DAT	talk_remainder	assembly_modulo_2000_contract	1891		1891	00001F8C	0402FFFF	040301FF	0		ordinary_sample_offset
TALK3.DAT	talk_remainder	assembly_modulo_2000_contract	1892		1892	00001F90	1017005B	1017025B	0		ordinary_sample_offset
TALK3.DAT	talk_remainder	assembly_modulo_2000_contract	1893		1893	00001F94	10170059	10170259	0		ordinary_sample_offset
TALK3.DAT	talk_remainder	assembly_modulo_2000_contract	1894		1894	00001F98	00102330	00102530	0		ordinary_sample_offset
TALK3.DAT	talk_remainder	assembly_modulo_2000_contract	1895		1895	00001F9C	DAA70006	DAA70206	0		ordinary_sample_offset
TALK3.DAT	talk_remainder	assembly_modulo_2000_contract	1896		1896	00001FA0	F4AD6AA4	F4AD6CA4	0		ordinary_sample_offset
TALK3.DAT	talk_remainder	assembly_modulo_2000_contract	1897		1897	00001FA4	40A775A4	40A777A4	0		ordinary_sample_offset
TALK3.DAT	talk_remainder	assembly_modulo_2000_contract	1898		1898	00001FA8	56A7A3A4	56A7A5A4	0		ordinary_sample_offset
TALK3.DAT	talk_remainder	assembly_modulo_2000_contract	1899		1899	00001FAC	4EB44FA4	4EB451A4	0		ordinary_sample_offset
TALK3.DAT	talk_remainder	assembly_modulo_2000_contract	1900		1900	00001FB0	46A4E2BA	46A4E4BA	0		ordinary_sample_offset
TALK3.DAT	talk_remainder	assembly_modulo_2000_contract	1901		1901	00001FB4	E3BE41A1	E3BE43A1	0		ordinary_sample_offset
TALK3.DAT	talk_remainder	assembly_modulo_2000_contract	1902		1902	00001FB8	51B7D1A4	51B7D3A4	0		ordinary_sample_offset
TALK3.DAT	talk_remainder	assembly_modulo_2000_contract	1903		1903	00001FBC	70A6DBB5	70A6DDB5	0		ordinary_sample_offset
TALK3.DAT	talk_remainder	assembly_modulo_2000_contract	1904		1904	00001FC0	51B0F3A6	51B0F5A6	0		ordinary_sample_offset
TALK3.DAT	talk_remainder	assembly_modulo_2000_contract	1905		1905	00001FC4	D1A6ECA8	D1A6EEA8	0		ordinary_sample_offset
TALK3.DAT	talk_remainder	assembly_modulo_2000_contract	1906		1906	00001FC8	43A143B1	43A145B1	0		ordinary_sample_offset
TALK3.DAT	talk_remainder	assembly_modulo_2000_contract	1907		1907	00001FCC	000E5125	000E5325	0		ordinary_sample_offset
TALK3.DAT	talk_remainder	assembly_modulo_2000_contract	1908		1908	00001FD0	00591017	00591217	0		ordinary_sample_offset
TALK3.DAT	talk_remainder	assembly_modulo_2000_contract	1909		1909	00001FD4	23301017	23301217	0		ordinary_sample_offset
TALK3.DAT	talk_remainder	assembly_modulo_2000_contract	1910		1910	00001FD8	00060010	00060210	0		ordinary_sample_offset
TALK3.DAT	talk_remainder	assembly_modulo_2000_contract	1911		1911	00001FDC	D1A440A4	D1A442A4	0		ordinary_sample_offset
TALK3.DAT	talk_remainder	assembly_modulo_2000_contract	1912		1912	00001FE0	A3B0A4A4	A3B0A6A4	0		ordinary_sample_offset
TALK3.DAT	talk_remainder	assembly_modulo_2000_contract	1913		1913	00001FE4	CEBA46A4	CEBA48A4	0		ordinary_sample_offset
TALK3.DAT	talk_remainder	assembly_modulo_2000_contract	1914		1914	00001FE8	4EB4B1C4	4EB4B3C4	0		ordinary_sample_offset
TALK3.DAT	talk_remainder	assembly_modulo_2000_contract	1915		1915	00001FEC	6FB54FAC	6FB551AC	0		ordinary_sample_offset
TALK3.DAT	talk_remainder	assembly_modulo_2000_contract	1916		1916	00001FF0	41A162A7	41A164A7	0		ordinary_sample_offset
TALK3.DAT	talk_remainder	assembly_modulo_2000_contract	1917		1917	00001FF4	A3B3DAA7	A3B3DCA7	0		ordinary_sample_offset
TALK3.DAT	talk_remainder	assembly_modulo_2000_contract	1918		1918	00001FF8	BEAAA3A4	BEAAA5A4	0		ordinary_sample_offset
TALK3.DAT	talk_remainder	assembly_modulo_2000_contract	1919		1919	00001FFC	E7ABD3B8	E7ABD5B8	0		ordinary_sample_offset
TALK3.DAT	talk_remainder	assembly_modulo_2000_contract	1920		1920	00002000	A1BBF2BB	A1BBF4BB	0		ordinary_sample_offset
TALK3.DAT	talk_remainder	assembly_modulo_2000_contract	1921		1921	00002004	46A44CA5	46A44EA5	0		ordinary_sample_offset
TALK3.DAT	talk_remainder	assembly_modulo_2000_contract	1922		1922	00002008	512543A1	512545A1	0		ordinary_sample_offset
TALK3.DAT	talk_remainder	assembly_modulo_2000_contract	1923		1923	0000200C	1017000E	1017020E	0		ordinary_sample_offset
TALK3.DAT	talk_remainder	assembly_modulo_2000_contract	1924		1924	00002010	0402FFFF	040301FF	0		ordinary_sample_offset
TALK3.DAT	talk_remainder	assembly_modulo_2000_contract	1925		1925	00002014	1018005B	1018025B	0		ordinary_sample_offset
TALK3.DAT	talk_remainder	assembly_modulo_2000_contract	1926		1926	00002018	10180059	10180259	0		ordinary_sample_offset
TALK3.DAT	talk_remainder	assembly_modulo_2000_contract	1927		1927	0000201C	00102330	00102530	0		ordinary_sample_offset
TALK3.DAT	talk_remainder	assembly_modulo_2000_contract	1928		1928	00002020	ECAD0006	ECAD0206	0		ordinary_sample_offset
TALK3.DAT	talk_remainder	assembly_modulo_2000_contract	1929		1929	00002024	51B7BBA5	51B7BDA5	0		ordinary_sample_offset
TALK3.DAT	talk_remainder	assembly_modulo_2000_contract	1930		1930	00002028	6FB362A6	6FB364A6	0		ordinary_sample_offset
TALK3.DAT	talk_remainder	assembly_modulo_2000_contract	1931		1931	0000202C	A8B8CCB8	A8B8CEB8	0		ordinary_sample_offset
TALK3.DAT	talk_remainder	assembly_modulo_2000_contract	1932		1932	00002030	CDA561A6	CDA563A6	0		ordinary_sample_offset
TALK3.DAT	talk_remainder	assembly_modulo_2000_contract	1933		1933	00002034	41A1DAAE	41A1DCAE	0		ordinary_sample_offset
TALK3.DAT	talk_remainder	assembly_modulo_2000_contract	1934		1934	00002038	46A4D3A8	46A4D5A8	0		ordinary_sample_offset
TALK3.DAT	talk_remainder	assembly_modulo_2000_contract	1935		1935	0000203C	6FB57EA4	6FB580A4	0		ordinary_sample_offset
TALK3.DAT	talk_remainder	assembly_modulo_2000_contract	1936		1936	00002040	BAB37BB2	BAB37DB2	0		ordinary_sample_offset
TALK3.DAT	talk_remainder	assembly_modulo_2000_contract	1937		1937	00002044	70A64FAC	70A651AC	0		ordinary_sample_offset
TALK3.DAT	talk_remainder	assembly_modulo_2000_contract	1938		1938	00002048	EEAFB9A6	EEAFBBA6	0		ordinary_sample_offset
TALK3.DAT	talk_remainder	assembly_modulo_2000_contract	1939		1939	0000204C	43A144B2	43A146B2	0		ordinary_sample_offset
TALK3.DAT	talk_remainder	assembly_modulo_2000_contract	1940		1940	00002050	000E5125	000E5325	0		ordinary_sample_offset
TALK3.DAT	talk_remainder	assembly_modulo_2000_contract	1941		1941	00002054	00591018	00591218	0		ordinary_sample_offset
TALK3.DAT	talk_remainder	assembly_modulo_2000_contract	1942		1942	00002058	23301018	23301218	0		ordinary_sample_offset
TALK3.DAT	talk_remainder	assembly_modulo_2000_contract	1943		1943	0000205C	00080010	00080210	0		ordinary_sample_offset
TALK3.DAT	talk_remainder	assembly_modulo_2000_contract	1944		1944	00002060	E3A1FCAD	E3A1FEAD	0		ordinary_sample_offset
TALK3.DAT	talk_remainder	assembly_modulo_2000_contract	1945		1945	00002064	D3AD6FB3	D3AD71B3	0		ordinary_sample_offset
TALK3.DAT	talk_remainder	assembly_modulo_2000_contract	1946		1946	00002068	A3A4BEB3	A3A4C0B3	0		ordinary_sample_offset
TALK3.DAT	talk_remainder	assembly_modulo_2000_contract	1947		1947	0000206C	4AB3CDA5	4AB3CFA5	0		ordinary_sample_offset
TALK3.DAT	talk_remainder	assembly_modulo_2000_contract	1948		1948	00002070	61A6BAAA	61A6BCAA	0		ordinary_sample_offset
TALK3.DAT	talk_remainder	assembly_modulo_2000_contract	1949		1949	00002074	41A1E8A4	41A1EAA4	0		ordinary_sample_offset
TALK3.DAT	talk_remainder	assembly_modulo_2000_contract	1950		1950	00002078	E4A773B3	E4A775B3	0		ordinary_sample_offset
TALK3.DAT	talk_remainder	assembly_modulo_2000_contract	1951		1951	0000207C	6EA6D3AD	6EA6D5AD	0		ordinary_sample_offset
TALK3.DAT	talk_remainder	assembly_modulo_2000_contract	1952		1952	00002080	48A46BA4	48A46DA4	0		ordinary_sample_offset
TALK3.DAT	talk_remainder	assembly_modulo_2000_contract	1953		1953	00002084	4BAA7DB6	4BAA7FB6	0		ordinary_sample_offset
TALK3.DAT	talk_remainder	assembly_modulo_2000_contract	1954		1954	00002088	ADB8B2B4	ADB8B4B4	0		ordinary_sample_offset
TALK3.DAT	talk_remainder	assembly_modulo_2000_contract	1955		1955	0000208C	E2BAA3B3	E2BAA5B3	0		ordinary_sample_offset
TALK3.DAT	talk_remainder	assembly_modulo_2000_contract	1956		1956	00002090	6BA64FAC	6BA651AC	0		ordinary_sample_offset
TALK3.DAT	talk_remainder	assembly_modulo_2000_contract	1957		1957	00002094	43A151B7	43A153B7	0		ordinary_sample_offset
TALK3.DAT	talk_remainder	assembly_modulo_2000_contract	1958		1958	00002098	000E5125	000E5325	0		ordinary_sample_offset
TALK3.DAT	talk_remainder	assembly_modulo_2000_contract	1959		1959	0000209C	FFFF1018	FFFF1218	0		ordinary_sample_offset
TALK3.DAT	talk_remainder	assembly_modulo_2000_contract	1960		1960	000020A0	005B0402	005B0602	0		ordinary_sample_offset
TALK3.DAT	talk_remainder	assembly_modulo_2000_contract	1961		1961	000020A4	00591019	00591219	0		ordinary_sample_offset
TALK3.DAT	talk_remainder	assembly_modulo_2000_contract	1962		1962	000020A8	23301019	23301219	0		ordinary_sample_offset
TALK3.DAT	talk_remainder	assembly_modulo_2000_contract	1963		1963	000020AC	00060010	00060210	0		ordinary_sample_offset
TALK3.DAT	talk_remainder	assembly_modulo_2000_contract	1964		1964	000020B0	F4AD6AA4	F4AD6CA4	0		ordinary_sample_offset
TALK3.DAT	talk_remainder	assembly_modulo_2000_contract	1965		1965	000020B4	41AAA1BB	41AAA3BB	0		ordinary_sample_offset
TALK3.DAT	talk_remainder	assembly_modulo_2000_contract	1966		1966	000020B8	ECA8DAA7	ECA8DCA7	0		ordinary_sample_offset
TALK3.DAT	talk_remainder	assembly_modulo_2000_contract	1967		1967	000020BC	CCB86FB3	CCB871B3	0		ordinary_sample_offset
TALK3.DAT	talk_remainder	assembly_modulo_2000_contract	1968		1968	000020C0	40A4CCB8	40A4CEB8	0		ordinary_sample_offset
TALK3.DAT	talk_remainder	assembly_modulo_2000_contract	1969		1969	000020C4	F4C25FB0	F4C261B0	0		ordinary_sample_offset
TALK3.DAT	talk_remainder	assembly_modulo_2000_contract	1970		1970	000020C8	55A4D1A4	55A4D3A4	0		ordinary_sample_offset
TALK3.DAT	talk_remainder	assembly_modulo_2000_contract	1971		1971	000020CC	B2B541A1	B2B543A1	0		ordinary_sample_offset
TALK3.DAT	talk_remainder	assembly_modulo_2000_contract	1972		1972	000020D0	4CA547AA	4CA549AA	0		ordinary_sample_offset
TALK3.DAT	talk_remainder	assembly_modulo_2000_contract	1973		1973	000020D4	C6A8A3D4	C6A8A5D4	0		ordinary_sample_offset
TALK3.DAT	talk_remainder	assembly_modulo_2000_contract	1974		1974	000020D8	A3A4A3B3	A3A4A5B3	0		ordinary_sample_offset
TALK3.DAT	talk_remainder	assembly_modulo_2000_contract	1975		1975	000020DC	43A1B5B0	43A1B7B0	0		ordinary_sample_offset
TALK3.DAT	talk_remainder	assembly_modulo_2000_contract	1976		1976	000020E0	000E5125	000E5325	0		ordinary_sample_offset
TALK3.DAT	talk_remainder	assembly_modulo_2000_contract	1977		1977	000020E4	00591019	00591219	0		ordinary_sample_offset
TALK3.DAT	talk_remainder	assembly_modulo_2000_contract	1978		1978	000020E8	23301019	23301219	0		ordinary_sample_offset
TALK3.DAT	talk_remainder	assembly_modulo_2000_contract	1979		1979	000020EC	00080010	00080210	0		ordinary_sample_offset
TALK3.DAT	talk_remainder	assembly_modulo_2000_contract	1980		1980	000020F0	D1A4E3BE	D1A4E5BE	0		ordinary_sample_offset
TALK3.DAT	talk_remainder	assembly_modulo_2000_contract	1981		1981	000020F4	DBB551B7	DBB553B7	0		ordinary_sample_offset
TALK3.DAT	talk_remainder	assembly_modulo_2000_contract	1982		1982	000020F8	F3A670A6	F3A672A6	0		ordinary_sample_offset
TALK3.DAT	talk_remainder	assembly_modulo_2000_contract	1983		1983	000020FC	76A9C7B6	76A9C9B6	0		ordinary_sample_offset
TALK3.DAT	talk_remainder	assembly_modulo_2000_contract	1984		1984	00002100	4EA5B5B1	4EA5B7B1	0		ordinary_sample_offset
TALK3.DAT	talk_remainder	assembly_modulo_2000_contract	1985		1985	00002104	7EA441A1	7EA443A1	0		ordinary_sample_offset
TALK3.DAT	talk_remainder	assembly_modulo_2000_contract	1986		1986	00002108	EFB9E0AF	EFB9E2AF	0		ordinary_sample_offset
TALK3.DAT	talk_remainder	assembly_modulo_2000_contract	1987		1987	0000210C	5FB06FB1	5FB071B1	0		ordinary_sample_offset
TALK3.DAT	talk_remainder	assembly_modulo_2000_contract	1988		1988	00002110	76A9AAAF	76A9ACAF	0		ordinary_sample_offset
TALK3.DAT	talk_remainder	assembly_modulo_2000_contract	1989		1989	00002114	DAA741A1	DAA743A1	0		ordinary_sample_offset
TALK3.DAT	talk_remainder	assembly_modulo_2000_contract	1990		1990	00002118	67B877A4	67B879A4	0		ordinary_sample_offset
TALK3.DAT	talk_remainder	assembly_modulo_2000_contract	1991		1991	0000211C	51B7A3A4	51B7A5A4	0		ordinary_sample_offset
TALK3.DAT	talk_remainder	assembly_modulo_2000_contract	1992		1992	00002120	4CA5BFC1	4CA5C1C1	0		ordinary_sample_offset
TALK3.DAT	talk_remainder	assembly_modulo_2000_contract	1993		1993	00002124	43A146A4	43A148A4	0		ordinary_sample_offset
TALK3.DAT	talk_remainder	assembly_modulo_2000_contract	1994		1994	00002128	000E5125	000E5325	0		ordinary_sample_offset
TALK3.DAT	talk_remainder	assembly_modulo_2000_contract	1995		1995	0000212C	FFFF1019	FFFF1219	0		ordinary_sample_offset
TALK3.DAT	talk_remainder	assembly_modulo_2000_contract	1996		1996	00002130	005B0402	005B0602	0		ordinary_sample_offset
TALK3.DAT	talk_remainder	assembly_modulo_2000_contract	1997		1997	00002134	0059101A	0059121A	0		ordinary_sample_offset
TALK3.DAT	talk_remainder	assembly_modulo_2000_contract	1998		1998	00002138	2330101A	2330121A	0		ordinary_sample_offset
TALK3.DAT	talk_remainder	assembly_modulo_2000_contract	1999		1999	0000213C	00060010	00060210	0		ordinary_sample_offset
TALK4.DAT	talk_remainder	payload[1]/4	0		0	00000200	FFFFFFFF		0		sentinel_minus_one
TALK4.DAT	talk_remainder	payload[1]/4	1		1	00000204	00001134	00001334	1	0402	ordinary_sample_offset
TALK4.DAT	talk_remainder	payload[1]/4	2		2	00000208	000011B7	000013B7	1	0402	ordinary_sample_offset
TALK4.DAT	talk_remainder	payload[1]/4	3		3	0000020C	000011FD	000013FD	1	0402	ordinary_sample_offset
TALK4.DAT	talk_remainder	payload[1]/4	4		4	00000210	00001243	00001443	1	0402	ordinary_sample_offset
TALK4.DAT	talk_remainder	payload[1]/4	5		5	00000214	00001279	00001479	1	0402	ordinary_sample_offset
TALK4.DAT	talk_remainder	payload[1]/4	6		6	00000218	000012AF	000014AF	1	0402	ordinary_sample_offset
TALK4.DAT	talk_remainder	payload[1]/4	7		7	0000021C	000012B3	000014B3	1	0402	ordinary_sample_offset
TALK4.DAT	talk_remainder	payload[1]/4	8		8	00000220	000012B7	000014B7	1	0402	ordinary_sample_offset
TALK4.DAT	talk_remainder	payload[1]/4	9		9	00000224	000012BB	000014BB	1	0402	ordinary_sample_offset
TALK4.DAT	talk_remainder	payload[1]/4	10		10	00000228	000012BF	000014BF	1	0402	ordinary_sample_offset
TALK4.DAT	talk_remainder	payload[1]/4	11		11	0000022C	000012C3	000014C3	1	0402	ordinary_sample_offset
TALK4.DAT	talk_remainder	payload[1]/4	12		12	00000230	000012C7	000014C7	1	0402	ordinary_sample_offset
TALK4.DAT	talk_remainder	payload[1]/4	13		13	00000234	000012CB	000014CB	1	0402	ordinary_sample_offset
TALK4.DAT	talk_remainder	payload[1]/4	14		14	00000238	000012CF	000014CF	1	0402	ordinary_sample_offset
TALK4.DAT	talk_remainder	payload[1]/4	15		15	0000023C	000012D3	000014D3	1	0402	ordinary_sample_offset
TALK4.DAT	talk_remainder	payload[1]/4	16		16	00000240	000012D7	000014D7	1	0402	ordinary_sample_offset
TALK4.DAT	talk_remainder	payload[1]/4	17		17	00000244	0000130D	0000150D	1	0402	ordinary_sample_offset
TALK4.DAT	talk_remainder	payload[1]/4	18		18	00000248	00001343	00001543	1	0402	ordinary_sample_offset
TALK4.DAT	talk_remainder	payload[1]/4	19		19	0000024C	00001347	00001547	1	0402	ordinary_sample_offset
TALK4.DAT	talk_remainder	payload[1]/4	20		20	00000250	0000137D	0000157D	1	0402	ordinary_sample_offset
TALK4.DAT	talk_remainder	payload[1]/4	21		21	00000254	000013B3	000015B3	1	0402	ordinary_sample_offset
TALK4.DAT	talk_remainder	payload[1]/4	22		22	00000258	000013B7	000015B7	1	0402	ordinary_sample_offset
TALK4.DAT	talk_remainder	payload[1]/4	23		23	0000025C	000013ED	000015ED	1	0402	ordinary_sample_offset
TALK4.DAT	talk_remainder	payload[1]/4	24		24	00000260	00001423	00001623	1	0402	ordinary_sample_offset
TALK4.DAT	talk_remainder	payload[1]/4	25		25	00000264	00001721	00001921	1	0402	ordinary_sample_offset
TALK4.DAT	talk_remainder	payload[1]/4	26		26	00000268	00001E2C	0000202C	1	0402	ordinary_sample_offset
TALK4.DAT	talk_remainder	payload[1]/4	27		27	0000026C	00002BB6	00002DB6	1	0402	ordinary_sample_offset
TALK4.DAT	talk_remainder	payload[1]/4	28		28	00000270	00002D7E	00002F7E	1	0402	ordinary_sample_offset
TALK4.DAT	talk_remainder	payload[1]/4	29		29	00000274	00002DE4	00002FE4	1	0402	ordinary_sample_offset
TALK4.DAT	talk_remainder	payload[1]/4	30		30	00000278	00002E4A	0000304A	1	0402	ordinary_sample_offset
TALK4.DAT	talk_remainder	payload[1]/4	31		31	0000027C	00002E4E	0000304E	1	0402	ordinary_sample_offset
TALK4.DAT	talk_remainder	payload[1]/4	32		32	00000280	00002E52	00003052	1	0402	ordinary_sample_offset
TALK4.DAT	talk_remainder	payload[1]/4	33		33	00000284	00003DD1	00003FD1	1	0402	ordinary_sample_offset
TALK4.DAT	talk_remainder	payload[1]/4	34		34	00000288	000045B9	000047B9	1	0402	ordinary_sample_offset
TALK4.DAT	talk_remainder	payload[1]/4	35		35	0000028C	00004823	00004A23	1	0402	ordinary_sample_offset
TALK4.DAT	talk_remainder	payload[1]/4	36		36	00000290	00004859	00004A59	1	0402	ordinary_sample_offset
TALK4.DAT	talk_remainder	payload[1]/4	37		37	00000294	000048BF	00004ABF	1	0402	ordinary_sample_offset
TALK4.DAT	talk_remainder	payload[1]/4	38		38	00000298	00004903	00004B03	1	0402	ordinary_sample_offset
TALK4.DAT	talk_remainder	payload[1]/4	39		39	0000029C	00004943	00004B43	1	0402	ordinary_sample_offset
TALK4.DAT	talk_remainder	payload[1]/4	40		40	000002A0	00004983	00004B83	1	0402	ordinary_sample_offset
TALK4.DAT	talk_remainder	payload[1]/4	41		41	000002A4	000049C3	00004BC3	1	0402	ordinary_sample_offset
TALK4.DAT	talk_remainder	payload[1]/4	42		42	000002A8	00004A03	00004C03	1	0402	ordinary_sample_offset
TALK4.DAT	talk_remainder	payload[1]/4	43		43	000002AC	00004A07	00004C07	1	0402	ordinary_sample_offset
TALK4.DAT	talk_remainder	payload[1]/4	44		44	000002B0	00004A0B	00004C0B	1	0402	ordinary_sample_offset
TALK4.DAT	talk_remainder	payload[1]/4	45		45	000002B4	00004A0F	00004C0F	1	0402	ordinary_sample_offset
TALK4.DAT	talk_remainder	payload[1]/4	46		46	000002B8	00004A13	00004C13	1	0402	ordinary_sample_offset
TALK4.DAT	talk_remainder	payload[1]/4	47		47	000002BC	00004A17	00004C17	1	0402	ordinary_sample_offset
TALK4.DAT	talk_remainder	payload[1]/4	48		48	000002C0	00004A1B	00004C1B	1	0402	ordinary_sample_offset
TALK4.DAT	talk_remainder	payload[1]/4	49		49	000002C4	00004A1F	00004C1F	1	0402	ordinary_sample_offset
TALK4.DAT	talk_remainder	payload[1]/4	50		50	000002C8	00004A23	00004C23	1	0402	ordinary_sample_offset
TALK4.DAT	talk_remainder	payload[1]/4	51		51	000002CC	00004A27	00004C27	1	0402	ordinary_sample_offset
TALK4.DAT	talk_remainder	payload[1]/4	52		52	000002D0	00004A2B	00004C2B	1	0402	ordinary_sample_offset
TALK4.DAT	talk_remainder	payload[1]/4	53		53	000002D4	00004A2F	00004C2F	1	0402	ordinary_sample_offset
TALK4.DAT	talk_remainder	payload[1]/4	54		54	000002D8	00004A33	00004C33	1	0402	ordinary_sample_offset
TALK4.DAT	talk_remainder	payload[1]/4	55		55	000002DC	00004A37	00004C37	1	0402	ordinary_sample_offset
TALK4.DAT	talk_remainder	payload[1]/4	56		56	000002E0	00004A3B	00004C3B	1	0402	ordinary_sample_offset
TALK4.DAT	talk_remainder	payload[1]/4	57		57	000002E4	00004A3F	00004C3F	1	0402	ordinary_sample_offset
TALK4.DAT	talk_remainder	payload[1]/4	58		58	000002E8	00004A43	00004C43	1	0402	ordinary_sample_offset
TALK4.DAT	talk_remainder	payload[1]/4	59		59	000002EC	00004A47	00004C47	1	0402	ordinary_sample_offset
TALK4.DAT	talk_remainder	payload[1]/4	60		60	000002F0	00004A4B	00004C4B	1	0402	ordinary_sample_offset
TALK4.DAT	talk_remainder	payload[1]/4	61		61	000002F4	00004A4F	00004C4F	1	0402	ordinary_sample_offset
TALK4.DAT	talk_remainder	payload[1]/4	62		62	000002F8	00004AB5	00004CB5	1	0402	ordinary_sample_offset
TALK4.DAT	talk_remainder	payload[1]/4	63		63	000002FC	00004B1B	00004D1B	1	0402	ordinary_sample_offset
TALK4.DAT	talk_remainder	payload[1]/4	64		64	00000300	00004B81	00004D81	1	0402	ordinary_sample_offset
TALK4.DAT	talk_remainder	payload[1]/4	65		65	00000304	00004BE7	00004DE7	1	0402	ordinary_sample_offset
TALK4.DAT	talk_remainder	payload[1]/4	66		66	00000308	00004C4D	00004E4D	1	0402	ordinary_sample_offset
TALK4.DAT	talk_remainder	payload[1]/4	67		67	0000030C	00004D06	00004F06	1	0402	ordinary_sample_offset
TALK4.DAT	talk_remainder	payload[1]/4	68		68	00000310	00004E76	00005076	1	0402	ordinary_sample_offset
TALK4.DAT	talk_remainder	payload[1]/4	69		69	00000314	0000505D	0000525D	1	0402	ordinary_sample_offset
TALK4.DAT	talk_remainder	payload[1]/4	70		70	00000318	00005244	00005444	1	0402	ordinary_sample_offset
TALK4.DAT	talk_remainder	payload[1]/4	71		71	0000031C	00005589	00005789	1	0402	ordinary_sample_offset
TALK4.DAT	talk_remainder	payload[1]/4	72		72	00000320	0000572C	0000592C	1	0402	ordinary_sample_offset
TALK4.DAT	talk_remainder	payload[1]/4	73		73	00000324	00006EAA	000070AA	1	0402	ordinary_sample_offset
TALK4.DAT	talk_remainder	payload[1]/4	74		74	00000328	00006EAE	000070AE	1	0402	ordinary_sample_offset
TALK4.DAT	talk_remainder	payload[1]/4	75		75	0000032C	00006EB2	000070B2	1	0402	ordinary_sample_offset
TALK4.DAT	talk_remainder	payload[1]/4	76		76	00000330	0000744D	0000764D	1	0402	ordinary_sample_offset
TALK4.DAT	talk_remainder	payload[1]/4	77		77	00000334	00007D92	00007F92	1	0402	ordinary_sample_offset
TALK4.DAT	talk_remainder	payload[1]/4	78		78	00000338	00007DF8	00007FF8	1	0402	ordinary_sample_offset
TALK4.DAT	talk_remainder	payload[1]/4	79		79	0000033C	00007E5E	0000805E	1	0402	ordinary_sample_offset
TALK4.DAT	talk_remainder	payload[1]/4	80		80	00000340	00007E94	00008094	1	0402	ordinary_sample_offset
TALK4.DAT	talk_remainder	payload[1]/4	81		81	00000344	00008D1B	00008F1B	1	0402	ordinary_sample_offset
TALK4.DAT	talk_remainder	payload[1]/4	82		82	00000348	000093BC	000095BC	1	0402	ordinary_sample_offset
TALK4.DAT	talk_remainder	payload[1]/4	83		83	0000034C	00009422	00009622	1	0402	ordinary_sample_offset
TALK4.DAT	talk_remainder	payload[1]/4	84		84	00000350	00009426	00009626	1	0402	ordinary_sample_offset
TALK4.DAT	talk_remainder	payload[1]/4	85		85	00000354	00009599	00009799	1	0402	ordinary_sample_offset
TALK4.DAT	talk_remainder	payload[1]/4	86		86	00000358	0000961C	0000981C	1	0402	ordinary_sample_offset
TALK4.DAT	talk_remainder	payload[1]/4	87		87	0000035C	0000974A	0000994A	1	0402	ordinary_sample_offset
TALK4.DAT	talk_remainder	payload[1]/4	88		88	00000360	0000983A	00009A3A	1	0402	ordinary_sample_offset
TALK4.DAT	talk_remainder	payload[1]/4	89		89	00000364	0000992A	00009B2A	1	0402	ordinary_sample_offset
TALK4.DAT	talk_remainder	payload[1]/4	90		90	00000368	00009A1A	00009C1A	1	0402	ordinary_sample_offset
TALK4.DAT	talk_remainder	payload[1]/4	91		91	0000036C	00009B0A	00009D0A	1	0402	ordinary_sample_offset
TALK4.DAT	talk_remainder	payload[1]/4	92		92	00000370	00009BFA	00009DFA	1	0402	ordinary_sample_offset
TALK4.DAT	talk_remainder	payload[1]/4	93		93	00000374	00009CEA	00009EEA	1	0402	ordinary_sample_offset
TALK4.DAT	talk_remainder	payload[1]/4	94		94	00000378	00009DDA	00009FDA	1	0402	ordinary_sample_offset
TALK4.DAT	talk_remainder	payload[1]/4	95		95	0000037C	00009DE6	00009FE6	1	0402	ordinary_sample_offset
TALK4.DAT	talk_remainder	payload[1]/4	96		96	00000380	00009E00	0000A000	1	0402	ordinary_sample_offset
TALK4.DAT	talk_remainder	payload[1]/4	97		97	00000384	00009E36	0000A036	1	0402	ordinary_sample_offset
TALK4.DAT	talk_remainder	payload[1]/4	98		98	00000388	00009E3A	0000A03A	1	0402	ordinary_sample_offset
TALK4.DAT	talk_remainder	payload[1]/4	99		99	0000038C	00009E3E	0000A03E	1	0402	ordinary_sample_offset
TALK4.DAT	talk_remainder	payload[1]/4	100		100	00000390	00009E42	0000A042	1	0402	ordinary_sample_offset
TALK4.DAT	talk_remainder	payload[1]/4	101		101	00000394	00009E46	0000A046	1	0402	ordinary_sample_offset
TALK4.DAT	talk_remainder	payload[1]/4	102		102	00000398	00009F21	0000A121	1	0402	ordinary_sample_offset
TALK4.DAT	talk_remainder	payload[1]/4	103		103	0000039C	00009F25	0000A125	1	0402	ordinary_sample_offset
TALK4.DAT	talk_remainder	payload[1]/4	104		104	000003A0	00009F5B	0000A15B	1	0402	ordinary_sample_offset
TALK4.DAT	talk_remainder	payload[1]/4	105		105	000003A4	0000A3C2	0000A5C2	1	0402	ordinary_sample_offset
TALK4.DAT	talk_remainder	payload[1]/4	106		106	000003A8	0000A3F8	0000A5F8	1	0402	ordinary_sample_offset
TALK4.DAT	talk_remainder	payload[1]/4	107		107	000003AC	0000A42E	0000A62E	1	0402	ordinary_sample_offset
TALK4.DAT	talk_remainder	payload[1]/4	108		108	000003B0	0000A464	0000A664	1	0402	ordinary_sample_offset
TALK4.DAT	talk_remainder	payload[1]/4	109		109	000003B4	0000A49A	0000A69A	1	0402	ordinary_sample_offset
TALK4.DAT	talk_remainder	payload[1]/4	110		110	000003B8	0000A4D0	0000A6D0	1	0402	ordinary_sample_offset
TALK4.DAT	talk_remainder	payload[1]/4	111		111	000003BC	0000A506	0000A706	1	0402	ordinary_sample_offset
TALK4.DAT	talk_remainder	payload[1]/4	112		112	000003C0	0000A53C	0000A73C	1	0402	ordinary_sample_offset
TALK4.DAT	talk_remainder	payload[1]/4	113		113	000003C4	0000A572	0000A772	1	0402	ordinary_sample_offset
TALK4.DAT	talk_remainder	payload[1]/4	114		114	000003C8	0000A5A8	0000A7A8	1	0402	ordinary_sample_offset
TALK4.DAT	talk_remainder	payload[1]/4	115		115	000003CC	0000A5DE	0000A7DE	1	0402	ordinary_sample_offset
TALK4.DAT	talk_remainder	payload[1]/4	116		116	000003D0	0000A614	0000A814	1	0402	ordinary_sample_offset
TALK4.DAT	talk_remainder	payload[1]/4	117		117	000003D4	0000A64A	0000A84A	1	0402	ordinary_sample_offset
TALK4.DAT	talk_remainder	payload[1]/4	118		118	000003D8	0000A680	0000A880	1	0402	ordinary_sample_offset
TALK4.DAT	talk_remainder	payload[1]/4	119		119	000003DC	0000A6B6	0000A8B6	1	0402	ordinary_sample_offset
TALK4.DAT	talk_remainder	payload[1]/4	120		120	000003E0	0000A6D8	0000A8D8	1	0402	ordinary_sample_offset
TALK4.DAT	talk_remainder	payload[1]/4	121		121	000003E4	0000A70E	0000A90E	1	0402	ordinary_sample_offset
TALK4.DAT	talk_remainder	payload[1]/4	122		122	000003E8	0000A744	0000A944	1	0402	ordinary_sample_offset
TALK4.DAT	talk_remainder	payload[1]/4	123		123	000003EC	0000A77A	0000A97A	1	0402	ordinary_sample_offset
TALK4.DAT	talk_remainder	payload[1]/4	124		124	000003F0	0000A7B0	0000A9B0	1	0402	ordinary_sample_offset
TALK4.DAT	talk_remainder	payload[1]/4	125		125	000003F4	0000A7F2	0000A9F2	1	0402	ordinary_sample_offset
TALK4.DAT	talk_remainder	payload[1]/4	126		126	000003F8	0000A830	0000AA30	1	0402	ordinary_sample_offset
TALK4.DAT	talk_remainder	payload[1]/4	127		127	000003FC	0000A86E	0000AA6E	1	0402	ordinary_sample_offset
TALK4.DAT	talk_remainder	payload[1]/4	128		128	00000400	0000A8A4	0000AAA4	1	0402	ordinary_sample_offset
TALK4.DAT	talk_remainder	payload[1]/4	129		129	00000404	0000A8DA	0000AADA	1	0402	ordinary_sample_offset
TALK4.DAT	talk_remainder	payload[1]/4	130		130	00000408	0000A910	0000AB10	1	0402	ordinary_sample_offset
TALK4.DAT	talk_remainder	payload[1]/4	131		131	0000040C	0000A946	0000AB46	1	0402	ordinary_sample_offset
TALK4.DAT	talk_remainder	payload[1]/4	132		132	00000410	0000A97C	0000AB7C	1	0402	ordinary_sample_offset
TALK4.DAT	talk_remainder	payload[1]/4	133		133	00000414	0000A9B2	0000ABB2	1	0402	ordinary_sample_offset
TALK4.DAT	talk_remainder	payload[1]/4	134		134	00000418	0000A9C8	0000ABC8	1	0402	ordinary_sample_offset
TALK4.DAT	talk_remainder	payload[1]/4	135		135	0000041C	0000AA0C	0000AC0C	1	0402	ordinary_sample_offset
TALK4.DAT	talk_remainder	payload[1]/4	136		136	00000420	0000AA18	0000AC18	1	0402	ordinary_sample_offset
TALK4.DAT	talk_remainder	payload[1]/4	137		137	00000424	0000AA24	0000AC24	1	0402	ordinary_sample_offset
TALK4.DAT	talk_remainder	payload[1]/4	138		138	00000428	0000AA30	0000AC30	1	0402	ordinary_sample_offset
TALK4.DAT	talk_remainder	payload[1]/4	139		139	0000042C	0000ADF3	0000AFF3	1	0402	ordinary_sample_offset
TALK4.DAT	talk_remainder	payload[1]/4	140		140	00000430	0000AE84	0000B084	1	0402	ordinary_sample_offset
TALK4.DAT	talk_remainder	payload[1]/4	141		141	00000434	0000AEE0	0000B0E0	1	0402	ordinary_sample_offset
TALK4.DAT	talk_remainder	payload[1]/4	142		142	00000438	0000B1D4	0000B3D4	1	0402	ordinary_sample_offset
TALK4.DAT	talk_remainder	payload[1]/4	143		143	0000043C	0000B1E4	0000B3E4	1	0402	ordinary_sample_offset
TALK4.DAT	talk_remainder	payload[1]/4	144		144	00000440	0000B1F4	0000B3F4	1	0402	ordinary_sample_offset
TALK4.DAT	talk_remainder	payload[1]/4	145		145	00000444	0000B1F8	0000B3F8	1	0402	ordinary_sample_offset
TALK4.DAT	talk_remainder	payload[1]/4	146		146	00000448	0000B1FC	0000B3FC	1	0402	ordinary_sample_offset
TALK4.DAT	talk_remainder	payload[1]/4	147		147	0000044C	0000B200	0000B400	1	0402	ordinary_sample_offset
TALK4.DAT	talk_remainder	payload[1]/4	148		148	00000450	0000B204	0000B404	1	0402	ordinary_sample_offset
TALK4.DAT	talk_remainder	payload[1]/4	149		149	00000454	0000B208	0000B408	1	0402	ordinary_sample_offset
TALK4.DAT	talk_remainder	payload[1]/4	150		150	00000458	0000B20C	0000B40C	1	0402	ordinary_sample_offset
TALK4.DAT	talk_remainder	payload[1]/4	151		151	0000045C	0000B210	0000B410	1	0402	ordinary_sample_offset
TALK4.DAT	talk_remainder	payload[1]/4	152		152	00000460	0000B214	0000B414	1	0402	ordinary_sample_offset
TALK4.DAT	talk_remainder	payload[1]/4	153		153	00000464	0000B218	0000B418	1	0402	ordinary_sample_offset
TALK4.DAT	talk_remainder	payload[1]/4	154		154	00000468	0000B21C	0000B41C	1	0402	ordinary_sample_offset
TALK4.DAT	talk_remainder	payload[1]/4	155		155	0000046C	0000B220	0000B420	1	0402	ordinary_sample_offset
TALK4.DAT	talk_remainder	payload[1]/4	156		156	00000470	0000B224	0000B424	1	0402	ordinary_sample_offset
TALK4.DAT	talk_remainder	payload[1]/4	157		157	00000474	0000B228	0000B428	1	0402	ordinary_sample_offset
TALK4.DAT	talk_remainder	payload[1]/4	158		158	00000478	0000B22C	0000B42C	1	0402	ordinary_sample_offset
TALK4.DAT	talk_remainder	payload[1]/4	159		159	0000047C	0000B230	0000B430	1	0402	ordinary_sample_offset
TALK4.DAT	talk_remainder	payload[1]/4	160		160	00000480	0000B234	0000B434	1	0402	ordinary_sample_offset
TALK4.DAT	talk_remainder	payload[1]/4	161		161	00000484	0000B238	0000B438	1	0402	ordinary_sample_offset
TALK4.DAT	talk_remainder	payload[1]/4	162		162	00000488	0000B23C	0000B43C	1	0402	ordinary_sample_offset
TALK4.DAT	talk_remainder	payload[1]/4	163		163	0000048C	0000B240	0000B440	1	0402	ordinary_sample_offset
TALK4.DAT	talk_remainder	payload[1]/4	164		164	00000490	0000B244	0000B444	1	0402	ordinary_sample_offset
TALK4.DAT	talk_remainder	payload[1]/4	165		165	00000494	0000B248	0000B448	1	0402	ordinary_sample_offset
TALK4.DAT	talk_remainder	payload[1]/4	166		166	00000498	0000B24C	0000B44C	1	0402	ordinary_sample_offset
TALK4.DAT	talk_remainder	payload[1]/4	167		167	0000049C	0000B250	0000B450	1	0402	ordinary_sample_offset
TALK4.DAT	talk_remainder	payload[1]/4	168		168	000004A0	0000B254	0000B454	1	0402	ordinary_sample_offset
TALK4.DAT	talk_remainder	payload[1]/4	169		169	000004A4	0000B258	0000B458	1	0402	ordinary_sample_offset
TALK4.DAT	talk_remainder	payload[1]/4	170		170	000004A8	0000B25C	0000B45C	1	0402	ordinary_sample_offset
TALK4.DAT	talk_remainder	payload[1]/4	171		171	000004AC	0000B260	0000B460	1	0402	ordinary_sample_offset
TALK4.DAT	talk_remainder	payload[1]/4	172		172	000004B0	0000B264	0000B464	1	0402	ordinary_sample_offset
TALK4.DAT	talk_remainder	payload[1]/4	173		173	000004B4	0000B268	0000B468	1	0402	ordinary_sample_offset
TALK4.DAT	talk_remainder	payload[1]/4	174		174	000004B8	0000B26C	0000B46C	1	0402	ordinary_sample_offset
TALK4.DAT	talk_remainder	payload[1]/4	175		175	000004BC	0000B270	0000B470	1	0402	ordinary_sample_offset
TALK4.DAT	talk_remainder	payload[1]/4	176		176	000004C0	0000B274	0000B474	1	0402	ordinary_sample_offset
TALK4.DAT	talk_remainder	payload[1]/4	177		177	000004C4	0000B278	0000B478	1	0402	ordinary_sample_offset
TALK4.DAT	talk_remainder	payload[1]/4	178		178	000004C8	0000B27C	0000B47C	1	0402	ordinary_sample_offset
TALK4.DAT	talk_remainder	payload[1]/4	179		179	000004CC	0000B280	0000B480	1	0402	ordinary_sample_offset
TALK4.DAT	talk_remainder	payload[1]/4	180		180	000004D0	0000B284	0000B484	1	0402	ordinary_sample_offset
TALK4.DAT	talk_remainder	payload[1]/4	181		181	000004D4	0000B288	0000B488	1	0402	ordinary_sample_offset
TALK4.DAT	talk_remainder	payload[1]/4	182		182	000004D8	0000B28C	0000B48C	1	0402	ordinary_sample_offset
TALK4.DAT	talk_remainder	payload[1]/4	183		183	000004DC	0000B290	0000B490	1	0402	ordinary_sample_offset
TALK4.DAT	talk_remainder	payload[1]/4	184		184	000004E0	0000B294	0000B494	1	0402	ordinary_sample_offset
TALK4.DAT	talk_remainder	payload[1]/4	185		185	000004E4	0000B298	0000B498	1	0402	ordinary_sample_offset
TALK4.DAT	talk_remainder	payload[1]/4	186		186	000004E8	0000B29C	0000B49C	1	0402	ordinary_sample_offset
TALK4.DAT	talk_remainder	payload[1]/4	187		187	000004EC	0000B2A0	0000B4A0	1	0402	ordinary_sample_offset
TALK4.DAT	talk_remainder	payload[1]/4	188		188	000004F0	0000B2A4	0000B4A4	1	0402	ordinary_sample_offset
TALK4.DAT	talk_remainder	payload[1]/4	189		189	000004F4	0000B2A8	0000B4A8	1	0402	ordinary_sample_offset
TALK4.DAT	talk_remainder	payload[1]/4	190		190	000004F8	0000B2AC	0000B4AC	1	0402	ordinary_sample_offset
TALK4.DAT	talk_remainder	payload[1]/4	191		191	000004FC	0000B2B0	0000B4B0	1	0402	ordinary_sample_offset
TALK4.DAT	talk_remainder	payload[1]/4	192		192	00000500	0000B2B4	0000B4B4	1	0402	ordinary_sample_offset
TALK4.DAT	talk_remainder	payload[1]/4	193		193	00000504	0000B2B8	0000B4B8	1	0402	ordinary_sample_offset
TALK4.DAT	talk_remainder	payload[1]/4	194		194	00000508	0000B2BC	0000B4BC	1	0402	ordinary_sample_offset
TALK4.DAT	talk_remainder	payload[1]/4	195		195	0000050C	0000B2C0	0000B4C0	1	0402	ordinary_sample_offset
TALK4.DAT	talk_remainder	payload[1]/4	196		196	00000510	0000B2C4	0000B4C4	1	0402	ordinary_sample_offset
TALK4.DAT	talk_remainder	payload[1]/4	197		197	00000514	0000B2C8	0000B4C8	1	0402	ordinary_sample_offset
TALK4.DAT	talk_remainder	payload[1]/4	198		198	00000518	0000B2CC	0000B4CC	1	0402	ordinary_sample_offset
TALK4.DAT	talk_remainder	payload[1]/4	199		199	0000051C	0000B2D0	0000B4D0	1	0402	ordinary_sample_offset
TALK4.DAT	talk_remainder	payload[1]/4	200		200	00000520	0000B2D4	0000B4D4	1	0402	ordinary_sample_offset
TALK4.DAT	talk_remainder	payload[1]/4	201		201	00000524	0000C516	0000C716	1	0402	ordinary_sample_offset
TALK4.DAT	talk_remainder	payload[1]/4	202		202	00000528	0000C54C	0000C74C	1	0402	ordinary_sample_offset
TALK4.DAT	talk_remainder	payload[1]/4	203		203	0000052C	0000D474	0000D674	1	0402	ordinary_sample_offset
TALK4.DAT	talk_remainder	payload[1]/4	204		204	00000530	0000D4AA	0000D6AA	1	0402	ordinary_sample_offset
TALK4.DAT	talk_remainder	payload[1]/4	205		205	00000534	0000D4E0	0000D6E0	1	0402	ordinary_sample_offset
TALK4.DAT	talk_remainder	payload[1]/4	206		206	00000538	0000D516	0000D716	1	0402	ordinary_sample_offset
TALK4.DAT	talk_remainder	payload[1]/4	207		207	0000053C	0000D51A	0000D71A	1	0402	ordinary_sample_offset
TALK4.DAT	talk_remainder	payload[1]/4	208		208	00000540	0000D51E	0000D71E	1	0402	ordinary_sample_offset
TALK4.DAT	talk_remainder	payload[1]/4	209		209	00000544	0000D522	0000D722	1	0402	ordinary_sample_offset
TALK4.DAT	talk_remainder	payload[1]/4	210		210	00000548	0000D526	0000D726	1	0402	ordinary_sample_offset
TALK4.DAT	talk_remainder	payload[1]/4	211		211	0000054C	0000D52A	0000D72A	1	0402	ordinary_sample_offset
TALK4.DAT	talk_remainder	payload[1]/4	212		212	00000550	0000D52E	0000D72E	1	0402	ordinary_sample_offset
TALK4.DAT	talk_remainder	payload[1]/4	213		213	00000554	0000D532	0000D732	1	0402	ordinary_sample_offset
TALK4.DAT	talk_remainder	payload[1]/4	214		214	00000558	0000D536	0000D736	1	0402	ordinary_sample_offset
TALK4.DAT	talk_remainder	payload[1]/4	215		215	0000055C	0000D53A	0000D73A	1	0402	ordinary_sample_offset
TALK4.DAT	talk_remainder	payload[1]/4	216		216	00000560	0000D53E	0000D73E	1	0402	ordinary_sample_offset
TALK4.DAT	talk_remainder	payload[1]/4	217		217	00000564	0000D542	0000D742	1	0402	ordinary_sample_offset
TALK4.DAT	talk_remainder	payload[1]/4	218		218	00000568	0000D546	0000D746	1	0402	ordinary_sample_offset
TALK4.DAT	talk_remainder	payload[1]/4	219		219	0000056C	0000D54A	0000D74A	1	0402	ordinary_sample_offset
TALK4.DAT	talk_remainder	payload[1]/4	220		220	00000570	0000D54E	0000D74E	1	0402	ordinary_sample_offset
TALK4.DAT	talk_remainder	payload[1]/4	221		221	00000574	0000D552	0000D752	1	0402	ordinary_sample_offset
TALK4.DAT	talk_remainder	payload[1]/4	222		222	00000578	0000D556	0000D756	1	0402	ordinary_sample_offset
TALK4.DAT	talk_remainder	payload[1]/4	223		223	0000057C	0000D55A	0000D75A	1	0402	ordinary_sample_offset
TALK4.DAT	talk_remainder	payload[1]/4	224		224	00000580	0000D55E	0000D75E	1	0402	ordinary_sample_offset
TALK4.DAT	talk_remainder	payload[1]/4	225		225	00000584	0000D562	0000D762	1	0402	ordinary_sample_offset
TALK4.DAT	talk_remainder	payload[1]/4	226		226	00000588	0000D566	0000D766	1	0402	ordinary_sample_offset
TALK4.DAT	talk_remainder	payload[1]/4	227		227	0000058C	0000D56A	0000D76A	1	0402	ordinary_sample_offset
TALK4.DAT	talk_remainder	payload[1]/4	228		228	00000590	0000D56E	0000D76E	1	0402	ordinary_sample_offset
TALK4.DAT	talk_remainder	payload[1]/4	229		229	00000594	0000D572	0000D772	1	0402	ordinary_sample_offset
TALK4.DAT	talk_remainder	payload[1]/4	230		230	00000598	0000D576	0000D776	1	0402	ordinary_sample_offset
TALK4.DAT	talk_remainder	payload[1]/4	231		231	0000059C	0000D57A	0000D77A	1	0402	ordinary_sample_offset
TALK4.DAT	talk_remainder	payload[1]/4	232		232	000005A0	0000D57E	0000D77E	1	0402	ordinary_sample_offset
TALK4.DAT	talk_remainder	payload[1]/4	233		233	000005A4	0000D582	0000D782	1	0402	ordinary_sample_offset
TALK4.DAT	talk_remainder	payload[1]/4	234		234	000005A8	0000D586	0000D786	1	0402	ordinary_sample_offset
TALK4.DAT	talk_remainder	payload[1]/4	235		235	000005AC	0000D58A	0000D78A	1	0402	ordinary_sample_offset
TALK4.DAT	talk_remainder	payload[1]/4	236		236	000005B0	0000D58E	0000D78E	1	0402	ordinary_sample_offset
TALK4.DAT	talk_remainder	payload[1]/4	237		237	000005B4	0000D592	0000D792	1	0402	ordinary_sample_offset
TALK4.DAT	talk_remainder	payload[1]/4	238		238	000005B8	0000D596	0000D796	1	0402	ordinary_sample_offset
TALK4.DAT	talk_remainder	payload[1]/4	239		239	000005BC	0000D59A	0000D79A	1	0402	ordinary_sample_offset
TALK4.DAT	talk_remainder	payload[1]/4	240		240	000005C0	0000D59E	0000D79E	1	0402	ordinary_sample_offset
TALK4.DAT	talk_remainder	payload[1]/4	241		241	000005C4	0000D5A2	0000D7A2	1	0402	ordinary_sample_offset
TALK4.DAT	talk_remainder	payload[1]/4	242		242	000005C8	0000D5A6	0000D7A6	1	0402	ordinary_sample_offset
TALK4.DAT	talk_remainder	payload[1]/4	243		243	000005CC	0000D5AA	0000D7AA	1	0402	ordinary_sample_offset
TALK4.DAT	talk_remainder	payload[1]/4	244		244	000005D0	0000D5AE	0000D7AE	1	0402	ordinary_sample_offset
TALK4.DAT	talk_remainder	payload[1]/4	245		245	000005D4	0000D5B2	0000D7B2	1	0402	ordinary_sample_offset
TALK4.DAT	talk_remainder	payload[1]/4	246		246	000005D8	0000D5B6	0000D7B6	1	0402	ordinary_sample_offset
TALK4.DAT	talk_remainder	payload[1]/4	247		247	000005DC	0000D5BA	0000D7BA	1	0402	ordinary_sample_offset
TALK4.DAT	talk_remainder	payload[1]/4	248		248	000005E0	0000D5BE	0000D7BE	1	0402	ordinary_sample_offset
TALK4.DAT	talk_remainder	payload[1]/4	249		249	000005E4	0000D5C2	0000D7C2	1	0402	ordinary_sample_offset
TALK4.DAT	talk_remainder	payload[1]/4	250		250	000005E8	0000D5C6	0000D7C6	1	0402	ordinary_sample_offset
TALK4.DAT	talk_remainder	payload[1]/4	251		251	000005EC	0000D5CA	0000D7CA	1	0402	ordinary_sample_offset
TALK4.DAT	talk_remainder	payload[1]/4	252		252	000005F0	0000D5CE	0000D7CE	1	0402	ordinary_sample_offset
TALK4.DAT	talk_remainder	payload[1]/4	253		253	000005F4	0000D5D2	0000D7D2	1	0402	ordinary_sample_offset
TALK4.DAT	talk_remainder	payload[1]/4	254		254	000005F8	0000D5D6	0000D7D6	1	0402	ordinary_sample_offset
TALK4.DAT	talk_remainder	payload[1]/4	255		255	000005FC	0000D5DA	0000D7DA	1	0402	ordinary_sample_offset
TALK4.DAT	talk_remainder	payload[1]/4	256		256	00000600	0000D5DE	0000D7DE	1	0402	ordinary_sample_offset
TALK4.DAT	talk_remainder	payload[1]/4	257		257	00000604	0000D5E2	0000D7E2	1	0402	ordinary_sample_offset
TALK4.DAT	talk_remainder	payload[1]/4	258		258	00000608	0000D5E6	0000D7E6	1	0402	ordinary_sample_offset
TALK4.DAT	talk_remainder	payload[1]/4	259		259	0000060C	0000D5EA	0000D7EA	1	0402	ordinary_sample_offset
TALK4.DAT	talk_remainder	payload[1]/4	260		260	00000610	0000D5EE	0000D7EE	1	0402	ordinary_sample_offset
TALK4.DAT	talk_remainder	payload[1]/4	261		261	00000614	0000D5F2	0000D7F2	1	0402	ordinary_sample_offset
TALK4.DAT	talk_remainder	payload[1]/4	262		262	00000618	0000D5F6	0000D7F6	1	0402	ordinary_sample_offset
TALK4.DAT	talk_remainder	payload[1]/4	263		263	0000061C	0000D5FA	0000D7FA	1	0402	ordinary_sample_offset
TALK4.DAT	talk_remainder	payload[1]/4	264		264	00000620	0000D5FE	0000D7FE	1	0402	ordinary_sample_offset
TALK4.DAT	talk_remainder	payload[1]/4	265		265	00000624	0000D602	0000D802	1	0402	ordinary_sample_offset
TALK4.DAT	talk_remainder	payload[1]/4	266		266	00000628	0000D606	0000D806	1	0402	ordinary_sample_offset
TALK4.DAT	talk_remainder	payload[1]/4	267		267	0000062C	0000D60A	0000D80A	1	0402	ordinary_sample_offset
TALK4.DAT	talk_remainder	payload[1]/4	268		268	00000630	0000D60E	0000D80E	1	0402	ordinary_sample_offset
TALK4.DAT	talk_remainder	payload[1]/4	269		269	00000634	0000D612	0000D812	1	0402	ordinary_sample_offset
TALK4.DAT	talk_remainder	payload[1]/4	270		270	00000638	0000D616	0000D816	1	0402	ordinary_sample_offset
TALK4.DAT	talk_remainder	payload[1]/4	271		271	0000063C	0000D61A	0000D81A	1	0402	ordinary_sample_offset
TALK4.DAT	talk_remainder	payload[1]/4	272		272	00000640	0000D61E	0000D81E	1	0402	ordinary_sample_offset
TALK4.DAT	talk_remainder	payload[1]/4	273		273	00000644	0000D622	0000D822	1	0402	ordinary_sample_offset
TALK4.DAT	talk_remainder	payload[1]/4	274		274	00000648	0000D626	0000D826	1	0402	ordinary_sample_offset
TALK4.DAT	talk_remainder	payload[1]/4	275		275	0000064C	0000D62A	0000D82A	1	0402	ordinary_sample_offset
TALK4.DAT	talk_remainder	payload[1]/4	276		276	00000650	0000D62E	0000D82E	1	0402	ordinary_sample_offset
TALK4.DAT	talk_remainder	payload[1]/4	277		277	00000654	0000D632	0000D832	1	0402	ordinary_sample_offset
TALK4.DAT	talk_remainder	payload[1]/4	278		278	00000658	0000D636	0000D836	1	0402	ordinary_sample_offset
TALK4.DAT	talk_remainder	payload[1]/4	279		279	0000065C	0000D63A	0000D83A	1	0402	ordinary_sample_offset
TALK4.DAT	talk_remainder	payload[1]/4	280		280	00000660	0000D63E	0000D83E	1	0402	ordinary_sample_offset
TALK4.DAT	talk_remainder	payload[1]/4	281		281	00000664	0000D642	0000D842	1	0402	ordinary_sample_offset
TALK4.DAT	talk_remainder	payload[1]/4	282		282	00000668	0000D646	0000D846	1	0402	ordinary_sample_offset
TALK4.DAT	talk_remainder	payload[1]/4	283		283	0000066C	0000D64A	0000D84A	1	0402	ordinary_sample_offset
TALK4.DAT	talk_remainder	payload[1]/4	284		284	00000670	0000D64E	0000D84E	1	0402	ordinary_sample_offset
TALK4.DAT	talk_remainder	payload[1]/4	285		285	00000674	0000D652	0000D852	1	0402	ordinary_sample_offset
TALK4.DAT	talk_remainder	payload[1]/4	286		286	00000678	0000D656	0000D856	1	0402	ordinary_sample_offset
TALK4.DAT	talk_remainder	payload[1]/4	287		287	0000067C	0000D65A	0000D85A	1	0402	ordinary_sample_offset
TALK4.DAT	talk_remainder	payload[1]/4	288		288	00000680	0000D65E	0000D85E	1	0402	ordinary_sample_offset
TALK4.DAT	talk_remainder	payload[1]/4	289		289	00000684	0000D662	0000D862	1	0402	ordinary_sample_offset
TALK4.DAT	talk_remainder	payload[1]/4	290		290	00000688	0000D666	0000D866	1	0402	ordinary_sample_offset
TALK4.DAT	talk_remainder	payload[1]/4	291		291	0000068C	0000D66A	0000D86A	1	0402	ordinary_sample_offset
TALK4.DAT	talk_remainder	payload[1]/4	292		292	00000690	0000D66E	0000D86E	1	0402	ordinary_sample_offset
TALK4.DAT	talk_remainder	payload[1]/4	293		293	00000694	0000D672	0000D872	1	0402	ordinary_sample_offset
TALK4.DAT	talk_remainder	payload[1]/4	294		294	00000698	0000D676	0000D876	1	0402	ordinary_sample_offset
TALK4.DAT	talk_remainder	payload[1]/4	295		295	0000069C	0000D67A	0000D87A	1	0402	ordinary_sample_offset
TALK4.DAT	talk_remainder	payload[1]/4	296		296	000006A0	0000D67E	0000D87E	1	0402	ordinary_sample_offset
TALK4.DAT	talk_remainder	payload[1]/4	297		297	000006A4	0000D682	0000D882	1	0402	ordinary_sample_offset
TALK4.DAT	talk_remainder	payload[1]/4	298		298	000006A8	0000D6EF	0000D8EF	1	0402	ordinary_sample_offset
TALK4.DAT	talk_remainder	payload[1]/4	299		299	000006AC	0000D78F	0000D98F	1	0402	ordinary_sample_offset
TALK4.DAT	talk_remainder	payload[1]/4	300		300	000006B0	0000DAA2	0000DCA2	1	0402	ordinary_sample_offset
TALK4.DAT	talk_remainder	payload[1]/4	301		301	000006B4	00011D34	00011F34	1	0402	ordinary_sample_offset
TALK4.DAT	talk_remainder	payload[1]/4	302		302	000006B8	00011D6C	00011F6C	1	0402	ordinary_sample_offset
TALK4.DAT	talk_remainder	payload[1]/4	303		303	000006BC	00012980	00012B80	1	0402	ordinary_sample_offset
TALK4.DAT	talk_remainder	payload[1]/4	304		304	000006C0	000129B6	00012BB6	1	0402	ordinary_sample_offset
TALK4.DAT	talk_remainder	payload[1]/4	305		305	000006C4	000129EC	00012BEC	1	0402	ordinary_sample_offset
TALK4.DAT	talk_remainder	payload[1]/4	306		306	000006C8	00015410	00015610	1	0402	ordinary_sample_offset
TALK4.DAT	talk_remainder	payload[1]/4	307		307	000006CC	00015414	00015614	1	0402	ordinary_sample_offset
TALK4.DAT	talk_remainder	payload[1]/4	308		308	000006D0	00015418	00015618	1	0402	ordinary_sample_offset
TALK4.DAT	talk_remainder	payload[1]/4	309		309	000006D4	0001541C	0001561C	1	0402	ordinary_sample_offset
TALK4.DAT	talk_remainder	payload[1]/4	310		310	000006D8	00015420	00015620	1	0402	ordinary_sample_offset
TALK4.DAT	talk_remainder	payload[1]/4	311		311	000006DC	00015424	00015624	1	0402	ordinary_sample_offset
TALK4.DAT	talk_remainder	payload[1]/4	312		312	000006E0	00015428	00015628	1	0402	ordinary_sample_offset
TALK4.DAT	talk_remainder	payload[1]/4	313		313	000006E4	0001542C	0001562C	1	0402	ordinary_sample_offset
TALK4.DAT	talk_remainder	payload[1]/4	314		314	000006E8	00015430	00015630	1	0402	ordinary_sample_offset
TALK4.DAT	talk_remainder	payload[1]/4	315		315	000006EC	00015434	00015634	1	0402	ordinary_sample_offset
TALK4.DAT	talk_remainder	payload[1]/4	316		316	000006F0	00015438	00015638	1	0402	ordinary_sample_offset
TALK4.DAT	talk_remainder	payload[1]/4	317		317	000006F4	0001543C	0001563C	1	0402	ordinary_sample_offset
TALK4.DAT	talk_remainder	payload[1]/4	318		318	000006F8	00015440	00015640	1	0402	ordinary_sample_offset
TALK4.DAT	talk_remainder	payload[1]/4	319		319	000006FC	00015444	00015644	1	0402	ordinary_sample_offset
TALK4.DAT	talk_remainder	payload[1]/4	320		320	00000700	00015448	00015648	1	0402	ordinary_sample_offset
TALK4.DAT	talk_remainder	payload[1]/4	321		321	00000704	0001544C	0001564C	1	0402	ordinary_sample_offset
TALK4.DAT	talk_remainder	payload[1]/4	322		322	00000708	00015450	00015650	1	0402	ordinary_sample_offset
TALK4.DAT	talk_remainder	payload[1]/4	323		323	0000070C	00015454	00015654	1	0402	ordinary_sample_offset
TALK4.DAT	talk_remainder	payload[1]/4	324		324	00000710	00015458	00015658	1	0402	ordinary_sample_offset
TALK4.DAT	talk_remainder	payload[1]/4	325		325	00000714	0001545C	0001565C	1	0402	ordinary_sample_offset
TALK4.DAT	talk_remainder	payload[1]/4	326		326	00000718	00015460	00015660	1	0402	ordinary_sample_offset
TALK4.DAT	talk_remainder	payload[1]/4	327		327	0000071C	00015464	00015664	1	0402	ordinary_sample_offset
TALK4.DAT	talk_remainder	payload[1]/4	328		328	00000720	00015468	00015668	1	0402	ordinary_sample_offset
TALK4.DAT	talk_remainder	payload[1]/4	329		329	00000724	0001546C	0001566C	1	0402	ordinary_sample_offset
TALK4.DAT	talk_remainder	payload[1]/4	330		330	00000728	00015470	00015670	1	0402	ordinary_sample_offset
TALK4.DAT	talk_remainder	payload[1]/4	331		331	0000072C	00015474	00015674	1	0402	ordinary_sample_offset
TALK4.DAT	talk_remainder	payload[1]/4	332		332	00000730	00015478	00015678	1	0402	ordinary_sample_offset
TALK4.DAT	talk_remainder	payload[1]/4	333		333	00000734	0001547C	0001567C	1	0402	ordinary_sample_offset
TALK4.DAT	talk_remainder	payload[1]/4	334		334	00000738	00015480	00015680	1	0402	ordinary_sample_offset
TALK4.DAT	talk_remainder	payload[1]/4	335		335	0000073C	00015484	00015684	1	0402	ordinary_sample_offset
TALK4.DAT	talk_remainder	payload[1]/4	336		336	00000740	00015488	00015688	1	0402	ordinary_sample_offset
TALK4.DAT	talk_remainder	payload[1]/4	337		337	00000744	0001548C	0001568C	1	0402	ordinary_sample_offset
TALK4.DAT	talk_remainder	payload[1]/4	338		338	00000748	00015490	00015690	1	0402	ordinary_sample_offset
TALK4.DAT	talk_remainder	payload[1]/4	339		339	0000074C	00015494	00015694	1	0402	ordinary_sample_offset
TALK4.DAT	talk_remainder	payload[1]/4	340		340	00000750	00015498	00015698	1	0402	ordinary_sample_offset
TALK4.DAT	talk_remainder	payload[1]/4	341		341	00000754	0001549C	0001569C	1	0402	ordinary_sample_offset
TALK4.DAT	talk_remainder	payload[1]/4	342		342	00000758	000154A0	000156A0	1	0402	ordinary_sample_offset
TALK4.DAT	talk_remainder	payload[1]/4	343		343	0000075C	000154A4	000156A4	1	0402	ordinary_sample_offset
TALK4.DAT	talk_remainder	payload[1]/4	344		344	00000760	000154A8	000156A8	1	0402	ordinary_sample_offset
TALK4.DAT	talk_remainder	payload[1]/4	345		345	00000764	000154AC	000156AC	1	0402	ordinary_sample_offset
TALK4.DAT	talk_remainder	payload[1]/4	346		346	00000768	000154B0	000156B0	1	0402	ordinary_sample_offset
TALK4.DAT	talk_remainder	payload[1]/4	347		347	0000076C	000154B4	000156B4	1	0402	ordinary_sample_offset
TALK4.DAT	talk_remainder	payload[1]/4	348		348	00000770	000154B8	000156B8	1	0402	ordinary_sample_offset
TALK4.DAT	talk_remainder	payload[1]/4	349		349	00000774	000154BC	000156BC	1	0402	ordinary_sample_offset
TALK4.DAT	talk_remainder	payload[1]/4	350		350	00000778	000154C0	000156C0	1	0402	ordinary_sample_offset
TALK4.DAT	talk_remainder	payload[1]/4	351		351	0000077C	000154C4	000156C4	1	0402	ordinary_sample_offset
TALK4.DAT	talk_remainder	payload[1]/4	352		352	00000780	000154C8	000156C8	1	0402	ordinary_sample_offset
TALK4.DAT	talk_remainder	payload[1]/4	353		353	00000784	000154CC	000156CC	1	0402	ordinary_sample_offset
TALK4.DAT	talk_remainder	payload[1]/4	354		354	00000788	000154D0	000156D0	1	0402	ordinary_sample_offset
TALK4.DAT	talk_remainder	payload[1]/4	355		355	0000078C	000154D4	000156D4	1	0402	ordinary_sample_offset
TALK4.DAT	talk_remainder	payload[1]/4	356		356	00000790	000154D8	000156D8	1	0402	ordinary_sample_offset
TALK4.DAT	talk_remainder	payload[1]/4	357		357	00000794	000154DC	000156DC	1	0402	ordinary_sample_offset
TALK4.DAT	talk_remainder	payload[1]/4	358		358	00000798	000154E0	000156E0	1	0402	ordinary_sample_offset
TALK4.DAT	talk_remainder	payload[1]/4	359		359	0000079C	000154E4	000156E4	1	0402	ordinary_sample_offset
TALK4.DAT	talk_remainder	payload[1]/4	360		360	000007A0	000154E8	000156E8	1	0402	ordinary_sample_offset
TALK4.DAT	talk_remainder	payload[1]/4	361		361	000007A4	000154EC	000156EC	1	0402	ordinary_sample_offset
TALK4.DAT	talk_remainder	payload[1]/4	362		362	000007A8	000154F0	000156F0	1	0402	ordinary_sample_offset
TALK4.DAT	talk_remainder	payload[1]/4	363		363	000007AC	000154F4	000156F4	1	0402	ordinary_sample_offset
TALK4.DAT	talk_remainder	payload[1]/4	364		364	000007B0	000154F8	000156F8	1	0402	ordinary_sample_offset
TALK4.DAT	talk_remainder	payload[1]/4	365		365	000007B4	000154FC	000156FC	1	0402	ordinary_sample_offset
TALK4.DAT	talk_remainder	payload[1]/4	366		366	000007B8	00015500	00015700	1	0402	ordinary_sample_offset
TALK4.DAT	talk_remainder	payload[1]/4	367		367	000007BC	00015504	00015704	1	0402	ordinary_sample_offset
TALK4.DAT	talk_remainder	payload[1]/4	368		368	000007C0	00015508	00015708	1	0402	ordinary_sample_offset
TALK4.DAT	talk_remainder	payload[1]/4	369		369	000007C4	0001550C	0001570C	1	0402	ordinary_sample_offset
TALK4.DAT	talk_remainder	payload[1]/4	370		370	000007C8	00015510	00015710	1	0402	ordinary_sample_offset
TALK4.DAT	talk_remainder	payload[1]/4	371		371	000007CC	00015514	00015714	1	0402	ordinary_sample_offset
TALK4.DAT	talk_remainder	payload[1]/4	372		372	000007D0	00015518	00015718	1	0402	ordinary_sample_offset
TALK4.DAT	talk_remainder	payload[1]/4	373		373	000007D4	0001551C	0001571C	1	0402	ordinary_sample_offset
TALK4.DAT	talk_remainder	payload[1]/4	374		374	000007D8	00015520	00015720	1	0402	ordinary_sample_offset
TALK4.DAT	talk_remainder	payload[1]/4	375		375	000007DC	00015524	00015724	1	0402	ordinary_sample_offset
TALK4.DAT	talk_remainder	payload[1]/4	376		376	000007E0	00015528	00015728	1	0402	ordinary_sample_offset
TALK4.DAT	talk_remainder	payload[1]/4	377		377	000007E4	0001552C	0001572C	1	0402	ordinary_sample_offset
TALK4.DAT	talk_remainder	payload[1]/4	378		378	000007E8	00015530	00015730	1	0402	ordinary_sample_offset
TALK4.DAT	talk_remainder	payload[1]/4	379		379	000007EC	00015534	00015734	1	0402	ordinary_sample_offset
TALK4.DAT	talk_remainder	payload[1]/4	380		380	000007F0	00015538	00015738	1	0402	ordinary_sample_offset
TALK4.DAT	talk_remainder	payload[1]/4	381		381	000007F4	0001553C	0001573C	1	0402	ordinary_sample_offset
TALK4.DAT	talk_remainder	payload[1]/4	382		382	000007F8	00015540	00015740	1	0402	ordinary_sample_offset
TALK4.DAT	talk_remainder	payload[1]/4	383		383	000007FC	00015544	00015744	1	0402	ordinary_sample_offset
TALK4.DAT	talk_remainder	payload[1]/4	384		384	00000800	00015548	00015748	1	0402	ordinary_sample_offset
TALK4.DAT	talk_remainder	payload[1]/4	385		385	00000804	0001554C	0001574C	1	0402	ordinary_sample_offset
TALK4.DAT	talk_remainder	payload[1]/4	386		386	00000808	00015550	00015750	1	0402	ordinary_sample_offset
TALK4.DAT	talk_remainder	payload[1]/4	387		387	0000080C	00015554	00015754	1	0402	ordinary_sample_offset
TALK4.DAT	talk_remainder	payload[1]/4	388		388	00000810	00015558	00015758	1	0402	ordinary_sample_offset
TALK4.DAT	talk_remainder	payload[1]/4	389		389	00000814	0001555C	0001575C	1	0402	ordinary_sample_offset
TALK4.DAT	talk_remainder	payload[1]/4	390		390	00000818	00015560	00015760	1	0402	ordinary_sample_offset
TALK4.DAT	talk_remainder	payload[1]/4	391		391	0000081C	00015564	00015764	1	0402	ordinary_sample_offset
TALK4.DAT	talk_remainder	payload[1]/4	392		392	00000820	00015568	00015768	1	0402	ordinary_sample_offset
TALK4.DAT	talk_remainder	payload[1]/4	393		393	00000824	0001556C	0001576C	1	0402	ordinary_sample_offset
TALK4.DAT	talk_remainder	payload[1]/4	394		394	00000828	00015570	00015770	1	0402	ordinary_sample_offset
TALK4.DAT	talk_remainder	payload[1]/4	395		395	0000082C	00015574	00015774	1	0402	ordinary_sample_offset
TALK4.DAT	talk_remainder	payload[1]/4	396		396	00000830	00015578	00015778	1	0402	ordinary_sample_offset
TALK4.DAT	talk_remainder	payload[1]/4	397		397	00000834	0001557C	0001577C	1	0402	ordinary_sample_offset
TALK4.DAT	talk_remainder	payload[1]/4	398		398	00000838	00015580	00015780	1	0402	ordinary_sample_offset
TALK4.DAT	talk_remainder	payload[1]/4	399		399	0000083C	00015584	00015784	1	0402	ordinary_sample_offset
TALK4.DAT	talk_remainder	payload[1]/4	400		400	00000840	00015588	00015788	1	0402	ordinary_sample_offset
TALK4.DAT	talk_remainder	payload[1]/4	401		401	00000844	0001558C	0001578C	1	0402	ordinary_sample_offset
TALK4.DAT	talk_remainder	payload[1]/4	402		402	00000848	000155C2	000157C2	1	0402	ordinary_sample_offset
TALK4.DAT	talk_remainder	payload[1]/4	403		403	0000084C	000155F8	000157F8	1	0402	ordinary_sample_offset
TALK4.DAT	talk_remainder	payload[1]/4	404		404	00000850	0001562E	0001582E	1	0402	ordinary_sample_offset
TALK4.DAT	talk_remainder	payload[1]/4	405		405	00000854	00015664	00015864	1	0402	ordinary_sample_offset
TALK4.DAT	talk_remainder	payload[1]/4	406		406	00000858	0001569A	0001589A	1	0402	ordinary_sample_offset
TALK4.DAT	talk_remainder	payload[1]/4	407		407	0000085C	000156D0	000158D0	1	0402	ordinary_sample_offset
TALK4.DAT	talk_remainder	payload[1]/4	408		408	00000860	00015706	00015906	1	0402	ordinary_sample_offset
TALK4.DAT	talk_remainder	payload[1]/4	409		409	00000864	0001573C	0001593C	1	0402	ordinary_sample_offset
TALK4.DAT	talk_remainder	payload[1]/4	410		410	00000868	00017CB9	00017EB9	1	0402	ordinary_sample_offset
TALK4.DAT	talk_remainder	payload[1]/4	411		411	0000086C	0001934F	0001954F	1	0402	ordinary_sample_offset
TALK4.DAT	talk_remainder	payload[1]/4	412		412	00000870	00019353	00019553	1	0402	ordinary_sample_offset
TALK4.DAT	talk_remainder	payload[1]/4	413		413	00000874	000193CB	000195CB	1	0402	ordinary_sample_offset
TALK4.DAT	talk_remainder	payload[1]/4	414		414	00000878	000194A6	000196A6	1	0402	ordinary_sample_offset
TALK4.DAT	talk_remainder	payload[1]/4	415		415	0000087C	0001950E	0001970E	1	0402	ordinary_sample_offset
TALK4.DAT	talk_remainder	payload[1]/4	416		416	00000880	00019586	00019786	1	0402	ordinary_sample_offset
TALK4.DAT	talk_remainder	payload[1]/4	417		417	00000884	000195EE	000197EE	1	0402	ordinary_sample_offset
TALK4.DAT	talk_remainder	payload[1]/4	418		418	00000888	0001963C	0001983C	1	0402	ordinary_sample_offset
TALK4.DAT	talk_remainder	payload[1]/4	419		419	0000088C	000196EE	000198EE	1	0402	ordinary_sample_offset
TALK4.DAT	talk_remainder	payload[1]/4	420		420	00000890	00019724	00019924	1	0402	ordinary_sample_offset
TALK4.DAT	talk_remainder	payload[1]/4	421		421	00000894	0001975A	0001995A	1	0402	ordinary_sample_offset
TALK4.DAT	talk_remainder	payload[1]/4	422		422	00000898	00019794	00019994	1	0402	ordinary_sample_offset
TALK4.DAT	talk_remainder	payload[1]/4	423		423	0000089C	00019798	00019998	1	0402	ordinary_sample_offset
TALK4.DAT	talk_remainder	payload[1]/4	424		424	000008A0	0001979C	0001999C	1	0402	ordinary_sample_offset
TALK4.DAT	talk_remainder	payload[1]/4	425		425	000008A4	000197A0	000199A0	1	0402	ordinary_sample_offset
TALK4.DAT	talk_remainder	payload[1]/4	426		426	000008A8	000197A4	000199A4	1	0402	ordinary_sample_offset
TALK4.DAT	talk_remainder	payload[1]/4	427		427	000008AC	000197A8	000199A8	1	0402	ordinary_sample_offset
TALK4.DAT	talk_remainder	payload[1]/4	428		428	000008B0	000197AC	000199AC	1	0402	ordinary_sample_offset
TALK4.DAT	talk_remainder	payload[1]/4	429		429	000008B4	000197B0	000199B0	1	0402	ordinary_sample_offset
TALK4.DAT	talk_remainder	payload[1]/4	430		430	000008B8	000197B4	000199B4	1	0402	ordinary_sample_offset
TALK4.DAT	talk_remainder	payload[1]/4	431		431	000008BC	000197B8	000199B8	1	0402	ordinary_sample_offset
TALK4.DAT	talk_remainder	payload[1]/4	432		432	000008C0	000197BC	000199BC	1	0402	ordinary_sample_offset
TALK4.DAT	talk_remainder	payload[1]/4	433		433	000008C4	000197C0	000199C0	1	0402	ordinary_sample_offset
TALK4.DAT	talk_remainder	payload[1]/4	434		434	000008C8	000197C4	000199C4	1	0402	ordinary_sample_offset
TALK4.DAT	talk_remainder	payload[1]/4	435		435	000008CC	000197C8	000199C8	1	0402	ordinary_sample_offset
TALK4.DAT	talk_remainder	payload[1]/4	436		436	000008D0	000197CC	000199CC	1	0402	ordinary_sample_offset
TALK4.DAT	talk_remainder	payload[1]/4	437		437	000008D4	000197D0	000199D0	1	0402	ordinary_sample_offset
TALK4.DAT	talk_remainder	payload[1]/4	438		438	000008D8	000197D4	000199D4	1	0402	ordinary_sample_offset
TALK4.DAT	talk_remainder	payload[1]/4	439		439	000008DC	000197D8	000199D8	1	0402	ordinary_sample_offset
TALK4.DAT	talk_remainder	payload[1]/4	440		440	000008E0	000197DC	000199DC	1	0402	ordinary_sample_offset
TALK4.DAT	talk_remainder	payload[1]/4	441		441	000008E4	000197E0	000199E0	1	0402	ordinary_sample_offset
TALK4.DAT	talk_remainder	payload[1]/4	442		442	000008E8	000197E4	000199E4	1	0402	ordinary_sample_offset
TALK4.DAT	talk_remainder	payload[1]/4	443		443	000008EC	000197E8	000199E8	1	0402	ordinary_sample_offset
TALK4.DAT	talk_remainder	payload[1]/4	444		444	000008F0	000197EC	000199EC	1	0402	ordinary_sample_offset
TALK4.DAT	talk_remainder	payload[1]/4	445		445	000008F4	000197F0	000199F0	1	0402	ordinary_sample_offset
TALK4.DAT	talk_remainder	payload[1]/4	446		446	000008F8	000197F4	000199F4	1	0402	ordinary_sample_offset
TALK4.DAT	talk_remainder	payload[1]/4	447		447	000008FC	000197F8	000199F8	1	0402	ordinary_sample_offset
TALK4.DAT	talk_remainder	payload[1]/4	448		448	00000900	000197FC	000199FC	1	0402	ordinary_sample_offset
TALK4.DAT	talk_remainder	payload[1]/4	449		449	00000904	00019800	00019A00	1	0402	ordinary_sample_offset
TALK4.DAT	talk_remainder	payload[1]/4	450		450	00000908	00019804	00019A04	1	0402	ordinary_sample_offset
TALK4.DAT	talk_remainder	payload[1]/4	451		451	0000090C	00019808	00019A08	1	0402	ordinary_sample_offset
TALK4.DAT	talk_remainder	payload[1]/4	452		452	00000910	0001980C	00019A0C	1	0402	ordinary_sample_offset
TALK4.DAT	talk_remainder	payload[1]/4	453		453	00000914	00019810	00019A10	1	0402	ordinary_sample_offset
TALK4.DAT	talk_remainder	payload[1]/4	454		454	00000918	00019814	00019A14	1	0402	ordinary_sample_offset
TALK4.DAT	talk_remainder	payload[1]/4	455		455	0000091C	00019818	00019A18	1	0402	ordinary_sample_offset
TALK4.DAT	talk_remainder	payload[1]/4	456		456	00000920	0001981C	00019A1C	1	0402	ordinary_sample_offset
TALK4.DAT	talk_remainder	payload[1]/4	457		457	00000924	00019820	00019A20	1	0402	ordinary_sample_offset
TALK4.DAT	talk_remainder	payload[1]/4	458		458	00000928	00019824	00019A24	1	0402	ordinary_sample_offset
TALK4.DAT	talk_remainder	payload[1]/4	459		459	0000092C	00019828	00019A28	1	0402	ordinary_sample_offset
TALK4.DAT	talk_remainder	payload[1]/4	460		460	00000930	0001982C	00019A2C	1	0402	ordinary_sample_offset
TALK4.DAT	talk_remainder	payload[1]/4	461		461	00000934	00019830	00019A30	1	0402	ordinary_sample_offset
TALK4.DAT	talk_remainder	payload[1]/4	462		462	00000938	00019834	00019A34	1	0402	ordinary_sample_offset
TALK4.DAT	talk_remainder	payload[1]/4	463		463	0000093C	00019838	00019A38	1	0402	ordinary_sample_offset
TALK4.DAT	talk_remainder	payload[1]/4	464		464	00000940	0001983C	00019A3C	1	0402	ordinary_sample_offset
TALK4.DAT	talk_remainder	payload[1]/4	465		465	00000944	00019840	00019A40	1	0402	ordinary_sample_offset
TALK4.DAT	talk_remainder	payload[1]/4	466		466	00000948	00019844	00019A44	1	0402	ordinary_sample_offset
TALK4.DAT	talk_remainder	payload[1]/4	467		467	0000094C	00019848	00019A48	1	0402	ordinary_sample_offset
TALK4.DAT	talk_remainder	payload[1]/4	468		468	00000950	0001984C	00019A4C	1	0402	ordinary_sample_offset
TALK4.DAT	talk_remainder	payload[1]/4	469		469	00000954	00019850	00019A50	1	0402	ordinary_sample_offset
TALK4.DAT	talk_remainder	payload[1]/4	470		470	00000958	00019854	00019A54	1	0402	ordinary_sample_offset
TALK4.DAT	talk_remainder	payload[1]/4	471		471	0000095C	00019858	00019A58	1	0402	ordinary_sample_offset
TALK4.DAT	talk_remainder	payload[1]/4	472		472	00000960	0001985C	00019A5C	1	0402	ordinary_sample_offset
TALK4.DAT	talk_remainder	payload[1]/4	473		473	00000964	00019860	00019A60	1	0402	ordinary_sample_offset
TALK4.DAT	talk_remainder	payload[1]/4	474		474	00000968	00019864	00019A64	1	0402	ordinary_sample_offset
TALK4.DAT	talk_remainder	payload[1]/4	475		475	0000096C	00019868	00019A68	1	0402	ordinary_sample_offset
TALK4.DAT	talk_remainder	payload[1]/4	476		476	00000970	0001986C	00019A6C	1	0402	ordinary_sample_offset
TALK4.DAT	talk_remainder	payload[1]/4	477		477	00000974	00019870	00019A70	1	0402	ordinary_sample_offset
TALK4.DAT	talk_remainder	payload[1]/4	478		478	00000978	00019874	00019A74	1	0402	ordinary_sample_offset
TALK4.DAT	talk_remainder	payload[1]/4	479		479	0000097C	00019878	00019A78	1	0402	ordinary_sample_offset
TALK4.DAT	talk_remainder	payload[1]/4	480		480	00000980	0001987C	00019A7C	1	0402	ordinary_sample_offset
TALK4.DAT	talk_remainder	payload[1]/4	481		481	00000984	00019880	00019A80	1	0402	ordinary_sample_offset
TALK4.DAT	talk_remainder	payload[1]/4	482		482	00000988	00019884	00019A84	1	0402	ordinary_sample_offset
TALK4.DAT	talk_remainder	payload[1]/4	483		483	0000098C	00019888	00019A88	1	0402	ordinary_sample_offset
TALK4.DAT	talk_remainder	payload[1]/4	484		484	00000990	0001988C	00019A8C	1	0402	ordinary_sample_offset
TALK4.DAT	talk_remainder	payload[1]/4	485		485	00000994	00019890	00019A90	1	0402	ordinary_sample_offset
TALK4.DAT	talk_remainder	payload[1]/4	486		486	00000998	00019894	00019A94	1	0402	ordinary_sample_offset
TALK4.DAT	talk_remainder	payload[1]/4	487		487	0000099C	00019898	00019A98	1	0402	ordinary_sample_offset
TALK4.DAT	talk_remainder	payload[1]/4	488		488	000009A0	0001989C	00019A9C	1	0402	ordinary_sample_offset
TALK4.DAT	talk_remainder	payload[1]/4	489		489	000009A4	000198A0	00019AA0	1	0402	ordinary_sample_offset
TALK4.DAT	talk_remainder	payload[1]/4	490		490	000009A8	000198A4	00019AA4	1	0402	ordinary_sample_offset
TALK4.DAT	talk_remainder	payload[1]/4	491		491	000009AC	000198A8	00019AA8	1	0402	ordinary_sample_offset
TALK4.DAT	talk_remainder	payload[1]/4	492		492	000009B0	000198AC	00019AAC	1	0402	ordinary_sample_offset
TALK4.DAT	talk_remainder	payload[1]/4	493		493	000009B4	000198B0	00019AB0	1	0402	ordinary_sample_offset
TALK4.DAT	talk_remainder	payload[1]/4	494		494	000009B8	000198B4	00019AB4	1	0402	ordinary_sample_offset
TALK4.DAT	talk_remainder	payload[1]/4	495		495	000009BC	000198B8	00019AB8	1	0402	ordinary_sample_offset
TALK4.DAT	talk_remainder	payload[1]/4	496		496	000009C0	000198BC	00019ABC	1	0402	ordinary_sample_offset
TALK4.DAT	talk_remainder	payload[1]/4	497		497	000009C4	000198C0	00019AC0	1	0402	ordinary_sample_offset
TALK4.DAT	talk_remainder	payload[1]/4	498		498	000009C8	000198C4	00019AC4	1	0402	ordinary_sample_offset
TALK4.DAT	talk_remainder	payload[1]/4	499		499	000009CC	000198C8	00019AC8	1	0402	ordinary_sample_offset
TALK4.DAT	talk_remainder	payload[1]/4	500		500	000009D0	000198CC	00019ACC	1	0402	ordinary_sample_offset
TALK4.DAT	talk_remainder	payload[1]/4	501		501	000009D4	000198D0	00019AD0	1	0402	ordinary_sample_offset
TALK4.DAT	talk_remainder	payload[1]/4	502		502	000009D8	00019906	00019B06	1	0402	ordinary_sample_offset
TALK4.DAT	talk_remainder	payload[1]/4	503		503	000009DC	0001993C	00019B3C	1	0402	ordinary_sample_offset
TALK4.DAT	talk_remainder	payload[1]/4	504		504	000009E0	00019A24	00019C24	1	0402	ordinary_sample_offset
TALK4.DAT	talk_remainder	payload[1]/4	505		505	000009E4	00019A5A	00019C5A	1	0402	ordinary_sample_offset
TALK4.DAT	talk_remainder	payload[1]/4	506		506	000009E8	00019E87	0001A087	1	0402	ordinary_sample_offset
TALK4.DAT	talk_remainder	payload[1]/4	507		507	000009EC	00019EED	0001A0ED	1	0402	ordinary_sample_offset
TALK4.DAT	talk_remainder	payload[1]/4	508		508	000009F0	0001A6C8	0001A8C8	1	0402	ordinary_sample_offset
TALK4.DAT	talk_remainder	payload[1]/4	509		509	000009F4	0001A7AD	0001A9AD	1	0402	ordinary_sample_offset
TALK4.DAT	talk_remainder	payload[1]/4	510		510	000009F8	0001B5C3	0001B7C3	1	0402	ordinary_sample_offset
TALK4.DAT	talk_remainder	payload[1]/4	511		511	000009FC	0001B6A7	0001B8A7	1	0402	ordinary_sample_offset
TALK4.DAT	talk_remainder	payload[1]/4	512		512	00000A00	0001B78B	0001B98B	1	0402	ordinary_sample_offset
TALK4.DAT	talk_remainder	payload[1]/4	513		513	00000A04	0001B877	0001BA77	1	0402	ordinary_sample_offset
TALK4.DAT	talk_remainder	payload[1]/4	514		514	00000A08	0001B95B	0001BB5B	1	0402	ordinary_sample_offset
TALK4.DAT	talk_remainder	payload[1]/4	515		515	00000A0C	0001BA3F	0001BC3F	1	0402	ordinary_sample_offset
TALK4.DAT	talk_remainder	payload[1]/4	516		516	00000A10	0001BB23	0001BD23	1	0402	ordinary_sample_offset
TALK4.DAT	talk_remainder	payload[1]/4	517		517	00000A14	0001BC07	0001BE07	1	0402	ordinary_sample_offset
TALK4.DAT	talk_remainder	payload[1]/4	518		518	00000A18	0001BCBB	0001BEBB	1	0402	ordinary_sample_offset
TALK4.DAT	talk_remainder	payload[1]/4	519		519	00000A1C	0001BD9F	0001BF9F	1	0402	ordinary_sample_offset
TALK4.DAT	talk_remainder	payload[1]/4	520		520	00000A20	0001BE83	0001C083	1	0402	ordinary_sample_offset
TALK4.DAT	talk_remainder	payload[1]/4	521		521	00000A24	0001BF67	0001C167	1	0402	ordinary_sample_offset
TALK4.DAT	talk_remainder	payload[1]/4	522		522	00000A28	0001C04B	0001C24B	1	0402	ordinary_sample_offset
TALK4.DAT	talk_remainder	payload[1]/4	523		523	00000A2C	0001C137	0001C337	1	0402	ordinary_sample_offset
TALK4.DAT	talk_remainder	payload[1]/4	524		524	00000A30	0001C21B	0001C41B	1	0402	ordinary_sample_offset
TALK4.DAT	talk_remainder	payload[1]/4	525		525	00000A34	0001C2FF	0001C4FF	1	0402	ordinary_sample_offset
TALK4.DAT	talk_remainder	payload[1]/4	526		526	00000A38	0001C3E3	0001C5E3	1	0402	ordinary_sample_offset
TALK4.DAT	talk_remainder	payload[1]/4	527		527	00000A3C	0001C4C7	0001C6C7	1	0402	ordinary_sample_offset
TALK4.DAT	talk_remainder	payload[1]/4	528		528	00000A40	0001C51F	0001C71F	1	0402	ordinary_sample_offset
TALK4.DAT	talk_remainder	payload[1]/4	529		529	00000A44	0001C577	0001C777	1	0402	ordinary_sample_offset
TALK4.DAT	talk_remainder	payload[1]/4	530		530	00000A48	0001C5CF	0001C7CF	1	0402	ordinary_sample_offset
TALK4.DAT	talk_remainder	payload[1]/4	531		531	00000A4C	0001C627	0001C827	1	0402	ordinary_sample_offset
TALK4.DAT	talk_remainder	payload[1]/4	532		532	00000A50	0001C67F	0001C87F	1	0402	ordinary_sample_offset
TALK4.DAT	talk_remainder	payload[1]/4	533		533	00000A54	0001C6C1	0001C8C1	1	0402	ordinary_sample_offset
TALK4.DAT	talk_remainder	payload[1]/4	534		534	00000A58	0001C713	0001C913	1	0402	ordinary_sample_offset
TALK4.DAT	talk_remainder	payload[1]/4	535		535	00000A5C	0001C755	0001C955	1	0402	ordinary_sample_offset
TALK4.DAT	talk_remainder	payload[1]/4	536		536	00000A60	0001C7A7	0001C9A7	1	0402	ordinary_sample_offset
TALK4.DAT	talk_remainder	payload[1]/4	537		537	00000A64	0001C815	0001CA15	1	0402	ordinary_sample_offset
TALK4.DAT	talk_remainder	payload[1]/4	538		538	00000A68	0001C86D	0001CA6D	1	0402	ordinary_sample_offset
TALK4.DAT	talk_remainder	payload[1]/4	539		539	00000A6C	0001C8E1	0001CAE1	1	0402	ordinary_sample_offset
TALK4.DAT	talk_remainder	payload[1]/4	540		540	00000A70	0001C917	0001CB17	1	0402	ordinary_sample_offset
TALK4.DAT	talk_remainder	payload[1]/4	541		541	00000A74	0001D151	0001D351	1	0402	ordinary_sample_offset
TALK4.DAT	talk_remainder	payload[1]/4	542		542	00000A78	0001D187	0001D387	1	0402	ordinary_sample_offset
TALK4.DAT	talk_remainder	payload[1]/4	543		543	00000A7C	00020336	00020536	1	0402	ordinary_sample_offset
TALK4.DAT	talk_remainder	payload[1]/4	544		544	00000A80	0002033A	0002053A	1	0402	ordinary_sample_offset
TALK4.DAT	talk_remainder	payload[1]/4	545		545	00000A84	0002056C	0002076C	1	0402	ordinary_sample_offset
TALK4.DAT	talk_remainder	payload[1]/4	546		546	00000A88	00020CE2	00020EE2	1	0402	ordinary_sample_offset
TALK4.DAT	talk_remainder	payload[1]/4	547		547	00000A8C	00021449	00021649	1	0402	ordinary_sample_offset
TALK4.DAT	talk_remainder	payload[1]/4	548		548	00000A90	0002146F	0002166F	1	0402	ordinary_sample_offset
TALK4.DAT	talk_remainder	payload[1]/4	549		549	00000A94	000214B4	000216B4	1	0402	ordinary_sample_offset
TALK4.DAT	talk_remainder	payload[1]/4	550		550	00000A98	000214F9	000216F9	1	0402	ordinary_sample_offset
TALK4.DAT	talk_remainder	payload[1]/4	551		551	00000A9C	0002157A	0002177A	1	0402	ordinary_sample_offset
TALK4.DAT	talk_remainder	payload[1]/4	552		552	00000AA0	0002160C	0002180C	1	0402	ordinary_sample_offset
TALK4.DAT	talk_remainder	payload[1]/4	553		553	00000AA4	000216F0	000218F0	1	0402	ordinary_sample_offset
TALK4.DAT	talk_remainder	payload[1]/4	554		554	00000AA8	00021BD4	00021DD4	1	0402	ordinary_sample_offset
TALK4.DAT	talk_remainder	payload[1]/4	555		555	00000AAC	000220DA	000222DA	1	0402	ordinary_sample_offset
TALK4.DAT	talk_remainder	payload[1]/4	556		556	00000AB0	000220DE	000222DE	1	0402	ordinary_sample_offset
TALK4.DAT	talk_remainder	payload[1]/4	557		557	00000AB4	000220E2	000222E2	1	0402	ordinary_sample_offset
TALK4.DAT	talk_remainder	payload[1]/4	558		558	00000AB8	000220E6	000222E6	1	0402	ordinary_sample_offset
TALK4.DAT	talk_remainder	payload[1]/4	559		559	00000ABC	000220EA	000222EA	1	0402	ordinary_sample_offset
TALK4.DAT	talk_remainder	payload[1]/4	560		560	00000AC0	000220EE	000222EE	1	0402	ordinary_sample_offset
TALK4.DAT	talk_remainder	payload[1]/4	561		561	00000AC4	000220F2	000222F2	1	0402	ordinary_sample_offset
TALK4.DAT	talk_remainder	payload[1]/4	562		562	00000AC8	000220F6	000222F6	1	0402	ordinary_sample_offset
TALK4.DAT	talk_remainder	payload[1]/4	563		563	00000ACC	000220FA	000222FA	1	0402	ordinary_sample_offset
TALK4.DAT	talk_remainder	payload[1]/4	564		564	00000AD0	000220FE	000222FE	1	0402	ordinary_sample_offset
TALK4.DAT	talk_remainder	payload[1]/4	565		565	00000AD4	00022102	00022302	1	0402	ordinary_sample_offset
TALK4.DAT	talk_remainder	payload[1]/4	566		566	00000AD8	00022106	00022306	1	0402	ordinary_sample_offset
TALK4.DAT	talk_remainder	payload[1]/4	567		567	00000ADC	0002210A	0002230A	1	0402	ordinary_sample_offset
TALK4.DAT	talk_remainder	payload[1]/4	568		568	00000AE0	0002210E	0002230E	1	0402	ordinary_sample_offset
TALK4.DAT	talk_remainder	payload[1]/4	569		569	00000AE4	00022112	00022312	1	0402	ordinary_sample_offset
TALK4.DAT	talk_remainder	payload[1]/4	570		570	00000AE8	00022116	00022316	1	0402	ordinary_sample_offset
TALK4.DAT	talk_remainder	payload[1]/4	571		571	00000AEC	0002211A	0002231A	1	0402	ordinary_sample_offset
TALK4.DAT	talk_remainder	payload[1]/4	572		572	00000AF0	0002211E	0002231E	1	0402	ordinary_sample_offset
TALK4.DAT	talk_remainder	payload[1]/4	573		573	00000AF4	00022122	00022322	1	0402	ordinary_sample_offset
TALK4.DAT	talk_remainder	payload[1]/4	574		574	00000AF8	00022126	00022326	1	0402	ordinary_sample_offset
TALK4.DAT	talk_remainder	payload[1]/4	575		575	00000AFC	0002212A	0002232A	1	0402	ordinary_sample_offset
TALK4.DAT	talk_remainder	payload[1]/4	576		576	00000B00	0002212E	0002232E	1	0402	ordinary_sample_offset
TALK4.DAT	talk_remainder	payload[1]/4	577		577	00000B04	00022132	00022332	1	0402	ordinary_sample_offset
TALK4.DAT	talk_remainder	payload[1]/4	578		578	00000B08	00022136	00022336	1	0402	ordinary_sample_offset
TALK4.DAT	talk_remainder	payload[1]/4	579		579	00000B0C	0002213A	0002233A	1	0402	ordinary_sample_offset
TALK4.DAT	talk_remainder	payload[1]/4	580		580	00000B10	0002213E	0002233E	1	0402	ordinary_sample_offset
TALK4.DAT	talk_remainder	payload[1]/4	581		581	00000B14	00022142	00022342	1	0402	ordinary_sample_offset
TALK4.DAT	talk_remainder	payload[1]/4	582		582	00000B18	00022146	00022346	1	0402	ordinary_sample_offset
TALK4.DAT	talk_remainder	payload[1]/4	583		583	00000B1C	0002214A	0002234A	1	0402	ordinary_sample_offset
TALK4.DAT	talk_remainder	payload[1]/4	584		584	00000B20	0002214E	0002234E	1	0402	ordinary_sample_offset
TALK4.DAT	talk_remainder	payload[1]/4	585		585	00000B24	00022152	00022352	1	0402	ordinary_sample_offset
TALK4.DAT	talk_remainder	payload[1]/4	586		586	00000B28	00022156	00022356	1	0402	ordinary_sample_offset
TALK4.DAT	talk_remainder	payload[1]/4	587		587	00000B2C	0002215A	0002235A	1	0402	ordinary_sample_offset
TALK4.DAT	talk_remainder	payload[1]/4	588		588	00000B30	0002215E	0002235E	1	0402	ordinary_sample_offset
TALK4.DAT	talk_remainder	payload[1]/4	589		589	00000B34	00022162	00022362	1	0402	ordinary_sample_offset
TALK4.DAT	talk_remainder	payload[1]/4	590		590	00000B38	00022166	00022366	1	0402	ordinary_sample_offset
TALK4.DAT	talk_remainder	payload[1]/4	591		591	00000B3C	0002216A	0002236A	1	0402	ordinary_sample_offset
TALK4.DAT	talk_remainder	payload[1]/4	592		592	00000B40	0002216E	0002236E	1	0402	ordinary_sample_offset
TALK4.DAT	talk_remainder	payload[1]/4	593		593	00000B44	00022172	00022372	1	0402	ordinary_sample_offset
TALK4.DAT	talk_remainder	payload[1]/4	594		594	00000B48	00022176	00022376	1	0402	ordinary_sample_offset
TALK4.DAT	talk_remainder	payload[1]/4	595		595	00000B4C	0002217A	0002237A	1	0402	ordinary_sample_offset
TALK4.DAT	talk_remainder	payload[1]/4	596		596	00000B50	0002217E	0002237E	1	0402	ordinary_sample_offset
TALK4.DAT	talk_remainder	payload[1]/4	597		597	00000B54	00022182	00022382	1	0402	ordinary_sample_offset
TALK4.DAT	talk_remainder	payload[1]/4	598		598	00000B58	00022186	00022386	1	0402	ordinary_sample_offset
TALK4.DAT	talk_remainder	payload[1]/4	599		599	00000B5C	0002218A	0002238A	1	0402	ordinary_sample_offset
TALK4.DAT	talk_remainder	payload[1]/4	600		600	00000B60	0002218E	0002238E	1	0402	ordinary_sample_offset
TALK4.DAT	talk_remainder	payload[1]/4	601		601	00000B64	000224DA	000226DA	1	0402	ordinary_sample_offset
TALK4.DAT	talk_remainder	payload[1]/4	602		602	00000B68	00022510	00022710	1	0402	ordinary_sample_offset
TALK4.DAT	talk_remainder	payload[1]/4	603		603	00000B6C	00022546	00022746	1	0402	ordinary_sample_offset
TALK4.DAT	talk_remainder	payload[1]/4	604		604	00000B70	000225AC	000227AC	1	0402	ordinary_sample_offset
TALK4.DAT	talk_remainder	payload[1]/4	605		605	00000B74	00022612	00022812	1	0402	ordinary_sample_offset
TALK4.DAT	talk_remainder	payload[1]/4	606		606	00000B78	00022648	00022848	1	0402	ordinary_sample_offset
TALK4.DAT	talk_remainder	payload[1]/4	607		607	00000B7C	0002267E	0002287E	1	0402	ordinary_sample_offset
TALK4.DAT	talk_remainder	payload[1]/4	608		608	00000B80	00022682	00022882	1	0402	ordinary_sample_offset
TALK4.DAT	talk_remainder	payload[1]/4	609		609	00000B84	00022686	00022886	1	0402	ordinary_sample_offset
TALK4.DAT	talk_remainder	payload[1]/4	610		610	00000B88	00022A87	00022C87	1	0402	ordinary_sample_offset
TALK4.DAT	talk_remainder	payload[1]/4	611		611	00000B8C	00022A8B	00022C8B	1	0402	ordinary_sample_offset
TALK4.DAT	talk_remainder	payload[1]/4	612		612	00000B90	00022AC1	00022CC1	1	0402	ordinary_sample_offset
TALK4.DAT	talk_remainder	payload[1]/4	613		613	00000B94	00022B03	00022D03	1	0402	ordinary_sample_offset
TALK4.DAT	talk_remainder	payload[1]/4	614		614	00000B98	00022B39	00022D39	1	0402	ordinary_sample_offset
TALK4.DAT	talk_remainder	payload[1]/4	615		615	00000B9C	00023043	00023243	1	0402	ordinary_sample_offset
TALK4.DAT	talk_remainder	payload[1]/4	616		616	00000BA0	000230A9	000232A9	1	0402	ordinary_sample_offset
TALK4.DAT	talk_remainder	payload[1]/4	617		617	00000BA4	0002310F	0002330F	1	0402	ordinary_sample_offset
TALK4.DAT	talk_remainder	payload[1]/4	618		618	00000BA8	00023175	00023375	1	0402	ordinary_sample_offset
TALK4.DAT	talk_remainder	payload[1]/4	619		619	00000BAC	000231DB	000233DB	1	0402	ordinary_sample_offset
TALK4.DAT	talk_remainder	payload[1]/4	620		620	00000BB0	000231DF	000233DF	1	0402	ordinary_sample_offset
TALK4.DAT	talk_remainder	payload[1]/4	621		621	00000BB4	000231E3	000233E3	1	0402	ordinary_sample_offset
TALK4.DAT	talk_remainder	payload[1]/4	622		622	00000BB8	000231E7	000233E7	1	0402	ordinary_sample_offset
TALK4.DAT	talk_remainder	payload[1]/4	623		623	00000BBC	000231EB	000233EB	1	0402	ordinary_sample_offset
TALK4.DAT	talk_remainder	payload[1]/4	624		624	00000BC0	000231EF	000233EF	1	0402	ordinary_sample_offset
TALK4.DAT	talk_remainder	payload[1]/4	625		625	00000BC4	000231F3	000233F3	1	0402	ordinary_sample_offset
TALK4.DAT	talk_remainder	payload[1]/4	626		626	00000BC8	000231F7	000233F7	1	0402	ordinary_sample_offset
TALK4.DAT	talk_remainder	payload[1]/4	627		627	00000BCC	000231FB	000233FB	1	0402	ordinary_sample_offset
TALK4.DAT	talk_remainder	payload[1]/4	628		628	00000BD0	000231FF	000233FF	1	0402	ordinary_sample_offset
TALK4.DAT	talk_remainder	payload[1]/4	629		629	00000BD4	00023203	00023403	1	0402	ordinary_sample_offset
TALK4.DAT	talk_remainder	payload[1]/4	630		630	00000BD8	00023207	00023407	1	0402	ordinary_sample_offset
TALK4.DAT	talk_remainder	payload[1]/4	631		631	00000BDC	0002320B	0002340B	1	0402	ordinary_sample_offset
TALK4.DAT	talk_remainder	payload[1]/4	632		632	00000BE0	0002320F	0002340F	1	0402	ordinary_sample_offset
TALK4.DAT	talk_remainder	payload[1]/4	633		633	00000BE4	00023213	00023413	1	0402	ordinary_sample_offset
TALK4.DAT	talk_remainder	payload[1]/4	634		634	00000BE8	00023217	00023417	1	0402	ordinary_sample_offset
TALK4.DAT	talk_remainder	payload[1]/4	635		635	00000BEC	0002321B	0002341B	1	0402	ordinary_sample_offset
TALK4.DAT	talk_remainder	payload[1]/4	636		636	00000BF0	0002321F	0002341F	1	0402	ordinary_sample_offset
TALK4.DAT	talk_remainder	payload[1]/4	637		637	00000BF4	00023223	00023423	1	0402	ordinary_sample_offset
TALK4.DAT	talk_remainder	payload[1]/4	638		638	00000BF8	00023227	00023427	1	0402	ordinary_sample_offset
TALK4.DAT	talk_remainder	payload[1]/4	639		639	00000BFC	0002322B	0002342B	1	0402	ordinary_sample_offset
TALK4.DAT	talk_remainder	payload[1]/4	640		640	00000C00	0002322F	0002342F	1	0402	ordinary_sample_offset
TALK4.DAT	talk_remainder	payload[1]/4	641		641	00000C04	00023233	00023433	1	0402	ordinary_sample_offset
TALK4.DAT	talk_remainder	payload[1]/4	642		642	00000C08	00023237	00023437	1	0402	ordinary_sample_offset
TALK4.DAT	talk_remainder	payload[1]/4	643		643	00000C0C	0002323B	0002343B	1	0402	ordinary_sample_offset
TALK4.DAT	talk_remainder	payload[1]/4	644		644	00000C10	0002323F	0002343F	1	0402	ordinary_sample_offset
TALK4.DAT	talk_remainder	payload[1]/4	645		645	00000C14	00023243	00023443	1	0402	ordinary_sample_offset
TALK4.DAT	talk_remainder	payload[1]/4	646		646	00000C18	00023247	00023447	1	0402	ordinary_sample_offset
TALK4.DAT	talk_remainder	payload[1]/4	647		647	00000C1C	0002324B	0002344B	1	0402	ordinary_sample_offset
TALK4.DAT	talk_remainder	payload[1]/4	648		648	00000C20	0002324F	0002344F	1	0402	ordinary_sample_offset
TALK4.DAT	talk_remainder	payload[1]/4	649		649	00000C24	00023253	00023453	1	0402	ordinary_sample_offset
TALK4.DAT	talk_remainder	payload[1]/4	650		650	00000C28	00023257	00023457	1	0402	ordinary_sample_offset
TALK4.DAT	talk_remainder	payload[1]/4	651		651	00000C2C	0002325B	0002345B	1	0402	ordinary_sample_offset
TALK4.DAT	talk_remainder	payload[1]/4	652		652	00000C30	0002325F	0002345F	1	0402	ordinary_sample_offset
TALK4.DAT	talk_remainder	payload[1]/4	653		653	00000C34	00023263	00023463	1	0402	ordinary_sample_offset
TALK4.DAT	talk_remainder	payload[1]/4	654		654	00000C38	00023267	00023467	1	0402	ordinary_sample_offset
TALK4.DAT	talk_remainder	payload[1]/4	655		655	00000C3C	0002326B	0002346B	1	0402	ordinary_sample_offset
TALK4.DAT	talk_remainder	payload[1]/4	656		656	00000C40	0002326F	0002346F	1	0402	ordinary_sample_offset
TALK4.DAT	talk_remainder	payload[1]/4	657		657	00000C44	00023273	00023473	1	0402	ordinary_sample_offset
TALK4.DAT	talk_remainder	payload[1]/4	658		658	00000C48	00023277	00023477	1	0402	ordinary_sample_offset
TALK4.DAT	talk_remainder	payload[1]/4	659		659	00000C4C	0002327B	0002347B	1	0402	ordinary_sample_offset
TALK4.DAT	talk_remainder	payload[1]/4	660		660	00000C50	0002327F	0002347F	1	0402	ordinary_sample_offset
TALK4.DAT	talk_remainder	payload[1]/4	661		661	00000C54	00023283	00023483	1	0402	ordinary_sample_offset
TALK4.DAT	talk_remainder	payload[1]/4	662		662	00000C58	00023287	00023487	1	0402	ordinary_sample_offset
TALK4.DAT	talk_remainder	payload[1]/4	663		663	00000C5C	0002328B	0002348B	1	0402	ordinary_sample_offset
TALK4.DAT	talk_remainder	payload[1]/4	664		664	00000C60	0002328F	0002348F	1	0402	ordinary_sample_offset
TALK4.DAT	talk_remainder	payload[1]/4	665		665	00000C64	00023293	00023493	1	0402	ordinary_sample_offset
TALK4.DAT	talk_remainder	payload[1]/4	666		666	00000C68	00023297	00023497	1	0402	ordinary_sample_offset
TALK4.DAT	talk_remainder	payload[1]/4	667		667	00000C6C	0002329B	0002349B	1	0402	ordinary_sample_offset
TALK4.DAT	talk_remainder	payload[1]/4	668		668	00000C70	0002329F	0002349F	1	0402	ordinary_sample_offset
TALK4.DAT	talk_remainder	payload[1]/4	669		669	00000C74	000232A3	000234A3	1	0402	ordinary_sample_offset
TALK4.DAT	talk_remainder	payload[1]/4	670		670	00000C78	000232A7	000234A7	1	0402	ordinary_sample_offset
TALK4.DAT	talk_remainder	payload[1]/4	671		671	00000C7C	000232AB	000234AB	1	0402	ordinary_sample_offset
TALK4.DAT	talk_remainder	payload[1]/4	672		672	00000C80	000232AF	000234AF	1	0402	ordinary_sample_offset
TALK4.DAT	talk_remainder	payload[1]/4	673		673	00000C84	000232B3	000234B3	1	0402	ordinary_sample_offset
TALK4.DAT	talk_remainder	payload[1]/4	674		674	00000C88	000232B7	000234B7	1	0402	ordinary_sample_offset
TALK4.DAT	talk_remainder	payload[1]/4	675		675	00000C8C	000232BB	000234BB	1	0402	ordinary_sample_offset
TALK4.DAT	talk_remainder	payload[1]/4	676		676	00000C90	000232BF	000234BF	1	0402	ordinary_sample_offset
TALK4.DAT	talk_remainder	payload[1]/4	677		677	00000C94	000232C3	000234C3	1	0402	ordinary_sample_offset
TALK4.DAT	talk_remainder	payload[1]/4	678		678	00000C98	000232C7	000234C7	1	0402	ordinary_sample_offset
TALK4.DAT	talk_remainder	payload[1]/4	679		679	00000C9C	000232CB	000234CB	1	0402	ordinary_sample_offset
TALK4.DAT	talk_remainder	payload[1]/4	680		680	00000CA0	000232CF	000234CF	1	0402	ordinary_sample_offset
TALK4.DAT	talk_remainder	payload[1]/4	681		681	00000CA4	000232D3	000234D3	1	0402	ordinary_sample_offset
TALK4.DAT	talk_remainder	payload[1]/4	682		682	00000CA8	000232D7	000234D7	1	0402	ordinary_sample_offset
TALK4.DAT	talk_remainder	payload[1]/4	683		683	00000CAC	000232DB	000234DB	1	0402	ordinary_sample_offset
TALK4.DAT	talk_remainder	payload[1]/4	684		684	00000CB0	000232DF	000234DF	1	0402	ordinary_sample_offset
TALK4.DAT	talk_remainder	payload[1]/4	685		685	00000CB4	000232E3	000234E3	1	0402	ordinary_sample_offset
TALK4.DAT	talk_remainder	payload[1]/4	686		686	00000CB8	000232E7	000234E7	1	0402	ordinary_sample_offset
TALK4.DAT	talk_remainder	payload[1]/4	687		687	00000CBC	000232EB	000234EB	1	0402	ordinary_sample_offset
TALK4.DAT	talk_remainder	payload[1]/4	688		688	00000CC0	000232EF	000234EF	1	0402	ordinary_sample_offset
TALK4.DAT	talk_remainder	payload[1]/4	689		689	00000CC4	000232F3	000234F3	1	0402	ordinary_sample_offset
TALK4.DAT	talk_remainder	payload[1]/4	690		690	00000CC8	000232F7	000234F7	1	0402	ordinary_sample_offset
TALK4.DAT	talk_remainder	payload[1]/4	691		691	00000CCC	000232FB	000234FB	1	0402	ordinary_sample_offset
TALK4.DAT	talk_remainder	payload[1]/4	692		692	00000CD0	000232FF	000234FF	1	0402	ordinary_sample_offset
TALK4.DAT	talk_remainder	payload[1]/4	693		693	00000CD4	00023303	00023503	1	0402	ordinary_sample_offset
TALK4.DAT	talk_remainder	payload[1]/4	694		694	00000CD8	00023307	00023507	1	0402	ordinary_sample_offset
TALK4.DAT	talk_remainder	payload[1]/4	695		695	00000CDC	0002330B	0002350B	1	0402	ordinary_sample_offset
TALK4.DAT	talk_remainder	payload[1]/4	696		696	00000CE0	0002330F	0002350F	1	0402	ordinary_sample_offset
TALK4.DAT	talk_remainder	payload[1]/4	697		697	00000CE4	00023313	00023513	1	0402	ordinary_sample_offset
TALK4.DAT	talk_remainder	payload[1]/4	698		698	00000CE8	00023317	00023517	1	0402	ordinary_sample_offset
TALK4.DAT	talk_remainder	payload[1]/4	699		699	00000CEC	0002331B	0002351B	1	0402	ordinary_sample_offset
TALK4.DAT	talk_remainder	payload[1]/4	700		700	00000CF0	0002331F	0002351F	1	0402	ordinary_sample_offset
TALK4.DAT	talk_remainder	payload[1]/4	701		701	00000CF4	00023323	00023523	1	0402	ordinary_sample_offset
TALK4.DAT	talk_remainder	payload[1]/4	702		702	00000CF8	00023359	00023559	1	0402	ordinary_sample_offset
TALK4.DAT	talk_remainder	payload[1]/4	703		703	00000CFC	0002338F	0002358F	1	0402	ordinary_sample_offset
TALK4.DAT	talk_remainder	payload[1]/4	704		704	00000D00	000233F5	000235F5	1	0402	ordinary_sample_offset
TALK4.DAT	talk_remainder	payload[1]/4	705		705	00000D04	0002345B	0002365B	1	0402	ordinary_sample_offset
TALK4.DAT	talk_remainder	payload[1]/4	706		706	00000D08	00023491	00023691	1	0402	ordinary_sample_offset
TALK4.DAT	talk_remainder	payload[1]/4	707		707	00000D0C	000234F7	000236F7	1	0402	ordinary_sample_offset
TALK4.DAT	talk_remainder	payload[1]/4	708		708	00000D10	0002355D	0002375D	1	0402	ordinary_sample_offset
TALK4.DAT	talk_remainder	payload[1]/4	709		709	00000D14	00023593	00023793	1	0402	ordinary_sample_offset
TALK4.DAT	talk_remainder	payload[1]/4	710		710	00000D18	00023597	00023797	1	0402	ordinary_sample_offset
TALK4.DAT	talk_remainder	payload[1]/4	711		711	00000D1C	000235CD	000237CD	1	0402	ordinary_sample_offset
TALK4.DAT	talk_remainder	payload[1]/4	712		712	00000D20	00023613	00023813	1	0402	ordinary_sample_offset
TALK4.DAT	talk_remainder	payload[1]/4	713		713	00000D24	00023649	00023849	1	0402	ordinary_sample_offset
TALK4.DAT	talk_remainder	payload[1]/4	714		714	00000D28	000236AF	000238AF	1	0402	ordinary_sample_offset
TALK4.DAT	talk_remainder	payload[1]/4	715		715	00000D2C	00023715	00023915	1	0402	ordinary_sample_offset
TALK4.DAT	talk_remainder	payload[1]/4	716		716	00000D30	0002377B	0002397B	1	0402	ordinary_sample_offset
TALK4.DAT	talk_remainder	payload[1]/4	717		717	00000D34	000237CB	000239CB	1	0402	ordinary_sample_offset
TALK4.DAT	talk_remainder	payload[1]/4	718		718	00000D38	00023831	00023A31	1	0402	ordinary_sample_offset
TALK4.DAT	talk_remainder	payload[1]/4	719		719	00000D3C	00023835	00023A35	1	0402	ordinary_sample_offset
TALK4.DAT	talk_remainder	payload[1]/4	720		720	00000D40	0002389B	00023A9B	1	0402	ordinary_sample_offset
TALK4.DAT	talk_remainder	payload[1]/4	721		721	00000D44	000238D1	00023AD1	1	0402	ordinary_sample_offset
TALK4.DAT	talk_remainder	payload[1]/4	722		722	00000D48	00023CB3	00023EB3	1	0402	ordinary_sample_offset
TALK4.DAT	talk_remainder	payload[1]/4	723		723	00000D4C	00023CE7	00023EE7	1	0402	ordinary_sample_offset
TALK4.DAT	talk_remainder	payload[1]/4	724		724	00000D50	00023CEB	00023EEB	1	0402	ordinary_sample_offset
TALK4.DAT	talk_remainder	payload[1]/4	725		725	00000D54	00023CEF	00023EEF	1	0402	ordinary_sample_offset
TALK4.DAT	talk_remainder	payload[1]/4	726		726	00000D58	00023CF3	00023EF3	1	0402	ordinary_sample_offset
TALK4.DAT	talk_remainder	payload[1]/4	727		727	00000D5C	00023CF7	00023EF7	1	0402	ordinary_sample_offset
TALK4.DAT	talk_remainder	payload[1]/4	728		728	00000D60	00023CFB	00023EFB	1	0402	ordinary_sample_offset
TALK4.DAT	talk_remainder	payload[1]/4	729		729	00000D64	00023CFF	00023EFF	1	0402	ordinary_sample_offset
TALK4.DAT	talk_remainder	payload[1]/4	730		730	00000D68	00023D03	00023F03	1	0402	ordinary_sample_offset
TALK4.DAT	talk_remainder	payload[1]/4	731		731	00000D6C	00023D07	00023F07	1	0402	ordinary_sample_offset
TALK4.DAT	talk_remainder	payload[1]/4	732		732	00000D70	00023D0B	00023F0B	1	0402	ordinary_sample_offset
TALK4.DAT	talk_remainder	payload[1]/4	733		733	00000D74	00023D0F	00023F0F	1	0402	ordinary_sample_offset
TALK4.DAT	talk_remainder	payload[1]/4	734		734	00000D78	00023D13	00023F13	1	0402	ordinary_sample_offset
TALK4.DAT	talk_remainder	payload[1]/4	735		735	00000D7C	00023D17	00023F17	1	0402	ordinary_sample_offset
TALK4.DAT	talk_remainder	payload[1]/4	736		736	00000D80	00023D1B	00023F1B	1	0402	ordinary_sample_offset
TALK4.DAT	talk_remainder	payload[1]/4	737		737	00000D84	00023D1F	00023F1F	1	0402	ordinary_sample_offset
TALK4.DAT	talk_remainder	payload[1]/4	738		738	00000D88	00023D23	00023F23	1	0402	ordinary_sample_offset
TALK4.DAT	talk_remainder	payload[1]/4	739		739	00000D8C	00023D27	00023F27	1	0402	ordinary_sample_offset
TALK4.DAT	talk_remainder	payload[1]/4	740		740	00000D90	00023D2B	00023F2B	1	0402	ordinary_sample_offset
TALK4.DAT	talk_remainder	payload[1]/4	741		741	00000D94	00023D2F	00023F2F	1	0402	ordinary_sample_offset
TALK4.DAT	talk_remainder	payload[1]/4	742		742	00000D98	00023D33	00023F33	1	0402	ordinary_sample_offset
TALK4.DAT	talk_remainder	payload[1]/4	743		743	00000D9C	00023D37	00023F37	1	0402	ordinary_sample_offset
TALK4.DAT	talk_remainder	payload[1]/4	744		744	00000DA0	00023D3B	00023F3B	1	0402	ordinary_sample_offset
TALK4.DAT	talk_remainder	payload[1]/4	745		745	00000DA4	00023D3F	00023F3F	1	0402	ordinary_sample_offset
TALK4.DAT	talk_remainder	payload[1]/4	746		746	00000DA8	00023D43	00023F43	1	0402	ordinary_sample_offset
TALK4.DAT	talk_remainder	payload[1]/4	747		747	00000DAC	00023D47	00023F47	1	0402	ordinary_sample_offset
TALK4.DAT	talk_remainder	payload[1]/4	748		748	00000DB0	00023D4B	00023F4B	1	0402	ordinary_sample_offset
TALK4.DAT	talk_remainder	payload[1]/4	749		749	00000DB4	00023D4F	00023F4F	1	0402	ordinary_sample_offset
TALK4.DAT	talk_remainder	payload[1]/4	750		750	00000DB8	00023D53	00023F53	1	0402	ordinary_sample_offset
TALK4.DAT	talk_remainder	payload[1]/4	751		751	00000DBC	00023D57	00023F57	1	0402	ordinary_sample_offset
TALK4.DAT	talk_remainder	payload[1]/4	752		752	00000DC0	00023D5B	00023F5B	1	0402	ordinary_sample_offset
TALK4.DAT	talk_remainder	payload[1]/4	753		753	00000DC4	00023D5F	00023F5F	1	0402	ordinary_sample_offset
TALK4.DAT	talk_remainder	payload[1]/4	754		754	00000DC8	00023D63	00023F63	1	0402	ordinary_sample_offset
TALK4.DAT	talk_remainder	payload[1]/4	755		755	00000DCC	00023D67	00023F67	1	0402	ordinary_sample_offset
TALK4.DAT	talk_remainder	payload[1]/4	756		756	00000DD0	00023D6B	00023F6B	1	0402	ordinary_sample_offset
TALK4.DAT	talk_remainder	payload[1]/4	757		757	00000DD4	00023D6F	00023F6F	1	0402	ordinary_sample_offset
TALK4.DAT	talk_remainder	payload[1]/4	758		758	00000DD8	00023D73	00023F73	1	0402	ordinary_sample_offset
TALK4.DAT	talk_remainder	payload[1]/4	759		759	00000DDC	00023D77	00023F77	1	0402	ordinary_sample_offset
TALK4.DAT	talk_remainder	payload[1]/4	760		760	00000DE0	00023D7B	00023F7B	1	0402	ordinary_sample_offset
TALK4.DAT	talk_remainder	payload[1]/4	761		761	00000DE4	00023D7F	00023F7F	1	0402	ordinary_sample_offset
TALK4.DAT	talk_remainder	payload[1]/4	762		762	00000DE8	00023D83	00023F83	1	0402	ordinary_sample_offset
TALK4.DAT	talk_remainder	payload[1]/4	763		763	00000DEC	00023D87	00023F87	1	0402	ordinary_sample_offset
TALK4.DAT	talk_remainder	payload[1]/4	764		764	00000DF0	00023D8B	00023F8B	1	0402	ordinary_sample_offset
TALK4.DAT	talk_remainder	payload[1]/4	765		765	00000DF4	00023D8F	00023F8F	1	0402	ordinary_sample_offset
TALK4.DAT	talk_remainder	payload[1]/4	766		766	00000DF8	00023D93	00023F93	1	0402	ordinary_sample_offset
TALK4.DAT	talk_remainder	payload[1]/4	767		767	00000DFC	00023D97	00023F97	1	0402	ordinary_sample_offset
TALK4.DAT	talk_remainder	payload[1]/4	768		768	00000E00	00023D9B	00023F9B	1	0402	ordinary_sample_offset
TALK4.DAT	talk_remainder	payload[1]/4	769		769	00000E04	00023D9F	00023F9F	1	0402	ordinary_sample_offset
TALK4.DAT	talk_remainder	payload[1]/4	770		770	00000E08	00023DA3	00023FA3	1	0402	ordinary_sample_offset
TALK4.DAT	talk_remainder	payload[1]/4	771		771	00000E0C	00023DA7	00023FA7	1	0402	ordinary_sample_offset
TALK4.DAT	talk_remainder	payload[1]/4	772		772	00000E10	00023DAB	00023FAB	1	0402	ordinary_sample_offset
TALK4.DAT	talk_remainder	payload[1]/4	773		773	00000E14	00023DAF	00023FAF	1	0402	ordinary_sample_offset
TALK4.DAT	talk_remainder	payload[1]/4	774		774	00000E18	00023DB3	00023FB3	1	0402	ordinary_sample_offset
TALK4.DAT	talk_remainder	payload[1]/4	775		775	00000E1C	00023DB7	00023FB7	1	0402	ordinary_sample_offset
TALK4.DAT	talk_remainder	payload[1]/4	776		776	00000E20	00023DBB	00023FBB	1	0402	ordinary_sample_offset
TALK4.DAT	talk_remainder	payload[1]/4	777		777	00000E24	00023DBF	00023FBF	1	0402	ordinary_sample_offset
TALK4.DAT	talk_remainder	payload[1]/4	778		778	00000E28	00023DC3	00023FC3	1	0402	ordinary_sample_offset
TALK4.DAT	talk_remainder	payload[1]/4	779		779	00000E2C	00023DC7	00023FC7	1	0402	ordinary_sample_offset
TALK4.DAT	talk_remainder	payload[1]/4	780		780	00000E30	00023DCB	00023FCB	1	0402	ordinary_sample_offset
TALK4.DAT	talk_remainder	payload[1]/4	781		781	00000E34	00023DCF	00023FCF	1	0402	ordinary_sample_offset
TALK4.DAT	talk_remainder	payload[1]/4	782		782	00000E38	00023DD3	00023FD3	1	0402	ordinary_sample_offset
TALK4.DAT	talk_remainder	payload[1]/4	783		783	00000E3C	00023DD7	00023FD7	1	0402	ordinary_sample_offset
TALK4.DAT	talk_remainder	payload[1]/4	784		784	00000E40	00023DDB	00023FDB	1	0402	ordinary_sample_offset
TALK4.DAT	talk_remainder	payload[1]/4	785		785	00000E44	00023DDF	00023FDF	1	0402	ordinary_sample_offset
TALK4.DAT	talk_remainder	payload[1]/4	786		786	00000E48	00023DE3	00023FE3	1	0402	ordinary_sample_offset
TALK4.DAT	talk_remainder	payload[1]/4	787		787	00000E4C	00023DE7	00023FE7	1	0402	ordinary_sample_offset
TALK4.DAT	talk_remainder	payload[1]/4	788		788	00000E50	00023DEB	00023FEB	1	0402	ordinary_sample_offset
TALK4.DAT	talk_remainder	payload[1]/4	789		789	00000E54	00023DEF	00023FEF	1	0402	ordinary_sample_offset
TALK4.DAT	talk_remainder	payload[1]/4	790		790	00000E58	00023DF3	00023FF3	1	0402	ordinary_sample_offset
TALK4.DAT	talk_remainder	payload[1]/4	791		791	00000E5C	00023DF7	00023FF7	1	0402	ordinary_sample_offset
TALK4.DAT	talk_remainder	payload[1]/4	792		792	00000E60	00023DFB	00023FFB	1	0402	ordinary_sample_offset
TALK4.DAT	talk_remainder	payload[1]/4	793		793	00000E64	00023DFF	00023FFF	1	0402	ordinary_sample_offset
TALK4.DAT	talk_remainder	payload[1]/4	794		794	00000E68	00023E03	00024003	1	0402	ordinary_sample_offset
TALK4.DAT	talk_remainder	payload[1]/4	795		795	00000E6C	00023E07	00024007	1	0402	ordinary_sample_offset
TALK4.DAT	talk_remainder	payload[1]/4	796		796	00000E70	00023E0B	0002400B	1	0402	ordinary_sample_offset
TALK4.DAT	talk_remainder	payload[1]/4	797		797	00000E74	00023E0F	0002400F	1	0402	ordinary_sample_offset
TALK4.DAT	talk_remainder	payload[1]/4	798		798	00000E78	00023E13	00024013	1	0402	ordinary_sample_offset
TALK4.DAT	talk_remainder	payload[1]/4	799		799	00000E7C	00023E17	00024017	1	0402	ordinary_sample_offset
TALK4.DAT	talk_remainder	payload[1]/4	800		800	00000E80	00023E1B	0002401B	1	0402	ordinary_sample_offset
TALK4.DAT	talk_remainder	payload[1]/4	801		801	00000E84	00023E1F	0002401F	1	0402	ordinary_sample_offset
TALK4.DAT	talk_remainder	payload[1]/4	802		802	00000E88	00023E55	00024055	1	0402	ordinary_sample_offset
TALK4.DAT	talk_remainder	payload[1]/4	803		803	00000E8C	00023E8B	0002408B	1	0402	ordinary_sample_offset
TALK4.DAT	talk_remainder	payload[1]/4	804		804	00000E90	00023EC1	000240C1	1	0402	ordinary_sample_offset
TALK4.DAT	talk_remainder	payload[1]/4	805		805	00000E94	00023EF7	000240F7	1	0402	ordinary_sample_offset
TALK4.DAT	talk_remainder	payload[1]/4	806		806	00000E98	000242CB	000244CB	1	0402	ordinary_sample_offset
TALK4.DAT	talk_remainder	payload[1]/4	807		807	00000E9C	00024715	00024915	1	0402	ordinary_sample_offset
TALK4.DAT	talk_remainder	payload[1]/4	808		808	00000EA0	00025558	00025758	1	0402	ordinary_sample_offset
TALK4.DAT	talk_remainder	payload[1]/4	809		809	00000EA4	0002558E	0002578E	1	0402	ordinary_sample_offset
TALK4.DAT	talk_remainder	payload[1]/4	810		810	00000EA8	000255FC	000257FC	1	0402	ordinary_sample_offset
TALK4.DAT	talk_remainder	payload[1]/4	811		811	00000EAC	00026549	00026749	1	0402	ordinary_sample_offset
TALK4.DAT	talk_remainder	payload[1]/4	812		812	00000EB0	0002657F	0002677F	1	0402	ordinary_sample_offset
TALK4.DAT	talk_remainder	payload[1]/4	813		813	00000EB4	000265B5	000267B5	1	0402	ordinary_sample_offset
TALK4.DAT	talk_remainder	payload[1]/4	814		814	00000EB8	000265EB	000267EB	1	0402	ordinary_sample_offset
TALK4.DAT	talk_remainder	payload[1]/4	815		815	00000EBC	00026621	00026821	1	0402	ordinary_sample_offset
TALK4.DAT	talk_remainder	payload[1]/4	816		816	00000EC0	00026657	00026857	1	0402	ordinary_sample_offset
TALK4.DAT	talk_remainder	payload[1]/4	817		817	00000EC4	00026695	00026895	1	0402	ordinary_sample_offset
TALK4.DAT	talk_remainder	payload[1]/4	818		818	00000EC8	000266CB	000268CB	1	0402	ordinary_sample_offset
TALK4.DAT	talk_remainder	payload[1]/4	819		819	00000ECC	00026701	00026901	1	0402	ordinary_sample_offset
TALK4.DAT	talk_remainder	payload[1]/4	820		820	00000ED0	00026A17	00026C17	1	0402	ordinary_sample_offset
TALK4.DAT	talk_remainder	payload[1]/4	821		821	00000ED4	00026A1B	00026C1B	1	0402	ordinary_sample_offset
TALK4.DAT	talk_remainder	payload[1]/4	822		822	00000ED8	00026A51	00026C51	1	0402	ordinary_sample_offset
TALK4.DAT	talk_remainder	payload[1]/4	823		823	00000EDC	00026A87	00026C87	1	0402	ordinary_sample_offset
TALK4.DAT	talk_remainder	payload[1]/4	824		824	00000EE0	00026A8B	00026C8B	1	0402	ordinary_sample_offset
TALK4.DAT	talk_remainder	payload[1]/4	825		825	00000EE4	00026A8F	00026C8F	1	0402	ordinary_sample_offset
TALK4.DAT	talk_remainder	payload[1]/4	826		826	00000EE8	00026A93	00026C93	1	0402	ordinary_sample_offset
TALK4.DAT	talk_remainder	payload[1]/4	827		827	00000EEC	00026A97	00026C97	1	0402	ordinary_sample_offset
TALK4.DAT	talk_remainder	payload[1]/4	828		828	00000EF0	00026A9B	00026C9B	1	0402	ordinary_sample_offset
TALK4.DAT	talk_remainder	payload[1]/4	829		829	00000EF4	00026A9F	00026C9F	1	0402	ordinary_sample_offset
TALK4.DAT	talk_remainder	payload[1]/4	830		830	00000EF8	00026AA3	00026CA3	1	0402	ordinary_sample_offset
TALK4.DAT	talk_remainder	payload[1]/4	831		831	00000EFC	00026AA7	00026CA7	1	0402	ordinary_sample_offset
TALK4.DAT	talk_remainder	payload[1]/4	832		832	00000F00	00026ADD	00026CDD	1	0402	ordinary_sample_offset
TALK4.DAT	talk_remainder	payload[1]/4	833		833	00000F04	00026B13	00026D13	1	0402	ordinary_sample_offset
TALK4.DAT	talk_remainder	payload[1]/4	834		834	00000F08	00026B49	00026D49	1	0402	ordinary_sample_offset
TALK4.DAT	talk_remainder	payload[1]/4	835		835	00000F0C	00026CCB	00026ECB	1	0402	ordinary_sample_offset
TALK4.DAT	talk_remainder	payload[1]/4	836		836	00000F10	00026D01	00026F01	1	0402	ordinary_sample_offset
TALK4.DAT	talk_remainder	payload[1]/4	837		837	00000F14	00026D37	00026F37	1	0402	ordinary_sample_offset
TALK4.DAT	talk_remainder	payload[1]/4	838		838	00000F18	00026D3B	00026F3B	1	0402	ordinary_sample_offset
TALK4.DAT	talk_remainder	payload[1]/4	839		839	00000F1C	00026D3F	00026F3F	1	0402	ordinary_sample_offset
TALK4.DAT	talk_remainder	payload[1]/4	840		840	00000F20	00026D43	00026F43	1	0402	ordinary_sample_offset
TALK4.DAT	talk_remainder	payload[1]/4	841		841	00000F24	00026D47	00026F47	1	0402	ordinary_sample_offset
TALK4.DAT	talk_remainder	payload[1]/4	842		842	00000F28	00026D7D	00026F7D	1	0402	ordinary_sample_offset
TALK4.DAT	talk_remainder	payload[1]/4	843		843	00000F2C	00026D81	00026F81	1	0402	ordinary_sample_offset
TALK4.DAT	talk_remainder	payload[1]/4	844		844	00000F30	00026D85	00026F85	1	0402	ordinary_sample_offset
TALK4.DAT	talk_remainder	payload[1]/4	845		845	00000F34	00026D89	00026F89	1	0402	ordinary_sample_offset
TALK4.DAT	talk_remainder	payload[1]/4	846		846	00000F38	00026D8D	00026F8D	1	0402	ordinary_sample_offset
TALK4.DAT	talk_remainder	payload[1]/4	847		847	00000F3C	00026D91	00026F91	1	0402	ordinary_sample_offset
TALK4.DAT	talk_remainder	payload[1]/4	848		848	00000F40	00026D95	00026F95	1	0402	ordinary_sample_offset
TALK4.DAT	talk_remainder	payload[1]/4	849		849	00000F44	00026D99	00026F99	1	0402	ordinary_sample_offset
TALK4.DAT	talk_remainder	payload[1]/4	850		850	00000F48	00026D9D	00026F9D	1	0402	ordinary_sample_offset
TALK4.DAT	talk_remainder	payload[1]/4	851		851	00000F4C	00026DA1	00026FA1	1	0402	ordinary_sample_offset
TALK4.DAT	talk_remainder	payload[1]/4	852		852	00000F50	00026DD7	00026FD7	1	0402	ordinary_sample_offset
TALK4.DAT	talk_remainder	payload[1]/4	853		853	00000F54	00026E89	00027089	1	0402	ordinary_sample_offset
TALK4.DAT	talk_remainder	payload[1]/4	854		854	00000F58	00026EFD	000270FD	1	0402	ordinary_sample_offset
TALK4.DAT	talk_remainder	payload[1]/4	855		855	00000F5C	00026F71	00027171	1	0402	ordinary_sample_offset
TALK4.DAT	talk_remainder	payload[1]/4	856		856	00000F60	00026FE5	000271E5	1	0402	ordinary_sample_offset
TALK4.DAT	talk_remainder	payload[1]/4	857		857	00000F64	0002701B	0002721B	1	0402	ordinary_sample_offset
TALK4.DAT	talk_remainder	payload[1]/4	858		858	00000F68	00027051	00027251	1	0402	ordinary_sample_offset
TALK4.DAT	talk_remainder	payload[1]/4	859		859	00000F6C	00027087	00027287	1	0402	ordinary_sample_offset
TALK4.DAT	talk_remainder	payload[1]/4	860		860	00000F70	000270BD	000272BD	1	0402	ordinary_sample_offset
TALK4.DAT	talk_remainder	payload[1]/4	861		861	00000F74	000270F3	000272F3	1	0402	ordinary_sample_offset
TALK4.DAT	talk_remainder	payload[1]/4	862		862	00000F78	00027129	00027329	1	0402	ordinary_sample_offset
TALK4.DAT	talk_remainder	payload[1]/4	863		863	00000F7C	0002712D	0002732D	1	0402	ordinary_sample_offset
TALK4.DAT	talk_remainder	payload[1]/4	864		864	00000F80	00027131	00027331	1	0402	ordinary_sample_offset
TALK4.DAT	talk_remainder	payload[1]/4	865		865	00000F84	00027135	00027335	1	0402	ordinary_sample_offset
TALK4.DAT	talk_remainder	payload[1]/4	866		866	00000F88	00027139	00027339	1	0402	ordinary_sample_offset
TALK4.DAT	talk_remainder	payload[1]/4	867		867	00000F8C	000273C0	000275C0	1	0402	ordinary_sample_offset
TALK4.DAT	talk_remainder	payload[1]/4	868		868	00000F90	000273C4	000275C4	1	0402	ordinary_sample_offset
TALK4.DAT	talk_remainder	payload[1]/4	869		869	00000F94	000273C8	000275C8	1	0402	ordinary_sample_offset
TALK4.DAT	talk_remainder	payload[1]/4	870		870	00000F98	000273CC	000275CC	1	0402	ordinary_sample_offset
TALK4.DAT	talk_remainder	payload[1]/4	871		871	00000F9C	000273D0	000275D0	1	0402	ordinary_sample_offset
TALK4.DAT	talk_remainder	payload[1]/4	872		872	00000FA0	00027856	00027A56	1	0402	ordinary_sample_offset
TALK4.DAT	talk_remainder	payload[1]/4	873		873	00000FA4	0002785A	00027A5A	1	0402	ordinary_sample_offset
TALK4.DAT	talk_remainder	payload[1]/4	874		874	00000FA8	0002785E	00027A5E	1	0402	ordinary_sample_offset
TALK4.DAT	talk_remainder	payload[1]/4	875		875	00000FAC	00027862	00027A62	1	0402	ordinary_sample_offset
TALK4.DAT	talk_remainder	payload[1]/4	876		876	00000FB0	00027866	00027A66	1	0402	ordinary_sample_offset
TALK4.DAT	talk_remainder	payload[1]/4	877		877	00000FB4	0002786A	00027A6A	1	0402	ordinary_sample_offset
TALK4.DAT	talk_remainder	payload[1]/4	878		878	00000FB8	0002786E	00027A6E	1	0402	ordinary_sample_offset
TALK4.DAT	talk_remainder	payload[1]/4	879		879	00000FBC	00027872	00027A72	1	0402	ordinary_sample_offset
TALK4.DAT	talk_remainder	payload[1]/4	880		880	00000FC0	00027876	00027A76	1	0402	ordinary_sample_offset
TALK4.DAT	talk_remainder	payload[1]/4	881		881	00000FC4	0002787A	00027A7A	1	0402	ordinary_sample_offset
TALK4.DAT	talk_remainder	payload[1]/4	882		882	00000FC8	0002787E	00027A7E	1	0402	ordinary_sample_offset
TALK4.DAT	talk_remainder	payload[1]/4	883		883	00000FCC	00027882	00027A82	1	0402	ordinary_sample_offset
TALK4.DAT	talk_remainder	payload[1]/4	884		884	00000FD0	00027886	00027A86	1	0402	ordinary_sample_offset
TALK4.DAT	talk_remainder	payload[1]/4	885		885	00000FD4	0002788A	00027A8A	1	0402	ordinary_sample_offset
TALK4.DAT	talk_remainder	payload[1]/4	886		886	00000FD8	0002788E	00027A8E	1	0402	ordinary_sample_offset
TALK4.DAT	talk_remainder	payload[1]/4	887		887	00000FDC	00027892	00027A92	1	0402	ordinary_sample_offset
TALK4.DAT	talk_remainder	payload[1]/4	888		888	00000FE0	00027896	00027A96	1	0402	ordinary_sample_offset
TALK4.DAT	talk_remainder	payload[1]/4	889		889	00000FE4	0002789A	00027A9A	1	0402	ordinary_sample_offset
TALK4.DAT	talk_remainder	payload[1]/4	890		890	00000FE8	0002789E	00027A9E	1	0402	ordinary_sample_offset
TALK4.DAT	talk_remainder	payload[1]/4	891		891	00000FEC	000278A2	00027AA2	1	0402	ordinary_sample_offset
TALK4.DAT	talk_remainder	payload[1]/4	892		892	00000FF0	000278A6	00027AA6	1	0402	ordinary_sample_offset
TALK4.DAT	talk_remainder	payload[1]/4	893		893	00000FF4	000278AA	00027AAA	1	0402	ordinary_sample_offset
TALK4.DAT	talk_remainder	payload[1]/4	894		894	00000FF8	000278AE	00027AAE	1	0402	ordinary_sample_offset
TALK4.DAT	talk_remainder	payload[1]/4	895		895	00000FFC	000278B2	00027AB2	1	0402	ordinary_sample_offset
TALK4.DAT	talk_remainder	payload[1]/4	896		896	00001000	000278B6	00027AB6	1	0402	ordinary_sample_offset
TALK4.DAT	talk_remainder	payload[1]/4	897		897	00001004	000278BA	00027ABA	1	0402	ordinary_sample_offset
TALK4.DAT	talk_remainder	payload[1]/4	898		898	00001008	000278BE	00027ABE	1	0402	ordinary_sample_offset
TALK4.DAT	talk_remainder	payload[1]/4	899		899	0000100C	000278C2	00027AC2	1	0402	ordinary_sample_offset
TALK4.DAT	talk_remainder	payload[1]/4	900		900	00001010	000278C6	00027AC6	1	0402	ordinary_sample_offset
TALK4.DAT	talk_remainder	payload[1]/4	901		901	00001014	00029C24	00029E24	1	0402	ordinary_sample_offset
TALK4.DAT	talk_remainder	payload[1]/4	902		902	00001018	00029C60	00029E60	1	0402	ordinary_sample_offset
TALK4.DAT	talk_remainder	payload[1]/4	903		903	0000101C	00029CD2	00029ED2	1	0402	ordinary_sample_offset
TALK4.DAT	talk_remainder	payload[1]/4	904		904	00001020	00029C9C	00029E9C	1	0402	ordinary_sample_offset
TALK4.DAT	talk_remainder	payload[1]/4	905		905	00001024	00029CD6	00029ED6	1	0402	ordinary_sample_offset
TALK4.DAT	talk_remainder	payload[1]/4	906		906	00001028	00029CDA	00029EDA	1	0402	ordinary_sample_offset
TALK4.DAT	talk_remainder	payload[1]/4	907		907	0000102C	0002A031	0002A231	1	0402	ordinary_sample_offset
TALK4.DAT	talk_remainder	payload[1]/4	908		908	00001030	0002B3CE	0002B5CE	1	0402	ordinary_sample_offset
TALK4.DAT	talk_remainder	payload[1]/4	909		909	00001034	0002B4C3	0002B6C3	1	0402	ordinary_sample_offset
TALK4.DAT	talk_remainder	payload[1]/4	910		910	00001038	0002BCA7	0002BEA7	1	0402	ordinary_sample_offset
TALK4.DAT	talk_remainder	payload[1]/4	911		911	0000103C	00027EF4	000280F4	1	0402	ordinary_sample_offset
TALK4.DAT	talk_remainder	payload[1]/4	912		912	00001040	0002F94F	0002FB4F	1	0402	ordinary_sample_offset
TALK4.DAT	talk_remainder	payload[1]/4	913		913	00001044	0002F953	0002FB53	1	0402	ordinary_sample_offset
TALK4.DAT	talk_remainder	payload[1]/4	914		914	00001048	0002F957	0002FB57	1	0402	ordinary_sample_offset
TALK4.DAT	talk_remainder	payload[1]/4	915		915	0000104C	0002F95B	0002FB5B	1	0402	ordinary_sample_offset
TALK4.DAT	talk_remainder	payload[1]/4	916		916	00001050	0002F95F	0002FB5F	1	0402	ordinary_sample_offset
TALK4.DAT	talk_remainder	payload[1]/4	917		917	00001054	0002F963	0002FB63	1	0402	ordinary_sample_offset
TALK4.DAT	talk_remainder	payload[1]/4	918		918	00001058	0002F967	0002FB67	1	0402	ordinary_sample_offset
TALK4.DAT	talk_remainder	payload[1]/4	919		919	0000105C	0002F96B	0002FB6B	1	0402	ordinary_sample_offset
TALK4.DAT	talk_remainder	payload[1]/4	920		920	00001060	0002F96F	0002FB6F	1	0402	ordinary_sample_offset
TALK4.DAT	talk_remainder	payload[1]/4	921		921	00001064	0002F973	0002FB73	1	0402	ordinary_sample_offset
TALK4.DAT	talk_remainder	payload[1]/4	922		922	00001068	0002F977	0002FB77	1	0402	ordinary_sample_offset
TALK4.DAT	talk_remainder	payload[1]/4	923		923	0000106C	0002F97B	0002FB7B	1	0402	ordinary_sample_offset
TALK4.DAT	talk_remainder	payload[1]/4	924		924	00001070	0002F97F	0002FB7F	1	0402	ordinary_sample_offset
TALK4.DAT	talk_remainder	payload[1]/4	925		925	00001074	0002F983	0002FB83	1	0402	ordinary_sample_offset
TALK4.DAT	talk_remainder	payload[1]/4	926		926	00001078	0002F987	0002FB87	1	0402	ordinary_sample_offset
TALK4.DAT	talk_remainder	payload[1]/4	927		927	0000107C	0002F98B	0002FB8B	1	0402	ordinary_sample_offset
TALK4.DAT	talk_remainder	payload[1]/4	928		928	00001080	0002F98F	0002FB8F	1	0402	ordinary_sample_offset
TALK4.DAT	talk_remainder	payload[1]/4	929		929	00001084	0002F993	0002FB93	1	0402	ordinary_sample_offset
TALK4.DAT	talk_remainder	payload[1]/4	930		930	00001088	0002F997	0002FB97	1	0402	ordinary_sample_offset
TALK4.DAT	talk_remainder	payload[1]/4	931		931	0000108C	0002F99B	0002FB9B	1	0402	ordinary_sample_offset
TALK4.DAT	talk_remainder	payload[1]/4	932		932	00001090	0002F99F	0002FB9F	1	0402	ordinary_sample_offset
TALK4.DAT	talk_remainder	payload[1]/4	933		933	00001094	0002F9A3	0002FBA3	1	0402	ordinary_sample_offset
TALK4.DAT	talk_remainder	payload[1]/4	934		934	00001098	0002F9A7	0002FBA7	1	0402	ordinary_sample_offset
TALK4.DAT	talk_remainder	payload[1]/4	935		935	0000109C	0002F9AB	0002FBAB	1	0402	ordinary_sample_offset
TALK4.DAT	talk_remainder	payload[1]/4	936		936	000010A0	0002F9AF	0002FBAF	1	0402	ordinary_sample_offset
TALK4.DAT	talk_remainder	payload[1]/4	937		937	000010A4	0002F9B3	0002FBB3	1	0402	ordinary_sample_offset
TALK4.DAT	talk_remainder	payload[1]/4	938		938	000010A8	0002F9B7	0002FBB7	1	0402	ordinary_sample_offset
TALK4.DAT	talk_remainder	payload[1]/4	939		939	000010AC	0002F9BB	0002FBBB	1	0402	ordinary_sample_offset
TALK4.DAT	talk_remainder	payload[1]/4	940		940	000010B0	0002F9BF	0002FBBF	1	0402	ordinary_sample_offset
TALK4.DAT	talk_remainder	payload[1]/4	941		941	000010B4	0002F9C3	0002FBC3	1	0402	ordinary_sample_offset
TALK4.DAT	talk_remainder	payload[1]/4	942		942	000010B8	0002F9C7	0002FBC7	1	0402	ordinary_sample_offset
TALK4.DAT	talk_remainder	payload[1]/4	943		943	000010BC	0002F9CB	0002FBCB	1	0402	ordinary_sample_offset
TALK4.DAT	talk_remainder	payload[1]/4	944		944	000010C0	0002F9CF	0002FBCF	1	0402	ordinary_sample_offset
TALK4.DAT	talk_remainder	payload[1]/4	945		945	000010C4	0002F9D3	0002FBD3	1	0402	ordinary_sample_offset
TALK4.DAT	talk_remainder	payload[1]/4	946		946	000010C8	0002F9D7	0002FBD7	1	0402	ordinary_sample_offset
TALK4.DAT	talk_remainder	payload[1]/4	947		947	000010CC	0002F9DB	0002FBDB	1	0402	ordinary_sample_offset
TALK4.DAT	talk_remainder	payload[1]/4	948		948	000010D0	0002F9DF	0002FBDF	1	0402	ordinary_sample_offset
TALK4.DAT	talk_remainder	payload[1]/4	949		949	000010D4	0002F9E3	0002FBE3	1	0402	ordinary_sample_offset
TALK4.DAT	talk_remainder	payload[1]/4	950		950	000010D8	0002F9E7	0002FBE7	1	0402	ordinary_sample_offset
TALK4.DAT	talk_remainder	payload[1]/4	951		951	000010DC	0002F9EB	0002FBEB	1	0402	ordinary_sample_offset
TALK4.DAT	talk_remainder	payload[1]/4	952		952	000010E0	0002F9EF	0002FBEF	1	0402	ordinary_sample_offset
TALK4.DAT	talk_remainder	payload[1]/4	953		953	000010E4	0002F9F3	0002FBF3	1	0402	ordinary_sample_offset
TALK4.DAT	talk_remainder	payload[1]/4	954		954	000010E8	0002F9F7	0002FBF7	1	0402	ordinary_sample_offset
TALK4.DAT	talk_remainder	payload[1]/4	955		955	000010EC	0002F9FB	0002FBFB	1	0402	ordinary_sample_offset
TALK4.DAT	talk_remainder	payload[1]/4	956		956	000010F0	0002F9FF	0002FBFF	1	0402	ordinary_sample_offset
TALK4.DAT	talk_remainder	payload[1]/4	957		957	000010F4	0002FA03	0002FC03	1	0402	ordinary_sample_offset
TALK4.DAT	talk_remainder	payload[1]/4	958		958	000010F8	0002FA07	0002FC07	1	0402	ordinary_sample_offset
TALK4.DAT	talk_remainder	payload[1]/4	959		959	000010FC	0002FA0B	0002FC0B	1	0402	ordinary_sample_offset
TALK4.DAT	talk_remainder	payload[1]/4	960		960	00001100	0002FA0F	0002FC0F	1	0402	ordinary_sample_offset
TALK4.DAT	talk_remainder	payload[1]/4	961		961	00001104	0002FB27	0002FD27	1	0402	ordinary_sample_offset
TALK4.DAT	talk_remainder	payload[1]/4	962		962	00001108	000302B7	000304B7	1	0402	ordinary_sample_offset
TALK4.DAT	talk_remainder	payload[1]/4	963		963	0000110C	000304C5	000306C5	1	0402	ordinary_sample_offset
TALK4.DAT	talk_remainder	payload[1]/4	964		964	00001110	00030673	00030873	1	0402	ordinary_sample_offset
TALK4.DAT	talk_remainder	payload[1]/4	965		965	00001114	0003083D	00030A3D	1	0402	ordinary_sample_offset
TALK4.DAT	talk_remainder	payload[1]/4	966		966	00001118	00030A18	00030C18	1	0402	ordinary_sample_offset
TALK4.DAT	talk_remainder	payload[1]/4	967		967	0000111C	00030BCE	00030DCE	1	0402	ordinary_sample_offset
TALK4.DAT	talk_remainder	payload[1]/4	968		968	00001120	00030DA0	00030FA0	1	0402	ordinary_sample_offset
TALK4.DAT	talk_remainder	payload[1]/4	969		969	00001124	00030F24	00031124	1	0402	ordinary_sample_offset
TALK4.DAT	talk_remainder	payload[1]/4	970		970	00001128	00031080	00031280	1	0402	ordinary_sample_offset
TALK4.DAT	talk_remainder	payload[1]/4	971		971	0000112C	0003144F	0003164F	1	0402	ordinary_sample_offset
TALK4.DAT	talk_remainder	payload[1]/4	972		972	00001130	00031625	00031825	1	0402	ordinary_sample_offset
TALK4.DAT	talk_remainder	payload[1]/4	973		973	00001134	000317D7	000319D7	1	0402	ordinary_sample_offset
TALK4.DAT	talk_remainder	payload[1]/4	974		974	00001138	000319B3	00031BB3	1	0402	ordinary_sample_offset
TALK4.DAT	talk_remainder	payload[1]/4	975		975	0000113C	00031B0F	00031D0F	1	0402	ordinary_sample_offset
TALK4.DAT	talk_remainder	payload[1]/4	976		976	00001140	00031CFF	00031EFF	1	0402	ordinary_sample_offset
TALK4.DAT	talk_remainder	payload[1]/4	977		977	00001144	00031EFC	000320FC	1	0402	ordinary_sample_offset
TALK4.DAT	talk_remainder	payload[1]/4	978		978	00001148	00031F00	00032100	1	0402	ordinary_sample_offset
TALK4.DAT	talk_remainder	payload[1]/4	979		979	0000114C	00031F04	00032104	1	0402	ordinary_sample_offset
TALK4.DAT	talk_remainder	payload[1]/4	980		980	00001150	00031F08	00032108	1	0402	ordinary_sample_offset
TALK4.DAT	talk_remainder	payload[1]/4	981		981	00001154	00031F0C	0003210C	1	0402	ordinary_sample_offset
TALK4.DAT	talk_remainder	payload[1]/4	982		982	00001158	00031F10	00032110	1	0402	ordinary_sample_offset
TALK4.DAT	talk_remainder	payload[1]/4	983		983	0000115C	00031F14	00032114	1	0402	ordinary_sample_offset
TALK4.DAT	talk_remainder	payload[1]/4	984		984	00001160	00031F18	00032118	1	0402	ordinary_sample_offset
TALK4.DAT	talk_remainder	payload[1]/4	985		985	00001164	00031F1C	0003211C	1	0402	ordinary_sample_offset
TALK4.DAT	talk_remainder	payload[1]/4	986		986	00001168	00031F20	00032120	1	0402	ordinary_sample_offset
TALK4.DAT	talk_remainder	payload[1]/4	987		987	0000116C	00031F24	00032124	1	0402	ordinary_sample_offset
TALK4.DAT	talk_remainder	payload[1]/4	988		988	00001170	00031F28	00032128	1	0402	ordinary_sample_offset
TALK4.DAT	talk_remainder	payload[1]/4	989		989	00001174	00031F2C	0003212C	1	0402	ordinary_sample_offset
TALK4.DAT	talk_remainder	payload[1]/4	990		990	00001178	00031F30	00032130	1	0402	ordinary_sample_offset
TALK4.DAT	talk_remainder	payload[1]/4	991		991	0000117C	00031F34	00032134	1	0402	ordinary_sample_offset
TALK4.DAT	talk_remainder	payload[1]/4	992		992	00001180	00031F38	00032138	1	0402	ordinary_sample_offset
TALK4.DAT	talk_remainder	payload[1]/4	993		993	00001184	00031F3C	0003213C	1	0402	ordinary_sample_offset
TALK4.DAT	talk_remainder	payload[1]/4	994		994	00001188	00031F40	00032140	1	0402	ordinary_sample_offset
TALK4.DAT	talk_remainder	payload[1]/4	995		995	0000118C	00031F44	00032144	1	0402	ordinary_sample_offset
TALK4.DAT	talk_remainder	payload[1]/4	996		996	00001190	00031F48	00032148	1	0402	ordinary_sample_offset
TALK4.DAT	talk_remainder	payload[1]/4	997		997	00001194	00031F4C	0003214C	1	0402	ordinary_sample_offset
TALK4.DAT	talk_remainder	payload[1]/4	998		998	00001198	00031F50	00032150	1	0402	ordinary_sample_offset
TALK4.DAT	talk_remainder	payload[1]/4	999		999	0000119C	00031F54	00032154	1	0402	ordinary_sample_offset
TALK4.DAT	talk_remainder	payload[1]/4	1000		1000	000011A0	00031FBA	000321BA	1	0402	ordinary_sample_offset
TALK4.DAT	talk_remainder	payload[1]/4	1001		1001	000011A4	00032020	00032220	1	0402	ordinary_sample_offset
TALK4.DAT	talk_remainder	payload[1]/4	1002		1002	000011A8	0003247E	0003267E	1	0402	ordinary_sample_offset
TALK4.DAT	talk_remainder	payload[1]/4	1003		1003	000011AC	000328DA	00032ADA	1	0402	ordinary_sample_offset
TALK4.DAT	talk_remainder	payload[1]/4	1004		1004	000011B0	000328DE	00032ADE	1	0402	ordinary_sample_offset
TALK4.DAT	talk_remainder	payload[1]/4	1005		1005	000011B4	0003295F	00032B5F	1	0402	ordinary_sample_offset
TALK4.DAT	talk_remainder	payload[1]/4	1006		1006	000011B8	000329D6	00032BD6	1	0402	ordinary_sample_offset
TALK4.DAT	talk_remainder	payload[1]/4	1007		1007	000011BC	00032A4D	00032C4D	1	0402	ordinary_sample_offset
TALK4.DAT	talk_remainder	payload[1]/4	1008		1008	000011C0	00032AEF	00032CEF	1	0402	ordinary_sample_offset
TALK4.DAT	talk_remainder	payload[1]/4	1009		1009	000011C4	00032F8C	0003318C	1	0402	ordinary_sample_offset
TALK4.DAT	talk_remainder	payload[1]/4	1010		1010	000011C8	00033471	00033671	1	0402	ordinary_sample_offset
TALK4.DAT	talk_remainder	payload[1]/4	1011		1011	000011CC	000334AE	000336AE	1	0402	ordinary_sample_offset
TALK4.DAT	talk_remainder	payload[1]/4	1012		1012	000011D0	00033914	00033B14	1	0402	ordinary_sample_offset
TALK4.DAT	talk_remainder	payload[1]/4	1013		1013	000011D4	00033CFB	00033EFB	1	0402	ordinary_sample_offset
TALK4.DAT	talk_remainder	payload[1]/4	1014		1014	000011D8	00034058	00034258	1	0402	ordinary_sample_offset
TALK4.DAT	talk_remainder	payload[1]/4	1015		1015	000011DC	00034412	00034612	1	0402	ordinary_sample_offset
TALK4.DAT	talk_remainder	payload[1]/4	1016		1016	000011E0	000344F8	000346F8	1	0402	ordinary_sample_offset
TALK4.DAT	talk_remainder	payload[1]/4	1017		1017	000011E4	000347BB	000349BB	1	0402	ordinary_sample_offset
TALK4.DAT	talk_remainder	payload[1]/4	1018		1018	000011E8	00034A64	00034C64	1	0402	ordinary_sample_offset
TALK4.DAT	talk_remainder	payload[1]/4	1019		1019	000011EC	00034CEF	00034EEF	1	0402	ordinary_sample_offset
TALK4.DAT	talk_remainder	payload[1]/4	1020		1020	000011F0	00034F4F	0003514F	1	0402	ordinary_sample_offset
TALK4.DAT	talk_remainder	payload[1]/4	1021		1021	000011F4	000354BE	000356BE	1	0402	ordinary_sample_offset
TALK4.DAT	talk_remainder	payload[1]/4	1022		1022	000011F8	000359C9	00035BC9	1	0402	ordinary_sample_offset
TALK4.DAT	talk_remainder	payload[1]/4	1023		1023	000011FC	00035E9F	0003609F	1	0402	ordinary_sample_offset
TALK4.DAT	talk_remainder	payload[1]/4	1024		1024	00001200	0003628A	0003648A	1	0402	ordinary_sample_offset
TALK4.DAT	talk_remainder	payload[1]/4	1025		1025	00001204	0003628E	0003648E	1	0402	ordinary_sample_offset
TALK4.DAT	talk_remainder	payload[1]/4	1026		1026	00001208	00036292	00036492	1	0402	ordinary_sample_offset
TALK4.DAT	talk_remainder	payload[1]/4	1027		1027	0000120C	00036296	00036496	1	0402	ordinary_sample_offset
TALK4.DAT	talk_remainder	payload[1]/4	1028		1028	00001210	0003629A	0003649A	1	0402	ordinary_sample_offset
TALK4.DAT	talk_remainder	payload[1]/4	1029		1029	00001214	0003629E	0003649E	1	0402	ordinary_sample_offset
TALK4.DAT	talk_remainder	payload[1]/4	1030		1030	00001218	000362A2	000364A2	1	0402	ordinary_sample_offset
TALK4.DAT	talk_remainder	payload[1]/4	1031		1031	0000121C	000362A6	000364A6	1	0402	ordinary_sample_offset
TALK4.DAT	talk_remainder	payload[1]/4	1032		1032	00001220	000362AA	000364AA	1	0402	ordinary_sample_offset
TALK4.DAT	talk_remainder	payload[1]/4	1033		1033	00001224	000362AE	000364AE	1	0402	ordinary_sample_offset
TALK4.DAT	talk_remainder	payload[1]/4	1034		1034	00001228	000362B2	000364B2	1	0402	ordinary_sample_offset
TALK4.DAT	talk_remainder	payload[1]/4	1035		1035	0000122C	000362B6	000364B6	1	0402	ordinary_sample_offset
TALK4.DAT	talk_remainder	payload[1]/4	1036		1036	00001230	000362BA	000364BA	1	0402	ordinary_sample_offset
TALK4.DAT	talk_remainder	payload[1]/4	1037		1037	00001234	000362BE	000364BE	1	0402	ordinary_sample_offset
TALK4.DAT	talk_remainder	payload[1]/4	1038		1038	00001238	000362C2	000364C2	1	0402	ordinary_sample_offset
TALK4.DAT	talk_remainder	payload[1]/4	1039		1039	0000123C	000362C6	000364C6	1	0402	ordinary_sample_offset
TALK4.DAT	talk_remainder	payload[1]/4	1040		1040	00001240	000362CA	000364CA	1	0402	ordinary_sample_offset
TALK4.DAT	talk_remainder	payload[1]/4	1041		1041	00001244	000362CE	000364CE	1	0402	ordinary_sample_offset
TALK4.DAT	talk_remainder	payload[1]/4	1042		1042	00001248	000362D2	000364D2	1	0402	ordinary_sample_offset
TALK4.DAT	talk_remainder	payload[1]/4	1043		1043	0000124C	000362D6	000364D6	1	0402	ordinary_sample_offset
TALK4.DAT	talk_remainder	payload[1]/4	1044		1044	00001250	000362DA	000364DA	1	0402	ordinary_sample_offset
TALK4.DAT	talk_remainder	payload[1]/4	1045		1045	00001254	000362DE	000364DE	1	0402	ordinary_sample_offset
TALK4.DAT	talk_remainder	payload[1]/4	1046		1046	00001258	000362E2	000364E2	1	0402	ordinary_sample_offset
TALK4.DAT	talk_remainder	payload[1]/4	1047		1047	0000125C	000362E4	000364E4	1	0402	ordinary_sample_offset
TALK4.DAT	talk_remainder	payload[1]/4	1048		1048	00001260	000362E8	000364E8	1	0402	ordinary_sample_offset
TALK4.DAT	talk_remainder	payload[1]/4	1049		1049	00001264	000362EC	000364EC	1	0402	ordinary_sample_offset
TALK4.DAT	talk_remainder	payload[1]/4	1050		1050	00001268	000362F0	000364F0	1	0402	ordinary_sample_offset
TALK4.DAT	talk_remainder	payload[1]/4	1051		1051	0000126C	000362F4	000364F4	1	0402	ordinary_sample_offset
TALK4.DAT	talk_remainder	payload[1]/4	1052		1052	00001270	000362F8	000364F8	1	0402	ordinary_sample_offset
TALK4.DAT	talk_remainder	payload[1]/4	1053		1053	00001274	000362FC	000364FC	1	0402	ordinary_sample_offset
TALK4.DAT	talk_remainder	payload[1]/4	1054		1054	00001278	000362FE	000364FE	1	0402	ordinary_sample_offset
TALK4.DAT	talk_remainder	payload[1]/4	1055		1055	0000127C	00036302	00036502	1	0402	ordinary_sample_offset
TALK4.DAT	talk_remainder	payload[1]/4	1056		1056	00001280	00036306	00036506	1	0402	ordinary_sample_offset
TALK4.DAT	talk_remainder	payload[1]/4	1057		1057	00001284	0003630A	0003650A	1	0402	ordinary_sample_offset
TALK4.DAT	talk_remainder	payload[1]/4	1058		1058	00001288	0003630E	0003650E	1	0402	ordinary_sample_offset
TALK4.DAT	talk_remainder	payload[1]/4	1059		1059	0000128C	00036312	00036512	1	0402	ordinary_sample_offset
TALK4.DAT	talk_remainder	payload[1]/4	1060		1060	00001290	00036316	00036516	1	0402	ordinary_sample_offset
TALK4.DAT	talk_remainder	payload[1]/4	1061		1061	00001294	0003631A	0003651A	1	0402	ordinary_sample_offset
TALK4.DAT	talk_remainder	payload[1]/4	1062		1062	00001298	0003631E	0003651E	1	0402	ordinary_sample_offset
TALK4.DAT	talk_remainder	payload[1]/4	1063		1063	0000129C	00036322	00036522	1	0402	ordinary_sample_offset
TALK4.DAT	talk_remainder	payload[1]/4	1064		1064	000012A0	00036326	00036526	1	0402	ordinary_sample_offset
TALK4.DAT	talk_remainder	payload[1]/4	1065		1065	000012A4	0003632A	0003652A	1	0402	ordinary_sample_offset
TALK4.DAT	talk_remainder	payload[1]/4	1066		1066	000012A8	0003632E	0003652E	1	0402	ordinary_sample_offset
TALK4.DAT	talk_remainder	payload[1]/4	1067		1067	000012AC	00036332	00036532	1	0402	ordinary_sample_offset
TALK4.DAT	talk_remainder	payload[1]/4	1068		1068	000012B0	00036336	00036536	1	0402	ordinary_sample_offset
TALK4.DAT	talk_remainder	payload[1]/4	1069		1069	000012B4	0003633A	0003653A	1	0402	ordinary_sample_offset
TALK4.DAT	talk_remainder	payload[1]/4	1070		1070	000012B8	0003633E	0003653E	1	0402	ordinary_sample_offset
TALK4.DAT	talk_remainder	payload[1]/4	1071		1071	000012BC	00036342	00036542	1	0402	ordinary_sample_offset
TALK4.DAT	talk_remainder	payload[1]/4	1072		1072	000012C0	00036346	00036546	1	0402	ordinary_sample_offset
TALK4.DAT	talk_remainder	payload[1]/4	1073		1073	000012C4	0003634A	0003654A	1	0402	ordinary_sample_offset
TALK4.DAT	talk_remainder	payload[1]/4	1074		1074	000012C8	0003634E	0003654E	1	0402	ordinary_sample_offset
TALK4.DAT	talk_remainder	payload[1]/4	1075		1075	000012CC	00036352	00036552	1	0402	ordinary_sample_offset
TALK4.DAT	talk_remainder	payload[1]/4	1076		1076	000012D0	00036356	00036556	1	0402	ordinary_sample_offset
TALK4.DAT	talk_remainder	payload[1]/4	1077		1077	000012D4	00036358	00036558	1	0402	ordinary_sample_offset
TALK4.DAT	talk_remainder	payload[1]/4	1078		1078	000012D8	0003635C	0003655C	1	0402	ordinary_sample_offset
TALK4.DAT	talk_remainder	payload[1]/4	1079		1079	000012DC	00036360	00036560	1	0402	ordinary_sample_offset
TALK4.DAT	talk_remainder	payload[1]/4	1080		1080	000012E0	00036364	00036564	1	0402	ordinary_sample_offset
TALK4.DAT	talk_remainder	payload[1]/4	1081		1081	000012E4	00036368	00036568	1	0402	ordinary_sample_offset
TALK4.DAT	talk_remainder	payload[1]/4	1082		1082	000012E8	0003636C	0003656C	1	0402	ordinary_sample_offset
TALK4.DAT	talk_remainder	payload[1]/4	1083		1083	000012EC	00036370	00036570	1	0402	ordinary_sample_offset
TALK4.DAT	talk_remainder	payload[1]/4	1084		1084	000012F0	00036374	00036574	1	0402	ordinary_sample_offset
TALK4.DAT	talk_remainder	payload[1]/4	1085		1085	000012F4	00036378	00036578	1	0402	ordinary_sample_offset
TALK4.DAT	talk_remainder	payload[1]/4	1086		1086	000012F8	0003637C	0003657C	1	0402	ordinary_sample_offset
TALK4.DAT	talk_remainder	payload[1]/4	1087		1087	000012FC	00036380	00036580	1	0402	ordinary_sample_offset
TALK4.DAT	talk_remainder	payload[1]/4	1088		1088	00001300	00036384	00036584	1	0402	ordinary_sample_offset
TALK4.DAT	talk_remainder	payload[1]/4	1089		1089	00001304	00036388	00036588	1	0402	ordinary_sample_offset
TALK4.DAT	talk_remainder	payload[1]/4	1090		1090	00001308	0003638C	0003658C	1	0402	ordinary_sample_offset
TALK4.DAT	talk_remainder	payload[1]/4	1091		1091	0000130C	00036390	00036590	1	0402	ordinary_sample_offset
TALK4.DAT	talk_remainder	payload[1]/4	1092		1092	00001310	00036394	00036594	1	0402	ordinary_sample_offset
TALK4.DAT	talk_remainder	payload[1]/4	1093		1093	00001314	00036398	00036598	1	0402	ordinary_sample_offset
TALK4.DAT	talk_remainder	payload[1]/4	1094		1094	00001318	0003639C	0003659C	1	0402	ordinary_sample_offset
TALK4.DAT	talk_remainder	payload[1]/4	1095		1095	0000131C	000363A0	000365A0	1	0402	ordinary_sample_offset
TALK4.DAT	talk_remainder	payload[1]/4	1096		1096	00001320	000363A4	000365A4	1	0402	ordinary_sample_offset
TALK4.DAT	talk_remainder	payload[1]/4	1097		1097	00001324	000363A8	000365A8	1	0402	ordinary_sample_offset
TALK4.DAT	talk_remainder	payload[1]/4	1098		1098	00001328	000363AC	000365AC	1	0402	ordinary_sample_offset
TALK4.DAT	talk_remainder	payload[1]/4	1099		1099	0000132C	000363B0	000365B0	1	0402	ordinary_sample_offset
TALK4.DAT	talk_remainder	payload[1]/4	1100		1100	00001330	000363B4	000365B4	1	0402	ordinary_sample_offset
MON.DAT	mon_primary_before_aux_root	payload[1]/4	0		0	00000200	00005102	00005302	1	0005	ordinary_sample_offset
MON.DAT	mon_primary_before_aux_root	payload[1]/4	1		1	00000204	00001AEC	00001CEC	1	2244	auxiliary_table_root
MON.DAT	mon_primary_before_aux_root	payload[1]/4	2		2	00000208	0000716E	0000736E	1	03E8	ordinary_sample_offset
MON.DAT	mon_primary_before_aux_root	payload[1]/4	3		3	0000020C	000071DB	000073DB	1	03E8	ordinary_sample_offset
MON.DAT	mon_primary_before_aux_root	payload[1]/4	4		4	00000210	00007248	00007448	1	03E8	ordinary_sample_offset
MON.DAT	mon_primary_before_aux_root	payload[1]/4	5		5	00000214	000072BD	000074BD	1	03E8	ordinary_sample_offset
MON.DAT	mon_primary_before_aux_root	payload[1]/4	6		6	00000218	00007334	00007534	1	03E8	ordinary_sample_offset
MON.DAT	mon_primary_before_aux_root	payload[1]/4	7		7	0000021C	00007367	00007567	1	03E8	ordinary_sample_offset
MON.DAT	mon_primary_before_aux_root	payload[1]/4	8		8	00000220	0000743C	0000763C	1	03E8	ordinary_sample_offset
MON.DAT	mon_primary_before_aux_root	payload[1]/4	9		9	00000224	000074C9	000076C9	1	03E8	ordinary_sample_offset
MON.DAT	mon_primary_before_aux_root	payload[1]/4	10		10	00000228	000074FC	000076FC	1	03E8	ordinary_sample_offset
MON.DAT	mon_primary_before_aux_root	payload[1]/4	11		11	0000022C	0000752F	0000772F	1	03E8	ordinary_sample_offset
MON.DAT	mon_primary_before_aux_root	payload[1]/4	12		12	00000230	000075F8	000077F8	1	03E8	ordinary_sample_offset
MON.DAT	mon_primary_before_aux_root	payload[1]/4	13		13	00000234	0000762B	0000782B	1	03E8	ordinary_sample_offset
MON.DAT	mon_primary_before_aux_root	payload[1]/4	14		14	00000238	0000772A	0000792A	1	03E8	ordinary_sample_offset
MON.DAT	mon_primary_before_aux_root	payload[1]/4	15		15	0000023C	00007805	00007A05	1	03E8	ordinary_sample_offset
MON.DAT	mon_primary_before_aux_root	payload[1]/4	16		16	00000240	00007838	00007A38	1	03E8	ordinary_sample_offset
MON.DAT	mon_primary_before_aux_root	payload[1]/4	17		17	00000244	0000786B	00007A6B	1	03E8	ordinary_sample_offset
MON.DAT	mon_primary_before_aux_root	payload[1]/4	18		18	00000248	00007924	00007B24	1	03E8	ordinary_sample_offset
MON.DAT	mon_primary_before_aux_root	payload[1]/4	19		19	0000024C	00007957	00007B57	1	03E8	ordinary_sample_offset
MON.DAT	mon_primary_before_aux_root	payload[1]/4	20		20	00000250	00007A06	00007C06	1	03E8	ordinary_sample_offset
MON.DAT	mon_primary_before_aux_root	payload[1]/4	21		21	00000254	00007A3D	00007C3D	1	03E8	ordinary_sample_offset
MON.DAT	mon_primary_before_aux_root	payload[1]/4	22		22	00000258	00007A74	00007C74	1	03E8	ordinary_sample_offset
MON.DAT	mon_primary_before_aux_root	payload[1]/4	23		23	0000025C	00007AAD	00007CAD	1	03E8	ordinary_sample_offset
MON.DAT	mon_primary_before_aux_root	payload[1]/4	24		24	00000260	00007AE6	00007CE6	1	03E8	ordinary_sample_offset
MON.DAT	mon_primary_before_aux_root	payload[1]/4	25		25	00000264	00007B1B	00007D1B	1	03E8	ordinary_sample_offset
MON.DAT	mon_primary_before_aux_root	payload[1]/4	26		26	00000268	00005104	00005304	1	03E8	ordinary_sample_offset
MON.DAT	mon_primary_before_aux_root	payload[1]/4	27		27	0000026C	00005139	00005339	1	03E8	ordinary_sample_offset
MON.DAT	mon_primary_before_aux_root	payload[1]/4	28		28	00000270	0000516E	0000536E	1	03E8	ordinary_sample_offset
MON.DAT	mon_primary_before_aux_root	payload[1]/4	29		29	00000274	00005235	00005435	1	03E8	ordinary_sample_offset
MON.DAT	mon_primary_before_aux_root	payload[1]/4	30		30	00000278	0000533E	0000553E	1	03E8	ordinary_sample_offset
MON.DAT	mon_primary_before_aux_root	payload[1]/4	31		31	0000027C	00005371	00005571	1	03E8	ordinary_sample_offset
MON.DAT	mon_primary_before_aux_root	payload[1]/4	32		32	00000280	000053A4	000055A4	1	03E8	ordinary_sample_offset
MON.DAT	mon_primary_before_aux_root	payload[1]/4	33		33	00000284	000053D9	000055D9	1	03E8	ordinary_sample_offset
MON.DAT	mon_primary_before_aux_root	payload[1]/4	34		34	00000288	000054D8	000056D8	1	03E8	ordinary_sample_offset
MON.DAT	mon_primary_before_aux_root	payload[1]/4	35		35	0000028C	0000554D	0000574D	1	03E8	ordinary_sample_offset
MON.DAT	mon_primary_before_aux_root	payload[1]/4	36		36	00000290	000055C2	000057C2	1	03E8	ordinary_sample_offset
MON.DAT	mon_primary_before_aux_root	payload[1]/4	37		37	00000294	00005653	00005853	1	03E8	ordinary_sample_offset
MON.DAT	mon_primary_before_aux_root	payload[1]/4	38		38	00000298	00005686	00005886	1	03E8	ordinary_sample_offset
MON.DAT	mon_primary_before_aux_root	payload[1]/4	39		39	0000029C	00005701	00005901	1	03E8	ordinary_sample_offset
MON.DAT	mon_primary_before_aux_root	payload[1]/4	40		40	000002A0	000057A6	000059A6	1	03E8	ordinary_sample_offset
MON.DAT	mon_primary_before_aux_root	payload[1]/4	41		41	000002A4	00005815	00005A15	1	03E8	ordinary_sample_offset
MON.DAT	mon_primary_before_aux_root	payload[1]/4	42		42	000002A8	0000588A	00005A8A	1	03E8	ordinary_sample_offset
MON.DAT	mon_primary_before_aux_root	payload[1]/4	43		43	000002AC	000058BF	00005ABF	1	03E8	ordinary_sample_offset
MON.DAT	mon_primary_before_aux_root	payload[1]/4	44		44	000002B0	000058F4	00005AF4	1	03E8	ordinary_sample_offset
MON.DAT	mon_primary_before_aux_root	payload[1]/4	45		45	000002B4	00005929	00005B29	1	03E8	ordinary_sample_offset
MON.DAT	mon_primary_before_aux_root	payload[1]/4	46		46	000002B8	0000595E	00005B5E	1	03E8	ordinary_sample_offset
MON.DAT	mon_primary_before_aux_root	payload[1]/4	47		47	000002BC	00005993	00005B93	1	03E8	ordinary_sample_offset
MON.DAT	mon_primary_before_aux_root	payload[1]/4	48		48	000002C0	00005A68	00005C68	1	03E8	ordinary_sample_offset
MON.DAT	mon_primary_before_aux_root	payload[1]/4	49		49	000002C4	00005B17	00005D17	1	03E8	ordinary_sample_offset
MON.DAT	mon_primary_before_aux_root	payload[1]/4	50		50	000002C8	00005C32	00005E32	1	03E8	ordinary_sample_offset
MON.DAT	mon_primary_before_aux_root	payload[1]/4	51		51	000002CC	00005CE1	00005EE1	1	03E8	ordinary_sample_offset
MON.DAT	mon_primary_before_aux_root	payload[1]/4	52		52	000002D0	00005DB8	00005FB8	1	03E8	ordinary_sample_offset
MON.DAT	mon_primary_before_aux_root	payload[1]/4	53		53	000002D4	00005E8D	0000608D	1	03E8	ordinary_sample_offset
MON.DAT	mon_primary_before_aux_root	payload[1]/4	54		54	000002D8	00005F22	00006122	1	03E8	ordinary_sample_offset
MON.DAT	mon_primary_before_aux_root	payload[1]/4	55		55	000002DC	00005FF9	000061F9	1	03E8	ordinary_sample_offset
MON.DAT	mon_primary_before_aux_root	payload[1]/4	56		56	000002E0	00006034	00006234	1	03E8	ordinary_sample_offset
MON.DAT	mon_primary_before_aux_root	payload[1]/4	57		57	000002E4	0000606F	0000626F	1	03E8	ordinary_sample_offset
MON.DAT	mon_primary_before_aux_root	payload[1]/4	58		58	000002E8	000060A4	000062A4	1	03E8	ordinary_sample_offset
MON.DAT	mon_primary_before_aux_root	payload[1]/4	59		59	000002EC	0000614B	0000634B	1	03E8	ordinary_sample_offset
MON.DAT	mon_primary_before_aux_root	payload[1]/4	60		60	000002F0	00006182	00006382	1	03E8	ordinary_sample_offset
MON.DAT	mon_primary_before_aux_root	payload[1]/4	61		61	000002F4	000061FD	000063FD	1	03E8	ordinary_sample_offset
MON.DAT	mon_primary_before_aux_root	payload[1]/4	62		62	000002F8	000062B6	000064B6	1	03E8	ordinary_sample_offset
MON.DAT	mon_primary_before_aux_root	payload[1]/4	63		63	000002FC	00006385	00006585	1	03E8	ordinary_sample_offset
MON.DAT	mon_primary_before_aux_root	payload[1]/4	64		64	00000300	0000640E	0000660E	1	03E8	ordinary_sample_offset
MON.DAT	mon_primary_before_aux_root	payload[1]/4	65		65	00000304	000064AD	000066AD	1	03E8	ordinary_sample_offset
MON.DAT	mon_primary_before_aux_root	payload[1]/4	66		66	00000308	00006552	00006752	1	03E8	ordinary_sample_offset
MON.DAT	mon_primary_before_aux_root	payload[1]/4	67		67	0000030C	00006629	00006829	1	03E8	ordinary_sample_offset
MON.DAT	mon_primary_before_aux_root	payload[1]/4	68		68	00000310	0000665C	0000685C	1	03E8	ordinary_sample_offset
MON.DAT	mon_primary_before_aux_root	payload[1]/4	69		69	00000314	000066E9	000068E9	1	03E8	ordinary_sample_offset
MON.DAT	mon_primary_before_aux_root	payload[1]/4	70		70	00000318	000067A2	000069A2	1	03E8	ordinary_sample_offset
MON.DAT	mon_primary_before_aux_root	payload[1]/4	71		71	0000031C	0000685B	00006A5B	1	03E8	ordinary_sample_offset
MON.DAT	mon_primary_before_aux_root	payload[1]/4	72		72	00000320	000068DE	00006ADE	1	03E8	ordinary_sample_offset
MON.DAT	mon_primary_before_aux_root	payload[1]/4	73		73	00000324	00006983	00006B83	1	03E8	ordinary_sample_offset
MON.DAT	mon_primary_before_aux_root	payload[1]/4	74		74	00000328	00006A10	00006C10	1	03E8	ordinary_sample_offset
MON.DAT	mon_primary_before_aux_root	payload[1]/4	75		75	0000032C	00006AC9	00006CC9	1	03E8	ordinary_sample_offset
MON.DAT	mon_primary_before_aux_root	payload[1]/4	76		76	00000330	00006BD2	00006DD2	1	03E8	ordinary_sample_offset
MON.DAT	mon_primary_before_aux_root	payload[1]/4	77		77	00000334	00006C3F	00006E3F	1	03E8	ordinary_sample_offset
MON.DAT	mon_primary_before_aux_root	payload[1]/4	78		78	00000338	00006CE4	00006EE4	1	03E8	ordinary_sample_offset
MON.DAT	mon_primary_before_aux_root	payload[1]/4	79		79	0000033C	00006D15	00006F15	1	03E8	ordinary_sample_offset
MON.DAT	mon_primary_before_aux_root	payload[1]/4	80		80	00000340	00006D46	00006F46	1	03E8	ordinary_sample_offset
MON.DAT	mon_primary_before_aux_root	payload[1]/4	81		81	00000344	00006D77	00006F77	1	03E8	ordinary_sample_offset
MON.DAT	mon_primary_before_aux_root	payload[1]/4	82		82	00000348	00006DA8	00006FA8	1	03E8	ordinary_sample_offset
MON.DAT	mon_primary_before_aux_root	payload[1]/4	83		83	0000034C	00006DD9	00006FD9	1	03E8	ordinary_sample_offset
MON.DAT	mon_primary_before_aux_root	payload[1]/4	84		84	00000350	00006E0A	0000700A	1	03E8	ordinary_sample_offset
MON.DAT	mon_primary_before_aux_root	payload[1]/4	85		85	00000354	00006E3B	0000703B	1	03E8	ordinary_sample_offset
MON.DAT	mon_primary_before_aux_root	payload[1]/4	86		86	00000358	00006E6C	0000706C	1	03E8	ordinary_sample_offset
MON.DAT	mon_primary_before_aux_root	payload[1]/4	87		87	0000035C	00006E9D	0000709D	1	03E8	ordinary_sample_offset
MON.DAT	mon_primary_before_aux_root	payload[1]/4	88		88	00000360	00006ECE	000070CE	1	03E8	ordinary_sample_offset
MON.DAT	mon_primary_before_aux_root	payload[1]/4	89		89	00000364	00006EFF	000070FF	1	03E8	ordinary_sample_offset
MON.DAT	mon_primary_before_aux_root	payload[1]/4	90		90	00000368	00006F30	00007130	1	03E8	ordinary_sample_offset
MON.DAT	mon_primary_before_aux_root	payload[1]/4	91		91	0000036C	00006F61	00007161	1	03E8	ordinary_sample_offset
MON.DAT	mon_primary_before_aux_root	payload[1]/4	92		92	00000370	00006F9C	0000719C	1	03E8	ordinary_sample_offset
MON.DAT	mon_primary_before_aux_root	payload[1]/4	93		93	00000374	00006FD5	000071D5	1	03E8	ordinary_sample_offset
MON.DAT	mon_primary_before_aux_root	payload[1]/4	94		94	00000378	00007006	00007206	1	03E8	ordinary_sample_offset
MON.DAT	mon_primary_before_aux_root	payload[1]/4	95		95	0000037C	000070C7	000072C7	1	03E8	ordinary_sample_offset
MON.DAT	mon_primary_before_aux_root	payload[1]/4	96		96	00000380	00007100	00007300	1	03E8	ordinary_sample_offset
MON.DAT	mon_primary_before_aux_root	payload[1]/4	97		97	00000384	0000713B	0000733B	1	03E8	ordinary_sample_offset
MON.DAT	mon_primary_before_aux_root	payload[1]/4	98		98	00000388	00007B50	00007D50	1	03E8	ordinary_sample_offset
MON.DAT	mon_primary_before_aux_root	payload[1]/4	99		99	0000038C	00007B83	00007D83	1	03E8	ordinary_sample_offset
MON.DAT	mon_primary_before_aux_root	payload[1]/4	100		100	00000390	00007BB6	00007DB6	1	03E8	ordinary_sample_offset
MON.DAT	mon_primary_before_aux_root	payload[1]/4	101		101	00000394	00007BE9	00007DE9	1	03E8	ordinary_sample_offset
MON.DAT	mon_primary_before_aux_root	payload[1]/4	102		102	00000398	00007C1A	00007E1A	1	03E8	ordinary_sample_offset
MON.DAT	mon_primary_before_aux_root	payload[1]/4	103		103	0000039C	00007CD9	00007ED9	1	03E8	ordinary_sample_offset
MON.DAT	mon_primary_before_aux_root	payload[1]/4	104		104	000003A0	00007D82	00007F82	1	03E8	ordinary_sample_offset
MON.DAT	mon_primary_before_aux_root	payload[1]/4	105		105	000003A4	00007E17	00008017	1	03E8	ordinary_sample_offset
MON.DAT	mon_primary_before_aux_root	payload[1]/4	106		106	000003A8	00007EEA	000080EA	1	03E8	ordinary_sample_offset
MON.DAT	mon_primary_before_aux_root	payload[1]/4	107		107	000003AC	00007FB9	000081B9	1	03E8	ordinary_sample_offset
MON.DAT	mon_primary_before_aux_root	payload[1]/4	108		108	000003B0	0000805E	0000825E	1	03E8	ordinary_sample_offset
MON.DAT	mon_primary_before_aux_root	payload[1]/4	109		109	000003B4	00008133	00008333	1	03E8	ordinary_sample_offset
MON.DAT	mon_primary_before_aux_root	payload[1]/4	110		110	000003B8	000081E2	000083E2	1	03E8	ordinary_sample_offset
MON.DAT	mon_primary_before_aux_root	payload[1]/4	111		111	000003BC	000082AB	000084AB	1	03E8	ordinary_sample_offset
MON.DAT	mon_primary_before_aux_root	payload[1]/4	112		112	000003C0	00008358	00008558	1	03E8	ordinary_sample_offset
MON.DAT	mon_primary_before_aux_root	payload[1]/4	113		113	000003C4	00008409	00008609	1	03E8	ordinary_sample_offset
MON.DAT	mon_primary_before_aux_root	payload[1]/4	114		114	000003C8	000084C8	000086C8	1	03E8	ordinary_sample_offset
MON.DAT	mon_primary_before_aux_root	payload[1]/4	115		115	000003CC	00008579	00008779	1	03E8	ordinary_sample_offset
MON.DAT	mon_primary_before_aux_root	payload[1]/4	116		116	000003D0	0000863C	0000883C	1	03E8	ordinary_sample_offset
MON.DAT	mon_primary_before_aux_root	payload[1]/4	117		117	000003D4	000086B7	000088B7	1	03E8	ordinary_sample_offset
MON.DAT	mon_primary_before_aux_root	payload[1]/4	118		118	000003D8	0000874E	0000894E	1	03E8	ordinary_sample_offset
MON.DAT	mon_primary_before_aux_root	payload[1]/4	119		119	000003DC	00008805	00008A05	1	03E8	ordinary_sample_offset
MON.DAT	mon_primary_before_aux_root	payload[1]/4	120		120	000003E0	000088CA	00008ACA	1	03E8	ordinary_sample_offset
MON.DAT	mon_primary_before_aux_root	payload[1]/4	121		121	000003E4	0000898D	00008B8D	1	03E8	ordinary_sample_offset
MON.DAT	mon_primary_before_aux_root	payload[1]/4	122		122	000003E8	00008A4A	00008C4A	1	03E8	ordinary_sample_offset
MON.DAT	mon_primary_before_aux_root	payload[1]/4	123		123	000003EC	00008B15	00008D15	1	03E8	ordinary_sample_offset
MON.DAT	mon_primary_before_aux_root	payload[1]/4	124		124	000003F0	00008BCC	00008DCC	1	03E8	ordinary_sample_offset
MON.DAT	mon_primary_before_aux_root	payload[1]/4	125		125	000003F4	00008C6D	00008E6D	1	03E8	ordinary_sample_offset
MON.DAT	mon_primary_before_aux_root	payload[1]/4	126		126	000003F8	00008D42	00008F42	1	03E8	ordinary_sample_offset
MON.DAT	mon_primary_before_aux_root	payload[1]/4	127		127	000003FC	00008DD9	00008FD9	1	03E8	ordinary_sample_offset
MON.DAT	mon_primary_before_aux_root	payload[1]/4	128		128	00000400	00008E88	00009088	1	03E8	ordinary_sample_offset
MON.DAT	mon_primary_before_aux_root	payload[1]/4	129		129	00000404	00008F33	00009133	1	03E8	ordinary_sample_offset
MON.DAT	mon_primary_before_aux_root	payload[1]/4	130		130	00000408	00008FE2	000091E2	1	03E8	ordinary_sample_offset
MON.DAT	mon_primary_before_aux_root	payload[1]/4	131		131	0000040C	000090ED	000092ED	1	03E8	ordinary_sample_offset
MON.DAT	mon_primary_before_aux_root	payload[1]/4	132		132	00000410	000091B8	000093B8	1	03E8	ordinary_sample_offset
MON.DAT	mon_primary_before_aux_root	payload[1]/4	133		133	00000414	00009277	00009477	1	03E8	ordinary_sample_offset
MON.DAT	mon_primary_before_aux_root	payload[1]/4	134		134	00000418	00009358	00009558	1	03E8	ordinary_sample_offset
MON.DAT	mon_primary_before_aux_root	payload[1]/4	135		135	0000041C	0000942B	0000962B	1	03E8	ordinary_sample_offset
MON.DAT	mon_primary_before_aux_root	payload[1]/4	136		136	00000420	0000952E	0000972E	1	03E8	ordinary_sample_offset
MON.DAT	mon_primary_before_aux_root	payload[1]/4	137		137	00000424	000095FD	000097FD	1	03E8	ordinary_sample_offset
MON.DAT	mon_primary_before_aux_root	payload[1]/4	138		138	00000428	000096D2	000098D2	1	03E8	ordinary_sample_offset
MON.DAT	mon_primary_before_aux_root	payload[1]/4	139		139	0000042C	00009791	00009991	1	03E8	ordinary_sample_offset
MON.DAT	mon_primary_before_aux_root	payload[1]/4	140		140	00000430	00009878	00009A78	1	03E8	ordinary_sample_offset
MON.DAT	mon_primary_before_aux_root	payload[1]/4	141		141	00000434	00009967	00009B67	1	03E8	ordinary_sample_offset
MON.DAT	mon_primary_before_aux_root	payload[1]/4	142		142	00000438	00009A4A	00009C4A	1	03E8	ordinary_sample_offset
MON.DAT	mon_primary_before_aux_root	payload[1]/4	143		143	0000043C	00009B51	00009D51	1	03E8	ordinary_sample_offset
MON.DAT	mon_primary_before_aux_root	payload[1]/4	144		144	00000440	00009C40	00009E40	1	03E8	ordinary_sample_offset
MON.DAT	mon_primary_before_aux_root	payload[1]/4	145		145	00000444	00009D37	00009F37	1	03E8	ordinary_sample_offset
MON.DAT	mon_primary_before_aux_root	payload[1]/4	146		146	00000448	00009E16	0000A016	1	03E8	ordinary_sample_offset
MON.DAT	mon_primary_before_aux_root	payload[1]/4	147		147	0000044C	00009EE1	0000A0E1	1	03E8	ordinary_sample_offset
MON.DAT	mon_primary_before_aux_root	payload[1]/4	148		148	00000450	00009F8C	0000A18C	1	03E8	ordinary_sample_offset
MON.DAT	mon_primary_before_aux_root	payload[1]/4	149		149	00000454	0000A049	0000A249	1	03E8	ordinary_sample_offset
MON.DAT	mon_primary_before_aux_root	payload[1]/4	150		150	00000458	0000A118	0000A318	1	03E8	ordinary_sample_offset
MON.DAT	mon_primary_before_aux_root	payload[1]/4	151		151	0000045C	0000A221	0000A421	1	03E8	ordinary_sample_offset
MON.DAT	mon_primary_before_aux_root	payload[1]/4	152		152	00000460	0000A346	0000A546	1	03E8	ordinary_sample_offset
MON.DAT	mon_primary_before_aux_root	payload[1]/4	153		153	00000464	0000A449	0000A649	1	03E8	ordinary_sample_offset
MON.DAT	mon_primary_before_aux_root	payload[1]/4	154		154	00000468	0000A512	0000A712	1	03E8	ordinary_sample_offset
MON.DAT	mon_primary_before_aux_root	payload[1]/4	155		155	0000046C	0000A5A9	0000A7A9	1	03E8	ordinary_sample_offset
MON.DAT	mon_primary_before_aux_root	payload[1]/4	156		156	00000470	0000A668	0000A868	1	03E8	ordinary_sample_offset
MON.DAT	mon_primary_before_aux_root	payload[1]/4	157		157	00000474	0000A763	0000A963	1	03E8	ordinary_sample_offset
MON.DAT	mon_primary_before_aux_root	payload[1]/4	158		158	00000478	0000A81E	0000AA1E	1	03E8	ordinary_sample_offset
MON.DAT	mon_primary_before_aux_root	payload[1]/4	159		159	0000047C	0000A8A1	0000AAA1	1	03E8	ordinary_sample_offset
MON.DAT	mon_primary_before_aux_root	payload[1]/4	160		160	00000480	0000A9C0	0000ABC0	1	03E8	ordinary_sample_offset
MON.DAT	mon_primary_before_aux_root	payload[1]/4	161		161	00000484	0000AADF	0000ACDF	1	03E8	ordinary_sample_offset
MON.DAT	mon_primary_before_aux_root	payload[1]/4	162		162	00000488	0000AB9A	0000AD9A	1	03E8	ordinary_sample_offset
MON.DAT	mon_primary_before_aux_root	payload[1]/4	163		163	0000048C	0000ACA3	0000AEA3	1	03E8	ordinary_sample_offset
MON.DAT	mon_primary_before_aux_root	payload[1]/4	164		164	00000490	0000AD82	0000AF82	1	03E8	ordinary_sample_offset
MON.DAT	mon_primary_before_aux_root	payload[1]/4	165		165	00000494	0000AE4D	0000B04D	1	03E8	ordinary_sample_offset
MON.DAT	mon_primary_before_aux_root	payload[1]/4	166		166	00000498	0000AF2E	0000B12E	1	03E8	ordinary_sample_offset
MON.DAT	mon_primary_before_aux_root	payload[1]/4	167		167	0000049C	0000B017	0000B217	1	03E8	ordinary_sample_offset
MON.DAT	mon_primary_before_aux_root	payload[1]/4	168		168	000004A0	0000B132	0000B332	1	03E8	ordinary_sample_offset
MON.DAT	mon_primary_before_aux_root	payload[1]/4	169		169	000004A4	0000B1E1	0000B3E1	1	03E8	ordinary_sample_offset
MON.DAT	mon_primary_before_aux_root	payload[1]/4	170		170	000004A8	0000B292	0000B492	1	03E8	ordinary_sample_offset
MON.DAT	mon_primary_before_aux_root	payload[1]/4	171		171	000004AC	0000B359	0000B559	1	03E8	ordinary_sample_offset
MON.DAT	mon_primary_before_aux_root	payload[1]/4	172		172	000004B0	0000B41A	0000B61A	1	03E8	ordinary_sample_offset
MON.DAT	mon_primary_before_aux_root	payload[1]/4	173		173	000004B4	0000B4D7	0000B6D7	1	03E8	ordinary_sample_offset
MON.DAT	mon_primary_before_aux_root	payload[1]/4	174		174	000004B8	0000B5B8	0000B7B8	1	03E8	ordinary_sample_offset
MON.DAT	mon_primary_before_aux_root	payload[1]/4	175		175	000004BC	0000B6AB	0000B8AB	1	03E8	ordinary_sample_offset
MON.DAT	mon_primary_before_aux_root	payload[1]/4	176		176	000004C0	0000B7AD	0000B9AD	1	03E8	ordinary_sample_offset
MON.DAT	mon_primary_before_aux_root	payload[1]/4	177		177	000004C4	0000B89E	0000BA9E	1	03E8	ordinary_sample_offset
MON.DAT	mon_primary_before_aux_root	payload[1]/4	178		178	000004C8	0000B95F	0000BB5F	1	03E8	ordinary_sample_offset
MON.DAT	mon_primary_before_aux_root	payload[1]/4	179		179	000004CC	0000BA2E	0000BC2E	1	03E8	ordinary_sample_offset
MON.DAT	mon_primary_before_aux_root	payload[1]/4	180		180	000004D0	0000BAE5	0000BCE5	1	03E8	ordinary_sample_offset
MON.DAT	mon_primary_before_aux_root	payload[1]/4	181		181	000004D4	0000BBBE	0000BDBE	1	03E8	ordinary_sample_offset
MON.DAT	mon_primary_before_aux_root	payload[1]/4	182		182	000004D8	0000BC95	0000BE95	1	03E8	ordinary_sample_offset
MON.DAT	mon_primary_before_aux_root	payload[1]/4	183		183	000004DC	0000BD6C	0000BF6C	1	03E8	ordinary_sample_offset
MON.DAT	mon_primary_before_aux_root	payload[1]/4	184		184	000004E0	0000BDE3	0000BFE3	1	03E8	ordinary_sample_offset
MON.DAT	mon_primary_before_aux_root	payload[1]/4	185		185	000004E4	0000BE6C	0000C06C	1	03E8	ordinary_sample_offset
MON.DAT	mon_primary_before_aux_root	payload[1]/4	186		186	000004E8	0000BF25	0000C125	1	03E8	ordinary_sample_offset
MON.DAT	mon_primary_before_aux_root	payload[1]/4	187		187	000004EC	0000BFF2	0000C1F2	1	03E8	ordinary_sample_offset
MON.DAT	mon_primary_before_aux_root	payload[1]/4	188		188	000004F0	0000C0CD	0000C2CD	1	03E8	ordinary_sample_offset
MON.DAT	mon_primary_before_aux_root	payload[1]/4	189		189	000004F4	0000C13C	0000C33C	1	03E8	ordinary_sample_offset
MON.DAT	mon_primary_before_aux_root	payload[1]/4	190		190	000004F8	0000C1BD	0000C3BD	1	03E8	ordinary_sample_offset
MON.DAT	mon_primary_before_aux_root	payload[1]/4	191		191	000004FC	0000C278	0000C478	1	03E8	ordinary_sample_offset
MON.DAT	mon_primary_before_aux_root	payload[1]/4	192		192	00000500	0000C2FB	0000C4FB	1	03E8	ordinary_sample_offset
MON.DAT	mon_primary_before_aux_root	payload[1]/4	193		193	00000504	0000C3BE	0000C5BE	1	03E8	ordinary_sample_offset
MON.DAT	mon_primary_before_aux_root	payload[1]/4	194		194	00000508	0000C459	0000C659	1	03E8	ordinary_sample_offset
MON.DAT	mon_primary_before_aux_root	payload[1]/4	195		195	0000050C	0000C4C8	0000C6C8	1	03E8	ordinary_sample_offset
MON.DAT	mon_primary_before_aux_root	payload[1]/4	196		196	00000510	0000C5A3	0000C7A3	1	03E8	ordinary_sample_offset
MON.DAT	mon_primary_before_aux_root	payload[1]/4	197		197	00000514	0000C610	0000C810	1	03E8	ordinary_sample_offset
MON.DAT	mon_primary_before_aux_root	payload[1]/4	198		198	00000518	0000C685	0000C885	1	03E8	ordinary_sample_offset
MON.DAT	mon_primary_before_aux_root	payload[1]/4	199		199	0000051C	0000C772	0000C972	1	03E8	ordinary_sample_offset
MON.DAT	mon_primary_before_aux_root	payload[1]/4	200		200	00000520	0000C82D	0000CA2D	1	03E8	ordinary_sample_offset
MON.DAT	mon_primary_before_aux_root	payload[1]/4	201		201	00000524	0000C8C4	0000CAC4	1	03E8	ordinary_sample_offset
MON.DAT	mon_primary_before_aux_root	payload[1]/4	202		202	00000528	0000C939	0000CB39	1	03E8	ordinary_sample_offset
MON.DAT	mon_primary_before_aux_root	payload[1]/4	203		203	0000052C	0000C9AE	0000CBAE	1	03E8	ordinary_sample_offset
MON.DAT	mon_primary_before_aux_root	payload[1]/4	204		204	00000530	0000CA0B	0000CC0B	1	03E8	ordinary_sample_offset
MON.DAT	mon_primary_before_aux_root	payload[1]/4	205		205	00000534	0000CA68	0000CC68	1	03E8	ordinary_sample_offset
MON.DAT	mon_primary_before_aux_root	payload[1]/4	206		206	00000538	0000CADB	0000CCDB	1	03E8	ordinary_sample_offset
MON.DAT	mon_primary_before_aux_root	payload[1]/4	207		207	0000053C	0000CB4E	0000CD4E	1	03E8	ordinary_sample_offset
MON.DAT	mon_primary_before_aux_root	payload[1]/4	208		208	00000540	0000CC0B	0000CE0B	1	03E8	ordinary_sample_offset
MON.DAT	mon_primary_before_aux_root	payload[1]/4	209		209	00000544	0000CC6E	0000CE6E	1	03E8	ordinary_sample_offset
MON.DAT	mon_primary_before_aux_root	payload[1]/4	210		210	00000548	0000CD23	0000CF23	1	03E8	ordinary_sample_offset
MON.DAT	mon_primary_before_aux_root	payload[1]/4	211		211	0000054C	0000CD98	0000CF98	1	03E8	ordinary_sample_offset
MON.DAT	mon_primary_before_aux_root	payload[1]/4	212		212	00000550	0000CE0D	0000D00D	1	03E8	ordinary_sample_offset
MON.DAT	mon_primary_before_aux_root	payload[1]/4	213		213	00000554	0000CE86	0000D086	1	03E8	ordinary_sample_offset
MON.DAT	mon_primary_before_aux_root	payload[1]/4	214		214	00000558	0000CEEB	0000D0EB	1	03E8	ordinary_sample_offset
MON.DAT	mon_primary_before_aux_root	payload[1]/4	215		215	0000055C	0000CF9C	0000D19C	1	03E8	ordinary_sample_offset
MON.DAT	mon_primary_before_aux_root	payload[1]/4	216		216	00000560	0000D051	0000D251	1	03E8	ordinary_sample_offset
MON.DAT	mon_primary_before_aux_root	payload[1]/4	217		217	00000564	0000D0CC	0000D2CC	1	03E8	ordinary_sample_offset
MON.DAT	mon_primary_before_aux_root	payload[1]/4	218		218	00000568	0000D12D	0000D32D	1	03E8	ordinary_sample_offset
MON.DAT	mon_primary_before_aux_root	payload[1]/4	219		219	0000056C	0000D19E	0000D39E	1	03E8	ordinary_sample_offset
MON.DAT	mon_primary_before_aux_root	payload[1]/4	220		220	00000570	0000D207	0000D407	1	03E8	ordinary_sample_offset
MON.DAT	mon_primary_before_aux_root	payload[1]/4	221		221	00000574	0000D274	0000D474	1	03E8	ordinary_sample_offset
MON.DAT	mon_primary_before_aux_root	payload[1]/4	222		222	00000578	0000D2E7	0000D4E7	1	03E8	ordinary_sample_offset
MON.DAT	mon_primary_before_aux_root	payload[1]/4	223		223	0000057C	0000D3AC	0000D5AC	1	03E8	ordinary_sample_offset
MON.DAT	mon_primary_before_aux_root	payload[1]/4	224		224	00000580	0000D4A3	0000D6A3	1	03E8	ordinary_sample_offset
MON.DAT	mon_primary_before_aux_root	payload[1]/4	225		225	00000584	00000000	00000200	1	5102	ordinary_sample_offset
MON.DAT	mon_primary_before_aux_root	payload[1]/4	226		226	00000588	0000D570	0000D770	1	03E8	ordinary_sample_offset
MON.DAT	mon_primary_before_aux_root	payload[1]/4	227		227	0000058C	0000D5A3	0000D7A3	1	03E8	ordinary_sample_offset
MON.DAT	mon_primary_before_aux_root	payload[1]/4	228		228	00000590	00000000	00000200	1	5102	ordinary_sample_offset
MON.DAT	mon_primary_before_aux_root	payload[1]/4	229		229	00000594	0000D686	0000D886	1	03E8	ordinary_sample_offset
MON.DAT	mon_primary_before_aux_root	payload[1]/4	230		230	00000598	0000D71F	0000D91F	1	03E8	ordinary_sample_offset
MON.DAT	mon_primary_before_aux_root	payload[1]/4	231		231	0000059C	0000D7EE	0000D9EE	1	03E8	ordinary_sample_offset
MON.DAT	mon_primary_before_aux_root	payload[1]/4	232		232	000005A0	0000D869	0000DA69	1	03E8	ordinary_sample_offset
MON.DAT	mon_primary_before_aux_root	payload[1]/4	233		233	000005A4	0000D8F4	0000DAF4	1	03E8	ordinary_sample_offset
MON.DAT	mon_primary_before_aux_root	payload[1]/4	234		234	000005A8	0000D9A5	0000DBA5	1	03E8	ordinary_sample_offset
MON.DAT	mon_primary_before_aux_root	payload[1]/4	235		235	000005AC	00000000	00000200	1	5102	ordinary_sample_offset
MON.DAT	mon_primary_before_aux_root	payload[1]/4	236		236	000005B0	00000000	00000200	1	5102	ordinary_sample_offset
MON.DAT	mon_primary_before_aux_root	payload[1]/4	237		237	000005B4	0000DA44	0000DC44	1	03E8	ordinary_sample_offset
MON.DAT	mon_primary_before_aux_root	payload[1]/4	238		238	000005B8	00000000	00000200	1	5102	ordinary_sample_offset
MON.DAT	mon_primary_before_aux_root	payload[1]/4	239		239	000005BC	0000DA79	0000DC79	1	03E8	ordinary_sample_offset
MON.DAT	mon_primary_before_aux_root	payload[1]/4	240		240	000005C0	00000000	00000200	1	5102	ordinary_sample_offset
MON.DAT	mon_primary_before_aux_root	payload[1]/4	241		241	000005C4	0000DB56	0000DD56	1	03E8	ordinary_sample_offset
MON.DAT	mon_primary_before_aux_root	payload[1]/4	242		242	000005C8	0000DBD7	0000DDD7	1	03E8	ordinary_sample_offset
MON.DAT	mon_primary_before_aux_root	payload[1]/4	243		243	000005CC	0000DCA8	0000DEA8	1	03E8	ordinary_sample_offset
MON.DAT	mon_primary_before_aux_root	payload[1]/4	244		244	000005D0	0000DD95	0000DF95	1	03E8	ordinary_sample_offset
MON.DAT	mon_primary_before_aux_root	payload[1]/4	245		245	000005D4	0000DDC6	0000DFC6	1	03E8	ordinary_sample_offset
MON.DAT	mon_primary_before_aux_root	payload[1]/4	246		246	000005D8	0000DE47	0000E047	1	03E8	ordinary_sample_offset
MON.DAT	mon_primary_before_aux_root	payload[1]/4	247		247	000005DC	00000000	00000200	1	5102	ordinary_sample_offset
MON.DAT	mon_primary_before_aux_root	payload[1]/4	248		248	000005E0	0000DEF0	0000E0F0	1	03E8	ordinary_sample_offset
MON.DAT	mon_primary_before_aux_root	payload[1]/4	249		249	000005E4	0000DF57	0000E157	1	03E8	ordinary_sample_offset
MON.DAT	mon_primary_before_aux_root	payload[1]/4	250		250	000005E8	00000000	00000200	1	5102	ordinary_sample_offset
MON.DAT	mon_primary_before_aux_root	payload[1]/4	251		251	000005EC	0000E018	0000E218	1	03E8	ordinary_sample_offset
MON.DAT	mon_primary_before_aux_root	payload[1]/4	252		252	000005F0	0000E083	0000E283	1	03E8	ordinary_sample_offset
MON.DAT	mon_primary_before_aux_root	payload[1]/4	253		253	000005F4	0000E12C	0000E32C	1	03E8	ordinary_sample_offset
MON.DAT	mon_primary_before_aux_root	payload[1]/4	254		254	000005F8	0000E1D3	0000E3D3	1	03E8	ordinary_sample_offset
MON.DAT	mon_primary_before_aux_root	payload[1]/4	255		255	000005FC	0000E28E	0000E48E	1	03E8	ordinary_sample_offset
MON.DAT	mon_primary_before_aux_root	payload[1]/4	256		256	00000600	0000E343	0000E543	1	03E8	ordinary_sample_offset
MON.DAT	mon_primary_before_aux_root	payload[1]/4	257		257	00000604	0000E42C	0000E62C	1	03E8	ordinary_sample_offset
MON.DAT	mon_primary_before_aux_root	payload[1]/4	258		258	00000608	0000E4EB	0000E6EB	1	03E8	ordinary_sample_offset
MON.DAT	mon_primary_before_aux_root	payload[1]/4	259		259	0000060C	00000000	00000200	1	5102	ordinary_sample_offset
MON.DAT	mon_primary_before_aux_root	payload[1]/4	260		260	00000610	00000000	00000200	1	5102	ordinary_sample_offset
MON.DAT	mon_primary_before_aux_root	payload[1]/4	261		261	00000614	00000000	00000200	1	5102	ordinary_sample_offset
MON.DAT	mon_primary_before_aux_root	payload[1]/4	262		262	00000618	00000000	00000200	1	5102	ordinary_sample_offset
MON.DAT	mon_primary_before_aux_root	payload[1]/4	263		263	0000061C	0000E51E	0000E71E	1	03E8	ordinary_sample_offset
MON.DAT	mon_primary_before_aux_root	payload[1]/4	264		264	00000620	0000E5D5	0000E7D5	1	03E8	ordinary_sample_offset
MON.DAT	mon_primary_before_aux_root	payload[1]/4	265		265	00000624	0000E652	0000E852	1	03E8	ordinary_sample_offset
MON.DAT	mon_primary_before_aux_root	payload[1]/4	266		266	00000628	0000E6D1	0000E8D1	1	03E8	ordinary_sample_offset
MON.DAT	mon_primary_before_aux_root	payload[1]/4	267		267	0000062C	0000E756	0000E956	1	03E8	ordinary_sample_offset
MON.DAT	mon_primary_before_aux_root	payload[1]/4	268		268	00000630	0000E7BF	0000E9BF	1	03E8	ordinary_sample_offset
MON.DAT	mon_primary_before_aux_root	payload[1]/4	269		269	00000634	00000000	00000200	1	5102	ordinary_sample_offset
MON.DAT	mon_primary_before_aux_root	payload[1]/4	270		270	00000638	0000E876	0000EA76	1	03E8	ordinary_sample_offset
MON.DAT	mon_primary_before_aux_root	payload[1]/4	271		271	0000063C	00000000	00000200	1	5102	ordinary_sample_offset
MON.DAT	mon_primary_before_aux_root	payload[1]/4	272		272	00000640	0000E93B	0000EB3B	1	03E8	ordinary_sample_offset
MON.DAT	mon_primary_before_aux_root	payload[1]/4	273		273	00000644	0000E9FE	0000EBFE	1	03E8	ordinary_sample_offset
MON.DAT	mon_primary_before_aux_root	payload[1]/4	274		274	00000648	0000EAE1	0000ECE1	1	03E8	ordinary_sample_offset
MON.DAT	mon_primary_before_aux_root	payload[1]/4	275		275	0000064C	0000EB8E	0000ED8E	1	03E8	ordinary_sample_offset
MON.DAT	mon_primary_before_aux_root	payload[1]/4	276		276	00000650	00000000	00000200	1	5102	ordinary_sample_offset
MON.DAT	mon_primary_before_aux_root	payload[1]/4	277		277	00000654	00000000	00000200	1	5102	ordinary_sample_offset
MON.DAT	mon_primary_before_aux_root	payload[1]/4	278		278	00000658	0000EC3D	0000EE3D	1	03E8	ordinary_sample_offset
MON.DAT	mon_primary_before_aux_root	payload[1]/4	279		279	0000065C	00000000	00000200	1	5102	ordinary_sample_offset
MON.DAT	mon_primary_before_aux_root	payload[1]/4	280		280	00000660	00000000	00000200	1	5102	ordinary_sample_offset
MON.DAT	mon_primary_before_aux_root	payload[1]/4	281		281	00000664	00000000	00000200	1	5102	ordinary_sample_offset
MON.DAT	mon_primary_before_aux_root	payload[1]/4	282		282	00000668	0000ED14	0000EF14	1	03E8	ordinary_sample_offset
MON.DAT	mon_primary_before_aux_root	payload[1]/4	283		283	0000066C	0000EDCF	0000EFCF	1	03E8	ordinary_sample_offset
MON.DAT	mon_primary_before_aux_root	payload[1]/4	284		284	00000670	0000EE36	0000F036	1	03E8	ordinary_sample_offset
MON.DAT	mon_primary_before_aux_root	payload[1]/4	285		285	00000674	0000EEB9	0000F0B9	1	03E8	ordinary_sample_offset
MON.DAT	mon_primary_before_aux_root	payload[1]/4	286		286	00000678	00000000	00000200	1	5102	ordinary_sample_offset
MON.DAT	mon_primary_before_aux_root	payload[1]/4	287		287	0000067C	00000000	00000200	1	5102	ordinary_sample_offset
MON.DAT	mon_primary_before_aux_root	payload[1]/4	288		288	00000680	00000000	00000200	1	5102	ordinary_sample_offset
MON.DAT	mon_primary_before_aux_root	payload[1]/4	289		289	00000684	00000000	00000200	1	5102	ordinary_sample_offset
MON.DAT	mon_primary_before_aux_root	payload[1]/4	290		290	00000688	00000000	00000200	1	5102	ordinary_sample_offset
MON.DAT	mon_primary_before_aux_root	payload[1]/4	291		291	0000068C	0000EF2C	0000F12C	1	03E8	ordinary_sample_offset
MON.DAT	mon_primary_before_aux_root	payload[1]/4	292		292	00000690	00000000	00000200	1	5102	ordinary_sample_offset
MON.DAT	mon_primary_before_aux_root	payload[1]/4	293		293	00000694	00000000	00000200	1	5102	ordinary_sample_offset
MON.DAT	mon_primary_before_aux_root	payload[1]/4	294		294	00000698	0000EFB3	0000F1B3	1	03E8	ordinary_sample_offset
MON.DAT	mon_primary_before_aux_root	payload[1]/4	295		295	0000069C	0000F020	0000F220	1	03E8	ordinary_sample_offset
MON.DAT	mon_primary_before_aux_root	payload[1]/4	296		296	000006A0	0000F07D	0000F27D	1	03E8	ordinary_sample_offset
MON.DAT	mon_primary_before_aux_root	payload[1]/4	297		297	000006A4	0000F0DC	0000F2DC	1	03E8	ordinary_sample_offset
MON.DAT	mon_primary_before_aux_root	payload[1]/4	298		298	000006A8	0000F12D	0000F32D	1	03E8	ordinary_sample_offset
MON.DAT	mon_primary_before_aux_root	payload[1]/4	299		299	000006AC	00000000	00000200	1	5102	ordinary_sample_offset
MON.DAT	mon_primary_before_aux_root	payload[1]/4	300		300	000006B0	0000F1A8	0000F3A8	1	03E8	ordinary_sample_offset
MON.DAT	mon_primary_before_aux_root	payload[1]/4	301		301	000006B4	0000F237	0000F437	1	03E8	ordinary_sample_offset
MON.DAT	mon_primary_before_aux_root	payload[1]/4	302		302	000006B8	0000F2AE	0000F4AE	1	03E8	ordinary_sample_offset
MON.DAT	mon_primary_before_aux_root	payload[1]/4	303		303	000006BC	0000F319	0000F519	1	03E8	ordinary_sample_offset
MON.DAT	mon_primary_before_aux_root	payload[1]/4	304		304	000006C0	0000F3AE	0000F5AE	1	03E8	ordinary_sample_offset
MON.DAT	mon_primary_before_aux_root	payload[1]/4	305		305	000006C4	0000F40B	0000F60B	1	03E8	ordinary_sample_offset
MON.DAT	mon_primary_before_aux_root	payload[1]/4	306		306	000006C8	0000F482	0000F682	1	03E8	ordinary_sample_offset
MON.DAT	mon_primary_before_aux_root	payload[1]/4	307		307	000006CC	0000F4FD	0000F6FD	1	03E8	ordinary_sample_offset
MON.DAT	mon_primary_before_aux_root	payload[1]/4	308		308	000006D0	0000F55E	0000F75E	1	03E8	ordinary_sample_offset
MON.DAT	mon_primary_before_aux_root	payload[1]/4	309		309	000006D4	00000000	00000200	1	5102	ordinary_sample_offset
MON.DAT	mon_primary_before_aux_root	payload[1]/4	310		310	000006D8	00000000	00000200	1	5102	ordinary_sample_offset
MON.DAT	mon_primary_before_aux_root	payload[1]/4	311		311	000006DC	00000000	00000200	1	5102	ordinary_sample_offset
MON.DAT	mon_primary_before_aux_root	payload[1]/4	312		312	000006E0	00000000	00000200	1	5102	ordinary_sample_offset
MON.DAT	mon_primary_before_aux_root	payload[1]/4	313		313	000006E4	00000000	00000200	1	5102	ordinary_sample_offset
MON.DAT	mon_primary_before_aux_root	payload[1]/4	314		314	000006E8	00000000	00000200	1	5102	ordinary_sample_offset
MON.DAT	mon_primary_before_aux_root	payload[1]/4	315		315	000006EC	0000F5DB	0000F7DB	1	03E8	ordinary_sample_offset
MON.DAT	mon_primary_before_aux_root	payload[1]/4	316		316	000006F0	00000000	00000200	1	5102	ordinary_sample_offset
MON.DAT	mon_primary_before_aux_root	payload[1]/4	317		317	000006F4	0000F65E	0000F85E	1	03E8	ordinary_sample_offset
MON.DAT	mon_primary_before_aux_root	payload[1]/4	318		318	000006F8	0000F71B	0000F91B	1	03E8	ordinary_sample_offset
MON.DAT	mon_primary_before_aux_root	payload[1]/4	319		319	000006FC	00000000	00000200	1	5102	ordinary_sample_offset
MON.DAT	mon_primary_before_aux_root	payload[1]/4	320		320	00000700	00000000	00000200	1	5102	ordinary_sample_offset
MON.DAT	mon_primary_before_aux_root	payload[1]/4	321		321	00000704	00000000	00000200	1	5102	ordinary_sample_offset
MON.DAT	mon_primary_before_aux_root	payload[1]/4	322		322	00000708	00000000	00000200	1	5102	ordinary_sample_offset
MON.DAT	mon_primary_before_aux_root	payload[1]/4	323		323	0000070C	00000000	00000200	1	5102	ordinary_sample_offset
MON.DAT	mon_primary_before_aux_root	payload[1]/4	324		324	00000710	00000000	00000200	1	5102	ordinary_sample_offset
MON.DAT	mon_primary_before_aux_root	payload[1]/4	325		325	00000714	0000F7EE	0000F9EE	1	03E8	ordinary_sample_offset
MON.DAT	mon_primary_before_aux_root	payload[1]/4	326		326	00000718	0000F857	0000FA57	1	03E8	ordinary_sample_offset
MON.DAT	mon_primary_before_aux_root	payload[1]/4	327		327	0000071C	0000F8C2	0000FAC2	1	03E8	ordinary_sample_offset
MON.DAT	mon_primary_before_aux_root	payload[1]/4	328		328	00000720	0000F94B	0000FB4B	1	03E8	ordinary_sample_offset
MON.DAT	mon_primary_before_aux_root	payload[1]/4	329		329	00000724	00000000	00000200	1	5102	ordinary_sample_offset
MON.DAT	mon_primary_before_aux_root	payload[1]/4	330		330	00000728	0000F99E	0000FB9E	1	03E8	ordinary_sample_offset
MON.DAT	mon_primary_before_aux_root	payload[1]/4	331		331	0000072C	00000000	00000200	1	5102	ordinary_sample_offset
MON.DAT	mon_primary_before_aux_root	payload[1]/4	332		332	00000730	00000000	00000200	1	5102	ordinary_sample_offset
MON.DAT	mon_primary_before_aux_root	payload[1]/4	333		333	00000734	0000FA0F	0000FC0F	1	03E8	ordinary_sample_offset
MON.DAT	mon_primary_before_aux_root	payload[1]/4	334		334	00000738	0000FA7E	0000FC7E	1	03E8	ordinary_sample_offset
MON.DAT	mon_primary_before_aux_root	payload[1]/4	335		335	0000073C	0000FADD	0000FCDD	1	03E8	ordinary_sample_offset
MON.DAT	mon_primary_before_aux_root	payload[1]/4	336		336	00000740	0000FB4C	0000FD4C	1	03E8	ordinary_sample_offset
MON.DAT	mon_primary_before_aux_root	payload[1]/4	337		337	00000744	00000000	00000200	1	5102	ordinary_sample_offset
MON.DAT	mon_primary_before_aux_root	payload[1]/4	338		338	00000748	00000000	00000200	1	5102	ordinary_sample_offset
MON.DAT	mon_primary_before_aux_root	payload[1]/4	339		339	0000074C	0000FBC9	0000FDC9	1	03E8	ordinary_sample_offset
MON.DAT	mon_primary_before_aux_root	payload[1]/4	340		340	00000750	00000000	00000200	1	5102	ordinary_sample_offset
MON.DAT	mon_primary_before_aux_root	payload[1]/4	341		341	00000754	00000000	00000200	1	5102	ordinary_sample_offset
MON.DAT	mon_primary_before_aux_root	payload[1]/4	342		342	00000758	00000000	00000200	1	5102	ordinary_sample_offset
MON.DAT	mon_primary_before_aux_root	payload[1]/4	343		343	0000075C	00000000	00000200	1	5102	ordinary_sample_offset
MON.DAT	mon_primary_before_aux_root	payload[1]/4	344		344	00000760	00000000	00000200	1	5102	ordinary_sample_offset
MON.DAT	mon_primary_before_aux_root	payload[1]/4	345		345	00000764	00000000	00000200	1	5102	ordinary_sample_offset
MON.DAT	mon_primary_before_aux_root	payload[1]/4	346		346	00000768	00000000	00000200	1	5102	ordinary_sample_offset
MON.DAT	mon_primary_before_aux_root	payload[1]/4	347		347	0000076C	00000000	00000200	1	5102	ordinary_sample_offset
MON.DAT	mon_primary_before_aux_root	payload[1]/4	348		348	00000770	00000000	00000200	1	5102	ordinary_sample_offset
MON.DAT	mon_primary_before_aux_root	payload[1]/4	349		349	00000774	00000000	00000200	1	5102	ordinary_sample_offset
MON.DAT	mon_primary_before_aux_root	payload[1]/4	350		350	00000778	00000000	00000200	1	5102	ordinary_sample_offset
MON.DAT	mon_primary_before_aux_root	payload[1]/4	351		351	0000077C	00000000	00000200	1	5102	ordinary_sample_offset
MON.DAT	mon_primary_before_aux_root	payload[1]/4	352		352	00000780	00000000	00000200	1	5102	ordinary_sample_offset
MON.DAT	mon_primary_before_aux_root	payload[1]/4	353		353	00000784	00000000	00000200	1	5102	ordinary_sample_offset
MON.DAT	mon_primary_before_aux_root	payload[1]/4	354		354	00000788	00000000	00000200	1	5102	ordinary_sample_offset
MON.DAT	mon_primary_before_aux_root	payload[1]/4	355		355	0000078C	00000000	00000200	1	5102	ordinary_sample_offset
MON.DAT	mon_primary_before_aux_root	payload[1]/4	356		356	00000790	00000000	00000200	1	5102	ordinary_sample_offset
MON.DAT	mon_primary_before_aux_root	payload[1]/4	357		357	00000794	00000000	00000200	1	5102	ordinary_sample_offset
MON.DAT	mon_primary_before_aux_root	payload[1]/4	358		358	00000798	00000000	00000200	1	5102	ordinary_sample_offset
MON.DAT	mon_primary_before_aux_root	payload[1]/4	359		359	0000079C	00000000	00000200	1	5102	ordinary_sample_offset
MON.DAT	mon_primary_before_aux_root	payload[1]/4	360		360	000007A0	00000000	00000200	1	5102	ordinary_sample_offset
MON.DAT	mon_primary_before_aux_root	payload[1]/4	361		361	000007A4	00000000	00000200	1	5102	ordinary_sample_offset
MON.DAT	mon_primary_before_aux_root	payload[1]/4	362		362	000007A8	00000000	00000200	1	5102	ordinary_sample_offset
MON.DAT	mon_primary_before_aux_root	payload[1]/4	363		363	000007AC	0000FBFC	0000FDFC	1	03E8	ordinary_sample_offset
MON.DAT	mon_primary_before_aux_root	payload[1]/4	364		364	000007B0	00000000	00000200	1	5102	ordinary_sample_offset
MON.DAT	mon_primary_before_aux_root	payload[1]/4	365		365	000007B4	00000000	00000200	1	5102	ordinary_sample_offset
MON.DAT	mon_primary_before_aux_root	payload[1]/4	366		366	000007B8	00000000	00000200	1	5102	ordinary_sample_offset
MON.DAT	mon_primary_before_aux_root	payload[1]/4	367		367	000007BC	00000000	00000200	1	5102	ordinary_sample_offset
MON.DAT	mon_primary_before_aux_root	payload[1]/4	368		368	000007C0	00000000	00000200	1	5102	ordinary_sample_offset
MON.DAT	mon_primary_before_aux_root	payload[1]/4	369		369	000007C4	0000FC2F	0000FE2F	1	03E8	ordinary_sample_offset
MON.DAT	mon_primary_before_aux_root	payload[1]/4	370		370	000007C8	00000000	00000200	1	5102	ordinary_sample_offset
MON.DAT	mon_primary_before_aux_root	payload[1]/4	371		371	000007CC	0000FCEA	0000FEEA	1	03E8	ordinary_sample_offset
MON.DAT	mon_primary_before_aux_root	payload[1]/4	372		372	000007D0	00000000	00000200	1	5102	ordinary_sample_offset
MON.DAT	mon_primary_before_aux_root	payload[1]/4	373		373	000007D4	00000000	00000200	1	5102	ordinary_sample_offset
MON.DAT	mon_primary_before_aux_root	payload[1]/4	374		374	000007D8	00000000	00000200	1	5102	ordinary_sample_offset
MON.DAT	mon_primary_before_aux_root	payload[1]/4	375		375	000007DC	00000000	00000200	1	5102	ordinary_sample_offset
MON.DAT	mon_primary_before_aux_root	payload[1]/4	376		376	000007E0	00000000	00000200	1	5102	ordinary_sample_offset
MON.DAT	mon_primary_before_aux_root	payload[1]/4	377		377	000007E4	00000000	00000200	1	5102	ordinary_sample_offset
MON.DAT	mon_primary_before_aux_root	payload[1]/4	378		378	000007E8	0000FD1D	0000FF1D	1	03E8	ordinary_sample_offset
MON.DAT	mon_primary_before_aux_root	payload[1]/4	379		379	000007EC	0000FDE6	0000FFE6	1	03E8	ordinary_sample_offset
MON.DAT	mon_primary_before_aux_root	payload[1]/4	380		380	000007F0	0000FE91	00010091	1	03E8	ordinary_sample_offset
MON.DAT	mon_primary_before_aux_root	payload[1]/4	381		381	000007F4	0000FF40	00010140	1	03E8	ordinary_sample_offset
MON.DAT	mon_primary_before_aux_root	payload[1]/4	382		382	000007F8	0000FFB1	000101B1	1	03E8	ordinary_sample_offset
MON.DAT	mon_primary_before_aux_root	payload[1]/4	383		383	000007FC	0001001E	0001021E	1	03E8	ordinary_sample_offset
MON.DAT	mon_primary_before_aux_root	payload[1]/4	384		384	00000800	000100BB	000102BB	1	03E8	ordinary_sample_offset
MON.DAT	mon_primary_before_aux_root	payload[1]/4	385		385	00000804	00010156	00010356	1	03E8	ordinary_sample_offset
MON.DAT	mon_primary_before_aux_root	payload[1]/4	386		386	00000808	0001020D	0001040D	1	03E8	ordinary_sample_offset
MON.DAT	mon_primary_before_aux_root	payload[1]/4	387		387	0000080C	000102AA	000104AA	1	03E8	ordinary_sample_offset
MON.DAT	mon_primary_before_aux_root	payload[1]/4	388		388	00000810	00010347	00010547	1	03E8	ordinary_sample_offset
MON.DAT	mon_primary_before_aux_root	payload[1]/4	389		389	00000814	000103F8	000105F8	1	03E8	ordinary_sample_offset
MON.DAT	mon_primary_before_aux_root	payload[1]/4	390		390	00000818	00010497	00010697	1	03E8	ordinary_sample_offset
MON.DAT	mon_primary_before_aux_root	payload[1]/4	391		391	0000081C	0001052E	0001072E	1	03E8	ordinary_sample_offset
MON.DAT	mon_primary_before_aux_root	payload[1]/4	392		392	00000820	000105FB	000107FB	1	03E8	ordinary_sample_offset
MON.DAT	mon_primary_before_aux_root	payload[1]/4	393		393	00000824	000106BC	000108BC	1	03E8	ordinary_sample_offset
MON.DAT	mon_primary_before_aux_root	payload[1]/4	394		394	00000828	000107A3	000109A3	1	03E8	ordinary_sample_offset
MON.DAT	mon_primary_before_aux_root	payload[1]/4	395		395	0000082C	00010876	00010A76	1	03E8	ordinary_sample_offset
MON.DAT	mon_primary_before_aux_root	payload[1]/4	396		396	00000830	0001095D	00010B5D	1	03E8	ordinary_sample_offset
MON.DAT	mon_primary_before_aux_root	payload[1]/4	397		397	00000834	00010A2A	00010C2A	1	03E8	ordinary_sample_offset
MON.DAT	mon_primary_before_aux_root	payload[1]/4	398		398	00000838	00010AE5	00010CE5	1	03E8	ordinary_sample_offset
MON.DAT	mon_primary_before_aux_root	payload[1]/4	399		399	0000083C	00010BAE	00010DAE	1	03E8	ordinary_sample_offset
MON.DAT	mon_primary_before_aux_root	payload[1]/4	400		400	00000840	00010CAB	00010EAB	1	03E8	ordinary_sample_offset
MON.DAT	mon_primary_before_aux_root	payload[1]/4	401		401	00000844	00010D70	00010F70	1	03E8	ordinary_sample_offset
MON.DAT	mon_primary_before_aux_root	payload[1]/4	402		402	00000848	00010DE5	00010FE5	1	03E8	ordinary_sample_offset
MON.DAT	mon_primary_before_aux_root	payload[1]/4	403		403	0000084C	00010E56	00011056	1	03E8	ordinary_sample_offset
MON.DAT	mon_primary_before_aux_root	payload[1]/4	404		404	00000850	00010ECF	000110CF	1	03E8	ordinary_sample_offset
MON.DAT	mon_primary_before_aux_root	payload[1]/4	405		405	00000854	00010F98	00011198	1	03E8	ordinary_sample_offset
MON.DAT	mon_primary_before_aux_root	payload[1]/4	406		406	00000858	00011015	00011215	1	03E8	ordinary_sample_offset
MON.DAT	mon_primary_before_aux_root	payload[1]/4	407		407	0000085C	00011092	00011292	1	03E8	ordinary_sample_offset
MON.DAT	mon_primary_before_aux_root	payload[1]/4	408		408	00000860	000110E1	000112E1	1	03E8	ordinary_sample_offset
MON.DAT	mon_primary_before_aux_root	payload[1]/4	409		409	00000864	00011170	00011370	1	03E8	ordinary_sample_offset
MON.DAT	mon_primary_before_aux_root	payload[1]/4	410		410	00000868	0001120D	0001140D	1	03E8	ordinary_sample_offset
MON.DAT	mon_primary_before_aux_root	payload[1]/4	411		411	0000086C	000112CE	000114CE	1	03E8	ordinary_sample_offset
MON.DAT	mon_primary_before_aux_root	payload[1]/4	412		412	00000870	00011341	00011541	1	03E8	ordinary_sample_offset
MON.DAT	mon_primary_before_aux_root	payload[1]/4	413		413	00000874	000113B4	000115B4	1	03E8	ordinary_sample_offset
MON.DAT	mon_primary_before_aux_root	payload[1]/4	414		414	00000878	00011427	00011627	1	03E8	ordinary_sample_offset
MON.DAT	mon_primary_before_aux_root	payload[1]/4	415		415	0000087C	0001145A	0001165A	1	03E8	ordinary_sample_offset
MON.DAT	mon_primary_before_aux_root	payload[1]/4	416		416	00000880	00011495	00011695	1	03E8	ordinary_sample_offset
MON.DAT	mon_primary_before_aux_root	payload[1]/4	417		417	00000884	000114CC	000116CC	1	03E8	ordinary_sample_offset
MON.DAT	mon_primary_before_aux_root	payload[1]/4	418		418	00000888	0001153D	0001173D	1	03E8	ordinary_sample_offset
MON.DAT	mon_primary_before_aux_root	payload[1]/4	419		419	0000088C	00011570	00011770	1	03E8	ordinary_sample_offset
MON.DAT	mon_primary_before_aux_root	payload[1]/4	420		420	00000890	000115A3	000117A3	1	03E8	ordinary_sample_offset
MON.DAT	mon_primary_before_aux_root	payload[1]/4	421		421	00000894	000115D6	000117D6	1	03E8	ordinary_sample_offset
MON.DAT	mon_primary_before_aux_root	payload[1]/4	422		422	00000898	00011609	00011809	1	03E8	ordinary_sample_offset
MON.DAT	mon_primary_before_aux_root	payload[1]/4	423		423	0000089C	0001163C	0001183C	1	03E8	ordinary_sample_offset
MON.DAT	mon_primary_before_aux_root	payload[1]/4	424		424	000008A0	0001166F	0001186F	1	03E8	ordinary_sample_offset
MON.DAT	mon_primary_before_aux_root	payload[1]/4	425		425	000008A4	000116A2	000118A2	1	03E8	ordinary_sample_offset
MON.DAT	mon_primary_before_aux_root	payload[1]/4	426		426	000008A8	000116D5	000118D5	1	03E8	ordinary_sample_offset
MON.DAT	mon_primary_before_aux_root	payload[1]/4	427		427	000008AC	0001170C	0001190C	1	03E8	ordinary_sample_offset
MON.DAT	mon_primary_before_aux_root	payload[1]/4	428		428	000008B0	00011743	00011943	1	03E8	ordinary_sample_offset
MON.DAT	mon_primary_before_aux_root	payload[1]/4	429		429	000008B4	0001177A	0001197A	1	03E8	ordinary_sample_offset
MON.DAT	mon_primary_before_aux_root	payload[1]/4	430		430	000008B8	000117B1	000119B1	1	03E8	ordinary_sample_offset
MON.DAT	mon_primary_before_aux_root	payload[1]/4	431		431	000008BC	00011822	00011A22	1	03E8	ordinary_sample_offset
MON.DAT	mon_primary_before_aux_root	payload[1]/4	432		432	000008C0	00011895	00011A95	1	03E8	ordinary_sample_offset
MON.DAT	mon_primary_before_aux_root	payload[1]/4	433		433	000008C4	00011908	00011B08	1	03E8	ordinary_sample_offset
MON.DAT	mon_primary_before_aux_root	payload[1]/4	434		434	000008C8	0001197B	00011B7B	1	03E8	ordinary_sample_offset
MON.DAT	mon_primary_before_aux_root	payload[1]/4	435		435	000008CC	000119E8	00011BE8	1	03E8	ordinary_sample_offset
MON.DAT	mon_primary_before_aux_root	payload[1]/4	436		436	000008D0	00011AA3	00011CA3	1	03E8	ordinary_sample_offset
MON.DAT	mon_primary_before_aux_root	payload[1]/4	437		437	000008D4	00011B30	00011D30	1	03E8	ordinary_sample_offset
MON.DAT	mon_primary_before_aux_root	payload[1]/4	438		438	000008D8	00011BF5	00011DF5	1	03E8	ordinary_sample_offset
MON.DAT	mon_primary_before_aux_root	payload[1]/4	439		439	000008DC	00011CBE	00011EBE	1	03E8	ordinary_sample_offset
MON.DAT	mon_primary_before_aux_root	payload[1]/4	440		440	000008E0	00011D2D	00011F2D	1	03E8	ordinary_sample_offset
MON.DAT	mon_primary_before_aux_root	payload[1]/4	441		441	000008E4	00011D9C	00011F9C	1	03E8	ordinary_sample_offset
MON.DAT	mon_primary_before_aux_root	payload[1]/4	442		442	000008E8	00011E0B	0001200B	1	03E8	ordinary_sample_offset
MON.DAT	mon_primary_before_aux_root	payload[1]/4	443		443	000008EC	00011E7A	0001207A	1	03E8	ordinary_sample_offset
MON.DAT	mon_primary_before_aux_root	payload[1]/4	444		444	000008F0	00011EE9	000120E9	1	03E8	ordinary_sample_offset
MON.DAT	mon_primary_before_aux_root	payload[1]/4	445		445	000008F4	00011F58	00012158	1	03E8	ordinary_sample_offset
MON.DAT	mon_primary_before_aux_root	payload[1]/4	446		446	000008F8	00011FC7	000121C7	1	03E8	ordinary_sample_offset
MON.DAT	mon_primary_before_aux_root	payload[1]/4	447		447	000008FC	00012036	00012236	1	03E8	ordinary_sample_offset
MON.DAT	mon_primary_before_aux_root	payload[1]/4	448		448	00000900	000120A5	000122A5	1	03E8	ordinary_sample_offset
MON.DAT	mon_primary_before_aux_root	payload[1]/4	449		449	00000904	00012114	00012314	1	03E8	ordinary_sample_offset
MON.DAT	mon_primary_before_aux_root	payload[1]/4	450		450	00000908	00012187	00012387	1	03E8	ordinary_sample_offset
MON.DAT	mon_primary_before_aux_root	payload[1]/4	451		451	0000090C	000121F6	000123F6	1	03E8	ordinary_sample_offset
MON.DAT	mon_primary_before_aux_root	payload[1]/4	452		452	00000910	00012265	00012465	1	03E8	ordinary_sample_offset
MON.DAT	mon_primary_before_aux_root	payload[1]/4	453		453	00000914	000122D4	000124D4	1	03E8	ordinary_sample_offset
MON.DAT	mon_primary_before_aux_root	payload[1]/4	454		454	00000918	00012343	00012543	1	03E8	ordinary_sample_offset
MON.DAT	mon_primary_before_aux_root	payload[1]/4	455		455	0000091C	000123B2	000125B2	1	03E8	ordinary_sample_offset
MON.DAT	mon_primary_before_aux_root	payload[1]/4	456		456	00000920	00012421	00012621	1	03E8	ordinary_sample_offset
MON.DAT	mon_primary_before_aux_root	payload[1]/4	457		457	00000924	00012490	00012690	1	03E8	ordinary_sample_offset
MON.DAT	mon_primary_before_aux_root	payload[1]/4	458		458	00000928	000124FD	000126FD	1	03E8	ordinary_sample_offset
MON.DAT	mon_primary_before_aux_root	payload[1]/4	459		459	0000092C	0001256A	0001276A	1	03E8	ordinary_sample_offset
MON.DAT	mon_primary_before_aux_root	payload[1]/4	460		460	00000930	00000000	00000200	1	5102	ordinary_sample_offset
MON.DAT	mon_primary_before_aux_root	payload[1]/4	461		461	00000934	00000000	00000200	1	5102	ordinary_sample_offset
MON.DAT	mon_primary_before_aux_root	payload[1]/4	462		462	00000938	00000000	00000200	1	5102	ordinary_sample_offset
MON.DAT	mon_primary_before_aux_root	payload[1]/4	463		463	0000093C	00000000	00000200	1	5102	ordinary_sample_offset
MON.DAT	mon_primary_before_aux_root	payload[1]/4	464		464	00000940	00000000	00000200	1	5102	ordinary_sample_offset
MON.DAT	mon_primary_before_aux_root	payload[1]/4	465		465	00000944	00000000	00000200	1	5102	ordinary_sample_offset
MON.DAT	mon_primary_before_aux_root	payload[1]/4	466		466	00000948	00000000	00000200	1	5102	ordinary_sample_offset
MON.DAT	mon_primary_before_aux_root	payload[1]/4	467		467	0000094C	00000000	00000200	1	5102	ordinary_sample_offset
MON.DAT	mon_primary_before_aux_root	payload[1]/4	468		468	00000950	00000000	00000200	1	5102	ordinary_sample_offset
MON.DAT	mon_primary_before_aux_root	payload[1]/4	469		469	00000954	00000000	00000200	1	5102	ordinary_sample_offset
MON.DAT	mon_primary_before_aux_root	payload[1]/4	470		470	00000958	00000000	00000200	1	5102	ordinary_sample_offset
MON.DAT	mon_primary_before_aux_root	payload[1]/4	471		471	0000095C	00000000	00000200	1	5102	ordinary_sample_offset
MON.DAT	mon_primary_before_aux_root	payload[1]/4	472		472	00000960	00000000	00000200	1	5102	ordinary_sample_offset
MON.DAT	mon_primary_before_aux_root	payload[1]/4	473		473	00000964	00000000	00000200	1	5102	ordinary_sample_offset
MON.DAT	mon_primary_before_aux_root	payload[1]/4	474		474	00000968	00000000	00000200	1	5102	ordinary_sample_offset
MON.DAT	mon_primary_before_aux_root	payload[1]/4	475		475	0000096C	00000000	00000200	1	5102	ordinary_sample_offset
MON.DAT	mon_primary_before_aux_root	payload[1]/4	476		476	00000970	00000000	00000200	1	5102	ordinary_sample_offset
MON.DAT	mon_primary_before_aux_root	payload[1]/4	477		477	00000974	00000000	00000200	1	5102	ordinary_sample_offset
MON.DAT	mon_primary_before_aux_root	payload[1]/4	478		478	00000978	00000000	00000200	1	5102	ordinary_sample_offset
MON.DAT	mon_primary_before_aux_root	payload[1]/4	479		479	0000097C	00000000	00000200	1	5102	ordinary_sample_offset
MON.DAT	mon_primary_before_aux_root	payload[1]/4	480		480	00000980	00000000	00000200	1	5102	ordinary_sample_offset
MON.DAT	mon_primary_before_aux_root	payload[1]/4	481		481	00000984	00000000	00000200	1	5102	ordinary_sample_offset
MON.DAT	mon_primary_before_aux_root	payload[1]/4	482		482	00000988	00000000	00000200	1	5102	ordinary_sample_offset
MON.DAT	mon_primary_before_aux_root	payload[1]/4	483		483	0000098C	00000000	00000200	1	5102	ordinary_sample_offset
MON.DAT	mon_primary_before_aux_root	payload[1]/4	484		484	00000990	00000000	00000200	1	5102	ordinary_sample_offset
MON.DAT	mon_primary_before_aux_root	payload[1]/4	485		485	00000994	00000000	00000200	1	5102	ordinary_sample_offset
MON.DAT	mon_primary_before_aux_root	payload[1]/4	486		486	00000998	00000000	00000200	1	5102	ordinary_sample_offset
MON.DAT	mon_primary_before_aux_root	payload[1]/4	487		487	0000099C	00000000	00000200	1	5102	ordinary_sample_offset
MON.DAT	mon_primary_before_aux_root	payload[1]/4	488		488	000009A0	00000000	00000200	1	5102	ordinary_sample_offset
MON.DAT	mon_primary_before_aux_root	payload[1]/4	489		489	000009A4	00000000	00000200	1	5102	ordinary_sample_offset
MON.DAT	mon_primary_before_aux_root	payload[1]/4	490		490	000009A8	00000000	00000200	1	5102	ordinary_sample_offset
MON.DAT	mon_primary_before_aux_root	payload[1]/4	491		491	000009AC	00000000	00000200	1	5102	ordinary_sample_offset
MON.DAT	mon_primary_before_aux_root	payload[1]/4	492		492	000009B0	00000000	00000200	1	5102	ordinary_sample_offset
MON.DAT	mon_primary_before_aux_root	payload[1]/4	493		493	000009B4	00000000	00000200	1	5102	ordinary_sample_offset
MON.DAT	mon_primary_before_aux_root	payload[1]/4	494		494	000009B8	00000000	00000200	1	5102	ordinary_sample_offset
MON.DAT	mon_primary_before_aux_root	payload[1]/4	495		495	000009BC	00000000	00000200	1	5102	ordinary_sample_offset
MON.DAT	mon_primary_before_aux_root	payload[1]/4	496		496	000009C0	00000000	00000200	1	5102	ordinary_sample_offset
MON.DAT	mon_primary_before_aux_root	payload[1]/4	497		497	000009C4	00000000	00000200	1	5102	ordinary_sample_offset
MON.DAT	mon_primary_before_aux_root	payload[1]/4	498		498	000009C8	00000000	00000200	1	5102	ordinary_sample_offset
MON.DAT	mon_primary_before_aux_root	payload[1]/4	499		499	000009CC	00000000	00000200	1	5102	ordinary_sample_offset
MON.DAT	mon_primary_before_aux_root	payload[1]/4	500		500	000009D0	00000000	00000200	1	5102	ordinary_sample_offset
MON.DAT	mon_primary_before_aux_root	payload[1]/4	501		501	000009D4	00000000	00000200	1	5102	ordinary_sample_offset
MON.DAT	mon_primary_before_aux_root	payload[1]/4	502		502	000009D8	000125D7	000127D7	1	03E8	ordinary_sample_offset
MON.DAT	mon_primary_before_aux_root	payload[1]/4	503		503	000009DC	000126A8	000128A8	1	03E8	ordinary_sample_offset
MON.DAT	mon_primary_before_aux_root	payload[1]/4	504		504	000009E0	0001275F	0001295F	1	03E8	ordinary_sample_offset
MON.DAT	mon_primary_before_aux_root	payload[1]/4	505		505	000009E4	00012828	00012A28	1	03E8	ordinary_sample_offset
MON.DAT	mon_primary_before_aux_root	payload[1]/4	506		506	000009E8	00012915	00012B15	1	03E8	ordinary_sample_offset
MON.DAT	mon_primary_before_aux_root	payload[1]/4	507		507	000009EC	000129C8	00012BC8	1	03E8	ordinary_sample_offset
MON.DAT	mon_primary_before_aux_root	payload[1]/4	508		508	000009F0	00012AA9	00012CA9	1	03E8	ordinary_sample_offset
MON.DAT	mon_primary_before_aux_root	payload[1]/4	509		509	000009F4	00012B3E	00012D3E	1	03E8	ordinary_sample_offset
MON.DAT	mon_primary_before_aux_root	payload[1]/4	510		510	000009F8	00012BC9	00012DC9	1	03E8	ordinary_sample_offset
MON.DAT	mon_primary_before_aux_root	payload[1]/4	511		511	000009FC	00012C76	00012E76	1	03E8	ordinary_sample_offset
MON.DAT	mon_primary_before_aux_root	payload[1]/4	512		512	00000A00	00012D47	00012F47	1	03E8	ordinary_sample_offset
MON.DAT	mon_primary_before_aux_root	payload[1]/4	513		513	00000A04	00012E0C	0001300C	1	03E8	ordinary_sample_offset
MON.DAT	mon_primary_before_aux_root	payload[1]/4	514		514	00000A08	00012EC3	000130C3	1	03E8	ordinary_sample_offset
MON.DAT	mon_primary_before_aux_root	payload[1]/4	515		515	00000A0C	00012F72	00013172	1	03E8	ordinary_sample_offset
MON.DAT	mon_primary_before_aux_root	payload[1]/4	516		516	00000A10	0001301B	0001321B	1	03E8	ordinary_sample_offset
MON.DAT	mon_primary_before_aux_root	payload[1]/4	517		517	00000A14	000130E4	000132E4	1	03E8	ordinary_sample_offset
MON.DAT	mon_primary_before_aux_root	payload[1]/4	518		518	00000A18	000131B5	000133B5	1	03E8	ordinary_sample_offset
MON.DAT	mon_primary_before_aux_root	payload[1]/4	519		519	00000A1C	0001328E	0001348E	1	03E8	ordinary_sample_offset
MON.DAT	mon_primary_before_aux_root	payload[1]/4	520		520	00000A20	0001333D	0001353D	1	03E8	ordinary_sample_offset
MON.DAT	mon_primary_before_aux_root	payload[1]/4	521		521	00000A24	000133F2	000135F2	1	03E8	ordinary_sample_offset
MON.DAT	mon_primary_before_aux_root	payload[1]/4	522		522	00000A28	00013497	00013697	1	03E8	ordinary_sample_offset
MON.DAT	mon_primary_before_aux_root	payload[1]/4	523		523	00000A2C	0001351A	0001371A	1	03E8	ordinary_sample_offset
MON.DAT	mon_primary_before_aux_root	payload[1]/4	524		524	00000A30	000135B3	000137B3	1	03E8	ordinary_sample_offset
MON.DAT	mon_primary_before_aux_root	payload[1]/4	525		525	00000A34	00013640	00013840	1	03E8	ordinary_sample_offset
MON.DAT	mon_primary_before_aux_root	payload[1]/4	526		526	00000A38	000136E5	000138E5	1	03E8	ordinary_sample_offset
MON.DAT	mon_primary_before_aux_root	payload[1]/4	527		527	00000A3C	0001377E	0001397E	1	03E8	ordinary_sample_offset
MON.DAT	mon_primary_before_aux_root	payload[1]/4	528		528	00000A40	00013811	00013A11	1	03E8	ordinary_sample_offset
MON.DAT	mon_primary_before_aux_root	payload[1]/4	529		529	00000A44	000138BC	00013ABC	1	03E8	ordinary_sample_offset
MON.DAT	mon_primary_before_aux_root	payload[1]/4	530		530	00000A48	00013958	00013B58	1	03E8	ordinary_sample_offset
MON.DAT	mon_primary_before_aux_root	payload[1]/4	531		531	00000A4C	000139F9	00013BF9	1	03E8	ordinary_sample_offset
MON.DAT	mon_primary_before_aux_root	payload[1]/4	532		532	00000A50	00013AAC	00013CAC	1	03E8	ordinary_sample_offset
MON.DAT	mon_primary_before_aux_root	payload[1]/4	533		533	00000A54	00013B7B	00013D7B	1	03E8	ordinary_sample_offset
MON.DAT	mon_primary_before_aux_root	payload[1]/4	534		534	00000A58	00013C14	00013E14	1	03E8	ordinary_sample_offset
MON.DAT	mon_primary_before_aux_root	payload[1]/4	535		535	00000A5C	00013CBD	00013EBD	1	03E8	ordinary_sample_offset
MON.DAT	mon_primary_before_aux_root	payload[1]/4	536		536	00000A60	00013D76	00013F76	1	03E8	ordinary_sample_offset
MON.DAT	mon_primary_before_aux_root	payload[1]/4	537		537	00000A64	00013E13	00014013	1	03E8	ordinary_sample_offset
MON.DAT	mon_primary_before_aux_root	payload[1]/4	538		538	00000A68	00013EC2	000140C2	1	03E8	ordinary_sample_offset
MON.DAT	mon_primary_before_aux_root	payload[1]/4	539		539	00000A6C	00013F5D	0001415D	1	03E8	ordinary_sample_offset
MON.DAT	mon_primary_before_aux_root	payload[1]/4	540		540	00000A70	00013FF6	000141F6	1	03E8	ordinary_sample_offset
MON.DAT	mon_primary_before_aux_root	payload[1]/4	541		541	00000A74	000140C7	000142C7	1	03E8	ordinary_sample_offset
MON.DAT	mon_primary_before_aux_root	payload[1]/4	542		542	00000A78	00014174	00014374	1	03E8	ordinary_sample_offset
MON.DAT	mon_primary_before_aux_root	payload[1]/4	543		543	00000A7C	0001420B	0001440B	1	03E8	ordinary_sample_offset
MON.DAT	mon_primary_before_aux_root	payload[1]/4	544		544	00000A80	000142D9	000144D9	1	03E8	ordinary_sample_offset
MON.DAT	mon_primary_before_aux_root	payload[1]/4	545		545	00000A84	00014394	00014594	1	03E8	ordinary_sample_offset
MON.DAT	mon_primary_before_aux_root	payload[1]/4	546		546	00000A88	0001444B	0001464B	1	03E8	ordinary_sample_offset
MON.DAT	mon_primary_before_aux_root	payload[1]/4	547		547	00000A8C	00014506	00014706	1	03E8	ordinary_sample_offset
MON.DAT	mon_primary_before_aux_root	payload[1]/4	548		548	00000A90	000145C1	000147C1	1	03E8	ordinary_sample_offset
MON.DAT	mon_primary_before_aux_root	payload[1]/4	549		549	00000A94	0001467C	0001487C	1	03E8	ordinary_sample_offset
MON.DAT	mon_primary_before_aux_root	payload[1]/4	550		550	00000A98	00014701	00014901	1	03E8	ordinary_sample_offset
MON.DAT	mon_primary_before_aux_root	payload[1]/4	551		551	00000A9C	00014790	00014990	1	03E8	ordinary_sample_offset
MON.DAT	mon_primary_before_aux_root	payload[1]/4	552		552	00000AA0	00014843	00014A43	1	03E8	ordinary_sample_offset
MON.DAT	mon_primary_before_aux_root	payload[1]/4	553		553	00000AA4	00014932	00014B32	1	03E8	ordinary_sample_offset
MON.DAT	mon_primary_before_aux_root	payload[1]/4	554		554	00000AA8	0001496B	00014B6B	1	03E8	ordinary_sample_offset
MON.DAT	mon_primary_before_aux_root	payload[1]/4	555		555	00000AAC	00014A2A	00014C2A	1	03E8	ordinary_sample_offset
MON.DAT	mon_primary_before_aux_root	payload[1]/4	556		556	00000AB0	00014AB3	00014CB3	1	03E8	ordinary_sample_offset
MON.DAT	mon_primary_before_aux_root	payload[1]/4	557		557	00000AB4	00014B5E	00014D5E	1	03E8	ordinary_sample_offset
MON.DAT	mon_primary_before_aux_root	payload[1]/4	558		558	00000AB8	00014BFD	00014DFD	1	03E8	ordinary_sample_offset
MON.DAT	mon_primary_before_aux_root	payload[1]/4	559		559	00000ABC	00014C82	00014E82	1	03E8	ordinary_sample_offset
MON.DAT	mon_primary_before_aux_root	payload[1]/4	560		560	00000AC0	00014D25	00014F25	1	03E8	ordinary_sample_offset
MON.DAT	mon_primary_before_aux_root	payload[1]/4	561		561	00000AC4	00014DC6	00014FC6	1	03E8	ordinary_sample_offset
MON.DAT	mon_primary_before_aux_root	payload[1]/4	562		562	00000AC8	00014E57	00015057	1	03E8	ordinary_sample_offset
MON.DAT	mon_primary_before_aux_root	payload[1]/4	563		563	00000ACC	00014ECE	000150CE	1	03E8	ordinary_sample_offset
MON.DAT	mon_primary_before_aux_root	payload[1]/4	564		564	00000AD0	00014F9D	0001519D	1	03E8	ordinary_sample_offset
MON.DAT	mon_primary_before_aux_root	payload[1]/4	565		565	00000AD4	00015020	00015220	1	03E8	ordinary_sample_offset
MON.DAT	mon_primary_before_aux_root	payload[1]/4	566		566	00000AD8	000150B7	000152B7	1	03E8	ordinary_sample_offset
MON.DAT	mon_primary_before_aux_root	payload[1]/4	567		567	00000ADC	00015164	00015364	1	03E8	ordinary_sample_offset
MON.DAT	mon_primary_before_aux_root	payload[1]/4	568		568	00000AE0	000151E7	000153E7	1	03E8	ordinary_sample_offset
MON.DAT	mon_primary_before_aux_root	payload[1]/4	569		569	00000AE4	0001526E	0001546E	1	03E8	ordinary_sample_offset
MON.DAT	mon_primary_before_aux_root	payload[1]/4	570		570	00000AE8	000152DB	000154DB	1	03E8	ordinary_sample_offset
MON.DAT	mon_primary_before_aux_root	payload[1]/4	571		571	00000AEC	00015372	00015572	1	03E8	ordinary_sample_offset
MON.DAT	mon_primary_before_aux_root	payload[1]/4	572		572	00000AF0	000153E5	000155E5	1	03E8	ordinary_sample_offset
MON.DAT	mon_primary_before_aux_root	payload[1]/4	573		573	00000AF4	00015482	00015682	1	03E8	ordinary_sample_offset
MON.DAT	mon_primary_before_aux_root	payload[1]/4	574		574	00000AF8	000154FB	000156FB	1	03E8	ordinary_sample_offset
MON.DAT	mon_primary_before_aux_root	payload[1]/4	575		575	00000AFC	0001559C	0001579C	1	03E8	ordinary_sample_offset
MON.DAT	mon_primary_before_aux_root	payload[1]/4	576		576	00000B00	00015619	00015819	1	03E8	ordinary_sample_offset
MON.DAT	mon_primary_before_aux_root	payload[1]/4	577		577	00000B04	00015694	00015894	1	03E8	ordinary_sample_offset
MON.DAT	mon_primary_before_aux_root	payload[1]/4	578		578	00000B08	00015713	00015913	1	03E8	ordinary_sample_offset
MON.DAT	mon_primary_before_aux_root	payload[1]/4	579		579	00000B0C	000157E2	000159E2	1	03E8	ordinary_sample_offset
MON.DAT	mon_primary_before_aux_root	payload[1]/4	580		580	00000B10	0001587B	00015A7B	1	03E8	ordinary_sample_offset
MON.DAT	mon_primary_before_aux_root	payload[1]/4	581		581	00000B14	00015906	00015B06	1	03E8	ordinary_sample_offset
MON.DAT	mon_primary_before_aux_root	payload[1]/4	582		582	00000B18	00000000	00000200	1	5102	ordinary_sample_offset
MON.DAT	mon_primary_before_aux_root	payload[1]/4	583		583	00000B1C	00000000	00000200	1	5102	ordinary_sample_offset
MON.DAT	mon_primary_before_aux_root	payload[1]/4	584		584	00000B20	00000000	00000200	1	5102	ordinary_sample_offset
MON.DAT	mon_primary_before_aux_root	payload[1]/4	585		585	00000B24	00000000	00000200	1	5102	ordinary_sample_offset
MON.DAT	mon_primary_before_aux_root	payload[1]/4	586		586	00000B28	00000000	00000200	1	5102	ordinary_sample_offset
MON.DAT	mon_primary_before_aux_root	payload[1]/4	587		587	00000B2C	00000000	00000200	1	5102	ordinary_sample_offset
MON.DAT	mon_primary_before_aux_root	payload[1]/4	588		588	00000B30	00000000	00000200	1	5102	ordinary_sample_offset
MON.DAT	mon_primary_before_aux_root	payload[1]/4	589		589	00000B34	00000000	00000200	1	5102	ordinary_sample_offset
MON.DAT	mon_primary_before_aux_root	payload[1]/4	590		590	00000B38	00000000	00000200	1	5102	ordinary_sample_offset
MON.DAT	mon_primary_before_aux_root	payload[1]/4	591		591	00000B3C	00000000	00000200	1	5102	ordinary_sample_offset
MON.DAT	mon_primary_before_aux_root	payload[1]/4	592		592	00000B40	00000000	00000200	1	5102	ordinary_sample_offset
MON.DAT	mon_primary_before_aux_root	payload[1]/4	593		593	00000B44	00000000	00000200	1	5102	ordinary_sample_offset
MON.DAT	mon_primary_before_aux_root	payload[1]/4	594		594	00000B48	00000000	00000200	1	5102	ordinary_sample_offset
MON.DAT	mon_primary_before_aux_root	payload[1]/4	595		595	00000B4C	00000000	00000200	1	5102	ordinary_sample_offset
MON.DAT	mon_primary_before_aux_root	payload[1]/4	596		596	00000B50	00000000	00000200	1	5102	ordinary_sample_offset
MON.DAT	mon_primary_before_aux_root	payload[1]/4	597		597	00000B54	00000000	00000200	1	5102	ordinary_sample_offset
MON.DAT	mon_primary_before_aux_root	payload[1]/4	598		598	00000B58	00000000	00000200	1	5102	ordinary_sample_offset
MON.DAT	mon_primary_before_aux_root	payload[1]/4	599		599	00000B5C	00000000	00000200	1	5102	ordinary_sample_offset
MON.DAT	mon_primary_before_aux_root	payload[1]/4	600		600	00000B60	00000000	00000200	1	5102	ordinary_sample_offset
MON.DAT	mon_primary_before_aux_root	payload[1]/4	601		601	00000B64	00000000	00000200	1	5102	ordinary_sample_offset
MON.DAT	mon_primary_before_aux_root	payload[1]/4	602		602	00000B68	00000000	00000200	1	5102	ordinary_sample_offset
MON.DAT	mon_primary_before_aux_root	payload[1]/4	603		603	00000B6C	00000000	00000200	1	5102	ordinary_sample_offset
MON.DAT	mon_primary_before_aux_root	payload[1]/4	604		604	00000B70	00000000	00000200	1	5102	ordinary_sample_offset
MON.DAT	mon_primary_before_aux_root	payload[1]/4	605		605	00000B74	00000000	00000200	1	5102	ordinary_sample_offset
MON.DAT	mon_primary_before_aux_root	payload[1]/4	606		606	00000B78	00000000	00000200	1	5102	ordinary_sample_offset
MON.DAT	mon_primary_before_aux_root	payload[1]/4	607		607	00000B7C	00000000	00000200	1	5102	ordinary_sample_offset
MON.DAT	mon_primary_before_aux_root	payload[1]/4	608		608	00000B80	00000000	00000200	1	5102	ordinary_sample_offset
MON.DAT	mon_primary_before_aux_root	payload[1]/4	609		609	00000B84	00000000	00000200	1	5102	ordinary_sample_offset
MON.DAT	mon_primary_before_aux_root	payload[1]/4	610		610	00000B88	00000000	00000200	1	5102	ordinary_sample_offset
MON.DAT	mon_primary_before_aux_root	payload[1]/4	611		611	00000B8C	00000000	00000200	1	5102	ordinary_sample_offset
MON.DAT	mon_primary_before_aux_root	payload[1]/4	612		612	00000B90	00000000	00000200	1	5102	ordinary_sample_offset
MON.DAT	mon_primary_before_aux_root	payload[1]/4	613		613	00000B94	00000000	00000200	1	5102	ordinary_sample_offset
MON.DAT	mon_primary_before_aux_root	payload[1]/4	614		614	00000B98	00000000	00000200	1	5102	ordinary_sample_offset
MON.DAT	mon_primary_before_aux_root	payload[1]/4	615		615	00000B9C	00000000	00000200	1	5102	ordinary_sample_offset
MON.DAT	mon_primary_before_aux_root	payload[1]/4	616		616	00000BA0	00000000	00000200	1	5102	ordinary_sample_offset
MON.DAT	mon_primary_before_aux_root	payload[1]/4	617		617	00000BA4	00000000	00000200	1	5102	ordinary_sample_offset
MON.DAT	mon_primary_before_aux_root	payload[1]/4	618		618	00000BA8	00000000	00000200	1	5102	ordinary_sample_offset
MON.DAT	mon_primary_before_aux_root	payload[1]/4	619		619	00000BAC	00000000	00000200	1	5102	ordinary_sample_offset
MON.DAT	mon_primary_before_aux_root	payload[1]/4	620		620	00000BB0	00000000	00000200	1	5102	ordinary_sample_offset
MON.DAT	mon_primary_before_aux_root	payload[1]/4	621		621	00000BB4	00000000	00000200	1	5102	ordinary_sample_offset
MON.DAT	mon_primary_before_aux_root	payload[1]/4	622		622	00000BB8	00016168	00016368	1	03E8	ordinary_sample_offset
MON.DAT	mon_primary_before_aux_root	payload[1]/4	623		623	00000BBC	000161C3	000163C3	1	03E8	ordinary_sample_offset
MON.DAT	mon_primary_before_aux_root	payload[1]/4	624		624	00000BC0	00016248	00016448	1	03E8	ordinary_sample_offset
MON.DAT	mon_primary_before_aux_root	payload[1]/4	625		625	00000BC4	000162A5	000164A5	1	03E8	ordinary_sample_offset
MON.DAT	mon_primary_before_aux_root	payload[1]/4	626		626	00000BC8	00016306	00016506	1	03E8	ordinary_sample_offset
MON.DAT	mon_primary_before_aux_root	payload[1]/4	627		627	00000BCC	00016363	00016563	1	03E8	ordinary_sample_offset
MON.DAT	mon_primary_before_aux_root	payload[1]/4	628		628	00000BD0	000163BE	000165BE	1	03E8	ordinary_sample_offset
MON.DAT	mon_primary_before_aux_root	payload[1]/4	629		629	00000BD4	0001643B	0001663B	1	03E8	ordinary_sample_offset
MON.DAT	mon_primary_before_aux_root	payload[1]/4	630		630	00000BD8	000164BA	000166BA	1	03E8	ordinary_sample_offset
MON.DAT	mon_primary_before_aux_root	payload[1]/4	631		631	00000BDC	00016513	00016713	1	03E8	ordinary_sample_offset
MON.DAT	mon_primary_before_aux_root	payload[1]/4	632		632	00000BE0	00016580	00016780	1	03E8	ordinary_sample_offset
MON.DAT	mon_primary_before_aux_root	payload[1]/4	633		633	00000BE4	000165FF	000167FF	1	03E8	ordinary_sample_offset
MON.DAT	mon_primary_before_aux_root	payload[1]/4	634		634	00000BE8	00016682	00016882	1	03E8	ordinary_sample_offset
MON.DAT	mon_primary_before_aux_root	payload[1]/4	635		635	00000BEC	000166FF	000168FF	1	03E8	ordinary_sample_offset
MON.DAT	mon_primary_before_aux_root	payload[1]/4	636		636	00000BF0	00016772	00016972	1	03E8	ordinary_sample_offset
MON.DAT	mon_primary_before_aux_root	payload[1]/4	637		637	00000BF4	000167D7	000169D7	1	03E8	ordinary_sample_offset
MON.DAT	mon_primary_before_aux_root	payload[1]/4	638		638	00000BF8	0001682E	00016A2E	1	03E8	ordinary_sample_offset
MON.DAT	mon_primary_before_aux_root	payload[1]/4	639		639	00000BFC	0001688D	00016A8D	1	03E8	ordinary_sample_offset
MON.DAT	mon_primary_before_aux_root	payload[1]/4	640		640	00000C00	000168F0	00016AF0	1	03E8	ordinary_sample_offset
MON.DAT	mon_primary_before_aux_root	payload[1]/4	641		641	00000C04	00016955	00016B55	1	03E8	ordinary_sample_offset
MON.DAT	mon_primary_before_aux_root	payload[1]/4	642		642	00000C08	000169D0	00016BD0	1	03E8	ordinary_sample_offset
MON.DAT	mon_primary_before_aux_root	payload[1]/4	643		643	00000C0C	00016A33	00016C33	1	03E8	ordinary_sample_offset
MON.DAT	mon_primary_before_aux_root	payload[1]/4	644		644	00000C10	00016A90	00016C90	1	03E8	ordinary_sample_offset
MON.DAT	mon_primary_before_aux_root	payload[1]/4	645		645	00000C14	00016AF3	00016CF3	1	03E8	ordinary_sample_offset
MON.DAT	mon_primary_before_aux_root	payload[1]/4	646		646	00000C18	00016B80	00016D80	1	03E8	ordinary_sample_offset
MON.DAT	mon_primary_before_aux_root	payload[1]/4	647		647	00000C1C	00016BEB	00016DEB	1	03E8	ordinary_sample_offset
MON.DAT	mon_primary_before_aux_root	payload[1]/4	648		648	00000C20	00016C68	00016E68	1	03E8	ordinary_sample_offset
MON.DAT	mon_primary_before_aux_root	payload[1]/4	649		649	00000C24	00016CB9	00016EB9	1	03E8	ordinary_sample_offset
MON.DAT	mon_primary_before_aux_root	payload[1]/4	650		650	00000C28	00016D30	00016F30	1	03E8	ordinary_sample_offset
MON.DAT	mon_primary_before_aux_root	payload[1]/4	651		651	00000C2C	00016DB5	00016FB5	1	03E8	ordinary_sample_offset
MON.DAT	mon_primary_before_aux_root	payload[1]/4	652		652	00000C30	00016E12	00017012	1	03E8	ordinary_sample_offset
MON.DAT	mon_primary_before_aux_root	payload[1]/4	653		653	00000C34	00016E6D	0001706D	1	03E8	ordinary_sample_offset
MON.DAT	mon_primary_before_aux_root	payload[1]/4	654		654	00000C38	00016ED8	000170D8	1	03E8	ordinary_sample_offset
MON.DAT	mon_primary_before_aux_root	payload[1]/4	655		655	00000C3C	00016F25	00017125	1	03E8	ordinary_sample_offset
MON.DAT	mon_primary_before_aux_root	payload[1]/4	656		656	00000C40	00016F78	00017178	1	03E8	ordinary_sample_offset
MON.DAT	mon_primary_before_aux_root	payload[1]/4	657		657	00000C44	00016FC5	000171C5	1	03E8	ordinary_sample_offset
MON.DAT	mon_primary_before_aux_root	payload[1]/4	658		658	00000C48	0001701C	0001721C	1	03E8	ordinary_sample_offset
MON.DAT	mon_primary_before_aux_root	payload[1]/4	659		659	00000C4C	00017079	00017279	1	03E8	ordinary_sample_offset
MON.DAT	mon_primary_before_aux_root	payload[1]/4	660		660	00000C50	000170F8	000172F8	1	03E8	ordinary_sample_offset
MON.DAT	mon_primary_before_aux_root	payload[1]/4	661		661	00000C54	00017157	00017357	1	03E8	ordinary_sample_offset
MON.DAT	mon_primary_before_aux_root	payload[1]/4	662		662	00000C58	000171B4	000173B4	1	03E8	ordinary_sample_offset
MON.DAT	mon_primary_before_aux_root	payload[1]/4	663		663	00000C5C	00017237	00017437	1	03E8	ordinary_sample_offset
MON.DAT	mon_primary_before_aux_root	payload[1]/4	664		664	00000C60	00017296	00017496	1	03E8	ordinary_sample_offset
MON.DAT	mon_primary_before_aux_root	payload[1]/4	665		665	00000C64	0001730D	0001750D	1	03E8	ordinary_sample_offset
MON.DAT	mon_primary_before_aux_root	payload[1]/4	666		666	00000C68	0001736F	0001756F	1	03E8	ordinary_sample_offset
MON.DAT	mon_primary_before_aux_root	payload[1]/4	667		667	00000C6C	000173D3	000175D3	1	03E8	ordinary_sample_offset
MON.DAT	mon_primary_before_aux_root	payload[1]/4	668		668	00000C70	00017434	00017634	1	03E8	ordinary_sample_offset
MON.DAT	mon_primary_before_aux_root	payload[1]/4	669		669	00000C74	00017497	00017697	1	03E8	ordinary_sample_offset
MON.DAT	mon_primary_before_aux_root	payload[1]/4	670		670	00000C78	000174FA	000176FA	1	03E8	ordinary_sample_offset
MON.DAT	mon_primary_before_aux_root	payload[1]/4	671		671	00000C7C	00017551	00017751	1	03E8	ordinary_sample_offset
MON.DAT	mon_primary_before_aux_root	payload[1]/4	672		672	00000C80	000175A4	000177A4	1	03E8	ordinary_sample_offset
MON.DAT	mon_primary_before_aux_root	payload[1]/4	673		673	00000C84	00017601	00017801	1	03E8	ordinary_sample_offset
MON.DAT	mon_primary_before_aux_root	payload[1]/4	674		674	00000C88	0001765C	0001785C	1	03E8	ordinary_sample_offset
MON.DAT	mon_primary_before_aux_root	payload[1]/4	675		675	00000C8C	000176C1	000178C1	1	03E8	ordinary_sample_offset
MON.DAT	mon_primary_before_aux_root	payload[1]/4	676		676	00000C90	00017748	00017948	1	03E8	ordinary_sample_offset
MON.DAT	mon_primary_before_aux_root	payload[1]/4	677		677	00000C94	000177B5	000179B5	1	03E8	ordinary_sample_offset
MON.DAT	mon_primary_before_aux_root	payload[1]/4	678		678	00000C98	00017814	00017A14	1	03E8	ordinary_sample_offset
MON.DAT	mon_primary_before_aux_root	payload[1]/4	679		679	00000C9C	00017871	00017A71	1	03E8	ordinary_sample_offset
MON.DAT	mon_primary_before_aux_root	payload[1]/4	680		680	00000CA0	000178C6	00017AC6	1	03E8	ordinary_sample_offset
MON.DAT	mon_primary_before_aux_root	payload[1]/4	681		681	00000CA4	0001791F	00017B1F	1	03E8	ordinary_sample_offset
MON.DAT	mon_primary_before_aux_root	payload[1]/4	682		682	00000CA8	00017972	00017B72	1	03E8	ordinary_sample_offset
MON.DAT	mon_primary_before_aux_root	payload[1]/4	683		683	00000CAC	000179CB	00017BCB	1	03E8	ordinary_sample_offset
MON.DAT	mon_primary_before_aux_root	payload[1]/4	684		684	00000CB0	00017A20	00017C20	1	03E8	ordinary_sample_offset
MON.DAT	mon_primary_before_aux_root	payload[1]/4	685		685	00000CB4	00017A99	00017C99	1	03E8	ordinary_sample_offset
MON.DAT	mon_primary_before_aux_root	payload[1]/4	686		686	00000CB8	00017AFC	00017CFC	1	03E8	ordinary_sample_offset
MON.DAT	mon_primary_before_aux_root	payload[1]/4	687		687	00000CBC	00017B53	00017D53	1	03E8	ordinary_sample_offset
MON.DAT	mon_primary_before_aux_root	payload[1]/4	688		688	00000CC0	00017BAC	00017DAC	1	03E8	ordinary_sample_offset
MON.DAT	mon_primary_before_aux_root	payload[1]/4	689		689	00000CC4	00017C0D	00017E0D	1	03E8	ordinary_sample_offset
MON.DAT	mon_primary_before_aux_root	payload[1]/4	690		690	00000CC8	00017C66	00017E66	1	03E8	ordinary_sample_offset
MON.DAT	mon_primary_before_aux_root	payload[1]/4	691		691	00000CCC	000159C1	00015BC1	1	03E8	ordinary_sample_offset
MON.DAT	mon_primary_before_aux_root	payload[1]/4	692		692	00000CD0	00015A30	00015C30	1	03E8	ordinary_sample_offset
MON.DAT	mon_primary_before_aux_root	payload[1]/4	693		693	00000CD4	00015A91	00015C91	1	03E8	ordinary_sample_offset
MON.DAT	mon_primary_before_aux_root	payload[1]/4	694		694	00000CD8	00015AEA	00015CEA	1	03E8	ordinary_sample_offset
MON.DAT	mon_primary_before_aux_root	payload[1]/4	695		695	00000CDC	00015B63	00015D63	1	03E8	ordinary_sample_offset
MON.DAT	mon_primary_before_aux_root	payload[1]/4	696		696	00000CE0	00015BBC	00015DBC	1	03E8	ordinary_sample_offset
MON.DAT	mon_primary_before_aux_root	payload[1]/4	697		697	00000CE4	00015C4F	00015E4F	1	03E8	ordinary_sample_offset
MON.DAT	mon_primary_before_aux_root	payload[1]/4	698		698	00000CE8	00015C9E	00015E9E	1	03E8	ordinary_sample_offset
MON.DAT	mon_primary_before_aux_root	payload[1]/4	699		699	00000CEC	00015D2F	00015F2F	1	03E8	ordinary_sample_offset
MON.DAT	mon_primary_before_aux_root	payload[1]/4	700		700	00000CF0	00015DCA	00015FCA	1	03E8	ordinary_sample_offset
MON.DAT	mon_primary_before_aux_root	payload[1]/4	701		701	00000CF4	00015E15	00016015	1	03E8	ordinary_sample_offset
MON.DAT	mon_primary_before_aux_root	payload[1]/4	702		702	00000CF8	00015E78	00016078	1	03E8	ordinary_sample_offset
MON.DAT	mon_primary_before_aux_root	payload[1]/4	703		703	00000CFC	00015EEB	000160EB	1	03E8	ordinary_sample_offset
MON.DAT	mon_primary_before_aux_root	payload[1]/4	704		704	00000D00	00015F58	00016158	1	03E8	ordinary_sample_offset
MON.DAT	mon_primary_before_aux_root	payload[1]/4	705		705	00000D04	00015FBD	000161BD	1	03E8	ordinary_sample_offset
MON.DAT	mon_primary_before_aux_root	payload[1]/4	706		706	00000D08	0001601C	0001621C	1	03E8	ordinary_sample_offset
MON.DAT	mon_primary_before_aux_root	payload[1]/4	707		707	00000D0C	00016067	00016267	1	03E8	ordinary_sample_offset
MON.DAT	mon_primary_before_aux_root	payload[1]/4	708		708	00000D10	000160B0	000162B0	1	03E8	ordinary_sample_offset
MON.DAT	mon_primary_before_aux_root	payload[1]/4	709		709	00000D14	00016119	00016319	1	03E8	ordinary_sample_offset
MON.DAT	mon_primary_before_aux_root	payload[1]/4	710		710	00000D18	00017CC1	00017EC1	1	03E8	ordinary_sample_offset
MON.DAT	mon_primary_before_aux_root	payload[1]/4	711		711	00000D1C	00017D10	00017F10	1	03E8	ordinary_sample_offset
MON.DAT	mon_primary_before_aux_root	payload[1]/4	712		712	00000D20	00017D5F	00017F5F	1	03E8	ordinary_sample_offset
MON.DAT	mon_primary_before_aux_root	payload[1]/4	713		713	00000D24	00017DB6	00017FB6	1	03E8	ordinary_sample_offset
MON.DAT	mon_primary_before_aux_root	payload[1]/4	714		714	00000D28	00017E1F	0001801F	1	03E8	ordinary_sample_offset
MON.DAT	mon_primary_before_aux_root	payload[1]/4	715		715	00000D2C	00017E80	00018080	1	03E8	ordinary_sample_offset
MON.DAT	mon_primary_before_aux_root	payload[1]/4	716		716	00000D30	00017ED9	000180D9	1	03E8	ordinary_sample_offset
MON.DAT	mon_primary_before_aux_root	payload[1]/4	717		717	00000D34	00017F36	00018136	1	03E8	ordinary_sample_offset
MON.DAT	mon_primary_before_aux_root	payload[1]/4	718		718	00000D38	00017F93	00018193	1	03E8	ordinary_sample_offset
MON.DAT	mon_primary_before_aux_root	payload[1]/4	719		719	00000D3C	00017FF4	000181F4	1	03E8	ordinary_sample_offset
MON.DAT	mon_primary_before_aux_root	payload[1]/4	720		720	00000D40	00018043	00018243	1	03E8	ordinary_sample_offset
MON.DAT	mon_primary_before_aux_root	payload[1]/4	721		721	00000D44	00018096	00018296	1	03E8	ordinary_sample_offset
MON.DAT	mon_primary_before_aux_root	payload[1]/4	722		722	00000D48	000180E5	000182E5	1	03E8	ordinary_sample_offset
MON.DAT	mon_primary_before_aux_root	payload[1]/4	723		723	00000D4C	00018134	00018334	1	03E8	ordinary_sample_offset
MON.DAT	mon_primary_before_aux_root	payload[1]/4	724		724	00000D50	00018183	00018383	1	03E8	ordinary_sample_offset
MON.DAT	mon_primary_before_aux_root	payload[1]/4	725		725	00000D54	000181D2	000183D2	1	03E8	ordinary_sample_offset
MON.DAT	mon_primary_before_aux_root	payload[1]/4	726		726	00000D58	00018223	00018423	1	03E8	ordinary_sample_offset
MON.DAT	mon_primary_before_aux_root	payload[1]/4	727		727	00000D5C	00018272	00018472	1	03E8	ordinary_sample_offset
MON.DAT	mon_primary_before_aux_root	payload[1]/4	728		728	00000D60	000182C5	000184C5	1	03E8	ordinary_sample_offset
MON.DAT	mon_primary_before_aux_root	payload[1]/4	729		729	00000D64	00018318	00018518	1	03E8	ordinary_sample_offset
MON.DAT	mon_primary_before_aux_root	payload[1]/4	730		730	00000D68	00018365	00018565	1	03E8	ordinary_sample_offset
MON.DAT	mon_primary_before_aux_root	payload[1]/4	731		731	00000D6C	000183B2	000185B2	1	03E8	ordinary_sample_offset
MON.DAT	mon_primary_before_aux_root	payload[1]/4	732		732	00000D70	000183FF	000185FF	1	03E8	ordinary_sample_offset
MON.DAT	mon_primary_before_aux_root	payload[1]/4	733		733	00000D74	00018496	00018696	1	03E8	ordinary_sample_offset
MON.DAT	mon_primary_before_aux_root	payload[1]/4	734		734	00000D78	000184DD	000186DD	1	03E8	ordinary_sample_offset
MON.DAT	mon_primary_before_aux_root	payload[1]/4	735		735	00000D7C	00018549	00018749	1	03E8	ordinary_sample_offset
MON.DAT	mon_primary_before_aux_root	payload[1]/4	736		736	00000D80	0001857E	0001877E	1	03E8	ordinary_sample_offset
MON.DAT	mon_primary_before_aux_root	payload[1]/4	737		737	00000D84	000185B3	000187B3	1	03E8	ordinary_sample_offset
MON.DAT	mon_primary_before_aux_root	payload[1]/4	738		738	00000D88	000185E8	000187E8	1	03E8	ordinary_sample_offset
MON.DAT	mon_primary_before_aux_root	payload[1]/4	739		739	00000D8C	0001861F	0001881F	1	03E8	ordinary_sample_offset
MON.DAT	mon_primary_before_aux_root	payload[1]/4	740		740	00000D90	00018654	00018854	1	03E8	ordinary_sample_offset
MON.DAT	mon_primary_before_aux_root	payload[1]/4	741		741	00000D94	0001868B	0001888B	1	03E8	ordinary_sample_offset
MON.DAT	mon_primary_before_aux_root	payload[1]/4	742		742	00000D98	000186C0	000188C0	1	03E8	ordinary_sample_offset
MON.DAT	mon_primary_before_aux_root	payload[1]/4	743		743	00000D9C	000186F5	000188F5	1	03E8	ordinary_sample_offset
MON.DAT	mon_primary_before_aux_root	payload[1]/4	744		744	00000DA0	0001872A	0001892A	1	03E8	ordinary_sample_offset
MON.DAT	mon_primary_before_aux_root	payload[1]/4	745		745	00000DA4	00018761	00018961	1	03E8	ordinary_sample_offset
MON.DAT	mon_primary_before_aux_root	payload[1]/4	746		746	00000DA8	00018798	00018998	1	03E8	ordinary_sample_offset
MON.DAT	mon_primary_before_aux_root	payload[1]/4	747		747	00000DAC	000187CD	000189CD	1	03E8	ordinary_sample_offset
MON.DAT	mon_primary_before_aux_root	payload[1]/4	748		748	00000DB0	00018802	00018A02	1	03E8	ordinary_sample_offset
MON.DAT	mon_primary_before_aux_root	payload[1]/4	749		749	00000DB4	00018837	00018A37	1	03E8	ordinary_sample_offset
MON.DAT	mon_primary_before_aux_root	payload[1]/4	750		750	00000DB8	0001886E	00018A6E	1	03E8	ordinary_sample_offset
MON.DAT	mon_primary_before_aux_root	payload[1]/4	751		751	00000DBC	000188A3	00018AA3	1	03E8	ordinary_sample_offset
MON.DAT	mon_primary_before_aux_root	payload[1]/4	752		752	00000DC0	000188D8	00018AD8	1	03E8	ordinary_sample_offset
MON.DAT	mon_primary_before_aux_root	payload[1]/4	753		753	00000DC4	0001892F	00018B2F	1	03E8	ordinary_sample_offset
MON.DAT	mon_primary_before_aux_root	payload[1]/4	754		754	00000DC8	0001897C	00018B7C	1	03E8	ordinary_sample_offset
MON.DAT	mon_primary_before_aux_root	payload[1]/4	755		755	00000DCC	000189C1	00018BC1	1	03E8	ordinary_sample_offset
MON.DAT	mon_primary_before_aux_root	payload[1]/4	756		756	00000DD0	000189FF	00018BFF	1	03E8	ordinary_sample_offset
MON.DAT	mon_primary_before_aux_root	payload[1]/4	757		757	00000DD4	00018A5E	00018C5E	1	03E8	ordinary_sample_offset
MON.DAT	mon_primary_before_aux_root	payload[1]/4	758		758	00000DD8	00018AC7	00018CC7	1	03E8	ordinary_sample_offset
MON.DAT	mon_primary_before_aux_root	payload[1]/4	759		759	00000DDC	00018B1E	00018D1E	1	03E8	ordinary_sample_offset
MON.DAT	mon_primary_before_aux_root	payload[1]/4	760		760	00000DE0	00018B7F	00018D7F	1	03E8	ordinary_sample_offset
MON.DAT	mon_primary_before_aux_root	payload[1]/4	761		761	00000DE4	00018BD8	00018DD8	1	03E8	ordinary_sample_offset
MON.DAT	mon_primary_before_aux_root	payload[1]/4	762		762	00000DE8	00018C2F	00018E2F	1	03E8	ordinary_sample_offset
MON.DAT	mon_primary_before_aux_root	payload[1]/4	763		763	00000DEC	00018C88	00018E88	1	03E8	ordinary_sample_offset
MON.DAT	mon_primary_before_aux_root	payload[1]/4	764		764	00000DF0	00018CF7	00018EF7	1	03E8	ordinary_sample_offset
MON.DAT	mon_primary_before_aux_root	payload[1]/4	765		765	00000DF4	00018D30	00018F30	1	03E8	ordinary_sample_offset
MON.DAT	mon_primary_before_aux_root	payload[1]/4	766		766	00000DF8	00018D85	00018F85	1	03E8	ordinary_sample_offset
MON.DAT	mon_primary_before_aux_root	payload[1]/4	767		767	00000DFC	00018DDE	00018FDE	1	03E8	ordinary_sample_offset
MON.DAT	mon_primary_before_aux_root	payload[1]/4	768		768	00000E00	00018E6F	0001906F	1	03E8	ordinary_sample_offset
MON.DAT	mon_primary_before_aux_root	payload[1]/4	769		769	00000E04	00018EE4	000190E4	1	03E8	ordinary_sample_offset
MON.DAT	mon_primary_before_aux_root	payload[1]/4	770		770	00000E08	00018F63	00019163	1	03E8	ordinary_sample_offset
MON.DAT	mon_primary_before_aux_root	payload[1]/4	771		771	00000E0C	00019014	00019214	1	03E8	ordinary_sample_offset
MON.DAT	mon_primary_before_aux_root	payload[1]/4	772		772	00000E10	000190A1	000192A1	1	03E8	ordinary_sample_offset
MON.DAT	mon_primary_before_aux_root	payload[1]/4	773		773	00000E14	0001913E	0001933E	1	03E8	ordinary_sample_offset
MON.DAT	mon_primary_before_aux_root	payload[1]/4	774		774	00000E18	00019185	00019385	1	03E8	ordinary_sample_offset
MON.DAT	mon_primary_before_aux_root	payload[1]/4	775		775	00000E1C	000191CC	000193CC	1	03E8	ordinary_sample_offset
MON.DAT	mon_primary_before_aux_root	payload[1]/4	776		776	00000E20	00019213	00019413	1	03E8	ordinary_sample_offset
MON.DAT	mon_primary_before_aux_root	payload[1]/4	777		777	00000E24	0001925A	0001945A	1	03E8	ordinary_sample_offset
MON.DAT	mon_primary_before_aux_root	payload[1]/4	778		778	00000E28	000192C3	000194C3	1	03E8	ordinary_sample_offset
MON.DAT	mon_primary_before_aux_root	payload[1]/4	779		779	00000E2C	0001932C	0001952C	1	03E8	ordinary_sample_offset
MON.DAT	mon_primary_before_aux_root	payload[1]/4	780		780	00000E30	00019395	00019595	1	03E8	ordinary_sample_offset
MON.DAT	mon_primary_before_aux_root	payload[1]/4	781		781	00000E34	000193FE	000195FE	1	03E8	ordinary_sample_offset
MON.DAT	mon_primary_before_aux_root	payload[1]/4	782		782	00000E38	00019467	00019667	1	03E8	ordinary_sample_offset
MON.DAT	mon_primary_before_aux_root	payload[1]/4	783		783	00000E3C	000194D0	000196D0	1	03E8	ordinary_sample_offset
MON.DAT	mon_primary_before_aux_root	payload[1]/4	784		784	00000E40	0001952B	0001972B	1	03E8	ordinary_sample_offset
MON.DAT	mon_primary_before_aux_root	payload[1]/4	785		785	00000E44	00019586	00019786	1	03E8	ordinary_sample_offset
MON.DAT	mon_primary_before_aux_root	payload[1]/4	786		786	00000E48	000195E1	000197E1	1	03E8	ordinary_sample_offset
MON.DAT	mon_primary_before_aux_root	payload[1]/4	787		787	00000E4C	0001963C	0001983C	1	03E8	ordinary_sample_offset
MON.DAT	mon_primary_before_aux_root	payload[1]/4	788		788	00000E50	00019697	00019897	1	03E8	ordinary_sample_offset
MON.DAT	mon_primary_before_aux_root	payload[1]/4	789		789	00000E54	000196EC	000198EC	1	03E8	ordinary_sample_offset
MON.DAT	mon_primary_before_aux_root	payload[1]/4	790		790	00000E58	0001975B	0001995B	1	03E8	ordinary_sample_offset
MON.DAT	mon_primary_before_aux_root	payload[1]/4	791		791	00000E5C	000197AE	000199AE	1	03E8	ordinary_sample_offset
MON.DAT	mon_primary_before_aux_root	payload[1]/4	792		792	00000E60	000197EB	000199EB	1	03E8	ordinary_sample_offset
MON.DAT	mon_primary_before_aux_root	payload[1]/4	793		793	00000E64	00019856	00019A56	1	03E8	ordinary_sample_offset
MON.DAT	mon_primary_before_aux_root	payload[1]/4	794		794	00000E68	000198E1	00019AE1	1	03E8	ordinary_sample_offset
MON.DAT	mon_primary_before_aux_root	payload[1]/4	795		795	00000E6C	00019958	00019B58	1	03E8	ordinary_sample_offset
MON.DAT	mon_primary_before_aux_root	payload[1]/4	796		796	00000E70	000199E5	00019BE5	1	03E8	ordinary_sample_offset
MON.DAT	mon_primary_before_aux_root	payload[1]/4	797		797	00000E74	00019A2A	00019C2A	1	03E8	ordinary_sample_offset
MON.DAT	mon_primary_before_aux_root	payload[1]/4	798		798	00000E78	00019A71	00019C71	1	03E8	ordinary_sample_offset
MON.DAT	mon_primary_before_aux_root	payload[1]/4	799		799	00000E7C	00019AB6	00019CB6	1	03E8	ordinary_sample_offset
MON.DAT	mon_primary_before_aux_root	payload[1]/4	800		800	00000E80	00019B0D	00019D0D	1	03E8	ordinary_sample_offset
MON.DAT	mon_primary_before_aux_root	payload[1]/4	801		801	00000E84	00019B6A	00019D6A	1	03E8	ordinary_sample_offset
MON.DAT	mon_primary_before_aux_root	payload[1]/4	802		802	00000E88	00019BBD	00019DBD	1	03E8	ordinary_sample_offset
MON.DAT	mon_primary_before_aux_root	payload[1]/4	803		803	00000E8C	00019C2C	00019E2C	1	03E8	ordinary_sample_offset
MON.DAT	mon_primary_before_aux_root	payload[1]/4	804		804	00000E90	00019C9B	00019E9B	1	03E8	ordinary_sample_offset
MON.DAT	mon_primary_before_aux_root	payload[1]/4	805		805	00000E94	00019D0A	00019F0A	1	03E8	ordinary_sample_offset
MON.DAT	mon_primary_before_aux_root	payload[1]/4	806		806	00000E98	00019D7D	00019F7D	1	03E8	ordinary_sample_offset
MON.DAT	mon_primary_before_aux_root	payload[1]/4	807		807	00000E9C	00019DEE	00019FEE	1	03E8	ordinary_sample_offset
MON.DAT	mon_primary_before_aux_root	payload[1]/4	808		808	00000EA0	00019E6D	0001A06D	1	03E8	ordinary_sample_offset
MON.DAT	mon_primary_before_aux_root	payload[1]/4	809		809	00000EA4	00019EBE	0001A0BE	1	03E8	ordinary_sample_offset
MON.DAT	mon_primary_before_aux_root	payload[1]/4	810		810	00000EA8	00019F05	0001A105	1	03E8	ordinary_sample_offset
MON.DAT	mon_primary_before_aux_root	payload[1]/4	811		811	00000EAC	00019F62	0001A162	1	03E8	ordinary_sample_offset
MON.DAT	mon_primary_before_aux_root	payload[1]/4	812		812	00000EB0	00019FAF	0001A1AF	1	03E8	ordinary_sample_offset
MON.DAT	mon_primary_before_aux_root	payload[1]/4	813		813	00000EB4	0001A000	0001A200	1	03E8	ordinary_sample_offset
MON.DAT	mon_primary_before_aux_root	payload[1]/4	814		814	00000EB8	0001A07D	0001A27D	1	03E8	ordinary_sample_offset
MON.DAT	mon_primary_before_aux_root	payload[1]/4	815		815	00000EBC	0001A0D4	0001A2D4	1	03E8	ordinary_sample_offset
MON.DAT	mon_primary_before_aux_root	payload[1]/4	816		816	00000EC0	0001A15F	0001A35F	1	03E8	ordinary_sample_offset
MON.DAT	mon_primary_before_aux_root	payload[1]/4	817		817	00000EC4	0001A1D2	0001A3D2	1	03E8	ordinary_sample_offset
MON.DAT	mon_primary_before_aux_root	payload[1]/4	818		818	00000EC8	0001A221	0001A421	1	03E8	ordinary_sample_offset
MON.DAT	mon_primary_before_aux_root	payload[1]/4	819		819	00000ECC	0001A276	0001A476	1	03E8	ordinary_sample_offset
MON.DAT	mon_primary_before_aux_root	payload[1]/4	820		820	00000ED0	0001A2C5	0001A4C5	1	03E8	ordinary_sample_offset
MON.DAT	mon_primary_before_aux_root	payload[1]/4	821		821	00000ED4	0001A31A	0001A51A	1	03E8	ordinary_sample_offset
MON.DAT	mon_primary_before_aux_root	payload[1]/4	822		822	00000ED8	0001A37D	0001A57D	1	03E8	ordinary_sample_offset
MON.DAT	mon_primary_before_aux_root	payload[1]/4	823		823	00000EDC	0001A3E8	0001A5E8	1	03E8	ordinary_sample_offset
MON.DAT	mon_primary_before_aux_root	payload[1]/4	824		824	00000EE0	0001A447	0001A647	1	03E8	ordinary_sample_offset
MON.DAT	mon_primary_before_aux_root	payload[1]/4	825		825	00000EE4	0001A4AC	0001A6AC	1	03E8	ordinary_sample_offset
MON.DAT	mon_primary_before_aux_root	payload[1]/4	826		826	00000EE8	0001A4ED	0001A6ED	1	03E8	ordinary_sample_offset
MON.DAT	mon_primary_before_aux_root	payload[1]/4	827		827	00000EEC	0001A532	0001A732	1	03E8	ordinary_sample_offset
MON.DAT	mon_primary_before_aux_root	payload[1]/4	828		828	00000EF0	0001A581	0001A781	1	03E8	ordinary_sample_offset
MON.DAT	mon_primary_before_aux_root	payload[1]/4	829		829	00000EF4	0001A5E0	0001A7E0	1	03E8	ordinary_sample_offset
MON.DAT	mon_primary_before_aux_root	payload[1]/4	830		830	00000EF8	0001A643	0001A843	1	03E8	ordinary_sample_offset
MON.DAT	mon_primary_before_aux_root	payload[1]/4	831		831	00000EFC	0001A69C	0001A89C	1	03E8	ordinary_sample_offset
MON.DAT	mon_primary_before_aux_root	payload[1]/4	832		832	00000F00	0001A6F9	0001A8F9	1	03E8	ordinary_sample_offset
MON.DAT	mon_primary_before_aux_root	payload[1]/4	833		833	00000F04	0001A75A	0001A95A	1	03E8	ordinary_sample_offset
MON.DAT	mon_primary_before_aux_root	payload[1]/4	834		834	00000F08	0001A7B3	0001A9B3	1	03E8	ordinary_sample_offset
MON.DAT	mon_primary_before_aux_root	payload[1]/4	835		835	00000F0C	0001A804	0001AA04	1	03E8	ordinary_sample_offset
MON.DAT	mon_primary_before_aux_root	payload[1]/4	836		836	00000F10	0001A8A3	0001AAA3	1	03E8	ordinary_sample_offset
MON.DAT	mon_primary_before_aux_root	payload[1]/4	837		837	00000F14	00000000	00000200	1	5102	ordinary_sample_offset
MON.DAT	mon_primary_before_aux_root	payload[1]/4	838		838	00000F18	00000000	00000200	1	5102	ordinary_sample_offset
MON.DAT	mon_primary_before_aux_root	payload[1]/4	839		839	00000F1C	00000000	00000200	1	5102	ordinary_sample_offset
MON.DAT	mon_primary_before_aux_root	payload[1]/4	840		840	00000F20	00000000	00000200	1	5102	ordinary_sample_offset
MON.DAT	mon_primary_before_aux_root	payload[1]/4	841		841	00000F24	00000000	00000200	1	5102	ordinary_sample_offset
MON.DAT	mon_primary_before_aux_root	payload[1]/4	842		842	00000F28	00000000	00000200	1	5102	ordinary_sample_offset
MON.DAT	mon_primary_before_aux_root	payload[1]/4	843		843	00000F2C	00000000	00000200	1	5102	ordinary_sample_offset
MON.DAT	mon_primary_before_aux_root	payload[1]/4	844		844	00000F30	00000000	00000200	1	5102	ordinary_sample_offset
MON.DAT	mon_primary_before_aux_root	payload[1]/4	845		845	00000F34	00000000	00000200	1	5102	ordinary_sample_offset
MON.DAT	mon_primary_before_aux_root	payload[1]/4	846		846	00000F38	00000000	00000200	1	5102	ordinary_sample_offset
MON.DAT	mon_primary_before_aux_root	payload[1]/4	847		847	00000F3C	00000000	00000200	1	5102	ordinary_sample_offset
MON.DAT	mon_primary_before_aux_root	payload[1]/4	848		848	00000F40	00000000	00000200	1	5102	ordinary_sample_offset
MON.DAT	mon_primary_before_aux_root	payload[1]/4	849		849	00000F44	00000000	00000200	1	5102	ordinary_sample_offset
MON.DAT	mon_primary_before_aux_root	payload[1]/4	850		850	00000F48	00000000	00000200	1	5102	ordinary_sample_offset
MON.DAT	mon_primary_before_aux_root	payload[1]/4	851		851	00000F4C	00000000	00000200	1	5102	ordinary_sample_offset
MON.DAT	mon_primary_before_aux_root	payload[1]/4	852		852	00000F50	0001A914	0001AB14	1	03E8	ordinary_sample_offset
MON.DAT	mon_primary_before_aux_root	payload[1]/4	853		853	00000F54	0001A9BC	0001ABBC	1	03E8	ordinary_sample_offset
MON.DAT	mon_primary_before_aux_root	payload[1]/4	854		854	00000F58	0001AA8E	0001AC8E	1	03E8	ordinary_sample_offset
MON.DAT	mon_primary_before_aux_root	payload[1]/4	855		855	00000F5C	0001AB71	0001AD71	1	03E8	ordinary_sample_offset
MON.DAT	mon_primary_before_aux_root	payload[1]/4	856		856	00000F60	0001AC10	0001AE10	1	03E8	ordinary_sample_offset
MON.DAT	mon_primary_before_aux_root	payload[1]/4	857		857	00000F64	0001AC9B	0001AE9B	1	03E8	ordinary_sample_offset
MON.DAT	mon_primary_before_aux_root	payload[1]/4	858		858	00000F68	0001AD4E	0001AF4E	1	03E8	ordinary_sample_offset
MON.DAT	mon_primary_before_aux_root	payload[1]/4	859		859	00000F6C	0001ADD1	0001AFD1	1	03E8	ordinary_sample_offset
MON.DAT	mon_primary_before_aux_root	payload[1]/4	860		860	00000F70	0001AE3E	0001B03E	1	03E8	ordinary_sample_offset
MON.DAT	mon_primary_before_aux_root	payload[1]/4	861		861	00000F74	0001AEC9	0001B0C9	1	03E8	ordinary_sample_offset
MON.DAT	mon_primary_before_aux_root	payload[1]/4	862		862	00000F78	0001AF60	0001B160	1	03E8	ordinary_sample_offset
MON.DAT	mon_primary_before_aux_root	payload[1]/4	863		863	00000F7C	0001B003	0001B203	1	03E8	ordinary_sample_offset
MON.DAT	mon_primary_before_aux_root	payload[1]/4	864		864	00000F80	0001B084	0001B284	1	03E8	ordinary_sample_offset
MON.DAT	mon_primary_before_aux_root	payload[1]/4	865		865	00000F84	0001B133	0001B333	1	03E8	ordinary_sample_offset
MON.DAT	mon_primary_before_aux_root	payload[1]/4	866		866	00000F88	0001B1EE	0001B3EE	1	03E8	ordinary_sample_offset
MON.DAT	mon_primary_before_aux_root	payload[1]/4	867		867	00000F8C	0001B267	0001B467	1	03E8	ordinary_sample_offset
MON.DAT	mon_primary_before_aux_root	payload[1]/4	868		868	00000F90	0001B2F2	0001B4F2	1	03E8	ordinary_sample_offset
MON.DAT	mon_primary_before_aux_root	payload[1]/4	869		869	00000F94	0001B37D	0001B57D	1	03E8	ordinary_sample_offset
MON.DAT	mon_primary_before_aux_root	payload[1]/4	870		870	00000F98	0001B410	0001B610	1	03E8	ordinary_sample_offset
MON.DAT	mon_primary_before_aux_root	payload[1]/4	871		871	00000F9C	0001B495	0001B695	1	03E8	ordinary_sample_offset
MON.DAT	mon_primary_before_aux_root	payload[1]/4	872		872	00000FA0	0001B53E	0001B73E	1	03E8	ordinary_sample_offset
MON.DAT	mon_primary_before_aux_root	payload[1]/4	873		873	00000FA4	0001B5DD	0001B7DD	1	03E8	ordinary_sample_offset
MON.DAT	mon_primary_before_aux_root	payload[1]/4	874		874	00000FA8	0001B648	0001B848	1	03E8	ordinary_sample_offset
MON.DAT	mon_primary_before_aux_root	payload[1]/4	875		875	00000FAC	0001B6C1	0001B8C1	1	03E8	ordinary_sample_offset
MON.DAT	mon_primary_before_aux_root	payload[1]/4	876		876	00000FB0	0001B756	0001B956	1	03E8	ordinary_sample_offset
MON.DAT	mon_primary_before_aux_root	payload[1]/4	877		877	00000FB4	0001B803	0001BA03	1	03E8	ordinary_sample_offset
MON.DAT	mon_primary_before_aux_root	payload[1]/4	878		878	00000FB8	0001B8D2	0001BAD2	1	03E8	ordinary_sample_offset
MON.DAT	mon_primary_before_aux_root	payload[1]/4	879		879	00000FBC	0001B95F	0001BB5F	1	03E8	ordinary_sample_offset
MON.DAT	mon_primary_before_aux_root	payload[1]/4	880		880	00000FC0	0001BA08	0001BC08	1	03E8	ordinary_sample_offset
MON.DAT	mon_primary_before_aux_root	payload[1]/4	881		881	00000FC4	0001BA6F	0001BC6F	1	03E8	ordinary_sample_offset
MON.DAT	mon_primary_before_aux_root	payload[1]/4	882		882	00000FC8	0001BAF8	0001BCF8	1	03E8	ordinary_sample_offset
MON.DAT	mon_primary_before_aux_root	payload[1]/4	883		883	00000FCC	0001BB9B	0001BD9B	1	03E8	ordinary_sample_offset
MON.DAT	mon_primary_before_aux_root	payload[1]/4	884		884	00000FD0	0001BC2A	0001BE2A	1	03E8	ordinary_sample_offset
MON.DAT	mon_primary_before_aux_root	payload[1]/4	885		885	00000FD4	0001BCDB	0001BEDB	1	03E8	ordinary_sample_offset
MON.DAT	mon_primary_before_aux_root	payload[1]/4	886		886	00000FD8	0001BD5A	0001BF5A	1	03E8	ordinary_sample_offset
MON.DAT	mon_primary_before_aux_root	payload[1]/4	887		887	00000FDC	0001BDC7	0001BFC7	1	03E8	ordinary_sample_offset
MON.DAT	mon_primary_before_aux_root	payload[1]/4	888		888	00000FE0	0001BE4E	0001C04E	1	03E8	ordinary_sample_offset
MON.DAT	mon_primary_before_aux_root	payload[1]/4	889		889	00000FE4	0001BED5	0001C0D5	1	03E8	ordinary_sample_offset
MON.DAT	mon_primary_before_aux_root	payload[1]/4	890		890	00000FE8	0001BF74	0001C174	1	03E8	ordinary_sample_offset
MON.DAT	mon_primary_before_aux_root	payload[1]/4	891		891	00000FEC	0001C007	0001C207	1	03E8	ordinary_sample_offset
MON.DAT	mon_primary_before_aux_root	payload[1]/4	892		892	00000FF0	0001C08D	0001C28D	1	03E8	ordinary_sample_offset
MON.DAT	mon_primary_before_aux_root	payload[1]/4	893		893	00000FF4	0001C11E	0001C31E	1	03E8	ordinary_sample_offset
MON.DAT	mon_primary_before_aux_root	payload[1]/4	894		894	00000FF8	0001C1DB	0001C3DB	1	03E8	ordinary_sample_offset
MON.DAT	mon_primary_before_aux_root	payload[1]/4	895		895	00000FFC	0001C25F	0001C45F	1	03E8	ordinary_sample_offset
MON.DAT	mon_primary_before_aux_root	payload[1]/4	896		896	00001000	0001C31E	0001C51E	1	03E8	ordinary_sample_offset
MON.DAT	mon_primary_before_aux_root	payload[1]/4	897		897	00001004	0001C3DF	0001C5DF	1	03E8	ordinary_sample_offset
MON.DAT	mon_primary_before_aux_root	payload[1]/4	898		898	00001008	0001C46C	0001C66C	1	03E8	ordinary_sample_offset
MON.DAT	mon_primary_before_aux_root	payload[1]/4	899		899	0000100C	0001C51F	0001C71F	1	03E8	ordinary_sample_offset
MON.DAT	mon_primary_before_aux_root	payload[1]/4	900		900	00001010	0001C5D8	0001C7D8	1	03E8	ordinary_sample_offset
MON.DAT	mon_primary_before_aux_root	payload[1]/4	901		901	00001014	0001C661	0001C861	1	03E8	ordinary_sample_offset
MON.DAT	mon_primary_before_aux_root	payload[1]/4	902		902	00001018	0001C6DC	0001C8DC	1	03E8	ordinary_sample_offset
MON.DAT	mon_primary_before_aux_root	payload[1]/4	903		903	0000101C	0001C749	0001C949	1	03E8	ordinary_sample_offset
MON.DAT	mon_primary_before_aux_root	payload[1]/4	904		904	00001020	0001C7FA	0001C9FA	1	03E8	ordinary_sample_offset
MON.DAT	mon_primary_before_aux_root	payload[1]/4	905		905	00001024	0001C86F	0001CA6F	1	03E8	ordinary_sample_offset
MON.DAT	mon_primary_before_aux_root	payload[1]/4	906		906	00001028	0001C8F4	0001CAF4	1	03E8	ordinary_sample_offset
MON.DAT	mon_primary_before_aux_root	payload[1]/4	907		907	0000102C	0001C983	0001CB83	1	03E8	ordinary_sample_offset
MON.DAT	mon_primary_before_aux_root	payload[1]/4	908		908	00001030	0001CA10	0001CC10	1	03E8	ordinary_sample_offset
MON.DAT	mon_primary_before_aux_root	payload[1]/4	909		909	00001034	0001CA94	0001CC94	1	03E8	ordinary_sample_offset
MON.DAT	mon_primary_before_aux_root	payload[1]/4	910		910	00001038	0001CB05	0001CD05	1	03E8	ordinary_sample_offset
MON.DAT	mon_primary_before_aux_root	payload[1]/4	911		911	0000103C	0001CBC8	0001CDC8	1	03E8	ordinary_sample_offset
MON.DAT	mon_primary_before_aux_root	payload[1]/4	912		912	00001040	0001CC5A	0001CE5A	1	03E8	ordinary_sample_offset
MON.DAT	mon_primary_before_aux_root	payload[1]/4	913		913	00001044	0001CCDD	0001CEDD	1	03E8	ordinary_sample_offset
MON.DAT	mon_primary_before_aux_root	payload[1]/4	914		914	00001048	0001CD60	0001CF60	1	03E8	ordinary_sample_offset
MON.DAT	mon_primary_before_aux_root	payload[1]/4	915		915	0000104C	0001CDD1	0001CFD1	1	03E8	ordinary_sample_offset
MON.DAT	mon_primary_before_aux_root	payload[1]/4	916		916	00001050	0001CE58	0001D058	1	03E8	ordinary_sample_offset
MON.DAT	mon_primary_before_aux_root	payload[1]/4	917		917	00001054	0001CEDB	0001D0DB	1	03E8	ordinary_sample_offset
MON.DAT	mon_primary_before_aux_root	payload[1]/4	918		918	00001058	0001CF56	0001D156	1	03E8	ordinary_sample_offset
MON.DAT	mon_primary_before_aux_root	payload[1]/4	919		919	0000105C	0001CFDD	0001D1DD	1	03E8	ordinary_sample_offset
MON.DAT	mon_primary_before_aux_root	payload[1]/4	920		920	00001060	0001D050	0001D250	1	03E8	ordinary_sample_offset
MON.DAT	mon_primary_before_aux_root	payload[1]/4	921		921	00001064	0001D0E3	0001D2E3	1	03E8	ordinary_sample_offset
MON.DAT	mon_primary_before_aux_root	payload[1]/4	922		922	00001068	0001D15A	0001D35A	1	03E8	ordinary_sample_offset
MON.DAT	mon_primary_before_aux_root	payload[1]/4	923		923	0000106C	0001D1CF	0001D3CF	1	03E8	ordinary_sample_offset
MON.DAT	mon_primary_before_aux_root	payload[1]/4	924		924	00001070	0001D22C	0001D42C	1	03E8	ordinary_sample_offset
MON.DAT	mon_primary_before_aux_root	payload[1]/4	925		925	00001074	0001D281	0001D481	1	03E8	ordinary_sample_offset
MON.DAT	mon_primary_before_aux_root	payload[1]/4	926		926	00001078	0001D2C4	0001D4C4	1	03E8	ordinary_sample_offset
MON.DAT	mon_primary_before_aux_root	payload[1]/4	927		927	0000107C	0001D343	0001D543	1	03E8	ordinary_sample_offset
MON.DAT	mon_primary_before_aux_root	payload[1]/4	928		928	00001080	0001D3D0	0001D5D0	1	03E8	ordinary_sample_offset
MON.DAT	mon_primary_before_aux_root	payload[1]/4	929		929	00001084	0001D47B	0001D67B	1	03E8	ordinary_sample_offset
MON.DAT	mon_primary_before_aux_root	payload[1]/4	930		930	00001088	0001D4F8	0001D6F8	1	03E8	ordinary_sample_offset
MON.DAT	mon_primary_before_aux_root	payload[1]/4	931		931	0000108C	0001D5AD	0001D7AD	1	03E8	ordinary_sample_offset
MON.DAT	mon_primary_before_aux_root	payload[1]/4	932		932	00001090	0001D65A	0001D85A	1	03E8	ordinary_sample_offset
MON.DAT	mon_primary_before_aux_root	payload[1]/4	933		933	00001094	0001D6DF	0001D8DF	1	03E8	ordinary_sample_offset
MON.DAT	mon_primary_before_aux_root	payload[1]/4	934		934	00001098	0001D77A	0001D97A	1	03E8	ordinary_sample_offset
MON.DAT	mon_primary_before_aux_root	payload[1]/4	935		935	0000109C	0001D821	0001DA21	1	03E8	ordinary_sample_offset
MON.DAT	mon_primary_before_aux_root	payload[1]/4	936		936	000010A0	0001D8CC	0001DACC	1	03E8	ordinary_sample_offset
MON.DAT	mon_primary_before_aux_root	payload[1]/4	937		937	000010A4	0001D999	0001DB99	1	03E8	ordinary_sample_offset
MON.DAT	mon_primary_before_aux_root	payload[1]/4	938		938	000010A8	0001DA50	0001DC50	1	03E8	ordinary_sample_offset
MON.DAT	mon_primary_before_aux_root	payload[1]/4	939		939	000010AC	0001DB11	0001DD11	1	03E8	ordinary_sample_offset
MON.DAT	mon_primary_before_aux_root	payload[1]/4	940		940	000010B0	0001DBD1	0001DDD1	1	03E8	ordinary_sample_offset
MON.DAT	mon_primary_before_aux_root	payload[1]/4	941		941	000010B4	0001DC82	0001DE82	1	03E8	ordinary_sample_offset
MON.DAT	mon_primary_before_aux_root	payload[1]/4	942		942	000010B8	0001DD0F	0001DF0F	1	03E8	ordinary_sample_offset
MON.DAT	mon_primary_before_aux_root	payload[1]/4	943		943	000010BC	0001DD8E	0001DF8E	1	03E8	ordinary_sample_offset
MON.DAT	mon_primary_before_aux_root	payload[1]/4	944		944	000010C0	0001DE01	0001E001	1	03E8	ordinary_sample_offset
MON.DAT	mon_primary_before_aux_root	payload[1]/4	945		945	000010C4	0001DE9E	0001E09E	1	03E8	ordinary_sample_offset
MON.DAT	mon_primary_before_aux_root	payload[1]/4	946		946	000010C8	0001DF27	0001E127	1	03E8	ordinary_sample_offset
MON.DAT	mon_primary_before_aux_root	payload[1]/4	947		947	000010CC	0001DFAA	0001E1AA	1	03E8	ordinary_sample_offset
MON.DAT	mon_primary_before_aux_root	payload[1]/4	948		948	000010D0	0001E039	0001E239	1	03E8	ordinary_sample_offset
MON.DAT	mon_primary_before_aux_root	payload[1]/4	949		949	000010D4	0001E0D4	0001E2D4	1	03E8	ordinary_sample_offset
MON.DAT	mon_primary_before_aux_root	payload[1]/4	950		950	000010D8	0001E155	0001E355	1	03E8	ordinary_sample_offset
MON.DAT	mon_primary_before_aux_root	payload[1]/4	951		951	000010DC	0001E1D2	0001E3D2	1	03E8	ordinary_sample_offset
MON.DAT	mon_primary_before_aux_root	payload[1]/4	952		952	000010E0	0001E25B	0001E45B	1	03E8	ordinary_sample_offset
MON.DAT	mon_primary_before_aux_root	payload[1]/4	953		953	000010E4	0001E2F2	0001E4F2	1	03E8	ordinary_sample_offset
MON.DAT	mon_primary_before_aux_root	payload[1]/4	954		954	000010E8	0001E399	0001E599	1	03E8	ordinary_sample_offset
MON.DAT	mon_primary_before_aux_root	payload[1]/4	955		955	000010EC	0001E424	0001E624	1	03E8	ordinary_sample_offset
MON.DAT	mon_primary_before_aux_root	payload[1]/4	956		956	000010F0	0001E4C3	0001E6C3	1	03E8	ordinary_sample_offset
MON.DAT	mon_primary_before_aux_root	payload[1]/4	957		957	000010F4	0001E4FC	0001E6FC	1	03E8	ordinary_sample_offset
MON.DAT	mon_primary_before_aux_root	payload[1]/4	958		958	000010F8	0001E531	0001E731	1	03E8	ordinary_sample_offset
MON.DAT	mon_primary_before_aux_root	payload[1]/4	959		959	000010FC	00000000	00000200	1	5102	ordinary_sample_offset
MON.DAT	mon_primary_before_aux_root	payload[1]/4	960		960	00001100	00000000	00000200	1	5102	ordinary_sample_offset
MON.DAT	mon_primary_before_aux_root	payload[1]/4	961		961	00001104	00000000	00000200	1	5102	ordinary_sample_offset
MON.DAT	mon_primary_before_aux_root	payload[1]/4	962		962	00001108	00000000	00000200	1	5102	ordinary_sample_offset
MON.DAT	mon_primary_before_aux_root	payload[1]/4	963		963	0000110C	00000000	00000200	1	5102	ordinary_sample_offset
MON.DAT	mon_primary_before_aux_root	payload[1]/4	964		964	00001110	00000000	00000200	1	5102	ordinary_sample_offset
MON.DAT	mon_primary_before_aux_root	payload[1]/4	965		965	00001114	00000000	00000200	1	5102	ordinary_sample_offset
MON.DAT	mon_primary_before_aux_root	payload[1]/4	966		966	00001118	00000000	00000200	1	5102	ordinary_sample_offset
MON.DAT	mon_primary_before_aux_root	payload[1]/4	967		967	0000111C	00000000	00000200	1	5102	ordinary_sample_offset
MON.DAT	mon_primary_before_aux_root	payload[1]/4	968		968	00001120	00000000	00000200	1	5102	ordinary_sample_offset
MON.DAT	mon_primary_before_aux_root	payload[1]/4	969		969	00001124	00000000	00000200	1	5102	ordinary_sample_offset
MON.DAT	mon_primary_before_aux_root	payload[1]/4	970		970	00001128	00000000	00000200	1	5102	ordinary_sample_offset
MON.DAT	mon_primary_before_aux_root	payload[1]/4	971		971	0000112C	00000000	00000200	1	5102	ordinary_sample_offset
MON.DAT	mon_primary_before_aux_root	payload[1]/4	972		972	00001130	0001E56E	0001E76E	1	03E8	ordinary_sample_offset
MON.DAT	mon_primary_before_aux_root	payload[1]/4	973		973	00001134	0001E5C7	0001E7C7	1	03E8	ordinary_sample_offset
MON.DAT	mon_primary_before_aux_root	payload[1]/4	974		974	00001138	0001E624	0001E824	1	03E8	ordinary_sample_offset
MON.DAT	mon_primary_before_aux_root	payload[1]/4	975		975	0000113C	0001E681	0001E881	1	03E8	ordinary_sample_offset
MON.DAT	mon_primary_before_aux_root	payload[1]/4	976		976	00001140	0001E6E2	0001E8E2	1	03E8	ordinary_sample_offset
MON.DAT	mon_primary_before_aux_root	payload[1]/4	977		977	00001144	0001E73F	0001E93F	1	03E8	ordinary_sample_offset
MON.DAT	mon_primary_before_aux_root	payload[1]/4	978		978	00001148	0001E7CA	0001E9CA	1	03E8	ordinary_sample_offset
MON.DAT	mon_primary_before_aux_root	payload[1]/4	979		979	0000114C	0001E83F	0001EA3F	1	03E8	ordinary_sample_offset
MON.DAT	mon_primary_before_aux_root	payload[1]/4	980		980	00001150	0001E8D8	0001EAD8	1	03E8	ordinary_sample_offset
MON.DAT	mon_primary_before_aux_root	payload[1]/4	981		981	00001154	0001E961	0001EB61	1	03E8	ordinary_sample_offset
MON.DAT	mon_primary_before_aux_root	payload[1]/4	982		982	00001158	0001E9FE	0001EBFE	1	03E8	ordinary_sample_offset
MON.DAT	mon_primary_before_aux_root	payload[1]/4	983		983	0000115C	0001EAB3	0001ECB3	1	03E8	ordinary_sample_offset
MON.DAT	mon_primary_before_aux_root	payload[1]/4	984		984	00001160	0001EB54	0001ED54	1	03E8	ordinary_sample_offset
MON.DAT	mon_primary_before_aux_root	payload[1]/4	985		985	00001164	0001EBA7	0001EDA7	1	03E8	ordinary_sample_offset
MON.DAT	mon_primary_before_aux_root	payload[1]/4	986		986	00001168	0001EBFC	0001EDFC	1	03E8	ordinary_sample_offset
MON.DAT	mon_primary_before_aux_root	payload[1]/4	987		987	0000116C	0001EC57	0001EE57	1	03E8	ordinary_sample_offset
MON.DAT	mon_primary_before_aux_root	payload[1]/4	988		988	00001170	0001ECAE	0001EEAE	1	03E8	ordinary_sample_offset
MON.DAT	mon_primary_before_aux_root	payload[1]/4	989		989	00001174	0001ED0B	0001EF0B	1	03E8	ordinary_sample_offset
MON.DAT	mon_primary_before_aux_root	payload[1]/4	990		990	00001178	0001ED6E	0001EF6E	1	03E8	ordinary_sample_offset
MON.DAT	mon_primary_before_aux_root	payload[1]/4	991		991	0000117C	0001EDE7	0001EFE7	1	03E8	ordinary_sample_offset
MON.DAT	mon_primary_before_aux_root	payload[1]/4	992		992	00001180	0001EE5C	0001F05C	1	03E8	ordinary_sample_offset
MON.DAT	mon_primary_before_aux_root	payload[1]/4	993		993	00001184	0001EED5	0001F0D5	1	03E8	ordinary_sample_offset
MON.DAT	mon_primary_before_aux_root	payload[1]/4	994		994	00001188	0001EF6A	0001F16A	1	03E8	ordinary_sample_offset
MON.DAT	mon_primary_before_aux_root	payload[1]/4	995		995	0000118C	0001F013	0001F213	1	03E8	ordinary_sample_offset
MON.DAT	mon_primary_before_aux_root	payload[1]/4	996		996	00001190	0001F098	0001F298	1	03E8	ordinary_sample_offset
MON.DAT	mon_primary_before_aux_root	payload[1]/4	997		997	00001194	0001F117	0001F317	1	03E8	ordinary_sample_offset
MON.DAT	mon_primary_before_aux_root	payload[1]/4	998		998	00001198	0001F18A	0001F38A	1	03E8	ordinary_sample_offset
MON.DAT	mon_primary_before_aux_root	payload[1]/4	999		999	0000119C	0001F203	0001F403	1	03E8	ordinary_sample_offset
MON.DAT	mon_primary_before_aux_root	payload[1]/4	1000		1000	000011A0	0001F28E	0001F48E	1	03E8	ordinary_sample_offset
MON.DAT	mon_primary_before_aux_root	payload[1]/4	1001		1001	000011A4	0001F301	0001F501	1	03E8	ordinary_sample_offset
MON.DAT	mon_primary_before_aux_root	payload[1]/4	1002		1002	000011A8	0001F35E	0001F55E	1	03E8	ordinary_sample_offset
MON.DAT	mon_primary_before_aux_root	payload[1]/4	1003		1003	000011AC	0001F3E3	0001F5E3	1	03E8	ordinary_sample_offset
MON.DAT	mon_primary_before_aux_root	payload[1]/4	1004		1004	000011B0	0001F466	0001F666	1	03E8	ordinary_sample_offset
MON.DAT	mon_primary_before_aux_root	payload[1]/4	1005		1005	000011B4	0001F4CD	0001F6CD	1	03E8	ordinary_sample_offset
MON.DAT	mon_primary_before_aux_root	payload[1]/4	1006		1006	000011B8	0001F54E	0001F74E	1	03E8	ordinary_sample_offset
MON.DAT	mon_primary_before_aux_root	payload[1]/4	1007		1007	000011BC	0001F5BB	0001F7BB	1	03E8	ordinary_sample_offset
MON.DAT	mon_primary_before_aux_root	payload[1]/4	1008		1008	000011C0	0001F632	0001F832	1	03E8	ordinary_sample_offset
MON.DAT	mon_primary_before_aux_root	payload[1]/4	1009		1009	000011C4	0001F6B7	0001F8B7	1	03E8	ordinary_sample_offset
MON.DAT	mon_primary_before_aux_root	payload[1]/4	1010		1010	000011C8	0001F73E	0001F93E	1	03E8	ordinary_sample_offset
MON.DAT	mon_primary_before_aux_root	payload[1]/4	1011		1011	000011CC	0001F7CB	0001F9CB	1	03E8	ordinary_sample_offset
MON.DAT	mon_primary_before_aux_root	payload[1]/4	1012		1012	000011D0	0001F860	0001FA60	1	03E8	ordinary_sample_offset
MON.DAT	mon_primary_before_aux_root	payload[1]/4	1013		1013	000011D4	0001F8DB	0001FADB	1	03E8	ordinary_sample_offset
MON.DAT	mon_primary_before_aux_root	payload[1]/4	1014		1014	000011D8	0001F96E	0001FB6E	1	03E8	ordinary_sample_offset
MON.DAT	mon_primary_before_aux_root	payload[1]/4	1015		1015	000011DC	0001FA09	0001FC09	1	03E8	ordinary_sample_offset
MON.DAT	mon_primary_before_aux_root	payload[1]/4	1016		1016	000011E0	0001FA9C	0001FC9C	1	03E8	ordinary_sample_offset
MON.DAT	mon_primary_before_aux_root	payload[1]/4	1017		1017	000011E4	0001FB23	0001FD23	1	03E8	ordinary_sample_offset
MON.DAT	mon_primary_before_aux_root	payload[1]/4	1018		1018	000011E8	0001FBCD	0001FDCD	1	03E8	ordinary_sample_offset
MON.DAT	mon_primary_before_aux_root	payload[1]/4	1019		1019	000011EC	0001FC72	0001FE72	1	03E8	ordinary_sample_offset
MON.DAT	mon_primary_before_aux_root	payload[1]/4	1020		1020	000011F0	0001FD0B	0001FF0B	1	03E8	ordinary_sample_offset
MON.DAT	mon_primary_before_aux_root	payload[1]/4	1021		1021	000011F4	0001FD6A	0001FF6A	1	03E8	ordinary_sample_offset
MON.DAT	mon_primary_before_aux_root	payload[1]/4	1022		1022	000011F8	0001FDCD	0001FFCD	1	03E8	ordinary_sample_offset
MON.DAT	mon_primary_before_aux_root	payload[1]/4	1023		1023	000011FC	0001FE48	00020048	1	03E8	ordinary_sample_offset
MON.DAT	mon_primary_before_aux_root	payload[1]/4	1024		1024	00001200	0001FED7	000200D7	1	03E8	ordinary_sample_offset
MON.DAT	mon_primary_before_aux_root	payload[1]/4	1025		1025	00001204	0001FF6A	0002016A	1	03E8	ordinary_sample_offset
MON.DAT	mon_primary_before_aux_root	payload[1]/4	1026		1026	00001208	00020007	00020207	1	03E8	ordinary_sample_offset
MON.DAT	mon_primary_before_aux_root	payload[1]/4	1027		1027	0000120C	0002007A	0002027A	1	03E8	ordinary_sample_offset
MON.DAT	mon_primary_before_aux_root	payload[1]/4	1028		1028	00001210	000200FF	000202FF	1	03E8	ordinary_sample_offset
MON.DAT	mon_primary_before_aux_root	payload[1]/4	1029		1029	00001214	00020188	00020388	1	03E8	ordinary_sample_offset
MON.DAT	mon_primary_before_aux_root	payload[1]/4	1030		1030	00001218	00020207	00020407	1	03E8	ordinary_sample_offset
MON.DAT	mon_primary_before_aux_root	payload[1]/4	1031		1031	0000121C	00020298	00020498	1	03E8	ordinary_sample_offset
MON.DAT	mon_primary_before_aux_root	payload[1]/4	1032		1032	00001220	00020333	00020533	1	03E8	ordinary_sample_offset
MON.DAT	mon_primary_before_aux_root	payload[1]/4	1033		1033	00001224	000203C2	000205C2	1	03E8	ordinary_sample_offset
MON.DAT	mon_primary_before_aux_root	payload[1]/4	1034		1034	00001228	00020425	00020625	1	03E8	ordinary_sample_offset
MON.DAT	mon_primary_before_aux_root	payload[1]/4	1035		1035	0000122C	0002049C	0002069C	1	03E8	ordinary_sample_offset
MON.DAT	mon_primary_before_aux_root	payload[1]/4	1036		1036	00001230	0002052F	0002072F	1	03E8	ordinary_sample_offset
MON.DAT	mon_primary_before_aux_root	payload[1]/4	1037		1037	00001234	000205B0	000207B0	1	03E8	ordinary_sample_offset
MON.DAT	mon_primary_before_aux_root	payload[1]/4	1038		1038	00001238	00020647	00020847	1	03E8	ordinary_sample_offset
MON.DAT	mon_primary_before_aux_root	payload[1]/4	1039		1039	0000123C	000206D6	000208D6	1	03E8	ordinary_sample_offset
MON.DAT	mon_primary_before_aux_root	payload[1]/4	1040		1040	00001240	00020769	00020969	1	03E8	ordinary_sample_offset
MON.DAT	mon_primary_before_aux_root	payload[1]/4	1041		1041	00001244	000207F0	000209F0	1	03E8	ordinary_sample_offset
MON.DAT	mon_primary_before_aux_root	payload[1]/4	1042		1042	00001248	0002085F	00020A5F	1	03E8	ordinary_sample_offset
MON.DAT	mon_primary_before_aux_root	payload[1]/4	1043		1043	0000124C	000208E6	00020AE6	1	03E8	ordinary_sample_offset
MON.DAT	mon_primary_before_aux_root	payload[1]/4	1044		1044	00001250	00020943	00020B43	1	03E8	ordinary_sample_offset
MON.DAT	mon_primary_before_aux_root	payload[1]/4	1045		1045	00001254	00020994	00020B94	1	03E8	ordinary_sample_offset
MON.DAT	mon_primary_before_aux_root	payload[1]/4	1046		1046	00001258	00020A03	00020C03	1	03E8	ordinary_sample_offset
MON.DAT	mon_primary_before_aux_root	payload[1]/4	1047		1047	0000125C	00020A78	00020C78	1	03E8	ordinary_sample_offset
MON.DAT	mon_primary_before_aux_root	payload[1]/4	1048		1048	00001260	00020ADF	00020CDF	1	03E8	ordinary_sample_offset
MON.DAT	mon_primary_before_aux_root	payload[1]/4	1049		1049	00001264	00020B50	00020D50	1	03E8	ordinary_sample_offset
MON.DAT	mon_primary_before_aux_root	payload[1]/4	1050		1050	00001268	00020BF7	00020DF7	1	03E8	ordinary_sample_offset
MON.DAT	mon_primary_before_aux_root	payload[1]/4	1051		1051	0000126C	00020C72	00020E72	1	03E8	ordinary_sample_offset
MON.DAT	mon_primary_before_aux_root	payload[1]/4	1052		1052	00001270	00020D07	00020F07	1	03E8	ordinary_sample_offset
MON.DAT	mon_primary_before_aux_root	payload[1]/4	1053		1053	00001274	00020D5E	00020F5E	1	03E8	ordinary_sample_offset
MON.DAT	mon_primary_before_aux_root	payload[1]/4	1054		1054	00001278	00020DEF	00020FEF	1	03E8	ordinary_sample_offset
MON.DAT	mon_primary_before_aux_root	payload[1]/4	1055		1055	0000127C	00020E76	00021076	1	03E8	ordinary_sample_offset
MON.DAT	mon_primary_before_aux_root	payload[1]/4	1056		1056	00001280	00020EAB	000210AB	1	03E8	ordinary_sample_offset
MON.DAT	mon_primary_before_aux_root	payload[1]/4	1057		1057	00001284	00020EE0	000210E0	1	03E8	ordinary_sample_offset
MON.DAT	mon_primary_before_aux_root	payload[1]/4	1058		1058	00001288	00020F17	00021117	1	03E8	ordinary_sample_offset
MON.DAT	mon_primary_before_aux_root	payload[1]/4	1059		1059	0000128C	00020F4C	0002114C	1	03E8	ordinary_sample_offset
MON.DAT	mon_primary_before_aux_root	payload[1]/4	1060		1060	00001290	00020F83	00021183	1	03E8	ordinary_sample_offset
MON.DAT	mon_primary_before_aux_root	payload[1]/4	1061		1061	00001294	00021022	00021222	1	03E8	ordinary_sample_offset
MON.DAT	mon_primary_before_aux_root	payload[1]/4	1062		1062	00001298	000210A7	000212A7	1	03E8	ordinary_sample_offset
MON.DAT	mon_primary_before_aux_root	payload[1]/4	1063		1063	0000129C	00021122	00021322	1	03E8	ordinary_sample_offset
MON.DAT	mon_primary_before_aux_root	payload[1]/4	1064		1064	000012A0	00021157	00021357	1	03E8	ordinary_sample_offset
MON.DAT	mon_primary_before_aux_root	payload[1]/4	1065		1065	000012A4	0002118C	0002138C	1	03E8	ordinary_sample_offset
MON.DAT	mon_primary_before_aux_root	payload[1]/4	1066		1066	000012A8	000211C1	000213C1	1	03E8	ordinary_sample_offset
MON.DAT	mon_primary_before_aux_root	payload[1]/4	1067		1067	000012AC	00000000	00000200	1	5102	ordinary_sample_offset
MON.DAT	mon_primary_before_aux_root	payload[1]/4	1068		1068	000012B0	00000000	00000200	1	5102	ordinary_sample_offset
MON.DAT	mon_primary_before_aux_root	payload[1]/4	1069		1069	000012B4	00000000	00000200	1	5102	ordinary_sample_offset
MON.DAT	mon_primary_before_aux_root	payload[1]/4	1070		1070	000012B8	00000000	00000200	1	5102	ordinary_sample_offset
MON.DAT	mon_primary_before_aux_root	payload[1]/4	1071		1071	000012BC	00000000	00000200	1	5102	ordinary_sample_offset
MON.DAT	mon_primary_before_aux_root	payload[1]/4	1072		1072	000012C0	00000000	00000200	1	5102	ordinary_sample_offset
MON.DAT	mon_primary_before_aux_root	payload[1]/4	1073		1073	000012C4	00000000	00000200	1	5102	ordinary_sample_offset
MON.DAT	mon_primary_before_aux_root	payload[1]/4	1074		1074	000012C8	00000000	00000200	1	5102	ordinary_sample_offset
MON.DAT	mon_primary_before_aux_root	payload[1]/4	1075		1075	000012CC	00000000	00000200	1	5102	ordinary_sample_offset
MON.DAT	mon_primary_before_aux_root	payload[1]/4	1076		1076	000012D0	00000000	00000200	1	5102	ordinary_sample_offset
MON.DAT	mon_primary_before_aux_root	payload[1]/4	1077		1077	000012D4	00000000	00000200	1	5102	ordinary_sample_offset
MON.DAT	mon_primary_before_aux_root	payload[1]/4	1078		1078	000012D8	00000000	00000200	1	5102	ordinary_sample_offset
MON.DAT	mon_primary_before_aux_root	payload[1]/4	1079		1079	000012DC	00000000	00000200	1	5102	ordinary_sample_offset
MON.DAT	mon_primary_before_aux_root	payload[1]/4	1080		1080	000012E0	00000000	00000200	1	5102	ordinary_sample_offset
MON.DAT	mon_primary_before_aux_root	payload[1]/4	1081		1081	000012E4	00000000	00000200	1	5102	ordinary_sample_offset
MON.DAT	mon_primary_before_aux_root	payload[1]/4	1082		1082	000012E8	00000000	00000200	1	5102	ordinary_sample_offset
MON.DAT	mon_primary_before_aux_root	payload[1]/4	1083		1083	000012EC	00000000	00000200	1	5102	ordinary_sample_offset
MON.DAT	mon_primary_before_aux_root	payload[1]/4	1084		1084	000012F0	00000000	00000200	1	5102	ordinary_sample_offset
MON.DAT	mon_primary_before_aux_root	payload[1]/4	1085		1085	000012F4	00000000	00000200	1	5102	ordinary_sample_offset
MON.DAT	mon_primary_before_aux_root	payload[1]/4	1086		1086	000012F8	00000000	00000200	1	5102	ordinary_sample_offset
MON.DAT	mon_primary_before_aux_root	payload[1]/4	1087		1087	000012FC	00000000	00000200	1	5102	ordinary_sample_offset
MON.DAT	mon_primary_before_aux_root	payload[1]/4	1088		1088	00001300	00000000	00000200	1	5102	ordinary_sample_offset
MON.DAT	mon_primary_before_aux_root	payload[1]/4	1089		1089	00001304	00000000	00000200	1	5102	ordinary_sample_offset
MON.DAT	mon_primary_before_aux_root	payload[1]/4	1090		1090	00001308	00000000	00000200	1	5102	ordinary_sample_offset
MON.DAT	mon_primary_before_aux_root	payload[1]/4	1091		1091	0000130C	00000000	00000200	1	5102	ordinary_sample_offset
MON.DAT	mon_primary_before_aux_root	payload[1]/4	1092		1092	00001310	00000000	00000200	1	5102	ordinary_sample_offset
MON.DAT	mon_primary_before_aux_root	payload[1]/4	1093		1093	00001314	00000000	00000200	1	5102	ordinary_sample_offset
MON.DAT	mon_primary_before_aux_root	payload[1]/4	1094		1094	00001318	00000000	00000200	1	5102	ordinary_sample_offset
MON.DAT	mon_primary_before_aux_root	payload[1]/4	1095		1095	0000131C	00000000	00000200	1	5102	ordinary_sample_offset
MON.DAT	mon_primary_before_aux_root	payload[1]/4	1096		1096	00001320	00000000	00000200	1	5102	ordinary_sample_offset
MON.DAT	mon_primary_before_aux_root	payload[1]/4	1097		1097	00001324	00000000	00000200	1	5102	ordinary_sample_offset
MON.DAT	mon_primary_before_aux_root	payload[1]/4	1098		1098	00001328	00000000	00000200	1	5102	ordinary_sample_offset
MON.DAT	mon_primary_before_aux_root	payload[1]/4	1099		1099	0000132C	00000000	00000200	1	5102	ordinary_sample_offset
MON.DAT	mon_primary_before_aux_root	payload[1]/4	1100		1100	00001330	00000000	00000200	1	5102	ordinary_sample_offset
MON.DAT	mon_primary_before_aux_root	payload[1]/4	1101		1101	00001334	00000000	00000200	1	5102	ordinary_sample_offset
MON.DAT	mon_primary_before_aux_root	payload[1]/4	1102		1102	00001338	000211F6	000213F6	1	03E8	ordinary_sample_offset
MON.DAT	mon_primary_before_aux_root	payload[1]/4	1103		1103	0000133C	00021253	00021453	1	03E8	ordinary_sample_offset
MON.DAT	mon_primary_before_aux_root	payload[1]/4	1104		1104	00001340	000212AE	000214AE	1	03E8	ordinary_sample_offset
MON.DAT	mon_primary_before_aux_root	payload[1]/4	1105		1105	00001344	0002131B	0002151B	1	03E8	ordinary_sample_offset
MON.DAT	mon_primary_before_aux_root	payload[1]/4	1106		1106	00001348	0002137C	0002157C	1	03E8	ordinary_sample_offset
MON.DAT	mon_primary_before_aux_root	payload[1]/4	1107		1107	0000134C	000213E7	000215E7	1	03E8	ordinary_sample_offset
MON.DAT	mon_primary_before_aux_root	payload[1]/4	1108		1108	00001350	00021456	00021656	1	03E8	ordinary_sample_offset
MON.DAT	mon_primary_before_aux_root	payload[1]/4	1109		1109	00001354	000214B7	000216B7	1	03E8	ordinary_sample_offset
MON.DAT	mon_primary_before_aux_root	payload[1]/4	1110		1110	00001358	00021558	00021758	1	03E8	ordinary_sample_offset
MON.DAT	mon_primary_before_aux_root	payload[1]/4	1111		1111	0000135C	000215CF	000217CF	1	03E8	ordinary_sample_offset
MON.DAT	mon_primary_before_aux_root	payload[1]/4	1112		1112	00001360	00021652	00021852	1	03E8	ordinary_sample_offset
MON.DAT	mon_primary_before_aux_root	payload[1]/4	1113		1113	00001364	000216B1	000218B1	1	03E8	ordinary_sample_offset
MON.DAT	mon_primary_before_aux_root	payload[1]/4	1114		1114	00001368	00021726	00021926	1	03E8	ordinary_sample_offset
MON.DAT	mon_primary_before_aux_root	payload[1]/4	1115		1115	0000136C	00021797	00021997	1	03E8	ordinary_sample_offset
MON.DAT	mon_primary_before_aux_root	payload[1]/4	1116		1116	00001370	000217F4	000219F4	1	03E8	ordinary_sample_offset
MON.DAT	mon_primary_before_aux_root	payload[1]/4	1117		1117	00001374	00021879	00021A79	1	03E8	ordinary_sample_offset
MON.DAT	mon_primary_before_aux_root	payload[1]/4	1118		1118	00001378	000218E4	00021AE4	1	03E8	ordinary_sample_offset
MON.DAT	mon_primary_before_aux_root	payload[1]/4	1119		1119	0000137C	00021985	00021B85	1	03E8	ordinary_sample_offset
MON.DAT	mon_primary_before_aux_root	payload[1]/4	1120		1120	00001380	00021A16	00021C16	1	03E8	ordinary_sample_offset
MON.DAT	mon_primary_before_aux_root	payload[1]/4	1121		1121	00001384	00021A8F	00021C8F	1	03E8	ordinary_sample_offset
MON.DAT	mon_primary_before_aux_root	payload[1]/4	1122		1122	00001388	00021B20	00021D20	1	03E8	ordinary_sample_offset
MON.DAT	mon_primary_before_aux_root	payload[1]/4	1123		1123	0000138C	00021BA3	00021DA3	1	03E8	ordinary_sample_offset
MON.DAT	mon_primary_before_aux_root	payload[1]/4	1124		1124	00001390	00021C36	00021E36	1	03E8	ordinary_sample_offset
MON.DAT	mon_primary_before_aux_root	payload[1]/4	1125		1125	00001394	00021CA9	00021EA9	1	03E8	ordinary_sample_offset
MON.DAT	mon_primary_before_aux_root	payload[1]/4	1126		1126	00001398	00021D32	00021F32	1	03E8	ordinary_sample_offset
MON.DAT	mon_primary_before_aux_root	payload[1]/4	1127		1127	0000139C	00021D8D	00021F8D	1	03E8	ordinary_sample_offset
MON.DAT	mon_primary_before_aux_root	payload[1]/4	1128		1128	000013A0	00021E1C	0002201C	1	03E8	ordinary_sample_offset
MON.DAT	mon_primary_before_aux_root	payload[1]/4	1129		1129	000013A4	00021E8B	0002208B	1	03E8	ordinary_sample_offset
MON.DAT	mon_primary_before_aux_root	payload[1]/4	1130		1130	000013A8	00021F0C	0002210C	1	03E8	ordinary_sample_offset
MON.DAT	mon_primary_before_aux_root	payload[1]/4	1131		1131	000013AC	00021F95	00022195	1	03E8	ordinary_sample_offset
MON.DAT	mon_primary_before_aux_root	payload[1]/4	1132		1132	000013B0	00000000	00000200	1	5102	ordinary_sample_offset
MON.DAT	mon_primary_before_aux_root	payload[1]/4	1133		1133	000013B4	00000000	00000200	1	5102	ordinary_sample_offset
MON.DAT	mon_primary_before_aux_root	payload[1]/4	1134		1134	000013B8	00000000	00000200	1	5102	ordinary_sample_offset
MON.DAT	mon_primary_before_aux_root	payload[1]/4	1135		1135	000013BC	00000000	00000200	1	5102	ordinary_sample_offset
MON.DAT	mon_primary_before_aux_root	payload[1]/4	1136		1136	000013C0	00000000	00000200	1	5102	ordinary_sample_offset
MON.DAT	mon_primary_before_aux_root	payload[1]/4	1137		1137	000013C4	00000000	00000200	1	5102	ordinary_sample_offset
MON.DAT	mon_primary_before_aux_root	payload[1]/4	1138		1138	000013C8	00000000	00000200	1	5102	ordinary_sample_offset
MON.DAT	mon_primary_before_aux_root	payload[1]/4	1139		1139	000013CC	00000000	00000200	1	5102	ordinary_sample_offset
MON.DAT	mon_primary_before_aux_root	payload[1]/4	1140		1140	000013D0	00000000	00000200	1	5102	ordinary_sample_offset
MON.DAT	mon_primary_before_aux_root	payload[1]/4	1141		1141	000013D4	00000000	00000200	1	5102	ordinary_sample_offset
MON.DAT	mon_primary_before_aux_root	payload[1]/4	1142		1142	000013D8	00000000	00000200	1	5102	ordinary_sample_offset
MON.DAT	mon_primary_before_aux_root	payload[1]/4	1143		1143	000013DC	00000000	00000200	1	5102	ordinary_sample_offset
MON.DAT	mon_primary_before_aux_root	payload[1]/4	1144		1144	000013E0	00000000	00000200	1	5102	ordinary_sample_offset
MON.DAT	mon_primary_before_aux_root	payload[1]/4	1145		1145	000013E4	00000000	00000200	1	5102	ordinary_sample_offset
MON.DAT	mon_primary_before_aux_root	payload[1]/4	1146		1146	000013E8	00000000	00000200	1	5102	ordinary_sample_offset
MON.DAT	mon_primary_before_aux_root	payload[1]/4	1147		1147	000013EC	00000000	00000200	1	5102	ordinary_sample_offset
MON.DAT	mon_primary_before_aux_root	payload[1]/4	1148		1148	000013F0	00000000	00000200	1	5102	ordinary_sample_offset
MON.DAT	mon_primary_before_aux_root	payload[1]/4	1149		1149	000013F4	00000000	00000200	1	5102	ordinary_sample_offset
MON.DAT	mon_primary_before_aux_root	payload[1]/4	1150		1150	000013F8	00000000	00000200	1	5102	ordinary_sample_offset
MON.DAT	mon_primary_before_aux_root	payload[1]/4	1151		1151	000013FC	00000000	00000200	1	5102	ordinary_sample_offset
MON.DAT	mon_primary_before_aux_root	payload[1]/4	1152		1152	00001400	00000000	00000200	1	5102	ordinary_sample_offset
MON.DAT	mon_primary_before_aux_root	payload[1]/4	1153		1153	00001404	00000000	00000200	1	5102	ordinary_sample_offset
MON.DAT	mon_primary_before_aux_root	payload[1]/4	1154		1154	00001408	00000000	00000200	1	5102	ordinary_sample_offset
MON.DAT	mon_primary_before_aux_root	payload[1]/4	1155		1155	0000140C	00000000	00000200	1	5102	ordinary_sample_offset
MON.DAT	mon_primary_before_aux_root	payload[1]/4	1156		1156	00001410	00000000	00000200	1	5102	ordinary_sample_offset
MON.DAT	mon_primary_before_aux_root	payload[1]/4	1157		1157	00001414	00000000	00000200	1	5102	ordinary_sample_offset
MON.DAT	mon_primary_before_aux_root	payload[1]/4	1158		1158	00001418	00000000	00000200	1	5102	ordinary_sample_offset
MON.DAT	mon_primary_before_aux_root	payload[1]/4	1159		1159	0000141C	00000000	00000200	1	5102	ordinary_sample_offset
MON.DAT	mon_primary_before_aux_root	payload[1]/4	1160		1160	00001420	00000000	00000200	1	5102	ordinary_sample_offset
MON.DAT	mon_primary_before_aux_root	payload[1]/4	1161		1161	00001424	00000000	00000200	1	5102	ordinary_sample_offset
MON.DAT	mon_primary_before_aux_root	payload[1]/4	1162		1162	00001428	00000000	00000200	1	5102	ordinary_sample_offset
MON.DAT	mon_primary_before_aux_root	payload[1]/4	1163		1163	0000142C	00000000	00000200	1	5102	ordinary_sample_offset
MON.DAT	mon_primary_before_aux_root	payload[1]/4	1164		1164	00001430	00000000	00000200	1	5102	ordinary_sample_offset
MON.DAT	mon_primary_before_aux_root	payload[1]/4	1165		1165	00001434	00000000	00000200	1	5102	ordinary_sample_offset
MON.DAT	mon_primary_before_aux_root	payload[1]/4	1166		1166	00001438	00000000	00000200	1	5102	ordinary_sample_offset
MON.DAT	mon_primary_before_aux_root	payload[1]/4	1167		1167	0000143C	00000000	00000200	1	5102	ordinary_sample_offset
MON.DAT	mon_primary_before_aux_root	payload[1]/4	1168		1168	00001440	00000000	00000200	1	5102	ordinary_sample_offset
MON.DAT	mon_primary_before_aux_root	payload[1]/4	1169		1169	00001444	00000000	00000200	1	5102	ordinary_sample_offset
MON.DAT	mon_primary_before_aux_root	payload[1]/4	1170		1170	00001448	00000000	00000200	1	5102	ordinary_sample_offset
MON.DAT	mon_primary_before_aux_root	payload[1]/4	1171		1171	0000144C	00000000	00000200	1	5102	ordinary_sample_offset
MON.DAT	mon_primary_before_aux_root	payload[1]/4	1172		1172	00001450	00000000	00000200	1	5102	ordinary_sample_offset
MON.DAT	mon_primary_before_aux_root	payload[1]/4	1173		1173	00001454	00000000	00000200	1	5102	ordinary_sample_offset
MON.DAT	mon_primary_before_aux_root	payload[1]/4	1174		1174	00001458	00000000	00000200	1	5102	ordinary_sample_offset
MON.DAT	mon_primary_before_aux_root	payload[1]/4	1175		1175	0000145C	00000000	00000200	1	5102	ordinary_sample_offset
MON.DAT	mon_primary_before_aux_root	payload[1]/4	1176		1176	00001460	00000000	00000200	1	5102	ordinary_sample_offset
MON.DAT	mon_primary_before_aux_root	payload[1]/4	1177		1177	00001464	00000000	00000200	1	5102	ordinary_sample_offset
MON.DAT	mon_primary_before_aux_root	payload[1]/4	1178		1178	00001468	00000000	00000200	1	5102	ordinary_sample_offset
MON.DAT	mon_primary_before_aux_root	payload[1]/4	1179		1179	0000146C	00000000	00000200	1	5102	ordinary_sample_offset
MON.DAT	mon_primary_before_aux_root	payload[1]/4	1180		1180	00001470	00000000	00000200	1	5102	ordinary_sample_offset
MON.DAT	mon_primary_before_aux_root	payload[1]/4	1181		1181	00001474	00000000	00000200	1	5102	ordinary_sample_offset
MON.DAT	mon_primary_before_aux_root	payload[1]/4	1182		1182	00001478	00000000	00000200	1	5102	ordinary_sample_offset
MON.DAT	mon_primary_before_aux_root	payload[1]/4	1183		1183	0000147C	00000000	00000200	1	5102	ordinary_sample_offset
MON.DAT	mon_primary_before_aux_root	payload[1]/4	1184		1184	00001480	00000000	00000200	1	5102	ordinary_sample_offset
MON.DAT	mon_primary_before_aux_root	payload[1]/4	1185		1185	00001484	00000000	00000200	1	5102	ordinary_sample_offset
MON.DAT	mon_primary_before_aux_root	payload[1]/4	1186		1186	00001488	00000000	00000200	1	5102	ordinary_sample_offset
MON.DAT	mon_primary_before_aux_root	payload[1]/4	1187		1187	0000148C	00000000	00000200	1	5102	ordinary_sample_offset
MON.DAT	mon_primary_before_aux_root	payload[1]/4	1188		1188	00001490	00000000	00000200	1	5102	ordinary_sample_offset
MON.DAT	mon_primary_before_aux_root	payload[1]/4	1189		1189	00001494	00000000	00000200	1	5102	ordinary_sample_offset
MON.DAT	mon_primary_before_aux_root	payload[1]/4	1190		1190	00001498	00000000	00000200	1	5102	ordinary_sample_offset
MON.DAT	mon_primary_before_aux_root	payload[1]/4	1191		1191	0000149C	00000000	00000200	1	5102	ordinary_sample_offset
MON.DAT	mon_primary_before_aux_root	payload[1]/4	1192		1192	000014A0	00000000	00000200	1	5102	ordinary_sample_offset
MON.DAT	mon_primary_before_aux_root	payload[1]/4	1193		1193	000014A4	00000000	00000200	1	5102	ordinary_sample_offset
MON.DAT	mon_primary_before_aux_root	payload[1]/4	1194		1194	000014A8	00000000	00000200	1	5102	ordinary_sample_offset
MON.DAT	mon_primary_before_aux_root	payload[1]/4	1195		1195	000014AC	00000000	00000200	1	5102	ordinary_sample_offset
MON.DAT	mon_primary_before_aux_root	payload[1]/4	1196		1196	000014B0	00000000	00000200	1	5102	ordinary_sample_offset
MON.DAT	mon_primary_before_aux_root	payload[1]/4	1197		1197	000014B4	00000000	00000200	1	5102	ordinary_sample_offset
MON.DAT	mon_primary_before_aux_root	payload[1]/4	1198		1198	000014B8	00000000	00000200	1	5102	ordinary_sample_offset
MON.DAT	mon_primary_before_aux_root	payload[1]/4	1199		1199	000014BC	00000000	00000200	1	5102	ordinary_sample_offset
MON.DAT	mon_primary_before_aux_root	payload[1]/4	1200		1200	000014C0	00000000	00000200	1	5102	ordinary_sample_offset
MON.DAT	mon_primary_before_aux_root	payload[1]/4	1201		1201	000014C4	00000000	00000200	1	5102	ordinary_sample_offset
MON.DAT	mon_primary_before_aux_root	payload[1]/4	1202		1202	000014C8	00000000	00000200	1	5102	ordinary_sample_offset
MON.DAT	mon_primary_before_aux_root	payload[1]/4	1203		1203	000014CC	00000000	00000200	1	5102	ordinary_sample_offset
MON.DAT	mon_primary_before_aux_root	payload[1]/4	1204		1204	000014D0	00000000	00000200	1	5102	ordinary_sample_offset
MON.DAT	mon_primary_before_aux_root	payload[1]/4	1205		1205	000014D4	00000000	00000200	1	5102	ordinary_sample_offset
MON.DAT	mon_primary_before_aux_root	payload[1]/4	1206		1206	000014D8	00000000	00000200	1	5102	ordinary_sample_offset
MON.DAT	mon_primary_before_aux_root	payload[1]/4	1207		1207	000014DC	00000000	00000200	1	5102	ordinary_sample_offset
MON.DAT	mon_primary_before_aux_root	payload[1]/4	1208		1208	000014E0	00000000	00000200	1	5102	ordinary_sample_offset
MON.DAT	mon_primary_before_aux_root	payload[1]/4	1209		1209	000014E4	00000000	00000200	1	5102	ordinary_sample_offset
MON.DAT	mon_primary_before_aux_root	payload[1]/4	1210		1210	000014E8	00000000	00000200	1	5102	ordinary_sample_offset
MON.DAT	mon_primary_before_aux_root	payload[1]/4	1211		1211	000014EC	00000000	00000200	1	5102	ordinary_sample_offset
MON.DAT	mon_primary_before_aux_root	payload[1]/4	1212		1212	000014F0	00000000	00000200	1	5102	ordinary_sample_offset
MON.DAT	mon_primary_before_aux_root	payload[1]/4	1213		1213	000014F4	00000000	00000200	1	5102	ordinary_sample_offset
MON.DAT	mon_primary_before_aux_root	payload[1]/4	1214		1214	000014F8	00000000	00000200	1	5102	ordinary_sample_offset
MON.DAT	mon_primary_before_aux_root	payload[1]/4	1215		1215	000014FC	00000000	00000200	1	5102	ordinary_sample_offset
MON.DAT	mon_primary_before_aux_root	payload[1]/4	1216		1216	00001500	00000000	00000200	1	5102	ordinary_sample_offset
MON.DAT	mon_primary_before_aux_root	payload[1]/4	1217		1217	00001504	00000000	00000200	1	5102	ordinary_sample_offset
MON.DAT	mon_primary_before_aux_root	payload[1]/4	1218		1218	00001508	00000000	00000200	1	5102	ordinary_sample_offset
MON.DAT	mon_primary_before_aux_root	payload[1]/4	1219		1219	0000150C	00000000	00000200	1	5102	ordinary_sample_offset
MON.DAT	mon_primary_before_aux_root	payload[1]/4	1220		1220	00001510	00000000	00000200	1	5102	ordinary_sample_offset
MON.DAT	mon_primary_before_aux_root	payload[1]/4	1221		1221	00001514	00000000	00000200	1	5102	ordinary_sample_offset
MON.DAT	mon_primary_before_aux_root	payload[1]/4	1222		1222	00001518	00000000	00000200	1	5102	ordinary_sample_offset
MON.DAT	mon_primary_before_aux_root	payload[1]/4	1223		1223	0000151C	00000000	00000200	1	5102	ordinary_sample_offset
MON.DAT	mon_primary_before_aux_root	payload[1]/4	1224		1224	00001520	00000000	00000200	1	5102	ordinary_sample_offset
MON.DAT	mon_primary_before_aux_root	payload[1]/4	1225		1225	00001524	00000000	00000200	1	5102	ordinary_sample_offset
MON.DAT	mon_primary_before_aux_root	payload[1]/4	1226		1226	00001528	00000000	00000200	1	5102	ordinary_sample_offset
MON.DAT	mon_primary_before_aux_root	payload[1]/4	1227		1227	0000152C	00000000	00000200	1	5102	ordinary_sample_offset
MON.DAT	mon_primary_before_aux_root	payload[1]/4	1228		1228	00001530	00000000	00000200	1	5102	ordinary_sample_offset
MON.DAT	mon_primary_before_aux_root	payload[1]/4	1229		1229	00001534	00000000	00000200	1	5102	ordinary_sample_offset
MON.DAT	mon_primary_before_aux_root	payload[1]/4	1230		1230	00001538	00000000	00000200	1	5102	ordinary_sample_offset
MON.DAT	mon_primary_before_aux_root	payload[1]/4	1231		1231	0000153C	00000000	00000200	1	5102	ordinary_sample_offset
MON.DAT	mon_primary_before_aux_root	payload[1]/4	1232		1232	00001540	00000000	00000200	1	5102	ordinary_sample_offset
MON.DAT	mon_primary_before_aux_root	payload[1]/4	1233		1233	00001544	00000000	00000200	1	5102	ordinary_sample_offset
MON.DAT	mon_primary_before_aux_root	payload[1]/4	1234		1234	00001548	00000000	00000200	1	5102	ordinary_sample_offset
MON.DAT	mon_primary_before_aux_root	payload[1]/4	1235		1235	0000154C	00000000	00000200	1	5102	ordinary_sample_offset
MON.DAT	mon_primary_before_aux_root	payload[1]/4	1236		1236	00001550	00000000	00000200	1	5102	ordinary_sample_offset
MON.DAT	mon_primary_before_aux_root	payload[1]/4	1237		1237	00001554	00000000	00000200	1	5102	ordinary_sample_offset
MON.DAT	mon_primary_before_aux_root	payload[1]/4	1238		1238	00001558	00000000	00000200	1	5102	ordinary_sample_offset
MON.DAT	mon_primary_before_aux_root	payload[1]/4	1239		1239	0000155C	00000000	00000200	1	5102	ordinary_sample_offset
MON.DAT	mon_primary_before_aux_root	payload[1]/4	1240		1240	00001560	00000000	00000200	1	5102	ordinary_sample_offset
MON.DAT	mon_primary_before_aux_root	payload[1]/4	1241		1241	00001564	00000000	00000200	1	5102	ordinary_sample_offset
MON.DAT	mon_primary_before_aux_root	payload[1]/4	1242		1242	00001568	00000000	00000200	1	5102	ordinary_sample_offset
MON.DAT	mon_primary_before_aux_root	payload[1]/4	1243		1243	0000156C	00000000	00000200	1	5102	ordinary_sample_offset
MON.DAT	mon_primary_before_aux_root	payload[1]/4	1244		1244	00001570	00000000	00000200	1	5102	ordinary_sample_offset
MON.DAT	mon_primary_before_aux_root	payload[1]/4	1245		1245	00001574	00000000	00000200	1	5102	ordinary_sample_offset
MON.DAT	mon_primary_before_aux_root	payload[1]/4	1246		1246	00001578	00000000	00000200	1	5102	ordinary_sample_offset
MON.DAT	mon_primary_before_aux_root	payload[1]/4	1247		1247	0000157C	00000000	00000200	1	5102	ordinary_sample_offset
MON.DAT	mon_primary_before_aux_root	payload[1]/4	1248		1248	00001580	00000000	00000200	1	5102	ordinary_sample_offset
MON.DAT	mon_primary_before_aux_root	payload[1]/4	1249		1249	00001584	00000000	00000200	1	5102	ordinary_sample_offset
MON.DAT	mon_primary_before_aux_root	payload[1]/4	1250		1250	00001588	00000000	00000200	1	5102	ordinary_sample_offset
MON.DAT	mon_primary_before_aux_root	payload[1]/4	1251		1251	0000158C	00000000	00000200	1	5102	ordinary_sample_offset
MON.DAT	mon_primary_before_aux_root	payload[1]/4	1252		1252	00001590	00000000	00000200	1	5102	ordinary_sample_offset
MON.DAT	mon_primary_before_aux_root	payload[1]/4	1253		1253	00001594	00000000	00000200	1	5102	ordinary_sample_offset
MON.DAT	mon_primary_before_aux_root	payload[1]/4	1254		1254	00001598	00000000	00000200	1	5102	ordinary_sample_offset
MON.DAT	mon_primary_before_aux_root	payload[1]/4	1255		1255	0000159C	00000000	00000200	1	5102	ordinary_sample_offset
MON.DAT	mon_primary_before_aux_root	payload[1]/4	1256		1256	000015A0	00000000	00000200	1	5102	ordinary_sample_offset
MON.DAT	mon_primary_before_aux_root	payload[1]/4	1257		1257	000015A4	00000000	00000200	1	5102	ordinary_sample_offset
MON.DAT	mon_primary_before_aux_root	payload[1]/4	1258		1258	000015A8	00000000	00000200	1	5102	ordinary_sample_offset
MON.DAT	mon_primary_before_aux_root	payload[1]/4	1259		1259	000015AC	00000000	00000200	1	5102	ordinary_sample_offset
MON.DAT	mon_primary_before_aux_root	payload[1]/4	1260		1260	000015B0	00000000	00000200	1	5102	ordinary_sample_offset
MON.DAT	mon_primary_before_aux_root	payload[1]/4	1261		1261	000015B4	00000000	00000200	1	5102	ordinary_sample_offset
MON.DAT	mon_primary_before_aux_root	payload[1]/4	1262		1262	000015B8	00000000	00000200	1	5102	ordinary_sample_offset
MON.DAT	mon_primary_before_aux_root	payload[1]/4	1263		1263	000015BC	00000000	00000200	1	5102	ordinary_sample_offset
MON.DAT	mon_primary_before_aux_root	payload[1]/4	1264		1264	000015C0	00000000	00000200	1	5102	ordinary_sample_offset
MON.DAT	mon_primary_before_aux_root	payload[1]/4	1265		1265	000015C4	00000000	00000200	1	5102	ordinary_sample_offset
MON.DAT	mon_primary_before_aux_root	payload[1]/4	1266		1266	000015C8	00000000	00000200	1	5102	ordinary_sample_offset
MON.DAT	mon_primary_before_aux_root	payload[1]/4	1267		1267	000015CC	00000000	00000200	1	5102	ordinary_sample_offset
MON.DAT	mon_primary_before_aux_root	payload[1]/4	1268		1268	000015D0	00000000	00000200	1	5102	ordinary_sample_offset
MON.DAT	mon_primary_before_aux_root	payload[1]/4	1269		1269	000015D4	00000000	00000200	1	5102	ordinary_sample_offset
MON.DAT	mon_primary_before_aux_root	payload[1]/4	1270		1270	000015D8	00000000	00000200	1	5102	ordinary_sample_offset
MON.DAT	mon_primary_before_aux_root	payload[1]/4	1271		1271	000015DC	00000000	00000200	1	5102	ordinary_sample_offset
MON.DAT	mon_primary_before_aux_root	payload[1]/4	1272		1272	000015E0	00000000	00000200	1	5102	ordinary_sample_offset
MON.DAT	mon_primary_before_aux_root	payload[1]/4	1273		1273	000015E4	00000000	00000200	1	5102	ordinary_sample_offset
MON.DAT	mon_primary_before_aux_root	payload[1]/4	1274		1274	000015E8	00000000	00000200	1	5102	ordinary_sample_offset
MON.DAT	mon_primary_before_aux_root	payload[1]/4	1275		1275	000015EC	00000000	00000200	1	5102	ordinary_sample_offset
MON.DAT	mon_primary_before_aux_root	payload[1]/4	1276		1276	000015F0	00000000	00000200	1	5102	ordinary_sample_offset
MON.DAT	mon_primary_before_aux_root	payload[1]/4	1277		1277	000015F4	00000000	00000200	1	5102	ordinary_sample_offset
MON.DAT	mon_primary_before_aux_root	payload[1]/4	1278		1278	000015F8	00000000	00000200	1	5102	ordinary_sample_offset
MON.DAT	mon_primary_before_aux_root	payload[1]/4	1279		1279	000015FC	00000000	00000200	1	5102	ordinary_sample_offset
MON.DAT	mon_primary_before_aux_root	payload[1]/4	1280		1280	00001600	00000000	00000200	1	5102	ordinary_sample_offset
MON.DAT	mon_primary_before_aux_root	payload[1]/4	1281		1281	00001604	00000000	00000200	1	5102	ordinary_sample_offset
MON.DAT	mon_primary_before_aux_root	payload[1]/4	1282		1282	00001608	00000000	00000200	1	5102	ordinary_sample_offset
MON.DAT	mon_primary_before_aux_root	payload[1]/4	1283		1283	0000160C	00000000	00000200	1	5102	ordinary_sample_offset
MON.DAT	mon_primary_before_aux_root	payload[1]/4	1284		1284	00001610	00000000	00000200	1	5102	ordinary_sample_offset
MON.DAT	mon_primary_before_aux_root	payload[1]/4	1285		1285	00001614	00000000	00000200	1	5102	ordinary_sample_offset
MON.DAT	mon_primary_before_aux_root	payload[1]/4	1286		1286	00001618	00000000	00000200	1	5102	ordinary_sample_offset
MON.DAT	mon_primary_before_aux_root	payload[1]/4	1287		1287	0000161C	00000000	00000200	1	5102	ordinary_sample_offset
MON.DAT	mon_primary_before_aux_root	payload[1]/4	1288		1288	00001620	00000000	00000200	1	5102	ordinary_sample_offset
MON.DAT	mon_primary_before_aux_root	payload[1]/4	1289		1289	00001624	00000000	00000200	1	5102	ordinary_sample_offset
MON.DAT	mon_primary_before_aux_root	payload[1]/4	1290		1290	00001628	00000000	00000200	1	5102	ordinary_sample_offset
MON.DAT	mon_primary_before_aux_root	payload[1]/4	1291		1291	0000162C	00000000	00000200	1	5102	ordinary_sample_offset
MON.DAT	mon_primary_before_aux_root	payload[1]/4	1292		1292	00001630	00000000	00000200	1	5102	ordinary_sample_offset
MON.DAT	mon_primary_before_aux_root	payload[1]/4	1293		1293	00001634	00000000	00000200	1	5102	ordinary_sample_offset
MON.DAT	mon_primary_before_aux_root	payload[1]/4	1294		1294	00001638	00000000	00000200	1	5102	ordinary_sample_offset
MON.DAT	mon_primary_before_aux_root	payload[1]/4	1295		1295	0000163C	00000000	00000200	1	5102	ordinary_sample_offset
MON.DAT	mon_primary_before_aux_root	payload[1]/4	1296		1296	00001640	00000000	00000200	1	5102	ordinary_sample_offset
MON.DAT	mon_primary_before_aux_root	payload[1]/4	1297		1297	00001644	00000000	00000200	1	5102	ordinary_sample_offset
MON.DAT	mon_primary_before_aux_root	payload[1]/4	1298		1298	00001648	00000000	00000200	1	5102	ordinary_sample_offset
MON.DAT	mon_primary_before_aux_root	payload[1]/4	1299		1299	0000164C	00000000	00000200	1	5102	ordinary_sample_offset
MON.DAT	mon_primary_before_aux_root	payload[1]/4	1300		1300	00001650	00000000	00000200	1	5102	ordinary_sample_offset
MON.DAT	mon_primary_before_aux_root	payload[1]/4	1301		1301	00001654	00000000	00000200	1	5102	ordinary_sample_offset
MON.DAT	mon_primary_before_aux_root	payload[1]/4	1302		1302	00001658	00000000	00000200	1	5102	ordinary_sample_offset
MON.DAT	mon_primary_before_aux_root	payload[1]/4	1303		1303	0000165C	00000000	00000200	1	5102	ordinary_sample_offset
MON.DAT	mon_primary_before_aux_root	payload[1]/4	1304		1304	00001660	00000000	00000200	1	5102	ordinary_sample_offset
MON.DAT	mon_primary_before_aux_root	payload[1]/4	1305		1305	00001664	00000000	00000200	1	5102	ordinary_sample_offset
MON.DAT	mon_primary_before_aux_root	payload[1]/4	1306		1306	00001668	00000000	00000200	1	5102	ordinary_sample_offset
MON.DAT	mon_primary_before_aux_root	payload[1]/4	1307		1307	0000166C	00000000	00000200	1	5102	ordinary_sample_offset
MON.DAT	mon_primary_before_aux_root	payload[1]/4	1308		1308	00001670	00000000	00000200	1	5102	ordinary_sample_offset
MON.DAT	mon_primary_before_aux_root	payload[1]/4	1309		1309	00001674	00000000	00000200	1	5102	ordinary_sample_offset
MON.DAT	mon_primary_before_aux_root	payload[1]/4	1310		1310	00001678	00000000	00000200	1	5102	ordinary_sample_offset
MON.DAT	mon_primary_before_aux_root	payload[1]/4	1311		1311	0000167C	00000000	00000200	1	5102	ordinary_sample_offset
MON.DAT	mon_primary_before_aux_root	payload[1]/4	1312		1312	00001680	00000000	00000200	1	5102	ordinary_sample_offset
MON.DAT	mon_primary_before_aux_root	payload[1]/4	1313		1313	00001684	00000000	00000200	1	5102	ordinary_sample_offset
MON.DAT	mon_primary_before_aux_root	payload[1]/4	1314		1314	00001688	00000000	00000200	1	5102	ordinary_sample_offset
MON.DAT	mon_primary_before_aux_root	payload[1]/4	1315		1315	0000168C	00000000	00000200	1	5102	ordinary_sample_offset
MON.DAT	mon_primary_before_aux_root	payload[1]/4	1316		1316	00001690	00000000	00000200	1	5102	ordinary_sample_offset
MON.DAT	mon_primary_before_aux_root	payload[1]/4	1317		1317	00001694	00000000	00000200	1	5102	ordinary_sample_offset
MON.DAT	mon_primary_before_aux_root	payload[1]/4	1318		1318	00001698	00000000	00000200	1	5102	ordinary_sample_offset
MON.DAT	mon_primary_before_aux_root	payload[1]/4	1319		1319	0000169C	00000000	00000200	1	5102	ordinary_sample_offset
MON.DAT	mon_primary_before_aux_root	payload[1]/4	1320		1320	000016A0	00000000	00000200	1	5102	ordinary_sample_offset
MON.DAT	mon_primary_before_aux_root	payload[1]/4	1321		1321	000016A4	00000000	00000200	1	5102	ordinary_sample_offset
MON.DAT	mon_primary_before_aux_root	payload[1]/4	1322		1322	000016A8	00000000	00000200	1	5102	ordinary_sample_offset
MON.DAT	mon_primary_before_aux_root	payload[1]/4	1323		1323	000016AC	00000000	00000200	1	5102	ordinary_sample_offset
MON.DAT	mon_primary_before_aux_root	payload[1]/4	1324		1324	000016B0	00000000	00000200	1	5102	ordinary_sample_offset
MON.DAT	mon_primary_before_aux_root	payload[1]/4	1325		1325	000016B4	00000000	00000200	1	5102	ordinary_sample_offset
MON.DAT	mon_primary_before_aux_root	payload[1]/4	1326		1326	000016B8	00000000	00000200	1	5102	ordinary_sample_offset
MON.DAT	mon_primary_before_aux_root	payload[1]/4	1327		1327	000016BC	00000000	00000200	1	5102	ordinary_sample_offset
MON.DAT	mon_primary_before_aux_root	payload[1]/4	1328		1328	000016C0	00000000	00000200	1	5102	ordinary_sample_offset
MON.DAT	mon_primary_before_aux_root	payload[1]/4	1329		1329	000016C4	00000000	00000200	1	5102	ordinary_sample_offset
MON.DAT	mon_primary_before_aux_root	payload[1]/4	1330		1330	000016C8	00000000	00000200	1	5102	ordinary_sample_offset
MON.DAT	mon_primary_before_aux_root	payload[1]/4	1331		1331	000016CC	00000000	00000200	1	5102	ordinary_sample_offset
MON.DAT	mon_primary_before_aux_root	payload[1]/4	1332		1332	000016D0	00000000	00000200	1	5102	ordinary_sample_offset
MON.DAT	mon_primary_before_aux_root	payload[1]/4	1333		1333	000016D4	00000000	00000200	1	5102	ordinary_sample_offset
MON.DAT	mon_primary_before_aux_root	payload[1]/4	1334		1334	000016D8	00000000	00000200	1	5102	ordinary_sample_offset
MON.DAT	mon_primary_before_aux_root	payload[1]/4	1335		1335	000016DC	00000000	00000200	1	5102	ordinary_sample_offset
MON.DAT	mon_primary_before_aux_root	payload[1]/4	1336		1336	000016E0	00000000	00000200	1	5102	ordinary_sample_offset
MON.DAT	mon_primary_before_aux_root	payload[1]/4	1337		1337	000016E4	00000000	00000200	1	5102	ordinary_sample_offset
MON.DAT	mon_primary_before_aux_root	payload[1]/4	1338		1338	000016E8	00000000	00000200	1	5102	ordinary_sample_offset
MON.DAT	mon_primary_before_aux_root	payload[1]/4	1339		1339	000016EC	00000000	00000200	1	5102	ordinary_sample_offset
MON.DAT	mon_primary_before_aux_root	payload[1]/4	1340		1340	000016F0	00000000	00000200	1	5102	ordinary_sample_offset
MON.DAT	mon_primary_before_aux_root	payload[1]/4	1341		1341	000016F4	00000000	00000200	1	5102	ordinary_sample_offset
MON.DAT	mon_primary_before_aux_root	payload[1]/4	1342		1342	000016F8	00000000	00000200	1	5102	ordinary_sample_offset
MON.DAT	mon_primary_before_aux_root	payload[1]/4	1343		1343	000016FC	00000000	00000200	1	5102	ordinary_sample_offset
MON.DAT	mon_primary_before_aux_root	payload[1]/4	1344		1344	00001700	00000000	00000200	1	5102	ordinary_sample_offset
MON.DAT	mon_primary_before_aux_root	payload[1]/4	1345		1345	00001704	00000000	00000200	1	5102	ordinary_sample_offset
MON.DAT	mon_primary_before_aux_root	payload[1]/4	1346		1346	00001708	00000000	00000200	1	5102	ordinary_sample_offset
MON.DAT	mon_primary_before_aux_root	payload[1]/4	1347		1347	0000170C	00000000	00000200	1	5102	ordinary_sample_offset
MON.DAT	mon_primary_before_aux_root	payload[1]/4	1348		1348	00001710	00000000	00000200	1	5102	ordinary_sample_offset
MON.DAT	mon_primary_before_aux_root	payload[1]/4	1349		1349	00001714	00000000	00000200	1	5102	ordinary_sample_offset
MON.DAT	mon_primary_before_aux_root	payload[1]/4	1350		1350	00001718	00000000	00000200	1	5102	ordinary_sample_offset
MON.DAT	mon_primary_before_aux_root	payload[1]/4	1351		1351	0000171C	00000000	00000200	1	5102	ordinary_sample_offset
MON.DAT	mon_primary_before_aux_root	payload[1]/4	1352		1352	00001720	00000000	00000200	1	5102	ordinary_sample_offset
MON.DAT	mon_primary_before_aux_root	payload[1]/4	1353		1353	00001724	00000000	00000200	1	5102	ordinary_sample_offset
MON.DAT	mon_primary_before_aux_root	payload[1]/4	1354		1354	00001728	00000000	00000200	1	5102	ordinary_sample_offset
MON.DAT	mon_primary_before_aux_root	payload[1]/4	1355		1355	0000172C	00000000	00000200	1	5102	ordinary_sample_offset
MON.DAT	mon_primary_before_aux_root	payload[1]/4	1356		1356	00001730	00000000	00000200	1	5102	ordinary_sample_offset
MON.DAT	mon_primary_before_aux_root	payload[1]/4	1357		1357	00001734	00000000	00000200	1	5102	ordinary_sample_offset
MON.DAT	mon_primary_before_aux_root	payload[1]/4	1358		1358	00001738	00000000	00000200	1	5102	ordinary_sample_offset
MON.DAT	mon_primary_before_aux_root	payload[1]/4	1359		1359	0000173C	00000000	00000200	1	5102	ordinary_sample_offset
MON.DAT	mon_primary_before_aux_root	payload[1]/4	1360		1360	00001740	00000000	00000200	1	5102	ordinary_sample_offset
MON.DAT	mon_primary_before_aux_root	payload[1]/4	1361		1361	00001744	00000000	00000200	1	5102	ordinary_sample_offset
MON.DAT	mon_primary_before_aux_root	payload[1]/4	1362		1362	00001748	00000000	00000200	1	5102	ordinary_sample_offset
MON.DAT	mon_primary_before_aux_root	payload[1]/4	1363		1363	0000174C	00000000	00000200	1	5102	ordinary_sample_offset
MON.DAT	mon_primary_before_aux_root	payload[1]/4	1364		1364	00001750	00000000	00000200	1	5102	ordinary_sample_offset
MON.DAT	mon_primary_before_aux_root	payload[1]/4	1365		1365	00001754	00000000	00000200	1	5102	ordinary_sample_offset
MON.DAT	mon_primary_before_aux_root	payload[1]/4	1366		1366	00001758	00000000	00000200	1	5102	ordinary_sample_offset
MON.DAT	mon_primary_before_aux_root	payload[1]/4	1367		1367	0000175C	00000000	00000200	1	5102	ordinary_sample_offset
MON.DAT	mon_primary_before_aux_root	payload[1]/4	1368		1368	00001760	00000000	00000200	1	5102	ordinary_sample_offset
MON.DAT	mon_primary_before_aux_root	payload[1]/4	1369		1369	00001764	00000000	00000200	1	5102	ordinary_sample_offset
MON.DAT	mon_primary_before_aux_root	payload[1]/4	1370		1370	00001768	00000000	00000200	1	5102	ordinary_sample_offset
MON.DAT	mon_primary_before_aux_root	payload[1]/4	1371		1371	0000176C	00000000	00000200	1	5102	ordinary_sample_offset
MON.DAT	mon_primary_before_aux_root	payload[1]/4	1372		1372	00001770	00000000	00000200	1	5102	ordinary_sample_offset
MON.DAT	mon_primary_before_aux_root	payload[1]/4	1373		1373	00001774	00000000	00000200	1	5102	ordinary_sample_offset
MON.DAT	mon_primary_before_aux_root	payload[1]/4	1374		1374	00001778	00000000	00000200	1	5102	ordinary_sample_offset
MON.DAT	mon_primary_before_aux_root	payload[1]/4	1375		1375	0000177C	00000000	00000200	1	5102	ordinary_sample_offset
MON.DAT	mon_primary_before_aux_root	payload[1]/4	1376		1376	00001780	00000000	00000200	1	5102	ordinary_sample_offset
MON.DAT	mon_primary_before_aux_root	payload[1]/4	1377		1377	00001784	00000000	00000200	1	5102	ordinary_sample_offset
MON.DAT	mon_primary_before_aux_root	payload[1]/4	1378		1378	00001788	00000000	00000200	1	5102	ordinary_sample_offset
MON.DAT	mon_primary_before_aux_root	payload[1]/4	1379		1379	0000178C	00000000	00000200	1	5102	ordinary_sample_offset
MON.DAT	mon_primary_before_aux_root	payload[1]/4	1380		1380	00001790	00000000	00000200	1	5102	ordinary_sample_offset
MON.DAT	mon_primary_before_aux_root	payload[1]/4	1381		1381	00001794	00000000	00000200	1	5102	ordinary_sample_offset
MON.DAT	mon_primary_before_aux_root	payload[1]/4	1382		1382	00001798	00000000	00000200	1	5102	ordinary_sample_offset
MON.DAT	mon_primary_before_aux_root	payload[1]/4	1383		1383	0000179C	00000000	00000200	1	5102	ordinary_sample_offset
MON.DAT	mon_primary_before_aux_root	payload[1]/4	1384		1384	000017A0	00000000	00000200	1	5102	ordinary_sample_offset
MON.DAT	mon_primary_before_aux_root	payload[1]/4	1385		1385	000017A4	00000000	00000200	1	5102	ordinary_sample_offset
MON.DAT	mon_primary_before_aux_root	payload[1]/4	1386		1386	000017A8	00000000	00000200	1	5102	ordinary_sample_offset
MON.DAT	mon_primary_before_aux_root	payload[1]/4	1387		1387	000017AC	00000000	00000200	1	5102	ordinary_sample_offset
MON.DAT	mon_primary_before_aux_root	payload[1]/4	1388		1388	000017B0	00000000	00000200	1	5102	ordinary_sample_offset
MON.DAT	mon_primary_before_aux_root	payload[1]/4	1389		1389	000017B4	00000000	00000200	1	5102	ordinary_sample_offset
MON.DAT	mon_primary_before_aux_root	payload[1]/4	1390		1390	000017B8	00000000	00000200	1	5102	ordinary_sample_offset
MON.DAT	mon_primary_before_aux_root	payload[1]/4	1391		1391	000017BC	00000000	00000200	1	5102	ordinary_sample_offset
MON.DAT	mon_primary_before_aux_root	payload[1]/4	1392		1392	000017C0	00000000	00000200	1	5102	ordinary_sample_offset
MON.DAT	mon_primary_before_aux_root	payload[1]/4	1393		1393	000017C4	00000000	00000200	1	5102	ordinary_sample_offset
MON.DAT	mon_primary_before_aux_root	payload[1]/4	1394		1394	000017C8	00000000	00000200	1	5102	ordinary_sample_offset
MON.DAT	mon_primary_before_aux_root	payload[1]/4	1395		1395	000017CC	00000000	00000200	1	5102	ordinary_sample_offset
MON.DAT	mon_primary_before_aux_root	payload[1]/4	1396		1396	000017D0	00000000	00000200	1	5102	ordinary_sample_offset
MON.DAT	mon_primary_before_aux_root	payload[1]/4	1397		1397	000017D4	00000000	00000200	1	5102	ordinary_sample_offset
MON.DAT	mon_primary_before_aux_root	payload[1]/4	1398		1398	000017D8	00000000	00000200	1	5102	ordinary_sample_offset
MON.DAT	mon_primary_before_aux_root	payload[1]/4	1399		1399	000017DC	00000000	00000200	1	5102	ordinary_sample_offset
MON.DAT	mon_primary_before_aux_root	payload[1]/4	1400		1400	000017E0	00000000	00000200	1	5102	ordinary_sample_offset
MON.DAT	mon_primary_before_aux_root	payload[1]/4	1401		1401	000017E4	00000000	00000200	1	5102	ordinary_sample_offset
MON.DAT	mon_primary_before_aux_root	payload[1]/4	1402		1402	000017E8	00000000	00000200	1	5102	ordinary_sample_offset
MON.DAT	mon_primary_before_aux_root	payload[1]/4	1403		1403	000017EC	00000000	00000200	1	5102	ordinary_sample_offset
MON.DAT	mon_primary_before_aux_root	payload[1]/4	1404		1404	000017F0	00000000	00000200	1	5102	ordinary_sample_offset
MON.DAT	mon_primary_before_aux_root	payload[1]/4	1405		1405	000017F4	00000000	00000200	1	5102	ordinary_sample_offset
MON.DAT	mon_primary_before_aux_root	payload[1]/4	1406		1406	000017F8	00000000	00000200	1	5102	ordinary_sample_offset
MON.DAT	mon_primary_before_aux_root	payload[1]/4	1407		1407	000017FC	00000000	00000200	1	5102	ordinary_sample_offset
MON.DAT	mon_primary_before_aux_root	payload[1]/4	1408		1408	00001800	00000000	00000200	1	5102	ordinary_sample_offset
MON.DAT	mon_primary_before_aux_root	payload[1]/4	1409		1409	00001804	00000000	00000200	1	5102	ordinary_sample_offset
MON.DAT	mon_primary_before_aux_root	payload[1]/4	1410		1410	00001808	00000000	00000200	1	5102	ordinary_sample_offset
MON.DAT	mon_primary_before_aux_root	payload[1]/4	1411		1411	0000180C	00000000	00000200	1	5102	ordinary_sample_offset
MON.DAT	mon_primary_before_aux_root	payload[1]/4	1412		1412	00001810	00000000	00000200	1	5102	ordinary_sample_offset
MON.DAT	mon_primary_before_aux_root	payload[1]/4	1413		1413	00001814	00000000	00000200	1	5102	ordinary_sample_offset
MON.DAT	mon_primary_before_aux_root	payload[1]/4	1414		1414	00001818	00000000	00000200	1	5102	ordinary_sample_offset
MON.DAT	mon_primary_before_aux_root	payload[1]/4	1415		1415	0000181C	00000000	00000200	1	5102	ordinary_sample_offset
MON.DAT	mon_primary_before_aux_root	payload[1]/4	1416		1416	00001820	00000000	00000200	1	5102	ordinary_sample_offset
MON.DAT	mon_primary_before_aux_root	payload[1]/4	1417		1417	00001824	00000000	00000200	1	5102	ordinary_sample_offset
MON.DAT	mon_primary_before_aux_root	payload[1]/4	1418		1418	00001828	00000000	00000200	1	5102	ordinary_sample_offset
MON.DAT	mon_primary_before_aux_root	payload[1]/4	1419		1419	0000182C	00000000	00000200	1	5102	ordinary_sample_offset
MON.DAT	mon_primary_before_aux_root	payload[1]/4	1420		1420	00001830	00000000	00000200	1	5102	ordinary_sample_offset
MON.DAT	mon_primary_before_aux_root	payload[1]/4	1421		1421	00001834	00000000	00000200	1	5102	ordinary_sample_offset
MON.DAT	mon_primary_before_aux_root	payload[1]/4	1422		1422	00001838	00000000	00000200	1	5102	ordinary_sample_offset
MON.DAT	mon_primary_before_aux_root	payload[1]/4	1423		1423	0000183C	00000000	00000200	1	5102	ordinary_sample_offset
MON.DAT	mon_primary_before_aux_root	payload[1]/4	1424		1424	00001840	00000000	00000200	1	5102	ordinary_sample_offset
MON.DAT	mon_primary_before_aux_root	payload[1]/4	1425		1425	00001844	00000000	00000200	1	5102	ordinary_sample_offset
MON.DAT	mon_primary_before_aux_root	payload[1]/4	1426		1426	00001848	00000000	00000200	1	5102	ordinary_sample_offset
MON.DAT	mon_primary_before_aux_root	payload[1]/4	1427		1427	0000184C	00000000	00000200	1	5102	ordinary_sample_offset
MON.DAT	mon_primary_before_aux_root	payload[1]/4	1428		1428	00001850	00000000	00000200	1	5102	ordinary_sample_offset
MON.DAT	mon_primary_before_aux_root	payload[1]/4	1429		1429	00001854	00000000	00000200	1	5102	ordinary_sample_offset
MON.DAT	mon_primary_before_aux_root	payload[1]/4	1430		1430	00001858	00000000	00000200	1	5102	ordinary_sample_offset
MON.DAT	mon_primary_before_aux_root	payload[1]/4	1431		1431	0000185C	00000000	00000200	1	5102	ordinary_sample_offset
MON.DAT	mon_primary_before_aux_root	payload[1]/4	1432		1432	00001860	00000000	00000200	1	5102	ordinary_sample_offset
MON.DAT	mon_primary_before_aux_root	payload[1]/4	1433		1433	00001864	00000000	00000200	1	5102	ordinary_sample_offset
MON.DAT	mon_primary_before_aux_root	payload[1]/4	1434		1434	00001868	00000000	00000200	1	5102	ordinary_sample_offset
MON.DAT	mon_primary_before_aux_root	payload[1]/4	1435		1435	0000186C	00000000	00000200	1	5102	ordinary_sample_offset
MON.DAT	mon_primary_before_aux_root	payload[1]/4	1436		1436	00001870	00000000	00000200	1	5102	ordinary_sample_offset
MON.DAT	mon_primary_before_aux_root	payload[1]/4	1437		1437	00001874	00000000	00000200	1	5102	ordinary_sample_offset
MON.DAT	mon_primary_before_aux_root	payload[1]/4	1438		1438	00001878	00000000	00000200	1	5102	ordinary_sample_offset
MON.DAT	mon_primary_before_aux_root	payload[1]/4	1439		1439	0000187C	00000000	00000200	1	5102	ordinary_sample_offset
MON.DAT	mon_primary_before_aux_root	payload[1]/4	1440		1440	00001880	00000000	00000200	1	5102	ordinary_sample_offset
MON.DAT	mon_primary_before_aux_root	payload[1]/4	1441		1441	00001884	00000000	00000200	1	5102	ordinary_sample_offset
MON.DAT	mon_primary_before_aux_root	payload[1]/4	1442		1442	00001888	00000000	00000200	1	5102	ordinary_sample_offset
MON.DAT	mon_primary_before_aux_root	payload[1]/4	1443		1443	0000188C	00000000	00000200	1	5102	ordinary_sample_offset
MON.DAT	mon_primary_before_aux_root	payload[1]/4	1444		1444	00001890	00000000	00000200	1	5102	ordinary_sample_offset
MON.DAT	mon_primary_before_aux_root	payload[1]/4	1445		1445	00001894	00000000	00000200	1	5102	ordinary_sample_offset
MON.DAT	mon_primary_before_aux_root	payload[1]/4	1446		1446	00001898	00000000	00000200	1	5102	ordinary_sample_offset
MON.DAT	mon_primary_before_aux_root	payload[1]/4	1447		1447	0000189C	00000000	00000200	1	5102	ordinary_sample_offset
MON.DAT	mon_primary_before_aux_root	payload[1]/4	1448		1448	000018A0	00000000	00000200	1	5102	ordinary_sample_offset
MON.DAT	mon_primary_before_aux_root	payload[1]/4	1449		1449	000018A4	00000000	00000200	1	5102	ordinary_sample_offset
MON.DAT	mon_primary_before_aux_root	payload[1]/4	1450		1450	000018A8	00000000	00000200	1	5102	ordinary_sample_offset
MON.DAT	mon_primary_before_aux_root	payload[1]/4	1451		1451	000018AC	00000000	00000200	1	5102	ordinary_sample_offset
MON.DAT	mon_primary_before_aux_root	payload[1]/4	1452		1452	000018B0	00000000	00000200	1	5102	ordinary_sample_offset
MON.DAT	mon_primary_before_aux_root	payload[1]/4	1453		1453	000018B4	00000000	00000200	1	5102	ordinary_sample_offset
MON.DAT	mon_primary_before_aux_root	payload[1]/4	1454		1454	000018B8	00000000	00000200	1	5102	ordinary_sample_offset
MON.DAT	mon_primary_before_aux_root	payload[1]/4	1455		1455	000018BC	00000000	00000200	1	5102	ordinary_sample_offset
MON.DAT	mon_primary_before_aux_root	payload[1]/4	1456		1456	000018C0	00000000	00000200	1	5102	ordinary_sample_offset
MON.DAT	mon_primary_before_aux_root	payload[1]/4	1457		1457	000018C4	00000000	00000200	1	5102	ordinary_sample_offset
MON.DAT	mon_primary_before_aux_root	payload[1]/4	1458		1458	000018C8	00000000	00000200	1	5102	ordinary_sample_offset
MON.DAT	mon_primary_before_aux_root	payload[1]/4	1459		1459	000018CC	00000000	00000200	1	5102	ordinary_sample_offset
MON.DAT	mon_primary_before_aux_root	payload[1]/4	1460		1460	000018D0	00000000	00000200	1	5102	ordinary_sample_offset
MON.DAT	mon_primary_before_aux_root	payload[1]/4	1461		1461	000018D4	00000000	00000200	1	5102	ordinary_sample_offset
MON.DAT	mon_primary_before_aux_root	payload[1]/4	1462		1462	000018D8	00000000	00000200	1	5102	ordinary_sample_offset
MON.DAT	mon_primary_before_aux_root	payload[1]/4	1463		1463	000018DC	00000000	00000200	1	5102	ordinary_sample_offset
MON.DAT	mon_primary_before_aux_root	payload[1]/4	1464		1464	000018E0	00000000	00000200	1	5102	ordinary_sample_offset
MON.DAT	mon_primary_before_aux_root	payload[1]/4	1465		1465	000018E4	00000000	00000200	1	5102	ordinary_sample_offset
MON.DAT	mon_primary_before_aux_root	payload[1]/4	1466		1466	000018E8	00000000	00000200	1	5102	ordinary_sample_offset
MON.DAT	mon_primary_before_aux_root	payload[1]/4	1467		1467	000018EC	00000000	00000200	1	5102	ordinary_sample_offset
MON.DAT	mon_primary_before_aux_root	payload[1]/4	1468		1468	000018F0	00000000	00000200	1	5102	ordinary_sample_offset
MON.DAT	mon_primary_before_aux_root	payload[1]/4	1469		1469	000018F4	00000000	00000200	1	5102	ordinary_sample_offset
MON.DAT	mon_primary_before_aux_root	payload[1]/4	1470		1470	000018F8	00000000	00000200	1	5102	ordinary_sample_offset
MON.DAT	mon_primary_before_aux_root	payload[1]/4	1471		1471	000018FC	00000000	00000200	1	5102	ordinary_sample_offset
MON.DAT	mon_primary_before_aux_root	payload[1]/4	1472		1472	00001900	00000000	00000200	1	5102	ordinary_sample_offset
MON.DAT	mon_primary_before_aux_root	payload[1]/4	1473		1473	00001904	00000000	00000200	1	5102	ordinary_sample_offset
MON.DAT	mon_primary_before_aux_root	payload[1]/4	1474		1474	00001908	00000000	00000200	1	5102	ordinary_sample_offset
MON.DAT	mon_primary_before_aux_root	payload[1]/4	1475		1475	0000190C	00000000	00000200	1	5102	ordinary_sample_offset
MON.DAT	mon_primary_before_aux_root	payload[1]/4	1476		1476	00001910	00000000	00000200	1	5102	ordinary_sample_offset
MON.DAT	mon_primary_before_aux_root	payload[1]/4	1477		1477	00001914	00000000	00000200	1	5102	ordinary_sample_offset
MON.DAT	mon_primary_before_aux_root	payload[1]/4	1478		1478	00001918	00000000	00000200	1	5102	ordinary_sample_offset
MON.DAT	mon_primary_before_aux_root	payload[1]/4	1479		1479	0000191C	00000000	00000200	1	5102	ordinary_sample_offset
MON.DAT	mon_primary_before_aux_root	payload[1]/4	1480		1480	00001920	00000000	00000200	1	5102	ordinary_sample_offset
MON.DAT	mon_primary_before_aux_root	payload[1]/4	1481		1481	00001924	00000000	00000200	1	5102	ordinary_sample_offset
MON.DAT	mon_primary_before_aux_root	payload[1]/4	1482		1482	00001928	00000000	00000200	1	5102	ordinary_sample_offset
MON.DAT	mon_primary_before_aux_root	payload[1]/4	1483		1483	0000192C	00000000	00000200	1	5102	ordinary_sample_offset
MON.DAT	mon_primary_before_aux_root	payload[1]/4	1484		1484	00001930	00000000	00000200	1	5102	ordinary_sample_offset
MON.DAT	mon_primary_before_aux_root	payload[1]/4	1485		1485	00001934	00000000	00000200	1	5102	ordinary_sample_offset
MON.DAT	mon_primary_before_aux_root	payload[1]/4	1486		1486	00001938	00000000	00000200	1	5102	ordinary_sample_offset
MON.DAT	mon_primary_before_aux_root	payload[1]/4	1487		1487	0000193C	00000000	00000200	1	5102	ordinary_sample_offset
MON.DAT	mon_primary_before_aux_root	payload[1]/4	1488		1488	00001940	00000000	00000200	1	5102	ordinary_sample_offset
MON.DAT	mon_primary_before_aux_root	payload[1]/4	1489		1489	00001944	00000000	00000200	1	5102	ordinary_sample_offset
MON.DAT	mon_primary_before_aux_root	payload[1]/4	1490		1490	00001948	00000000	00000200	1	5102	ordinary_sample_offset
MON.DAT	mon_primary_before_aux_root	payload[1]/4	1491		1491	0000194C	00000000	00000200	1	5102	ordinary_sample_offset
MON.DAT	mon_primary_before_aux_root	payload[1]/4	1492		1492	00001950	00000000	00000200	1	5102	ordinary_sample_offset
MON.DAT	mon_primary_before_aux_root	payload[1]/4	1493		1493	00001954	00000000	00000200	1	5102	ordinary_sample_offset
MON.DAT	mon_primary_before_aux_root	payload[1]/4	1494		1494	00001958	00000000	00000200	1	5102	ordinary_sample_offset
MON.DAT	mon_primary_before_aux_root	payload[1]/4	1495		1495	0000195C	00000000	00000200	1	5102	ordinary_sample_offset
MON.DAT	mon_primary_before_aux_root	payload[1]/4	1496		1496	00001960	00000000	00000200	1	5102	ordinary_sample_offset
MON.DAT	mon_primary_before_aux_root	payload[1]/4	1497		1497	00001964	00000000	00000200	1	5102	ordinary_sample_offset
MON.DAT	mon_primary_before_aux_root	payload[1]/4	1498		1498	00001968	00000000	00000200	1	5102	ordinary_sample_offset
MON.DAT	mon_primary_before_aux_root	payload[1]/4	1499		1499	0000196C	00000000	00000200	1	5102	ordinary_sample_offset
MON.DAT	mon_primary_before_aux_root	payload[1]/4	1500		1500	00001970	00000000	00000200	1	5102	ordinary_sample_offset
MON.DAT	mon_primary_before_aux_root	payload[1]/4	1501		1501	00001974	00000000	00000200	1	5102	ordinary_sample_offset
MON.DAT	mon_primary_before_aux_root	payload[1]/4	1502		1502	00001978	0002201A	0002221A	1	03E8	ordinary_sample_offset
MON.DAT	mon_primary_before_aux_root	payload[1]/4	1503		1503	0000197C	0002207F	0002227F	1	03E8	ordinary_sample_offset
MON.DAT	mon_primary_before_aux_root	payload[1]/4	1504		1504	00001980	000220E0	000222E0	1	03E8	ordinary_sample_offset
MON.DAT	mon_primary_before_aux_root	payload[1]/4	1505		1505	00001984	0002214D	0002234D	1	03E8	ordinary_sample_offset
MON.DAT	mon_primary_before_aux_root	payload[1]/4	1506		1506	00001988	000221D8	000223D8	1	03E8	ordinary_sample_offset
MON.DAT	mon_primary_before_aux_root	payload[1]/4	1507		1507	0000198C	00022243	00022443	1	03E8	ordinary_sample_offset
MON.DAT	mon_primary_before_aux_root	payload[1]/4	1508		1508	00001990	000222A6	000224A6	1	03E8	ordinary_sample_offset
MON.DAT	mon_primary_before_aux_root	payload[1]/4	1509		1509	00001994	00022337	00022537	1	03E8	ordinary_sample_offset
MON.DAT	mon_primary_before_aux_root	payload[1]/4	1510		1510	00001998	000223B2	000225B2	1	03E8	ordinary_sample_offset
MON.DAT	mon_primary_before_aux_root	payload[1]/4	1511		1511	0000199C	0002242B	0002262B	1	03E8	ordinary_sample_offset
MON.DAT	mon_primary_before_aux_root	payload[1]/4	1512		1512	000019A0	0002248C	0002268C	1	03E8	ordinary_sample_offset
MON.DAT	mon_primary_before_aux_root	payload[1]/4	1513		1513	000019A4	00022503	00022703	1	03E8	ordinary_sample_offset
MON.DAT	mon_primary_before_aux_root	payload[1]/4	1514		1514	000019A8	00022562	00022762	1	03E8	ordinary_sample_offset
MON.DAT	mon_primary_before_aux_root	payload[1]/4	1515		1515	000019AC	000225EB	000227EB	1	03E8	ordinary_sample_offset
MON.DAT	mon_primary_before_aux_root	payload[1]/4	1516		1516	000019B0	00022658	00022858	1	03E8	ordinary_sample_offset
MON.DAT	mon_primary_before_aux_root	payload[1]/4	1517		1517	000019B4	000226F3	000228F3	1	03E8	ordinary_sample_offset
MON.DAT	mon_primary_before_aux_root	payload[1]/4	1518		1518	000019B8	00022756	00022956	1	03E8	ordinary_sample_offset
MON.DAT	mon_primary_before_aux_root	payload[1]/4	1519		1519	000019BC	000227BB	000229BB	1	03E8	ordinary_sample_offset
MON.DAT	mon_primary_before_aux_root	payload[1]/4	1520		1520	000019C0	00022842	00022A42	1	03E8	ordinary_sample_offset
MON.DAT	mon_primary_before_aux_root	payload[1]/4	1521		1521	000019C4	0002289F	00022A9F	1	03E8	ordinary_sample_offset
MON.DAT	mon_primary_before_aux_root	payload[1]/4	1522		1522	000019C8	00022904	00022B04	1	03E8	ordinary_sample_offset
MON.DAT	mon_primary_before_aux_root	payload[1]/4	1523		1523	000019CC	00022979	00022B79	1	03E8	ordinary_sample_offset
MON.DAT	mon_primary_before_aux_root	payload[1]/4	1524		1524	000019D0	000229EA	00022BEA	1	03E8	ordinary_sample_offset
MON.DAT	mon_primary_before_aux_root	payload[1]/4	1525		1525	000019D4	00022A73	00022C73	1	03E8	ordinary_sample_offset
MON.DAT	mon_primary_before_aux_root	payload[1]/4	1526		1526	000019D8	00022B0E	00022D0E	1	03E8	ordinary_sample_offset
MON.DAT	mon_primary_before_aux_root	payload[1]/4	1527		1527	000019DC	00022B6F	00022D6F	1	03E8	ordinary_sample_offset
MON.DAT	mon_primary_before_aux_root	payload[1]/4	1528		1528	000019E0	00022C02	00022E02	1	03E8	ordinary_sample_offset
MON.DAT	mon_primary_before_aux_root	payload[1]/4	1529		1529	000019E4	00022C6B	00022E6B	1	03E8	ordinary_sample_offset
MON.DAT	mon_primary_before_aux_root	payload[1]/4	1530		1530	000019E8	00022CCA	00022ECA	1	03E8	ordinary_sample_offset
MON.DAT	mon_primary_before_aux_root	payload[1]/4	1531		1531	000019EC	00022D21	00022F21	1	03E8	ordinary_sample_offset
MON.DAT	mon_primary_before_aux_root	payload[1]/4	1532		1532	000019F0	00022D86	00022F86	1	03E8	ordinary_sample_offset
MON.DAT	mon_primary_before_aux_root	payload[1]/4	1533		1533	000019F4	00022E17	00023017	1	03E8	ordinary_sample_offset
MON.DAT	mon_primary_before_aux_root	payload[1]/4	1534		1534	000019F8	00022E84	00023084	1	03E8	ordinary_sample_offset
MON.DAT	mon_primary_before_aux_root	payload[1]/4	1535		1535	000019FC	00022EE5	000230E5	1	03E8	ordinary_sample_offset
MON.DAT	mon_primary_before_aux_root	payload[1]/4	1536		1536	00001A00	00022F54	00023154	1	03E8	ordinary_sample_offset
MON.DAT	mon_primary_before_aux_root	payload[1]/4	1537		1537	00001A04	00022FB3	000231B3	1	03E8	ordinary_sample_offset
MON.DAT	mon_primary_before_aux_root	payload[1]/4	1538		1538	00001A08	0002301E	0002321E	1	03E8	ordinary_sample_offset
MON.DAT	mon_primary_before_aux_root	payload[1]/4	1539		1539	00001A0C	0002308F	0002328F	1	03E8	ordinary_sample_offset
MON.DAT	mon_primary_before_aux_root	payload[1]/4	1540		1540	00001A10	00023104	00023304	1	03E8	ordinary_sample_offset
MON.DAT	mon_primary_before_aux_root	payload[1]/4	1541		1541	00001A14	0002317F	0002337F	1	03E8	ordinary_sample_offset
MON.DAT	mon_primary_before_aux_root	payload[1]/4	1542		1542	00001A18	0002322A	0002342A	1	03E8	ordinary_sample_offset
MON.DAT	mon_primary_before_aux_root	payload[1]/4	1543		1543	00001A1C	0002329F	0002349F	1	03E8	ordinary_sample_offset
MON.DAT	mon_primary_before_aux_root	payload[1]/4	1544		1544	00001A20	00023306	00023506	1	03E8	ordinary_sample_offset
MON.DAT	mon_primary_before_aux_root	payload[1]/4	1545		1545	00001A24	00023357	00023557	1	03E8	ordinary_sample_offset
MON.DAT	mon_primary_before_aux_root	payload[1]/4	1546		1546	00001A28	000233B2	000235B2	1	03E8	ordinary_sample_offset
MON.DAT	mon_primary_before_aux_root	payload[1]/4	1547		1547	00001A2C	0002341D	0002361D	1	03E8	ordinary_sample_offset
MON.DAT	mon_primary_before_aux_root	payload[1]/4	1548		1548	00001A30	00023490	00023690	1	03E8	ordinary_sample_offset
MON.DAT	mon_primary_before_aux_root	payload[1]/4	1549		1549	00001A34	000234FF	000236FF	1	03E8	ordinary_sample_offset
MON.DAT	mon_primary_before_aux_root	payload[1]/4	1550		1550	00001A38	00023568	00023768	1	03E8	ordinary_sample_offset
MON.DAT	mon_primary_before_aux_root	payload[1]/4	1551		1551	00001A3C	000235CF	000237CF	1	03E8	ordinary_sample_offset
MON.DAT	mon_primary_before_aux_root	payload[1]/4	1552		1552	00001A40	0002363E	0002383E	1	03E8	ordinary_sample_offset
MON.DAT	mon_primary_before_aux_root	payload[1]/4	1553		1553	00001A44	000236B1	000238B1	1	03E8	ordinary_sample_offset
MON.DAT	mon_primary_before_aux_root	payload[1]/4	1554		1554	00001A48	00023716	00023916	1	03E8	ordinary_sample_offset
MON.DAT	mon_primary_before_aux_root	payload[1]/4	1555		1555	00001A4C	00023785	00023985	1	03E8	ordinary_sample_offset
MON.DAT	mon_primary_before_aux_root	payload[1]/4	1556		1556	00001A50	000237EE	000239EE	1	03E8	ordinary_sample_offset
MON.DAT	mon_primary_before_aux_root	payload[1]/4	1557		1557	00001A54	00023861	00023A61	1	03E8	ordinary_sample_offset
MON.DAT	mon_primary_before_aux_root	payload[1]/4	1558		1558	00001A58	000238BC	00023ABC	1	03E8	ordinary_sample_offset
MON.DAT	mon_primary_before_aux_root	payload[1]/4	1559		1559	00001A5C	00023927	00023B27	1	03E8	ordinary_sample_offset
MON.DAT	mon_primary_before_aux_root	payload[1]/4	1560		1560	00001A60	0002399C	00023B9C	1	03E8	ordinary_sample_offset
MON.DAT	mon_primary_before_aux_root	payload[1]/4	1561		1561	00001A64	00023A03	00023C03	1	03E8	ordinary_sample_offset
MON.DAT	mon_primary_before_aux_root	payload[1]/4	1562		1562	00001A68	00023A88	00023C88	1	03E8	ordinary_sample_offset
MON.DAT	mon_primary_before_aux_root	payload[1]/4	1563		1563	00001A6C	00023AE7	00023CE7	1	03E8	ordinary_sample_offset
MON.DAT	mon_primary_before_aux_root	payload[1]/4	1564		1564	00001A70	00023B48	00023D48	1	03E8	ordinary_sample_offset
MON.DAT	mon_primary_before_aux_root	payload[1]/4	1565		1565	00001A74	00023BB7	00023DB7	1	03E8	ordinary_sample_offset
MON.DAT	mon_primary_before_aux_root	payload[1]/4	1566		1566	00001A78	00023C1C	00023E1C	1	03E8	ordinary_sample_offset
MON.DAT	mon_primary_before_aux_root	payload[1]/4	1567		1567	00001A7C	00023C85	00023E85	1	03E8	ordinary_sample_offset
MON.DAT	mon_primary_before_aux_root	payload[1]/4	1568		1568	00001A80	00023CDC	00023EDC	1	03E8	ordinary_sample_offset
MON.DAT	mon_primary_before_aux_root	payload[1]/4	1569		1569	00001A84	00023D41	00023F41	1	03E8	ordinary_sample_offset
MON.DAT	mon_primary_before_aux_root	payload[1]/4	1570		1570	00001A88	00023DAE	00023FAE	1	03E8	ordinary_sample_offset
MON.DAT	mon_primary_before_aux_root	payload[1]/4	1571		1571	00001A8C	00023E23	00024023	1	03E8	ordinary_sample_offset
MON.DAT	mon_primary_before_aux_root	payload[1]/4	1572		1572	00001A90	00023EAE	000240AE	1	03E8	ordinary_sample_offset
MON.DAT	mon_primary_before_aux_root	payload[1]/4	1573		1573	00001A94	00023F17	00024117	1	03E8	ordinary_sample_offset
MON.DAT	mon_primary_before_aux_root	payload[1]/4	1574		1574	00001A98	00023F7A	0002417A	1	03E8	ordinary_sample_offset
MON.DAT	mon_primary_before_aux_root	payload[1]/4	1575		1575	00001A9C	00023FE4	000241E4	1	03E8	ordinary_sample_offset
MON.DAT	mon_primary_before_aux_root	payload[1]/4	1576		1576	00001AA0	00024041	00024241	1	03E8	ordinary_sample_offset
MON.DAT	mon_primary_before_aux_root	payload[1]/4	1577		1577	00001AA4	000240C6	000242C6	1	03E8	ordinary_sample_offset
MON.DAT	mon_primary_before_aux_root	payload[1]/4	1578		1578	00001AA8	0002414B	0002434B	1	03E8	ordinary_sample_offset
MON.DAT	mon_primary_before_aux_root	payload[1]/4	1579		1579	00001AAC	000241BE	000243BE	1	03E8	ordinary_sample_offset
MON.DAT	mon_primary_before_aux_root	payload[1]/4	1580		1580	00001AB0	0002423D	0002443D	1	03E8	ordinary_sample_offset
MON.DAT	mon_primary_before_aux_root	payload[1]/4	1581		1581	00001AB4	000242B2	000244B2	1	03E8	ordinary_sample_offset
MON.DAT	mon_primary_before_aux_root	payload[1]/4	1582		1582	00001AB8	0002431B	0002451B	1	03E8	ordinary_sample_offset
MON.DAT	mon_primary_before_aux_root	payload[1]/4	1583		1583	00001ABC	0002438C	0002458C	1	03E8	ordinary_sample_offset
MON.DAT	mon_primary_before_aux_root	payload[1]/4	1584		1584	00001AC0	00024409	00024609	1	03E8	ordinary_sample_offset
MON.DAT	mon_primary_before_aux_root	payload[1]/4	1585		1585	00001AC4	0002448A	0002468A	1	03E8	ordinary_sample_offset
MON.DAT	mon_primary_before_aux_root	payload[1]/4	1586		1586	00001AC8	000244E9	000246E9	1	03E8	ordinary_sample_offset
MON.DAT	mon_primary_before_aux_root	payload[1]/4	1587		1587	00001ACC	00024556	00024756	1	03E8	ordinary_sample_offset
MON.DAT	mon_primary_before_aux_root	payload[1]/4	1588		1588	00001AD0	000245C9	000247C9	1	03E8	ordinary_sample_offset
MON.DAT	mon_primary_before_aux_root	payload[1]/4	1589		1589	00001AD4	00024652	00024852	1	03E8	ordinary_sample_offset
MON.DAT	mon_primary_before_aux_root	payload[1]/4	1590		1590	00001AD8	000246CF	000248CF	1	03E8	ordinary_sample_offset
MON.DAT	mon_primary_before_aux_root	payload[1]/4	1591		1591	00001ADC	0002472E	0002492E	1	03E8	ordinary_sample_offset
MON.DAT	mon_primary_before_aux_root	payload[1]/4	1592		1592	00001AE0	0002479F	0002499F	1	03E8	ordinary_sample_offset
MON.DAT	mon_primary_before_aux_root	payload[1]/4	1593		1593	00001AE4	000247EA	000249EA	1	03E8	ordinary_sample_offset
MON.DAT	mon_primary_before_aux_root	payload[1]/4	1594		1594	00001AE8	00024835	00024A35	1	03E8	ordinary_sample_offset
MON.DAT	mon_primary_before_aux_root	payload[1]/4	1595		1595	00001AEC	00024880	00024A80	1	03E8	ordinary_sample_offset
MON.DAT	mon_primary_before_aux_root	payload[1]/4	1596		1596	00001AF0	000248DD	00024ADD	1	03E8	ordinary_sample_offset
MON.DAT	mon_primary_before_aux_root	payload[1]/4	1597		1597	00001AF4	00024928	00024B28	1	03E8	ordinary_sample_offset
MON.DAT	mon_primary_before_aux_root	payload[1]/4	1598		1598	00001AF8	00000000	00000200	1	5102	ordinary_sample_offset
MON.DAT	mon_primary_before_aux_root	payload[1]/4	1599		1599	00001AFC	00000000	00000200	1	5102	ordinary_sample_offset
MON.DAT	mon_primary_before_aux_root	payload[1]/4	1600		1600	00001B00	00000000	00000200	1	5102	ordinary_sample_offset
MON.DAT	mon_primary_before_aux_root	payload[1]/4	1601		1601	00001B04	00000000	00000200	1	5102	ordinary_sample_offset
MON.DAT	mon_primary_before_aux_root	payload[1]/4	1602		1602	00001B08	00000000	00000200	1	5102	ordinary_sample_offset
MON.DAT	mon_primary_before_aux_root	payload[1]/4	1603		1603	00001B0C	00000000	00000200	1	5102	ordinary_sample_offset
MON.DAT	mon_primary_before_aux_root	payload[1]/4	1604		1604	00001B10	00000000	00000200	1	5102	ordinary_sample_offset
MON.DAT	mon_primary_before_aux_root	payload[1]/4	1605		1605	00001B14	00000000	00000200	1	5102	ordinary_sample_offset
MON.DAT	mon_primary_before_aux_root	payload[1]/4	1606		1606	00001B18	00000000	00000200	1	5102	ordinary_sample_offset
MON.DAT	mon_primary_before_aux_root	payload[1]/4	1607		1607	00001B1C	00000000	00000200	1	5102	ordinary_sample_offset
MON.DAT	mon_primary_before_aux_root	payload[1]/4	1608		1608	00001B20	00000000	00000200	1	5102	ordinary_sample_offset
MON.DAT	mon_primary_before_aux_root	payload[1]/4	1609		1609	00001B24	00000000	00000200	1	5102	ordinary_sample_offset
MON.DAT	mon_primary_before_aux_root	payload[1]/4	1610		1610	00001B28	00000000	00000200	1	5102	ordinary_sample_offset
MON.DAT	mon_primary_before_aux_root	payload[1]/4	1611		1611	00001B2C	00000000	00000200	1	5102	ordinary_sample_offset
MON.DAT	mon_primary_before_aux_root	payload[1]/4	1612		1612	00001B30	00000000	00000200	1	5102	ordinary_sample_offset
MON.DAT	mon_primary_before_aux_root	payload[1]/4	1613		1613	00001B34	00000000	00000200	1	5102	ordinary_sample_offset
MON.DAT	mon_primary_before_aux_root	payload[1]/4	1614		1614	00001B38	00000000	00000200	1	5102	ordinary_sample_offset
MON.DAT	mon_primary_before_aux_root	payload[1]/4	1615		1615	00001B3C	00000000	00000200	1	5102	ordinary_sample_offset
MON.DAT	mon_primary_before_aux_root	payload[1]/4	1616		1616	00001B40	00000000	00000200	1	5102	ordinary_sample_offset
MON.DAT	mon_primary_before_aux_root	payload[1]/4	1617		1617	00001B44	00000000	00000200	1	5102	ordinary_sample_offset
MON.DAT	mon_primary_before_aux_root	payload[1]/4	1618		1618	00001B48	00000000	00000200	1	5102	ordinary_sample_offset
MON.DAT	mon_primary_before_aux_root	payload[1]/4	1619		1619	00001B4C	00000000	00000200	1	5102	ordinary_sample_offset
MON.DAT	mon_primary_before_aux_root	payload[1]/4	1620		1620	00001B50	00000000	00000200	1	5102	ordinary_sample_offset
MON.DAT	mon_primary_before_aux_root	payload[1]/4	1621		1621	00001B54	00000000	00000200	1	5102	ordinary_sample_offset
MON.DAT	mon_primary_before_aux_root	payload[1]/4	1622		1622	00001B58	00000000	00000200	1	5102	ordinary_sample_offset
MON.DAT	mon_primary_before_aux_root	payload[1]/4	1623		1623	00001B5C	00000000	00000200	1	5102	ordinary_sample_offset
MON.DAT	mon_primary_before_aux_root	payload[1]/4	1624		1624	00001B60	00000000	00000200	1	5102	ordinary_sample_offset
MON.DAT	mon_primary_before_aux_root	payload[1]/4	1625		1625	00001B64	00000000	00000200	1	5102	ordinary_sample_offset
MON.DAT	mon_primary_before_aux_root	payload[1]/4	1626		1626	00001B68	00000000	00000200	1	5102	ordinary_sample_offset
MON.DAT	mon_primary_before_aux_root	payload[1]/4	1627		1627	00001B6C	00000000	00000200	1	5102	ordinary_sample_offset
MON.DAT	mon_primary_before_aux_root	payload[1]/4	1628		1628	00001B70	00000000	00000200	1	5102	ordinary_sample_offset
MON.DAT	mon_primary_before_aux_root	payload[1]/4	1629		1629	00001B74	00000000	00000200	1	5102	ordinary_sample_offset
MON.DAT	mon_primary_before_aux_root	payload[1]/4	1630		1630	00001B78	00000000	00000200	1	5102	ordinary_sample_offset
MON.DAT	mon_primary_before_aux_root	payload[1]/4	1631		1631	00001B7C	00000000	00000200	1	5102	ordinary_sample_offset
MON.DAT	mon_primary_before_aux_root	payload[1]/4	1632		1632	00001B80	00000000	00000200	1	5102	ordinary_sample_offset
MON.DAT	mon_primary_before_aux_root	payload[1]/4	1633		1633	00001B84	00000000	00000200	1	5102	ordinary_sample_offset
MON.DAT	mon_primary_before_aux_root	payload[1]/4	1634		1634	00001B88	00000000	00000200	1	5102	ordinary_sample_offset
MON.DAT	mon_primary_before_aux_root	payload[1]/4	1635		1635	00001B8C	000258C6	00025AC6	1	03E8	ordinary_sample_offset
MON.DAT	mon_primary_before_aux_root	payload[1]/4	1636		1636	00001B90	0002596D	00025B6D	1	03E8	ordinary_sample_offset
MON.DAT	mon_primary_before_aux_root	payload[1]/4	1637		1637	00001B94	00025A02	00025C02	1	03E8	ordinary_sample_offset
MON.DAT	mon_primary_before_aux_root	payload[1]/4	1638		1638	00001B98	00025A8D	00025C8D	1	03E8	ordinary_sample_offset
MON.DAT	mon_primary_before_aux_root	payload[1]/4	1639		1639	00001B9C	00025B42	00025D42	1	03E8	ordinary_sample_offset
MON.DAT	mon_primary_before_aux_root	payload[1]/4	1640		1640	00001BA0	00025C03	00025E03	1	03E8	ordinary_sample_offset
MON.DAT	mon_primary_before_aux_root	payload[1]/4	1641		1641	00001BA4	00025C92	00025E92	1	03E8	ordinary_sample_offset
MON.DAT	mon_primary_before_aux_root	payload[1]/4	1642		1642	00001BA8	00025D05	00025F05	1	03E8	ordinary_sample_offset
MON.DAT	mon_primary_before_aux_root	payload[1]/4	1643		1643	00001BAC	00025DC0	00025FC0	1	03E8	ordinary_sample_offset
MON.DAT	mon_primary_before_aux_root	payload[1]/4	1644		1644	00001BB0	00025E51	00026051	1	03E8	ordinary_sample_offset
MON.DAT	mon_primary_before_aux_root	payload[1]/4	1645		1645	00001BB4	00025EF4	000260F4	1	03E8	ordinary_sample_offset
MON.DAT	mon_primary_before_aux_root	payload[1]/4	1646		1646	00001BB8	00025FAF	000261AF	1	03E8	ordinary_sample_offset
MON.DAT	mon_primary_before_aux_root	payload[1]/4	1647		1647	00001BBC	00026028	00026228	1	03E8	ordinary_sample_offset
MON.DAT	mon_primary_before_aux_root	payload[1]/4	1648		1648	00001BC0	000260AD	000262AD	1	03E8	ordinary_sample_offset
MON.DAT	mon_primary_before_aux_root	payload[1]/4	1649		1649	00001BC4	00026130	00026330	1	03E8	ordinary_sample_offset
MON.DAT	mon_primary_before_aux_root	payload[1]/4	1650		1650	00001BC8	000261AF	000263AF	1	03E8	ordinary_sample_offset
MON.DAT	mon_primary_before_aux_root	payload[1]/4	1651		1651	00001BCC	0002623A	0002643A	1	03E8	ordinary_sample_offset
MON.DAT	mon_primary_before_aux_root	payload[1]/4	1652		1652	00001BD0	000262D5	000264D5	1	03E8	ordinary_sample_offset
MON.DAT	mon_primary_before_aux_root	payload[1]/4	1653		1653	00001BD4	00026352	00026552	1	03E8	ordinary_sample_offset
MON.DAT	mon_primary_before_aux_root	payload[1]/4	1654		1654	00001BD8	000263FD	000265FD	1	03E8	ordinary_sample_offset
MON.DAT	mon_primary_before_aux_root	payload[1]/4	1655		1655	00001BDC	00026498	00026698	1	03E8	ordinary_sample_offset
MON.DAT	mon_primary_before_aux_root	payload[1]/4	1656		1656	00001BE0	00026503	00026703	1	03E8	ordinary_sample_offset
MON.DAT	mon_primary_before_aux_root	payload[1]/4	1657		1657	00001BE4	00026578	00026778	1	03E8	ordinary_sample_offset
MON.DAT	mon_primary_before_aux_root	payload[1]/4	1658		1658	00001BE8	000265FD	000267FD	1	03E8	ordinary_sample_offset
MON.DAT	mon_primary_before_aux_root	payload[1]/4	1659		1659	00001BEC	00026672	00026872	1	03E8	ordinary_sample_offset
MON.DAT	mon_primary_before_aux_root	payload[1]/4	1660		1660	00001BF0	000266F3	000268F3	1	03E8	ordinary_sample_offset
MON.DAT	mon_primary_before_aux_root	payload[1]/4	1661		1661	00001BF4	00026794	00026994	1	03E8	ordinary_sample_offset
MON.DAT	mon_primary_before_aux_root	payload[1]/4	1662		1662	00001BF8	0002681B	00026A1B	1	03E8	ordinary_sample_offset
MON.DAT	mon_primary_before_aux_root	payload[1]/4	1663		1663	00001BFC	000268A6	00026AA6	1	03E8	ordinary_sample_offset
MON.DAT	mon_primary_before_aux_root	payload[1]/4	1664		1664	00001C00	00026905	00026B05	1	03E8	ordinary_sample_offset
MON.DAT	mon_primary_before_aux_root	payload[1]/4	1665		1665	00001C04	00026964	00026B64	1	03E8	ordinary_sample_offset
MON.DAT	mon_primary_before_aux_root	payload[1]/4	1666		1666	00001C08	000269D5	00026BD5	1	03E8	ordinary_sample_offset
MON.DAT	mon_primary_before_aux_root	payload[1]/4	1667		1667	00001C0C	00026A3A	00026C3A	1	03E8	ordinary_sample_offset
MON.DAT	mon_primary_before_aux_root	payload[1]/4	1668		1668	00001C10	00026AAB	00026CAB	1	03E8	ordinary_sample_offset
MON.DAT	mon_primary_before_aux_root	payload[1]/4	1669		1669	00001C14	00026B1A	00026D1A	1	03E8	ordinary_sample_offset
MON.DAT	mon_primary_before_aux_root	payload[1]/4	1670		1670	00001C18	00026B89	00026D89	1	03E8	ordinary_sample_offset
MON.DAT	mon_primary_before_aux_root	payload[1]/4	1671		1671	00001C1C	00026C2C	00026E2C	1	03E8	ordinary_sample_offset
MON.DAT	mon_primary_before_aux_root	payload[1]/4	1672		1672	00001C20	00026CA5	00026EA5	1	03E8	ordinary_sample_offset
MON.DAT	mon_primary_before_aux_root	payload[1]/4	1673		1673	00001C24	00026D2A	00026F2A	1	03E8	ordinary_sample_offset
MON.DAT	mon_primary_before_aux_root	payload[1]/4	1674		1674	00001C28	00026DA3	00026FA3	1	03E8	ordinary_sample_offset
MON.DAT	mon_primary_before_aux_root	payload[1]/4	1675		1675	00001C2C	00026E2C	0002702C	1	03E8	ordinary_sample_offset
MON.DAT	mon_primary_before_aux_root	payload[1]/4	1676		1676	00001C30	00027D24	00027F24	1	03E8	ordinary_sample_offset
MON.DAT	mon_primary_before_aux_root	payload[1]/4	1677		1677	00001C34	00026E9F	0002709F	1	03E8	ordinary_sample_offset
MON.DAT	mon_primary_before_aux_root	payload[1]/4	1678		1678	00001C38	00026EFE	000270FE	1	03E8	ordinary_sample_offset
MON.DAT	mon_primary_before_aux_root	payload[1]/4	1679		1679	00001C3C	00026F85	00027185	1	03E8	ordinary_sample_offset
MON.DAT	mon_primary_before_aux_root	payload[1]/4	1680		1680	00001C40	00027006	00027206	1	03E8	ordinary_sample_offset
MON.DAT	mon_primary_before_aux_root	payload[1]/4	1681		1681	00001C44	00027069	00027269	1	03E8	ordinary_sample_offset
MON.DAT	mon_primary_before_aux_root	payload[1]/4	1682		1682	00001C48	00027281	00027481	1	03E8	ordinary_sample_offset
MON.DAT	mon_primary_before_aux_root	payload[1]/4	1683		1683	00001C4C	000270EE	000272EE	1	03E8	ordinary_sample_offset
MON.DAT	mon_primary_before_aux_root	payload[1]/4	1684		1684	00001C50	0002715B	0002735B	1	03E8	ordinary_sample_offset
MON.DAT	mon_primary_before_aux_root	payload[1]/4	1685		1685	00001C54	000271DE	000273DE	1	03E8	ordinary_sample_offset
MON.DAT	mon_primary_before_aux_root	payload[1]/4	1686		1686	00001C58	000272F2	000274F2	1	03E8	ordinary_sample_offset
MON.DAT	mon_primary_before_aux_root	payload[1]/4	1687		1687	00001C5C	00027385	00027585	1	03E8	ordinary_sample_offset
MON.DAT	mon_primary_before_aux_root	payload[1]/4	1688		1688	00001C60	00027400	00027600	1	03E8	ordinary_sample_offset
MON.DAT	mon_primary_before_aux_root	payload[1]/4	1689		1689	00001C64	0002743B	0002763B	1	03E8	ordinary_sample_offset
MON.DAT	mon_primary_before_aux_root	payload[1]/4	1690		1690	00001C68	00027476	00027676	1	03E8	ordinary_sample_offset
MON.DAT	mon_primary_before_aux_root	payload[1]/4	1691		1691	00001C6C	000274FF	000276FF	1	03E8	ordinary_sample_offset
MON.DAT	mon_primary_before_aux_root	payload[1]/4	1692		1692	00001C70	00027584	00027784	1	03E8	ordinary_sample_offset
MON.DAT	mon_primary_before_aux_root	payload[1]/4	1693		1693	00001C74	000275BF	000277BF	1	03E8	ordinary_sample_offset
MON.DAT	mon_primary_before_aux_root	payload[1]/4	1694		1694	00001C78	00027654	00027854	1	03E8	ordinary_sample_offset
MON.DAT	mon_primary_before_aux_root	payload[1]/4	1695		1695	00001C7C	000276C9	000278C9	1	03E8	ordinary_sample_offset
MON.DAT	mon_primary_before_aux_root	payload[1]/4	1696		1696	00001C80	00027708	00027908	1	03E8	ordinary_sample_offset
MON.DAT	mon_primary_before_aux_root	payload[1]/4	1697		1697	00001C84	00027747	00027947	1	03E8	ordinary_sample_offset
MON.DAT	mon_primary_before_aux_root	payload[1]/4	1698		1698	00001C88	00027782	00027982	1	03E8	ordinary_sample_offset
MON.DAT	mon_primary_before_aux_root	payload[1]/4	1699		1699	00001C8C	000277C1	000279C1	1	03E8	ordinary_sample_offset
MON.DAT	mon_primary_before_aux_root	payload[1]/4	1700		1700	00001C90	00027800	00027A00	1	03E8	ordinary_sample_offset
MON.DAT	mon_primary_before_aux_root	payload[1]/4	1701		1701	00001C94	000278B5	00027AB5	1	03E8	ordinary_sample_offset
MON.DAT	mon_primary_before_aux_root	payload[1]/4	1702		1702	00001C98	000278F4	00027AF4	1	03E8	ordinary_sample_offset
MON.DAT	mon_primary_before_aux_root	payload[1]/4	1703		1703	00001C9C	00027933	00027B33	1	03E8	ordinary_sample_offset
MON.DAT	mon_primary_before_aux_root	payload[1]/4	1704		1704	00001CA0	0002796E	00027B6E	1	03E8	ordinary_sample_offset
MON.DAT	mon_primary_before_aux_root	payload[1]/4	1705		1705	00001CA4	000279AD	00027BAD	1	03E8	ordinary_sample_offset
MON.DAT	mon_primary_before_aux_root	payload[1]/4	1706		1706	00001CA8	000279E8	00027BE8	1	03E8	ordinary_sample_offset
MON.DAT	mon_primary_before_aux_root	payload[1]/4	1707		1707	00001CAC	00027A23	00027C23	1	03E8	ordinary_sample_offset
MON.DAT	mon_primary_before_aux_root	payload[1]/4	1708		1708	00001CB0	00027A5E	00027C5E	1	03E8	ordinary_sample_offset
MON.DAT	mon_primary_before_aux_root	payload[1]/4	1709		1709	00001CB4	00027A99	00027C99	1	03E8	ordinary_sample_offset
MON.DAT	mon_primary_before_aux_root	payload[1]/4	1710		1710	00001CB8	00027B0F	00027D0F	1	03E8	ordinary_sample_offset
MON.DAT	mon_primary_before_aux_root	payload[1]/4	1711		1711	00001CBC	00027B48	00027D48	1	03E8	ordinary_sample_offset
MON.DAT	mon_primary_before_aux_root	payload[1]/4	1712		1712	00001CC0	00027B85	00027D85	1	03E8	ordinary_sample_offset
MON.DAT	mon_primary_before_aux_root	payload[1]/4	1713		1713	00001CC4	00027BC0	00027DC0	1	03E8	ordinary_sample_offset
MON.DAT	mon_primary_before_aux_root	payload[1]/4	1714		1714	00001CC8	00027BFB	00027DFB	1	03E8	ordinary_sample_offset
MON.DAT	mon_primary_before_aux_root	payload[1]/4	1715		1715	00001CCC	00027C36	00027E36	1	03E8	ordinary_sample_offset
MON.DAT	mon_primary_before_aux_root	payload[1]/4	1716		1716	00001CD0	00027C73	00027E73	1	03E8	ordinary_sample_offset
MON.DAT	mon_primary_before_aux_root	payload[1]/4	1717		1717	00001CD4	00027CAC	00027EAC	1	03E8	ordinary_sample_offset
MON.DAT	mon_primary_before_aux_root	payload[1]/4	1718		1718	00001CD8	00027CE9	00027EE9	1	03E8	ordinary_sample_offset
MON.DAT	mon_primary_before_aux_root	payload[1]/4	1719		1719	00001CDC	0002783F	00027A3F	1	03E8	ordinary_sample_offset
MON.DAT	mon_primary_before_aux_root	payload[1]/4	1720		1720	00001CE0	0002787A	00027A7A	1	03E8	ordinary_sample_offset
MON.DAT	mon_primary_before_aux_root	payload[1]/4	1721		1721	00001CE4	00027AD4	00027CD4	1	03E8	ordinary_sample_offset
MON.DAT	mon_primary_before_aux_root	payload[1]/4	1722		1722	00001CE8	0000FFFF	000101FF	1	FEFC	ordinary_sample_offset
MON.DAT	mon_auxiliary	(payload[0x1AEC]-0x1AEC)/4	0		0	00001CEC	00002244	00002444	1	0000	ordinary_sample_offset
MON.DAT	mon_auxiliary	(payload[0x1AEC]-0x1AEC)/4	1		1	00001CF0	0000225C	0000245C	1	0000	ordinary_sample_offset
MON.DAT	mon_auxiliary	(payload[0x1AEC]-0x1AEC)/4	2		2	00001CF4	00002274	00002474	1	0000	ordinary_sample_offset
MON.DAT	mon_auxiliary	(payload[0x1AEC]-0x1AEC)/4	3		3	00001CF8	0000228C	0000248C	1	0000	ordinary_sample_offset
MON.DAT	mon_auxiliary	(payload[0x1AEC]-0x1AEC)/4	4		4	00001CFC	000022A4	000024A4	1	0000	ordinary_sample_offset
MON.DAT	mon_auxiliary	(payload[0x1AEC]-0x1AEC)/4	5		5	00001D00	000022BC	000024BC	1	0000	ordinary_sample_offset
MON.DAT	mon_auxiliary	(payload[0x1AEC]-0x1AEC)/4	6		6	00001D04	000022D4	000024D4	1	0000	ordinary_sample_offset
MON.DAT	mon_auxiliary	(payload[0x1AEC]-0x1AEC)/4	7		7	00001D08	000022EC	000024EC	1	0000	ordinary_sample_offset
MON.DAT	mon_auxiliary	(payload[0x1AEC]-0x1AEC)/4	8		8	00001D0C	00002304	00002504	1	0000	ordinary_sample_offset
MON.DAT	mon_auxiliary	(payload[0x1AEC]-0x1AEC)/4	9		9	00001D10	0000231C	0000251C	1	0000	ordinary_sample_offset
MON.DAT	mon_auxiliary	(payload[0x1AEC]-0x1AEC)/4	10		10	00001D14	00002334	00002534	1	0000	ordinary_sample_offset
MON.DAT	mon_auxiliary	(payload[0x1AEC]-0x1AEC)/4	11		11	00001D18	00002354	00002554	1	0000	ordinary_sample_offset
MON.DAT	mon_auxiliary	(payload[0x1AEC]-0x1AEC)/4	12		12	00001D1C	00002368	00002568	1	0000	ordinary_sample_offset
MON.DAT	mon_auxiliary	(payload[0x1AEC]-0x1AEC)/4	13		13	00001D20	00002380	00002580	1	0000	ordinary_sample_offset
MON.DAT	mon_auxiliary	(payload[0x1AEC]-0x1AEC)/4	14		14	00001D24	00002398	00002598	1	0000	ordinary_sample_offset
MON.DAT	mon_auxiliary	(payload[0x1AEC]-0x1AEC)/4	15		15	00001D28	000023A8	000025A8	1	0000	ordinary_sample_offset
MON.DAT	mon_auxiliary	(payload[0x1AEC]-0x1AEC)/4	16		16	00001D2C	000023BC	000025BC	1	0000	ordinary_sample_offset
MON.DAT	mon_auxiliary	(payload[0x1AEC]-0x1AEC)/4	17		17	00001D30	000023D4	000025D4	1	0000	ordinary_sample_offset
MON.DAT	mon_auxiliary	(payload[0x1AEC]-0x1AEC)/4	18		18	00001D34	000023E8	000025E8	1	0000	ordinary_sample_offset
MON.DAT	mon_auxiliary	(payload[0x1AEC]-0x1AEC)/4	19		19	00001D38	00002400	00002600	1	0000	ordinary_sample_offset
MON.DAT	mon_auxiliary	(payload[0x1AEC]-0x1AEC)/4	20		20	00001D3C	00002418	00002618	1	0000	ordinary_sample_offset
MON.DAT	mon_auxiliary	(payload[0x1AEC]-0x1AEC)/4	21		21	00001D40	00002430	00002630	1	0000	ordinary_sample_offset
MON.DAT	mon_auxiliary	(payload[0x1AEC]-0x1AEC)/4	22		22	00001D44	00002446	00002646	1	0000	ordinary_sample_offset
MON.DAT	mon_auxiliary	(payload[0x1AEC]-0x1AEC)/4	23		23	00001D48	0000245E	0000265E	1	0000	ordinary_sample_offset
MON.DAT	mon_auxiliary	(payload[0x1AEC]-0x1AEC)/4	24		24	00001D4C	0000247A	0000267A	1	0000	ordinary_sample_offset
MON.DAT	mon_auxiliary	(payload[0x1AEC]-0x1AEC)/4	25		25	00001D50	00002492	00002692	1	0000	ordinary_sample_offset
MON.DAT	mon_auxiliary	(payload[0x1AEC]-0x1AEC)/4	26		26	00001D54	000024AA	000026AA	1	0000	ordinary_sample_offset
MON.DAT	mon_auxiliary	(payload[0x1AEC]-0x1AEC)/4	27		27	00001D58	000024C6	000026C6	1	0000	ordinary_sample_offset
MON.DAT	mon_auxiliary	(payload[0x1AEC]-0x1AEC)/4	28		28	00001D5C	000024DE	000026DE	1	0000	ordinary_sample_offset
MON.DAT	mon_auxiliary	(payload[0x1AEC]-0x1AEC)/4	29		29	00001D60	000024F6	000026F6	1	0000	ordinary_sample_offset
MON.DAT	mon_auxiliary	(payload[0x1AEC]-0x1AEC)/4	30		30	00001D64	0000250E	0000270E	1	0000	ordinary_sample_offset
MON.DAT	mon_auxiliary	(payload[0x1AEC]-0x1AEC)/4	31		31	00001D68	00002526	00002726	1	0000	ordinary_sample_offset
MON.DAT	mon_auxiliary	(payload[0x1AEC]-0x1AEC)/4	32		32	00001D6C	0000253E	0000273E	1	0000	ordinary_sample_offset
MON.DAT	mon_auxiliary	(payload[0x1AEC]-0x1AEC)/4	33		33	00001D70	00002552	00002752	1	0000	ordinary_sample_offset
MON.DAT	mon_auxiliary	(payload[0x1AEC]-0x1AEC)/4	34		34	00001D74	0000256A	0000276A	1	0000	ordinary_sample_offset
MON.DAT	mon_auxiliary	(payload[0x1AEC]-0x1AEC)/4	35		35	00001D78	00002582	00002782	1	0000	ordinary_sample_offset
MON.DAT	mon_auxiliary	(payload[0x1AEC]-0x1AEC)/4	36		36	00001D7C	0000259A	0000279A	1	0000	ordinary_sample_offset
MON.DAT	mon_auxiliary	(payload[0x1AEC]-0x1AEC)/4	37		37	00001D80	000025B2	000027B2	1	0000	ordinary_sample_offset
MON.DAT	mon_auxiliary	(payload[0x1AEC]-0x1AEC)/4	38		38	00001D84	000025CA	000027CA	1	0000	ordinary_sample_offset
MON.DAT	mon_auxiliary	(payload[0x1AEC]-0x1AEC)/4	39		39	00001D88	000025E2	000027E2	1	0000	ordinary_sample_offset
MON.DAT	mon_auxiliary	(payload[0x1AEC]-0x1AEC)/4	40		40	00001D8C	000025FA	000027FA	1	0000	ordinary_sample_offset
MON.DAT	mon_auxiliary	(payload[0x1AEC]-0x1AEC)/4	41		41	00001D90	00002612	00002812	1	0000	ordinary_sample_offset
MON.DAT	mon_auxiliary	(payload[0x1AEC]-0x1AEC)/4	42		42	00001D94	0000262E	0000282E	1	0000	ordinary_sample_offset
MON.DAT	mon_auxiliary	(payload[0x1AEC]-0x1AEC)/4	43		43	00001D98	00002646	00002846	1	0000	ordinary_sample_offset
MON.DAT	mon_auxiliary	(payload[0x1AEC]-0x1AEC)/4	44		44	00001D9C	00002662	00002862	1	0000	ordinary_sample_offset
MON.DAT	mon_auxiliary	(payload[0x1AEC]-0x1AEC)/4	45		45	00001DA0	0000267E	0000287E	1	0000	ordinary_sample_offset
MON.DAT	mon_auxiliary	(payload[0x1AEC]-0x1AEC)/4	46		46	00001DA4	00002696	00002896	1	0000	ordinary_sample_offset
MON.DAT	mon_auxiliary	(payload[0x1AEC]-0x1AEC)/4	47		47	00001DA8	000026B2	000028B2	1	0000	ordinary_sample_offset
MON.DAT	mon_auxiliary	(payload[0x1AEC]-0x1AEC)/4	48		48	00001DAC	000026CA	000028CA	1	0000	ordinary_sample_offset
MON.DAT	mon_auxiliary	(payload[0x1AEC]-0x1AEC)/4	49		49	00001DB0	000026E2	000028E2	1	0000	ordinary_sample_offset
MON.DAT	mon_auxiliary	(payload[0x1AEC]-0x1AEC)/4	50		50	00001DB4	000026FE	000028FE	1	0000	ordinary_sample_offset
MON.DAT	mon_auxiliary	(payload[0x1AEC]-0x1AEC)/4	51		51	00001DB8	0000271A	0000291A	1	0000	ordinary_sample_offset
MON.DAT	mon_auxiliary	(payload[0x1AEC]-0x1AEC)/4	52		52	00001DBC	00002736	00002936	1	0000	ordinary_sample_offset
MON.DAT	mon_auxiliary	(payload[0x1AEC]-0x1AEC)/4	53		53	00001DC0	00002752	00002952	1	0000	ordinary_sample_offset
MON.DAT	mon_auxiliary	(payload[0x1AEC]-0x1AEC)/4	54		54	00001DC4	0000276E	0000296E	1	0000	ordinary_sample_offset
MON.DAT	mon_auxiliary	(payload[0x1AEC]-0x1AEC)/4	55		55	00001DC8	0000278A	0000298A	1	0000	ordinary_sample_offset
MON.DAT	mon_auxiliary	(payload[0x1AEC]-0x1AEC)/4	56		56	00001DCC	000027A6	000029A6	1	0000	ordinary_sample_offset
MON.DAT	mon_auxiliary	(payload[0x1AEC]-0x1AEC)/4	57		57	00001DD0	000027C2	000029C2	1	0000	ordinary_sample_offset
MON.DAT	mon_auxiliary	(payload[0x1AEC]-0x1AEC)/4	58		58	00001DD4	000027DE	000029DE	1	0000	ordinary_sample_offset
MON.DAT	mon_auxiliary	(payload[0x1AEC]-0x1AEC)/4	59		59	00001DD8	000027FA	000029FA	1	0000	ordinary_sample_offset
MON.DAT	mon_auxiliary	(payload[0x1AEC]-0x1AEC)/4	60		60	00001DDC	00002816	00002A16	1	0000	ordinary_sample_offset
MON.DAT	mon_auxiliary	(payload[0x1AEC]-0x1AEC)/4	61		61	00001DE0	0000282E	00002A2E	1	0000	ordinary_sample_offset
MON.DAT	mon_auxiliary	(payload[0x1AEC]-0x1AEC)/4	62		62	00001DE4	00002846	00002A46	1	0000	ordinary_sample_offset
MON.DAT	mon_auxiliary	(payload[0x1AEC]-0x1AEC)/4	63		63	00001DE8	0000285E	00002A5E	1	0000	ordinary_sample_offset
MON.DAT	mon_auxiliary	(payload[0x1AEC]-0x1AEC)/4	64		64	00001DEC	00002878	00002A78	1	0000	ordinary_sample_offset
MON.DAT	mon_auxiliary	(payload[0x1AEC]-0x1AEC)/4	65		65	00001DF0	00002890	00002A90	1	0000	ordinary_sample_offset
MON.DAT	mon_auxiliary	(payload[0x1AEC]-0x1AEC)/4	66		66	00001DF4	000028A8	00002AA8	1	0000	ordinary_sample_offset
MON.DAT	mon_auxiliary	(payload[0x1AEC]-0x1AEC)/4	67		67	00001DF8	000028C0	00002AC0	1	0000	ordinary_sample_offset
MON.DAT	mon_auxiliary	(payload[0x1AEC]-0x1AEC)/4	68		68	00001DFC	000028D8	00002AD8	1	0000	ordinary_sample_offset
MON.DAT	mon_auxiliary	(payload[0x1AEC]-0x1AEC)/4	69		69	00001E00	000028F4	00002AF4	1	0000	ordinary_sample_offset
MON.DAT	mon_auxiliary	(payload[0x1AEC]-0x1AEC)/4	70		70	00001E04	00002908	00002B08	1	0000	ordinary_sample_offset
MON.DAT	mon_auxiliary	(payload[0x1AEC]-0x1AEC)/4	71		71	00001E08	00002926	00002B26	1	0000	ordinary_sample_offset
MON.DAT	mon_auxiliary	(payload[0x1AEC]-0x1AEC)/4	72		72	00001E0C	0000293E	00002B3E	1	0000	ordinary_sample_offset
MON.DAT	mon_auxiliary	(payload[0x1AEC]-0x1AEC)/4	73		73	00001E10	00002956	00002B56	1	0000	ordinary_sample_offset
MON.DAT	mon_auxiliary	(payload[0x1AEC]-0x1AEC)/4	74		74	00001E14	00002972	00002B72	1	0000	ordinary_sample_offset
MON.DAT	mon_auxiliary	(payload[0x1AEC]-0x1AEC)/4	75		75	00001E18	0000298A	00002B8A	1	0000	ordinary_sample_offset
MON.DAT	mon_auxiliary	(payload[0x1AEC]-0x1AEC)/4	76		76	00001E1C	000029A2	00002BA2	1	0000	ordinary_sample_offset
MON.DAT	mon_auxiliary	(payload[0x1AEC]-0x1AEC)/4	77		77	00001E20	000029BA	00002BBA	1	0000	ordinary_sample_offset
MON.DAT	mon_auxiliary	(payload[0x1AEC]-0x1AEC)/4	78		78	00001E24	000029D2	00002BD2	1	0000	ordinary_sample_offset
MON.DAT	mon_auxiliary	(payload[0x1AEC]-0x1AEC)/4	79		79	00001E28	000029EC	00002BEC	1	0000	ordinary_sample_offset
MON.DAT	mon_auxiliary	(payload[0x1AEC]-0x1AEC)/4	80		80	00001E2C	00002A04	00002C04	1	0000	ordinary_sample_offset
MON.DAT	mon_auxiliary	(payload[0x1AEC]-0x1AEC)/4	81		81	00001E30	00002A1E	00002C1E	1	0000	ordinary_sample_offset
MON.DAT	mon_auxiliary	(payload[0x1AEC]-0x1AEC)/4	82		82	00001E34	00002A3C	00002C3C	1	0000	ordinary_sample_offset
MON.DAT	mon_auxiliary	(payload[0x1AEC]-0x1AEC)/4	83		83	00001E38	00002A54	00002C54	1	0000	ordinary_sample_offset
MON.DAT	mon_auxiliary	(payload[0x1AEC]-0x1AEC)/4	84		84	00001E3C	00002A6C	00002C6C	1	0000	ordinary_sample_offset
MON.DAT	mon_auxiliary	(payload[0x1AEC]-0x1AEC)/4	85		85	00001E40	00002A84	00002C84	1	0000	ordinary_sample_offset
MON.DAT	mon_auxiliary	(payload[0x1AEC]-0x1AEC)/4	86		86	00001E44	00002A94	00002C94	1	0000	ordinary_sample_offset
MON.DAT	mon_auxiliary	(payload[0x1AEC]-0x1AEC)/4	87		87	00001E48	00002AA4	00002CA4	1	0000	ordinary_sample_offset
MON.DAT	mon_auxiliary	(payload[0x1AEC]-0x1AEC)/4	88		88	00001E4C	00002ABC	00002CBC	1	0000	ordinary_sample_offset
MON.DAT	mon_auxiliary	(payload[0x1AEC]-0x1AEC)/4	89		89	00001E50	00002AD4	00002CD4	1	0000	ordinary_sample_offset
MON.DAT	mon_auxiliary	(payload[0x1AEC]-0x1AEC)/4	90		90	00001E54	00002AE8	00002CE8	1	0000	ordinary_sample_offset
MON.DAT	mon_auxiliary	(payload[0x1AEC]-0x1AEC)/4	91		91	00001E58	00002B00	00002D00	1	0000	ordinary_sample_offset
MON.DAT	mon_auxiliary	(payload[0x1AEC]-0x1AEC)/4	92		92	00001E5C	00002B1C	00002D1C	1	0000	ordinary_sample_offset
MON.DAT	mon_auxiliary	(payload[0x1AEC]-0x1AEC)/4	93		93	00001E60	00002B34	00002D34	1	0000	ordinary_sample_offset
MON.DAT	mon_auxiliary	(payload[0x1AEC]-0x1AEC)/4	94		94	00001E64	00002B4C	00002D4C	1	0000	ordinary_sample_offset
MON.DAT	mon_auxiliary	(payload[0x1AEC]-0x1AEC)/4	95		95	00001E68	00002B64	00002D64	1	0000	ordinary_sample_offset
MON.DAT	mon_auxiliary	(payload[0x1AEC]-0x1AEC)/4	96		96	00001E6C	00002B74	00002D74	1	0000	ordinary_sample_offset
MON.DAT	mon_auxiliary	(payload[0x1AEC]-0x1AEC)/4	97		97	00001E70	00002B88	00002D88	1	0000	ordinary_sample_offset
MON.DAT	mon_auxiliary	(payload[0x1AEC]-0x1AEC)/4	98		98	00001E74	00002BA0	00002DA0	1	0000	ordinary_sample_offset
MON.DAT	mon_auxiliary	(payload[0x1AEC]-0x1AEC)/4	99		99	00001E78	00002BBC	00002DBC	1	0000	ordinary_sample_offset
MON.DAT	mon_auxiliary	(payload[0x1AEC]-0x1AEC)/4	100		100	00001E7C	00002BDA	00002DDA	1	0000	ordinary_sample_offset
MON.DAT	mon_auxiliary	(payload[0x1AEC]-0x1AEC)/4	101		101	00001E80	00002BF2	00002DF2	1	0000	ordinary_sample_offset
MON.DAT	mon_auxiliary	(payload[0x1AEC]-0x1AEC)/4	102		102	00001E84	00002C0A	00002E0A	1	0000	ordinary_sample_offset
MON.DAT	mon_auxiliary	(payload[0x1AEC]-0x1AEC)/4	103		103	00001E88	00002C26	00002E26	1	0000	ordinary_sample_offset
MON.DAT	mon_auxiliary	(payload[0x1AEC]-0x1AEC)/4	104		104	00001E8C	00002C42	00002E42	1	0000	ordinary_sample_offset
MON.DAT	mon_auxiliary	(payload[0x1AEC]-0x1AEC)/4	105		105	00001E90	00002C5A	00002E5A	1	0000	ordinary_sample_offset
MON.DAT	mon_auxiliary	(payload[0x1AEC]-0x1AEC)/4	106		106	00001E94	00002C72	00002E72	1	0000	ordinary_sample_offset
MON.DAT	mon_auxiliary	(payload[0x1AEC]-0x1AEC)/4	107		107	00001E98	00002C8A	00002E8A	1	0000	ordinary_sample_offset
MON.DAT	mon_auxiliary	(payload[0x1AEC]-0x1AEC)/4	108		108	00001E9C	00002CA2	00002EA2	1	0000	ordinary_sample_offset
MON.DAT	mon_auxiliary	(payload[0x1AEC]-0x1AEC)/4	109		109	00001EA0	00002CBA	00002EBA	1	0000	ordinary_sample_offset
MON.DAT	mon_auxiliary	(payload[0x1AEC]-0x1AEC)/4	110		110	00001EA4	00002CD2	00002ED2	1	0000	ordinary_sample_offset
MON.DAT	mon_auxiliary	(payload[0x1AEC]-0x1AEC)/4	111		111	00001EA8	00002CEA	00002EEA	1	0000	ordinary_sample_offset
MON.DAT	mon_auxiliary	(payload[0x1AEC]-0x1AEC)/4	112		112	00001EAC	00002CFE	00002EFE	1	0000	ordinary_sample_offset
MON.DAT	mon_auxiliary	(payload[0x1AEC]-0x1AEC)/4	113		113	00001EB0	00002D1A	00002F1A	1	0000	ordinary_sample_offset
MON.DAT	mon_auxiliary	(payload[0x1AEC]-0x1AEC)/4	114		114	00001EB4	00002D36	00002F36	1	0000	ordinary_sample_offset
MON.DAT	mon_auxiliary	(payload[0x1AEC]-0x1AEC)/4	115		115	00001EB8	00002D4E	00002F4E	1	0000	ordinary_sample_offset
MON.DAT	mon_auxiliary	(payload[0x1AEC]-0x1AEC)/4	116		116	00001EBC	00002D66	00002F66	1	0000	ordinary_sample_offset
MON.DAT	mon_auxiliary	(payload[0x1AEC]-0x1AEC)/4	117		117	00001EC0	00002D7E	00002F7E	1	0000	ordinary_sample_offset
MON.DAT	mon_auxiliary	(payload[0x1AEC]-0x1AEC)/4	118		118	00001EC4	00002D9A	00002F9A	1	0000	ordinary_sample_offset
MON.DAT	mon_auxiliary	(payload[0x1AEC]-0x1AEC)/4	119		119	00001EC8	00002DB4	00002FB4	1	0000	ordinary_sample_offset
MON.DAT	mon_auxiliary	(payload[0x1AEC]-0x1AEC)/4	120		120	00001ECC	00002DCC	00002FCC	1	0000	ordinary_sample_offset
MON.DAT	mon_auxiliary	(payload[0x1AEC]-0x1AEC)/4	121		121	00001ED0	00002DE4	00002FE4	1	0000	ordinary_sample_offset
MON.DAT	mon_auxiliary	(payload[0x1AEC]-0x1AEC)/4	122		122	00001ED4	00002DFC	00002FFC	1	0000	ordinary_sample_offset
MON.DAT	mon_auxiliary	(payload[0x1AEC]-0x1AEC)/4	123		123	00001ED8	00002E14	00003014	1	0000	ordinary_sample_offset
MON.DAT	mon_auxiliary	(payload[0x1AEC]-0x1AEC)/4	124		124	00001EDC	00002E2C	0000302C	1	0000	ordinary_sample_offset
MON.DAT	mon_auxiliary	(payload[0x1AEC]-0x1AEC)/4	125		125	00001EE0	00002E48	00003048	1	0000	ordinary_sample_offset
MON.DAT	mon_auxiliary	(payload[0x1AEC]-0x1AEC)/4	126		126	00001EE4	00002E64	00003064	1	0000	ordinary_sample_offset
MON.DAT	mon_auxiliary	(payload[0x1AEC]-0x1AEC)/4	127		127	00001EE8	00002E80	00003080	1	0000	ordinary_sample_offset
MON.DAT	mon_auxiliary	(payload[0x1AEC]-0x1AEC)/4	128		128	00001EEC	00002E98	00003098	1	0000	ordinary_sample_offset
MON.DAT	mon_auxiliary	(payload[0x1AEC]-0x1AEC)/4	129		129	00001EF0	00002EB0	000030B0	1	0000	ordinary_sample_offset
MON.DAT	mon_auxiliary	(payload[0x1AEC]-0x1AEC)/4	130		130	00001EF4	00002EC4	000030C4	1	0000	ordinary_sample_offset
MON.DAT	mon_auxiliary	(payload[0x1AEC]-0x1AEC)/4	131		131	00001EF8	00002EE4	000030E4	1	0000	ordinary_sample_offset
MON.DAT	mon_auxiliary	(payload[0x1AEC]-0x1AEC)/4	132		132	00001EFC	00002EFC	000030FC	1	0000	ordinary_sample_offset
MON.DAT	mon_auxiliary	(payload[0x1AEC]-0x1AEC)/4	133		133	00001F00	00002F14	00003114	1	0000	ordinary_sample_offset
MON.DAT	mon_auxiliary	(payload[0x1AEC]-0x1AEC)/4	134		134	00001F04	00002F2C	0000312C	1	0000	ordinary_sample_offset
MON.DAT	mon_auxiliary	(payload[0x1AEC]-0x1AEC)/4	135		135	00001F08	00002F44	00003144	1	0000	ordinary_sample_offset
MON.DAT	mon_auxiliary	(payload[0x1AEC]-0x1AEC)/4	136		136	00001F0C	00002F5C	0000315C	1	0000	ordinary_sample_offset
MON.DAT	mon_auxiliary	(payload[0x1AEC]-0x1AEC)/4	137		137	00001F10	00002F74	00003174	1	0000	ordinary_sample_offset
MON.DAT	mon_auxiliary	(payload[0x1AEC]-0x1AEC)/4	138		138	00001F14	00002F8C	0000318C	1	0000	ordinary_sample_offset
MON.DAT	mon_auxiliary	(payload[0x1AEC]-0x1AEC)/4	139		139	00001F18	00002FA4	000031A4	1	0000	ordinary_sample_offset
MON.DAT	mon_auxiliary	(payload[0x1AEC]-0x1AEC)/4	140		140	00001F1C	00002FB8	000031B8	1	0000	ordinary_sample_offset
MON.DAT	mon_auxiliary	(payload[0x1AEC]-0x1AEC)/4	141		141	00001F20	00002FCC	000031CC	1	0000	ordinary_sample_offset
MON.DAT	mon_auxiliary	(payload[0x1AEC]-0x1AEC)/4	142		142	00001F24	00002FE4	000031E4	1	0000	ordinary_sample_offset
MON.DAT	mon_auxiliary	(payload[0x1AEC]-0x1AEC)/4	143		143	00001F28	00002FFC	000031FC	1	0000	ordinary_sample_offset
MON.DAT	mon_auxiliary	(payload[0x1AEC]-0x1AEC)/4	144		144	00001F2C	0000301A	0000321A	1	0000	ordinary_sample_offset
MON.DAT	mon_auxiliary	(payload[0x1AEC]-0x1AEC)/4	145		145	00001F30	00003032	00003232	1	0000	ordinary_sample_offset
MON.DAT	mon_auxiliary	(payload[0x1AEC]-0x1AEC)/4	146		146	00001F34	00003046	00003246	1	0000	ordinary_sample_offset
MON.DAT	mon_auxiliary	(payload[0x1AEC]-0x1AEC)/4	147		147	00001F38	00003062	00003262	1	0000	ordinary_sample_offset
MON.DAT	mon_auxiliary	(payload[0x1AEC]-0x1AEC)/4	148		148	00001F3C	0000307A	0000327A	1	0000	ordinary_sample_offset
MON.DAT	mon_auxiliary	(payload[0x1AEC]-0x1AEC)/4	149		149	00001F40	00003092	00003292	1	0000	ordinary_sample_offset
MON.DAT	mon_auxiliary	(payload[0x1AEC]-0x1AEC)/4	150		150	00001F44	000030AA	000032AA	1	0000	ordinary_sample_offset
MON.DAT	mon_auxiliary	(payload[0x1AEC]-0x1AEC)/4	151		151	00001F48	000030C2	000032C2	1	0000	ordinary_sample_offset
MON.DAT	mon_auxiliary	(payload[0x1AEC]-0x1AEC)/4	152		152	00001F4C	000030DA	000032DA	1	0000	ordinary_sample_offset
MON.DAT	mon_auxiliary	(payload[0x1AEC]-0x1AEC)/4	153		153	00001F50	000030F0	000032F0	1	0000	ordinary_sample_offset
MON.DAT	mon_auxiliary	(payload[0x1AEC]-0x1AEC)/4	154		154	00001F54	0000310C	0000330C	1	0000	ordinary_sample_offset
MON.DAT	mon_auxiliary	(payload[0x1AEC]-0x1AEC)/4	155		155	00001F58	00003124	00003324	1	0000	ordinary_sample_offset
MON.DAT	mon_auxiliary	(payload[0x1AEC]-0x1AEC)/4	156		156	00001F5C	0000313C	0000333C	1	0000	ordinary_sample_offset
MON.DAT	mon_auxiliary	(payload[0x1AEC]-0x1AEC)/4	157		157	00001F60	00003154	00003354	1	0000	ordinary_sample_offset
MON.DAT	mon_auxiliary	(payload[0x1AEC]-0x1AEC)/4	158		158	00001F64	0000316C	0000336C	1	0000	ordinary_sample_offset
MON.DAT	mon_auxiliary	(payload[0x1AEC]-0x1AEC)/4	159		159	00001F68	00003184	00003384	1	0000	ordinary_sample_offset
MON.DAT	mon_auxiliary	(payload[0x1AEC]-0x1AEC)/4	160		160	00001F6C	0000319C	0000339C	1	0000	ordinary_sample_offset
MON.DAT	mon_auxiliary	(payload[0x1AEC]-0x1AEC)/4	161		161	00001F70	000031B4	000033B4	1	0000	ordinary_sample_offset
MON.DAT	mon_auxiliary	(payload[0x1AEC]-0x1AEC)/4	162		162	00001F74	000031D0	000033D0	1	0000	ordinary_sample_offset
MON.DAT	mon_auxiliary	(payload[0x1AEC]-0x1AEC)/4	163		163	00001F78	000031E8	000033E8	1	0000	ordinary_sample_offset
MON.DAT	mon_auxiliary	(payload[0x1AEC]-0x1AEC)/4	164		164	00001F7C	00003200	00003400	1	0000	ordinary_sample_offset
MON.DAT	mon_auxiliary	(payload[0x1AEC]-0x1AEC)/4	165		165	00001F80	00003218	00003418	1	0000	ordinary_sample_offset
MON.DAT	mon_auxiliary	(payload[0x1AEC]-0x1AEC)/4	166		166	00001F84	00003230	00003430	1	0000	ordinary_sample_offset
MON.DAT	mon_auxiliary	(payload[0x1AEC]-0x1AEC)/4	167		167	00001F88	00003248	00003448	1	0000	ordinary_sample_offset
MON.DAT	mon_auxiliary	(payload[0x1AEC]-0x1AEC)/4	168		168	00001F8C	00003260	00003460	1	0000	ordinary_sample_offset
MON.DAT	mon_auxiliary	(payload[0x1AEC]-0x1AEC)/4	169		169	00001F90	00003278	00003478	1	0000	ordinary_sample_offset
MON.DAT	mon_auxiliary	(payload[0x1AEC]-0x1AEC)/4	170		170	00001F94	00003290	00003490	1	0000	ordinary_sample_offset
MON.DAT	mon_auxiliary	(payload[0x1AEC]-0x1AEC)/4	171		171	00001F98	000032A8	000034A8	1	0000	ordinary_sample_offset
MON.DAT	mon_auxiliary	(payload[0x1AEC]-0x1AEC)/4	172		172	00001F9C	000032C0	000034C0	1	0000	ordinary_sample_offset
MON.DAT	mon_auxiliary	(payload[0x1AEC]-0x1AEC)/4	173		173	00001FA0	000032D8	000034D8	1	0000	ordinary_sample_offset
MON.DAT	mon_auxiliary	(payload[0x1AEC]-0x1AEC)/4	174		174	00001FA4	000032F0	000034F0	1	0000	ordinary_sample_offset
MON.DAT	mon_auxiliary	(payload[0x1AEC]-0x1AEC)/4	175		175	00001FA8	00003308	00003508	1	0000	ordinary_sample_offset
MON.DAT	mon_auxiliary	(payload[0x1AEC]-0x1AEC)/4	176		176	00001FAC	00003320	00003520	1	0000	ordinary_sample_offset
MON.DAT	mon_auxiliary	(payload[0x1AEC]-0x1AEC)/4	177		177	00001FB0	00003338	00003538	1	0000	ordinary_sample_offset
MON.DAT	mon_auxiliary	(payload[0x1AEC]-0x1AEC)/4	178		178	00001FB4	00003350	00003550	1	0000	ordinary_sample_offset
MON.DAT	mon_auxiliary	(payload[0x1AEC]-0x1AEC)/4	179		179	00001FB8	00003368	00003568	1	0000	ordinary_sample_offset
MON.DAT	mon_auxiliary	(payload[0x1AEC]-0x1AEC)/4	180		180	00001FBC	00003380	00003580	1	0000	ordinary_sample_offset
MON.DAT	mon_auxiliary	(payload[0x1AEC]-0x1AEC)/4	181		181	00001FC0	00003398	00003598	1	0000	ordinary_sample_offset
MON.DAT	mon_auxiliary	(payload[0x1AEC]-0x1AEC)/4	182		182	00001FC4	000033B0	000035B0	1	0000	ordinary_sample_offset
MON.DAT	mon_auxiliary	(payload[0x1AEC]-0x1AEC)/4	183		183	00001FC8	000033CA	000035CA	1	0000	ordinary_sample_offset
MON.DAT	mon_auxiliary	(payload[0x1AEC]-0x1AEC)/4	184		184	00001FCC	000033E6	000035E6	1	0000	ordinary_sample_offset
MON.DAT	mon_auxiliary	(payload[0x1AEC]-0x1AEC)/4	185		185	00001FD0	000033FE	000035FE	1	0000	ordinary_sample_offset
MON.DAT	mon_auxiliary	(payload[0x1AEC]-0x1AEC)/4	186		186	00001FD4	0000341A	0000361A	1	0000	ordinary_sample_offset
MON.DAT	mon_auxiliary	(payload[0x1AEC]-0x1AEC)/4	187		187	00001FD8	00003432	00003632	1	0000	ordinary_sample_offset
MON.DAT	mon_auxiliary	(payload[0x1AEC]-0x1AEC)/4	188		188	00001FDC	0000344A	0000364A	1	0000	ordinary_sample_offset
MON.DAT	mon_auxiliary	(payload[0x1AEC]-0x1AEC)/4	189		189	00001FE0	00003462	00003662	1	0000	ordinary_sample_offset
MON.DAT	mon_auxiliary	(payload[0x1AEC]-0x1AEC)/4	190		190	00001FE4	0000347A	0000367A	1	0000	ordinary_sample_offset
MON.DAT	mon_auxiliary	(payload[0x1AEC]-0x1AEC)/4	191		191	00001FE8	00003492	00003692	1	0000	ordinary_sample_offset
MON.DAT	mon_auxiliary	(payload[0x1AEC]-0x1AEC)/4	192		192	00001FEC	000034AA	000036AA	1	0000	ordinary_sample_offset
MON.DAT	mon_auxiliary	(payload[0x1AEC]-0x1AEC)/4	193		193	00001FF0	000034C4	000036C4	1	0000	ordinary_sample_offset
MON.DAT	mon_auxiliary	(payload[0x1AEC]-0x1AEC)/4	194		194	00001FF4	000034DC	000036DC	1	0000	ordinary_sample_offset
MON.DAT	mon_auxiliary	(payload[0x1AEC]-0x1AEC)/4	195		195	00001FF8	000034F4	000036F4	1	0000	ordinary_sample_offset
MON.DAT	mon_auxiliary	(payload[0x1AEC]-0x1AEC)/4	196		196	00001FFC	00003510	00003710	1	0000	ordinary_sample_offset
MON.DAT	mon_auxiliary	(payload[0x1AEC]-0x1AEC)/4	197		197	00002000	0000352C	0000372C	1	0000	ordinary_sample_offset
MON.DAT	mon_auxiliary	(payload[0x1AEC]-0x1AEC)/4	198		198	00002004	00003544	00003744	1	0000	ordinary_sample_offset
MON.DAT	mon_auxiliary	(payload[0x1AEC]-0x1AEC)/4	199		199	00002008	00003558	00003758	1	0000	ordinary_sample_offset
MON.DAT	mon_auxiliary	(payload[0x1AEC]-0x1AEC)/4	200		200	0000200C	00003576	00003776	1	0000	ordinary_sample_offset
MON.DAT	mon_auxiliary	(payload[0x1AEC]-0x1AEC)/4	201		201	00002010	00003592	00003792	1	0000	ordinary_sample_offset
MON.DAT	mon_auxiliary	(payload[0x1AEC]-0x1AEC)/4	202		202	00002014	000035AA	000037AA	1	0000	ordinary_sample_offset
MON.DAT	mon_auxiliary	(payload[0x1AEC]-0x1AEC)/4	203		203	00002018	000035C4	000037C4	1	0000	ordinary_sample_offset
MON.DAT	mon_auxiliary	(payload[0x1AEC]-0x1AEC)/4	204		204	0000201C	000035DE	000037DE	1	0000	ordinary_sample_offset
MON.DAT	mon_auxiliary	(payload[0x1AEC]-0x1AEC)/4	205		205	00002020	000035F6	000037F6	1	0000	ordinary_sample_offset
MON.DAT	mon_auxiliary	(payload[0x1AEC]-0x1AEC)/4	206		206	00002024	0000360E	0000380E	1	0000	ordinary_sample_offset
MON.DAT	mon_auxiliary	(payload[0x1AEC]-0x1AEC)/4	207		207	00002028	0000362A	0000382A	1	0000	ordinary_sample_offset
MON.DAT	mon_auxiliary	(payload[0x1AEC]-0x1AEC)/4	208		208	0000202C	00003644	00003844	1	0000	ordinary_sample_offset
MON.DAT	mon_auxiliary	(payload[0x1AEC]-0x1AEC)/4	209		209	00002030	00003660	00003860	1	0000	ordinary_sample_offset
MON.DAT	mon_auxiliary	(payload[0x1AEC]-0x1AEC)/4	210		210	00002034	00003678	00003878	1	0000	ordinary_sample_offset
MON.DAT	mon_auxiliary	(payload[0x1AEC]-0x1AEC)/4	211		211	00002038	00003690	00003890	1	0000	ordinary_sample_offset
MON.DAT	mon_auxiliary	(payload[0x1AEC]-0x1AEC)/4	212		212	0000203C	000036A8	000038A8	1	0000	ordinary_sample_offset
MON.DAT	mon_auxiliary	(payload[0x1AEC]-0x1AEC)/4	213		213	00002040	000036C0	000038C0	1	0000	ordinary_sample_offset
MON.DAT	mon_auxiliary	(payload[0x1AEC]-0x1AEC)/4	214		214	00002044	000036D8	000038D8	1	0000	ordinary_sample_offset
MON.DAT	mon_auxiliary	(payload[0x1AEC]-0x1AEC)/4	215		215	00002048	000036F0	000038F0	1	0000	ordinary_sample_offset
MON.DAT	mon_auxiliary	(payload[0x1AEC]-0x1AEC)/4	216		216	0000204C	00003708	00003908	1	0000	ordinary_sample_offset
MON.DAT	mon_auxiliary	(payload[0x1AEC]-0x1AEC)/4	217		217	00002050	00003720	00003920	1	0000	ordinary_sample_offset
MON.DAT	mon_auxiliary	(payload[0x1AEC]-0x1AEC)/4	218		218	00002054	00003738	00003938	1	0000	ordinary_sample_offset
MON.DAT	mon_auxiliary	(payload[0x1AEC]-0x1AEC)/4	219		219	00002058	00003750	00003950	1	0000	ordinary_sample_offset
MON.DAT	mon_auxiliary	(payload[0x1AEC]-0x1AEC)/4	220		220	0000205C	00003768	00003968	1	0000	ordinary_sample_offset
MON.DAT	mon_auxiliary	(payload[0x1AEC]-0x1AEC)/4	221		221	00002060	00003780	00003980	1	0000	ordinary_sample_offset
MON.DAT	mon_auxiliary	(payload[0x1AEC]-0x1AEC)/4	222		222	00002064	00003798	00003998	1	0000	ordinary_sample_offset
MON.DAT	mon_auxiliary	(payload[0x1AEC]-0x1AEC)/4	223		223	00002068	000037B0	000039B0	1	0000	ordinary_sample_offset
MON.DAT	mon_auxiliary	(payload[0x1AEC]-0x1AEC)/4	224		224	0000206C	000037C8	000039C8	1	0000	ordinary_sample_offset
MON.DAT	mon_auxiliary	(payload[0x1AEC]-0x1AEC)/4	225		225	00002070	000037E0	000039E0	1	0000	ordinary_sample_offset
MON.DAT	mon_auxiliary	(payload[0x1AEC]-0x1AEC)/4	226		226	00002074	000037F8	000039F8	1	0000	ordinary_sample_offset
MON.DAT	mon_auxiliary	(payload[0x1AEC]-0x1AEC)/4	227		227	00002078	00003810	00003A10	1	0000	ordinary_sample_offset
MON.DAT	mon_auxiliary	(payload[0x1AEC]-0x1AEC)/4	228		228	0000207C	00003828	00003A28	1	0000	ordinary_sample_offset
MON.DAT	mon_auxiliary	(payload[0x1AEC]-0x1AEC)/4	229		229	00002080	00003840	00003A40	1	0000	ordinary_sample_offset
MON.DAT	mon_auxiliary	(payload[0x1AEC]-0x1AEC)/4	230		230	00002084	00003858	00003A58	1	0000	ordinary_sample_offset
MON.DAT	mon_auxiliary	(payload[0x1AEC]-0x1AEC)/4	231		231	00002088	00003870	00003A70	1	0000	ordinary_sample_offset
MON.DAT	mon_auxiliary	(payload[0x1AEC]-0x1AEC)/4	232		232	0000208C	00003888	00003A88	1	0000	ordinary_sample_offset
MON.DAT	mon_auxiliary	(payload[0x1AEC]-0x1AEC)/4	233		233	00002090	000038A0	00003AA0	1	0000	ordinary_sample_offset
MON.DAT	mon_auxiliary	(payload[0x1AEC]-0x1AEC)/4	234		234	00002094	000038B8	00003AB8	1	0000	ordinary_sample_offset
MON.DAT	mon_auxiliary	(payload[0x1AEC]-0x1AEC)/4	235		235	00002098	000038D0	00003AD0	1	0000	ordinary_sample_offset
MON.DAT	mon_auxiliary	(payload[0x1AEC]-0x1AEC)/4	236		236	0000209C	000038E8	00003AE8	1	0000	ordinary_sample_offset
MON.DAT	mon_auxiliary	(payload[0x1AEC]-0x1AEC)/4	237		237	000020A0	00003900	00003B00	1	0000	ordinary_sample_offset
MON.DAT	mon_auxiliary	(payload[0x1AEC]-0x1AEC)/4	238		238	000020A4	00003918	00003B18	1	0000	ordinary_sample_offset
MON.DAT	mon_auxiliary	(payload[0x1AEC]-0x1AEC)/4	239		239	000020A8	00003930	00003B30	1	0000	ordinary_sample_offset
MON.DAT	mon_auxiliary	(payload[0x1AEC]-0x1AEC)/4	240		240	000020AC	00003948	00003B48	1	0000	ordinary_sample_offset
MON.DAT	mon_auxiliary	(payload[0x1AEC]-0x1AEC)/4	241		241	000020B0	00003960	00003B60	1	0000	ordinary_sample_offset
MON.DAT	mon_auxiliary	(payload[0x1AEC]-0x1AEC)/4	242		242	000020B4	00003978	00003B78	1	0000	ordinary_sample_offset
MON.DAT	mon_auxiliary	(payload[0x1AEC]-0x1AEC)/4	243		243	000020B8	00003990	00003B90	1	0000	ordinary_sample_offset
MON.DAT	mon_auxiliary	(payload[0x1AEC]-0x1AEC)/4	244		244	000020BC	000039A8	00003BA8	1	0000	ordinary_sample_offset
MON.DAT	mon_auxiliary	(payload[0x1AEC]-0x1AEC)/4	245		245	000020C0	000039C0	00003BC0	1	0000	ordinary_sample_offset
MON.DAT	mon_auxiliary	(payload[0x1AEC]-0x1AEC)/4	246		246	000020C4	000039DC	00003BDC	1	0000	ordinary_sample_offset
MON.DAT	mon_auxiliary	(payload[0x1AEC]-0x1AEC)/4	247		247	000020C8	000039F8	00003BF8	1	0000	ordinary_sample_offset
MON.DAT	mon_auxiliary	(payload[0x1AEC]-0x1AEC)/4	248		248	000020CC	00003A10	00003C10	1	0000	ordinary_sample_offset
MON.DAT	mon_auxiliary	(payload[0x1AEC]-0x1AEC)/4	249		249	000020D0	00003A28	00003C28	1	0000	ordinary_sample_offset
MON.DAT	mon_auxiliary	(payload[0x1AEC]-0x1AEC)/4	250		250	000020D4	00003A40	00003C40	1	0000	ordinary_sample_offset
MON.DAT	mon_auxiliary	(payload[0x1AEC]-0x1AEC)/4	251		251	000020D8	00003A50	00003C50	1	0000	ordinary_sample_offset
MON.DAT	mon_auxiliary	(payload[0x1AEC]-0x1AEC)/4	252		252	000020DC	00003A60	00003C60	1	0000	ordinary_sample_offset
MON.DAT	mon_auxiliary	(payload[0x1AEC]-0x1AEC)/4	253		253	000020E0	00003A80	00003C80	1	0000	ordinary_sample_offset
MON.DAT	mon_auxiliary	(payload[0x1AEC]-0x1AEC)/4	254		254	000020E4	00003A9C	00003C9C	1	0000	ordinary_sample_offset
MON.DAT	mon_auxiliary	(payload[0x1AEC]-0x1AEC)/4	255		255	000020E8	00003AB8	00003CB8	1	0000	ordinary_sample_offset
MON.DAT	mon_auxiliary	(payload[0x1AEC]-0x1AEC)/4	256		256	000020EC	00003AD0	00003CD0	1	0000	ordinary_sample_offset
MON.DAT	mon_auxiliary	(payload[0x1AEC]-0x1AEC)/4	257		257	000020F0	00003AEC	00003CEC	1	0000	ordinary_sample_offset
MON.DAT	mon_auxiliary	(payload[0x1AEC]-0x1AEC)/4	258		258	000020F4	00003B08	00003D08	1	0000	ordinary_sample_offset
MON.DAT	mon_auxiliary	(payload[0x1AEC]-0x1AEC)/4	259		259	000020F8	00003B20	00003D20	1	0000	ordinary_sample_offset
MON.DAT	mon_auxiliary	(payload[0x1AEC]-0x1AEC)/4	260		260	000020FC	00003B38	00003D38	1	0000	ordinary_sample_offset
MON.DAT	mon_auxiliary	(payload[0x1AEC]-0x1AEC)/4	261		261	00002100	00003B50	00003D50	1	0000	ordinary_sample_offset
MON.DAT	mon_auxiliary	(payload[0x1AEC]-0x1AEC)/4	262		262	00002104	00003B74	00003D74	1	0000	ordinary_sample_offset
MON.DAT	mon_auxiliary	(payload[0x1AEC]-0x1AEC)/4	263		263	00002108	00003B8C	00003D8C	1	0000	ordinary_sample_offset
MON.DAT	mon_auxiliary	(payload[0x1AEC]-0x1AEC)/4	264		264	0000210C	00003BA4	00003DA4	1	0000	ordinary_sample_offset
MON.DAT	mon_auxiliary	(payload[0x1AEC]-0x1AEC)/4	265		265	00002110	00003BBC	00003DBC	1	0000	ordinary_sample_offset
MON.DAT	mon_auxiliary	(payload[0x1AEC]-0x1AEC)/4	266		266	00002114	00003BD8	00003DD8	1	0000	ordinary_sample_offset
MON.DAT	mon_auxiliary	(payload[0x1AEC]-0x1AEC)/4	267		267	00002118	00003BF4	00003DF4	1	0000	ordinary_sample_offset
MON.DAT	mon_auxiliary	(payload[0x1AEC]-0x1AEC)/4	268		268	0000211C	00003C10	00003E10	1	0000	ordinary_sample_offset
MON.DAT	mon_auxiliary	(payload[0x1AEC]-0x1AEC)/4	269		269	00002120	00003C2C	00003E2C	1	0000	ordinary_sample_offset
MON.DAT	mon_auxiliary	(payload[0x1AEC]-0x1AEC)/4	270		270	00002124	00003C48	00003E48	1	0000	ordinary_sample_offset
MON.DAT	mon_auxiliary	(payload[0x1AEC]-0x1AEC)/4	271		271	00002128	00003C64	00003E64	1	0000	ordinary_sample_offset
MON.DAT	mon_auxiliary	(payload[0x1AEC]-0x1AEC)/4	272		272	0000212C	00003C80	00003E80	1	0000	ordinary_sample_offset
MON.DAT	mon_auxiliary	(payload[0x1AEC]-0x1AEC)/4	273		273	00002130	00003C9E	00003E9E	1	0000	ordinary_sample_offset
MON.DAT	mon_auxiliary	(payload[0x1AEC]-0x1AEC)/4	274		274	00002134	00003CBC	00003EBC	1	0000	ordinary_sample_offset
MON.DAT	mon_auxiliary	(payload[0x1AEC]-0x1AEC)/4	275		275	00002138	00003CDA	00003EDA	1	0000	ordinary_sample_offset
MON.DAT	mon_auxiliary	(payload[0x1AEC]-0x1AEC)/4	276		276	0000213C	00003CF8	00003EF8	1	0000	ordinary_sample_offset
MON.DAT	mon_auxiliary	(payload[0x1AEC]-0x1AEC)/4	277		277	00002140	00003D10	00003F10	1	0000	ordinary_sample_offset
MON.DAT	mon_auxiliary	(payload[0x1AEC]-0x1AEC)/4	278		278	00002144	00003D2C	00003F2C	1	0000	ordinary_sample_offset
MON.DAT	mon_auxiliary	(payload[0x1AEC]-0x1AEC)/4	279		279	00002148	00003D44	00003F44	1	0000	ordinary_sample_offset
MON.DAT	mon_auxiliary	(payload[0x1AEC]-0x1AEC)/4	280		280	0000214C	00003D64	00003F64	1	0000	ordinary_sample_offset
MON.DAT	mon_auxiliary	(payload[0x1AEC]-0x1AEC)/4	281		281	00002150	00003D7E	00003F7E	1	0000	ordinary_sample_offset
MON.DAT	mon_auxiliary	(payload[0x1AEC]-0x1AEC)/4	282		282	00002154	00003D9A	00003F9A	1	0000	ordinary_sample_offset
MON.DAT	mon_auxiliary	(payload[0x1AEC]-0x1AEC)/4	283		283	00002158	00003DAA	00003FAA	1	0000	ordinary_sample_offset
MON.DAT	mon_auxiliary	(payload[0x1AEC]-0x1AEC)/4	284		284	0000215C	00003DBC	00003FBC	1	0000	ordinary_sample_offset
MON.DAT	mon_auxiliary	(payload[0x1AEC]-0x1AEC)/4	285		285	00002160	00003DD4	00003FD4	1	0000	ordinary_sample_offset
MON.DAT	mon_auxiliary	(payload[0x1AEC]-0x1AEC)/4	286		286	00002164	00003DEC	00003FEC	1	0000	ordinary_sample_offset
MON.DAT	mon_auxiliary	(payload[0x1AEC]-0x1AEC)/4	287		287	00002168	00003E06	00004006	1	0000	ordinary_sample_offset
MON.DAT	mon_auxiliary	(payload[0x1AEC]-0x1AEC)/4	288		288	0000216C	00003E1E	0000401E	1	0000	ordinary_sample_offset
MON.DAT	mon_auxiliary	(payload[0x1AEC]-0x1AEC)/4	289		289	00002170	00003E3A	0000403A	1	0000	ordinary_sample_offset
MON.DAT	mon_auxiliary	(payload[0x1AEC]-0x1AEC)/4	290		290	00002174	00003E56	00004056	1	0000	ordinary_sample_offset
MON.DAT	mon_auxiliary	(payload[0x1AEC]-0x1AEC)/4	291		291	00002178	00003E70	00004070	1	0000	ordinary_sample_offset
MON.DAT	mon_auxiliary	(payload[0x1AEC]-0x1AEC)/4	292		292	0000217C	00003E88	00004088	1	0000	ordinary_sample_offset
MON.DAT	mon_auxiliary	(payload[0x1AEC]-0x1AEC)/4	293		293	00002180	00003EA2	000040A2	1	0000	ordinary_sample_offset
MON.DAT	mon_auxiliary	(payload[0x1AEC]-0x1AEC)/4	294		294	00002184	00003EBC	000040BC	1	0000	ordinary_sample_offset
MON.DAT	mon_auxiliary	(payload[0x1AEC]-0x1AEC)/4	295		295	00002188	00003ED8	000040D8	1	0000	ordinary_sample_offset
MON.DAT	mon_auxiliary	(payload[0x1AEC]-0x1AEC)/4	296		296	0000218C	00003EF4	000040F4	1	0000	ordinary_sample_offset
MON.DAT	mon_auxiliary	(payload[0x1AEC]-0x1AEC)/4	297		297	00002190	00003F12	00004112	1	0000	ordinary_sample_offset
MON.DAT	mon_auxiliary	(payload[0x1AEC]-0x1AEC)/4	298		298	00002194	00003F2A	0000412A	1	0000	ordinary_sample_offset
MON.DAT	mon_auxiliary	(payload[0x1AEC]-0x1AEC)/4	299		299	00002198	00003F42	00004142	1	0000	ordinary_sample_offset
MON.DAT	mon_auxiliary	(payload[0x1AEC]-0x1AEC)/4	300		300	0000219C	00003F5A	0000415A	1	0000	ordinary_sample_offset
MON.DAT	mon_auxiliary	(payload[0x1AEC]-0x1AEC)/4	301		301	000021A0	00003F70	00004170	1	0000	ordinary_sample_offset
MON.DAT	mon_auxiliary	(payload[0x1AEC]-0x1AEC)/4	302		302	000021A4	00003F88	00004188	1	0000	ordinary_sample_offset
MON.DAT	mon_auxiliary	(payload[0x1AEC]-0x1AEC)/4	303		303	000021A8	00003FA4	000041A4	1	0000	ordinary_sample_offset
MON.DAT	mon_auxiliary	(payload[0x1AEC]-0x1AEC)/4	304		304	000021AC	00003FC2	000041C2	1	0000	ordinary_sample_offset
MON.DAT	mon_auxiliary	(payload[0x1AEC]-0x1AEC)/4	305		305	000021B0	00003FDE	000041DE	1	0000	ordinary_sample_offset
MON.DAT	mon_auxiliary	(payload[0x1AEC]-0x1AEC)/4	306		306	000021B4	00003FFA	000041FA	1	0000	ordinary_sample_offset
MON.DAT	mon_auxiliary	(payload[0x1AEC]-0x1AEC)/4	307		307	000021B8	00004012	00004212	1	0000	ordinary_sample_offset
MON.DAT	mon_auxiliary	(payload[0x1AEC]-0x1AEC)/4	308		308	000021BC	0000402A	0000422A	1	0000	ordinary_sample_offset
MON.DAT	mon_auxiliary	(payload[0x1AEC]-0x1AEC)/4	309		309	000021C0	00004042	00004242	1	0000	ordinary_sample_offset
MON.DAT	mon_auxiliary	(payload[0x1AEC]-0x1AEC)/4	310		310	000021C4	0000405A	0000425A	1	0000	ordinary_sample_offset
MON.DAT	mon_auxiliary	(payload[0x1AEC]-0x1AEC)/4	311		311	000021C8	00004072	00004272	1	0000	ordinary_sample_offset
MON.DAT	mon_auxiliary	(payload[0x1AEC]-0x1AEC)/4	312		312	000021CC	0000408A	0000428A	1	0000	ordinary_sample_offset
MON.DAT	mon_auxiliary	(payload[0x1AEC]-0x1AEC)/4	313		313	000021D0	000040AA	000042AA	1	0000	ordinary_sample_offset
MON.DAT	mon_auxiliary	(payload[0x1AEC]-0x1AEC)/4	314		314	000021D4	000040C6	000042C6	1	0000	ordinary_sample_offset
MON.DAT	mon_auxiliary	(payload[0x1AEC]-0x1AEC)/4	315		315	000021D8	000040E2	000042E2	1	0000	ordinary_sample_offset
MON.DAT	mon_auxiliary	(payload[0x1AEC]-0x1AEC)/4	316		316	000021DC	000040FE	000042FE	1	0000	ordinary_sample_offset
MON.DAT	mon_auxiliary	(payload[0x1AEC]-0x1AEC)/4	317		317	000021E0	00004118	00004318	1	0000	ordinary_sample_offset
MON.DAT	mon_auxiliary	(payload[0x1AEC]-0x1AEC)/4	318		318	000021E4	00004134	00004334	1	0000	ordinary_sample_offset
MON.DAT	mon_auxiliary	(payload[0x1AEC]-0x1AEC)/4	319		319	000021E8	00004150	00004350	1	0000	ordinary_sample_offset
MON.DAT	mon_auxiliary	(payload[0x1AEC]-0x1AEC)/4	320		320	000021EC	00004174	00004374	1	0000	ordinary_sample_offset
MON.DAT	mon_auxiliary	(payload[0x1AEC]-0x1AEC)/4	321		321	000021F0	00004190	00004390	1	0000	ordinary_sample_offset
MON.DAT	mon_auxiliary	(payload[0x1AEC]-0x1AEC)/4	322		322	000021F4	000041A8	000043A8	1	0000	ordinary_sample_offset
MON.DAT	mon_auxiliary	(payload[0x1AEC]-0x1AEC)/4	323		323	000021F8	000041C4	000043C4	1	0000	ordinary_sample_offset
MON.DAT	mon_auxiliary	(payload[0x1AEC]-0x1AEC)/4	324		324	000021FC	000041E8	000043E8	1	0000	ordinary_sample_offset
MON.DAT	mon_auxiliary	(payload[0x1AEC]-0x1AEC)/4	325		325	00002200	00004202	00004402	1	0000	ordinary_sample_offset
MON.DAT	mon_auxiliary	(payload[0x1AEC]-0x1AEC)/4	326		326	00002204	0000421E	0000441E	1	0000	ordinary_sample_offset
MON.DAT	mon_auxiliary	(payload[0x1AEC]-0x1AEC)/4	327		327	00002208	00004238	00004438	1	0000	ordinary_sample_offset
MON.DAT	mon_auxiliary	(payload[0x1AEC]-0x1AEC)/4	328		328	0000220C	00004252	00004452	1	0000	ordinary_sample_offset
MON.DAT	mon_auxiliary	(payload[0x1AEC]-0x1AEC)/4	329		329	00002210	0000426C	0000446C	1	0000	ordinary_sample_offset
MON.DAT	mon_auxiliary	(payload[0x1AEC]-0x1AEC)/4	330		330	00002214	00004286	00004486	1	0000	ordinary_sample_offset
MON.DAT	mon_auxiliary	(payload[0x1AEC]-0x1AEC)/4	331		331	00002218	000042A4	000044A4	1	0000	ordinary_sample_offset
MON.DAT	mon_auxiliary	(payload[0x1AEC]-0x1AEC)/4	332		332	0000221C	000042C2	000044C2	1	0000	ordinary_sample_offset
MON.DAT	mon_auxiliary	(payload[0x1AEC]-0x1AEC)/4	333		333	00002220	000042DA	000044DA	1	0000	ordinary_sample_offset
MON.DAT	mon_auxiliary	(payload[0x1AEC]-0x1AEC)/4	334		334	00002224	000042F8	000044F8	1	0000	ordinary_sample_offset
MON.DAT	mon_auxiliary	(payload[0x1AEC]-0x1AEC)/4	335		335	00002228	00004314	00004514	1	0000	ordinary_sample_offset
MON.DAT	mon_auxiliary	(payload[0x1AEC]-0x1AEC)/4	336		336	0000222C	00004330	00004530	1	0000	ordinary_sample_offset
MON.DAT	mon_auxiliary	(payload[0x1AEC]-0x1AEC)/4	337		337	00002230	00004348	00004548	1	0000	ordinary_sample_offset
MON.DAT	mon_auxiliary	(payload[0x1AEC]-0x1AEC)/4	338		338	00002234	00004362	00004562	1	0000	ordinary_sample_offset
MON.DAT	mon_auxiliary	(payload[0x1AEC]-0x1AEC)/4	339		339	00002238	0000437E	0000457E	1	0000	ordinary_sample_offset
MON.DAT	mon_auxiliary	(payload[0x1AEC]-0x1AEC)/4	340		340	0000223C	0000439A	0000459A	1	0000	ordinary_sample_offset
MON.DAT	mon_auxiliary	(payload[0x1AEC]-0x1AEC)/4	341		341	00002240	000043B2	000045B2	1	0000	ordinary_sample_offset
MON.DAT	mon_auxiliary	(payload[0x1AEC]-0x1AEC)/4	342		342	00002244	000043CE	000045CE	1	0000	ordinary_sample_offset
MON.DAT	mon_auxiliary	(payload[0x1AEC]-0x1AEC)/4	343		343	00002248	000043E8	000045E8	1	0000	ordinary_sample_offset
MON.DAT	mon_auxiliary	(payload[0x1AEC]-0x1AEC)/4	344		344	0000224C	00004402	00004602	1	0000	ordinary_sample_offset
MON.DAT	mon_auxiliary	(payload[0x1AEC]-0x1AEC)/4	345		345	00002250	00004424	00004624	1	0000	ordinary_sample_offset
MON.DAT	mon_auxiliary	(payload[0x1AEC]-0x1AEC)/4	346		346	00002254	0000443C	0000463C	1	0000	ordinary_sample_offset
MON.DAT	mon_auxiliary	(payload[0x1AEC]-0x1AEC)/4	347		347	00002258	00004454	00004654	1	0000	ordinary_sample_offset
MON.DAT	mon_auxiliary	(payload[0x1AEC]-0x1AEC)/4	348		348	0000225C	00004478	00004678	1	0000	ordinary_sample_offset
MON.DAT	mon_auxiliary	(payload[0x1AEC]-0x1AEC)/4	349		349	00002260	0000448E	0000468E	1	0000	ordinary_sample_offset
MON.DAT	mon_auxiliary	(payload[0x1AEC]-0x1AEC)/4	350		350	00002264	000044AA	000046AA	1	0000	ordinary_sample_offset
MON.DAT	mon_auxiliary	(payload[0x1AEC]-0x1AEC)/4	351		351	00002268	000044C6	000046C6	1	0000	ordinary_sample_offset
MON.DAT	mon_auxiliary	(payload[0x1AEC]-0x1AEC)/4	352		352	0000226C	000044E0	000046E0	1	0000	ordinary_sample_offset
MON.DAT	mon_auxiliary	(payload[0x1AEC]-0x1AEC)/4	353		353	00002270	000044F8	000046F8	1	0000	ordinary_sample_offset
MON.DAT	mon_auxiliary	(payload[0x1AEC]-0x1AEC)/4	354		354	00002274	00004510	00004710	1	0000	ordinary_sample_offset
MON.DAT	mon_auxiliary	(payload[0x1AEC]-0x1AEC)/4	355		355	00002278	00004528	00004728	1	0000	ordinary_sample_offset
MON.DAT	mon_auxiliary	(payload[0x1AEC]-0x1AEC)/4	356		356	0000227C	00004542	00004742	1	0000	ordinary_sample_offset
MON.DAT	mon_auxiliary	(payload[0x1AEC]-0x1AEC)/4	357		357	00002280	00004558	00004758	1	0000	ordinary_sample_offset
MON.DAT	mon_auxiliary	(payload[0x1AEC]-0x1AEC)/4	358		358	00002284	0000456C	0000476C	1	0000	ordinary_sample_offset
MON.DAT	mon_auxiliary	(payload[0x1AEC]-0x1AEC)/4	359		359	00002288	00004584	00004784	1	0000	ordinary_sample_offset
MON.DAT	mon_auxiliary	(payload[0x1AEC]-0x1AEC)/4	360		360	0000228C	000045A0	000047A0	1	0000	ordinary_sample_offset
MON.DAT	mon_auxiliary	(payload[0x1AEC]-0x1AEC)/4	361		361	00002290	000045BC	000047BC	1	0000	ordinary_sample_offset
MON.DAT	mon_auxiliary	(payload[0x1AEC]-0x1AEC)/4	362		362	00002294	000045D8	000047D8	1	0000	ordinary_sample_offset
MON.DAT	mon_auxiliary	(payload[0x1AEC]-0x1AEC)/4	363		363	00002298	000045F4	000047F4	1	0000	ordinary_sample_offset
MON.DAT	mon_auxiliary	(payload[0x1AEC]-0x1AEC)/4	364		364	0000229C	0000460E	0000480E	1	0000	ordinary_sample_offset
MON.DAT	mon_auxiliary	(payload[0x1AEC]-0x1AEC)/4	365		365	000022A0	0000462C	0000482C	1	0000	ordinary_sample_offset
MON.DAT	mon_auxiliary	(payload[0x1AEC]-0x1AEC)/4	366		366	000022A4	0000464C	0000484C	1	0000	ordinary_sample_offset
MON.DAT	mon_auxiliary	(payload[0x1AEC]-0x1AEC)/4	367		367	000022A8	00004670	00004870	1	0000	ordinary_sample_offset
MON.DAT	mon_auxiliary	(payload[0x1AEC]-0x1AEC)/4	368		368	000022AC	00004684	00004884	1	0000	ordinary_sample_offset
MON.DAT	mon_auxiliary	(payload[0x1AEC]-0x1AEC)/4	369		369	000022B0	0000469E	0000489E	1	0000	ordinary_sample_offset
MON.DAT	mon_auxiliary	(payload[0x1AEC]-0x1AEC)/4	370		370	000022B4	000046BA	000048BA	1	0000	ordinary_sample_offset
MON.DAT	mon_auxiliary	(payload[0x1AEC]-0x1AEC)/4	371		371	000022B8	000046D2	000048D2	1	0000	ordinary_sample_offset
MON.DAT	mon_auxiliary	(payload[0x1AEC]-0x1AEC)/4	372		372	000022BC	000046EA	000048EA	1	0000	ordinary_sample_offset
MON.DAT	mon_auxiliary	(payload[0x1AEC]-0x1AEC)/4	373		373	000022C0	00004706	00004906	1	0000	ordinary_sample_offset
MON.DAT	mon_auxiliary	(payload[0x1AEC]-0x1AEC)/4	374		374	000022C4	00004722	00004922	1	0000	ordinary_sample_offset
MON.DAT	mon_auxiliary	(payload[0x1AEC]-0x1AEC)/4	375		375	000022C8	0000473E	0000493E	1	0000	ordinary_sample_offset
MON.DAT	mon_auxiliary	(payload[0x1AEC]-0x1AEC)/4	376		376	000022CC	0000475A	0000495A	1	0000	ordinary_sample_offset
MON.DAT	mon_auxiliary	(payload[0x1AEC]-0x1AEC)/4	377		377	000022D0	00004776	00004976	1	0000	ordinary_sample_offset
MON.DAT	mon_auxiliary	(payload[0x1AEC]-0x1AEC)/4	378		378	000022D4	0000478E	0000498E	1	0000	ordinary_sample_offset
MON.DAT	mon_auxiliary	(payload[0x1AEC]-0x1AEC)/4	379		379	000022D8	000047A6	000049A6	1	0000	ordinary_sample_offset
MON.DAT	mon_auxiliary	(payload[0x1AEC]-0x1AEC)/4	380		380	000022DC	000047BE	000049BE	1	0000	ordinary_sample_offset
MON.DAT	mon_auxiliary	(payload[0x1AEC]-0x1AEC)/4	381		381	000022E0	000047D6	000049D6	1	0000	ordinary_sample_offset
MON.DAT	mon_auxiliary	(payload[0x1AEC]-0x1AEC)/4	382		382	000022E4	000047EE	000049EE	1	0000	ordinary_sample_offset
MON.DAT	mon_auxiliary	(payload[0x1AEC]-0x1AEC)/4	383		383	000022E8	0000480A	00004A0A	1	0000	ordinary_sample_offset
MON.DAT	mon_auxiliary	(payload[0x1AEC]-0x1AEC)/4	384		384	000022EC	00004824	00004A24	1	0000	ordinary_sample_offset
MON.DAT	mon_auxiliary	(payload[0x1AEC]-0x1AEC)/4	385		385	000022F0	00004846	00004A46	1	0000	ordinary_sample_offset
MON.DAT	mon_auxiliary	(payload[0x1AEC]-0x1AEC)/4	386		386	000022F4	0000485E	00004A5E	1	0000	ordinary_sample_offset
MON.DAT	mon_auxiliary	(payload[0x1AEC]-0x1AEC)/4	387		387	000022F8	0000487A	00004A7A	1	0000	ordinary_sample_offset
MON.DAT	mon_auxiliary	(payload[0x1AEC]-0x1AEC)/4	388		388	000022FC	00004896	00004A96	1	0000	ordinary_sample_offset
MON.DAT	mon_auxiliary	(payload[0x1AEC]-0x1AEC)/4	389		389	00002300	000048AC	00004AAC	1	0000	ordinary_sample_offset
MON.DAT	mon_auxiliary	(payload[0x1AEC]-0x1AEC)/4	390		390	00002304	000048C8	00004AC8	1	0000	ordinary_sample_offset
MON.DAT	mon_auxiliary	(payload[0x1AEC]-0x1AEC)/4	391		391	00002308	000048E0	00004AE0	1	0000	ordinary_sample_offset
MON.DAT	mon_auxiliary	(payload[0x1AEC]-0x1AEC)/4	392		392	0000230C	000048F8	00004AF8	1	0000	ordinary_sample_offset
MON.DAT	mon_auxiliary	(payload[0x1AEC]-0x1AEC)/4	393		393	00002310	00004914	00004B14	1	0000	ordinary_sample_offset
MON.DAT	mon_auxiliary	(payload[0x1AEC]-0x1AEC)/4	394		394	00002314	00004930	00004B30	1	0000	ordinary_sample_offset
MON.DAT	mon_auxiliary	(payload[0x1AEC]-0x1AEC)/4	395		395	00002318	0000494C	00004B4C	1	0000	ordinary_sample_offset
MON.DAT	mon_auxiliary	(payload[0x1AEC]-0x1AEC)/4	396		396	0000231C	00004964	00004B64	1	0000	ordinary_sample_offset
MON.DAT	mon_auxiliary	(payload[0x1AEC]-0x1AEC)/4	397		397	00002320	0000497C	00004B7C	1	0000	ordinary_sample_offset
MON.DAT	mon_auxiliary	(payload[0x1AEC]-0x1AEC)/4	398		398	00002324	00004998	00004B98	1	0000	ordinary_sample_offset
MON.DAT	mon_auxiliary	(payload[0x1AEC]-0x1AEC)/4	399		399	00002328	000049B4	00004BB4	1	0000	ordinary_sample_offset
MON.DAT	mon_auxiliary	(payload[0x1AEC]-0x1AEC)/4	400		400	0000232C	000049CC	00004BCC	1	0000	ordinary_sample_offset
MON.DAT	mon_auxiliary	(payload[0x1AEC]-0x1AEC)/4	401		401	00002330	000049E4	00004BE4	1	0000	ordinary_sample_offset
MON.DAT	mon_auxiliary	(payload[0x1AEC]-0x1AEC)/4	402		402	00002334	00004A00	00004C00	1	0000	ordinary_sample_offset
MON.DAT	mon_auxiliary	(payload[0x1AEC]-0x1AEC)/4	403		403	00002338	00004A18	00004C18	1	0000	ordinary_sample_offset
MON.DAT	mon_auxiliary	(payload[0x1AEC]-0x1AEC)/4	404		404	0000233C	00004A34	00004C34	1	0000	ordinary_sample_offset
MON.DAT	mon_auxiliary	(payload[0x1AEC]-0x1AEC)/4	405		405	00002340	00004A4C	00004C4C	1	0000	ordinary_sample_offset
MON.DAT	mon_auxiliary	(payload[0x1AEC]-0x1AEC)/4	406		406	00002344	00004A68	00004C68	1	0000	ordinary_sample_offset
MON.DAT	mon_auxiliary	(payload[0x1AEC]-0x1AEC)/4	407		407	00002348	00004A80	00004C80	1	0000	ordinary_sample_offset
MON.DAT	mon_auxiliary	(payload[0x1AEC]-0x1AEC)/4	408		408	0000234C	00004A9C	00004C9C	1	0000	ordinary_sample_offset
MON.DAT	mon_auxiliary	(payload[0x1AEC]-0x1AEC)/4	409		409	00002350	00004AB8	00004CB8	1	0000	ordinary_sample_offset
MON.DAT	mon_auxiliary	(payload[0x1AEC]-0x1AEC)/4	410		410	00002354	00004AD2	00004CD2	1	0000	ordinary_sample_offset
MON.DAT	mon_auxiliary	(payload[0x1AEC]-0x1AEC)/4	411		411	00002358	00004AEE	00004CEE	1	0000	ordinary_sample_offset
MON.DAT	mon_auxiliary	(payload[0x1AEC]-0x1AEC)/4	412		412	0000235C	00004B0A	00004D0A	1	0000	ordinary_sample_offset
MON.DAT	mon_auxiliary	(payload[0x1AEC]-0x1AEC)/4	413		413	00002360	00004B2A	00004D2A	1	0000	ordinary_sample_offset
MON.DAT	mon_auxiliary	(payload[0x1AEC]-0x1AEC)/4	414		414	00002364	00004B42	00004D42	1	0000	ordinary_sample_offset
MON.DAT	mon_auxiliary	(payload[0x1AEC]-0x1AEC)/4	415		415	00002368	00004B5A	00004D5A	1	0000	ordinary_sample_offset
MON.DAT	mon_auxiliary	(payload[0x1AEC]-0x1AEC)/4	416		416	0000236C	00004B76	00004D76	1	0000	ordinary_sample_offset
MON.DAT	mon_auxiliary	(payload[0x1AEC]-0x1AEC)/4	417		417	00002370	00004B96	00004D96	1	0000	ordinary_sample_offset
MON.DAT	mon_auxiliary	(payload[0x1AEC]-0x1AEC)/4	418		418	00002374	00004BB6	00004DB6	1	0000	ordinary_sample_offset
MON.DAT	mon_auxiliary	(payload[0x1AEC]-0x1AEC)/4	419		419	00002378	00004BD2	00004DD2	1	0000	ordinary_sample_offset
MON.DAT	mon_auxiliary	(payload[0x1AEC]-0x1AEC)/4	420		420	0000237C	00004BEE	00004DEE	1	0000	ordinary_sample_offset
MON.DAT	mon_auxiliary	(payload[0x1AEC]-0x1AEC)/4	421		421	00002380	00004C0A	00004E0A	1	0000	ordinary_sample_offset
MON.DAT	mon_auxiliary	(payload[0x1AEC]-0x1AEC)/4	422		422	00002384	00004C1E	00004E1E	1	0000	ordinary_sample_offset
MON.DAT	mon_auxiliary	(payload[0x1AEC]-0x1AEC)/4	423		423	00002388	00004C36	00004E36	1	0000	ordinary_sample_offset
MON.DAT	mon_auxiliary	(payload[0x1AEC]-0x1AEC)/4	424		424	0000238C	00004C4E	00004E4E	1	0000	ordinary_sample_offset
MON.DAT	mon_auxiliary	(payload[0x1AEC]-0x1AEC)/4	425		425	00002390	00004C66	00004E66	1	0000	ordinary_sample_offset
MON.DAT	mon_auxiliary	(payload[0x1AEC]-0x1AEC)/4	426		426	00002394	00004C7E	00004E7E	1	0000	ordinary_sample_offset
MON.DAT	mon_auxiliary	(payload[0x1AEC]-0x1AEC)/4	427		427	00002398	00004C96	00004E96	1	0000	ordinary_sample_offset
MON.DAT	mon_auxiliary	(payload[0x1AEC]-0x1AEC)/4	428		428	0000239C	00004CB2	00004EB2	1	0000	ordinary_sample_offset
MON.DAT	mon_auxiliary	(payload[0x1AEC]-0x1AEC)/4	429		429	000023A0	00004CCA	00004ECA	1	0000	ordinary_sample_offset
MON.DAT	mon_auxiliary	(payload[0x1AEC]-0x1AEC)/4	430		430	000023A4	00004CE6	00004EE6	1	0000	ordinary_sample_offset
MON.DAT	mon_auxiliary	(payload[0x1AEC]-0x1AEC)/4	431		431	000023A8	00004CFE	00004EFE	1	0000	ordinary_sample_offset
MON.DAT	mon_auxiliary	(payload[0x1AEC]-0x1AEC)/4	432		432	000023AC	00004D1A	00004F1A	1	0000	ordinary_sample_offset
MON.DAT	mon_auxiliary	(payload[0x1AEC]-0x1AEC)/4	433		433	000023B0	00004D32	00004F32	1	0000	ordinary_sample_offset
MON.DAT	mon_auxiliary	(payload[0x1AEC]-0x1AEC)/4	434		434	000023B4	00004D4A	00004F4A	1	0000	ordinary_sample_offset
MON.DAT	mon_auxiliary	(payload[0x1AEC]-0x1AEC)/4	435		435	000023B8	00004D62	00004F62	1	0000	ordinary_sample_offset
MON.DAT	mon_auxiliary	(payload[0x1AEC]-0x1AEC)/4	436		436	000023BC	00004D7E	00004F7E	1	0000	ordinary_sample_offset
MON.DAT	mon_auxiliary	(payload[0x1AEC]-0x1AEC)/4	437		437	000023C0	00004D96	00004F96	1	0000	ordinary_sample_offset
MON.DAT	mon_auxiliary	(payload[0x1AEC]-0x1AEC)/4	438		438	000023C4	00004DB6	00004FB6	1	0000	ordinary_sample_offset
MON.DAT	mon_auxiliary	(payload[0x1AEC]-0x1AEC)/4	439		439	000023C8	00004DCE	00004FCE	1	0000	ordinary_sample_offset
MON.DAT	mon_auxiliary	(payload[0x1AEC]-0x1AEC)/4	440		440	000023CC	00004DE6	00004FE6	1	0000	ordinary_sample_offset
MON.DAT	mon_auxiliary	(payload[0x1AEC]-0x1AEC)/4	441		441	000023D0	00004E02	00005002	1	0000	ordinary_sample_offset
MON.DAT	mon_auxiliary	(payload[0x1AEC]-0x1AEC)/4	442		442	000023D4	00004E1E	0000501E	1	0000	ordinary_sample_offset
MON.DAT	mon_auxiliary	(payload[0x1AEC]-0x1AEC)/4	443		443	000023D8	00004E3A	0000503A	1	0000	ordinary_sample_offset
MON.DAT	mon_auxiliary	(payload[0x1AEC]-0x1AEC)/4	444		444	000023DC	00004E56	00005056	1	0000	ordinary_sample_offset
MON.DAT	mon_auxiliary	(payload[0x1AEC]-0x1AEC)/4	445		445	000023E0	00004E6E	0000506E	1	0000	ordinary_sample_offset
MON.DAT	mon_auxiliary	(payload[0x1AEC]-0x1AEC)/4	446		446	000023E4	00004E86	00005086	1	0000	ordinary_sample_offset
MON.DAT	mon_auxiliary	(payload[0x1AEC]-0x1AEC)/4	447		447	000023E8	00004EA6	000050A6	1	0000	ordinary_sample_offset
MON.DAT	mon_auxiliary	(payload[0x1AEC]-0x1AEC)/4	448		448	000023EC	00004EBE	000050BE	1	0000	ordinary_sample_offset
MON.DAT	mon_auxiliary	(payload[0x1AEC]-0x1AEC)/4	449		449	000023F0	00004ED6	000050D6	1	0000	ordinary_sample_offset
MON.DAT	mon_auxiliary	(payload[0x1AEC]-0x1AEC)/4	450		450	000023F4	00004EEE	000050EE	1	0000	ordinary_sample_offset
MON.DAT	mon_auxiliary	(payload[0x1AEC]-0x1AEC)/4	451		451	000023F8	00004F0A	0000510A	1	0000	ordinary_sample_offset
MON.DAT	mon_auxiliary	(payload[0x1AEC]-0x1AEC)/4	452		452	000023FC	00004F20	00005120	1	0000	ordinary_sample_offset
MON.DAT	mon_auxiliary	(payload[0x1AEC]-0x1AEC)/4	453		453	00002400	00004F38	00005138	1	0000	ordinary_sample_offset
MON.DAT	mon_auxiliary	(payload[0x1AEC]-0x1AEC)/4	454		454	00002404	00004F50	00005150	1	0000	ordinary_sample_offset
MON.DAT	mon_auxiliary	(payload[0x1AEC]-0x1AEC)/4	455		455	00002408	00004F68	00005168	1	0000	ordinary_sample_offset
MON.DAT	mon_auxiliary	(payload[0x1AEC]-0x1AEC)/4	456		456	0000240C	00004F80	00005180	1	0000	ordinary_sample_offset
MON.DAT	mon_auxiliary	(payload[0x1AEC]-0x1AEC)/4	457		457	00002410	00004F98	00005198	1	0000	ordinary_sample_offset
MON.DAT	mon_auxiliary	(payload[0x1AEC]-0x1AEC)/4	458		458	00002414	00004FB0	000051B0	1	0000	ordinary_sample_offset
MON.DAT	mon_auxiliary	(payload[0x1AEC]-0x1AEC)/4	459		459	00002418	00004FC8	000051C8	1	0000	ordinary_sample_offset
MON.DAT	mon_auxiliary	(payload[0x1AEC]-0x1AEC)/4	460		460	0000241C	00004FE0	000051E0	1	0000	ordinary_sample_offset
MON.DAT	mon_auxiliary	(payload[0x1AEC]-0x1AEC)/4	461		461	00002420	00004FF8	000051F8	1	0000	ordinary_sample_offset
MON.DAT	mon_auxiliary	(payload[0x1AEC]-0x1AEC)/4	462		462	00002424	00005018	00005218	1	0000	ordinary_sample_offset
MON.DAT	mon_auxiliary	(payload[0x1AEC]-0x1AEC)/4	463		463	00002428	00005034	00005234	1	0000	ordinary_sample_offset
MON.DAT	mon_auxiliary	(payload[0x1AEC]-0x1AEC)/4	464		464	0000242C	00005054	00005254	1	0000	ordinary_sample_offset
MON.DAT	mon_auxiliary	(payload[0x1AEC]-0x1AEC)/4	465		465	00002430	00005070	00005270	1	0000	ordinary_sample_offset
MON.DAT	mon_auxiliary	(payload[0x1AEC]-0x1AEC)/4	466		466	00002434	0000508E	0000528E	1	0000	ordinary_sample_offset
MON.DAT	mon_auxiliary	(payload[0x1AEC]-0x1AEC)/4	467		467	00002438	000050B2	000052B2	1	0000	ordinary_sample_offset
MON.DAT	mon_auxiliary	(payload[0x1AEC]-0x1AEC)/4	468		468	0000243C	000050D0	000052D0	1	0000	ordinary_sample_offset
MON.DAT	mon_auxiliary	(payload[0x1AEC]-0x1AEC)/4	469		469	00002440	000050EA	000052EA	1	0000	ordinary_sample_offset
