stream_ordinal	map_index_ordinal	map_id	logical_context	context_index	container_header_offset_hex	payload_offset_hex	header_layout	compressed_size	original_destination_capacity	caller_written_size	actual_output_size	discarded_output_size	assembly_callsite	original_caller_policy	assembly_equivalent_return	lzo1x_safe_return	byte_exact_with_assembly	full_output_sha256	written_prefix_sha256	assembly_branch_hits
1	0	22	surface_grid	0	0x15221	0x15225	u32_compressed_before_payload,u32_post_payload_record_count	5223	43200	43200	43200	0	00426182	ignores_return_and_actual_output_size	0	0	1	5cb0f94a01d52cf7dbc02044f977faaf46048d89a66d7503682c329a00eb51bd	5cb0f94a01d52cf7dbc02044f977faaf46048d89a66d7503682c329a00eb51bd	end_marker:1;literal_run_short:6;match_10_to_1f_short:3;match_20_to_3f_extended:326;match_20_to_3f_short:630;match_40_to_ff:963;trailing_literal_0:1895;trailing_literal_1:18;trailing_literal_2:7;trailing_literal_3:1
2	0	22	cm_generation_chunk	0	0x96878	0x96A04	u32_compressed_in_8_byte_table_entry,sequential_payload	597552	1025768	1024768	1024768	0	00426FDB	ignores_return_and_actual_output_size;writes_min_remaining_chunk_prefix	0	0	1	3ca6f2496351f8bfae8532bd6d44b7951869f35a30037feb4795e314aae97e92	3ca6f2496351f8bfae8532bd6d44b7951869f35a30037feb4795e314aae97e92	end_marker:1;literal_run_extended:1235;literal_run_short:16610;match_10_to_1f_extended:65;match_10_to_1f_short:11387;match_20_to_3f_extended:259;match_20_to_3f_short:24096;match_40_to_ff:128961;trailing_literal_0:128198;trailing_literal_1:19321;trailing_literal_2:11538;trailing_literal_3:5710
3	0	22	cm_generation_chunk	1	0x96880	0x128834	u32_compressed_in_8_byte_table_entry,sequential_payload	630441	1025768	1024768	1024768	0	00426FDB	ignores_return_and_actual_output_size;writes_min_remaining_chunk_prefix	0	0	1	fdd5c5f24cfc1a49f36cde44994ebbb5510b8c11461a3eb8b54e1a287a935ec3	fdd5c5f24cfc1a49f36cde44994ebbb5510b8c11461a3eb8b54e1a287a935ec3	end_marker:1;literal_run_extended:1403;literal_run_short:20737;match_10_to_1f_extended:8;match_10_to_1f_short:7025;match_20_to_3f_extended:178;match_20_to_3f_short:21832;match_40_to_ff:133005;trailing_literal_0:122285;trailing_literal_1:19944;trailing_literal_2:13080;trailing_literal_3:6738
4	0	22	cm_generation_chunk	2	0x96888	0x1C26DD	u32_compressed_in_8_byte_table_entry,sequential_payload	671743	1025768	1024768	1024768	0	00426FDB	ignores_return_and_actual_output_size;writes_min_remaining_chunk_prefix	0	0	1	3af516cd3b7ec3299d50ead87622b0f6c3abc55bd677552e37ac42fee2869b32	3af516cd3b7ec3299d50ead87622b0f6c3abc55bd677552e37ac42fee2869b32	end_marker:1;literal_run_extended:1425;literal_run_short:23150;match_10_to_1f_extended:39;match_10_to_1f_short:12376;match_20_to_3f_extended:50;match_20_to_3f_short:21746;match_40_to_ff:130836;trailing_literal_0:119421;trailing_literal_1:22537;trailing_literal_2:15194;trailing_literal_3:7894
5	0	22	cm_generation_chunk	3	0x96890	0x2666DC	u32_compressed_in_8_byte_table_entry,sequential_payload	621469	1025768	1024768	1024768	0	00426FDB	ignores_return_and_actual_output_size;writes_min_remaining_chunk_prefix	0	0	1	445843402ac86202e99bd9464fb5441f47ccbe26fef27d75e60476757570d6c7	445843402ac86202e99bd9464fb5441f47ccbe26fef27d75e60476757570d6c7	end_marker:1;literal_run_extended:887;literal_run_short:18354;match_10_to_1f_extended:79;match_10_to_1f_short:13969;match_20_to_3f_extended:95;match_20_to_3f_short:22193;match_40_to_ff:136814;trailing_literal_0:132953;trailing_literal_1:20667;trailing_literal_2:13121;trailing_literal_3:6408
6	0	22	cm_generation_chunk	4	0x96898	0x2FE279	u32_compressed_in_8_byte_table_entry,sequential_payload	537506	1025768	1024768	1024768	0	00426FDB	ignores_return_and_actual_output_size;writes_min_remaining_chunk_prefix	0	0	1	ef3ea8208abe03bc27685660b348546e0439021757b97e98fa893f584964b979	ef3ea8208abe03bc27685660b348546e0439021757b97e98fa893f584964b979	end_marker:1;literal_run_extended:484;literal_run_short:11903;match_10_to_1f_extended:186;match_10_to_1f_short:17224;match_20_to_3f_extended:503;match_20_to_3f_short:34518;match_40_to_ff:109986;trailing_literal_0:128249;trailing_literal_1:18076;trailing_literal_2:11408;trailing_literal_3:4683
7	0	22	cm_generation_chunk	5	0x968A0	0x38161B	u32_compressed_in_8_byte_table_entry,sequential_payload	85697	1025768	123136	1024768	901632	00426FDB	ignores_return_and_actual_output_size;writes_min_remaining_chunk_prefix	0	0	1	08cae9ba1f8bc68f8a73749f755eb06c7991fa687c65d5d6109adcddcb3065c1	7e0405b036cb91ed0d5ea22c84530e92dec50ee2c82f64e65d19d237a54ec93c	end_marker:1;literal_run_extended:167;literal_run_short:2753;match_10_to_1f_extended:1;match_10_to_1f_short:1314;match_20_to_3f_extended:3;match_20_to_3f_short:3941;match_40_to_ff:15114;trailing_literal_0:15304;trailing_literal_1:2483;trailing_literal_2:1733;trailing_literal_3:852
8	1	10	surface_grid	0	0x3A0061	0x3A0065	u32_compressed_before_payload,u32_post_payload_record_count	3505	39560	39560	39560	0	00426182	ignores_return_and_actual_output_size	0	0	1	57a7b9b4eea98609fa2fc060637529d10bc22dec4ddf77afe9dd394022a84c42	57a7b9b4eea98609fa2fc060637529d10bc22dec4ddf77afe9dd394022a84c42	end_marker:1;literal_run_short:7;match_10_to_1f_extended:1;match_10_to_1f_short:1;match_20_to_3f_extended:310;match_20_to_3f_short:360;match_40_to_ff:557;trailing_literal_0:1222;trailing_literal_1:6
9	1	10	cm_generation_chunk	0	0x3BD4FE	0x3BD68A	u32_compressed_in_8_byte_table_entry,sequential_payload	842505	1025768	1024768	1024768	0	00426FDB	ignores_return_and_actual_output_size;writes_min_remaining_chunk_prefix	0	0	1	8b47cb0d6f066502e3860aeb24e077884168b8faf17e981f49fb988758574573	8b47cb0d6f066502e3860aeb24e077884168b8faf17e981f49fb988758574573	end_marker:1;literal_run_extended:4829;literal_run_short:34182;match_10_to_1f_extended:508;match_10_to_1f_short:17447;match_20_to_3f_extended:2;match_20_to_3f_short:22385;match_40_to_ff:95060;trailing_literal_0:92384;trailing_literal_1:20020;trailing_literal_2:14028;trailing_literal_3:8969
10	1	10	cm_generation_chunk	1	0x3BD506	0x48B193	u32_compressed_in_8_byte_table_entry,sequential_payload	641327	1025768	1024768	1024768	0	00426FDB	ignores_return_and_actual_output_size;writes_min_remaining_chunk_prefix	0	0	1	3c223b669cc3d06de9f25c66d5756f0a9ccf2e448b0fe8de227f832deeb11ab7	3c223b669cc3d06de9f25c66d5756f0a9ccf2e448b0fe8de227f832deeb11ab7	end_marker:1;literal_run_extended:1461;literal_run_short:19094;match_10_to_1f_extended:13;match_10_to_1f_short:12877;match_20_to_3f_extended:220;match_20_to_3f_short:22998;match_40_to_ff:132175;trailing_literal_0:124577;trailing_literal_1:21879;trailing_literal_2:14958;trailing_literal_3:6868
11	1	10	cm_generation_chunk	2	0x3BD50E	0x527AC2	u32_compressed_in_8_byte_table_entry,sequential_payload	595157	1025768	1024768	1024768	0	00426FDB	ignores_return_and_actual_output_size;writes_min_remaining_chunk_prefix	0	0	1	94e75b3ff86a698785182bc4e929ecd842971a93b3599aa2d943388cbcb7c321	94e75b3ff86a698785182bc4e929ecd842971a93b3599aa2d943388cbcb7c321	end_marker:1;literal_run_extended:998;literal_run_short:14971;match_10_to_1f_extended:65;match_10_to_1f_short:14086;match_20_to_3f_extended:245;match_20_to_3f_short:21761;match_40_to_ff:135849;trailing_literal_0:130050;trailing_literal_1:22441;trailing_literal_2:13249;trailing_literal_3:6265
12	1	10	cm_generation_chunk	3	0x3BD516	0x5B8F97	u32_compressed_in_8_byte_table_entry,sequential_payload	602927	1025768	1024768	1024768	0	00426FDB	ignores_return_and_actual_output_size;writes_min_remaining_chunk_prefix	0	0	1	96979119e074054edad1ce3b14f8feb34108b066544ba71a0702553260eebb7a	96979119e074054edad1ce3b14f8feb34108b066544ba71a0702553260eebb7a	end_marker:1;literal_run_extended:1386;literal_run_short:15973;match_10_to_1f_extended:42;match_10_to_1f_short:9825;match_20_to_3f_extended:145;match_20_to_3f_short:18795;match_40_to_ff:138408;trailing_literal_0:125996;trailing_literal_1:22244;trailing_literal_2:12611;trailing_literal_3:6363
13	1	10	cm_generation_chunk	4	0x3BD51E	0x64C2C6	u32_compressed_in_8_byte_table_entry,sequential_payload	534103	1025768	774656	1024768	250112	00426FDB	ignores_return_and_actual_output_size;writes_min_remaining_chunk_prefix	0	0	1	f7bd4e5d00343ae09fe4fb5fd3b93daf5f9e23ae1c0ed8e23fb1ed8536c2accf	761b362c75ae2c1fbbcaab801f5af889ba60a233e5d52e79df4a147f12c9f9c5	end_marker:1;literal_run_extended:1700;literal_run_short:17552;match_10_to_1f_extended:8;match_10_to_1f_short:10342;match_20_to_3f_extended:55;match_20_to_3f_short:16160;match_40_to_ff:99090;trailing_literal_0:89806;trailing_literal_1:18585;trailing_literal_2:11272;trailing_literal_3:5991
14	2	21	surface_grid	0	0x7057D1	0x7057D5	u32_compressed_before_payload,u32_post_payload_record_count	8507	74900	74900	74900	0	00426182	ignores_return_and_actual_output_size	0	0	1	f090b83c762b99c6c4b70dd7e19b63f88b9e8ed52fec3dc70645591fd5686999	f090b83c762b99c6c4b70dd7e19b63f88b9e8ed52fec3dc70645591fd5686999	end_marker:1;literal_run_short:11;match_10_to_1f_extended:1;match_10_to_1f_short:16;match_20_to_3f_extended:587;match_20_to_3f_short:872;match_40_to_ff:1663;trailing_literal_0:3082;trailing_literal_1:38;trailing_literal_2:13;trailing_literal_3:5
15	2	21	cm_generation_chunk	0	0x82D5BE	0x82D74A	u32_compressed_in_8_byte_table_entry,sequential_payload	583840	1025768	1024768	1024768	0	00426FDB	ignores_return_and_actual_output_size;writes_min_remaining_chunk_prefix	0	0	1	2bdd7f2060efe4ea6ba0c66e9b9a933b98331cc5f6ae9b3357eaac059b0f0c74	2bdd7f2060efe4ea6ba0c66e9b9a933b98331cc5f6ae9b3357eaac059b0f0c74	end_marker:1;literal_run_extended:1027;literal_run_short:14585;match_10_to_1f_extended:72;match_10_to_1f_short:7151;match_20_to_3f_extended:146;match_20_to_3f_short:30652;match_40_to_ff:131243;trailing_literal_0:131836;trailing_literal_1:19078;trailing_literal_2:13020;trailing_literal_3:5329
16	2	21	cm_generation_chunk	1	0x82D5C6	0x8BBFEA	u32_compressed_in_8_byte_table_entry,sequential_payload	699130	1025768	1024768	1024768	0	00426FDB	ignores_return_and_actual_output_size;writes_min_remaining_chunk_prefix	0	0	1	c510ca25ac92a41d023434f320542f1b0962afd2b727f65fc22b20be1709eb3a	c510ca25ac92a41d023434f320542f1b0962afd2b727f65fc22b20be1709eb3a	end_marker:1;literal_run_extended:3016;literal_run_short:26312;match_10_to_1f_extended:31;match_10_to_1f_short:6598;match_20_to_3f_extended:141;match_20_to_3f_short:19687;match_40_to_ff:117133;trailing_literal_0:106979;trailing_literal_1:17255;trailing_literal_2:13036;trailing_literal_3:6319
17	2	21	cm_generation_chunk	2	0x82D5CE	0x966AE4	u32_compressed_in_8_byte_table_entry,sequential_payload	660363	1025768	1024768	1024768	0	00426FDB	ignores_return_and_actual_output_size;writes_min_remaining_chunk_prefix	0	0	1	035d7674adc8864db7728df827ca64266ae4296384d1b2e2bc9e0818dfc40479	035d7674adc8864db7728df827ca64266ae4296384d1b2e2bc9e0818dfc40479	end_marker:1;literal_run_extended:1351;literal_run_short:23664;match_10_to_1f_extended:92;match_10_to_1f_short:12389;match_20_to_3f_extended:215;match_20_to_3f_short:29726;match_40_to_ff:116922;trailing_literal_0:118988;trailing_literal_1:18208;trailing_literal_2:15711;trailing_literal_3:6436
18	2	21	cm_generation_chunk	3	0x82D5D6	0xA07E6F	u32_compressed_in_8_byte_table_entry,sequential_payload	774410	1025768	1024768	1024768	0	00426FDB	ignores_return_and_actual_output_size;writes_min_remaining_chunk_prefix	0	0	1	6866da5fd317153c05080a89b5cbf708b07a9aa118e886a6b6efc669d3aae8a7	6866da5fd317153c05080a89b5cbf708b07a9aa118e886a6b6efc669d3aae8a7	end_marker:1;literal_run_extended:2267;literal_run_short:34540;match_10_to_1f_extended:11;match_10_to_1f_short:14409;match_20_to_3f_extended:48;match_20_to_3f_short:28716;match_40_to_ff:106244;trailing_literal_0:104311;trailing_literal_1:18649;trailing_literal_2:18633;trailing_literal_3:7834
19	2	21	cm_generation_chunk	4	0x82D5DE	0xAC4F79	u32_compressed_in_8_byte_table_entry,sequential_payload	711621	1025768	1024768	1024768	0	00426FDB	ignores_return_and_actual_output_size;writes_min_remaining_chunk_prefix	0	0	1	85eb0a8e56c9dbfa8d770280bba35e8f8c7c21b3f5f00960160765fa124f8daf	85eb0a8e56c9dbfa8d770280bba35e8f8c7c21b3f5f00960160765fa124f8daf	end_marker:1;literal_run_extended:2779;literal_run_short:28141;match_10_to_1f_extended:19;match_10_to_1f_short:4851;match_20_to_3f_extended:95;match_20_to_3f_short:21920;match_40_to_ff:120870;trailing_literal_0:109809;trailing_literal_1:16524;trailing_literal_2:14842;trailing_literal_3:6579
20	2	21	cm_generation_chunk	5	0x82D5E6	0xB72B3E	u32_compressed_in_8_byte_table_entry,sequential_payload	679046	1025768	1024768	1024768	0	00426FDB	ignores_return_and_actual_output_size;writes_min_remaining_chunk_prefix	0	0	1	5fa2809c02d89abd0c662138a3f2443a8ccaa09192320f63419874f406a445ef	5fa2809c02d89abd0c662138a3f2443a8ccaa09192320f63419874f406a445ef	end_marker:1;literal_run_extended:3214;literal_run_short:23064;match_10_to_1f_extended:37;match_10_to_1f_short:3123;match_20_to_3f_extended:154;match_20_to_3f_short:24093;match_40_to_ff:115503;trailing_literal_0:108321;trailing_literal_1:16061;trailing_literal_2:12749;trailing_literal_3:5778
21	2	21	cm_generation_chunk	6	0x82D5EE	0xC187C4	u32_compressed_in_8_byte_table_entry,sequential_payload	622395	1025768	1024768	1024768	0	00426FDB	ignores_return_and_actual_output_size;writes_min_remaining_chunk_prefix	0	0	1	2ff661e8a1d4b3dee8a1278405c32f77b34f9e34e749532345ddd86a501115c5	2ff661e8a1d4b3dee8a1278405c32f77b34f9e34e749532345ddd86a501115c5	end_marker:1;literal_run_extended:2366;literal_run_short:20990;match_10_to_1f_extended:48;match_10_to_1f_short:5378;match_20_to_3f_extended:378;match_20_to_3f_short:26756;match_40_to_ff:108345;trailing_literal_0:109374;trailing_literal_1:14920;trailing_literal_2:11600;trailing_literal_3:5010
22	2	21	cm_generation_chunk	7	0x82D5F6	0xCB06FF	u32_compressed_in_8_byte_table_entry,sequential_payload	645296	1025768	1024768	1024768	0	00426FDB	ignores_return_and_actual_output_size;writes_min_remaining_chunk_prefix	0	0	1	efe8f810271aedfbfadb7555171ca164c5f13ad7bd140385d454bfb2cc87ff8d	efe8f810271aedfbfadb7555171ca164c5f13ad7bd140385d454bfb2cc87ff8d	end_marker:1;literal_run_extended:2309;literal_run_short:21839;match_10_to_1f_extended:36;match_10_to_1f_short:6926;match_20_to_3f_extended:309;match_20_to_3f_short:22100;match_40_to_ff:115757;trailing_literal_0:107113;trailing_literal_1:18247;trailing_literal_2:13098;trailing_literal_3:6669
23	2	21	cm_generation_chunk	8	0x82D5FE	0xD4DFAF	u32_compressed_in_8_byte_table_entry,sequential_payload	679538	1025768	1024768	1024768	0	00426FDB	ignores_return_and_actual_output_size;writes_min_remaining_chunk_prefix	0	0	1	8b8d98363555e1393e7261160d4d8c2fa17fa620e5c73603c98aba0e1bbf10a2	8b8d98363555e1393e7261160d4d8c2fa17fa620e5c73603c98aba0e1bbf10a2	end_marker:1;literal_run_extended:2830;literal_run_short:24865;match_10_to_1f_extended:178;match_10_to_1f_short:7507;match_20_to_3f_extended:345;match_20_to_3f_short:27601;match_40_to_ff:103694;trailing_literal_0:105031;trailing_literal_1:14550;trailing_literal_2:14050;trailing_literal_3:5693
24	2	21	cm_generation_chunk	9	0x82D606	0xDF3E21	u32_compressed_in_8_byte_table_entry,sequential_payload	620119	1025768	1024768	1024768	0	00426FDB	ignores_return_and_actual_output_size;writes_min_remaining_chunk_prefix	0	0	1	b0f2078101b993161ff48347da4548b3d9c7faf7106d37e6a00c23b4c3457999	b0f2078101b993161ff48347da4548b3d9c7faf7106d37e6a00c23b4c3457999	end_marker:1;literal_run_extended:1332;literal_run_short:20486;match_10_to_1f_extended:126;match_10_to_1f_short:9824;match_20_to_3f_extended:294;match_20_to_3f_short:30021;match_40_to_ff:115609;trailing_literal_0:119569;trailing_literal_1:17514;trailing_literal_2:12909;trailing_literal_3:5881
25	2	21	cm_generation_chunk	10	0x82D60E	0xE8B478	u32_compressed_in_8_byte_table_entry,sequential_payload	513948	1025768	1024768	1024768	0	00426FDB	ignores_return_and_actual_output_size;writes_min_remaining_chunk_prefix	0	0	1	1525bcd12aeaf975f3747eb535d52bb3000ed09310bc2412e2f051b3930241a1	1525bcd12aeaf975f3747eb535d52bb3000ed09310bc2412e2f051b3930241a1	end_marker:1;literal_run_extended:601;literal_run_short:11603;match_10_to_1f_extended:268;match_10_to_1f_short:11494;match_20_to_3f_extended:232;match_20_to_3f_short:28493;match_40_to_ff:118061;trailing_literal_0:130948;trailing_literal_1:14316;trailing_literal_2:9867;trailing_literal_3:3416
26	2	21	cm_generation_chunk	11	0x82D616	0xF08C14	u32_compressed_in_8_byte_table_entry,sequential_payload	567202	1025768	1024768	1024768	0	00426FDB	ignores_return_and_actual_output_size;writes_min_remaining_chunk_prefix	0	0	1	c340679cc48d8b8d6f15c16792b1db68753f0f6adda6dcafbf7b649be7427b55	c340679cc48d8b8d6f15c16792b1db68753f0f6adda6dcafbf7b649be7427b55	end_marker:1;literal_run_extended:1257;literal_run_short:17030;match_10_to_1f_extended:128;match_10_to_1f_short:9596;match_20_to_3f_extended:418;match_20_to_3f_short:25830;match_40_to_ff:112615;trailing_literal_0:115149;trailing_literal_1:16430;trailing_literal_2:11552;trailing_literal_3:5455
27	2	21	cm_generation_chunk	12	0x82D61E	0xF933B6	u32_compressed_in_8_byte_table_entry,sequential_payload	528591	1025768	1024768	1024768	0	00426FDB	ignores_return_and_actual_output_size;writes_min_remaining_chunk_prefix	0	0	1	2d523099d7cb7a26565bc4c112ed81e5470fcc9f8a44a17e30f3fd181b956a46	2d523099d7cb7a26565bc4c112ed81e5470fcc9f8a44a17e30f3fd181b956a46	end_marker:1;literal_run_extended:892;literal_run_short:12529;match_10_to_1f_extended:181;match_10_to_1f_short:9386;match_20_to_3f_extended:509;match_20_to_3f_short:30819;match_40_to_ff:114543;trailing_literal_0:125206;trailing_literal_1:15061;trailing_literal_2:10836;trailing_literal_3:4334
28	2	21	cm_generation_chunk	13	0x82D626	0x1014485	u32_compressed_in_8_byte_table_entry,sequential_payload	509067	1025768	1024768	1024768	0	00426FDB	ignores_return_and_actual_output_size;writes_min_remaining_chunk_prefix	0	0	1	d70de3023787ca2405da10c467507fd62fa199f4aa31b21815c9a5d25c8a01d4	d70de3023787ca2405da10c467507fd62fa199f4aa31b21815c9a5d25c8a01d4	end_marker:1;literal_run_extended:590;literal_run_short:11426;match_10_to_1f_extended:297;match_10_to_1f_short:11553;match_20_to_3f_extended:242;match_20_to_3f_short:27904;match_40_to_ff:118553;trailing_literal_0:131729;trailing_literal_1:13666;trailing_literal_2:9770;trailing_literal_3:3383
29	2	21	cm_generation_chunk	14	0x82D62E	0x1090910	u32_compressed_in_8_byte_table_entry,sequential_payload	550580	1025768	1024768	1024768	0	00426FDB	ignores_return_and_actual_output_size;writes_min_remaining_chunk_prefix	0	0	1	c67fa66f7472ed999b2a662ccd92ab64d333c9853195a3f3b6c48455ab8d4c35	c67fa66f7472ed999b2a662ccd92ab64d333c9853195a3f3b6c48455ab8d4c35	end_marker:1;literal_run_extended:1213;literal_run_short:15789;match_10_to_1f_extended:169;match_10_to_1f_short:9169;match_20_to_3f_extended:456;match_20_to_3f_short:25714;match_40_to_ff:111454;trailing_literal_0:115293;trailing_literal_1:15738;trailing_literal_2:10888;trailing_literal_3:5042
30	2	21	cm_generation_chunk	15	0x82D636	0x1116FC4	u32_compressed_in_8_byte_table_entry,sequential_payload	215583	1025768	447232	1024768	577536	00426FDB	ignores_return_and_actual_output_size;writes_min_remaining_chunk_prefix	0	0	1	2ddbda427670fa4cf4111b23341b3496ba71b253c4362c3bc40cdd9eb4e38224	2433f6082f5a94de8f3a150a8390acf8a118a66076cb7f65d991c8328b4b5168	end_marker:1;literal_run_extended:778;literal_run_short:5731;match_10_to_1f_extended:161;match_10_to_1f_short:4931;match_20_to_3f_extended:517;match_20_to_3f_short:11843;match_40_to_ff:36020;trailing_literal_0:45046;trailing_literal_1:3578;trailing_literal_2:3575;trailing_literal_3:1272
31	3	20	surface_grid	0	0x11C0DDF	0x11C0DE3	u32_compressed_before_payload,u32_post_payload_record_count	11587	120000	120000	120000	0	00426182	ignores_return_and_actual_output_size	0	0	1	5dc7e7b1efe08cd1b1cc6aa466441af5e5ae7cd1459675699a6686b1dbd8c4f4	5dc7e7b1efe08cd1b1cc6aa466441af5e5ae7cd1459675699a6686b1dbd8c4f4	end_marker:1;literal_run_short:24;match_10_to_1f_extended:7;match_10_to_1f_short:24;match_20_to_3f_extended:942;match_20_to_3f_short:1177;match_40_to_ff:1959;trailing_literal_0:4024;trailing_literal_1:62;trailing_literal_2:19;trailing_literal_3:3
32	3	20	cm_generation_chunk	0	0x12FBEB5	0x12FC041	u32_compressed_in_8_byte_table_entry,sequential_payload	558314	1025768	1024768	1024768	0	00426FDB	ignores_return_and_actual_output_size;writes_min_remaining_chunk_prefix	0	0	1	5dad3160fed5e9c8d8929092e2c55afbd3741c1772bcdf29b30172f873bbbb11	5dad3160fed5e9c8d8929092e2c55afbd3741c1772bcdf29b30172f873bbbb11	end_marker:1;literal_run_extended:781;literal_run_short:19458;match_10_to_1f_extended:69;match_10_to_1f_short:6117;match_20_to_3f_extended:492;match_20_to_3f_short:26527;match_40_to_ff:114453;trailing_literal_0:116153;trailing_literal_1:13166;trailing_literal_2:13578;trailing_literal_3:4760
33	3	20	cm_generation_chunk	1	0x12FBEBD	0x138452B	u32_compressed_in_8_byte_table_entry,sequential_payload	655490	1025768	1024768	1024768	0	00426FDB	ignores_return_and_actual_output_size;writes_min_remaining_chunk_prefix	0	0	1	0651a8baae2c58f12950b45c3183e21a302ea890006333420fa2a184b11e587e	0651a8baae2c58f12950b45c3183e21a302ea890006333420fa2a184b11e587e	end_marker:1;literal_run_extended:1457;literal_run_short:24966;match_10_to_1f_extended:25;match_10_to_1f_short:6453;match_20_to_3f_extended:205;match_20_to_3f_short:19953;match_40_to_ff:129548;trailing_literal_0:114236;trailing_literal_1:19727;trailing_literal_2:14814;trailing_literal_3:7406
34	3	20	cm_generation_chunk	2	0x12FBEC5	0x14245AD	u32_compressed_in_8_byte_table_entry,sequential_payload	668647	1025768	1024768	1024768	0	00426FDB	ignores_return_and_actual_output_size;writes_min_remaining_chunk_prefix	0	0	1	277e1ff6e29a2e5198390b91e6f5a0ce82c47b6428e878c103986fafa89cc1cf	277e1ff6e29a2e5198390b91e6f5a0ce82c47b6428e878c103986fafa89cc1cf	end_marker:1;literal_run_extended:1765;literal_run_short:26151;match_10_to_1f_extended:31;match_10_to_1f_short:8578;match_20_to_3f_extended:285;match_20_to_3f_short:22843;match_40_to_ff:117936;trailing_literal_0:110596;trailing_literal_1:16826;trailing_literal_2:15709;trailing_literal_3:6541
35	3	20	cm_generation_chunk	3	0x12FBECD	0x14C7994	u32_compressed_in_8_byte_table_entry,sequential_payload	596443	1025768	1024768	1024768	0	00426FDB	ignores_return_and_actual_output_size;writes_min_remaining_chunk_prefix	0	0	1	7cbfc1304c02a8d96c1fbde0122013aa79e0a38c2ee539445c4237c52a049051	7cbfc1304c02a8d96c1fbde0122013aa79e0a38c2ee539445c4237c52a049051	end_marker:1;literal_run_extended:1095;literal_run_short:22959;match_10_to_1f_extended:57;match_10_to_1f_short:8311;match_20_to_3f_extended:656;match_20_to_3f_short:22900;match_40_to_ff:111869;trailing_literal_0:108492;trailing_literal_1:15241;trailing_literal_2:14347;trailing_literal_3:5712
36	3	20	cm_generation_chunk	4	0x12FBED5	0x155936F	u32_compressed_in_8_byte_table_entry,sequential_payload	674809	1025768	1024768	1024768	0	00426FDB	ignores_return_and_actual_output_size;writes_min_remaining_chunk_prefix	0	0	1	067039fc2396b4d149c7af5d3d977b56362aec13b7c68da5de31bc97c1bb30bb	067039fc2396b4d149c7af5d3d977b56362aec13b7c68da5de31bc97c1bb30bb	end_marker:1;literal_run_extended:1044;literal_run_short:26992;match_10_to_1f_extended:22;match_10_to_1f_short:8606;match_20_to_3f_extended:219;match_20_to_3f_short:24683;match_40_to_ff:127399;trailing_literal_0:116027;trailing_literal_1:19379;trailing_literal_2:18159;trailing_literal_3:7363
37	3	20	cm_generation_chunk	5	0x12FBEDD	0x15FDF68	u32_compressed_in_8_byte_table_entry,sequential_payload	676068	1025768	1024768	1024768	0	00426FDB	ignores_return_and_actual_output_size;writes_min_remaining_chunk_prefix	0	0	1	5f9ea36b8c68cbd6aaac49db7114d40fb7c3e263f78ac4a1210d697668320cf5	5f9ea36b8c68cbd6aaac49db7114d40fb7c3e263f78ac4a1210d697668320cf5	end_marker:1;literal_run_extended:1327;literal_run_short:26360;match_10_to_1f_extended:64;match_10_to_1f_short:10757;match_20_to_3f_extended:297;match_20_to_3f_short:30211;match_40_to_ff:115162;trailing_literal_0:113869;trailing_literal_1:18173;trailing_literal_2:17713;trailing_literal_3:6735
38	3	20	cm_generation_chunk	6	0x12FBEE5	0x16A304C	u32_compressed_in_8_byte_table_entry,sequential_payload	715922	1025768	1024768	1024768	0	00426FDB	ignores_return_and_actual_output_size;writes_min_remaining_chunk_prefix	0	0	1	698995b539bc21a2a2fdb6c08f023b371b71a60ce8b9be87b6214a36f5ebcb54	698995b539bc21a2a2fdb6c08f023b371b71a60ce8b9be87b6214a36f5ebcb54	end_marker:1;literal_run_extended:848;literal_run_short:26517;match_10_to_1f_extended:21;match_10_to_1f_short:22113;match_20_to_3f_extended:35;match_20_to_3f_short:40360;match_40_to_ff:112067;trailing_literal_0:129310;trailing_literal_1:17405;trailing_literal_2:21702;trailing_literal_3:6178
39	3	20	cm_generation_chunk	7	0x12FBEED	0x1751CDE	u32_compressed_in_8_byte_table_entry,sequential_payload	745924	1025768	1024768	1024768	0	00426FDB	ignores_return_and_actual_output_size;writes_min_remaining_chunk_prefix	0	0	1	b270af1bd1535cdcd8a0f34522d5648a6be41a55df71617eac317639745e1026	b270af1bd1535cdcd8a0f34522d5648a6be41a55df71617eac317639745e1026	end_marker:1;literal_run_extended:1099;literal_run_short:27771;match_10_to_1f_extended:22;match_10_to_1f_short:23073;match_20_to_3f_extended:35;match_20_to_3f_short:47246;match_40_to_ff:104846;trailing_literal_0:128944;trailing_literal_1:16865;trailing_literal_2:23180;trailing_literal_3:6232
40	3	20	cm_generation_chunk	8	0x12FBEF5	0x1807EA2	u32_compressed_in_8_byte_table_entry,sequential_payload	720432	1025768	1024768	1024768	0	00426FDB	ignores_return_and_actual_output_size;writes_min_remaining_chunk_prefix	0	0	1	38dfe2e0fca18813682cd9279beddc28019593b66b9f4582e8102bcef6b56936	38dfe2e0fca18813682cd9279beddc28019593b66b9f4582e8102bcef6b56936	end_marker:1;literal_run_extended:1730;literal_run_short:29900;match_10_to_1f_extended:19;match_10_to_1f_short:9481;match_20_to_3f_extended:74;match_20_to_3f_short:22623;match_40_to_ff:127149;trailing_literal_0:115581;trailing_literal_1:18939;trailing_literal_2:17456;trailing_literal_3:7369
41	3	20	cm_generation_chunk	9	0x12FBEFD	0x18B7CD2	u32_compressed_in_8_byte_table_entry,sequential_payload	647826	1025768	1024768	1024768	0	00426FDB	ignores_return_and_actual_output_size;writes_min_remaining_chunk_prefix	0	0	1	cde2258adfa763d967ad7d06ce381406eeddd33200ec82380150593ff203203a	cde2258adfa763d967ad7d06ce381406eeddd33200ec82380150593ff203203a	end_marker:1;literal_run_extended:1022;literal_run_short:23539;match_10_to_1f_extended:69;match_10_to_1f_short:9017;match_20_to_3f_extended:270;match_20_to_3f_short:23606;match_40_to_ff:130316;trailing_literal_0:120257;trailing_literal_1:19439;trailing_literal_2:16676;trailing_literal_3:6905
42	3	20	cm_generation_chunk	10	0x12FBF05	0x1955F64	u32_compressed_in_8_byte_table_entry,sequential_payload	676871	1025768	1024768	1024768	0	00426FDB	ignores_return_and_actual_output_size;writes_min_remaining_chunk_prefix	0	0	1	4092baae60232daba4c4f1cc368cd32dd458dd4e249ac79bb13a1125860e9baf	4092baae60232daba4c4f1cc368cd32dd458dd4e249ac79bb13a1125860e9baf	end_marker:1;literal_run_extended:1154;literal_run_short:26362;match_10_to_1f_extended:38;match_10_to_1f_short:10963;match_20_to_3f_extended:107;match_20_to_3f_short:22510;match_40_to_ff:129248;trailing_literal_0:119856;trailing_literal_1:19128;trailing_literal_2:16612;trailing_literal_3:7269
43	3	20	cm_generation_chunk	11	0x12FBF0D	0x19FB36B	u32_compressed_in_8_byte_table_entry,sequential_payload	675269	1025768	1024768	1024768	0	00426FDB	ignores_return_and_actual_output_size;writes_min_remaining_chunk_prefix	0	0	1	149db333f429cb201648af84d404655921c275d928987fbad44372f41ecadfc6	149db333f429cb201648af84d404655921c275d928987fbad44372f41ecadfc6	end_marker:1;literal_run_extended:1301;literal_run_short:25154;match_10_to_1f_extended:24;match_10_to_1f_short:11998;match_20_to_3f_extended:193;match_20_to_3f_short:24553;match_40_to_ff:126408;trailing_literal_0:119311;trailing_literal_1:19763;trailing_literal_2:16853;trailing_literal_3:7248
44	3	20	cm_generation_chunk	12	0x12FBF15	0x1AA0130	u32_compressed_in_8_byte_table_entry,sequential_payload	715693	1025768	1024768	1024768	0	00426FDB	ignores_return_and_actual_output_size;writes_min_remaining_chunk_prefix	0	0	1	9b65d4503ac2ef7e13edf349eac7b3aaa24f769353daafb1160ee61f559c05e9	9b65d4503ac2ef7e13edf349eac7b3aaa24f769353daafb1160ee61f559c05e9	end_marker:1;literal_run_extended:1789;literal_run_short:28315;match_10_to_1f_extended:29;match_10_to_1f_short:11633;match_20_to_3f_extended:61;match_20_to_3f_short:26092;match_40_to_ff:120776;trailing_literal_0:114170;trailing_literal_1:18980;trailing_literal_2:18015;trailing_literal_3:7425
45	3	20	cm_generation_chunk	13	0x12FBF1D	0x1B4ECDD	u32_compressed_in_8_byte_table_entry,sequential_payload	724447	1025768	1024768	1024768	0	00426FDB	ignores_return_and_actual_output_size;writes_min_remaining_chunk_prefix	0	0	1	948b4fee9537b53aa27e605b2c4fc5c349e81113d2fe0dfcdeb9e1f126f4ef37	948b4fee9537b53aa27e605b2c4fc5c349e81113d2fe0dfcdeb9e1f126f4ef37	end_marker:1;literal_run_extended:1625;literal_run_short:29659;match_10_to_1f_extended:27;match_10_to_1f_short:14606;match_20_to_3f_extended:107;match_20_to_3f_short:28851;match_40_to_ff:115213;trailing_literal_0:113847;trailing_literal_1:19074;trailing_literal_2:18628;trailing_literal_3:7254
46	3	20	cm_generation_chunk	14	0x12FBF25	0x1BFFABC	u32_compressed_in_8_byte_table_entry,sequential_payload	643313	1025768	1024768	1024768	0	00426FDB	ignores_return_and_actual_output_size;writes_min_remaining_chunk_prefix	0	0	1	5c2f1b49d2af4f80bbb95511658ed46822ff7b21a38321b1ef018e9b9c090ce2	5c2f1b49d2af4f80bbb95511658ed46822ff7b21a38321b1ef018e9b9c090ce2	end_marker:1;literal_run_extended:1134;literal_run_short:23845;match_10_to_1f_extended:91;match_10_to_1f_short:11802;match_20_to_3f_extended:375;match_20_to_3f_short:28795;match_40_to_ff:115005;trailing_literal_0:117247;trailing_literal_1:16462;trailing_literal_2:16332;trailing_literal_3:6026
47	3	20	cm_generation_chunk	15	0x12FBF2D	0x1C9CBAD	u32_compressed_in_8_byte_table_entry,sequential_payload	452834	1025768	1024768	1024768	0	00426FDB	ignores_return_and_actual_output_size;writes_min_remaining_chunk_prefix	0	0	1	bb86f6c7d64e35448e225a1b6ed7a81721ae6569f08e5d13e974300bd3d2ef74	bb86f6c7d64e35448e225a1b6ed7a81721ae6569f08e5d13e974300bd3d2ef74	end_marker:1;literal_run_extended:456;literal_run_short:10600;match_10_to_1f_extended:448;match_10_to_1f_short:10574;match_20_to_3f_extended:819;match_20_to_3f_short:32521;match_40_to_ff:92583;trailing_literal_0:115094;trailing_literal_1:10061;trailing_literal_2:8875;trailing_literal_3:2914
48	3	20	cm_generation_chunk	16	0x12FBF35	0x1D0B48F	u32_compressed_in_8_byte_table_entry,sequential_payload	411739	1025768	1024768	1024768	0	00426FDB	ignores_return_and_actual_output_size;writes_min_remaining_chunk_prefix	0	0	1	8c0aad5cabed1510c2bfb340520ce98378191a3ab83948ce88b3d868745f1d0f	8c0aad5cabed1510c2bfb340520ce98378191a3ab83948ce88b3d868745f1d0f	end_marker:1;literal_run_extended:317;literal_run_short:8087;match_10_to_1f_extended:504;match_10_to_1f_short:10142;match_20_to_3f_extended:1053;match_20_to_3f_short:30980;match_40_to_ff:90166;trailing_literal_0:115114;trailing_literal_1:7999;trailing_literal_2:7457;trailing_literal_3:2274
49	3	20	cm_generation_chunk	17	0x12FBF3D	0x1D6FCEA	u32_compressed_in_8_byte_table_entry,sequential_payload	459255	1025768	1024768	1024768	0	00426FDB	ignores_return_and_actual_output_size;writes_min_remaining_chunk_prefix	0	0	1	0564c613eea5a33338d23b49a89e77b4a5a1f8222420bd21c34150e3c70d950d	0564c613eea5a33338d23b49a89e77b4a5a1f8222420bd21c34150e3c70d950d	end_marker:1;literal_run_extended:431;literal_run_short:10538;match_10_to_1f_extended:488;match_10_to_1f_short:12481;match_20_to_3f_extended:746;match_20_to_3f_short:31197;match_40_to_ff:95365;trailing_literal_0:118263;trailing_literal_1:10078;trailing_literal_2:9031;trailing_literal_3:2904
50	3	20	cm_generation_chunk	18	0x12FBF45	0x1DDFEE1	u32_compressed_in_8_byte_table_entry,sequential_payload	220263	1025768	489984	1024768	534784	00426FDB	ignores_return_and_actual_output_size;writes_min_remaining_chunk_prefix	0	0	1	c8ff272f7b79825c74bc69b18054902c75f21e5456cf451973ef69f8ae8b9d1b	972b9b979d10c253590f11406e5a13a5ba26f02efd823e53fcb3ef9ec1192ae9	end_marker:1;literal_run_extended:302;literal_run_short:5751;match_10_to_1f_extended:85;match_10_to_1f_short:3724;match_20_to_3f_extended:520;match_20_to_3f_short:15521;match_40_to_ff:41865;trailing_literal_0:50935;trailing_literal_1:4958;trailing_literal_2:4198;trailing_literal_3:1623
51	4	23	surface_grid	0	0x1E440E0	0x1E440E4	u32_compressed_before_payload,u32_post_payload_record_count	7227	63200	63200	63200	0	00426182	ignores_return_and_actual_output_size	0	0	1	94d6a622f0b255c1662afe2c1396df43da12f6eec7fd415c6081b8622c81b606	94d6a622f0b255c1662afe2c1396df43da12f6eec7fd415c6081b8622c81b606	end_marker:1;literal_run_short:12;match_10_to_1f_extended:7;match_10_to_1f_short:10;match_20_to_3f_extended:452;match_20_to_3f_short:718;match_40_to_ff:1516;trailing_literal_0:2647;trailing_literal_1:37;trailing_literal_2:11;trailing_literal_3:7
52	4	23	cm_generation_chunk	0	0x1F7C38C	0x1F7C518	u32_compressed_in_8_byte_table_entry,sequential_payload	683050	1025768	1024768	1024768	0	00426FDB	ignores_return_and_actual_output_size;writes_min_remaining_chunk_prefix	0	0	1	35b83398cd253841993b2ba0431dc7998e7cf4b8f120688787bc8416687c0b5e	35b83398cd253841993b2ba0431dc7998e7cf4b8f120688787bc8416687c0b5e	end_marker:1;literal_run_extended:1446;literal_run_short:28285;match_10_to_1f_extended:234;match_10_to_1f_short:12364;match_20_to_3f_extended:291;match_20_to_3f_short:22906;match_40_to_ff:115143;trailing_literal_0:106429;trailing_literal_1:19792;trailing_literal_2:16813;trailing_literal_3:7903
53	4	23	cm_generation_chunk	1	0x1F7C394	0x2023142	u32_compressed_in_8_byte_table_entry,sequential_payload	626694	1025768	1024768	1024768	0	00426FDB	ignores_return_and_actual_output_size;writes_min_remaining_chunk_prefix	0	0	1	8798fb8a6ab6c399c76c2c0637de5c90639e0a05facc820cd4637c7f5eeb9688	8798fb8a6ab6c399c76c2c0637de5c90639e0a05facc820cd4637c7f5eeb9688	end_marker:1;literal_run_extended:2218;literal_run_short:24746;match_10_to_1f_extended:114;match_10_to_1f_short:9443;match_20_to_3f_extended:741;match_20_to_3f_short:19341;match_40_to_ff:100408;trailing_literal_0:96137;trailing_literal_1:15301;trailing_literal_2:12254;trailing_literal_3:6354
54	4	23	cm_generation_chunk	2	0x1F7C39C	0x20BC148	u32_compressed_in_8_byte_table_entry,sequential_payload	448328	1025768	1024768	1024768	0	00426FDB	ignores_return_and_actual_output_size;writes_min_remaining_chunk_prefix	0	0	1	f48268412e630492ce6aeff871d39f7a15a1459e58f9b1c835c0000bea4e9b39	f48268412e630492ce6aeff871d39f7a15a1459e58f9b1c835c0000bea4e9b39	end_marker:1;literal_run_extended:1149;literal_run_short:13974;match_10_to_1f_extended:216;match_10_to_1f_short:6456;match_20_to_3f_extended:1565;match_20_to_3f_short:24543;match_40_to_ff:80133;trailing_literal_0:91292;trailing_literal_1:10063;trailing_literal_2:7812;trailing_literal_3:3745
55	4	23	cm_generation_chunk	3	0x1F7C3A4	0x2129890	u32_compressed_in_8_byte_table_entry,sequential_payload	567023	1025768	1024768	1024768	0	00426FDB	ignores_return_and_actual_output_size;writes_min_remaining_chunk_prefix	0	0	1	fd8fa3e7629638ab29991a3ec52f4c06f8698f4563a9ce791ddb6a85661ba6ca	fd8fa3e7629638ab29991a3ec52f4c06f8698f4563a9ce791ddb6a85661ba6ca	end_marker:1;literal_run_extended:2469;literal_run_short:18814;match_10_to_1f_extended:142;match_10_to_1f_short:9417;match_20_to_3f_extended:1001;match_20_to_3f_short:19800;match_40_to_ff:92516;trailing_literal_0:95267;trailing_literal_1:12875;trailing_literal_2:10014;trailing_literal_3:4719
56	4	23	cm_generation_chunk	4	0x1F7C3AC	0x21B3F7F	u32_compressed_in_8_byte_table_entry,sequential_payload	688487	1025768	1024768	1024768	0	00426FDB	ignores_return_and_actual_output_size;writes_min_remaining_chunk_prefix	0	0	1	e1e96dccae3962c9a4171c94daa60e8524497c8c8463d2c7447c5a207463e6ba	e1e96dccae3962c9a4171c94daa60e8524497c8c8463d2c7447c5a207463e6ba	end_marker:1;literal_run_extended:4074;literal_run_short:26857;match_10_to_1f_extended:89;match_10_to_1f_short:10639;match_20_to_3f_extended:619;match_20_to_3f_short:18165;match_40_to_ff:88655;trailing_literal_0:88123;trailing_literal_1:13480;trailing_literal_2:10747;trailing_literal_3:5816
57	4	23	cm_generation_chunk	5	0x1F7C3B4	0x225C0E6	u32_compressed_in_8_byte_table_entry,sequential_payload	676777	1025768	1024768	1024768	0	00426FDB	ignores_return_and_actual_output_size;writes_min_remaining_chunk_prefix	0	0	1	f126aeb61fc36ff95b38c14d1c4f17e51a2b975e1f95728c0d4b3f05c23cf55a	f126aeb61fc36ff95b38c14d1c4f17e51a2b975e1f95728c0d4b3f05c23cf55a	end_marker:1;literal_run_extended:2077;literal_run_short:28737;match_10_to_1f_extended:119;match_10_to_1f_short:14999;match_20_to_3f_extended:477;match_20_to_3f_short:19296;match_40_to_ff:101064;trailing_literal_0:97232;trailing_literal_1:17220;trailing_literal_2:13988;trailing_literal_3:7514
58	4	23	cm_generation_chunk	6	0x1F7C3BC	0x230148F	u32_compressed_in_8_byte_table_entry,sequential_payload	644596	1025768	1024768	1024768	0	00426FDB	ignores_return_and_actual_output_size;writes_min_remaining_chunk_prefix	0	0	1	76266403c10d81de1e54535be2a068a9faa1937cd4ed003d78b70df6860999a0	76266403c10d81de1e54535be2a068a9faa1937cd4ed003d78b70df6860999a0	end_marker:1;literal_run_extended:1801;literal_run_short:26363;match_10_to_1f_extended:59;match_10_to_1f_short:12399;match_20_to_3f_extended:506;match_20_to_3f_short:19747;match_40_to_ff:106004;trailing_literal_0:102237;trailing_literal_1:15698;trailing_literal_2:14307;trailing_literal_3:6472
59	4	23	cm_generation_chunk	7	0x1F7C3C4	0x239EA83	u32_compressed_in_8_byte_table_entry,sequential_payload	537781	1025768	1024768	1024768	0	00426FDB	ignores_return_and_actual_output_size;writes_min_remaining_chunk_prefix	0	0	1	10379190555d88f8c852b65d4ad45d8d788a92f0ad1aecd2728d3b37a44d2119	10379190555d88f8c852b65d4ad45d8d788a92f0ad1aecd2728d3b37a44d2119	end_marker:1;literal_run_extended:1428;literal_run_short:17094;match_10_to_1f_extended:149;match_10_to_1f_short:6868;match_20_to_3f_extended:763;match_20_to_3f_short:22893;match_40_to_ff:105626;trailing_literal_0:106754;trailing_literal_1:13661;trailing_literal_2:11110;trailing_literal_3:4773
60	4	23	cm_generation_chunk	8	0x1F7C3CC	0x2421F38	u32_compressed_in_8_byte_table_entry,sequential_payload	392160	1025768	1024768	1024768	0	00426FDB	ignores_return_and_actual_output_size;writes_min_remaining_chunk_prefix	0	0	1	378edcc4d3bf9672f4209e56ac1309a296954ceee46ee88784fd594065c3f4da	378edcc4d3bf9672f4209e56ac1309a296954ceee46ee88784fd594065c3f4da	end_marker:1;literal_run_extended:643;literal_run_short:8758;match_10_to_1f_extended:444;match_10_to_1f_short:12203;match_20_to_3f_extended:1698;match_20_to_3f_short:27044;match_40_to_ff:72686;trailing_literal_0:96099;trailing_literal_1:8444;trailing_literal_2:6850;trailing_literal_3:2681
61	4	23	cm_generation_chunk	9	0x1F7C3D4	0x2481B18	u32_compressed_in_8_byte_table_entry,sequential_payload	320632	1025768	1024768	1024768	0	00426FDB	ignores_return_and_actual_output_size;writes_min_remaining_chunk_prefix	0	0	1	04ac3284193b3c6ffa58f3dd8d8c18257ec66a2e0737c6bf44f5cc72d9721b0d	04ac3284193b3c6ffa58f3dd8d8c18257ec66a2e0737c6bf44f5cc72d9721b0d	end_marker:1;literal_run_extended:345;literal_run_short:5571;match_10_to_1f_extended:588;match_10_to_1f_short:7274;match_20_to_3f_extended:2085;match_20_to_3f_short:30054;match_40_to_ff:62518;trailing_literal_0:91549;trailing_literal_1:5108;trailing_literal_2:4543;trailing_literal_3:1318
62	4	23	cm_generation_chunk	10	0x1F7C3DC	0x24CFF90	u32_compressed_in_8_byte_table_entry,sequential_payload	421021	1025768	1024768	1024768	0	00426FDB	ignores_return_and_actual_output_size;writes_min_remaining_chunk_prefix	0	0	1	bb3fea717a7af3f5e53558d21029051970faeaf416eeb260c00afbbcf248434d	bb3fea717a7af3f5e53558d21029051970faeaf416eeb260c00afbbcf248434d	end_marker:1;literal_run_extended:575;literal_run_short:10164;match_10_to_1f_extended:460;match_10_to_1f_short:9897;match_20_to_3f_extended:1278;match_20_to_3f_short:26707;match_40_to_ff:85014;trailing_literal_0:101581;trailing_literal_1:11000;trailing_literal_2:7386;trailing_literal_3:3388
63	4	23	cm_generation_chunk	11	0x1F7C3E4	0x2536C2D	u32_compressed_in_8_byte_table_entry,sequential_payload	405662	1025768	1024768	1024768	0	00426FDB	ignores_return_and_actual_output_size;writes_min_remaining_chunk_prefix	0	0	1	b8b6f66c49a6b2fd041183afe5fedbb4227e32e7290ff1423de033b8576a3b0e	b8b6f66c49a6b2fd041183afe5fedbb4227e32e7290ff1423de033b8576a3b0e	end_marker:1;literal_run_extended:836;literal_run_short:8774;match_10_to_1f_extended:417;match_10_to_1f_short:11518;match_20_to_3f_extended:1594;match_20_to_3f_short:28852;match_40_to_ff:74267;trailing_literal_0:98538;trailing_literal_1:8441;trailing_literal_2:7078;trailing_literal_3:2590
64	4	23	cm_generation_chunk	12	0x1F7C3EC	0x2599CCB	u32_compressed_in_8_byte_table_entry,sequential_payload	330741	1025768	1024768	1024768	0	00426FDB	ignores_return_and_actual_output_size;writes_min_remaining_chunk_prefix	0	0	1	674a810719ffb6a5af1c2176b0aa386aa6c75b4507ede6fd38fa390f01c3eef3	674a810719ffb6a5af1c2176b0aa386aa6c75b4507ede6fd38fa390f01c3eef3	end_marker:1;literal_run_extended:275;literal_run_short:5688;match_10_to_1f_extended:672;match_10_to_1f_short:8268;match_20_to_3f_extended:1939;match_20_to_3f_short:28991;match_40_to_ff:67644;trailing_literal_0:95054;trailing_literal_1:5991;trailing_literal_2:4885;trailing_literal_3:1583
65	4	23	cm_generation_chunk	13	0x1F7C3F4	0x25EA8C0	u32_compressed_in_8_byte_table_entry,sequential_payload	407763	1025768	1024768	1024768	0	00426FDB	ignores_return_and_actual_output_size;writes_min_remaining_chunk_prefix	0	0	1	905dd6634bcfbc855b1e0a2b236295abb622b54d5fd2b599b68d9b843f2ac5c8	905dd6634bcfbc855b1e0a2b236295abb622b54d5fd2b599b68d9b843f2ac5c8	end_marker:1;literal_run_extended:584;literal_run_short:9871;match_10_to_1f_extended:368;match_10_to_1f_short:8265;match_20_to_3f_extended:1454;match_20_to_3f_short:28388;match_40_to_ff:80248;trailing_literal_0:98927;trailing_literal_1:9728;trailing_literal_2:6990;trailing_literal_3:3077
66	4	23	cm_generation_chunk	14	0x1F7C3FC	0x264E193	u32_compressed_in_8_byte_table_entry,sequential_payload	112304	1025768	284160	1024768	740608	00426FDB	ignores_return_and_actual_output_size;writes_min_remaining_chunk_prefix	0	0	1	f7cb20860eb3a96ee263af0bbcb8e71b26c6286213d6da7550bddd8aefa042ba	922566055f84975670cd3cf59ef8c0a42597f35f56f60a0a674ef56386251ebf	end_marker:1;literal_run_extended:162;literal_run_short:2145;match_10_to_1f_extended:154;match_10_to_1f_short:2556;match_20_to_3f_extended:357;match_20_to_3f_short:7391;match_40_to_ff:23580;trailing_literal_0:29104;trailing_literal_1:2547;trailing_literal_2:1687;trailing_literal_3:699
67	5	24	surface_grid	0	0x267983B	0x267983F	u32_compressed_before_payload,u32_post_payload_record_count	4178	65280	65280	65280	0	00426182	ignores_return_and_actual_output_size	0	0	1	494b2d48214848987bc3003a1926acf607a4e7647b6d25df3adf038cbadee66e	494b2d48214848987bc3003a1926acf607a4e7647b6d25df3adf038cbadee66e	end_marker:1;literal_run_short:10;match_10_to_1f_extended:3;match_10_to_1f_short:6;match_20_to_3f_extended:353;match_20_to_3f_short:445;match_40_to_ff:605;trailing_literal_0:1378;trailing_literal_1:26;trailing_literal_2:5;trailing_literal_3:2
68	5	24	cm_generation_chunk	0	0x26B2A52	0x26B2BDE	u32_compressed_in_8_byte_table_entry,sequential_payload	708674	1025768	1024768	1024768	0	00426FDB	ignores_return_and_actual_output_size;writes_min_remaining_chunk_prefix	0	0	1	e1c38917e20732c63ec039d9d216a6055eba795773467a8acc21d85e4c57cd1f	e1c38917e20732c63ec039d9d216a6055eba795773467a8acc21d85e4c57cd1f	end_marker:1;literal_run_extended:2492;literal_run_short:25166;match_10_to_1f_extended:232;match_10_to_1f_short:18250;match_20_to_3f_extended:114;match_20_to_3f_short:22305;match_40_to_ff:111120;trailing_literal_0:109521;trailing_literal_1:22364;trailing_literal_2:12484;trailing_literal_3:7651
69	5	24	cm_generation_chunk	1	0x26B2A5A	0x275FC20	u32_compressed_in_8_byte_table_entry,sequential_payload	704717	1025768	1024768	1024768	0	00426FDB	ignores_return_and_actual_output_size;writes_min_remaining_chunk_prefix	0	0	1	f3017089d620d6e287e53f392aa2861c0b8ff2e5d6da0c4d6fbaabe61ecca28a	f3017089d620d6e287e53f392aa2861c0b8ff2e5d6da0c4d6fbaabe61ecca28a	end_marker:1;literal_run_extended:3260;literal_run_short:25284;match_10_to_1f_extended:388;match_10_to_1f_short:16228;match_20_to_3f_extended:52;match_20_to_3f_short:17320;match_40_to_ff:106176;trailing_literal_0:104743;trailing_literal_1:18319;trailing_literal_2:10364;trailing_literal_3:6737
70	5	24	cm_generation_chunk	2	0x26B2A62	0x280BCED	u32_compressed_in_8_byte_table_entry,sequential_payload	635590	1025768	1024768	1024768	0	00426FDB	ignores_return_and_actual_output_size;writes_min_remaining_chunk_prefix	0	0	1	2f41d9f6d709e59dfd3c2fc8177cb0f11422dde12cc3c3e8057f61e0f3e73b21	2f41d9f6d709e59dfd3c2fc8177cb0f11422dde12cc3c3e8057f61e0f3e73b21	end_marker:1;literal_run_extended:1624;literal_run_short:21279;match_10_to_1f_extended:651;match_10_to_1f_short:18717;match_20_to_3f_extended:138;match_20_to_3f_short:20915;match_40_to_ff:110878;trailing_literal_0:114816;trailing_literal_1:19245;trailing_literal_2:10594;trailing_literal_3:6643
71	5	24	cm_generation_chunk	3	0x26B2A6A	0x28A6FB3	u32_compressed_in_8_byte_table_entry,sequential_payload	397567	1025768	632576	1024768	392192	00426FDB	ignores_return_and_actual_output_size;writes_min_remaining_chunk_prefix	0	0	1	1f881fdb241025e466929590d1c02f16d1da6cb84a02bb33c16bc6e22bcc1909	69dfb5fc6b2ba1f5de75a2720c05435c9f126d66a95896c95946c576e86112c8	end_marker:1;literal_run_extended:867;literal_run_short:15138;match_10_to_1f_extended:217;match_10_to_1f_short:9731;match_20_to_3f_extended:134;match_20_to_3f_short:9933;match_40_to_ff:70984;trailing_literal_0:67214;trailing_literal_1:12595;trailing_literal_2:6852;trailing_literal_3:4337
72	6	25	surface_grid	0	0x290B1AA	0x290B1AE	u32_compressed_before_payload,u32_post_payload_record_count	1273	12288	12288	12288	0	00426182	ignores_return_and_actual_output_size	0	0	1	e13891487adc4c71c4c9df1e07e0a6987300e482aa745cc7062cc99c7bf3bbcd	e13891487adc4c71c4c9df1e07e0a6987300e482aa745cc7062cc99c7bf3bbcd	end_marker:1;literal_run_short:4;match_10_to_1f_short:1;match_20_to_3f_extended:95;match_20_to_3f_short:120;match_40_to_ff:238;trailing_literal_0:432;trailing_literal_1:18;trailing_literal_2:2;trailing_literal_3:1
73	6	25	cm_generation_chunk	0	0x29178A3	0x2917A2F	u32_compressed_in_8_byte_table_entry,sequential_payload	466250	1025768	808448	1024768	216320	00426FDB	ignores_return_and_actual_output_size;writes_min_remaining_chunk_prefix	0	0	1	c03f2f81153e0714219e66a982cc3b344ad051bf1bff32d9e86cd2e6dc840c7d	116cab1ad8783a45c32b1b7874e3c18fce2bcc2f90291df0c2a6ae67cbc42f8b	end_marker:1;literal_run_extended:1185;literal_run_short:15867;match_10_to_1f_extended:198;match_10_to_1f_short:12346;match_20_to_3f_extended:340;match_20_to_3f_short:18498;match_40_to_ff:81898;trailing_literal_0:90772;trailing_literal_1:11023;trailing_literal_2:7135;trailing_literal_3:4349
74	7	26	surface_grid	0	0x298C871	0x298C875	u32_compressed_before_payload,u32_post_payload_record_count	1276	12288	12288	12288	0	00426182	ignores_return_and_actual_output_size	0	0	1	00af4d40533680af55a89f6c52db07cf88f430b891f3d0bcdabbc74ce7b5d6e0	00af4d40533680af55a89f6c52db07cf88f430b891f3d0bcdabbc74ce7b5d6e0	end_marker:1;literal_run_short:3;match_10_to_1f_short:1;match_20_to_3f_extended:103;match_20_to_3f_short:118;match_40_to_ff:234;trailing_literal_0:441;trailing_literal_1:12;trailing_literal_2:2
75	7	26	cm_generation_chunk	0	0x2998796	0x2998922	u32_compressed_in_8_byte_table_entry,sequential_payload	399485	1025768	700928	1024768	323840	00426FDB	ignores_return_and_actual_output_size;writes_min_remaining_chunk_prefix	0	0	1	24e94ce54128c53815150c41b69dd0fb27f5c3738102ff5834a5b5c4eb24a7d0	854b3dc30739b10a68c5846f997d49c5271e7df197873c62a49c193b93bc023d	end_marker:1;literal_run_extended:1075;literal_run_short:13755;match_10_to_1f_extended:219;match_10_to_1f_short:10191;match_20_to_3f_extended:378;match_20_to_3f_short:17359;match_40_to_ff:66148;trailing_literal_0:74088;trailing_literal_1:9866;trailing_literal_2:6358;trailing_literal_3:3982
76	8	27	surface_grid	0	0x29FD297	0x29FD29B	u32_compressed_before_payload,u32_post_payload_record_count	1115	12288	12288	12288	0	00426182	ignores_return_and_actual_output_size	0	0	1	13ffd17291e059b07dc607bc7acc5aa446793785aa2773068de2d3a522268fee	13ffd17291e059b07dc607bc7acc5aa446793785aa2773068de2d3a522268fee	end_marker:1;literal_run_short:1;match_10_to_1f_short:1;match_20_to_3f_extended:68;match_20_to_3f_short:141;match_40_to_ff:189;trailing_literal_0:387;trailing_literal_1:8;trailing_literal_2:2;trailing_literal_3:1
77	8	27	cm_generation_chunk	0	0x2A02F59	0x2A030E5	u32_compressed_in_8_byte_table_entry,sequential_payload	393832	1025768	537088	1024768	487680	00426FDB	ignores_return_and_actual_output_size;writes_min_remaining_chunk_prefix	0	0	1	b88ca4aa7d8793b37622b10855ef40365542f4c837650e77204b8fccf619a7fa	ff331645fdceb1e4910cd8abb09d2418ca5c94890cb9c78d54cc0564fb477a12	end_marker:1;literal_run_extended:2320;literal_run_short:14582;match_10_to_1f_extended:180;match_10_to_1f_short:8292;match_20_to_3f_extended:125;match_20_to_3f_short:10486;match_40_to_ff:47124;trailing_literal_0:48031;trailing_literal_1:8938;trailing_literal_2:5581;trailing_literal_3:3656
78	9	28	surface_grid	0	0x2A66445	0x2A66449	u32_compressed_before_payload,u32_post_payload_record_count	1301	12288	12288	12288	0	00426182	ignores_return_and_actual_output_size	0	0	1	af078497504e7d12a19a68b9554685d049dc166fafa65c0eae260d71786ecc22	af078497504e7d12a19a68b9554685d049dc166fafa65c0eae260d71786ecc22	end_marker:1;literal_run_short:3;match_10_to_1f_short:1;match_20_to_3f_extended:88;match_20_to_3f_short:125;match_40_to_ff:258;trailing_literal_0:453;trailing_literal_1:12;trailing_literal_2:5;trailing_literal_3:1
79	9	28	cm_generation_chunk	0	0x2A70BE0	0x2A70D6C	u32_compressed_in_8_byte_table_entry,sequential_payload	452943	1025768	730112	1024768	294656	00426FDB	ignores_return_and_actual_output_size;writes_min_remaining_chunk_prefix	0	0	1	e39fd91381f8e28d6355bf4c10bca0fbfa5199d90da777b9099ecd8220e752cc	e7f830bc24d0dc8031d1b78ba43ebf80e6ee56557629b8637665ae156984e83f	end_marker:1;literal_run_extended:1461;literal_run_short:16597;match_10_to_1f_extended:170;match_10_to_1f_short:11223;match_20_to_3f_extended:318;match_20_to_3f_short:16182;match_40_to_ff:71576;trailing_literal_0:77224;trailing_literal_1:10955;trailing_literal_2:6939;trailing_literal_3:4350
80	10	29	surface_grid	0	0x2AE27B3	0x2AE27B7	u32_compressed_before_payload,u32_post_payload_record_count	1249	12288	12288	12288	0	00426182	ignores_return_and_actual_output_size	0	0	1	35b7002198eb747c2cf29e2f28bf9e6138b477711d254fee977b9488a827e22b	35b7002198eb747c2cf29e2f28bf9e6138b477711d254fee977b9488a827e22b	end_marker:1;literal_run_short:3;match_10_to_1f_short:1;match_20_to_3f_extended:118;match_20_to_3f_short:94;match_40_to_ff:224;trailing_literal_0:422;trailing_literal_1:10;trailing_literal_2:2;trailing_literal_3:2
81	10	29	cm_generation_chunk	0	0x2AED725	0x2AED8B1	u32_compressed_in_8_byte_table_entry,sequential_payload	403029	1025768	683008	1024768	341760	00426FDB	ignores_return_and_actual_output_size;writes_min_remaining_chunk_prefix	0	0	1	94d8bc81029bea0bab239a366a22d47d937bd1c4e9639eb2ec7ee19a15ee4811	d3b0333f107d53be9049f126335ab62fb587709314ad3554a7f275a417bb4835	end_marker:1;literal_run_extended:1268;literal_run_short:14004;match_10_to_1f_extended:171;match_10_to_1f_short:9861;match_20_to_3f_extended:316;match_20_to_3f_short:16518;match_40_to_ff:66114;trailing_literal_0:73320;trailing_literal_1:9557;trailing_literal_2:6246;trailing_literal_3:3856
82	11	30	surface_grid	0	0x2B52FFE	0x2B53002	u32_compressed_before_payload,u32_post_payload_record_count	1152	12288	12288	12288	0	00426182	ignores_return_and_actual_output_size	0	0	1	d7de23b1917c660d3a02699048af81c2f5bcc7bde0dda7ad121739beadc4af51	d7de23b1917c660d3a02699048af81c2f5bcc7bde0dda7ad121739beadc4af51	end_marker:1;literal_run_short:1;match_10_to_1f_short:1;match_20_to_3f_extended:83;match_20_to_3f_short:107;match_40_to_ff:229;trailing_literal_0:405;trailing_literal_1:10;trailing_literal_2:3;trailing_literal_3:1
83	11	30	cm_generation_chunk	0	0x2B58C38	0x2B58DC4	u32_compressed_in_8_byte_table_entry,sequential_payload	395272	1025768	539136	1024768	485632	00426FDB	ignores_return_and_actual_output_size;writes_min_remaining_chunk_prefix	0	0	1	d5db03931b91931a1098531c7494ea6935ce6ecde7feb228ea28ad9b7946a1d3	4eff34b13d4833dce0978272dbecd47627b680d51450ceb8b4bf88c1481ee0a8	end_marker:1;literal_run_extended:2474;literal_run_short:14512;match_10_to_1f_extended:152;match_10_to_1f_short:8106;match_20_to_3f_extended:143;match_20_to_3f_short:10022;match_40_to_ff:47028;trailing_literal_0:47567;trailing_literal_1:8667;trailing_literal_2:5574;trailing_literal_3:3642
84	12	31	surface_grid	0	0x2BD3349	0x2BD334D	u32_compressed_before_payload,u32_post_payload_record_count	3974	35200	35200	35200	0	00426182	ignores_return_and_actual_output_size	0	0	1	4e42cd08de952d98e97349137d4b22d4a5df727efb42b9ed86a4782600f92cfb	4e42cd08de952d98e97349137d4b22d4a5df727efb42b9ed86a4782600f92cfb	end_marker:1;literal_run_short:7;match_10_to_1f_short:1;match_20_to_3f_extended:275;match_20_to_3f_short:315;match_40_to_ff:912;trailing_literal_0:1473;trailing_literal_1:23;trailing_literal_2:5;trailing_literal_3:1
85	12	31	cm_generation_chunk	0	0x2CAEC7A	0x2CAEE06	u32_compressed_in_8_byte_table_entry,sequential_payload	689535	1025768	1024768	1024768	0	00426FDB	ignores_return_and_actual_output_size;writes_min_remaining_chunk_prefix	0	0	1	a190670f3aa964faeea21b74bdae39f41f039cd7b0e09d8827aadfc00de5a6c8	a190670f3aa964faeea21b74bdae39f41f039cd7b0e09d8827aadfc00de5a6c8	end_marker:1;literal_run_extended:1581;literal_run_short:30582;match_10_to_1f_extended:194;match_10_to_1f_short:16700;match_20_to_3f_extended:404;match_20_to_3f_short:21353;match_40_to_ff:102063;trailing_literal_0:98793;trailing_literal_1:18451;trailing_literal_2:15616;trailing_literal_3:7853
86	12	31	cm_generation_chunk	1	0x2CAEC82	0x2D57385	u32_compressed_in_8_byte_table_entry,sequential_payload	774161	1025768	1024768	1024768	0	00426FDB	ignores_return_and_actual_output_size;writes_min_remaining_chunk_prefix	0	0	1	6da67f62cbd09c005710f2647f18115fc29615ddff1ff7a7138d44aa00c263e6	6da67f62cbd09c005710f2647f18115fc29615ddff1ff7a7138d44aa00c263e6	end_marker:1;literal_run_extended:1575;literal_run_short:36553;match_10_to_1f_extended:157;match_10_to_1f_short:22466;match_20_to_3f_extended:72;match_20_to_3f_short:20853;match_40_to_ff:108607;trailing_literal_0:102212;trailing_literal_1:21524;trailing_literal_2:18762;trailing_literal_3:9656
87	12	31	cm_generation_chunk	2	0x2CAEC8A	0x2E14396	u32_compressed_in_8_byte_table_entry,sequential_payload	762878	1025768	1024768	1024768	0	00426FDB	ignores_return_and_actual_output_size;writes_min_remaining_chunk_prefix	0	0	1	4b96cec3e84aae551d94eee7f80e08c25b40bb6b913ab85733eea56125e953e9	4b96cec3e84aae551d94eee7f80e08c25b40bb6b913ab85733eea56125e953e9	end_marker:1;literal_run_extended:1862;literal_run_short:36497;match_10_to_1f_extended:128;match_10_to_1f_short:21067;match_20_to_3f_extended:208;match_20_to_3f_short:15604;match_40_to_ff:107171;trailing_literal_0:96223;trailing_literal_1:21317;trailing_literal_2:16811;trailing_literal_3:9826
88	12	31	cm_generation_chunk	3	0x2CAEC92	0x2ECE794	u32_compressed_in_8_byte_table_entry,sequential_payload	628012	1025768	1024768	1024768	0	00426FDB	ignores_return_and_actual_output_size;writes_min_remaining_chunk_prefix	0	0	1	e1b22e3fe95b70091fda5d8510fc9e4375f7a22a0a455392706e55383aea425c	e1b22e3fe95b70091fda5d8510fc9e4375f7a22a0a455392706e55383aea425c	end_marker:1;literal_run_extended:1547;literal_run_short:24017;match_10_to_1f_extended:204;match_10_to_1f_short:19270;match_20_to_3f_extended:794;match_20_to_3f_short:18834;match_40_to_ff:97857;trailing_literal_0:98536;trailing_literal_1:18312;trailing_literal_2:13222;trailing_literal_3:6888
89	12	31	cm_generation_chunk	4	0x2CAEC9A	0x2F67CC0	u32_compressed_in_8_byte_table_entry,sequential_payload	481446	1025768	1024768	1024768	0	00426FDB	ignores_return_and_actual_output_size;writes_min_remaining_chunk_prefix	0	0	1	5bc27c8140718418806fdd5df36cb87b006a0c230cb43cbe66d9b3f0abff242b	5bc27c8140718418806fdd5df36cb87b006a0c230cb43cbe66d9b3f0abff242b	end_marker:1;literal_run_extended:1446;literal_run_short:14582;match_10_to_1f_extended:271;match_10_to_1f_short:9455;match_20_to_3f_extended:1619;match_20_to_3f_short:24866;match_40_to_ff:72980;trailing_literal_0:87010;trailing_literal_1:10657;trailing_literal_2:7656;trailing_literal_3:3867
90	12	31	cm_generation_chunk	5	0x2CAECA2	0x2FDD566	u32_compressed_in_8_byte_table_entry,sequential_payload	442355	1025768	1024768	1024768	0	00426FDB	ignores_return_and_actual_output_size;writes_min_remaining_chunk_prefix	0	0	1	390bc0183f2e1f87ca709bb29add3ea69b3e330e9066f3c19256e6b5ac3a0164	390bc0183f2e1f87ca709bb29add3ea69b3e330e9066f3c19256e6b5ac3a0164	end_marker:1;literal_run_extended:1479;literal_run_short:13064;match_10_to_1f_extended:320;match_10_to_1f_short:8608;match_20_to_3f_extended:1818;match_20_to_3f_short:24401;match_40_to_ff:69032;trailing_literal_0:85133;trailing_literal_1:9491;trailing_literal_2:6356;trailing_literal_3:3198
91	12	31	cm_generation_chunk	6	0x2CAECAA	0x3049559	u32_compressed_in_8_byte_table_entry,sequential_payload	185699	1025768	549888	1024768	474880	00426FDB	ignores_return_and_actual_output_size;writes_min_remaining_chunk_prefix	0	0	1	36113ef9f4c5222e4acfd24011da638c2b904127cae0f7ab2ee04f8c0dda0aa6	7325c0baf04fb841a60be9b1b4f8efe22650908e4d2dc46e73bbc36c1381a330	end_marker:1;literal_run_extended:399;literal_run_short:2972;match_10_to_1f_extended:189;match_10_to_1f_short:4629;match_20_to_3f_extended:1276;match_20_to_3f_short:12349;match_40_to_ff:35240;trailing_literal_0:45803;trailing_literal_1:4359;trailing_literal_2:2411;trailing_literal_3:1109
92	13	32	surface_grid	0	0x30865B4	0x30865B8	u32_compressed_before_payload,u32_post_payload_record_count	2171	32000	32000	32000	0	00426182	ignores_return_and_actual_output_size	0	0	1	b0f2cc22f707ba57ef9dc9ce5ba700f48e4f3e2e7077bf0c273f55bba70830ee	b0f2cc22f707ba57ef9dc9ce5ba700f48e4f3e2e7077bf0c273f55bba70830ee	end_marker:1;literal_run_short:7;match_10_to_1f_short:1;match_20_to_3f_extended:208;match_20_to_3f_short:169;match_40_to_ff:363;trailing_literal_0:719;trailing_literal_1:15;trailing_literal_2:5;trailing_literal_3:1
93	13	32	cm_generation_chunk	0	0x3089E21	0x3089FAD	u32_compressed_in_8_byte_table_entry,sequential_payload	711088	1025768	1024768	1024768	0	00426FDB	ignores_return_and_actual_output_size;writes_min_remaining_chunk_prefix	0	0	1	69975354e0db60517f7a2a2009dfdd9f745888c500209e36facc144654960491	69975354e0db60517f7a2a2009dfdd9f745888c500209e36facc144654960491	end_marker:1;literal_run_extended:2762;literal_run_short:26208;match_10_to_1f_extended:189;match_10_to_1f_short:22446;match_20_to_3f_extended:229;match_20_to_3f_short:22451;match_40_to_ff:97289;trailing_literal_0:101175;trailing_literal_1:19766;trailing_literal_2:13906;trailing_literal_3:7756
94	13	32	cm_generation_chunk	1	0x3089E29	0x313795D	u32_compressed_in_8_byte_table_entry,sequential_payload	191981	1025768	257280	1024768	767488	00426FDB	ignores_return_and_actual_output_size;writes_min_remaining_chunk_prefix	0	0	1	ba4c37160cdc288c12aff95353e16957b4aea52208ab87751a66a9be67407d69	be13ca62cd86fc06972bb1b64e771991027c8528c31af3ecd140ddf3130b8ea2	end_marker:1;literal_run_extended:943;literal_run_short:7394;match_10_to_1f_extended:24;match_10_to_1f_short:2557;match_20_to_3f_extended:53;match_20_to_3f_short:6911;match_40_to_ff:23192;trailing_literal_0:22200;trailing_literal_1:5454;trailing_literal_2:2838;trailing_literal_3:2244
95	14	33	surface_grid	0	0x3168DC2	0x3168DC6	u32_compressed_before_payload,u32_post_payload_record_count	895	9600	9600	9600	0	00426182	ignores_return_and_actual_output_size	0	0	1	da87696afd29bf53d503c2487ab4929cc088ecbfdf5cee9e16875547af29a9e0	da87696afd29bf53d503c2487ab4929cc088ecbfdf5cee9e16875547af29a9e0	end_marker:1;literal_run_short:4;match_10_to_1f_short:1;match_20_to_3f_extended:77;match_20_to_3f_short:69;match_40_to_ff:160;trailing_literal_0:296;trailing_literal_1:7;trailing_literal_3:3
96	14	33	cm_generation_chunk	0	0x3169EC9	0x316A055	u32_compressed_in_8_byte_table_entry,sequential_payload	345985	1025768	574464	1024768	450304	00426FDB	ignores_return_and_actual_output_size;writes_min_remaining_chunk_prefix	0	0	1	65f54165d9185fcbecd09f4503dce993e568c8acedca9c817d3560ea3eede185	f1d548f574353ff84bb366c0c5dc81226a2c8ac9a743e2c919ed043839cd5be1	end_marker:1;literal_run_extended:646;literal_run_short:10584;match_10_to_1f_extended:79;match_10_to_1f_short:13411;match_20_to_3f_extended:219;match_20_to_3f_short:15838;match_40_to_ff:58069;trailing_literal_0:67430;trailing_literal_1:9661;trailing_literal_2:7344;trailing_literal_3:3180
97	15	34	surface_grid	0	0x31C65CE	0x31C65D2	u32_compressed_before_payload,u32_post_payload_record_count	1992	32000	32000	32000	0	00426182	ignores_return_and_actual_output_size	0	0	1	7c975227188f331519eef233df72fc7bcf2dfd6e5647d690dea1ac7bfe609485	7c975227188f331519eef233df72fc7bcf2dfd6e5647d690dea1ac7bfe609485	end_marker:1;literal_run_short:6;match_10_to_1f_extended:2;match_10_to_1f_short:3;match_20_to_3f_extended:160;match_20_to_3f_short:201;match_40_to_ff:306;trailing_literal_0:642;trailing_literal_1:21;trailing_literal_2:3;trailing_literal_3:5
98	15	34	cm_generation_chunk	0	0x31D13BE	0x31D154A	u32_compressed_in_8_byte_table_entry,sequential_payload	557709	1025768	859136	1024768	165632	00426FDB	ignores_return_and_actual_output_size;writes_min_remaining_chunk_prefix	0	0	1	e53f57783be4d5de45c57d37cb9fc9d09ab2414ffb02c86650ab491a3654e3e4	fc72b8db5d26828e577b1d7e3a5520e63a0e1afa6d54241fe24cf019e3350e83	end_marker:1;literal_run_extended:1775;literal_run_short:23363;match_10_to_1f_extended:406;match_10_to_1f_short:17670;match_20_to_3f_extended:345;match_20_to_3f_short:20938;match_40_to_ff:67959;trailing_literal_0:78839;trailing_literal_1:11860;trailing_literal_2:11320;trailing_literal_3:5298
99	16	35	surface_grid	0	0x32615CF	0x32615D3	u32_compressed_before_payload,u32_post_payload_record_count	2025	32000	32000	32000	0	00426182	ignores_return_and_actual_output_size	0	0	1	24e4903b9160a1451e795b089c40c75470681d0b7a7c4b4685e9351fe06377fb	24e4903b9160a1451e795b089c40c75470681d0b7a7c4b4685e9351fe06377fb	end_marker:1;literal_run_short:6;match_10_to_1f_extended:1;match_10_to_1f_short:3;match_20_to_3f_extended:165;match_20_to_3f_short:204;match_40_to_ff:314;trailing_literal_0:662;trailing_literal_1:14;trailing_literal_2:7;trailing_literal_3:3
100	16	35	cm_generation_chunk	0	0x326C14B	0x326C2D7	u32_compressed_in_8_byte_table_entry,sequential_payload	557124	1025768	859136	1024768	165632	00426FDB	ignores_return_and_actual_output_size;writes_min_remaining_chunk_prefix	0	0	1	e547732763ca11fa8397d2c4a5bed4f519364af62be7c84ada1f9c829d8e350c	2a6c943270cc59b11afe3bf6759d8b7c5c36d2a9d094472656a0aae35f8886a0	end_marker:1;literal_run_extended:1877;literal_run_short:23125;match_10_to_1f_extended:363;match_10_to_1f_short:17866;match_20_to_3f_extended:305;match_20_to_3f_short:20309;match_40_to_ff:68521;trailing_literal_0:78879;trailing_literal_1:11958;trailing_literal_2:11360;trailing_literal_3:5166
101	17	36	surface_grid	0	0x330A0D9	0x330A0DD	u32_compressed_before_payload,u32_post_payload_record_count	1725	29760	29760	29760	0	00426182	ignores_return_and_actual_output_size	0	0	1	ce365c96ad914567c05530e5d36acdf6735c81a128b8f011e20e44b6ed4b4c9a	ce365c96ad914567c05530e5d36acdf6735c81a128b8f011e20e44b6ed4b4c9a	end_marker:1;literal_run_short:6;match_10_to_1f_short:1;match_20_to_3f_extended:131;match_20_to_3f_short:146;match_40_to_ff:317;trailing_literal_0:559;trailing_literal_1:27;trailing_literal_2:4;trailing_literal_3:4
102	17	36	cm_generation_chunk	0	0x330F9A1	0x330FB2D	u32_compressed_in_8_byte_table_entry,sequential_payload	586940	1025768	1024768	1024768	0	00426FDB	ignores_return_and_actual_output_size;writes_min_remaining_chunk_prefix	0	0	1	3a0aca09a618c5d4560f786363c3e35a891c020d9999d23619913b8a5bde11bb	3a0aca09a618c5d4560f786363c3e35a891c020d9999d23619913b8a5bde11bb	end_marker:1;literal_run_extended:2088;literal_run_short:16110;match_10_to_1f_extended:420;match_10_to_1f_short:14188;match_20_to_3f_extended:462;match_20_to_3f_short:28253;match_40_to_ff:94606;trailing_literal_0:104483;trailing_literal_1:17144;trailing_literal_2:10737;trailing_literal_3:5564
103	17	36	cm_generation_chunk	1	0x330F9A9	0x339EFE9	u32_compressed_in_8_byte_table_entry,sequential_payload	513130	1025768	1024768	1024768	0	00426FDB	ignores_return_and_actual_output_size;writes_min_remaining_chunk_prefix	0	0	1	03a37a5bb5ee111254c3327b1cca6a5fb968eaaf4a2fc2040a060037d7a1eba7	03a37a5bb5ee111254c3327b1cca6a5fb968eaaf4a2fc2040a060037d7a1eba7	end_marker:1;literal_run_extended:732;literal_run_short:11030;match_10_to_1f_extended:770;match_10_to_1f_short:20550;match_20_to_3f_extended:477;match_20_to_3f_short:25256;match_40_to_ff:103822;trailing_literal_0:117535;trailing_literal_1:18417;trailing_literal_2:10182;trailing_literal_3:4740
104	17	36	cm_generation_chunk	2	0x330F9B1	0x341C453	u32_compressed_in_8_byte_table_entry,sequential_payload	499805	1025768	1024768	1024768	0	00426FDB	ignores_return_and_actual_output_size;writes_min_remaining_chunk_prefix	0	0	1	7d3fb941ed8b4bf242b0b12626a9f3b23de63bf48e87caa15c02a2f09cf9c08b	7d3fb941ed8b4bf242b0b12626a9f3b23de63bf48e87caa15c02a2f09cf9c08b	end_marker:1;literal_run_extended:719;literal_run_short:10510;match_10_to_1f_extended:660;match_10_to_1f_short:17161;match_20_to_3f_extended:609;match_20_to_3f_short:31116;match_40_to_ff:97044;trailing_literal_0:115046;trailing_literal_1:17241;trailing_literal_2:9876;trailing_literal_3:4426
105	17	36	cm_generation_chunk	3	0x330F9B9	0x34964B0	u32_compressed_in_8_byte_table_entry,sequential_payload	209950	1025768	372480	1024768	652288	00426FDB	ignores_return_and_actual_output_size;writes_min_remaining_chunk_prefix	0	0	1	6fb60e733e08e5da05a6af92209fba9ee916e2830f0e48ad05411cb131ebf8a1	e78fd2272ea814f82eb3b025789029d30e063cbfb7bca9c33f7b5d1d8e8c1eaf	end_marker:1;literal_run_extended:325;literal_run_short:5363;match_10_to_1f_extended:72;match_10_to_1f_short:4762;match_20_to_3f_extended:131;match_20_to_3f_short:13019;match_40_to_ff:38396;trailing_literal_0:42886;trailing_literal_1:7115;trailing_literal_2:4275;trailing_literal_3:2103
106	18	37	surface_grid	0	0x34EB72E	0x34EB732	u32_compressed_before_payload,u32_post_payload_record_count	2478	46200	46200	46200	0	00426182	ignores_return_and_actual_output_size	0	0	1	68a02f49244147baceb8cdb5e9c08cde231608a264eb153ec59a2e5f43ef232f	68a02f49244147baceb8cdb5e9c08cde231608a264eb153ec59a2e5f43ef232f	end_marker:1;literal_run_short:8;match_10_to_1f_extended:2;match_10_to_1f_short:5;match_20_to_3f_extended:215;match_20_to_3f_short:201;match_40_to_ff:427;trailing_literal_0:821;trailing_literal_1:22;trailing_literal_2:5;trailing_literal_3:1
107	18	37	cm_generation_chunk	0	0x34F5D1A	0x34F5EA6	u32_compressed_in_8_byte_table_entry,sequential_payload	662315	1025768	1024768	1024768	0	00426FDB	ignores_return_and_actual_output_size;writes_min_remaining_chunk_prefix	0	0	1	9b5e6fc92fdb80b2169affb5ca4f1f4fa7145b3b21d292f3dfee9b1e0ede01d8	9b5e6fc92fdb80b2169affb5ca4f1f4fa7145b3b21d292f3dfee9b1e0ede01d8	end_marker:1;literal_run_extended:3781;literal_run_short:23766;match_10_to_1f_extended:425;match_10_to_1f_short:15618;match_20_to_3f_extended:595;match_20_to_3f_short:21460;match_40_to_ff:77341;trailing_literal_0:86321;trailing_literal_1:13493;trailing_literal_2:9873;trailing_literal_3:5751
108	18	37	cm_generation_chunk	1	0x34F5D22	0x35979D1	u32_compressed_in_8_byte_table_entry,sequential_payload	712662	1025768	1024768	1024768	0	00426FDB	ignores_return_and_actual_output_size;writes_min_remaining_chunk_prefix	0	0	1	ac1e15d6290846f602b241c83cace01fc43cdeb2dd8ec67fe8c78326a8822833	ac1e15d6290846f602b241c83cace01fc43cdeb2dd8ec67fe8c78326a8822833	end_marker:1;literal_run_extended:3608;literal_run_short:24362;match_10_to_1f_extended:235;match_10_to_1f_short:19335;match_20_to_3f_extended:264;match_20_to_3f_short:29954;match_40_to_ff:83043;trailing_literal_0:98610;trailing_literal_1:15552;trailing_literal_2:12877;trailing_literal_3:5791
109	18	37	cm_generation_chunk	2	0x34F5D2A	0x36459A7	u32_compressed_in_8_byte_table_entry,sequential_payload	705433	1025768	1024768	1024768	0	00426FDB	ignores_return_and_actual_output_size;writes_min_remaining_chunk_prefix	0	0	1	beb67eca0bc9ba3d7db5d5f1f062972c9caf664200bff9fe6401f02e54b37a88	beb67eca0bc9ba3d7db5d5f1f062972c9caf664200bff9fe6401f02e54b37a88	end_marker:1;literal_run_extended:3081;literal_run_short:23527;match_10_to_1f_extended:69;match_10_to_1f_short:13473;match_20_to_3f_extended:94;match_20_to_3f_short:35588;match_40_to_ff:91712;trailing_literal_0:101954;trailing_literal_1:19628;trailing_literal_2:12454;trailing_literal_3:6899
110	18	37	cm_generation_chunk	3	0x34F5D32	0x36F1D40	u32_compressed_in_8_byte_table_entry,sequential_payload	19361	1025768	21760	1024768	1003008	00426FDB	ignores_return_and_actual_output_size;writes_min_remaining_chunk_prefix	0	0	1	0eda3c0154a4960fd317be89307faec21fa7d48ee313d7bd35723c241d252393	368283acbe02720701315d61a1831401ab6c9dac13c30af55f6bbfdfe77b5eaa	end_marker:1;literal_run_extended:121;literal_run_short:446;match_10_to_1f_short:22;match_20_to_3f_extended:1;match_20_to_3f_short:697;match_40_to_ff:1676;trailing_literal_0:1774;trailing_literal_1:292;trailing_literal_2:209;trailing_literal_3:120
111	19	38	surface_grid	0	0x37309F9	0x37309FD	u32_compressed_before_payload,u32_post_payload_record_count	5436	79200	79200	79200	0	00426182	ignores_return_and_actual_output_size	0	0	1	ccde79387bc4117c4d37cc5fd2d9cab95dd45452f7c6069a9d507aca553c66cc	ccde79387bc4117c4d37cc5fd2d9cab95dd45452f7c6069a9d507aca553c66cc	end_marker:1;literal_run_short:5;match_10_to_1f_extended:3;match_10_to_1f_short:17;match_20_to_3f_extended:498;match_20_to_3f_short:514;match_40_to_ff:837;trailing_literal_0:1840;trailing_literal_1:19;trailing_literal_2:5;trailing_literal_3:4
112	19	38	cm_generation_chunk	0	0x3742452	0x37425DE	u32_compressed_in_8_byte_table_entry,sequential_payload	571750	1025768	1024768	1024768	0	00426FDB	ignores_return_and_actual_output_size;writes_min_remaining_chunk_prefix	0	0	1	eb6895ce42aaf9476c09bbcef76af8d160fa9af4a29f9d90cca9f01c2e0d8c5c	eb6895ce42aaf9476c09bbcef76af8d160fa9af4a29f9d90cca9f01c2e0d8c5c	end_marker:1;literal_run_extended:1626;literal_run_short:18799;match_10_to_1f_extended:451;match_10_to_1f_short:14935;match_20_to_3f_extended:614;match_20_to_3f_short:25167;match_40_to_ff:92035;trailing_literal_0:100296;trailing_literal_1:15618;trailing_literal_2:11820;trailing_literal_3:5467
113	19	38	cm_generation_chunk	1	0x374245A	0x37CDF44	u32_compressed_in_8_byte_table_entry,sequential_payload	658561	1025768	1024768	1024768	0	00426FDB	ignores_return_and_actual_output_size;writes_min_remaining_chunk_prefix	0	0	1	b4c7894cdaf765e67d337592a02f0ef3299cc6f8f8d90c94ebf4c77f4c0b6ce4	b4c7894cdaf765e67d337592a02f0ef3299cc6f8f8d90c94ebf4c77f4c0b6ce4	end_marker:1;literal_run_extended:2019;literal_run_short:25931;match_10_to_1f_extended:333;match_10_to_1f_short:19304;match_20_to_3f_extended:407;match_20_to_3f_short:24544;match_40_to_ff:89710;trailing_literal_0:96087;trailing_literal_1:16918;trailing_literal_2:14161;trailing_literal_3:7131
114	19	38	cm_generation_chunk	2	0x3742462	0x386EBC5	u32_compressed_in_8_byte_table_entry,sequential_payload	620034	1025768	1024768	1024768	0	00426FDB	ignores_return_and_actual_output_size;writes_min_remaining_chunk_prefix	0	0	1	a65ec0288e25a15542a43aa069ede8a34644c284945b93764ca4044edc0f5715	a65ec0288e25a15542a43aa069ede8a34644c284945b93764ca4044edc0f5715	end_marker:1;literal_run_extended:1630;literal_run_short:21675;match_10_to_1f_extended:158;match_10_to_1f_short:12629;match_20_to_3f_extended:394;match_20_to_3f_short:32218;match_40_to_ff:96854;trailing_literal_0:105529;trailing_literal_1:16563;trailing_literal_2:13925;trailing_literal_3:6235
115	19	38	cm_generation_chunk	3	0x374246A	0x39061C7	u32_compressed_in_8_byte_table_entry,sequential_payload	665430	1025768	1024768	1024768	0	00426FDB	ignores_return_and_actual_output_size;writes_min_remaining_chunk_prefix	0	0	1	e7e04e40ca561e34abda2f26438cfcabf131a5975d80dc6392832ba382270217	e7e04e40ca561e34abda2f26438cfcabf131a5975d80dc6392832ba382270217	end_marker:1;literal_run_extended:1653;literal_run_short:24712;match_10_to_1f_extended:378;match_10_to_1f_short:23028;match_20_to_3f_extended:372;match_20_to_3f_short:27598;match_40_to_ff:95124;trailing_literal_0:105187;trailing_literal_1:18978;trailing_literal_2:15339;trailing_literal_3:6995
116	19	38	cm_generation_chunk	4	0x3742472	0x39A891D	u32_compressed_in_8_byte_table_entry,sequential_payload	612674	1025768	1024768	1024768	0	00426FDB	ignores_return_and_actual_output_size;writes_min_remaining_chunk_prefix	0	0	1	5ae1dbc1b490126f0295fd3c01611508182d736a7a84038b3a79126f3ac13687	5ae1dbc1b490126f0295fd3c01611508182d736a7a84038b3a79126f3ac13687	end_marker:1;literal_run_extended:1033;literal_run_short:18251;match_10_to_1f_extended:260;match_10_to_1f_short:16066;match_20_to_3f_extended:188;match_20_to_3f_short:34233;match_40_to_ff:107907;trailing_literal_0:118286;trailing_literal_1:20743;trailing_literal_2:13332;trailing_literal_3:6292
117	19	38	cm_generation_chunk	5	0x374247A	0x3A3E25F	u32_compressed_in_8_byte_table_entry,sequential_payload	455214	1025768	866048	1024768	158720	00426FDB	ignores_return_and_actual_output_size;writes_min_remaining_chunk_prefix	0	0	1	e9e1235a9727191c117daf98e4db55b83139b7de704003c32713383e842ab540	352debe164ba1944c2db01c29ea5bbfb81568d71770d7fcdb6c68510b8ba499a	end_marker:1;literal_run_extended:335;literal_run_short:9483;match_10_to_1f_extended:349;match_10_to_1f_short:15423;match_20_to_3f_extended:168;match_20_to_3f_short:30215;match_40_to_ff:91990;trailing_literal_0:107709;trailing_literal_1:16471;trailing_literal_2:9917;trailing_literal_3:4047
118	20	39	surface_grid	0	0x3ABB685	0x3ABB689	u32_compressed_before_payload,u32_post_payload_record_count	764	19200	19200	19200	0	00426182	ignores_return_and_actual_output_size	0	0	1	45b02626a8a37d195251763e6a708be2462c43da0fed9b975c9e8ff87604b434	45b02626a8a37d195251763e6a708be2462c43da0fed9b975c9e8ff87604b434	end_marker:1;literal_run_short:7;match_10_to_1f_short:1;match_20_to_3f_extended:55;match_20_to_3f_short:52;match_40_to_ff:125;trailing_literal_0:205;trailing_literal_1:18;trailing_literal_2:5;trailing_literal_3:4
119	20	39	cm_generation_chunk	0	0x3ABBABF	0x3ABBC4B	u32_compressed_in_8_byte_table_entry,sequential_payload	616264	1025768	1024768	1024768	0	00426FDB	ignores_return_and_actual_output_size;writes_min_remaining_chunk_prefix	0	0	1	f325ef6102139ca3a68977e78d744b21b7a8e7aa1ba003f3a8812dd90d7c904c	f325ef6102139ca3a68977e78d744b21b7a8e7aa1ba003f3a8812dd90d7c904c	end_marker:1;literal_run_extended:1565;literal_run_short:22445;match_10_to_1f_extended:494;match_10_to_1f_short:23198;match_20_to_3f_extended:549;match_20_to_3f_short:32200;match_40_to_ff:77492;trailing_literal_0:100116;trailing_literal_1:14928;trailing_literal_2:13493;trailing_literal_3:5395
120	20	39	cm_generation_chunk	1	0x3ABBAC7	0x3B52393	u32_compressed_in_8_byte_table_entry,sequential_payload	575533	1025768	1024768	1024768	0	00426FDB	ignores_return_and_actual_output_size;writes_min_remaining_chunk_prefix	0	0	1	7eba562ef4aea499a23633c3939459b77288cb884edd0acea234f6d5bbb21a19	7eba562ef4aea499a23633c3939459b77288cb884edd0acea234f6d5bbb21a19	end_marker:1;literal_run_extended:676;literal_run_short:15726;match_10_to_1f_extended:362;match_10_to_1f_short:23111;match_20_to_3f_extended:366;match_20_to_3f_short:28941;match_40_to_ff:106070;trailing_literal_0:121884;trailing_literal_1:18449;trailing_literal_2:13066;trailing_literal_3:5450
121	20	39	cm_generation_chunk	2	0x3ABBACF	0x3BDEBC0	u32_compressed_in_8_byte_table_entry,sequential_payload	592212	1025768	1024768	1024768	0	00426FDB	ignores_return_and_actual_output_size;writes_min_remaining_chunk_prefix	0	0	1	8f6f2302d2003ada87377e811423ff91d7929c4537efdf6c96b439b09fc4d366	8f6f2302d2003ada87377e811423ff91d7929c4537efdf6c96b439b09fc4d366	end_marker:1;literal_run_extended:764;literal_run_short:12959;match_10_to_1f_extended:185;match_10_to_1f_short:17725;match_20_to_3f_extended:135;match_20_to_3f_short:39256;match_40_to_ff:119789;trailing_literal_0:142544;trailing_literal_1:18517;trailing_literal_2:11395;trailing_literal_3:4633
122	20	39	cm_generation_chunk	3	0x3ABBAD7	0x3C6F514	u32_compressed_in_8_byte_table_entry,sequential_payload	585895	1025768	1024768	1024768	0	00426FDB	ignores_return_and_actual_output_size;writes_min_remaining_chunk_prefix	0	0	1	28925972f74653befe4707a4e7707b760e226c82f78c53fe18c7aff6e93daa26	28925972f74653befe4707a4e7707b760e226c82f78c53fe18c7aff6e93daa26	end_marker:1;literal_run_extended:496;literal_run_short:10338;match_10_to_1f_extended:170;match_10_to_1f_short:19496;match_20_to_3f_extended:91;match_20_to_3f_short:39986;match_40_to_ff:126995;trailing_literal_0:148694;trailing_literal_1:21209;trailing_literal_2:12150;trailing_literal_3:4684
123	20	39	cm_generation_chunk	4	0x3ABBADF	0x3CFE5BB	u32_compressed_in_8_byte_table_entry,sequential_payload	459397	1025768	824320	1024768	200448	00426FDB	ignores_return_and_actual_output_size;writes_min_remaining_chunk_prefix	0	0	1	6d58f3d45e4dbc47468c04e7ce7b014ea89b4f1be612774a4949cc2bd92ee2bd	35f7ff0de789c228e86bb10b5e99790ac60edc6eb54135150efc06089f3391ad	end_marker:1;literal_run_extended:228;literal_run_short:7617;match_10_to_1f_extended:166;match_10_to_1f_short:16921;match_20_to_3f_extended:109;match_20_to_3f_short:26509;match_40_to_ff:110005;trailing_literal_0:124735;trailing_literal_1:16266;trailing_literal_2:9167;trailing_literal_3:3541
124	21	40	surface_grid	0	0x3D73258	0x3D7325C	u32_compressed_before_payload,u32_post_payload_record_count	1864	18720	18720	18720	0	00426182	ignores_return_and_actual_output_size	0	0	1	d985d5aa97a740e10c07ee5b068982ef64927120ae448da72a5e57d551dc8169	d985d5aa97a740e10c07ee5b068982ef64927120ae448da72a5e57d551dc8169	end_marker:1;literal_run_short:5;match_10_to_1f_short:1;match_20_to_3f_extended:91;match_20_to_3f_short:202;match_40_to_ff:399;trailing_literal_0:666;trailing_literal_1:19;trailing_literal_2:4;trailing_literal_3:3
125	21	40	cm_generation_chunk	0	0x3D84BA0	0x3D84D2C	u32_compressed_in_8_byte_table_entry,sequential_payload	590777	1025768	1007104	1024768	17664	00426FDB	ignores_return_and_actual_output_size;writes_min_remaining_chunk_prefix	0	0	1	1ae080828270acca04207280446e76de019318f509c52c025bee04d7df07dfba	5331fe99054cf8d77b7ace7df0d10516c03d74e0fe8c7b103a8c0de4bc59b63d	end_marker:1;literal_run_extended:295;literal_run_short:15631;match_10_to_1f_extended:266;match_10_to_1f_short:22402;match_20_to_3f_extended:354;match_20_to_3f_short:43881;match_40_to_ff:100923;trailing_literal_0:129076;trailing_literal_1:18149;trailing_literal_2:15473;trailing_literal_3:5127
126	22	41	surface_grid	0	0x3E190DF	0x3E190E3	u32_compressed_before_payload,u32_post_payload_record_count	2219	16128	16128	16128	0	00426182	ignores_return_and_actual_output_size	0	0	1	607a39bdd4a32ccfb8ac0d19ec91a9b97ff492ac3b493443c83c1c08c6301978	607a39bdd4a32ccfb8ac0d19ec91a9b97ff492ac3b493443c83c1c08c6301978	end_marker:1;literal_run_short:3;match_10_to_1f_short:1;match_20_to_3f_extended:122;match_20_to_3f_short:217;match_40_to_ff:517;trailing_literal_0:839;trailing_literal_1:12;trailing_literal_2:3;trailing_literal_3:2
127	22	41	cm_generation_chunk	0	0x3E783C1	0x3E7854D	u32_compressed_in_8_byte_table_entry,sequential_payload	911870	1025768	1024768	1024768	0	00426FDB	ignores_return_and_actual_output_size;writes_min_remaining_chunk_prefix	0	0	1	9a06b5ebe9db235abcffd0307dc72a9bab30a68acb46553c99f54aa2c1a7533a	9a06b5ebe9db235abcffd0307dc72a9bab30a68acb46553c99f54aa2c1a7533a	end_marker:1;literal_run_extended:8268;literal_run_short:28302;match_10_to_1f_extended:142;match_10_to_1f_short:14670;match_20_to_3f_extended:12;match_20_to_3f_short:11267;match_40_to_ff:70354;trailing_literal_0:68466;trailing_literal_1:12658;trailing_literal_2:9160;trailing_literal_3:6160
128	22	41	cm_generation_chunk	1	0x3E783C9	0x3F56F4B	u32_compressed_in_8_byte_table_entry,sequential_payload	913965	1025768	1024768	1024768	0	00426FDB	ignores_return_and_actual_output_size;writes_min_remaining_chunk_prefix	0	0	1	67253a3faa1c7a09b4047048a0d7bb994d4bb952ebdadc4564ee8810cf64a7a5	67253a3faa1c7a09b4047048a0d7bb994d4bb952ebdadc4564ee8810cf64a7a5	end_marker:1;literal_run_extended:10074;literal_run_short:16715;match_10_to_1f_extended:441;match_10_to_1f_short:6803;match_20_to_3f_extended:55;match_20_to_3f_short:5595;match_40_to_ff:59889;trailing_literal_0:55686;trailing_literal_1:8860;trailing_literal_2:4599;trailing_literal_3:3637
129	22	41	cm_generation_chunk	2	0x3E783D1	0x4036178	u32_compressed_in_8_byte_table_entry,sequential_payload	16827	1025768	15360	1024768	1009408	00426FDB	ignores_return_and_actual_output_size;writes_min_remaining_chunk_prefix	0	0	1	c2cf008c3f46b5b26c7bbac9b2caf251c2e6c30194a1a9af434ea7d4ca8a3ae2	7d5341dec3a18deb4840930355114633193803f70289619707f8427e5384d1c6	end_marker:1;literal_run_extended:87;literal_run_short:491;match_10_to_1f_short:1;match_20_to_3f_extended:1;match_20_to_3f_short:316;match_40_to_ff:1513;trailing_literal_0:1236;trailing_literal_1:255;trailing_literal_2:212;trailing_literal_3:127
130	23	42	surface_grid	0	0x403C3B0	0x403C3B4	u32_compressed_before_payload,u32_post_payload_record_count	806	8064	8064	8064	0	00426182	ignores_return_and_actual_output_size	0	0	1	fa87e586c327a90dae17ebf6484e7c9db8aa2ad4ebd95f888b32f9bc5e0a298d	fa87e586c327a90dae17ebf6484e7c9db8aa2ad4ebd95f888b32f9bc5e0a298d	end_marker:1;literal_run_short:3;match_10_to_1f_short:1;match_20_to_3f_extended:45;match_20_to_3f_short:84;match_40_to_ff:166;trailing_literal_0:285;trailing_literal_1:8;trailing_literal_2:2
131	23	42	cm_generation_chunk	0	0x404A066	0x404A1F2	u32_compressed_in_8_byte_table_entry,sequential_payload	221296	1025768	459264	1024768	565504	00426FDB	ignores_return_and_actual_output_size;writes_min_remaining_chunk_prefix	0	0	1	fda12884631fa5b2a1a41512d39bbd6092096f09b6c256b899b07201c1734da9	ab181a5fc946430e3104328f7c04e9e5d3870d0423068987049f966f721604eb	end_marker:1;literal_run_extended:58;literal_run_short:3100;match_10_to_1f_extended:244;match_10_to_1f_short:6690;match_20_to_3f_extended:135;match_20_to_3f_short:15534;match_40_to_ff:53842;trailing_literal_0:64037;trailing_literal_1:7142;trailing_literal_2:3731;trailing_literal_3:1534
132	24	44	surface_grid	0	0x408BEDA	0x408BEDE	u32_compressed_before_payload,u32_post_payload_record_count	2679	48000	48000	48000	0	00426182	ignores_return_and_actual_output_size	0	0	1	50e29bec0b2dbcfb639b2ada983ad89d2a42b036b9587f03f4729d742450e29e	50e29bec0b2dbcfb639b2ada983ad89d2a42b036b9587f03f4729d742450e29e	end_marker:1;literal_run_short:3;match_10_to_1f_extended:1;match_10_to_1f_short:2;match_20_to_3f_extended:223;match_20_to_3f_short:248;match_40_to_ff:466;trailing_literal_0:924;trailing_literal_1:11;trailing_literal_2:2;trailing_literal_3:2
133	24	44	cm_generation_chunk	0	0x40AD45D	0x40AD5E9	u32_compressed_in_8_byte_table_entry,sequential_payload	623985	1025768	1024768	1024768	0	00426FDB	ignores_return_and_actual_output_size;writes_min_remaining_chunk_prefix	0	0	1	0ae4cdb13074979019f4dfb2d5a50b94095b8d1d1009181fb76371508c5d07b1	0ae4cdb13074979019f4dfb2d5a50b94095b8d1d1009181fb76371508c5d07b1	end_marker:1;literal_run_extended:1450;literal_run_short:19325;match_10_to_1f_extended:1755;match_10_to_1f_short:17627;match_20_to_3f_extended:338;match_20_to_3f_short:44007;match_40_to_ff:83794;trailing_literal_0:109670;trailing_literal_1:17921;trailing_literal_2:14404;trailing_literal_3:5525
134	24	44	cm_generation_chunk	1	0x40AD465	0x4145B5A	u32_compressed_in_8_byte_table_entry,sequential_payload	622235	1025768	839424	1024768	185344	00426FDB	ignores_return_and_actual_output_size;writes_min_remaining_chunk_prefix	0	0	1	23252c6e130f1e9e8c31ea9c8f38fa453cb1470da27fc0ab7a18b713c39f9199	86f4cababf3c54df5dfe273948706ab4394921b26d707a2da8371d4a59f1b7ee	end_marker:1;literal_run_extended:2528;literal_run_short:23609;match_10_to_1f_extended:193;match_10_to_1f_short:21029;match_20_to_3f_extended:86;match_20_to_3f_short:25894;match_40_to_ff:71854;trailing_literal_0:87053;trailing_literal_1:13460;trailing_literal_2:13210;trailing_literal_3:5332
135	25	45	surface_grid	0	0x41F93AD	0x41F93B1	u32_compressed_before_payload,u32_post_payload_record_count	5541	112832	112832	112832	0	00426182	ignores_return_and_actual_output_size	0	0	1	94f18a00e279d58ea5f70061f3a8f56edfeba6724a18aa7c89ee045b90a4de94	94f18a00e279d58ea5f70061f3a8f56edfeba6724a18aa7c89ee045b90a4de94	end_marker:1;literal_run_short:5;match_10_to_1f_extended:8;match_10_to_1f_short:7;match_20_to_3f_extended:502;match_20_to_3f_short:502;match_40_to_ff:878;trailing_literal_0:1874;trailing_literal_1:12;trailing_literal_2:9;trailing_literal_3:1
136	25	45	cm_generation_chunk	0	0x4236884	0x4236A10	u32_compressed_in_8_byte_table_entry,sequential_payload	750450	1025768	1024768	1024768	0	00426FDB	ignores_return_and_actual_output_size;writes_min_remaining_chunk_prefix	0	0	1	019fcb1952830fa4436444aecbc7c36547b9c9b9d3bdb071d1aa03eac5fe4ee5	019fcb1952830fa4436444aecbc7c36547b9c9b9d3bdb071d1aa03eac5fe4ee5	end_marker:1;literal_run_extended:3267;literal_run_short:28136;match_10_to_1f_extended:158;match_10_to_1f_short:23060;match_20_to_3f_extended:169;match_20_to_3f_short:29254;match_40_to_ff:90295;trailing_literal_0:104863;trailing_literal_1:16569;trailing_literal_2:15025;trailing_literal_3:6478
137	25	45	cm_generation_chunk	1	0x423688C	0x42EDD82	u32_compressed_in_8_byte_table_entry,sequential_payload	765193	1025768	1024768	1024768	0	00426FDB	ignores_return_and_actual_output_size;writes_min_remaining_chunk_prefix	0	0	1	fb625f83555805942294928e317c179487bcf2d94dde0927097fc335be431a3c	fb625f83555805942294928e317c179487bcf2d94dde0927097fc335be431a3c	end_marker:1;literal_run_extended:3183;literal_run_short:29610;match_10_to_1f_extended:60;match_10_to_1f_short:15896;match_20_to_3f_extended:134;match_20_to_3f_short:30409;match_40_to_ff:100995;trailing_literal_0:106459;trailing_literal_1:18394;trailing_literal_2:15667;trailing_literal_3:6973
138	25	45	cm_generation_chunk	2	0x4236894	0x43A8A8B	u32_compressed_in_8_byte_table_entry,sequential_payload	728652	1025768	1024768	1024768	0	00426FDB	ignores_return_and_actual_output_size;writes_min_remaining_chunk_prefix	0	0	1	e1d730931c327091abe340fa768acd85266785f71bfc83f90f6d633521ba97c5	e1d730931c327091abe340fa768acd85266785f71bfc83f90f6d633521ba97c5	end_marker:1;literal_run_extended:2381;literal_run_short:24702;match_10_to_1f_extended:249;match_10_to_1f_short:26518;match_20_to_3f_extended:135;match_20_to_3f_short:39868;match_40_to_ff:90185;trailing_literal_0:117465;trailing_literal_1:16227;trailing_literal_2:17350;trailing_literal_3:5912
139	25	45	cm_generation_chunk	3	0x423689C	0x445A8D7	u32_compressed_in_8_byte_table_entry,sequential_payload	68078	1025768	91904	1024768	932864	00426FDB	ignores_return_and_actual_output_size;writes_min_remaining_chunk_prefix	0	0	1	5bc84c45e42bbe0f14218f9b729b56883e16dfbd7ce0b25e42c1e922e5de5b7e	32458f8be868d20f441b438e679cac2a99a5f1b90b4d9aa86558f6cd0dd2dccf	end_marker:1;literal_run_extended:500;literal_run_short:2516;match_10_to_1f_extended:45;match_10_to_1f_short:987;match_20_to_3f_extended:52;match_20_to_3f_short:2137;match_40_to_ff:5589;trailing_literal_0:6281;trailing_literal_1:1136;trailing_literal_2:862;trailing_literal_3:530
140	26	50	surface_grid	0	0x44802EB	0x44802EF	u32_compressed_before_payload,u32_post_payload_record_count	7045	85800	85800	85800	0	00426182	ignores_return_and_actual_output_size	0	0	1	5f25762132ca4f5e87de75388cfbe0fd3322fa0c7b55bf8f1ce2043967212223	5f25762132ca4f5e87de75388cfbe0fd3322fa0c7b55bf8f1ce2043967212223	end_marker:1;literal_run_short:9;match_10_to_1f_extended:5;match_10_to_1f_short:11;match_20_to_3f_extended:506;match_20_to_3f_short:534;match_40_to_ff:1610;trailing_literal_0:2639;trailing_literal_1:21;trailing_literal_2:2;trailing_literal_3:3
141	26	50	cm_generation_chunk	0	0x46985EA	0x4698776	u32_compressed_in_8_byte_table_entry,sequential_payload	759784	1025768	1024768	1024768	0	00426FDB	ignores_return_and_actual_output_size;writes_min_remaining_chunk_prefix	0	0	1	8c6fea681e6cb2d69db695aa7a5c8f84e40c7ea4b9c89cf93cf94367f47df8d2	8c6fea681e6cb2d69db695aa7a5c8f84e40c7ea4b9c89cf93cf94367f47df8d2	end_marker:1;literal_run_extended:3318;literal_run_short:30572;match_10_to_1f_extended:37;match_10_to_1f_short:7880;match_20_to_3f_extended:67;match_20_to_3f_short:18385;match_40_to_ff:119496;trailing_literal_0:98439;trailing_literal_1:23872;trailing_literal_2:14184;trailing_literal_3:9369
142	26	50	cm_generation_chunk	1	0x46985F2	0x4751F5E	u32_compressed_in_8_byte_table_entry,sequential_payload	745725	1025768	1024768	1024768	0	00426FDB	ignores_return_and_actual_output_size;writes_min_remaining_chunk_prefix	0	0	1	9d95df60edbb9b7b0db94c9d44fd478ad52ff46188f002972d6b78afff5ab773	9d95df60edbb9b7b0db94c9d44fd478ad52ff46188f002972d6b78afff5ab773	end_marker:1;literal_run_extended:2138;literal_run_short:31170;match_10_to_1f_extended:63;match_10_to_1f_short:9069;match_20_to_3f_extended:26;match_20_to_3f_short:21345;match_40_to_ff:122067;trailing_literal_0:102287;trailing_literal_1:24218;trailing_literal_2:16447;trailing_literal_3:9617
143	26	50	cm_generation_chunk	2	0x46985FA	0x480805B	u32_compressed_in_8_byte_table_entry,sequential_payload	761988	1025768	1024768	1024768	0	00426FDB	ignores_return_and_actual_output_size;writes_min_remaining_chunk_prefix	0	0	1	7b658452150082b938b798ae5b815f8e8ec8fb626dc61e01dd41286cc95efbd6	7b658452150082b938b798ae5b815f8e8ec8fb626dc61e01dd41286cc95efbd6	end_marker:1;literal_run_extended:3161;literal_run_short:29496;match_10_to_1f_extended:308;match_10_to_1f_short:7208;match_20_to_3f_extended:17;match_20_to_3f_short:21922;match_40_to_ff:117267;trailing_literal_0:100935;trailing_literal_1:22444;trailing_literal_2:14732;trailing_literal_3:8610
144	26	50	cm_generation_chunk	3	0x4698602	0x48C20DF	u32_compressed_in_8_byte_table_entry,sequential_payload	756353	1025768	1024768	1024768	0	00426FDB	ignores_return_and_actual_output_size;writes_min_remaining_chunk_prefix	0	0	1	0dfd6848f2af02e87129ee6c1f6f2a6073bf255a23b4b6629f25a6f3a7b568f5	0dfd6848f2af02e87129ee6c1f6f2a6073bf255a23b4b6629f25a6f3a7b568f5	end_marker:1;literal_run_extended:2499;literal_run_short:29568;match_10_to_1f_extended:16;match_10_to_1f_short:10305;match_20_to_3f_extended:25;match_20_to_3f_short:21542;match_40_to_ff:123814;trailing_literal_0:105779;trailing_literal_1:25452;trailing_literal_2:15240;trailing_literal_3:9230
145	26	50	cm_generation_chunk	4	0x469860A	0x497AB60	u32_compressed_in_8_byte_table_entry,sequential_payload	787351	1025768	1024768	1024768	0	00426FDB	ignores_return_and_actual_output_size;writes_min_remaining_chunk_prefix	0	0	1	4186173419103e1ef99a16f2493b8e7963415ca014eb3b53d9ea76d5e5072de7	4186173419103e1ef99a16f2493b8e7963415ca014eb3b53d9ea76d5e5072de7	end_marker:1;literal_run_extended:3382;literal_run_short:32016;match_10_to_1f_extended:8;match_10_to_1f_short:9761;match_20_to_3f_extended:37;match_20_to_3f_short:19833;match_40_to_ff:117249;trailing_literal_0:98748;trailing_literal_1:24362;trailing_literal_2:14426;trailing_literal_3:9351
146	26	50	cm_generation_chunk	5	0x4698612	0x4A3AEF7	u32_compressed_in_8_byte_table_entry,sequential_payload	807603	1025768	1024768	1024768	0	00426FDB	ignores_return_and_actual_output_size;writes_min_remaining_chunk_prefix	0	0	1	4246be08684557ff7dc42c5f4bac827600a8d2fa908a982051294af6be1841dc	4246be08684557ff7dc42c5f4bac827600a8d2fa908a982051294af6be1841dc	end_marker:1;literal_run_extended:4672;literal_run_short:31683;match_10_to_1f_extended:119;match_10_to_1f_short:8343;match_20_to_3f_extended:74;match_20_to_3f_short:16479;match_40_to_ff:107210;trailing_literal_0:88288;trailing_literal_1:22654;trailing_literal_2:12430;trailing_literal_3:8852
147	26	50	cm_generation_chunk	6	0x469861A	0x4B001AA	u32_compressed_in_8_byte_table_entry,sequential_payload	806299	1025768	1024768	1024768	0	00426FDB	ignores_return_and_actual_output_size;writes_min_remaining_chunk_prefix	0	0	1	efbfd6fdd28ded03b3d0c78214dd426b4d39230df0ce9dd82493fdd424ee4be3	efbfd6fdd28ded03b3d0c78214dd426b4d39230df0ce9dd82493fdd424ee4be3	end_marker:1;literal_run_extended:5068;literal_run_short:28891;match_10_to_1f_extended:277;match_10_to_1f_short:8742;match_20_to_3f_extended:58;match_20_to_3f_short:18904;match_40_to_ff:102987;trailing_literal_0:88708;trailing_literal_1:21407;trailing_literal_2:12430;trailing_literal_3:8422
148	26	50	cm_generation_chunk	7	0x4698622	0x4BC4F45	u32_compressed_in_8_byte_table_entry,sequential_payload	758400	1025768	1024768	1024768	0	00426FDB	ignores_return_and_actual_output_size;writes_min_remaining_chunk_prefix	0	0	1	5961c7b1a37568c2b4a52a643d5f3c25554ae20ce65ccff5795d755e3ff9e479	5961c7b1a37568c2b4a52a643d5f3c25554ae20ce65ccff5795d755e3ff9e479	end_marker:1;literal_run_extended:3037;literal_run_short:28951;match_10_to_1f_extended:1273;match_10_to_1f_short:11669;match_20_to_3f_extended:67;match_20_to_3f_short:27483;match_40_to_ff:104788;trailing_literal_0:95409;trailing_literal_1:25404;trailing_literal_2:15223;trailing_literal_3:9243
149	26	50	cm_generation_chunk	8	0x469862A	0x4C7E1C5	u32_compressed_in_8_byte_table_entry,sequential_payload	762250	1025768	1024768	1024768	0	00426FDB	ignores_return_and_actual_output_size;writes_min_remaining_chunk_prefix	0	0	1	0ea7cb1c015681c16630cb103e229ed2b7c1d83843d4c591f06d275ceaae8814	0ea7cb1c015681c16630cb103e229ed2b7c1d83843d4c591f06d275ceaae8814	end_marker:1;literal_run_extended:3659;literal_run_short:27596;match_10_to_1f_extended:981;match_10_to_1f_short:10512;match_20_to_3f_extended:58;match_20_to_3f_short:25447;match_40_to_ff:103848;trailing_literal_0:91344;trailing_literal_1:26275;trailing_literal_2:13728;trailing_literal_3:9498
150	26	50	cm_generation_chunk	9	0x4698632	0x4D3834F	u32_compressed_in_8_byte_table_entry,sequential_payload	835316	1025768	1024768	1024768	0	00426FDB	ignores_return_and_actual_output_size;writes_min_remaining_chunk_prefix	0	0	1	355b607490f04c8b76c2b08e45d05866e7d4c9c93966283876bab084747d8f22	355b607490f04c8b76c2b08e45d05866e7d4c9c93966283876bab084747d8f22	end_marker:1;literal_run_extended:2803;literal_run_short:39170;match_10_to_1f_extended:316;match_10_to_1f_short:29644;match_20_to_3f_extended:16;match_20_to_3f_short:34158;match_40_to_ff:77228;trailing_literal_0:99788;trailing_literal_1:14899;trailing_literal_2:19795;trailing_literal_3:6879
151	26	50	cm_generation_chunk	10	0x469863A	0x4E04243	u32_compressed_in_8_byte_table_entry,sequential_payload	608151	1025768	712704	1024768	312064	00426FDB	ignores_return_and_actual_output_size;writes_min_remaining_chunk_prefix	0	0	1	584f31bc81962fa23ce9050dcd9ca5991906e6cb4dc21cf480c958ad8dbfb1f0	f94537c73344344f2ccbb6eefb70d03606afcd108978f10c63184a51f22c67ab	end_marker:1;literal_run_extended:2962;literal_run_short:27899;match_10_to_1f_extended:200;match_10_to_1f_short:20670;match_20_to_3f_extended:2;match_20_to_3f_short:23132;match_40_to_ff:44469;trailing_literal_0:63353;trailing_literal_1:8058;trailing_literal_2:12861;trailing_literal_3:4200
152	27	51	surface_grid	0	0x4EA3392	0x4EA3396	u32_compressed_before_payload,u32_post_payload_record_count	2821	43200	43200	43200	0	00426182	ignores_return_and_actual_output_size	0	0	1	3622e5f299f9484c79bc2f9209158e1be190a483f18da09a16486cc87e582cab	3622e5f299f9484c79bc2f9209158e1be190a483f18da09a16486cc87e582cab	end_marker:1;literal_run_short:7;match_10_to_1f_extended:1;match_10_to_1f_short:2;match_20_to_3f_extended:217;match_20_to_3f_short:275;match_40_to_ff:493;trailing_literal_0:965;trailing_literal_1:17;trailing_literal_2:3;trailing_literal_3:2
153	27	51	cm_generation_chunk	0	0x4EABB62	0x4EABCEE	u32_compressed_in_8_byte_table_entry,sequential_payload	545129	1025768	1024768	1024768	0	00426FDB	ignores_return_and_actual_output_size;writes_min_remaining_chunk_prefix	0	0	1	00cc54e98ca5a193ca1c5435ccbe770cdd2f48240dc3e6eb64ac38a3a8732c41	00cc54e98ca5a193ca1c5435ccbe770cdd2f48240dc3e6eb64ac38a3a8732c41	end_marker:1;literal_run_extended:598;literal_run_short:17966;match_10_to_1f_extended:371;match_10_to_1f_short:16633;match_20_to_3f_extended:374;match_20_to_3f_short:17052;match_40_to_ff:112183;trailing_literal_0:110983;trailing_literal_1:17167;trailing_literal_2:12585;trailing_literal_3:5877
154	27	51	cm_generation_chunk	1	0x4EABB6A	0x4F30E57	u32_compressed_in_8_byte_table_entry,sequential_payload	536149	1025768	1024768	1024768	0	00426FDB	ignores_return_and_actual_output_size;writes_min_remaining_chunk_prefix	0	0	1	7f0c7937bd8269882fef1bcf8b8503fb537226da57c1f6b823ad69fb92e571cb	7f0c7937bd8269882fef1bcf8b8503fb537226da57c1f6b823ad69fb92e571cb	end_marker:1;literal_run_extended:423;literal_run_short:13860;match_10_to_1f_extended:422;match_10_to_1f_short:19455;match_20_to_3f_extended:306;match_20_to_3f_short:20181;match_40_to_ff:120579;trailing_literal_0:127698;trailing_literal_1:16971;trailing_literal_2:11293;trailing_literal_3:4980
155	27	51	cm_generation_chunk	2	0x4EABB72	0x4FB3CAC	u32_compressed_in_8_byte_table_entry,sequential_payload	29041	1025768	61952	1024768	962816	00426FDB	ignores_return_and_actual_output_size;writes_min_remaining_chunk_prefix	0	0	1	7123f6a40cf35bad37d4a90995d80783c0f21835b112134aa5551165824a5673	39582b6b13ce3d2207fe7d36882af1510b9d8238c70b8237b2b25b01da2cae06	end_marker:1;literal_run_extended:27;literal_run_short:828;match_10_to_1f_extended:5;match_10_to_1f_short:85;match_20_to_3f_extended:52;match_20_to_3f_short:1766;match_40_to_ff:4868;trailing_literal_0:5396;trailing_literal_1:657;trailing_literal_2:506;trailing_literal_3:216
156	28	52	surface_grid	0	0x5004D6D	0x5004D71	u32_compressed_before_payload,u32_post_payload_record_count	13121	302680	302680	302680	0	00426182	ignores_return_and_actual_output_size	0	0	1	1d4d3ce63ba47bc3ec2de37241b7749ae9dea817c6938255665cccf6d3f33685	1d4d3ce63ba47bc3ec2de37241b7749ae9dea817c6938255665cccf6d3f33685	end_marker:1;literal_run_short:23;match_10_to_1f_extended:15;match_10_to_1f_short:40;match_20_to_3f_extended:860;match_20_to_3f_short:1340;match_40_to_ff:2289;trailing_literal_0:4488;trailing_literal_1:35;trailing_literal_2:16;trailing_literal_3:4
157	28	52	cm_generation_chunk	0	0x50A72B6	0x50A7442	u32_compressed_in_8_byte_table_entry,sequential_payload	789691	1025768	1024768	1024768	0	00426FDB	ignores_return_and_actual_output_size;writes_min_remaining_chunk_prefix	0	0	1	5b60ca755d7ba45e0dbcacd97b9e3cdf3d7be5641a0e8322557bc8be2d78e2b3	5b60ca755d7ba45e0dbcacd97b9e3cdf3d7be5641a0e8322557bc8be2d78e2b3	end_marker:1;literal_run_extended:4742;literal_run_short:32246;match_10_to_1f_extended:163;match_10_to_1f_short:16823;match_20_to_3f_extended:209;match_20_to_3f_short:22232;match_40_to_ff:83789;trailing_literal_0:84756;trailing_literal_1:17541;trailing_literal_2:12929;trailing_literal_3:7989
158	28	52	cm_generation_chunk	1	0x50A72BE	0x51680FD	u32_compressed_in_8_byte_table_entry,sequential_payload	665699	1025768	1024768	1024768	0	00426FDB	ignores_return_and_actual_output_size;writes_min_remaining_chunk_prefix	0	0	1	ce367df1d272098470bfd7d9a121aa00bba9037926f2215cb73b9557c9113430	ce367df1d272098470bfd7d9a121aa00bba9037926f2215cb73b9557c9113430	end_marker:1;literal_run_extended:1804;literal_run_short:22077;match_10_to_1f_extended:164;match_10_to_1f_short:14236;match_20_to_3f_extended:228;match_20_to_3f_short:32633;match_40_to_ff:109901;trailing_literal_0:115973;trailing_literal_1:20786;trailing_literal_2:13493;trailing_literal_3:6909
159	28	52	cm_generation_chunk	2	0x50A72C6	0x520A960	u32_compressed_in_8_byte_table_entry,sequential_payload	719532	1025768	1024768	1024768	0	00426FDB	ignores_return_and_actual_output_size;writes_min_remaining_chunk_prefix	0	0	1	8d1197187091ebe93e44c267af582effd62def84e69d9fb1508331a70d2d865c	8d1197187091ebe93e44c267af582effd62def84e69d9fb1508331a70d2d865c	end_marker:1;literal_run_extended:2846;literal_run_short:27411;match_10_to_1f_extended:60;match_10_to_1f_short:11384;match_20_to_3f_extended:227;match_20_to_3f_short:25414;match_40_to_ff:108196;trailing_literal_0:104310;trailing_literal_1:19838;trailing_literal_2:13383;trailing_literal_3:7749
160	28	52	cm_generation_chunk	3	0x50A72CE	0x52BA40C	u32_compressed_in_8_byte_table_entry,sequential_payload	721632	1025768	1024768	1024768	0	00426FDB	ignores_return_and_actual_output_size;writes_min_remaining_chunk_prefix	0	0	1	dd8d12b0024ddec8cb24c42f2126c384230382abcd13b635156eecc1f7ad4612	dd8d12b0024ddec8cb24c42f2126c384230382abcd13b635156eecc1f7ad4612	end_marker:1;literal_run_extended:2622;literal_run_short:27662;match_10_to_1f_extended:74;match_10_to_1f_short:13463;match_20_to_3f_extended:188;match_20_to_3f_short:31114;match_40_to_ff:102580;trailing_literal_0:108744;trailing_literal_1:18195;trailing_literal_2:13471;trailing_literal_3:7008
161	28	52	cm_generation_chunk	4	0x50A72D6	0x536A6EC	u32_compressed_in_8_byte_table_entry,sequential_payload	713334	1025768	1024768	1024768	0	00426FDB	ignores_return_and_actual_output_size;writes_min_remaining_chunk_prefix	0	0	1	8ed006c24474a86e26dfa25c6059c1d62278f924f6c1d5df088120fa8d5b33f5	8ed006c24474a86e26dfa25c6059c1d62278f924f6c1d5df088120fa8d5b33f5	end_marker:1;literal_run_extended:1672;literal_run_short:26769;match_10_to_1f_extended:79;match_10_to_1f_short:20580;match_20_to_3f_extended:279;match_20_to_3f_short:38321;match_40_to_ff:96529;trailing_literal_0:110444;trailing_literal_1:19618;trailing_literal_2:18301;trailing_literal_3:7424
162	28	52	cm_generation_chunk	5	0x50A72DE	0x5418962	u32_compressed_in_8_byte_table_entry,sequential_payload	711956	1025768	1024768	1024768	0	00426FDB	ignores_return_and_actual_output_size;writes_min_remaining_chunk_prefix	0	0	1	9829e846c6f152719bb2a218926eda4dfda6332f637eec6b4761fa938ec0c278	9829e846c6f152719bb2a218926eda4dfda6332f637eec6b4761fa938ec0c278	end_marker:1;literal_run_extended:2898;literal_run_short:25774;match_10_to_1f_extended:279;match_10_to_1f_short:19153;match_20_to_3f_extended:299;match_20_to_3f_short:26791;match_40_to_ff:97342;trailing_literal_0:104235;trailing_literal_1:18310;trailing_literal_2:14300;trailing_literal_3:7018
163	28	52	cm_generation_chunk	6	0x50A72E6	0x54C6676	u32_compressed_in_8_byte_table_entry,sequential_payload	633659	1025768	1024768	1024768	0	00426FDB	ignores_return_and_actual_output_size;writes_min_remaining_chunk_prefix	0	0	1	a3bcf99021b50a65ddf02b329e457867a9dc9171f980904b772a99444cf9e166	a3bcf99021b50a65ddf02b329e457867a9dc9171f980904b772a99444cf9e166	end_marker:1;literal_run_extended:1393;literal_run_short:19296;match_10_to_1f_extended:162;match_10_to_1f_short:15038;match_20_to_3f_extended:297;match_20_to_3f_short:26992;match_40_to_ff:120367;trailing_literal_0:121857;trailing_literal_1:19997;trailing_literal_2:14665;trailing_literal_3:6336
164	28	52	cm_generation_chunk	7	0x50A72EE	0x55611B1	u32_compressed_in_8_byte_table_entry,sequential_payload	642476	1025768	1024768	1024768	0	00426FDB	ignores_return_and_actual_output_size;writes_min_remaining_chunk_prefix	0	0	1	414e5c1776602a730ec55505e7cf9004b5c9833cb27d534bf1ee1e39c6fdea09	414e5c1776602a730ec55505e7cf9004b5c9833cb27d534bf1ee1e39c6fdea09	end_marker:1;literal_run_extended:2083;literal_run_short:18478;match_10_to_1f_extended:79;match_10_to_1f_short:6798;match_20_to_3f_extended:381;match_20_to_3f_short:28808;match_40_to_ff:122782;trailing_literal_0:120948;trailing_literal_1:19159;trailing_literal_2:12864;trailing_literal_3:5876
165	28	52	cm_generation_chunk	8	0x50A72F6	0x55FDF5D	u32_compressed_in_8_byte_table_entry,sequential_payload	637839	1025768	950784	1024768	73984	00426FDB	ignores_return_and_actual_output_size;writes_min_remaining_chunk_prefix	0	0	1	510383c4040868e24ec65c70e4f655018b6931a4614a58e1731244b7481e965f	7cfcaa85d7a4ea96362565d518932889ef496b18caebd5d237ad244ca4993813	end_marker:1;literal_run_extended:1722;literal_run_short:20467;match_10_to_1f_extended:79;match_10_to_1f_short:14068;match_20_to_3f_extended:215;match_20_to_3f_short:34056;match_40_to_ff:100580;trailing_literal_0:109075;trailing_literal_1:17882;trailing_literal_2:15874;trailing_literal_3:6166
166	29	53	surface_grid	0	0x569D424	0x569D428	u32_compressed_before_payload,u32_post_payload_record_count	632	4800	4800	4800	0	00426182	ignores_return_and_actual_output_size	0	0	1	58e71dfa898b4435e3384aff26b0f6b067d6eea252f72e78caa01feb1e302256	58e71dfa898b4435e3384aff26b0f6b067d6eea252f72e78caa01feb1e302256	end_marker:1;literal_run_short:2;match_10_to_1f_short:1;match_20_to_3f_extended:29;match_20_to_3f_short:67;match_40_to_ff:136;trailing_literal_0:216;trailing_literal_1:11;trailing_literal_2:3;trailing_literal_3:2
167	29	53	cm_generation_chunk	0	0x56A1027	0x56A11B3	u32_compressed_in_8_byte_table_entry,sequential_payload	365338	1025768	494592	1024768	530176	00426FDB	ignores_return_and_actual_output_size;writes_min_remaining_chunk_prefix	0	0	1	504bf2e43309082d8de5dcd53466939fc6e389dacf4f0404f12699cdd36fd90f	a26334d54e40cdbde339e064ace87924275abae9b3d5838f7a3832e8312102bf	end_marker:1;literal_run_extended:1940;literal_run_short:13462;match_10_to_1f_extended:45;match_10_to_1f_short:7540;match_20_to_3f_extended:133;match_20_to_3f_short:15998;match_40_to_ff:39044;trailing_literal_0:44757;trailing_literal_1:8078;trailing_literal_2:6627;trailing_literal_3:3297
168	30	54	surface_grid	0	0x5721B23	0x5721B27	u32_compressed_before_payload,u32_post_payload_record_count	2928	53704	53704	53704	0	00426182	ignores_return_and_actual_output_size	0	0	1	94420ea842b61fe8e654f55ecfa2cf65816fa28e3a4c196446b74df9d61f0cce	94420ea842b61fe8e654f55ecfa2cf65816fa28e3a4c196446b74df9d61f0cce	end_marker:1;literal_run_short:7;match_10_to_1f_extended:1;match_10_to_1f_short:3;match_20_to_3f_extended:209;match_20_to_3f_short:297;match_40_to_ff:517;trailing_literal_0:1006;trailing_literal_1:14;trailing_literal_2:3;trailing_literal_3:3
169	30	54	cm_generation_chunk	0	0x5729C67	0x5729DF3	u32_compressed_in_8_byte_table_entry,sequential_payload	754066	1025768	1024768	1024768	0	00426FDB	ignores_return_and_actual_output_size;writes_min_remaining_chunk_prefix	0	0	1	dd49bf4bd620822a14111bd68f22baeb470c3f1beda362a525cc59e720c34ec5	dd49bf4bd620822a14111bd68f22baeb470c3f1beda362a525cc59e720c34ec5	end_marker:1;literal_run_extended:3784;literal_run_short:25655;match_10_to_1f_extended:194;match_10_to_1f_short:25023;match_20_to_3f_extended:167;match_20_to_3f_short:18737;match_40_to_ff:102625;trailing_literal_0:107519;trailing_literal_1:18484;trailing_literal_2:13989;trailing_literal_3:6753
170	30	54	cm_generation_chunk	1	0x5729C6F	0x57E1F85	u32_compressed_in_8_byte_table_entry,sequential_payload	792719	1025768	1024768	1024768	0	00426FDB	ignores_return_and_actual_output_size;writes_min_remaining_chunk_prefix	0	0	1	3ba530edc90ec22bc1891a474e8f7d112af783d295028400b4bd36aff5f53c06	3ba530edc90ec22bc1891a474e8f7d112af783d295028400b4bd36aff5f53c06	end_marker:1;literal_run_extended:4661;literal_run_short:27252;match_10_to_1f_extended:167;match_10_to_1f_short:27131;match_20_to_3f_extended:92;match_20_to_3f_short:17522;match_40_to_ff:97514;trailing_literal_0:104576;trailing_literal_1:16831;trailing_literal_2:14314;trailing_literal_3:6704
171	30	54	cm_generation_chunk	2	0x5729C77	0x58A3814	u32_compressed_in_8_byte_table_entry,sequential_payload	812699	1025768	1024768	1024768	0	00426FDB	ignores_return_and_actual_output_size;writes_min_remaining_chunk_prefix	0	0	1	57dc504d347dfb69203d1fd1c0a4f9101be984714fae14aeca3992243d505d53	57dc504d347dfb69203d1fd1c0a4f9101be984714fae14aeca3992243d505d53	end_marker:1;literal_run_extended:5624;literal_run_short:29362;match_10_to_1f_extended:132;match_10_to_1f_short:17879;match_20_to_3f_extended:155;match_20_to_3f_short:18300;match_40_to_ff:91630;trailing_literal_0:94084;trailing_literal_1:15720;trailing_literal_2:11666;trailing_literal_3:6625
172	30	54	cm_generation_chunk	3	0x5729C7F	0x5969EAF	u32_compressed_in_8_byte_table_entry,sequential_payload	899642	1025768	1024768	1024768	0	00426FDB	ignores_return_and_actual_output_size;writes_min_remaining_chunk_prefix	0	0	1	2e7fd62c46a3e2719acf1d69b627f5eb9886369a27cc83a5ab50c9898b7f4145	2e7fd62c46a3e2719acf1d69b627f5eb9886369a27cc83a5ab50c9898b7f4145	end_marker:1;literal_run_extended:7651;literal_run_short:36223;match_10_to_1f_extended:60;match_10_to_1f_short:10842;match_20_to_3f_extended:29;match_20_to_3f_short:15669;match_40_to_ff:80449;trailing_literal_0:73703;trailing_literal_1:15170;trailing_literal_2:10127;trailing_literal_3:8048
173	30	54	cm_generation_chunk	4	0x5729C87	0x5A458E9	u32_compressed_in_8_byte_table_entry,sequential_payload	184826	1025768	211456	1024768	813312	00426FDB	ignores_return_and_actual_output_size;writes_min_remaining_chunk_prefix	0	0	1	654beee8c6ca0e6b5b51f21930fd2ca2688cdb96603ff63bcd9ff3868593085a	4dc53abfa44b3627ae460b067dd0626f85fb117c3ca9c303ae249fd59e5744f0	end_marker:1;literal_run_extended:1516;literal_run_short:7298;match_10_to_1f_extended:18;match_10_to_1f_short:2229;match_20_to_3f_extended:11;match_20_to_3f_short:3649;match_40_to_ff:16168;trailing_literal_0:15230;trailing_literal_1:3167;trailing_literal_2:2116;trailing_literal_3:1561
174	31	55	surface_grid	0	0x5A9A139	0x5A9A13D	u32_compressed_before_payload,u32_post_payload_record_count	3223	53704	53704	53704	0	00426182	ignores_return_and_actual_output_size	0	0	1	01d5c6927cfb98fd30567e8c0c637e3e5194493ca8469e08d44498a7be539e66	01d5c6927cfb98fd30567e8c0c637e3e5194493ca8469e08d44498a7be539e66	end_marker:1;literal_run_short:6;match_10_to_1f_extended:2;match_10_to_1f_short:3;match_20_to_3f_extended:189;match_20_to_3f_short:423;match_40_to_ff:521;trailing_literal_0:1117;trailing_literal_1:16;trailing_literal_2:2;trailing_literal_3:2
175	31	55	cm_generation_chunk	0	0x5AA2228	0x5AA23B4	u32_compressed_in_8_byte_table_entry,sequential_payload	755330	1025768	1024768	1024768	0	00426FDB	ignores_return_and_actual_output_size;writes_min_remaining_chunk_prefix	0	0	1	6bc05fe3ddc6087ae719a280e8c65c76d8398e8310ee395fe878273543cb0d13	6bc05fe3ddc6087ae719a280e8c65c76d8398e8310ee395fe878273543cb0d13	end_marker:1;literal_run_extended:3877;literal_run_short:25565;match_10_to_1f_extended:184;match_10_to_1f_short:25116;match_20_to_3f_extended:105;match_20_to_3f_short:18412;match_40_to_ff:103460;trailing_literal_0:108355;trailing_literal_1:18207;trailing_literal_2:13941;trailing_literal_3:6773
176	31	55	cm_generation_chunk	1	0x5AA2230	0x5B5AA36	u32_compressed_in_8_byte_table_entry,sequential_payload	794214	1025768	1024768	1024768	0	00426FDB	ignores_return_and_actual_output_size;writes_min_remaining_chunk_prefix	0	0	1	4dd05d12e369bd7b3fe0b039443a64f0309c283439d745ba7ca5c55cf95e0418	4dd05d12e369bd7b3fe0b039443a64f0309c283439d745ba7ca5c55cf95e0418	end_marker:1;literal_run_extended:4617;literal_run_short:27476;match_10_to_1f_extended:152;match_10_to_1f_short:27293;match_20_to_3f_extended:44;match_20_to_3f_short:17382;match_40_to_ff:97777;trailing_literal_0:104989;trailing_literal_1:16763;trailing_literal_2:14312;trailing_literal_3:6583
177	31	55	cm_generation_chunk	2	0x5AA2238	0x5C1C89C	u32_compressed_in_8_byte_table_entry,sequential_payload	814557	1025768	1024768	1024768	0	00426FDB	ignores_return_and_actual_output_size;writes_min_remaining_chunk_prefix	0	0	1	a1dc30152c1bc885fc7bddba1ce0faf5f358cf0801bc5b4448e26dd9d4bc5ae6	a1dc30152c1bc885fc7bddba1ce0faf5f358cf0801bc5b4448e26dd9d4bc5ae6	end_marker:1;literal_run_extended:5598;literal_run_short:29367;match_10_to_1f_extended:125;match_10_to_1f_short:18323;match_20_to_3f_extended:72;match_20_to_3f_short:18401;match_40_to_ff:91739;trailing_literal_0:94216;trailing_literal_1:15931;trailing_literal_2:11784;trailing_literal_3:6728
178	31	55	cm_generation_chunk	3	0x5AA2240	0x5CE3679	u32_compressed_in_8_byte_table_entry,sequential_payload	899260	1025768	1024768	1024768	0	00426FDB	ignores_return_and_actual_output_size;writes_min_remaining_chunk_prefix	0	0	1	e1c8696d41592cae74afca144156abfaebfd916de319482155f486a19f7bbf62	e1c8696d41592cae74afca144156abfaebfd916de319482155f486a19f7bbf62	end_marker:1;literal_run_extended:7539;literal_run_short:36349;match_10_to_1f_extended:61;match_10_to_1f_short:11551;match_20_to_3f_extended:23;match_20_to_3f_short:15698;match_40_to_ff:80276;trailing_literal_0:73961;trailing_literal_1:15439;trailing_literal_2:10120;trailing_literal_3:8088
179	31	55	cm_generation_chunk	4	0x5AA2248	0x5DBEF35	u32_compressed_in_8_byte_table_entry,sequential_payload	181538	1025768	205312	1024768	819456	00426FDB	ignores_return_and_actual_output_size;writes_min_remaining_chunk_prefix	0	0	1	cd2d8a89ff37d5e5d4e2241ce582091b93a2f21ad0f5c056827c08c713236ded	10a81e22461ca9f4b5077b5441b36c66154a105a65664dacb7ce4424163db9fa	end_marker:1;literal_run_extended:1525;literal_run_short:6950;match_10_to_1f_extended:13;match_10_to_1f_short:2291;match_20_to_3f_extended:10;match_20_to_3f_short:3197;match_40_to_ff:15993;trailing_literal_0:14679;trailing_literal_1:3073;trailing_literal_2:2141;trailing_literal_3:1610
180	32	57	surface_grid	0	0x5DFE86F	0x5DFE873	u32_compressed_before_payload,u32_post_payload_record_count	3223	78624	78624	78624	0	00426182	ignores_return_and_actual_output_size	0	0	1	7a8df800eb663cf8303b555b8365bf02abc5ab41a8da18350447b543be896799	7a8df800eb663cf8303b555b8365bf02abc5ab41a8da18350447b543be896799	end_marker:1;literal_run_short:5;match_10_to_1f_short:9;match_20_to_3f_extended:274;match_20_to_3f_short:298;match_40_to_ff:494;trailing_literal_0:1049;trailing_literal_1:19;trailing_literal_2:5;trailing_literal_3:1
181	32	57	cm_generation_chunk	0	0x5E24629	0x5E247B5	u32_compressed_in_8_byte_table_entry,sequential_payload	751657	1025768	1024768	1024768	0	00426FDB	ignores_return_and_actual_output_size;writes_min_remaining_chunk_prefix	0	0	1	44e90ec5a577db120a5a20b86fa3e70045f049760edb66e98e58d4a69d2bbe40	44e90ec5a577db120a5a20b86fa3e70045f049760edb66e98e58d4a69d2bbe40	end_marker:1;literal_run_extended:3299;literal_run_short:28280;match_10_to_1f_extended:181;match_10_to_1f_short:23247;match_20_to_3f_extended:178;match_20_to_3f_short:29286;match_40_to_ff:89734;trailing_literal_0:104732;trailing_literal_1:16410;trailing_literal_2:14992;trailing_literal_3:6491
182	32	57	cm_generation_chunk	1	0x5E24631	0x5EDBFDE	u32_compressed_in_8_byte_table_entry,sequential_payload	749230	1025768	1024768	1024768	0	00426FDB	ignores_return_and_actual_output_size;writes_min_remaining_chunk_prefix	0	0	1	c906b95056655713fb5cfb48660a78cbc9d71b7501cb81a0c00b9a3545b54f44	c906b95056655713fb5cfb48660a78cbc9d71b7501cb81a0c00b9a3545b54f44	end_marker:1;literal_run_extended:3074;literal_run_short:28430;match_10_to_1f_extended:78;match_10_to_1f_short:16384;match_20_to_3f_extended:206;match_20_to_3f_short:30095;match_40_to_ff:100013;trailing_literal_0:105518;trailing_literal_1:19157;trailing_literal_2:15123;trailing_literal_3:6977
183	32	57	cm_generation_chunk	2	0x5E24639	0x5F92E8C	u32_compressed_in_8_byte_table_entry,sequential_payload	288928	1025768	458240	1024768	566528	00426FDB	ignores_return_and_actual_output_size;writes_min_remaining_chunk_prefix	0	0	1	883142851e7bcc01b408aa9582f81f5e753f88f4ca442610e49d66c538cc7a94	6b5f41dde4faf3106402fbf43ef1604f2dcfcf0ebb037b3b5a7ca07f6aa41037	end_marker:1;literal_run_extended:507;literal_run_short:8388;match_10_to_1f_extended:34;match_10_to_1f_short:7815;match_20_to_3f_extended:305;match_20_to_3f_short:23453;match_40_to_ff:40524;trailing_literal_0:55138;trailing_literal_1:7186;trailing_literal_2:7477;trailing_literal_3:2329
184	33	58	surface_grid	0	0x5FE6EBC	0x5FE6EC0	u32_compressed_before_payload,u32_post_payload_record_count	2707	54936	54936	54936	0	00426182	ignores_return_and_actual_output_size	0	0	1	487af51949704d4fb4d8117da6f5a128c094a0179beecc3e0338628b6a89216f	487af51949704d4fb4d8117da6f5a128c094a0179beecc3e0338628b6a89216f	end_marker:1;literal_run_short:5;match_10_to_1f_short:2;match_20_to_3f_extended:254;match_20_to_3f_short:236;match_40_to_ff:430;trailing_literal_0:911;trailing_literal_1:7;trailing_literal_2:3
185	33	58	cm_generation_chunk	0	0x60066FA	0x6006886	u32_compressed_in_8_byte_table_entry,sequential_payload	756715	1025768	1024768	1024768	0	00426FDB	ignores_return_and_actual_output_size;writes_min_remaining_chunk_prefix	0	0	1	76eb187b4f6744763999d5c0d589a54f7adc6850b81741b81c535310774aa62d	76eb187b4f6744763999d5c0d589a54f7adc6850b81741b81c535310774aa62d	end_marker:1;literal_run_extended:3333;literal_run_short:28500;match_10_to_1f_extended:171;match_10_to_1f_short:23494;match_20_to_3f_extended:153;match_20_to_3f_short:29276;match_40_to_ff:90306;trailing_literal_0:105194;trailing_literal_1:16465;trailing_literal_2:15206;trailing_literal_3:6534
186	33	58	cm_generation_chunk	1	0x6006702	0x60BF471	u32_compressed_in_8_byte_table_entry,sequential_payload	641101	1025768	951040	1024768	73728	00426FDB	ignores_return_and_actual_output_size;writes_min_remaining_chunk_prefix	0	0	1	ee8658bf301852b6e70be84fcaeb629ab5f44b54977a7667e115aa85f3db9961	5a9f6aa0569af06b4ae23b5c7aa90a64ca0f000c4afe96137faa281ec356ed5a	end_marker:1;literal_run_extended:2088;literal_run_short:22047;match_10_to_1f_extended:54;match_10_to_1f_short:18269;match_20_to_3f_extended:331;match_20_to_3f_short:34327;match_40_to_ff:85456;trailing_literal_0:101874;trailing_literal_1:16085;trailing_literal_2:14711;trailing_literal_3:5766
187	34	59	surface_grid	0	0x6177676	0x617767A	u32_compressed_before_payload,u32_post_payload_record_count	5093	112832	112832	112832	0	00426182	ignores_return_and_actual_output_size	0	0	1	81fa3c5a218f8d058d7f84a33c848c04bb331d2b1637da147fca61fd5b9c6bd6	81fa3c5a218f8d058d7f84a33c848c04bb331d2b1637da147fca61fd5b9c6bd6	end_marker:1;literal_run_short:5;match_10_to_1f_extended:4;match_10_to_1f_short:13;match_20_to_3f_extended:520;match_20_to_3f_short:421;match_40_to_ff:750;trailing_literal_0:1691;trailing_literal_1:11;trailing_literal_2:3;trailing_literal_3:2
188	34	59	cm_generation_chunk	0	0x61B43B1	0x61B453D	u32_compressed_in_8_byte_table_entry,sequential_payload	750537	1025768	1024768	1024768	0	00426FDB	ignores_return_and_actual_output_size;writes_min_remaining_chunk_prefix	0	0	1	80a61ffd1a8cc170af3e25084c32f101b94ecb553b00d89c139c1d117f1676ce	80a61ffd1a8cc170af3e25084c32f101b94ecb553b00d89c139c1d117f1676ce	end_marker:1;literal_run_extended:3269;literal_run_short:28163;match_10_to_1f_extended:162;match_10_to_1f_short:23079;match_20_to_3f_extended:169;match_20_to_3f_short:29239;match_40_to_ff:90180;trailing_literal_0:104741;trailing_literal_1:16579;trailing_literal_2:15036;trailing_literal_3:6472
189	34	59	cm_generation_chunk	1	0x61B43B9	0x626B906	u32_compressed_in_8_byte_table_entry,sequential_payload	748418	1025768	1024768	1024768	0	00426FDB	ignores_return_and_actual_output_size;writes_min_remaining_chunk_prefix	0	0	1	eb79ca3a436918e464190eeb5b4c55bf81d0c6259fa19dab893bc577853bf70a	eb79ca3a436918e464190eeb5b4c55bf81d0c6259fa19dab893bc577853bf70a	end_marker:1;literal_run_extended:3181;literal_run_short:27911;match_10_to_1f_extended:52;match_10_to_1f_short:15440;match_20_to_3f_extended:128;match_20_to_3f_short:31800;match_40_to_ff:98307;trailing_literal_0:105447;trailing_literal_1:18170;trailing_literal_2:15339;trailing_literal_3:6770
190	34	59	cm_generation_chunk	2	0x61B43C1	0x6322488	u32_compressed_in_8_byte_table_entry,sequential_payload	731229	1025768	1024768	1024768	0	00426FDB	ignores_return_and_actual_output_size;writes_min_remaining_chunk_prefix	0	0	1	2a647f01b88f3bdabe6fafda942425b441b9b72a7666d9c5d3d57f78d7d839bd	2a647f01b88f3bdabe6fafda942425b441b9b72a7666d9c5d3d57f78d7d839bd	end_marker:1;literal_run_extended:2432;literal_run_short:25209;match_10_to_1f_extended:240;match_10_to_1f_short:26533;match_20_to_3f_extended:137;match_20_to_3f_short:39890;match_40_to_ff:88285;trailing_literal_0:116128;trailing_literal_1:16185;trailing_literal_2:16784;trailing_literal_3:5987
191	34	59	cm_generation_chunk	3	0x61B43C9	0x63D4CE5	u32_compressed_in_8_byte_table_entry,sequential_payload	44785	1025768	64768	1024768	960000	00426FDB	ignores_return_and_actual_output_size;writes_min_remaining_chunk_prefix	0	0	1	399f9af1583a1ef1843bd53d90363d84af69686739c62b1e646245fcd80aa966	117c72dd9b69e2c4d7382bc404140313614a4492fd4053a9c583ddca7496b53d	end_marker:1;literal_run_extended:273;literal_run_short:1550;match_10_to_1f_extended:42;match_10_to_1f_short:529;match_20_to_3f_extended:46;match_20_to_3f_short:1499;match_40_to_ff:3782;trailing_literal_0:4252;trailing_literal_1:754;trailing_literal_2:564;trailing_literal_3:327
192	35	60	surface_grid	0	0x63FB58E	0x63FB592	u32_compressed_before_payload,u32_post_payload_record_count	5291	112832	112832	112832	0	00426182	ignores_return_and_actual_output_size	0	0	1	7b1acadc357f69d612f8e3d39b84b7dce7c975afff2714ba3644d02da117ed11	7b1acadc357f69d612f8e3d39b84b7dce7c975afff2714ba3644d02da117ed11	end_marker:1;literal_run_short:7;match_10_to_1f_extended:5;match_10_to_1f_short:11;match_20_to_3f_extended:507;match_20_to_3f_short:435;match_40_to_ff:854;trailing_literal_0:1798;trailing_literal_1:9;trailing_literal_2:3;trailing_literal_3:1
193	35	60	cm_generation_chunk	0	0x643848B	0x6438617	u32_compressed_in_8_byte_table_entry,sequential_payload	750450	1025768	1024768	1024768	0	00426FDB	ignores_return_and_actual_output_size;writes_min_remaining_chunk_prefix	0	0	1	019fcb1952830fa4436444aecbc7c36547b9c9b9d3bdb071d1aa03eac5fe4ee5	019fcb1952830fa4436444aecbc7c36547b9c9b9d3bdb071d1aa03eac5fe4ee5	end_marker:1;literal_run_extended:3267;literal_run_short:28136;match_10_to_1f_extended:158;match_10_to_1f_short:23060;match_20_to_3f_extended:169;match_20_to_3f_short:29254;match_40_to_ff:90295;trailing_literal_0:104863;trailing_literal_1:16569;trailing_literal_2:15025;trailing_literal_3:6478
194	35	60	cm_generation_chunk	1	0x6438493	0x64EF989	u32_compressed_in_8_byte_table_entry,sequential_payload	749103	1025768	1024768	1024768	0	00426FDB	ignores_return_and_actual_output_size;writes_min_remaining_chunk_prefix	0	0	1	8ce882193f9470dc47e8f0cded370450e5a812b50b96e87ce7e0477e9fed52eb	8ce882193f9470dc47e8f0cded370450e5a812b50b96e87ce7e0477e9fed52eb	end_marker:1;literal_run_extended:2831;literal_run_short:27749;match_10_to_1f_extended:44;match_10_to_1f_short:16748;match_20_to_3f_extended:149;match_20_to_3f_short:34886;match_40_to_ff:100239;trailing_literal_0:111658;trailing_literal_1:17801;trailing_literal_2:15952;trailing_literal_3:6654
195	35	60	cm_generation_chunk	2	0x643849B	0x65A67B8	u32_compressed_in_8_byte_table_entry,sequential_payload	695588	1025768	954880	1024768	69888	00426FDB	ignores_return_and_actual_output_size;writes_min_remaining_chunk_prefix	0	0	1	4756340a06ef643755a7fe100aab901918ff1f653c5292403095b0baa436272a	69d851f53296afb001a5da659f1f05f38d21a5a077f7dd70b6847f7e772520c5	end_marker:1;literal_run_extended:2714;literal_run_short:25663;match_10_to_1f_extended:279;match_10_to_1f_short:23673;match_20_to_3f_extended:115;match_20_to_3f_short:32068;match_40_to_ff:80829;trailing_literal_0:100789;trailing_literal_1:14963;trailing_literal_2:15272;trailing_literal_3:5939
196	36	62	surface_grid	0	0x6660D14	0x6660D18	u32_compressed_before_payload,u32_post_payload_record_count	3014	67392	67392	67392	0	00426182	ignores_return_and_actual_output_size	0	0	1	21c9d0a1d03ec03604520719909e70e76146109c143d5eac19fb9cf12d98e0c8	21c9d0a1d03ec03604520719909e70e76146109c143d5eac19fb9cf12d98e0c8	end_marker:1;literal_run_short:3;match_10_to_1f_extended:2;match_10_to_1f_short:4;match_20_to_3f_extended:264;match_20_to_3f_short:279;match_40_to_ff:477;trailing_literal_0:1004;trailing_literal_1:17;trailing_literal_2:4
197	36	62	cm_generation_chunk	0	0x6689614	0x66897A0	u32_compressed_in_8_byte_table_entry,sequential_payload	581251	1025768	1024768	1024768	0	00426FDB	ignores_return_and_actual_output_size;writes_min_remaining_chunk_prefix	0	0	1	c7d616f006d7a6c9586b7662feedbbc78bca7087b3ea34024a7120a58ccf1f71	c7d616f006d7a6c9586b7662feedbbc78bca7087b3ea34024a7120a58ccf1f71	end_marker:1;literal_run_extended:1397;literal_run_short:17447;match_10_to_1f_extended:3769;match_10_to_1f_short:12420;match_20_to_3f_extended:446;match_20_to_3f_short:42677;match_40_to_ff:77084;trailing_literal_0:100087;trailing_literal_1:18456;trailing_literal_2:12434;trailing_literal_3:5418
198	36	62	cm_generation_chunk	1	0x668961C	0x6717623	u32_compressed_in_8_byte_table_entry,sequential_payload	707134	1025768	1024768	1024768	0	00426FDB	ignores_return_and_actual_output_size;writes_min_remaining_chunk_prefix	0	0	1	a33c81da65ab4e0a247092daaadb2748905d83e536a061a6938a55f797df7987	a33c81da65ab4e0a247092daaadb2748905d83e536a061a6938a55f797df7987	end_marker:1;literal_run_extended:2216;literal_run_short:23853;match_10_to_1f_extended:970;match_10_to_1f_short:24611;match_20_to_3f_extended:179;match_20_to_3f_short:42712;match_40_to_ff:83890;trailing_literal_0:112952;trailing_literal_1:16498;trailing_literal_2:16968;trailing_literal_3:5943
199	36	62	cm_generation_chunk	2	0x6689624	0x67C4061	u32_compressed_in_8_byte_table_entry,sequential_payload	207048	1025768	286720	1024768	738048	00426FDB	ignores_return_and_actual_output_size;writes_min_remaining_chunk_prefix	0	0	1	fdfc44dd935f2871bda054353606d4edb6d5bedca616d817071e965cae575590	cb2557767a64b46747d2a82be130ec452b92d434947914d32dda241f182735dc	end_marker:1;literal_run_extended:846;literal_run_short:7599;match_10_to_1f_extended:100;match_10_to_1f_short:6000;match_20_to_3f_extended:65;match_20_to_3f_short:9549;match_40_to_ff:23799;trailing_literal_0:29438;trailing_literal_1:4146;trailing_literal_2:4190;trailing_literal_3:1738
200	37	63	surface_grid	0	0x68040B9	0x68040BD	u32_compressed_before_payload,u32_post_payload_record_count	2827	54936	54936	54936	0	00426182	ignores_return_and_actual_output_size	0	0	1	e02169e46c67794136068b2fdb7fff20e19baadbd8dde6d9f17a5fc69af551d4	e02169e46c67794136068b2fdb7fff20e19baadbd8dde6d9f17a5fc69af551d4	end_marker:1;literal_run_short:5;match_10_to_1f_short:1;match_20_to_3f_extended:289;match_20_to_3f_short:256;match_40_to_ff:390;trailing_literal_0:920;trailing_literal_1:10;trailing_literal_2:5
201	37	63	cm_generation_chunk	0	0x682519E	0x682532A	u32_compressed_in_8_byte_table_entry,sequential_payload	756715	1025768	1024768	1024768	0	00426FDB	ignores_return_and_actual_output_size;writes_min_remaining_chunk_prefix	0	0	1	76eb187b4f6744763999d5c0d589a54f7adc6850b81741b81c535310774aa62d	76eb187b4f6744763999d5c0d589a54f7adc6850b81741b81c535310774aa62d	end_marker:1;literal_run_extended:3333;literal_run_short:28500;match_10_to_1f_extended:171;match_10_to_1f_short:23494;match_20_to_3f_extended:153;match_20_to_3f_short:29276;match_40_to_ff:90306;trailing_literal_0:105194;trailing_literal_1:16465;trailing_literal_2:15206;trailing_literal_3:6534
202	37	63	cm_generation_chunk	1	0x68251A6	0x68DDF15	u32_compressed_in_8_byte_table_entry,sequential_payload	661737	1025768	946432	1024768	78336	00426FDB	ignores_return_and_actual_output_size;writes_min_remaining_chunk_prefix	0	0	1	d164134bc87e896c600206d8c0b67e330f8db434162b65440a0dc9d99914d5f6	cc4535d8057929b273350e8c5255369c73472bad186f3b9eba40b6d23d147ec8	end_marker:1;literal_run_extended:2186;literal_run_short:24011;match_10_to_1f_extended:70;match_10_to_1f_short:19034;match_20_to_3f_extended:325;match_20_to_3f_short:31517;match_40_to_ff:88866;trailing_literal_0:102206;trailing_literal_1:16466;trailing_literal_2:15278;trailing_literal_3:5861
203	38	65	surface_grid	0	0x6993D76	0x6993D7A	u32_compressed_before_payload,u32_post_payload_record_count	3047	83072	83072	83072	0	00426182	ignores_return_and_actual_output_size	0	0	1	24fd5eed7a66899385958e64793bafa4b0801f6c9d94e8e2b3176aba9dac6f38	24fd5eed7a66899385958e64793bafa4b0801f6c9d94e8e2b3176aba9dac6f38	end_marker:1;literal_run_short:6;match_10_to_1f_extended:3;match_10_to_1f_short:3;match_20_to_3f_extended:325;match_20_to_3f_short:242;match_40_to_ff:408;trailing_literal_0:970;trailing_literal_1:8;trailing_literal_2:2
204	38	65	cm_generation_chunk	0	0x69B6833	0x69B69BF	u32_compressed_in_8_byte_table_entry,sequential_payload	750450	1025768	1024768	1024768	0	00426FDB	ignores_return_and_actual_output_size;writes_min_remaining_chunk_prefix	0	0	1	019fcb1952830fa4436444aecbc7c36547b9c9b9d3bdb071d1aa03eac5fe4ee5	019fcb1952830fa4436444aecbc7c36547b9c9b9d3bdb071d1aa03eac5fe4ee5	end_marker:1;literal_run_extended:3267;literal_run_short:28136;match_10_to_1f_extended:158;match_10_to_1f_short:23060;match_20_to_3f_extended:169;match_20_to_3f_short:29254;match_40_to_ff:90295;trailing_literal_0:104863;trailing_literal_1:16569;trailing_literal_2:15025;trailing_literal_3:6478
205	38	65	cm_generation_chunk	1	0x69B683B	0x6A6DD31	u32_compressed_in_8_byte_table_entry,sequential_payload	765193	1025768	1024768	1024768	0	00426FDB	ignores_return_and_actual_output_size;writes_min_remaining_chunk_prefix	0	0	1	fb625f83555805942294928e317c179487bcf2d94dde0927097fc335be431a3c	fb625f83555805942294928e317c179487bcf2d94dde0927097fc335be431a3c	end_marker:1;literal_run_extended:3183;literal_run_short:29610;match_10_to_1f_extended:60;match_10_to_1f_short:15896;match_20_to_3f_extended:134;match_20_to_3f_short:30409;match_40_to_ff:100995;trailing_literal_0:106459;trailing_literal_1:18394;trailing_literal_2:15667;trailing_literal_3:6973
206	38	65	cm_generation_chunk	2	0x69B6843	0x6B28A3A	u32_compressed_in_8_byte_table_entry,sequential_payload	112858	1025768	196608	1024768	828160	00426FDB	ignores_return_and_actual_output_size;writes_min_remaining_chunk_prefix	0	0	1	e8aa7303029120585a21df8faa70be12619f26a6aa903a57bd0f0aefc270af3b	9f36fa5425a375306a0ef935e957bcfed9be27e0f3cce4519460048c43d8547d	end_marker:1;literal_run_extended:94;literal_run_short:2057;match_10_to_1f_extended:161;match_10_to_1f_short:3420;match_20_to_3f_extended:143;match_20_to_3f_short:11903;match_40_to_ff:16847;trailing_literal_0:25610;trailing_literal_1:2972;trailing_literal_2:3226;trailing_literal_3:665
207	39	67	surface_grid	0	0x6B5FCCC	0x6B5FCD0	u32_compressed_before_payload,u32_post_payload_record_count	4982	112832	112832	112832	0	00426182	ignores_return_and_actual_output_size	0	0	1	6a7da1341abc14284c464fe463e678ccbca67953d51517492dc74d5fcf627761	6a7da1341abc14284c464fe463e678ccbca67953d51517492dc74d5fcf627761	end_marker:1;literal_run_short:6;match_10_to_1f_extended:4;match_10_to_1f_short:8;match_20_to_3f_extended:441;match_20_to_3f_short:452;match_40_to_ff:781;trailing_literal_0:1670;trailing_literal_1:11;trailing_literal_2:3;trailing_literal_3:1
208	39	67	cm_generation_chunk	0	0x6B9D6A5	0x6B9D831	u32_compressed_in_8_byte_table_entry,sequential_payload	759460	1025768	1024768	1024768	0	00426FDB	ignores_return_and_actual_output_size;writes_min_remaining_chunk_prefix	0	0	1	3710673bde5a39dda26d824e84dcd27dac4c55fb44fa9ba49d48cc115222e3ab	3710673bde5a39dda26d824e84dcd27dac4c55fb44fa9ba49d48cc115222e3ab	end_marker:1;literal_run_extended:3356;literal_run_short:28732;match_10_to_1f_extended:181;match_10_to_1f_short:23474;match_20_to_3f_extended:142;match_20_to_3f_short:29258;match_40_to_ff:90204;trailing_literal_0:105010;trailing_literal_1:16515;trailing_literal_2:15168;trailing_literal_3:6565
209	39	67	cm_generation_chunk	1	0x6B9D6AD	0x6C56ED5	u32_compressed_in_8_byte_table_entry,sequential_payload	754825	1025768	1024768	1024768	0	00426FDB	ignores_return_and_actual_output_size;writes_min_remaining_chunk_prefix	0	0	1	8aafe2a8ee14b72e8a748e2bff7fc75128819863b53b09a67ddd73a42aa4f843	8aafe2a8ee14b72e8a748e2bff7fc75128819863b53b09a67ddd73a42aa4f843	end_marker:1;literal_run_extended:3084;literal_run_short:29042;match_10_to_1f_extended:54;match_10_to_1f_short:16207;match_20_to_3f_extended:177;match_20_to_3f_short:30843;match_40_to_ff:100671;trailing_literal_0:107777;trailing_literal_1:17693;trailing_literal_2:15684;trailing_literal_3:6797
210	39	67	cm_generation_chunk	2	0x6B9D6B5	0x6D0F35E	u32_compressed_in_8_byte_table_entry,sequential_payload	729846	1025768	1024768	1024768	0	00426FDB	ignores_return_and_actual_output_size;writes_min_remaining_chunk_prefix	0	0	1	7b766e4a15341f56b2b3aa5547134c9e60fc1a1200228f7c365199f7d40bf8d7	7b766e4a15341f56b2b3aa5547134c9e60fc1a1200228f7c365199f7d40bf8d7	end_marker:1;literal_run_extended:2337;literal_run_short:25126;match_10_to_1f_extended:240;match_10_to_1f_short:25620;match_20_to_3f_extended:138;match_20_to_3f_short:40262;match_40_to_ff:90214;trailing_literal_0:116912;trailing_literal_1:16433;trailing_literal_2:17128;trailing_literal_3:6000
211	39	67	cm_generation_chunk	3	0x6B9D6BD	0x6DC1654	u32_compressed_in_8_byte_table_entry,sequential_payload	51777	1025768	68352	1024768	956416	00426FDB	ignores_return_and_actual_output_size;writes_min_remaining_chunk_prefix	0	0	1	c546424c491d40a406da38e3c5748cd89f1a4e120b9af78238c0f53b0cbddb0e	a9cf242e499a7de4187be8c2fed646655165d33f0708782f0b04a17fb209da01	end_marker:1;literal_run_extended:330;literal_run_short:1863;match_10_to_1f_extended:4;match_10_to_1f_short:698;match_20_to_3f_extended:48;match_20_to_3f_short:1665;match_40_to_ff:4415;trailing_literal_0:4887;trailing_literal_1:806;trailing_literal_2:712;trailing_literal_3:424
212	40	68	surface_grid	0	0x6DDB825	0x6DDB829	u32_compressed_before_payload,u32_post_payload_record_count	3077	54936	54936	54936	0	00426182	ignores_return_and_actual_output_size	0	0	1	0790ad8d94b6282f84c29afdc7fa820f1c3d6c71ac263c0d30934f4b07e90bbe	0790ad8d94b6282f84c29afdc7fa820f1c3d6c71ac263c0d30934f4b07e90bbe	end_marker:1;literal_run_short:6;match_10_to_1f_extended:1;match_10_to_1f_short:3;match_20_to_3f_extended:287;match_20_to_3f_short:250;match_40_to_ff:517;trailing_literal_0:1041;trailing_literal_1:13;trailing_literal_2:1;trailing_literal_3:2
213	40	68	cm_generation_chunk	0	0x6E01214	0x6E013A0	u32_compressed_in_8_byte_table_entry,sequential_payload	756069	1025768	1024768	1024768	0	00426FDB	ignores_return_and_actual_output_size;writes_min_remaining_chunk_prefix	0	0	1	b953d87821ab67b8798bee044348310851a6d8140def2ad7fffcdec2ac903067	b953d87821ab67b8798bee044348310851a6d8140def2ad7fffcdec2ac903067	end_marker:1;literal_run_extended:3319;literal_run_short:28495;match_10_to_1f_extended:177;match_10_to_1f_short:23550;match_20_to_3f_extended:155;match_20_to_3f_short:29407;match_40_to_ff:90653;trailing_literal_0:105340;trailing_literal_1:16700;trailing_literal_2:15255;trailing_literal_3:6646
214	40	68	cm_generation_chunk	1	0x6E0121C	0x6EB9D05	u32_compressed_in_8_byte_table_entry,sequential_payload	661737	1025768	946432	1024768	78336	00426FDB	ignores_return_and_actual_output_size;writes_min_remaining_chunk_prefix	0	0	1	d164134bc87e896c600206d8c0b67e330f8db434162b65440a0dc9d99914d5f6	cc4535d8057929b273350e8c5255369c73472bad186f3b9eba40b6d23d147ec8	end_marker:1;literal_run_extended:2186;literal_run_short:24011;match_10_to_1f_extended:70;match_10_to_1f_short:19034;match_20_to_3f_extended:325;match_20_to_3f_short:31517;match_40_to_ff:88866;trailing_literal_0:102206;trailing_literal_1:16466;trailing_literal_2:15278;trailing_literal_3:5861
215	41	69	surface_grid	0	0x6F67266	0x6F6726A	u32_compressed_before_payload,u32_post_payload_record_count	2881	48000	48000	48000	0	00426182	ignores_return_and_actual_output_size	0	0	1	85f41b5cb0044a9c6cccd458f8e9e4984547e75c8bb463c3fa7e82ffa1fc9c17	85f41b5cb0044a9c6cccd458f8e9e4984547e75c8bb463c3fa7e82ffa1fc9c17	end_marker:1;literal_run_short:2;match_10_to_1f_extended:1;match_10_to_1f_short:1;match_20_to_3f_extended:240;match_20_to_3f_short:256;match_40_to_ff:520;trailing_literal_0:997;trailing_literal_1:11;trailing_literal_2:9
216	41	69	cm_generation_chunk	0	0x6F874CB	0x6F87657	u32_compressed_in_8_byte_table_entry,sequential_payload	597153	1025768	1024768	1024768	0	00426FDB	ignores_return_and_actual_output_size;writes_min_remaining_chunk_prefix	0	0	1	74f256b38ffae22ccd51be08e6bfea82820123b93c2b357a621ea58611e405b5	74f256b38ffae22ccd51be08e6bfea82820123b93c2b357a621ea58611e405b5	end_marker:1;literal_run_extended:1399;literal_run_short:17508;match_10_to_1f_extended:2790;match_10_to_1f_short:16724;match_20_to_3f_extended:391;match_20_to_3f_short:43611;match_40_to_ff:79254;trailing_literal_0:105796;trailing_literal_1:17601;trailing_literal_2:14024;trailing_literal_3:5348
217	41	69	cm_generation_chunk	1	0x6F874D3	0x70192F8	u32_compressed_in_8_byte_table_entry,sequential_payload	622056	1025768	842496	1024768	182272	00426FDB	ignores_return_and_actual_output_size;writes_min_remaining_chunk_prefix	0	0	1	9943a3ede33a1bcfe86c79e16aa9a16f2b418b00bb1479b9432fcc5e4ab10f54	44a6e22f9f9fe5deaef5e886bbcc87bbb9644be21ea09fbb794fd08ffa2362a7	end_marker:1;literal_run_extended:2522;literal_run_short:23545;match_10_to_1f_extended:263;match_10_to_1f_short:21115;match_20_to_3f_extended:79;match_20_to_3f_short:25702;match_40_to_ff:72322;trailing_literal_0:87023;trailing_literal_1:13748;trailing_literal_2:13251;trailing_literal_3:5458
218	42	70	surface_grid	0	0x70B3758	0x70B375C	u32_compressed_before_payload,u32_post_payload_record_count	883	9600	9600	9600	0	00426182	ignores_return_and_actual_output_size	0	0	1	37495698977404a9acacbce4f64881c14f6801bd29605233ea28d8f81fde585b	37495698977404a9acacbce4f64881c14f6801bd29605233ea28d8f81fde585b	end_marker:1;literal_run_short:2;match_10_to_1f_short:1;match_20_to_3f_extended:39;match_20_to_3f_short:95;match_40_to_ff:188;trailing_literal_0:298;trailing_literal_1:16;trailing_literal_2:7;trailing_literal_3:1
219	42	70	cm_generation_chunk	0	0x70B681E	0x70B69AA	u32_compressed_in_8_byte_table_entry,sequential_payload	380768	1025768	789504	1024768	235264	00426FDB	ignores_return_and_actual_output_size;writes_min_remaining_chunk_prefix	0	0	1	466bf80520e58dc7c664273b4d90890b62da2ee7e0372dbdbb1916dee498ebe8	7188bfbcd55b55c048e28ed7e5894ebcb0074b715e3bf827d70887d3a6c3e7d6	end_marker:1;literal_run_extended:285;literal_run_short:8969;match_10_to_1f_extended:178;match_10_to_1f_short:10583;match_20_to_3f_extended:675;match_20_to_3f_short:22191;match_40_to_ff:81498;trailing_literal_0:91461;trailing_literal_1:12709;trailing_literal_2:7354;trailing_literal_3:3600
220	43	71	surface_grid	0	0x7115F82	0x7115F86	u32_compressed_before_payload,u32_post_payload_record_count	445	9600	9600	9600	0	00426182	ignores_return_and_actual_output_size	0	0	1	dda7b33b0595f5223eea14e22f83e3235bda4c1aad30f9107763d37ac7dc8eb9	dda7b33b0595f5223eea14e22f83e3235bda4c1aad30f9107763d37ac7dc8eb9	end_marker:1;literal_run_short:3;match_10_to_1f_short:1;match_20_to_3f_extended:29;match_20_to_3f_short:31;match_40_to_ff:86;trailing_literal_0:138;trailing_literal_1:6;trailing_literal_2:1;trailing_literal_3:1
221	43	71	cm_generation_chunk	0	0x71161AF	0x711633B	u32_compressed_in_8_byte_table_entry,sequential_payload	547500	1025768	1024768	1024768	0	00426FDB	ignores_return_and_actual_output_size;writes_min_remaining_chunk_prefix	0	0	1	632cdbde2e2a86462f26d1b0fb401d2a65d8e15c7a28096b4ffe3f9d4145817b	632cdbde2e2a86462f26d1b0fb401d2a65d8e15c7a28096b4ffe3f9d4145817b	end_marker:1;literal_run_extended:542;literal_run_short:13859;match_10_to_1f_extended:331;match_10_to_1f_short:19015;match_20_to_3f_extended:469;match_20_to_3f_short:24527;match_40_to_ff:116292;trailing_literal_0:124198;trailing_literal_1:19577;trailing_literal_2:11197;trailing_literal_3:5661
222	43	71	cm_generation_chunk	1	0x71161B7	0x719BDE7	u32_compressed_in_8_byte_table_entry,sequential_payload	39052	1025768	109824	1024768	914944	00426FDB	ignores_return_and_actual_output_size;writes_min_remaining_chunk_prefix	0	0	1	1b602da2c972192938a858c5d0f2dfb5300158ffee8c8b7f21548f4f25c9dc5d	f2239edab86e7f6f090956b1b221254003d2dab650172e9301b854b46f945dac	end_marker:1;literal_run_short:269;match_10_to_1f_extended:35;match_10_to_1f_short:728;match_20_to_3f_extended:145;match_20_to_3f_short:2913;match_40_to_ff:9680;trailing_literal_0:11751;trailing_literal_1:1049;trailing_literal_2:488;trailing_literal_3:212
223	44	72	surface_grid	0	0x71B4516	0x71B451A	u32_compressed_before_payload,u32_post_payload_record_count	4578	60840	60840	60840	0	00426182	ignores_return_and_actual_output_size	0	0	1	98cccb268738884bbfb5f7a0742e29a19a4a1f5d2ffdbade4bdeb44a1326d454	98cccb268738884bbfb5f7a0742e29a19a4a1f5d2ffdbade4bdeb44a1326d454	end_marker:1;literal_run_short:8;match_10_to_1f_extended:1;match_10_to_1f_short:4;match_20_to_3f_extended:448;match_20_to_3f_short:438;match_40_to_ff:651;trailing_literal_0:1503;trailing_literal_1:25;trailing_literal_2:10;trailing_literal_3:3
224	44	72	indexed_object	0	0x71D6305	0x71D631F	u32_capacity_at_+0x12,u32_compressed_at_+0x16,payload_at_+0x1A	1151554	1790338	1790338	1790338	0	0042660E	ignores_return;passes_actual_output_size_to_00401B70	0	0	1	489f65e5e1edbba1462a1c393a2c936c44f89bcfb320d7b640953e75747b8738	489f65e5e1edbba1462a1c393a2c936c44f89bcfb320d7b640953e75747b8738	end_marker:1;literal_run_extended:1771;literal_run_short:29056;match_10_to_1f_extended:341;match_10_to_1f_short:44412;match_20_to_3f_extended:314;match_20_to_3f_short:109681;match_40_to_ff:136029;trailing_literal_0:207503;trailing_literal_1:45406;trailing_literal_2:26693;trailing_literal_3:11174
225	44	72	cm_generation_chunk	0	0x72EF773	0x72EF8FF	u32_compressed_in_8_byte_table_entry,sequential_payload	818996	1025768	1024768	1024768	0	00426FDB	ignores_return_and_actual_output_size;writes_min_remaining_chunk_prefix	0	0	1	ae1e330d4913546a4df956c0c4209ca5c8234570074b0237e8a3d8923a1e0325	ae1e330d4913546a4df956c0c4209ca5c8234570074b0237e8a3d8923a1e0325	end_marker:1;literal_run_extended:4985;literal_run_short:29284;match_10_to_1f_extended:26;match_10_to_1f_short:20665;match_20_to_3f_extended:45;match_20_to_3f_short:33111;match_40_to_ff:83489;trailing_literal_0:102288;trailing_literal_1:14421;trailing_literal_2:14669;trailing_literal_3:5957
226	44	72	cm_generation_chunk	1	0x72EF77B	0x73B7833	u32_compressed_in_8_byte_table_entry,sequential_payload	643079	1025768	1024768	1024768	0	00426FDB	ignores_return_and_actual_output_size;writes_min_remaining_chunk_prefix	0	0	1	45cb541c67c7b33b1c17d6f2d70da273fecc5715c5d03c0cc6c9894954b3558f	45cb541c67c7b33b1c17d6f2d70da273fecc5715c5d03c0cc6c9894954b3558f	end_marker:1;literal_run_extended:3111;literal_run_short:20667;match_10_to_1f_extended:212;match_10_to_1f_short:15226;match_20_to_3f_extended:676;match_20_to_3f_short:32932;match_40_to_ff:77739;trailing_literal_0:96536;trailing_literal_1:13227;trailing_literal_2:12302;trailing_literal_3:4719
227	44	72	cm_generation_chunk	2	0x72EF783	0x745483A	u32_compressed_in_8_byte_table_entry,sequential_payload	56007	1025768	152576	1024768	872192	00426FDB	ignores_return_and_actual_output_size;writes_min_remaining_chunk_prefix	0	0	1	917a03c12d329d959f87c8084cc283cf02352b75735e33f4d111bc694e2b7669	4fa5e3a33e364233fd7bdee2198d1bd743b9b301f38112c81c12b14b475d76ae	end_marker:1;literal_run_extended:150;literal_run_short:1211;match_10_to_1f_extended:34;match_10_to_1f_short:781;match_20_to_3f_extended:322;match_20_to_3f_short:4406;match_40_to_ff:8431;trailing_literal_0:11689;trailing_literal_1:921;trailing_literal_2:1046;trailing_literal_3:317
228	45	80	surface_grid	0	0x7465082	0x7465086	u32_compressed_before_payload,u32_post_payload_record_count	1319	11396	11396	11396	0	00426182	ignores_return_and_actual_output_size	0	0	1	a79570b1b82e0e3beb3bbc02f70ef94199688629c84b542c278bac18c65de05e	a79570b1b82e0e3beb3bbc02f70ef94199688629c84b542c278bac18c65de05e	end_marker:1;literal_run_short:3;match_10_to_1f_short:1;match_20_to_3f_extended:62;match_20_to_3f_short:150;match_40_to_ff:282;trailing_literal_0:479;trailing_literal_1:9;trailing_literal_2:3;trailing_literal_3:3
229	45	80	cm_generation_chunk	0	0x748AAF4	0x748AC80	u32_compressed_in_8_byte_table_entry,sequential_payload	540306	1025768	807424	1024768	217344	00426FDB	ignores_return_and_actual_output_size;writes_min_remaining_chunk_prefix	0	0	1	fc5fd2445fee6596c83035a0c89c4722dc7a0964acdee0f6f435ac7a865d05a9	7325ced212c2608b155f2a1157fed67f567a125b3b10ddf33f25b8638db931c0	end_marker:1;literal_run_extended:880;literal_run_short:20161;match_10_to_1f_extended:189;match_10_to_1f_short:22022;match_20_to_3f_extended:338;match_20_to_3f_short:28663;match_40_to_ff:68540;trailing_literal_0:82700;trailing_literal_1:16897;trailing_literal_2:13997;trailing_literal_3:6157
230	46	81	surface_grid	0	0x751159F	0x75115A3	u32_compressed_before_payload,u32_post_payload_record_count	1362	10640	10640	10640	0	00426182	ignores_return_and_actual_output_size	0	0	1	b921167de3d6e785aa12cec6a4f87cdb604ecb6182d597da05b97060b8914e21	b921167de3d6e785aa12cec6a4f87cdb604ecb6182d597da05b97060b8914e21	end_marker:1;literal_run_short:4;match_10_to_1f_short:1;match_20_to_3f_extended:46;match_20_to_3f_short:164;match_40_to_ff:311;trailing_literal_0:506;trailing_literal_1:8;trailing_literal_2:4;trailing_literal_3:3
231	46	81	cm_generation_chunk	0	0x752F3ED	0x752F579	u32_compressed_in_8_byte_table_entry,sequential_payload	467829	1025768	713728	1024768	311040	00426FDB	ignores_return_and_actual_output_size;writes_min_remaining_chunk_prefix	0	0	1	eb9e4a0136dc216d2b5cea7493d2aa485d8e707ac367760cbbd6d14e0370676b	22d9408d5a8a21fda9b7a09125e88653d314ce7dbbe18b3f534edc9751475706	end_marker:1;literal_run_extended:487;literal_run_short:15636;match_10_to_1f_extended:198;match_10_to_1f_short:19118;match_20_to_3f_extended:160;match_20_to_3f_short:22488;match_40_to_ff:74540;trailing_literal_0:82659;trailing_literal_1:16564;trailing_literal_2:11723;trailing_literal_3:5557
232	47	82	surface_grid	0	0x75A48AB	0x75A48AF	u32_compressed_before_payload,u32_post_payload_record_count	1457	11968	11968	11968	0	00426182	ignores_return_and_actual_output_size	0	0	1	75ddeac7c042033687b41270ce60853a91b5d6ed7570b36f6189259b4f1ab722	75ddeac7c042033687b41270ce60853a91b5d6ed7570b36f6189259b4f1ab722	end_marker:1;literal_run_short:4;match_10_to_1f_short:1;match_20_to_3f_extended:60;match_20_to_3f_short:163;match_40_to_ff:333;trailing_literal_0:534;trailing_literal_1:17;trailing_literal_2:5
233	47	82	cm_generation_chunk	0	0x75BC365	0x75BC4F1	u32_compressed_in_8_byte_table_entry,sequential_payload	458758	1025768	704512	1024768	320256	00426FDB	ignores_return_and_actual_output_size;writes_min_remaining_chunk_prefix	0	0	1	a6eeb2cfaebb32c249c91075ff17078f85e580e23812a05cee81000be69559dc	592966cc70d8a6ff8d03b9452994f370e4f1c19a3e499148b65c6ae6e1dad6f8	end_marker:1;literal_run_extended:771;literal_run_short:17195;match_10_to_1f_extended:269;match_10_to_1f_short:16637;match_20_to_3f_extended:163;match_20_to_3f_short:19191;match_40_to_ff:68678;trailing_literal_0:73865;trailing_literal_1:14934;trailing_literal_2:10671;trailing_literal_3:5467
234	48	83	surface_grid	0	0x762F1EC	0x762F1F0	u32_compressed_before_payload,u32_post_payload_record_count	1510	11256	11256	11256	0	00426182	ignores_return_and_actual_output_size	0	0	1	3aeca7aaf56e00d5afc93d7ea0236b70c4045b0cb2086237dd3974c45249fe22	3aeca7aaf56e00d5afc93d7ea0236b70c4045b0cb2086237dd3974c45249fe22	end_marker:1;literal_run_short:3;match_10_to_1f_short:1;match_20_to_3f_extended:60;match_20_to_3f_short:186;match_40_to_ff:324;trailing_literal_0:548;trailing_literal_1:15;trailing_literal_2:6;trailing_literal_3:1
235	48	83	cm_generation_chunk	0	0x7651271	0x76513FD	u32_compressed_in_8_byte_table_entry,sequential_payload	543303	1025768	805888	1024768	218880	00426FDB	ignores_return_and_actual_output_size;writes_min_remaining_chunk_prefix	0	0	1	352194a6c4ef81ee3c6e75876c8a3dbbdb7aee1a855b0aaf4eeb598cd7c4ca40	27d803df943d70c5a9cf3b96d44d20a9adb91fe6e926c29aa56f32aa2316af60	end_marker:1;literal_run_extended:688;literal_run_short:19707;match_10_to_1f_extended:219;match_10_to_1f_short:23377;match_20_to_3f_extended:139;match_20_to_3f_short:25109;match_40_to_ff:79370;trailing_literal_0:89474;trailing_literal_1:18068;trailing_literal_2:14278;trailing_literal_3:6393
236	49	84	surface_grid	0	0x76D7C81	0x76D7C85	u32_compressed_before_payload,u32_post_payload_record_count	1167	7488	7488	7488	0	00426182	ignores_return_and_actual_output_size	0	0	1	f237d9a5c3fd354fdb03a0c9cf5197c13b279388f8664f741e825a2ef2eecb54	f237d9a5c3fd354fdb03a0c9cf5197c13b279388f8664f741e825a2ef2eecb54	end_marker:1;literal_run_short:3;match_10_to_1f_short:1;match_20_to_3f_extended:37;match_20_to_3f_short:108;match_40_to_ff:327;trailing_literal_0:461;trailing_literal_1:8;trailing_literal_2:2;trailing_literal_3:1
237	49	84	cm_generation_chunk	0	0x76F5AF6	0x76F5C82	u32_compressed_in_8_byte_table_entry,sequential_payload	328024	1025768	524288	1024768	500480	00426FDB	ignores_return_and_actual_output_size;writes_min_remaining_chunk_prefix	0	0	1	50b0d938fdbc074044576e13428d08a5542a88278922c5a8f6b7801ce8d3274a	26cc016c392c63fbcfeadaf4fa5a3861bd8bd3f13a26481f60af6619767a1c95	end_marker:1;literal_run_extended:334;literal_run_short:9530;match_10_to_1f_extended:183;match_10_to_1f_short:13951;match_20_to_3f_extended:116;match_20_to_3f_short:18758;match_40_to_ff:52200;trailing_literal_0:60410;trailing_literal_1:12630;trailing_literal_2:8472;trailing_literal_3:3695
238	50	85	surface_grid	0	0x774969F	0x77496A3	u32_compressed_before_payload,u32_post_payload_record_count	1729	14280	14280	14280	0	00426182	ignores_return_and_actual_output_size	0	0	1	97af58c7409ab214ebcd618835f57a21b3475b30c50b4ec3b40f59f235fa6eac	97af58c7409ab214ebcd618835f57a21b3475b30c50b4ec3b40f59f235fa6eac	end_marker:1;literal_run_short:6;match_10_to_1f_short:1;match_20_to_3f_extended:66;match_20_to_3f_short:197;match_40_to_ff:402;trailing_literal_0:650;trailing_literal_1:14;trailing_literal_2:1
239	50	85	cm_generation_chunk	0	0x776F7AC	0x776F938	u32_compressed_in_8_byte_table_entry,sequential_payload	477625	1025768	786432	1024768	238336	00426FDB	ignores_return_and_actual_output_size;writes_min_remaining_chunk_prefix	0	0	1	06edeada5c1a5f76924d713039824ea7de3328c95a1dafbb460bf9311a0ce1e0	39a9033040041b9bc1acc350bc6b0e3c11f785c0e75f12a3729bcd0a846fff2b	end_marker:1;literal_run_extended:442;literal_run_short:13940;match_10_to_1f_extended:260;match_10_to_1f_short:19868;match_20_to_3f_extended:175;match_20_to_3f_short:24215;match_40_to_ff:83399;trailing_literal_0:93149;trailing_literal_1:17329;trailing_literal_2:11837;trailing_literal_3:5601
240	51	86	surface_grid	0	0x77E7C5E	0x77E7C62	u32_compressed_before_payload,u32_post_payload_record_count	1562	14448	14448	14448	0	00426182	ignores_return_and_actual_output_size	0	0	1	d894732a1be10cb87ea21f21fd3fe54af06067725889595ae2dd67d04a8369c9	d894732a1be10cb87ea21f21fd3fe54af06067725889595ae2dd67d04a8369c9	end_marker:1;literal_run_short:3;match_10_to_1f_short:1;match_20_to_3f_extended:71;match_20_to_3f_short:174;match_40_to_ff:350;trailing_literal_0:581;trailing_literal_1:12;trailing_literal_2:2
241	51	86	cm_generation_chunk	0	0x78023C7	0x7802553	u32_compressed_in_8_byte_table_entry,sequential_payload	450912	1025768	729600	1024768	295168	00426FDB	ignores_return_and_actual_output_size;writes_min_remaining_chunk_prefix	0	0	1	65e1b8098f28300d7e56f8e248588626ddc93e45194d193212716f8277abd120	2d711fe8731d5fc613e9196719baaae0afb00da94af62318df24b2b0bafc2fc7	end_marker:1;literal_run_extended:632;literal_run_short:14360;match_10_to_1f_extended:304;match_10_to_1f_short:17925;match_20_to_3f_extended:196;match_20_to_3f_short:19604;match_40_to_ff:75055;trailing_literal_0:80875;trailing_literal_1:15774;trailing_literal_2:11171;trailing_literal_3:5263
242	52	87	surface_grid	0	0x787442C	0x7874430	u32_compressed_before_payload,u32_post_payload_record_count	1804	15484	15484	15484	0	00426182	ignores_return_and_actual_output_size	0	0	1	18a668577392b33c6d8a42121c3d76c4159fbc86358a737a6507f3a072515c03	18a668577392b33c6d8a42121c3d76c4159fbc86358a737a6507f3a072515c03	end_marker:1;literal_run_short:4;match_10_to_1f_short:1;match_20_to_3f_extended:87;match_20_to_3f_short:206;match_40_to_ff:385;trailing_literal_0:656;trailing_literal_1:15;trailing_literal_2:5;trailing_literal_3:2
243	52	87	cm_generation_chunk	0	0x7899DEE	0x7899F7A	u32_compressed_in_8_byte_table_entry,sequential_payload	472695	1025768	757248	1024768	267520	00426FDB	ignores_return_and_actual_output_size;writes_min_remaining_chunk_prefix	0	0	1	f0458f6416c937ac7c5c6f3cba9d58e2d28420308e511efbb01a1f36949dfad1	fb972046abc3d57adc6ddee2220907b8b27e0910011062490f5b3b2148f4a765	end_marker:1;literal_run_extended:620;literal_run_short:15563;match_10_to_1f_extended:263;match_10_to_1f_short:18663;match_20_to_3f_extended:190;match_20_to_3f_short:21309;match_40_to_ff:77216;trailing_literal_0:83665;trailing_literal_1:16615;trailing_literal_2:11893;trailing_literal_3:5467
244	53	88	surface_grid	0	0x79118C6	0x79118CA	u32_compressed_before_payload,u32_post_payload_record_count	1615	16856	16856	16856	0	00426182	ignores_return_and_actual_output_size	0	0	1	5f0e4a3deccd98ecf5b0347560dd93a0cff947595c0594221d720360a4a00cbc	5f0e4a3deccd98ecf5b0347560dd93a0cff947595c0594221d720360a4a00cbc	end_marker:1;literal_run_short:2;match_10_to_1f_short:1;match_20_to_3f_extended:107;match_20_to_3f_short:172;match_40_to_ff:307;trailing_literal_0:566;trailing_literal_1:16;trailing_literal_2:4
245	53	88	cm_generation_chunk	0	0x7926652	0x79267DE	u32_compressed_in_8_byte_table_entry,sequential_payload	467646	1025768	762368	1024768	262400	00426FDB	ignores_return_and_actual_output_size;writes_min_remaining_chunk_prefix	0	0	1	9983574c986d7968b4a562a7125530b7d99bc4f9723c86ca3c5d6b98e3faf83b	ebad123ad1d8d121bbaffa2d60184a15ae0758049cec16095d1e431cb51d2d68	end_marker:1;literal_run_extended:522;literal_run_short:14521;match_10_to_1f_extended:275;match_10_to_1f_short:18297;match_20_to_3f_extended:178;match_20_to_3f_short:22788;match_40_to_ff:79471;trailing_literal_0:86597;trailing_literal_1:17010;trailing_literal_2:11804;trailing_literal_3:5597
246	54	89	surface_grid	0	0x799E659	0x799E65D	u32_compressed_before_payload,u32_post_payload_record_count	1624	23232	23232	23232	0	00426182	ignores_return_and_actual_output_size	0	0	1	8bdf697a2a30234fc9b475c9703fe21fa5859f15a030edfeae8430cf1de7748b	8bdf697a2a30234fc9b475c9703fe21fa5859f15a030edfeae8430cf1de7748b	end_marker:1;literal_run_short:4;match_10_to_1f_short:1;match_20_to_3f_extended:88;match_20_to_3f_short:182;match_40_to_ff:311;trailing_literal_0:557;trailing_literal_1:15;trailing_literal_2:8;trailing_literal_3:1
247	54	89	cm_generation_chunk	0	0x79BA6D4	0x79BA860	u32_compressed_in_8_byte_table_entry,sequential_payload	420914	1025768	736256	1024768	288512	00426FDB	ignores_return_and_actual_output_size;writes_min_remaining_chunk_prefix	0	0	1	6f903518da318798298ea625a36bf6295b7f92429500ad2f244cf34ba0fd63f4	1e3c8e7035bd335d00d5c524e3bc130eb7689f03b14c1698fe0f850e2dc8e582	end_marker:1;literal_run_extended:280;literal_run_short:9379;match_10_to_1f_extended:210;match_10_to_1f_short:16591;match_20_to_3f_extended:170;match_20_to_3f_short:26049;match_40_to_ff:82612;trailing_literal_0:96433;trailing_literal_1:15413;trailing_literal_2:9835;trailing_literal_3:3950
248	55	90	surface_grid	0	0x7A2469B	0x7A2469F	u32_compressed_before_payload,u32_post_payload_record_count	1464	12556	12556	12556	0	00426182	ignores_return_and_actual_output_size	0	0	1	353c73d89b6acb96019456af9029ac018427949c748792f0077d5fad5e90346d	353c73d89b6acb96019456af9029ac018427949c748792f0077d5fad5e90346d	end_marker:1;literal_run_short:2;match_10_to_1f_short:1;match_20_to_3f_extended:73;match_20_to_3f_short:183;match_40_to_ff:290;trailing_literal_0:533;trailing_literal_1:8;trailing_literal_2:3;trailing_literal_3:2
249	55	90	cm_generation_chunk	0	0x7A41520	0x7A416AC	u32_compressed_in_8_byte_table_entry,sequential_payload	361456	1025768	627200	1024768	397568	00426FDB	ignores_return_and_actual_output_size;writes_min_remaining_chunk_prefix	0	0	1	69ac1a3b249856ae62fcdc821380a8590cbd63e8e5749a23444e77dbb5166dd3	40c2b29b1ef7b1f62bb85e3764cbcde26464d170e332daaf0a4aa4fce94ee1e0	end_marker:1;literal_run_extended:274;literal_run_short:8091;match_10_to_1f_extended:153;match_10_to_1f_short:13268;match_20_to_3f_extended:150;match_20_to_3f_short:22644;match_40_to_ff:70954;trailing_literal_0:81585;trailing_literal_1:13585;trailing_literal_2:8520;trailing_literal_3:3478
250	56	93	surface_grid	0	0x7A9F659	0x7A9F65D	u32_compressed_before_payload,u32_post_payload_record_count	2261	23232	23232	23232	0	00426182	ignores_return_and_actual_output_size	0	0	1	114c17977c74ea46a80e5e79c9a55df6061eb69bf54eeae84834f5b12aa9fe87	114c17977c74ea46a80e5e79c9a55df6061eb69bf54eeae84834f5b12aa9fe87	end_marker:1;literal_run_short:6;match_10_to_1f_short:1;match_20_to_3f_extended:132;match_20_to_3f_short:221;match_40_to_ff:489;trailing_literal_0:818;trailing_literal_1:19;trailing_literal_2:3;trailing_literal_3:2
251	56	93	cm_generation_chunk	0	0x7AC94CF	0x7AC965B	u32_compressed_in_8_byte_table_entry,sequential_payload	598092	1025768	1010688	1024768	14080	00426FDB	ignores_return_and_actual_output_size;writes_min_remaining_chunk_prefix	0	0	1	f1292f3a0f505deb6b43bd42015c042717249161f9a24b1814a1f5a8eabb5d17	9ef41acbb0b83fa1af8e100be018b2874c17f4dd2bf47978fcab8f8b3dde1fd7	end_marker:1;literal_run_extended:594;literal_run_short:15928;match_10_to_1f_extended:396;match_10_to_1f_short:24493;match_20_to_3f_extended:179;match_20_to_3f_short:28917;match_40_to_ff:113197;trailing_literal_0:123797;trailing_literal_1:22120;trailing_literal_2:14747;trailing_literal_3:6517
252	57	94	surface_grid	0	0x7B5EF24	0x7B5EF28	u32_compressed_before_payload,u32_post_payload_record_count	1515	14208	14208	14208	0	00426182	ignores_return_and_actual_output_size	0	0	1	6ee1f1477ddfc7af3e6e30c4ce718db037fd1e09da0fee4e442a23a8f6c5008a	6ee1f1477ddfc7af3e6e30c4ce718db037fd1e09da0fee4e442a23a8f6c5008a	end_marker:1;literal_run_short:4;match_10_to_1f_short:1;match_20_to_3f_extended:80;match_20_to_3f_short:175;match_40_to_ff:306;trailing_literal_0:549;trailing_literal_1:9;trailing_literal_2:2;trailing_literal_3:1
253	57	94	cm_generation_chunk	0	0x7B82AFB	0x7B82C87	u32_compressed_in_8_byte_table_entry,sequential_payload	362415	1025768	645120	1024768	379648	00426FDB	ignores_return_and_actual_output_size;writes_min_remaining_chunk_prefix	0	0	1	9e45213141b268d0aea928ee79fa65546f13ac1bfa708be1ff9f27d1a3384cc6	59104d3ebcbd0283be508afe99ceb4e7b47fc24557adebb1afccf54827b144eb	end_marker:1;literal_run_extended:251;literal_run_short:7604;match_10_to_1f_extended:255;match_10_to_1f_short:13884;match_20_to_3f_extended:152;match_20_to_3f_short:23244;match_40_to_ff:72174;trailing_literal_0:84605;trailing_literal_1:13848;trailing_literal_2:7846;trailing_literal_3:3409
254	58	95	surface_grid	0	0x7BDFDB3	0x7BDFDB7	u32_compressed_before_payload,u32_post_payload_record_count	2221	18560	18560	18560	0	00426182	ignores_return_and_actual_output_size	0	0	1	098492344de8d0d4aceddac61f47648583dbe9842ac03dc61e481f65ceb54ff6	098492344de8d0d4aceddac61f47648583dbe9842ac03dc61e481f65ceb54ff6	end_marker:1;literal_run_short:3;match_10_to_1f_short:1;match_20_to_3f_extended:114;match_20_to_3f_short:245;match_40_to_ff:483;trailing_literal_0:822;trailing_literal_1:13;trailing_literal_2:5;trailing_literal_3:2
255	58	95	cm_generation_chunk	0	0x7C0E24E	0x7C0E3DA	u32_compressed_in_8_byte_table_entry,sequential_payload	589277	1025768	1024768	1024768	0	00426FDB	ignores_return_and_actual_output_size;writes_min_remaining_chunk_prefix	0	0	1	478eb0194eedbf87d49b87160fc7a0daef60d3268c3792ec4e7af15aa836c565	478eb0194eedbf87d49b87160fc7a0daef60d3268c3792ec4e7af15aa836c565	end_marker:1;literal_run_extended:437;literal_run_short:12605;match_10_to_1f_extended:375;match_10_to_1f_short:23947;match_20_to_3f_extended:115;match_20_to_3f_short:32559;match_40_to_ff:122541;trailing_literal_0:137541;trailing_literal_1:22535;trailing_literal_2:13871;trailing_literal_3:5589
256	58	95	cm_generation_chunk	1	0x7C0E256	0x7C9E1B7	u32_compressed_in_8_byte_table_entry,sequential_payload	112284	1025768	196352	1024768	828416	00426FDB	ignores_return_and_actual_output_size;writes_min_remaining_chunk_prefix	0	0	1	00f77f22489d55b01f1f5a1cd5bf09f7c69f92c384e2011305f709402e6d57c8	45786f35e4f1315907c1472e069e8e0610c339069d25936849c8a6c8a691c1af	end_marker:1;literal_run_extended:77;literal_run_short:2837;match_10_to_1f_extended:45;match_10_to_1f_short:3935;match_20_to_3f_extended:76;match_20_to_3f_short:4887;match_40_to_ff:22834;trailing_literal_0:23691;trailing_literal_1:4435;trailing_literal_2:2438;trailing_literal_3:1212
257	59	96	surface_grid	0	0x7CBD5CC	0x7CBD5D0	u32_compressed_before_payload,u32_post_payload_record_count	1635	15484	15484	15484	0	00426182	ignores_return_and_actual_output_size	0	0	1	41f26ae46ff52eb31fb392ae2e5bc89f540383de75b11ae966d0efe8d7eae6ba	41f26ae46ff52eb31fb392ae2e5bc89f540383de75b11ae966d0efe8d7eae6ba	end_marker:1;literal_run_short:3;match_10_to_1f_short:1;match_20_to_3f_extended:79;match_20_to_3f_short:168;match_40_to_ff:379;trailing_literal_0:617;trailing_literal_1:6;trailing_literal_2:2;trailing_literal_3:1
258	59	96	cm_generation_chunk	0	0x7CE15FF	0x7CE178B	u32_compressed_in_8_byte_table_entry,sequential_payload	411363	1025768	724480	1024768	300288	00426FDB	ignores_return_and_actual_output_size;writes_min_remaining_chunk_prefix	0	0	1	61ffc4afa4e8fd09c52ecf6903cfa6d5d4ec2adb0a2c413e5d7152f79448ca49	032aedcc6cf8b380fe60fdb4b80b5f51d0a8fe3b13e39476cee77e579c0bfc25	end_marker:1;literal_run_extended:164;literal_run_short:9002;match_10_to_1f_extended:273;match_10_to_1f_short:17631;match_20_to_3f_extended:165;match_20_to_3f_short:24148;match_40_to_ff:82831;trailing_literal_0:95374;trailing_literal_1:15745;trailing_literal_2:9860;trailing_literal_3:4068
259	60	117	surface_grid	0	0x7D5DBA7	0x7D5DBAB	u32_compressed_before_payload,u32_post_payload_record_count	7504	97340	97340	97340	0	00426182	ignores_return_and_actual_output_size	0	0	1	1ae4eb5ad60dfee50aa1df2bd2022a36d3f9c67286510b6c5a9aef837672002d	1ae4eb5ad60dfee50aa1df2bd2022a36d3f9c67286510b6c5a9aef837672002d	end_marker:1;literal_run_short:7;match_10_to_1f_extended:3;match_10_to_1f_short:7;match_20_to_3f_extended:583;match_20_to_3f_short:682;match_40_to_ff:1474;trailing_literal_0:2720;trailing_literal_1:20;trailing_literal_2:4;trailing_literal_3:4
260	60	117	cm_generation_chunk	0	0x7DB843E	0x7DB85CA	u32_compressed_in_8_byte_table_entry,sequential_payload	660238	1025768	1024768	1024768	0	00426FDB	ignores_return_and_actual_output_size;writes_min_remaining_chunk_prefix	0	0	1	e3e2dd7a294bd1b6cf78beca7c8fe0c722eac4de5b6e31feb7ee2fd13435f39e	e3e2dd7a294bd1b6cf78beca7c8fe0c722eac4de5b6e31feb7ee2fd13435f39e	end_marker:1;literal_run_extended:696;literal_run_short:19889;match_10_to_1f_extended:55;match_10_to_1f_short:29116;match_20_to_3f_extended:471;match_20_to_3f_short:42173;match_40_to_ff:96888;trailing_literal_0:123065;trailing_literal_1:23641;trailing_literal_2:13103;trailing_literal_3:8893
261	60	117	cm_generation_chunk	1	0x7DB8446	0x7E598D8	u32_compressed_in_8_byte_table_entry,sequential_payload	673798	1025768	1024768	1024768	0	00426FDB	ignores_return_and_actual_output_size;writes_min_remaining_chunk_prefix	0	0	1	483de8d446d53924f80df307e89deaff61c35b6798273f6d15caa57be6a6ca98	483de8d446d53924f80df307e89deaff61c35b6798273f6d15caa57be6a6ca98	end_marker:1;literal_run_extended:644;literal_run_short:19729;match_10_to_1f_extended:41;match_10_to_1f_short:32464;match_20_to_3f_extended:384;match_20_to_3f_short:41797;match_40_to_ff:100750;trailing_literal_0:127559;trailing_literal_1:25436;trailing_literal_2:13314;trailing_literal_3:9126
262	60	117	cm_generation_chunk	2	0x7DB844E	0x7EFE0DE	u32_compressed_in_8_byte_table_entry,sequential_payload	132056	1025768	197632	1024768	827136	00426FDB	ignores_return_and_actual_output_size;writes_min_remaining_chunk_prefix	0	0	1	8abb9e800a8a941b8e867ddde911cd7003c112cbf6be01c7eb7338eae6ec528c	6ade587d0ef9f082cc0b76ef8f52c85886363fd8855ad4fa911171ac784385b6	end_marker:1;literal_run_extended:234;literal_run_short:4349;match_10_to_1f_extended:14;match_10_to_1f_short:4272;match_20_to_3f_extended:117;match_20_to_3f_short:6799;match_40_to_ff:19552;trailing_literal_0:22860;trailing_literal_1:4082;trailing_literal_2:2251;trailing_literal_3:1560
263	61	118	surface_grid	0	0x7F32BA3	0x7F32BA7	u32_compressed_before_payload,u32_post_payload_record_count	5989	83440	83440	83440	0	00426182	ignores_return_and_actual_output_size	0	0	1	8d29b55e7eed25d9414436f74998a7fdfd90f95a2a866bd208e396dc56696f23	8d29b55e7eed25d9414436f74998a7fdfd90f95a2a866bd208e396dc56696f23	end_marker:1;literal_run_short:4;match_10_to_1f_extended:3;match_10_to_1f_short:6;match_20_to_3f_extended:551;match_20_to_3f_short:417;match_40_to_ff:1185;trailing_literal_0:2135;trailing_literal_1:20;trailing_literal_2:6
264	61	118	cm_generation_chunk	0	0x7F78968	0x7F78AF4	u32_compressed_in_8_byte_table_entry,sequential_payload	685686	1025768	1024768	1024768	0	00426FDB	ignores_return_and_actual_output_size;writes_min_remaining_chunk_prefix	0	0	1	1d13bfb08cd0865bea3e051cf67a5b80465b2b84f5bd213884263e7447b511ef	1d13bfb08cd0865bea3e051cf67a5b80465b2b84f5bd213884263e7447b511ef	end_marker:1;literal_run_extended:537;literal_run_short:21164;match_10_to_1f_extended:47;match_10_to_1f_short:29380;match_20_to_3f_extended:380;match_20_to_3f_short:39376;match_40_to_ff:108007;trailing_literal_0:125210;trailing_literal_1:27542;trailing_literal_2:14742;trailing_literal_3:9695
265	61	118	cm_generation_chunk	1	0x7F78970	0x802016A	u32_compressed_in_8_byte_table_entry,sequential_payload	481929	1025768	730112	1024768	294656	00426FDB	ignores_return_and_actual_output_size;writes_min_remaining_chunk_prefix	0	0	1	c4682908e3f448b9e38f926087e442e5f6cbc3c077e9b47ad6c836e90a23ee29	2738a206f91ca13f29ad1b53050c210a4fbbc34068ca0779265f6c393679d373	end_marker:1;literal_run_extended:269;literal_run_short:13946;match_10_to_1f_extended:22;match_10_to_1f_short:20845;match_20_to_3f_extended:260;match_20_to_3f_short:29132;match_40_to_ff:78804;trailing_literal_0:91826;trailing_literal_1:19927;trailing_literal_2:10497;trailing_literal_3:6812
266	62	130	surface_grid	0	0x80B02D0	0x80B02D4	u32_compressed_before_payload,u32_post_payload_record_count	2275	36000	36000	36000	0	00426182	ignores_return_and_actual_output_size	0	0	1	49a17411f15243223a3f216653672029db6f37a583604018e02313558da38c97	49a17411f15243223a3f216653672029db6f37a583604018e02313558da38c97	end_marker:1;literal_run_short:5;match_10_to_1f_short:1;match_20_to_3f_extended:186;match_20_to_3f_short:222;match_40_to_ff:383;trailing_literal_0:778;trailing_literal_1:11;trailing_literal_3:2
267	62	130	cm_generation_chunk	0	0x80B404D	0x80B41D9	u32_compressed_in_8_byte_table_entry,sequential_payload	323235	1025768	1024768	1024768	0	00426FDB	ignores_return_and_actual_output_size;writes_min_remaining_chunk_prefix	0	0	1	1184bc2e6191a7a71e8eb07e8258a3b6ba60de130356088d4ddda05c8bd75212	1184bc2e6191a7a71e8eb07e8258a3b6ba60de130356088d4ddda05c8bd75212	end_marker:1;literal_run_extended:17;literal_run_short:2661;match_10_to_1f_extended:1435;match_10_to_1f_short:11485;match_20_to_3f_extended:1496;match_20_to_3f_short:27246;match_40_to_ff:78078;trailing_literal_0:106696;trailing_literal_1:7560;trailing_literal_2:3910;trailing_literal_3:1573
268	62	130	cm_generation_chunk	1	0x80B4055	0x810307C	u32_compressed_in_8_byte_table_entry,sequential_payload	422730	1025768	1024768	1024768	0	00426FDB	ignores_return_and_actual_output_size;writes_min_remaining_chunk_prefix	0	0	1	b9c0e91e7a21ece010373acdbb46681ad977b72b948f46925aa31a9717e4eaf4	b9c0e91e7a21ece010373acdbb46681ad977b72b948f46925aa31a9717e4eaf4	end_marker:1;literal_run_extended:86;literal_run_short:4538;match_10_to_1f_extended:386;match_10_to_1f_short:10163;match_20_to_3f_extended:671;match_20_to_3f_short:26780;match_40_to_ff:119563;trailing_literal_0:135038;trailing_literal_1:13391;trailing_literal_2:6426;trailing_literal_3:2707
269	62	130	cm_generation_chunk	2	0x80B405D	0x816A3C6	u32_compressed_in_8_byte_table_entry,sequential_payload	578344	1025768	1024768	1024768	0	00426FDB	ignores_return_and_actual_output_size;writes_min_remaining_chunk_prefix	0	0	1	fc32d14e42b147ab5fa317b482416adf8e26f5ab481472afa6f90baf574314de	fc32d14e42b147ab5fa317b482416adf8e26f5ab481472afa6f90baf574314de	end_marker:1;literal_run_extended:710;literal_run_short:16201;match_10_to_1f_extended:316;match_10_to_1f_short:19705;match_20_to_3f_extended:391;match_20_to_3f_short:29932;match_40_to_ff:107896;trailing_literal_0:118315;trailing_literal_1:20974;trailing_literal_2:12807;trailing_literal_3:6143
270	62	130	cm_generation_chunk	3	0x80B4065	0x81F76EE	u32_compressed_in_8_byte_table_entry,sequential_payload	392522	1025768	846592	1024768	178176	00426FDB	ignores_return_and_actual_output_size;writes_min_remaining_chunk_prefix	0	0	1	536ada78d7efeb86915a01ea213aa0407c022ae94459095fe06ce0b28531819d	48207cad2d079aa735011a2b6c0fdf003764468d9398ff89b04a8bdbaa53e350	end_marker:1;literal_run_extended:208;literal_run_short:4755;match_10_to_1f_extended:299;match_10_to_1f_short:9761;match_20_to_3f_extended:203;match_20_to_3f_short:28364;match_40_to_ff:101970;trailing_literal_0:122109;trailing_literal_1:11059;trailing_literal_2:5367;trailing_literal_3:2061
271	63	131	surface_grid	0	0x82612E5	0x82612E9	u32_compressed_before_payload,u32_post_payload_record_count	1428	13456	13456	13456	0	00426182	ignores_return_and_actual_output_size	0	0	1	c486a583c493caf18650fee15159f1a9c512cc04138db00eabfa570d317bfc4f	c486a583c493caf18650fee15159f1a9c512cc04138db00eabfa570d317bfc4f	end_marker:1;literal_run_short:5;match_10_to_1f_short:1;match_20_to_3f_extended:100;match_20_to_3f_short:154;match_40_to_ff:255;trailing_literal_0:495;trailing_literal_1:11;trailing_literal_2:2;trailing_literal_3:1
272	63	131	cm_generation_chunk	0	0x826B90B	0x826BA97	u32_compressed_in_8_byte_table_entry,sequential_payload	544958	1025768	1024768	1024768	0	00426FDB	ignores_return_and_actual_output_size;writes_min_remaining_chunk_prefix	0	0	1	1f7773c282d3e546422a12366d5390cccb863d476e46418a5e34673e5c506f0c	1f7773c282d3e546422a12366d5390cccb863d476e46418a5e34673e5c506f0c	end_marker:1;literal_run_extended:288;literal_run_short:13311;match_10_to_1f_extended:455;match_10_to_1f_short:22919;match_20_to_3f_extended:301;match_20_to_3f_short:22702;match_40_to_ff:120052;trailing_literal_0:131755;trailing_literal_1:18158;trailing_literal_2:11397;trailing_literal_3:5118
273	63	131	cm_generation_chunk	1	0x826B913	0x82F0B55	u32_compressed_in_8_byte_table_entry,sequential_payload	466533	1025768	1024768	1024768	0	00426FDB	ignores_return_and_actual_output_size;writes_min_remaining_chunk_prefix	0	0	1	b0b0fbaa7ee94eab0499d001a750d26f19030c552daead9847acef7e85e1e82a	b0b0fbaa7ee94eab0499d001a750d26f19030c552daead9847acef7e85e1e82a	end_marker:1;literal_run_extended:64;literal_run_short:6367;match_10_to_1f_extended:248;match_10_to_1f_short:9430;match_20_to_3f_extended:311;match_20_to_3f_short:36661;match_40_to_ff:115742;trailing_literal_0:130722;trailing_literal_1:19377;trailing_literal_2:8320;trailing_literal_3:3972
274	63	131	cm_generation_chunk	2	0x826B91B	0x83629BA	u32_compressed_in_8_byte_table_entry,sequential_payload	147103	1025768	311808	1024768	712960	00426FDB	ignores_return_and_actual_output_size;writes_min_remaining_chunk_prefix	0	0	1	980b8b9d6464b3e489a7cba2344dd042b3df3a9d1cb59092590a70e268bc5b10	0391ef3ea0447241f4f871418f9d079516a8ac8acb003fda564886a62ca82ec3	end_marker:1;literal_run_extended:16;literal_run_short:2141;match_10_to_1f_extended:45;match_10_to_1f_short:2049;match_20_to_3f_extended:75;match_20_to_3f_short:12519;match_40_to_ff:34977;trailing_literal_0:40097;trailing_literal_1:5733;trailing_literal_2:2587;trailing_literal_3:1247
275	64	132	surface_grid	0	0x838863A	0x838863E	u32_compressed_before_payload,u32_post_payload_record_count	904	7396	7396	7396	0	00426182	ignores_return_and_actual_output_size	0	0	1	32a5f33c31c46718e275b8e82802da80530bdaa020e648c8f2614d045c661f14	32a5f33c31c46718e275b8e82802da80530bdaa020e648c8f2614d045c661f14	end_marker:1;literal_run_short:4;match_10_to_1f_short:1;match_20_to_3f_extended:46;match_20_to_3f_short:110;match_40_to_ff:170;trailing_literal_0:316;trailing_literal_1:5;trailing_literal_2:4;trailing_literal_3:1
276	64	132	cm_generation_chunk	0	0x838E696	0x838E822	u32_compressed_in_8_byte_table_entry,sequential_payload	205331	1025768	452608	1024768	572160	00426FDB	ignores_return_and_actual_output_size;writes_min_remaining_chunk_prefix	0	0	1	2294e3edc18bf130b684cfc5977a1c330c1c2b2e6d357798e2bf635c7a5bd389	2a9ae2b2a9163162ec973fed0ca06692d2910705ea3e796430afef7a9de9b1dd	end_marker:1;literal_run_extended:75;literal_run_short:2997;match_10_to_1f_extended:291;match_10_to_1f_short:6032;match_20_to_3f_extended:190;match_20_to_3f_short:15936;match_40_to_ff:47076;trailing_literal_0:58895;trailing_literal_1:6067;trailing_literal_2:3292;trailing_literal_3:1270
277	65	133	surface_grid	0	0x83C28AA	0x83C28AE	u32_compressed_before_payload,u32_post_payload_record_count	627	7544	7544	7544	0	00426182	ignores_return_and_actual_output_size	0	0	1	e3f9c46d351aca0474a08cf213d5a55f140139064dfdd426bc1b1c68e44e5151	e3f9c46d351aca0474a08cf213d5a55f140139064dfdd426bc1b1c68e44e5151	end_marker:1;literal_run_short:3;match_10_to_1f_short:1;match_20_to_3f_extended:43;match_20_to_3f_short:65;match_40_to_ff:108;trailing_literal_0:204;trailing_literal_1:9;trailing_literal_2:3
278	65	133	cm_generation_chunk	0	0x83CA7D1	0x83CA95D	u32_compressed_in_8_byte_table_entry,sequential_payload	286062	1025768	596992	1024768	427776	00426FDB	ignores_return_and_actual_output_size;writes_min_remaining_chunk_prefix	0	0	1	1db6f475a4a254a05aa6e6672697a03fd48ea5a21ef1d81842e0301e308532f3	f15a29f56ddfe6fa62cc6afa44aed70b37bc795c13801b7bc6dad952f7f8c8e8	end_marker:1;literal_run_extended:58;literal_run_short:3693;match_10_to_1f_extended:337;match_10_to_1f_short:9316;match_20_to_3f_extended:183;match_20_to_3f_short:22090;match_40_to_ff:67890;trailing_literal_0:84114;trailing_literal_1:9316;trailing_literal_2:4599;trailing_literal_3:1786
279	66	110	surface_grid	0	0x8479F48	0x8479F4C	u32_compressed_before_payload,u32_post_payload_record_count	20198	144000	144000	144000	0	00426182	ignores_return_and_actual_output_size	0	0	1	360f78a17527af2e288361e9561cb4e1b64fec01d187fdd58c7185390a7c0d5c	360f78a17527af2e288361e9561cb4e1b64fec01d187fdd58c7185390a7c0d5c	end_marker:1;literal_run_short:11;match_10_to_1f_extended:7;match_10_to_1f_short:41;match_20_to_3f_extended:921;match_20_to_3f_short:2177;match_40_to_ff:4829;trailing_literal_0:7920;trailing_literal_1:36;trailing_literal_2:17;trailing_literal_3:1
280	66	110	cm_generation_chunk	0	0x85B0228	0x85B03B4	u32_compressed_in_8_byte_table_entry,sequential_payload	679264	1025768	1024768	1024768	0	00426FDB	ignores_return_and_actual_output_size;writes_min_remaining_chunk_prefix	0	0	1	73bc2360e6c58a219c1bd2e67f925a6dcf2d6a36b343487490b0879bedc78bf1	73bc2360e6c58a219c1bd2e67f925a6dcf2d6a36b343487490b0879bedc78bf1	end_marker:1;literal_run_extended:890;literal_run_short:24939;match_10_to_1f_extended:240;match_10_to_1f_short:27891;match_20_to_3f_extended:93;match_20_to_3f_short:24307;match_40_to_ff:111742;trailing_literal_0:122518;trailing_literal_1:20498;trailing_literal_2:12283;trailing_literal_3:8973
281	66	110	cm_generation_chunk	1	0x85B0230	0x8656114	u32_compressed_in_8_byte_table_entry,sequential_payload	664229	1025768	1024768	1024768	0	00426FDB	ignores_return_and_actual_output_size;writes_min_remaining_chunk_prefix	0	0	1	dd46f17790b8ab802b6075eb1a00e1abdef9b54e3ab92673388e0d7c28a3b5c5	dd46f17790b8ab802b6075eb1a00e1abdef9b54e3ab92673388e0d7c28a3b5c5	end_marker:1;literal_run_extended:723;literal_run_short:24954;match_10_to_1f_extended:129;match_10_to_1f_short:23623;match_20_to_3f_extended:78;match_20_to_3f_short:21725;match_40_to_ff:118602;trailing_literal_0:119773;trailing_literal_1:21924;trailing_literal_2:12969;trailing_literal_3:9490
282	66	110	cm_generation_chunk	2	0x85B0238	0x86F83B9	u32_compressed_in_8_byte_table_entry,sequential_payload	701333	1025768	1024768	1024768	0	00426FDB	ignores_return_and_actual_output_size;writes_min_remaining_chunk_prefix	0	0	1	397c422873d1bb09ca1b9d10a116863788f12eea47b841b2b2e7ce8e8930d952	397c422873d1bb09ca1b9d10a116863788f12eea47b841b2b2e7ce8e8930d952	end_marker:1;literal_run_extended:1274;literal_run_short:28277;match_10_to_1f_extended:66;match_10_to_1f_short:19842;match_20_to_3f_extended:52;match_20_to_3f_short:22642;match_40_to_ff:112579;trailing_literal_0:109199;trailing_literal_1:21927;trailing_literal_2:13889;trailing_literal_3:10165
283	66	110	cm_generation_chunk	3	0x85B0240	0x87A374E	u32_compressed_in_8_byte_table_entry,sequential_payload	683750	1025768	1024768	1024768	0	00426FDB	ignores_return_and_actual_output_size;writes_min_remaining_chunk_prefix	0	0	1	435d66423552737f403cc0aeec9dfec881f37ebd4ff477ac8c0afd035ad0ac88	435d66423552737f403cc0aeec9dfec881f37ebd4ff477ac8c0afd035ad0ac88	end_marker:1;literal_run_extended:1020;literal_run_short:27114;match_10_to_1f_extended:79;match_10_to_1f_short:19929;match_20_to_3f_extended:90;match_20_to_3f_short:22777;match_40_to_ff:113958;trailing_literal_0:109953;trailing_literal_1:22768;trailing_literal_2:13870;trailing_literal_3:10241
284	66	110	cm_generation_chunk	4	0x85B0248	0x884A634	u32_compressed_in_8_byte_table_entry,sequential_payload	701995	1025768	1024768	1024768	0	00426FDB	ignores_return_and_actual_output_size;writes_min_remaining_chunk_prefix	0	0	1	5979058aa722fcc63dfdec9d9eaa5d227621488673411e9d615922e273765161	5979058aa722fcc63dfdec9d9eaa5d227621488673411e9d615922e273765161	end_marker:1;literal_run_extended:975;literal_run_short:27814;match_10_to_1f_extended:215;match_10_to_1f_short:27722;match_20_to_3f_extended:48;match_20_to_3f_short:23419;match_40_to_ff:109555;trailing_literal_0:112488;trailing_literal_1:23566;trailing_literal_2:14413;trailing_literal_3:10491
285	66	110	cm_generation_chunk	5	0x85B0250	0x88F5C5F	u32_compressed_in_8_byte_table_entry,sequential_payload	706229	1025768	1024768	1024768	0	00426FDB	ignores_return_and_actual_output_size;writes_min_remaining_chunk_prefix	0	0	1	3f5abfb8b17626ef672e5b891c6dbaafc65a1c4ca6f55ae9bd9ecf9d85427632	3f5abfb8b17626ef672e5b891c6dbaafc65a1c4ca6f55ae9bd9ecf9d85427632	end_marker:1;literal_run_extended:729;literal_run_short:27586;match_10_to_1f_extended:146;match_10_to_1f_short:31260;match_20_to_3f_extended:48;match_20_to_3f_short:25723;match_40_to_ff:107991;trailing_literal_0:115753;trailing_literal_1:23899;trailing_literal_2:14800;trailing_literal_3:10715
286	66	110	cm_generation_chunk	6	0x85B0258	0x89A2314	u32_compressed_in_8_byte_table_entry,sequential_payload	639095	1025768	1024768	1024768	0	00426FDB	ignores_return_and_actual_output_size;writes_min_remaining_chunk_prefix	0	0	1	e1b9c8a245a64c89a4f680252a07f87afe2d7531ce126d28f55cb4e70fc090b7	e1b9c8a245a64c89a4f680252a07f87afe2d7531ce126d28f55cb4e70fc090b7	end_marker:1;literal_run_extended:460;literal_run_short:20130;match_10_to_1f_extended:233;match_10_to_1f_short:24843;match_20_to_3f_extended:137;match_20_to_3f_short:35497;match_40_to_ff:111897;trailing_literal_0:132706;trailing_literal_1:20268;trailing_literal_2:11399;trailing_literal_3:8233
287	66	110	cm_generation_chunk	7	0x85B0260	0x8A3E38B	u32_compressed_in_8_byte_table_entry,sequential_payload	666383	1025768	1024768	1024768	0	00426FDB	ignores_return_and_actual_output_size;writes_min_remaining_chunk_prefix	0	0	1	e75c02f600819da40ca20870d0916648bfb29a8bdcc55e2f6c59378bec5c622b	e75c02f600819da40ca20870d0916648bfb29a8bdcc55e2f6c59378bec5c622b	end_marker:1;literal_run_extended:596;literal_run_short:24243;match_10_to_1f_extended:179;match_10_to_1f_short:27914;match_20_to_3f_extended:95;match_20_to_3f_short:28244;match_40_to_ff:110924;trailing_literal_0:126459;trailing_literal_1:20744;trailing_literal_2:11598;trailing_literal_3:8554
288	66	110	cm_generation_chunk	8	0x85B0268	0x8AE0E9A	u32_compressed_in_8_byte_table_entry,sequential_payload	674534	1025768	1024768	1024768	0	00426FDB	ignores_return_and_actual_output_size;writes_min_remaining_chunk_prefix	0	0	1	47c1746cbad58772c9fa53d04ed88f6f0098e9e3e6b50d31483557588d497df9	47c1746cbad58772c9fa53d04ed88f6f0098e9e3e6b50d31483557588d497df9	end_marker:1;literal_run_extended:771;literal_run_short:25412;match_10_to_1f_extended:252;match_10_to_1f_short:27570;match_20_to_3f_extended:97;match_20_to_3f_short:27632;match_40_to_ff:105772;trailing_literal_0:119287;trailing_literal_1:20709;trailing_literal_2:12221;trailing_literal_3:9105
289	66	110	cm_generation_chunk	9	0x85B0270	0x8B85980	u32_compressed_in_8_byte_table_entry,sequential_payload	668347	1025768	1024768	1024768	0	00426FDB	ignores_return_and_actual_output_size;writes_min_remaining_chunk_prefix	0	0	1	6f9aea4d8e066eab31e3eed2180480e02f460ef6f736097a17ad676fa07bd8aa	6f9aea4d8e066eab31e3eed2180480e02f460ef6f736097a17ad676fa07bd8aa	end_marker:1;literal_run_extended:600;literal_run_short:24304;match_10_to_1f_extended:294;match_10_to_1f_short:32888;match_20_to_3f_extended:90;match_20_to_3f_short:27529;match_40_to_ff:104720;trailing_literal_0:122697;trailing_literal_1:21507;trailing_literal_2:12461;trailing_literal_3:8855
290	66	110	cm_generation_chunk	10	0x85B0278	0x8C28C3B	u32_compressed_in_8_byte_table_entry,sequential_payload	652927	1025768	1024768	1024768	0	00426FDB	ignores_return_and_actual_output_size;writes_min_remaining_chunk_prefix	0	0	1	41677ecde5af708de7ada6b7d787ced2927733cd4ca1766c5ed64b4962586f6a	41677ecde5af708de7ada6b7d787ced2927733cd4ca1766c5ed64b4962586f6a	end_marker:1;literal_run_extended:498;literal_run_short:21145;match_10_to_1f_extended:238;match_10_to_1f_short:25637;match_20_to_3f_extended:92;match_20_to_3f_short:36460;match_40_to_ff:110560;trailing_literal_0:132582;trailing_literal_1:20605;trailing_literal_2:11480;trailing_literal_3:8319
291	66	110	cm_generation_chunk	11	0x85B0280	0x8CC82BA	u32_compressed_in_8_byte_table_entry,sequential_payload	657493	1025768	1024768	1024768	0	00426FDB	ignores_return_and_actual_output_size;writes_min_remaining_chunk_prefix	0	0	1	836a26f77a027e587167d0b807da2f16300a62b436df48fa3075f26bda5d84f7	836a26f77a027e587167d0b807da2f16300a62b436df48fa3075f26bda5d84f7	end_marker:1;literal_run_extended:672;literal_run_short:22766;match_10_to_1f_extended:220;match_10_to_1f_short:26441;match_20_to_3f_extended:81;match_20_to_3f_short:29815;match_40_to_ff:110467;trailing_literal_0:126205;trailing_literal_1:20521;trailing_literal_2:11676;trailing_literal_3:8621
292	66	110	cm_generation_chunk	12	0x85B0288	0x8D68B0F	u32_compressed_in_8_byte_table_entry,sequential_payload	660758	1025768	1024768	1024768	0	00426FDB	ignores_return_and_actual_output_size;writes_min_remaining_chunk_prefix	0	0	1	df497b21d4f0041185a2ee15a4cef26815d0c4997497611cfce231a75e48b4c3	df497b21d4f0041185a2ee15a4cef26815d0c4997497611cfce231a75e48b4c3	end_marker:1;literal_run_extended:577;literal_run_short:23171;match_10_to_1f_extended:336;match_10_to_1f_short:32283;match_20_to_3f_extended:103;match_20_to_3f_short:28457;match_40_to_ff:105284;trailing_literal_0:123460;trailing_literal_1:21725;trailing_literal_2:12349;trailing_literal_3:8928
293	66	110	cm_generation_chunk	13	0x85B0290	0x8E0A025	u32_compressed_in_8_byte_table_entry,sequential_payload	632408	1025768	1024768	1024768	0	00426FDB	ignores_return_and_actual_output_size;writes_min_remaining_chunk_prefix	0	0	1	0df62fea69232590dfd98b1d69351564b4a2d619c53aeb3b908935755e4711ba	0df62fea69232590dfd98b1d69351564b4a2d619c53aeb3b908935755e4711ba	end_marker:1;literal_run_extended:341;literal_run_short:19369;match_10_to_1f_extended:215;match_10_to_1f_short:27549;match_20_to_3f_extended:129;match_20_to_3f_short:32968;match_40_to_ff:113574;trailing_literal_0:133710;trailing_literal_1:20939;trailing_literal_2:11545;trailing_literal_3:8240
294	66	110	cm_generation_chunk	14	0x85B0298	0x8EA467D	u32_compressed_in_8_byte_table_entry,sequential_payload	140493	1025768	232960	1024768	791808	00426FDB	ignores_return_and_actual_output_size;writes_min_remaining_chunk_prefix	0	0	1	d3173ac60bc4d67ebb1c44316af9b1d22effbf82ff39616c8669456f6acc4516	8dc395a4ca9316fb244ad921a87c7b4e182a2927bca302291104d92bcc4b87bc	end_marker:1;literal_run_extended:25;literal_run_short:3230;match_10_to_1f_extended:32;match_10_to_1f_short:4646;match_20_to_3f_extended:20;match_20_to_3f_short:9974;match_40_to_ff:27898;trailing_literal_0:34218;trailing_literal_1:4420;trailing_literal_2:2362;trailing_literal_3:1569
295	67	111	surface_grid	0	0x8ECA73F	0x8ECA743	u32_compressed_before_payload,u32_post_payload_record_count	2603	15096	15096	15096	0	00426182	ignores_return_and_actual_output_size	0	0	1	47d6bfdd4d7228edb8956902453ccdfb71dc223d14ad99506c8d43ac14d1b77b	47d6bfdd4d7228edb8956902453ccdfb71dc223d14ad99506c8d43ac14d1b77b	end_marker:1;literal_run_short:4;match_10_to_1f_short:1;match_20_to_3f_extended:83;match_20_to_3f_short:345;match_40_to_ff:576;trailing_literal_0:952;trailing_literal_1:49;trailing_literal_2:2;trailing_literal_3:1
296	67	111	cm_generation_chunk	0	0x8EDB0D5	0x8EDB261	u32_compressed_in_8_byte_table_entry,sequential_payload	743833	1025768	1024768	1024768	0	00426FDB	ignores_return_and_actual_output_size;writes_min_remaining_chunk_prefix	0	0	1	8447e6691b18ded59c8852afd91d8d16f6bac7aad29413291a36e9b8337db048	8447e6691b18ded59c8852afd91d8d16f6bac7aad29413291a36e9b8337db048	end_marker:1;literal_run_extended:2658;literal_run_short:27262;match_10_to_1f_extended:111;match_10_to_1f_short:24430;match_20_to_3f_extended:20;match_20_to_3f_short:18593;match_40_to_ff:112699;trailing_literal_0:110075;trailing_literal_1:21904;trailing_literal_2:15694;trailing_literal_3:8179
297	67	111	cm_generation_chunk	1	0x8EDB0DD	0x8F90BFA	u32_compressed_in_8_byte_table_entry,sequential_payload	651916	1025768	907520	1024768	117248	00426FDB	ignores_return_and_actual_output_size;writes_min_remaining_chunk_prefix	0	0	1	12c3f2edf3d0b4a7f84eb1ff3cb834ad18a7cacb8d4446f3408999957594d34e	da7777f356201c48cf0e2a9bae98f17aa34b73cb928cb95085fa4ecf17272585	end_marker:1;literal_run_extended:1130;literal_run_short:25662;match_10_to_1f_extended:119;match_10_to_1f_short:25302;match_20_to_3f_extended:57;match_20_to_3f_short:19803;match_40_to_ff:100829;trailing_literal_0:99838;trailing_literal_1:22241;trailing_literal_2:15456;trailing_literal_3:8574
298	68	140	surface_grid	0	0x9034F83	0x9034F87	u32_compressed_before_payload,u32_post_payload_record_count	1612	20480	20480	20480	0	00426182	ignores_return_and_actual_output_size	0	0	1	0bd1cc67a413e32b8346dcbf8d50f36bbf4faf04f96896b6adb5e685d2b23cf6	0bd1cc67a413e32b8346dcbf8d50f36bbf4faf04f96896b6adb5e685d2b23cf6	end_marker:1;literal_run_short:5;match_10_to_1f_short:1;match_20_to_3f_extended:181;match_20_to_3f_short:106;match_40_to_ff:256;trailing_literal_0:533;trailing_literal_1:10
299	68	140	cm_generation_chunk	0	0x9038784	0x9038910	u32_compressed_in_8_byte_table_entry,sequential_payload	509577	1025768	1024768	1024768	0	00426FDB	ignores_return_and_actual_output_size;writes_min_remaining_chunk_prefix	0	0	1	4f43dc929f3755b46e2342d8fe3df9ecad428b47e760fd6109bcdedb2587c02d	4f43dc929f3755b46e2342d8fe3df9ecad428b47e760fd6109bcdedb2587c02d	end_marker:1;literal_run_extended:566;literal_run_short:12175;match_10_to_1f_extended:390;match_10_to_1f_short:16978;match_20_to_3f_extended:579;match_20_to_3f_short:18296;match_40_to_ff:118239;trailing_literal_0:122238;trailing_literal_1:17595;trailing_literal_2:9836;trailing_literal_3:4812
300	68	140	cm_generation_chunk	1	0x903878C	0x90B4F99	u32_compressed_in_8_byte_table_entry,sequential_payload	568190	1025768	1024768	1024768	0	00426FDB	ignores_return_and_actual_output_size;writes_min_remaining_chunk_prefix	0	0	1	f47f0683bd28acf7c573ba70d07d69d925a9483e050536adf66daa345c68fa11	f47f0683bd28acf7c573ba70d07d69d925a9483e050536adf66daa345c68fa11	end_marker:1;literal_run_extended:804;literal_run_short:15930;match_10_to_1f_extended:280;match_10_to_1f_short:18999;match_20_to_3f_extended:422;match_20_to_3f_short:17563;match_40_to_ff:121670;trailing_literal_0:120788;trailing_literal_1:20187;trailing_literal_2:11769;trailing_literal_3:6189
301	68	140	cm_generation_chunk	2	0x9038794	0x913FB17	u32_compressed_in_8_byte_table_entry,sequential_payload	220252	1025768	502272	1024768	522496	00426FDB	ignores_return_and_actual_output_size;writes_min_remaining_chunk_prefix	0	0	1	e189aa8197978d9671721b83bd55f79de52f34abe4809fed79fa42d2ee628bfd	faad70ae8d7afcb48151b781e8cfdcc84bcf91b73c1e85fc37b18dae377eb466	end_marker:1;literal_run_extended:82;literal_run_short:3159;match_10_to_1f_extended:232;match_10_to_1f_short:6284;match_20_to_3f_extended:362;match_20_to_3f_short:12430;match_40_to_ff:57182;trailing_literal_0:63586;trailing_literal_1:7621;trailing_literal_2:3703;trailing_literal_3:1579
302	69	145	surface_grid	0	0x91952AE	0x91952B2	u32_compressed_before_payload,u32_post_payload_record_count	2205	43200	43200	43200	0	00426182	ignores_return_and_actual_output_size	0	0	1	27a5a756d49ba9539bfbf9ebd253dc9748e2df45bb8b64c113b258f4984de91f	27a5a756d49ba9539bfbf9ebd253dc9748e2df45bb8b64c113b258f4984de91f	end_marker:1;literal_run_short:9;match_10_to_1f_short:1;match_20_to_3f_extended:237;match_20_to_3f_short:158;match_40_to_ff:327;trailing_literal_0:705;trailing_literal_1:13;trailing_literal_2:2;trailing_literal_3:2
303	69	145	cm_generation_chunk	0	0x91DA5AF	0x91DA73B	u32_compressed_in_8_byte_table_entry,sequential_payload	932310	1025768	1024768	1024768	0	00426FDB	ignores_return_and_actual_output_size;writes_min_remaining_chunk_prefix	0	0	1	9d0325e81311ceb3a7c04e2ca143acba958e1a9097ef02e1912692efe41b3f40	9d0325e81311ceb3a7c04e2ca143acba958e1a9097ef02e1912692efe41b3f40	end_marker:1;literal_run_extended:10072;literal_run_short:29964;match_10_to_1f_extended:33;match_10_to_1f_short:16167;match_20_to_3f_extended:6;match_20_to_3f_short:19486;match_40_to_ff:58342;trailing_literal_0:68716;trailing_literal_1:10253;trailing_literal_2:9623;trailing_literal_3:5441
304	69	145	cm_generation_chunk	1	0x91DA5B7	0x92BE111	u32_compressed_in_8_byte_table_entry,sequential_payload	955457	1025768	1024768	1024768	0	00426FDB	ignores_return_and_actual_output_size;writes_min_remaining_chunk_prefix	0	0	1	041ee2b6bf90fb296e8098a8090fb9f50a4177a0a279116f773e27f5509a84e7	041ee2b6bf90fb296e8098a8090fb9f50a4177a0a279116f773e27f5509a84e7	end_marker:1;literal_run_extended:11188;literal_run_short:28981;match_10_to_1f_extended:5;match_10_to_1f_short:15414;match_20_to_3f_extended:1;match_20_to_3f_short:15531;match_40_to_ff:53237;trailing_literal_0:62066;trailing_literal_1:9123;trailing_literal_2:8054;trailing_literal_3:4944
305	69	145	cm_generation_chunk	2	0x91DA5BF	0x93A7552	u32_compressed_in_8_byte_table_entry,sequential_payload	937050	1025768	1024768	1024768	0	00426FDB	ignores_return_and_actual_output_size;writes_min_remaining_chunk_prefix	0	0	1	1fda447c7936a32bcc22b1f32a4f81d028f4083461195549397865635a9cf93a	1fda447c7936a32bcc22b1f32a4f81d028f4083461195549397865635a9cf93a	end_marker:1;literal_run_extended:8720;literal_run_short:34565;match_10_to_1f_short:11541;match_20_to_3f_short:16022;match_40_to_ff:71521;trailing_literal_0:67933;trailing_literal_1:13887;trailing_literal_2:9845;trailing_literal_3:7418
306	69	145	cm_generation_chunk	3	0x91DA5C7	0x948C1AC	u32_compressed_in_8_byte_table_entry,sequential_payload	946346	1025768	1024768	1024768	0	00426FDB	ignores_return_and_actual_output_size;writes_min_remaining_chunk_prefix	0	0	1	c530f5fdfe3d657546914f24ab0b8aaa4c871262f9787f6f753e8027fa7fad06	c530f5fdfe3d657546914f24ab0b8aaa4c871262f9787f6f753e8027fa7fad06	end_marker:1;literal_run_extended:8698;literal_run_short:35435;match_10_to_1f_extended:1;match_10_to_1f_short:8204;match_20_to_3f_extended:2;match_20_to_3f_short:13418;match_40_to_ff:73860;trailing_literal_0:63319;trailing_literal_1:14990;trailing_literal_2:8873;trailing_literal_3:8302
307	69	145	cm_generation_chunk	4	0x91DA5CF	0x9573256	u32_compressed_in_8_byte_table_entry,sequential_payload	956819	1025768	1024768	1024768	0	00426FDB	ignores_return_and_actual_output_size;writes_min_remaining_chunk_prefix	0	0	1	65b6958d20c3d323489ee92cb687d0911c6bc308e1a6f1420671c120a6befb1e	65b6958d20c3d323489ee92cb687d0911c6bc308e1a6f1420671c120a6befb1e	end_marker:1;literal_run_extended:9728;literal_run_short:30593;match_10_to_1f_short:10516;match_20_to_3f_extended:2;match_20_to_3f_short:11088;match_40_to_ff:63367;trailing_literal_0:56939;trailing_literal_1:13451;trailing_literal_2:7513;trailing_literal_3:7069
308	69	145	cm_generation_chunk	5	0x91DA5D7	0x965CBE9	u32_compressed_in_8_byte_table_entry,sequential_payload	928066	1025768	1024768	1024768	0	00426FDB	ignores_return_and_actual_output_size;writes_min_remaining_chunk_prefix	0	0	1	02e638f9fdaeb1256f8ac3f603e7319dcb55198bde2203fbd8a8892697642257	02e638f9fdaeb1256f8ac3f603e7319dcb55198bde2203fbd8a8892697642257	end_marker:1;literal_run_extended:6724;literal_run_short:37186;match_10_to_1f_extended:1;match_10_to_1f_short:18835;match_20_to_3f_short:20744;match_40_to_ff:69790;trailing_literal_0:71087;trailing_literal_1:17486;trailing_literal_2:11778;trailing_literal_3:9018
309	69	145	cm_generation_chunk	6	0x91DA5DF	0x973F52B	u32_compressed_in_8_byte_table_entry,sequential_payload	489765	1025768	544768	1024768	480000	00426FDB	ignores_return_and_actual_output_size;writes_min_remaining_chunk_prefix	0	0	1	02c163d24d5534d44d61d7a8e4c2530834854c49eac62abe8b712b55d681e9fa	dfde10d2c73cf6eb43c356f18539b35e323e281359b54fe465a11778e991d7d3	end_marker:1;literal_run_extended:4551;literal_run_short:18350;match_10_to_1f_extended:283;match_10_to_1f_short:8420;match_20_to_3f_extended:1;match_20_to_3f_short:8079;match_40_to_ff:32316;trailing_literal_0:33755;trailing_literal_1:6510;trailing_literal_2:5065;trailing_literal_3:3768
310	70	147	surface_grid	0	0x97BF007	0x97BF00B	u32_compressed_before_payload,u32_post_payload_record_count	2769	32956	32956	32956	0	00426182	ignores_return_and_actual_output_size	0	0	1	e93123518fcd004d1f3f7b8d39718fa1be5029881952f75475fc5f2ad3f50f8f	e93123518fcd004d1f3f7b8d39718fa1be5029881952f75475fc5f2ad3f50f8f	end_marker:1;literal_run_short:6;match_10_to_1f_extended:1;match_10_to_1f_short:2;match_20_to_3f_extended:173;match_20_to_3f_short:227;match_40_to_ff:630;trailing_literal_0:989;trailing_literal_1:33;trailing_literal_2:7;trailing_literal_3:3
311	70	147	cm_generation_chunk	0	0x97DD3EB	0x97DD577	u32_compressed_in_8_byte_table_entry,sequential_payload	816900	1025768	1024768	1024768	0	00426FDB	ignores_return_and_actual_output_size;writes_min_remaining_chunk_prefix	0	0	1	eae476f4f7961d21830f283a8baec9363f45cd04a3799a025215ad1bcab3ef8c	eae476f4f7961d21830f283a8baec9363f45cd04a3799a025215ad1bcab3ef8c	end_marker:1;literal_run_extended:4915;literal_run_short:35986;match_10_to_1f_extended:164;match_10_to_1f_short:28091;match_20_to_3f_extended:204;match_20_to_3f_short:26464;match_40_to_ff:59429;trailing_literal_0:82158;trailing_literal_1:12350;trailing_literal_2:13628;trailing_literal_3:6215
312	70	147	cm_generation_chunk	1	0x97DD3F3	0x98A4C7B	u32_compressed_in_8_byte_table_entry,sequential_payload	384014	1025768	562944	1024768	461824	00426FDB	ignores_return_and_actual_output_size;writes_min_remaining_chunk_prefix	0	0	1	1918cacb7b3c69de60b07b95c2d428b40a3c5ff7c5dbb77a0160f83807fda684	4159c755e8ef8194a68377a5dd13f10a5f2b8b154fd527006ceb81edb95550d7	end_marker:1;literal_run_extended:2694;literal_run_short:14783;match_10_to_1f_extended:331;match_10_to_1f_short:9225;match_20_to_3f_extended:324;match_20_to_3f_short:12240;match_40_to_ff:33035;trailing_literal_0:40908;trailing_literal_1:6373;trailing_literal_2:5015;trailing_literal_3:2858
313	71	148	surface_grid	0	0x99085F8	0x99085FC	u32_compressed_before_payload,u32_post_payload_record_count	2472	23664	23664	23664	0	00426182	ignores_return_and_actual_output_size	0	0	1	cc5c98c6716d7170af1339cabc6be6a9817f7e037826bed1addc4660ecc0071c	cc5c98c6716d7170af1339cabc6be6a9817f7e037826bed1addc4660ecc0071c	end_marker:1;literal_run_short:5;match_10_to_1f_short:1;match_20_to_3f_extended:161;match_20_to_3f_short:320;match_40_to_ff:401;trailing_literal_0:865;trailing_literal_1:11;trailing_literal_2:6
314	71	148	cm_generation_chunk	0	0x992B929	0x992BAB5	u32_compressed_in_8_byte_table_entry,sequential_payload	917783	1025768	1024768	1024768	0	00426FDB	ignores_return_and_actual_output_size;writes_min_remaining_chunk_prefix	0	0	1	5938af4602d073361a504467528e4ab40bfebc43adf25f3de6887ee8c690dd90	5938af4602d073361a504467528e4ab40bfebc43adf25f3de6887ee8c690dd90	end_marker:1;literal_run_extended:11384;literal_run_short:25327;match_10_to_1f_extended:160;match_10_to_1f_short:13918;match_20_to_3f_extended:136;match_20_to_3f_short:12563;match_40_to_ff:44782;trailing_literal_0:54081;trailing_literal_1:7094;trailing_literal_2:6301;trailing_literal_3:4082
315	71	148	cm_generation_chunk	1	0x992B931	0x9A0BBCC	u32_compressed_in_8_byte_table_entry,sequential_payload	464024	1025768	542464	1024768	482304	00426FDB	ignores_return_and_actual_output_size;writes_min_remaining_chunk_prefix	0	0	1	475a88c0c5a47064fed32692e2fa6857495ab229f5119cdaaf7c72e7d1a95d17	8007b64eb24933d0968b56ce1636370df1bcdb01b5f1dbbb4857cbdf50475f76	end_marker:1;literal_run_extended:5147;literal_run_short:13840;match_10_to_1f_extended:76;match_10_to_1f_short:7303;match_20_to_3f_extended:162;match_20_to_3f_short:9599;match_40_to_ff:24039;trailing_literal_0:30196;trailing_literal_1:4505;trailing_literal_2:3909;trailing_literal_3:2568
316	72	150	surface_grid	0	0x9ABB9E1	0x9ABB9E5	u32_compressed_before_payload,u32_post_payload_record_count	11019	256128	256128	256128	0	00426182	ignores_return_and_actual_output_size	0	0	1	eaa7c6e101ed291fecfd7fcb06e9ee93021eb09b6c1c12657e476260caf10bcb	eaa7c6e101ed291fecfd7fcb06e9ee93021eb09b6c1c12657e476260caf10bcb	end_marker:1;literal_run_short:10;match_10_to_1f_extended:11;match_10_to_1f_short:32;match_20_to_3f_extended:954;match_20_to_3f_short:1088;match_40_to_ff:1602;trailing_literal_0:3645;trailing_literal_1:29;trailing_literal_2:11;trailing_literal_3:1
317	72	150	cm_generation_chunk	0	0x9B75DBB	0x9B75F47	u32_compressed_in_8_byte_table_entry,sequential_payload	853826	1025768	1024768	1024768	0	00426FDB	ignores_return_and_actual_output_size;writes_min_remaining_chunk_prefix	0	0	1	2bcd2b7e6faa51f13b34cd653c827f7edeab0b0563e0864121ef227068f3925c	2bcd2b7e6faa51f13b34cd653c827f7edeab0b0563e0864121ef227068f3925c	end_marker:1;literal_run_extended:9229;literal_run_short:28727;match_10_to_1f_extended:168;match_10_to_1f_short:16717;match_20_to_3f_extended:231;match_20_to_3f_short:19218;match_40_to_ff:42731;trailing_literal_0:57362;trailing_literal_1:8372;trailing_literal_2:8301;trailing_literal_3:5029
318	72	150	cm_generation_chunk	1	0x9B75DC3	0x9C46689	u32_compressed_in_8_byte_table_entry,sequential_payload	846516	1025768	1024768	1024768	0	00426FDB	ignores_return_and_actual_output_size;writes_min_remaining_chunk_prefix	0	0	1	0ce2f703ccd15890b1f22e09c0e7398ae8b501d4823e70dbdcc8e5d49cc18c8a	0ce2f703ccd15890b1f22e09c0e7398ae8b501d4823e70dbdcc8e5d49cc18c8a	end_marker:1;literal_run_extended:7526;literal_run_short:30936;match_10_to_1f_extended:234;match_10_to_1f_short:20438;match_20_to_3f_extended:253;match_20_to_3f_short:22849;match_40_to_ff:47859;trailing_literal_0:65450;trailing_literal_1:10289;trailing_literal_2:10211;trailing_literal_3:5682
319	72	150	cm_generation_chunk	2	0x9B75DCB	0x9D1513D	u32_compressed_in_8_byte_table_entry,sequential_payload	886499	1025768	1024768	1024768	0	00426FDB	ignores_return_and_actual_output_size;writes_min_remaining_chunk_prefix	0	0	1	e42df2c03f5462a7acb6787269d2a656445586bb4f20134c4fd209e5626d3df8	e42df2c03f5462a7acb6787269d2a656445586bb4f20134c4fd209e5626d3df8	end_marker:1;literal_run_extended:9824;literal_run_short:28638;match_10_to_1f_extended:748;match_10_to_1f_short:16565;match_20_to_3f_extended:193;match_20_to_3f_short:18842;match_40_to_ff:40964;trailing_literal_0:57120;trailing_literal_1:7832;trailing_literal_2:7732;trailing_literal_3:4627
320	72	150	cm_generation_chunk	3	0x9B75DD3	0x9DED820	u32_compressed_in_8_byte_table_entry,sequential_payload	213695	1025768	299776	1024768	724992	00426FDB	ignores_return_and_actual_output_size;writes_min_remaining_chunk_prefix	0	0	1	e1f331d7b9bfb9f3cc3081e6020fcb37d91f4164c3c11793c93c74c4c88e676d	c56fd18d4e734fe2aea4c41167745845f8c940f247c704a5b39b27b38400fc9f	end_marker:1;literal_run_extended:1991;literal_run_short:7253;match_10_to_1f_extended:243;match_10_to_1f_short:4285;match_20_to_3f_extended:167;match_20_to_3f_short:6896;match_40_to_ff:11623;trailing_literal_0:17207;trailing_literal_1:2364;trailing_literal_2:2363;trailing_literal_3:1279
321	73	151	surface_grid	0	0x9E415F8	0x9E415FC	u32_compressed_before_payload,u32_post_payload_record_count	6231	129564	129564	129564	0	00426182	ignores_return_and_actual_output_size	0	0	1	cb8771e997a6c22b8b67e24a317a2463a895e6a682d0396fa7088d904b756992	cb8771e997a6c22b8b67e24a317a2463a895e6a682d0396fa7088d904b756992	end_marker:1;literal_run_short:4;match_10_to_1f_extended:11;match_10_to_1f_short:20;match_20_to_3f_extended:583;match_20_to_3f_short:580;match_40_to_ff:895;trailing_literal_0:2069;trailing_literal_1:12;trailing_literal_2:6;trailing_literal_3:1
322	73	151	cm_generation_chunk	0	0x9E9C7D7	0x9E9C963	u32_compressed_in_8_byte_table_entry,sequential_payload	841452	1025768	1024768	1024768	0	00426FDB	ignores_return_and_actual_output_size;writes_min_remaining_chunk_prefix	0	0	1	6937498f31a5cbbdebb20695f6136e68a8747afef00c1f9f70f9aca51a631c21	6937498f31a5cbbdebb20695f6136e68a8747afef00c1f9f70f9aca51a631c21	end_marker:1;literal_run_extended:7865;literal_run_short:30452;match_10_to_1f_extended:331;match_10_to_1f_short:19180;match_20_to_3f_extended:181;match_20_to_3f_short:25224;match_40_to_ff:51770;trailing_literal_0:69808;trailing_literal_1:11408;trailing_literal_2:9924;trailing_literal_3:5545
323	73	151	cm_generation_chunk	1	0x9E9C7DF	0x9F6A04F	u32_compressed_in_8_byte_table_entry,sequential_payload	816265	1025768	1024768	1024768	0	00426FDB	ignores_return_and_actual_output_size;writes_min_remaining_chunk_prefix	0	0	1	77e252cc9246f49a58963094b4e712b1674443a28050c4d00df511ede7cdf891	77e252cc9246f49a58963094b4e712b1674443a28050c4d00df511ede7cdf891	end_marker:1;literal_run_extended:7457;literal_run_short:29393;match_10_to_1f_extended:572;match_10_to_1f_short:17899;match_20_to_3f_extended:270;match_20_to_3f_short:24468;match_40_to_ff:51822;trailing_literal_0:67998;trailing_literal_1:11464;trailing_literal_2:9986;trailing_literal_3:5582
324	73	151	cm_generation_chunk	2	0x9E9C7E7	0xA0314D8	u32_compressed_in_8_byte_table_entry,sequential_payload	487408	1025768	627200	1024768	397568	00426FDB	ignores_return_and_actual_output_size;writes_min_remaining_chunk_prefix	0	0	1	68ea534a082e40d5c251946352ffab286ba2e9161a03e621688ba0686521358c	c3d90390534fff140452ba355ffe8f4836a52c04ddf848ca8c676aa40fa51a3c	end_marker:1;literal_run_extended:4501;literal_run_short:17420;match_10_to_1f_extended:1262;match_10_to_1f_short:10410;match_20_to_3f_extended:160;match_20_to_3f_short:13302;match_40_to_ff:30311;trailing_literal_0:40508;trailing_literal_1:6295;trailing_literal_2:5444;trailing_literal_3:3197
325	74	152	surface_grid	0	0xA0E7E95	0xA0E7E99	u32_compressed_before_payload,u32_post_payload_record_count	8575	260304	260304	260304	0	00426182	ignores_return_and_actual_output_size	0	0	1	dd750d04645bec07f28d42cc49283ba36d11e4199b5aa47e227d2474bf7e22eb	dd750d04645bec07f28d42cc49283ba36d11e4199b5aa47e227d2474bf7e22eb	end_marker:1;literal_run_short:8;match_10_to_1f_extended:14;match_10_to_1f_short:31;match_20_to_3f_extended:797;match_20_to_3f_short:750;match_40_to_ff:1167;trailing_literal_0:2720;trailing_literal_1:27;trailing_literal_2:11
326	74	152	cm_generation_chunk	0	0xA169BF7	0xA169D83	u32_compressed_in_8_byte_table_entry,sequential_payload	752276	1025768	1024768	1024768	0	00426FDB	ignores_return_and_actual_output_size;writes_min_remaining_chunk_prefix	0	0	1	ae2759c7c9277e2cc609c92f380a93c068e3d1c52ad410ce6a707a9aa0e9cf9d	ae2759c7c9277e2cc609c92f380a93c068e3d1c52ad410ce6a707a9aa0e9cf9d	end_marker:1;literal_run_extended:7376;literal_run_short:24498;match_10_to_1f_extended:2022;match_10_to_1f_short:15351;match_20_to_3f_extended:223;match_20_to_3f_short:26300;match_40_to_ff:34054;trailing_literal_0:55338;trailing_literal_1:9220;trailing_literal_2:8659;trailing_literal_3:4732
327	74	152	cm_generation_chunk	1	0xA169BFF	0xA221817	u32_compressed_in_8_byte_table_entry,sequential_payload	838002	1025768	1024768	1024768	0	00426FDB	ignores_return_and_actual_output_size;writes_min_remaining_chunk_prefix	0	0	1	35b4fc27f771fa1ea9767de3d63c63de8d217c074cab1df152965a4fb11b300e	35b4fc27f771fa1ea9767de3d63c63de8d217c074cab1df152965a4fb11b300e	end_marker:1;literal_run_extended:8856;literal_run_short:27073;match_10_to_1f_extended:4446;match_10_to_1f_short:16463;match_20_to_3f_extended:196;match_20_to_3f_short:17490;match_40_to_ff:39475;trailing_literal_0:56118;trailing_literal_1:8903;trailing_literal_2:8096;trailing_literal_3:4952
328	74	152	cm_generation_chunk	2	0xA169C07	0xA2EE189	u32_compressed_in_8_byte_table_entry,sequential_payload	837383	1025768	1024768	1024768	0	00426FDB	ignores_return_and_actual_output_size;writes_min_remaining_chunk_prefix	0	0	1	527ba0268c20fcf7f37a2ce43bad4ba8657de7c627dbebd9a7e0da3493d86fc3	527ba0268c20fcf7f37a2ce43bad4ba8657de7c627dbebd9a7e0da3493d86fc3	end_marker:1;literal_run_extended:8435;literal_run_short:28799;match_10_to_1f_extended:933;match_10_to_1f_short:17280;match_20_to_3f_extended:273;match_20_to_3f_short:20798;match_40_to_ff:40064;trailing_literal_0:57192;trailing_literal_1:8659;trailing_literal_2:8476;trailing_literal_3:5020
329	74	152	cm_generation_chunk	3	0xA169C0F	0xA3BA890	u32_compressed_in_8_byte_table_entry,sequential_payload	169125	1025768	224000	1024768	800768	00426FDB	ignores_return_and_actual_output_size;writes_min_remaining_chunk_prefix	0	0	1	1931160b1f90fd1643f919996e00dec6a21fb1105316fc00b2546971716c4013	046182ae7b111e6f72bc698df4339f4d16f23ca1ea2ebcacc6d59f1b0deac7f6	end_marker:1;literal_run_extended:1213;literal_run_short:6517;match_10_to_1f_extended:390;match_10_to_1f_short:4096;match_20_to_3f_extended:94;match_20_to_3f_short:6094;match_40_to_ff:9086;trailing_literal_0:14080;trailing_literal_1:2121;trailing_literal_2:2387;trailing_literal_3:1171
330	75	167	surface_grid	0	0xA3F31F4	0xA3F31F8	u32_compressed_before_payload,u32_post_payload_record_count	4964	62400	62400	62400	0	00426182	ignores_return_and_actual_output_size	0	0	1	8f5ccd08d6f330f190ad4e699db9703eefcd4d64f4198514ccb5ce7b7b58da33	8f5ccd08d6f330f190ad4e699db9703eefcd4d64f4198514ccb5ce7b7b58da33	end_marker:1;literal_run_short:18;match_10_to_1f_extended:4;match_10_to_1f_short:4;match_20_to_3f_extended:298;match_20_to_3f_short:632;match_40_to_ff:806;trailing_literal_0:1683;trailing_literal_1:53;trailing_literal_2:4;trailing_literal_3:3
331	75	167	cm_generation_chunk	0	0xA42C030	0xA42C1BC	u32_compressed_in_8_byte_table_entry,sequential_payload	872206	1025768	1024768	1024768	0	00426FDB	ignores_return_and_actual_output_size;writes_min_remaining_chunk_prefix	0	0	1	7d00a7ba253082e133023e9dd52afe5bca8d169054fcbd68e1f7813f87797cff	7d00a7ba253082e133023e9dd52afe5bca8d169054fcbd68e1f7813f87797cff	end_marker:1;literal_run_extended:8630;literal_run_short:31284;match_10_to_1f_extended:194;match_10_to_1f_short:19611;match_20_to_3f_extended:226;match_20_to_3f_short:22361;match_40_to_ff:43352;trailing_literal_0:61676;trailing_literal_1:9159;trailing_literal_2:9477;trailing_literal_3:5431
332	75	167	cm_generation_chunk	1	0xA42C038	0xA5010CA	u32_compressed_in_8_byte_table_entry,sequential_payload	847233	1025768	1024768	1024768	0	00426FDB	ignores_return_and_actual_output_size;writes_min_remaining_chunk_prefix	0	0	1	23b6a28d6fe72d86bb4eac84cf33ca12ab1167e42b029bbdd92a4523ac71cbf7	23b6a28d6fe72d86bb4eac84cf33ca12ab1167e42b029bbdd92a4523ac71cbf7	end_marker:1;literal_run_extended:5871;literal_run_short:30112;match_10_to_1f_extended:58;match_10_to_1f_short:17988;match_20_to_3f_extended:96;match_20_to_3f_short:37247;match_40_to_ff:69367;trailing_literal_0:91358;trailing_literal_1:14373;trailing_literal_2:12944;trailing_literal_3:6080
333	75	167	cm_generation_chunk	2	0xA42C040	0xA5CFE4B	u32_compressed_in_8_byte_table_entry,sequential_payload	821420	1025768	1024768	1024768	0	00426FDB	ignores_return_and_actual_output_size;writes_min_remaining_chunk_prefix	0	0	1	4ea86e307bf32d616d0b32830baaae4289cd803520b75a79a5c0b5dc30735f9e	4ea86e307bf32d616d0b32830baaae4289cd803520b75a79a5c0b5dc30735f9e	end_marker:1;literal_run_extended:5203;literal_run_short:29418;match_10_to_1f_extended:44;match_10_to_1f_short:16357;match_20_to_3f_extended:106;match_20_to_3f_short:37002;match_40_to_ff:73447;trailing_literal_0:92037;trailing_literal_1:15351;trailing_literal_2:13189;trailing_literal_3:6378
334	75	167	cm_generation_chunk	3	0xA42C048	0xA6986F7	u32_compressed_in_8_byte_table_entry,sequential_payload	338561	1025768	425728	1024768	599040	00426FDB	ignores_return_and_actual_output_size;writes_min_remaining_chunk_prefix	0	0	1	6b8c46d11c6337f656474377c9e7196eca5e330fe9f081a6bdb871773cd6e463	4389b00f16bd77e1150ecba1bc2d9168d4c7354e8997f889ecbdf269caf2ebd2	end_marker:1;literal_run_extended:1880;literal_run_short:13435;match_10_to_1f_extended:60;match_10_to_1f_short:8787;match_20_to_3f_extended:66;match_20_to_3f_short:13976;match_40_to_ff:25877;trailing_literal_0:34153;trailing_literal_1:6102;trailing_literal_2:5605;trailing_literal_3:2905
335	76	168	surface_grid	0	0xA6F27B7	0xA6F27BB	u32_compressed_before_payload,u32_post_payload_record_count	3353	30020	30020	30020	0	00426182	ignores_return_and_actual_output_size	0	0	1	35e4cd2f6259afae1fb736706800d8ded63b75fe88c2af47073eef395a434361	35e4cd2f6259afae1fb736706800d8ded63b75fe88c2af47073eef395a434361	end_marker:1;literal_run_short:6;match_10_to_1f_short:1;match_20_to_3f_extended:201;match_20_to_3f_short:331;match_40_to_ff:718;trailing_literal_0:1208;trailing_literal_1:33;trailing_literal_2:6;trailing_literal_3:3
336	76	168	cm_generation_chunk	0	0xA728FD1	0xA72915D	u32_compressed_in_8_byte_table_entry,sequential_payload	245698	1025768	1024768	1024768	0	00426FDB	ignores_return_and_actual_output_size;writes_min_remaining_chunk_prefix	0	0	1	636cc21f326b53ce32ebe7f32fb33308b7484337e31297d4d5170cd586a64abc	636cc21f326b53ce32ebe7f32fb33308b7484337e31297d4d5170cd586a64abc	end_marker:1;literal_run_extended:2331;literal_run_short:8654;match_10_to_1f_extended:84;match_10_to_1f_short:6178;match_20_to_3f_extended:88;match_20_to_3f_short:5592;match_40_to_ff:12903;trailing_literal_0:18337;trailing_literal_1:2291;trailing_literal_2:2945;trailing_literal_3:1271
337	76	168	cm_generation_chunk	1	0xA728FD9	0xA76511F	u32_compressed_in_8_byte_table_entry,sequential_payload	808451	1025768	1024768	1024768	0	00426FDB	ignores_return_and_actual_output_size;writes_min_remaining_chunk_prefix	0	0	1	2d5e0a7b373f7fc6258601afbcf56c806e40a41b351c66ada5aac93d2ac5ec73	2d5e0a7b373f7fc6258601afbcf56c806e40a41b351c66ada5aac93d2ac5ec73	end_marker:1;literal_run_extended:7935;literal_run_short:25404;match_10_to_1f_extended:57;match_10_to_1f_short:15699;match_20_to_3f_extended:39;match_20_to_3f_short:15223;match_40_to_ff:66361;trailing_literal_0:72322;trailing_literal_1:11435;trailing_literal_2:8656;trailing_literal_3:4965
338	76	168	cm_generation_chunk	2	0xA728FE1	0xA82A722	u32_compressed_in_8_byte_table_entry,sequential_payload	464305	1025768	1024768	1024768	0	00426FDB	ignores_return_and_actual_output_size;writes_min_remaining_chunk_prefix	0	0	1	770ca0aa51d2c9944f69cd2e595c229215fdee9c458c04b08a87149839c43e14	770ca0aa51d2c9944f69cd2e595c229215fdee9c458c04b08a87149839c43e14	end_marker:1;literal_run_extended:4480;literal_run_short:16090;match_10_to_1f_extended:98;match_10_to_1f_short:9342;match_20_to_3f_extended:104;match_20_to_3f_short:6591;match_40_to_ff:33864;trailing_literal_0:36310;trailing_literal_1:5735;trailing_literal_2:4982;trailing_literal_3:2971
339	76	168	cm_generation_chunk	3	0xA728FE9	0xA89BCD3	u32_compressed_in_8_byte_table_entry,sequential_payload	111369	1025768	808192	1024768	216576	00426FDB	ignores_return_and_actual_output_size;writes_min_remaining_chunk_prefix	0	0	1	116bb446a2783d9853e17eb9ae9abe89276a254de784e7ecc94538c735d8c1c4	9925c5baffe6d0b23789728f850a595390a5ddeb8fc1e91048ca7dbbb8b31efd	end_marker:1;literal_run_extended:784;literal_run_short:4192;match_10_to_1f_extended:48;match_10_to_1f_short:2043;match_20_to_3f_extended:127;match_20_to_3f_short:2701;match_40_to_ff:9725;trailing_literal_0:10636;trailing_literal_1:1605;trailing_literal_2:1504;trailing_literal_3:898
340	77	169	surface_grid	0	0xA8B9B3F	0xA8B9B43	u32_compressed_before_payload,u32_post_payload_record_count	1538	10856	10856	10856	0	00426182	ignores_return_and_actual_output_size	0	0	1	e56f4c20520de847b0bfe53686cafed6da0d76fd5f57fe19c758b6b47c2767f5	e56f4c20520de847b0bfe53686cafed6da0d76fd5f57fe19c758b6b47c2767f5	end_marker:1;literal_run_short:5;match_10_to_1f_short:1;match_20_to_3f_extended:62;match_20_to_3f_short:179;match_40_to_ff:345;trailing_literal_0:569;trailing_literal_1:14;trailing_literal_2:3
341	77	169	cm_generation_chunk	0	0xA8FC7B9	0xA8FC945	u32_compressed_in_8_byte_table_entry,sequential_payload	890726	1025768	1024768	1024768	0	00426FDB	ignores_return_and_actual_output_size;writes_min_remaining_chunk_prefix	0	0	1	841afc50b5b78c836dbf59486b4ff1818f2cbd48059bad0c42bc28a5cac2f6f7	841afc50b5b78c836dbf59486b4ff1818f2cbd48059bad0c42bc28a5cac2f6f7	end_marker:1;literal_run_extended:5857;literal_run_short:36837;match_10_to_1f_extended:3;match_10_to_1f_short:29029;match_20_to_3f_extended:1;match_20_to_3f_short:28723;match_40_to_ff:67437;trailing_literal_0:87379;trailing_literal_1:15193;trailing_literal_2:15467;trailing_literal_3:7153
342	77	169	cm_generation_chunk	1	0xA8FC7C1	0xA9D60AB	u32_compressed_in_8_byte_table_entry,sequential_payload	341931	1025768	380160	1024768	644608	00426FDB	ignores_return_and_actual_output_size;writes_min_remaining_chunk_prefix	0	0	1	875b7f504447215a859b6a9a2c888167eb2e44899bc20f31a71d529427f93046	79719b558350d6483b4160ddec4b7b1db89ba168f1afc6c4c4a67bf0cdb73e93	end_marker:1;literal_run_extended:3239;literal_run_short:12899;match_10_to_1f_extended:1;match_10_to_1f_short:8310;match_20_to_3f_extended:15;match_20_to_3f_short:5676;match_40_to_ff:23178;trailing_literal_0:26684;trailing_literal_1:4264;trailing_literal_2:3974;trailing_literal_3:2257
343	78	149	surface_grid	0	0xAA32849	0xAA3284D	u32_compressed_before_payload,u32_post_payload_record_count	1335	36600	36600	36600	0	00426182	ignores_return_and_actual_output_size	0	0	1	218c510482af0b7f826091d52ee4668acce7807848e248124265b67a9c045293	218c510482af0b7f826091d52ee4668acce7807848e248124265b67a9c045293	end_marker:1;literal_run_short:4;match_10_to_1f_short:1;match_20_to_3f_extended:123;match_20_to_3f_short:103;match_40_to_ff:203;trailing_literal_0:413;trailing_literal_1:12;trailing_literal_2:3;trailing_literal_3:1
344	78	149	cm_generation_chunk	0	0xAA4B537	0xAA4B6C3	u32_compressed_in_8_byte_table_entry,sequential_payload	691672	1025768	904192	1024768	120576	00426FDB	ignores_return_and_actual_output_size;writes_min_remaining_chunk_prefix	0	0	1	d1f8de54ab4788bd69f2dfaa2e4fbc40c5ea4bcc4f8e67a3f420bf1015b7d6d0	8b0a7d7a59cfb26ce9aa83631434a3bfc36139ba7851de38f328dc70c0f14d7f	end_marker:1;literal_run_extended:6167;literal_run_short:24193;match_10_to_1f_extended:513;match_10_to_1f_short:15237;match_20_to_3f_extended:258;match_20_to_3f_short:23169;match_40_to_ff:35344;trailing_literal_0:52864;trailing_literal_1:8757;trailing_literal_2:8414;trailing_literal_3:4485
345	79	170	surface_grid	0	0xAB10E03	0xAB10E07	u32_compressed_before_payload,u32_post_payload_record_count	2994	38948	38948	38948	0	00426182	ignores_return_and_actual_output_size	0	0	1	255b87720af2dec78b4d2d2dcb35aafb05bc82ed0573280328140f36f9bde04d	255b87720af2dec78b4d2d2dcb35aafb05bc82ed0573280328140f36f9bde04d	end_marker:1;literal_run_short:6;match_10_to_1f_short:1;match_20_to_3f_extended:261;match_20_to_3f_short:292;match_40_to_ff:495;trailing_literal_0:1036;trailing_literal_1:12
346	79	170	cm_generation_chunk	0	0xAB54123	0xAB542AF	u32_compressed_in_8_byte_table_entry,sequential_payload	975015	1025768	1024768	1024768	0	00426FDB	ignores_return_and_actual_output_size;writes_min_remaining_chunk_prefix	0	0	1	706a4d2a80328ff4c0ea9c4d6ccaa609b3f4f5db9e655d371bbc77fe7409849a	706a4d2a80328ff4c0ea9c4d6ccaa609b3f4f5db9e655d371bbc77fe7409849a	end_marker:1;literal_run_extended:11495;literal_run_short:28862;match_10_to_1f_short:12157;match_20_to_3f_extended:1;match_20_to_3f_short:11354;match_40_to_ff:53921;trailing_literal_0:54138;trailing_literal_1:11475;trailing_literal_2:6062;trailing_literal_3:5757
347	79	170	cm_generation_chunk	1	0xAB5412B	0xAC42356	u32_compressed_in_8_byte_table_entry,sequential_payload	920876	1025768	1024768	1024768	0	00426FDB	ignores_return_and_actual_output_size;writes_min_remaining_chunk_prefix	0	0	1	8d32f45ba05ef1e0dfabb555914b6764aa10dd0ac29512ec66cceef6cb9d27df	8d32f45ba05ef1e0dfabb555914b6764aa10dd0ac29512ec66cceef6cb9d27df	end_marker:1;literal_run_extended:9031;literal_run_short:28423;match_10_to_1f_extended:1;match_10_to_1f_short:8517;match_20_to_3f_short:10847;match_40_to_ff:80478;trailing_literal_0:67687;trailing_literal_1:16308;trailing_literal_2:8624;trailing_literal_3:7223
348	79	170	cm_generation_chunk	2	0xAB54133	0xAD23082	u32_compressed_in_8_byte_table_entry,sequential_payload	977557	1025768	1024768	1024768	0	00426FDB	ignores_return_and_actual_output_size;writes_min_remaining_chunk_prefix	0	0	1	15d90c44b485ee5c35e2c133ccfcaa312a5846945077f9683d6353d4a366a884	15d90c44b485ee5c35e2c133ccfcaa312a5846945077f9683d6353d4a366a884	end_marker:1;literal_run_extended:12176;literal_run_short:28472;match_10_to_1f_short:9751;match_20_to_3f_short:11819;match_40_to_ff:53904;trailing_literal_0:54375;trailing_literal_1:9650;trailing_literal_2:6052;trailing_literal_3:5396
349	79	170	cm_generation_chunk	3	0xAB5413B	0xAE11B17	u32_compressed_in_8_byte_table_entry,sequential_payload	976537	1025768	1024768	1024768	0	00426FDB	ignores_return_and_actual_output_size;writes_min_remaining_chunk_prefix	0	0	1	70f19bdb34fa6d0363836a4856289eb51e8348728e6e09601540471b0e605ad3	70f19bdb34fa6d0363836a4856289eb51e8348728e6e09601540471b0e605ad3	end_marker:1;literal_run_extended:12295;literal_run_short:26857;match_10_to_1f_short:8927;match_20_to_3f_short:11794;match_40_to_ff:52923;trailing_literal_0:52639;trailing_literal_1:9901;trailing_literal_2:5859;trailing_literal_3:5244
350	79	170	cm_generation_chunk	4	0xAB54143	0xAF001B0	u32_compressed_in_8_byte_table_entry,sequential_payload	887007	1025768	1024768	1024768	0	00426FDB	ignores_return_and_actual_output_size;writes_min_remaining_chunk_prefix	0	0	1	318cebf9d1c5549b58e426d61270d3a307cfaebed3743b24607b2cbecf6c65ff	318cebf9d1c5549b58e426d61270d3a307cfaebed3743b24607b2cbecf6c65ff	end_marker:1;literal_run_extended:5481;literal_run_short:31317;match_10_to_1f_short:22015;match_20_to_3f_short:37126;match_40_to_ff:72337;trailing_literal_0:84388;trailing_literal_1:23757;trailing_literal_2:13852;trailing_literal_3:9480
351	79	170	cm_generation_chunk	5	0xAB5414B	0xAFD8A8F	u32_compressed_in_8_byte_table_entry,sequential_payload	225550	1025768	255744	1024768	769024	00426FDB	ignores_return_and_actual_output_size;writes_min_remaining_chunk_prefix	0	0	1	3a4cc237f1727892d81230af2ed0000a127d2c26ca68951a612a08500a8a07d0	fd776071b6fb5805297b03ce65526112a1a5a0b1345c2e8668555a49a212bcfd	end_marker:1;literal_run_extended:1527;literal_run_short:8737;match_10_to_1f_short:4731;match_20_to_3f_extended:1;match_20_to_3f_short:7196;match_40_to_ff:18820;trailing_literal_0:20175;trailing_literal_1:5102;trailing_literal_2:3194;trailing_literal_3:2276
352	80	141	surface_grid	0	0xB014C9A	0xB014C9E	u32_compressed_before_payload,u32_post_payload_record_count	1581	20480	20480	20480	0	00426182	ignores_return_and_actual_output_size	0	0	1	e88df424df9509d259a4ee29f6e10bc5b6a8950b41df5d5f9b5fbe4ac8e99f32	e88df424df9509d259a4ee29f6e10bc5b6a8950b41df5d5f9b5fbe4ac8e99f32	end_marker:1;literal_run_short:6;match_10_to_1f_short:1;match_20_to_3f_extended:169;match_20_to_3f_short:113;match_40_to_ff:248;trailing_literal_0:515;trailing_literal_1:14;trailing_literal_2:1
353	80	141	cm_generation_chunk	0	0xB01849B	0xB018627	u32_compressed_in_8_byte_table_entry,sequential_payload	518280	1025768	1024768	1024768	0	00426FDB	ignores_return_and_actual_output_size;writes_min_remaining_chunk_prefix	0	0	1	bcbf3bce6e433d12e3e7d05e771494c677f7ed339cadc2964fdb2dd1ad6c5ec4	bcbf3bce6e433d12e3e7d05e771494c677f7ed339cadc2964fdb2dd1ad6c5ec4	end_marker:1;literal_run_extended:603;literal_run_short:12653;match_10_to_1f_extended:385;match_10_to_1f_short:17407;match_20_to_3f_extended:528;match_20_to_3f_short:18021;match_40_to_ff:119362;trailing_literal_0:122732;trailing_literal_1:17942;trailing_literal_2:10095;trailing_literal_3:4933
354	80	141	cm_generation_chunk	1	0xB0184A3	0xB096EAF	u32_compressed_in_8_byte_table_entry,sequential_payload	524042	1025768	1024768	1024768	0	00426FDB	ignores_return_and_actual_output_size;writes_min_remaining_chunk_prefix	0	0	1	048aca48ae99e81aa9db322d6d4468d22acd0e0dfb31ff88f62ae8aa3c8a5603	048aca48ae99e81aa9db322d6d4468d22acd0e0dfb31ff88f62ae8aa3c8a5603	end_marker:1;literal_run_extended:546;literal_run_short:13128;match_10_to_1f_extended:378;match_10_to_1f_short:18957;match_20_to_3f_extended:563;match_20_to_3f_short:20066;match_40_to_ff:115544;trailing_literal_0:121864;trailing_literal_1:17962;trailing_literal_2:10501;trailing_literal_3:5180
355	80	141	cm_generation_chunk	2	0xB0184AB	0xB116DB9	u32_compressed_in_8_byte_table_entry,sequential_payload	297937	1025768	508928	1024768	515840	00426FDB	ignores_return_and_actual_output_size;writes_min_remaining_chunk_prefix	0	0	1	ef194acc91df6f6812588a67003dbddb386cf55663e3302925b2ae7abd963d94	0de6356daf9b2b47ce172b67d343f3aa16a37a5a5a7d529d7573f5acc28698e5	end_marker:1;literal_run_extended:231;literal_run_short:8925;match_10_to_1f_extended:26;match_10_to_1f_short:4898;match_20_to_3f_extended:120;match_20_to_3f_short:15943;match_40_to_ff:60983;trailing_literal_0:60670;trailing_literal_1:10602;trailing_literal_2:7155;trailing_literal_3:3542
356	81	142	surface_grid	0	0xB16208F	0xB162093	u32_compressed_before_payload,u32_post_payload_record_count	75	9728	9728	9728	0	00426182	ignores_return_and_actual_output_size	0	0	1	6f440ac4404c9885183c9ef6cbb8bd5f1f7fd6c7d5552eec37d8f4e0f7a3d121	6f440ac4404c9885183c9ef6cbb8bd5f1f7fd6c7d5552eec37d8f4e0f7a3d121	end_marker:1;literal_run_short:1;match_10_to_1f_short:1;match_20_to_3f_extended:5;match_20_to_3f_short:1;match_40_to_ff:3;trailing_literal_0:9
357	81	142	cm_generation_chunk	0	0xB16210E	0xB16229A	u32_compressed_in_8_byte_table_entry,sequential_payload	674950	1025768	1024768	1024768	0	00426FDB	ignores_return_and_actual_output_size;writes_min_remaining_chunk_prefix	0	0	1	39e859d550f191be1623ea9d277857ccee9c251aff3f9011c32276a7007de8a8	39e859d550f191be1623ea9d277857ccee9c251aff3f9011c32276a7007de8a8	end_marker:1;literal_run_extended:333;literal_run_short:19590;match_10_to_1f_extended:130;match_10_to_1f_short:30921;match_20_to_3f_extended:20;match_20_to_3f_short:41133;match_40_to_ff:112905;trailing_literal_0:137591;trailing_literal_1:21352;trailing_literal_2:19876;trailing_literal_3:6289
358	81	142	cm_generation_chunk	1	0xB162116	0xB206F20	u32_compressed_in_8_byte_table_entry,sequential_payload	181707	1025768	292608	1024768	732160	00426FDB	ignores_return_and_actual_output_size;writes_min_remaining_chunk_prefix	0	0	1	e028de16ddf9db0400de687ad4c32f08e162df686e797e0c31fe9f77cb134aa2	dde29a4b14cafcd3950f80a4f357ddaedca911dcaba55b85d994cecc03f15910	end_marker:1;literal_run_extended:95;literal_run_short:3557;match_10_to_1f_extended:14;match_10_to_1f_short:5956;match_20_to_3f_extended:11;match_20_to_3f_short:12914;match_40_to_ff:38146;trailing_literal_0:46653;trailing_literal_1:4452;trailing_literal_2:4866;trailing_literal_3:1069
359	82	143	surface_grid	0	0xB2348AA	0xB2348AE	u32_compressed_before_payload,u32_post_payload_record_count	255	4800	4800	4800	0	00426182	ignores_return_and_actual_output_size	0	0	1	b34c777585a0ac7781a31f4d10915a81016defd92be3f80e694940c9af076893	b34c777585a0ac7781a31f4d10915a81016defd92be3f80e694940c9af076893	end_marker:1;literal_run_short:1;match_10_to_1f_short:1;match_20_to_3f_extended:26;match_20_to_3f_short:18;match_40_to_ff:37;trailing_literal_0:78;trailing_literal_1:3
360	82	143	cm_generation_chunk	0	0xB2384A9	0xB238635	u32_compressed_in_8_byte_table_entry,sequential_payload	354437	1025768	614912	1024768	409856	00426FDB	ignores_return_and_actual_output_size;writes_min_remaining_chunk_prefix	0	0	1	e33091f853ebfde04a269564e144a8726ee4e37780e9c6b56df04fda2db505bc	61cfbd3c2c4aa40ba17201dc1e7ea4e6be53206329c1811caba91d7199445018	end_marker:1;literal_run_extended:97;literal_run_short:6769;match_10_to_1f_extended:133;match_10_to_1f_short:15762;match_20_to_3f_extended:38;match_20_to_3f_short:22773;match_40_to_ff:75526;trailing_literal_0:93439;trailing_literal_1:10209;trailing_literal_2:8148;trailing_literal_3:2435
361	83	144	surface_grid	0	0xB290277	0xB29027B	u32_compressed_before_payload,u32_post_payload_record_count	855	4800	4800	4800	0	00426182	ignores_return_and_actual_output_size	0	0	1	c9e281564ecef34908d6a3f4db4eeea404aa839bfb3268e887a868649abd02a9	c9e281564ecef34908d6a3f4db4eeea404aa839bfb3268e887a868649abd02a9	end_marker:1;literal_run_short:1;match_10_to_1f_short:1;match_20_to_3f_extended:14;match_20_to_3f_short:142;match_40_to_ff:179;trailing_literal_0:333;trailing_literal_1:2
362	83	144	cm_generation_chunk	0	0xB299E2D	0xB299FB9	u32_compressed_in_8_byte_table_entry,sequential_payload	253806	1025768	611840	1024768	412928	00426FDB	ignores_return_and_actual_output_size;writes_min_remaining_chunk_prefix	0	0	1	93f769c35f7d737e889eb098af0630afc05e060c180d42420a81771f5ed1d409	3115f948458c9e08c8eea2c8149d6224703cc9f74e4f64fd3be5adbf0384c35d	end_marker:1;literal_run_extended:77;literal_run_short:2910;match_10_to_1f_extended:731;match_10_to_1f_short:10551;match_20_to_3f_extended:503;match_20_to_3f_short:22445;match_40_to_ff:53624;trailing_literal_0:76568;trailing_literal_1:5802;trailing_literal_2:4418;trailing_literal_3:1065
363	84	138	surface_grid	0	0xB2D92EA	0xB2D92EE	u32_compressed_before_payload,u32_post_payload_record_count	816	4800	4800	4800	0	00426182	ignores_return_and_actual_output_size	0	0	1	b023c069c23d292b9f86c989e965ed7a167fcf1702e6e70a1b1f8d26fc87c09e	b023c069c23d292b9f86c989e965ed7a167fcf1702e6e70a1b1f8d26fc87c09e	end_marker:1;literal_run_short:1;match_10_to_1f_short:1;match_20_to_3f_extended:19;match_20_to_3f_short:153;match_40_to_ff:133;trailing_literal_0:303;trailing_literal_1:1;trailing_literal_2:1
364	84	138	cm_generation_chunk	0	0xB2D9666	0xB2D97F2	u32_compressed_in_8_byte_table_entry,sequential_payload	325695	1025768	614912	1024768	409856	00426FDB	ignores_return_and_actual_output_size;writes_min_remaining_chunk_prefix	0	0	1	d9d9be3def716cf589976d04ea0f59c40e232c9d7de08bd939d900d19e28c016	02ac1c3568de337da67505414faf2b6d7f59f796357a51cf3d37d16d58b7cf9c	end_marker:1;literal_run_extended:270;literal_run_short:8620;match_10_to_1f_extended:537;match_10_to_1f_short:13579;match_20_to_3f_extended:164;match_20_to_3f_short:16975;match_40_to_ff:59634;trailing_literal_0:68110;trailing_literal_1:11430;trailing_literal_2:7820;trailing_literal_3:3528
365	85	139	surface_grid	0	0xB32A3EE	0xB32A3F2	u32_compressed_before_payload,u32_post_payload_record_count	552	4800	4800	4800	0	00426182	ignores_return_and_actual_output_size	0	0	1	017674174a94108d1001a3b79a19bbe576a0d96265468674ee1521747aff8a86	017674174a94108d1001a3b79a19bbe576a0d96265468674ee1521747aff8a86	end_marker:1;literal_run_short:1;match_10_to_1f_short:1;match_20_to_3f_extended:38;match_20_to_3f_short:29;match_40_to_ff:148;trailing_literal_0:211;trailing_literal_1:4
366	85	139	cm_generation_chunk	0	0xB3306E0	0xB33086C	u32_compressed_in_8_byte_table_entry,sequential_payload	488711	1025768	617472	1024768	407296	00426FDB	ignores_return_and_actual_output_size;writes_min_remaining_chunk_prefix	0	0	1	a836134a3118a20b6ee1784c68657f0646efcfa6c6da8419ebdceb8c09ac20ba	1eb9a1f7bd1288c102e04888b28cf136ce04e0eb01b4a4f0bc78b6bd36017b52	end_marker:1;literal_run_extended:1104;literal_run_short:20401;match_10_to_1f_extended:3;match_10_to_1f_short:21598;match_20_to_3f_extended:5;match_20_to_3f_short:15463;match_40_to_ff:61343;trailing_literal_0:65579;trailing_literal_1:15129;trailing_literal_2:11653;trailing_literal_3:6050
367	86	175	surface_grid	0	0xB3B5160	0xB3B5164	u32_compressed_before_payload,u32_post_payload_record_count	1849	18000	18000	18000	0	00426182	ignores_return_and_actual_output_size	0	0	1	c18bce504dcfbcb870dbc5c701293d733c85f353a349f06a2253c0279c6aecd7	c18bce504dcfbcb870dbc5c701293d733c85f353a349f06a2253c0279c6aecd7	end_marker:1;literal_run_short:4;match_10_to_1f_extended:1;match_10_to_1f_short:1;match_20_to_3f_extended:132;match_20_to_3f_short:199;match_40_to_ff:340;trailing_literal_0:665;trailing_literal_1:6;trailing_literal_2:1
368	86	175	cm_generation_chunk	0	0xB3CE3D3	0xB3CE55F	u32_compressed_in_8_byte_table_entry,sequential_payload	532534	1025768	1024768	1024768	0	00426FDB	ignores_return_and_actual_output_size;writes_min_remaining_chunk_prefix	0	0	1	9ea84c48da317ebc77fb4f7530b2872991c4ffce8201933bdd64b8fff0fcab2c	9ea84c48da317ebc77fb4f7530b2872991c4ffce8201933bdd64b8fff0fcab2c	end_marker:1;literal_run_extended:135;literal_run_short:11855;match_10_to_1f_extended:540;match_10_to_1f_short:27629;match_20_to_3f_extended:502;match_20_to_3f_short:26173;match_40_to_ff:112082;trailing_literal_0:133709;trailing_literal_1:15259;trailing_literal_2:14018;trailing_literal_3:3939
369	86	175	cm_generation_chunk	1	0xB3CE3DB	0xB450595	u32_compressed_in_8_byte_table_entry,sequential_payload	521866	1025768	1024768	1024768	0	00426FDB	ignores_return_and_actual_output_size;writes_min_remaining_chunk_prefix	0	0	1	b43c12fd51c91a4f1f40c9a394b8b2335eada4b7a6e0d94ac0e536490960f39d	b43c12fd51c91a4f1f40c9a394b8b2335eada4b7a6e0d94ac0e536490960f39d	end_marker:1;literal_run_extended:186;literal_run_short:10558;match_10_to_1f_extended:588;match_10_to_1f_short:24918;match_20_to_3f_extended:307;match_20_to_3f_short:23106;match_40_to_ff:120421;trailing_literal_0:137443;trailing_literal_1:15538;trailing_literal_2:12506;trailing_literal_3:3852
370	86	175	cm_generation_chunk	2	0xB3CE3E3	0xB4CFC1F	u32_compressed_in_8_byte_table_entry,sequential_payload	315700	1025768	543744	1024768	481024	00426FDB	ignores_return_and_actual_output_size;writes_min_remaining_chunk_prefix	0	0	1	1d400402f002dffd941c7ea979d7f50852f27f232890a58ce40bbc03ed1b2eb9	703b4fa47367ed1756427a2717e47fc001c55b873c3bb5221426f7ebee048742	end_marker:1;literal_run_extended:89;literal_run_short:6917;match_10_to_1f_extended:53;match_10_to_1f_short:10637;match_20_to_3f_extended:41;match_20_to_3f_short:15960;match_40_to_ff:71925;trailing_literal_0:74490;trailing_literal_1:12348;trailing_literal_2:8467;trailing_literal_3:3310
371	87	176	surface_grid	0	0xB52A140	0xB52A144	u32_compressed_before_payload,u32_post_payload_record_count	1897	18000	18000	18000	0	00426182	ignores_return_and_actual_output_size	0	0	1	4ef8da7225dfa2dd5f3b6a299c7b329e2e8ff2068a0a329e8abcb198a2b608a5	4ef8da7225dfa2dd5f3b6a299c7b329e2e8ff2068a0a329e8abcb198a2b608a5	end_marker:1;literal_run_short:5;match_10_to_1f_short:1;match_20_to_3f_extended:137;match_20_to_3f_short:198;match_40_to_ff:352;trailing_literal_0:674;trailing_literal_1:12;trailing_literal_2:1
372	87	176	cm_generation_chunk	0	0xB544DE1	0xB544F6D	u32_compressed_in_8_byte_table_entry,sequential_payload	533789	1025768	1024768	1024768	0	00426FDB	ignores_return_and_actual_output_size;writes_min_remaining_chunk_prefix	0	0	1	4b93a53b163e372cbcdbb5fa64dbb05fddd58a25a4d29e01c7e03397b0f44f44	4b93a53b163e372cbcdbb5fa64dbb05fddd58a25a4d29e01c7e03397b0f44f44	end_marker:1;literal_run_extended:129;literal_run_short:11686;match_10_to_1f_extended:428;match_10_to_1f_short:25388;match_20_to_3f_extended:463;match_20_to_3f_short:29984;match_40_to_ff:111434;trailing_literal_0:134463;trailing_literal_1:15351;trailing_literal_2:13909;trailing_literal_3:3973
373	87	176	cm_generation_chunk	1	0xB544DE9	0xB5C748A	u32_compressed_in_8_byte_table_entry,sequential_payload	528667	1025768	1024768	1024768	0	00426FDB	ignores_return_and_actual_output_size;writes_min_remaining_chunk_prefix	0	0	1	50fdc90417b5e8fa9c4c2b853d05018410b0e0374dc7bf6ef5c809e26d584be7	50fdc90417b5e8fa9c4c2b853d05018410b0e0374dc7bf6ef5c809e26d584be7	end_marker:1;literal_run_extended:189;literal_run_short:11059;match_10_to_1f_extended:589;match_10_to_1f_short:25867;match_20_to_3f_extended:299;match_20_to_3f_short:22298;match_40_to_ff:120806;trailing_literal_0:136555;trailing_literal_1:16371;trailing_literal_2:12746;trailing_literal_3:4186
374	87	176	cm_generation_chunk	2	0xB544DF1	0xB6485A5	u32_compressed_in_8_byte_table_entry,sequential_payload	315442	1025768	550400	1024768	474368	00426FDB	ignores_return_and_actual_output_size;writes_min_remaining_chunk_prefix	0	0	1	ed339a8783f5d527420be213104ea7114206986abb5d71a65fbbba3c291065e5	43ec0eaa5154995a3858381a5f44fcd99795e0297df0c6c553cf5e0142078599	end_marker:1;literal_run_extended:76;literal_run_short:6792;match_10_to_1f_extended:60;match_10_to_1f_short:9939;match_20_to_3f_extended:31;match_20_to_3f_short:17240;match_40_to_ff:71491;trailing_literal_0:74691;trailing_literal_1:12387;trailing_literal_2:8357;trailing_literal_3:3325
375	88	177	surface_grid	0	0xB696994	0xB696998	u32_compressed_before_payload,u32_post_payload_record_count	468	4800	4800	4800	0	00426182	ignores_return_and_actual_output_size	0	0	1	49add7eedaf631a0ed2d794c592674ab953e530296f96337dbbb5a3a957f5baa	49add7eedaf631a0ed2d794c592674ab953e530296f96337dbbb5a3a957f5baa	end_marker:1;literal_run_short:2;match_10_to_1f_short:1;match_20_to_3f_extended:34;match_20_to_3f_short:54;match_40_to_ff:73;trailing_literal_0:159;trailing_literal_1:2
376	88	177	cm_generation_chunk	0	0xB6976F2	0xB69787E	u32_compressed_in_8_byte_table_entry,sequential_payload	176082	1025768	370176	1024768	654592	00426FDB	ignores_return_and_actual_output_size;writes_min_remaining_chunk_prefix	0	0	1	663f618c0d63cf556f33fce1c189351bfcfcc16087a1ef12d25bdeff419a8b69	68159371be575937d0595edeac924a38e65b11283c8229e1d69bf1abfba039b1	end_marker:1;literal_run_extended:254;literal_run_short:5135;match_10_to_1f_extended:74;match_10_to_1f_short:3426;match_20_to_3f_extended:477;match_20_to_3f_short:11643;match_40_to_ff:29699;trailing_literal_0:34603;trailing_literal_1:5239;trailing_literal_2:3786;trailing_literal_3:1690
377	89	178	surface_grid	0	0xB6C4ECD	0xB6C4ED1	u32_compressed_before_payload,u32_post_payload_record_count	404	9600	9600	9600	0	00426182	ignores_return_and_actual_output_size	0	0	1	3b5603a53917b0c9ba04b9ff3afd3c33d47ec934abbd7fbfff119525ebfcf1c3	3b5603a53917b0c9ba04b9ff3afd3c33d47ec934abbd7fbfff119525ebfcf1c3	end_marker:1;literal_run_short:3;match_10_to_1f_short:1;match_20_to_3f_extended:25;match_20_to_3f_short:44;match_40_to_ff:56;trailing_literal_0:115;trailing_literal_1:9;trailing_literal_2:1
378	89	178	cm_generation_chunk	0	0xB6CE4A6	0xB6CE632	u32_compressed_in_8_byte_table_entry,sequential_payload	487861	1025768	1024768	1024768	0	00426FDB	ignores_return_and_actual_output_size;writes_min_remaining_chunk_prefix	0	0	1	02b2189b81a9d826c07b644148a0743ed1e897039ad944ca3e5b24bb22abe1c2	02b2189b81a9d826c07b644148a0743ed1e897039ad944ca3e5b24bb22abe1c2	end_marker:1;literal_run_extended:77;literal_run_short:10119;match_10_to_1f_extended:736;match_10_to_1f_short:21656;match_20_to_3f_extended:558;match_20_to_3f_short:31802;match_40_to_ff:100127;trailing_literal_0:125243;trailing_literal_1:14520;trailing_literal_2:11455;trailing_literal_3:3660
379	89	178	cm_generation_chunk	1	0xB6CE4AE	0xB7457E7	u32_compressed_in_8_byte_table_entry,sequential_payload	54895	1025768	111360	1024768	913408	00426FDB	ignores_return_and_actual_output_size;writes_min_remaining_chunk_prefix	0	0	1	98f24b2c28a12a50d01d64ce4d3b12e86ee15a51ec995aeeae2d8239afc2b9be	1fd1e46271d056c94a0b6c4bf3d84366774864230d955cdd3908a4097b918265	end_marker:1;literal_run_extended:8;literal_run_short:1098;match_10_to_1f_extended:57;match_10_to_1f_short:1530;match_20_to_3f_extended:63;match_20_to_3f_short:3309;match_40_to_ff:11551;trailing_literal_0:13221;trailing_literal_1:1724;trailing_literal_2:1139;trailing_literal_3:425
380	90	179	surface_grid	0	0xB757A53	0xB757A57	u32_compressed_before_payload,u32_post_payload_record_count	1675	19200	19200	19200	0	00426182	ignores_return_and_actual_output_size	0	0	1	3db04cf1f886435c1de74223fc90b5180085f08dfcbb1e0368a84ea7001d4c67	3db04cf1f886435c1de74223fc90b5180085f08dfcbb1e0368a84ea7001d4c67	end_marker:1;literal_run_short:4;match_10_to_1f_short:1;match_20_to_3f_extended:140;match_20_to_3f_short:128;match_40_to_ff:345;trailing_literal_0:609;trailing_literal_1:4
381	90	179	cm_generation_chunk	0	0xB76BC5D	0xB76BDE9	u32_compressed_in_8_byte_table_entry,sequential_payload	450589	1025768	1024768	1024768	0	00426FDB	ignores_return_and_actual_output_size;writes_min_remaining_chunk_prefix	0	0	1	dd59615200c7b3dfe1d1ef45dcdbdf3b8b90d7df04b4ea57f90dd17a824703ff	dd59615200c7b3dfe1d1ef45dcdbdf3b8b90d7df04b4ea57f90dd17a824703ff	end_marker:1;literal_run_extended:734;literal_run_short:11284;match_10_to_1f_extended:715;match_10_to_1f_short:19492;match_20_to_3f_extended:1229;match_20_to_3f_short:23094;match_40_to_ff:80900;trailing_literal_0:100314;trailing_literal_1:12246;trailing_literal_2:9356;trailing_literal_3:3513
382	90	179	cm_generation_chunk	1	0xB76BC65	0xB7D9E06	u32_compressed_in_8_byte_table_entry,sequential_payload	190915	1025768	545024	1024768	479744	00426FDB	ignores_return_and_actual_output_size;writes_min_remaining_chunk_prefix	0	0	1	d34f2246b11706171a73ec2eacd3b458af22e7f89ff1bf631e8a3023e2f0dde5	8e2273081df6410cbb93a22b25e03de90c7743aec7ee6930cf62f9c6da081185	end_marker:1;literal_run_extended:42;literal_run_short:3040;match_10_to_1f_extended:300;match_10_to_1f_short:8134;match_20_to_3f_extended:894;match_20_to_3f_short:12327;match_40_to_ff:41708;trailing_literal_0:52839;trailing_literal_1:5399;trailing_literal_2:3912;trailing_literal_3:1212
383	91	180	surface_grid	0	0xB80E0AA	0xB80E0AE	u32_compressed_before_payload,u32_post_payload_record_count	1137	22500	22500	22500	0	00426182	ignores_return_and_actual_output_size	0	0	1	60c3f094ec0779390cedc4ae22acc61f0ba4eeba1e158ef12bc8cca9e78014aa	60c3f094ec0779390cedc4ae22acc61f0ba4eeba1e158ef12bc8cca9e78014aa	end_marker:1;literal_run_short:3;match_10_to_1f_short:1;match_20_to_3f_extended:122;match_20_to_3f_short:101;match_40_to_ff:137;trailing_literal_0:357;trailing_literal_1:3
384	91	180	cm_generation_chunk	0	0xB81384F	0xB8139DB	u32_compressed_in_8_byte_table_entry,sequential_payload	442948	1025768	1024768	1024768	0	00426FDB	ignores_return_and_actual_output_size;writes_min_remaining_chunk_prefix	0	0	1	8598144ba386d9e33bdea22f1bfd5cb28c2a9fb408aa66d36c55947c306f3b5d	8598144ba386d9e33bdea22f1bfd5cb28c2a9fb408aa66d36c55947c306f3b5d	end_marker:1;literal_run_extended:126;literal_run_short:9914;match_10_to_1f_extended:1286;match_10_to_1f_short:20913;match_20_to_3f_extended:1213;match_20_to_3f_short:25246;match_40_to_ff:87794;trailing_literal_0:110160;trailing_literal_1:12600;trailing_literal_2:10184;trailing_literal_3:3507
385	91	180	cm_generation_chunk	1	0xB813857	0xB87FC1F	u32_compressed_in_8_byte_table_entry,sequential_payload	432155	1025768	1024768	1024768	0	00426FDB	ignores_return_and_actual_output_size;writes_min_remaining_chunk_prefix	0	0	1	71efd32944dba23e7ff2a8a0d0bce93984e91ae47f15a867b682e8f01b448522	71efd32944dba23e7ff2a8a0d0bce93984e91ae47f15a867b682e8f01b448522	end_marker:1;literal_run_extended:22;literal_run_short:4293;match_10_to_1f_extended:1078;match_10_to_1f_short:20531;match_20_to_3f_extended:690;match_20_to_3f_short:22184;match_40_to_ff:115268;trailing_literal_0:135380;trailing_literal_1:13802;trailing_literal_2:7815;trailing_literal_3:2753
386	91	180	cm_generation_chunk	2	0xB81385F	0xB8E943A	u32_compressed_in_8_byte_table_entry,sequential_payload	32811	1025768	137728	1024768	887040	00426FDB	ignores_return_and_actual_output_size;writes_min_remaining_chunk_prefix	0	0	1	77289c5060ea0d6746bc07b86af75af555fcfc9b59dded918de1472cd1883be5	8deb4ce93a44cfc5053a3d20d0ad624b0417d7957769100d768f2fa6b6be70c5	end_marker:1;literal_run_extended:1;literal_run_short:206;match_10_to_1f_extended:86;match_10_to_1f_short:853;match_20_to_3f_extended:371;match_20_to_3f_short:3241;match_40_to_ff:5898;trailing_literal_0:9199;trailing_literal_1:675;trailing_literal_2:449;trailing_literal_3:125
387	92	181	surface_grid	0	0xB8F2822	0xB8F2826	u32_compressed_before_payload,u32_post_payload_record_count	537	4800	4800	4800	0	00426182	ignores_return_and_actual_output_size	0	0	1	97cd4d6e8e3e568c84bc22387d101014a79a2c48d4c2ee929a8627932b11c836	97cd4d6e8e3e568c84bc22387d101014a79a2c48d4c2ee929a8627932b11c836	end_marker:1;literal_run_short:2;match_10_to_1f_short:1;match_20_to_3f_extended:46;match_20_to_3f_short:51;match_40_to_ff:88;trailing_literal_0:181;trailing_literal_1:4
388	92	181	cm_generation_chunk	0	0xB8F35E2	0xB8F376E	u32_compressed_in_8_byte_table_entry,sequential_payload	182364	1025768	345600	1024768	679168	00426FDB	ignores_return_and_actual_output_size;writes_min_remaining_chunk_prefix	0	0	1	8a63e8ee06f5d0316b34c0df15a8eca616f77855d48380d360c9973ec07c7055	d3c569b5c88b8e2bcc8550535bbe48bfa678814a98d46057ed6cae7d3abd725b	end_marker:1;literal_run_extended:277;literal_run_short:5187;match_10_to_1f_extended:65;match_10_to_1f_short:3217;match_20_to_3f_extended:282;match_20_to_3f_short:11602;match_40_to_ff:32983;trailing_literal_0:37153;trailing_literal_1:5709;trailing_literal_2:3697;trailing_literal_3:1589
389	93	182	surface_grid	0	0xB92B047	0xB92B04B	u32_compressed_before_payload,u32_post_payload_record_count	2749	44928	44928	44928	0	00426182	ignores_return_and_actual_output_size	0	0	1	9e0525139a670b4fa0ae7095723e255aae56a5fa2dc65de1d73792a6c276939e	9e0525139a670b4fa0ae7095723e255aae56a5fa2dc65de1d73792a6c276939e	end_marker:1;literal_run_short:3;match_10_to_1f_short:1;match_20_to_3f_extended:361;match_20_to_3f_short:109;match_40_to_ff:444;trailing_literal_0:908;trailing_literal_1:5;trailing_literal_3:1
390	93	182	cm_generation_chunk	0	0xB942028	0xB9421B4	u32_compressed_in_8_byte_table_entry,sequential_payload	510538	1025768	1024768	1024768	0	00426FDB	ignores_return_and_actual_output_size;writes_min_remaining_chunk_prefix	0	0	1	3c94532e47d501878ae5cf61105c7f0131c2fd58d9feabf5e6b8831065187599	3c94532e47d501878ae5cf61105c7f0131c2fd58d9feabf5e6b8831065187599	end_marker:1;literal_run_extended:575;literal_run_short:14243;match_10_to_1f_extended:392;match_10_to_1f_short:21484;match_20_to_3f_extended:1009;match_20_to_3f_short:24689;match_40_to_ff:92739;trailing_literal_0:107541;trailing_literal_1:15703;trailing_literal_2:12234;trailing_literal_3:4834
391	93	182	cm_generation_chunk	1	0xB942030	0xB9BEBFE	u32_compressed_in_8_byte_table_entry,sequential_payload	568119	1025768	1024768	1024768	0	00426FDB	ignores_return_and_actual_output_size;writes_min_remaining_chunk_prefix	0	0	1	f81daa5404a619fa7c5d519aac17560d7f2d7375dafd1f8f7df00ed31d245ab2	f81daa5404a619fa7c5d519aac17560d7f2d7375dafd1f8f7df00ed31d245ab2	end_marker:1;literal_run_extended:408;literal_run_short:13274;match_10_to_1f_extended:282;match_10_to_1f_short:24497;match_20_to_3f_extended:534;match_20_to_3f_short:27812;match_40_to_ff:116739;trailing_literal_0:130520;trailing_literal_1:20159;trailing_literal_2:13949;trailing_literal_3:5235
392	93	182	cm_generation_chunk	2	0xB942038	0xBA49735	u32_compressed_in_8_byte_table_entry,sequential_payload	58011	1025768	127488	1024768	897280	00426FDB	ignores_return_and_actual_output_size;writes_min_remaining_chunk_prefix	0	0	1	6c111d79a6c74305ff0865a399d22747825091a4400cab5bb9eab932ca1da51b	7be66fc64ed9c9c5e8781efc12286515415bcf913715d9f1f1f8e6f4d5067404	end_marker:1;literal_run_extended:38;literal_run_short:1129;match_10_to_1f_extended:34;match_10_to_1f_short:842;match_20_to_3f_extended:133;match_20_to_3f_short:4577;match_40_to_ff:11563;trailing_literal_0:14312;trailing_literal_1:1454;trailing_literal_2:1023;trailing_literal_3:359
393	94	183	surface_grid	0	0xBA6BFCD	0xBA6BFD1	u32_compressed_before_payload,u32_post_payload_record_count	4684	83200	83200	83200	0	00426182	ignores_return_and_actual_output_size	0	0	1	36805bae4c7e87ab08032df764ed379e6d24bca3fa99d09f9fc64977bc0e7488	36805bae4c7e87ab08032df764ed379e6d24bca3fa99d09f9fc64977bc0e7488	end_marker:1;literal_run_short:4;match_10_to_1f_short:1;match_20_to_3f_extended:705;match_20_to_3f_short:170;match_40_to_ff:633;trailing_literal_0:1494;trailing_literal_1:14
394	94	183	cm_generation_chunk	0	0xBA9A9D3	0xBA9AB5F	u32_compressed_in_8_byte_table_entry,sequential_payload	565178	1025768	1024768	1024768	0	00426FDB	ignores_return_and_actual_output_size;writes_min_remaining_chunk_prefix	0	0	1	59eb0d226dd42c61ddd8b0a48a1637a2499cfd0bcee25d229ef2c6e46dad8961	59eb0d226dd42c61ddd8b0a48a1637a2499cfd0bcee25d229ef2c6e46dad8961	end_marker:1;literal_run_extended:537;literal_run_short:16027;match_10_to_1f_extended:305;match_10_to_1f_short:24284;match_20_to_3f_extended:654;match_20_to_3f_short:24544;match_40_to_ff:107006;trailing_literal_0:117440;trailing_literal_1:18968;trailing_literal_2:14695;trailing_literal_3:5689
395	94	183	cm_generation_chunk	1	0xBA9A9DB	0xBB24B19	u32_compressed_in_8_byte_table_entry,sequential_payload	540475	1025768	1024768	1024768	0	00426FDB	ignores_return_and_actual_output_size;writes_min_remaining_chunk_prefix	0	0	1	48c08c0eda46a7783817889282e261b871951e9bf6bf0539135befa325a6a12d	48c08c0eda46a7783817889282e261b871951e9bf6bf0539135befa325a6a12d	end_marker:1;literal_run_extended:533;literal_run_short:14862;match_10_to_1f_extended:425;match_10_to_1f_short:25354;match_20_to_3f_extended:816;match_20_to_3f_short:23421;match_40_to_ff:100529;trailing_literal_0:113973;trailing_literal_1:17642;trailing_literal_2:13640;trailing_literal_3:5289
396	94	183	cm_generation_chunk	2	0xBA9A9E3	0xBBA8A54	u32_compressed_in_8_byte_table_entry,sequential_payload	579140	1025768	1024768	1024768	0	00426FDB	ignores_return_and_actual_output_size;writes_min_remaining_chunk_prefix	0	0	1	d1e2a9e535dcd58751a4e135f9164705cd183eb6a4c1be6102c7944e2ab5ec38	d1e2a9e535dcd58751a4e135f9164705cd183eb6a4c1be6102c7944e2ab5ec38	end_marker:1;literal_run_extended:353;literal_run_short:14295;match_10_to_1f_extended:100;match_10_to_1f_short:20224;match_20_to_3f_extended:360;match_20_to_3f_short:26392;match_40_to_ff:128395;trailing_literal_0:135698;trailing_literal_1:19200;trailing_literal_2:15386;trailing_literal_3:5186
397	94	183	cm_generation_chunk	3	0xBA9A9EB	0xBC36098	u32_compressed_in_8_byte_table_entry,sequential_payload	212308	1025768	384256	1024768	640512	00426FDB	ignores_return_and_actual_output_size;writes_min_remaining_chunk_prefix	0	0	1	ccadbfa056b4318c372007e0ccd8f0ddf22f5dec1272468eee23315b5fae1152	21e9eccef4d1921b3a40a1ad4c3687ff6e7ab33fbfd156cfa4388b20da3f20ce	end_marker:1;literal_run_extended:166;literal_run_short:5501;match_10_to_1f_extended:51;match_10_to_1f_short:4454;match_20_to_3f_extended:248;match_20_to_3f_short:14150;match_40_to_ff:41518;trailing_literal_0:46236;trailing_literal_1:7200;trailing_literal_2:4910;trailing_literal_3:2074
398	95	184	surface_grid	0	0xBC829C9	0xBC829CD	u32_compressed_before_payload,u32_post_payload_record_count	4732	101088	101088	101088	0	00426182	ignores_return_and_actual_output_size	0	0	1	0b84fe186a2579613f00e1df3ea5f689e14f7ddff2738d77448715fe5c2aa9b0	0b84fe186a2579613f00e1df3ea5f689e14f7ddff2738d77448715fe5c2aa9b0	end_marker:1;literal_run_short:6;match_10_to_1f_short:2;match_20_to_3f_extended:702;match_20_to_3f_short:206;match_40_to_ff:587;trailing_literal_0:1493;trailing_literal_1:3
399	95	184	cm_generation_chunk	0	0xBCB72E3	0xBCB746F	u32_compressed_in_8_byte_table_entry,sequential_payload	33462	1025768	1024768	1024768	0	00426FDB	ignores_return_and_actual_output_size;writes_min_remaining_chunk_prefix	0	0	1	487b645efc7b7e19348d7d11289574b2f5a2f25206ed751a87da12bad4aa5f93	487b645efc7b7e19348d7d11289574b2f5a2f25206ed751a87da12bad4aa5f93	end_marker:1;literal_run_extended:178;literal_run_short:1039;match_10_to_1f_short:1;match_20_to_3f_extended:78;match_20_to_3f_short:1048;match_40_to_ff:4543;trailing_literal_0:4530;trailing_literal_1:453;trailing_literal_2:491;trailing_literal_3:195
400	95	184	cm_generation_chunk	1	0xBCB72EB	0xBCBF725	u32_compressed_in_8_byte_table_entry,sequential_payload	122908	1025768	1024768	1024768	0	00426FDB	ignores_return_and_actual_output_size;writes_min_remaining_chunk_prefix	0	0	1	667e134a9184556aef251dc3029621494ccdf2fd969e1f6d2046151a3336f5a9	667e134a9184556aef251dc3029621494ccdf2fd969e1f6d2046151a3336f5a9	end_marker:1;literal_run_extended:377;literal_run_short:4443;match_10_to_1f_extended:25;match_10_to_1f_short:71;match_20_to_3f_extended:263;match_20_to_3f_short:3937;match_40_to_ff:23635;trailing_literal_0:21617;trailing_literal_1:2891;trailing_literal_2:2278;trailing_literal_3:1144
401	95	184	cm_generation_chunk	2	0xBCB72F3	0xBCDD741	u32_compressed_in_8_byte_table_entry,sequential_payload	312527	1025768	1024768	1024768	0	00426FDB	ignores_return_and_actual_output_size;writes_min_remaining_chunk_prefix	0	0	1	ed242fef6f14df48ff4e5353bcf64d5f9bfd2c71e9e929397b1affe34a5bc66b	ed242fef6f14df48ff4e5353bcf64d5f9bfd2c71e9e929397b1affe34a5bc66b	end_marker:1;literal_run_extended:360;literal_run_short:9795;match_10_to_1f_extended:38;match_10_to_1f_short:3799;match_20_to_3f_extended:176;match_20_to_3f_short:12411;match_40_to_ff:69543;trailing_literal_0:63970;trailing_literal_1:10415;trailing_literal_2:8172;trailing_literal_3:3409
402	95	184	cm_generation_chunk	3	0xBCB72FB	0xBD29C10	u32_compressed_in_8_byte_table_entry,sequential_payload	212830	1025768	1024768	1024768	0	00426FDB	ignores_return_and_actual_output_size;writes_min_remaining_chunk_prefix	0	0	1	5b16a656dfbb34efb87c0e38e1e78134082a3cd94bc5bc6c5922d37ade0cd5ac	5b16a656dfbb34efb87c0e38e1e78134082a3cd94bc5bc6c5922d37ade0cd5ac	end_marker:1;literal_run_extended:413;literal_run_short:6739;match_10_to_1f_extended:60;match_10_to_1f_short:3561;match_20_to_3f_extended:254;match_20_to_3f_short:5815;match_40_to_ff:46020;trailing_literal_0:42672;trailing_literal_1:6156;trailing_literal_2:4781;trailing_literal_3:2100
403	95	184	cm_generation_chunk	4	0xBCB7303	0xBD5DB6E	u32_compressed_in_8_byte_table_entry,sequential_payload	179476	1025768	1024768	1024768	0	00426FDB	ignores_return_and_actual_output_size;writes_min_remaining_chunk_prefix	0	0	1	54cc4b7fea83f7ec2ef40b5d3da9bc940d90bc8de31e1157fdc41553584e5d8a	54cc4b7fea83f7ec2ef40b5d3da9bc940d90bc8de31e1157fdc41553584e5d8a	end_marker:1;literal_run_extended:470;literal_run_short:6113;match_10_to_1f_extended:69;match_10_to_1f_short:4392;match_20_to_3f_extended:264;match_20_to_3f_short:4006;match_40_to_ff:34503;trailing_literal_0:32846;trailing_literal_1:4782;trailing_literal_2:3844;trailing_literal_3:1761
404	95	184	cm_generation_chunk	5	0xBCB730B	0xBD89882	u32_compressed_in_8_byte_table_entry,sequential_payload	435570	1025768	1024768	1024768	0	00426FDB	ignores_return_and_actual_output_size;writes_min_remaining_chunk_prefix	0	0	1	e18d9c2ba7a617aa223644ffa302446b6bb09fb07e059248235fac30326c9866	e18d9c2ba7a617aa223644ffa302446b6bb09fb07e059248235fac30326c9866	end_marker:1;literal_run_extended:446;literal_run_short:13335;match_10_to_1f_extended:109;match_10_to_1f_short:16641;match_20_to_3f_extended:416;match_20_to_3f_short:16181;match_40_to_ff:85043;trailing_literal_0:89466;trailing_literal_1:13329;trailing_literal_2:11270;trailing_literal_3:4324
405	95	184	cm_generation_chunk	6	0xBCB7313	0xBDF3DF4	u32_compressed_in_8_byte_table_entry,sequential_payload	420136	1025768	1024768	1024768	0	00426FDB	ignores_return_and_actual_output_size;writes_min_remaining_chunk_prefix	0	0	1	dbea1fd411ef0ee5f64e844ac217e06f15b5bc00b56ffb6b531735c566c28438	dbea1fd411ef0ee5f64e844ac217e06f15b5bc00b56ffb6b531735c566c28438	end_marker:1;literal_run_extended:332;literal_run_short:9327;match_10_to_1f_extended:58;match_10_to_1f_short:11972;match_20_to_3f_extended:376;match_20_to_3f_short:20128;match_40_to_ff:96753;trailing_literal_0:99709;trailing_literal_1:14894;trailing_literal_2:10818;trailing_literal_3:3865
406	95	184	cm_generation_chunk	7	0xBCB731B	0xBE5A71C	u32_compressed_in_8_byte_table_entry,sequential_payload	89081	1025768	1024768	1024768	0	00426FDB	ignores_return_and_actual_output_size;writes_min_remaining_chunk_prefix	0	0	1	c85ce9da2bbf191cca0db6c55a7a7610ecd3eba9abfa7b30a6cf4f16131f8f4d	c85ce9da2bbf191cca0db6c55a7a7610ecd3eba9abfa7b30a6cf4f16131f8f4d	end_marker:1;literal_run_extended:225;literal_run_short:3161;match_10_to_1f_extended:2;match_10_to_1f_short:6;match_20_to_3f_extended:149;match_20_to_3f_short:2051;match_40_to_ff:18734;trailing_literal_0:15805;trailing_literal_1:2227;trailing_literal_2:1977;trailing_literal_3:932
407	95	184	cm_generation_chunk	8	0xBCB7323	0xBE70315	u32_compressed_in_8_byte_table_entry,sequential_payload	99123	1025768	1024768	1024768	0	00426FDB	ignores_return_and_actual_output_size;writes_min_remaining_chunk_prefix	0	0	1	5869640b32bf3a602de486f386e3275738f865c3e2fb2edcbe9882c7df2aa45e	5869640b32bf3a602de486f386e3275738f865c3e2fb2edcbe9882c7df2aa45e	end_marker:1;literal_run_extended:327;literal_run_short:3739;match_10_to_1f_short:1;match_20_to_3f_extended:149;match_20_to_3f_short:2446;match_40_to_ff:18774;trailing_literal_0:16260;trailing_literal_1:2168;trailing_literal_2:2015;trailing_literal_3:926
408	95	184	cm_generation_chunk	9	0xBCB732B	0xBE88648	u32_compressed_in_8_byte_table_entry,sequential_payload	85259	1025768	1024768	1024768	0	00426FDB	ignores_return_and_actual_output_size;writes_min_remaining_chunk_prefix	0	0	1	69abc426f10d2e38bdc283a46eeb3e8bced2df482f512407221b90f00cdab9d4	69abc426f10d2e38bdc283a46eeb3e8bced2df482f512407221b90f00cdab9d4	end_marker:1;literal_run_extended:203;literal_run_short:2831;match_10_to_1f_short:1;match_20_to_3f_extended:124;match_20_to_3f_short:1781;match_40_to_ff:18960;trailing_literal_0:15703;trailing_literal_1:2386;trailing_literal_2:1862;trailing_literal_3:914
409	95	184	cm_generation_chunk	10	0xBCB7333	0xBE9D353	u32_compressed_in_8_byte_table_entry,sequential_payload	86793	1025768	1024768	1024768	0	00426FDB	ignores_return_and_actual_output_size;writes_min_remaining_chunk_prefix	0	0	1	4f0d482434ed05232752f112f9c9077b467cdcfad669434049880b2582dd1542	4f0d482434ed05232752f112f9c9077b467cdcfad669434049880b2582dd1542	end_marker:1;literal_run_extended:201;literal_run_short:2296;match_10_to_1f_short:1;match_20_to_3f_extended:125;match_20_to_3f_short:3012;match_40_to_ff:20423;trailing_literal_0:18824;trailing_literal_1:2196;trailing_literal_2:1742;trailing_literal_3:798
410	95	184	cm_generation_chunk	11	0xBCB733B	0xBEB265C	u32_compressed_in_8_byte_table_entry,sequential_payload	18008	1025768	1024768	1024768	0	00426FDB	ignores_return_and_actual_output_size;writes_min_remaining_chunk_prefix	0	0	1	2e7197d490cd4e3e2e62915d23800ecdd9c61156ca2c4781db326673ce09eccc	2e7197d490cd4e3e2e62915d23800ecdd9c61156ca2c4781db326673ce09eccc	end_marker:1;literal_run_extended:51;literal_run_short:540;match_10_to_1f_short:1;match_20_to_3f_extended:61;match_20_to_3f_short:580;match_40_to_ff:2309;trailing_literal_0:2346;trailing_literal_1:248;trailing_literal_2:245;trailing_literal_3:111
411	95	184	cm_generation_chunk	12	0xBCB7343	0xBEB6CB4	u32_compressed_in_8_byte_table_entry,sequential_payload	11492	1025768	659456	1024768	365312	00426FDB	ignores_return_and_actual_output_size;writes_min_remaining_chunk_prefix	0	0	1	a5cb00ed0e937439cd9c1234c2426e9145aaea9a0aec7bf78d1a3541384c9d21	b1f0d79808a503bedecee1775e559d5e3c1f5fe720e5e036e96114906b73737b	end_marker:1;literal_run_extended:37;literal_run_short:354;match_10_to_1f_short:1;match_20_to_3f_extended:22;match_20_to_3f_short:434;match_40_to_ff:799;trailing_literal_0:982;trailing_literal_1:100;trailing_literal_2:107;trailing_literal_3:66
412	96	185	surface_grid	0	0xBED49AD	0xBED49B1	u32_compressed_before_payload,u32_post_payload_record_count	3930	110360	110360	110360	0	00426182	ignores_return_and_actual_output_size	0	0	1	6160ea9e8f7f9f9306b2151befd1ed5100fd5b23a5ade25959901ab013eb86ca	6160ea9e8f7f9f9306b2151befd1ed5100fd5b23a5ade25959901ab013eb86ca	end_marker:1;literal_run_short:4;match_10_to_1f_extended:1;match_10_to_1f_short:4;match_20_to_3f_extended:602;match_20_to_3f_short:106;match_40_to_ff:512;trailing_literal_0:1223;trailing_literal_1:1
413	96	185	cm_generation_chunk	0	0xBEF4AE4	0xBEF4C70	u32_compressed_in_8_byte_table_entry,sequential_payload	548337	1025768	1024768	1024768	0	00426FDB	ignores_return_and_actual_output_size;writes_min_remaining_chunk_prefix	0	0	1	242401c6a6eec1f7f57fef32c37a911744d19dc02c3b7128e533341890eac602	242401c6a6eec1f7f57fef32c37a911744d19dc02c3b7128e533341890eac602	end_marker:1;literal_run_extended:607;literal_run_short:16195;match_10_to_1f_extended:235;match_10_to_1f_short:17656;match_20_to_3f_extended:751;match_20_to_3f_short:28207;match_40_to_ff:102523;trailing_literal_0:113668;trailing_literal_1:17128;trailing_literal_2:13326;trailing_literal_3:5249
414	96	185	cm_generation_chunk	1	0xBEF4AEC	0xBF7AA61	u32_compressed_in_8_byte_table_entry,sequential_payload	559019	1025768	1024768	1024768	0	00426FDB	ignores_return_and_actual_output_size;writes_min_remaining_chunk_prefix	0	0	1	7c2e7cc874f8435f2114933676fd2473279e098e6cfc23e986351b59cea7652c	7c2e7cc874f8435f2114933676fd2473279e098e6cfc23e986351b59cea7652c	end_marker:1;literal_run_extended:463;literal_run_short:14924;match_10_to_1f_extended:313;match_10_to_1f_short:26307;match_20_to_3f_extended:688;match_20_to_3f_short:22968;match_40_to_ff:109111;trailing_literal_0:121005;trailing_literal_1:18598;trailing_literal_2:14408;trailing_literal_3:5375
415	96	185	cm_generation_chunk	2	0xBEF4AF4	0xC00320C	u32_compressed_in_8_byte_table_entry,sequential_payload	407391	1025768	774656	1024768	250112	00426FDB	ignores_return_and_actual_output_size;writes_min_remaining_chunk_prefix	0	0	1	e1b49cc5a5d004e6594a5842ff78d140cfdba73972d2ca21218e04284423af55	6e61d86f3339cf9439fa086d3308900ac9b6a7144d63aff98d0c981ae6133d7c	end_marker:1;literal_run_extended:352;literal_run_short:9053;match_10_to_1f_extended:204;match_10_to_1f_short:14096;match_20_to_3f_extended:496;match_20_to_3f_short:23939;match_40_to_ff:84201;trailing_literal_0:96692;trailing_literal_1:13416;trailing_literal_2:9326;trailing_literal_3:3501
416	97	187	surface_grid	0	0xC06D598	0xC06D59C	u32_compressed_before_payload,u32_post_payload_record_count	2004	27440	27440	27440	0	00426182	ignores_return_and_actual_output_size	0	0	1	8e097254fe8b120e6ca94c562aebd25df1c2ee3e4a15c484db902f28785f0c84	8e097254fe8b120e6ca94c562aebd25df1c2ee3e4a15c484db902f28785f0c84	end_marker:1;literal_run_short:3;match_10_to_1f_short:1;match_20_to_3f_extended:219;match_20_to_3f_short:135;match_40_to_ff:336;trailing_literal_0:684;trailing_literal_1:6
417	97	187	cm_generation_chunk	0	0xC083CD1	0xC083E5D	u32_compressed_in_8_byte_table_entry,sequential_payload	502692	1025768	1024768	1024768	0	00426FDB	ignores_return_and_actual_output_size;writes_min_remaining_chunk_prefix	0	0	1	6836ff9c3b86874b206b29f5c0d9194aa7ec776cdd2d7ba91352c8534142ac5e	6836ff9c3b86874b206b29f5c0d9194aa7ec776cdd2d7ba91352c8534142ac5e	end_marker:1;literal_run_extended:488;literal_run_short:14358;match_10_to_1f_extended:295;match_10_to_1f_short:21567;match_20_to_3f_extended:1095;match_20_to_3f_short:25264;match_40_to_ff:89635;trailing_literal_0:106118;trailing_literal_1:14768;trailing_literal_2:12253;trailing_literal_3:4716
418	97	187	cm_generation_chunk	1	0xC083CD9	0xC0FEA01	u32_compressed_in_8_byte_table_entry,sequential_payload	378448	1025768	673024	1024768	351744	00426FDB	ignores_return_and_actual_output_size;writes_min_remaining_chunk_prefix	0	0	1	606480e0c2ee91f19173505633e311335da9d6dc3ae9c460c2d7900931916b35	d22e7d18accc607ecbbc62069a9336d4ec7c3c6f1f093c0f30f3e3452e97679d	end_marker:1;literal_run_extended:221;literal_run_short:8076;match_10_to_1f_extended:180;match_10_to_1f_short:16451;match_20_to_3f_extended:245;match_20_to_3f_short:17404;match_40_to_ff:82864;trailing_literal_0:90936;trailing_literal_1:13758;trailing_literal_2:9121;trailing_literal_3:3328
419	98	188	surface_grid	0	0xC15FCDE	0xC15FCE2	u32_compressed_before_payload,u32_post_payload_record_count	1626	19344	19344	19344	0	00426182	ignores_return_and_actual_output_size	0	0	1	4438af3fefab1ac8798588cea0d8f57f4fd49024456ba544506856f3e8138dd9	4438af3fefab1ac8798588cea0d8f57f4fd49024456ba544506856f3e8138dd9	end_marker:1;literal_run_short:5;match_10_to_1f_short:1;match_20_to_3f_extended:157;match_20_to_3f_short:125;match_40_to_ff:285;trailing_literal_0:560;trailing_literal_1:7
420	98	188	cm_generation_chunk	0	0xC175B35	0xC175CC1	u32_compressed_in_8_byte_table_entry,sequential_payload	511827	1025768	943104	1024768	81664	00426FDB	ignores_return_and_actual_output_size;writes_min_remaining_chunk_prefix	0	0	1	87c1de5a09b813929fca141a6f7007ade7f1ff3956f1bc091d45e0ef2ef5c66d	dc80adf17670aa4b9711f00fd04a17d499393f60ad671902ec410bae293c8979	end_marker:1;literal_run_extended:632;literal_run_short:16279;match_10_to_1f_extended:106;match_10_to_1f_short:13539;match_20_to_3f_extended:822;match_20_to_3f_short:32447;match_40_to_ff:84166;trailing_literal_0:97685;trailing_literal_1:15755;trailing_literal_2:12589;trailing_literal_3:5050
421	99	189	surface_grid	0	0xC202D11	0xC202D15	u32_compressed_before_payload,u32_post_payload_record_count	3481	65536	65536	65536	0	00426182	ignores_return_and_actual_output_size	0	0	1	ba035031c41cac99bb27f411a28569734e3cda9334bc11a15ab074d16fab5db7	ba035031c41cac99bb27f411a28569734e3cda9334bc11a15ab074d16fab5db7	end_marker:1;literal_run_short:2;match_10_to_1f_short:1;match_20_to_3f_extended:517;match_20_to_3f_short:136;match_40_to_ff:467;trailing_literal_0:1114;trailing_literal_1:5;trailing_literal_2:1
422	99	189	cm_generation_chunk	0	0xC222DB1	0xC222F3D	u32_compressed_in_8_byte_table_entry,sequential_payload	574215	1025768	1024768	1024768	0	00426FDB	ignores_return_and_actual_output_size;writes_min_remaining_chunk_prefix	0	0	1	1d335c9ab1e4d874dae8c85804055712cccf14b6b637027758ba2fbcc30055fa	1d335c9ab1e4d874dae8c85804055712cccf14b6b637027758ba2fbcc30055fa	end_marker:1;literal_run_extended:619;literal_run_short:16998;match_10_to_1f_extended:85;match_10_to_1f_short:14822;match_20_to_3f_extended:520;match_20_to_3f_short:26160;match_40_to_ff:117472;trailing_literal_0:120194;trailing_literal_1:18964;trailing_literal_2:14237;trailing_literal_3:5663
423	99	189	cm_generation_chunk	1	0xC222DB9	0xC2AF244	u32_compressed_in_8_byte_table_entry,sequential_payload	558050	1025768	1024768	1024768	0	00426FDB	ignores_return_and_actual_output_size;writes_min_remaining_chunk_prefix	0	0	1	a04b96a17f45ccba0ff3fe77ed380d49e697d08386c018e12e14f59c09c3cdd3	a04b96a17f45ccba0ff3fe77ed380d49e697d08386c018e12e14f59c09c3cdd3	end_marker:1;literal_run_extended:541;literal_run_short:15169;match_10_to_1f_extended:239;match_10_to_1f_short:25377;match_20_to_3f_extended:708;match_20_to_3f_short:19128;match_40_to_ff:113139;trailing_literal_0:119669;trailing_literal_1:19165;trailing_literal_2:14064;trailing_literal_3:5692
424	99	189	cm_generation_chunk	2	0xC222DC1	0xC337626	u32_compressed_in_8_byte_table_entry,sequential_payload	378290	1025768	727040	1024768	297728	00426FDB	ignores_return_and_actual_output_size;writes_min_remaining_chunk_prefix	0	0	1	48d5ce80f1651ecaff1871f0a06fdaefd288744e3e0c78847032d0b0ae8d3a02	aa1d53d96c6de9ae17fe9fcbfb161a484c5cf436db84b55c8520fde8f5a29241	end_marker:1;literal_run_extended:280;literal_run_short:8403;match_10_to_1f_extended:170;match_10_to_1f_short:14036;match_20_to_3f_extended:460;match_20_to_3f_short:20177;match_40_to_ff:80460;trailing_literal_0:90544;trailing_literal_1:12773;trailing_literal_2:8630;trailing_literal_3:3355
425	100	190	surface_grid	0	0xC39B09D	0xC39B0A1	u32_compressed_before_payload,u32_post_payload_record_count	2024	29640	29640	29640	0	00426182	ignores_return_and_actual_output_size	0	0	1	9ac1b51fe9b7d80bd4ddf582bd1f05b09d8bdb07437704f8d1138b0abd93dc68	9ac1b51fe9b7d80bd4ddf582bd1f05b09d8bdb07437704f8d1138b0abd93dc68	end_marker:1;literal_run_short:3;match_10_to_1f_short:2;match_20_to_3f_extended:262;match_20_to_3f_short:100;match_40_to_ff:314;trailing_literal_0:672;trailing_literal_1:5
426	100	190	cm_generation_chunk	0	0xC3ADF01	0xC3AE08D	u32_compressed_in_8_byte_table_entry,sequential_payload	538264	1025768	1024768	1024768	0	00426FDB	ignores_return_and_actual_output_size;writes_min_remaining_chunk_prefix	0	0	1	97441b9c4d6ba5ecb360662993d50de644aa05e7130be18f7c172d13c66271de	97441b9c4d6ba5ecb360662993d50de644aa05e7130be18f7c172d13c66271de	end_marker:1;literal_run_extended:513;literal_run_short:14664;match_10_to_1f_extended:251;match_10_to_1f_short:19961;match_20_to_3f_extended:872;match_20_to_3f_short:26985;match_40_to_ff:103805;trailing_literal_0:116934;trailing_literal_1:17185;trailing_literal_2:12770;trailing_literal_3:4984
427	100	190	cm_generation_chunk	1	0xC3ADF09	0xC431725	u32_compressed_in_8_byte_table_entry,sequential_payload	198858	1025768	410368	1024768	614400	00426FDB	ignores_return_and_actual_output_size;writes_min_remaining_chunk_prefix	0	0	1	e3340e03fe3990ce192674fe2d599b432feda3e5d2d7fa97cdb5ebb1e9f6af38	fb6a0c19d9c16b891a2957f472a27dbc34acdeda8c6a13dc7a36ee5e51e3310e	end_marker:1;literal_run_extended:200;literal_run_short:4958;match_10_to_1f_extended:104;match_10_to_1f_short:5010;match_20_to_3f_extended:397;match_20_to_3f_short:12671;match_40_to_ff:38881;trailing_literal_0:44976;trailing_literal_1:6036;trailing_literal_2:4371;trailing_literal_3:1679
428	101	200	surface_grid	0	0xC46C9AC	0xC46C9B0	u32_compressed_before_payload,u32_post_payload_record_count	5361	43200	43200	43200	0	00426182	ignores_return_and_actual_output_size	0	0	1	ddcb5e8415e750ae60cfeb1b74a755da54893530a38d5048f975dcade67979b1	ddcb5e8415e750ae60cfeb1b74a755da54893530a38d5048f975dcade67979b1	end_marker:1;literal_run_short:7;match_10_to_1f_extended:1;match_10_to_1f_short:1;match_20_to_3f_extended:284;match_20_to_3f_short:576;match_40_to_ff:1210;trailing_literal_0:2049;trailing_literal_1:20;trailing_literal_2:1;trailing_literal_3:1
429	101	200	cm_generation_chunk	0	0xC4BC26E	0xC4BC3FA	u32_compressed_in_8_byte_table_entry,sequential_payload	497106	1025768	1024768	1024768	0	00426FDB	ignores_return_and_actual_output_size;writes_min_remaining_chunk_prefix	0	0	1	bb069f8a8dc0f0498bc717d2e15224ca3aef3d81a621f63bba74252361fafa9f	bb069f8a8dc0f0498bc717d2e15224ca3aef3d81a621f63bba74252361fafa9f	end_marker:1;literal_run_extended:154;literal_run_short:10643;match_10_to_1f_extended:36;match_10_to_1f_short:4845;match_20_to_3f_extended:482;match_20_to_3f_short:27156;match_40_to_ff:130659;trailing_literal_0:127857;trailing_literal_1:18754;trailing_literal_2:11295;trailing_literal_3:5271
430	101	200	cm_generation_chunk	1	0xC4BC276	0xC5359CC	u32_compressed_in_8_byte_table_entry,sequential_payload	520746	1025768	1024768	1024768	0	00426FDB	ignores_return_and_actual_output_size;writes_min_remaining_chunk_prefix	0	0	1	066a75aa511a0e8bdffc33ab5993b47d3cf002f1f276c9c17fde14a8fce88a86	066a75aa511a0e8bdffc33ab5993b47d3cf002f1f276c9c17fde14a8fce88a86	end_marker:1;literal_run_extended:269;literal_run_short:12947;match_10_to_1f_extended:43;match_10_to_1f_short:5883;match_20_to_3f_extended:398;match_20_to_3f_short:27372;match_40_to_ff:130381;trailing_literal_0:130578;trailing_literal_1:16742;trailing_literal_2:11565;trailing_literal_3:5191
431	101	200	cm_generation_chunk	2	0xC4BC27E	0xC5B4BF6	u32_compressed_in_8_byte_table_entry,sequential_payload	533085	1025768	1024768	1024768	0	00426FDB	ignores_return_and_actual_output_size;writes_min_remaining_chunk_prefix	0	0	1	701217765cabd039d8bf1d1034995f00c9dcf790d25367f34ac07122bbe71ab1	701217765cabd039d8bf1d1034995f00c9dcf790d25367f34ac07122bbe71ab1	end_marker:1;literal_run_extended:307;literal_run_short:12545;match_10_to_1f_extended:41;match_10_to_1f_short:6253;match_20_to_3f_extended:316;match_20_to_3f_short:24741;match_40_to_ff:138785;trailing_literal_0:132757;trailing_literal_1:19409;trailing_literal_2:12344;trailing_literal_3:5625
432	101	200	cm_generation_chunk	3	0xC4BC286	0xC636E53	u32_compressed_in_8_byte_table_entry,sequential_payload	518333	1025768	1024768	1024768	0	00426FDB	ignores_return_and_actual_output_size;writes_min_remaining_chunk_prefix	0	0	1	ba705dc2be1bbcb08d300d663fa66a449fcc8d1ef6ea04b6e90a3a537007b7c7	ba705dc2be1bbcb08d300d663fa66a449fcc8d1ef6ea04b6e90a3a537007b7c7	end_marker:1;literal_run_extended:281;literal_run_short:12135;match_10_to_1f_extended:65;match_10_to_1f_short:6025;match_20_to_3f_extended:308;match_20_to_3f_short:22999;match_40_to_ff:138613;trailing_literal_0:135581;trailing_literal_1:16889;trailing_literal_2:10601;trailing_literal_3:4938
433	101	200	cm_generation_chunk	4	0xC4BC28E	0xC6B5710	u32_compressed_in_8_byte_table_entry,sequential_payload	647151	1025768	1024768	1024768	0	00426FDB	ignores_return_and_actual_output_size;writes_min_remaining_chunk_prefix	0	0	1	51f1808f982aaee781f8e37cfb2f8f6b6a60abfbaf1f69b81cadcd1698f5836d	51f1808f982aaee781f8e37cfb2f8f6b6a60abfbaf1f69b81cadcd1698f5836d	end_marker:1;literal_run_extended:441;literal_run_short:20618;match_10_to_1f_extended:20;match_10_to_1f_short:10614;match_20_to_3f_extended:45;match_20_to_3f_short:30281;match_40_to_ff:137343;trailing_literal_0:128569;trailing_literal_1:24261;trailing_literal_2:17402;trailing_literal_3:8070
434	101	200	cm_generation_chunk	5	0xC4BC296	0xC7536FF	u32_compressed_in_8_byte_table_entry,sequential_payload	262637	1025768	408320	1024768	616448	00426FDB	ignores_return_and_actual_output_size;writes_min_remaining_chunk_prefix	0	0	1	132439f2fd1ae0b254f4fb3083d0f41dcc10e63161b07bf4c75de4affa8820e7	a2d3dc7c35b3d47fde77d41b3df588e3aabebcaa83eadc3d7a6bba198d495ba5	end_marker:1;literal_run_extended:86;literal_run_short:6833;match_10_to_1f_extended:8;match_10_to_1f_short:5500;match_20_to_3f_extended:12;match_20_to_3f_short:16326;match_40_to_ff:54747;trailing_literal_0:55732;trailing_literal_1:10644;trailing_literal_2:7074;trailing_literal_3:3142
435	102	210	surface_grid	0	0xC798CE1	0xC798CE5	u32_compressed_before_payload,u32_post_payload_record_count	895	7080	7080	7080	0	00426182	ignores_return_and_actual_output_size	0	0	1	88fce956bf906d11a33e250ad23a112099802883f4d140fd3802a8135bb5b24c	88fce956bf906d11a33e250ad23a112099802883f4d140fd3802a8135bb5b24c	end_marker:1;literal_run_short:3;match_10_to_1f_short:1;match_20_to_3f_extended:64;match_20_to_3f_short:55;match_40_to_ff:222;trailing_literal_0:336;trailing_literal_1:4;trailing_literal_3:1
436	102	210	cm_generation_chunk	0	0xC7A8225	0xC7A83B1	u32_compressed_in_8_byte_table_entry,sequential_payload	829725	1025768	1024768	1024768	0	00426FDB	ignores_return_and_actual_output_size;writes_min_remaining_chunk_prefix	0	0	1	a0617af17daed3a469bffaefd073823f44e81910f8546cccc70575568d350a98	a0617af17daed3a469bffaefd073823f44e81910f8546cccc70575568d350a98	end_marker:1;literal_run_extended:3630;literal_run_short:37427;match_10_to_1f_extended:87;match_10_to_1f_short:24213;match_20_to_3f_extended:69;match_20_to_3f_short:16302;match_40_to_ff:97665;trailing_literal_0:93417;trailing_literal_1:20456;trailing_literal_2:15092;trailing_literal_3:9370
437	102	210	cm_generation_chunk	1	0xC7A822D	0xC872CCE	u32_compressed_in_8_byte_table_entry,sequential_payload	539250	1025768	683264	1024768	341504	00426FDB	ignores_return_and_actual_output_size;writes_min_remaining_chunk_prefix	0	0	1	09389c49825c1444c29e8f35cc4cd706e7351233f494643dd98b4943662bc86a	8f2967f692a72ea906a251086b610f9fcdd71883ca8c08471d40cafdcd6ea181	end_marker:1;literal_run_extended:1917;literal_run_short:25380;match_10_to_1f_extended:69;match_10_to_1f_short:12003;match_20_to_3f_extended:89;match_20_to_3f_short:19155;match_40_to_ff:60400;trailing_literal_0:63641;trailing_literal_1:12233;trailing_literal_2:9964;trailing_literal_3:5877
438	103	211	surface_grid	0	0xC8F7AFD	0xC8F7B01	u32_compressed_before_payload,u32_post_payload_record_count	731	4800	4800	4800	0	00426182	ignores_return_and_actual_output_size	0	0	1	71ddb4c926182769d00fd9718038c7a5a6a1c99a595d091432aac49a3a231a0d	71ddb4c926182769d00fd9718038c7a5a6a1c99a595d091432aac49a3a231a0d	end_marker:1;literal_run_short:2;match_10_to_1f_short:1;match_20_to_3f_extended:22;match_20_to_3f_short:71;match_40_to_ff:195;trailing_literal_0:272;trailing_literal_1:13;trailing_literal_2:2;trailing_literal_3:1
439	103	211	cm_generation_chunk	0	0xC8FA398	0xC8FA524	u32_compressed_in_8_byte_table_entry,sequential_payload	282248	1025768	432640	1024768	592128	00426FDB	ignores_return_and_actual_output_size;writes_min_remaining_chunk_prefix	0	0	1	f1e61b6cbcd2cd818f01ddeb450a1a4c4f6baaf4e41c1b41a8ef054f09594871	f6bb2e33e924c26a62953a08bafab3b7f3134b4f5018c16d4f8d5fca7108fa48	end_marker:1;literal_run_extended:597;literal_run_short:9685;match_10_to_1f_extended:159;match_10_to_1f_short:8493;match_20_to_3f_extended:66;match_20_to_3f_short:12828;match_40_to_ff:44455;trailing_literal_0:48131;trailing_literal_1:8543;trailing_literal_2:6393;trailing_literal_3:2933
440	104	212	surface_grid	0	0xC941259	0xC94125D	u32_compressed_before_payload,u32_post_payload_record_count	960	7600	7600	7600	0	00426182	ignores_return_and_actual_output_size	0	0	1	d86c04cfc5992a2c41cb83a25fbf597904ba2e2f73e9e4a89971f59681850a0e	d86c04cfc5992a2c41cb83a25fbf597904ba2e2f73e9e4a89971f59681850a0e	end_marker:1;literal_run_short:1;match_10_to_1f_short:1;match_20_to_3f_extended:55;match_20_to_3f_short:78;match_40_to_ff:233;trailing_literal_0:350;trailing_literal_1:10;trailing_literal_2:4;trailing_literal_3:2
441	104	212	cm_generation_chunk	0	0xC94A336	0xC94A4C2	u32_compressed_in_8_byte_table_entry,sequential_payload	354134	1025768	543744	1024768	481024	00426FDB	ignores_return_and_actual_output_size;writes_min_remaining_chunk_prefix	0	0	1	74660571ad26eeb68c803bbbb80683cf578b00f79218b2ad583f8cf69bf95e60	842c5ac834b45f6423d516aff2cd5a0f43963637448b0eecf3c107bfa176ed06	end_marker:1;literal_run_extended:586;literal_run_short:12338;match_10_to_1f_extended:170;match_10_to_1f_short:12866;match_20_to_3f_extended:142;match_20_to_3f_short:14791;match_40_to_ff:56504;trailing_literal_0:60561;trailing_literal_1:11693;trailing_literal_2:8215;trailing_literal_3:4003
442	105	214	surface_grid	0	0xC9A95CD	0xC9A95D1	u32_compressed_before_payload,u32_post_payload_record_count	3008	35000	35000	35000	0	00426182	ignores_return_and_actual_output_size	0	0	1	8540f91e3f4727be055e8babfaaa2d17a9fab1e9228daf8754d44b4a2678d41f	8540f91e3f4727be055e8babfaaa2d17a9fab1e9228daf8754d44b4a2678d41f	end_marker:1;literal_run_short:2;match_10_to_1f_extended:1;match_10_to_1f_short:1;match_20_to_3f_extended:234;match_20_to_3f_short:274;match_40_to_ff:587;trailing_literal_0:1082;trailing_literal_1:13;trailing_literal_2:1
443	105	214	cm_generation_chunk	0	0xCA81F1D	0xCA820A9	u32_compressed_in_8_byte_table_entry,sequential_payload	876737	1025768	1024768	1024768	0	00426FDB	ignores_return_and_actual_output_size;writes_min_remaining_chunk_prefix	0	0	1	d8a0a989bbf888a9dcfda3729f2df28b5c27ac8572a6332f92bca094facaaac7	d8a0a989bbf888a9dcfda3729f2df28b5c27ac8572a6332f92bca094facaaac7	end_marker:1;literal_run_extended:5845;literal_run_short:35394;match_10_to_1f_extended:4;match_10_to_1f_short:11766;match_20_to_3f_extended:1;match_20_to_3f_short:14018;match_40_to_ff:102517;trailing_literal_0:83833;trailing_literal_1:22216;trailing_literal_2:12390;trailing_literal_3:9866
444	105	214	cm_generation_chunk	1	0xCA81F25	0xCB5816A	u32_compressed_in_8_byte_table_entry,sequential_payload	841940	1025768	1024768	1024768	0	00426FDB	ignores_return_and_actual_output_size;writes_min_remaining_chunk_prefix	0	0	1	4c1516f27494ceaa61dbde8de4022d9a5362aeb1535c3bfcf0ab2f78df86c829	4c1516f27494ceaa61dbde8de4022d9a5362aeb1535c3bfcf0ab2f78df86c829	end_marker:1;literal_run_extended:5381;literal_run_short:31641;match_10_to_1f_short:12867;match_20_to_3f_extended:2;match_20_to_3f_short:15092;match_40_to_ff:109341;trailing_literal_0:93585;trailing_literal_1:22187;trailing_literal_2:12420;trailing_literal_3:9109
445	105	214	cm_generation_chunk	2	0xCA81F2D	0xCC25A3E	u32_compressed_in_8_byte_table_entry,sequential_payload	814447	1025768	1024768	1024768	0	00426FDB	ignores_return_and_actual_output_size;writes_min_remaining_chunk_prefix	0	0	1	60c057afbbfdb303951b0304020754dbaf452db703026258dc727a66b3591aa2	60c057afbbfdb303951b0304020754dbaf452db703026258dc727a66b3591aa2	end_marker:1;literal_run_extended:3804;literal_run_short:31362;match_10_to_1f_extended:5;match_10_to_1f_short:13577;match_20_to_3f_short:19661;match_40_to_ff:120003;trailing_literal_0:103120;trailing_literal_1:26501;trailing_literal_2:13726;trailing_literal_3:9898
446	105	214	cm_generation_chunk	3	0xCA81F35	0xCCEC7AD	u32_compressed_in_8_byte_table_entry,sequential_payload	825218	1025768	1024768	1024768	0	00426FDB	ignores_return_and_actual_output_size;writes_min_remaining_chunk_prefix	0	0	1	df1d47513723150b34d2b2254a84280140b984939cd80ac102ca8ec84234f97c	df1d47513723150b34d2b2254a84280140b984939cd80ac102ca8ec84234f97c	end_marker:1;literal_run_extended:3303;literal_run_short:33726;match_10_to_1f_extended:8;match_10_to_1f_short:14843;match_20_to_3f_extended:1;match_20_to_3f_short:24962;match_40_to_ff:113025;trailing_literal_0:98834;trailing_literal_1:28231;trailing_literal_2:14633;trailing_literal_3:11140
447	105	214	cm_generation_chunk	4	0xCA81F3D	0xCDB5F2F	u32_compressed_in_8_byte_table_entry,sequential_payload	262786	1025768	381440	1024768	643328	00426FDB	ignores_return_and_actual_output_size;writes_min_remaining_chunk_prefix	0	0	1	f1ca6b593ee99ca715d0133cc08f39ebbfc615cd6019286947b3bf929f804e22	8dbe1f9937c69b32a7e07e452e0dc77a10bb9c78c40c0c2dddc6169ea3c3de85	end_marker:1;literal_run_extended:163;literal_run_short:8009;match_10_to_1f_extended:5;match_10_to_1f_short:5909;match_20_to_3f_extended:3;match_20_to_3f_short:11869;match_40_to_ff:53395;trailing_literal_0:48839;trailing_literal_1:12352;trailing_literal_2:6332;trailing_literal_3:3657
448	106	215	surface_grid	0	0xCDFD7EE	0xCDFD7F2	u32_compressed_before_payload,u32_post_payload_record_count	1868	30016	30016	30016	0	00426182	ignores_return_and_actual_output_size	0	0	1	17a1a2c721e37da8cdc9e42695b130d8f960a7f3d34d8eaa1fff399dac24df78	17a1a2c721e37da8cdc9e42695b130d8f960a7f3d34d8eaa1fff399dac24df78	end_marker:1;literal_run_short:12;match_10_to_1f_short:2;match_20_to_3f_extended:153;match_20_to_3f_short:146;match_40_to_ff:335;trailing_literal_0:609;trailing_literal_1:23;trailing_literal_3:3
449	106	215	cm_generation_chunk	0	0xCE3F52D	0xCE3F6B9	u32_compressed_in_8_byte_table_entry,sequential_payload	454086	1025768	1024768	1024768	0	00426FDB	ignores_return_and_actual_output_size;writes_min_remaining_chunk_prefix	0	0	1	c745df07fc6402c12747d00ec671529af0b285c10bf105ce6771951f98a774c2	c745df07fc6402c12747d00ec671529af0b285c10bf105ce6771951f98a774c2	end_marker:1;literal_run_extended:1277;literal_run_short:3219;match_10_to_1f_extended:249;match_10_to_1f_short:6160;match_20_to_3f_extended:385;match_20_to_3f_short:36626;match_40_to_ff:106850;trailing_literal_0:138017;trailing_literal_1:7794;trailing_literal_2:3295;trailing_literal_3:1163
450	106	215	cm_generation_chunk	1	0xCE3F535	0xCEAE47F	u32_compressed_in_8_byte_table_entry,sequential_payload	654366	1025768	1024768	1024768	0	00426FDB	ignores_return_and_actual_output_size;writes_min_remaining_chunk_prefix	0	0	1	305da9136b6c8fdc349830e3aa76e5aab1b001c28d561bc2b95280ea9c42d1b7	305da9136b6c8fdc349830e3aa76e5aab1b001c28d561bc2b95280ea9c42d1b7	end_marker:1;literal_run_extended:2618;literal_run_short:22126;match_10_to_1f_extended:130;match_10_to_1f_short:9105;match_20_to_3f_extended:328;match_20_to_3f_short:22489;match_40_to_ff:108481;trailing_literal_0:105693;trailing_literal_1:16612;trailing_literal_2:12442;trailing_literal_3:5785
451	106	215	cm_generation_chunk	2	0xCE3F53D	0xCF4E09D	u32_compressed_in_8_byte_table_entry,sequential_payload	721280	1025768	1024768	1024768	0	00426FDB	ignores_return_and_actual_output_size;writes_min_remaining_chunk_prefix	0	0	1	b7d5075040a2a972d12d486321c59bc5b797dc6cb17da304d6053fed81374997	b7d5075040a2a972d12d486321c59bc5b797dc6cb17da304d6053fed81374997	end_marker:1;literal_run_extended:2594;literal_run_short:22542;match_10_to_1f_extended:97;match_10_to_1f_short:18446;match_20_to_3f_extended:244;match_20_to_3f_short:38068;match_40_to_ff:101931;trailing_literal_0:116840;trailing_literal_1:20846;trailing_literal_2:14511;trailing_literal_3:6588
452	106	215	cm_generation_chunk	3	0xCE3F545	0xCFFE21D	u32_compressed_in_8_byte_table_entry,sequential_payload	331067	1025768	592128	1024768	432640	00426FDB	ignores_return_and_actual_output_size;writes_min_remaining_chunk_prefix	0	0	1	b32c3449a72826435af5f33d08ad4f28c3811715f26bc9afd5eefa14a366cb5a	df5df05e5393446dbcdad4985bcba36dc1148948f0e0447340cd09ddc070c9e9	end_marker:1;literal_run_extended:1616;literal_run_short:11081;match_10_to_1f_extended:140;match_10_to_1f_short:2770;match_20_to_3f_extended:685;match_20_to_3f_short:13873;match_40_to_ff:47904;trailing_literal_0:49581;trailing_literal_1:7348;trailing_literal_2:5518;trailing_literal_3:2924
453	107	216	surface_grid	0	0xD053515	0xD053519	u32_compressed_before_payload,u32_post_payload_record_count	2326	17600	17600	17600	0	00426182	ignores_return_and_actual_output_size	0	0	1	9a28a991d6c3c2611815f64ed3066523a9157e85557cfd3f71651b2428ea340c	9a28a991d6c3c2611815f64ed3066523a9157e85557cfd3f71651b2428ea340c	end_marker:1;literal_run_short:7;match_10_to_1f_short:1;match_20_to_3f_extended:133;match_20_to_3f_short:242;match_40_to_ff:489;trailing_literal_0:835;trailing_literal_1:21;trailing_literal_2:7;trailing_literal_3:1
454	107	216	cm_generation_chunk	0	0xD09B085	0xD09B211	u32_compressed_in_8_byte_table_entry,sequential_payload	659876	1025768	1024768	1024768	0	00426FDB	ignores_return_and_actual_output_size;writes_min_remaining_chunk_prefix	0	0	1	f741397c6ca1d0ebc0b941d55c44fd20e53c5d495c4e57fd2e24faf66964f303	f741397c6ca1d0ebc0b941d55c44fd20e53c5d495c4e57fd2e24faf66964f303	end_marker:1;literal_run_extended:439;literal_run_short:18328;match_10_to_1f_extended:98;match_10_to_1f_short:30845;match_20_to_3f_extended:34;match_20_to_3f_short:27141;match_40_to_ff:132704;trailing_literal_0:146775;trailing_literal_1:20486;trailing_literal_2:18149;trailing_literal_3:5411
455	107	216	cm_generation_chunk	1	0xD09B08D	0xD13C3B5	u32_compressed_in_8_byte_table_entry,sequential_payload	610950	1025768	1024768	1024768	0	00426FDB	ignores_return_and_actual_output_size;writes_min_remaining_chunk_prefix	0	0	1	0727ffce59c1c2b93670a9d1a2cfabb43e599ddfa5869264ec1fc63c4ab9729c	0727ffce59c1c2b93670a9d1a2cfabb43e599ddfa5869264ec1fc63c4ab9729c	end_marker:1;literal_run_extended:442;literal_run_short:17064;match_10_to_1f_extended:291;match_10_to_1f_short:28718;match_20_to_3f_extended:375;match_20_to_3f_short:24768;match_40_to_ff:122024;trailing_literal_0:137048;trailing_literal_1:18407;trailing_literal_2:15903;trailing_literal_3:4817
456	107	216	cm_generation_chunk	2	0xD09B095	0xD1D163B	u32_compressed_in_8_byte_table_entry,sequential_payload	151151	1025768	210432	1024768	814336	00426FDB	ignores_return_and_actual_output_size;writes_min_remaining_chunk_prefix	0	0	1	f184e7af7ee27d53ce484058ff0d8136c26f4c6bf781e5ffd025be83fb281284	f582e3a958f3cfa7730b1756b657ae85b7c2dc6ee017db86c5068b656827d278	end_marker:1;literal_run_extended:236;literal_run_short:5429;match_10_to_1f_extended:7;match_10_to_1f_short:5158;match_20_to_3f_extended:2;match_20_to_3f_short:4610;match_40_to_ff:26616;trailing_literal_0:26796;trailing_literal_1:4337;trailing_literal_2:3956;trailing_literal_3:1303
457	108	223	surface_grid	0	0xD1F7865	0xD1F7869	u32_compressed_before_payload,u32_post_payload_record_count	858	4800	4800	4800	0	00426182	ignores_return_and_actual_output_size	0	0	1	5f2b5922cce54fe728ed8097935a025fc0eca59261fd1f0896fa8bd29bb568cd	5f2b5922cce54fe728ed8097935a025fc0eca59261fd1f0896fa8bd29bb568cd	end_marker:1;literal_run_short:3;match_10_to_1f_short:1;match_20_to_3f_extended:27;match_20_to_3f_short:78;match_40_to_ff:233;trailing_literal_0:321;trailing_literal_1:12;trailing_literal_2:3;trailing_literal_3:2
458	108	223	cm_generation_chunk	0	0xD1FE614	0xD1FE7A0	u32_compressed_in_8_byte_table_entry,sequential_payload	273462	1025768	388096	1024768	636672	00426FDB	ignores_return_and_actual_output_size;writes_min_remaining_chunk_prefix	0	0	1	6348899882126bdf14693b59854b899f6ad79cbb168c50debe6cbedb85d8ceaa	0cec19c52f245e299f9e958eb30c994f783345ed566b0219e0c4893e504331a1	end_marker:1;literal_run_extended:1636;literal_run_short:9888;match_10_to_1f_extended:118;match_10_to_1f_short:6839;match_20_to_3f_extended:165;match_20_to_3f_short:8739;match_40_to_ff:30175;trailing_literal_0:33202;trailing_literal_1:5916;trailing_literal_2:4419;trailing_literal_3:2498
459	109	224	surface_grid	0	0xD242797	0xD24279B	u32_compressed_before_payload,u32_post_payload_record_count	908	4800	4800	4800	0	00426182	ignores_return_and_actual_output_size	0	0	1	27115fc0eb81e52797483585e1c3736bbd6fc14f98ba741a1f5ff4602a19406d	27115fc0eb81e52797483585e1c3736bbd6fc14f98ba741a1f5ff4602a19406d	end_marker:1;literal_run_short:4;match_10_to_1f_short:1;match_20_to_3f_extended:19;match_20_to_3f_short:85;match_40_to_ff:253;trailing_literal_0:326;trailing_literal_1:25;trailing_literal_2:4;trailing_literal_3:2
460	109	224	cm_generation_chunk	0	0xD255F49	0xD2560D5	u32_compressed_in_8_byte_table_entry,sequential_payload	311487	1025768	438272	1024768	586496	00426FDB	ignores_return_and_actual_output_size;writes_min_remaining_chunk_prefix	0	0	1	90184ba0cb60f65b41568e8516eb5e3df89d51be9c1be71ce4151a1a10dee69e	8ff49617b2287be3f6f978e9140e1521ecddbb6f300f2025d83f410f78e91e3b	end_marker:1;literal_run_extended:1217;literal_run_short:11597;match_10_to_1f_extended:183;match_10_to_1f_short:10238;match_20_to_3f_extended:107;match_20_to_3f_short:12020;match_40_to_ff:36858;trailing_literal_0:41966;trailing_literal_1:7938;trailing_literal_2:6435;trailing_literal_3:3066
461	110	225	surface_grid	0	0xD2A3551	0xD2A3555	u32_compressed_before_payload,u32_post_payload_record_count	670	4800	4800	4800	0	00426182	ignores_return_and_actual_output_size	0	0	1	0ebc71b6f2836a731473421877ae8be26ef176207f015199384d6ddfc1040750	0ebc71b6f2836a731473421877ae8be26ef176207f015199384d6ddfc1040750	end_marker:1;literal_run_short:3;match_10_to_1f_short:1;match_20_to_3f_extended:33;match_20_to_3f_short:64;match_40_to_ff:151;trailing_literal_0:234;trailing_literal_1:10;trailing_literal_2:3;trailing_literal_3:1
462	110	225	cm_generation_chunk	0	0xD2A9E76	0xD2AA002	u32_compressed_in_8_byte_table_entry,sequential_payload	248977	1025768	419840	1024768	604928	00426FDB	ignores_return_and_actual_output_size;writes_min_remaining_chunk_prefix	0	0	1	26fa65ba1f4c51aeea81b1ebf43f0dfc78328961c7f63926d3b790d1501e4e0e	98a572124c76ceed0a73355070c7c84377234f409f573ac9c9f9f629bd15affa	end_marker:1;literal_run_extended:578;literal_run_short:7826;match_10_to_1f_extended:174;match_10_to_1f_short:8528;match_20_to_3f_extended:224;match_20_to_3f_short:11523;match_40_to_ff:39250;trailing_literal_0:45483;trailing_literal_1:6840;trailing_literal_2:5008;trailing_literal_3:2367
463	111	226	surface_grid	0	0xD2E8050	0xD2E8054	u32_compressed_before_payload,u32_post_payload_record_count	727	4800	4800	4800	0	00426182	ignores_return_and_actual_output_size	0	0	1	b147184d79351e8ea925e8e7b70eb51abd62dc6cbc1d4efa72d90b5df2a05348	b147184d79351e8ea925e8e7b70eb51abd62dc6cbc1d4efa72d90b5df2a05348	end_marker:1;literal_run_short:4;match_10_to_1f_short:1;match_20_to_3f_extended:18;match_20_to_3f_short:69;match_40_to_ff:191;trailing_literal_0:252;trailing_literal_1:21;trailing_literal_2:2;trailing_literal_3:3
464	111	226	cm_generation_chunk	0	0xD2F0A68	0xD2F0BF4	u32_compressed_in_8_byte_table_entry,sequential_payload	224604	1025768	335872	1024768	688896	00426FDB	ignores_return_and_actual_output_size;writes_min_remaining_chunk_prefix	0	0	1	07a716a4a7c7725f370370abef27e21a0419df9c74c7cdc90f7a9d5867d0120f	825a47a9705b62e5c46ceab618784bdbe0584ded495bf466c541ba8b68843cd5	end_marker:1;literal_run_extended:1151;literal_run_short:6592;match_10_to_1f_extended:38;match_10_to_1f_short:3501;match_20_to_3f_extended:148;match_20_to_3f_short:9546;match_40_to_ff:28867;trailing_literal_0:31513;trailing_literal_1:5532;trailing_literal_2:3257;trailing_literal_3:1797
465	112	227	surface_grid	0	0xD328D10	0xD328D14	u32_compressed_before_payload,u32_post_payload_record_count	848	4800	4800	4800	0	00426182	ignores_return_and_actual_output_size	0	0	1	987539a82c8e5d08979ff6ceb6ddd3e61ebdf2698bebc34937ad4aec8f467a38	987539a82c8e5d08979ff6ceb6ddd3e61ebdf2698bebc34937ad4aec8f467a38	end_marker:1;literal_run_short:6;match_10_to_1f_short:1;match_20_to_3f_extended:30;match_20_to_3f_short:82;match_40_to_ff:208;trailing_literal_0:299;trailing_literal_1:18;trailing_literal_2:1;trailing_literal_3:2
466	112	227	cm_generation_chunk	0	0xD330947	0xD330AD3	u32_compressed_in_8_byte_table_entry,sequential_payload	295352	1025768	424448	1024768	600320	00426FDB	ignores_return_and_actual_output_size;writes_min_remaining_chunk_prefix	0	0	1	99f3fee283a015590702950c8e271f5640018da718738d66a8a20210db0931b9	839956dda989a8c5538f00bd8d94d701491c9788e23c4f59c98df541d9a353be	end_marker:1;literal_run_extended:1255;literal_run_short:10250;match_10_to_1f_extended:126;match_10_to_1f_short:9778;match_20_to_3f_extended:198;match_20_to_3f_short:12991;match_40_to_ff:33448;trailing_literal_0:41251;trailing_literal_1:6542;trailing_literal_2:6266;trailing_literal_3:2481
467	113	228	surface_grid	0	0xD37A04B	0xD37A04F	u32_compressed_before_payload,u32_post_payload_record_count	854	4800	4800	4800	0	00426182	ignores_return_and_actual_output_size	0	0	1	266a561e39d3c43bb2d9788bf7bb7f13a6e17913eb3ce1d5644553e12889117a	266a561e39d3c43bb2d9788bf7bb7f13a6e17913eb3ce1d5644553e12889117a	end_marker:1;literal_run_short:5;match_10_to_1f_short:1;match_20_to_3f_extended:27;match_20_to_3f_short:71;match_40_to_ff:238;trailing_literal_0:318;trailing_literal_1:14;trailing_literal_2:1;trailing_literal_3:3
468	113	228	cm_generation_chunk	0	0xD383D02	0xD383E8E	u32_compressed_in_8_byte_table_entry,sequential_payload	291535	1025768	431104	1024768	593664	00426FDB	ignores_return_and_actual_output_size;writes_min_remaining_chunk_prefix	0	0	1	e4ef748bfb3e3970a30b62b908463ca12289241ae446a3f80450732834df9522	7f6c486548a4fad15a561d8eca2769bfefb9bdf78c9a60684b1ef97273b25c98	end_marker:1;literal_run_extended:732;literal_run_short:10986;match_10_to_1f_extended:132;match_10_to_1f_short:10733;match_20_to_3f_extended:200;match_20_to_3f_short:11833;match_40_to_ff:38750;trailing_literal_0:42642;trailing_literal_1:8833;trailing_literal_2:6803;trailing_literal_3:3369
469	114	229	surface_grid	0	0xD3CC635	0xD3CC639	u32_compressed_before_payload,u32_post_payload_record_count	923	5084	5084	5084	0	00426182	ignores_return_and_actual_output_size	0	0	1	c87c4330a604c5dffcddd8ebe7de6925c75e2950ac48ff80832a0c2c797cae1d	c87c4330a604c5dffcddd8ebe7de6925c75e2950ac48ff80832a0c2c797cae1d	end_marker:1;literal_run_short:3;match_10_to_1f_short:1;match_20_to_3f_extended:24;match_20_to_3f_short:91;match_40_to_ff:244;trailing_literal_0:329;trailing_literal_1:24;trailing_literal_2:3;trailing_literal_3:3
470	114	229	cm_generation_chunk	0	0xD3D618C	0xD3D6318	u32_compressed_in_8_byte_table_entry,sequential_payload	223302	1025768	325632	1024768	699136	00426FDB	ignores_return_and_actual_output_size;writes_min_remaining_chunk_prefix	0	0	1	abcc081682503d994197b3d915c880ad54004f1ead7f6c1fc7b6a31bf6b10f7b	46b697b1fa4263778c53c8a98fe90df18459ae5adef0c51cc27b06123f6a0b2c	end_marker:1;literal_run_extended:665;literal_run_short:8841;match_10_to_1f_extended:105;match_10_to_1f_short:7094;match_20_to_3f_extended:112;match_20_to_3f_short:9067;match_40_to_ff:27468;trailing_literal_0:30675;trailing_literal_1:6087;trailing_literal_2:4695;trailing_literal_3:2388
471	115	230	surface_grid	0	0xD40DF1A	0xD40DF1E	u32_compressed_before_payload,u32_post_payload_record_count	855	4800	4800	4800	0	00426182	ignores_return_and_actual_output_size	0	0	1	47c491ccd294d213d62bd3565a1ab0514e21d074cddb79ed8c225bdae09dee27	47c491ccd294d213d62bd3565a1ab0514e21d074cddb79ed8c225bdae09dee27	end_marker:1;literal_run_short:3;match_10_to_1f_short:1;match_20_to_3f_extended:34;match_20_to_3f_short:74;match_40_to_ff:222;trailing_literal_0:306;trailing_literal_1:21;trailing_literal_2:2;trailing_literal_3:1
472	115	230	cm_generation_chunk	0	0xD4215F0	0xD42177C	u32_compressed_in_8_byte_table_entry,sequential_payload	263414	1025768	463360	1024768	561408	00426FDB	ignores_return_and_actual_output_size;writes_min_remaining_chunk_prefix	0	0	1	efc1bdb201bc3ca4c73aaefda3de7ed9af367b1060eb68e7f1f2ae69b541e4be	b83abc38b5ce3a9c9de5e7656ee5746c2083f87f617ab8dc28fef6bc74a3d5bf	end_marker:1;literal_run_extended:443;literal_run_short:8021;match_10_to_1f_extended:217;match_10_to_1f_short:9543;match_20_to_3f_extended:220;match_20_to_3f_short:12548;match_40_to_ff:44755;trailing_literal_0:51031;trailing_literal_1:8079;trailing_literal_2:5731;trailing_literal_3:2441
473	116	231	surface_grid	0	0xD46302E	0xD463032	u32_compressed_before_payload,u32_post_payload_record_count	538	4800	4800	4800	0	00426182	ignores_return_and_actual_output_size	0	0	1	f51efa3662ab94c22e40801443de3ada6c71f39f1175b25329bf2581a02a5ffa	f51efa3662ab94c22e40801443de3ada6c71f39f1175b25329bf2581a02a5ffa	end_marker:1;literal_run_short:3;match_10_to_1f_short:1;match_20_to_3f_extended:24;match_20_to_3f_short:57;match_40_to_ff:111;trailing_literal_0:175;trailing_literal_1:13;trailing_literal_2:3;trailing_literal_3:1
474	116	231	cm_generation_chunk	0	0xD4679A5	0xD467B31	u32_compressed_in_8_byte_table_entry,sequential_payload	183349	1025768	285184	1024768	739584	00426FDB	ignores_return_and_actual_output_size;writes_min_remaining_chunk_prefix	0	0	1	65e0f3ae335cf0627ecd1b7fd5742e257056ea51694e2a02dc24b91c429bc812	f82de8ed015f877da77df49c3a0be24f34cc41df64e7bff9771515344c3bd3e4	end_marker:1;literal_run_extended:459;literal_run_short:6172;match_10_to_1f_extended:96;match_10_to_1f_short:6992;match_20_to_3f_extended:118;match_20_to_3f_short:9285;match_40_to_ff:23606;trailing_literal_0:29032;trailing_literal_1:4835;trailing_literal_2:4455;trailing_literal_3:1774
475	117	232	surface_grid	0	0xD495B22	0xD495B26	u32_compressed_before_payload,u32_post_payload_record_count	669	4800	4800	4800	0	00426182	ignores_return_and_actual_output_size	0	0	1	5006a8c6e86edc6dfcfdcfe60a740a494cd9526e36d986297666765f4d9e1f71	5006a8c6e86edc6dfcfdcfe60a740a494cd9526e36d986297666765f4d9e1f71	end_marker:1;literal_run_short:2;match_10_to_1f_short:1;match_20_to_3f_extended:17;match_20_to_3f_short:61;match_40_to_ff:178;trailing_literal_0:227;trailing_literal_1:21;trailing_literal_2:5;trailing_literal_3:3
476	117	232	cm_generation_chunk	0	0xD49AE08	0xD49AF94	u32_compressed_in_8_byte_table_entry,sequential_payload	222717	1025768	349696	1024768	675072	00426FDB	ignores_return_and_actual_output_size;writes_min_remaining_chunk_prefix	0	0	1	5d44520e60763cdba6fa6a6526499fc994026d3f539cf6f7b1fcc370c6603994	2814c0b914869f3920f6f1aaed8f4f5cec6f99d0a650974d94288c53160dd20d	end_marker:1;literal_run_extended:564;literal_run_short:7822;match_10_to_1f_extended:64;match_10_to_1f_short:5981;match_20_to_3f_extended:149;match_20_to_3f_short:10950;match_40_to_ff:31635;trailing_literal_0:35719;trailing_literal_1:6162;trailing_literal_2:4644;trailing_literal_3:2253
477	118	233	surface_grid	0	0xD4D2951	0xD4D2955	u32_compressed_before_payload,u32_post_payload_record_count	793	4800	4800	4800	0	00426182	ignores_return_and_actual_output_size	0	0	1	681b862fd604d223a1038189bfcb06dc3f48b7a352111bcd945de894faae4782	681b862fd604d223a1038189bfcb06dc3f48b7a352111bcd945de894faae4782	end_marker:1;literal_run_short:5;match_10_to_1f_short:1;match_20_to_3f_extended:22;match_20_to_3f_short:77;match_40_to_ff:203;trailing_literal_0:277;trailing_literal_1:22;trailing_literal_2:1;trailing_literal_3:2
478	118	233	cm_generation_chunk	0	0xD4DD1A2	0xD4DD32E	u32_compressed_in_8_byte_table_entry,sequential_payload	291423	1025768	425984	1024768	598784	00426FDB	ignores_return_and_actual_output_size;writes_min_remaining_chunk_prefix	0	0	1	86ecdccf311a11439e2a343700d3d5163dfbb927e0554eb962ddba68ed5497ea	e7bc63b2ae4a264bc9a22108b865fd1008ce9d9139c121fc871877bda32279a3	end_marker:1;literal_run_extended:787;literal_run_short:10580;match_10_to_1f_extended:107;match_10_to_1f_short:9335;match_20_to_3f_extended:184;match_20_to_3f_short:12739;match_40_to_ff:39659;trailing_literal_0:43474;trailing_literal_1:8777;trailing_literal_2:6489;trailing_literal_3:3283
479	119	234	surface_grid	0	0xD52594D	0xD525951	u32_compressed_before_payload,u32_post_payload_record_count	830	4800	4800	4800	0	00426182	ignores_return_and_actual_output_size	0	0	1	7a52e9c7d8084274b309b0f8c4578a04f7b30e87c5f88e25c23004255f8bf869	7a52e9c7d8084274b309b0f8c4578a04f7b30e87c5f88e25c23004255f8bf869	end_marker:1;literal_run_short:3;match_10_to_1f_short:1;match_20_to_3f_extended:29;match_20_to_3f_short:69;match_40_to_ff:224;trailing_literal_0:294;trailing_literal_1:21;trailing_literal_2:6;trailing_literal_3:1
480	119	234	cm_generation_chunk	0	0xD52FFA9	0xD530135	u32_compressed_in_8_byte_table_entry,sequential_payload	255810	1025768	398336	1024768	626432	00426FDB	ignores_return_and_actual_output_size;writes_min_remaining_chunk_prefix	0	0	1	8978381bccd6f7253b39d5d67f7398fce09a0420ceabd9b98de30052d09dfd48	198690e386d603c1e86e9dce1b676838930a6d67345ad3aed6b84291b8bf4bb6	end_marker:1;literal_run_extended:589;literal_run_short:8353;match_10_to_1f_extended:142;match_10_to_1f_short:8836;match_20_to_3f_extended:195;match_20_to_3f_short:14055;match_40_to_ff:35105;trailing_literal_0:42358;trailing_literal_1:7387;trailing_literal_2:6071;trailing_literal_3:2516
481	120	235	surface_grid	0	0xD56FC38	0xD56FC3C	u32_compressed_before_payload,u32_post_payload_record_count	673	4800	4800	4800	0	00426182	ignores_return_and_actual_output_size	0	0	1	3aee031635a90c511c54c1d4d9bc848032d3e3568cd3ee9d309b4defb57623fd	3aee031635a90c511c54c1d4d9bc848032d3e3568cd3ee9d309b4defb57623fd	end_marker:1;literal_run_short:2;match_10_to_1f_short:1;match_20_to_3f_extended:27;match_20_to_3f_short:71;match_40_to_ff:146;trailing_literal_0:213;trailing_literal_1:25;trailing_literal_2:2;trailing_literal_3:4
482	120	235	cm_generation_chunk	0	0xD57A849	0xD57A9D5	u32_compressed_in_8_byte_table_entry,sequential_payload	201474	1025768	326144	1024768	698624	00426FDB	ignores_return_and_actual_output_size;writes_min_remaining_chunk_prefix	0	0	1	ae5d78b4d5933efdc200487ce3e14326d69dd69fb12ac21cb330c9a7c74cac8a	a35c38ab1e92462266b095460805fea2d4b0bd96cd721e7688179759ce0f20f5	end_marker:1;literal_run_extended:685;literal_run_short:6295;match_10_to_1f_extended:116;match_10_to_1f_short:5564;match_20_to_3f_extended:107;match_20_to_3f_short:9974;match_40_to_ff:29339;trailing_literal_0:34296;trailing_literal_1:5263;trailing_literal_2:3798;trailing_literal_3:1742
483	121	236	surface_grid	0	0xD5AD670	0xD5AD674	u32_compressed_before_payload,u32_post_payload_record_count	1053	6300	6300	6300	0	00426182	ignores_return_and_actual_output_size	0	0	1	7f34a7a6b61e65cf21f5fa10d852f389d247e9bbb0b4a9c83c8f5d636559cade	7f34a7a6b61e65cf21f5fa10d852f389d247e9bbb0b4a9c83c8f5d636559cade	end_marker:1;literal_run_short:3;match_10_to_1f_short:1;match_20_to_3f_extended:22;match_20_to_3f_short:100;match_40_to_ff:306;trailing_literal_0:411;trailing_literal_1:12;trailing_literal_2:1;trailing_literal_3:4
484	121	236	cm_generation_chunk	0	0xD5C8A79	0xD5C8C05	u32_compressed_in_8_byte_table_entry,sequential_payload	247617	1025768	388096	1024768	636672	00426FDB	ignores_return_and_actual_output_size;writes_min_remaining_chunk_prefix	0	0	1	ca61ea245c690efdabeb5788f21a5d1305fd34d57437a6c4d48ab004778659f0	3bff04e127159b2d81c08209b92dc80ada08ea0a44db8fdc83d21196621cc36d	end_marker:1;literal_run_extended:638;literal_run_short:8004;match_10_to_1f_extended:124;match_10_to_1f_short:7888;match_20_to_3f_extended:100;match_20_to_3f_short:13673;match_40_to_ff:34776;trailing_literal_0:41685;trailing_literal_1:7141;trailing_literal_2:5325;trailing_literal_3:2409
485	122	247	surface_grid	0	0xD6079BE	0xD6079C2	u32_compressed_before_payload,u32_post_payload_record_count	845	9600	9600	9600	0	00426182	ignores_return_and_actual_output_size	0	0	1	b0f8d3008dea19a84a21abdcfda2fa4d436b45a88562f2d2341fc7957a94313e	b0f8d3008dea19a84a21abdcfda2fa4d436b45a88562f2d2341fc7957a94313e	end_marker:1;literal_run_short:2;match_10_to_1f_short:1;match_20_to_3f_extended:40;match_20_to_3f_short:100;match_40_to_ff:164;trailing_literal_0:284;trailing_literal_1:16;trailing_literal_2:4
486	122	247	cm_generation_chunk	0	0xD60AA5E	0xD60ABEA	u32_compressed_in_8_byte_table_entry,sequential_payload	380768	1025768	789504	1024768	235264	00426FDB	ignores_return_and_actual_output_size;writes_min_remaining_chunk_prefix	0	0	1	466bf80520e58dc7c664273b4d90890b62da2ee7e0372dbdbb1916dee498ebe8	7188bfbcd55b55c048e28ed7e5894ebcb0074b715e3bf827d70887d3a6c3e7d6	end_marker:1;literal_run_extended:285;literal_run_short:8969;match_10_to_1f_extended:178;match_10_to_1f_short:10583;match_20_to_3f_extended:675;match_20_to_3f_short:22191;match_40_to_ff:81498;trailing_literal_0:91461;trailing_literal_1:12709;trailing_literal_2:7354;trailing_literal_3:3600
487	123	249	surface_grid	0	0xD66A487	0xD66A48B	u32_compressed_before_payload,u32_post_payload_record_count	1053	10304	10304	10304	0	00426182	ignores_return_and_actual_output_size	0	0	1	3829a6e29c50ea33504fce39ddd81baaabc40607b12f9665615afdbd27f1b193	3829a6e29c50ea33504fce39ddd81baaabc40607b12f9665615afdbd27f1b193	end_marker:1;literal_run_short:2;match_10_to_1f_short:1;match_20_to_3f_extended:53;match_20_to_3f_short:124;match_40_to_ff:209;trailing_literal_0:369;trailing_literal_1:12;trailing_literal_2:3;trailing_literal_3:2
488	123	249	cm_generation_chunk	0	0xD67FDF3	0xD67FF7F	u32_compressed_in_8_byte_table_entry,sequential_payload	450396	1025768	721920	1024768	302848	00426FDB	ignores_return_and_actual_output_size;writes_min_remaining_chunk_prefix	0	0	1	1801a6790f4ff5ef3a65e52398e0ea3de42d0d3ebbb5d55df141bd3b5acbe7d9	44cd10acf86325801ce8304dd8c08a14153b748fdb8af0fc5f5159c8efab2d30	end_marker:1;literal_run_extended:609;literal_run_short:11450;match_10_to_1f_extended:171;match_10_to_1f_short:16882;match_20_to_3f_extended:96;match_20_to_3f_short:24174;match_40_to_ff:84992;trailing_literal_0:98931;trailing_literal_1:13547;trailing_literal_2:9874;trailing_literal_3:3962
489	124	250	surface_grid	0	0xD6F0FD8	0xD6F0FDC	u32_compressed_before_payload,u32_post_payload_record_count	1589	12288	12288	12288	0	00426182	ignores_return_and_actual_output_size	0	0	1	80646c0453628e804130572ac6c2a5a201fc01aa1905b0ba734571997c6b53bd	80646c0453628e804130572ac6c2a5a201fc01aa1905b0ba734571997c6b53bd	end_marker:1;literal_run_short:8;match_10_to_1f_short:1;match_20_to_3f_extended:91;match_20_to_3f_short:131;match_40_to_ff:378;trailing_literal_0:583;trailing_literal_1:14;trailing_literal_2:2;trailing_literal_3:1
490	124	250	cm_generation_chunk	0	0xD736EC3	0xD73704F	u32_compressed_in_8_byte_table_entry,sequential_payload	687181	1025768	1024768	1024768	0	00426FDB	ignores_return_and_actual_output_size;writes_min_remaining_chunk_prefix	0	0	1	0e752633391ab4b7c58a6440aeb09a1bebc4b3653c7d16dc44a9152502f8acae	0e752633391ab4b7c58a6440aeb09a1bebc4b3653c7d16dc44a9152502f8acae	end_marker:1;literal_run_extended:2442;literal_run_short:20426;match_10_to_1f_extended:136;match_10_to_1f_short:25475;match_20_to_3f_extended:76;match_20_to_3f_short:22146;match_40_to_ff:114194;trailing_literal_0:125676;trailing_literal_1:17787;trailing_literal_2:12985;trailing_literal_3:5578
491	124	250	cm_generation_chunk	1	0xD736ECB	0xD7DEC9C	u32_compressed_in_8_byte_table_entry,sequential_payload	405833	1025768	548608	1024768	476160	00426FDB	ignores_return_and_actual_output_size;writes_min_remaining_chunk_prefix	0	0	1	f741b2b48d89784367027b9d8a3fdf952d2dc27599f0d9dc117cc10ab6eab094	21ccb6fbb6661fe1ae2624befea10425a75d2f8b8c7908ab0fd1c1430cec8fea	end_marker:1;literal_run_extended:1697;literal_run_short:13442;match_10_to_1f_extended:62;match_10_to_1f_short:11471;match_20_to_3f_extended:6;match_20_to_3f_short:15830;match_40_to_ff:57700;trailing_literal_0:63991;trailing_literal_1:9860;trailing_literal_2:7802;trailing_literal_3:3415
492	125	251	surface_grid	0	0xD844822	0xD844826	u32_compressed_before_payload,u32_post_payload_record_count	935	10560	10560	10560	0	00426182	ignores_return_and_actual_output_size	0	0	1	0598f8bdcb0795df83d7a2a84eb0fcbc932491b5a405b80a51a38deb04b80891	0598f8bdcb0795df83d7a2a84eb0fcbc932491b5a405b80a51a38deb04b80891	end_marker:1;literal_run_short:3;match_10_to_1f_short:1;match_20_to_3f_extended:49;match_20_to_3f_short:86;match_40_to_ff:210;trailing_literal_0:328;trailing_literal_1:12;trailing_literal_2:5
493	125	251	cm_generation_chunk	0	0xD855043	0xD8551CF	u32_compressed_in_8_byte_table_entry,sequential_payload	542484	1025768	841216	1024768	183552	00426FDB	ignores_return_and_actual_output_size;writes_min_remaining_chunk_prefix	0	0	1	ee031e27f5a140b2e60422b05667f57b524d979ca16c6f102c280825dc5bc433	013ccab31f2e8f29bc9964c1f3996061c937fd87d9dd089d0d4200885244c534	end_marker:1;literal_run_extended:1269;literal_run_short:16655;match_10_to_1f_extended:296;match_10_to_1f_short:19516;match_20_to_3f_extended:165;match_20_to_3f_short:24823;match_40_to_ff:87911;trailing_literal_0:99555;trailing_literal_1:16279;trailing_literal_2:11538;trailing_literal_3:5338
494	126	252	surface_grid	0	0xD8DD780	0xD8DD784	u32_compressed_before_payload,u32_post_payload_record_count	1688	15776	15776	15776	0	00426182	ignores_return_and_actual_output_size	0	0	1	66b8fef3407be441ba14fbce532ede0d8b416d8af95b16f41e4be315c6da1b5b	66b8fef3407be441ba14fbce532ede0d8b416d8af95b16f41e4be315c6da1b5b	end_marker:1;literal_run_short:8;match_10_to_1f_short:1;match_20_to_3f_extended:129;match_20_to_3f_short:137;match_40_to_ff:341;trailing_literal_0:591;trailing_literal_1:14;trailing_literal_2:2
495	126	252	indexed_object	0	0xD902C86	0xD902CA0	u32_capacity_at_+0x12,u32_compressed_at_+0x16,payload_at_+0x1A	589420	2156170	2156170	2156170	0	0042660E	ignores_return;passes_actual_output_size_to_00401B70	0	0	1	0361cb18460a649667d759ce1ff963b2e97906549c6819ae6a4ee3fe90619c01	0361cb18460a649667d759ce1ff963b2e97906549c6819ae6a4ee3fe90619c01	end_marker:1;literal_run_extended:3;literal_run_short:1168;match_10_to_1f_extended:674;match_10_to_1f_short:7804;match_20_to_3f_extended:8259;match_20_to_3f_short:84786;match_40_to_ff:124558;trailing_literal_0:211921;trailing_literal_1:10195;trailing_literal_2:2905;trailing_literal_3:1059
496	126	252	cm_generation_chunk	0	0xD992B2C	0xD992CB8	u32_compressed_in_8_byte_table_entry,sequential_payload	611348	1025768	916992	1024768	107776	00426FDB	ignores_return_and_actual_output_size;writes_min_remaining_chunk_prefix	0	0	1	dde526e9dd04c75f149425191b067ae09f2e520a4e68620e5eb582e38a4ae6cf	a78ebac7f3b1638a80052d3a1171d4f77f8607d9b35a8fa9208dd5109f7f0654	end_marker:1;literal_run_extended:101;literal_run_short:16409;match_10_to_1f_extended:201;match_10_to_1f_short:28444;match_20_to_3f_extended:97;match_20_to_3f_short:48457;match_40_to_ff:93806;trailing_literal_0:125711;trailing_literal_1:21343;trailing_literal_2:17901;trailing_literal_3:6049
497	127	253	surface_grid	0	0xDA2C819	0xDA2C81D	u32_compressed_before_payload,u32_post_payload_record_count	1407	18000	18000	18000	0	00426182	ignores_return_and_actual_output_size	0	0	1	1a7c7ea1014e8fe1650328f29e96ed0227b0ac822a6dc8a45367cec9d6a9be6f	1a7c7ea1014e8fe1650328f29e96ed0227b0ac822a6dc8a45367cec9d6a9be6f	end_marker:1;literal_run_short:8;match_10_to_1f_short:1;match_20_to_3f_extended:85;match_20_to_3f_short:179;match_40_to_ff:221;trailing_literal_0:474;trailing_literal_1:8;trailing_literal_2:2;trailing_literal_3:1
498	127	253	cm_generation_chunk	0	0xDA47444	0xDA475D0	u32_compressed_in_8_byte_table_entry,sequential_payload	573135	1025768	985600	1024768	39168	00426FDB	ignores_return_and_actual_output_size;writes_min_remaining_chunk_prefix	0	0	1	fe13658f00512ee7a34212bca06e5554622f060acdb5923ad5da31a6d728b7db	0a886220884bc67814d170f00a10ec197cd90ccb635c2e1ce7f10ce6d1bb5d65	end_marker:1;literal_run_extended:444;literal_run_short:12634;match_10_to_1f_extended:212;match_10_to_1f_short:24439;match_20_to_3f_extended:337;match_20_to_3f_short:43907;match_40_to_ff:100210;trailing_literal_0:134717;trailing_literal_1:17674;trailing_literal_2:12175;trailing_literal_3:4538
499	128	254	surface_grid	0	0xDAD89E4	0xDAD89E8	u32_compressed_before_payload,u32_post_payload_record_count	1699	21576	21576	21576	0	00426182	ignores_return_and_actual_output_size	0	0	1	db541aa64cfe69919281128f0cedbfe06961470fbb9b8431c77190c0315b29c8	db541aa64cfe69919281128f0cedbfe06961470fbb9b8431c77190c0315b29c8	end_marker:1;literal_run_short:8;match_10_to_1f_short:1;match_20_to_3f_extended:143;match_20_to_3f_short:129;match_40_to_ff:313;trailing_literal_0:556;trailing_literal_1:20;trailing_literal_2:4;trailing_literal_3:5
500	128	254	cm_generation_chunk	0	0xDAE488A	0xDAE4A16	u32_compressed_in_8_byte_table_entry,sequential_payload	416368	1025768	840192	1024768	184576	00426FDB	ignores_return_and_actual_output_size;writes_min_remaining_chunk_prefix	0	0	1	95a2c79587ee3db363689b321049361cdd9009e97100e7d411dfff6b63d5e7dd	d4895c694780d1c06b1464ece97cac22f44ddc536ecaeeed56d715f072913feb	end_marker:1;literal_run_extended:250;literal_run_short:4999;match_10_to_1f_extended:86;match_10_to_1f_short:10460;match_20_to_3f_extended:337;match_20_to_3f_short:33385;match_40_to_ff:105303;trailing_literal_0:131997;trailing_literal_1:9900;trailing_literal_2:5703;trailing_literal_3:1970
501	129	2	surface_grid	0	0xDB4C6A3	0xDB4C6A7	u32_compressed_before_payload,u32_post_payload_record_count	706	8480	8480	8480	0	00426182	ignores_return_and_actual_output_size	0	0	1	b0b08707b8a38c8684b026180e574b0fac08f34a7395715c4d56ec3c34eab9f0	b0b08707b8a38c8684b026180e574b0fac08f34a7395715c4d56ec3c34eab9f0	end_marker:1;literal_run_short:2;match_10_to_1f_short:1;match_20_to_3f_extended:46;match_20_to_3f_short:85;match_40_to_ff:111;trailing_literal_0:231;trailing_literal_1:8;trailing_literal_2:2;trailing_literal_3:1
502	129	2	cm_generation_chunk	0	0xDB4C9ED	0xDB4CB79	u32_compressed_in_8_byte_table_entry,sequential_payload	267451	1025768	495104	1024768	529664	00426FDB	ignores_return_and_actual_output_size;writes_min_remaining_chunk_prefix	0	0	1	087c14dc4ae3b573c589d82ee6afe0d4d2716c6e62e8c6a7a9f839a40c007ffc	20839936bc762d4ade4b8b551c1198a5590be105856786b0980a1f3c02cf1e1a	end_marker:1;literal_run_extended:155;literal_run_short:4307;match_10_to_1f_extended:85;match_10_to_1f_short:10284;match_20_to_3f_extended:112;match_20_to_3f_short:16175;match_40_to_ff:62645;trailing_literal_0:74104;trailing_literal_1:8525;trailing_literal_2:4844;trailing_literal_3:1827
503	130	256	surface_grid	0	0xDB91611	0xDB91615	u32_compressed_before_payload,u32_post_payload_record_count	1113	13536	13536	13536	0	00426182	ignores_return_and_actual_output_size	0	0	1	067d3523276460150c9917a66e4cdcbe68d3ed92700ed2999886c4f4cb01bb0f	067d3523276460150c9917a66e4cdcbe68d3ed92700ed2999886c4f4cb01bb0f	end_marker:1;literal_run_short:2;match_10_to_1f_short:1;match_20_to_3f_extended:91;match_20_to_3f_short:88;match_40_to_ff:216;trailing_literal_0:372;trailing_literal_1:19;trailing_literal_2:2;trailing_literal_3:2
504	130	256	cm_generation_chunk	0	0xDB99BA6	0xDB99D32	u32_compressed_in_8_byte_table_entry,sequential_payload	207075	1025768	374272	1024768	650496	00426FDB	ignores_return_and_actual_output_size;writes_min_remaining_chunk_prefix	0	0	1	d7fab6d9c57f3f94be04cd8459ce5a79cb24effcaf7361bfa01106c0cf9510a4	d9f76e5df18d74e435b750f490a2dd9be92cd35d528ac894ddc6564a8593c5a4	end_marker:1;literal_run_extended:40;literal_run_short:3710;match_10_to_1f_extended:44;match_10_to_1f_short:6184;match_20_to_3f_extended:100;match_20_to_3f_short:16797;match_40_to_ff:43191;trailing_literal_0:52539;trailing_literal_1:7482;trailing_literal_2:4650;trailing_literal_3:1644
505	131	257	surface_grid	0	0xDBD0BFA	0xDBD0BFE	u32_compressed_before_payload,u32_post_payload_record_count	844	17640	17640	17640	0	00426182	ignores_return_and_actual_output_size	0	0	1	5ca4dbbdd5a20a766dd057b5649b65f292a269019ae9faa9b0a9a0e768021adb	5ca4dbbdd5a20a766dd057b5649b65f292a269019ae9faa9b0a9a0e768021adb	end_marker:1;literal_run_short:6;match_10_to_1f_short:1;match_20_to_3f_extended:82;match_20_to_3f_short:93;match_40_to_ff:80;trailing_literal_0:249;trailing_literal_1:3;trailing_literal_2:1;trailing_literal_3:2
506	131	257	cm_generation_chunk	0	0xDBD96CC	0xDBD9858	u32_compressed_in_8_byte_table_entry,sequential_payload	581550	1025768	1024768	1024768	0	00426FDB	ignores_return_and_actual_output_size;writes_min_remaining_chunk_prefix	0	0	1	8217d40bbb5656202d35644e2fefea87edbec212e1a4862c9263ee10b2e85785	8217d40bbb5656202d35644e2fefea87edbec212e1a4862c9263ee10b2e85785	end_marker:1;literal_run_extended:167;literal_run_short:12368;match_10_to_1f_extended:42;match_10_to_1f_short:22684;match_20_to_3f_extended:247;match_20_to_3f_short:30644;match_40_to_ff:135445;trailing_literal_0:155161;trailing_literal_1:17918;trailing_literal_2:11126;trailing_literal_3:4856
507	131	257	cm_generation_chunk	1	0xDBD96D4	0xDC67806	u32_compressed_in_8_byte_table_entry,sequential_payload	207974	1025768	320256	1024768	704512	00426FDB	ignores_return_and_actual_output_size;writes_min_remaining_chunk_prefix	0	0	1	091577fe4156f5942c26334626c7982170e76d1ee55dda9ff4166642c2c35db0	7a8800daec87b8e282963b3af3126840ba9463f9be420d6f2cbd522e3b31f5f5	end_marker:1;literal_run_extended:224;literal_run_short:7336;match_10_to_1f_extended:4;match_10_to_1f_short:7091;match_20_to_3f_extended:114;match_20_to_3f_short:8869;match_40_to_ff:35828;trailing_literal_0:39053;trailing_literal_1:6099;trailing_literal_2:4528;trailing_literal_3:2225
508	132	258	surface_grid	0	0xDC9D971	0xDC9D975	u32_compressed_before_payload,u32_post_payload_record_count	1782	13320	13320	13320	0	00426182	ignores_return_and_actual_output_size	0	0	1	6347b3b65edb2da1080e6c286e0abd0d20a784e2921b3e552f0eece45deb3be7	6347b3b65edb2da1080e6c286e0abd0d20a784e2921b3e552f0eece45deb3be7	end_marker:1;literal_run_short:7;match_10_to_1f_short:1;match_20_to_3f_extended:68;match_20_to_3f_short:232;match_40_to_ff:367;trailing_literal_0:650;trailing_literal_1:11;trailing_literal_2:2;trailing_literal_3:4
509	132	258	cm_generation_chunk	0	0xDCC1389	0xDCC1515	u32_compressed_in_8_byte_table_entry,sequential_payload	708840	1025768	1024768	1024768	0	00426FDB	ignores_return_and_actual_output_size;writes_min_remaining_chunk_prefix	0	0	1	f4c9765a8dbdea3249700befe803478bc0819b20c6d6029eae3a31ac462a52be	f4c9765a8dbdea3249700befe803478bc0819b20c6d6029eae3a31ac462a52be	end_marker:1;literal_run_extended:1418;literal_run_short:23372;match_10_to_1f_extended:112;match_10_to_1f_short:28515;match_20_to_3f_extended:48;match_20_to_3f_short:26588;match_40_to_ff:117293;trailing_literal_0:126070;trailing_literal_1:25239;trailing_literal_2:13430;trailing_literal_3:7816
510	132	258	cm_generation_chunk	1	0xDCC1391	0xDD6E5FD	u32_compressed_in_8_byte_table_entry,sequential_payload	100204	1025768	196864	1024768	827904	00426FDB	ignores_return_and_actual_output_size;writes_min_remaining_chunk_prefix	0	0	1	241aa32e76a49df2474f8a12ed85507308b5e9ee240884d999d4bc3cf826a2d0	8a6cd88bc9f0291599ad2898ec103ecf851b612db2609bfff86ba50249a92b5f	end_marker:1;literal_run_extended:81;literal_run_short:2180;match_10_to_1f_extended:25;match_10_to_1f_short:1484;match_20_to_3f_extended:115;match_20_to_3f_short:8272;match_40_to_ff:20069;trailing_literal_0:24962;trailing_literal_1:2499;trailing_literal_2:1813;trailing_literal_3:690
511	133	259	surface_grid	0	0xDD991BA	0xDD991BE	u32_compressed_before_payload,u32_post_payload_record_count	3908	74580	74580	74580	0	00426182	ignores_return_and_actual_output_size	0	0	1	6705dab79cb861beb84cab66e5ad739a3a3d374492f4f1ce9cc4d98d38c9629c	6705dab79cb861beb84cab66e5ad739a3a3d374492f4f1ce9cc4d98d38c9629c	end_marker:1;literal_run_short:3;match_10_to_1f_extended:4;match_10_to_1f_short:2;match_20_to_3f_extended:297;match_20_to_3f_short:363;match_40_to_ff:719;trailing_literal_0:1372;trailing_literal_1:8;trailing_literal_2:3;trailing_literal_3:1
512	133	259	cm_generation_chunk	0	0xDDBC643	0xDDBC7CF	u32_compressed_in_8_byte_table_entry,sequential_payload	590835	1025768	1024768	1024768	0	00426FDB	ignores_return_and_actual_output_size;writes_min_remaining_chunk_prefix	0	0	1	29954dca6bded354d78166bf90ae43f7e5bbcc2d2ad49533c6263737ac6c3e0f	29954dca6bded354d78166bf90ae43f7e5bbcc2d2ad49533c6263737ac6c3e0f	end_marker:1;literal_run_extended:131;literal_run_short:13787;match_10_to_1f_extended:291;match_10_to_1f_short:26174;match_20_to_3f_extended:267;match_20_to_3f_short:36428;match_40_to_ff:114072;trailing_literal_0:133301;trailing_literal_1:22652;trailing_literal_2:15419;trailing_literal_3:5859
513	133	259	cm_generation_chunk	1	0xDDBC64B	0xDE4CBC2	u32_compressed_in_8_byte_table_entry,sequential_payload	221174	1025768	407296	1024768	617472	00426FDB	ignores_return_and_actual_output_size;writes_min_remaining_chunk_prefix	0	0	1	9af48b5f4521feb20667ec433414e579590b74a907228ebab356245cd1a97482	483ba796c83f3a88cca9ad2b9486ec95827312ac8fe96704510068dcdbafc25a	end_marker:1;literal_run_extended:13;literal_run_short:2978;match_10_to_1f_extended:98;match_10_to_1f_short:9648;match_20_to_3f_extended:114;match_20_to_3f_short:16071;match_40_to_ff:49361;trailing_literal_0:60802;trailing_literal_1:7950;trailing_literal_2:5023;trailing_literal_3:1516
514	134	260	surface_grid	0	0xDE8BC19	0xDE8BC1D	u32_compressed_before_payload,u32_post_payload_record_count	2961	36708	36708	36708	0	00426182	ignores_return_and_actual_output_size	0	0	1	163c931f0c9fc3fd1baf6266ba7ff09aed6baec89278ab807126ad95dc696584	163c931f0c9fc3fd1baf6266ba7ff09aed6baec89278ab807126ad95dc696584	end_marker:1;literal_run_short:5;match_10_to_1f_short:2;match_20_to_3f_extended:180;match_20_to_3f_short:302;match_40_to_ff:602;trailing_literal_0:1048;trailing_literal_1:31;trailing_literal_2:4;trailing_literal_3:2
515	134	260	cm_generation_chunk	0	0xDEB1F4F	0xDEB20DB	u32_compressed_in_8_byte_table_entry,sequential_payload	575256	1025768	1024768	1024768	0	00426FDB	ignores_return_and_actual_output_size;writes_min_remaining_chunk_prefix	0	0	1	9c72127512a2335a3570d8d7537e5b296fdd5ae64555aa283440c92c24506baa	9c72127512a2335a3570d8d7537e5b296fdd5ae64555aa283440c92c24506baa	end_marker:1;literal_run_extended:107;literal_run_short:11724;match_10_to_1f_extended:378;match_10_to_1f_short:28487;match_20_to_3f_extended:246;match_20_to_3f_short:33936;match_40_to_ff:117299;trailing_literal_0:138733;trailing_literal_1:21843;trailing_literal_2:14479;trailing_literal_3:5290
516	134	260	cm_generation_chunk	1	0xDEB1F57	0xDF3E7F3	u32_compressed_in_8_byte_table_entry,sequential_payload	115880	1025768	200960	1024768	823808	00426FDB	ignores_return_and_actual_output_size;writes_min_remaining_chunk_prefix	0	0	1	ecb1040e65ac0babae20bf551f629a523abc3c14039375da4cb90a313c5a46d5	6e8cb2b700abbc3da8e2a7f42877b4e52bba64e03a5b16c894aaf18d3cf32024	end_marker:1;literal_run_extended:27;literal_run_short:2543;match_10_to_1f_extended:62;match_10_to_1f_short:3615;match_20_to_3f_extended:79;match_20_to_3f_short:8516;match_40_to_ff:21772;trailing_literal_0:25784;trailing_literal_1:4260;trailing_literal_2:2894;trailing_literal_3:1105
517	135	261	surface_grid	0	0xDF65A18	0xDF65A1C	u32_compressed_before_payload,u32_post_payload_record_count	3241	44160	44160	44160	0	00426182	ignores_return_and_actual_output_size	0	0	1	63d16f9fb0370f786a49a51984f57fc1eb7ec5bc69b24c4d388927a52ea54697	63d16f9fb0370f786a49a51984f57fc1eb7ec5bc69b24c4d388927a52ea54697	end_marker:1;literal_run_short:5;match_10_to_1f_extended:2;match_10_to_1f_short:1;match_20_to_3f_extended:259;match_20_to_3f_short:285;match_40_to_ff:627;trailing_literal_0:1167;trailing_literal_1:4;trailing_literal_2:2
518	135	261	cm_generation_chunk	0	0xDF812E1	0xDF8146D	u32_compressed_in_8_byte_table_entry,sequential_payload	578330	1025768	1024768	1024768	0	00426FDB	ignores_return_and_actual_output_size;writes_min_remaining_chunk_prefix	0	0	1	c95353b2f12b9650983e850fce3616f008c1d020f3b07bec02353ca64d5ffb66	c95353b2f12b9650983e850fce3616f008c1d020f3b07bec02353ca64d5ffb66	end_marker:1;literal_run_extended:95;literal_run_short:12714;match_10_to_1f_extended:212;match_10_to_1f_short:26846;match_20_to_3f_extended:281;match_20_to_3f_short:35664;match_40_to_ff:115038;trailing_literal_0:136140;trailing_literal_1:21961;trailing_literal_2:14571;trailing_literal_3:5368
519	135	261	cm_generation_chunk	1	0xDF812E9	0xE00E787	u32_compressed_in_8_byte_table_entry,sequential_payload	90145	1025768	161024	1024768	863744	00426FDB	ignores_return_and_actual_output_size;writes_min_remaining_chunk_prefix	0	0	1	98f3926ba365bcb17eed2021ba98a12050f485c8ca9bd158b884b420aff0b158	7ebb6120c6b8a2ea3d381fea96a9a7709c7a16b2fc097cf1d4d358bbc3dae57b	end_marker:1;literal_run_extended:20;literal_run_short:1715;match_10_to_1f_extended:45;match_10_to_1f_short:3116;match_20_to_3f_extended:71;match_20_to_3f_short:6237;match_40_to_ff:17808;trailing_literal_0:20899;trailing_literal_1:3345;trailing_literal_2:2271;trailing_literal_3:761
520	136	262	surface_grid	0	0xE02AEBD	0xE02AEC1	u32_compressed_before_payload,u32_post_payload_record_count	2761	26136	26136	26136	0	00426182	ignores_return_and_actual_output_size	0	0	1	14a3dcbc5298f03f8b7558451bf7ce44f422d3d22575119739a879209e4e47a7	14a3dcbc5298f03f8b7558451bf7ce44f422d3d22575119739a879209e4e47a7	end_marker:1;literal_run_short:12;match_10_to_1f_short:1;match_20_to_3f_extended:186;match_20_to_3f_short:306;match_40_to_ff:496;trailing_literal_0:966;trailing_literal_1:18;trailing_literal_2:2;trailing_literal_3:2
521	136	262	indexed_object	0	0xE0342BA	0xE0342D4	u32_capacity_at_+0x12,u32_compressed_at_+0x16,payload_at_+0x1A	200608	3354922	3354922	3354922	0	0042660E	ignores_return;passes_actual_output_size_to_00401B70	0	0	1	4d4a2ce869445c1c11f78b56ede67cda1e79eea0d283bcf2032f1a98e0665e78	4d4a2ce869445c1c11f78b56ede67cda1e79eea0d283bcf2032f1a98e0665e78	end_marker:1;literal_run_short:85;match_10_to_1f_extended:185;match_10_to_1f_short:2640;match_20_to_3f_extended:2501;match_20_to_3f_short:26532;match_40_to_ff:44425;trailing_literal_0:74179;trailing_literal_1:1569;trailing_literal_2:453;trailing_literal_3:81
522	136	262	cm_generation_chunk	0	0xE065294	0xE065420	u32_compressed_in_8_byte_table_entry,sequential_payload	585863	1025768	1024768	1024768	0	00426FDB	ignores_return_and_actual_output_size;writes_min_remaining_chunk_prefix	0	0	1	1ccea4cc3fb2ac9e50fb2a53fff2ac92adc6778005adfcb295ed196f574ab814	1ccea4cc3fb2ac9e50fb2a53fff2ac92adc6778005adfcb295ed196f574ab814	end_marker:1;literal_run_extended:181;literal_run_short:13301;match_10_to_1f_extended:106;match_10_to_1f_short:28619;match_20_to_3f_extended:317;match_20_to_3f_short:32922;match_40_to_ff:122355;trailing_literal_0:151000;trailing_literal_1:15821;trailing_literal_2:13436;trailing_literal_3:4061
523	136	262	cm_generation_chunk	1	0xE06529C	0xE0F44A7	u32_compressed_in_8_byte_table_entry,sequential_payload	551383	1025768	1024768	1024768	0	00426FDB	ignores_return_and_actual_output_size;writes_min_remaining_chunk_prefix	0	0	1	bc27b07e7bcac74600dd553afee3ae99a686ceff173ae06bc1150eb7029be7a4	bc27b07e7bcac74600dd553afee3ae99a686ceff173ae06bc1150eb7029be7a4	end_marker:1;literal_run_extended:81;literal_run_short:9952;match_10_to_1f_extended:151;match_10_to_1f_short:26260;match_20_to_3f_extended:432;match_20_to_3f_short:37200;match_40_to_ff:118087;trailing_literal_0:150043;trailing_literal_1:15684;trailing_literal_2:12655;trailing_literal_3:3747
524	136	262	cm_generation_chunk	2	0xE0652A4	0xE17AE7E	u32_compressed_in_8_byte_table_entry,sequential_payload	138646	1025768	319488	1024768	705280	00426FDB	ignores_return_and_actual_output_size;writes_min_remaining_chunk_prefix	0	0	1	326011ef43cefd4628b6774864e52f9a89023fe7baa8a87b5118379329d63985	64d152c09984564a24de12ea9a2c4f92f9b7f08ee83b600c4e802a2bf6dbf170	end_marker:1;literal_run_extended:6;literal_run_short:993;match_10_to_1f_extended:51;match_10_to_1f_short:3595;match_20_to_3f_extended:282;match_20_to_3f_short:10361;match_40_to_ff:38816;trailing_literal_0:47692;trailing_literal_1:3023;trailing_literal_2:1878;trailing_literal_3:511
525	137	263	surface_grid	0	0xE1AF4B1	0xE1AF4B5	u32_compressed_before_payload,u32_post_payload_record_count	5902	75680	75680	75680	0	00426182	ignores_return_and_actual_output_size	0	0	1	5891e36296d5603114aa42142e85f290e05019a45a7c96274c1fb947ceb0ed10	5891e36296d5603114aa42142e85f290e05019a45a7c96274c1fb947ceb0ed10	end_marker:1;literal_run_short:4;match_10_to_1f_extended:1;match_10_to_1f_short:2;match_20_to_3f_extended:430;match_20_to_3f_short:574;match_40_to_ff:1162;trailing_literal_0:2155;trailing_literal_1:12;trailing_literal_2:1
526	137	263	cm_generation_chunk	0	0xE1E8424	0xE1E85B0	u32_compressed_in_8_byte_table_entry,sequential_payload	591882	1025768	1024768	1024768	0	00426FDB	ignores_return_and_actual_output_size;writes_min_remaining_chunk_prefix	0	0	1	3a957abdcfa2e7a99b52cabbb7d4c80d29329ac8be364e5e359a1d91fbf6360c	3a957abdcfa2e7a99b52cabbb7d4c80d29329ac8be364e5e359a1d91fbf6360c	end_marker:1;literal_run_extended:96;literal_run_short:12648;match_10_to_1f_extended:295;match_10_to_1f_short:28438;match_20_to_3f_extended:218;match_20_to_3f_short:33313;match_40_to_ff:121659;trailing_literal_0:139281;trailing_literal_1:22960;trailing_literal_2:15867;trailing_literal_3:5814
527	137	263	cm_generation_chunk	1	0xE1E842C	0xE278DBA	u32_compressed_in_8_byte_table_entry,sequential_payload	587058	1025768	1024768	1024768	0	00426FDB	ignores_return_and_actual_output_size;writes_min_remaining_chunk_prefix	0	0	1	2d13d804e5817660e9bebbf3d77cacf16490bd49459b228d19ed59e19c800846	2d13d804e5817660e9bebbf3d77cacf16490bd49459b228d19ed59e19c800846	end_marker:1;literal_run_extended:62;literal_run_short:11552;match_10_to_1f_extended:452;match_10_to_1f_short:27487;match_20_to_3f_extended:199;match_20_to_3f_short:36268;match_40_to_ff:121912;trailing_literal_0:143483;trailing_literal_1:22516;trailing_literal_2:15138;trailing_literal_3:5180
528	137	263	cm_generation_chunk	2	0xE1E8434	0xE3082EC	u32_compressed_in_8_byte_table_entry,sequential_payload	426988	1025768	732160	1024768	292608	00426FDB	ignores_return_and_actual_output_size;writes_min_remaining_chunk_prefix	0	0	1	6895ccbbb23b00792f80d5e29cfea52e897548321de9791c56e05f7022a8470b	f31f3f518078786d7da760f0b7198ba43e2ef9edc9645aa7a67ebcc8b453ac4d	end_marker:1;literal_run_extended:33;literal_run_short:7487;match_10_to_1f_extended:94;match_10_to_1f_short:17342;match_20_to_3f_extended:92;match_20_to_3f_short:30553;match_40_to_ff:90149;trailing_literal_0:106731;trailing_literal_1:16601;trailing_literal_2:11127;trailing_literal_3:3770
529	138	264	surface_grid	0	0xE38047D	0xE380481	u32_compressed_before_payload,u32_post_payload_record_count	4497	64680	64680	64680	0	00426182	ignores_return_and_actual_output_size	0	0	1	90292f92f1a13c2a66bdc3e9d929d9e59caed484e8fffa24b3fbfd11204b4bcf	90292f92f1a13c2a66bdc3e9d929d9e59caed484e8fffa24b3fbfd11204b4bcf	end_marker:1;literal_run_short:4;match_10_to_1f_short:3;match_20_to_3f_extended:329;match_20_to_3f_short:389;match_40_to_ff:939;trailing_literal_0:1649;trailing_literal_1:6;trailing_literal_2:2;trailing_literal_3:2
530	138	264	cm_generation_chunk	0	0xE3B73A4	0xE3B7530	u32_compressed_in_8_byte_table_entry,sequential_payload	600448	1025768	1024768	1024768	0	00426FDB	ignores_return_and_actual_output_size;writes_min_remaining_chunk_prefix	0	0	1	3c7db29f84f15837a3c1e9432941594d4108f743157f3efcdce67b9e6c8eb278	3c7db29f84f15837a3c1e9432941594d4108f743157f3efcdce67b9e6c8eb278	end_marker:1;literal_run_extended:152;literal_run_short:13966;match_10_to_1f_extended:537;match_10_to_1f_short:30331;match_20_to_3f_extended:183;match_20_to_3f_short:30230;match_40_to_ff:120573;trailing_literal_0:138149;trailing_literal_1:22159;trailing_literal_2:15605;trailing_literal_3:5940
531	138	264	cm_generation_chunk	1	0xE3B73AC	0xE449EB0	u32_compressed_in_8_byte_table_entry,sequential_payload	591853	1025768	1024768	1024768	0	00426FDB	ignores_return_and_actual_output_size;writes_min_remaining_chunk_prefix	0	0	1	bb75cdf03222a316499cdb8515c1f279c6858709328100141b197ac460377f6d	bb75cdf03222a316499cdb8515c1f279c6858709328100141b197ac460377f6d	end_marker:1;literal_run_extended:30;literal_run_short:10447;match_10_to_1f_extended:235;match_10_to_1f_short:29175;match_20_to_3f_extended:105;match_20_to_3f_short:28925;match_40_to_ff:137965;trailing_literal_0:152524;trailing_literal_1:23591;trailing_literal_2:15027;trailing_literal_3:5262
532	138	264	cm_generation_chunk	2	0xE3B73B4	0xE4DA69D	u32_compressed_in_8_byte_table_entry,sequential_payload	117271	1025768	207872	1024768	816896	00426FDB	ignores_return_and_actual_output_size;writes_min_remaining_chunk_prefix	0	0	1	69f93c0d43b9477c95599a2498a4c9712de27ccf158a8d515b343ea45c7df00d	de9b4db5f14dc13b3a1f7d13225da5f8f3d05ded9dbb4b7c5176baade2160623	end_marker:1;literal_run_extended:10;literal_run_short:1616;match_10_to_1f_extended:65;match_10_to_1f_short:4347;match_20_to_3f_extended:47;match_20_to_3f_short:8370;match_40_to_ff:25924;trailing_literal_0:30679;trailing_literal_1:4542;trailing_literal_2:2594;trailing_literal_3:937
533	139	265	surface_grid	0	0xE50A231	0xE50A235	u32_compressed_before_payload,u32_post_payload_record_count	4943	77952	77952	77952	0	00426182	ignores_return_and_actual_output_size	0	0	1	6b419c18d139675f4e26f90bb4ee68585dca75e17c4bc3b067d0ca64fda72d90	6b419c18d139675f4e26f90bb4ee68585dca75e17c4bc3b067d0ca64fda72d90	end_marker:1;literal_run_short:4;match_10_to_1f_extended:2;match_10_to_1f_short:5;match_20_to_3f_extended:367;match_20_to_3f_short:436;match_40_to_ff:998;trailing_literal_0:1791;trailing_literal_1:14;trailing_literal_2:2
534	139	265	cm_generation_chunk	0	0xE53F95C	0xE53FAE8	u32_compressed_in_8_byte_table_entry,sequential_payload	598332	1025768	1024768	1024768	0	00426FDB	ignores_return_and_actual_output_size;writes_min_remaining_chunk_prefix	0	0	1	89c5e3dfde68c77e7c7fc9b602226540ab500965a91682d62b57b09f3c017866	89c5e3dfde68c77e7c7fc9b602226540ab500965a91682d62b57b09f3c017866	end_marker:1;literal_run_extended:136;literal_run_short:14023;match_10_to_1f_extended:263;match_10_to_1f_short:29628;match_20_to_3f_extended:269;match_20_to_3f_short:36759;match_40_to_ff:110793;trailing_literal_0:132404;trailing_literal_1:23088;trailing_literal_2:16193;trailing_literal_3:6026
535	139	265	cm_generation_chunk	1	0xE53F964	0xE5D1C24	u32_compressed_in_8_byte_table_entry,sequential_payload	600558	1025768	1024768	1024768	0	00426FDB	ignores_return_and_actual_output_size;writes_min_remaining_chunk_prefix	0	0	1	c90234f3c535d438270427d2b738f743d30b27c6f74ac7871ea011246b66c4a5	c90234f3c535d438270427d2b738f743d30b27c6f74ac7871ea011246b66c4a5	end_marker:1;literal_run_extended:100;literal_run_short:11882;match_10_to_1f_extended:314;match_10_to_1f_short:28313;match_20_to_3f_extended:213;match_20_to_3f_short:42179;match_40_to_ff:115962;trailing_literal_0:142063;trailing_literal_1:23470;trailing_literal_2:16043;trailing_literal_3:5404
536	139	265	cm_generation_chunk	2	0xE53F96C	0xE664612	u32_compressed_in_8_byte_table_entry,sequential_payload	45294	1025768	79872	1024768	944896	00426FDB	ignores_return_and_actual_output_size;writes_min_remaining_chunk_prefix	0	0	1	5ddce5871c3c540d97cdb52f67d523162311e2589e08b3cb4716c89ffabce9d9	c78164bf8a3bb402f532a8581a94c281362247f2de53898c2dadab3fa7f76f80	end_marker:1;literal_run_extended:19;literal_run_short:991;match_10_to_1f_extended:18;match_10_to_1f_short:1113;match_20_to_3f_extended:46;match_20_to_3f_short:3270;match_40_to_ff:7671;trailing_literal_0:8960;trailing_literal_1:1525;trailing_literal_2:1200;trailing_literal_3:432
537	140	266	surface_grid	0	0xE67C9DD	0xE67C9E1	u32_compressed_before_payload,u32_post_payload_record_count	4222	53728	53728	53728	0	00426182	ignores_return_and_actual_output_size	0	0	1	7f0da22dedca74b2617efa10b63503920afd1b61a26aab543e482b542e8bb8d1	7f0da22dedca74b2617efa10b63503920afd1b61a26aab543e482b542e8bb8d1	end_marker:1;literal_run_short:4;match_10_to_1f_short:2;match_20_to_3f_extended:263;match_20_to_3f_short:372;match_40_to_ff:968;trailing_literal_0:1593;trailing_literal_1:8;trailing_literal_2:2;trailing_literal_3:1
538	140	266	cm_generation_chunk	0	0xE6BC4FC	0xE6BC688	u32_compressed_in_8_byte_table_entry,sequential_payload	586054	1025768	1024768	1024768	0	00426FDB	ignores_return_and_actual_output_size;writes_min_remaining_chunk_prefix	0	0	1	ccaebe2205be3ee775c23638f5f89e5ae873532060161f71ff46f2fb4992f600	ccaebe2205be3ee775c23638f5f89e5ae873532060161f71ff46f2fb4992f600	end_marker:1;literal_run_extended:189;literal_run_short:12782;match_10_to_1f_extended:385;match_10_to_1f_short:26949;match_20_to_3f_extended:221;match_20_to_3f_short:36289;match_40_to_ff:115709;trailing_literal_0:138132;trailing_literal_1:21277;trailing_literal_2:15020;trailing_literal_3:5123
539	140	266	cm_generation_chunk	1	0xE6BC504	0xE74B7CE	u32_compressed_in_8_byte_table_entry,sequential_payload	493511	1025768	866560	1024768	158208	00426FDB	ignores_return_and_actual_output_size;writes_min_remaining_chunk_prefix	0	0	1	cc567d40e7e51840ada0820d391cbb6f6ae46c79e4a2e04d494b6d367d2fda81	2c0ec6f2922d66e8bf7aec8d23c26263be6b8200d37e56b4384dbd1931a13bc3	end_marker:1;literal_run_extended:104;literal_run_short:9300;match_10_to_1f_extended:197;match_10_to_1f_short:21481;match_20_to_3f_extended:153;match_20_to_3f_short:30941;match_40_to_ff:106467;trailing_literal_0:125741;trailing_literal_1:17660;trailing_literal_2:11719;trailing_literal_3:4118
540	141	267	surface_grid	0	0xE7C68A6	0xE7C68AA	u32_compressed_before_payload,u32_post_payload_record_count	605	10260	10260	10260	0	00426182	ignores_return_and_actual_output_size	0	0	1	2ff0f36f0cea4f20e099a13676ce6c23cea8964143a2ec87e94e9002fd9e9faf	2ff0f36f0cea4f20e099a13676ce6c23cea8964143a2ec87e94e9002fd9e9faf	end_marker:1;literal_run_short:3;match_10_to_1f_short:1;match_20_to_3f_extended:56;match_20_to_3f_short:33;match_40_to_ff:114;trailing_literal_0:194;trailing_literal_1:7;trailing_literal_2:2
541	141	267	cm_generation_chunk	0	0xE7CA393	0xE7CA51F	u32_compressed_in_8_byte_table_entry,sequential_payload	95884	1025768	148992	1024768	875776	00426FDB	ignores_return_and_actual_output_size;writes_min_remaining_chunk_prefix	0	0	1	bebe06943c90f33716b508b9d3a737a53a510a30a529d97134d5312722436588	6eb91c91cfc6cf723d9d966b59c50a80903d6b876236cc0dd6ae897aaf38e22d	end_marker:1;literal_run_extended:46;literal_run_short:3466;match_10_to_1f_extended:18;match_10_to_1f_short:2627;match_20_to_3f_extended:58;match_20_to_3f_short:6470;match_40_to_ff:12806;trailing_literal_0:14974;trailing_literal_1:3244;trailing_literal_2:2581;trailing_literal_3:1179
542	142	268	surface_grid	0	0xE7F4448	0xE7F444C	u32_compressed_before_payload,u32_post_payload_record_count	5802	75680	75680	75680	0	00426182	ignores_return_and_actual_output_size	0	0	1	62f3097bb468b199ac32487c1e03710728f8bf8fda0cffdb00bdb373d947bdfe	62f3097bb468b199ac32487c1e03710728f8bf8fda0cffdb00bdb373d947bdfe	end_marker:1;literal_run_short:4;match_10_to_1f_extended:1;match_10_to_1f_short:2;match_20_to_3f_extended:350;match_20_to_3f_short:618;match_40_to_ff:1193;trailing_literal_0:2143;trailing_literal_1:13;trailing_literal_2:5;trailing_literal_3:2
543	142	268	cm_generation_chunk	0	0xE8319CE	0xE831B5A	u32_compressed_in_8_byte_table_entry,sequential_payload	574390	1025768	1024768	1024768	0	00426FDB	ignores_return_and_actual_output_size;writes_min_remaining_chunk_prefix	0	0	1	37a1509b929a76c3274fa30df91542de763785bb19d5f98cb02f87df040f5834	37a1509b929a76c3274fa30df91542de763785bb19d5f98cb02f87df040f5834	end_marker:1;literal_run_extended:102;literal_run_short:11839;match_10_to_1f_extended:237;match_10_to_1f_short:26472;match_20_to_3f_extended:253;match_20_to_3f_short:33465;match_40_to_ff:119728;trailing_literal_0:137136;trailing_literal_1:22449;trailing_literal_2:14918;trailing_literal_3:5651
544	142	268	cm_generation_chunk	1	0xE8319D6	0xE8BDF10	u32_compressed_in_8_byte_table_entry,sequential_payload	582151	1025768	1024768	1024768	0	00426FDB	ignores_return_and_actual_output_size;writes_min_remaining_chunk_prefix	0	0	1	9c96f84ec933770e2b6dd2be32f6ff7127894d8cce906cfa416ac50d2199a6d0	9c96f84ec933770e2b6dd2be32f6ff7127894d8cce906cfa416ac50d2199a6d0	end_marker:1;literal_run_extended:59;literal_run_short:9867;match_10_to_1f_extended:136;match_10_to_1f_short:21405;match_20_to_3f_extended:141;match_20_to_3f_short:34917;match_40_to_ff:139322;trailing_literal_0:154181;trailing_literal_1:22448;trailing_literal_2:14506;trailing_literal_3:4785
545	142	268	cm_generation_chunk	2	0xE8319DE	0xE94C117	u32_compressed_in_8_byte_table_entry,sequential_payload	475633	1025768	848384	1024768	176384	00426FDB	ignores_return_and_actual_output_size;writes_min_remaining_chunk_prefix	0	0	1	df499a91ad71c28af16503057f6248153753bf5961c3de2d85f7080e196ff6d0	15a40afed0425af3606fca03e4b53086e772aa4c700a286176686a6ae137799c	end_marker:1;literal_run_extended:32;literal_run_short:8166;match_10_to_1f_extended:185;match_10_to_1f_short:22651;match_20_to_3f_extended:171;match_20_to_3f_short:29056;match_40_to_ff:104829;trailing_literal_0:123180;trailing_literal_1:18050;trailing_literal_2:11765;trailing_literal_3:3896
546	143	269	surface_grid	0	0xE9C3705	0xE9C3709	u32_compressed_before_payload,u32_post_payload_record_count	1685	13056	13056	13056	0	00426182	ignores_return_and_actual_output_size	0	0	1	5cacf299d320b32e724c5fc2036f8e544e7e623363c4e7ee1044de88d086af4b	5cacf299d320b32e724c5fc2036f8e544e7e623363c4e7ee1044de88d086af4b	end_marker:1;literal_run_short:7;match_10_to_1f_short:1;match_20_to_3f_extended:105;match_20_to_3f_short:168;match_40_to_ff:338;trailing_literal_0:585;trailing_literal_1:20;trailing_literal_2:5;trailing_literal_3:1
547	143	269	cm_generation_chunk	0	0xE9E9137	0xE9E92C3	u32_compressed_in_8_byte_table_entry,sequential_payload	806665	1025768	1024768	1024768	0	00426FDB	ignores_return_and_actual_output_size;writes_min_remaining_chunk_prefix	0	0	1	51d85fb8e60b7cf355dac665aa3257adcff32bc18eda39974a61af79bfa089bb	51d85fb8e60b7cf355dac665aa3257adcff32bc18eda39974a61af79bfa089bb	end_marker:1;literal_run_extended:4233;literal_run_short:30029;match_10_to_1f_extended:23;match_10_to_1f_short:23596;match_20_to_3f_extended:21;match_20_to_3f_short:21169;match_40_to_ff:99738;trailing_literal_0:101474;trailing_literal_1:22087;trailing_literal_2:13110;trailing_literal_3:7875
548	143	269	cm_generation_chunk	1	0xE9E913F	0xEAAE1CC	u32_compressed_in_8_byte_table_entry,sequential_payload	552134	1025768	646912	1024768	377856	00426FDB	ignores_return_and_actual_output_size;writes_min_remaining_chunk_prefix	0	0	1	82c89085a2b0dbaebf0dd1f9660f9abe634b18a64d56517791f75dec27cfa0e2	9c5b5f61f13b2052aed5b04ff7fbfa1834105a2e661507d8b6bd57686533b442	end_marker:1;literal_run_extended:4888;literal_run_short:17882;match_10_to_1f_extended:6;match_10_to_1f_short:11043;match_20_to_3f_extended:3;match_20_to_3f_short:9141;match_40_to_ff:53788;trailing_literal_0:53464;trailing_literal_1:10249;trailing_literal_2:6180;trailing_literal_3:4087
549	144	270	surface_grid	0	0xEB372B7	0xEB372BB	u32_compressed_before_payload,u32_post_payload_record_count	791	9000	9000	9000	0	00426182	ignores_return_and_actual_output_size	0	0	1	a315014aa1f69160ff4bee38288fdaa4f48e7c45d6729bc726393803355d87db	a315014aa1f69160ff4bee38288fdaa4f48e7c45d6729bc726393803355d87db	end_marker:1;literal_run_short:3;match_10_to_1f_short:1;match_20_to_3f_extended:45;match_20_to_3f_short:70;match_40_to_ff:166;trailing_literal_0:258;trailing_literal_1:17;trailing_literal_2:3;trailing_literal_3:3
550	144	270	cm_generation_chunk	0	0xEB5285B	0xEB529E7	u32_compressed_in_8_byte_table_entry,sequential_payload	818486	1025768	1024768	1024768	0	00426FDB	ignores_return_and_actual_output_size;writes_min_remaining_chunk_prefix	0	0	1	f74c740649bf7eb943097d11cab3820f7152fca006352f87eb2f871aae913a95	f74c740649bf7eb943097d11cab3820f7152fca006352f87eb2f871aae913a95	end_marker:1;literal_run_extended:6160;literal_run_short:28330;match_10_to_1f_extended:58;match_10_to_1f_short:20671;match_20_to_3f_extended:76;match_20_to_3f_short:18204;match_40_to_ff:87222;trailing_literal_0:91196;trailing_literal_1:17427;trailing_literal_2:10763;trailing_literal_3:6844
551	144	270	cm_generation_chunk	1	0xEB52863	0xEC1A71D	u32_compressed_in_8_byte_table_entry,sequential_payload	118070	1025768	127744	1024768	897024	00426FDB	ignores_return_and_actual_output_size;writes_min_remaining_chunk_prefix	0	0	1	df3513e365e341784067d0ac980429531412ed34de535bd4905313fd14c644a4	0729a71ead0b8192fada28b28e7ec6649bf881d676e74d93943b30ee3dbd96b6	end_marker:1;literal_run_extended:1054;literal_run_short:4149;match_10_to_1f_short:1677;match_20_to_3f_extended:1;match_20_to_3f_short:1940;match_40_to_ff:9447;trailing_literal_0:8874;trailing_literal_1:1909;trailing_literal_2:1269;trailing_literal_3:1012
552	145	271	surface_grid	0	0xEC39A10	0xEC39A14	u32_compressed_before_payload,u32_post_payload_record_count	1186	9408	9408	9408	0	00426182	ignores_return_and_actual_output_size	0	0	1	6d50da7b45f26895efe804a7c983d4f6824309a58b058bea312b6b1178b1795b	6d50da7b45f26895efe804a7c983d4f6824309a58b058bea312b6b1178b1795b	end_marker:1;literal_run_short:5;match_10_to_1f_short:1;match_20_to_3f_extended:61;match_20_to_3f_short:136;match_40_to_ff:229;trailing_literal_0:397;trailing_literal_1:19;trailing_literal_2:8;trailing_literal_3:2
553	145	271	cm_generation_chunk	0	0xEC48D5C	0xEC48EE8	u32_compressed_in_8_byte_table_entry,sequential_payload	192575	1025768	230144	1024768	794624	00426FDB	ignores_return_and_actual_output_size;writes_min_remaining_chunk_prefix	0	0	1	c0dc90151cee4f02e60485d84279a966da7d57a99f576a17588299720b82a779	16414dfa75b42c0a325fb2771dc5fc7c56e1b804204a1f4e1fd826f66e360dc4	end_marker:1;literal_run_extended:1389;literal_run_short:7910;match_10_to_1f_extended:18;match_10_to_1f_short:2745;match_20_to_3f_extended:74;match_20_to_3f_short:4223;match_40_to_ff:15830;trailing_literal_0:16701;trailing_literal_1:2691;trailing_literal_2:1863;trailing_literal_3:1634
554	146	272	surface_grid	0	0xEC7A9D4	0xEC7A9D8	u32_compressed_before_payload,u32_post_payload_record_count	863	10672	10672	10672	0	00426182	ignores_return_and_actual_output_size	0	0	1	fb0561adf38c791c7002cab653299a7187eb9c0f3e1c45fafb363b5e4c570540	fb0561adf38c791c7002cab653299a7187eb9c0f3e1c45fafb363b5e4c570540	end_marker:1;literal_run_short:4;match_10_to_1f_short:1;match_20_to_3f_extended:79;match_20_to_3f_short:49;match_40_to_ff:178;trailing_literal_0:298;trailing_literal_1:5;trailing_literal_2:3
555	146	272	cm_generation_chunk	0	0xEC89049	0xEC891D5	u32_compressed_in_8_byte_table_entry,sequential_payload	138669	1025768	174336	1024768	850432	00426FDB	ignores_return_and_actual_output_size;writes_min_remaining_chunk_prefix	0	0	1	d606dc108d77458b2c686c263fc64f83d329a5bde4cfbdffe64e1bb9e30f3067	d1c989e4e4056bc6d289a60077d3bcf0c3284cf1eb4e05daa0686184e24032fa	end_marker:1;literal_run_extended:796;literal_run_short:5381;match_10_to_1f_extended:15;match_10_to_1f_short:2545;match_20_to_3f_extended:72;match_20_to_3f_short:5112;match_40_to_ff:11574;trailing_literal_0:14052;trailing_literal_1:2529;trailing_literal_2:1526;trailing_literal_3:1210
556	147	273	surface_grid	0	0xECFF85F	0xECFF863	u32_compressed_before_payload,u32_post_payload_record_count	9256	173040	173040	173040	0	00426182	ignores_return_and_actual_output_size	0	0	1	7a2d16f8736c10c6d8a8f8a610ade858cf1d73208781e77af6463ecb87f41bca	7a2d16f8736c10c6d8a8f8a610ade858cf1d73208781e77af6463ecb87f41bca	end_marker:1;literal_run_short:8;match_10_to_1f_extended:4;match_10_to_1f_short:3;match_20_to_3f_extended:968;match_20_to_3f_short:728;match_40_to_ff:1463;trailing_literal_0:3148;trailing_literal_1:11;trailing_literal_2:2;trailing_literal_3:4
557	147	273	cm_generation_chunk	0	0xED647DC	0xED64968	u32_compressed_in_8_byte_table_entry,sequential_payload	810070	1025768	1024768	1024768	0	00426FDB	ignores_return_and_actual_output_size;writes_min_remaining_chunk_prefix	0	0	1	dd7672485cd667d0eebf883653c75c65ea69ac3e82a421b5ad85444ac1b0e815	dd7672485cd667d0eebf883653c75c65ea69ac3e82a421b5ad85444ac1b0e815	end_marker:1;literal_run_extended:3739;literal_run_short:38124;match_10_to_1f_extended:109;match_10_to_1f_short:24921;match_20_to_3f_extended:364;match_20_to_3f_short:24520;match_40_to_ff:67989;trailing_literal_0:82619;trailing_literal_1:15832;trailing_literal_2:10709;trailing_literal_3:8742
558	147	273	cm_generation_chunk	1	0xED647E4	0xEE2A5BE	u32_compressed_in_8_byte_table_entry,sequential_payload	819697	1025768	1024768	1024768	0	00426FDB	ignores_return_and_actual_output_size;writes_min_remaining_chunk_prefix	0	0	1	42327eb88be903dd23a4595c3364f7e933351155d3aa01cec9a269d20a1bc610	42327eb88be903dd23a4595c3364f7e933351155d3aa01cec9a269d20a1bc610	end_marker:1;literal_run_extended:3659;literal_run_short:37850;match_10_to_1f_extended:322;match_10_to_1f_short:26504;match_20_to_3f_extended:182;match_20_to_3f_short:24225;match_40_to_ff:73153;trailing_literal_0:87013;trailing_literal_1:16955;trailing_literal_2:11499;trailing_literal_3:8918
559	147	273	cm_generation_chunk	2	0xED647EC	0xEEF27AF	u32_compressed_in_8_byte_table_entry,sequential_payload	820706	1025768	1024768	1024768	0	00426FDB	ignores_return_and_actual_output_size;writes_min_remaining_chunk_prefix	0	0	1	6e2fb35bc12781699b7f0c19235d47e48793c36bdba66af06bfadc42e44f4551	6e2fb35bc12781699b7f0c19235d47e48793c36bdba66af06bfadc42e44f4551	end_marker:1;literal_run_extended:3922;literal_run_short:38417;match_10_to_1f_extended:162;match_10_to_1f_short:25187;match_20_to_3f_extended:272;match_20_to_3f_short:24369;match_40_to_ff:69753;trailing_literal_0:84255;trailing_literal_1:15917;trailing_literal_2:10969;trailing_literal_3:8601
560	147	273	cm_generation_chunk	3	0xED647F4	0xEFBAD91	u32_compressed_in_8_byte_table_entry,sequential_payload	593927	1025768	698624	1024768	326144	00426FDB	ignores_return_and_actual_output_size;writes_min_remaining_chunk_prefix	0	0	1	1b4e45b0cba2ab4b58172204ee225a6ab67632dd4b20a9593cf0cfdc91a1124f	fd35c274d0cc19b80e6ff4a7017fe9baa2119b7833f965ecc36e81a45101ccf2	end_marker:1;literal_run_extended:3163;literal_run_short:28668;match_10_to_1f_extended:63;match_10_to_1f_short:16228;match_20_to_3f_extended:103;match_20_to_3f_short:18870;match_40_to_ff:42167;trailing_literal_0:54139;trailing_literal_1:10196;trailing_literal_2:7265;trailing_literal_3:5830
561	148	274	surface_grid	0	0xF0A69D5	0xF0A69D9	u32_compressed_before_payload,u32_post_payload_record_count	8994	185760	185760	185760	0	00426182	ignores_return_and_actual_output_size	0	0	1	a168f596e68e6928727e2ea6fc1fcecb46416c7c37369621b4d794253eb7763c	a168f596e68e6928727e2ea6fc1fcecb46416c7c37369621b4d794253eb7763c	end_marker:1;literal_run_short:6;match_10_to_1f_extended:2;match_10_to_1f_short:3;match_20_to_3f_extended:978;match_20_to_3f_short:693;match_40_to_ff:1352;trailing_literal_0:3005;trailing_literal_1:17;trailing_literal_2:4;trailing_literal_3:1
562	148	274	cm_generation_chunk	0	0xF115A6C	0xF115BF8	u32_compressed_in_8_byte_table_entry,sequential_payload	842999	1025768	1024768	1024768	0	00426FDB	ignores_return_and_actual_output_size;writes_min_remaining_chunk_prefix	0	0	1	9e65a0bcbf3e3553a87a00f61490716647d683d5273e8f12ee7ee4c28109681d	9e65a0bcbf3e3553a87a00f61490716647d683d5273e8f12ee7ee4c28109681d	end_marker:1;literal_run_extended:4887;literal_run_short:39357;match_10_to_1f_extended:64;match_10_to_1f_short:22131;match_20_to_3f_extended:304;match_20_to_3f_short:20742;match_40_to_ff:67318;trailing_literal_0:78608;trailing_literal_1:14102;trailing_literal_2:9790;trailing_literal_3:8058
563	148	274	cm_generation_chunk	1	0xF115A74	0xF1E38EF	u32_compressed_in_8_byte_table_entry,sequential_payload	821713	1025768	1024768	1024768	0	00426FDB	ignores_return_and_actual_output_size;writes_min_remaining_chunk_prefix	0	0	1	858499eaa4de2ae08b1e8cfb7c8b6f97087c94c021398507bb423cb26d871ec1	858499eaa4de2ae08b1e8cfb7c8b6f97087c94c021398507bb423cb26d871ec1	end_marker:1;literal_run_extended:4157;literal_run_short:38010;match_10_to_1f_extended:114;match_10_to_1f_short:23429;match_20_to_3f_extended:346;match_20_to_3f_short:24979;match_40_to_ff:68194;trailing_literal_0:82730;trailing_literal_1:15477;trailing_literal_2:10517;trailing_literal_3:8337
564	148	274	cm_generation_chunk	2	0xF115A7C	0xF2AC2C0	u32_compressed_in_8_byte_table_entry,sequential_payload	836614	1025768	1024768	1024768	0	00426FDB	ignores_return_and_actual_output_size;writes_min_remaining_chunk_prefix	0	0	1	8801f7a300ca1469a5624786cd09b4a44609def6fbfc812cbac8c366eb9f68e0	8801f7a300ca1469a5624786cd09b4a44609def6fbfc812cbac8c366eb9f68e0	end_marker:1;literal_run_extended:4750;literal_run_short:38231;match_10_to_1f_extended:89;match_10_to_1f_short:22131;match_20_to_3f_extended:344;match_20_to_3f_short:23033;match_40_to_ff:65592;trailing_literal_0:78570;trailing_literal_1:14525;trailing_literal_2:10037;trailing_literal_3:8056
565	148	274	cm_generation_chunk	3	0xF115A84	0xF3786C6	u32_compressed_in_8_byte_table_entry,sequential_payload	850738	1025768	1024768	1024768	0	00426FDB	ignores_return_and_actual_output_size;writes_min_remaining_chunk_prefix	0	0	1	ab5f6e85374c7e5075f9896a732028b2c5af99779dce7db67f8a1fc3853c76d2	ab5f6e85374c7e5075f9896a732028b2c5af99779dce7db67f8a1fc3853c76d2	end_marker:1;literal_run_extended:4902;literal_run_short:39373;match_10_to_1f_extended:30;match_10_to_1f_short:22295;match_20_to_3f_extended:260;match_20_to_3f_short:21773;match_40_to_ff:69078;trailing_literal_0:80470;trailing_literal_1:14457;trailing_literal_2:10324;trailing_literal_3:8184
566	148	274	cm_generation_chunk	4	0xF115A8C	0xF4481F8	u32_compressed_in_8_byte_table_entry,sequential_payload	352679	1025768	388096	1024768	636672	00426FDB	ignores_return_and_actual_output_size;writes_min_remaining_chunk_prefix	0	0	1	d902b800501cc72fd9daa0caa08b15dbbad59502344953f1a2d38927f77ad560	501d95627f7573311092af2266e99cfd8b471e91128f0d94333cf7824abece84	end_marker:1;literal_run_extended:2223;literal_run_short:16925;match_10_to_1f_extended:1;match_10_to_1f_short:7860;match_20_to_3f_extended:1;match_20_to_3f_short:8709;match_40_to_ff:23154;trailing_literal_0:28094;trailing_literal_1:4913;trailing_literal_2:3621;trailing_literal_3:3096
567	149	275	surface_grid	0	0xF4A605C	0xF4A6060	u32_compressed_before_payload,u32_post_payload_record_count	1861	31680	31680	31680	0	00426182	ignores_return_and_actual_output_size	0	0	1	80f8ca89c6aa596fd9c188410fdae0d5fe8b151d910faa9e748d614334af3d22	80f8ca89c6aa596fd9c188410fdae0d5fe8b151d910faa9e748d614334af3d22	end_marker:1;literal_run_short:5;match_10_to_1f_short:2;match_20_to_3f_extended:207;match_20_to_3f_short:115;match_40_to_ff:298;trailing_literal_0:611;trailing_literal_1:7;trailing_literal_2:1;trailing_literal_3:2
568	149	275	cm_generation_chunk	0	0xF4C11ED	0xF4C1379	u32_compressed_in_8_byte_table_entry,sequential_payload	690427	1025768	1024768	1024768	0	00426FDB	ignores_return_and_actual_output_size;writes_min_remaining_chunk_prefix	0	0	1	9f71d673a42b37fc5b026d2d3de4af6ca67b71728e96f63dd190f9ec7defa04c	9f71d673a42b37fc5b026d2d3de4af6ca67b71728e96f63dd190f9ec7defa04c	end_marker:1;literal_run_extended:2200;literal_run_short:25480;match_10_to_1f_extended:145;match_10_to_1f_short:18199;match_20_to_3f_extended:251;match_20_to_3f_short:18786;match_40_to_ff:108094;trailing_literal_0:98502;trailing_literal_1:24842;trailing_literal_2:12590;trailing_literal_3:9540
569	149	275	cm_generation_chunk	1	0xF4C11F5	0xF569C74	u32_compressed_in_8_byte_table_entry,sequential_payload	505189	1025768	660736	1024768	364032	00426FDB	ignores_return_and_actual_output_size;writes_min_remaining_chunk_prefix	0	0	1	ae146574508fca9d6cacd4e1526a14c98eb94fd8b274a58f0a4132cf4c9eefe1	488f92138f8d9b90cbb53c7f88fd71367827e6b8cff8053f7da13a9966be27c7	end_marker:1;literal_run_extended:2586;literal_run_short:21212;match_10_to_1f_extended:51;match_10_to_1f_short:10475;match_20_to_3f_extended:128;match_20_to_3f_short:9647;match_40_to_ff:62925;trailing_literal_0:54527;trailing_literal_1:14825;trailing_literal_2:7395;trailing_literal_3:6478
570	150	276	surface_grid	0	0xF5E8D56	0xF5E8D5A	u32_compressed_before_payload,u32_post_payload_record_count	655	7488	7488	7488	0	00426182	ignores_return_and_actual_output_size	0	0	1	a61be1bad12bce855b2cb5aecce41ac9ef118fbee75972e5a291ef003090a53a	a61be1bad12bce855b2cb5aecce41ac9ef118fbee75972e5a291ef003090a53a	end_marker:1;literal_run_short:2;match_10_to_1f_short:1;match_20_to_3f_extended:68;match_20_to_3f_short:54;match_40_to_ff:97;trailing_literal_0:216;trailing_literal_1:3
571	150	276	cm_generation_chunk	0	0xF5EE2C4	0xF5EE450	u32_compressed_in_8_byte_table_entry,sequential_payload	809676	1025768	1024768	1024768	0	00426FDB	ignores_return_and_actual_output_size;writes_min_remaining_chunk_prefix	0	0	1	2c18887efe6f412b4ef7dd7893acd74b76a9a07f885017f9abc22ac39131a1ff	2c18887efe6f412b4ef7dd7893acd74b76a9a07f885017f9abc22ac39131a1ff	end_marker:1;literal_run_extended:5015;literal_run_short:30765;match_10_to_1f_extended:56;match_10_to_1f_short:18686;match_20_to_3f_extended:67;match_20_to_3f_short:15133;match_40_to_ff:96336;trailing_literal_0:91217;trailing_literal_1:19151;trailing_literal_2:11625;trailing_literal_3:8284
572	150	276	cm_generation_chunk	1	0xF5EE2CC	0xF6B3F1C	u32_compressed_in_8_byte_table_entry,sequential_payload	34995	1025768	34560	1024768	990208	00426FDB	ignores_return_and_actual_output_size;writes_min_remaining_chunk_prefix	0	0	1	34e6e062c51742523be7b5a194b3494ea649d72b44e57f6894cbc8972d914087	dcc7ddbac43e0ea46871f8a94a9968dba7dbcee0dcb3994cb1397a87d73748ab	end_marker:1;literal_run_extended:360;literal_run_short:936;match_10_to_1f_extended:3;match_10_to_1f_short:135;match_20_to_3f_extended:1;match_20_to_3f_short:556;match_40_to_ff:2296;trailing_literal_0:2089;trailing_literal_1:407;trailing_literal_2:282;trailing_literal_3:212
573	151	277	surface_grid	0	0xF6BE050	0xF6BE054	u32_compressed_before_payload,u32_post_payload_record_count	795	6020	6020	6020	0	00426182	ignores_return_and_actual_output_size	0	0	1	cc21849d3890ff5903ba2bb893ebda067c621269bd652c37fed18f5220c40a0f	cc21849d3890ff5903ba2bb893ebda067c621269bd652c37fed18f5220c40a0f	end_marker:1;literal_run_short:4;match_10_to_1f_short:1;match_20_to_3f_extended:42;match_20_to_3f_short:77;match_40_to_ff:176;trailing_literal_0:283;trailing_literal_1:9;trailing_literal_2:2;trailing_literal_3:1
574	151	277	cm_generation_chunk	0	0xF6D31B5	0xF6D3341	u32_compressed_in_8_byte_table_entry,sequential_payload	448703	1025768	650240	1024768	374528	00426FDB	ignores_return_and_actual_output_size;writes_min_remaining_chunk_prefix	0	0	1	b825a0c8df8a9c269cdf5e86c197e3e7d7f31a3efa1c018dab0004a4ca890b15	6010136ad054cc1068814c5bc4224ccae58254eeb16b46d3c1d97d7a3d33cd5b	end_marker:1;literal_run_extended:1968;literal_run_short:15417;match_10_to_1f_extended:97;match_10_to_1f_short:12105;match_20_to_3f_extended:118;match_20_to_3f_short:11630;match_40_to_ff:67869;trailing_literal_0:66428;trailing_literal_1:13792;trailing_literal_2:6702;trailing_literal_3:4896
575	152	278	surface_grid	0	0xF7439FD	0xF743A01	u32_compressed_before_payload,u32_post_payload_record_count	387	11520	11520	11520	0	00426182	ignores_return_and_actual_output_size	0	0	1	d4d230ea4b248f35c99258ee8ded5450c6ace1c53f9eac1b3b2107b78f64cc62	d4d230ea4b248f35c99258ee8ded5450c6ace1c53f9eac1b3b2107b78f64cc62	end_marker:1;literal_run_short:2;match_10_to_1f_short:1;match_20_to_3f_extended:25;match_20_to_3f_short:34;match_40_to_ff:63;trailing_literal_0:113;trailing_literal_1:9
576	152	278	cm_generation_chunk	0	0xF74802E	0xF7481BA	u32_compressed_in_8_byte_table_entry,sequential_payload	248623	1025768	1024768	1024768	0	00426FDB	ignores_return_and_actual_output_size;writes_min_remaining_chunk_prefix	0	0	1	7f0c3666d00503a59df952258d8476ee4ac5b2536f9d4993301a29cedb8946dd	7f0c3666d00503a59df952258d8476ee4ac5b2536f9d4993301a29cedb8946dd	end_marker:1;literal_run_extended:230;literal_run_short:2788;match_10_to_1f_extended:353;match_10_to_1f_short:3521;match_20_to_3f_extended:3670;match_20_to_3f_short:23452;match_40_to_ff:53822;trailing_literal_0:79532;trailing_literal_1:2606;trailing_literal_2:2002;trailing_literal_3:677
577	152	278	cm_generation_chunk	1	0xF748036	0xF784CE9	u32_compressed_in_8_byte_table_entry,sequential_payload	160378	1025768	409856	1024768	614912	00426FDB	ignores_return_and_actual_output_size;writes_min_remaining_chunk_prefix	0	0	1	90eea07d71517f9ca295607cdbe2ef08b7390de75c0a918108fd2f7bb098296e	536829bdc1cec6c26b120b91ab78a115972109faa47ef3a510a410b4a5b84b45	end_marker:1;literal_run_extended:66;literal_run_short:2865;match_10_to_1f_extended:315;match_10_to_1f_short:3650;match_20_to_3f_extended:512;match_20_to_3f_short:14374;match_40_to_ff:32509;trailing_literal_0:43820;trailing_literal_1:3927;trailing_literal_2:2711;trailing_literal_3:901
578	153	222	surface_grid	0	0xF7AF060	0xF7AF064	u32_compressed_before_payload,u32_post_payload_record_count	1767	12288	12288	12288	0	00426182	ignores_return_and_actual_output_size	0	0	1	cd38c4e668c56217383ba3ab17816736578d45a2975437e28e8c19ea31e9c05b	cd38c4e668c56217383ba3ab17816736578d45a2975437e28e8c19ea31e9c05b	end_marker:1;literal_run_short:3;match_10_to_1f_short:1;match_20_to_3f_extended:92;match_20_to_3f_short:176;match_40_to_ff:414;trailing_literal_0:667;trailing_literal_1:12;trailing_literal_2:2;trailing_literal_3:1
579	153	222	cm_generation_chunk	0	0xF7C93FC	0xF7C9588	u32_compressed_in_8_byte_table_entry,sequential_payload	497633	1025768	808960	1024768	215808	00426FDB	ignores_return_and_actual_output_size;writes_min_remaining_chunk_prefix	0	0	1	68be5f44bf1b70b51b50e6b362f4be91af0f7453a8f5368e7741b65ed434d440	01317381578c52798c368d369c398af590ca51ad52a14159a791bc04eff190bf	end_marker:1;literal_run_extended:599;literal_run_short:17670;match_10_to_1f_extended:362;match_10_to_1f_short:18816;match_20_to_3f_extended:215;match_20_to_3f_short:23109;match_40_to_ff:79608;trailing_literal_0:90305;trailing_literal_1:14946;trailing_literal_2:11332;trailing_literal_3:5526
580	154	195	surface_grid	0	0xF89EF06	0xF89EF0A	u32_compressed_before_payload,u32_post_payload_record_count	29103	376992	376992	376992	0	00426182	ignores_return_and_actual_output_size	0	0	1	340401cc048c5d87e70555e5a0785668294ec39473b6c4f4b804bb5b90e64f04	340401cc048c5d87e70555e5a0785668294ec39473b6c4f4b804bb5b90e64f04	end_marker:1;literal_run_short:14;match_10_to_1f_extended:12;match_10_to_1f_short:28;match_20_to_3f_extended:1897;match_20_to_3f_short:2204;match_40_to_ff:7074;trailing_literal_0:11178;trailing_literal_1:20;trailing_literal_2:13;trailing_literal_3:3
581	154	195	cm_generation_chunk	0	0xF9776BB	0xF977847	u32_compressed_in_8_byte_table_entry,sequential_payload	782388	1025768	1024768	1024768	0	00426FDB	ignores_return_and_actual_output_size;writes_min_remaining_chunk_prefix	0	0	1	e279001744d8fe90e060e51096358365c8b20abe22f4baa5bc63e6c89a7f4354	e279001744d8fe90e060e51096358365c8b20abe22f4baa5bc63e6c89a7f4354	end_marker:1;literal_run_extended:2250;literal_run_short:35038;match_10_to_1f_extended:415;match_10_to_1f_short:25962;match_20_to_3f_extended:337;match_20_to_3f_short:22451;match_40_to_ff:93169;trailing_literal_0:92477;trailing_literal_1:23765;trailing_literal_2:15257;trailing_literal_3:10834
582	154	195	cm_generation_chunk	1	0xF9776C3	0xFA3687B	u32_compressed_in_8_byte_table_entry,sequential_payload	785073	1025768	1024768	1024768	0	00426FDB	ignores_return_and_actual_output_size;writes_min_remaining_chunk_prefix	0	0	1	aeaaf96d346d82d8c78d37b364c8aae98820e846ab7be6619afdda1d5aae7dc0	aeaaf96d346d82d8c78d37b364c8aae98820e846ab7be6619afdda1d5aae7dc0	end_marker:1;literal_run_extended:2183;literal_run_short:34530;match_10_to_1f_extended:283;match_10_to_1f_short:23841;match_20_to_3f_extended:320;match_20_to_3f_short:22084;match_40_to_ff:100547;trailing_literal_0:94415;trailing_literal_1:25411;trailing_literal_2:15876;trailing_literal_3:11372
583	154	195	cm_generation_chunk	2	0xF9776CB	0xFAF632C	u32_compressed_in_8_byte_table_entry,sequential_payload	769499	1025768	1024768	1024768	0	00426FDB	ignores_return_and_actual_output_size;writes_min_remaining_chunk_prefix	0	0	1	51ad20c6af3a8ee97cdf7574676567dfc4c5c3bd2ee95669433234f4db963075	51ad20c6af3a8ee97cdf7574676567dfc4c5c3bd2ee95669433234f4db963075	end_marker:1;literal_run_extended:1965;literal_run_short:33425;match_10_to_1f_extended:737;match_10_to_1f_short:27089;match_20_to_3f_extended:359;match_20_to_3f_short:23494;match_40_to_ff:94550;trailing_literal_0:94838;trailing_literal_1:24941;trailing_literal_2:15439;trailing_literal_3:11010
584	154	195	cm_generation_chunk	3	0xF9776D3	0xFBB2107	u32_compressed_in_8_byte_table_entry,sequential_payload	786131	1025768	1024768	1024768	0	00426FDB	ignores_return_and_actual_output_size;writes_min_remaining_chunk_prefix	0	0	1	83232d013abf6b04242834ea6409b9a7a361c38201465da2ce8ed1947c89160b	83232d013abf6b04242834ea6409b9a7a361c38201465da2ce8ed1947c89160b	end_marker:1;literal_run_extended:2495;literal_run_short:34305;match_10_to_1f_extended:594;match_10_to_1f_short:24615;match_20_to_3f_extended:365;match_20_to_3f_short:22683;match_40_to_ff:92851;trailing_literal_0:91483;trailing_literal_1:23606;trailing_literal_2:14984;trailing_literal_3:11034
585	154	195	cm_generation_chunk	4	0xF9776DB	0xFC71FDA	u32_compressed_in_8_byte_table_entry,sequential_payload	796914	1025768	1024768	1024768	0	00426FDB	ignores_return_and_actual_output_size;writes_min_remaining_chunk_prefix	0	0	1	1819ad374c3cc3817a6b5746fc260707af049396b75838ea57f389fb804d2bc7	1819ad374c3cc3817a6b5746fc260707af049396b75838ea57f389fb804d2bc7	end_marker:1;literal_run_extended:2514;literal_run_short:35894;match_10_to_1f_extended:205;match_10_to_1f_short:24025;match_20_to_3f_extended:332;match_20_to_3f_short:19897;match_40_to_ff:97960;trailing_literal_0:92337;trailing_literal_1:24008;trailing_literal_2:15055;trailing_literal_3:11018
586	154	195	cm_generation_chunk	5	0xF9776E3	0xFD348CC	u32_compressed_in_8_byte_table_entry,sequential_payload	339253	1025768	444416	1024768	580352	00426FDB	ignores_return_and_actual_output_size;writes_min_remaining_chunk_prefix	0	0	1	201fe5940a0e1f49119fabbe9e40ac04e6e4fd2282afe46eb0cc94a72397f5e3	6a2b6ba4e932cb1bf3176e7c1468d8368a8ce3f119b886f92f9bd2c9800a2cd9	end_marker:1;literal_run_extended:830;literal_run_short:15132;match_10_to_1f_extended:81;match_10_to_1f_short:10166;match_20_to_3f_extended:175;match_20_to_3f_short:10923;match_40_to_ff:41897;trailing_literal_0:40756;trailing_literal_1:10671;trailing_literal_2:6861;trailing_literal_3:4953
587	155	196	surface_grid	0	0xFD89C80	0xFD89C84	u32_compressed_before_payload,u32_post_payload_record_count	890	9600	9600	9600	0	00426182	ignores_return_and_actual_output_size	0	0	1	c3fb6e4bb458003167c70fdc7d2172831b75148cca9301d49d3c094814efc02a	c3fb6e4bb458003167c70fdc7d2172831b75148cca9301d49d3c094814efc02a	end_marker:1;literal_run_short:6;match_10_to_1f_short:1;match_20_to_3f_extended:74;match_20_to_3f_short:101;match_40_to_ff:109;trailing_literal_0:262;trailing_literal_1:19;trailing_literal_2:2;trailing_literal_3:1
588	155	196	cm_generation_chunk	0	0xFD91BC4	0xFD91D50	u32_compressed_in_8_byte_table_entry,sequential_payload	718107	1025768	1024768	1024768	0	00426FDB	ignores_return_and_actual_output_size;writes_min_remaining_chunk_prefix	0	0	1	1e6b35976cdd1f790e97a20063225771a0f686382d8ddd8b68c21e33c625cff4	1e6b35976cdd1f790e97a20063225771a0f686382d8ddd8b68c21e33c625cff4	end_marker:1;literal_run_extended:1552;literal_run_short:27357;match_10_to_1f_extended:110;match_10_to_1f_short:23698;match_20_to_3f_extended:230;match_20_to_3f_short:34800;match_40_to_ff:98996;trailing_literal_0:113694;trailing_literal_1:20428;trailing_literal_2:15942;trailing_literal_3:7769
589	155	196	cm_generation_chunk	1	0xFD91BCC	0xFE4126B	u32_compressed_in_8_byte_table_entry,sequential_payload	198372	1025768	254720	1024768	770048	00426FDB	ignores_return_and_actual_output_size;writes_min_remaining_chunk_prefix	0	0	1	fc5423080fda6e1683c08582485e67be9e1ef3f1bf3f40bad780efd5fef49cef	f3a59acc43e9b1c6a32a5d656091d9ea010a228a720ae0c30b42a941e87c1c37	end_marker:1;literal_run_extended:449;literal_run_short:8202;match_10_to_1f_extended:11;match_10_to_1f_short:6501;match_20_to_3f_extended:5;match_20_to_3f_short:7662;match_40_to_ff:25442;trailing_literal_0:26647;trailing_literal_1:6153;trailing_literal_2:4471;trailing_literal_3:2349
590	156	197	surface_grid	0	0xFE737FE	0xFE73802	u32_compressed_before_payload,u32_post_payload_record_count	791	7600	7600	7600	0	00426182	ignores_return_and_actual_output_size	0	0	1	1b0130b331d441bbd49f00aa80ce3d17803eb2276a0206c029c0e919754d559a	1b0130b331d441bbd49f00aa80ce3d17803eb2276a0206c029c0e919754d559a	end_marker:1;literal_run_short:4;match_10_to_1f_short:1;match_20_to_3f_extended:69;match_20_to_3f_short:69;match_40_to_ff:123;trailing_literal_0:239;trailing_literal_1:16;trailing_literal_2:3;trailing_literal_3:3
591	156	197	cm_generation_chunk	0	0xFE7AB54	0xFE7ACE0	u32_compressed_in_8_byte_table_entry,sequential_payload	235801	1025768	328704	1024768	696064	00426FDB	ignores_return_and_actual_output_size;writes_min_remaining_chunk_prefix	0	0	1	f583e57939bf50783651a618339702542f88d6d020371cc8a3042573f35e7a75	85b6f86ba40da73d9385044fb377871440785339ca5292886cd48bfe3bf41860	end_marker:1;literal_run_extended:845;literal_run_short:8596;match_10_to_1f_extended:101;match_10_to_1f_short:5677;match_20_to_3f_extended:50;match_20_to_3f_short:11681;match_40_to_ff:29859;trailing_literal_0:34155;trailing_literal_1:6333;trailing_literal_2:4598;trailing_literal_3:2281
592	157	198	surface_grid	0	0xFEB86F8	0xFEB86FC	u32_compressed_before_payload,u32_post_payload_record_count	826	16384	16384	16384	0	00426182	ignores_return_and_actual_output_size	0	0	1	0bea4c30beb15124b0ac8dd73e6e47d887859d83c895f0089a275f203fb3ca76	0bea4c30beb15124b0ac8dd73e6e47d887859d83c895f0089a275f203fb3ca76	end_marker:1;literal_run_short:5;match_10_to_1f_short:1;match_20_to_3f_extended:115;match_20_to_3f_short:33;match_40_to_ff:103;trailing_literal_0:247;trailing_literal_1:4
593	157	198	cm_generation_chunk	0	0xFEBDD3D	0xFEBDEC9	u32_compressed_in_8_byte_table_entry,sequential_payload	875136	1025768	1024768	1024768	0	00426FDB	ignores_return_and_actual_output_size;writes_min_remaining_chunk_prefix	0	0	1	4a1ade04cc8e3ce44ec138f1e43bf71c36d907e28f28de783358b8b47e3ab8c1	4a1ade04cc8e3ce44ec138f1e43bf71c36d907e28f28de783358b8b47e3ab8c1	end_marker:1;literal_run_extended:4489;literal_run_short:37305;match_10_to_1f_extended:14;match_10_to_1f_short:26710;match_20_to_3f_extended:2;match_20_to_3f_short:24955;match_40_to_ff:80448;trailing_literal_0:87310;trailing_literal_1:21517;trailing_literal_2:14175;trailing_literal_3:9126
594	157	198	cm_generation_chunk	1	0xFEBDD45	0xFF93949	u32_compressed_in_8_byte_table_entry,sequential_payload	879922	1025768	1024768	1024768	0	00426FDB	ignores_return_and_actual_output_size;writes_min_remaining_chunk_prefix	0	0	1	ad6137976d01c740a411370d7f4f05748e71e72ece23d6af798b7d61ccf9e1c9	ad6137976d01c740a411370d7f4f05748e71e72ece23d6af798b7d61ccf9e1c9	end_marker:1;literal_run_extended:4434;literal_run_short:40433;match_10_to_1f_extended:13;match_10_to_1f_short:23222;match_20_to_3f_extended:2;match_20_to_3f_short:16213;match_40_to_ff:92865;trailing_literal_0:83568;trailing_literal_1:25158;trailing_literal_2:12590;trailing_literal_3:10998
595	157	198	cm_generation_chunk	2	0xFEBDD4D	0x1006A67B	u32_compressed_in_8_byte_table_entry,sequential_payload	48173	1025768	48128	1024768	976640	00426FDB	ignores_return_and_actual_output_size;writes_min_remaining_chunk_prefix	0	0	1	611b46aad7bea8c42393868072a5ac6b5a7c28b5e2964269f6124c3195b3a697	17fe15e0f88c10e97400811ab63d3360622d996f6f51d6b78e006956458d91bc	end_marker:1;literal_run_extended:416;literal_run_short:1803;match_10_to_1f_short:503;match_20_to_3f_extended:1;match_20_to_3f_short:412;match_40_to_ff:3883;trailing_literal_0:3125;trailing_literal_1:883;trailing_literal_2:370;trailing_literal_3:420
596	158	3	surface_grid	0	0x10077667	0x1007766B	u32_compressed_before_payload,u32_post_payload_record_count	57	4800	4800	4800	0	00426182	ignores_return_and_actual_output_size	0	0	1	d7a7e22257b727a8c2d9547a5b9e97e8e874775112124a02e1342621c917a152	d7a7e22257b727a8c2d9547a5b9e97e8e874775112124a02e1342621c917a152	end_marker:1;literal_run_short:1;match_10_to_1f_short:1;match_20_to_3f_extended:5;match_20_to_3f_short:1;match_40_to_ff:3;trailing_literal_0:9
597	158	3	cm_generation_chunk	0	0x100776D4	0x10077860	u32_compressed_in_8_byte_table_entry,sequential_payload	407274	1025768	614912	1024768	409856	00426FDB	ignores_return_and_actual_output_size;writes_min_remaining_chunk_prefix	0	0	1	5b10f5b3c907bfd7332cf3c1e6bf26809ceaf1cfebe2b2f4e4728f27043851c9	0beeb464809a04384e33027ab19a167bfafc5359300b652ceb95ccbfdb6c57bd	end_marker:1;literal_run_extended:295;literal_run_short:11776;match_10_to_1f_extended:55;match_10_to_1f_short:17651;match_20_to_3f_extended:17;match_20_to_3f_short:15886;match_40_to_ff:78316;trailing_literal_0:80999;trailing_literal_1:16881;trailing_literal_2:9176;trailing_literal_3:4868
598	159	6	surface_grid	0	0x100DC307	0x100DC30B	u32_compressed_before_payload,u32_post_payload_record_count	806	4800	4800	4800	0	00426182	ignores_return_and_actual_output_size	0	0	1	378a948ce065c1e4d802b7700645b150e1cb0a6275d0d9b1f3675134667f5174	378a948ce065c1e4d802b7700645b150e1cb0a6275d0d9b1f3675134667f5174	end_marker:1;literal_run_short:5;match_10_to_1f_short:1;match_20_to_3f_extended:30;match_20_to_3f_short:108;match_40_to_ff:162;trailing_literal_0:296;trailing_literal_1:4
599	159	6	cm_generation_chunk	0	0x100DCA0C	0x100DCB98	u32_compressed_in_8_byte_table_entry,sequential_payload	374261	1025768	614912	1024768	409856	00426FDB	ignores_return_and_actual_output_size;writes_min_remaining_chunk_prefix	0	0	1	b8b895a8edbcfd94bed44a33f2c58779db455c2137546be41fe526e742b05630	48f3cb1ef05532d7b0fe30c708d1bbba71ace7f2891b303f8e960021edaf005d	end_marker:1;literal_run_extended:569;literal_run_short:10712;match_10_to_1f_extended:48;match_10_to_1f_short:6281;match_20_to_3f_extended:56;match_20_to_3f_short:15548;match_40_to_ff:81059;trailing_literal_0:77494;trailing_literal_1:13668;trailing_literal_2:7633;trailing_literal_3:4196
600	160	61	surface_grid	0	0x1015A4F0	0x1015A4F4	u32_compressed_before_payload,u32_post_payload_record_count	22195	139876	139876	139876	0	00426182	ignores_return_and_actual_output_size	0	0	1	e97b520c34d916b0f69ada5e74f5ee7508255abd954a0e6958d79d89fd1a3b72	e97b520c34d916b0f69ada5e74f5ee7508255abd954a0e6958d79d89fd1a3b72	end_marker:1;literal_run_short:7;match_10_to_1f_extended:6;match_10_to_1f_short:26;match_20_to_3f_extended:873;match_20_to_3f_short:2686;match_40_to_ff:5219;trailing_literal_0:8771;trailing_literal_1:22;trailing_literal_2:13;trailing_literal_3:3
601	160	61	cm_generation_chunk	0	0x101A4BB0	0x101A4D3C	u32_compressed_in_8_byte_table_entry,sequential_payload	719119	1025768	1024768	1024768	0	00426FDB	ignores_return_and_actual_output_size;writes_min_remaining_chunk_prefix	0	0	1	62b5380da216088c334e8ae24faa921ba7d28ce881ee014cbee97a2ef14a2cd6	62b5380da216088c334e8ae24faa921ba7d28ce881ee014cbee97a2ef14a2cd6	end_marker:1;literal_run_extended:3415;literal_run_short:23267;match_10_to_1f_extended:793;match_10_to_1f_short:23872;match_20_to_3f_extended:740;match_20_to_3f_short:32778;match_40_to_ff:66370;trailing_literal_0:93163;trailing_literal_1:16437;trailing_literal_2:8717;trailing_literal_3:6235
602	160	61	cm_generation_chunk	1	0x101A4BB8	0x1025464B	u32_compressed_in_8_byte_table_entry,sequential_payload	762713	1025768	1024768	1024768	0	00426FDB	ignores_return_and_actual_output_size;writes_min_remaining_chunk_prefix	0	0	1	f40eba1360ab573fdaed443bcad9faebbaac2edb01c720a727ce137761ddab74	f40eba1360ab573fdaed443bcad9faebbaac2edb01c720a727ce137761ddab74	end_marker:1;literal_run_extended:2646;literal_run_short:26462;match_10_to_1f_extended:118;match_10_to_1f_short:28811;match_20_to_3f_extended:218;match_20_to_3f_short:41638;match_40_to_ff:73698;trailing_literal_0:103901;trailing_literal_1:21062;trailing_literal_2:11571;trailing_literal_3:7948
603	160	61	cm_generation_chunk	2	0x101A4BC0	0x1030E9A4	u32_compressed_in_8_byte_table_entry,sequential_payload	735761	1025768	1024768	1024768	0	00426FDB	ignores_return_and_actual_output_size;writes_min_remaining_chunk_prefix	0	0	1	ba1ff3c02e0339b05f5e1e3883964e91fb0f9d99cf6f437f5345fc04aefa0e24	ba1ff3c02e0339b05f5e1e3883964e91fb0f9d99cf6f437f5345fc04aefa0e24	end_marker:1;literal_run_extended:2440;literal_run_short:25951;match_10_to_1f_extended:160;match_10_to_1f_short:27231;match_20_to_3f_extended:539;match_20_to_3f_short:41246;match_40_to_ff:70770;trailing_literal_0:100736;trailing_literal_1:20596;trailing_literal_2:10954;trailing_literal_3:7659
604	160	61	cm_generation_chunk	3	0x101A4BC8	0x103C23B5	u32_compressed_in_8_byte_table_entry,sequential_payload	749803	1025768	1024768	1024768	0	00426FDB	ignores_return_and_actual_output_size;writes_min_remaining_chunk_prefix	0	0	1	beaacea34598b094b2d184964d55cd948e222696b5f9051710de15431022aede	beaacea34598b094b2d184964d55cd948e222696b5f9051710de15431022aede	end_marker:1;literal_run_extended:2609;literal_run_short:25867;match_10_to_1f_extended:715;match_10_to_1f_short:28013;match_20_to_3f_extended:291;match_20_to_3f_short:41940;match_40_to_ff:73367;trailing_literal_0:105715;trailing_literal_1:20207;trailing_literal_2:10902;trailing_literal_3:7501
605	160	61	cm_generation_chunk	4	0x101A4BD0	0x104794A0	u32_compressed_in_8_byte_table_entry,sequential_payload	738849	1025768	1020160	1024768	4608	00426FDB	ignores_return_and_actual_output_size;writes_min_remaining_chunk_prefix	0	0	1	4422aced716fe5d2164bb71c074a2606f8b0dbb0065896fed04be404970dbc89	a9ff4d0632e0b99cebb5ff13229405af9f0dd18b52591dccdc57298ab93944da	end_marker:1;literal_run_extended:2528;literal_run_short:25682;match_10_to_1f_extended:502;match_10_to_1f_short:24449;match_20_to_3f_extended:235;match_20_to_3f_short:45383;match_40_to_ff:69659;trailing_literal_0:100406;trailing_literal_1:19795;trailing_literal_2:12043;trailing_literal_3:7983
606	161	119	surface_grid	0	0x105316CE	0x105316D2	u32_compressed_before_payload,u32_post_payload_record_count	141	15120	15120	15120	0	00426182	ignores_return_and_actual_output_size	0	0	1	adc84512753913f26ab5354d4caab7b07b656db0f3ea814217c85d33cb81474c	adc84512753913f26ab5354d4caab7b07b656db0f3ea814217c85d33cb81474c	end_marker:1;literal_run_short:1;match_10_to_1f_short:1;match_20_to_3f_extended:11;match_20_to_3f_short:1;match_40_to_ff:11;trailing_literal_0:18;trailing_literal_1:3;trailing_literal_2:1;trailing_literal_3:1
607	161	119	indexed_object	0	0x105317AE	0x105317C8	u32_capacity_at_+0x12,u32_compressed_at_+0x16,payload_at_+0x1A	166001	1077130	1077130	1077130	0	0042660E	ignores_return;passes_actual_output_size_to_00401B70	0	0	1	5183f508be6dc839f2199e89d19f301696fb1ee2f2d62edd5c8a945a40a30e0d	5183f508be6dc839f2199e89d19f301696fb1ee2f2d62edd5c8a945a40a30e0d	end_marker:1;literal_run_extended:1;literal_run_short:71;match_10_to_1f_extended:173;match_10_to_1f_short:850;match_20_to_3f_extended:5074;match_20_to_3f_short:26140;match_40_to_ff:30517;trailing_literal_0:61282;trailing_literal_1:1067;trailing_literal_2:303;trailing_literal_3:101
608	161	119	indexed_object	1	0x1055A039	0x1055A053	u32_capacity_at_+0x12,u32_compressed_at_+0x16,payload_at_+0x1A	81528	366304	366304	366304	0	0042660E	ignores_return;passes_actual_output_size_to_00401B70	0	0	1	cea7f34b4771af8aee07087f0b9fab7931bd00400c01fd9f3bc9ab96cea88589	cea7f34b4771af8aee07087f0b9fab7931bd00400c01fd9f3bc9ab96cea88589	end_marker:1;literal_run_extended:2;literal_run_short:274;match_10_to_1f_extended:112;match_10_to_1f_short:543;match_20_to_3f_extended:1539;match_20_to_3f_short:12903;match_40_to_ff:15297;trailing_literal_0:29134;trailing_literal_1:821;trailing_literal_2:295;trailing_literal_3:143
609	161	119	indexed_object	2	0x1056DECB	0x1056DEE5	u32_capacity_at_+0x12,u32_compressed_at_+0x16,payload_at_+0x1A	14483	107722	107722	107722	0	0042660E	ignores_return;passes_actual_output_size_to_00401B70	0	0	1	e0e1685d8497ded7e984f9a3a867ec95f14b117dcebc04f1c2633443f5242d9f	e0e1685d8497ded7e984f9a3a867ec95f14b117dcebc04f1c2633443f5242d9f	end_marker:1;literal_run_short:8;match_10_to_1f_extended:9;match_10_to_1f_short:25;match_20_to_3f_extended:660;match_20_to_3f_short:2237;match_40_to_ff:2378;trailing_literal_0:5184;trailing_literal_1:80;trailing_literal_2:36;trailing_literal_3:8
610	161	119	indexed_object	3	0x10571778	0x10571792	u32_capacity_at_+0x12,u32_compressed_at_+0x16,payload_at_+0x1A	26473	161578	161578	161578	0	0042660E	ignores_return;passes_actual_output_size_to_00401B70	0	0	1	632714ef99afc97df1f40f7891292c2f71f5920717c330cc7bc0b40282f5778d	632714ef99afc97df1f40f7891292c2f71f5920717c330cc7bc0b40282f5778d	end_marker:1;literal_run_short:20;match_10_to_1f_extended:25;match_10_to_1f_short:63;match_20_to_3f_extended:798;match_20_to_3f_short:4396;match_40_to_ff:4593;trailing_literal_0:9581;trailing_literal_1:173;trailing_literal_2:96;trailing_literal_3:24
611	161	119	cm_generation_chunk	0	0x10577F1B	0x105780A7	u32_compressed_in_8_byte_table_entry,sequential_payload	175475	1025768	753664	1024768	271104	00426FDB	ignores_return_and_actual_output_size;writes_min_remaining_chunk_prefix	0	0	1	fee727503f0e30b29149fbd3b6e59b5be01d62db2b1f59f7151ad02bf8e33f83	5716af284f2d9292d92929ad3426cb1fcfceaf6bdd41766581adc78334b11908	end_marker:1;literal_run_short:87;match_10_to_1f_extended:402;match_10_to_1f_short:1256;match_20_to_3f_extended:2450;match_20_to_3f_short:25398;match_40_to_ff:39238;trailing_literal_0:65767;trailing_literal_1:2133;trailing_literal_2:631;trailing_literal_3:212
612	162	199	surface_grid	0	0x105AA2B7	0x105AA2BB	u32_compressed_before_payload,u32_post_payload_record_count	1658	29600	29600	29600	0	00426182	ignores_return_and_actual_output_size	0	0	1	d6a167d5d93e779b4a5e6ca9a4b6a3ca0dc1e7fd002451bf9cee12b064c3c1e5	d6a167d5d93e779b4a5e6ca9a4b6a3ca0dc1e7fd002451bf9cee12b064c3c1e5	end_marker:1;literal_run_short:12;match_10_to_1f_extended:1;match_10_to_1f_short:2;match_20_to_3f_extended:75;match_20_to_3f_short:227;match_40_to_ff:259;trailing_literal_0:552;trailing_literal_1:8;trailing_literal_2:2;trailing_literal_3:1
613	162	199	cm_generation_chunk	0	0x105EB336	0x105EB4C2	u32_compressed_in_8_byte_table_entry,sequential_payload	600193	1025768	1024768	1024768	0	00426FDB	ignores_return_and_actual_output_size;writes_min_remaining_chunk_prefix	0	0	1	daae30d20490345cb5d8f551a9b9384e85f71cf1f6d86404bfe85e2ff6bc7b2a	daae30d20490345cb5d8f551a9b9384e85f71cf1f6d86404bfe85e2ff6bc7b2a	end_marker:1;literal_run_extended:1256;literal_run_short:14399;match_10_to_1f_extended:159;match_10_to_1f_short:17394;match_20_to_3f_extended:128;match_20_to_3f_short:31463;match_40_to_ff:117879;trailing_literal_0:131946;trailing_literal_1:17803;trailing_literal_2:12306;trailing_literal_3:4967
614	162	199	cm_generation_chunk	1	0x105EB33E	0x1067DD43	u32_compressed_in_8_byte_table_entry,sequential_payload	284331	1025768	1024768	1024768	0	00426FDB	ignores_return_and_actual_output_size;writes_min_remaining_chunk_prefix	0	0	1	29b09b05d85fbdbb08fbe387a9dc80b4fdb23e576367d2f89e436da465f632b9	29b09b05d85fbdbb08fbe387a9dc80b4fdb23e576367d2f89e436da465f632b9	end_marker:1;literal_run_extended:505;literal_run_short:3119;match_10_to_1f_extended:179;match_10_to_1f_short:1919;match_20_to_3f_extended:2447;match_20_to_3f_short:26016;match_40_to_ff:64436;trailing_literal_0:86431;trailing_literal_1:4706;trailing_literal_2:2757;trailing_literal_3:1102
615	162	199	cm_generation_chunk	2	0x105EB346	0x106C33EE	u32_compressed_in_8_byte_table_entry,sequential_payload	617492	1025768	1024768	1024768	0	00426FDB	ignores_return_and_actual_output_size;writes_min_remaining_chunk_prefix	0	0	1	9091200caa9786c82018496da311e987073d3ef4d3cbeb6613079faf7ee99a90	9091200caa9786c82018496da311e987073d3ef4d3cbeb6613079faf7ee99a90	end_marker:1;literal_run_extended:2314;literal_run_short:15436;match_10_to_1f_extended:41;match_10_to_1f_short:10986;match_20_to_3f_extended:423;match_20_to_3f_short:25904;match_40_to_ff:120631;trailing_literal_0:132348;trailing_literal_1:12227;trailing_literal_2:9497;trailing_literal_3:3912
616	162	199	cm_generation_chunk	3	0x105EB34E	0x1075A002	u32_compressed_in_8_byte_table_entry,sequential_payload	188193	1025768	306944	1024768	717824	00426FDB	ignores_return_and_actual_output_size;writes_min_remaining_chunk_prefix	0	0	1	a2cb42f6c29ad160132946726db6c6a5381302a331ced4450dc10379f185f8eb	2ff33324535c7869d0ce347ca645cf8223b430b13a19743f43adf122ee207bb6	end_marker:1;literal_run_extended:245;literal_run_short:4319;match_10_to_1f_extended:6;match_10_to_1f_short:4278;match_20_to_3f_extended:19;match_20_to_3f_short:9392;match_40_to_ff:42981;trailing_literal_0:46230;trailing_literal_1:5288;trailing_literal_2:3697;trailing_literal_3:1460
617	163	201	surface_grid	0	0x107892DF	0x107892E3	u32_compressed_before_payload,u32_post_payload_record_count	554	4800	4800	4800	0	00426182	ignores_return_and_actual_output_size	0	0	1	fc62e125f65bb4cf168a3b46abb7d740d990805400ab373d8cdc0cb0dc9dc730	fc62e125f65bb4cf168a3b46abb7d740d990805400ab373d8cdc0cb0dc9dc730	end_marker:1;literal_run_short:2;match_10_to_1f_short:1;match_20_to_3f_extended:24;match_20_to_3f_short:47;match_40_to_ff:137;trailing_literal_0:191;trailing_literal_1:14;trailing_literal_2:3
618	163	201	cm_generation_chunk	0	0x10790143	0x107902CF	u32_compressed_in_8_byte_table_entry,sequential_payload	232575	1025768	382976	1024768	641792	00426FDB	ignores_return_and_actual_output_size;writes_min_remaining_chunk_prefix	0	0	1	0d5a16b4f2ba0e1619caa2d41f315732c30a65a87ca07ed88901865b9530f75d	ffd48f0bb608fe3c8d883b63c7668f1144de27d1d6f368a0345f16db25cf84c9	end_marker:1;literal_run_extended:444;literal_run_short:7405;match_10_to_1f_extended:99;match_10_to_1f_short:6827;match_20_to_3f_extended:107;match_20_to_3f_short:10988;match_40_to_ff:39237;trailing_literal_0:42847;trailing_literal_1:7373;trailing_literal_2:4653;trailing_literal_3:2384
619	164	202	surface_grid	0	0x107CA30A	0x107CA30E	u32_compressed_before_payload,u32_post_payload_record_count	445	4800	4800	4800	0	00426182	ignores_return_and_actual_output_size	0	0	1	760aec32d4152837c7b562049ad5cb98f333e13609be0982359a9c594113723f	760aec32d4152837c7b562049ad5cb98f333e13609be0982359a9c594113723f	end_marker:1;literal_run_short:2;match_10_to_1f_short:1;match_20_to_3f_extended:26;match_20_to_3f_short:46;match_40_to_ff:82;trailing_literal_0:140;trailing_literal_1:12;trailing_literal_2:2
620	164	202	cm_generation_chunk	0	0x107CF2B0	0x107CF43C	u32_compressed_in_8_byte_table_entry,sequential_payload	194469	1025768	316928	1024768	707840	00426FDB	ignores_return_and_actual_output_size;writes_min_remaining_chunk_prefix	0	0	1	10bac87c6b9b8abd75c3471db696786e89e7782d84f78f279000c80d3ada510a	012bfee3c223adeb2468754e6faf85407c949a2e1c16f77bb1effaf790d0c25e	end_marker:1;literal_run_extended:318;literal_run_short:6585;match_10_to_1f_extended:74;match_10_to_1f_short:4805;match_20_to_3f_extended:115;match_20_to_3f_short:10861;match_40_to_ff:30922;trailing_literal_0:34543;trailing_literal_1:6111;trailing_literal_2:4059;trailing_literal_3:2063
621	165	203	surface_grid	0	0x107FFF9D	0x107FFFA1	u32_compressed_before_payload,u32_post_payload_record_count	503	4800	4800	4800	0	00426182	ignores_return_and_actual_output_size	0	0	1	0bf6d7b45084863939ab599a940ec3956ae8867374d689748c26ea8f2e384f04	0bf6d7b45084863939ab599a940ec3956ae8867374d689748c26ea8f2e384f04	end_marker:1;literal_run_short:3;match_10_to_1f_short:1;match_20_to_3f_extended:23;match_20_to_3f_short:54;match_40_to_ff:102;trailing_literal_0:169;trailing_literal_1:6;trailing_literal_2:1;trailing_literal_3:3
622	165	203	cm_generation_chunk	0	0x10806EF5	0x10807081	u32_compressed_in_8_byte_table_entry,sequential_payload	211869	1025768	329216	1024768	695552	00426FDB	ignores_return_and_actual_output_size;writes_min_remaining_chunk_prefix	0	0	1	974aa84cca9fd2d100d1767403a53d7deed48e4545ae848853ee59d08352f094	2959d8b405f38bbb74aaba4a3298833c7534a225d8a02c05641a38056ccc3df7	end_marker:1;literal_run_extended:423;literal_run_short:7652;match_10_to_1f_extended:64;match_10_to_1f_short:5058;match_20_to_3f_extended:111;match_20_to_3f_short:10903;match_40_to_ff:31775;trailing_literal_0:34429;trailing_literal_1:6558;trailing_literal_2:4491;trailing_literal_3:2432
623	166	204	surface_grid	0	0x1083BFDA	0x1083BFDE	u32_compressed_before_payload,u32_post_payload_record_count	518	4800	4800	4800	0	00426182	ignores_return_and_actual_output_size	0	0	1	c0ffdfb72904d2e306d12465a6804abc00d29c53e907b068b9163ab5b333c9f6	c0ffdfb72904d2e306d12465a6804abc00d29c53e907b068b9163ab5b333c9f6	end_marker:1;literal_run_short:2;match_10_to_1f_short:1;match_20_to_3f_extended:26;match_20_to_3f_short:56;match_40_to_ff:103;trailing_literal_0:173;trailing_literal_1:8;trailing_literal_2:2;trailing_literal_3:2
624	166	204	cm_generation_chunk	0	0x1084016F	0x108402FB	u32_compressed_in_8_byte_table_entry,sequential_payload	209608	1025768	334848	1024768	689920	00426FDB	ignores_return_and_actual_output_size;writes_min_remaining_chunk_prefix	0	0	1	0727defaa8b31c1f0a5eef3a69183f2aaea72d634fdfe142a2c3d8dfb9b408a4	4dd69b036ac082d8b1f198cd0c112a2978c0b089f7f0b5a98972184bb5bcce03	end_marker:1;literal_run_extended:385;literal_run_short:7014;match_10_to_1f_extended:90;match_10_to_1f_short:5002;match_20_to_3f_extended:113;match_20_to_3f_short:11536;match_40_to_ff:32990;trailing_literal_0:36232;trailing_literal_1:6741;trailing_literal_2:4445;trailing_literal_3:2312
625	167	205	surface_grid	0	0x1087497F	0x10874983	u32_compressed_before_payload,u32_post_payload_record_count	495	4800	4800	4800	0	00426182	ignores_return_and_actual_output_size	0	0	1	afbf316578871bc525a22c2ac153965643294c2412c4ad4a75c6321b5de4d955	afbf316578871bc525a22c2ac153965643294c2412c4ad4a75c6321b5de4d955	end_marker:1;literal_run_short:1;match_10_to_1f_short:1;match_20_to_3f_extended:23;match_20_to_3f_short:51;match_40_to_ff:105;trailing_literal_0:164;trailing_literal_1:10;trailing_literal_2:3;trailing_literal_3:2
626	167	205	cm_generation_chunk	0	0x1087CAE9	0x1087CC75	u32_compressed_in_8_byte_table_entry,sequential_payload	198311	1025768	324608	1024768	700160	00426FDB	ignores_return_and_actual_output_size;writes_min_remaining_chunk_prefix	0	0	1	41c0c68c09d2fed1c7efe1383b2ceaac995b52561a497cbfcfdae58bcc259143	17cb87cd3b325752e9b302bdb0f8f51d728d691355cc8faa21821a4c9b561ab4	end_marker:1;literal_run_extended:340;literal_run_short:6832;match_10_to_1f_extended:59;match_10_to_1f_short:4917;match_20_to_3f_extended:147;match_20_to_3f_short:10507;match_40_to_ff:31057;trailing_literal_0:34107;trailing_literal_1:6156;trailing_literal_2:4196;trailing_literal_3:2227
627	168	206	surface_grid	0	0x108AE6D8	0x108AE6DC	u32_compressed_before_payload,u32_post_payload_record_count	599	4800	4800	4800	0	00426182	ignores_return_and_actual_output_size	0	0	1	38f92dfff90107491dac426b6d45f8f781d41df55c619b075ee18943d5104acb	38f92dfff90107491dac426b6d45f8f781d41df55c619b075ee18943d5104acb	end_marker:1;literal_run_short:2;match_10_to_1f_short:1;match_20_to_3f_extended:26;match_20_to_3f_short:54;match_40_to_ff:146;trailing_literal_0:212;trailing_literal_1:9;trailing_literal_2:5
628	168	206	cm_generation_chunk	0	0x108B30A0	0x108B322C	u32_compressed_in_8_byte_table_entry,sequential_payload	211070	1025768	329216	1024768	695552	00426FDB	ignores_return_and_actual_output_size;writes_min_remaining_chunk_prefix	0	0	1	d27ea0d059f36cfaa8536dc210f8d783175c6f02f7bf97e2ee13847cd597d143	9a717e8778d26dd89216a13aea147e4632fa8a2dcfa68d761e813bd46f0589ae	end_marker:1;literal_run_extended:450;literal_run_short:7321;match_10_to_1f_extended:39;match_10_to_1f_short:4814;match_20_to_3f_extended:121;match_20_to_3f_short:11108;match_40_to_ff:32211;trailing_literal_0:34811;trailing_literal_1:6684;trailing_literal_2:4485;trailing_literal_3:2312
629	169	207	surface_grid	0	0x108E7E6D	0x108E7E71	u32_compressed_before_payload,u32_post_payload_record_count	866	4800	4800	4800	0	00426182	ignores_return_and_actual_output_size	0	0	1	ea2faa95be4abce5bf7c0a34501e6702db91392b9a63781045d39388c4dc3e87	ea2faa95be4abce5bf7c0a34501e6702db91392b9a63781045d39388c4dc3e87	end_marker:1;literal_run_short:3;match_10_to_1f_short:1;match_20_to_3f_extended:22;match_20_to_3f_short:93;match_40_to_ff:225;trailing_literal_0:320;trailing_literal_1:16;trailing_literal_2:2;trailing_literal_3:2
630	169	207	cm_generation_chunk	0	0x108EE437	0x108EE5C3	u32_compressed_in_8_byte_table_entry,sequential_payload	242733	1025768	348160	1024768	676608	00426FDB	ignores_return_and_actual_output_size;writes_min_remaining_chunk_prefix	0	0	1	ab9f513dffcada20d17b04b661e436487a23e1b96fd48f406b1d539112157b07	15902b679a250911c626d704ea40ba96768f74faaf2f589de66ae617151f0e2c	end_marker:1;literal_run_extended:1072;literal_run_short:9355;match_10_to_1f_extended:109;match_10_to_1f_short:6311;match_20_to_3f_extended:94;match_20_to_3f_short:8645;match_40_to_ff:28700;trailing_literal_0:31077;trailing_literal_1:6004;trailing_literal_2:4363;trailing_literal_3:2414
631	170	208	surface_grid	0	0x1092B4D3	0x1092B4D7	u32_compressed_before_payload,u32_post_payload_record_count	1163	6624	6624	6624	0	00426182	ignores_return_and_actual_output_size	0	0	1	9b1942266972d3b0bb5a2d0192a7d2735660e2254a673383da32bdcddd1e1b06	9b1942266972d3b0bb5a2d0192a7d2735660e2254a673383da32bdcddd1e1b06	end_marker:1;literal_run_short:2;match_10_to_1f_short:1;match_20_to_3f_extended:28;match_20_to_3f_short:109;match_40_to_ff:339;trailing_literal_0:456;trailing_literal_1:15;trailing_literal_2:4;trailing_literal_3:1
632	170	208	cm_generation_chunk	0	0x1094BCCD	0x1094BE59	u32_compressed_in_8_byte_table_entry,sequential_payload	327091	1025768	488448	1024768	536320	00426FDB	ignores_return_and_actual_output_size;writes_min_remaining_chunk_prefix	0	0	1	e7cd0c550c7725a664af86112e1fc3399b1ead150545f34c7d03d0008f6bb0c3	7fa95d80962433fe8717f185d28008035623cd22360baa71ff16296143ee0136	end_marker:1;literal_run_extended:986;literal_run_short:11718;match_10_to_1f_extended:216;match_10_to_1f_short:11306;match_20_to_3f_extended:122;match_20_to_3f_short:14429;match_40_to_ff:42813;trailing_literal_0:49281;trailing_literal_1:8942;trailing_literal_2:7358;trailing_literal_3:3304
633	171	209	surface_grid	0	0x1099CFCB	0x1099CFCF	u32_compressed_before_payload,u32_post_payload_record_count	485	4800	4800	4800	0	00426182	ignores_return_and_actual_output_size	0	0	1	8d679677d350c7c47d9135968ca62532e3016863740efca1ba3745f2975f9f43	8d679677d350c7c47d9135968ca62532e3016863740efca1ba3745f2975f9f43	end_marker:1;literal_run_short:3;match_10_to_1f_short:1;match_20_to_3f_extended:33;match_20_to_3f_short:47;match_40_to_ff:86;trailing_literal_0:155;trailing_literal_1:9;trailing_literal_2:2
634	171	209	cm_generation_chunk	0	0x109A5A66	0x109A5BF2	u32_compressed_in_8_byte_table_entry,sequential_payload	215990	1025768	332288	1024768	692480	00426FDB	ignores_return_and_actual_output_size;writes_min_remaining_chunk_prefix	0	0	1	6d17772be5c29a771b8781aaf9518f2993c3abab1c6ce58544821abce8a96ab2	0331739597019fe80e8855c5b5a8d22b97d479a61ef5ec5565eea0c0ce8f84b2	end_marker:1;literal_run_extended:631;literal_run_short:8000;match_10_to_1f_extended:53;match_10_to_1f_short:4289;match_20_to_3f_extended:113;match_20_to_3f_short:10258;match_40_to_ff:30441;trailing_literal_0:32328;trailing_literal_1:6520;trailing_literal_2:3932;trailing_literal_3:2373
635	172	213	surface_grid	0	0x109DDEE5	0x109DDEE9	u32_compressed_before_payload,u32_post_payload_record_count	683	13888	13888	13888	0	00426182	ignores_return_and_actual_output_size	0	0	1	84777d58351a6ec64643a5d293c8c4bbf39d9e0950b39044a0b56f44ded5ab4f	84777d58351a6ec64643a5d293c8c4bbf39d9e0950b39044a0b56f44ded5ab4f	end_marker:1;literal_run_short:4;match_10_to_1f_short:1;match_20_to_3f_extended:66;match_20_to_3f_short:66;match_40_to_ff:84;trailing_literal_0:211;trailing_literal_1:5
636	172	213	cm_generation_chunk	0	0x109DE213	0x109DE39F	u32_compressed_in_8_byte_table_entry,sequential_payload	590068	1025768	1024768	1024768	0	00426FDB	ignores_return_and_actual_output_size;writes_min_remaining_chunk_prefix	0	0	1	7d1f57ccd0c403c1422d0bb3c7850ba3d32073f1e33da7e67fe45d3b690796c1	7d1f57ccd0c403c1422d0bb3c7850ba3d32073f1e33da7e67fe45d3b690796c1	end_marker:1;literal_run_extended:484;literal_run_short:13738;match_10_to_1f_extended:211;match_10_to_1f_short:25068;match_20_to_3f_extended:56;match_20_to_3f_short:23995;match_40_to_ff:130443;trailing_literal_0:140890;trailing_literal_1:20390;trailing_literal_2:12744;trailing_literal_3:5748
637	172	213	cm_generation_chunk	1	0x109DE21B	0x10A6E493	u32_compressed_in_8_byte_table_entry,sequential_payload	522148	1025768	753408	1024768	271360	00426FDB	ignores_return_and_actual_output_size;writes_min_remaining_chunk_prefix	0	0	1	3a856c3023f86c41c486b55bca36275e465c4b06e62a1c8a8409b6af94c4b2dd	266f2eb19da74ce01f21807edd9a7f434e7db3ff8a83053c46fa6e16b44b0e51	end_marker:1;literal_run_extended:899;literal_run_short:16089;match_10_to_1f_extended:33;match_10_to_1f_short:22492;match_20_to_3f_extended:1;match_20_to_3f_short:14862;match_40_to_ff:95934;trailing_literal_0:94703;trailing_literal_1:19413;trailing_literal_2:13065;trailing_literal_3:6140
638	173	217	surface_grid	0	0x10AEEFF9	0x10AEEFFD	u32_compressed_before_payload,u32_post_payload_record_count	576	4800	4800	4800	0	00426182	ignores_return_and_actual_output_size	0	0	1	63bbab8039744a50e0e89c7afd6223d2afd6af8e866ba3bad595b54e48dbbc48	63bbab8039744a50e0e89c7afd6223d2afd6af8e866ba3bad595b54e48dbbc48	end_marker:1;literal_run_short:2;match_10_to_1f_short:1;match_20_to_3f_extended:28;match_20_to_3f_short:52;match_40_to_ff:132;trailing_literal_0:197;trailing_literal_1:12;trailing_literal_2:1;trailing_literal_3:2
639	173	217	cm_generation_chunk	0	0x10AF478B	0x10AF4917	u32_compressed_in_8_byte_table_entry,sequential_payload	191655	1025768	327168	1024768	697600	00426FDB	ignores_return_and_actual_output_size;writes_min_remaining_chunk_prefix	0	0	1	abfe2f05eccad4d3ff993fc276b30c36d3828f35f74794ca7ec07ef1c9018df0	109922fd8589f9d2b0e1328ab9c650a5bcdf91671e339977b586ae1c55924af0	end_marker:1;literal_run_extended:317;literal_run_short:5530;match_10_to_1f_extended:43;match_10_to_1f_short:3924;match_20_to_3f_extended:87;match_20_to_3f_short:12321;match_40_to_ff:33413;trailing_literal_0:38179;trailing_literal_1:5841;trailing_literal_2:3883;trailing_literal_3:1884
640	174	218	surface_grid	0	0x10B24980	0x10B24984	u32_compressed_before_payload,u32_post_payload_record_count	612	4800	4800	4800	0	00426182	ignores_return_and_actual_output_size	0	0	1	d92a0a1c56c660c55e0554331542232da59406551840f879d6af042352e626bc	d92a0a1c56c660c55e0554331542232da59406551840f879d6af042352e626bc	end_marker:1;literal_run_short:3;match_10_to_1f_short:1;match_20_to_3f_extended:32;match_20_to_3f_short:56;match_40_to_ff:136;trailing_literal_0:210;trailing_literal_1:11;trailing_literal_2:2;trailing_literal_3:1
641	174	218	cm_generation_chunk	0	0x10B2A4FB	0x10B2A687	u32_compressed_in_8_byte_table_entry,sequential_payload	193088	1025768	332288	1024768	692480	00426FDB	ignores_return_and_actual_output_size;writes_min_remaining_chunk_prefix	0	0	1	180d56a8768dd48a197206132dd7923619f018e24b2dba2b675a223152f9fe68	64d7453f5d427f24e288ca4ba445596ebfa6b5c794adc05bac2b51aff5ce69f2	end_marker:1;literal_run_extended:281;literal_run_short:5734;match_10_to_1f_extended:47;match_10_to_1f_short:3944;match_20_to_3f_extended:122;match_20_to_3f_short:12361;match_40_to_ff:33908;trailing_literal_0:38580;trailing_literal_1:5952;trailing_literal_2:4053;trailing_literal_3:1796
642	175	219	surface_grid	0	0x10B5BBE8	0x10B5BBEC	u32_compressed_before_payload,u32_post_payload_record_count	1151	8736	8736	8736	0	00426182	ignores_return_and_actual_output_size	0	0	1	f5575349b60347d3b6b014fcc28e131e6b9c117d1f8d1626ca3c1531f707c2c2	f5575349b60347d3b6b014fcc28e131e6b9c117d1f8d1626ca3c1531f707c2c2	end_marker:1;literal_run_short:3;match_10_to_1f_short:1;match_20_to_3f_extended:47;match_20_to_3f_short:108;match_40_to_ff:286;trailing_literal_0:409;trailing_literal_1:27;trailing_literal_2:5
643	175	219	cm_generation_chunk	0	0x10B716CF	0x10B7185B	u32_compressed_in_8_byte_table_entry,sequential_payload	289225	1025768	424448	1024768	600320	00426FDB	ignores_return_and_actual_output_size;writes_min_remaining_chunk_prefix	0	0	1	1dedd2b8fb53ccbcb15d3e613f277014b11f24ed7dc6709787ec78127fc2e082	ef802016f2af71973e092727c360c463c0826fd1c0c20acf6681ff8f276b6e7c	end_marker:1;literal_run_extended:837;literal_run_short:10776;match_10_to_1f_extended:127;match_10_to_1f_short:8515;match_20_to_3f_extended:142;match_20_to_3f_short:11435;match_40_to_ff:40493;trailing_literal_0:42461;trailing_literal_1:9056;trailing_literal_2:5848;trailing_literal_3:3346
644	176	220	surface_grid	0	0x10BBB201	0x10BBB205	u32_compressed_before_payload,u32_post_payload_record_count	1192	12000	12000	12000	0	00426182	ignores_return_and_actual_output_size	0	0	1	150de4de4512e31f199485a5be7f308abb43480d1d44b883ceaa1a22dd2459de	150de4de4512e31f199485a5be7f308abb43480d1d44b883ceaa1a22dd2459de	end_marker:1;literal_run_short:8;match_10_to_1f_short:1;match_20_to_3f_extended:48;match_20_to_3f_short:138;match_40_to_ff:236;trailing_literal_0:394;trailing_literal_1:20;trailing_literal_2:8
645	176	220	cm_generation_chunk	0	0x10BE42EF	0x10BE447B	u32_compressed_in_8_byte_table_entry,sequential_payload	677171	1025768	1024768	1024768	0	00426FDB	ignores_return_and_actual_output_size;writes_min_remaining_chunk_prefix	0	0	1	3e63175d21db380872375140daadbfc1609ad251305b9f1f6646e0ea80a39640	3e63175d21db380872375140daadbfc1609ad251305b9f1f6646e0ea80a39640	end_marker:1;literal_run_extended:2023;literal_run_short:23877;match_10_to_1f_extended:56;match_10_to_1f_short:12011;match_20_to_3f_extended:160;match_20_to_3f_short:16092;match_40_to_ff:127236;trailing_literal_0:110375;trailing_literal_1:23900;trailing_literal_2:13045;trailing_literal_3:8234
646	176	220	cm_generation_chunk	1	0x10BE42F7	0x10C899AE	u32_compressed_in_8_byte_table_entry,sequential_payload	320076	1025768	511744	1024768	513024	00426FDB	ignores_return_and_actual_output_size;writes_min_remaining_chunk_prefix	0	0	1	a2ef9ec2474e73095970d2eb881fb721d98e89b344092c7103161454470fbbf1	189ea6edc7872b748af37b132ad61f659ed2ce06dc977f1095c1e8d66cac3038	end_marker:1;literal_run_extended:333;literal_run_short:8858;match_10_to_1f_extended:25;match_10_to_1f_short:7967;match_20_to_3f_extended:17;match_20_to_3f_short:11223;match_40_to_ff:72105;trailing_literal_0:67288;trailing_literal_1:12914;trailing_literal_2:7372;trailing_literal_3:3762
647	177	108	surface_grid	0	0x10CD96BF	0x10CD96C3	u32_compressed_before_payload,u32_post_payload_record_count	346	6600	6600	6600	0	00426182	ignores_return_and_actual_output_size	0	0	1	8d521b36a778f3a65462cfebabd7d150275bcb70dcfa30c51f6b9cc71d478ba3	8d521b36a778f3a65462cfebabd7d150275bcb70dcfa30c51f6b9cc71d478ba3	end_marker:1;literal_run_short:3;match_10_to_1f_short:1;match_20_to_3f_extended:25;match_20_to_3f_short:13;match_40_to_ff:84;trailing_literal_0:117;trailing_literal_1:5
648	177	108	cm_generation_chunk	0	0x10CDE5B1	0x10CDE73D	u32_compressed_in_8_byte_table_entry,sequential_payload	388928	1025768	844288	1024768	180480	00426FDB	ignores_return_and_actual_output_size;writes_min_remaining_chunk_prefix	0	0	1	3e81f0d6eaa3bef480a879f1855c8e3e796ee32e65e6db6e2b056c7c197026d6	fc12adc09c008a41dff1dbdf264b1a1d2a7448a61414225560b38a510a55884f	end_marker:1;literal_run_extended:1055;literal_run_short:6572;match_10_to_1f_extended:201;match_10_to_1f_short:8812;match_20_to_3f_extended:1022;match_20_to_3f_short:24461;match_40_to_ff:79953;trailing_literal_0:97583;trailing_literal_1:9533;trailing_literal_2:5160;trailing_literal_3:2172
649	178	43	surface_grid	0	0x10D9CB3A	0x10D9CB3E	u32_compressed_before_payload,u32_post_payload_record_count	14247	195040	195040	195040	0	00426182	ignores_return_and_actual_output_size	0	0	1	8f88c0751cab82f8eeb84bcd61326e853712d9c3c841a64eb72d5cfb1a5789e5	8f88c0751cab82f8eeb84bcd61326e853712d9c3c841a64eb72d5cfb1a5789e5	end_marker:1;literal_run_short:7;match_10_to_1f_extended:10;match_10_to_1f_short:27;match_20_to_3f_extended:1011;match_20_to_3f_short:1698;match_40_to_ff:2342;trailing_literal_0:5047;trailing_literal_1:23;trailing_literal_2:9;trailing_literal_3:8
650	178	43	cm_generation_chunk	0	0x10EE6271	0x10EE63FD	u32_compressed_in_8_byte_table_entry,sequential_payload	621313	1025768	1024768	1024768	0	00426FDB	ignores_return_and_actual_output_size;writes_min_remaining_chunk_prefix	0	0	1	f2f15bc6e672e420c42026c144fc4c68e9039862b0316f9f2cd9d50d6ce03d4a	f2f15bc6e672e420c42026c144fc4c68e9039862b0316f9f2cd9d50d6ce03d4a	end_marker:1;literal_run_extended:1321;literal_run_short:18431;match_10_to_1f_extended:538;match_10_to_1f_short:20852;match_20_to_3f_extended:301;match_20_to_3f_short:31012;match_40_to_ff:100906;trailing_literal_0:110479;trailing_literal_1:22127;trailing_literal_2:14047;trailing_literal_3:6955
651	178	43	cm_generation_chunk	1	0x10EE6279	0x10F7DEFE	u32_compressed_in_8_byte_table_entry,sequential_payload	749444	1025768	1024768	1024768	0	00426FDB	ignores_return_and_actual_output_size;writes_min_remaining_chunk_prefix	0	0	1	5268b0afc26a163341162ae682b546c105389a300477d8fde498e9c026ddebb9	5268b0afc26a163341162ae682b546c105389a300477d8fde498e9c026ddebb9	end_marker:1;literal_run_extended:2919;literal_run_short:26107;match_10_to_1f_extended:368;match_10_to_1f_short:20457;match_20_to_3f_extended:27;match_20_to_3f_short:27048;match_40_to_ff:107001;trailing_literal_0:107605;trailing_literal_1:23685;trailing_literal_2:14999;trailing_literal_3:8611
652	178	43	cm_generation_chunk	2	0x10EE6281	0x11034E82	u32_compressed_in_8_byte_table_entry,sequential_payload	710145	1025768	1024768	1024768	0	00426FDB	ignores_return_and_actual_output_size;writes_min_remaining_chunk_prefix	0	0	1	f31f185e8444afe7b3a597308e55419ab02a51e5cb8aa1f1c159f5a3b151bdf0	f31f185e8444afe7b3a597308e55419ab02a51e5cb8aa1f1c159f5a3b151bdf0	end_marker:1;literal_run_extended:2336;literal_run_short:22908;match_10_to_1f_extended:1021;match_10_to_1f_short:16964;match_20_to_3f_extended:49;match_20_to_3f_short:25510;match_40_to_ff:116759;trailing_literal_0:112284;trailing_literal_1:24944;trailing_literal_2:14855;trailing_literal_3:8219
653	178	43	cm_generation_chunk	3	0x10EE6289	0x110E2483	u32_compressed_in_8_byte_table_entry,sequential_payload	638364	1025768	1024768	1024768	0	00426FDB	ignores_return_and_actual_output_size;writes_min_remaining_chunk_prefix	0	0	1	0d92039e0777cec49e80bbf2a1fc587bd5b74129e06656c3b95c3e698e0feada	0d92039e0777cec49e80bbf2a1fc587bd5b74129e06656c3b95c3e698e0feada	end_marker:1;literal_run_extended:1734;literal_run_short:19643;match_10_to_1f_extended:544;match_10_to_1f_short:14295;match_20_to_3f_extended:262;match_20_to_3f_short:26229;match_40_to_ff:115877;trailing_literal_0:116471;trailing_literal_1:21192;trailing_literal_2:12721;trailing_literal_3:6822
654	178	43	cm_generation_chunk	4	0x10EE6291	0x1117E21F	u32_compressed_in_8_byte_table_entry,sequential_payload	737323	1025768	1024768	1024768	0	00426FDB	ignores_return_and_actual_output_size;writes_min_remaining_chunk_prefix	0	0	1	f92923d263dd787977eb597920a77de76542a7a79770be9bae7af189a5c34f94	f92923d263dd787977eb597920a77de76542a7a79770be9bae7af189a5c34f94	end_marker:1;literal_run_extended:3278;literal_run_short:25567;match_10_to_1f_extended:115;match_10_to_1f_short:15004;match_20_to_3f_extended:88;match_20_to_3f_short:23929;match_40_to_ff:109030;trailing_literal_0:102893;trailing_literal_1:22619;trailing_literal_2:14244;trailing_literal_3:8409
655	178	43	cm_generation_chunk	5	0x10EE6299	0x1123224A	u32_compressed_in_8_byte_table_entry,sequential_payload	679422	1025768	1024768	1024768	0	00426FDB	ignores_return_and_actual_output_size;writes_min_remaining_chunk_prefix	0	0	1	833fc2cd6a986c3d2054cb4cdfc5cf3f2ab330ac624268086121e90d438656b2	833fc2cd6a986c3d2054cb4cdfc5cf3f2ab330ac624268086121e90d438656b2	end_marker:1;literal_run_extended:2337;literal_run_short:22844;match_10_to_1f_extended:103;match_10_to_1f_short:13194;match_20_to_3f_extended:205;match_20_to_3f_short:24165;match_40_to_ff:112547;trailing_literal_0:106829;trailing_literal_1:21948;trailing_literal_2:13885;trailing_literal_3:7551
656	178	43	cm_generation_chunk	6	0x10EE62A1	0x112D8048	u32_compressed_in_8_byte_table_entry,sequential_payload	697449	1025768	1024768	1024768	0	00426FDB	ignores_return_and_actual_output_size;writes_min_remaining_chunk_prefix	0	0	1	d92906df56e78af9469b2c7ebd34bd8465011d09a8090c8a5dda2c44b415dd2c	d92906df56e78af9469b2c7ebd34bd8465011d09a8090c8a5dda2c44b415dd2c	end_marker:1;literal_run_extended:2333;literal_run_short:22835;match_10_to_1f_extended:147;match_10_to_1f_short:18860;match_20_to_3f_extended:117;match_20_to_3f_short:22172;match_40_to_ff:114394;trailing_literal_0:108960;trailing_literal_1:23623;trailing_literal_2:14876;trailing_literal_3:8230
657	178	43	cm_generation_chunk	7	0x10EE62A9	0x113824B1	u32_compressed_in_8_byte_table_entry,sequential_payload	688998	1025768	1024768	1024768	0	00426FDB	ignores_return_and_actual_output_size;writes_min_remaining_chunk_prefix	0	0	1	9e476481c95e033e8aa3e8cd1f8c69ea3377b3b81eae5faeed846bb0de34b094	9e476481c95e033e8aa3e8cd1f8c69ea3377b3b81eae5faeed846bb0de34b094	end_marker:1;literal_run_extended:2420;literal_run_short:24060;match_10_to_1f_extended:145;match_10_to_1f_short:19306;match_20_to_3f_extended:236;match_20_to_3f_short:24058;match_40_to_ff:103027;trailing_literal_0:102738;trailing_literal_1:21754;trailing_literal_2:14251;trailing_literal_3:8028
658	178	43	cm_generation_chunk	8	0x10EE62B1	0x1142A817	u32_compressed_in_8_byte_table_entry,sequential_payload	730722	1025768	1024768	1024768	0	00426FDB	ignores_return_and_actual_output_size;writes_min_remaining_chunk_prefix	0	0	1	69bfe1b5b3418705964f0482192d7e05e85a331a9464b4a7ea54047e7bf5b305	69bfe1b5b3418705964f0482192d7e05e85a331a9464b4a7ea54047e7bf5b305	end_marker:1;literal_run_extended:2945;literal_run_short:24027;match_10_to_1f_extended:191;match_10_to_1f_short:11144;match_20_to_3f_extended:31;match_20_to_3f_short:23668;match_40_to_ff:122829;trailing_literal_0:111272;trailing_literal_1:24086;trailing_literal_2:14161;trailing_literal_3:8343
659	178	43	cm_generation_chunk	9	0x10EE62B9	0x114DCE79	u32_compressed_in_8_byte_table_entry,sequential_payload	646008	1025768	1024768	1024768	0	00426FDB	ignores_return_and_actual_output_size;writes_min_remaining_chunk_prefix	0	0	1	c596529fb5b178e03a98674827272902b77483eece9ef9b6e2acd81191b8e4e7	c596529fb5b178e03a98674827272902b77483eece9ef9b6e2acd81191b8e4e7	end_marker:1;literal_run_extended:1573;literal_run_short:18685;match_10_to_1f_extended:583;match_10_to_1f_short:13349;match_20_to_3f_extended:93;match_20_to_3f_short:26593;match_40_to_ff:125579;trailing_literal_0:124387;trailing_literal_1:22367;trailing_literal_2:12731;trailing_literal_3:6711
660	178	43	cm_generation_chunk	10	0x10EE62C1	0x1157A9F1	u32_compressed_in_8_byte_table_entry,sequential_payload	599588	1025768	1024768	1024768	0	00426FDB	ignores_return_and_actual_output_size;writes_min_remaining_chunk_prefix	0	0	1	f9a0f437e35f050c362fefa131c4a1322037755f7dd2bab23d79d59fdcfcf7d9	f9a0f437e35f050c362fefa131c4a1322037755f7dd2bab23d79d59fdcfcf7d9	end_marker:1;literal_run_extended:1185;literal_run_short:16018;match_10_to_1f_extended:1502;match_10_to_1f_short:21539;match_20_to_3f_extended:239;match_20_to_3f_short:29480;match_40_to_ff:104053;trailing_literal_0:115327;trailing_literal_1:21978;trailing_literal_2:13266;trailing_literal_3:6241
661	178	43	cm_generation_chunk	11	0x10EE62C9	0x1160D015	u32_compressed_in_8_byte_table_entry,sequential_payload	650123	1025768	1024768	1024768	0	00426FDB	ignores_return_and_actual_output_size;writes_min_remaining_chunk_prefix	0	0	1	13ce0be00fab9a6cd317bf769091ac3e34eed6c3d2f56b0f7114ae9b88bc059e	13ce0be00fab9a6cd317bf769091ac3e34eed6c3d2f56b0f7114ae9b88bc059e	end_marker:1;literal_run_extended:1760;literal_run_short:17237;match_10_to_1f_extended:173;match_10_to_1f_short:16801;match_20_to_3f_extended:140;match_20_to_3f_short:37739;match_40_to_ff:108390;trailing_literal_0:121187;trailing_literal_1:22829;trailing_literal_2:12790;trailing_literal_3:6436
662	178	43	cm_generation_chunk	12	0x10EE62D1	0x116ABBA0	u32_compressed_in_8_byte_table_entry,sequential_payload	687562	1025768	1024768	1024768	0	00426FDB	ignores_return_and_actual_output_size;writes_min_remaining_chunk_prefix	0	0	1	716c35cc53d8a5183ad26a7aa6bc063f3de8dff7fed25896d2516e2eacad6ed2	716c35cc53d8a5183ad26a7aa6bc063f3de8dff7fed25896d2516e2eacad6ed2	end_marker:1;literal_run_extended:1722;literal_run_short:21040;match_10_to_1f_extended:130;match_10_to_1f_short:16788;match_20_to_3f_extended:10;match_20_to_3f_short:30014;match_40_to_ff:123206;trailing_literal_0:125728;trailing_literal_1:23833;trailing_literal_2:13401;trailing_literal_3:7185
663	178	43	cm_generation_chunk	13	0x10EE62D9	0x1175396A	u32_compressed_in_8_byte_table_entry,sequential_payload	713594	1025768	1024768	1024768	0	00426FDB	ignores_return_and_actual_output_size;writes_min_remaining_chunk_prefix	0	0	1	b72e17b8baa9a76c2c89fbea8bca826732ad9429048b310e6e631938c5cb4eb4	b72e17b8baa9a76c2c89fbea8bca826732ad9429048b310e6e631938c5cb4eb4	end_marker:1;literal_run_extended:2292;literal_run_short:22085;match_10_to_1f_extended:104;match_10_to_1f_short:18386;match_20_to_3f_extended:7;match_20_to_3f_short:31428;match_40_to_ff:114437;trailing_literal_0:119100;trailing_literal_1:23801;trailing_literal_2:13765;trailing_literal_3:7695
664	178	43	cm_generation_chunk	14	0x10EE62E1	0x11801CE4	u32_compressed_in_8_byte_table_entry,sequential_payload	648478	1025768	1024768	1024768	0	00426FDB	ignores_return_and_actual_output_size;writes_min_remaining_chunk_prefix	0	0	1	fe2ebbbb2c98079ca60a2f13ecab4a760e18cd4be56842339d05a1f26e0123d6	fe2ebbbb2c98079ca60a2f13ecab4a760e18cd4be56842339d05a1f26e0123d6	end_marker:1;literal_run_extended:1336;literal_run_short:16299;match_10_to_1f_extended:146;match_10_to_1f_short:15547;match_20_to_3f_extended:9;match_20_to_3f_short:31403;match_40_to_ff:131615;trailing_literal_0:136284;trailing_literal_1:23690;trailing_literal_2:12386;trailing_literal_3:6359
665	178	43	cm_generation_chunk	15	0x10EE62E9	0x118A0202	u32_compressed_in_8_byte_table_entry,sequential_payload	185469	1025768	313088	1024768	711680	00426FDB	ignores_return_and_actual_output_size;writes_min_remaining_chunk_prefix	0	0	1	a977f00971a35b082fb986ba755d9699d01aaa5519404efee5ba56d37f6d6614	e452de4661b70b2c6ba6abe49e9ec9d23d35d71cf7f524bc88c1deede138b400	end_marker:1;literal_run_extended:229;literal_run_short:3646;match_10_to_1f_extended:107;match_10_to_1f_short:4832;match_20_to_3f_extended:30;match_20_to_3f_short:14418;match_40_to_ff:34270;trailing_literal_0:41067;trailing_literal_1:7183;trailing_literal_2:3730;trailing_literal_3:1676
666	179	120	surface_grid	0	0x118D128C	0x118D1290	u32_compressed_before_payload,u32_post_payload_record_count	148	15120	15120	15120	0	00426182	ignores_return_and_actual_output_size	0	0	1	2d163d6b17b911f028b1c54db49a8a8d98e18392ea7dd31cb95985a1e3f37681	2d163d6b17b911f028b1c54db49a8a8d98e18392ea7dd31cb95985a1e3f37681	end_marker:1;literal_run_short:1;match_10_to_1f_short:1;match_20_to_3f_extended:12;match_20_to_3f_short:2;match_40_to_ff:10;trailing_literal_0:17;trailing_literal_1:5;trailing_literal_2:1;trailing_literal_3:1
667	179	120	indexed_object	0	0x118D138C	0x118D13A6	u32_capacity_at_+0x12,u32_compressed_at_+0x16,payload_at_+0x1A	166001	1077130	1077130	1077130	0	0042660E	ignores_return;passes_actual_output_size_to_00401B70	0	0	1	5183f508be6dc839f2199e89d19f301696fb1ee2f2d62edd5c8a945a40a30e0d	5183f508be6dc839f2199e89d19f301696fb1ee2f2d62edd5c8a945a40a30e0d	end_marker:1;literal_run_extended:1;literal_run_short:71;match_10_to_1f_extended:173;match_10_to_1f_short:850;match_20_to_3f_extended:5074;match_20_to_3f_short:26140;match_40_to_ff:30517;trailing_literal_0:61282;trailing_literal_1:1067;trailing_literal_2:303;trailing_literal_3:101
668	179	120	indexed_object	1	0x118F9C17	0x118F9C31	u32_capacity_at_+0x12,u32_compressed_at_+0x16,payload_at_+0x1A	81528	366304	366304	366304	0	0042660E	ignores_return;passes_actual_output_size_to_00401B70	0	0	1	cea7f34b4771af8aee07087f0b9fab7931bd00400c01fd9f3bc9ab96cea88589	cea7f34b4771af8aee07087f0b9fab7931bd00400c01fd9f3bc9ab96cea88589	end_marker:1;literal_run_extended:2;literal_run_short:274;match_10_to_1f_extended:112;match_10_to_1f_short:543;match_20_to_3f_extended:1539;match_20_to_3f_short:12903;match_40_to_ff:15297;trailing_literal_0:29134;trailing_literal_1:821;trailing_literal_2:295;trailing_literal_3:143
669	179	120	indexed_object	2	0x1190DAA9	0x1190DAC3	u32_capacity_at_+0x12,u32_compressed_at_+0x16,payload_at_+0x1A	14483	107722	107722	107722	0	0042660E	ignores_return;passes_actual_output_size_to_00401B70	0	0	1	e0e1685d8497ded7e984f9a3a867ec95f14b117dcebc04f1c2633443f5242d9f	e0e1685d8497ded7e984f9a3a867ec95f14b117dcebc04f1c2633443f5242d9f	end_marker:1;literal_run_short:8;match_10_to_1f_extended:9;match_10_to_1f_short:25;match_20_to_3f_extended:660;match_20_to_3f_short:2237;match_40_to_ff:2378;trailing_literal_0:5184;trailing_literal_1:80;trailing_literal_2:36;trailing_literal_3:8
670	179	120	indexed_object	3	0x11911356	0x11911370	u32_capacity_at_+0x12,u32_compressed_at_+0x16,payload_at_+0x1A	26473	161578	161578	161578	0	0042660E	ignores_return;passes_actual_output_size_to_00401B70	0	0	1	632714ef99afc97df1f40f7891292c2f71f5920717c330cc7bc0b40282f5778d	632714ef99afc97df1f40f7891292c2f71f5920717c330cc7bc0b40282f5778d	end_marker:1;literal_run_short:20;match_10_to_1f_extended:25;match_10_to_1f_short:63;match_20_to_3f_extended:798;match_20_to_3f_short:4396;match_40_to_ff:4593;trailing_literal_0:9581;trailing_literal_1:173;trailing_literal_2:96;trailing_literal_3:24
671	179	120	cm_generation_chunk	0	0x11917AF9	0x11917C85	u32_compressed_in_8_byte_table_entry,sequential_payload	175475	1025768	753664	1024768	271104	00426FDB	ignores_return_and_actual_output_size;writes_min_remaining_chunk_prefix	0	0	1	fee727503f0e30b29149fbd3b6e59b5be01d62db2b1f59f7151ad02bf8e33f83	5716af284f2d9292d92929ad3426cb1fcfceaf6bdd41766581adc78334b11908	end_marker:1;literal_run_short:87;match_10_to_1f_extended:402;match_10_to_1f_short:1256;match_20_to_3f_extended:2450;match_20_to_3f_short:25398;match_40_to_ff:39238;trailing_literal_0:65767;trailing_literal_1:2133;trailing_literal_2:631;trailing_literal_3:212
672	180	158	surface_grid	0	0x119550F5	0x119550F9	u32_compressed_before_payload,u32_post_payload_record_count	3773	75264	75264	75264	0	00426182	ignores_return_and_actual_output_size	0	0	1	8f6f811e9eba01af5bbd56ead5494937ee280df5b9e7cb0e738694a8efbb705a	8f6f811e9eba01af5bbd56ead5494937ee280df5b9e7cb0e738694a8efbb705a	end_marker:1;literal_run_short:8;match_10_to_1f_extended:2;match_10_to_1f_short:2;match_20_to_3f_extended:374;match_20_to_3f_short:287;match_40_to_ff:597;trailing_literal_0:1218;trailing_literal_1:33;trailing_literal_2:9;trailing_literal_3:1
673	180	158	cm_generation_chunk	0	0x11971B6B	0x11971CF7	u32_compressed_in_8_byte_table_entry,sequential_payload	866825	1025768	1024768	1024768	0	00426FDB	ignores_return_and_actual_output_size;writes_min_remaining_chunk_prefix	0	0	1	39e0882ed37fa11e00f4fd0e0959366100f1c777e79d165833f55ac662d1ef1e	39e0882ed37fa11e00f4fd0e0959366100f1c777e79d165833f55ac662d1ef1e	end_marker:1;literal_run_extended:7232;literal_run_short:32850;match_10_to_1f_extended:472;match_10_to_1f_short:18044;match_20_to_3f_extended:29;match_20_to_3f_short:20012;match_40_to_ff:68939;trailing_literal_0:73376;trailing_literal_1:15883;trailing_literal_2:10877;trailing_literal_3:7359
674	180	158	cm_generation_chunk	1	0x11971B73	0x11A45700	u32_compressed_in_8_byte_table_entry,sequential_payload	870518	1025768	1024768	1024768	0	00426FDB	ignores_return_and_actual_output_size;writes_min_remaining_chunk_prefix	0	0	1	076c49795c2cbfda7f667cd5c053b99a609180055bfc3a61c0be22c0a484ae01	076c49795c2cbfda7f667cd5c053b99a609180055bfc3a61c0be22c0a484ae01	end_marker:1;literal_run_extended:6442;literal_run_short:32654;match_10_to_1f_extended:179;match_10_to_1f_short:13928;match_20_to_3f_short:19756;match_40_to_ff:89760;trailing_literal_0:80548;trailing_literal_1:22985;trailing_literal_2:11530;trailing_literal_3:8559
675	180	158	cm_generation_chunk	2	0x11971B7B	0x11B19F76	u32_compressed_in_8_byte_table_entry,sequential_payload	869653	1025768	1024768	1024768	0	00426FDB	ignores_return_and_actual_output_size;writes_min_remaining_chunk_prefix	0	0	1	215299d365650ab40b3784cee06de8823e2b16aa58345913f51fedc7fa58bc87	215299d365650ab40b3784cee06de8823e2b16aa58345913f51fedc7fa58bc87	end_marker:1;literal_run_extended:5973;literal_run_short:32912;match_10_to_1f_extended:17;match_10_to_1f_short:11173;match_20_to_3f_short:21105;match_40_to_ff:97391;trailing_literal_0:78439;trailing_literal_1:30337;trailing_literal_2:10919;trailing_literal_3:9990
676	180	158	cm_generation_chunk	3	0x11971B83	0x11BEE48B	u32_compressed_in_8_byte_table_entry,sequential_payload	824755	1025768	1024768	1024768	0	00426FDB	ignores_return_and_actual_output_size;writes_min_remaining_chunk_prefix	0	0	1	03443c8d6dca60aea687bfdae319168b168aea9407a038e55f49d16bd06ae3ad	03443c8d6dca60aea687bfdae319168b168aea9407a038e55f49d16bd06ae3ad	end_marker:1;literal_run_extended:5022;literal_run_short:30075;match_10_to_1f_extended:25;match_10_to_1f_short:9808;match_20_to_3f_extended:80;match_20_to_3f_short:22209;match_40_to_ff:102386;trailing_literal_0:79143;trailing_literal_1:34113;trailing_literal_2:11004;trailing_literal_3:10247
677	180	158	cm_generation_chunk	4	0x11971B8B	0x11CB7A3E	u32_compressed_in_8_byte_table_entry,sequential_payload	794598	1025768	1024768	1024768	0	00426FDB	ignores_return_and_actual_output_size;writes_min_remaining_chunk_prefix	0	0	1	c8a0cdcfce954c087cacf8387d236f807c2cd04044834bc5373ee7ca24fdc6c7	c8a0cdcfce954c087cacf8387d236f807c2cd04044834bc5373ee7ca24fdc6c7	end_marker:1;literal_run_extended:4934;literal_run_short:27926;match_10_to_1f_extended:20;match_10_to_1f_short:8719;match_20_to_3f_extended:193;match_20_to_3f_short:21469;match_40_to_ff:101423;trailing_literal_0:79748;trailing_literal_1:32340;trailing_literal_2:10099;trailing_literal_3:9636
678	180	158	cm_generation_chunk	5	0x11971B93	0x11D79A24	u32_compressed_in_8_byte_table_entry,sequential_payload	736776	1025768	1024768	1024768	0	00426FDB	ignores_return_and_actual_output_size;writes_min_remaining_chunk_prefix	0	0	1	605914580184aef5cdea5d8abc98cab9c29eae186c290f78ec2cb840c648f0fc	605914580184aef5cdea5d8abc98cab9c29eae186c290f78ec2cb840c648f0fc	end_marker:1;literal_run_extended:3838;literal_run_short:23870;match_10_to_1f_extended:71;match_10_to_1f_short:10897;match_20_to_3f_extended:246;match_20_to_3f_short:21340;match_40_to_ff:109337;trailing_literal_0:89788;trailing_literal_1:32806;trailing_literal_2:10149;trailing_literal_3:9147
679	180	158	cm_generation_chunk	6	0x11971B9B	0x11E2D82C	u32_compressed_in_8_byte_table_entry,sequential_payload	147094	1025768	216576	1024768	808192	00426FDB	ignores_return_and_actual_output_size;writes_min_remaining_chunk_prefix	0	0	1	15d7c5b8d83bde3e4295712b2dba9a31a07ba9775f9bc11898e2927c003b3e18	12304829c644e4caee63cc1e7d813ddba3b20cadb8cac182c088d91cb6a26343	end_marker:1;literal_run_extended:398;literal_run_short:4368;match_10_to_1f_extended:36;match_10_to_1f_short:3844;match_20_to_3f_extended:48;match_20_to_3f_short:5458;match_40_to_ff:24203;trailing_literal_0:22020;trailing_literal_1:7169;trailing_literal_2:2500;trailing_literal_3:1899
680	181	159	surface_grid	0	0x11E5A45F	0x11E5A463	u32_compressed_before_payload,u32_post_payload_record_count	3496	36000	36000	36000	0	00426182	ignores_return_and_actual_output_size	0	0	1	b12a8c0c1cea5b835cd418418a7ea25a101b4a73e9ddeb69f2081ef1fcad7df7	b12a8c0c1cea5b835cd418418a7ea25a101b4a73e9ddeb69f2081ef1fcad7df7	end_marker:1;literal_run_short:5;match_10_to_1f_short:2;match_20_to_3f_extended:295;match_20_to_3f_short:415;match_40_to_ff:506;trailing_literal_0:1208;trailing_literal_1:8;trailing_literal_2:1
681	181	159	cm_generation_chunk	0	0x11E5B2B6	0x11E5B442	u32_compressed_in_8_byte_table_entry,sequential_payload	876981	1025768	1024768	1024768	0	00426FDB	ignores_return_and_actual_output_size;writes_min_remaining_chunk_prefix	0	0	1	a40b823105d6a71531c5c1f90cff402f1a0d03c498d0581b0d273efda964a7af	a40b823105d6a71531c5c1f90cff402f1a0d03c498d0581b0d273efda964a7af	end_marker:1;literal_run_extended:5853;literal_run_short:37244;match_10_to_1f_extended:12;match_10_to_1f_short:15974;match_20_to_3f_extended:1;match_20_to_3f_short:20171;match_40_to_ff:87695;trailing_literal_0:84355;trailing_literal_1:18926;trailing_literal_2:11775;trailing_literal_3:8796
682	181	159	cm_generation_chunk	1	0x11E5B2BE	0x11F315F7	u32_compressed_in_8_byte_table_entry,sequential_payload	821712	1025768	1024768	1024768	0	00426FDB	ignores_return_and_actual_output_size;writes_min_remaining_chunk_prefix	0	0	1	79fa0906066c2766b22989dcada38f82a1389402e5205d035cff30890a61894d	79fa0906066c2766b22989dcada38f82a1389402e5205d035cff30890a61894d	end_marker:1;literal_run_extended:4879;literal_run_short:31588;match_10_to_1f_extended:31;match_10_to_1f_short:19178;match_20_to_3f_extended:4;match_20_to_3f_short:23760;match_40_to_ff:93655;trailing_literal_0:98177;trailing_literal_1:18725;trailing_literal_2:12281;trailing_literal_3:7444
683	181	159	cm_generation_chunk	2	0x11E5B2C6	0x11FF9FC7	u32_compressed_in_8_byte_table_entry,sequential_payload	806440	1025768	1024768	1024768	0	00426FDB	ignores_return_and_actual_output_size;writes_min_remaining_chunk_prefix	0	0	1	e5c20a72d6de3056a4fa45144f4a4398115cd073d2292164034247fd08d5ed11	e5c20a72d6de3056a4fa45144f4a4398115cd073d2292164034247fd08d5ed11	end_marker:1;literal_run_extended:3909;literal_run_short:30106;match_10_to_1f_extended:17;match_10_to_1f_short:19599;match_20_to_3f_extended:2;match_20_to_3f_short:27410;match_40_to_ff:100593;trailing_literal_0:102866;trailing_literal_1:22303;trailing_literal_2:14106;trailing_literal_3:8345
684	181	159	cm_generation_chunk	3	0x11E5B2CE	0x120BEDEF	u32_compressed_in_8_byte_table_entry,sequential_payload	795534	1025768	1024768	1024768	0	00426FDB	ignores_return_and_actual_output_size;writes_min_remaining_chunk_prefix	0	0	1	faa5a0cc51deb4750dbcee2373711a2bffc490153835c051a8fbaf4d8587f873	faa5a0cc51deb4750dbcee2373711a2bffc490153835c051a8fbaf4d8587f873	end_marker:1;literal_run_extended:3191;literal_run_short:29700;match_10_to_1f_extended:12;match_10_to_1f_short:20992;match_20_to_3f_short:30681;match_40_to_ff:104054;trailing_literal_0:107030;trailing_literal_1:24424;trailing_literal_2:15631;trailing_literal_3:8653
685	181	159	cm_generation_chunk	4	0x11E5B2D6	0x1218117D	u32_compressed_in_8_byte_table_entry,sequential_payload	378903	1025768	509440	1024768	515328	00426FDB	ignores_return_and_actual_output_size;writes_min_remaining_chunk_prefix	0	0	1	73f00d8ec1be47eed4ad38aeb56e33171f8cc1766ec50edfef38d054468137bb	dd742b5addb33e0368af9003b92f38acffa987113ac33db28a47578861c87926	end_marker:1;literal_run_extended:1307;literal_run_short:12309;match_10_to_1f_extended:10;match_10_to_1f_short:10239;match_20_to_3f_extended:1;match_20_to_3f_short:17890;match_40_to_ff:55792;trailing_literal_0:60481;trailing_literal_1:11884;trailing_literal_2:7722;trailing_literal_3:3844
686	182	160	surface_grid	0	0x121E8B85	0x121E8B89	u32_compressed_before_payload,u32_post_payload_record_count	2887	45300	45300	45300	0	00426182	ignores_return_and_actual_output_size	0	0	1	2cf907c5933b7df7098ee1c7fabba8e2caab79f49260215fbfae84b19983c8f0	2cf907c5933b7df7098ee1c7fabba8e2caab79f49260215fbfae84b19983c8f0	end_marker:1;literal_run_short:6;match_10_to_1f_short:2;match_20_to_3f_extended:317;match_20_to_3f_short:261;match_40_to_ff:371;trailing_literal_0:939;trailing_literal_1:7;trailing_literal_2:4
687	182	160	cm_generation_chunk	0	0x121E97DF	0x121E996B	u32_compressed_in_8_byte_table_entry,sequential_payload	774806	1025768	1024768	1024768	0	00426FDB	ignores_return_and_actual_output_size;writes_min_remaining_chunk_prefix	0	0	1	f47c0683fdd266c9c74af5e6c383100bef142db527f353b5ff4aba82208cc48a	f47c0683fdd266c9c74af5e6c383100bef142db527f353b5ff4aba82208cc48a	end_marker:1;literal_run_extended:5392;literal_run_short:29745;match_10_to_1f_extended:27;match_10_to_1f_short:9904;match_20_to_3f_extended:308;match_20_to_3f_short:18852;match_40_to_ff:90322;trailing_literal_0:84043;trailing_literal_1:17664;trailing_literal_2:10138;trailing_literal_3:7567
688	182	160	cm_generation_chunk	1	0x121E97E7	0x122A6C01	u32_compressed_in_8_byte_table_entry,sequential_payload	735952	1025768	1024768	1024768	0	00426FDB	ignores_return_and_actual_output_size;writes_min_remaining_chunk_prefix	0	0	1	56f8d8e1a69fa4b367d178f0f6f0ab127b7d6fbad201475d85ea9b21ccf39c21	56f8d8e1a69fa4b367d178f0f6f0ab127b7d6fbad201475d85ea9b21ccf39c21	end_marker:1;literal_run_extended:4774;literal_run_short:24961;match_10_to_1f_extended:70;match_10_to_1f_short:13034;match_20_to_3f_extended:195;match_20_to_3f_short:22418;match_40_to_ff:92837;trailing_literal_0:95093;trailing_literal_1:16633;trailing_literal_2:10253;trailing_literal_3:6574
689	182	160	cm_generation_chunk	2	0x121E97EF	0x1235A6D1	u32_compressed_in_8_byte_table_entry,sequential_payload	698566	1025768	1024768	1024768	0	00426FDB	ignores_return_and_actual_output_size;writes_min_remaining_chunk_prefix	0	0	1	61d0392ab33b2385834f52c28ca4d672c9c89258b2b8a86140defb9ef5f46e54	61d0392ab33b2385834f52c28ca4d672c9c89258b2b8a86140defb9ef5f46e54	end_marker:1;literal_run_extended:3235;literal_run_short:23283;match_10_to_1f_extended:39;match_10_to_1f_short:12477;match_20_to_3f_extended:184;match_20_to_3f_short:24265;match_40_to_ff:107314;trailing_literal_0:105253;trailing_literal_1:20201;trailing_literal_2:11840;trailing_literal_3:6984
690	182	160	cm_generation_chunk	3	0x121E97F7	0x12404F97	u32_compressed_in_8_byte_table_entry,sequential_payload	710661	1025768	1024768	1024768	0	00426FDB	ignores_return_and_actual_output_size;writes_min_remaining_chunk_prefix	0	0	1	3f568f3d9b11adc709a31950c4101b05f05b996a53cc8af170e41ac1e7a1eb21	3f568f3d9b11adc709a31950c4101b05f05b996a53cc8af170e41ac1e7a1eb21	end_marker:1;literal_run_extended:3513;literal_run_short:24552;match_10_to_1f_extended:48;match_10_to_1f_short:14586;match_20_to_3f_extended:203;match_20_to_3f_short:25196;match_40_to_ff:100004;trailing_literal_0:102773;trailing_literal_1:18956;trailing_literal_2:11593;trailing_literal_3:6714
691	182	160	cm_generation_chunk	4	0x121E97FF	0x124B279C	u32_compressed_in_8_byte_table_entry,sequential_payload	715144	1025768	1024768	1024768	0	00426FDB	ignores_return_and_actual_output_size;writes_min_remaining_chunk_prefix	0	0	1	b4b66c7cee65c58f0d8f0c5aa7afe9554e08692a1ef143e3b5ada6e0ad2be834	b4b66c7cee65c58f0d8f0c5aa7afe9554e08692a1ef143e3b5ada6e0ad2be834	end_marker:1;literal_run_extended:3688;literal_run_short:25152;match_10_to_1f_extended:19;match_10_to_1f_short:14807;match_20_to_3f_extended:259;match_20_to_3f_short:24691;match_40_to_ff:96863;trailing_literal_0:100646;trailing_literal_1:17869;trailing_literal_2:11420;trailing_literal_3:6703
692	182	160	cm_generation_chunk	5	0x121E9807	0x12561124	u32_compressed_in_8_byte_table_entry,sequential_payload	457219	1025768	628992	1024768	395776	00426FDB	ignores_return_and_actual_output_size;writes_min_remaining_chunk_prefix	0	0	1	ef7efce300497f9e1fa27ccf2cd88c84f58eeb80556af49f7ed78c7772de5bda	48e4e1233552082257709cd395a532b49031931f6bce21f9f1a7ab7869550f67	end_marker:1;literal_run_extended:2665;literal_run_short:16115;match_10_to_1f_extended:7;match_10_to_1f_short:8861;match_20_to_3f_extended:169;match_20_to_3f_short:14582;match_40_to_ff:58422;trailing_literal_0:60006;trailing_literal_1:10913;trailing_literal_2:7021;trailing_literal_3:4100
693	183	4	surface_grid	0	0x125D1EE4	0x125D1EE8	u32_compressed_before_payload,u32_post_payload_record_count	153	4800	4800	4800	0	00426182	ignores_return_and_actual_output_size	0	0	1	6dafc5696155856ae9c17ae6f0d154b5af0a3db4443e0936d618ca290d16cb21	6dafc5696155856ae9c17ae6f0d154b5af0a3db4443e0936d618ca290d16cb21	end_marker:1;literal_run_short:1;match_10_to_1f_short:1;match_20_to_3f_extended:19;match_20_to_3f_short:9;match_40_to_ff:13;trailing_literal_0:39;trailing_literal_1:2
694	183	4	cm_generation_chunk	0	0x125D1FB1	0x125D213D	u32_compressed_in_8_byte_table_entry,sequential_payload	288583	1025768	307968	1024768	716800	00426FDB	ignores_return_and_actual_output_size;writes_min_remaining_chunk_prefix	0	0	1	1906256d1c13365285598a4edb3629addbb67e686590ab87bb40ac46d82b6a1b	684f40a6a949e5e816bc40ea99da14affeb1268368fa080d62c41d7132582baf	end_marker:1;literal_run_extended:2800;literal_run_short:8828;match_10_to_1f_short:3181;match_20_to_3f_extended:2;match_20_to_3f_short:4828;match_40_to_ff:18182;trailing_literal_0:19380;trailing_literal_1:3151;trailing_literal_2:2058;trailing_literal_3:1603
695	184	8	surface_grid	0	0x12621621	0x12621625	u32_compressed_before_payload,u32_post_payload_record_count	3332	36000	36000	36000	0	00426182	ignores_return_and_actual_output_size	0	0	1	1df19becabbb8a7591648089aad05bd75515cdcf9efe4cc51dcdaaff3c7952fc	1df19becabbb8a7591648089aad05bd75515cdcf9efe4cc51dcdaaff3c7952fc	end_marker:1;literal_run_short:6;match_10_to_1f_short:1;match_20_to_3f_extended:188;match_20_to_3f_short:369;match_40_to_ff:691;trailing_literal_0:1240;trailing_literal_1:7;trailing_literal_2:1
696	184	8	cm_generation_chunk	0	0x12654C69	0x12654DF5	u32_compressed_in_8_byte_table_entry,sequential_payload	602999	1025768	1024768	1024768	0	00426FDB	ignores_return_and_actual_output_size;writes_min_remaining_chunk_prefix	0	0	1	81bd64d450833ffb560a3cbd09025e47b4e3d9a6d4eb7087cec08a537f901cbf	81bd64d450833ffb560a3cbd09025e47b4e3d9a6d4eb7087cec08a537f901cbf	end_marker:1;literal_run_extended:148;literal_run_short:12423;match_10_to_1f_extended:35;match_10_to_1f_short:17108;match_20_to_3f_extended:42;match_20_to_3f_short:33707;match_40_to_ff:143468;trailing_literal_0:149453;trailing_literal_1:24137;trailing_literal_2:14736;trailing_literal_3:6033
697	184	8	cm_generation_chunk	1	0x12654C71	0x126E816C	u32_compressed_in_8_byte_table_entry,sequential_payload	623437	1025768	1024768	1024768	0	00426FDB	ignores_return_and_actual_output_size;writes_min_remaining_chunk_prefix	0	0	1	eba7ba736b7f35139719496581f4c6704b8849df3875ca29497b6e32267f2730	eba7ba736b7f35139719496581f4c6704b8849df3875ca29497b6e32267f2730	end_marker:1;literal_run_extended:295;literal_run_short:14808;match_10_to_1f_extended:75;match_10_to_1f_short:21577;match_20_to_3f_extended:2;match_20_to_3f_short:17014;match_40_to_ff:156161;trailing_literal_0:146055;trailing_literal_1:26522;trailing_literal_2:15141;trailing_literal_3:7110
698	184	8	cm_generation_chunk	2	0x12654C79	0x127804B9	u32_compressed_in_8_byte_table_entry,sequential_payload	649202	1025768	1024768	1024768	0	00426FDB	ignores_return_and_actual_output_size;writes_min_remaining_chunk_prefix	0	0	1	f254663ffaf69390f8bb471ec481c54790f740e6af049f8ec434ce66ea4c0c7f	f254663ffaf69390f8bb471ec481c54790f740e6af049f8ec434ce66ea4c0c7f	end_marker:1;literal_run_extended:420;literal_run_short:18608;match_10_to_1f_extended:93;match_10_to_1f_short:21040;match_20_to_3f_extended:10;match_20_to_3f_short:23437;match_40_to_ff:142310;trailing_literal_0:137800;trailing_literal_1:25195;trailing_literal_2:16258;trailing_literal_3:7636
699	184	8	cm_generation_chunk	3	0x12654C81	0x1281ECAB	u32_compressed_in_8_byte_table_entry,sequential_payload	680730	1025768	1024768	1024768	0	00426FDB	ignores_return_and_actual_output_size;writes_min_remaining_chunk_prefix	0	0	1	7144d1de0dd8b2547af7e6582f83b6b6df1e2e813b633241054a032c95e379a3	7144d1de0dd8b2547af7e6582f83b6b6df1e2e813b633241054a032c95e379a3	end_marker:1;literal_run_extended:468;literal_run_short:20732;match_10_to_1f_extended:226;match_10_to_1f_short:20165;match_20_to_3f_extended:8;match_20_to_3f_short:34734;match_40_to_ff:129176;trailing_literal_0:131134;trailing_literal_1:26934;trailing_literal_2:18165;trailing_literal_3:8075
700	184	8	cm_generation_chunk	4	0x12654C89	0x128C4FC5	u32_compressed_in_8_byte_table_entry,sequential_payload	354892	1025768	509440	1024768	515328	00426FDB	ignores_return_and_actual_output_size;writes_min_remaining_chunk_prefix	0	0	1	9152c9de72c1853bc72771525a9416d2452e7fe811902bfcf794a7a3d88968a6	9d5fadf4f59628cd12e772a37fcb7f1db5ed99379a3de4dea0022f395609e526	end_marker:1;literal_run_extended:372;literal_run_short:12356;match_10_to_1f_extended:35;match_10_to_1f_short:11129;match_20_to_3f_extended:11;match_20_to_3f_short:15775;match_40_to_ff:61206;trailing_literal_0:61816;trailing_literal_1:13039;trailing_literal_2:8757;trailing_literal_3:4543
701	185	91	surface_grid	0	0x1291D9B2	0x1291D9B6	u32_compressed_before_payload,u32_post_payload_record_count	860	7840	7840	7840	0	00426182	ignores_return_and_actual_output_size	0	0	1	6e2e48e57d07acba7064d6348fdbd2d794886fbd22d72d98f01cd1419d3bf45f	6e2e48e57d07acba7064d6348fdbd2d794886fbd22d72d98f01cd1419d3bf45f	end_marker:1;literal_run_short:2;match_10_to_1f_short:1;match_20_to_3f_extended:44;match_20_to_3f_short:94;match_40_to_ff:176;trailing_literal_0:294;trailing_literal_1:15;trailing_literal_2:5
702	185	91	cm_generation_chunk	0	0x12923F32	0x129240BE	u32_compressed_in_8_byte_table_entry,sequential_payload	480516	1025768	663552	1024768	361216	00426FDB	ignores_return_and_actual_output_size;writes_min_remaining_chunk_prefix	0	0	1	d5d88466f8d3eac40adf6b08efb2e4fc51e3d6af075b099377d95e05551bea5c	55a1a8dfeeeba31622766bdc6549d0216e91530e8ce45564c0d492a8b2e7b671	end_marker:1;literal_run_extended:2865;literal_run_short:17953;match_10_to_1f_extended:156;match_10_to_1f_short:11711;match_20_to_3f_extended:162;match_20_to_3f_short:10903;match_40_to_ff:57636;trailing_literal_0:59218;trailing_literal_1:10203;trailing_literal_2:6908;trailing_literal_3:4238
703	186	92	surface_grid	0	0x1299C529	0x1299C52D	u32_compressed_before_payload,u32_post_payload_record_count	777	11880	11880	11880	0	00426182	ignores_return_and_actual_output_size	0	0	1	2f5d4f827913f3e8db0eef19e9a64ac03521efb9e1456bdc7462190c70284215	2f5d4f827913f3e8db0eef19e9a64ac03521efb9e1456bdc7462190c70284215	end_marker:1;literal_run_short:3;match_10_to_1f_short:1;match_20_to_3f_extended:38;match_20_to_3f_short:68;match_40_to_ff:165;trailing_literal_0:239;trailing_literal_1:25;trailing_literal_2:5;trailing_literal_3:2
704	186	92	cm_generation_chunk	0	0x129A4F82	0x129A510E	u32_compressed_in_8_byte_table_entry,sequential_payload	706410	1025768	989696	1024768	35072	00426FDB	ignores_return_and_actual_output_size;writes_min_remaining_chunk_prefix	0	0	1	4c2d591f345cd264d41fe72d5f0ad527a59cfc472dda83243aaa258235f197a8	d0b0831af6b47c9e9ed6d5e637194f558c58fd783b9bbcb3b1d527135251f55c	end_marker:1;literal_run_extended:4685;literal_run_short:25492;match_10_to_1f_extended:216;match_10_to_1f_short:14589;match_20_to_3f_extended:599;match_20_to_3f_short:23226;match_40_to_ff:71016;trailing_literal_0:79989;trailing_literal_1:13851;trailing_literal_2:10236;trailing_literal_3:5569
705	187	97	surface_grid	0	0x12A551B7	0x12A551BB	u32_compressed_before_payload,u32_post_payload_record_count	216	4800	4800	4800	0	00426182	ignores_return_and_actual_output_size	0	0	1	13825d3bbd8dfd55ec5a222bb75bfd812a60fbc428018d2062ae1ab8d9445c10	13825d3bbd8dfd55ec5a222bb75bfd812a60fbc428018d2062ae1ab8d9445c10	end_marker:1;literal_run_short:2;match_10_to_1f_short:1;match_20_to_3f_extended:17;match_20_to_3f_short:16;match_40_to_ff:29;trailing_literal_0:50;trailing_literal_1:9;trailing_literal_2:2;trailing_literal_3:1
706	187	97	cm_generation_chunk	0	0x12A552F2	0x12A5547E	u32_compressed_in_8_byte_table_entry,sequential_payload	467531	1025768	664064	1024768	360704	00426FDB	ignores_return_and_actual_output_size;writes_min_remaining_chunk_prefix	0	0	1	d1a1466db3d15faaf5854a544c6214884db2b1f3eb8cc175a946c17e60c62aa9	b07be4a6d79aed683bcd2b7453998dc02bd891cf0939621f98e4338669529997	end_marker:1;literal_run_extended:1677;literal_run_short:16606;match_10_to_1f_extended:41;match_10_to_1f_short:7482;match_20_to_3f_extended:117;match_20_to_3f_short:18449;match_40_to_ff:68355;trailing_literal_0:66647;trailing_literal_1:14705;trailing_literal_2:8025;trailing_literal_3:5066
707	188	107	surface_grid	0	0x12AC99E8	0x12AC99EC	u32_compressed_before_payload,u32_post_payload_record_count	939	8736	8736	8736	0	00426182	ignores_return_and_actual_output_size	0	0	1	76247e0ef0c647737018fee92073dd6a40f642db5041fef0efcf99ea5c2cb916	76247e0ef0c647737018fee92073dd6a40f642db5041fef0efcf99ea5c2cb916	end_marker:1;literal_run_short:4;match_10_to_1f_short:1;match_20_to_3f_extended:52;match_20_to_3f_short:79;match_40_to_ff:213;trailing_literal_0:317;trailing_literal_1:22;trailing_literal_2:1;trailing_literal_3:4
708	188	107	cm_generation_chunk	0	0x12AD7C74	0x12AD7E00	u32_compressed_in_8_byte_table_entry,sequential_payload	513875	1025768	687616	1024768	337152	00426FDB	ignores_return_and_actual_output_size;writes_min_remaining_chunk_prefix	0	0	1	d966883adb04b39809ef9034af384ed48f01ea5477803527af23af1b0e1fd069	640d89110cb2f182f1969e7ff92e15f2bb3754ab5b14441f19cfd499030b7304	end_marker:1;literal_run_extended:2962;literal_run_short:20816;match_10_to_1f_extended:145;match_10_to_1f_short:12915;match_20_to_3f_extended:209;match_20_to_3f_short:12614;match_40_to_ff:55756;trailing_literal_0:57791;trailing_literal_1:11306;trailing_literal_2:7565;trailing_literal_3:4976
709	189	194	surface_grid	0	0x12B5DC60	0x12B5DC64	u32_compressed_before_payload,u32_post_payload_record_count	1629	34320	34320	34320	0	00426182	ignores_return_and_actual_output_size	0	0	1	700d14611ab94c350846b8a40052b29871f87352c0f1527ae0373e1e2a9b986b	700d14611ab94c350846b8a40052b29871f87352c0f1527ae0373e1e2a9b986b	end_marker:1;literal_run_short:6;match_10_to_1f_short:1;match_20_to_3f_extended:203;match_20_to_3f_short:101;match_40_to_ff:206;trailing_literal_0:500;trailing_literal_1:10
710	189	194	indexed_object	0	0x12B710FA	0x12B71114	u32_capacity_at_+0x12,u32_compressed_at_+0x16,payload_at_+0x1A	200905	488330	488330	488330	0	0042660E	ignores_return;passes_actual_output_size_to_00401B70	0	0	1	22a9fb4ef23c071d3b300c215232674b9adcc860156d5376b8261eccaa1aa1c8	22a9fb4ef23c071d3b300c215232674b9adcc860156d5376b8261eccaa1aa1c8	end_marker:1;literal_run_extended:6;literal_run_short:887;match_10_to_1f_extended:143;match_10_to_1f_short:3120;match_20_to_3f_extended:560;match_20_to_3f_short:22641;match_40_to_ff:51423;trailing_literal_0:69201;trailing_literal_1:5984;trailing_literal_2:1983;trailing_literal_3:718
711	189	194	cm_generation_chunk	0	0x12BA21FD	0x12BA2389	u32_compressed_in_8_byte_table_entry,sequential_payload	944937	1025768	1024768	1024768	0	00426FDB	ignores_return_and_actual_output_size;writes_min_remaining_chunk_prefix	0	0	1	9668ebaf21b49a568a99c45f8638022c0cd7444a309885d14abf359f7e0e199a	9668ebaf21b49a568a99c45f8638022c0cd7444a309885d14abf359f7e0e199a	end_marker:1;literal_run_extended:9850;literal_run_short:34767;match_10_to_1f_extended:10;match_10_to_1f_short:17534;match_20_to_3f_extended:20;match_20_to_3f_short:13418;match_40_to_ff:62007;trailing_literal_0:65809;trailing_literal_1:12323;trailing_literal_2:7850;trailing_literal_3:7006
712	189	194	cm_generation_chunk	1	0x12BA2205	0x12C88EB2	u32_compressed_in_8_byte_table_entry,sequential_payload	853551	1025768	1024768	1024768	0	00426FDB	ignores_return_and_actual_output_size;writes_min_remaining_chunk_prefix	0	0	1	7ffcff8e7a64c13cf81f77f4299928faf40a722e4177e5065ea5c27f08fb974c	7ffcff8e7a64c13cf81f77f4299928faf40a722e4177e5065ea5c27f08fb974c	end_marker:1;literal_run_extended:5748;literal_run_short:31936;match_10_to_1f_extended:11;match_10_to_1f_short:17322;match_20_to_3f_extended:13;match_20_to_3f_short:25185;match_40_to_ff:87892;trailing_literal_0:90652;trailing_literal_1:18444;trailing_literal_2:13356;trailing_literal_3:7970
713	189	194	cm_generation_chunk	2	0x12BA220D	0x12D594E1	u32_compressed_in_8_byte_table_entry,sequential_payload	663601	1025768	1024768	1024768	0	00426FDB	ignores_return_and_actual_output_size;writes_min_remaining_chunk_prefix	0	0	1	aa14908b1c9dc3a473014d584d2c51dcd5cd38e4fdab917ec4fef0a222ab7970	aa14908b1c9dc3a473014d584d2c51dcd5cd38e4fdab917ec4fef0a222ab7970	end_marker:1;literal_run_extended:1395;literal_run_short:19502;match_10_to_1f_extended:34;match_10_to_1f_short:14459;match_20_to_3f_extended:53;match_20_to_3f_short:22842;match_40_to_ff:139490;trailing_literal_0:132097;trailing_literal_1:23643;trailing_literal_2:13562;trailing_literal_3:7575
714	189	194	cm_generation_chunk	3	0x12BA2215	0x12DFB512	u32_compressed_in_8_byte_table_entry,sequential_payload	787439	1025768	971520	1024768	53248	00426FDB	ignores_return_and_actual_output_size;writes_min_remaining_chunk_prefix	0	0	1	b75b236c243a08205c7c2ce08d214f2e00780a613c9387fc6f0f5c53f2e1ffff	56e9cf4567d4da9d08c1688b661c8fc6981d1a884b3067793da3af1ef92dce11	end_marker:1;literal_run_extended:6411;literal_run_short:26523;match_10_to_1f_extended:97;match_10_to_1f_short:15210;match_20_to_3f_extended:52;match_20_to_3f_short:19414;match_40_to_ff:78487;trailing_literal_0:83259;trailing_literal_1:14476;trailing_literal_2:9072;trailing_literal_3:6452
715	190	237	surface_grid	0	0x12EBCCC1	0x12EBCCC5	u32_compressed_before_payload,u32_post_payload_record_count	880	4800	4800	4800	0	00426182	ignores_return_and_actual_output_size	0	0	1	c6c9d39dc477dbd1d09c15a62266b36e24a9c559d65a8d68740660997ba0a76b	c6c9d39dc477dbd1d09c15a62266b36e24a9c559d65a8d68740660997ba0a76b	end_marker:1;literal_run_short:4;match_10_to_1f_short:1;match_20_to_3f_extended:17;match_20_to_3f_short:78;match_40_to_ff:247;trailing_literal_0:307;trailing_literal_1:29;trailing_literal_2:4;trailing_literal_3:2
716	190	237	cm_generation_chunk	0	0x12EC1096	0x12EC1222	u32_compressed_in_8_byte_table_entry,sequential_payload	213545	1025768	614912	1024768	409856	00426FDB	ignores_return_and_actual_output_size;writes_min_remaining_chunk_prefix	0	0	1	85446e27baa5773e233429252550e60e1f48a07bbcd1969b2b441c25756e2a8d	dcd8f0d3b231d7a227f1ed1ca5f7de14b31eaab61c065f0e48238c513a9abf3c	end_marker:1;literal_run_extended:242;literal_run_short:6495;match_10_to_1f_extended:143;match_10_to_1f_short:11513;match_20_to_3f_extended:84;match_20_to_3f_short:10792;match_40_to_ff:31017;trailing_literal_0:39873;trailing_literal_1:6412;trailing_literal_2:5194;trailing_literal_3:2069
717	191	238	surface_grid	0	0x12EF680B	0x12EF680F	u32_compressed_before_payload,u32_post_payload_record_count	708	4800	4800	4800	0	00426182	ignores_return_and_actual_output_size	0	0	1	cf9e787467b3ce70dba988a33e41434c6b931e43b7071161c199c1a83132c675	cf9e787467b3ce70dba988a33e41434c6b931e43b7071161c199c1a83132c675	end_marker:1;literal_run_short:3;match_10_to_1f_short:1;match_20_to_3f_extended:11;match_20_to_3f_short:74;match_40_to_ff:187;trailing_literal_0:239;trailing_literal_1:28;trailing_literal_2:3;trailing_literal_3:2
718	191	238	cm_generation_chunk	0	0x12EFBAED	0x12EFBC79	u32_compressed_in_8_byte_table_entry,sequential_payload	225434	1025768	614912	1024768	409856	00426FDB	ignores_return_and_actual_output_size;writes_min_remaining_chunk_prefix	0	0	1	ec08e53a2fad23672c65f2f54258d6713469fee514c2e17179a95fb9338cd31b	87363859073122d03d99a5e33ae5a5e59e9a28333c25fd6481ecb82f3ce872bf	end_marker:1;literal_run_extended:353;literal_run_short:6239;match_10_to_1f_extended:135;match_10_to_1f_short:10312;match_20_to_3f_extended:116;match_20_to_3f_short:12790;match_40_to_ff:34364;trailing_literal_0:43288;trailing_literal_1:7227;trailing_literal_2:5035;trailing_literal_3:2166
719	192	282	surface_grid	0	0x12F35CF0	0x12F35CF4	u32_compressed_before_payload,u32_post_payload_record_count	306	12000	12000	12000	0	00426182	ignores_return_and_actual_output_size	0	0	1	b825872f52b2d7e9049811def70edcf1c72bdf558e7c0c926c455cd4c5020e57	b825872f52b2d7e9049811def70edcf1c72bdf558e7c0c926c455cd4c5020e57	end_marker:1;literal_run_short:3;match_10_to_1f_short:1;match_20_to_3f_extended:27;match_20_to_3f_short:12;match_40_to_ff:53;trailing_literal_0:88;trailing_literal_1:4
720	192	282	cm_generation_chunk	0	0x12F3DCD5	0x12F3DE61	u32_compressed_in_8_byte_table_entry,sequential_payload	337459	1025768	1024768	1024768	0	00426FDB	ignores_return_and_actual_output_size;writes_min_remaining_chunk_prefix	0	0	1	29f2ae2f0a0a559dccc5c52844516227a33976bc0922d9352624be14a86352aa	29f2ae2f0a0a559dccc5c52844516227a33976bc0922d9352624be14a86352aa	end_marker:1;literal_run_extended:118;literal_run_short:3231;match_10_to_1f_extended:505;match_10_to_1f_short:6919;match_20_to_3f_extended:1915;match_20_to_3f_short:28002;match_40_to_ff:87025;trailing_literal_0:110322;trailing_literal_1:8386;trailing_literal_2:4022;trailing_literal_3:1635
721	192	282	cm_generation_chunk	1	0x12F3DCDD	0x12F90494	u32_compressed_in_8_byte_table_entry,sequential_payload	331130	1025768	469248	1024768	555520	00426FDB	ignores_return_and_actual_output_size;writes_min_remaining_chunk_prefix	0	0	1	55831875a1f44f5da218459c72fa6111322212bbaf5b7bbe754bab0520e25ab5	5d55dc4c196f1fa8fbc9f2f7753fc9fc3febb93e14b1694c7845ccb23f2ea4c7	end_marker:1;literal_run_extended:250;literal_run_short:9497;match_10_to_1f_extended:9;match_10_to_1f_short:11947;match_20_to_3f_extended:2;match_20_to_3f_short:18622;match_40_to_ff:57348;trailing_literal_0:59736;trailing_literal_1:15057;trailing_literal_2:8608;trailing_literal_3:4526
722	193	283	surface_grid	0	0x12FE62CB	0x12FE62CF	u32_compressed_before_payload,u32_post_payload_record_count	701	20416	20416	20416	0	00426182	ignores_return_and_actual_output_size	0	0	1	1ec24f06247ab1b409c1b4bef41f27acce45bc29f72c35dff487d48a42215be3	1ec24f06247ab1b409c1b4bef41f27acce45bc29f72c35dff487d48a42215be3	end_marker:1;literal_run_short:2;match_10_to_1f_short:1;match_20_to_3f_extended:80;match_20_to_3f_short:65;match_40_to_ff:60;trailing_literal_0:200;trailing_literal_1:3;trailing_literal_2:2
723	193	283	cm_generation_chunk	0	0x12FE6609	0x12FE6795	u32_compressed_in_8_byte_table_entry,sequential_payload	308409	1025768	1024768	1024768	0	00426FDB	ignores_return_and_actual_output_size;writes_min_remaining_chunk_prefix	0	0	1	5b3b5f44b23772d37f1900aaed4255691fb96d56ffd8cd19af0b99b0cde1cc65	5b3b5f44b23772d37f1900aaed4255691fb96d56ffd8cd19af0b99b0cde1cc65	end_marker:1;literal_run_extended:155;literal_run_short:2563;match_10_to_1f_extended:272;match_10_to_1f_short:3498;match_20_to_3f_extended:2026;match_20_to_3f_short:32306;match_40_to_ff:74527;trailing_literal_0:100770;trailing_literal_1:6906;trailing_literal_2:3397;trailing_literal_3:1555
724	193	283	cm_generation_chunk	1	0x12FE6611	0x13031C4E	u32_compressed_in_8_byte_table_entry,sequential_payload	590420	1025768	1024768	1024768	0	00426FDB	ignores_return_and_actual_output_size;writes_min_remaining_chunk_prefix	0	0	1	8aebe523d5aaacf19f2d998320f9f0484edf46fb7fe5c0b4bdaf638657eedb64	8aebe523d5aaacf19f2d998320f9f0484edf46fb7fe5c0b4bdaf638657eedb64	end_marker:1;literal_run_extended:2397;literal_run_short:18328;match_10_to_1f_extended:22;match_10_to_1f_short:4581;match_20_to_3f_extended:705;match_20_to_3f_short:22074;match_40_to_ff:107870;trailing_literal_0:102841;trailing_literal_1:16846;trailing_literal_2:9759;trailing_literal_3:5805
725	193	283	cm_generation_chunk	2	0x12FE6619	0x130C1EA2	u32_compressed_in_8_byte_table_entry,sequential_payload	358305	1025768	538112	1024768	486656	00426FDB	ignores_return_and_actual_output_size;writes_min_remaining_chunk_prefix	0	0	1	f8f1d6a5922b4ec8aeeeb68534047c82e667529682cef66d7072f4d93d6df5bb	ae2a7c3448c66e2644ddc9cf2f2e24ecf1ef31daab9e72b74b9a01c55c5245dd	end_marker:1;literal_run_extended:1420;literal_run_short:10784;match_10_to_1f_extended:3;match_10_to_1f_short:2699;match_20_to_3f_extended:117;match_20_to_3f_short:10616;match_40_to_ff:71618;trailing_literal_0:64803;trailing_literal_1:10902;trailing_literal_2:5619;trailing_literal_3:3728
726	194	286	surface_grid	0	0x1311CCE8	0x1311CCEC	u32_compressed_before_payload,u32_post_payload_record_count	790	13736	13736	13736	0	00426182	ignores_return_and_actual_output_size	0	0	1	1666fecca194c9a489118243ce953ac57ede61c5bad111035f69f2407b8d8dcd	1666fecca194c9a489118243ce953ac57ede61c5bad111035f69f2407b8d8dcd	end_marker:1;literal_run_short:2;match_10_to_1f_short:1;match_20_to_3f_extended:68;match_20_to_3f_short:79;match_40_to_ff:117;trailing_literal_0:259;trailing_literal_1:5
727	194	286	cm_generation_chunk	0	0x1311D9F4	0x1311DB80	u32_compressed_in_8_byte_table_entry,sequential_payload	499314	1025768	1024768	1024768	0	00426FDB	ignores_return_and_actual_output_size;writes_min_remaining_chunk_prefix	0	0	1	d3d2ccb7ee2bab87f4beb398cc7f76930a3bba64de5f24e5e4412d414d10899c	d3d2ccb7ee2bab87f4beb398cc7f76930a3bba64de5f24e5e4412d414d10899c	end_marker:1;literal_run_extended:1179;literal_run_short:10592;match_10_to_1f_extended:246;match_10_to_1f_short:7890;match_20_to_3f_extended:459;match_20_to_3f_short:26110;match_40_to_ff:112612;trailing_literal_0:120451;trailing_literal_1:14823;trailing_literal_2:8129;trailing_literal_3:3913
728	194	286	cm_generation_chunk	1	0x1311D9FC	0x131979F2	u32_compressed_in_8_byte_table_entry,sequential_payload	571898	1025768	733952	1024768	290816	00426FDB	ignores_return_and_actual_output_size;writes_min_remaining_chunk_prefix	0	0	1	23395a27cf4a1d8455580aebeb456c8b8ef76b55e784935021219a49b6a34d46	a363c24e56259ef49948b6fcfbdfa8ec8a3c4081401c2cc0638008f6eb7ebf1c	end_marker:1;literal_run_extended:3500;literal_run_short:23042;match_10_to_1f_extended:20;match_10_to_1f_short:8675;match_20_to_3f_extended:64;match_20_to_3f_short:11235;match_40_to_ff:72072;trailing_literal_0:64641;trailing_literal_1:13216;trailing_literal_2:7870;trailing_literal_3:6338
729	195	239	surface_grid	0	0x132247AC	0x132247B0	u32_compressed_before_payload,u32_post_payload_record_count	845	4800	4800	4800	0	00426182	ignores_return_and_actual_output_size	0	0	1	79eb5ce2b0cbb8378a2e0b2ae6065e3f9cc0f5ed321588ea18c40f4349546779	79eb5ce2b0cbb8378a2e0b2ae6065e3f9cc0f5ed321588ea18c40f4349546779	end_marker:1;literal_run_short:3;match_10_to_1f_short:1;match_20_to_3f_extended:8;match_20_to_3f_short:75;match_40_to_ff:260;trailing_literal_0:316;trailing_literal_1:20;trailing_literal_2:4;trailing_literal_3:3
730	195	239	cm_generation_chunk	0	0x13228081	0x1322820D	u32_compressed_in_8_byte_table_entry,sequential_payload	208489	1025768	614912	1024768	409856	00426FDB	ignores_return_and_actual_output_size;writes_min_remaining_chunk_prefix	0	0	1	45bc95a5719bec8206c38213f555a757a664e5a4b18356654bf96886427687f6	e52474aa559e2b430ec994e6c72e2ac157d7ea81dfb0bba29959e356059a10f2	end_marker:1;literal_run_extended:310;literal_run_short:5694;match_10_to_1f_extended:109;match_10_to_1f_short:9393;match_20_to_3f_extended:90;match_20_to_3f_short:11495;match_40_to_ff:33602;trailing_literal_0:42069;trailing_literal_1:6482;trailing_literal_2:4380;trailing_literal_3:1757
731	196	240	surface_grid	0	0x1325C435	0x1325C439	u32_compressed_before_payload,u32_post_payload_record_count	968	4800	4800	4800	0	00426182	ignores_return_and_actual_output_size	0	0	1	7cf9a133a653662e38148f85b517c4553a660d1f0a4803682c82e847fd1d4744	7cf9a133a653662e38148f85b517c4553a660d1f0a4803682c82e847fd1d4744	end_marker:1;literal_run_short:4;match_10_to_1f_short:1;match_20_to_3f_extended:15;match_20_to_3f_short:90;match_40_to_ff:279;trailing_literal_0:349;trailing_literal_1:31;trailing_literal_2:4
732	196	240	cm_generation_chunk	0	0x1325F142	0x1325F2CE	u32_compressed_in_8_byte_table_entry,sequential_payload	224250	1025768	614912	1024768	409856	00426FDB	ignores_return_and_actual_output_size;writes_min_remaining_chunk_prefix	0	0	1	201c20cb4e0a8c96a3d588bf5b2a472afe8c31149e51728ad72fe173ef67fbfb	97a9fcbd3345de60cd827224eeb4655727c440810482e866738e175798cf7bbf	end_marker:1;literal_run_extended:185;literal_run_short:5890;match_10_to_1f_extended:121;match_10_to_1f_short:11977;match_20_to_3f_extended:82;match_20_to_3f_short:13500;match_40_to_ff:34622;trailing_literal_0:44685;trailing_literal_1:7794;trailing_literal_2:5646;trailing_literal_3:2176
733	197	299	surface_grid	0	0x1329AAC5	0x1329AAC9	u32_compressed_before_payload,u32_post_payload_record_count	2230	19200	19200	19200	0	00426182	ignores_return_and_actual_output_size	0	0	1	8e683e9d1a7f606e8747656f2ffc16c95b44ac31c511ea1d44f4a5aef4db69d7	8e683e9d1a7f606e8747656f2ffc16c95b44ac31c511ea1d44f4a5aef4db69d7	end_marker:1;literal_run_short:4;match_10_to_1f_short:1;match_20_to_3f_extended:153;match_20_to_3f_short:252;match_40_to_ff:411;trailing_literal_0:812;trailing_literal_1:3;trailing_literal_2:1
734	197	299	cm_generation_chunk	0	0x132AAC2D	0x132AADB9	u32_compressed_in_8_byte_table_entry,sequential_payload	522321	1025768	1024768	1024768	0	00426FDB	ignores_return_and_actual_output_size;writes_min_remaining_chunk_prefix	0	0	1	4641d6733c9edc79e8fb73bc0212dfe259d4404f95b9f90af65ff049ff647bcd	4641d6733c9edc79e8fb73bc0212dfe259d4404f95b9f90af65ff049ff647bcd	end_marker:1;literal_run_extended:79;literal_run_short:12722;match_10_to_1f_extended:582;match_10_to_1f_short:25825;match_20_to_3f_extended:566;match_20_to_3f_short:36537;match_40_to_ff:88866;trailing_literal_0:114853;trailing_literal_1:18941;trailing_literal_2:13223;trailing_literal_3:5358
735	197	299	cm_generation_chunk	1	0x132AAC35	0x1332A60A	u32_compressed_in_8_byte_table_entry,sequential_payload	131255	1025768	271104	1024768	753664	00426FDB	ignores_return_and_actual_output_size;writes_min_remaining_chunk_prefix	0	0	1	65f0c497e39bd0484bbedec3a2eefe298ad5d9e1d7af2e15377cf0845cfaedc8	dde2cae7755170c36a692fe5ba2d4a9356067bd5fa83862313dec756842a394b	end_marker:1;literal_run_extended:35;literal_run_short:3294;match_10_to_1f_extended:149;match_10_to_1f_short:5019;match_20_to_3f_extended:224;match_20_to_3f_short:10252;match_40_to_ff:20775;trailing_literal_0:27503;trailing_literal_1:4334;trailing_literal_2:3196;trailing_literal_3:1385
736	198	300	surface_grid	0	0x13350EDE	0x13350EE2	u32_compressed_before_payload,u32_post_payload_record_count	1883	26400	26400	26400	0	00426182	ignores_return_and_actual_output_size	0	0	1	73c46f4a5bdd412e822bbb6cf91a38dd9df17fa1ea3b117bab498b06bc318aed	73c46f4a5bdd412e822bbb6cf91a38dd9df17fa1ea3b117bab498b06bc318aed	end_marker:1;literal_run_short:4;match_10_to_1f_short:1;match_20_to_3f_extended:159;match_20_to_3f_short:152;match_40_to_ff:358;trailing_literal_0:652;trailing_literal_1:17
737	198	300	cm_generation_chunk	0	0x1335FD74	0x1335FF00	u32_compressed_in_8_byte_table_entry,sequential_payload	535172	1025768	1024768	1024768	0	00426FDB	ignores_return_and_actual_output_size;writes_min_remaining_chunk_prefix	0	0	1	66cac862fc6ac458087c4bae09553f5512342ec2241f8a4361480ccc7a2e5d69	66cac862fc6ac458087c4bae09553f5512342ec2241f8a4361480ccc7a2e5d69	end_marker:1;literal_run_extended:151;literal_run_short:13805;match_10_to_1f_extended:676;match_10_to_1f_short:24949;match_20_to_3f_extended:383;match_20_to_3f_short:31504;match_40_to_ff:99048;trailing_literal_0:119965;trailing_literal_1:18070;trailing_literal_2:13101;trailing_literal_3:5423
738	198	300	cm_generation_chunk	1	0x1335FD7C	0x133E2984	u32_compressed_in_8_byte_table_entry,sequential_payload	151949	1025768	234752	1024768	790016	00426FDB	ignores_return_and_actual_output_size;writes_min_remaining_chunk_prefix	0	0	1	de3d558cbac2a4c9cf391fd1890e7281f66aefaff7593bba56a4edf0c28bb377	318280ccc95f325faa6d906d6c7e6f7f1e0a24731dd874387ceb3a24e07809cc	end_marker:1;literal_run_extended:422;literal_run_short:5587;match_10_to_1f_extended:82;match_10_to_1f_short:4380;match_20_to_3f_extended:72;match_20_to_3f_short:6015;match_40_to_ff:21124;trailing_literal_0:23037;trailing_literal_1:4054;trailing_literal_2:2955;trailing_literal_3:1626
739	199	301	surface_grid	0	0x134124CE	0x134124D2	u32_compressed_before_payload,u32_post_payload_record_count	2594	43200	43200	43200	0	00426182	ignores_return_and_actual_output_size	0	0	1	6da565224ca90f60074fe63a74369d1072f943197fe35c11c9bdf1c05199dac2	6da565224ca90f60074fe63a74369d1072f943197fe35c11c9bdf1c05199dac2	end_marker:1;literal_run_short:6;match_10_to_1f_extended:2;match_10_to_1f_short:5;match_20_to_3f_extended:205;match_20_to_3f_short:228;match_40_to_ff:474;trailing_literal_0:898;trailing_literal_1:11;trailing_literal_2:3;trailing_literal_3:1
740	199	301	cm_generation_chunk	0	0x1342B806	0x1342B992	u32_compressed_in_8_byte_table_entry,sequential_payload	413570	1025768	1024768	1024768	0	00426FDB	ignores_return_and_actual_output_size;writes_min_remaining_chunk_prefix	0	0	1	c57b4f5c1b4ea11370121235cc57887db187853e21ed4fe1626e95f450a6264c	c57b4f5c1b4ea11370121235cc57887db187853e21ed4fe1626e95f450a6264c	end_marker:1;literal_run_extended:60;literal_run_short:8111;match_10_to_1f_extended:702;match_10_to_1f_short:18304;match_20_to_3f_extended:1168;match_20_to_3f_short:28401;match_40_to_ff:82603;trailing_literal_0:105307;trailing_literal_1:13123;trailing_literal_2:9082;trailing_literal_3:3665
741	199	301	cm_generation_chunk	1	0x1342B80E	0x13490914	u32_compressed_in_8_byte_table_entry,sequential_payload	327956	1025768	720640	1024768	304128	00426FDB	ignores_return_and_actual_output_size;writes_min_remaining_chunk_prefix	0	0	1	59b2bb195593f57bb6b4ee5a0e2e3aa60d50a7e9f62a0c39183a8a26ccd63a7b	25eba1125ed0b15ee45393c48c713bb824192189aa394ef95fdb1f905e77230e	end_marker:1;literal_run_extended:43;literal_run_short:6527;match_10_to_1f_extended:591;match_10_to_1f_short:15688;match_20_to_3f_extended:485;match_20_to_3f_short:21611;match_40_to_ff:63994;trailing_literal_0:80222;trailing_literal_1:11324;trailing_literal_2:7832;trailing_literal_3:2990
742	200	302	surface_grid	0	0x134EB3E5	0x134EB3E9	u32_compressed_before_payload,u32_post_payload_record_count	2164	43200	43200	43200	0	00426182	ignores_return_and_actual_output_size	0	0	1	4db42a3502aaafcf07cce7edabf87fa83b2ee04b7d22447e19ddee1451b3a0c5	4db42a3502aaafcf07cce7edabf87fa83b2ee04b7d22447e19ddee1451b3a0c5	end_marker:1;literal_run_short:2;match_10_to_1f_short:1;match_20_to_3f_extended:201;match_20_to_3f_short:178;match_40_to_ff:366;trailing_literal_0:737;trailing_literal_1:5;trailing_literal_2:1;trailing_literal_3:2
743	200	302	cm_generation_chunk	0	0x134FD5FA	0x134FD786	u32_compressed_in_8_byte_table_entry,sequential_payload	452179	1025768	1024768	1024768	0	00426FDB	ignores_return_and_actual_output_size;writes_min_remaining_chunk_prefix	0	0	1	114d3b193d7aea9aabe54b7df8b1cbbd5b2c311b943f3de5b7a11766c34eacdd	114d3b193d7aea9aabe54b7df8b1cbbd5b2c311b943f3de5b7a11766c34eacdd	end_marker:1;literal_run_extended:100;literal_run_short:9663;match_10_to_1f_extended:640;match_10_to_1f_short:22208;match_20_to_3f_extended:983;match_20_to_3f_short:29204;match_40_to_ff:86243;trailing_literal_0:109997;trailing_literal_1:14422;trailing_literal_2:10751;trailing_literal_3:4107
744	200	302	cm_generation_chunk	1	0x134FD602	0x1356BDD9	u32_compressed_in_8_byte_table_entry,sequential_payload	308744	1025768	695040	1024768	329728	00426FDB	ignores_return_and_actual_output_size;writes_min_remaining_chunk_prefix	0	0	1	31d0dba8d7909eaa06a017089602c1d7b320d9af408ee533ca0b47bd904d7feb	2698b49e061f221fc969eb4b5c6add83e6bb87b0962407559623c3676bc938a7	end_marker:1;literal_run_extended:57;literal_run_short:5963;match_10_to_1f_extended:542;match_10_to_1f_short:14593;match_20_to_3f_extended:629;match_20_to_3f_short:21045;match_40_to_ff:60006;trailing_literal_0:76714;trailing_literal_1:10302;trailing_literal_2:7064;trailing_literal_3:2734
745	201	303	surface_grid	0	0x135C014E	0x135C0152	u32_compressed_before_payload,u32_post_payload_record_count	2664	35952	35952	35952	0	00426182	ignores_return_and_actual_output_size	0	0	1	7f3082e4e13b45fe3bf9574235e5d46d6429482bfe56bdde9074b5c688b6be5c	7f3082e4e13b45fe3bf9574235e5d46d6429482bfe56bdde9074b5c688b6be5c	end_marker:1;literal_run_short:3;match_10_to_1f_short:1;match_20_to_3f_extended:200;match_20_to_3f_short:264;match_40_to_ff:499;trailing_literal_0:955;trailing_literal_1:5;trailing_literal_2:3
746	201	303	cm_generation_chunk	0	0x135DA184	0x135DA310	u32_compressed_in_8_byte_table_entry,sequential_payload	518539	1025768	1024768	1024768	0	00426FDB	ignores_return_and_actual_output_size;writes_min_remaining_chunk_prefix	0	0	1	f81c538316a4d47407a0904dc73a41e38557ffa7314f7e6fc0614f3a544e7f38	f81c538316a4d47407a0904dc73a41e38557ffa7314f7e6fc0614f3a544e7f38	end_marker:1;literal_run_extended:110;literal_run_short:12166;match_10_to_1f_extended:566;match_10_to_1f_short:24698;match_20_to_3f_extended:475;match_20_to_3f_short:32131;match_40_to_ff:98307;trailing_literal_0:120853;trailing_literal_1:17635;trailing_literal_2:12683;trailing_literal_3:5005
747	201	303	cm_generation_chunk	1	0x135DA18C	0x13658C9B	u32_compressed_in_8_byte_table_entry,sequential_payload	190838	1025768	363776	1024768	660992	00426FDB	ignores_return_and_actual_output_size;writes_min_remaining_chunk_prefix	0	0	1	2747b07a9d07f31e1af3f563c0adc0ead86807e5ff60787c0756ff00325aa488	3301a9c5ce975fad2ef36950cb7fcb94ce0c9ceb0634e283f63e28a3957d8116	end_marker:1;literal_run_extended:39;literal_run_short:4050;match_10_to_1f_extended:184;match_10_to_1f_short:8274;match_20_to_3f_extended:127;match_20_to_3f_short:12943;match_40_to_ff:36341;trailing_literal_0:45044;trailing_literal_1:6518;trailing_literal_2:4505;trailing_literal_3:1801
748	202	304	surface_grid	0	0x1368B26E	0x1368B272	u32_compressed_before_payload,u32_post_payload_record_count	1400	15200	15200	15200	0	00426182	ignores_return_and_actual_output_size	0	0	1	ae74ca394399cbcc06f38f4deffa024227713a34cd473d057a83fdf918169451	ae74ca394399cbcc06f38f4deffa024227713a34cd473d057a83fdf918169451	end_marker:1;literal_run_short:3;match_10_to_1f_short:1;match_20_to_3f_extended:114;match_20_to_3f_short:146;match_40_to_ff:223;trailing_literal_0:463;trailing_literal_1:13;trailing_literal_2:4;trailing_literal_3:3
749	202	304	cm_generation_chunk	0	0x1368DE6D	0x1368DFF9	u32_compressed_in_8_byte_table_entry,sequential_payload	532938	1025768	1024768	1024768	0	00426FDB	ignores_return_and_actual_output_size;writes_min_remaining_chunk_prefix	0	0	1	6af1cf475c3688bea9825f27da155350fc8007db3452add0e4f2b9e28faae80c	6af1cf475c3688bea9825f27da155350fc8007db3452add0e4f2b9e28faae80c	end_marker:1;literal_run_extended:54;literal_run_short:9656;match_10_to_1f_extended:237;match_10_to_1f_short:23016;match_20_to_3f_extended:483;match_20_to_3f_short:37448;match_40_to_ff:107834;trailing_literal_0:127582;trailing_literal_1:22428;trailing_literal_2:13431;trailing_literal_3:5576
750	202	304	cm_generation_chunk	1	0x1368DE75	0x137101C3	u32_compressed_in_8_byte_table_entry,sequential_payload	81022	1025768	206592	1024768	818176	00426FDB	ignores_return_and_actual_output_size;writes_min_remaining_chunk_prefix	0	0	1	386fce0cb5dcb189a68d3182670d802da661f727dd29f4218c9d69ec1ad67a18	a057315c0c6a3227b45570f4bae62073a520d64aae2335296a43a718694e56bc	end_marker:1;literal_run_extended:40;literal_run_short:1258;match_10_to_1f_extended:72;match_10_to_1f_short:2539;match_20_to_3f_extended:271;match_20_to_3f_short:5745;match_40_to_ff:15856;trailing_literal_0:18951;trailing_literal_1:3241;trailing_literal_2:1612;trailing_literal_3:678
751	203	305	surface_grid	0	0x1372713E	0x13727142	u32_compressed_before_payload,u32_post_payload_record_count	811	12800	12800	12800	0	00426182	ignores_return_and_actual_output_size	0	0	1	bbf60154b0e707c5c3cfbbb16c7156fae8e7c25d29bbe95a8fae1650374a3d6d	bbf60154b0e707c5c3cfbbb16c7156fae8e7c25d29bbe95a8fae1650374a3d6d	end_marker:1;literal_run_short:4;match_10_to_1f_short:1;match_20_to_3f_extended:66;match_20_to_3f_short:69;match_40_to_ff:138;trailing_literal_0:263;trailing_literal_1:8;trailing_literal_2:1;trailing_literal_3:1
752	203	305	cm_generation_chunk	0	0x1372BEA5	0x1372C031	u32_compressed_in_8_byte_table_entry,sequential_payload	450465	1025768	1024768	1024768	0	00426FDB	ignores_return_and_actual_output_size;writes_min_remaining_chunk_prefix	0	0	1	b1235c45e4e47789949f4e77153969169352f6c4beaee1cb5b4eb9782879045f	b1235c45e4e47789949f4e77153969169352f6c4beaee1cb5b4eb9782879045f	end_marker:1;literal_run_extended:1043;literal_run_short:12532;match_10_to_1f_extended:388;match_10_to_1f_short:12386;match_20_to_3f_extended:1405;match_20_to_3f_short:23929;match_40_to_ff:80259;trailing_literal_0:96269;trailing_literal_1:11282;trailing_literal_2:6755;trailing_literal_3:4060
753	203	305	cm_generation_chunk	1	0x1372BEAD	0x13799FD2	u32_compressed_in_8_byte_table_entry,sequential_payload	283719	1025768	506112	1024768	518656	00426FDB	ignores_return_and_actual_output_size;writes_min_remaining_chunk_prefix	0	0	1	84c8d345fbb58008ec385552e84dcb72fa80b2d163edd18a6f7c7608b9fc20c1	ef360307e765947dc770d0dc9381c444cad8fabd611bc417ba881ea3e1a4b6d7	end_marker:1;literal_run_extended:393;literal_run_short:8214;match_10_to_1f_extended:95;match_10_to_1f_short:9590;match_20_to_3f_extended:274;match_20_to_3f_short:12058;match_40_to_ff:54131;trailing_literal_0:56983;trailing_literal_1:10325;trailing_literal_2:5850;trailing_literal_3:2989
754	204	306	surface_grid	0	0x137E2716	0x137E271A	u32_compressed_before_payload,u32_post_payload_record_count	385	12800	12800	12800	0	00426182	ignores_return_and_actual_output_size	0	0	1	d8b80418ca9aa11e927622b16ba8d7accbe529e0e25a315ff55b882a7150ac2c	d8b80418ca9aa11e927622b16ba8d7accbe529e0e25a315ff55b882a7150ac2c	end_marker:1;literal_run_short:2;match_10_to_1f_short:1;match_20_to_3f_extended:38;match_20_to_3f_short:27;match_40_to_ff:45;trailing_literal_0:101;trailing_literal_1:8;trailing_literal_3:1
755	204	306	cm_generation_chunk	0	0x137E28FA	0x137E2A86	u32_compressed_in_8_byte_table_entry,sequential_payload	337405	1025768	1024768	1024768	0	00426FDB	ignores_return_and_actual_output_size;writes_min_remaining_chunk_prefix	0	0	1	94308655f6e870abb4d4286e3dc98e73c41c70fd15e79489faf3f89b8aa94138	94308655f6e870abb4d4286e3dc98e73c41c70fd15e79489faf3f89b8aa94138	end_marker:1;literal_run_extended:117;literal_run_short:3094;match_10_to_1f_extended:548;match_10_to_1f_short:10913;match_20_to_3f_extended:1426;match_20_to_3f_short:27086;match_40_to_ff:84376;trailing_literal_0:111186;trailing_literal_1:7730;trailing_literal_2:3930;trailing_literal_3:1502
756	204	306	cm_generation_chunk	1	0x137E2902	0x13835083	u32_compressed_in_8_byte_table_entry,sequential_payload	273871	1025768	549120	1024768	475648	00426FDB	ignores_return_and_actual_output_size;writes_min_remaining_chunk_prefix	0	0	1	a494b4260dbf7adc9767fdbac1b37964cb79e993a3cdc1d127fee54210ffab41	97e6953302bde2ad92b19544eefd33f24b61af964cffb509dd8e6ec01975099d	end_marker:1;literal_run_extended:241;literal_run_short:7008;match_10_to_1f_extended:235;match_10_to_1f_short:9600;match_20_to_3f_extended:430;match_20_to_3f_short:13789;match_40_to_ff:53864;trailing_literal_0:59685;trailing_literal_1:9681;trailing_literal_2:5457;trailing_literal_3:3094
757	205	307	surface_grid	0	0x1387920F	0x13879213	u32_compressed_before_payload,u32_post_payload_record_count	708	4800	4800	4800	0	00426182	ignores_return_and_actual_output_size	0	0	1	5abe1cafb403396f480dabe8f5ffdb6af0ea5867a93af5cef539082a04a6ad80	5abe1cafb403396f480dabe8f5ffdb6af0ea5867a93af5cef539082a04a6ad80	end_marker:1;literal_run_short:2;match_10_to_1f_short:1;match_20_to_3f_extended:29;match_20_to_3f_short:108;match_40_to_ff:120;trailing_literal_0:248;trailing_literal_1:8;trailing_literal_2:1
758	205	307	cm_generation_chunk	0	0x1387954D	0x138796D9	u32_compressed_in_8_byte_table_entry,sequential_payload	378978	1025768	614912	1024768	409856	00426FDB	ignores_return_and_actual_output_size;writes_min_remaining_chunk_prefix	0	0	1	de74f08a5ad52314b5811d3da7f0e1826e94dba43cc8219efefb152c7c8f7289	ade17ab6fe97de20c98268dd144ddb74d609f79422b03056406ed770de762721	end_marker:1;literal_run_extended:1542;literal_run_short:10058;match_10_to_1f_extended:56;match_10_to_1f_short:6814;match_20_to_3f_extended:175;match_20_to_3f_short:17872;match_40_to_ff:64494;trailing_literal_0:70688;trailing_literal_1:9995;trailing_literal_2:5431;trailing_literal_3:3296
759	206	308	surface_grid	0	0x138D8748	0x138D874C	u32_compressed_before_payload,u32_post_payload_record_count	988	10000	10000	10000	0	00426182	ignores_return_and_actual_output_size	0	0	1	5267700e4511a69b7d28de446c7cdad47f6fdd58ce4b8462c06067af71d26830	5267700e4511a69b7d28de446c7cdad47f6fdd58ce4b8462c06067af71d26830	end_marker:1;literal_run_short:3;match_10_to_1f_short:1;match_20_to_3f_extended:101;match_20_to_3f_short:73;match_40_to_ff:165;trailing_literal_0:336;trailing_literal_1:3
760	206	308	cm_generation_chunk	0	0x138D8B8A	0x138D8D16	u32_compressed_in_8_byte_table_entry,sequential_payload	523834	1025768	1024768	1024768	0	00426FDB	ignores_return_and_actual_output_size;writes_min_remaining_chunk_prefix	0	0	1	7b96bfabf46ddb1015d92f7fb057d4c9fcd1c35e77cf9149db9b2380ba2485f8	7b96bfabf46ddb1015d92f7fb057d4c9fcd1c35e77cf9149db9b2380ba2485f8	end_marker:1;literal_run_extended:451;literal_run_short:11175;match_10_to_1f_extended:421;match_10_to_1f_short:20191;match_20_to_3f_extended:334;match_20_to_3f_short:26166;match_40_to_ff:115572;trailing_literal_0:130506;trailing_literal_1:17122;trailing_literal_2:10334;trailing_literal_3:4721
761	206	308	cm_generation_chunk	1	0x138D8B92	0x13958B50	u32_compressed_in_8_byte_table_entry,sequential_payload	161654	1025768	252672	1024768	772096	00426FDB	ignores_return_and_actual_output_size;writes_min_remaining_chunk_prefix	0	0	1	468a0b7f3d3fa2b541f43197645595109c4892a6f5700d04037c3228d58bb365	fcd7b7c718df3010aa2edd9b8e47442f38c069c8b6b6d00577d8a3f40c8f1f70	end_marker:1;literal_run_extended:472;literal_run_short:4606;match_10_to_1f_extended:36;match_10_to_1f_short:4269;match_20_to_3f_extended:7;match_20_to_3f_short:4416;match_40_to_ff:31762;trailing_literal_0:30582;trailing_literal_1:5424;trailing_literal_2:2888;trailing_literal_3:1595
762	207	161	surface_grid	0	0x13981685	0x13981689	u32_compressed_before_payload,u32_post_payload_record_count	57	4800	4800	4800	0	00426182	ignores_return_and_actual_output_size	0	0	1	d7a7e22257b727a8c2d9547a5b9e97e8e874775112124a02e1342621c917a152	d7a7e22257b727a8c2d9547a5b9e97e8e874775112124a02e1342621c917a152	end_marker:1;literal_run_short:1;match_10_to_1f_short:1;match_20_to_3f_extended:5;match_20_to_3f_short:1;match_40_to_ff:3;trailing_literal_0:9
763	207	161	cm_generation_chunk	0	0x139816F2	0x1398187E	u32_compressed_in_8_byte_table_entry,sequential_payload	86566	1025768	595456	1024768	429312	00426FDB	ignores_return_and_actual_output_size;writes_min_remaining_chunk_prefix	0	0	1	ec0b651018062f3915571dd1bee3d9dbce1f6e05027105dd57185dbc9e1457c9	110ce232bffa35475d7a6af4815732acb7353766854ef6070b2501e3bb1e508d	end_marker:1;literal_run_short:121;match_10_to_1f_extended:234;match_10_to_1f_short:515;match_20_to_3f_extended:2591;match_20_to_3f_short:12490;match_40_to_ff:15885;trailing_literal_0:30509;trailing_literal_1:739;trailing_literal_2:359;trailing_literal_3:107
764	208	7	surface_grid	0	0x139A97A1	0x139A97A5	u32_compressed_before_payload,u32_post_payload_record_count	4567	76800	76800	76800	0	00426182	ignores_return_and_actual_output_size	0	0	1	14a097e13691879e7e6db09a509e5348071304fe8d83e7cc719a5bc1b68d60a1	14a097e13691879e7e6db09a509e5348071304fe8d83e7cc719a5bc1b68d60a1	end_marker:1;literal_run_short:7;match_10_to_1f_extended:1;match_10_to_1f_short:3;match_20_to_3f_extended:398;match_20_to_3f_short:645;match_40_to_ff:412;trailing_literal_0:1431;trailing_literal_1:26;trailing_literal_3:1
765	208	7	cm_generation_chunk	0	0x139F20E8	0x139F2274	u32_compressed_in_8_byte_table_entry,sequential_payload	560086	1025768	1024768	1024768	0	00426FDB	ignores_return_and_actual_output_size;writes_min_remaining_chunk_prefix	0	0	1	e257cf1714be4ed675fb71a10a789b46c060accddd9e92d7e1fb6a6265ae99c9	e257cf1714be4ed675fb71a10a789b46c060accddd9e92d7e1fb6a6265ae99c9	end_marker:1;literal_run_extended:110;literal_run_short:11485;match_10_to_1f_extended:265;match_10_to_1f_short:16563;match_20_to_3f_extended:97;match_20_to_3f_short:45388;match_40_to_ff:113011;trailing_literal_0:135805;trailing_literal_1:20282;trailing_literal_2:13433;trailing_literal_3:5803
766	208	7	cm_generation_chunk	1	0x139F20F0	0x13A7AE4A	u32_compressed_in_8_byte_table_entry,sequential_payload	576904	1025768	1024768	1024768	0	00426FDB	ignores_return_and_actual_output_size;writes_min_remaining_chunk_prefix	0	0	1	c69e8a69f03066d7e0c8213c33494acab3bc1f6d7a6ed4001739f937ab9fa94f	c69e8a69f03066d7e0c8213c33494acab3bc1f6d7a6ed4001739f937ab9fa94f	end_marker:1;literal_run_extended:239;literal_run_short:14254;match_10_to_1f_extended:192;match_10_to_1f_short:14910;match_20_to_3f_extended:121;match_20_to_3f_short:38520;match_40_to_ff:118350;trailing_literal_0:130707;trailing_literal_1:21156;trailing_literal_2:13743;trailing_literal_3:6486
767	208	7	cm_generation_chunk	2	0x139F20F8	0x13B07BD2	u32_compressed_in_8_byte_table_entry,sequential_payload	629458	1025768	1024768	1024768	0	00426FDB	ignores_return_and_actual_output_size;writes_min_remaining_chunk_prefix	0	0	1	a99b25550ffd580dd5f04d0395be956092e2455a3862d6ccaacb14ab0a278e23	a99b25550ffd580dd5f04d0395be956092e2455a3862d6ccaacb14ab0a278e23	end_marker:1;literal_run_extended:331;literal_run_short:18058;match_10_to_1f_extended:56;match_10_to_1f_short:17077;match_20_to_3f_extended:52;match_20_to_3f_short:38975;match_40_to_ff:119629;trailing_literal_0:127555;trailing_literal_1:24204;trailing_literal_2:16448;trailing_literal_3:7581
768	208	7	cm_generation_chunk	3	0x139F2100	0x13BA16A4	u32_compressed_in_8_byte_table_entry,sequential_payload	655778	1025768	1024768	1024768	0	00426FDB	ignores_return_and_actual_output_size;writes_min_remaining_chunk_prefix	0	0	1	d79c0e59ddbe7ad1a6dabe182d463769479351b78afe0ac3e57ff16ae55a55cf	d79c0e59ddbe7ad1a6dabe182d463769479351b78afe0ac3e57ff16ae55a55cf	end_marker:1;literal_run_extended:603;literal_run_short:21957;match_10_to_1f_extended:60;match_10_to_1f_short:18640;match_20_to_3f_extended:42;match_20_to_3f_short:34936;match_40_to_ff:115096;trailing_literal_0:121956;trailing_literal_1:23018;trailing_literal_2:15989;trailing_literal_3:7810
769	208	7	cm_generation_chunk	4	0x139F2108	0x13C41846	u32_compressed_in_8_byte_table_entry,sequential_payload	689980	1025768	1024768	1024768	0	00426FDB	ignores_return_and_actual_output_size;writes_min_remaining_chunk_prefix	0	0	1	b1b2a27e336953e6a7c429c32753df37cc45501e6d83c604ad524e3045f6fde2	b1b2a27e336953e6a7c429c32753df37cc45501e6d83c604ad524e3045f6fde2	end_marker:1;literal_run_extended:999;literal_run_short:25509;match_10_to_1f_extended:35;match_10_to_1f_short:16338;match_20_to_3f_extended:43;match_20_to_3f_short:38622;match_40_to_ff:107252;trailing_literal_0:116057;trailing_literal_1:22251;trailing_literal_2:15991;trailing_literal_3:7990
770	208	7	cm_generation_chunk	5	0x139F2110	0x13CE9F82	u32_compressed_in_8_byte_table_entry,sequential_payload	734053	1025768	1024768	1024768	0	00426FDB	ignores_return_and_actual_output_size;writes_min_remaining_chunk_prefix	0	0	1	3045e484737b6d9764f56babdab3276190f17ffea0c89c3767739b320e9112cb	3045e484737b6d9764f56babdab3276190f17ffea0c89c3767739b320e9112cb	end_marker:1;literal_run_extended:1826;literal_run_short:30077;match_10_to_1f_extended:12;match_10_to_1f_short:16021;match_20_to_3f_extended:27;match_20_to_3f_short:34589;match_40_to_ff:100688;trailing_literal_0:105480;trailing_literal_1:21161;trailing_literal_2:15864;trailing_literal_3:8831
771	208	7	cm_generation_chunk	6	0x139F2118	0x13D9D2E7	u32_compressed_in_8_byte_table_entry,sequential_payload	752360	1025768	1024768	1024768	0	00426FDB	ignores_return_and_actual_output_size;writes_min_remaining_chunk_prefix	0	0	1	125322f9e7e4131d653106ea883ab843648dbbe20804e1f96fa4783349ecd3c1	125322f9e7e4131d653106ea883ab843648dbbe20804e1f96fa4783349ecd3c1	end_marker:1;literal_run_extended:2092;literal_run_short:30963;match_10_to_1f_extended:27;match_10_to_1f_short:16480;match_20_to_3f_extended:8;match_20_to_3f_short:33458;match_40_to_ff:101640;trailing_literal_0:104668;trailing_literal_1:22361;trailing_literal_2:15734;trailing_literal_3:8849
772	208	7	cm_generation_chunk	7	0x139F2120	0x13E54DCF	u32_compressed_in_8_byte_table_entry,sequential_payload	763998	1025768	1024768	1024768	0	00426FDB	ignores_return_and_actual_output_size;writes_min_remaining_chunk_prefix	0	0	1	372ee407ffd084d2d311344b13557ed99cca3d800e5341dcd92f2b02f9ec43e5	372ee407ffd084d2d311344b13557ed99cca3d800e5341dcd92f2b02f9ec43e5	end_marker:1;literal_run_extended:2224;literal_run_short:31797;match_10_to_1f_extended:19;match_10_to_1f_short:16354;match_20_to_3f_extended:3;match_20_to_3f_short:32580;match_40_to_ff:102187;trailing_literal_0:103376;trailing_literal_1:22482;trailing_literal_2:16032;trailing_literal_3:9252
773	208	7	cm_generation_chunk	8	0x139F2128	0x13F0F62D	u32_compressed_in_8_byte_table_entry,sequential_payload	658149	1025768	1024768	1024768	0	00426FDB	ignores_return_and_actual_output_size;writes_min_remaining_chunk_prefix	0	0	1	ad3f328b652da05dc0becdf65a89da8f53c2c6a7c07951b3c88db103d6b32c6e	ad3f328b652da05dc0becdf65a89da8f53c2c6a7c07951b3c88db103d6b32c6e	end_marker:1;literal_run_extended:1032;literal_run_short:20785;match_10_to_1f_extended:90;match_10_to_1f_short:15599;match_20_to_3f_extended:21;match_20_to_3f_short:38336;match_40_to_ff:114732;trailing_literal_0:124757;trailing_literal_1:22409;trailing_literal_2:14386;trailing_literal_3:7225
774	208	7	cm_generation_chunk	9	0x139F2130	0x13FB0112	u32_compressed_in_8_byte_table_entry,sequential_payload	371813	1025768	608000	1024768	416768	00426FDB	ignores_return_and_actual_output_size;writes_min_remaining_chunk_prefix	0	0	1	93ff6fe76cb4575e3fd14bf0f8403751692ea71b01fbef6cd0f7136a4c79e52b	ad4f77552d66f11e5efd497a735429ef61f1c16a9a58439d85ca7550868f175f	end_marker:1;literal_run_extended:199;literal_run_short:9074;match_10_to_1f_extended:120;match_10_to_1f_short:12363;match_20_to_3f_extended:6;match_20_to_3f_short:28307;match_40_to_ff:65522;trailing_literal_0:78247;trailing_literal_1:14432;trailing_literal_2:9407;trailing_literal_3:4231
775	209	9	surface_grid	0	0x14013588	0x1401358C	u32_compressed_before_payload,u32_post_payload_record_count	3132	34580	34580	34580	0	00426182	ignores_return_and_actual_output_size	0	0	1	75bed90175ab8e276c3854ec71f47b2af1a96132724a4915c3561b408795c5cd	75bed90175ab8e276c3854ec71f47b2af1a96132724a4915c3561b408795c5cd	end_marker:1;literal_run_short:5;match_10_to_1f_short:1;match_20_to_3f_extended:254;match_20_to_3f_short:328;match_40_to_ff:533;trailing_literal_0:1102;trailing_literal_1:12;trailing_literal_2:1
776	209	9	cm_generation_chunk	0	0x140441E4	0x14044370	u32_compressed_in_8_byte_table_entry,sequential_payload	476376	1025768	1024768	1024768	0	00426FDB	ignores_return_and_actual_output_size;writes_min_remaining_chunk_prefix	0	0	1	1760341328ce0b5fec0af462f1883567e9ddc8485ffa0248009a2882d17b311d	1760341328ce0b5fec0af462f1883567e9ddc8485ffa0248009a2882d17b311d	end_marker:1;literal_run_extended:62;literal_run_short:5561;match_10_to_1f_extended:334;match_10_to_1f_short:11033;match_20_to_3f_extended:260;match_20_to_3f_short:37172;match_40_to_ff:125808;trailing_literal_0:150356;trailing_literal_1:13341;trailing_literal_2:8140;trailing_literal_3:2769
777	209	9	cm_generation_chunk	1	0x140441EC	0x140B8848	u32_compressed_in_8_byte_table_entry,sequential_payload	540050	1025768	1024768	1024768	0	00426FDB	ignores_return_and_actual_output_size;writes_min_remaining_chunk_prefix	0	0	1	95954cd275617e64de69533daefaaa6c3fa5b8d086b2f6074953a735ae2bb1ec	95954cd275617e64de69533daefaaa6c3fa5b8d086b2f6074953a735ae2bb1ec	end_marker:1;literal_run_extended:53;literal_run_short:9295;match_10_to_1f_extended:240;match_10_to_1f_short:20445;match_20_to_3f_extended:208;match_20_to_3f_short:30816;match_40_to_ff:130095;trailing_literal_0:144318;trailing_literal_1:19531;trailing_literal_2:13406;trailing_literal_3:4548
778	209	9	cm_generation_chunk	2	0x140441F4	0x1413C5DA	u32_compressed_in_8_byte_table_entry,sequential_payload	656203	1025768	1024768	1024768	0	00426FDB	ignores_return_and_actual_output_size;writes_min_remaining_chunk_prefix	0	0	1	c7ea2ee802f16c9f41c782e97579d3b3d10039e988c0feec2e86fbb6abc67697	c7ea2ee802f16c9f41c782e97579d3b3d10039e988c0feec2e86fbb6abc67697	end_marker:1;literal_run_extended:361;literal_run_short:19275;match_10_to_1f_extended:40;match_10_to_1f_short:17548;match_20_to_3f_extended:42;match_20_to_3f_short:32973;match_40_to_ff:133214;trailing_literal_0:132109;trailing_literal_1:26082;trailing_literal_2:17657;trailing_literal_3:7968
779	209	9	cm_generation_chunk	3	0x140441FC	0x141DC925	u32_compressed_in_8_byte_table_entry,sequential_payload	597329	1025768	1024768	1024768	0	00426FDB	ignores_return_and_actual_output_size;writes_min_remaining_chunk_prefix	0	0	1	6424126c4c4fc8665f9e0d7f9c25ed6d85daaa4f57323df0f76b326fa3b66440	6424126c4c4fc8665f9e0d7f9c25ed6d85daaa4f57323df0f76b326fa3b66440	end_marker:1;literal_run_extended:160;literal_run_short:12486;match_10_to_1f_extended:73;match_10_to_1f_short:16225;match_20_to_3f_extended:47;match_20_to_3f_short:35187;match_40_to_ff:140438;trailing_literal_0:149257;trailing_literal_1:22352;trailing_literal_2:14632;trailing_literal_3:5728
780	209	9	cm_generation_chunk	4	0x14044204	0x1426E676	u32_compressed_in_8_byte_table_entry,sequential_payload	194114	1025768	327680	1024768	697088	00426FDB	ignores_return_and_actual_output_size;writes_min_remaining_chunk_prefix	0	0	1	2dcf8f419e7fa41d718369df2765689da067c7dcea11f10ca706602af3f5258a	d8d448073962d16e5215602cc8a779d6126a47f7de544fcf677c0e8dd0f3c5ee	end_marker:1;literal_run_extended:209;literal_run_short:4537;match_10_to_1f_extended:70;match_10_to_1f_short:6348;match_20_to_3f_extended:19;match_20_to_3f_short:9724;match_40_to_ff:40726;trailing_literal_0:44093;trailing_literal_1:6505;trailing_literal_2:4533;trailing_literal_3:1755
781	210	11	surface_grid	0	0x142B8ED5	0x142B8ED9	u32_compressed_before_payload,u32_post_payload_record_count	9758	110880	110880	110880	0	00426182	ignores_return_and_actual_output_size	0	0	1	a174cd4dc9aa5867f9a714d3f8b80f2bf05432477cd45b6ad411df4a21deb4b5	a174cd4dc9aa5867f9a714d3f8b80f2bf05432477cd45b6ad411df4a21deb4b5	end_marker:1;literal_run_short:7;match_10_to_1f_extended:6;match_10_to_1f_short:9;match_20_to_3f_extended:481;match_20_to_3f_short:954;match_40_to_ff:2359;trailing_literal_0:3787;trailing_literal_1:14;trailing_literal_2:7
782	210	11	cm_generation_chunk	0	0x1430731C	0x143074A8	u32_compressed_in_8_byte_table_entry,sequential_payload	763824	1025768	1024768	1024768	0	00426FDB	ignores_return_and_actual_output_size;writes_min_remaining_chunk_prefix	0	0	1	2162a30a4f067dd8674df75a0c21e95dd43364e5ffe196bebc07bbddde4b1ab9	2162a30a4f067dd8674df75a0c21e95dd43364e5ffe196bebc07bbddde4b1ab9	end_marker:1;literal_run_extended:2929;literal_run_short:32875;match_10_to_1f_extended:891;match_10_to_1f_short:23733;match_20_to_3f_extended:522;match_20_to_3f_short:34883;match_40_to_ff:66117;trailing_literal_0:87052;trailing_literal_1:18951;trailing_literal_2:11387;trailing_literal_3:8755
783	210	11	cm_generation_chunk	1	0x14307324	0x143C1C58	u32_compressed_in_8_byte_table_entry,sequential_payload	275191	1025768	364288	1024768	660480	00426FDB	ignores_return_and_actual_output_size;writes_min_remaining_chunk_prefix	0	0	1	ce802f925dd5c353855dfcdeb0170f943894ee0b7f19ed8502d06bc8acc34375	87cc075565e4913e9876cfed94af85d0e91f89857b1de989c66dd7d6df8c181f	end_marker:1;literal_run_extended:1119;literal_run_short:11602;match_10_to_1f_extended:190;match_10_to_1f_short:7838;match_20_to_3f_extended:180;match_20_to_3f_short:12560;match_40_to_ff:24241;trailing_literal_0:31045;trailing_literal_1:6646;trailing_literal_2:4200;trailing_literal_3:3117
784	211	12	surface_grid	0	0x1441521C	0x14415220	u32_compressed_before_payload,u32_post_payload_record_count	3622	66000	66000	66000	0	00426182	ignores_return_and_actual_output_size	0	0	1	4805ce4ad9c25945aa33ec043d18c5c083920885c3fc5f373992886c169fbc68	4805ce4ad9c25945aa33ec043d18c5c083920885c3fc5f373992886c169fbc68	end_marker:1;literal_run_short:8;match_10_to_1f_short:6;match_20_to_3f_extended:278;match_20_to_3f_short:278;match_40_to_ff:750;trailing_literal_0:1288;trailing_literal_1:22;trailing_literal_2:1
785	211	12	cm_generation_chunk	0	0x1442AAD7	0x1442AC63	u32_compressed_in_8_byte_table_entry,sequential_payload	459544	1025768	652544	1024768	372224	00426FDB	ignores_return_and_actual_output_size;writes_min_remaining_chunk_prefix	0	0	1	4ae1a48b4e6e4d4392b41ef4dc5b0cdc8cc98b2c059583b03b812eae7885f777	5840c370d876c57b01ae8be17ec2d54f9d1227e2e91401d9c8969349c1a00bee	end_marker:1;literal_run_extended:2057;literal_run_short:15705;match_10_to_1f_extended:58;match_10_to_1f_short:11091;match_20_to_3f_extended:314;match_20_to_3f_short:22293;match_40_to_ff:53472;trailing_literal_0:63793;trailing_literal_1:12055;trailing_literal_2:6661;trailing_literal_3:4718
786	212	13	surface_grid	0	0x144A6428	0x144A642C	u32_compressed_before_payload,u32_post_payload_record_count	2082	46000	46000	46000	0	00426182	ignores_return_and_actual_output_size	0	0	1	ab5c9fe9280fbfdea0317dd2d7c48b5b2ec37f704a6ca8eecc9efb0d6a84d4dd	ab5c9fe9280fbfdea0317dd2d7c48b5b2ec37f704a6ca8eecc9efb0d6a84d4dd	end_marker:1;literal_run_short:8;match_10_to_1f_short:3;match_20_to_3f_extended:205;match_20_to_3f_short:154;match_40_to_ff:311;trailing_literal_0:656;trailing_literal_1:15;trailing_literal_2:1
787	212	13	cm_generation_chunk	0	0x144B4347	0x144B44D3	u32_compressed_in_8_byte_table_entry,sequential_payload	434630	1025768	692992	1024768	331776	00426FDB	ignores_return_and_actual_output_size;writes_min_remaining_chunk_prefix	0	0	1	3fc0781a25373e108612f7c80b5b8cbd53619da659dafb4b7431bc488ce93bde	118ead7dca17f39618ac7e4b92e83d603d59b10f4c8935b4726f80ccd7036e7d	end_marker:1;literal_run_extended:1363;literal_run_short:13051;match_10_to_1f_extended:323;match_10_to_1f_short:11251;match_20_to_3f_extended:467;match_20_to_3f_short:33797;match_40_to_ff:49354;trailing_literal_0:70745;trailing_literal_1:12977;trailing_literal_2:6787;trailing_literal_3:4682
788	213	15	surface_grid	0	0x14539D16	0x14539D1A	u32_compressed_before_payload,u32_post_payload_record_count	5475	112000	112000	112000	0	00426182	ignores_return_and_actual_output_size	0	0	1	a37004910102a95c37ed41cd2cf0e4eb2e0112eab0e1f778f6350f7976664455	a37004910102a95c37ed41cd2cf0e4eb2e0112eab0e1f778f6350f7976664455	end_marker:1;literal_run_short:6;match_10_to_1f_extended:3;match_10_to_1f_short:7;match_20_to_3f_extended:456;match_20_to_3f_short:485;match_40_to_ff:949;trailing_literal_0:1886;trailing_literal_1:9;trailing_literal_2:1;trailing_literal_3:3
789	213	15	cm_generation_chunk	0	0x14555508	0x14555694	u32_compressed_in_8_byte_table_entry,sequential_payload	663933	1025768	1024768	1024768	0	00426FDB	ignores_return_and_actual_output_size;writes_min_remaining_chunk_prefix	0	0	1	f2c7d61b6fbe780028cca80ba05b6f9c258b83ded6b2d1b7429c92f5dbc2bd47	f2c7d61b6fbe780028cca80ba05b6f9c258b83ded6b2d1b7429c92f5dbc2bd47	end_marker:1;literal_run_extended:2123;literal_run_short:21160;match_10_to_1f_extended:384;match_10_to_1f_short:19716;match_20_to_3f_extended:607;match_20_to_3f_short:46869;match_40_to_ff:73307;trailing_literal_0:102683;trailing_literal_1:19776;trailing_literal_2:11039;trailing_literal_3:7384
790	213	15	cm_generation_chunk	1	0x14555510	0x145F7811	u32_compressed_in_8_byte_table_entry,sequential_payload	136237	1025768	195328	1024768	829440	00426FDB	ignores_return_and_actual_output_size;writes_min_remaining_chunk_prefix	0	0	1	5befae8759f1703c18bcecf97c47a8da174ff1ac04e951f39038f6ddb788713a	adda868b49b25aedb01d555efd03f00e8817325fa3251628b7863e48771398ed	end_marker:1;literal_run_extended:534;literal_run_short:4465;match_10_to_1f_extended:7;match_10_to_1f_short:2789;match_20_to_3f_extended:79;match_20_to_3f_short:8311;match_40_to_ff:15002;trailing_literal_0:19120;trailing_literal_1:3560;trailing_literal_2:1990;trailing_literal_3:1517
791	214	14	surface_grid	0	0x146204C3	0x146204C7	u32_compressed_before_payload,u32_post_payload_record_count	1468	30600	30600	30600	0	00426182	ignores_return_and_actual_output_size	0	0	1	5a12a5ca108735964780f28db488bb1fc04a68eff9bb9c5a08d15e43a7d39663	5a12a5ca108735964780f28db488bb1fc04a68eff9bb9c5a08d15e43a7d39663	end_marker:1;literal_run_short:6;match_10_to_1f_short:1;match_20_to_3f_extended:176;match_20_to_3f_short:75;match_40_to_ff:214;trailing_literal_0:448;trailing_literal_1:17
792	214	14	cm_generation_chunk	0	0x146266A3	0x1462682F	u32_compressed_in_8_byte_table_entry,sequential_payload	321850	1025768	462848	1024768	561920	00426FDB	ignores_return_and_actual_output_size;writes_min_remaining_chunk_prefix	0	0	1	d572a3270da45e77ddf2a05e2e7ba004cd81d1149edc0e186b20b7675ff2f0c7	9aad9e3315233246084b6d3722e9272c40f218fe3ed51cc20d61a24b0f8e824d	end_marker:1;literal_run_extended:834;literal_run_short:10246;match_10_to_1f_extended:59;match_10_to_1f_short:11071;match_20_to_3f_extended:189;match_20_to_3f_short:19058;match_40_to_ff:41064;trailing_literal_0:51557;trailing_literal_1:10354;trailing_literal_2:5578;trailing_literal_3:3951
793	215	16	surface_grid	0	0x14685436	0x1468543A	u32_compressed_before_payload,u32_post_payload_record_count	3771	66000	66000	66000	0	00426182	ignores_return_and_actual_output_size	0	0	1	145bfd431ebb666abdedf8fb730702c4021a2bb643345f4daa35920ddb5e5941	145bfd431ebb666abdedf8fb730702c4021a2bb643345f4daa35920ddb5e5941	end_marker:1;literal_run_short:9;match_10_to_1f_extended:2;match_10_to_1f_short:6;match_20_to_3f_extended:353;match_20_to_3f_short:283;match_40_to_ff:667;trailing_literal_0:1285;trailing_literal_1:22;trailing_literal_2:3
794	215	16	cm_generation_chunk	0	0x146969A7	0x14696B33	u32_compressed_in_8_byte_table_entry,sequential_payload	435400	1025768	625664	1024768	399104	00426FDB	ignores_return_and_actual_output_size;writes_min_remaining_chunk_prefix	0	0	1	bdd59ba9937555fb421ea8a1ee4f5da2851cebf906b3190a16e17797656566b0	44415b36516c87fbd711b35e270468558453fc9c2f06cbf7433d9d9620285716	end_marker:1;literal_run_extended:1912;literal_run_short:14465;match_10_to_1f_extended:38;match_10_to_1f_short:10043;match_20_to_3f_extended:326;match_20_to_3f_short:22570;match_40_to_ff:51952;trailing_literal_0:62456;trailing_literal_1:11650;trailing_literal_2:6373;trailing_literal_3:4449
795	216	17	surface_grid	0	0x1470F1F8	0x1470F1FC	u32_compressed_before_payload,u32_post_payload_record_count	2817	57600	57600	57600	0	00426182	ignores_return_and_actual_output_size	0	0	1	81f3746493437df6431394cd896cf00a5cb9c8dc04e2445cc993045cc200fc19	81f3746493437df6431394cd896cf00a5cb9c8dc04e2445cc993045cc200fc19	end_marker:1;literal_run_short:3;match_10_to_1f_extended:1;match_10_to_1f_short:2;match_20_to_3f_extended:257;match_20_to_3f_short:187;match_40_to_ff:538;trailing_literal_0:958;trailing_literal_1:18;trailing_literal_2:5;trailing_literal_3:3
796	216	17	cm_generation_chunk	0	0x1471817F	0x1471830B	u32_compressed_in_8_byte_table_entry,sequential_payload	441764	1025768	645376	1024768	379392	00426FDB	ignores_return_and_actual_output_size;writes_min_remaining_chunk_prefix	0	0	1	21c317e978dc6e997520d36c98683304c0e984502054a65b96dbde484e8e67dd	3c95ed519ab72ca96d7fc3d459ca6c154b363bf53a10223408f16d78a435c730	end_marker:1;literal_run_extended:1540;literal_run_short:14588;match_10_to_1f_extended:85;match_10_to_1f_short:14648;match_20_to_3f_extended:353;match_20_to_3f_short:21462;match_40_to_ff:55167;trailing_literal_0:67374;trailing_literal_1:12661;trailing_literal_2:6908;trailing_literal_3:4771
797	217	18	surface_grid	0	0x1478C964	0x1478C968	u32_compressed_before_payload,u32_post_payload_record_count	4049	34744	34744	34744	0	00426182	ignores_return_and_actual_output_size	0	0	1	6e2ea97868eeabde4ebd12a58cb1ac65b9f64afdc3a4fc206e24c6bb81946491	6e2ea97868eeabde4ebd12a58cb1ac65b9f64afdc3a4fc206e24c6bb81946491	end_marker:1;literal_run_short:6;match_10_to_1f_short:1;match_20_to_3f_extended:239;match_20_to_3f_short:438;match_40_to_ff:847;trailing_literal_0:1509;trailing_literal_1:11;trailing_literal_2:3;trailing_literal_3:1
798	217	18	cm_generation_chunk	0	0x1487F39D	0x1487F529	u32_compressed_in_8_byte_table_entry,sequential_payload	719683	1025768	1024768	1024768	0	00426FDB	ignores_return_and_actual_output_size;writes_min_remaining_chunk_prefix	0	0	1	a239f6c89bebbbe3b0eef652996b599f5785da8912e3304087cc3742b6e3ad3b	a239f6c89bebbbe3b0eef652996b599f5785da8912e3304087cc3742b6e3ad3b	end_marker:1;literal_run_extended:1607;literal_run_short:25950;match_10_to_1f_extended:49;match_10_to_1f_short:21310;match_20_to_3f_extended:11;match_20_to_3f_short:34016;match_40_to_ff:107299;trailing_literal_0:113499;trailing_literal_1:24085;trailing_literal_2:16312;trailing_literal_3:8788
799	217	18	cm_generation_chunk	1	0x1487F3A5	0x1492F06C	u32_compressed_in_8_byte_table_entry,sequential_payload	787599	1025768	1024768	1024768	0	00426FDB	ignores_return_and_actual_output_size;writes_min_remaining_chunk_prefix	0	0	1	f67b423860388f6ab3512b0c95c8e75a76b0973ae20a58d369d3cbc6f947bc6b	f67b423860388f6ab3512b0c95c8e75a76b0973ae20a58d369d3cbc6f947bc6b	end_marker:1;literal_run_extended:3415;literal_run_short:30062;match_10_to_1f_extended:7;match_10_to_1f_short:16615;match_20_to_3f_extended:6;match_20_to_3f_short:18853;match_40_to_ff:112180;trailing_literal_0:100589;trailing_literal_1:21865;trailing_literal_2:16191;trailing_literal_3:9015
800	217	18	cm_generation_chunk	2	0x1487F3AD	0x149EF4FB	u32_compressed_in_8_byte_table_entry,sequential_payload	701884	1025768	1024768	1024768	0	00426FDB	ignores_return_and_actual_output_size;writes_min_remaining_chunk_prefix	0	0	1	d40152c20384dbb537fb982f0b29d4288d01ee292c66c7ae6eb4935ee72b9580	d40152c20384dbb537fb982f0b29d4288d01ee292c66c7ae6eb4935ee72b9580	end_marker:1;literal_run_extended:2883;literal_run_short:21258;match_10_to_1f_extended:42;match_10_to_1f_short:13750;match_20_to_3f_extended:76;match_20_to_3f_short:16985;match_40_to_ff:130108;trailing_literal_0:120390;trailing_literal_1:20121;trailing_literal_2:13603;trailing_literal_3:6846
801	217	18	cm_generation_chunk	3	0x1487F3B5	0x14A9AAB7	u32_compressed_in_8_byte_table_entry,sequential_payload	788630	1025768	1024768	1024768	0	00426FDB	ignores_return_and_actual_output_size;writes_min_remaining_chunk_prefix	0	0	1	2a065218de1c160dc192a47df110ef8ba63345e5626df0ef3411fdd40652ea0e	2a065218de1c160dc192a47df110ef8ba63345e5626df0ef3411fdd40652ea0e	end_marker:1;literal_run_extended:5153;literal_run_short:26318;match_10_to_1f_extended:25;match_10_to_1f_short:11940;match_20_to_3f_extended:3;match_20_to_3f_short:15055;match_40_to_ff:114836;trailing_literal_0:102867;trailing_literal_1:19649;trailing_literal_2:12121;trailing_literal_3:7221
802	217	18	cm_generation_chunk	4	0x1487F3BD	0x14B5B34D	u32_compressed_in_8_byte_table_entry,sequential_payload	271591	1025768	348160	1024768	676608	00426FDB	ignores_return_and_actual_output_size;writes_min_remaining_chunk_prefix	0	0	1	1a26a1a9f95a90ff090d5d2d2d01863aad7ca2aee38465f16c44bf2b580ae3f7	419e6843a37aa111a9494958dff0eb2fb39728685b235dbaf37d8e6f985e3530	end_marker:1;literal_run_extended:1090;literal_run_short:10846;match_10_to_1f_extended:183;match_10_to_1f_short:7606;match_20_to_3f_extended:4;match_20_to_3f_short:10069;match_40_to_ff:32202;trailing_literal_0:35122;trailing_literal_1:6745;trailing_literal_2:5433;trailing_literal_3:2763
803	218	19	surface_grid	0	0x14BA0871	0x14BA0875	u32_compressed_before_payload,u32_post_payload_record_count	1029	12096	12096	12096	0	00426182	ignores_return_and_actual_output_size	0	0	1	2d941e409bf70642fbf515aa05aba4a2c0a430390e5c273413529f486cd39012	2d941e409bf70642fbf515aa05aba4a2c0a430390e5c273413529f486cd39012	end_marker:1;literal_run_short:5;match_10_to_1f_short:1;match_20_to_3f_extended:77;match_20_to_3f_short:92;match_40_to_ff:194;trailing_literal_0:359;trailing_literal_1:1;trailing_literal_2:1;trailing_literal_3:2
804	218	19	cm_generation_chunk	0	0x14BB227C	0x14BB2408	u32_compressed_in_8_byte_table_entry,sequential_payload	690204	1025768	1024768	1024768	0	00426FDB	ignores_return_and_actual_output_size;writes_min_remaining_chunk_prefix	0	0	1	cc9abbe5e159baa678bc344b6be52e5b077f77b0359924ecc9ca090a9de63976	cc9abbe5e159baa678bc344b6be52e5b077f77b0359924ecc9ca090a9de63976	end_marker:1;literal_run_extended:2082;literal_run_short:23077;match_10_to_1f_extended:155;match_10_to_1f_short:22741;match_20_to_3f_extended:52;match_20_to_3f_short:22122;match_40_to_ff:112263;trailing_literal_0:113994;trailing_literal_1:21579;trailing_literal_2:14242;trailing_literal_3:7517
805	218	19	cm_generation_chunk	1	0x14BB2284	0x14C5AC24	u32_compressed_in_8_byte_table_entry,sequential_payload	392298	1025768	524032	1024768	500736	00426FDB	ignores_return_and_actual_output_size;writes_min_remaining_chunk_prefix	0	0	1	c41819a8a75252815c176f40bad003e86e79573450cfa44397045094c4b91418	aebab31d3d3990eb4f86cb1b585b44526c33b6f7c8e0dbba22c3592940b9fef9	end_marker:1;literal_run_extended:1751;literal_run_short:13972;match_10_to_1f_extended:31;match_10_to_1f_short:11729;match_20_to_3f_extended:2;match_20_to_3f_short:6764;match_40_to_ff:60491;trailing_literal_0:56884;trailing_literal_1:11140;trailing_literal_2:7175;trailing_literal_3:3817
806	219	101	surface_grid	0	0x14CBF48B	0x14CBF48F	u32_compressed_before_payload,u32_post_payload_record_count	1885	19200	19200	19200	0	00426182	ignores_return_and_actual_output_size	0	0	1	67510efeb9d5615f0b80d0593c60a269276c188e96f50e4e7761579929946d5a	67510efeb9d5615f0b80d0593c60a269276c188e96f50e4e7761579929946d5a	end_marker:1;literal_run_short:6;match_10_to_1f_short:1;match_20_to_3f_extended:100;match_20_to_3f_short:199;match_40_to_ff:398;trailing_literal_0:680;trailing_literal_1:8;trailing_literal_2:5;trailing_literal_3:4
807	219	101	cm_generation_chunk	0	0x14CF5FB8	0x14CF6144	u32_compressed_in_8_byte_table_entry,sequential_payload	918119	1025768	1024768	1024768	0	00426FDB	ignores_return_and_actual_output_size;writes_min_remaining_chunk_prefix	0	0	1	229f13a988a9ac4b195f7aa9a6641a35f16fe843f2d3ab7bb52c7a2474d17d98	229f13a988a9ac4b195f7aa9a6641a35f16fe843f2d3ab7bb52c7a2474d17d98	end_marker:1;literal_run_extended:8713;literal_run_short:33870;match_10_to_1f_extended:10;match_10_to_1f_short:14944;match_20_to_3f_extended:2;match_20_to_3f_short:9029;match_40_to_ff:78072;trailing_literal_0:71093;trailing_literal_1:14574;trailing_literal_2:9071;trailing_literal_3:7318
808	219	101	cm_generation_chunk	1	0x14CF5FC0	0x14DD63AB	u32_compressed_in_8_byte_table_entry,sequential_payload	890181	1025768	1024768	1024768	0	00426FDB	ignores_return_and_actual_output_size;writes_min_remaining_chunk_prefix	0	0	1	0209f2d3e86ae605008c6206519eee03319872cf38d10ef904f0d23cdbf7ec49	0209f2d3e86ae605008c6206519eee03319872cf38d10ef904f0d23cdbf7ec49	end_marker:1;literal_run_extended:7859;literal_run_short:32724;match_10_to_1f_extended:23;match_10_to_1f_short:16798;match_20_to_3f_extended:4;match_20_to_3f_short:10614;match_40_to_ff:82850;trailing_literal_0:77550;trailing_literal_1:15218;trailing_literal_2:10347;trailing_literal_3:7173
809	219	101	cm_generation_chunk	2	0x14CF5FC8	0x14EAF8F0	u32_compressed_in_8_byte_table_entry,sequential_payload	378874	1025768	408576	1024768	616192	00426FDB	ignores_return_and_actual_output_size;writes_min_remaining_chunk_prefix	0	0	1	0fa74cae69bf56c392d5de1d930ddc9cb84f0c51fe5a0a35bc68026b17775b3f	021bcf44e2548cc09962dedacd0f42a221991c41cc908298dac77eab278b64ac	end_marker:1;literal_run_extended:4031;literal_run_short:12071;match_10_to_1f_extended:2;match_10_to_1f_short:5315;match_20_to_3f_extended:1;match_20_to_3f_short:3773;match_40_to_ff:26448;trailing_literal_0:24954;trailing_literal_1:4767;trailing_literal_2:3234;trailing_literal_3:2583
810	220	102	surface_grid	0	0x14F10387	0x14F1038B	u32_compressed_before_payload,u32_post_payload_record_count	928	8400	8400	8400	0	00426182	ignores_return_and_actual_output_size	0	0	1	4e2c2e38d58704d42a958b473e06c0e80fb3832696076ecc38660f0129477b84	4e2c2e38d58704d42a958b473e06c0e80fb3832696076ecc38660f0129477b84	end_marker:1;literal_run_short:4;match_10_to_1f_short:1;match_20_to_3f_extended:51;match_20_to_3f_short:115;match_40_to_ff:165;trailing_literal_0:320;trailing_literal_1:8;trailing_literal_2:1;trailing_literal_3:2
811	220	102	cm_generation_chunk	0	0x14F1E3E6	0x14F1E572	u32_compressed_in_8_byte_table_entry,sequential_payload	694145	1025768	1024768	1024768	0	00426FDB	ignores_return_and_actual_output_size;writes_min_remaining_chunk_prefix	0	0	1	fc49241f5bb8e5733c5e01bb6c0ce69dec4ab28e47e0bbcd52b6e15ccebdca4e	fc49241f5bb8e5733c5e01bb6c0ce69dec4ab28e47e0bbcd52b6e15ccebdca4e	end_marker:1;literal_run_extended:2517;literal_run_short:24490;match_10_to_1f_extended:222;match_10_to_1f_short:19027;match_20_to_3f_extended:136;match_20_to_3f_short:23252;match_40_to_ff:106622;trailing_literal_0:111493;trailing_literal_1:19451;trailing_literal_2:11706;trailing_literal_3:6608
812	220	102	cm_generation_chunk	1	0x14F1E3EE	0x14FC7CF3	u32_compressed_in_8_byte_table_entry,sequential_payload	126990	1025768	167168	1024768	857600	00426FDB	ignores_return_and_actual_output_size;writes_min_remaining_chunk_prefix	0	0	1	7cbf3f914777a793354af69a766798ddaf6727b68a0d9560996d4fcb330f5fd8	0034b4cec45205a0114c91e8eca72c24b13bcace3bf9c08382d507060502bcf3	end_marker:1;literal_run_extended:718;literal_run_short:4865;match_10_to_1f_extended:25;match_10_to_1f_short:2267;match_20_to_3f_extended:33;match_20_to_3f_short:3546;match_40_to_ff:14372;trailing_literal_0:14665;trailing_literal_1:2825;trailing_literal_2:1614;trailing_literal_3:1138
813	221	103	surface_grid	0	0x14FED6AE	0x14FED6B2	u32_compressed_before_payload,u32_post_payload_record_count	1076	13400	13400	13400	0	00426182	ignores_return_and_actual_output_size	0	0	1	997ebf6b7083c9ee180a8432011b34d0dc949f4b6322a5eb2f703de0d52c0933	997ebf6b7083c9ee180a8432011b34d0dc949f4b6322a5eb2f703de0d52c0933	end_marker:1;literal_run_short:5;match_10_to_1f_short:1;match_20_to_3f_extended:75;match_20_to_3f_short:90;match_40_to_ff:223;trailing_literal_0:375;trailing_literal_1:11;trailing_literal_2:1;trailing_literal_3:1
814	221	103	cm_generation_chunk	0	0x14FFF693	0x14FFF81F	u32_compressed_in_8_byte_table_entry,sequential_payload	613265	1025768	928256	1024768	96512	00426FDB	ignores_return_and_actual_output_size;writes_min_remaining_chunk_prefix	0	0	1	c80c2889c9dbdfb7f7abfe802a80329d55d857d5e469ed245269443530a8dcae	8bfa9d996e697b2e91427cc43c8ee479ee658c347815f32071821c0514459391	end_marker:1;literal_run_extended:2266;literal_run_short:22659;match_10_to_1f_extended:147;match_10_to_1f_short:16325;match_20_to_3f_extended:187;match_20_to_3f_short:20487;match_40_to_ff:92340;trailing_literal_0:97597;trailing_literal_1:14992;trailing_literal_2:11101;trailing_literal_3:5795
815	222	104	surface_grid	0	0x1509F76D	0x1509F771	u32_compressed_before_payload,u32_post_payload_record_count	2944	41664	41664	41664	0	00426182	ignores_return_and_actual_output_size	0	0	1	91bf9a3fc5f498fd7da7cdc1eab6d6710753669061083d6192f77c8c89239251	91bf9a3fc5f498fd7da7cdc1eab6d6710753669061083d6192f77c8c89239251	end_marker:1;literal_run_short:4;match_10_to_1f_extended:1;match_10_to_1f_short:6;match_20_to_3f_extended:337;match_20_to_3f_short:207;match_40_to_ff:451;trailing_literal_0:981;trailing_literal_1:18;trailing_literal_2:2
816	222	104	cm_generation_chunk	0	0x151C3237	0x151C33C3	u32_compressed_in_8_byte_table_entry,sequential_payload	570358	1025768	1024768	1024768	0	00426FDB	ignores_return_and_actual_output_size;writes_min_remaining_chunk_prefix	0	0	1	c309f44156db5fe1dc71e07ba414cd632943f89cb41807fb151204454bb76f92	c309f44156db5fe1dc71e07ba414cd632943f89cb41807fb151204454bb76f92	end_marker:1;literal_run_extended:369;literal_run_short:10326;match_10_to_1f_extended:304;match_10_to_1f_short:25617;match_20_to_3f_extended:21;match_20_to_3f_short:30965;match_40_to_ff:126272;trailing_literal_0:146524;trailing_literal_1:20059;trailing_literal_2:11820;trailing_literal_3:4775
817	222	104	cm_generation_chunk	1	0x151C323F	0x1524E7B9	u32_compressed_in_8_byte_table_entry,sequential_payload	767656	1025768	1024768	1024768	0	00426FDB	ignores_return_and_actual_output_size;writes_min_remaining_chunk_prefix	0	0	1	13f976ced79a5002e4a4af5d78a4f59772251d71490d26b5cb19d45ec3980bd2	13f976ced79a5002e4a4af5d78a4f59772251d71490d26b5cb19d45ec3980bd2	end_marker:1;literal_run_extended:3055;literal_run_short:28342;match_10_to_1f_extended:69;match_10_to_1f_short:26614;match_20_to_3f_extended:4;match_20_to_3f_short:19685;match_40_to_ff:103788;trailing_literal_0:108473;trailing_literal_1:20735;trailing_literal_2:13732;trailing_literal_3:7219
818	222	104	cm_generation_chunk	2	0x151C3247	0x15309E61	u32_compressed_in_8_byte_table_entry,sequential_payload	791706	1025768	1024768	1024768	0	00426FDB	ignores_return_and_actual_output_size;writes_min_remaining_chunk_prefix	0	0	1	bc9473f641d0910523f8e0ffd75c788d54eadf9aa472e21386a9827f8118c49d	bc9473f641d0910523f8e0ffd75c788d54eadf9aa472e21386a9827f8118c49d	end_marker:1;literal_run_extended:3833;literal_run_short:27413;match_10_to_1f_extended:18;match_10_to_1f_short:23757;match_20_to_3f_short:21309;match_40_to_ff:105604;trailing_literal_0:106814;trailing_literal_1:21365;trailing_literal_2:14947;trailing_literal_3:7561
819	222	104	cm_generation_chunk	3	0x151C324F	0x153CB2FB	u32_compressed_in_8_byte_table_entry,sequential_payload	747635	1025768	1024768	1024768	0	00426FDB	ignores_return_and_actual_output_size;writes_min_remaining_chunk_prefix	0	0	1	e83be9b2ee3eebb8e984bc08dfeeb7d4bcae3f79284f6430d9b55c0f9fd5699f	e83be9b2ee3eebb8e984bc08dfeeb7d4bcae3f79284f6430d9b55c0f9fd5699f	end_marker:1;literal_run_extended:2712;literal_run_short:26876;match_10_to_1f_extended:86;match_10_to_1f_short:23036;match_20_to_3f_extended:12;match_20_to_3f_short:29163;match_40_to_ff:102295;trailing_literal_0:112055;trailing_literal_1:19241;trailing_literal_2:16401;trailing_literal_3:6894
820	222	104	cm_generation_chunk	4	0x151C3257	0x15481B6E	u32_compressed_in_8_byte_table_entry,sequential_payload	793365	1025768	1024768	1024768	0	00426FDB	ignores_return_and_actual_output_size;writes_min_remaining_chunk_prefix	0	0	1	9a84677a0d1bcd9867ff75738681f975f23f3822a0f938b28a7950a2a5828ac5	9a84677a0d1bcd9867ff75738681f975f23f3822a0f938b28a7950a2a5828ac5	end_marker:1;literal_run_extended:3985;literal_run_short:31840;match_10_to_1f_extended:253;match_10_to_1f_short:22962;match_20_to_3f_extended:30;match_20_to_3f_short:22187;match_40_to_ff:85141;trailing_literal_0:94118;trailing_literal_1:15947;trailing_literal_2:13866;trailing_literal_3:6641
821	222	104	cm_generation_chunk	5	0x151C325F	0x15543683	u32_compressed_in_8_byte_table_entry,sequential_payload	198743	1025768	209664	1024768	815104	00426FDB	ignores_return_and_actual_output_size;writes_min_remaining_chunk_prefix	0	0	1	b762447b8ba1fa58e40c419cb546d1248d093c779833da37c2a444c099a026d9	af39d82edebc89ca0869e6758f9c254519c061677b985f9cf93a378b33ec0d31	end_marker:1;literal_run_extended:2024;literal_run_short:7324;match_10_to_1f_short:3215;match_20_to_3f_extended:2;match_20_to_3f_short:3206;match_40_to_ff:11442;trailing_literal_0:13028;trailing_literal_1:1969;trailing_literal_2:1698;trailing_literal_3:1169
822	223	105	surface_grid	0	0x15577997	0x1557799B	u32_compressed_before_payload,u32_post_payload_record_count	1010	14784	14784	14784	0	00426182	ignores_return_and_actual_output_size	0	0	1	5eec9b15f863ec556265a3afcf717e19f7cad9999f536e88fb70629a7e332b77	5eec9b15f863ec556265a3afcf717e19f7cad9999f536e88fb70629a7e332b77	end_marker:1;literal_run_short:1;match_10_to_1f_short:1;match_20_to_3f_extended:106;match_20_to_3f_short:80;match_40_to_ff:158;trailing_literal_0:341;trailing_literal_1:2;trailing_literal_2:1
823	223	105	cm_generation_chunk	0	0x15592745	0x155928D1	u32_compressed_in_8_byte_table_entry,sequential_payload	797043	1025768	1024768	1024768	0	00426FDB	ignores_return_and_actual_output_size;writes_min_remaining_chunk_prefix	0	0	1	2c9456c2bc8f40604ba23feff7c3fcf7a13afb382fb4622be3a466147a27c5db	2c9456c2bc8f40604ba23feff7c3fcf7a13afb382fb4622be3a466147a27c5db	end_marker:1;literal_run_extended:2887;literal_run_short:34147;match_10_to_1f_extended:37;match_10_to_1f_short:27867;match_20_to_3f_extended:24;match_20_to_3f_short:20791;match_40_to_ff:99642;trailing_literal_0:106107;trailing_literal_1:18854;trailing_literal_2:15882;trailing_literal_3:7517
824	223	105	cm_generation_chunk	1	0x1559274D	0x15655244	u32_compressed_in_8_byte_table_entry,sequential_payload	663705	1025768	868096	1024768	156672	00426FDB	ignores_return_and_actual_output_size;writes_min_remaining_chunk_prefix	0	0	1	c6c97da3b8d9dd9014e831789c58e04e9b590509b8c6f4ce561ece06e0ee87ef	e5f9103dd41801b2723fee7f439b41f0b8d253988e9424d26218b594e16f0bb5	end_marker:1;literal_run_extended:2737;literal_run_short:22067;match_10_to_1f_extended:22;match_10_to_1f_short:24750;match_20_to_3f_extended:1;match_20_to_3f_short:25957;match_40_to_ff:84085;trailing_literal_0:95287;trailing_literal_1:18461;trailing_literal_2:14859;trailing_literal_3:6207
825	224	100	surface_grid	0	0x157018DA	0x157018DE	u32_compressed_before_payload,u32_post_payload_record_count	3088	42240	42240	42240	0	00426182	ignores_return_and_actual_output_size	0	0	1	7235d328687dcb28a0082c4a665b0dfeab9541f626609ede00404f88897526ef	7235d328687dcb28a0082c4a665b0dfeab9541f626609ede00404f88897526ef	end_marker:1;literal_run_short:3;match_10_to_1f_short:1;match_20_to_3f_extended:295;match_20_to_3f_short:251;match_40_to_ff:549;trailing_literal_0:1084;trailing_literal_1:7;trailing_literal_2:3;trailing_literal_3:1
826	224	100	cm_generation_chunk	0	0x157E39CA	0x157E3B56	u32_compressed_in_8_byte_table_entry,sequential_payload	709416	1025768	1024768	1024768	0	00426FDB	ignores_return_and_actual_output_size;writes_min_remaining_chunk_prefix	0	0	1	6531928b588e864658c87a19823b48a1a71ca292639eb092602d5b3efe20d2ee	6531928b588e864658c87a19823b48a1a71ca292639eb092602d5b3efe20d2ee	end_marker:1;literal_run_extended:3635;literal_run_short:25844;match_10_to_1f_extended:22;match_10_to_1f_short:6662;match_20_to_3f_extended:224;match_20_to_3f_short:21866;match_40_to_ff:109753;trailing_literal_0:103571;trailing_literal_1:17795;trailing_literal_2:10459;trailing_literal_3:6701
827	224	100	cm_generation_chunk	1	0x157E39D2	0x15890E7E	u32_compressed_in_8_byte_table_entry,sequential_payload	696020	1025768	1024768	1024768	0	00426FDB	ignores_return_and_actual_output_size;writes_min_remaining_chunk_prefix	0	0	1	2afe08a6c2122fa4bd9dd3c433e49c67f3a7dea93b6d2a0e20c2a58bc55f63a0	2afe08a6c2122fa4bd9dd3c433e49c67f3a7dea93b6d2a0e20c2a58bc55f63a0	end_marker:1;literal_run_extended:2247;literal_run_short:23218;match_10_to_1f_extended:8;match_10_to_1f_short:9603;match_20_to_3f_extended:54;match_20_to_3f_short:20830;match_40_to_ff:132358;trailing_literal_0:118845;trailing_literal_1:22842;trailing_literal_2:13634;trailing_literal_3:7531
828	224	100	cm_generation_chunk	2	0x157E39DA	0x1593AD52	u32_compressed_in_8_byte_table_entry,sequential_payload	795553	1025768	1024768	1024768	0	00426FDB	ignores_return_and_actual_output_size;writes_min_remaining_chunk_prefix	0	0	1	656dd91d9e0003b62df9350814bf90c9165fb3bdb60d8045baf3897428b58efd	656dd91d9e0003b62df9350814bf90c9165fb3bdb60d8045baf3897428b58efd	end_marker:1;literal_run_extended:5003;literal_run_short:28237;match_10_to_1f_extended:10;match_10_to_1f_short:9918;match_20_to_3f_extended:10;match_20_to_3f_short:18708;match_40_to_ff:111447;trailing_literal_0:101900;trailing_literal_1:19138;trailing_literal_2:11945;trailing_literal_3:7109
829	224	100	cm_generation_chunk	3	0x157E39E2	0x159FD0F3	u32_compressed_in_8_byte_table_entry,sequential_payload	787620	1025768	1024768	1024768	0	00426FDB	ignores_return_and_actual_output_size;writes_min_remaining_chunk_prefix	0	0	1	aeaa2d200944c7029172b15e04426f530626e68a47a7936e1bd7f9d47fbb9795	aeaa2d200944c7029172b15e04426f530626e68a47a7936e1bd7f9d47fbb9795	end_marker:1;literal_run_extended:4223;literal_run_short:27789;match_10_to_1f_extended:5;match_10_to_1f_short:12440;match_20_to_3f_extended:16;match_20_to_3f_short:26738;match_40_to_ff:108127;trailing_literal_0:107547;trailing_literal_1:19650;trailing_literal_2:13101;trailing_literal_3:7027
830	224	100	cm_generation_chunk	4	0x157E39EA	0x15ABD597	u32_compressed_in_8_byte_table_entry,sequential_payload	646065	1025768	1024768	1024768	0	00426FDB	ignores_return_and_actual_output_size;writes_min_remaining_chunk_prefix	0	0	1	e0bad6ed55f90e1835d13dbc73afb7743203456961fad3518d982fbd090ca835	e0bad6ed55f90e1835d13dbc73afb7743203456961fad3518d982fbd090ca835	end_marker:1;literal_run_extended:932;literal_run_short:18279;match_10_to_1f_extended:10;match_10_to_1f_short:8917;match_20_to_3f_extended:20;match_20_to_3f_short:31225;match_40_to_ff:142189;trailing_literal_0:141055;trailing_literal_1:21477;trailing_literal_2:13497;trailing_literal_3:6331
831	224	100	cm_generation_chunk	5	0x157E39F2	0x15B5B148	u32_compressed_in_8_byte_table_entry,sequential_payload	149948	1025768	285440	1024768	739328	00426FDB	ignores_return_and_actual_output_size;writes_min_remaining_chunk_prefix	0	0	1	f3c81e5f34de51bbf9ba20609f2bcf88e4c43ce7b6d6dc1b5123cbd52045ab71	ad70289298560271aac8d0368be06ac72a80ff9fed71eb815916c966b9c2e431	end_marker:1;literal_run_extended:16;literal_run_short:2118;match_10_to_1f_extended:13;match_10_to_1f_short:2793;match_20_to_3f_extended:24;match_20_to_3f_short:9176;match_40_to_ff:41481;trailing_literal_0:45426;trailing_literal_1:4386;trailing_literal_2:2774;trailing_literal_3:900
832	225	163	surface_grid	0	0x15B84201	0x15B84205	u32_compressed_before_payload,u32_post_payload_record_count	1240	17920	17920	17920	0	00426182	ignores_return_and_actual_output_size	0	0	1	57db07e896b9ac6337b1f126c5804c189661811fc175149c5109f58c459a0812	57db07e896b9ac6337b1f126c5804c189661811fc175149c5109f58c459a0812	end_marker:1;literal_run_short:5;match_10_to_1f_short:1;match_20_to_3f_extended:86;match_20_to_3f_short:119;match_40_to_ff:227;trailing_literal_0:418;trailing_literal_1:9;trailing_literal_2:3;trailing_literal_3:2
833	225	163	cm_generation_chunk	0	0x15B9B1FB	0x15B9B387	u32_compressed_in_8_byte_table_entry,sequential_payload	496464	1025768	909312	1024768	115456	00426FDB	ignores_return_and_actual_output_size;writes_min_remaining_chunk_prefix	0	0	1	6061d9664c598431aa39fab6b1db40122e9963e411e4ae40bf3bc254ca04c90d	42231be480912361bf712232a5f35348771b7810beb846e329d550db51d589af	end_marker:1;literal_run_extended:989;literal_run_short:12722;match_10_to_1f_extended:401;match_10_to_1f_short:16658;match_20_to_3f_extended:311;match_20_to_3f_short:20474;match_40_to_ff:100358;trailing_literal_0:109662;trailing_literal_1:14976;trailing_literal_2:9337;trailing_literal_3:4226
834	226	164	surface_grid	0	0x15C192D4	0x15C192D8	u32_compressed_before_payload,u32_post_payload_record_count	1671	19200	19200	19200	0	00426182	ignores_return_and_actual_output_size	0	0	1	0c7cbd0ec430a3f3b509018b0b87e2341c0d8fcf3447f692af90d26a438e6c45	0c7cbd0ec430a3f3b509018b0b87e2341c0d8fcf3447f692af90d26a438e6c45	end_marker:1;literal_run_short:3;match_10_to_1f_short:1;match_20_to_3f_extended:104;match_20_to_3f_short:184;match_40_to_ff:320;trailing_literal_0:595;trailing_literal_1:8;trailing_literal_2:2;trailing_literal_3:3
835	226	164	cm_generation_chunk	0	0x15C3D665	0x15C3D7F1	u32_compressed_in_8_byte_table_entry,sequential_payload	709323	1025768	1024768	1024768	0	00426FDB	ignores_return_and_actual_output_size;writes_min_remaining_chunk_prefix	0	0	1	3f08f7bf56ea7e6c23040c8e6d32cf7a9381b46f110a68ee543b2ec4e236609a	3f08f7bf56ea7e6c23040c8e6d32cf7a9381b46f110a68ee543b2ec4e236609a	end_marker:1;literal_run_extended:2568;literal_run_short:27805;match_10_to_1f_extended:221;match_10_to_1f_short:19426;match_20_to_3f_extended:86;match_20_to_3f_short:13705;match_40_to_ff:113867;trailing_literal_0:108899;trailing_literal_1:18642;trailing_literal_2:12441;trailing_literal_3:7322
836	226	164	cm_generation_chunk	1	0x15C3D66D	0x15CEAABC	u32_compressed_in_8_byte_table_entry,sequential_payload	780434	1025768	1024768	1024768	0	00426FDB	ignores_return_and_actual_output_size;writes_min_remaining_chunk_prefix	0	0	1	1e124b5f081adc0834e438fcc53ada106e53922e9bfad09b6006cc3bdb74e103	1e124b5f081adc0834e438fcc53ada106e53922e9bfad09b6006cc3bdb74e103	end_marker:1;literal_run_extended:3832;literal_run_short:30011;match_10_to_1f_extended:116;match_10_to_1f_short:21287;match_20_to_3f_extended:32;match_20_to_3f_short:18627;match_40_to_ff:103781;trailing_literal_0:102533;trailing_literal_1:20674;trailing_literal_2:12730;trailing_literal_3:7905
837	226	164	cm_generation_chunk	2	0x15C3D675	0x15DA934E	u32_compressed_in_8_byte_table_entry,sequential_payload	222617	1025768	290304	1024768	734464	00426FDB	ignores_return_and_actual_output_size;writes_min_remaining_chunk_prefix	0	0	1	bbcf6e16c6d695a67b566a94302ebc09b5a07bfade95ec04fe23b2fb015ff0da	8dc10a7061d7a80ef046500f4a739ccb61fc3d2a031906cf7486d29cade10a93	end_marker:1;literal_run_extended:792;literal_run_short:8525;match_10_to_1f_extended:13;match_10_to_1f_short:4943;match_20_to_3f_extended:4;match_20_to_3f_short:6140;match_40_to_ff:33394;trailing_literal_0:31322;trailing_literal_1:7137;trailing_literal_2:3484;trailing_literal_3:2550
838	227	172	surface_grid	0	0x15DE4304	0x15DE4308	u32_compressed_before_payload,u32_post_payload_record_count	1091	18720	18720	18720	0	00426182	ignores_return_and_actual_output_size	0	0	1	3d81a7b3bd5da8b2a6d1a200f48c7ff3c0f01d5a6bb000073454ecf2c4fb95af	3d81a7b3bd5da8b2a6d1a200f48c7ff3c0f01d5a6bb000073454ecf2c4fb95af	end_marker:1;literal_run_short:8;match_10_to_1f_short:1;match_20_to_3f_extended:61;match_20_to_3f_short:91;match_40_to_ff:228;trailing_literal_0:365;trailing_literal_1:13;trailing_literal_2:1;trailing_literal_3:1
839	227	172	cm_generation_chunk	0	0x15E406FC	0x15E40888	u32_compressed_in_8_byte_table_entry,sequential_payload	543291	1025768	1024768	1024768	0	00426FDB	ignores_return_and_actual_output_size;writes_min_remaining_chunk_prefix	0	0	1	50832ce555ea24a1b0baae30e8cf979a61b00246919ccced80b75b70b2ae5df2	50832ce555ea24a1b0baae30e8cf979a61b00246919ccced80b75b70b2ae5df2	end_marker:1;literal_run_extended:2701;literal_run_short:17224;match_10_to_1f_extended:106;match_10_to_1f_short:8169;match_20_to_3f_extended:1327;match_20_to_3f_short:27264;match_40_to_ff:72924;trailing_literal_0:87994;trailing_literal_1:9262;trailing_literal_2:8908;trailing_literal_3:3625
840	227	172	cm_generation_chunk	1	0x15E40704	0x15EC52C3	u32_compressed_in_8_byte_table_entry,sequential_payload	770879	1025768	1024768	1024768	0	00426FDB	ignores_return_and_actual_output_size;writes_min_remaining_chunk_prefix	0	0	1	0b5ca90913614385a8f9775807be6567134b6417d624b0213e5d0ec5d68d6e87	0b5ca90913614385a8f9775807be6567134b6417d624b0213e5d0ec5d68d6e87	end_marker:1;literal_run_extended:4198;literal_run_short:26029;match_10_to_1f_extended:11;match_10_to_1f_short:11820;match_20_to_3f_extended:9;match_20_to_3f_short:24989;match_40_to_ff:111091;trailing_literal_0:110457;trailing_literal_1:17875;trailing_literal_2:13241;trailing_literal_3:6346
841	227	172	cm_generation_chunk	2	0x15E4070C	0x15F81602	u32_compressed_in_8_byte_table_entry,sequential_payload	249135	1025768	284160	1024768	740608	00426FDB	ignores_return_and_actual_output_size;writes_min_remaining_chunk_prefix	0	0	1	4875d954caad0114bd3c134f9eb8517f11dff1a32a49d59e0bcc09c21faf7986	8d5308e1d361abd004a8b8a1a677f5d93b3b066910650a792e42e53ea43895c0	end_marker:1;literal_run_extended:1991;literal_run_short:9156;match_10_to_1f_extended:3;match_10_to_1f_short:3582;match_20_to_3f_extended:1;match_20_to_3f_short:4931;match_40_to_ff:23960;trailing_literal_0:22112;trailing_literal_1:4879;trailing_literal_2:3225;trailing_literal_3:2260
842	228	173	surface_grid	0	0x15FC2D4E	0x15FC2D52	u32_compressed_before_payload,u32_post_payload_record_count	1053	18720	18720	18720	0	00426182	ignores_return_and_actual_output_size	0	0	1	b4bcc841a549ffa6cc78946a9936a15c1569923b85dabbce097d9e3230cd6a26	b4bcc841a549ffa6cc78946a9936a15c1569923b85dabbce097d9e3230cd6a26	end_marker:1;literal_run_short:6;match_10_to_1f_short:1;match_20_to_3f_extended:76;match_20_to_3f_short:120;match_40_to_ff:149;trailing_literal_0:325;trailing_literal_1:15;trailing_literal_2:5
843	228	173	cm_generation_chunk	0	0x1600CFFA	0x1600D186	u32_compressed_in_8_byte_table_entry,sequential_payload	577902	1025768	1024768	1024768	0	00426FDB	ignores_return_and_actual_output_size;writes_min_remaining_chunk_prefix	0	0	1	ec0a52dc797b08ed3042ffc94a5c4b110ae92f0a1071dd3a95105dea4410ea3e	ec0a52dc797b08ed3042ffc94a5c4b110ae92f0a1071dd3a95105dea4410ea3e	end_marker:1;literal_run_extended:2611;literal_run_short:18547;match_10_to_1f_extended:104;match_10_to_1f_short:8345;match_20_to_3f_extended:998;match_20_to_3f_short:29717;match_40_to_ff:80913;trailing_literal_0:94596;trailing_literal_1:10671;trailing_literal_2:10464;trailing_literal_3:4345
844	228	173	cm_generation_chunk	1	0x1600D002	0x1609A2F4	u32_compressed_in_8_byte_table_entry,sequential_payload	772818	1025768	1024768	1024768	0	00426FDB	ignores_return_and_actual_output_size;writes_min_remaining_chunk_prefix	0	0	1	aa5e1b5334ab3525550b8849effdf3be325e6e300b865738bee7a7a0a1edd6ac	aa5e1b5334ab3525550b8849effdf3be325e6e300b865738bee7a7a0a1edd6ac	end_marker:1;literal_run_extended:3797;literal_run_short:25329;match_10_to_1f_extended:16;match_10_to_1f_short:13321;match_20_to_3f_extended:24;match_20_to_3f_short:28964;match_40_to_ff:109532;trailing_literal_0:111902;trailing_literal_1:19220;trailing_literal_2:14031;trailing_literal_3:6703
845	228	173	cm_generation_chunk	2	0x1600D00A	0x16156DC6	u32_compressed_in_8_byte_table_entry,sequential_payload	257064	1025768	320512	1024768	704256	00426FDB	ignores_return_and_actual_output_size;writes_min_remaining_chunk_prefix	0	0	1	82a3030c86c185a39ac94f13ffcef54902f7268f0f67b8d49b5e16eaffdc6107	796233a691e366378e05928b939083c78a7b76c380f729b18fb4d5e87f5b2f66	end_marker:1;literal_run_extended:1433;literal_run_short:9052;match_10_to_1f_extended:10;match_10_to_1f_short:4380;match_20_to_3f_extended:2;match_20_to_3f_short:9781;match_40_to_ff:29995;trailing_literal_0:31111;trailing_literal_1:5920;trailing_literal_2:4866;trailing_literal_3:2270
846	229	121	surface_grid	0	0x161985EB	0x161985EF	u32_compressed_before_payload,u32_post_payload_record_count	1493	11008	11008	11008	0	00426182	ignores_return_and_actual_output_size	0	0	1	6c1a53fc5b5fb63d621b4bc03d45bf566a2a1a19a90fce011a6b79c606ae5a36	6c1a53fc5b5fb63d621b4bc03d45bf566a2a1a19a90fce011a6b79c606ae5a36	end_marker:1;literal_run_short:3;match_10_to_1f_short:1;match_20_to_3f_extended:64;match_20_to_3f_short:188;match_40_to_ff:309;trailing_literal_0:541;trailing_literal_1:15;trailing_literal_2:3;trailing_literal_3:2
847	229	121	cm_generation_chunk	0	0x161B8BA2	0x161B8D2E	u32_compressed_in_8_byte_table_entry,sequential_payload	558311	1025768	835584	1024768	189184	00426FDB	ignores_return_and_actual_output_size;writes_min_remaining_chunk_prefix	0	0	1	2376f7bdcc393787b04716f0c79f49c5c6c88005194cd9d6c3098fba62973a44	334cb77b805ace6f5b9bbfc0aad6f7ca010b05cf4d439b31189570892dbaf43a	end_marker:1;literal_run_extended:1094;literal_run_short:20944;match_10_to_1f_extended:243;match_10_to_1f_short:21394;match_20_to_3f_extended:147;match_20_to_3f_short:19365;match_40_to_ff:84422;trailing_literal_0:87359;trailing_literal_1:18682;trailing_literal_2:12764;trailing_literal_3:6765
848	230	122	surface_grid	0	0x162470EA	0x162470EE	u32_compressed_before_payload,u32_post_payload_record_count	3216	24024	24024	24024	0	00426182	ignores_return_and_actual_output_size	0	0	1	2d80ceea2865d9d624b5c987bb6800a1a4d45ceb44816f7e8c80fc1fc83e6f95	2d80ceea2865d9d624b5c987bb6800a1a4d45ceb44816f7e8c80fc1fc83e6f95	end_marker:1;literal_run_short:3;match_10_to_1f_extended:1;match_10_to_1f_short:1;match_20_to_3f_extended:147;match_20_to_3f_short:406;match_40_to_ff:676;trailing_literal_0:1216;trailing_literal_1:12;trailing_literal_2:1;trailing_literal_3:1
849	230	122	cm_generation_chunk	0	0x162C14ED	0x162C1679	u32_compressed_in_8_byte_table_entry,sequential_payload	612225	1025768	1024768	1024768	0	00426FDB	ignores_return_and_actual_output_size;writes_min_remaining_chunk_prefix	0	0	1	b5903a840aac86778fe0403b6922a1c5b891e046c91e81c3b3324fb59f211e91	b5903a840aac86778fe0403b6922a1c5b891e046c91e81c3b3324fb59f211e91	end_marker:1;literal_run_extended:746;literal_run_short:17208;match_10_to_1f_extended:468;match_10_to_1f_short:25691;match_20_to_3f_extended:112;match_20_to_3f_short:26337;match_40_to_ff:113672;trailing_literal_0:122517;trailing_literal_1:22991;trailing_literal_2:13993;trailing_literal_3:6778
850	230	122	cm_generation_chunk	1	0x162C14F5	0x16356DFA	u32_compressed_in_8_byte_table_entry,sequential_payload	570012	1025768	882944	1024768	141824	00426FDB	ignores_return_and_actual_output_size;writes_min_remaining_chunk_prefix	0	0	1	d24a258c7a312fde6a5042078591e790fc7e9792deec0a6f0b8b42d8cab55b18	63079f325e0bb2c285c0dc676d96f83e65c0c1a5de233eac4ccb68151b58e7bb	end_marker:1;literal_run_extended:996;literal_run_short:18881;match_10_to_1f_extended:203;match_10_to_1f_short:22509;match_20_to_3f_extended:145;match_20_to_3f_short:20680;match_40_to_ff:96167;trailing_literal_0:100736;trailing_literal_1:19715;trailing_literal_2:12715;trailing_literal_3:6537
851	231	123	surface_grid	0	0x163E47A3	0x163E47A7	u32_compressed_before_payload,u32_post_payload_record_count	1009	9744	9744	9744	0	00426182	ignores_return_and_actual_output_size	0	0	1	77439a24364f2ab715feb3a54095fed2fe9c0f232c9dd3e8b584fefc24c32a42	77439a24364f2ab715feb3a54095fed2fe9c0f232c9dd3e8b584fefc24c32a42	end_marker:1;literal_run_short:2;match_10_to_1f_short:1;match_20_to_3f_extended:56;match_20_to_3f_short:141;match_40_to_ff:155;trailing_literal_0:334;trailing_literal_1:12;trailing_literal_2:3;trailing_literal_3:3
852	231	123	cm_generation_chunk	0	0x163F3FE6	0x163F4172	u32_compressed_in_8_byte_table_entry,sequential_payload	477665	1025768	763392	1024768	261376	00426FDB	ignores_return_and_actual_output_size;writes_min_remaining_chunk_prefix	0	0	1	77474df5222efe5e0a280d3dc25081da8f026adcbed6ef8828202cd3cd2492bf	721901600cad8471f37b8e5fce512bda1a42cab7f886c7c50f0d62ef52a2be57	end_marker:1;literal_run_extended:938;literal_run_short:14686;match_10_to_1f_extended:187;match_10_to_1f_short:18537;match_20_to_3f_extended:230;match_20_to_3f_short:22273;match_40_to_ff:77131;trailing_literal_0:86599;trailing_literal_1:16226;trailing_literal_2:10585;trailing_literal_3:4947
853	232	124	surface_grid	0	0x1646E710	0x1646E714	u32_compressed_before_payload,u32_post_payload_record_count	1687	23232	23232	23232	0	00426182	ignores_return_and_actual_output_size	0	0	1	ab1ffbab336b6d174e9f60e105d6368a40a1b45009df214d26a069beead48ca6	ab1ffbab336b6d174e9f60e105d6368a40a1b45009df214d26a069beead48ca6	end_marker:1;literal_run_short:3;match_10_to_1f_extended:1;match_10_to_1f_short:1;match_20_to_3f_extended:114;match_20_to_3f_short:191;match_40_to_ff:286;trailing_literal_0:577;trailing_literal_1:11;trailing_literal_2:1;trailing_literal_3:3
854	232	124	cm_generation_chunk	0	0x164802D4	0x16480460	u32_compressed_in_8_byte_table_entry,sequential_payload	629909	1025768	1024768	1024768	0	00426FDB	ignores_return_and_actual_output_size;writes_min_remaining_chunk_prefix	0	0	1	29c1bdad8dff8b8b8de1627fbd272297c5998bb49be2813fd1ba7b24ad2309d3	29c1bdad8dff8b8b8de1627fbd272297c5998bb49be2813fd1ba7b24ad2309d3	end_marker:1;literal_run_extended:486;literal_run_short:17341;match_10_to_1f_extended:163;match_10_to_1f_short:27127;match_20_to_3f_extended:125;match_20_to_3f_short:32020;match_40_to_ff:115984;trailing_literal_0:129331;trailing_literal_1:23792;trailing_literal_2:15398;trailing_literal_3:6897
855	232	124	cm_generation_chunk	1	0x164802DC	0x1651A0F5	u32_compressed_in_8_byte_table_entry,sequential_payload	207815	1025768	294656	1024768	730112	00426FDB	ignores_return_and_actual_output_size;writes_min_remaining_chunk_prefix	0	0	1	e828605b8f92a9efd8aab1b135bc090c31ba2a3dd6e2d60e8a5e9134ac29b66c	c36b49dd33e180a9dfafe0eda65374f0bf4b39ce951952fc43e6c5c441894e20	end_marker:1;literal_run_extended:302;literal_run_short:8743;match_10_to_1f_extended:53;match_10_to_1f_short:8048;match_20_to_3f_extended:83;match_20_to_3f_short:9053;match_40_to_ff:25715;trailing_literal_0:29243;trailing_literal_1:6154;trailing_literal_2:5214;trailing_literal_3:2340
856	233	125	surface_grid	0	0x1655038D	0x16550391	u32_compressed_before_payload,u32_post_payload_record_count	1535	13780	13780	13780	0	00426182	ignores_return_and_actual_output_size	0	0	1	fbe257d01e0551194819684e5e1e8c26ef3890147ab5dd2c888beeb94a47a25e	fbe257d01e0551194819684e5e1e8c26ef3890147ab5dd2c888beeb94a47a25e	end_marker:1;literal_run_short:2;match_10_to_1f_short:1;match_20_to_3f_extended:83;match_20_to_3f_short:176;match_40_to_ff:308;trailing_literal_0:544;trailing_literal_1:17;trailing_literal_2:4;trailing_literal_3:2
857	233	125	cm_generation_chunk	0	0x1656CA5C	0x1656CBE8	u32_compressed_in_8_byte_table_entry,sequential_payload	475396	1025768	813056	1024768	211712	00426FDB	ignores_return_and_actual_output_size;writes_min_remaining_chunk_prefix	0	0	1	c95f45dfda1606301db260e6dc3f762032a084264a1b68f8df9ad07bd44eaf98	6dfffcdd5b4e952f01612db4fe7dacb32cb87a3ee1616c440b081e4a66337f62	end_marker:1;literal_run_extended:1043;literal_run_short:13286;match_10_to_1f_extended:312;match_10_to_1f_short:16253;match_20_to_3f_extended:250;match_20_to_3f_short:25616;match_40_to_ff:80525;trailing_literal_0:95976;trailing_literal_1:14017;trailing_literal_2:9134;trailing_literal_3:3828
858	234	126	surface_grid	0	0x165E3189	0x165E318D	u32_compressed_before_payload,u32_post_payload_record_count	1253	9120	9120	9120	0	00426182	ignores_return_and_actual_output_size	0	0	1	404ea79ad55cbc110e5eb632e4693ba66cb67bd5267fedc1175bfef0d977e5e5	404ea79ad55cbc110e5eb632e4693ba66cb67bd5267fedc1175bfef0d977e5e5	end_marker:1;literal_run_short:4;match_10_to_1f_short:1;match_20_to_3f_extended:46;match_20_to_3f_short:146;match_40_to_ff:290;trailing_literal_0:470;trailing_literal_1:8;trailing_literal_2:2;trailing_literal_3:2
859	234	126	cm_generation_chunk	0	0x165F7026	0x165F71B2	u32_compressed_in_8_byte_table_entry,sequential_payload	519781	1025768	747008	1024768	277760	00426FDB	ignores_return_and_actual_output_size;writes_min_remaining_chunk_prefix	0	0	1	01368cfd3c8e370d1297fb10b47b104d8e68f00f81dd249a9bf038724050d464	ddd6a7cc2551f8c55edd9569fafa340bed17948bb2c89332c89cd0c50e60b4a0	end_marker:1;literal_run_extended:1553;literal_run_short:21244;match_10_to_1f_extended:275;match_10_to_1f_short:16889;match_20_to_3f_extended:139;match_20_to_3f_short:16707;match_40_to_ff:69703;trailing_literal_0:72483;trailing_literal_1:14702;trailing_literal_2:10564;trailing_literal_3:5963
860	235	127	surface_grid	0	0x16679214	0x16679218	u32_compressed_before_payload,u32_post_payload_record_count	1915	12544	12544	12544	0	00426182	ignores_return_and_actual_output_size	0	0	1	23a10278074390cfff7a50e281cb524a96168104cde40f01f05bbacb4ebdf98b	23a10278074390cfff7a50e281cb524a96168104cde40f01f05bbacb4ebdf98b	end_marker:1;literal_run_short:3;match_10_to_1f_short:1;match_20_to_3f_extended:68;match_20_to_3f_short:247;match_40_to_ff:430;trailing_literal_0:733;trailing_literal_1:9;trailing_literal_2:2;trailing_literal_3:1
861	235	127	cm_generation_chunk	0	0x166B2616	0x166B27A2	u32_compressed_in_8_byte_table_entry,sequential_payload	695592	1025768	1024768	1024768	0	00426FDB	ignores_return_and_actual_output_size;writes_min_remaining_chunk_prefix	0	0	1	8fa1ebc3632c78193bebec4dbc00c6350487490aafb277d8b9c2ec96b7afe1f0	8fa1ebc3632c78193bebec4dbc00c6350487490aafb277d8b9c2ec96b7afe1f0	end_marker:1;literal_run_extended:3113;literal_run_short:24880;match_10_to_1f_extended:249;match_10_to_1f_short:20429;match_20_to_3f_extended:325;match_20_to_3f_short:19729;match_40_to_ff:95202;trailing_literal_0:96919;trailing_literal_1:19686;trailing_literal_2:12104;trailing_literal_3:7224
862	235	127	cm_generation_chunk	1	0x166B261E	0x1675C4CA	u32_compressed_in_8_byte_table_entry,sequential_payload	14657	1025768	51968	1024768	972800	00426FDB	ignores_return_and_actual_output_size;writes_min_remaining_chunk_prefix	0	0	1	a7b7f82243ddea6b7ec69aeec2349e2204fad8c6f17f49797e073b841f27a6ec	ba40e0851258ba759c41a4904a0e555959e1b15d0fbfe50d70f8e501ab30a63f	end_marker:1;literal_run_extended:26;literal_run_short:377;match_10_to_1f_short:31;match_20_to_3f_extended:180;match_20_to_3f_short:810;match_40_to_ff:1259;trailing_literal_0:1689;trailing_literal_1:276;trailing_literal_2:206;trailing_literal_3:108
863	236	314	surface_grid	0	0x1676194A	0x1676194E	u32_compressed_before_payload,u32_post_payload_record_count	567	6720	6720	6720	0	00426182	ignores_return_and_actual_output_size	0	0	1	7fdb69090ee9c090564e916bf4145814ae428830a25f9f89d199e3a9dd48a79e	7fdb69090ee9c090564e916bf4145814ae428830a25f9f89d199e3a9dd48a79e	end_marker:1;literal_run_short:3;match_10_to_1f_short:1;match_20_to_3f_extended:42;match_20_to_3f_short:62;match_40_to_ff:90;trailing_literal_0:194
864	236	314	cm_generation_chunk	0	0x16761BE8	0x16761D74	u32_compressed_in_8_byte_table_entry,sequential_payload	617985	1025768	860672	1024768	164096	00426FDB	ignores_return_and_actual_output_size;writes_min_remaining_chunk_prefix	0	0	1	0e7bf015caff56f653273726ac43748376e73abf803c44954a71fe284de0033f	6a5a48b23756ef9b135bda24aee255ad87f16539f1cdfd327723b33f313e3932	end_marker:1;literal_run_extended:4809;literal_run_short:21910;match_10_to_1f_extended:248;match_10_to_1f_short:11044;match_20_to_3f_extended:247;match_20_to_3f_short:14029;match_40_to_ff:62855;trailing_literal_0:64467;trailing_literal_1:12331;trailing_literal_2:6325;trailing_literal_3:5299
865	237	315	surface_grid	0	0x1680EC05	0x1680EC09	u32_compressed_before_payload,u32_post_payload_record_count	9651	90000	90000	90000	0	00426182	ignores_return_and_actual_output_size	0	0	1	7bfa120322959a1a0794b87ff480fedbe2bd9562857fda92803c899fa217b30c	7bfa120322959a1a0794b87ff480fedbe2bd9562857fda92803c899fa217b30c	end_marker:1;literal_run_short:15;match_10_to_1f_extended:6;match_10_to_1f_short:12;match_20_to_3f_extended:705;match_20_to_3f_short:1183;match_40_to_ff:1536;trailing_literal_0:3402;trailing_literal_1:31;trailing_literal_2:7;trailing_literal_3:1
866	237	315	cm_generation_chunk	0	0x1689BEED	0x1689C079	u32_compressed_in_8_byte_table_entry,sequential_payload	686170	1025768	1024768	1024768	0	00426FDB	ignores_return_and_actual_output_size;writes_min_remaining_chunk_prefix	0	0	1	0add328505b12e2f1eb34dd656c65c6dc9610f4aa83e681d85402ce61ff05a7b	0add328505b12e2f1eb34dd656c65c6dc9610f4aa83e681d85402ce61ff05a7b	end_marker:1;literal_run_extended:3267;literal_run_short:25168;match_10_to_1f_extended:1566;match_10_to_1f_short:16542;match_20_to_3f_extended:227;match_20_to_3f_short:28365;match_40_to_ff:78836;trailing_literal_0:88267;trailing_literal_1:18394;trailing_literal_2:11591;trailing_literal_3:7283
867	237	315	cm_generation_chunk	1	0x1689BEF5	0x169438D3	u32_compressed_in_8_byte_table_entry,sequential_payload	644872	1025768	1024768	1024768	0	00426FDB	ignores_return_and_actual_output_size;writes_min_remaining_chunk_prefix	0	0	1	6ab6a90c80b3c5fc5d4ee0e02e674b223b2b875250c215f6030fa879f89f407e	6ab6a90c80b3c5fc5d4ee0e02e674b223b2b875250c215f6030fa879f89f407e	end_marker:1;literal_run_extended:1939;literal_run_short:20056;match_10_to_1f_extended:1771;match_10_to_1f_short:18788;match_20_to_3f_extended:243;match_20_to_3f_short:27739;match_40_to_ff:101439;trailing_literal_0:109270;trailing_literal_1:21503;trailing_literal_2:12225;trailing_literal_3:6981
868	237	315	cm_generation_chunk	2	0x1689BEFD	0x169E0FDB	u32_compressed_in_8_byte_table_entry,sequential_payload	718916	1025768	1024768	1024768	0	00426FDB	ignores_return_and_actual_output_size;writes_min_remaining_chunk_prefix	0	0	1	18b82115738764ca9a5787e1fe4be0ead0ee46915fa84b1c3ee6d9a962136b9d	18b82115738764ca9a5787e1fe4be0ead0ee46915fa84b1c3ee6d9a962136b9d	end_marker:1;literal_run_extended:3137;literal_run_short:26707;match_10_to_1f_extended:891;match_10_to_1f_short:18409;match_20_to_3f_extended:223;match_20_to_3f_short:23039;match_40_to_ff:96122;trailing_literal_0:99386;trailing_literal_1:19471;trailing_literal_2:12301;trailing_literal_3:7525
869	237	315	cm_generation_chunk	3	0x1689BF05	0x16A9081F	u32_compressed_in_8_byte_table_entry,sequential_payload	688473	1025768	1024768	1024768	0	00426FDB	ignores_return_and_actual_output_size;writes_min_remaining_chunk_prefix	0	0	1	9dee5ee4550523e80fa7d659026025d87cfed1df2ee56e25830c5f52fde27cf3	9dee5ee4550523e80fa7d659026025d87cfed1df2ee56e25830c5f52fde27cf3	end_marker:1;literal_run_extended:2805;literal_run_short:24013;match_10_to_1f_extended:534;match_10_to_1f_short:19709;match_20_to_3f_extended:265;match_20_to_3f_short:24289;match_40_to_ff:96989;trailing_literal_0:103191;trailing_literal_1:19432;trailing_literal_2:12066;trailing_literal_3:7096
870	237	315	cm_generation_chunk	4	0x1689BF0D	0x16B38978	u32_compressed_in_8_byte_table_entry,sequential_payload	694271	1025768	1024768	1024768	0	00426FDB	ignores_return_and_actual_output_size;writes_min_remaining_chunk_prefix	0	0	1	72805d6481a65d66cce9a56c2679b32906cca616a264c91d70ae2a822497c07d	72805d6481a65d66cce9a56c2679b32906cca616a264c91d70ae2a822497c07d	end_marker:1;literal_run_extended:2627;literal_run_short:22818;match_10_to_1f_extended:1040;match_10_to_1f_short:17503;match_20_to_3f_extended:102;match_20_to_3f_short:24444;match_40_to_ff:110935;trailing_literal_0:114642;trailing_literal_1:20627;trailing_literal_2:11909;trailing_literal_3:6845
871	237	315	cm_generation_chunk	5	0x1689BF15	0x16BE2177	u32_compressed_in_8_byte_table_entry,sequential_payload	709171	1025768	1024768	1024768	0	00426FDB	ignores_return_and_actual_output_size;writes_min_remaining_chunk_prefix	0	0	1	c33b3fdfcf413a3cf6bb937304cc2f50113eb5aa9f3d41efd719f615a4953643	c33b3fdfcf413a3cf6bb937304cc2f50113eb5aa9f3d41efd719f615a4953643	end_marker:1;literal_run_extended:2874;literal_run_short:26054;match_10_to_1f_extended:949;match_10_to_1f_short:20624;match_20_to_3f_extended:236;match_20_to_3f_short:26729;match_40_to_ff:92160;trailing_literal_0:101243;trailing_literal_1:19871;trailing_literal_2:12167;trailing_literal_3:7416
872	237	315	cm_generation_chunk	6	0x1689BF1D	0x16C8F3AA	u32_compressed_in_8_byte_table_entry,sequential_payload	304828	1025768	492544	1024768	532224	00426FDB	ignores_return_and_actual_output_size;writes_min_remaining_chunk_prefix	0	0	1	e97482eae24d7fdc7688f490292ae6ed25ea9d8b31b737013851feaf42780549	1e3165d510ea4971c9338f023b85989680076bec84f50e40926a4bf54cacfae7	end_marker:1;literal_run_extended:754;literal_run_short:9503;match_10_to_1f_extended:468;match_10_to_1f_short:7419;match_20_to_3f_extended:178;match_20_to_3f_short:14693;match_40_to_ff:49688;trailing_literal_0:52568;trailing_literal_1:10525;trailing_literal_2:5994;trailing_literal_3:3358
873	238	316	surface_grid	0	0x16CEFAF6	0x16CEFAFA	u32_compressed_before_payload,u32_post_payload_record_count	9454	90000	90000	90000	0	00426182	ignores_return_and_actual_output_size	0	0	1	8378b2d61cb931b73e72c51375c3329b5308990311dec4290c4d16270153f88b	8378b2d61cb931b73e72c51375c3329b5308990311dec4290c4d16270153f88b	end_marker:1;literal_run_short:9;match_10_to_1f_extended:4;match_10_to_1f_short:16;match_20_to_3f_extended:721;match_20_to_3f_short:1183;match_40_to_ff:1417;trailing_literal_0:3306;trailing_literal_1:24;trailing_literal_2:7;trailing_literal_3:3
874	238	316	cm_generation_chunk	0	0x16D7CC2E	0x16D7CDBA	u32_compressed_in_8_byte_table_entry,sequential_payload	714041	1025768	1024768	1024768	0	00426FDB	ignores_return_and_actual_output_size;writes_min_remaining_chunk_prefix	0	0	1	4b31b988f534775b7f619a1f598f5eeec220321889cc0aa5c7be0c7f32e583a1	4b31b988f534775b7f619a1f598f5eeec220321889cc0aa5c7be0c7f32e583a1	end_marker:1;literal_run_extended:3206;literal_run_short:26792;match_10_to_1f_extended:1163;match_10_to_1f_short:19836;match_20_to_3f_extended:273;match_20_to_3f_short:23900;match_40_to_ff:88492;trailing_literal_0:93466;trailing_literal_1:20005;trailing_literal_2:12507;trailing_literal_3:7685
875	238	316	cm_generation_chunk	1	0x16D7CC36	0x16E2B2F3	u32_compressed_in_8_byte_table_entry,sequential_payload	702985	1025768	1024768	1024768	0	00426FDB	ignores_return_and_actual_output_size;writes_min_remaining_chunk_prefix	0	0	1	fc6e81294aaad9a0808c71bc28849547e2ec38c14661d80fb82537bdb6172397	fc6e81294aaad9a0808c71bc28849547e2ec38c14661d80fb82537bdb6172397	end_marker:1;literal_run_extended:2856;literal_run_short:24274;match_10_to_1f_extended:1410;match_10_to_1f_short:18317;match_20_to_3f_extended:133;match_20_to_3f_short:23482;match_40_to_ff:101299;trailing_literal_0:102458;trailing_literal_1:22016;trailing_literal_2:12669;trailing_literal_3:7497
876	238	316	cm_generation_chunk	2	0x16D7CC3E	0x16ED6CFC	u32_compressed_in_8_byte_table_entry,sequential_payload	718646	1025768	1024768	1024768	0	00426FDB	ignores_return_and_actual_output_size;writes_min_remaining_chunk_prefix	0	0	1	7bd5dc3c6934b710a84050160bbdc94fb127f484c91bf773549006ed9a15399e	7bd5dc3c6934b710a84050160bbdc94fb127f484c91bf773549006ed9a15399e	end_marker:1;literal_run_extended:3509;literal_run_short:27211;match_10_to_1f_extended:590;match_10_to_1f_short:18019;match_20_to_3f_extended:283;match_20_to_3f_short:23946;match_40_to_ff:88232;trailing_literal_0:92376;trailing_literal_1:19465;trailing_literal_2:11761;trailing_literal_3:7467
877	238	316	cm_generation_chunk	3	0x16D7CC46	0x16F86432	u32_compressed_in_8_byte_table_entry,sequential_payload	685755	1025768	1024768	1024768	0	00426FDB	ignores_return_and_actual_output_size;writes_min_remaining_chunk_prefix	0	0	1	0e2d3f1c1c9cd311bc09f1b683a40b738a5bff1f56006a07f1b21b88e236a3f3	0e2d3f1c1c9cd311bc09f1b683a40b738a5bff1f56006a07f1b21b88e236a3f3	end_marker:1;literal_run_extended:2539;literal_run_short:23091;match_10_to_1f_extended:854;match_10_to_1f_short:17309;match_20_to_3f_extended:187;match_20_to_3f_short:24514;match_40_to_ff:106076;trailing_literal_0:106671;trailing_literal_1:22263;trailing_literal_2:12793;trailing_literal_3:7212
878	238	316	cm_generation_chunk	4	0x16D7CC4E	0x1702DAED	u32_compressed_in_8_byte_table_entry,sequential_payload	705157	1025768	1024768	1024768	0	00426FDB	ignores_return_and_actual_output_size;writes_min_remaining_chunk_prefix	0	0	1	e3ab2be87eb719a11fecdba81bc1f31a97cd8b9b4de39a1b93fed67faee36ef6	e3ab2be87eb719a11fecdba81bc1f31a97cd8b9b4de39a1b93fed67faee36ef6	end_marker:1;literal_run_extended:2883;literal_run_short:25211;match_10_to_1f_extended:637;match_10_to_1f_short:19132;match_20_to_3f_extended:248;match_20_to_3f_short:23435;match_40_to_ff:99850;trailing_literal_0:102238;trailing_literal_1:20942;trailing_literal_2:12602;trailing_literal_3:7519
879	238	316	cm_generation_chunk	5	0x16D7CC56	0x170D9D72	u32_compressed_in_8_byte_table_entry,sequential_payload	666150	1025768	1024768	1024768	0	00426FDB	ignores_return_and_actual_output_size;writes_min_remaining_chunk_prefix	0	0	1	949229a8b100c0c1832adb31f83c1b5c625ee3680fa4fb1c53f5bffae3bb4b66	949229a8b100c0c1832adb31f83c1b5c625ee3680fa4fb1c53f5bffae3bb4b66	end_marker:1;literal_run_extended:2388;literal_run_short:22559;match_10_to_1f_extended:1278;match_10_to_1f_short:20048;match_20_to_3f_extended:300;match_20_to_3f_short:24726;match_40_to_ff:95949;trailing_literal_0:102037;trailing_literal_1:20810;trailing_literal_2:12391;trailing_literal_3:7062
880	238	316	cm_generation_chunk	6	0x16D7CC5E	0x1717C798	u32_compressed_in_8_byte_table_entry,sequential_payload	631799	1025768	944128	1024768	80640	00426FDB	ignores_return_and_actual_output_size;writes_min_remaining_chunk_prefix	0	0	1	c5db41e8b59935877a655dd8bc1c85f5db43892cee61dce9da2df4c57f2c0af3	2472e97cb2508e097399014d354c3e37c74a847bb6c89f88875992dd27444e0d	end_marker:1;literal_run_extended:2599;literal_run_short:22807;match_10_to_1f_extended:2385;match_10_to_1f_short:15821;match_20_to_3f_extended:270;match_20_to_3f_short:24622;match_40_to_ff:81531;trailing_literal_0:88445;trailing_literal_1:18709;trailing_literal_2:10850;trailing_literal_3:6624
881	239	317	surface_grid	0	0x1721939C	0x172193A0	u32_compressed_before_payload,u32_post_payload_record_count	539	10000	10000	10000	0	00426182	ignores_return_and_actual_output_size	0	0	1	061553015dff684ef72346e04a7d478bee7d306da1fc3360ffd90b9b48ec8bcd	061553015dff684ef72346e04a7d478bee7d306da1fc3360ffd90b9b48ec8bcd	end_marker:1;literal_run_short:1;match_10_to_1f_short:1;match_20_to_3f_extended:42;match_20_to_3f_short:73;match_40_to_ff:59;trailing_literal_0:172;trailing_literal_1:1;trailing_literal_2:1
882	239	317	cm_generation_chunk	0	0x17219606	0x17219792	u32_compressed_in_8_byte_table_entry,sequential_payload	694250	1025768	1024768	1024768	0	00426FDB	ignores_return_and_actual_output_size;writes_min_remaining_chunk_prefix	0	0	1	44b5e6d473611548ab5cc33c3ed56cff19953e10204725cf4c1a3ad2c088b8c3	44b5e6d473611548ab5cc33c3ed56cff19953e10204725cf4c1a3ad2c088b8c3	end_marker:1;literal_run_extended:2218;literal_run_short:22347;match_10_to_1f_extended:49;match_10_to_1f_short:15522;match_20_to_3f_extended:156;match_20_to_3f_short:26480;match_40_to_ff:113461;trailing_literal_0:108752;trailing_literal_1:25516;trailing_literal_2:12613;trailing_literal_3:8786
883	239	317	cm_generation_chunk	1	0x1721960E	0x172C2F7C	u32_compressed_in_8_byte_table_entry,sequential_payload	73664	1025768	126208	1024768	898560	00426FDB	ignores_return_and_actual_output_size;writes_min_remaining_chunk_prefix	0	0	1	1de646b5b5b8284e911a90559753b1ecba42005192cf74aa9ea1cf3d6f5c33eb	0c99e3e2f99f05fdfbc16a86702d2c646ac5c312208c96cea4f18ebafbcb0696	end_marker:1;literal_run_extended:59;literal_run_short:1713;match_10_to_1f_extended:15;match_10_to_1f_short:2427;match_20_to_3f_extended:4;match_20_to_3f_short:3065;match_40_to_ff:16456;trailing_literal_0:18640;trailing_literal_1:1520;trailing_literal_2:1352;trailing_literal_3:454
884	240	318	surface_grid	0	0x172E26AF	0x172E26B3	u32_compressed_before_payload,u32_post_payload_record_count	2894	18300	18300	18300	0	00426182	ignores_return_and_actual_output_size	0	0	1	e7aca7cf5ed97d230829f61fad65e4a32118c01a859e493ac21a82a64892c2a5	e7aca7cf5ed97d230829f61fad65e4a32118c01a859e493ac21a82a64892c2a5	end_marker:1;literal_run_short:6;match_10_to_1f_short:1;match_20_to_3f_extended:130;match_20_to_3f_short:291;match_40_to_ff:669;trailing_literal_0:1009;trailing_literal_1:57;trailing_literal_2:14;trailing_literal_3:10
885	240	318	cm_generation_chunk	0	0x1732F748	0x1732F8D4	u32_compressed_in_8_byte_table_entry,sequential_payload	776785	1025768	1024768	1024768	0	00426FDB	ignores_return_and_actual_output_size;writes_min_remaining_chunk_prefix	0	0	1	fcd4c27dff5344c614a3fb57b578cbcb147103df7f1ab7bd6591e36100af43c1	fcd4c27dff5344c614a3fb57b578cbcb147103df7f1ab7bd6591e36100af43c1	end_marker:1;literal_run_extended:1621;literal_run_short:31504;match_10_to_1f_extended:47;match_10_to_1f_short:28797;match_20_to_3f_extended:5;match_20_to_3f_short:25431;match_40_to_ff:109066;trailing_literal_0:107877;trailing_literal_1:27181;trailing_literal_2:17671;trailing_literal_3:10616
886	240	318	cm_generation_chunk	1	0x1732F750	0x173ED325	u32_compressed_in_8_byte_table_entry,sequential_payload	775076	1025768	1024768	1024768	0	00426FDB	ignores_return_and_actual_output_size;writes_min_remaining_chunk_prefix	0	0	1	8d3f82931995609ac85fda8a1cb0bf2cc26157db15ec7ad8c8994313260f4b7c	8d3f82931995609ac85fda8a1cb0bf2cc26157db15ec7ad8c8994313260f4b7c	end_marker:1;literal_run_extended:3108;literal_run_short:30086;match_10_to_1f_extended:77;match_10_to_1f_short:25180;match_20_to_3f_extended:23;match_20_to_3f_short:16224;match_40_to_ff:107575;trailing_literal_0:104067;trailing_literal_1:21781;trailing_literal_2:14636;trailing_literal_3:8594
887	240	318	cm_generation_chunk	2	0x1732F758	0x174AA6C9	u32_compressed_in_8_byte_table_entry,sequential_payload	798712	1025768	1024768	1024768	0	00426FDB	ignores_return_and_actual_output_size;writes_min_remaining_chunk_prefix	0	0	1	929afb1c9a490d40fffa516e0c2834767c103ced8dfb86e9fed11c4c93c5c877	929afb1c9a490d40fffa516e0c2834767c103ced8dfb86e9fed11c4c93c5c877	end_marker:1;literal_run_extended:2816;literal_run_short:30154;match_10_to_1f_extended:34;match_10_to_1f_short:26428;match_20_to_3f_extended:1;match_20_to_3f_short:22080;match_40_to_ff:105479;trailing_literal_0:102627;trailing_literal_1:25256;trailing_literal_2:16470;trailing_literal_3:9668
888	240	318	cm_generation_chunk	3	0x1732F760	0x1756D6C1	u32_compressed_in_8_byte_table_entry,sequential_payload	766066	1025768	1024768	1024768	0	00426FDB	ignores_return_and_actual_output_size;writes_min_remaining_chunk_prefix	0	0	1	41d736e2eade25ef9cae2fa3a22df657d57b7df01478b3f7f8f043f5ba22c6e4	41d736e2eade25ef9cae2fa3a22df657d57b7df01478b3f7f8f043f5ba22c6e4	end_marker:1;literal_run_extended:2451;literal_run_short:30887;match_10_to_1f_extended:73;match_10_to_1f_short:25889;match_20_to_3f_extended:17;match_20_to_3f_short:16657;match_40_to_ff:110505;trailing_literal_0:105738;trailing_literal_1:22674;trailing_literal_2:15655;trailing_literal_3:9073
889	240	318	cm_generation_chunk	4	0x1732F768	0x17628733	u32_compressed_in_8_byte_table_entry,sequential_payload	810456	1025768	1024768	1024768	0	00426FDB	ignores_return_and_actual_output_size;writes_min_remaining_chunk_prefix	0	0	1	589949f4447c3b96e1742caee8c0615f0d07f72307536ce5b89a52b4ea758b64	589949f4447c3b96e1742caee8c0615f0d07f72307536ce5b89a52b4ea758b64	end_marker:1;literal_run_extended:3395;literal_run_short:30291;match_10_to_1f_extended:25;match_10_to_1f_short:25613;match_20_to_3f_short:22111;match_40_to_ff:101463;trailing_literal_0:100605;trailing_literal_1:23715;trailing_literal_2:15615;trailing_literal_3:9276
890	240	318	cm_generation_chunk	5	0x1732F770	0x176EE50B	u32_compressed_in_8_byte_table_entry,sequential_payload	756602	1025768	1024768	1024768	0	00426FDB	ignores_return_and_actual_output_size;writes_min_remaining_chunk_prefix	0	0	1	d9317422cdc9c04acff7abc5e913c31b8cf359c16fb8d4bcff257e19b14fc2df	d9317422cdc9c04acff7abc5e913c31b8cf359c16fb8d4bcff257e19b14fc2df	end_marker:1;literal_run_extended:2171;literal_run_short:30554;match_10_to_1f_extended:73;match_10_to_1f_short:25906;match_20_to_3f_extended:20;match_20_to_3f_short:15628;match_40_to_ff:114474;trailing_literal_0:107102;trailing_literal_1:23594;trailing_literal_2:15950;trailing_literal_3:9454
891	240	318	cm_generation_chunk	6	0x1732F778	0x177A7085	u32_compressed_in_8_byte_table_entry,sequential_payload	533669	1025768	678912	1024768	345856	00426FDB	ignores_return_and_actual_output_size;writes_min_remaining_chunk_prefix	0	0	1	8ec5d075e9737d4969b1285592349c7658bf9b981e7f0d1fd75720e5ac28052a	c762bda7e8048f9ba2c3dcb55dbc0c88d31d0f9ccc437e6b6f5ea769be65e73f	end_marker:1;literal_run_extended:3249;literal_run_short:17902;match_10_to_1f_extended:24;match_10_to_1f_short:13693;match_20_to_3f_extended:7;match_20_to_3f_short:8954;match_40_to_ff:67722;trailing_literal_0:64372;trailing_literal_1:12761;trailing_literal_2:8278;trailing_literal_3:4988
892	241	321	surface_grid	0	0x1782AAFA	0x1782AAFE	u32_compressed_before_payload,u32_post_payload_record_count	871	5332	5332	5332	0	00426182	ignores_return_and_actual_output_size	0	0	1	660dccdb114ddfefb4c7f11bba85773515336f5e4052083054dd28eaec859dc2	660dccdb114ddfefb4c7f11bba85773515336f5e4052083054dd28eaec859dc2	end_marker:1;literal_run_short:3;match_10_to_1f_short:1;match_20_to_3f_extended:28;match_20_to_3f_short:79;match_40_to_ff:224;trailing_literal_0:295;trailing_literal_1:26;trailing_literal_2:7;trailing_literal_3:3
893	241	321	cm_generation_chunk	0	0x1782D98B	0x1782DB17	u32_compressed_in_8_byte_table_entry,sequential_payload	322612	1025768	683008	1024768	341760	00426FDB	ignores_return_and_actual_output_size;writes_min_remaining_chunk_prefix	0	0	1	d0f69bfcefd16fa6b924b8bf4ae76b4e95daeae034150f4d897893111023165b	abef9fdde964ae0138143d8076b56544aa8edf87cb2bc1a2bd7442ba2e6f432c	end_marker:1;literal_run_extended:455;literal_run_short:8799;match_10_to_1f_extended:186;match_10_to_1f_short:13894;match_20_to_3f_extended:306;match_20_to_3f_short:11344;match_40_to_ff:62174;trailing_literal_0:65636;trailing_literal_1:11740;trailing_literal_2:7055;trailing_literal_3:3472
894	242	322	surface_grid	0	0x1787DC47	0x1787DC4B	u32_compressed_before_payload,u32_post_payload_record_count	835	5120	5120	5120	0	00426182	ignores_return_and_actual_output_size	0	0	1	c97a5cd5b6016de27f7773ffc9356d65f3900c9e3bd2ff40cc2cbe5c862b92e3	c97a5cd5b6016de27f7773ffc9356d65f3900c9e3bd2ff40cc2cbe5c862b92e3	end_marker:1;literal_run_short:2;match_10_to_1f_short:1;match_20_to_3f_extended:24;match_20_to_3f_short:75;match_40_to_ff:223;trailing_literal_0:288;trailing_literal_1:27;trailing_literal_2:5;trailing_literal_3:2
895	242	322	cm_generation_chunk	0	0x1787FFC8	0x17880154	u32_compressed_in_8_byte_table_entry,sequential_payload	342430	1025768	655872	1024768	368896	00426FDB	ignores_return_and_actual_output_size;writes_min_remaining_chunk_prefix	0	0	1	499b410a03c7ffa52c77bfb3e4764c5aa961e14727acaa39dd518e94e6a63a15	fee7a4d6a6a7892a2aa39bcd41ebfef36b5bcde08862d5db5e0bf14f5e5f7e19	end_marker:1;literal_run_extended:346;literal_run_short:10164;match_10_to_1f_extended:117;match_10_to_1f_short:14575;match_20_to_3f_extended:166;match_20_to_3f_short:11123;match_40_to_ff:66231;trailing_literal_0:66228;trailing_literal_1:13500;trailing_literal_2:8270;trailing_literal_3:4213
896	243	323	surface_grid	0	0x178D526E	0x178D5272	u32_compressed_before_payload,u32_post_payload_record_count	1220	5760	5760	5760	0	00426182	ignores_return_and_actual_output_size	0	0	1	ac773f3340811fdf894afea4cdfa88a1ecc8073898cef86c9d3525691dfc9529	ac773f3340811fdf894afea4cdfa88a1ecc8073898cef86c9d3525691dfc9529	end_marker:1;literal_run_short:2;match_10_to_1f_short:1;match_20_to_3f_extended:23;match_20_to_3f_short:122;match_40_to_ff:341;trailing_literal_0:438;trailing_literal_1:39;trailing_literal_2:5;trailing_literal_3:4
897	243	323	cm_generation_chunk	0	0x178D7A78	0x178D7C04	u32_compressed_in_8_byte_table_entry,sequential_payload	315884	1025768	737792	1024768	286976	00426FDB	ignores_return_and_actual_output_size;writes_min_remaining_chunk_prefix	0	0	1	c0c536ec1d8fcc0d19372b82e33f47d1e1a052a17a3e10ac3a9731f8bbe2b456	3917de81e35b229ad5080bf7e7bea602851423ed48fe9e820aebaa09e9bfaa96	end_marker:1;literal_run_extended:390;literal_run_short:8478;match_10_to_1f_extended:178;match_10_to_1f_short:12885;match_20_to_3f_extended:168;match_20_to_3f_short:11883;match_40_to_ff:62312;trailing_literal_0:64891;trailing_literal_1:12010;trailing_literal_2:7007;trailing_literal_3:3517
898	244	324	surface_grid	0	0x179261AC	0x179261B0	u32_compressed_before_payload,u32_post_payload_record_count	866	4800	4800	4800	0	00426182	ignores_return_and_actual_output_size	0	0	1	1b02cb83a44e78ef8132b67703cc149c6a87c594946f562c30aa181105901e23	1b02cb83a44e78ef8132b67703cc149c6a87c594946f562c30aa181105901e23	end_marker:1;literal_run_short:3;match_10_to_1f_short:1;match_20_to_3f_extended:25;match_20_to_3f_short:69;match_40_to_ff:242;trailing_literal_0:307;trailing_literal_1:23;trailing_literal_2:3;trailing_literal_3:3
899	244	324	cm_generation_chunk	0	0x17928ACE	0x17928C5A	u32_compressed_in_8_byte_table_entry,sequential_payload	351390	1025768	614912	1024768	409856	00426FDB	ignores_return_and_actual_output_size;writes_min_remaining_chunk_prefix	0	0	1	e08b4307d3a73fe8ea4e1929d6629bd8cdc5f4ea908e3c3958749e95805caa9a	b81c6a5b6c17b69db0e3d19db8da3a5d9507ae1fd69a7e5677cc0abad5adf237	end_marker:1;literal_run_extended:487;literal_run_short:11106;match_10_to_1f_extended:188;match_10_to_1f_short:13948;match_20_to_3f_extended:204;match_20_to_3f_short:10255;match_40_to_ff:66141;trailing_literal_0:65807;trailing_literal_1:12870;trailing_literal_2:7857;trailing_literal_3:4201
900	245	325	surface_grid	0	0x1797FCB4	0x1797FCB8	u32_compressed_before_payload,u32_post_payload_record_count	1010	4800	4800	4800	0	00426182	ignores_return_and_actual_output_size	0	0	1	3fada8e1530e112f3089865d912bd876b27aae49001b8ab0bae4e07f7d7bcd5c	3fada8e1530e112f3089865d912bd876b27aae49001b8ab0bae4e07f7d7bcd5c	end_marker:1;literal_run_short:3;match_10_to_1f_short:1;match_20_to_3f_extended:12;match_20_to_3f_short:70;match_40_to_ff:341;trailing_literal_0:392;trailing_literal_1:25;trailing_literal_2:3;trailing_literal_3:3
901	245	325	cm_generation_chunk	0	0x179834A9	0x17983635	u32_compressed_in_8_byte_table_entry,sequential_payload	356826	1025768	614912	1024768	409856	00426FDB	ignores_return_and_actual_output_size;writes_min_remaining_chunk_prefix	0	0	1	045e458cbb0ddd9fa929427f3d92b825ee91e3a5ecc625c5633f108ae3a66b9b	9a8c22ffc4c657b44f4c2911c7524bfe265a7d4d81c3eb6b7fe38dfebe3ef0e7	end_marker:1;literal_run_extended:621;literal_run_short:10950;match_10_to_1f_extended:105;match_10_to_1f_short:12571;match_20_to_3f_extended:93;match_20_to_3f_short:13239;match_40_to_ff:65718;trailing_literal_0:67206;trailing_literal_1:12617;trailing_literal_2:7790;trailing_literal_3:4112
902	246	326	surface_grid	0	0x179DF19B	0x179DF19F	u32_compressed_before_payload,u32_post_payload_record_count	1306	6192	6192	6192	0	00426182	ignores_return_and_actual_output_size	0	0	1	f46d386fdfac943834ee40768367d094e4e21946b6d1182ab045078f325a9379	f46d386fdfac943834ee40768367d094e4e21946b6d1182ab045078f325a9379	end_marker:1;literal_run_short:7;match_10_to_1f_short:1;match_20_to_3f_extended:32;match_20_to_3f_short:121;match_40_to_ff:345;trailing_literal_0:439;trailing_literal_1:44;trailing_literal_2:8;trailing_literal_3:7
903	246	326	cm_generation_chunk	0	0x179F4DE1	0x179F4F6D	u32_compressed_in_8_byte_table_entry,sequential_payload	651378	1025768	1022464	1024768	2304	00426FDB	ignores_return_and_actual_output_size;writes_min_remaining_chunk_prefix	0	0	1	e5fcf0d1ffbb3f060b3251e6831c2a580a8ebe28674a4b4e7b5bd78257e85ddf	0b85de43c0095849a47ab5cbd2bc4dcf9076ed35e93b8cde4268a2fc8cc609bf	end_marker:1;literal_run_extended:1372;literal_run_short:21529;match_10_to_1f_extended:137;match_10_to_1f_short:17750;match_20_to_3f_extended:157;match_20_to_3f_short:19753;match_40_to_ff:124166;trailing_literal_0:117457;trailing_literal_1:22359;trailing_literal_2:14338;trailing_literal_3:7808
904	247	327	surface_grid	0	0x17A9575B	0x17A9575F	u32_compressed_before_payload,u32_post_payload_record_count	1159	5760	5760	5760	0	00426182	ignores_return_and_actual_output_size	0	0	1	6aa2a2520c6ad309eb6b41de6b2a4dc2e85693f5ce236ffccb106e38ee474b53	6aa2a2520c6ad309eb6b41de6b2a4dc2e85693f5ce236ffccb106e38ee474b53	end_marker:1;literal_run_short:1;match_10_to_1f_short:1;match_20_to_3f_extended:19;match_20_to_3f_short:98;match_40_to_ff:348;trailing_literal_0:407;trailing_literal_1:43;trailing_literal_2:11;trailing_literal_3:4
905	247	327	cm_generation_chunk	0	0x17A98F18	0x17A990A4	u32_compressed_in_8_byte_table_entry,sequential_payload	543791	1025768	1024768	1024768	0	00426FDB	ignores_return_and_actual_output_size;writes_min_remaining_chunk_prefix	0	0	1	f8ac27b75d0b155a2e69f51f0de00cf40fa23e8cf290d70a3b68b555d7f6ce2c	f8ac27b75d0b155a2e69f51f0de00cf40fa23e8cf290d70a3b68b555d7f6ce2c	end_marker:1;literal_run_extended:873;literal_run_short:15348;match_10_to_1f_extended:129;match_10_to_1f_short:19967;match_20_to_3f_extended:196;match_20_to_3f_short:21202;match_40_to_ff:106409;trailing_literal_0:111250;trailing_literal_1:19146;trailing_literal_2:11903;trailing_literal_3:5603
906	247	327	cm_generation_chunk	1	0x17A98F20	0x17B1DCD3	u32_compressed_in_8_byte_table_entry,sequential_payload	195112	1025768	450304	1024768	574464	00426FDB	ignores_return_and_actual_output_size;writes_min_remaining_chunk_prefix	0	0	1	4ed5e3fe6f3ba90742a1c37b503ddd815c5f73ba4d7259f2fef34c4e46cfa93d	12fe8da296610d5daa0b9cc39c051f891b9869ad344ba2a4070dc068b9e28a07	end_marker:1;literal_run_extended:293;literal_run_short:6192;match_10_to_1f_extended:71;match_10_to_1f_short:7603;match_20_to_3f_extended:92;match_20_to_3f_short:6401;match_40_to_ff:35227;trailing_literal_0:36342;trailing_literal_1:6670;trailing_literal_2:4222;trailing_literal_3:2159
907	248	328	surface_grid	0	0x17B4ED37	0x17B4ED3B	u32_compressed_before_payload,u32_post_payload_record_count	1031	5440	5440	5440	0	00426182	ignores_return_and_actual_output_size	0	0	1	6d809c3ee9548c6d703368bf9d97515e00e9f5ff81a0b857bfdab68463a92403	6d809c3ee9548c6d703368bf9d97515e00e9f5ff81a0b857bfdab68463a92403	end_marker:1;literal_run_short:3;match_10_to_1f_short:1;match_20_to_3f_extended:27;match_20_to_3f_short:72;match_40_to_ff:297;trailing_literal_0:336;trailing_literal_1:49;trailing_literal_2:6;trailing_literal_3:5
908	248	328	cm_generation_chunk	0	0x17B52F79	0x17B53105	u32_compressed_in_8_byte_table_entry,sequential_payload	339534	1025768	707072	1024768	317696	00426FDB	ignores_return_and_actual_output_size;writes_min_remaining_chunk_prefix	0	0	1	11d2d11115c86aa1bb22973deed92d8f92d642711af220eb09de8c8d709c0128	f62552de8e867019dc6bd4981b597519a19dc268fe80b51bd635637e58396c96	end_marker:1;literal_run_extended:520;literal_run_short:9197;match_10_to_1f_extended:134;match_10_to_1f_short:13349;match_20_to_3f_extended:225;match_20_to_3f_short:12843;match_40_to_ff:65949;trailing_literal_0:68982;trailing_literal_1:12401;trailing_literal_2:7374;trailing_literal_3:3742
909	249	329	surface_grid	0	0x17BA730F	0x17BA7313	u32_compressed_before_payload,u32_post_payload_record_count	1016	4800	4800	4800	0	00426182	ignores_return_and_actual_output_size	0	0	1	a17523278cf8f40a5ab88474abb0b20c9f4a581e68add620c4cfe6dcc59fb6e7	a17523278cf8f40a5ab88474abb0b20c9f4a581e68add620c4cfe6dcc59fb6e7	end_marker:1;literal_run_short:2;match_10_to_1f_short:1;match_20_to_3f_extended:15;match_20_to_3f_short:111;match_40_to_ff:270;trailing_literal_0:347;trailing_literal_1:39;trailing_literal_2:5;trailing_literal_3:5
910	249	329	cm_generation_chunk	0	0x17BAAAE1	0x17BAAC6D	u32_compressed_in_8_byte_table_entry,sequential_payload	293772	1025768	614912	1024768	409856	00426FDB	ignores_return_and_actual_output_size;writes_min_remaining_chunk_prefix	0	0	1	456a0f0390d186e39d2e39345c5b675f7675f62a11b680a05d927d91f5ab9a86	d3f0dd41cee768c09857de125c607df4f8ccae4864625bfca1e55aca8bf9a92e	end_marker:1;literal_run_extended:380;literal_run_short:9151;match_10_to_1f_extended:154;match_10_to_1f_short:11576;match_20_to_3f_extended:185;match_20_to_3f_short:10199;match_40_to_ff:53913;trailing_literal_0:55184;trailing_literal_1:10731;trailing_literal_2:6596;trailing_literal_3:3515
911	250	330	surface_grid	0	0x17BF3E36	0x17BF3E3A	u32_compressed_before_payload,u32_post_payload_record_count	1004	5440	5440	5440	0	00426182	ignores_return_and_actual_output_size	0	0	1	ef4511025e0ad3b9362369587f5b85dfd588661e26b8d46f2327b8d6b2ebded0	ef4511025e0ad3b9362369587f5b85dfd588661e26b8d46f2327b8d6b2ebded0	end_marker:1;literal_run_short:4;match_10_to_1f_short:1;match_20_to_3f_extended:31;match_20_to_3f_short:113;match_40_to_ff:223;trailing_literal_0:325;trailing_literal_1:34;trailing_literal_2:5;trailing_literal_3:3
912	250	330	cm_generation_chunk	0	0x17BF7933	0x17BF7ABF	u32_compressed_in_8_byte_table_entry,sequential_payload	346159	1025768	697344	1024768	327424	00426FDB	ignores_return_and_actual_output_size;writes_min_remaining_chunk_prefix	0	0	1	21183df8c8c6d181c73b5dcd5dbfd16a51eafa09fbabca40bf8ac9da65a78809	d2acaa1e97823171f89c936394d9782f723d8add7a8e672808c912cbf6a7240c	end_marker:1;literal_run_extended:427;literal_run_short:9769;match_10_to_1f_extended:156;match_10_to_1f_short:14734;match_20_to_3f_extended:151;match_20_to_3f_short:12248;match_40_to_ff:66935;trailing_literal_0:69505;trailing_literal_1:12899;trailing_literal_2:7822;trailing_literal_3:3997
913	251	331	surface_grid	0	0x17C4DC1B	0x17C4DC1F	u32_compressed_before_payload,u32_post_payload_record_count	903	6192	6192	6192	0	00426182	ignores_return_and_actual_output_size	0	0	1	964a1fa5c1d4ddee12cb3582960994e7f1fab1cd94d6af364cab5d35c73589a5	964a1fa5c1d4ddee12cb3582960994e7f1fab1cd94d6af364cab5d35c73589a5	end_marker:1;literal_run_short:3;match_10_to_1f_short:1;match_20_to_3f_extended:12;match_20_to_3f_short:93;match_40_to_ff:242;trailing_literal_0:300;trailing_literal_1:39;trailing_literal_2:4;trailing_literal_3:4
914	251	331	cm_generation_chunk	0	0x17C50788	0x17C50914	u32_compressed_in_8_byte_table_entry,sequential_payload	331687	1025768	793088	1024768	231680	00426FDB	ignores_return_and_actual_output_size;writes_min_remaining_chunk_prefix	0	0	1	4e53dde35188b927b0aafb161e3e614c6cd37ab3453318a424ce71476052023c	73ab99824e82bb46a3c45f6e32c3e67208284f21189619f75d009983b77dcddb	end_marker:1;literal_run_extended:494;literal_run_short:10432;match_10_to_1f_extended:286;match_10_to_1f_short:15449;match_20_to_3f_extended:121;match_20_to_3f_short:7309;match_40_to_ff:63253;trailing_literal_0:63616;trailing_literal_1:11507;trailing_literal_2:7580;trailing_literal_3:3714
915	252	162	surface_grid	0	0x17CA3358	0x17CA335C	u32_compressed_before_payload,u32_post_payload_record_count	827	6560	6560	6560	0	00426182	ignores_return_and_actual_output_size	0	0	1	fb2be1e68299e51bda13a6699c6af46f27dd4767fd79e12893dc6c00dabe4f78	fb2be1e68299e51bda13a6699c6af46f27dd4767fd79e12893dc6c00dabe4f78	end_marker:1;literal_run_short:1;match_10_to_1f_short:1;match_20_to_3f_extended:53;match_20_to_3f_short:83;match_40_to_ff:169;trailing_literal_0:296;trailing_literal_1:6;trailing_literal_2:3
916	252	162	cm_generation_chunk	0	0x17CB57F9	0x17CB5985	u32_compressed_in_8_byte_table_entry,sequential_payload	471025	1025768	840192	1024768	184576	00426FDB	ignores_return_and_actual_output_size;writes_min_remaining_chunk_prefix	0	0	1	884dc829db2c98a3038b300eea89a168487c16203ef1d4ff19048f3cf4e37f5d	76be777432d42bc5b057d69b0e89e822fbdc2cfe7709e9aa114e3091553e6232	end_marker:1;literal_run_extended:894;literal_run_short:10231;match_10_to_1f_extended:213;match_10_to_1f_short:16246;match_20_to_3f_extended:171;match_20_to_3f_short:19001;match_40_to_ff:103064;trailing_literal_0:110627;trailing_literal_1:15432;trailing_literal_2:8628;trailing_literal_3:4007
917	253	166	surface_grid	0	0x17D2D393	0x17D2D397	u32_compressed_before_payload,u32_post_payload_record_count	1524	18720	18720	18720	0	00426182	ignores_return_and_actual_output_size	0	0	1	92d478f583dce8e9d589230e64598ce86a24ccbb8db8bd7ac5a4bdf6d42f212c	92d478f583dce8e9d589230e64598ce86a24ccbb8db8bd7ac5a4bdf6d42f212c	end_marker:1;literal_run_short:4;match_10_to_1f_short:1;match_20_to_3f_extended:144;match_20_to_3f_short:108;match_40_to_ff:281;trailing_literal_0:517;trailing_literal_1:12;trailing_literal_2:2;trailing_literal_3:2
918	253	166	cm_generation_chunk	0	0x17D519E2	0x17D51B6E	u32_compressed_in_8_byte_table_entry,sequential_payload	734736	1025768	1024768	1024768	0	00426FDB	ignores_return_and_actual_output_size;writes_min_remaining_chunk_prefix	0	0	1	39d36dd43e38567f3a88e90f9cb970e9b676a85a9593966f2abeabe2beef475d	39d36dd43e38567f3a88e90f9cb970e9b676a85a9593966f2abeabe2beef475d	end_marker:1;literal_run_extended:4292;literal_run_short:27664;match_10_to_1f_extended:253;match_10_to_1f_short:15460;match_20_to_3f_extended:254;match_20_to_3f_short:13293;match_40_to_ff:96570;trailing_literal_0:88585;trailing_literal_1:17972;trailing_literal_2:11662;trailing_literal_3:7610
919	253	166	cm_generation_chunk	1	0x17D519EA	0x17E0517E	u32_compressed_in_8_byte_table_entry,sequential_payload	878256	1025768	1024768	1024768	0	00426FDB	ignores_return_and_actual_output_size;writes_min_remaining_chunk_prefix	0	0	1	ddacd4ae1c1672819cfaf1d6fc804f21ce0ef78d7deed941d1e0367802b926bb	ddacd4ae1c1672819cfaf1d6fc804f21ce0ef78d7deed941d1e0367802b926bb	end_marker:1;literal_run_extended:8417;literal_run_short:29479;match_10_to_1f_extended:154;match_10_to_1f_short:12749;match_20_to_3f_extended:95;match_20_to_3f_short:7918;match_40_to_ff:79655;trailing_literal_0:71380;trailing_literal_1:13943;trailing_literal_2:8827;trailing_literal_3:6420
920	253	166	cm_generation_chunk	2	0x17D519F2	0x17EDB82E	u32_compressed_in_8_byte_table_entry,sequential_payload	205921	1025768	237568	1024768	787200	00426FDB	ignores_return_and_actual_output_size;writes_min_remaining_chunk_prefix	0	0	1	64145ee3e22bd8de38bef49c2f7553b98c2310ebf80b6e6eda5b791c20575224	cabb7d59eeb7034197340e3d12a1513d34bc90f10f6407e06a93693cbe23dc98	end_marker:1;literal_run_extended:1472;literal_run_short:7456;match_10_to_1f_extended:6;match_10_to_1f_short:3473;match_20_to_3f_extended:1;match_20_to_3f_short:3049;match_40_to_ff:22032;trailing_literal_0:19210;trailing_literal_1:4624;trailing_literal_2:2729;trailing_literal_3:1997
921	254	191	surface_grid	0	0x17F103FC	0x17F10400	u32_compressed_before_payload,u32_post_payload_record_count	1445	9840	9840	9840	0	00426182	ignores_return_and_actual_output_size	0	0	1	be37d59c480e0aa0887c427e586190a5c46696f3e87fe190585592ea06d40232	be37d59c480e0aa0887c427e586190a5c46696f3e87fe190585592ea06d40232	end_marker:1;literal_run_short:4;match_10_to_1f_short:1;match_20_to_3f_extended:76;match_20_to_3f_short:172;match_40_to_ff:287;trailing_literal_0:517;trailing_literal_1:13;trailing_literal_2:5
922	254	191	cm_generation_chunk	0	0x17F3A217	0x17F3A3A3	u32_compressed_in_8_byte_table_entry,sequential_payload	789006	1025768	1024768	1024768	0	00426FDB	ignores_return_and_actual_output_size;writes_min_remaining_chunk_prefix	0	0	1	bbb0d6f67dc15172b0ae9bccf9609ac8b8575f6641fe4f5e3000006e83bda91e	bbb0d6f67dc15172b0ae9bccf9609ac8b8575f6641fe4f5e3000006e83bda91e	end_marker:1;literal_run_extended:4417;literal_run_short:28984;match_10_to_1f_extended:17;match_10_to_1f_short:13056;match_20_to_3f_extended:41;match_20_to_3f_short:26934;match_40_to_ff:96192;trailing_literal_0:97476;trailing_literal_1:18062;trailing_literal_2:13364;trailing_literal_3:7337
923	254	191	cm_generation_chunk	1	0x17F3A21F	0x17FFADB1	u32_compressed_in_8_byte_table_entry,sequential_payload	203164	1025768	235776	1024768	788992	00426FDB	ignores_return_and_actual_output_size;writes_min_remaining_chunk_prefix	0	0	1	75b316a750695f6955de658cd979b09502f400644f568e27ca91d7e17bb0c5c5	a48f357a789ffa062bda1f04a47e3609e9cc8b8c5a2641cc06b51ab2ecac8370	end_marker:1;literal_run_extended:1311;literal_run_short:8287;match_10_to_1f_extended:3;match_10_to_1f_short:3648;match_20_to_3f_extended:1;match_20_to_3f_short:5896;match_40_to_ff:19097;trailing_literal_0:19269;trailing_literal_1:4292;trailing_literal_2:3075;trailing_literal_3:2008
924	255	192	surface_grid	0	0x1803134A	0x1803134E	u32_compressed_before_payload,u32_post_payload_record_count	2442	19200	19200	19200	0	00426182	ignores_return_and_actual_output_size	0	0	1	9b51053175bbd2662871978d4a179d62d89b72ac11dac5ecbf3bcb2515573967	9b51053175bbd2662871978d4a179d62d89b72ac11dac5ecbf3bcb2515573967	end_marker:1;literal_run_short:3;match_10_to_1f_short:1;match_20_to_3f_extended:127;match_20_to_3f_short:284;match_40_to_ff:508;trailing_literal_0:896;trailing_literal_1:17;trailing_literal_2:5;trailing_literal_3:1
925	255	192	cm_generation_chunk	0	0x180E5E09	0x180E5F95	u32_compressed_in_8_byte_table_entry,sequential_payload	875265	1025768	1024768	1024768	0	00426FDB	ignores_return_and_actual_output_size;writes_min_remaining_chunk_prefix	0	0	1	395c7e82761a173075ab7752a417d105ddde380c5e938aa432822f47eda0d1d0	395c7e82761a173075ab7752a417d105ddde380c5e938aa432822f47eda0d1d0	end_marker:1;literal_run_extended:6745;literal_run_short:31197;match_10_to_1f_extended:11;match_10_to_1f_short:16177;match_20_to_3f_extended:3;match_20_to_3f_short:14178;match_40_to_ff:87775;trailing_literal_0:80326;trailing_literal_1:18528;trailing_literal_2:11010;trailing_literal_3:8279
926	255	192	cm_generation_chunk	1	0x180E5E11	0x181BBA96	u32_compressed_in_8_byte_table_entry,sequential_payload	926752	1025768	1024768	1024768	0	00426FDB	ignores_return_and_actual_output_size;writes_min_remaining_chunk_prefix	0	0	1	031652d040e0c09493eb49f29c455c74c2e124fefb0c88d34416d8dda6391632	031652d040e0c09493eb49f29c455c74c2e124fefb0c88d34416d8dda6391632	end_marker:1;literal_run_extended:8985;literal_run_short:32185;match_10_to_1f_extended:8;match_10_to_1f_short:12321;match_20_to_3f_extended:1;match_20_to_3f_short:7854;match_40_to_ff:77131;trailing_literal_0:66397;trailing_literal_1:14613;trailing_literal_2:8593;trailing_literal_3:7711
927	255	192	cm_generation_chunk	2	0x180E5E19	0x1829DEB6	u32_compressed_in_8_byte_table_entry,sequential_payload	379318	1025768	408576	1024768	616192	00426FDB	ignores_return_and_actual_output_size;writes_min_remaining_chunk_prefix	0	0	1	cb4b8174d61b84fe5f867aa2bf12f3b4f5b012720f7ff9addae1c80ecffa5c30	8cd7acdc0540228c350ffa60910c699f3797534c745577b1e8f982fc34784702	end_marker:1;literal_run_extended:4083;literal_run_short:10419;match_10_to_1f_extended:8;match_10_to_1f_short:3878;match_20_to_3f_extended:1;match_20_to_3f_short:2559;match_40_to_ff:26698;trailing_literal_0:23005;trailing_literal_1:4940;trailing_literal_2:2734;trailing_literal_3:2464
928	256	193	surface_grid	0	0x182FF469	0x182FF46D	u32_compressed_before_payload,u32_post_payload_record_count	3066	19200	19200	19200	0	00426182	ignores_return_and_actual_output_size	0	0	1	794d9fc448318fd1de048292c133328efdf00b4015da6cc1142453793e53c302	794d9fc448318fd1de048292c133328efdf00b4015da6cc1142453793e53c302	end_marker:1;literal_run_short:5;match_10_to_1f_short:1;match_20_to_3f_extended:130;match_20_to_3f_short:324;match_40_to_ff:749;trailing_literal_0:1177;trailing_literal_1:19;trailing_literal_2:4;trailing_literal_3:3
929	256	193	cm_generation_chunk	0	0x18383B04	0x18383C90	u32_compressed_in_8_byte_table_entry,sequential_payload	852374	1025768	1024768	1024768	0	00426FDB	ignores_return_and_actual_output_size;writes_min_remaining_chunk_prefix	0	0	1	67cd57bec809d2a2d6b0272f448906145d6b03dbbe2d3cbcc59ec6b098f29213	67cd57bec809d2a2d6b0272f448906145d6b03dbbe2d3cbcc59ec6b098f29213	end_marker:1;literal_run_extended:7711;literal_run_short:28014;match_10_to_1f_extended:78;match_10_to_1f_short:10918;match_20_to_3f_extended:21;match_20_to_3f_short:8940;match_40_to_ff:87884;trailing_literal_0:79618;trailing_literal_1:13695;trailing_literal_2:8235;trailing_literal_3:6292
930	256	193	cm_generation_chunk	1	0x18383B0C	0x18453E26	u32_compressed_in_8_byte_table_entry,sequential_payload	897626	1025768	1024768	1024768	0	00426FDB	ignores_return_and_actual_output_size;writes_min_remaining_chunk_prefix	0	0	1	3a28c2ba403ddd10176cf9bb56828f551f4e27cd15730d46b09ab4f452b4c942	3a28c2ba403ddd10176cf9bb56828f551f4e27cd15730d46b09ab4f452b4c942	end_marker:1;literal_run_extended:7752;literal_run_short:31415;match_10_to_1f_extended:12;match_10_to_1f_short:15814;match_20_to_3f_extended:3;match_20_to_3f_short:10961;match_40_to_ff:81729;trailing_literal_0:74299;trailing_literal_1:16206;trailing_literal_2:10318;trailing_literal_3:7695
931	256	193	cm_generation_chunk	2	0x18383B14	0x1852F080	u32_compressed_in_8_byte_table_entry,sequential_payload	372942	1025768	418304	1024768	606464	00426FDB	ignores_return_and_actual_output_size;writes_min_remaining_chunk_prefix	0	0	1	f83ff7bd78cfc60ddd39c33e9ab1f1838b26943d1c2105ff4f46b1b7390bb0bd	c8d00992ba51fef3eebb84ad9c22436a2cb5081507c7219a818ca8937b6111f9	end_marker:1;literal_run_extended:3761;literal_run_short:10366;match_10_to_1f_extended:19;match_10_to_1f_short:4826;match_20_to_3f_extended:12;match_20_to_3f_short:3848;match_40_to_ff:30759;trailing_literal_0:27612;trailing_literal_1:6010;trailing_literal_2:3284;trailing_literal_3:2557
932	257	309	surface_grid	0	0x18590C63	0x18590C67	u32_compressed_before_payload,u32_post_payload_record_count	2411	27160	27160	27160	0	00426182	ignores_return_and_actual_output_size	0	0	1	20a494c35c21fc64e56187bc3fadf69371b9ce704e1dc0b46c716a6abd02b917	20a494c35c21fc64e56187bc3fadf69371b9ce704e1dc0b46c716a6abd02b917	end_marker:1;literal_run_short:6;match_10_to_1f_short:1;match_20_to_3f_extended:155;match_20_to_3f_short:219;match_40_to_ff:514;trailing_literal_0:861;trailing_literal_1:23;trailing_literal_2:2;trailing_literal_3:2
933	257	309	cm_generation_chunk	0	0x185F7B5C	0x185F7CE8	u32_compressed_in_8_byte_table_entry,sequential_payload	663332	1025768	1024768	1024768	0	00426FDB	ignores_return_and_actual_output_size;writes_min_remaining_chunk_prefix	0	0	1	04271b16a6a549dfb822c53ebeec2743831cec75af849d3bbe594a2cbaadeb8c	04271b16a6a549dfb822c53ebeec2743831cec75af849d3bbe594a2cbaadeb8c	end_marker:1;literal_run_extended:826;literal_run_short:18688;match_10_to_1f_extended:34;match_10_to_1f_short:24089;match_20_to_3f_extended:4;match_20_to_3f_short:35689;match_40_to_ff:124002;trailing_literal_0:143832;trailing_literal_1:18009;trailing_literal_2:16512;trailing_literal_3:5464
934	257	309	cm_generation_chunk	1	0x185F7B64	0x18699C0C	u32_compressed_in_8_byte_table_entry,sequential_payload	791138	1025768	1024768	1024768	0	00426FDB	ignores_return_and_actual_output_size;writes_min_remaining_chunk_prefix	0	0	1	e9bef8f0600202e80d52878c78cbbf18305f15a0a7b045453eb25bd286e890d2	e9bef8f0600202e80d52878c78cbbf18305f15a0a7b045453eb25bd286e890d2	end_marker:1;literal_run_extended:2843;literal_run_short:32815;match_10_to_1f_extended:13;match_10_to_1f_short:18260;match_20_to_3f_extended:2;match_20_to_3f_short:18912;match_40_to_ff:115716;trailing_literal_0:104137;trailing_literal_1:23019;trailing_literal_2:16253;trailing_literal_3:9493
935	257	309	cm_generation_chunk	2	0x185F7B6C	0x1875AE6E	u32_compressed_in_8_byte_table_entry,sequential_payload	820872	1025768	1024768	1024768	0	00426FDB	ignores_return_and_actual_output_size;writes_min_remaining_chunk_prefix	0	0	1	ff57b5f82aca77cd18b39b67a956f7c454f4f59ae9f98d5af2caed49ff7e2f4b	ff57b5f82aca77cd18b39b67a956f7c454f4f59ae9f98d5af2caed49ff7e2f4b	end_marker:1;literal_run_extended:4785;literal_run_short:32360;match_10_to_1f_extended:15;match_10_to_1f_short:16514;match_20_to_3f_extended:1;match_20_to_3f_short:13832;match_40_to_ff:109199;trailing_literal_0:98490;trailing_literal_1:19585;trailing_literal_2:13533;trailing_literal_3:7952
936	257	309	cm_generation_chunk	3	0x185F7B74	0x188234F6	u32_compressed_in_8_byte_table_entry,sequential_payload	312877	1025768	402688	1024768	622080	00426FDB	ignores_return_and_actual_output_size;writes_min_remaining_chunk_prefix	0	0	1	5a40f0ea34ac7b4f7ef2ea082f5c061783f95046f5d5f5d6d8b22ee0d44bf815	91582655139b58033ededaf497cb4c25cfd09aa7a031d80fc9b02a20178b2b46	end_marker:1;literal_run_extended:1390;literal_run_short:11842;match_10_to_1f_extended:6;match_10_to_1f_short:6421;match_20_to_3f_extended:8;match_20_to_3f_short:7755;match_40_to_ff:46173;trailing_literal_0:43350;trailing_literal_1:8266;trailing_literal_2:5740;trailing_literal_3:3006
937	258	310	surface_grid	0	0x18876638	0x1887663C	u32_compressed_before_payload,u32_post_payload_record_count	2068	27160	27160	27160	0	00426182	ignores_return_and_actual_output_size	0	0	1	a30e4abc792a2ccf5fb2a5fce97ea0b189259db3ce8c50f9ae3acf97d02c9abc	a30e4abc792a2ccf5fb2a5fce97ea0b189259db3ce8c50f9ae3acf97d02c9abc	end_marker:1;literal_run_short:3;match_10_to_1f_short:1;match_20_to_3f_extended:176;match_20_to_3f_short:185;match_40_to_ff:373;trailing_literal_0:726;trailing_literal_1:8
938	258	310	cm_generation_chunk	0	0x188BAF29	0x188BB0B5	u32_compressed_in_8_byte_table_entry,sequential_payload	696406	1025768	1024768	1024768	0	00426FDB	ignores_return_and_actual_output_size;writes_min_remaining_chunk_prefix	0	0	1	c57285f2072d4227e03544304561dac971df3510071b17f9f9e9d5dd4f80c4d0	c57285f2072d4227e03544304561dac971df3510071b17f9f9e9d5dd4f80c4d0	end_marker:1;literal_run_extended:3215;literal_run_short:23992;match_10_to_1f_extended:128;match_10_to_1f_short:12175;match_20_to_3f_extended:70;match_20_to_3f_short:17795;match_40_to_ff:117059;trailing_literal_0:111646;trailing_literal_1:18926;trailing_literal_2:10256;trailing_literal_3:6398
939	258	310	cm_generation_chunk	1	0x188BAF31	0x1896510B	u32_compressed_in_8_byte_table_entry,sequential_payload	687246	1025768	1024768	1024768	0	00426FDB	ignores_return_and_actual_output_size;writes_min_remaining_chunk_prefix	0	0	1	5f391aebf6d0dc099e89de3e446d32ff9b13a34c3cff864694b301ae0b1fa72e	5f391aebf6d0dc099e89de3e446d32ff9b13a34c3cff864694b301ae0b1fa72e	end_marker:1;literal_run_extended:2199;literal_run_short:22614;match_10_to_1f_extended:60;match_10_to_1f_short:14306;match_20_to_3f_extended:84;match_20_to_3f_short:20879;match_40_to_ff:125926;trailing_literal_0:119225;trailing_literal_1:21222;trailing_literal_2:13452;trailing_literal_3:7355
940	258	310	cm_generation_chunk	2	0x188BAF39	0x18A0CD99	u32_compressed_in_8_byte_table_entry,sequential_payload	554615	1025768	1024768	1024768	0	00426FDB	ignores_return_and_actual_output_size;writes_min_remaining_chunk_prefix	0	0	1	b225f09345089cf2773d16031125ed5534cf41e268d69052fedbb69fa1199df6	b225f09345089cf2773d16031125ed5534cf41e268d69052fedbb69fa1199df6	end_marker:1;literal_run_extended:250;literal_run_short:11402;match_10_to_1f_extended:183;match_10_to_1f_short:15326;match_20_to_3f_extended:158;match_20_to_3f_short:25353;match_40_to_ff:141995;trailing_literal_0:147794;trailing_literal_1:19926;trailing_literal_2:10426;trailing_literal_3:4868
941	258	310	cm_generation_chunk	3	0x188BAF41	0x18A94410	u32_compressed_in_8_byte_table_entry,sequential_payload	196888	1025768	398080	1024768	626688	00426FDB	ignores_return_and_actual_output_size;writes_min_remaining_chunk_prefix	0	0	1	91b318a848102648d40596043e2fed5a2ef1b517cadc5395d2e495c18cfec67d	2e7caa41e2d18e635f4c3e69eac2992cb3605cf505e772b1e89c26f2968c2a95	end_marker:1;literal_run_extended:47;literal_run_short:2551;match_10_to_1f_extended:45;match_10_to_1f_short:5031;match_20_to_3f_extended:120;match_20_to_3f_short:10361;match_40_to_ff:56079;trailing_literal_0:61341;trailing_literal_1:5953;trailing_literal_2:3131;trailing_literal_3:1210
942	259	311	surface_grid	0	0x18AC89A5	0x18AC89A9	u32_compressed_before_payload,u32_post_payload_record_count	1154	17280	17280	17280	0	00426182	ignores_return_and_actual_output_size	0	0	1	8bd4bf9b46f938658ff7977533a2a144bd14541434c763f26578e898629c07b1	8bd4bf9b46f938658ff7977533a2a144bd14541434c763f26578e898629c07b1	end_marker:1;literal_run_short:2;match_10_to_1f_short:1;match_20_to_3f_extended:100;match_20_to_3f_short:97;match_40_to_ff:207;trailing_literal_0:392;trailing_literal_1:9;trailing_literal_2:1;trailing_literal_3:2
943	259	311	cm_generation_chunk	0	0x18ACDE4B	0x18ACDFD7	u32_compressed_in_8_byte_table_entry,sequential_payload	336756	1025768	565760	1024768	459008	00426FDB	ignores_return_and_actual_output_size;writes_min_remaining_chunk_prefix	0	0	1	b5cdd613b99063e1d422260439c766c08c851abd41501dccd371162109dcd7fa	28eed41b52bfe467e53ef91c5fa783ec86589b0d0d9f5e4676143428d6960cd3	end_marker:1;literal_run_extended:540;literal_run_short:10477;match_10_to_1f_extended:228;match_10_to_1f_short:11153;match_20_to_3f_extended:120;match_20_to_3f_short:12003;match_40_to_ff:64240;trailing_literal_0:65609;trailing_literal_1:11380;trailing_literal_2:7082;trailing_literal_3:3672
944	260	312	surface_grid	0	0x18B247C8	0x18B247CC	u32_compressed_before_payload,u32_post_payload_record_count	1027	17280	17280	17280	0	00426182	ignores_return_and_actual_output_size	0	0	1	1ba8fcbc86e566116f92646176cb4225e2975fcb379f57052bef7954f3b27486	1ba8fcbc86e566116f92646176cb4225e2975fcb379f57052bef7954f3b27486	end_marker:1;literal_run_short:2;match_10_to_1f_short:1;match_20_to_3f_extended:80;match_20_to_3f_short:96;match_40_to_ff:177;trailing_literal_0:340;trailing_literal_1:9;trailing_literal_2:2;trailing_literal_3:2
945	260	312	cm_generation_chunk	0	0x18B2A7CC	0x18B2A958	u32_compressed_in_8_byte_table_entry,sequential_payload	332496	1025768	562176	1024768	462592	00426FDB	ignores_return_and_actual_output_size;writes_min_remaining_chunk_prefix	0	0	1	724b1be66e391dfb15aa35905dcc33024aa7cc72abe0a509b2cc025f83f09633	b0e646b67d479d672c561040fe33af897f4dc3205dbc6011da50c144d6ffe364	end_marker:1;literal_run_extended:445;literal_run_short:10834;match_10_to_1f_extended:190;match_10_to_1f_short:9975;match_20_to_3f_extended:106;match_20_to_3f_short:9964;match_40_to_ff:67072;trailing_literal_0:64371;trailing_literal_1:11564;trailing_literal_2:7555;trailing_literal_3:3816
946	261	313	surface_grid	0	0x18B8273D	0x18B82741	u32_compressed_before_payload,u32_post_payload_record_count	2100	27160	27160	27160	0	00426182	ignores_return_and_actual_output_size	0	0	1	c75de74179ef88fe486da08d916f15fb7e7cafb49cf79443cc88a815eb1439df	c75de74179ef88fe486da08d916f15fb7e7cafb49cf79443cc88a815eb1439df	end_marker:1;literal_run_short:2;match_10_to_1f_short:2;match_20_to_3f_extended:177;match_20_to_3f_short:214;match_40_to_ff:347;trailing_literal_0:733;trailing_literal_1:5;trailing_literal_2:1
947	261	313	cm_generation_chunk	0	0x18B97232	0x18B973BE	u32_compressed_in_8_byte_table_entry,sequential_payload	463310	1025768	1024768	1024768	0	00426FDB	ignores_return_and_actual_output_size;writes_min_remaining_chunk_prefix	0	0	1	c06862e04eb96970dade5bdfacd7ed4fb6a2bd9342eeb212d2e839d2ac3051b5	c06862e04eb96970dade5bdfacd7ed4fb6a2bd9342eeb212d2e839d2ac3051b5	end_marker:1;literal_run_extended:153;literal_run_short:2863;match_10_to_1f_extended:65;match_10_to_1f_short:8479;match_20_to_3f_extended:172;match_20_to_3f_short:30607;match_40_to_ff:151062;trailing_literal_0:180108;trailing_literal_1:5205;trailing_literal_2:4288;trailing_literal_3:783
948	261	313	cm_generation_chunk	1	0x18B9723A	0x18C0858C	u32_compressed_in_8_byte_table_entry,sequential_payload	506698	1025768	1024768	1024768	0	00426FDB	ignores_return_and_actual_output_size;writes_min_remaining_chunk_prefix	0	0	1	cbac290884f0d9bbd1d04eaa822b7f1d9dd00c0d657632f2d108fae09e4a94a3	cbac290884f0d9bbd1d04eaa822b7f1d9dd00c0d657632f2d108fae09e4a94a3	end_marker:1;literal_run_extended:299;literal_run_short:5695;match_10_to_1f_extended:76;match_10_to_1f_short:11229;match_20_to_3f_extended:87;match_20_to_3f_short:29326;match_40_to_ff:151844;trailing_literal_0:175138;trailing_literal_1:9372;trailing_literal_2:6367;trailing_literal_3:1684
949	261	313	cm_generation_chunk	2	0x18B97242	0x18C840D6	u32_compressed_in_8_byte_table_entry,sequential_payload	487136	1025768	1024768	1024768	0	00426FDB	ignores_return_and_actual_output_size;writes_min_remaining_chunk_prefix	0	0	1	20fd1a914c9a8b6e7ed22e702940b68f209193f7d2cc57554009f8db3545f4f2	20fd1a914c9a8b6e7ed22e702940b68f209193f7d2cc57554009f8db3545f4f2	end_marker:1;literal_run_extended:14;literal_run_short:1536;match_10_to_1f_extended:51;match_10_to_1f_short:11325;match_20_to_3f_extended:106;match_20_to_3f_short:34642;match_40_to_ff:160288;trailing_literal_0:194357;trailing_literal_1:6863;trailing_literal_2:4531;trailing_literal_3:660
950	261	313	cm_generation_chunk	3	0x18B9724A	0x18CFAFB6	u32_compressed_in_8_byte_table_entry,sequential_payload	192034	1025768	402688	1024768	622080	00426FDB	ignores_return_and_actual_output_size;writes_min_remaining_chunk_prefix	0	0	1	24a82687bfc80da639131af3f0762eed8b8dade17bb83a0a742da09e2bd6dafd	cf6b5e3dc091c6e92adde347241b0639fda39ca180bfac71d05ecc0f92b5be0c	end_marker:1;literal_run_extended:4;literal_run_short:549;match_10_to_1f_extended:19;match_10_to_1f_short:3991;match_20_to_3f_extended:27;match_20_to_3f_short:11350;match_40_to_ff:67195;trailing_literal_0:78841;trailing_literal_1:2143;trailing_literal_2:1408;trailing_literal_3:189
951	262	338	surface_grid	0	0x18D2F6D5	0x18D2F6D9	u32_compressed_before_payload,u32_post_payload_record_count	891	22528	22528	22528	0	00426182	ignores_return_and_actual_output_size	0	0	1	c53321a770031ba3b1f7e8d7c29c561758655ffdabcf12ab505cde43cc409dd1	c53321a770031ba3b1f7e8d7c29c561758655ffdabcf12ab505cde43cc409dd1	end_marker:1;literal_run_short:2;match_10_to_1f_short:1;match_20_to_3f_extended:87;match_20_to_3f_short:81;match_40_to_ff:126;trailing_literal_0:292;trailing_literal_1:1;trailing_literal_2:1
952	262	338	cm_generation_chunk	0	0x18D3AC58	0x18D3ADE4	u32_compressed_in_8_byte_table_entry,sequential_payload	736282	1025768	1024768	1024768	0	00426FDB	ignores_return_and_actual_output_size;writes_min_remaining_chunk_prefix	0	0	1	9e320616d681bf0a97dc37f8cb09c3739f8f9bc240003f247b6b0153fec4e714	9e320616d681bf0a97dc37f8cb09c3739f8f9bc240003f247b6b0153fec4e714	end_marker:1;literal_run_extended:2335;literal_run_short:33306;match_10_to_1f_extended:34;match_10_to_1f_short:15173;match_20_to_3f_extended:117;match_20_to_3f_short:23337;match_40_to_ff:100506;trailing_literal_0:98260;trailing_literal_1:17168;trailing_literal_2:15920;trailing_literal_3:7818
953	262	338	cm_generation_chunk	1	0x18D3AC60	0x18DEE9FE	u32_compressed_in_8_byte_table_entry,sequential_payload	495940	1025768	1024768	1024768	0	00426FDB	ignores_return_and_actual_output_size;writes_min_remaining_chunk_prefix	0	0	1	c698bbf701a2bb0f50a31de3002e58811a69505e619618f616d5f5f91e87613b	c698bbf701a2bb0f50a31de3002e58811a69505e619618f616d5f5f91e87613b	end_marker:1;literal_run_extended:799;literal_run_short:13761;match_10_to_1f_extended:164;match_10_to_1f_short:11421;match_20_to_3f_extended:1148;match_20_to_3f_short:33317;match_40_to_ff:89991;trailing_literal_0:110579;trailing_literal_1:11084;trailing_literal_2:10714;trailing_literal_3:3663
954	262	338	cm_generation_chunk	2	0x18D3AC68	0x18E67B42	u32_compressed_in_8_byte_table_entry,sequential_payload	211004	1025768	679424	1024768	345344	00426FDB	ignores_return_and_actual_output_size;writes_min_remaining_chunk_prefix	0	0	1	5f8873662e50bae87760541afa030e631a589eee909ecc840b4fe46c03e8ec6c	1970ce0a92d7a2d82409bb49c0e2cda2d383504bf1ddb61beab2305346757dbe	end_marker:1;literal_run_extended:81;literal_run_short:3668;match_10_to_1f_extended:146;match_10_to_1f_short:4838;match_20_to_3f_extended:1577;match_20_to_3f_short:17140;match_40_to_ff:47536;trailing_literal_0:63995;trailing_literal_1:3449;trailing_literal_2:3024;trailing_literal_3:768
955	263	171	surface_grid	0	0x18E9F08B	0x18E9F08F	u32_compressed_before_payload,u32_post_payload_record_count	1969	15376	15376	15376	0	00426182	ignores_return_and_actual_output_size	0	0	1	c7993c4f021fc696b1705ebbb9acc833261fe770ab0f39b2df772058dccee51c	c7993c4f021fc696b1705ebbb9acc833261fe770ab0f39b2df772058dccee51c	end_marker:1;literal_run_short:3;match_10_to_1f_short:1;match_20_to_3f_extended:108;match_20_to_3f_short:205;match_40_to_ff:442;trailing_literal_0:750;trailing_literal_1:5
956	263	171	cm_generation_chunk	0	0x18EC8F03	0x18EC908F	u32_compressed_in_8_byte_table_entry,sequential_payload	556193	1025768	1024768	1024768	0	00426FDB	ignores_return_and_actual_output_size;writes_min_remaining_chunk_prefix	0	0	1	b436fc150215896cc01d3808c8da6585a9615b192c096e50e64ce20cdd0d878e	b436fc150215896cc01d3808c8da6585a9615b192c096e50e64ce20cdd0d878e	end_marker:1;literal_run_extended:1281;literal_run_short:13969;match_10_to_1f_extended:362;match_10_to_1f_short:14416;match_20_to_3f_extended:275;match_20_to_3f_short:23351;match_40_to_ff:116319;trailing_literal_0:123408;trailing_literal_1:17239;trailing_literal_2:8819;trailing_literal_3:5256
957	263	171	cm_generation_chunk	1	0x18EC8F0B	0x18F50D30	u32_compressed_in_8_byte_table_entry,sequential_payload	596327	1025768	937728	1024768	87040	00426FDB	ignores_return_and_actual_output_size;writes_min_remaining_chunk_prefix	0	0	1	3969636a188cdadb8f48f9ff139214fa945fedb06a24dbc26ae2dd7f3054178e	7fc40eef5dee4adec11bb77901f38a599dcce931ac1529c6aab50fee8ea0603a	end_marker:1;literal_run_extended:1956;literal_run_short:20749;match_10_to_1f_extended:250;match_10_to_1f_short:15028;match_20_to_3f_extended:222;match_20_to_3f_short:17946;match_40_to_ff:100790;trailing_literal_0:101461;trailing_literal_1:16905;trailing_literal_2:9825;trailing_literal_3:6044
958	264	287	surface_grid	0	0x18FF5CF4	0x18FF5CF8	u32_compressed_before_payload,u32_post_payload_record_count	1823	79200	79200	79200	0	00426182	ignores_return_and_actual_output_size	0	0	1	1c1c5c5bb57a4d33770b60fa6ac5d34e2609e177afd5789b3f002ad5bc6713d4	1c1c5c5bb57a4d33770b60fa6ac5d34e2609e177afd5789b3f002ad5bc6713d4	end_marker:1;literal_run_short:6;match_10_to_1f_extended:4;match_10_to_1f_short:4;match_20_to_3f_extended:173;match_20_to_3f_short:148;match_40_to_ff:195;trailing_literal_0:510;trailing_literal_1:10;trailing_literal_2:2;trailing_literal_3:1
959	264	287	cm_generation_chunk	0	0x19017287	0x19017413	u32_compressed_in_8_byte_table_entry,sequential_payload	666083	1025768	1024768	1024768	0	00426FDB	ignores_return_and_actual_output_size;writes_min_remaining_chunk_prefix	0	0	1	d188e0c27d04e90a92d3f97a18d9dbcd0d1327a5ec7295120b0cd7a113224b78	d188e0c27d04e90a92d3f97a18d9dbcd0d1327a5ec7295120b0cd7a113224b78	end_marker:1;literal_run_extended:2393;literal_run_short:21148;match_10_to_1f_extended:38;match_10_to_1f_short:13943;match_20_to_3f_extended:367;match_20_to_3f_short:28549;match_40_to_ff:106144;trailing_literal_0:109171;trailing_literal_1:20257;trailing_literal_2:12732;trailing_literal_3:6880
960	264	287	cm_generation_chunk	1	0x1901728F	0x190B9DF6	u32_compressed_in_8_byte_table_entry,sequential_payload	241753	1025768	442624	1024768	582144	00426FDB	ignores_return_and_actual_output_size;writes_min_remaining_chunk_prefix	0	0	1	8ba87dcea941aa258e2531442537b7620583746c8e5dec59ffb8a68e95411d23	db16113dd1c165752fb2becde2dff2f129849e39d9d0db5f7faebdaf13d5d5be	end_marker:1;literal_run_extended:563;literal_run_short:6244;match_10_to_1f_extended:70;match_10_to_1f_short:3877;match_20_to_3f_extended:321;match_20_to_3f_short:16000;match_40_to_ff:42808;trailing_literal_0:49013;trailing_literal_1:7405;trailing_literal_2:4346;trailing_literal_3:2311
961	265	288	surface_grid	0	0x190F684C	0x190F6850	u32_compressed_before_payload,u32_post_payload_record_count	1102	6400	6400	6400	0	00426182	ignores_return_and_actual_output_size	0	0	1	ed6e492d1236aa013e2437f02138f48b4a0e22f106d6d990a41d93ad73fac951	ed6e492d1236aa013e2437f02138f48b4a0e22f106d6d990a41d93ad73fac951	end_marker:1;literal_run_short:3;match_10_to_1f_short:1;match_20_to_3f_extended:44;match_20_to_3f_short:121;match_40_to_ff:261;trailing_literal_0:411;trailing_literal_1:11;trailing_literal_2:4
962	265	288	cm_generation_chunk	0	0x191143EF	0x1911457B	u32_compressed_in_8_byte_table_entry,sequential_payload	393181	1025768	584704	1024768	440064	00426FDB	ignores_return_and_actual_output_size;writes_min_remaining_chunk_prefix	0	0	1	422227af1f6d4e14a465927161cfe4b11e76b36be26508dc1f3827f77897e14a	5ce04136606e05afec5e157779e809d9e32ceac19740194fcf485650dc7c068e	end_marker:1;literal_run_extended:1368;literal_run_short:13896;match_10_to_1f_extended:57;match_10_to_1f_short:8238;match_20_to_3f_extended:87;match_20_to_3f_short:11635;match_40_to_ff:66552;trailing_literal_0:64071;trailing_literal_1:10999;trailing_literal_2:7573;trailing_literal_3:3925
963	266	289	surface_grid	0	0x19178EFD	0x19178F01	u32_compressed_before_payload,u32_post_payload_record_count	987	18600	18600	18600	0	00426182	ignores_return_and_actual_output_size	0	0	1	f2f1bd372782ac7d5933cee870f386b11aaa56a803af18476b3e34563c41c0c2	f2f1bd372782ac7d5933cee870f386b11aaa56a803af18476b3e34563c41c0c2	end_marker:1;literal_run_short:2;match_10_to_1f_short:1;match_20_to_3f_extended:86;match_20_to_3f_short:84;match_40_to_ff:165;trailing_literal_0:325;trailing_literal_1:7;trailing_literal_2:2;trailing_literal_3:1
964	266	289	cm_generation_chunk	0	0x19181D1F	0x19181EAB	u32_compressed_in_8_byte_table_entry,sequential_payload	307754	1025768	536064	1024768	488704	00426FDB	ignores_return_and_actual_output_size;writes_min_remaining_chunk_prefix	0	0	1	bab2dd6dcddb9b35d25f80169756d977ef880c4261ed00d1da9dbd46c49c9d2a	67c9c1790fb6481d0f716435b1b62462184f91eaa0cb239bee9bcc687de34b9b	end_marker:1;literal_run_extended:996;literal_run_short:8215;match_10_to_1f_extended:260;match_10_to_1f_short:7466;match_20_to_3f_extended:248;match_20_to_3f_short:15133;match_40_to_ff:52036;trailing_literal_0:58376;trailing_literal_1:8930;trailing_literal_2:5197;trailing_literal_3:2639
965	267	290	surface_grid	0	0x191D2902	0x191D2906	u32_compressed_before_payload,u32_post_payload_record_count	1022	22320	22320	22320	0	00426182	ignores_return_and_actual_output_size	0	0	1	1f2bc63ef0d38a2c121c42978ccad71ea8e24976b40b5a1e38ec82513f44f9ae	1f2bc63ef0d38a2c121c42978ccad71ea8e24976b40b5a1e38ec82513f44f9ae	end_marker:1;literal_run_short:2;match_10_to_1f_short:1;match_20_to_3f_extended:93;match_20_to_3f_short:71;match_40_to_ff:174;trailing_literal_0:326;trailing_literal_1:7;trailing_literal_2:3;trailing_literal_3:2
966	267	290	cm_generation_chunk	0	0x191DD64D	0x191DD7D9	u32_compressed_in_8_byte_table_entry,sequential_payload	356410	1025768	570880	1024768	453888	00426FDB	ignores_return_and_actual_output_size;writes_min_remaining_chunk_prefix	0	0	1	130a7658d9bd9a2732ac0c44eb7fc981641a6310527f73a1693e0580289fc087	dca3948e20f8b0c8a8796cd68f9e4ad9f37d8d15556d9b4d2449ab651a9afab0	end_marker:1;literal_run_extended:1049;literal_run_short:10961;match_10_to_1f_extended:148;match_10_to_1f_short:9456;match_20_to_3f_extended:239;match_20_to_3f_short:14491;match_40_to_ff:58625;trailing_literal_0:60241;trailing_literal_1:11838;trailing_literal_2:6998;trailing_literal_3:3881
967	268	291	surface_grid	0	0x192391B8	0x192391BC	u32_compressed_before_payload,u32_post_payload_record_count	918	18600	18600	18600	0	00426182	ignores_return_and_actual_output_size	0	0	1	5d269a272d6cb8fe94136282ac4cb6d6f1aa86ca6f9289b7c5342238cbedd957	5d269a272d6cb8fe94136282ac4cb6d6f1aa86ca6f9289b7c5342238cbedd957	end_marker:1;literal_run_short:3;match_10_to_1f_short:1;match_20_to_3f_extended:81;match_20_to_3f_short:48;match_40_to_ff:190;trailing_literal_0:310;trailing_literal_1:5;trailing_literal_2:2;trailing_literal_3:2
968	268	291	cm_generation_chunk	0	0x19243219	0x192433A5	u32_compressed_in_8_byte_table_entry,sequential_payload	283559	1025768	542208	1024768	482560	00426FDB	ignores_return_and_actual_output_size;writes_min_remaining_chunk_prefix	0	0	1	5cb64e2ec3d00e68fade872b09bc8c3d93e9f3c827cfac9616632ef652382d64	eda6363f02d3509a8c52445cea71212627f43e2dcacf385b2929713b4b20f252	end_marker:1;literal_run_extended:729;literal_run_short:6544;match_10_to_1f_extended:167;match_10_to_1f_short:6912;match_20_to_3f_extended:248;match_20_to_3f_short:15233;match_40_to_ff:54934;trailing_literal_0:61729;trailing_literal_1:8533;trailing_literal_2:4847;trailing_literal_3:2384
969	269	292	surface_grid	0	0x1928D5A1	0x1928D5A5	u32_compressed_before_payload,u32_post_payload_record_count	936	19800	19800	19800	0	00426182	ignores_return_and_actual_output_size	0	0	1	b35e4ff745cb8ada7bf36009b064e7575a93d805c0d73022a0ef68619b06fb17	b35e4ff745cb8ada7bf36009b064e7575a93d805c0d73022a0ef68619b06fb17	end_marker:1;literal_run_short:3;match_10_to_1f_short:1;match_20_to_3f_extended:106;match_20_to_3f_short:47;match_40_to_ff:152;trailing_literal_0:297;trailing_literal_1:5;trailing_literal_2:2;trailing_literal_3:1
970	269	292	cm_generation_chunk	0	0x1929A445	0x1929A5D1	u32_compressed_in_8_byte_table_entry,sequential_payload	351415	1025768	570368	1024768	454400	00426FDB	ignores_return_and_actual_output_size;writes_min_remaining_chunk_prefix	0	0	1	0b144cd18b70e7876599190a011d9f06eb7865b16203f3e77762bc841ccdfe3b	d3037bb21104bd406ae6e5b900b5d33d08619f30a7725717b8de0abb29781562	end_marker:1;literal_run_extended:671;literal_run_short:10998;match_10_to_1f_extended:130;match_10_to_1f_short:10489;match_20_to_3f_extended:259;match_20_to_3f_short:15980;match_40_to_ff:60178;trailing_literal_0:62522;trailing_literal_1:12822;trailing_literal_2:7476;trailing_literal_3:4215
971	270	293	surface_grid	0	0x192F50DD	0x192F50E1	u32_compressed_before_payload,u32_post_payload_record_count	791	19800	19800	19800	0	00426182	ignores_return_and_actual_output_size	0	0	1	7343110ba0820e540480c5b8efb2c883cbf8ff266d4eaf7fd3b4bf726ca58bd5	7343110ba0820e540480c5b8efb2c883cbf8ff266d4eaf7fd3b4bf726ca58bd5	end_marker:1;literal_run_short:2;match_10_to_1f_short:1;match_20_to_3f_extended:103;match_20_to_3f_short:23;match_40_to_ff:124;trailing_literal_0:242;trailing_literal_1:6;trailing_literal_2:1;trailing_literal_3:1
972	270	293	cm_generation_chunk	0	0x192FCB8C	0x192FCD18	u32_compressed_in_8_byte_table_entry,sequential_payload	295573	1025768	499712	1024768	525056	00426FDB	ignores_return_and_actual_output_size;writes_min_remaining_chunk_prefix	0	0	1	d85347aa25b2e80d1b7db7b36d799b8be98ff27e62ce8bd5596f9f98ea106b28	197d9b2c82947b26f6abb733b1b32bc6b61851703fd5fe5fda27b33c53632135	end_marker:1;literal_run_extended:642;literal_run_short:8139;match_10_to_1f_extended:110;match_10_to_1f_short:9577;match_20_to_3f_extended:259;match_20_to_3f_short:12536;match_40_to_ff:53376;trailing_literal_0:55971;trailing_literal_1:10558;trailing_literal_2:6107;trailing_literal_3:3221
973	271	294	surface_grid	0	0x19349952	0x19349956	u32_compressed_before_payload,u32_post_payload_record_count	877	18600	18600	18600	0	00426182	ignores_return_and_actual_output_size	0	0	1	3dfa140c2d09504b61b76e8f56ab33f7e48500565e5aab33cd2395a9b1fe7d7e	3dfa140c2d09504b61b76e8f56ab33f7e48500565e5aab33cd2395a9b1fe7d7e	end_marker:1;literal_run_short:2;match_10_to_1f_short:1;match_20_to_3f_extended:89;match_20_to_3f_short:58;match_40_to_ff:141;trailing_literal_0:278;trailing_literal_1:8;trailing_literal_3:2
974	271	294	cm_generation_chunk	0	0x19352402	0x1935258E	u32_compressed_in_8_byte_table_entry,sequential_payload	284715	1025768	531456	1024768	493312	00426FDB	ignores_return_and_actual_output_size;writes_min_remaining_chunk_prefix	0	0	1	8e1fc53b49161d1a520f6ca5e58a8b9d83ac2b15e9377f3a8edeaeb629556ab5	51481d2c479b59edb3ce940075facfd78e53b87568f9235784be42d113fdfb1b	end_marker:1;literal_run_extended:808;literal_run_short:6247;match_10_to_1f_extended:211;match_10_to_1f_short:7117;match_20_to_3f_extended:222;match_20_to_3f_short:14337;match_40_to_ff:55755;trailing_literal_0:61993;trailing_literal_1:8694;trailing_literal_2:4736;trailing_literal_3:2218
975	272	295	surface_grid	0	0x1939C9B6	0x1939C9BA	u32_compressed_before_payload,u32_post_payload_record_count	938	19200	19200	19200	0	00426182	ignores_return_and_actual_output_size	0	0	1	8038e8ac052f19b75bc35d169301fbf7898742c70d792ca9dd013c6212eb7f80	8038e8ac052f19b75bc35d169301fbf7898742c70d792ca9dd013c6212eb7f80	end_marker:1;literal_run_short:2;match_10_to_1f_short:1;match_20_to_3f_extended:111;match_20_to_3f_short:56;match_40_to_ff:131;trailing_literal_0:286;trailing_literal_1:9;trailing_literal_2:2;trailing_literal_3:1
976	272	295	cm_generation_chunk	0	0x193A4AEA	0x193A4C76	u32_compressed_in_8_byte_table_entry,sequential_payload	303393	1025768	547328	1024768	477440	00426FDB	ignores_return_and_actual_output_size;writes_min_remaining_chunk_prefix	0	0	1	ad928a41f8fbc6fad11b5b0cb1f0079296f5265ed791ed012eac7df1ed6435ee	876b5a413dd3e959e004fab1a327af81a035a926d672e47033d3fe99904fe972	end_marker:1;literal_run_extended:990;literal_run_short:7594;match_10_to_1f_extended:200;match_10_to_1f_short:7064;match_20_to_3f_extended:293;match_20_to_3f_short:15058;match_40_to_ff:54481;trailing_literal_0:60879;trailing_literal_1:8744;trailing_literal_2:4978;trailing_literal_3:2494
977	273	296	surface_grid	0	0x193F0154	0x193F0158	u32_compressed_before_payload,u32_post_payload_record_count	380	4800	4800	4800	0	00426182	ignores_return_and_actual_output_size	0	0	1	09d8964bb4e190e28d69a399cb4757f1dd36ef1f5143aeb246c5b9a4b4fec6ee	09d8964bb4e190e28d69a399cb4757f1dd36ef1f5143aeb246c5b9a4b4fec6ee	end_marker:1;literal_run_short:4;match_10_to_1f_short:1;match_20_to_3f_extended:25;match_20_to_3f_short:41;match_40_to_ff:59;trailing_literal_0:121;trailing_literal_1:3;trailing_literal_3:1
978	273	296	cm_generation_chunk	0	0x193F6741	0x193F68CD	u32_compressed_in_8_byte_table_entry,sequential_payload	435938	1025768	606208	1024768	418560	00426FDB	ignores_return_and_actual_output_size;writes_min_remaining_chunk_prefix	0	0	1	d0516b832bb8e87e4c9a2f40606b83411d31506507bc793a0634073daa351a83	4c6efbc3b8c92dd5b6c42d53d79c0d751da2e566499459bfdce3f7f6cb194f30	end_marker:1;literal_run_extended:760;literal_run_short:15981;match_10_to_1f_extended:54;match_10_to_1f_short:18883;match_20_to_3f_extended:32;match_20_to_3f_short:16917;match_40_to_ff:65431;trailing_literal_0:74631;trailing_literal_1:11720;trailing_literal_2:10610;trailing_literal_3:4355
979	274	297	surface_grid	0	0x19470AAC	0x19470AB0	u32_compressed_before_payload,u32_post_payload_record_count	2909	64000	64000	64000	0	00426182	ignores_return_and_actual_output_size	0	0	1	21fe92eb23a092f5ac36aeaf33eb5b5ea602aff1ed0e17ca9420131da6967c06	21fe92eb23a092f5ac36aeaf33eb5b5ea602aff1ed0e17ca9420131da6967c06	end_marker:1;literal_run_short:6;match_10_to_1f_extended:5;match_10_to_1f_short:4;match_20_to_3f_extended:332;match_20_to_3f_short:204;match_40_to_ff:387;trailing_literal_0:903;trailing_literal_1:22;trailing_literal_2:5;trailing_literal_3:1
980	274	297	cm_generation_chunk	0	0x19481182	0x1948130E	u32_compressed_in_8_byte_table_entry,sequential_payload	727974	1025768	1024768	1024768	0	00426FDB	ignores_return_and_actual_output_size;writes_min_remaining_chunk_prefix	0	0	1	ba0b06d84807ed2c45e03bbc53c4cbb122156b7dfebb68beaa96c774e437a2c9	ba0b06d84807ed2c45e03bbc53c4cbb122156b7dfebb68beaa96c774e437a2c9	end_marker:1;literal_run_extended:3657;literal_run_short:26587;match_10_to_1f_extended:87;match_10_to_1f_short:13797;match_20_to_3f_extended:584;match_20_to_3f_short:31194;match_40_to_ff:80701;trailing_literal_0:91164;trailing_literal_1:17403;trailing_literal_2:10193;trailing_literal_3:7602
981	274	297	cm_generation_chunk	1	0x1948118A	0x19532EB4	u32_compressed_in_8_byte_table_entry,sequential_payload	194902	1025768	260864	1024768	763904	00426FDB	ignores_return_and_actual_output_size;writes_min_remaining_chunk_prefix	0	0	1	552ec38f2366d492f5e5ad8602a6afd1787ea6dd88431484bdedaca8ce40bfa8	fb35625ec97b13e2bd6796cb9d67f0e77daea8e7595081d51e79b4375bcfd096	end_marker:1;literal_run_extended:1011;literal_run_short:6798;match_10_to_1f_extended:11;match_10_to_1f_short:3183;match_20_to_3f_extended:108;match_20_to_3f_short:7169;match_40_to_ff:21952;trailing_literal_0:22996;trailing_literal_1:4590;trailing_literal_2:2834;trailing_literal_3:2002
982	275	284	surface_grid	0	0x1956E6DF	0x1956E6E3	u32_compressed_before_payload,u32_post_payload_record_count	1180	16200	16200	16200	0	00426182	ignores_return_and_actual_output_size	0	0	1	77c3fdbdb5430456dec1f668caefc6b7e9faff323b0feb3478be73f5c513c097	77c3fdbdb5430456dec1f668caefc6b7e9faff323b0feb3478be73f5c513c097	end_marker:1;literal_run_short:2;match_10_to_1f_short:1;match_20_to_3f_extended:112;match_20_to_3f_short:79;match_40_to_ff:225;trailing_literal_0:412;trailing_literal_1:4
983	275	284	cm_generation_chunk	0	0x19574349	0x195744D5	u32_compressed_in_8_byte_table_entry,sequential_payload	770011	1025768	1024768	1024768	0	00426FDB	ignores_return_and_actual_output_size;writes_min_remaining_chunk_prefix	0	0	1	7b445427c9461b252970513dcfb894e634737e256c0258106e73799660c1b00b	7b445427c9461b252970513dcfb894e634737e256c0258106e73799660c1b00b	end_marker:1;literal_run_extended:2372;literal_run_short:33303;match_10_to_1f_extended:151;match_10_to_1f_short:27351;match_20_to_3f_extended:79;match_20_to_3f_short:22573;match_40_to_ff:96096;trailing_literal_0:101334;trailing_literal_1:19886;trailing_literal_2:16718;trailing_literal_3:8311
984	275	284	cm_generation_chunk	1	0x19574351	0x196304B0	u32_compressed_in_8_byte_table_entry,sequential_payload	751674	1025768	1024768	1024768	0	00426FDB	ignores_return_and_actual_output_size;writes_min_remaining_chunk_prefix	0	0	1	8fb1063413d9bc18d73f665a7543a6f2a8856c90e804956508b52f3742dcbfc5	8fb1063413d9bc18d73f665a7543a6f2a8856c90e804956508b52f3742dcbfc5	end_marker:1;literal_run_extended:4138;literal_run_short:27215;match_10_to_1f_extended:181;match_10_to_1f_short:18872;match_20_to_3f_extended:83;match_20_to_3f_short:14328;match_40_to_ff:103519;trailing_literal_0:97758;trailing_literal_1:19496;trailing_literal_2:12464;trailing_literal_3:7264
985	275	284	cm_generation_chunk	2	0x19574359	0x196E7CEA	u32_compressed_in_8_byte_table_entry,sequential_payload	697064	1025768	1024768	1024768	0	00426FDB	ignores_return_and_actual_output_size;writes_min_remaining_chunk_prefix	0	0	1	8d59643a73f74840e359c35495025c311263696a96537a172b63ed462521a367	8d59643a73f74840e359c35495025c311263696a96537a172b63ed462521a367	end_marker:1;literal_run_extended:3773;literal_run_short:22645;match_10_to_1f_extended:275;match_10_to_1f_short:12172;match_20_to_3f_extended:127;match_20_to_3f_short:17543;match_40_to_ff:103707;trailing_literal_0:97748;trailing_literal_1:18899;trailing_literal_2:10486;trailing_literal_3:6690
986	275	284	cm_generation_chunk	3	0x19574361	0x19791FD2	u32_compressed_in_8_byte_table_entry,sequential_payload	12882	1025768	9984	1024768	1014784	00426FDB	ignores_return_and_actual_output_size;writes_min_remaining_chunk_prefix	0	0	1	a0cd703d18c21bc86ce5d441cb6a069133e3116ddd532afa03faf07ea6225bdb	63a68c5ebedb308e8247f04f7106c25a21529fd279f615785dbbf3f8aa85f3c2	end_marker:1;literal_run_extended:103;literal_run_short:137;match_10_to_1f_short:1;match_20_to_3f_extended:1;match_20_to_3f_short:43;match_40_to_ff:597;trailing_literal_0:478;trailing_literal_1:73;trailing_literal_2:51;trailing_literal_3:39
987	276	285	surface_grid	0	0x19799269	0x1979926D	u32_compressed_before_payload,u32_post_payload_record_count	998	16200	16200	16200	0	00426182	ignores_return_and_actual_output_size	0	0	1	2bb24080e9f531c70a99875acc815f9fc662ca41f34caf6d6cd50211be2d0d47	2bb24080e9f531c70a99875acc815f9fc662ca41f34caf6d6cd50211be2d0d47	end_marker:1;literal_run_short:3;match_10_to_1f_short:1;match_20_to_3f_extended:116;match_20_to_3f_short:63;match_40_to_ff:146;trailing_literal_0:319;trailing_literal_1:4;trailing_literal_2:2
988	276	285	cm_generation_chunk	0	0x1979E73E	0x1979E8CA	u32_compressed_in_8_byte_table_entry,sequential_payload	535542	1025768	1024768	1024768	0	00426FDB	ignores_return_and_actual_output_size;writes_min_remaining_chunk_prefix	0	0	1	33af98a41df7732c69c3ed06367ccbc90a1f99f6a02460d29366d39612cddd89	33af98a41df7732c69c3ed06367ccbc90a1f99f6a02460d29366d39612cddd89	end_marker:1;literal_run_extended:269;literal_run_short:6582;match_10_to_1f_extended:145;match_10_to_1f_short:22814;match_20_to_3f_extended:268;match_20_to_3f_short:36167;match_40_to_ff:132189;trailing_literal_0:169533;trailing_literal_1:10381;trailing_literal_2:9681;trailing_literal_3:1987
989	276	285	cm_generation_chunk	1	0x1979E746	0x198214C0	u32_compressed_in_8_byte_table_entry,sequential_payload	492418	1025768	1024768	1024768	0	00426FDB	ignores_return_and_actual_output_size;writes_min_remaining_chunk_prefix	0	0	1	ecb35d049686f289c11c8313b256c325981df7df0fcf8d02f75b327d3987ccdb	ecb35d049686f289c11c8313b256c325981df7df0fcf8d02f75b327d3987ccdb	end_marker:1;literal_run_extended:253;literal_run_short:4964;match_10_to_1f_extended:139;match_10_to_1f_short:15597;match_20_to_3f_extended:401;match_20_to_3f_short:36062;match_40_to_ff:131666;trailing_literal_0:166907;trailing_literal_1:8607;trailing_literal_2:6675;trailing_literal_3:1675
990	276	285	cm_generation_chunk	2	0x1979E74E	0x19899842	u32_compressed_in_8_byte_table_entry,sequential_payload	19487	1025768	24064	1024768	1000704	00426FDB	ignores_return_and_actual_output_size;writes_min_remaining_chunk_prefix	0	0	1	6c4aabafa06422e9998d4a82067e7ab3388b95e391d25aac3b5579c7590559f5	94ee6a9c0b529ae5c48d72f7744b255f9e79707cf9ef4efd70efe2bb8c508af1	end_marker:1;literal_run_extended:83;literal_run_short:438;match_10_to_1f_short:45;match_20_to_3f_extended:2;match_20_to_3f_short:776;match_40_to_ff:2791;trailing_literal_0:2933;trailing_literal_1:287;trailing_literal_2:294;trailing_literal_3:99
991	277	298	surface_grid	0	0x198AE026	0x198AE02A	u32_compressed_before_payload,u32_post_payload_record_count	6672	64200	64200	64200	0	00426182	ignores_return_and_actual_output_size	0	0	1	dde8b3eb1a529ea80330d9d36c972f5ccca9fc27ac919a1ce3b775a0b21ff5e8	dde8b3eb1a529ea80330d9d36c972f5ccca9fc27ac919a1ce3b775a0b21ff5e8	end_marker:1;literal_run_short:10;match_10_to_1f_extended:1;match_10_to_1f_short:4;match_20_to_3f_extended:407;match_20_to_3f_short:757;match_40_to_ff:1310;trailing_literal_0:2431;trailing_literal_1:35;trailing_literal_2:7;trailing_literal_3:5
992	277	298	cm_generation_chunk	0	0x199DF213	0x199DF39F	u32_compressed_in_8_byte_table_entry,sequential_payload	725847	1025768	1024768	1024768	0	00426FDB	ignores_return_and_actual_output_size;writes_min_remaining_chunk_prefix	0	0	1	e47bfb62a162b5e8941b193900c28b7f605d0f66711e3bc3e3a9a649910f59b1	e47bfb62a162b5e8941b193900c28b7f605d0f66711e3bc3e3a9a649910f59b1	end_marker:1;literal_run_extended:2299;literal_run_short:22957;match_10_to_1f_extended:12;match_10_to_1f_short:15640;match_20_to_3f_extended:18;match_20_to_3f_short:33950;match_40_to_ff:119530;trailing_literal_0:125479;trailing_literal_1:21828;trailing_literal_2:14992;trailing_literal_3:6850
993	277	298	cm_generation_chunk	1	0x199DF21B	0x19A906F6	u32_compressed_in_8_byte_table_entry,sequential_payload	691853	1025768	1024768	1024768	0	00426FDB	ignores_return_and_actual_output_size;writes_min_remaining_chunk_prefix	0	0	1	ffa8c399ebfe2bb528e0a1b937a1db84d5b1e7c1a552989545666565e4f7634b	ffa8c399ebfe2bb528e0a1b937a1db84d5b1e7c1a552989545666565e4f7634b	end_marker:1;literal_run_extended:1912;literal_run_short:19684;match_10_to_1f_extended:35;match_10_to_1f_short:17262;match_20_to_3f_extended:4;match_20_to_3f_short:34976;match_40_to_ff:122038;trailing_literal_0:133922;trailing_literal_1:19471;trailing_literal_2:15184;trailing_literal_3:5737
994	277	298	cm_generation_chunk	2	0x199DF223	0x19B39583	u32_compressed_in_8_byte_table_entry,sequential_payload	759205	1025768	1024768	1024768	0	00426FDB	ignores_return_and_actual_output_size;writes_min_remaining_chunk_prefix	0	0	1	251a35e2aaa9530576d881749e76ca145d43eaec42f73fda1bfd2424af68f6a5	251a35e2aaa9530576d881749e76ca145d43eaec42f73fda1bfd2424af68f6a5	end_marker:1;literal_run_extended:2993;literal_run_short:28969;match_10_to_1f_extended:15;match_10_to_1f_short:11768;match_20_to_3f_extended:7;match_20_to_3f_short:26390;match_40_to_ff:115468;trailing_literal_0:111371;trailing_literal_1:19563;trailing_literal_2:15300;trailing_literal_3:7413
995	277	298	cm_generation_chunk	3	0x199DF22B	0x19BF2B28	u32_compressed_in_8_byte_table_entry,sequential_payload	793434	1025768	1024768	1024768	0	00426FDB	ignores_return_and_actual_output_size;writes_min_remaining_chunk_prefix	0	0	1	b3535152ec5e84d57c96d5a35c4bca4686efa2462ec0b3939d4ec12dadd371db	b3535152ec5e84d57c96d5a35c4bca4686efa2462ec0b3939d4ec12dadd371db	end_marker:1;literal_run_extended:4308;literal_run_short:30616;match_10_to_1f_extended:7;match_10_to_1f_short:11055;match_20_to_3f_extended:9;match_20_to_3f_short:19735;match_40_to_ff:110793;trailing_literal_0:102100;trailing_literal_1:18487;trailing_literal_2:13522;trailing_literal_3:7489
996	277	298	cm_generation_chunk	4	0x199DF233	0x19CB4682	u32_compressed_in_8_byte_table_entry,sequential_payload	803443	1025768	1024768	1024768	0	00426FDB	ignores_return_and_actual_output_size;writes_min_remaining_chunk_prefix	0	0	1	9847f0f430f588beedbb27c0bdfb0cc099e995438c82c32fa1b38757961013be	9847f0f430f588beedbb27c0bdfb0cc099e995438c82c32fa1b38757961013be	end_marker:1;literal_run_extended:4272;literal_run_short:31317;match_10_to_1f_extended:14;match_10_to_1f_short:11269;match_20_to_3f_extended:2;match_20_to_3f_short:24273;match_40_to_ff:106987;trailing_literal_0:101937;trailing_literal_1:18523;trailing_literal_2:14447;trailing_literal_3:7637
997	277	298	cm_generation_chunk	5	0x199DF23B	0x19D788F5	u32_compressed_in_8_byte_table_entry,sequential_payload	819617	1025768	1024768	1024768	0	00426FDB	ignores_return_and_actual_output_size;writes_min_remaining_chunk_prefix	0	0	1	d12de1ec276ab6d26014c0ecbf1c553072204583933d583b82c58936869e727a	d12de1ec276ab6d26014c0ecbf1c553072204583933d583b82c58936869e727a	end_marker:1;literal_run_extended:4813;literal_run_short:31733;match_10_to_1f_extended:8;match_10_to_1f_short:8594;match_20_to_3f_extended:2;match_20_to_3f_short:20074;match_40_to_ff:110085;trailing_literal_0:97784;trailing_literal_1:20064;trailing_literal_2:12884;trailing_literal_3:8030
998	277	298	cm_generation_chunk	6	0x199DF243	0x19E40A96	u32_compressed_in_8_byte_table_entry,sequential_payload	864158	1025768	1024768	1024768	0	00426FDB	ignores_return_and_actual_output_size;writes_min_remaining_chunk_prefix	0	0	1	a3fefd8da86753c46dad4f4417865a392cc77fa353b3d1cc96831748e14f2f17	a3fefd8da86753c46dad4f4417865a392cc77fa353b3d1cc96831748e14f2f17	end_marker:1;literal_run_extended:6288;literal_run_short:34015;match_10_to_1f_extended:3;match_10_to_1f_short:6135;match_20_to_3f_short:12644;match_40_to_ff:106528;trailing_literal_0:86476;trailing_literal_1:19759;trailing_literal_2:10539;trailing_literal_3:8535
999	277	298	cm_generation_chunk	7	0x199DF24B	0x19F13A34	u32_compressed_in_8_byte_table_entry,sequential_payload	913892	1025768	1024768	1024768	0	00426FDB	ignores_return_and_actual_output_size;writes_min_remaining_chunk_prefix	0	0	1	c1c01f5c7c600e1545de9f0ccbc1a61225cb10da00ce3767febccc4dbb5f5769	c1c01f5c7c600e1545de9f0ccbc1a61225cb10da00ce3767febccc4dbb5f5769	end_marker:1;literal_run_extended:7205;literal_run_short:38310;match_10_to_1f_short:6055;match_20_to_3f_short:13169;match_40_to_ff:94942;trailing_literal_0:76225;trailing_literal_1:18386;trailing_literal_2:10608;trailing_literal_3:8946
1000	277	298	cm_generation_chunk	8	0x199DF253	0x19FF2C18	u32_compressed_in_8_byte_table_entry,sequential_payload	24632	1025768	23552	1024768	1001216	00426FDB	ignores_return_and_actual_output_size;writes_min_remaining_chunk_prefix	0	0	1	4b640225a1727f512923bb0aae4c8ebc9f8e5a3926a30c9676ebfc09f5dbade9	1e8e74767e939314324e9188f613148d8e8a65c8b6995ef0726841df145b33d2	end_marker:1;literal_run_extended:267;literal_run_short:556;match_10_to_1f_short:9;match_20_to_3f_extended:3;match_20_to_3f_short:279;match_40_to_ff:1478;trailing_literal_0:1318;trailing_literal_1:204;trailing_literal_2:131;trailing_literal_3:115
1001	278	134	surface_grid	0	0x19FFD57D	0x19FFD581	u32_compressed_before_payload,u32_post_payload_record_count	2298	18480	18480	18480	0	00426182	ignores_return_and_actual_output_size	0	0	1	695a6cb2212ebf3904c0abc7683df48189f80bc6d5dc540653c717580ce7f0d4	695a6cb2212ebf3904c0abc7683df48189f80bc6d5dc540653c717580ce7f0d4	end_marker:1;literal_run_short:1;match_10_to_1f_short:1;match_20_to_3f_extended:93;match_20_to_3f_short:301;match_40_to_ff:484;trailing_literal_0:860;trailing_literal_1:13;trailing_literal_2:2;trailing_literal_3:3
1002	278	134	cm_generation_chunk	0	0x1A047650	0x1A0477DC	u32_compressed_in_8_byte_table_entry,sequential_payload	603941	1025768	1024768	1024768	0	00426FDB	ignores_return_and_actual_output_size;writes_min_remaining_chunk_prefix	0	0	1	66354c7dee71583640e14ebde7e1e2b7f52a3679b1973f63e0a1367bb914d4a7	66354c7dee71583640e14ebde7e1e2b7f52a3679b1973f63e0a1367bb914d4a7	end_marker:1;literal_run_extended:1129;literal_run_short:18121;match_10_to_1f_extended:312;match_10_to_1f_short:20618;match_20_to_3f_extended:334;match_20_to_3f_short:26729;match_40_to_ff:106150;trailing_literal_0:112537;trailing_literal_1:21700;trailing_literal_2:13102;trailing_literal_3:6803
1003	278	134	cm_generation_chunk	1	0x1A047658	0x1A0DAF01	u32_compressed_in_8_byte_table_entry,sequential_payload	352864	1025768	590592	1024768	434176	00426FDB	ignores_return_and_actual_output_size;writes_min_remaining_chunk_prefix	0	0	1	2b0f00b62395c394293f10272b2fceb54caf6e1e969f21ad2d6f39ad9e28816c	e99f6596525a258b639e9642cdd5108835023a8cc96964cb26423ed0afed8b93	end_marker:1;literal_run_extended:776;literal_run_short:12426;match_10_to_1f_extended:159;match_10_to_1f_short:12402;match_20_to_3f_extended:363;match_20_to_3f_short:14596;match_40_to_ff:52554;trailing_literal_0:56419;trailing_literal_1:11885;trailing_literal_2:7648;trailing_literal_3:4121
1004	279	135	surface_grid	0	0x1A1333E2	0x1A1333E6	u32_compressed_before_payload,u32_post_payload_record_count	986	8580	8580	8580	0	00426182	ignores_return_and_actual_output_size	0	0	1	19a77a68c767a2d0cd617162803b8ab3488c7d391659fe3fc83efc3fc11e6644	19a77a68c767a2d0cd617162803b8ab3488c7d391659fe3fc83efc3fc11e6644	end_marker:1;literal_run_short:2;match_10_to_1f_short:1;match_20_to_3f_extended:44;match_20_to_3f_short:114;match_40_to_ff:210;trailing_literal_0:350;trailing_literal_1:13;trailing_literal_2:4;trailing_literal_3:1
1005	279	135	cm_generation_chunk	0	0x1A142AA4	0x1A142C30	u32_compressed_in_8_byte_table_entry,sequential_payload	335003	1025768	520704	1024768	504064	00426FDB	ignores_return_and_actual_output_size;writes_min_remaining_chunk_prefix	0	0	1	b869cf283d317341960e39ee79143e3fc72d10ad14afba92b8bad78d555fa13c	3b9fa8501e5f432cfd3b4fd2207f2666b635e92aca6ac817db0bede476c40e68	end_marker:1;literal_run_extended:644;literal_run_short:10390;match_10_to_1f_extended:215;match_10_to_1f_short:13377;match_20_to_3f_extended:100;match_20_to_3f_short:15704;match_40_to_ff:51435;trailing_literal_0:57902;trailing_literal_1:11656;trailing_literal_2:7569;trailing_literal_3:3703
1006	280	136	surface_grid	0	0x1A196F48	0x1A196F4C	u32_compressed_before_payload,u32_post_payload_record_count	845	9600	9600	9600	0	00426182	ignores_return_and_actual_output_size	0	0	1	d1dca0bca60f90e7d22c64897e1a9ea28faa796001cc3b8e3301c4bd1bbcf048	d1dca0bca60f90e7d22c64897e1a9ea28faa796001cc3b8e3301c4bd1bbcf048	end_marker:1;literal_run_short:2;match_10_to_1f_short:1;match_20_to_3f_extended:60;match_20_to_3f_short:86;match_40_to_ff:152;trailing_literal_0:285;trailing_literal_1:11;trailing_literal_2:1;trailing_literal_3:1
1007	280	136	cm_generation_chunk	0	0x1A19EB3A	0x1A19ECC6	u32_compressed_in_8_byte_table_entry,sequential_payload	439969	1025768	657920	1024768	366848	00426FDB	ignores_return_and_actual_output_size;writes_min_remaining_chunk_prefix	0	0	1	afd7281a0d1903654335e1742212e5765948f65a974fb2549926919c126a6f25	1a553e5a29051f5e17fa21b0a1535da6940b6a6a7af3efad3ce928df20ed7722	end_marker:1;literal_run_extended:865;literal_run_short:15675;match_10_to_1f_extended:193;match_10_to_1f_short:16376;match_20_to_3f_extended:121;match_20_to_3f_short:19849;match_40_to_ff:64115;trailing_literal_0:71248;trailing_literal_1:14647;trailing_literal_2:9876;trailing_literal_3:4882
1008	281	137	surface_grid	0	0x1A20CAA4	0x1A20CAA8	u32_compressed_before_payload,u32_post_payload_record_count	897	9792	9792	9792	0	00426182	ignores_return_and_actual_output_size	0	0	1	64b645a71d49564cc138fb7a961f600fd0927c1797e14c3601a28653590fdf62	64b645a71d49564cc138fb7a961f600fd0927c1797e14c3601a28653590fdf62	end_marker:1;literal_run_short:2;match_10_to_1f_short:1;match_20_to_3f_extended:47;match_20_to_3f_short:110;match_40_to_ff:166;trailing_literal_0:312;trailing_literal_1:7;trailing_literal_2:2;trailing_literal_3:2
1009	281	137	cm_generation_chunk	0	0x1A21EEC0	0x1A21F04C	u32_compressed_in_8_byte_table_entry,sequential_payload	485838	1025768	731136	1024768	293632	00426FDB	ignores_return_and_actual_output_size;writes_min_remaining_chunk_prefix	0	0	1	6b3710c8f04a5dd43444726a9b702aac28b34d897a1112b78113b478e848c408	c5d201b431e5fafc3180ead132cf1546c1f0760b4de63ffa23d7ec238cfaf911	end_marker:1;literal_run_extended:1340;literal_run_short:17534;match_10_to_1f_extended:242;match_10_to_1f_short:16793;match_20_to_3f_extended:185;match_20_to_3f_short:21272;match_40_to_ff:65454;trailing_literal_0:73365;trailing_literal_1:15385;trailing_literal_2:9975;trailing_literal_3:5220
1010	282	128	surface_grid	0	0x1A29A017	0x1A29A01B	u32_compressed_before_payload,u32_post_payload_record_count	2223	17664	17664	17664	0	00426182	ignores_return_and_actual_output_size	0	0	1	6f66c6e6de3819761f761f64b1c6f8d2054c5df93bcdda9dcc047b2b3a79ae5c	6f66c6e6de3819761f761f64b1c6f8d2054c5df93bcdda9dcc047b2b3a79ae5c	end_marker:1;literal_run_short:3;match_10_to_1f_short:1;match_20_to_3f_extended:123;match_20_to_3f_short:282;match_40_to_ff:416;trailing_literal_0:803;trailing_literal_1:15;trailing_literal_2:3
1011	282	128	cm_generation_chunk	0	0x1A2B5A21	0x1A2B5BAD	u32_compressed_in_8_byte_table_entry,sequential_payload	680063	1025768	1024768	1024768	0	00426FDB	ignores_return_and_actual_output_size;writes_min_remaining_chunk_prefix	0	0	1	19bdc932a88aa0c373bba4018b92091526c9ef665dc1da17a274c76e277cff86	19bdc932a88aa0c373bba4018b92091526c9ef665dc1da17a274c76e277cff86	end_marker:1;literal_run_extended:1586;literal_run_short:23538;match_10_to_1f_extended:382;match_10_to_1f_short:25026;match_20_to_3f_extended:113;match_20_to_3f_short:25454;match_40_to_ff:104748;trailing_literal_0:109788;trailing_literal_1:23608;trailing_literal_2:14454;trailing_literal_3:7872
1012	282	128	cm_generation_chunk	1	0x1A2B5A29	0x1A35BC2C	u32_compressed_in_8_byte_table_entry,sequential_payload	235899	1025768	362752	1024768	662016	00426FDB	ignores_return_and_actual_output_size;writes_min_remaining_chunk_prefix	0	0	1	9e6e5f6da42e8784c08804bac6b65ea1618e78f41816171d811a7099b7de261a	62ef4dbd8e17dce027777b8899349d15f120c41bbc3947564b5e9e7bf168d739	end_marker:1;literal_run_extended:556;literal_run_short:7315;match_10_to_1f_extended:102;match_10_to_1f_short:8255;match_20_to_3f_extended:82;match_20_to_3f_short:8675;match_40_to_ff:38870;trailing_literal_0:39133;trailing_literal_1:9467;trailing_literal_2:4677;trailing_literal_3:2706
1013	283	129	surface_grid	0	0x1A3992CC	0x1A3992D0	u32_compressed_before_payload,u32_post_payload_record_count	1642	15400	15400	15400	0	00426182	ignores_return_and_actual_output_size	0	0	1	c02a81cb40f969838930595e2c5a5c4ac6f01d0984e217895059782eaf782d73	c02a81cb40f969838930595e2c5a5c4ac6f01d0984e217895059782eaf782d73	end_marker:1;literal_run_short:2;match_10_to_1f_short:1;match_20_to_3f_extended:74;match_20_to_3f_short:207;match_40_to_ff:330;trailing_literal_0:590;trailing_literal_1:14;trailing_literal_2:5;trailing_literal_3:2
1014	283	129	cm_generation_chunk	0	0x1A3B525A	0x1A3B53E6	u32_compressed_in_8_byte_table_entry,sequential_payload	655021	1025768	1024768	1024768	0	00426FDB	ignores_return_and_actual_output_size;writes_min_remaining_chunk_prefix	0	0	1	7fa02a0b6272320f4af965362853bfcdc0079ee2d0704d988e2df7b5a49e3888	7fa02a0b6272320f4af965362853bfcdc0079ee2d0704d988e2df7b5a49e3888	end_marker:1;literal_run_extended:892;literal_run_short:21889;match_10_to_1f_extended:324;match_10_to_1f_short:26258;match_20_to_3f_extended:149;match_20_to_3f_short:28775;match_40_to_ff:106217;trailing_literal_0:114514;trailing_literal_1:23301;trailing_literal_2:15922;trailing_literal_3:7985
1015	283	129	cm_generation_chunk	1	0x1A3B5262	0x1A455293	u32_compressed_in_8_byte_table_entry,sequential_payload	10621	1025768	14592	1024768	1010176	00426FDB	ignores_return_and_actual_output_size;writes_min_remaining_chunk_prefix	0	0	1	de99c2f8c56bf0ac25aff43891ecf9fc5bcda540d5130481c044137ecbc3204e	b3af4d6acdceaa5f778b4b9b841eb148810418331622a22fb48c285c3775a794	end_marker:1;literal_run_extended:13;literal_run_short:257;match_10_to_1f_short:1;match_20_to_3f_extended:24;match_20_to_3f_short:437;match_40_to_ff:1019;trailing_literal_0:1028;trailing_literal_1:197;trailing_literal_2:174;trailing_literal_3:81
1016	284	174	surface_grid	0	0x1A45938D	0x1A459391	u32_compressed_before_payload,u32_post_payload_record_count	584	5760	5760	5760	0	00426182	ignores_return_and_actual_output_size	0	0	1	57b646ce8b320608cd9ecc0695a32c5ce58043463277641731d0995c125453b3	57b646ce8b320608cd9ecc0695a32c5ce58043463277641731d0995c125453b3	end_marker:1;literal_run_short:4;match_10_to_1f_short:1;match_20_to_3f_extended:24;match_20_to_3f_short:52;match_40_to_ff:139;trailing_literal_0:203;trailing_literal_1:10;trailing_literal_2:1;trailing_literal_3:1
1017	284	174	cm_generation_chunk	0	0x1A46439D	0x1A464529	u32_compressed_in_8_byte_table_entry,sequential_payload	383118	1025768	736256	1024768	288512	00426FDB	ignores_return_and_actual_output_size;writes_min_remaining_chunk_prefix	0	0	1	4cfcb04c948cd906328e02c858cb8b1ae960778097e348535e7b1e2738d3ebef	cbcc0816490b056a11671234317e7910ab174a7731dc28e4679837288bdaaf24	end_marker:1;literal_run_extended:596;literal_run_short:10567;match_10_to_1f_extended:268;match_10_to_1f_short:10430;match_20_to_3f_extended:501;match_20_to_3f_short:17372;match_40_to_ff:77354;trailing_literal_0:82929;trailing_literal_1:12231;trailing_literal_2:7021;trailing_literal_3:3743
1018	285	153	surface_grid	0	0x1A4CFFB4	0x1A4CFFB8	u32_compressed_before_payload,u32_post_payload_record_count	3832	57600	57600	57600	0	00426182	ignores_return_and_actual_output_size	0	0	1	beae13d97092254a3cbc1ddd6f63aa9db4b2cf78440552448867292dda88c68a	beae13d97092254a3cbc1ddd6f63aa9db4b2cf78440552448867292dda88c68a	end_marker:1;literal_run_short:4;match_10_to_1f_short:1;match_20_to_3f_extended:283;match_20_to_3f_short:405;match_40_to_ff:693;trailing_literal_0:1374;trailing_literal_1:6;trailing_literal_2:1
1019	285	153	indexed_object	0	0x1A590865	0x1A59087F	u32_capacity_at_+0x12,u32_compressed_at_+0x16,payload_at_+0x1A	1146101	7381450	7381450	7381450	0	0042660E	ignores_return;passes_actual_output_size_to_00401B70	0	0	1	a9c554fd535ba25ae50f57e505472adbb77ab568cfba8b0f13635cad3988dc8a	a9c554fd535ba25ae50f57e505472adbb77ab568cfba8b0f13635cad3988dc8a	end_marker:1;literal_run_extended:142;literal_run_short:7202;match_10_to_1f_extended:2839;match_10_to_1f_short:25278;match_20_to_3f_extended:17831;match_20_to_3f_short:189352;match_40_to_ff:142054;trailing_literal_0:330352;trailing_literal_1:29230;trailing_literal_2:12701;trailing_literal_3:5070
1020	285	153	cm_generation_chunk	0	0x1A6A8594	0x1A6A8720	u32_compressed_in_8_byte_table_entry,sequential_payload	710612	1025768	1024768	1024768	0	00426FDB	ignores_return_and_actual_output_size;writes_min_remaining_chunk_prefix	0	0	1	a3a77ccb8562cf73230d22cffac97c540554ac0db2bf279b09406b185e29be54	a3a77ccb8562cf73230d22cffac97c540554ac0db2bf279b09406b185e29be54	end_marker:1;literal_run_extended:3090;literal_run_short:27330;match_10_to_1f_extended:219;match_10_to_1f_short:15828;match_20_to_3f_extended:223;match_20_to_3f_short:27611;match_40_to_ff:89978;trailing_literal_0:94736;trailing_literal_1:18733;trailing_literal_2:13174;trailing_literal_3:7215
1021	285	153	cm_generation_chunk	1	0x1A6A859C	0x1A755EF4	u32_compressed_in_8_byte_table_entry,sequential_payload	771683	1025768	1024768	1024768	0	00426FDB	ignores_return_and_actual_output_size;writes_min_remaining_chunk_prefix	0	0	1	40371b29a2bc91d2a21bd12ed3c6d5db98937c5869c0ec7fe27e6768c572da89	40371b29a2bc91d2a21bd12ed3c6d5db98937c5869c0ec7fe27e6768c572da89	end_marker:1;literal_run_extended:3029;literal_run_short:32086;match_10_to_1f_extended:11;match_10_to_1f_short:14563;match_20_to_3f_extended:34;match_20_to_3f_short:19739;match_40_to_ff:114368;trailing_literal_0:104841;trailing_literal_1:20438;trailing_literal_2:15165;trailing_literal_3:8270
1022	285	153	cm_generation_chunk	2	0x1A6A85A4	0x1A812557	u32_compressed_in_8_byte_table_entry,sequential_payload	799205	1025768	1024768	1024768	0	00426FDB	ignores_return_and_actual_output_size;writes_min_remaining_chunk_prefix	0	0	1	5a2622f11dd6e2fb7c54ad5376553b8cd0a314d015927b1870e620225d46a5f7	5a2622f11dd6e2fb7c54ad5376553b8cd0a314d015927b1870e620225d46a5f7	end_marker:1;literal_run_extended:3515;literal_run_short:34271;match_10_to_1f_extended:21;match_10_to_1f_short:15343;match_20_to_3f_extended:30;match_20_to_3f_short:22264;match_40_to_ff:103786;trailing_literal_0:97399;trailing_literal_1:19859;trailing_literal_2:15449;trailing_literal_3:8736
1023	285	153	cm_generation_chunk	3	0x1A6A85AC	0x1A8D573C	u32_compressed_in_8_byte_table_entry,sequential_payload	684067	1025768	1024768	1024768	0	00426FDB	ignores_return_and_actual_output_size;writes_min_remaining_chunk_prefix	0	0	1	4554fcf3162a5d7709170c348eefcb9469dd882452f8e7b53aaad7015cf1913f	4554fcf3162a5d7709170c348eefcb9469dd882452f8e7b53aaad7015cf1913f	end_marker:1;literal_run_extended:1360;literal_run_short:22360;match_10_to_1f_extended:149;match_10_to_1f_short:19851;match_20_to_3f_extended:210;match_20_to_3f_short:52054;match_40_to_ff:87397;trailing_literal_0:116524;trailing_literal_1:18804;trailing_literal_2:18105;trailing_literal_3:6227
1024	285	153	cm_generation_chunk	4	0x1A6A85B4	0x1A97C75F	u32_compressed_in_8_byte_table_entry,sequential_payload	208771	1025768	412672	1024768	612096	00426FDB	ignores_return_and_actual_output_size;writes_min_remaining_chunk_prefix	0	0	1	61e38a164508e8f4d80da87d4947ca9fc17c3ea875c52fdd7718757080fcb2d9	021a9ca8a316f738ff2b64b7ff0ddd62a58a391c717bb7cfea068ebd432cba0f	end_marker:1;literal_run_extended:312;literal_run_short:5894;match_10_to_1f_extended:54;match_10_to_1f_short:4541;match_20_to_3f_extended:480;match_20_to_3f_short:15526;match_40_to_ff:36131;trailing_literal_0:47890;trailing_literal_1:3815;trailing_literal_2:3678;trailing_literal_3:1348
1025	286	154	surface_grid	0	0x1A9BD8DF	0x1A9BD8E3	u32_compressed_before_payload,u32_post_payload_record_count	3601	57600	57600	57600	0	00426182	ignores_return_and_actual_output_size	0	0	1	1c623187db26deebade7506fb4151edab6dd0ab346fc4bd32b521f4dcacd92f0	1c623187db26deebade7506fb4151edab6dd0ab346fc4bd32b521f4dcacd92f0	end_marker:1;literal_run_short:4;match_10_to_1f_extended:1;match_10_to_1f_short:2;match_20_to_3f_extended:300;match_20_to_3f_short:336;match_40_to_ff:638;trailing_literal_0:1267;trailing_literal_1:7;trailing_literal_2:2
1026	286	154	indexed_object	0	0x1AA63C15	0x1AA63C2F	u32_capacity_at_+0x12,u32_compressed_at_+0x16,payload_at_+0x1A	1090297	7381450	7381450	7381450	0	0042660E	ignores_return;passes_actual_output_size_to_00401B70	0	0	1	d793ed8547f6742d63ece7867acbd9035730ab0a0fb15bad45c0367b12669469	d793ed8547f6742d63ece7867acbd9035730ab0a0fb15bad45c0367b12669469	end_marker:1;literal_run_extended:147;literal_run_short:6790;match_10_to_1f_extended:2638;match_10_to_1f_short:23658;match_20_to_3f_extended:17621;match_20_to_3f_short:178912;match_40_to_ff:136979;trailing_literal_0:316444;trailing_literal_1:26982;trailing_literal_2:11772;trailing_literal_3:4609
1027	286	154	cm_generation_chunk	0	0x1AB6DF48	0x1AB6E0D4	u32_compressed_in_8_byte_table_entry,sequential_payload	689164	1025768	1024768	1024768	0	00426FDB	ignores_return_and_actual_output_size;writes_min_remaining_chunk_prefix	0	0	1	8e0f9f53657668826ab09c6daf4c2016a3b2bdba4ff042d5150263a0950143c9	8e0f9f53657668826ab09c6daf4c2016a3b2bdba4ff042d5150263a0950143c9	end_marker:1;literal_run_extended:2724;literal_run_short:24904;match_10_to_1f_extended:203;match_10_to_1f_short:14396;match_20_to_3f_extended:218;match_20_to_3f_short:25809;match_40_to_ff:99169;trailing_literal_0:99180;trailing_literal_1:20166;trailing_literal_2:13330;trailing_literal_3:7118
1028	286	154	cm_generation_chunk	1	0x1AB6DF50	0x1AC164E0	u32_compressed_in_8_byte_table_entry,sequential_payload	713208	1025768	1024768	1024768	0	00426FDB	ignores_return_and_actual_output_size;writes_min_remaining_chunk_prefix	0	0	1	b804cdb660457b2a5bce15e24f3e684ab8fd78d7a7303606b5d51b26404bfd3b	b804cdb660457b2a5bce15e24f3e684ab8fd78d7a7303606b5d51b26404bfd3b	end_marker:1;literal_run_extended:2531;literal_run_short:23924;match_10_to_1f_extended:15;match_10_to_1f_short:11512;match_20_to_3f_extended:31;match_20_to_3f_short:26474;match_40_to_ff:125366;trailing_literal_0:123032;trailing_literal_1:19814;trailing_literal_2:13977;trailing_literal_3:6574
1029	286	154	cm_generation_chunk	2	0x1AB6DF58	0x1ACC46D8	u32_compressed_in_8_byte_table_entry,sequential_payload	691766	1025768	1024768	1024768	0	00426FDB	ignores_return_and_actual_output_size;writes_min_remaining_chunk_prefix	0	0	1	0ec9d12f770ca7020e3260066a4df93ae2bed1ac0a6edd7e41957378165ac87a	0ec9d12f770ca7020e3260066a4df93ae2bed1ac0a6edd7e41957378165ac87a	end_marker:1;literal_run_extended:1889;literal_run_short:21797;match_10_to_1f_extended:24;match_10_to_1f_short:13992;match_20_to_3f_extended:27;match_20_to_3f_short:30472;match_40_to_ff:126532;trailing_literal_0:130258;trailing_literal_1:20715;trailing_literal_2:13340;trailing_literal_3:6733
1030	286	154	cm_generation_chunk	3	0x1AB6DF60	0x1AD6D50E	u32_compressed_in_8_byte_table_entry,sequential_payload	656870	1025768	1024768	1024768	0	00426FDB	ignores_return_and_actual_output_size;writes_min_remaining_chunk_prefix	0	0	1	6aa3df74b07f1aaf2d8949f911558c562d3317be180b56b75a59bb83ee6a1f02	6aa3df74b07f1aaf2d8949f911558c562d3317be180b56b75a59bb83ee6a1f02	end_marker:1;literal_run_extended:935;literal_run_short:19839;match_10_to_1f_extended:133;match_10_to_1f_short:19755;match_20_to_3f_extended:245;match_20_to_3f_short:53801;match_40_to_ff:91116;trailing_literal_0:122451;trailing_literal_1:18715;trailing_literal_2:18264;trailing_literal_3:5619
1031	286	154	cm_generation_chunk	4	0x1AB6DF68	0x1AE0DAF4	u32_compressed_in_8_byte_table_entry,sequential_payload	305802	1025768	591360	1024768	433408	00426FDB	ignores_return_and_actual_output_size;writes_min_remaining_chunk_prefix	0	0	1	b76695aa6d86be1b58b007ff44209bfa171cc2b3017fe7b8564ce33da95715cc	f00f123441ea6c87c79b21dcfd9f0693468fe2a36ce730b2e6e94012e1220d9c	end_marker:1;literal_run_extended:765;literal_run_short:9198;match_10_to_1f_extended:250;match_10_to_1f_short:5694;match_20_to_3f_extended:584;match_20_to_3f_short:21481;match_40_to_ff:48137;trailing_literal_0:62597;trailing_literal_1:6021;trailing_literal_2:5426;trailing_literal_3:2101
1032	287	155	surface_grid	0	0x1AE6677B	0x1AE6677F	u32_compressed_before_payload,u32_post_payload_record_count	4111	57600	57600	57600	0	00426182	ignores_return_and_actual_output_size	0	0	1	756f2a59eaf0fad943d12c8d6e4ad6b4eebfde8afb510c504f7455568e43a248	756f2a59eaf0fad943d12c8d6e4ad6b4eebfde8afb510c504f7455568e43a248	end_marker:1;literal_run_short:2;match_10_to_1f_short:1;match_20_to_3f_extended:303;match_20_to_3f_short:501;match_40_to_ff:654;trailing_literal_0:1449;trailing_literal_1:7;trailing_literal_2:2
1033	287	155	indexed_object	0	0x1AF124F5	0x1AF1250F	u32_capacity_at_+0x12,u32_compressed_at_+0x16,payload_at_+0x1A	962407	7381450	7381450	7381450	0	0042660E	ignores_return;passes_actual_output_size_to_00401B70	0	0	1	67fffe20fb723b249a039aeab7786f7329e37d27b9b0511b3dc30e5d522d6926	67fffe20fb723b249a039aeab7786f7329e37d27b9b0511b3dc30e5d522d6926	end_marker:1;literal_run_extended:132;literal_run_short:5734;match_10_to_1f_extended:2252;match_10_to_1f_short:19935;match_20_to_3f_extended:17223;match_20_to_3f_short:155220;match_40_to_ff:124230;trailing_literal_0:282952;trailing_literal_1:22340;trailing_literal_2:9727;trailing_literal_3:3840
1034	287	155	cm_generation_chunk	0	0x1AFFD496	0x1AFFD622	u32_compressed_in_8_byte_table_entry,sequential_payload	641945	1025768	1024768	1024768	0	00426FDB	ignores_return_and_actual_output_size;writes_min_remaining_chunk_prefix	0	0	1	146edb9692f670798f69b8384dcba6445875523592e4f802a8be9ed56640dd5a	146edb9692f670798f69b8384dcba6445875523592e4f802a8be9ed56640dd5a	end_marker:1;literal_run_extended:2467;literal_run_short:22859;match_10_to_1f_extended:253;match_10_to_1f_short:13953;match_20_to_3f_extended:291;match_20_to_3f_short:26366;match_40_to_ff:93159;trailing_literal_0:97218;trailing_literal_1:18174;trailing_literal_2:12189;trailing_literal_3:6440
1035	287	155	cm_generation_chunk	1	0x1AFFD49E	0x1B09A1BB	u32_compressed_in_8_byte_table_entry,sequential_payload	641399	1025768	1024768	1024768	0	00426FDB	ignores_return_and_actual_output_size;writes_min_remaining_chunk_prefix	0	0	1	0d8b71cbea549a23f04c18fe2c65a1c548cceb45eb90d2a9579fbd8047aacdc2	0d8b71cbea549a23f04c18fe2c65a1c548cceb45eb90d2a9579fbd8047aacdc2	end_marker:1;literal_run_extended:2561;literal_run_short:19980;match_10_to_1f_extended:103;match_10_to_1f_short:9114;match_20_to_3f_extended:71;match_20_to_3f_short:24723;match_40_to_ff:116744;trailing_literal_0:120346;trailing_literal_1:15090;trailing_literal_2:10389;trailing_literal_3:4929
1036	287	155	cm_generation_chunk	2	0x1AFFD4A6	0x1B136B32	u32_compressed_in_8_byte_table_entry,sequential_payload	675372	1025768	1024768	1024768	0	00426FDB	ignores_return_and_actual_output_size;writes_min_remaining_chunk_prefix	0	0	1	b1fea0466d59a99b9e9dec9d50931f43d4c077bba382eaf0f6a2f2cce8ca2d5a	b1fea0466d59a99b9e9dec9d50931f43d4c077bba382eaf0f6a2f2cce8ca2d5a	end_marker:1;literal_run_extended:2202;literal_run_short:21875;match_10_to_1f_extended:61;match_10_to_1f_short:13277;match_20_to_3f_extended:38;match_20_to_3f_short:29780;match_40_to_ff:114208;trailing_literal_0:118024;trailing_literal_1:19550;trailing_literal_2:13284;trailing_literal_3:6505
1037	287	155	cm_generation_chunk	3	0x1AFFD4AE	0x1B1DB95E	u32_compressed_in_8_byte_table_entry,sequential_payload	668348	1025768	1024768	1024768	0	00426FDB	ignores_return_and_actual_output_size;writes_min_remaining_chunk_prefix	0	0	1	5ef4fa3e82b70468eb242ac98e0dc66211642d0728970dc8df7b73b01aa74766	5ef4fa3e82b70468eb242ac98e0dc66211642d0728970dc8df7b73b01aa74766	end_marker:1;literal_run_extended:1123;literal_run_short:20910;match_10_to_1f_extended:130;match_10_to_1f_short:20495;match_20_to_3f_extended:173;match_20_to_3f_short:53291;match_40_to_ff:88350;trailing_literal_0:118985;trailing_literal_1:18663;trailing_literal_2:18615;trailing_literal_3:6175
1038	287	155	cm_generation_chunk	4	0x1AFFD4B6	0x1B27EC1A	u32_compressed_in_8_byte_table_entry,sequential_payload	209017	1025768	411136	1024768	613632	00426FDB	ignores_return_and_actual_output_size;writes_min_remaining_chunk_prefix	0	0	1	d8c84874eb26fc8bcf021a4d30d589415c0fb4fe288ad4fbaaa19ff9c6445ad8	bd84a4283dad110bbde0a8b8db483a1cfc262ea9879f73edc0e0821a32e60bc3	end_marker:1;literal_run_extended:87;literal_run_short:4785;match_10_to_1f_extended:55;match_10_to_1f_short:5549;match_20_to_3f_extended:265;match_20_to_3f_short:19321;match_40_to_ff:38015;trailing_literal_0:52954;trailing_literal_1:4477;trailing_literal_2:4487;trailing_literal_3:1286
1039	288	156	surface_grid	0	0x1B2BFE90	0x1B2BFE94	u32_compressed_before_payload,u32_post_payload_record_count	4148	57600	57600	57600	0	00426182	ignores_return_and_actual_output_size	0	0	1	fec84bfa45b9d33a77ac396edf68e83385fbe7cc3e1194a18943c9a19f6430a8	fec84bfa45b9d33a77ac396edf68e83385fbe7cc3e1194a18943c9a19f6430a8	end_marker:1;literal_run_short:2;match_10_to_1f_short:3;match_20_to_3f_extended:304;match_20_to_3f_short:471;match_40_to_ff:710;trailing_literal_0:1476;trailing_literal_1:9;trailing_literal_2:2
1040	288	156	indexed_object	0	0x1B39002E	0x1B390048	u32_capacity_at_+0x12,u32_compressed_at_+0x16,payload_at_+0x1A	969639	7381450	7381450	7381450	0	0042660E	ignores_return;passes_actual_output_size_to_00401B70	0	0	1	07b6d00f0d57e26f0f630f190bf3e04c02cd699c9676e6cc91a0d9304fa02025	07b6d00f0d57e26f0f630f190bf3e04c02cd699c9676e6cc91a0d9304fa02025	end_marker:1;literal_run_extended:140;literal_run_short:5806;match_10_to_1f_extended:2244;match_10_to_1f_short:20127;match_20_to_3f_extended:17178;match_20_to_3f_short:156841;match_40_to_ff:124548;trailing_literal_0:284640;trailing_literal_1:22626;trailing_literal_2:9745;trailing_literal_3:3926
1041	288	156	cm_generation_chunk	0	0x1B47CC0F	0x1B47CD9B	u32_compressed_in_8_byte_table_entry,sequential_payload	701577	1025768	1024768	1024768	0	00426FDB	ignores_return_and_actual_output_size;writes_min_remaining_chunk_prefix	0	0	1	d3665a90c7994aee87425868a899f5acac48bce3e4747558d97a973bccdf60f7	d3665a90c7994aee87425868a899f5acac48bce3e4747558d97a973bccdf60f7	end_marker:1;literal_run_extended:2723;literal_run_short:26131;match_10_to_1f_extended:179;match_10_to_1f_short:16160;match_20_to_3f_extended:200;match_20_to_3f_short:25912;match_40_to_ff:97755;trailing_literal_0:98951;trailing_literal_1:20329;trailing_literal_2:13513;trailing_literal_3:7412
1042	288	156	cm_generation_chunk	1	0x1B47CC17	0x1B528224	u32_compressed_in_8_byte_table_entry,sequential_payload	762081	1025768	1024768	1024768	0	00426FDB	ignores_return_and_actual_output_size;writes_min_remaining_chunk_prefix	0	0	1	ecb57879388fd1dd6952e8424b3ec40d1b5e541965a79d0cd3e05f13da573045	ecb57879388fd1dd6952e8424b3ec40d1b5e541965a79d0cd3e05f13da573045	end_marker:1;literal_run_extended:3447;literal_run_short:26844;match_10_to_1f_extended:7;match_10_to_1f_short:16250;match_20_to_3f_extended:28;match_20_to_3f_short:28243;match_40_to_ff:109894;trailing_literal_0:114031;trailing_literal_1:19208;trailing_literal_2:14550;trailing_literal_3:6632
1043	288	156	cm_generation_chunk	2	0x1B47CC1F	0x1B5E2305	u32_compressed_in_8_byte_table_entry,sequential_payload	730644	1025768	1024768	1024768	0	00426FDB	ignores_return_and_actual_output_size;writes_min_remaining_chunk_prefix	0	0	1	36f8ffa78ac4bcf032fdebb8338aa2dd99ba740d7d0383b2c881da20a360f14a	36f8ffa78ac4bcf032fdebb8338aa2dd99ba740d7d0383b2c881da20a360f14a	end_marker:1;literal_run_extended:2032;literal_run_short:25580;match_10_to_1f_extended:19;match_10_to_1f_short:18008;match_20_to_3f_extended:27;match_20_to_3f_short:32417;match_40_to_ff:114448;trailing_literal_0:117284;trailing_literal_1:23366;trailing_literal_2:16423;trailing_literal_3:7845
1044	288	156	cm_generation_chunk	3	0x1B47CC27	0x1B694919	u32_compressed_in_8_byte_table_entry,sequential_payload	652154	1025768	1024768	1024768	0	00426FDB	ignores_return_and_actual_output_size;writes_min_remaining_chunk_prefix	0	0	1	94db4a246d05ea3dbc01554a505d8b5b4a6a85709177108e933ea39658857044	94db4a246d05ea3dbc01554a505d8b5b4a6a85709177108e933ea39658857044	end_marker:1;literal_run_extended:795;literal_run_short:18140;match_10_to_1f_extended:139;match_10_to_1f_short:19678;match_20_to_3f_extended:170;match_20_to_3f_short:55831;match_40_to_ff:95057;trailing_literal_0:127962;trailing_literal_1:19348;trailing_literal_2:18055;trailing_literal_3:5509
1045	288	156	cm_generation_chunk	4	0x1B47CC2F	0x1B733C93	u32_compressed_in_8_byte_table_entry,sequential_payload	290693	1025768	878592	1024768	146176	00426FDB	ignores_return_and_actual_output_size;writes_min_remaining_chunk_prefix	0	0	1	e34a0940387890fe5b446642fb35f356268bab9e3b813a6e7bf43ec8ddb5640e	38704106096556c39358f9ec3887dc35393cedbae0603d04d7066fffb0586e49	end_marker:1;literal_run_extended:82;literal_run_short:5393;match_10_to_1f_extended:158;match_10_to_1f_short:6801;match_20_to_3f_extended:1695;match_20_to_3f_short:29778;match_40_to_ff:55532;trailing_literal_0:81714;trailing_literal_1:5474;trailing_literal_2:5290;trailing_literal_3:1485
1046	289	157	surface_grid	0	0x1B785215	0x1B785219	u32_compressed_before_payload,u32_post_payload_record_count	4664	42240	42240	42240	0	00426182	ignores_return_and_actual_output_size	0	0	1	8428bf3e108d88ed6be3babcb5b461c86992846063ba5174440a7aad9c8269cb	8428bf3e108d88ed6be3babcb5b461c86992846063ba5174440a7aad9c8269cb	end_marker:1;literal_run_short:4;match_10_to_1f_extended:1;match_10_to_1f_short:2;match_20_to_3f_extended:323;match_20_to_3f_short:469;match_40_to_ff:955;trailing_literal_0:1741;trailing_literal_1:8
1047	289	157	cm_generation_chunk	0	0x1B84207B	0x1B842207	u32_compressed_in_8_byte_table_entry,sequential_payload	585741	1025768	1024768	1024768	0	00426FDB	ignores_return_and_actual_output_size;writes_min_remaining_chunk_prefix	0	0	1	59abd8eecc9177c34e5f0f2dfcb2422d69bf1a5ca5beb6a1a292465e3160bacf	59abd8eecc9177c34e5f0f2dfcb2422d69bf1a5ca5beb6a1a292465e3160bacf	end_marker:1;literal_run_extended:1008;literal_run_short:17813;match_10_to_1f_extended:114;match_10_to_1f_short:12237;match_20_to_3f_extended:505;match_20_to_3f_short:31396;match_40_to_ff:108400;trailing_literal_0:113994;trailing_literal_1:19345;trailing_literal_2:12910;trailing_literal_3:6402
1048	289	157	cm_generation_chunk	1	0x1B842083	0x1B8D1214	u32_compressed_in_8_byte_table_entry,sequential_payload	717095	1025768	1024768	1024768	0	00426FDB	ignores_return_and_actual_output_size;writes_min_remaining_chunk_prefix	0	0	1	a0b57d1cdb61a4f6cb002262b6983941fdf569b3f1303f8152f2e6df11a58793	a0b57d1cdb61a4f6cb002262b6983941fdf569b3f1303f8152f2e6df11a58793	end_marker:1;literal_run_extended:2967;literal_run_short:22506;match_10_to_1f_extended:11;match_10_to_1f_short:12414;match_20_to_3f_extended:5;match_20_to_3f_short:22942;match_40_to_ff:127172;trailing_literal_0:123461;trailing_literal_1:20157;trailing_literal_2:12545;trailing_literal_3:6380
1049	289	157	cm_generation_chunk	2	0x1B84208B	0x1B98033B	u32_compressed_in_8_byte_table_entry,sequential_payload	752655	1025768	1024768	1024768	0	00426FDB	ignores_return_and_actual_output_size;writes_min_remaining_chunk_prefix	0	0	1	bbdbd9ec9c740e4470197d363552ae3357dd5d36f4c6b4fd4d91536a11e40521	bbdbd9ec9c740e4470197d363552ae3357dd5d36f4c6b4fd4d91536a11e40521	end_marker:1;literal_run_extended:3618;literal_run_short:26105;match_10_to_1f_extended:6;match_10_to_1f_short:10136;match_20_to_3f_extended:6;match_20_to_3f_short:18093;match_40_to_ff:127294;trailing_literal_0:115279;trailing_literal_1:20582;trailing_literal_2:12738;trailing_literal_3:6935
1050	289	157	cm_generation_chunk	3	0x1B842093	0x1BA37F4A	u32_compressed_in_8_byte_table_entry,sequential_payload	738927	1025768	1024768	1024768	0	00426FDB	ignores_return_and_actual_output_size;writes_min_remaining_chunk_prefix	0	0	1	ac951fa8829464b232e012d613530d36618b7639d296ad51f2b3bc4c77a81182	ac951fa8829464b232e012d613530d36618b7639d296ad51f2b3bc4c77a81182	end_marker:1;literal_run_extended:3042;literal_run_short:25727;match_10_to_1f_extended:19;match_10_to_1f_short:13924;match_20_to_3f_extended:18;match_20_to_3f_short:25557;match_40_to_ff:114615;trailing_literal_0:113840;trailing_literal_1:19656;trailing_literal_2:13461;trailing_literal_3:7175
1051	289	157	cm_generation_chunk	4	0x1B84209B	0x1BAEC5B9	u32_compressed_in_8_byte_table_entry,sequential_payload	557170	1025768	1024768	1024768	0	00426FDB	ignores_return_and_actual_output_size;writes_min_remaining_chunk_prefix	0	0	1	80db4f087f310100bb1ffcd2aa367814cd1908b473f645b36a1be98dd69b396b	80db4f087f310100bb1ffcd2aa367814cd1908b473f645b36a1be98dd69b396b	end_marker:1;literal_run_extended:479;literal_run_short:8772;match_10_to_1f_extended:53;match_10_to_1f_short:11125;match_20_to_3f_extended:121;match_20_to_3f_short:40282;match_40_to_ff:138399;trailing_literal_0:162310;trailing_literal_1:15312;trailing_literal_2:9148;trailing_literal_3:3209
1052	289	157	cm_generation_chunk	5	0x1B8420A3	0x1BB7462B	u32_compressed_in_8_byte_table_entry,sequential_payload	148827	1025768	261888	1024768	762880	00426FDB	ignores_return_and_actual_output_size;writes_min_remaining_chunk_prefix	0	0	1	7186ea412ab111fe41dea257bd5125387f11221f44179efe5a37140b779d531d	6f348bbb0c9fc03f09bc811215f93d96ac37068df78f4acde64b6219c80d46ef	end_marker:1;literal_run_extended:37;literal_run_short:1412;match_10_to_1f_extended:69;match_10_to_1f_short:3289;match_20_to_3f_extended:2;match_20_to_3f_short:11886;match_40_to_ff:39337;trailing_literal_0:47991;trailing_literal_1:3844;trailing_literal_2:2157;trailing_literal_3:590
1053	290	335	surface_grid	0	0x1BB9A55B	0x1BB9A55F	u32_compressed_before_payload,u32_post_payload_record_count	390	6360	6360	6360	0	00426182	ignores_return_and_actual_output_size	0	0	1	1b66fbf563e394297459095259b95a6cc9d4350a62ba82b2ee92eae6a61f04de	1b66fbf563e394297459095259b95a6cc9d4350a62ba82b2ee92eae6a61f04de	end_marker:1;literal_run_short:2;match_10_to_1f_short:1;match_20_to_3f_extended:35;match_20_to_3f_short:33;match_40_to_ff:59;trailing_literal_0:122;trailing_literal_1:5
1054	290	335	cm_generation_chunk	0	0x1BB9E3CB	0x1BB9E557	u32_compressed_in_8_byte_table_entry,sequential_payload	416015	1025768	806400	1024768	218368	00426FDB	ignores_return_and_actual_output_size;writes_min_remaining_chunk_prefix	0	0	1	12466d215204e5e0bf03e56f116f89ef3a88879f208dc2480551ab30f04c6bea	757a7e777841a1a540b0d8a4b5619458ce784f1029e9bd5d30deaa8d24acb36d	end_marker:1;literal_run_extended:1037;literal_run_short:11112;match_10_to_1f_extended:181;match_10_to_1f_short:12518;match_20_to_3f_extended:975;match_20_to_3f_short:15352;match_40_to_ff:81271;trailing_literal_0:86417;trailing_literal_1:13100;trailing_literal_2:7049;trailing_literal_3:3730
1055	291	336	surface_grid	0	0x1BC06993	0x1BC06997	u32_compressed_before_payload,u32_post_payload_record_count	478	10800	10800	10800	0	00426182	ignores_return_and_actual_output_size	0	0	1	8c6178320367109dcc01309d88ec64efd9a39488b81bfcc4d3d7caa9f44b18e1	8c6178320367109dcc01309d88ec64efd9a39488b81bfcc4d3d7caa9f44b18e1	end_marker:1;literal_run_short:1;match_10_to_1f_short:1;match_20_to_3f_extended:38;match_20_to_3f_short:36;match_40_to_ff:86;trailing_literal_0:153;trailing_literal_1:5;trailing_literal_2:2
1056	291	336	cm_generation_chunk	0	0x1BC06BBE	0x1BC06D4A	u32_compressed_in_8_byte_table_entry,sequential_payload	199377	1025768	322048	1024768	702720	00426FDB	ignores_return_and_actual_output_size;writes_min_remaining_chunk_prefix	0	0	1	39ccd6e760efcdb469a133a78491d3382c3dcec97bca73464bdeaa398ebc3904	4ee5b70e5c6d46a0321760c7f3595fcff392946bb86ef2aa7d2a273ccf76674e	end_marker:1;literal_run_extended:182;literal_run_short:6840;match_10_to_1f_extended:81;match_10_to_1f_short:7264;match_20_to_3f_extended:90;match_20_to_3f_short:8732;match_40_to_ff:33380;trailing_literal_0:35514;trailing_literal_1:6685;trailing_literal_2:4931;trailing_literal_3:2416
1057	292	337	surface_grid	0	0x1BC3A028	0x1BC3A02C	u32_compressed_before_payload,u32_post_payload_record_count	399	10000	10000	10000	0	00426182	ignores_return_and_actual_output_size	0	0	1	8c9934c152906be15a8a779fd15aea4e15d2aec0666597278627a82696d8ff8d	8c9934c152906be15a8a779fd15aea4e15d2aec0666597278627a82696d8ff8d	end_marker:1;literal_run_short:2;match_10_to_1f_short:1;match_20_to_3f_extended:42;match_20_to_3f_short:28;match_40_to_ff:47;trailing_literal_0:109;trailing_literal_1:5;trailing_literal_2:1;trailing_literal_3:2
1058	292	337	cm_generation_chunk	0	0x1BC3DCAF	0x1BC3DE3B	u32_compressed_in_8_byte_table_entry,sequential_payload	687227	1025768	1024768	1024768	0	00426FDB	ignores_return_and_actual_output_size;writes_min_remaining_chunk_prefix	0	0	1	798f00517c6cb3620c27fe8af929ed93fbc5f7c02fb05a80751988969b6598d4	798f00517c6cb3620c27fe8af929ed93fbc5f7c02fb05a80751988969b6598d4	end_marker:1;literal_run_extended:2262;literal_run_short:23106;match_10_to_1f_extended:111;match_10_to_1f_short:17554;match_20_to_3f_extended:158;match_20_to_3f_short:18585;match_40_to_ff:114959;trailing_literal_0:105031;trailing_literal_1:24998;trailing_literal_2:12497;trailing_literal_3:8840
1059	292	337	cm_generation_chunk	1	0x1BC3DCB7	0x1BCE5AB6	u32_compressed_in_8_byte_table_entry,sequential_payload	67578	1025768	113920	1024768	910848	00426FDB	ignores_return_and_actual_output_size;writes_min_remaining_chunk_prefix	0	0	1	e333a2aac31dec4b6f84d5d1a857807a8c21145594b88f0419781fcf958f63a5	5ceb9383705acefb83a4c1880894d07cb84cf4681ff26e8f03f146c8a665525e	end_marker:1;literal_run_extended:77;literal_run_short:1603;match_10_to_1f_extended:19;match_10_to_1f_short:1800;match_20_to_3f_extended:7;match_20_to_3f_short:2765;match_40_to_ff:14657;trailing_literal_0:15763;trailing_literal_1:1971;trailing_literal_2:1056;trailing_literal_3:457
1060	293	340	surface_grid	0	0x1BCF766D	0x1BCF7671	u32_compressed_before_payload,u32_post_payload_record_count	300	4800	4800	4800	0	00426182	ignores_return_and_actual_output_size	0	0	1	04834ec0c6c3bd9413943fdc83c1f632b7d4855a481a7cc9a94cbade8559f443	04834ec0c6c3bd9413943fdc83c1f632b7d4855a481a7cc9a94cbade8559f443	end_marker:1;literal_run_short:1;match_10_to_1f_short:1;match_20_to_3f_extended:16;match_20_to_3f_short:27;match_40_to_ff:60;trailing_literal_0:94;trailing_literal_1:6;trailing_literal_2:2;trailing_literal_3:1
1061	293	340	cm_generation_chunk	0	0x1BCFE1A6	0x1BCFE332	u32_compressed_in_8_byte_table_entry,sequential_payload	270068	1025768	594944	1024768	429824	00426FDB	ignores_return_and_actual_output_size;writes_min_remaining_chunk_prefix	0	0	1	102705a89676de8021fcc741670c4393b482a387cb637fe84eb2ecc078ceefc6	b008ddb87ffa0d527dc8aa09ea86475a9ed6af80d533e8092117c47a6f9ad600	end_marker:1;literal_run_extended:281;literal_run_short:4254;match_10_to_1f_extended:273;match_10_to_1f_short:6189;match_20_to_3f_extended:355;match_20_to_3f_short:14080;match_40_to_ff:71812;trailing_literal_0:80244;trailing_literal_1:6833;trailing_literal_2:4030;trailing_literal_3:1601
1062	294	341	surface_grid	0	0x1BD415E6	0x1BD415EA	u32_compressed_before_payload,u32_post_payload_record_count	57	4800	4800	4800	0	00426182	ignores_return_and_actual_output_size	0	0	1	d7a7e22257b727a8c2d9547a5b9e97e8e874775112124a02e1342621c917a152	d7a7e22257b727a8c2d9547a5b9e97e8e874775112124a02e1342621c917a152	end_marker:1;literal_run_short:1;match_10_to_1f_short:1;match_20_to_3f_extended:5;match_20_to_3f_short:1;match_40_to_ff:3;trailing_literal_0:9
1063	294	341	cm_generation_chunk	0	0x1BD41653	0x1BD417DF	u32_compressed_in_8_byte_table_entry,sequential_payload	397934	1025768	614912	1024768	409856	00426FDB	ignores_return_and_actual_output_size;writes_min_remaining_chunk_prefix	0	0	1	ec5365efba2cb24410cba699673059860bde2e3585c7f656fd300718609d1488	d546d26e40abcc29a524aec8cb83e6a7df01cdc034df6c0b90d513ac0e53a737	end_marker:1;literal_run_extended:323;literal_run_short:10392;match_10_to_1f_extended:36;match_10_to_1f_short:21943;match_20_to_3f_extended:2;match_20_to_3f_short:8996;match_40_to_ff:85669;trailing_literal_0:88827;trailing_literal_1:14787;trailing_literal_2:8992;trailing_literal_3:4039
1064	295	342	surface_grid	0	0x1BDA3E0A	0x1BDA3E0E	u32_compressed_before_payload,u32_post_payload_record_count	57	4800	4800	4800	0	00426182	ignores_return_and_actual_output_size	0	0	1	d7a7e22257b727a8c2d9547a5b9e97e8e874775112124a02e1342621c917a152	d7a7e22257b727a8c2d9547a5b9e97e8e874775112124a02e1342621c917a152	end_marker:1;literal_run_short:1;match_10_to_1f_short:1;match_20_to_3f_extended:5;match_20_to_3f_short:1;match_40_to_ff:3;trailing_literal_0:9
1065	295	342	cm_generation_chunk	0	0x1BDA3E77	0x1BDA4003	u32_compressed_in_8_byte_table_entry,sequential_payload	443890	1025768	614912	1024768	409856	00426FDB	ignores_return_and_actual_output_size;writes_min_remaining_chunk_prefix	0	0	1	15dbc87412965c970432e75b3a2044f3bc491564693d583e6b6e881657f9b482	9b59a19e549c2356435e2ab59d24c90aeb5f56e42964598bfbed121a2d7dbeec	end_marker:1;literal_run_extended:823;literal_run_short:16919;match_10_to_1f_extended:18;match_10_to_1f_short:17552;match_20_to_3f_extended:2;match_20_to_3f_short:6322;match_40_to_ff:78652;trailing_literal_0:72234;trailing_literal_1:16140;trailing_literal_2:8497;trailing_literal_3:5674
1066	296	343	surface_grid	0	0x1BE119B2	0x1BE119B6	u32_compressed_before_payload,u32_post_payload_record_count	57	4800	4800	4800	0	00426182	ignores_return_and_actual_output_size	0	0	1	d7a7e22257b727a8c2d9547a5b9e97e8e874775112124a02e1342621c917a152	d7a7e22257b727a8c2d9547a5b9e97e8e874775112124a02e1342621c917a152	end_marker:1;literal_run_short:1;match_10_to_1f_short:1;match_20_to_3f_extended:5;match_20_to_3f_short:1;match_40_to_ff:3;trailing_literal_0:9
1067	296	343	cm_generation_chunk	0	0x1BE11A1F	0x1BE11BAB	u32_compressed_in_8_byte_table_entry,sequential_payload	478982	1025768	614912	1024768	409856	00426FDB	ignores_return_and_actual_output_size;writes_min_remaining_chunk_prefix	0	0	1	79c4b6fb71e01165cbc1d31457d81232ea9d150c2ef58bb9ad02f1480082c629	6cac1b064412c1359a185ccbc1f94f32c2f8cc0f57443fd98063d8203f2f6370	end_marker:1;literal_run_extended:2247;literal_run_short:18043;match_10_to_1f_extended:12;match_10_to_1f_short:15692;match_20_to_3f_extended:2;match_20_to_3f_short:6371;match_40_to_ff:68077;trailing_literal_0:63360;trailing_literal_1:13756;trailing_literal_2:7782;trailing_literal_3:5255
1068	297	344	surface_grid	0	0x1BE87E6E	0x1BE87E72	u32_compressed_before_payload,u32_post_payload_record_count	57	4800	4800	4800	0	00426182	ignores_return_and_actual_output_size	0	0	1	d7a7e22257b727a8c2d9547a5b9e97e8e874775112124a02e1342621c917a152	d7a7e22257b727a8c2d9547a5b9e97e8e874775112124a02e1342621c917a152	end_marker:1;literal_run_short:1;match_10_to_1f_short:1;match_20_to_3f_extended:5;match_20_to_3f_short:1;match_40_to_ff:3;trailing_literal_0:9
1069	297	344	cm_generation_chunk	0	0x1BE87EDB	0x1BE88067	u32_compressed_in_8_byte_table_entry,sequential_payload	385466	1025768	614912	1024768	409856	00426FDB	ignores_return_and_actual_output_size;writes_min_remaining_chunk_prefix	0	0	1	350bf186547ab528dd364f47d5b087a3cae434c34820d0bc4b625b41d600e3cf	3c316a7f5b180662221177210c1070bef91815ad9dc7ee94a5061685d34cc6f1	end_marker:1;literal_run_extended:109;literal_run_short:7876;match_10_to_1f_extended:34;match_10_to_1f_short:20246;match_20_to_3f_extended:2;match_20_to_3f_short:12573;match_40_to_ff:89386;trailing_literal_0:92010;trailing_literal_1:17284;trailing_literal_2:8772;trailing_literal_3:4174
1070	298	345	surface_grid	0	0x1BEE75DE	0x1BEE75E2	u32_compressed_before_payload,u32_post_payload_record_count	57	4800	4800	4800	0	00426182	ignores_return_and_actual_output_size	0	0	1	d7a7e22257b727a8c2d9547a5b9e97e8e874775112124a02e1342621c917a152	d7a7e22257b727a8c2d9547a5b9e97e8e874775112124a02e1342621c917a152	end_marker:1;literal_run_short:1;match_10_to_1f_short:1;match_20_to_3f_extended:5;match_20_to_3f_short:1;match_40_to_ff:3;trailing_literal_0:9
1071	298	345	cm_generation_chunk	0	0x1BEE764B	0x1BEE77D7	u32_compressed_in_8_byte_table_entry,sequential_payload	402437	1025768	614912	1024768	409856	00426FDB	ignores_return_and_actual_output_size;writes_min_remaining_chunk_prefix	0	0	1	8f0617f884b8a3720b60f4155147436754871089436bbb7ceea4d9a7355cb36c	15f04c12dcb95e2523ca682de8bc884ea012ad676488d3b4d1e27d80db04e49a	end_marker:1;literal_run_extended:107;literal_run_short:10137;match_10_to_1f_extended:28;match_10_to_1f_short:23142;match_20_to_3f_extended:2;match_20_to_3f_short:14336;match_40_to_ff:80899;trailing_literal_0:86864;trailing_literal_1:16323;trailing_literal_2:10748;trailing_literal_3:4471
1072	299	346	surface_grid	0	0x1BF4AF99	0x1BF4AF9D	u32_compressed_before_payload,u32_post_payload_record_count	57	4800	4800	4800	0	00426182	ignores_return_and_actual_output_size	0	0	1	d7a7e22257b727a8c2d9547a5b9e97e8e874775112124a02e1342621c917a152	d7a7e22257b727a8c2d9547a5b9e97e8e874775112124a02e1342621c917a152	end_marker:1;literal_run_short:1;match_10_to_1f_short:1;match_20_to_3f_extended:5;match_20_to_3f_short:1;match_40_to_ff:3;trailing_literal_0:9
1073	299	346	cm_generation_chunk	0	0x1BF4B006	0x1BF4B192	u32_compressed_in_8_byte_table_entry,sequential_payload	415478	1025768	614912	1024768	409856	00426FDB	ignores_return_and_actual_output_size;writes_min_remaining_chunk_prefix	0	0	1	70af9d9414d664598a6e8244d7222d5f6eca387ea2df3f7d497cb8ba0848a371	ded82b8cd1c559fd0d9fe5cd4a31fea27ecdae75408aaceb88568c3927bb1ea0	end_marker:1;literal_run_extended:603;literal_run_short:11917;match_10_to_1f_extended:31;match_10_to_1f_short:20534;match_20_to_3f_extended:2;match_20_to_3f_short:10041;match_40_to_ff:81132;trailing_literal_0:82088;trailing_literal_1:15822;trailing_literal_2:9501;trailing_literal_3:4328
1074	300	347	surface_grid	0	0x1BFB1C45	0x1BFB1C49	u32_compressed_before_payload,u32_post_payload_record_count	57	4800	4800	4800	0	00426182	ignores_return_and_actual_output_size	0	0	1	d7a7e22257b727a8c2d9547a5b9e97e8e874775112124a02e1342621c917a152	d7a7e22257b727a8c2d9547a5b9e97e8e874775112124a02e1342621c917a152	end_marker:1;literal_run_short:1;match_10_to_1f_short:1;match_20_to_3f_extended:5;match_20_to_3f_short:1;match_40_to_ff:3;trailing_literal_0:9
1075	300	347	cm_generation_chunk	0	0x1BFB1CB2	0x1BFB1E3E	u32_compressed_in_8_byte_table_entry,sequential_payload	452119	1025768	614912	1024768	409856	00426FDB	ignores_return_and_actual_output_size;writes_min_remaining_chunk_prefix	0	0	1	435fbddd309b3f8d4be9eace7b0f542d148c46c23c51706bfd27d16bbab93435	6f0081014d73884cb560378cab65185743a46847406a1237de9c960f162369ea	end_marker:1;literal_run_extended:1022;literal_run_short:16741;match_10_to_1f_extended:15;match_10_to_1f_short:17377;match_20_to_3f_extended:3;match_20_to_3f_short:11684;match_40_to_ff:73399;trailing_literal_0:71949;trailing_literal_1:15741;trailing_literal_2:9358;trailing_literal_3:5429
1076	301	348	surface_grid	0	0x1C021812	0x1C021816	u32_compressed_before_payload,u32_post_payload_record_count	57	4800	4800	4800	0	00426182	ignores_return_and_actual_output_size	0	0	1	d7a7e22257b727a8c2d9547a5b9e97e8e874775112124a02e1342621c917a152	d7a7e22257b727a8c2d9547a5b9e97e8e874775112124a02e1342621c917a152	end_marker:1;literal_run_short:1;match_10_to_1f_short:1;match_20_to_3f_extended:5;match_20_to_3f_short:1;match_40_to_ff:3;trailing_literal_0:9
1077	301	348	cm_generation_chunk	0	0x1C02187F	0x1C021A0B	u32_compressed_in_8_byte_table_entry,sequential_payload	408602	1025768	614912	1024768	409856	00426FDB	ignores_return_and_actual_output_size;writes_min_remaining_chunk_prefix	0	0	1	965cb8adc039093b731bb5f935649dbca3ccfcc18e3dbf2788cf4015d49fccbe	87267ff4ba241579a1a7feac4212794a2e63ab0c9343f75fa4020fc4a96fb22e	end_marker:1;literal_run_extended:376;literal_run_short:12270;match_10_to_1f_extended:29;match_10_to_1f_short:21160;match_20_to_3f_extended:2;match_20_to_3f_short:5380;match_40_to_ff:86063;trailing_literal_0:82359;trailing_literal_1:16827;trailing_literal_2:8587;trailing_literal_3:4860
1078	302	349	surface_grid	0	0x1C0869E2	0x1C0869E6	u32_compressed_before_payload,u32_post_payload_record_count	57	4800	4800	4800	0	00426182	ignores_return_and_actual_output_size	0	0	1	d7a7e22257b727a8c2d9547a5b9e97e8e874775112124a02e1342621c917a152	d7a7e22257b727a8c2d9547a5b9e97e8e874775112124a02e1342621c917a152	end_marker:1;literal_run_short:1;match_10_to_1f_short:1;match_20_to_3f_extended:5;match_20_to_3f_short:1;match_40_to_ff:3;trailing_literal_0:9
1079	302	349	cm_generation_chunk	0	0x1C086A4F	0x1C086BDB	u32_compressed_in_8_byte_table_entry,sequential_payload	405666	1025768	614912	1024768	409856	00426FDB	ignores_return_and_actual_output_size;writes_min_remaining_chunk_prefix	0	0	1	5ee13c8d686e1c7696cbfdad91abc9e3e907dfdfdac1c92924eb27fbb42bfd9e	fc34ade4b6f7abb211d8d96b616b5f2a483d4d7f22b22f5209d725ab512297ea	end_marker:1;literal_run_extended:378;literal_run_short:10240;match_10_to_1f_extended:29;match_10_to_1f_short:22171;match_20_to_3f_extended:2;match_20_to_3f_short:12821;match_40_to_ff:81770;trailing_literal_0:87896;trailing_literal_1:15556;trailing_literal_2:9375;trailing_literal_3:3965
1080	303	350	surface_grid	0	0x1C0EB03A	0x1C0EB03E	u32_compressed_before_payload,u32_post_payload_record_count	176	4800	4800	4800	0	00426182	ignores_return_and_actual_output_size	0	0	1	7257bafecdbe03a587ad9f985ab8c704b095e41a685834ff3e7c826a99baec1b	7257bafecdbe03a587ad9f985ab8c704b095e41a685834ff3e7c826a99baec1b	end_marker:1;literal_run_short:1;match_10_to_1f_short:1;match_20_to_3f_extended:22;match_20_to_3f_short:8;match_40_to_ff:20;trailing_literal_0:48;trailing_literal_1:2
1081	303	350	cm_generation_chunk	0	0x1C0EB11E	0x1C0EB2AA	u32_compressed_in_8_byte_table_entry,sequential_payload	16305	1025768	23296	1024768	1001472	00426FDB	ignores_return_and_actual_output_size;writes_min_remaining_chunk_prefix	0	0	1	ffaa7f1f5aa2452523e1229c8ffa9bfe08459594139eac65139423c96fc0e100	1b1b49a4d6d2db4d6865df9000e35b89add3c82c65fea226add90318f2dadedb	end_marker:1;literal_run_extended:55;literal_run_short:406;match_10_to_1f_extended:1;match_10_to_1f_short:29;match_20_to_3f_extended:37;match_20_to_3f_short:916;match_40_to_ff:1059;trailing_literal_0:1548;trailing_literal_1:204;trailing_literal_2:173;trailing_literal_3:116
1082	304	351	surface_grid	0	0x1C0F0618	0x1C0F061C	u32_compressed_before_payload,u32_post_payload_record_count	149	4800	4800	4800	0	00426182	ignores_return_and_actual_output_size	0	0	1	54c744f1c80529b2bee22417b2c75eaeda0d328b3019aa7cdbd519b2a8b9513b	54c744f1c80529b2bee22417b2c75eaeda0d328b3019aa7cdbd519b2a8b9513b	end_marker:1;literal_run_short:1;match_10_to_1f_short:1;match_20_to_3f_extended:20;match_20_to_3f_short:5;match_40_to_ff:15;trailing_literal_0:37;trailing_literal_1:3
1083	304	351	cm_generation_chunk	0	0x1C0F06E1	0x1C0F086D	u32_compressed_in_8_byte_table_entry,sequential_payload	17069	1025768	24064	1024768	1000704	00426FDB	ignores_return_and_actual_output_size;writes_min_remaining_chunk_prefix	0	0	1	e5005d8ac59f447a84d357a1b87c8c7ac394defce79cde7be2eec5f5b74add54	36832be9aeffb4318dd052bb976c3bb5f7316379b97a12f3202f021e3d838437	end_marker:1;literal_run_extended:64;literal_run_short:446;match_10_to_1f_extended:1;match_10_to_1f_short:28;match_20_to_3f_extended:38;match_20_to_3f_short:954;match_40_to_ff:1044;trailing_literal_0:1539;trailing_literal_1:257;trailing_literal_2:179;trailing_literal_3:89
1084	305	352	surface_grid	0	0x1C0F5ED7	0x1C0F5EDB	u32_compressed_before_payload,u32_post_payload_record_count	175	4800	4800	4800	0	00426182	ignores_return_and_actual_output_size	0	0	1	b1cead7dbf17812a817a6e88bf9e5205632ee1b826fe3796ac2dc4e09dbecac1	b1cead7dbf17812a817a6e88bf9e5205632ee1b826fe3796ac2dc4e09dbecac1	end_marker:1;literal_run_short:1;match_10_to_1f_short:1;match_20_to_3f_extended:23;match_20_to_3f_short:7;match_40_to_ff:19;trailing_literal_0:47;trailing_literal_1:2
1085	305	352	cm_generation_chunk	0	0x1C0F5FBA	0x1C0F6146	u32_compressed_in_8_byte_table_entry,sequential_payload	16691	1025768	24064	1024768	1000704	00426FDB	ignores_return_and_actual_output_size;writes_min_remaining_chunk_prefix	0	0	1	f1f12bd55380402afb20da232a9ecff9f83a5a6e93363b6802d1e5eb552d000c	65e9aa6f280197502b3b4e4f342b23d0d07bd009b9586ca4b61bf4de29541303	end_marker:1;literal_run_extended:73;literal_run_short:450;match_10_to_1f_extended:1;match_10_to_1f_short:29;match_20_to_3f_extended:37;match_20_to_3f_short:902;match_40_to_ff:1020;trailing_literal_0:1551;trailing_literal_1:203;trailing_literal_2:140;trailing_literal_3:94
1086	306	353	surface_grid	0	0x1C0FB636	0x1C0FB63A	u32_compressed_before_payload,u32_post_payload_record_count	57	4800	4800	4800	0	00426182	ignores_return_and_actual_output_size	0	0	1	d7a7e22257b727a8c2d9547a5b9e97e8e874775112124a02e1342621c917a152	d7a7e22257b727a8c2d9547a5b9e97e8e874775112124a02e1342621c917a152	end_marker:1;literal_run_short:1;match_10_to_1f_short:1;match_20_to_3f_extended:5;match_20_to_3f_short:1;match_40_to_ff:3;trailing_literal_0:9
1087	306	353	cm_generation_chunk	0	0x1C0FB6A3	0x1C0FB82F	u32_compressed_in_8_byte_table_entry,sequential_payload	444512	1025768	614912	1024768	409856	00426FDB	ignores_return_and_actual_output_size;writes_min_remaining_chunk_prefix	0	0	1	b5ffc34d162979a5878a29673316217254a7e067a43be1b027f9228db868168f	ac1510e60aecefad4096c8ca84c184719fb78ba0d713fcdf40b6315ee2113e07	end_marker:1;literal_run_extended:1063;literal_run_short:15116;match_10_to_1f_extended:12;match_10_to_1f_short:16863;match_20_to_3f_extended:2;match_20_to_3f_short:10314;match_40_to_ff:77657;trailing_literal_0:73829;trailing_literal_1:16572;trailing_literal_2:9013;trailing_literal_3:5433
1088	307	354	surface_grid	0	0x1C16944C	0x1C169450	u32_compressed_before_payload,u32_post_payload_record_count	57	4800	4800	4800	0	00426182	ignores_return_and_actual_output_size	0	0	1	d7a7e22257b727a8c2d9547a5b9e97e8e874775112124a02e1342621c917a152	d7a7e22257b727a8c2d9547a5b9e97e8e874775112124a02e1342621c917a152	end_marker:1;literal_run_short:1;match_10_to_1f_short:1;match_20_to_3f_extended:5;match_20_to_3f_short:1;match_40_to_ff:3;trailing_literal_0:9
1089	307	354	cm_generation_chunk	0	0x1C1694B9	0x1C169645	u32_compressed_in_8_byte_table_entry,sequential_payload	21181	1025768	62464	1024768	962304	00426FDB	ignores_return_and_actual_output_size;writes_min_remaining_chunk_prefix	0	0	1	6609d208e79ead6c8baa4473266bfbc41c2e9a9636fe4418d88337513252aca9	a2b910bb8050179189754db1d95960f6581a5349ee50b759808579a22fd5b828	end_marker:1;literal_run_extended:5;literal_run_short:528;match_10_to_1f_extended:108;match_10_to_1f_short:402;match_20_to_3f_extended:111;match_20_to_3f_short:2116;match_40_to_ff:1675;trailing_literal_0:3726;trailing_literal_1:232;trailing_literal_2:338;trailing_literal_3:115
1090	308	500	surface_grid	0	0x1C18079F	0x1C1807A3	u32_compressed_before_payload,u32_post_payload_record_count	327	73120	73120	73120	0	00426182	ignores_return_and_actual_output_size	0	0	1	4d94329483d627649d1bef51816f9e066e33d0819b00ee1d6a86f1d2a2aab536	4d94329483d627649d1bef51816f9e066e33d0819b00ee1d6a86f1d2a2aab536	end_marker:1;literal_run_short:2;match_10_to_1f_short:1;match_20_to_3f_extended:5;match_40_to_ff:3;trailing_literal_0:8
1091	308	500	cm_generation_chunk	0	0x1C18091A	0x1C180AA6	u32_compressed_in_8_byte_table_entry,sequential_payload	332435	1025768	1024768	1024768	0	00426FDB	ignores_return_and_actual_output_size;writes_min_remaining_chunk_prefix	0	0	1	0147d843a72f6874c65b22f7d3d67af96bd8d8f944ca8507e8139afa1bdb1d2e	0147d843a72f6874c65b22f7d3d67af96bd8d8f944ca8507e8139afa1bdb1d2e	end_marker:1;literal_run_extended:12;literal_run_short:2789;match_10_to_1f_extended:1458;match_10_to_1f_short:8023;match_20_to_3f_extended:1905;match_20_to_3f_short:36351;match_40_to_ff:75813;trailing_literal_0:114216;trailing_literal_1:4390;trailing_literal_2:4000;trailing_literal_3:943
1092	308	500	cm_generation_chunk	1	0x1C180922	0x1C1D1D39	u32_compressed_in_8_byte_table_entry,sequential_payload	381490	1025768	1024768	1024768	0	00426FDB	ignores_return_and_actual_output_size;writes_min_remaining_chunk_prefix	0	0	1	c29f5dbce441517c21e25874cbbbb66d216128d3738264e6776513a51be99da5	c29f5dbce441517c21e25874cbbbb66d216128d3738264e6776513a51be99da5	end_marker:1;literal_run_extended:13;literal_run_short:3965;match_10_to_1f_extended:792;match_10_to_1f_short:12170;match_20_to_3f_extended:1380;match_20_to_3f_short:48309;match_40_to_ff:72898;trailing_literal_0:123999;trailing_literal_1:3311;trailing_literal_2:7572;trailing_literal_3:666
1093	308	500	cm_generation_chunk	2	0x1C18092A	0x1C22EF6B	u32_compressed_in_8_byte_table_entry,sequential_payload	306707	1025768	1024768	1024768	0	00426FDB	ignores_return_and_actual_output_size;writes_min_remaining_chunk_prefix	0	0	1	daa115ffc543f8f1e717b25bc52fceb307f295db5de43bf561c522b1f8ffb344	daa115ffc543f8f1e717b25bc52fceb307f295db5de43bf561c522b1f8ffb344	end_marker:1;literal_run_extended:15;literal_run_short:3002;match_10_to_1f_extended:2299;match_10_to_1f_short:11295;match_20_to_3f_extended:2170;match_20_to_3f_short:30971;match_40_to_ff:65168;trailing_literal_0:105884;trailing_literal_1:2252;trailing_literal_2:3360;trailing_literal_3:406
1094	308	500	cm_generation_chunk	3	0x1C180932	0x1C279D7E	u32_compressed_in_8_byte_table_entry,sequential_payload	84020	1025768	298240	1024768	726528	00426FDB	ignores_return_and_actual_output_size;writes_min_remaining_chunk_prefix	0	0	1	40739a4cc81111bbcd19c3be703ac6bb289ea02e19a6439e65e7cf8f9bad3d26	bd505cb76d9f5d4200792ab1474425fcb42d8b2cf6bb02b42d7ff9d2213a66b4	end_marker:1;literal_run_short:359;match_10_to_1f_extended:242;match_10_to_1f_short:780;match_20_to_3f_extended:684;match_20_to_3f_short:9154;match_40_to_ff:21467;trailing_literal_0:30785;trailing_literal_1:821;trailing_literal_2:561;trailing_literal_3:159
