address	ida_name_navigation_only	catalog_source	code_origin	module_candidate	candidate_confidence	assignment_basis	assembly_direct_callers_address_count	assembly_direct_callees_address_count	follow_up_module	manual_review_scope	review_status
0x00401010	unknown_libname_1	ida_export_catalog	crt	external_crt	mechanical_boundary	code_origin:crt			runtime_platform		external_boundary_mechanical
0x00401050	unknown_libname_3	ida_export_catalog	crt	external_crt	mechanical_boundary	code_origin:crt			runtime_platform		external_boundary_mechanical
0x00401090	unknown_libname_5	ida_export_catalog	crt	external_crt	mechanical_boundary	code_origin:crt			runtime_platform		external_boundary_mechanical
0x004010D0	unknown_libname_7	ida_export_catalog	crt	external_crt	mechanical_boundary	code_origin:crt			runtime_platform		external_boundary_mechanical
0x00401110	unknown_libname_9	ida_export_catalog	crt	external_crt	mechanical_boundary	code_origin:crt			runtime_platform		external_boundary_mechanical
0x00401150	unknown_libname_11	ida_export_catalog	crt	external_crt	mechanical_boundary	code_origin:crt			runtime_platform		external_boundary_mechanical
0x00401190	sub_401190	ida_export_catalog	game	asset_runtime	medium	address_cluster:early_asset_initializer;assembly_direct_call_graph:1_sites		0x00430C60:1	asset_runtime		mechanical_candidate_not_manually_reviewed
0x004011C0	unknown_libname_13	ida_export_catalog	crt	external_crt	mechanical_boundary	code_origin:crt			runtime_platform		external_boundary_mechanical
0x004011D0	sub_4011D0	ida_export_catalog	crt	external_crt	mechanical_boundary	code_origin:crt		0x004011E0:1;0x00487BA0:1	runtime_platform		external_boundary_mechanical
0x004011E0	unknown_libname_14	ida_export_catalog	crt	external_crt	mechanical_boundary	code_origin:crt	0x004011D0:1		runtime_platform		external_boundary_mechanical
0x00401200	unknown_libname_15	ida_export_catalog	crt	external_crt	mechanical_boundary	code_origin:crt			runtime_platform		external_boundary_mechanical
0x00401210	sub_401210	ida_export_catalog	crt	external_crt	mechanical_boundary	code_origin:crt		0x00401220:1;0x00487BA0:1	runtime_platform		external_boundary_mechanical
0x00401220	unknown_libname_16	ida_export_catalog	crt	external_crt	mechanical_boundary	code_origin:crt	0x00401210:1		runtime_platform		external_boundary_mechanical
0x00401240	unknown_libname_17	ida_export_catalog	crt	external_crt	mechanical_boundary	code_origin:crt			runtime_platform		external_boundary_mechanical
0x00401250	sub_401250	ida_export_catalog	crt	external_crt	mechanical_boundary	code_origin:crt		0x00401260:1;0x00487BA0:1	runtime_platform		external_boundary_mechanical
0x00401260	unknown_libname_18	ida_export_catalog	crt	external_crt	mechanical_boundary	code_origin:crt	0x00401250:1		runtime_platform		external_boundary_mechanical
0x00401280	unknown_libname_19	ida_export_catalog	crt	external_crt	mechanical_boundary	code_origin:crt			runtime_platform		external_boundary_mechanical
0x00401290	sub_401290	ida_export_catalog	crt	external_crt	mechanical_boundary	code_origin:crt		0x004012A0:1;0x00487BA0:1	runtime_platform		external_boundary_mechanical
0x004012A0	unknown_libname_20	ida_export_catalog	crt	external_crt	mechanical_boundary	code_origin:crt	0x00401290:1		runtime_platform		external_boundary_mechanical
0x004012C0	unknown_libname_21	ida_export_catalog	crt	external_crt	mechanical_boundary	code_origin:crt			runtime_platform		external_boundary_mechanical
0x004012D0	sub_4012D0	ida_export_catalog	crt	external_crt	mechanical_boundary	code_origin:crt		0x004012E0:1;0x00487BA0:1	runtime_platform		external_boundary_mechanical
0x004012E0	unknown_libname_22	ida_export_catalog	crt	external_crt	mechanical_boundary	code_origin:crt	0x004012D0:1		runtime_platform		external_boundary_mechanical
0x00401300	unknown_libname_23	ida_export_catalog	crt	external_crt	mechanical_boundary	code_origin:crt			runtime_platform		external_boundary_mechanical
0x00401310	sub_401310	ida_export_catalog	crt	external_crt	mechanical_boundary	code_origin:crt		0x00401320:1;0x00487BA0:1	runtime_platform		external_boundary_mechanical
0x00401320	unknown_libname_24	ida_export_catalog	crt	external_crt	mechanical_boundary	code_origin:crt	0x00401310:1		runtime_platform		external_boundary_mechanical
0x00401340	unknown_libname_25	ida_export_catalog	crt	external_crt	mechanical_boundary	code_origin:crt			runtime_platform		external_boundary_mechanical
0x00401350	sub_401350	ida_export_catalog	crt	external_crt	mechanical_boundary	code_origin:crt		0x00401360:1;0x00487BA0:1	runtime_platform		external_boundary_mechanical
0x00401360	unknown_libname_26	ida_export_catalog	crt	external_crt	mechanical_boundary	code_origin:crt	0x00401350:1		runtime_platform		external_boundary_mechanical
0x00401380	unknown_libname_27	ida_export_catalog	crt	external_crt	mechanical_boundary	code_origin:crt			runtime_platform		external_boundary_mechanical
0x00401390	sub_401390	ida_export_catalog	crt	external_crt	mechanical_boundary	code_origin:crt		0x004013A0:1;0x00487BA0:1	runtime_platform		external_boundary_mechanical
0x004013A0	unknown_libname_28	ida_export_catalog	crt	external_crt	mechanical_boundary	code_origin:crt	0x00401390:1		runtime_platform		external_boundary_mechanical
0x004013C0	unknown_libname_29	ida_export_catalog	crt	external_crt	mechanical_boundary	code_origin:crt			runtime_platform		external_boundary_mechanical
0x004013D0	sub_4013D0	ida_export_catalog	crt	external_crt	mechanical_boundary	code_origin:crt		0x004013E0:1;0x00487BA0:1	runtime_platform		external_boundary_mechanical
0x004013E0	unknown_libname_30	ida_export_catalog	crt	external_crt	mechanical_boundary	code_origin:crt	0x004013D0:1		runtime_platform		external_boundary_mechanical
0x00401400	unknown_libname_31	ida_export_catalog	crt	external_crt	mechanical_boundary	code_origin:crt			runtime_platform		external_boundary_mechanical
0x00401410	sub_401410	ida_export_catalog	crt	external_crt	mechanical_boundary	code_origin:crt		0x00401420:1;0x00487BA0:1	runtime_platform		external_boundary_mechanical
0x00401420	unknown_libname_32	ida_export_catalog	crt	external_crt	mechanical_boundary	code_origin:crt	0x00401410:1		runtime_platform		external_boundary_mechanical
0x00401440	unknown_libname_33	ida_export_catalog	crt	external_crt	mechanical_boundary	code_origin:crt			runtime_platform		external_boundary_mechanical
0x00401450	sub_401450	ida_export_catalog	crt	external_crt	mechanical_boundary	code_origin:crt		0x00401460:1;0x00487BA0:1	runtime_platform		external_boundary_mechanical
0x00401460	unknown_libname_34	ida_export_catalog	crt	external_crt	mechanical_boundary	code_origin:crt	0x00401450:1		runtime_platform		external_boundary_mechanical
0x00401480	unknown_libname_35	ida_export_catalog	crt	external_crt	mechanical_boundary	code_origin:crt			runtime_platform		external_boundary_mechanical
0x00401490	j_unknown_libname_36	ida_export_catalog	crt	external_crt	mechanical_boundary	code_origin:crt			runtime_platform		external_boundary_mechanical
0x004014A0	unknown_libname_36	ida_export_catalog	crt	external_crt	mechanical_boundary	code_origin:crt			runtime_platform		external_boundary_mechanical
0x004014B0	sub_4014B0	ida_export_catalog	crt	external_crt	mechanical_boundary	code_origin:crt		0x004014C0:1;0x00487BA0:1	runtime_platform		external_boundary_mechanical
0x004014C0	unknown_libname_37	ida_export_catalog	crt	external_crt	mechanical_boundary	code_origin:crt	0x004014B0:1		runtime_platform		external_boundary_mechanical
0x004014E0	unknown_libname_38	ida_export_catalog	crt	external_crt	mechanical_boundary	code_origin:crt			runtime_platform		external_boundary_mechanical
0x004014F0	sub_4014F0	ida_export_catalog	game	rendering	confirmed_boundary	manual_module_assembly_review;manual_a2_cross_module_boundary_review	0x004527E0:2	0x00487C10:4;0x004885A0:1	rendering	module_candidate_manual;cross_module_boundary_a2	manual_reviewed_current_assembly
0x004019A0	sub_4019A0	ida_export_catalog	game	rendering	confirmed_boundary	manual_module_assembly_review;manual_a2_cross_module_boundary_review	0x0043FDE0:4;0x004710D0:1;0x00479850:4;0x00484020:1	0x00487C10:2	rendering	module_candidate_manual;cross_module_boundary_a2	manual_reviewed_current_assembly
0x00401B70	sub_401B70	ida_export_catalog	game	rendering	confirmed_boundary	manual_module_assembly_review;manual_a2_cross_module_boundary_review	0x00401C70:1;0x0040AD10:1;0x00425BE0:1	0x004238B0:1	rendering	module_candidate_manual;cross_module_boundary_a2	manual_reviewed_current_assembly
0x00401C70	sub_401C70	ida_export_catalog	game	rendering	confirmed_boundary	manual_module_assembly_review;manual_a2_cross_module_boundary_review	0x00431760:1;0x00431C50:1;0x00451940:1	0x00401B70:1;0x004238B0:1;0x00487C10:2;0x004885A0:3	rendering	module_candidate_manual;cross_module_boundary_a2	manual_reviewed_current_assembly
0x00401E50	sub_401E50	ida_export_catalog	game	rendering	confirmed_boundary	manual_module_assembly_review;manual_a2_cross_module_boundary_review	0x0040AD10:1	0x004238B0:1;0x00487C10:2;0x004885A0:2	rendering	module_candidate_manual;cross_module_boundary_a2	manual_reviewed_current_assembly
0x00402030	sub_402030	ida_export_catalog	game	world_map	confirmed_boundary	address_cluster:early_gameplay_cluster;assembly_direct_call_graph:3_sites;manual_a2_cross_module_boundary_review	0x00424B90:1	0x00487C10:2	world_map	cross_module_boundary_a2	manual_reviewed_current_assembly
0x004020C0	sub_4020C0	ida_export_catalog	game	world_map	confirmed_boundary	address_cluster:early_gameplay_cluster;assembly_direct_call_graph:3_sites;manual_a2_cross_module_boundary_review	0x004251B0:1	0x004885A0:2	world_map	cross_module_boundary_a2	manual_reviewed_current_assembly
0x00402120	sub_402120	ida_export_catalog	game	world_map	medium	address_cluster:early_gameplay_cluster;assembly_direct_call_graph:5_sites	0x00402450:3;0x00402690:1	0x00487C10:1	world_map		mechanical_candidate_not_manually_reviewed
0x004021A0	sub_4021A0	ida_export_catalog	game	world_map	medium	address_cluster:early_gameplay_cluster;assembly_direct_call_graph:2_sites	0x00402410:2		world_map		mechanical_candidate_not_manually_reviewed
0x004021D0	sub_4021D0	ida_export_catalog	game	world_map	confirmed_boundary	address_cluster:early_gameplay_cluster;assembly_direct_call_graph:5_sites;manual_a2_cross_module_boundary_review	0x00406390:1;0x00406960:1;0x0042D920:1;0x0042DAF0:1	0x00487C10:1	world_map	cross_module_boundary_a2	manual_reviewed_current_assembly
0x00402200	sub_402200	ida_export_catalog	game	world_map	confirmed_boundary	address_cluster:early_gameplay_cluster;assembly_direct_call_graph:8_sites;manual_a2_cross_module_boundary_review	0x00406390:2;0x00406960:1;0x0042D920:1;0x0042DAF0:2	0x00402410:1;0x004885A0:1	world_map	cross_module_boundary_a2	manual_reviewed_current_assembly
0x00402230	sub_402230	ida_export_catalog	game	world_map	confirmed_boundary	address_cluster:early_gameplay_cluster;assembly_direct_call_graph:12_sites;manual_a2_cross_module_boundary_review	0x00406390:1;0x00406960:1;0x0042D920:1;0x0042DAF0:1	0x00402390:1;0x004023C0:2;0x004023E0:1;0x00402410:3;0x00402450:1	world_map	cross_module_boundary_a2	manual_reviewed_current_assembly
0x00402390	sub_402390	ida_export_catalog	game	world_map	medium	address_cluster:early_gameplay_cluster;assembly_direct_call_graph:1_sites	0x00402230:1		world_map		mechanical_candidate_not_manually_reviewed
0x004023C0	sub_4023C0	ida_export_catalog	game	world_map	medium	address_cluster:early_gameplay_cluster;assembly_direct_call_graph:5_sites	0x00402230:2;0x00402450:2;0x00402690:1		world_map		mechanical_candidate_not_manually_reviewed
0x004023E0	sub_4023E0	ida_export_catalog	game	world_map	medium	address_cluster:early_gameplay_cluster;assembly_direct_call_graph:1_sites	0x00402230:1		world_map		mechanical_candidate_not_manually_reviewed
0x00402410	sub_402410	ida_export_catalog	game	world_map	medium	address_cluster:early_gameplay_cluster;assembly_direct_call_graph:6_sites	0x00402200:1;0x00402230:3	0x004021A0:2	world_map		mechanical_candidate_not_manually_reviewed
0x00402450	sub_402450	ida_export_catalog	game	world_map	medium	address_cluster:early_gameplay_cluster;assembly_direct_call_graph:9_sites	0x00402230:1	0x00402120:3;0x004023C0:2;0x00402520:2;0x00402560:1	world_map		mechanical_candidate_not_manually_reviewed
0x00402520	sub_402520	ida_export_catalog	game	world_map	medium	address_cluster:early_gameplay_cluster;assembly_direct_call_graph:3_sites	0x00402450:2	0x00411F90:1	world_map		mechanical_candidate_not_manually_reviewed
0x00402560	sub_402560	ida_export_catalog	game	world_map	medium	address_cluster:early_gameplay_cluster;assembly_direct_call_graph:10_sites	0x00402450:1	0x00402690:8;0x00402AE0:1	world_map		mechanical_candidate_not_manually_reviewed
0x00402690	sub_402690	ida_export_catalog	game	world_map	medium	address_cluster:early_gameplay_cluster;assembly_direct_call_graph:14_sites	0x00402560:8	0x00402120:1;0x004023C0:1;0x00402940:1;0x00402960:1;0x00402980:1;0x004029C0:1	world_map		mechanical_candidate_not_manually_reviewed
0x00402940	sub_402940	ida_export_catalog	game	world_map	medium	address_cluster:early_gameplay_cluster;assembly_direct_call_graph:1_sites	0x00402690:1		world_map		mechanical_candidate_not_manually_reviewed
0x00402960	sub_402960	ida_export_catalog	game	world_map	medium	address_cluster:early_gameplay_cluster;assembly_direct_call_graph:1_sites	0x00402690:1		world_map		mechanical_candidate_not_manually_reviewed
0x00402980	sub_402980	ida_export_catalog	game	world_map	medium	address_cluster:early_gameplay_cluster;assembly_direct_call_graph:1_sites	0x00402690:1		world_map		mechanical_candidate_not_manually_reviewed
0x004029C0	sub_4029C0	ida_export_catalog	game	world_map	medium	address_cluster:early_gameplay_cluster;assembly_direct_call_graph:4_sites	0x00402690:1	0x00402A90:2;0x00402AC0:1	world_map		mechanical_candidate_not_manually_reviewed
0x00402A90	sub_402A90	ida_export_catalog	game	world_map	medium	address_cluster:early_gameplay_cluster;assembly_direct_call_graph:3_sites	0x004029C0:2	0x00487C10:1	world_map		mechanical_candidate_not_manually_reviewed
0x00402AC0	sub_402AC0	ida_export_catalog	game	world_map	medium	address_cluster:early_gameplay_cluster;assembly_direct_call_graph:2_sites	0x004029C0:1	0x004885A0:1	world_map		mechanical_candidate_not_manually_reviewed
0x00402AE0	sub_402AE0	ida_export_catalog	game	world_map	medium	address_cluster:early_gameplay_cluster;assembly_direct_call_graph:1_sites	0x00402560:1		world_map		mechanical_candidate_not_manually_reviewed
0x00402F70	sub_402F70	ida_export_catalog	game	world_map	confirmed_boundary	address_cluster:early_gameplay_cluster;assembly_direct_call_graph:2_sites;manual_a2_cross_module_boundary_review	0x00406960:1;0x0042DAF0:1		world_map	cross_module_boundary_a2	manual_reviewed_current_assembly
0x00402F80	sub_402F80	ida_export_catalog	game	world_map	confirmed_boundary	manual_critical_abi_seed;manual_top_level_seed;manual_a2_cross_module_boundary_review	0x0040A570:1	0x004040B0:1;0x00404610:2;0x00404C00:1;0x00406D30:3;0x0040DA60:1;0x0040DB40:4;0x0040DBC0:1;0x0040DC30:1;0x0040DC50:7;0x0040DC80:1;0x0040DCB0:1;0x0040DCE0:1;0x0040DD10:1;0x0040DD30:1;0x0040E030:2;0x00411F90:1;0x00431960:1;0x004321E0:4;0x00433010:1;0x004372D0:22;0x00438230:1;0x004382E0:1;0x00438640:1;0x0044A240:13;0x0044D2D0:1;0x00451B10:1;0x00476DB0:1;0x00485710:1;0x00485740:1;0x004885A0:1	world_map	critical_abi;top_level_direct;cross_module_boundary_a2	manual_reviewed_current_assembly
0x004040B0	sub_4040B0	ida_export_catalog	game	world_map	confirmed_boundary	address_cluster:early_gameplay_cluster;assembly_direct_call_graph:4_sites;manual_module_assembly_review	0x00402F80:1	0x00404510:2;0x0040BB50:1	world_map	module_candidate_manual	manual_reviewed_current_assembly
0x00404510	sub_404510	ida_export_catalog	game	world_map	confirmed_boundary	address_cluster:early_gameplay_cluster;assembly_direct_call_graph:2_sites;manual_module_assembly_review	0x004040B0:2		world_map	module_candidate_manual	manual_reviewed_current_assembly
0x00404610	sub_404610	ida_export_catalog	game	world_map	medium	address_cluster:early_gameplay_cluster;assembly_direct_call_graph:14_sites	0x00402F80:2	0x004050B0:12	world_map		mechanical_candidate_not_manually_reviewed
0x00404C00	sub_404C00	ida_export_catalog	game	world_map	medium	address_cluster:early_gameplay_cluster;assembly_direct_call_graph:10_sites	0x00402F80:1	0x00404FD0:9	world_map		mechanical_candidate_not_manually_reviewed
0x00404FD0	sub_404FD0	ida_export_catalog	game	world_map	medium	address_cluster:early_gameplay_cluster;assembly_direct_call_graph:10_sites	0x00404C00:9;0x004050B0:1		world_map		mechanical_candidate_not_manually_reviewed
0x004050B0	sub_4050B0	ida_export_catalog	game	world_map	medium	address_cluster:early_gameplay_cluster;assembly_direct_call_graph:13_sites	0x00404610:12	0x00404FD0:1	world_map		mechanical_candidate_not_manually_reviewed
0x004050E0	sub_4050E0	ida_export_catalog	game	input_time_rng	confirmed_boundary	manual_critical_abi_seed;manual_top_level_seed;manual_a2_cross_module_boundary_review	0x0040A570:1	0x004053C0:18;0x0040DC80:1;0x0040DCB0:1;0x004372D0:16;0x00437310:1	input_time_rng	critical_abi;top_level_direct;cross_module_boundary_a2	manual_reviewed_current_assembly
0x004053C0	sub_4053C0	ida_export_catalog	game	input_time_rng	confirmed_boundary	manual_module_assembly_review	0x004050E0:18		input_time_rng	module_candidate_manual	manual_reviewed_current_assembly
0x00405430	sub_405430	ida_export_catalog	game	world_map	confirmed_boundary	manual_top_level_seed;manual_a2_cross_module_boundary_review	0x0040A570:1	0x00405500:1;0x00406960:1;0x0040AEC0:2;0x004321E0:1;0x0044A240:1	world_map	top_level_direct;cross_module_boundary_a2	manual_reviewed_current_assembly
0x00405500	sub_405500	ida_export_catalog	game	world_map	medium	address_cluster:early_gameplay_cluster;assembly_direct_call_graph:46_sites	0x00405430:1	0x00406390:2;0x00406580:1;0x00406710:6;0x00406770:1;0x0040AE20:3;0x0040AEC0:1;0x0040C060:1;0x0040C0D0:4;0x0040DC50:1;0x0040DD40:1;0x00411530:2;0x004321E0:6;0x0044A240:10;0x00485750:1;0x00487C10:1;0x004885A0:2;0x00489654:2	world_map	opcodes_0_4_5_7_8_only	partial_assembly_reviewed_current_assembly
0x00406390	sub_406390	ida_export_catalog	game	world_map	medium	address_cluster:early_gameplay_cluster;assembly_direct_call_graph:9_sites	0x00405500:2	0x004021D0:1;0x00402200:2;0x00402230:1;0x0040C060:1;0x0044A240:2	world_map		mechanical_candidate_not_manually_reviewed
0x00406580	sub_406580	ida_export_catalog	game	world_map	confirmed_boundary	address_cluster:early_gameplay_cluster;assembly_direct_call_graph:5_sites;manual_full_function_second_review	0x00405500:1	0x0040BB50:1;0x0040C060:1;0x0040DD40:1;0x0044A240:1	world_map	module_candidate_manual	manual_reviewed_current_assembly
0x00406710	sub_406710	ida_export_catalog	game	world_map	medium	address_cluster:early_gameplay_cluster;assembly_direct_call_graph:6_sites	0x00405500:6		world_map		mechanical_candidate_not_manually_reviewed
0x00406770	sub_406770	ida_export_catalog	game	world_map	medium	address_cluster:early_gameplay_cluster;assembly_direct_call_graph:6_sites	0x00405500:1	0x0040BB50:1;0x0040C060:1;0x00439070:1;0x0044A240:1;0x00489B20:1	world_map		mechanical_candidate_not_manually_reviewed
0x00406960	sub_406960	ida_export_catalog	game	world_map	medium	address_cluster:early_gameplay_cluster;assembly_direct_call_graph:14_sites	0x00405430:1	0x004021D0:1;0x00402200:1;0x00402230:1;0x00402F70:1;0x0040AE20:1;0x0040AEC0:1;0x0040BB50:1;0x0040DC50:2;0x0040DD40:1;0x00411530:1;0x00411F90:1;0x0044A240:1	world_map		mechanical_candidate_not_manually_reviewed
0x00406D30	sub_406D30	ida_export_catalog	game	special_modes	confirmed_boundary	manual_top_level_seed;manual_a2_cross_module_boundary_review	0x00402F80:3;0x0040A0D0:1;0x0040A570:1;0x00427920:2;0x00446700:1;0x004490C0:2;0x0044BDA0:2	0x00409600:3;0x004099C0:3;0x00409B80:1;0x0040DC00:1	special_modes	top_level_direct;cross_module_boundary_a2	manual_reviewed_current_assembly
0x00406E00	sub_406E00	ida_export_catalog	game	special_modes	confirmed_boundary	address_cluster:high_priority_cluster;assembly_direct_call_graph:4_sites;manual_a2_cross_module_boundary_review	0x004251B0:1	0x004099C0:3	special_modes	cross_module_boundary_a2	manual_reviewed_current_assembly
0x00406E30	sub_406E30	ida_export_catalog	game	special_modes	confirmed_boundary	manual_critical_abi_seed;manual_top_level_seed;manual_a2_cross_module_boundary_review	0x0040A570:1	0x00406EB0:1;0x00406F70:1;0x004070A0:1	special_modes	critical_abi;top_level_direct;cross_module_boundary_a2	manual_reviewed_current_assembly
0x00406EB0	sub_406EB0	ida_export_catalog	game	special_modes	medium	address_cluster:high_priority_cluster;assembly_direct_call_graph:7_sites	0x00406E30:1	0x004372D0:5;0x00437300:1	special_modes		mechanical_candidate_not_manually_reviewed
0x00406F70	sub_406F70	ida_export_catalog	game	special_modes	medium	address_cluster:high_priority_cluster;assembly_direct_call_graph:4_sites	0x00406E30:1	0x0040DC50:1;0x0040DC80:1;0x0040DCB0:1	special_modes		mechanical_candidate_not_manually_reviewed
0x004070A0	sub_4070A0	ida_export_catalog	game	persistence	confirmed_boundary	manual_critical_abi_seed;manual_a2_cross_module_boundary_review	0x00406E30:1	0x00408CF0:1;0x004094A0:4;0x00409540:2;0x00409600:15;0x004099C0:21;0x00409B80:6;0x00409CE0:1;0x00409DD0:1;0x0040C130:1;0x0040D200:1;0x0040D460:1;0x0040DC50:6;0x0040DC80:8;0x0040DCB0:9;0x0040E080:1;0x00411D00:1;0x00412930:1;0x00416F10:1;0x00416F60:1;0x004238D0:1;0x004267E0:4;0x00426820:4;0x00437DF0:1;0x00438000:1;0x00438030:1;0x004380B0:2;0x00438150:2;0x004381E0:1;0x00438230:1;0x00438290:1;0x004382E0:1;0x00438340:2;0x00438360:1;0x00438380:1;0x004383E0:12;0x004384B0:2;0x004385B0:17;0x0043C090:6;0x00448650:1;0x0044A240:2;0x0044B010:1;0x0044D2D0:1;0x0044D5D0:1;0x00451A20:1;0x00476DB0:2;0x00477C90:1;0x00477F10:1;0x00478110:1;0x00485330:6;0x00485610:7;0x00485710:1;0x00485880:1;0x00487C10:8;0x004885A0:24;0x00489654:1;0x00489B50:1;0x00489B70:3	persistence	critical_abi;cross_module_boundary_a2	manual_reviewed_current_assembly
0x00408CF0	sub_408CF0	ida_export_catalog	game	persistence	medium	address_cluster:save_ui_and_preview_cluster;assembly_direct_call_graph:7_sites	0x004070A0:1;0x00409540:1	0x00408D70:1;0x00408E70:1;0x00416F10:1;0x00416F60:1;0x00437DF0:1	persistence		mechanical_candidate_not_manually_reviewed
0x00408D70	sub_408D70	ida_export_catalog	game	persistence	medium	address_cluster:save_ui_and_preview_cluster;assembly_direct_call_graph:6_sites	0x00408CF0:1	0x0040DC50:1;0x00435660:2;0x00436AD0:2	persistence		mechanical_candidate_not_manually_reviewed
0x00408E70	sub_408E70	ida_export_catalog	game	persistence	medium	address_cluster:save_ui_and_preview_cluster;assembly_direct_call_graph:31_sites	0x00408CF0:1	0x0040EBF0:3;0x0040EC80:5;0x004117F0:1;0x004239D0:1;0x0042E850:3;0x004321E0:2;0x00436AD0:8;0x0043B110:4;0x0044A240:1;0x00487C10:1;0x004885A0:1	persistence		mechanical_candidate_not_manually_reviewed
0x004094A0	sub_4094A0	ida_export_catalog	game	persistence	medium	address_cluster:save_ui_and_preview_cluster;decompile_token_navigation_only:save_token;assembly_direct_call_graph:10_sites	0x004070A0:4	0x00438000:1;0x00438030:1;0x004380B0:1;0x00438150:1;0x00487C10:1;0x004885A0:1	persistence		mechanical_candidate_not_manually_reviewed
0x00409540	sub_409540	ida_export_catalog	game	persistence	medium	address_cluster:save_ui_and_preview_cluster;assembly_direct_call_graph:8_sites	0x004070A0:2	0x00408CF0:1;0x004099C0:3;0x00448650:1;0x00448700:1	persistence		mechanical_candidate_not_manually_reviewed
0x00409600	sub_409600	ida_export_catalog	game	persistence	confirmed_boundary	manual_critical_abi_seed;manual_a2_cross_module_boundary_review	0x00406D30:3;0x004070A0:15;0x00409A10:3	0x004238B0:1;0x00426820:2;0x00438000:1;0x00438030:1;0x004380B0:1;0x00438150:1;0x004381E0:1;0x00438230:1;0x00438290:1;0x004382E0:1;0x00487C10:8;0x004885A0:3	persistence	critical_abi;cross_module_boundary_a2	manual_reviewed_current_assembly
0x004099C0	sub_4099C0	ida_export_catalog	game	persistence	confirmed_boundary	address_cluster:save_ui_and_preview_cluster;assembly_direct_call_graph:38_sites;manual_a2_cross_module_boundary_review	0x00406D30:3;0x00406E00:3;0x004070A0:21;0x00409540:3;0x00409A10:3	0x004885A0:5	persistence	cross_module_boundary_a2	manual_reviewed_current_assembly
0x00409A10	sub_409A10	ida_export_catalog	game	persistence	confirmed_boundary	manual_top_level_seed;manual_a2_cross_module_boundary_review	0x0040A0D0:1	0x00409600:3;0x004099C0:3;0x00409B80:1;0x00438000:1;0x00438030:1;0x004380B0:1;0x00438150:1;0x00438570:1;0x00487C10:1;0x004885A0:1	persistence	top_level_direct;cross_module_boundary_a2	manual_reviewed_current_assembly
0x00409B80	sub_409B80	ida_export_catalog	game	persistence	confirmed_boundary	address_cluster:save_ui_and_preview_cluster;assembly_direct_call_graph:9_sites;manual_a2_cross_module_boundary_review	0x00406D30:1;0x004070A0:6;0x00409A10:1	0x0040DC00:1	persistence	cross_module_boundary_a2	manual_reviewed_current_assembly
0x00409C10	sub_409C10	ida_export_catalog	game	persistence	confirmed_boundary	manual_top_level_seed;manual_a2_cross_module_boundary_review	0x0040A0D0:1	0x00438000:1;0x00438030:2;0x004380B0:1;0x00438150:1;0x00487C10:1;0x004885A0:1	persistence	top_level_direct;cross_module_boundary_a2	manual_reviewed_current_assembly
0x00409CE0	sub_409CE0	ida_export_catalog	game	persistence	medium	address_cluster:save_ui_and_preview_cluster;assembly_direct_call_graph:9_sites	0x004070A0:1	0x00438000:1;0x00438030:1;0x004380B0:1;0x00438150:1;0x004383E0:1;0x00477800:1;0x00487C10:1;0x004885A0:1	persistence		mechanical_candidate_not_manually_reviewed
0x00409DD0	sub_409DD0	ida_export_catalog	game	persistence	confirmed_boundary	address_cluster:save_ui_and_preview_cluster;assembly_direct_call_graph:11_sites;manual_a2_cross_module_boundary_review	0x004070A0:1;0x004490C0:1	0x00438000:1;0x00438030:1;0x004380B0:1;0x00438150:1;0x00438380:1;0x00477780:1;0x00485330:1;0x00487C10:1;0x004885A0:1	persistence	cross_module_boundary_a2	manual_reviewed_current_assembly
0x00409EC0	_WinMain@16	ida_export_catalog	game	runtime_platform	confirmed_boundary	manual_critical_abi_seed	0x0048A740:1	0x0040A570:1;0x0040CF10:1;0x00411C90:1;0x00411F90:1;0x00411FA0:1;0x00438FA0:1;0x00484950:1;0x00489B10:1;0x00489B70:2	runtime_platform	critical_abi	manual_reviewed_existing_assembly_evidence
0x0040A0D0	sub_40A0D0	ida_export_catalog	game	runtime_platform	confirmed_boundary	manual_critical_abi_seed		0x00406D30:1;0x00409A10:1;0x00409C10:1;0x0040AB50:4;0x0040DC50:5;0x0040DC80:1;0x0040DCB0:1;0x00411D90:1;0x00424390:1;0x00424910:2;0x00425040:1;0x004251B0:1;0x00425B40:1;0x004303D0:1;0x00438000:1;0x00438030:1;0x004380B0:1;0x00438150:2;0x00438B50:1;0x00484920:2;0x00485330:1;0x00487C10:1;0x004885A0:1	runtime_platform	critical_abi	manual_reviewed_existing_assembly_evidence
0x0040A570	sub_40A570	ida_export_catalog	game	runtime_platform	confirmed_boundary	manual_critical_abi_seed;manual_top_level_seed	0x00409EC0:1	0x00402F80:1;0x004050E0:1;0x00405430:1;0x00406D30:1;0x00406E30:1;0x0040CDD0:1;0x0040CF10:3;0x0040DBC0:1;0x0040DC50:3;0x0040DC80:3;0x0040DCB0:8;0x0040F340:3;0x0040F500:1;0x0040F540:1;0x0040F570:1;0x0040F5A0:1;0x0040F5E0:1;0x0040F6D0:1;0x00411F90:3;0x004120B0:1;0x00427300:1;0x00427920:1;0x00431960:1;0x00433010:1;0x00435650:6;0x004372B0:1;0x004381E0:2;0x00438230:1;0x00438290:2;0x004382E0:1;0x00438640:1;0x00439FD0:1;0x0044EA60:1;0x00451B10:1;0x00469D20:1;0x00485710:2;0x00485740:1;0x00489B70:1	runtime_platform	critical_abi;top_level_direct	manual_reviewed_existing_assembly_evidence
0x0040AB50	sub_40AB50	ida_export_catalog	game	runtime_platform	confirmed_boundary	manual_critical_abi_seed;manual_top_level_seed	0x0040A0D0:4	0x0040CF10:1;0x0040DD20:1;0x0040DD30:1;0x0040F340:3;0x00416D30:1;0x004351F0:3;0x00437AE0:1;0x00437DF0:3;0x00437E20:1;0x00451A90:1;0x00451AE0:1;0x00485710:1;0x00485740:1	runtime_platform	critical_abi;top_level_direct	manual_reviewed_existing_assembly_evidence
0x0040AD10	sub_40AD10	ida_export_catalog	game	world_map	confirmed_boundary	manual_module_assembly_review;manual_b6_closure_ownership_review	0x00431C50:1	0x00401B70:1;0x00401E50:1;0x00426820:1;0x00438380:1;0x004384B0:1;0x00485330:4;0x00487C10:2;0x004885A0:1	world_map	module_candidate_manual;b6_closure_transfer	manual_reviewed_current_assembly
0x0040AE20	sub_40AE20	ida_export_catalog	game	world_map	confirmed_boundary	manual_module_assembly_review;manual_a2_cross_module_boundary_review	0x00405500:3;0x00406960:1;0x0040D610:1;0x0040D790:1;0x0040F6D0:1;0x004120B0:3;0x00427920:5;0x0042DAF0:5;0x0042E5A0:1;0x00448360:1		world_map	module_candidate_manual;cross_module_boundary_a2	manual_reviewed_current_assembly
0x0040AEC0	sub_40AEC0	ida_export_catalog	game	world_map	confirmed_boundary	manual_module_assembly_review;manual_a2_cross_module_boundary_review	0x00405430:2;0x00405500:1;0x00406960:1;0x0040D790:1;0x0040F280:1;0x004120B0:3;0x00427920:1;0x0042DAF0:4		world_map	module_candidate_manual;cross_module_boundary_a2	manual_reviewed_current_assembly
0x0040AF70	sub_40AF70	ida_export_catalog	game	story_scene	confirmed_boundary	manual_module_assembly_review	0x00427920:1	0x0040AFF0:1;0x0040BB20:1;0x00487C10:2;0x004885A0:1	story_scene	module_candidate_manual	manual_reviewed_current_assembly
0x0040AFF0	sub_40AFF0	ida_export_catalog	game	story_scene	confirmed_boundary	manual_module_assembly_review;manual_a2_cross_module_boundary_review	0x0040AF70:1;0x00427920:1;0x00469D20:3	0x0040B7F0:1;0x0040C0D0:1;0x004321E0:2;0x0044A240:4;0x00487C10:4;0x004885A0:1	story_scene	module_candidate_manual;cross_module_boundary_a2	manual_reviewed_current_assembly
0x0040B7F0	sub_40B7F0	ida_export_catalog	game	story_scene	confirmed_boundary	manual_module_assembly_review	0x0040AFF0:1	0x0040BAA0:3;0x00430BE0:1;0x0044A240:3;0x00476DB0:1;0x004885A0:3	story_scene	module_candidate_manual	manual_reviewed_current_assembly
0x0040BAA0	sub_40BAA0	ida_export_catalog	game	story_scene	confirmed_boundary	manual_module_assembly_review;manual_a2_cross_module_boundary_review	0x0040B7F0:3;0x00427920:2;0x00469D20:1	0x00489EB0:1	story_scene	module_candidate_manual;cross_module_boundary_a2	manual_reviewed_current_assembly
0x0040BB20	sub_40BB20	ida_export_catalog	game	story_scene	confirmed_boundary	manual_module_assembly_review;manual_a2_cross_module_boundary_review	0x0040AF70:1;0x00427920:1;0x00469D20:3		story_scene	module_candidate_manual;cross_module_boundary_a2	manual_reviewed_current_assembly
0x0040BB50	sub_40BB50	ida_export_catalog	game	world_map	confirmed_boundary	manual_module_assembly_review;manual_a2_cross_module_boundary_review	0x004040B0:1;0x00406580:1;0x00406770:1;0x00406960:1;0x004120B0:1;0x0042E280:1		world_map	module_candidate_manual;cross_module_boundary_a2	manual_reviewed_current_assembly
0x0040C020	sub_40C020	ida_export_catalog	game	world_map	confirmed_boundary	manual_module_assembly_review;manual_a2_cross_module_boundary_review	0x0040C100:1;0x00427300:1;0x00427920:1		world_map	module_candidate_manual;cross_module_boundary_a2	manual_reviewed_current_assembly
0x0040C060	sub_40C060	ida_export_catalog	game	world_map	confirmed_boundary	manual_module_assembly_review;manual_a2_cross_module_boundary_review	0x00405500:1;0x00406390:1;0x00406580:1;0x00406770:1;0x00427920:2;0x0042DAF0:2		world_map	module_candidate_manual;cross_module_boundary_a2	manual_reviewed_current_assembly
0x0040C0D0	sub_40C0D0	ida_export_catalog	game	world_map	confirmed_boundary	manual_module_assembly_review;manual_a2_cross_module_boundary_review	0x00405500:4;0x0040AFF0:1;0x0040D790:1;0x00415EE0:1;0x00427920:44;0x0042E740:1	0x0040C100:1	world_map	module_candidate_manual;cross_module_boundary_a2	manual_reviewed_current_assembly
0x0040C100	sub_40C100	ida_export_catalog	game	world_map	confirmed_boundary	manual_module_assembly_review	0x0040C0D0:1;0x00413CA0:1	0x0040C020:1	world_map	module_candidate_manual	manual_reviewed_current_assembly
0x0040C130	sub_40C130	ida_export_catalog	game	world_map	confirmed_boundary	address_cluster:world_load_cluster;assembly_direct_call_graph:100_sites;manual_a2_cross_module_boundary_review	0x004070A0:1;0x0040F160:1;0x0042E790:1	0x0040CF10:6;0x0040CF40:1;0x0040D060:1;0x0040D0C0:1;0x0040D200:1;0x0040D610:1;0x0040D9E0:1;0x0040DBC0:1;0x0040DC00:1;0x0040DC50:1;0x0040DC80:9;0x0040DCB0:12;0x0040DD20:1;0x0040DD30:1;0x0040DD40:2;0x0040EBF0:1;0x0040ED60:7;0x0040EFD0:1;0x0040F280:1;0x0040F3B0:1;0x0040F500:1;0x0040F540:1;0x0040F570:1;0x0040F5A0:1;0x0040F5E0:1;0x0040F630:1;0x0040F670:1;0x0040F690:1;0x00411490:1;0x004118B0:1;0x00411F90:1;0x004238B0:1;0x00425BE0:1;0x00431960:1;0x00433010:1;0x00439070:6;0x0044A240:9;0x00485330:9;0x00485740:1;0x00487C10:1;0x004885A0:5	world_map	cross_module_boundary_a2	manual_reviewed_current_assembly
0x0040CDD0	sub_40CDD0	ida_export_catalog	game	audio_video	confirmed_boundary	manual_critical_abi_seed;manual_top_level_seed;manual_a2_cross_module_boundary_review	0x0040A570:1	0x0040EB60:1;0x004856C0:1;0x00485830:1;0x00485850:1;0x004858D0:1	audio_video	critical_abi;top_level_direct;cross_module_boundary_a2	manual_reviewed_current_assembly
0x0040CF10	sub_40CF10	ida_export_catalog	game	audio_video	confirmed_boundary	manual_critical_abi_seed;manual_top_level_seed;manual_a2_cross_module_boundary_review	0x00409EC0:1;0x0040A570:3;0x0040AB50:1;0x0040C130:6	0x00485180:1;0x004854B0:1;0x00486080:1;0x00486900:1	audio_video	critical_abi;top_level_direct;cross_module_boundary_a2	manual_reviewed_current_assembly
0x0040CF40	sub_40CF40	ida_export_catalog	game	audio_video	confirmed_boundary	address_cluster:frame_audio_cluster;assembly_direct_call_graph:5_sites;manual_a2_cross_module_boundary_review	0x0040C130:1	0x0044A240:1;0x00485830:1;0x00485880:1;0x00485910:1	audio_video	cross_module_boundary_a2	manual_reviewed_current_assembly
0x0040D060	sub_40D060	ida_export_catalog	game	world_map	confirmed_boundary	manual_module_assembly_review	0x0040C130:1		world_map	module_candidate_manual	manual_reviewed_current_assembly
0x0040D0C0	sub_40D0C0	ida_export_catalog	game	world_map	confirmed_boundary	manual_module_assembly_review;manual_a2_cross_module_boundary_review	0x0040C130:1;0x004120B0:2;0x0042DAF0:3;0x0042E280:1		world_map	module_candidate_manual;cross_module_boundary_a2	manual_reviewed_current_assembly
0x0040D160	sub_40D160	ida_export_catalog	game	world_map	confirmed_boundary	manual_module_assembly_review;manual_a2_cross_module_boundary_review	0x00427920:1		world_map	module_candidate_manual;cross_module_boundary_a2	manual_reviewed_current_assembly
0x0040D200	sub_40D200	ida_export_catalog	game	world_map	confirmed_boundary	manual_module_assembly_review;manual_a2_cross_module_boundary_review	0x004070A0:1;0x0040C130:1	0x0040D3C0:1;0x0040D460:1;0x0044A240:1	world_map	module_candidate_manual;cross_module_boundary_a2	manual_reviewed_current_assembly
0x0040D3C0	sub_40D3C0	ida_export_catalog	game	world_map	confirmed_boundary	manual_module_assembly_review	0x0040D200:1	0x0040DC50:1;0x0044A240:1	world_map	module_candidate_manual	manual_reviewed_current_assembly
0x0040D460	sub_40D460	ida_export_catalog	game	world_map	confirmed_boundary	manual_module_assembly_review;manual_a2_cross_module_boundary_review	0x004070A0:1;0x0040D200:1;0x0040D610:1;0x0040D790:1;0x00427920:12;0x00448360:2	0x0044A240:1	world_map	module_candidate_manual;cross_module_boundary_a2	manual_reviewed_current_assembly
0x0040D560	sub_40D560	ida_export_catalog	game	world_map	confirmed_boundary	manual_module_assembly_review;manual_a2_cross_module_boundary_review	0x00427920:2;0x00446700:1;0x00447100:1;0x00448360:1	0x0044A240:1	world_map	module_candidate_manual;cross_module_boundary_a2	manual_reviewed_current_assembly
0x0040D610	sub_40D610	ida_export_catalog	game	world_map	confirmed_boundary	manual_module_assembly_review;manual_a2_cross_module_boundary_review	0x0040C130:1;0x00427920:1	0x0040AE20:1;0x0040D460:1;0x0040DD40:2;0x00411530:1	world_map	module_candidate_manual;cross_module_boundary_a2	manual_reviewed_current_assembly
0x0040D790	sub_40D790	ida_export_catalog	game	world_map	confirmed_boundary	manual_module_assembly_review;manual_a2_cross_module_boundary_review	0x00427920:1	0x0040AE20:1;0x0040AEC0:1;0x0040C0D0:1;0x0040D460:1;0x0040DD40:1;0x00411530:1;0x0044A240:2;0x00489EB0:2	world_map	module_candidate_manual;cross_module_boundary_a2	manual_reviewed_current_assembly
0x0040D9E0	sub_40D9E0	ida_export_catalog	game	world_map	confirmed_boundary	manual_module_assembly_review	0x0040C130:1	0x00487C10:1	world_map	module_candidate_manual	manual_reviewed_current_assembly
0x0040DA60	sub_40DA60	ida_export_catalog	game	world_map	confirmed_boundary	manual_module_assembly_review	0x00402F80:1	0x00439070:2	world_map	module_candidate_manual	manual_reviewed_current_assembly
0x0040DB40	sub_40DB40	ida_export_catalog	game	world_map	confirmed_boundary	manual_module_assembly_review;manual_a2_cross_module_boundary_review	0x00402F80:4;0x0045F2A0:2		world_map	module_candidate_manual;cross_module_boundary_a2	manual_reviewed_current_assembly
0x0040DB60	sub_40DB60	ida_export_catalog	game	world_map	confirmed_boundary	manual_module_assembly_review;manual_a2_cross_module_boundary_review	0x00427300:1;0x0045FC60:1		world_map	module_candidate_manual;cross_module_boundary_a2	manual_reviewed_current_assembly
0x0040DBC0	sub_40DBC0	ida_export_catalog	game	world_map	confirmed_boundary	manual_top_level_seed;manual_a2_cross_module_boundary_review	0x00402F80:1;0x0040A570:1;0x0040C130:1;0x004251B0:1;0x00427300:1;0x0045F2A0:1	0x004885A0:1	world_map	top_level_direct;cross_module_boundary_a2	manual_reviewed_current_assembly
0x0040DC00	sub_40DC00	ida_export_catalog	game	asset_runtime	confirmed_boundary	manual_module_assembly_review;manual_a2_cross_module_boundary_review	0x00406D30:1;0x00409B80:1;0x0040C130:1;0x0040E0B0:15;0x0040ED60:2;0x0040F3B0:1;0x00425BE0:1;0x00427920:4;0x00439DE0:18;0x00439FD0:4;0x00445430:1;0x00448360:1;0x0044DAA0:9;0x00451B10:1;0x00469D20:1		asset_runtime	module_candidate_manual;cross_module_boundary_a2	manual_reviewed_current_assembly
0x0040DC30	sub_40DC30	ida_export_catalog	game	world_map	confirmed_boundary	manual_module_assembly_review	0x00402F80:1;0x00413FE0:1;0x00427300:1		world_map	module_candidate_manual	manual_reviewed_current_assembly
0x0040DC50	sub_40DC50	ida_export_catalog	game	story_scene	confirmed_boundary	manual_top_level_seed;manual_a2_cross_module_boundary_review	0x00402F80:7;0x00405500:1;0x00406960:2;0x00406F70:1;0x004070A0:6;0x00408D70:1;0x0040A0D0:5;0x0040A570:3;0x0040C130:1;0x0040D3C0:1;0x0040ED60:1;0x004118B0:1;0x00412930:11;0x00412BE0:2;0x00412D30:2;0x00413220:2;0x00413370:2;0x00413910:2;0x00413FE0:2;0x004153D0:1;0x00415B70:1;0x004161C0:1;0x004163C0:1;0x00416590:1;0x004167B0:1;0x00416B30:1;0x00424440:1;0x00427300:2;0x00427920:2;0x0042DAF0:1;0x004308C0:3;0x00439DE0:1;0x0043A380:1;0x0043A610:4;0x0043A880:4;0x0043B480:2;0x0043BE90:1;0x0043DA30:1;0x0043DDF0:1;0x0043DFA0:1;0x0043E080:1;0x0043E250:1;0x0043E310:1;0x0043E3D0:3;0x0043E800:4;0x004407F0:1;0x00442F40:5;0x00443BD0:7;0x00444F60:2;0x00444FC0:1;0x004450E0:2;0x00445210:1;0x004452B0:2;0x00445360:1;0x00445430:4;0x004455E0:1;0x00446700:7;0x00448020:1;0x00449050:1;0x004490C0:2;0x0044A050:1;0x0044AF30:1;0x0044B010:1;0x0044BDA0:1;0x0044C160:2;0x0044EA60:4;0x0044FA40:1;0x0044FAF0:1;0x0044FD30:1;0x00451B10:6;0x00453200:1;0x004539B0:1;0x00468C80:1;0x00469D20:1;0x004856C0:1		story_scene	top_level_direct;cross_module_boundary_a2	manual_reviewed_current_assembly
0x0040DC80	sub_40DC80	ida_export_catalog	game	story_scene	confirmed_boundary	manual_top_level_seed;manual_a2_cross_module_boundary_review	0x00402F80:1;0x004050E0:1;0x00406F70:1;0x004070A0:8;0x0040A0D0:1;0x0040A570:3;0x0040C130:9;0x0040DCE0:1;0x0040E0B0:6;0x00425040:1;0x00427920:5;0x00430B60:3;0x00448840:1;0x00448CA0:1;0x00448EE0:1;0x0044B070:1;0x0044BA20:1;0x0044D920:1;0x00469D20:1		story_scene	top_level_direct;cross_module_boundary_a2	manual_reviewed_current_assembly
0x0040DCB0	sub_40DCB0	ida_export_catalog	game	story_scene	confirmed_boundary	manual_top_level_seed;manual_a2_cross_module_boundary_review	0x00402F80:1;0x004050E0:1;0x00406F70:1;0x004070A0:9;0x0040A0D0:1;0x0040A570:8;0x0040C130:12;0x0040DCE0:1;0x0040E0B0:32;0x0040ED60:1;0x00425040:1;0x00427920:7;0x00448840:1;0x00448DA0:1;0x004490C0:2;0x0044B070:1;0x0044BBD0:1;0x0044C160:1;0x0044D920:1;0x004539B0:2;0x00469D20:1		story_scene	top_level_direct;cross_module_boundary_a2	manual_reviewed_current_assembly
0x0040DCE0	sub_40DCE0	ida_export_catalog	game	story_scene	confirmed_boundary	manual_module_assembly_review;manual_a2_cross_module_boundary_review	0x00402F80:1	0x0040DC80:1;0x0040DCB0:1	story_scene	module_candidate_manual;cross_module_boundary_a2	manual_reviewed_current_assembly
0x0040DD10	sub_40DD10	ida_export_catalog	game	world_map	confirmed_boundary	manual_module_assembly_review	0x00402F80:1;0x0040E0B0:1		world_map	module_candidate_manual	manual_reviewed_current_assembly
0x0040DD20	sub_40DD20	ida_export_catalog	game	input_time_rng	confirmed_boundary	manual_module_assembly_review;manual_a2_cross_module_boundary_review	0x0040AB50:1;0x0040C130:1;0x004154A0:1;0x00424B90:1;0x00427920:2		input_time_rng	module_candidate_manual;cross_module_boundary_a2	manual_reviewed_current_assembly
0x0040DD30	sub_40DD30	ida_export_catalog	game	input_time_rng	confirmed_boundary	manual_module_assembly_review;manual_a2_cross_module_boundary_review	0x00402F80:1;0x0040AB50:1;0x0040C130:1;0x00427920:2;0x0044C160:1		input_time_rng	module_candidate_manual;cross_module_boundary_a2	manual_reviewed_current_assembly
0x0040DD40	sub_40DD40	ida_export_catalog	game	world_map	confirmed_boundary	manual_module_assembly_review;manual_a2_cross_module_boundary_review	0x00405500:1;0x00406580:1;0x00406960:1;0x0040C130:2;0x0040D610:2;0x0040D790:1;0x00425B50:1;0x00427920:4;0x0042D920:1		world_map	module_candidate_manual;cross_module_boundary_a2	manual_reviewed_current_assembly
0x0040DD60	sub_40DD60	ida_export_catalog	game	world_map	confirmed_boundary	manual_module_assembly_review	0x0040E0B0:4		world_map	module_candidate_manual	manual_reviewed_current_assembly
0x0040DE50	sub_40DE50	ida_export_catalog	game	rendering	confirmed_boundary	manual_module_assembly_review;manual_a2_cross_module_boundary_review	0x0042ED40:1	0x004238B0:4	rendering	module_candidate_manual;cross_module_boundary_a2	manual_reviewed_current_assembly
0x0040E030	sub_40E030	ida_export_catalog	game	world_map	confirmed_boundary	manual_module_assembly_review	0x00402F80:2;0x00427300:2	0x00411E20:1;0x00411F00:1	world_map	module_candidate_manual	manual_reviewed_current_assembly
0x0040E080	sub_40E080	ida_export_catalog	game	rendering	confirmed_boundary	manual_module_assembly_review;manual_a2_cross_module_boundary_review	0x004070A0:1		rendering	module_candidate_manual;cross_module_boundary_a2	manual_reviewed_current_assembly
0x0040E0B0	sub_40E0B0	ida_export_catalog	game	world_map	confirmed_boundary	address_cluster:world_role_render_coordination_cluster;assembly_direct_call_graph:105_sites;manual_a2_cross_module_boundary_review	0x0040F160:1;0x00424B90:1	0x0040DC00:15;0x0040DC80:6;0x0040DCB0:32;0x0040DD10:1;0x0040DD60:4;0x004321E0:3;0x00433080:1;0x0044A240:4;0x0044D2D0:9;0x0044D5D0:6;0x00451A20:1;0x00487C10:1;0x004885A0:20	world_map	cross_module_boundary_a2	manual_reviewed_current_assembly
0x0040EB60	sub_40EB60	ida_export_catalog	game	audio_video	confirmed_boundary	manual_module_assembly_review;manual_a2_cross_module_boundary_review	0x0040CDD0:1;0x00448700:1	0x0044A240:1	audio_video	module_candidate_manual;cross_module_boundary_a2	manual_reviewed_current_assembly
0x0040EBF0	sub_40EBF0	ida_export_catalog	game	asset_runtime	confirmed_boundary	manual_module_assembly_review;manual_a2_cross_module_boundary_review	0x00408E70:3;0x0040C130:1;0x0040ED60:2;0x004149B0:1;0x0043A610:3;0x0043A880:1;0x0043AE40:4;0x0043C820:1;0x0043E800:5;0x0043FA70:2;0x00441680:4;0x004425C0:1;0x004442B0:1;0x00447100:5;0x004490C0:10;0x0044A280:3;0x0044C160:6;0x0044D070:1;0x0044EA60:10	0x004170E0:1;0x004315D0:1;0x004321E0:1;0x0044A240:1	asset_runtime	module_candidate_manual;cross_module_boundary_a2	manual_reviewed_current_assembly
0x0040EC80	sub_40EC80	ida_export_catalog	game	asset_runtime	confirmed_boundary	manual_module_assembly_review;manual_a2_cross_module_boundary_review	0x00408E70:5	0x004170E0:1;0x004315D0:1	asset_runtime	module_candidate_manual;cross_module_boundary_a2	manual_reviewed_current_assembly
0x0040ECC0	sub_40ECC0	ida_export_catalog	game	asset_runtime	confirmed_boundary	manual_module_assembly_review;manual_a2_cross_module_boundary_review	0x0043AAA0:1	0x004170E0:1;0x004315D0:1;0x004321E0:1;0x0044A240:1	asset_runtime	module_candidate_manual;cross_module_boundary_a2	manual_reviewed_current_assembly
0x0040ED60	sub_40ED60	ida_export_catalog	game	world_map	confirmed_boundary	address_cluster:world_role_render_coordination_cluster;assembly_direct_call_graph:28_sites;manual_module_assembly_review;manual_a2_cross_module_boundary_review	0x0040C130:7;0x00425BE0:7;0x00426DF0:1	0x0040DC00:2;0x0040DC50:1;0x0040DCB0:1;0x0040EBF0:2;0x00416F10:1;0x00416F60:1;0x004239D0:1;0x00437DF0:1;0x00439070:1;0x00485330:2	world_map	cross_module_boundary_a2	manual_reviewed_current_assembly
0x0040EFD0	sub_40EFD0	ida_export_catalog	game	world_map	confirmed_boundary	address_cluster:world_role_render_coordination_cluster;assembly_direct_call_graph:2_sites;manual_module_assembly_review;manual_a2_cross_module_boundary_review	0x0040C130:1;0x00447100:1		world_map	cross_module_boundary_a2	manual_reviewed_current_assembly
0x0040F040	sub_40F040	ida_export_catalog	game	resource_io	confirmed_boundary	manual_module_assembly_review;manual_a2_cross_module_boundary_review	0x00424B90:1	0x004380B0:3;0x004381E0:1;0x00438290:1;0x0044A240:2	resource_io	module_candidate_manual;cross_module_boundary_a2	manual_reviewed_current_assembly
0x0040F160	sub_40F160	ida_export_catalog	game	world_map	confirmed_boundary	address_cluster:world_role_render_coordination_cluster;assembly_direct_call_graph:11_sites;manual_a2_cross_module_boundary_review	0x004490C0:1	0x0040C130:1;0x0040E0B0:1;0x00425B50:1;0x00438340:1;0x00438380:1;0x004384B0:1;0x00439DE0:1;0x00485330:1;0x00487C10:1;0x004885A0:1	world_map	cross_module_boundary_a2	manual_reviewed_current_assembly
0x0040F280	sub_40F280	ida_export_catalog	game	world_map	confirmed_boundary	address_cluster:world_role_render_coordination_cluster;assembly_direct_call_graph:6_sites;manual_a2_cross_module_boundary_review	0x0040C130:1;0x00427920:1;0x00448360:1	0x0040AEC0:1;0x004321E0:1;0x0044A240:1	world_map	cross_module_boundary_a2	manual_reviewed_current_assembly
0x0040F340	sub_40F340	ida_export_catalog	game	rendering	confirmed_boundary	manual_top_level_seed;manual_a2_cross_module_boundary_review	0x0040A570:3;0x0040AB50:3;0x00424B90:3	0x00435160:1;0x004351F0:1;0x00435500:1;0x004355B0:1;0x00435650:1;0x00435660:1;0x00435670:1	rendering	top_level_direct;cross_module_boundary_a2	manual_reviewed_current_assembly
0x0040F3B0	sub_40F3B0	ida_export_catalog	game	world_map	confirmed_boundary	address_cluster:world_role_render_coordination_cluster;assembly_direct_call_graph:4_sites;manual_module_assembly_review;manual_a2_cross_module_boundary_review	0x0040C130:1;0x004251B0:1	0x0040DC00:1;0x004885A0:1	world_map	cross_module_boundary_a2	manual_reviewed_current_assembly
0x0040F410	sub_40F410	ida_export_catalog	game	world_map	confirmed_boundary	address_cluster:world_role_render_coordination_cluster;assembly_direct_call_graph:11_sites;manual_a2_cross_module_boundary_review	0x004251B0:1	0x004885A0:10	world_map	cross_module_boundary_a2	manual_reviewed_current_assembly
0x0040F500	sub_40F500	ida_export_catalog	game	world_map	confirmed_boundary	manual_top_level_seed;manual_a2_cross_module_boundary_review	0x0040A570:1;0x0040C130:1;0x00411D00:1;0x004251B0:1;0x00427920:1	0x004885A0:3	world_map	top_level_direct;cross_module_boundary_a2	manual_reviewed_current_assembly
0x0040F540	sub_40F540	ida_export_catalog	game	world_map	confirmed_boundary	manual_top_level_seed;manual_a2_cross_module_boundary_review	0x0040A570:1;0x0040C130:1;0x00411D00:1;0x004251B0:1	0x004885A0:1	world_map	top_level_direct;cross_module_boundary_a2	manual_reviewed_current_assembly
0x0040F570	sub_40F570	ida_export_catalog	game	world_map	confirmed_boundary	manual_top_level_seed;manual_a2_cross_module_boundary_review	0x0040A570:1;0x0040C130:1;0x00411D00:1;0x004251B0:1;0x00427920:1	0x004885A0:1	world_map	top_level_direct;cross_module_boundary_a2	manual_reviewed_current_assembly
0x0040F5A0	sub_40F5A0	ida_export_catalog	game	world_map	confirmed_boundary	manual_top_level_seed;manual_a2_cross_module_boundary_review	0x0040A570:1;0x0040C130:1;0x00411D00:1;0x004251B0:1	0x004885A0:2	world_map	top_level_direct;cross_module_boundary_a2	manual_reviewed_current_assembly
0x0040F5E0	sub_40F5E0	ida_export_catalog	game	world_map	confirmed_boundary	manual_top_level_seed;manual_a2_cross_module_boundary_review	0x0040A570:1;0x0040C130:1;0x00411D00:1;0x004251B0:1	0x004885A0:2	world_map	top_level_direct;cross_module_boundary_a2	manual_reviewed_current_assembly
0x0040F630	sub_40F630	ida_export_catalog	game	world_map	confirmed_boundary	address_cluster:world_role_render_coordination_cluster;assembly_direct_call_graph:4_sites;manual_a2_cross_module_boundary_review	0x0040C130:1;0x00411D00:1;0x004251B0:1	0x004885A0:1	world_map	cross_module_boundary_a2	manual_reviewed_current_assembly
0x0040F670	sub_40F670	ida_export_catalog	game	world_map	confirmed_boundary	address_cluster:world_role_render_coordination_cluster;assembly_direct_call_graph:3_sites;manual_a2_cross_module_boundary_review	0x0040C130:1;0x00411D00:1;0x004251B0:1		world_map	cross_module_boundary_a2	manual_reviewed_current_assembly
0x0040F690	sub_40F690	ida_export_catalog	game	world_map	medium	address_cluster:world_role_render_coordination_cluster;assembly_direct_call_graph:3_sites	0x0040C130:1	0x00430CF0:1;0x00489D00:1	world_map		mechanical_candidate_not_manually_reviewed
0x0040F6D0	sub_40F6D0	ida_export_catalog	game	world_map	confirmed_boundary	manual_top_level_seed;manual_a2_cross_module_boundary_review	0x0040A570:1	0x0040AE20:1;0x0042D920:1;0x004321E0:1;0x0044A240:2	world_map	top_level_direct;cross_module_boundary_a2	manual_reviewed_current_assembly
0x0040F890	DialogFunc	ida_export_catalog	game	special_modes	confirmed_boundary	manual_module_assembly_review		0x004103C0:2;0x00410600:1;0x00410730:5;0x00411030:1;0x00430BE0:10;0x0043B9A0:2;0x0044A240:2;0x0044D2D0:2;0x0044D680:1;0x00477780:4;0x00477920:2;0x00477A20:2;0x00487C10:2;0x004885A0:8	special_modes	module_candidate_manual	manual_reviewed_current_assembly
0x004103C0	sub_4103C0	ida_export_catalog	game	special_modes	confirmed_boundary	manual_module_assembly_review	0x0040F890:2		special_modes	module_candidate_manual	manual_reviewed_current_assembly
0x00410490	sub_410490	ida_export_catalog	game	special_modes	confirmed_boundary	manual_module_assembly_review	0x00410730:3	0x00487C10:1;0x004885A0:1	special_modes	module_candidate_manual	manual_reviewed_current_assembly
0x00410600	sub_410600	ida_export_catalog	game	special_modes	confirmed_boundary	manual_module_assembly_review	0x0040F890:1	0x00487C10:1;0x004885A0:1	special_modes	module_candidate_manual	manual_reviewed_current_assembly
0x00410730	sub_410730	ida_export_catalog	game	special_modes	confirmed_boundary	manual_module_assembly_review	0x0040F890:5	0x00410490:3;0x004112B0:1;0x00477800:2;0x004779F0:1;0x00477B40:1	special_modes	module_candidate_manual	manual_reviewed_current_assembly
0x00411030	sub_411030	ida_export_catalog	game	special_modes	confirmed_boundary	manual_module_assembly_review;manual_a2_cross_module_boundary_review	0x0040F890:1;0x00427920:3	0x00477290:1	special_modes	module_candidate_manual;cross_module_boundary_a2	manual_reviewed_current_assembly
0x004112B0	sub_4112B0	ida_export_catalog	game	special_modes	confirmed_boundary	manual_module_assembly_review;manual_a2_cross_module_boundary_review	0x00410730:1;0x00427920:3		special_modes	module_candidate_manual;cross_module_boundary_a2	manual_reviewed_current_assembly
0x00411490	sub_411490	ida_export_catalog	game	world_map	confirmed_boundary	address_cluster:world_role_render_coordination_cluster;assembly_direct_call_graph:9_sites;manual_a2_cross_module_boundary_review	0x0040C130:1;0x00411530:2;0x00425BE0:2;0x00427920:2;0x00448360:2		world_map	cross_module_boundary_a2	manual_reviewed_current_assembly
0x00411530	sub_411530	ida_export_catalog	game	world_map	confirmed_boundary	manual_module_assembly_review;manual_a2_cross_module_boundary_review	0x00405500:2;0x00406960:1;0x0040D610:1;0x0040D790:1;0x004120B0:3;0x00427920:3;0x0042DAF0:5;0x0042E5A0:2;0x00448360:1	0x00411490:2;0x0044A240:1	world_map	legacy_world_map_business.cpp:relocate_legacy_role_spatially_by_guid;analysis/04-reverse-engineering/evidence/world-role-spatial-relocation-00411530.md	assembly_exact;unit_tested;platform_adapted
0x00411620	sub_411620	ida_export_catalog	game	world_map	medium	address_cluster:world_role_render_coordination_cluster;assembly_direct_call_graph:7_sites	0x00425BE0:1	0x00487C10:3;0x004885A0:3	world_map	legacy_world_map_business.cpp:rebuild_legacy_role_spatial_index;analysis/04-reverse-engineering/evidence/world-role-spatial-index-rebuild-00411620.md	assembly_exact;unit_tested;platform_adapted
0x00411700	sub_411700	ida_export_catalog	game	special_modes	confirmed_boundary	manual_module_assembly_review	0x004490C0:1	0x004170E0:1;0x004239D0:1;0x004315D0:1;0x00436AD0:1;0x00438AC0:1;0x00438AD0:1;0x00438AE0:1;0x00438AF0:1;0x0043B110:1;0x00480AD0:1	special_modes	module_candidate_manual	manual_reviewed_current_assembly
0x004117F0	sub_4117F0	ida_export_catalog	game	rendering	confirmed_boundary	manual_module_assembly_review;manual_a2_cross_module_boundary_review	0x00408E70:1;0x00412930:1;0x0043A610:1;0x0044EA60:1	0x004170E0:2;0x004315D0:2	rendering	module_candidate_manual;cross_module_boundary_a2	manual_reviewed_current_assembly
0x004118B0	sub_4118B0	ida_export_catalog	game	audio_video	confirmed_boundary	manual_module_assembly_review;manual_a2_cross_module_boundary_review;b2_closure_reclassification:media_acquisition_prompt	0x0040C130:1;0x00427920:1;0x00484730:1	0x0040DC50:1;0x00411F90:2;0x00412050:1;0x00416F10:2;0x00416F60:2;0x004239D0:3;0x00436AD0:3;0x004372B0:1;0x004372D0:1;0x00437DF0:2;0x00485330:8;0x00487C10:1;0x004885A0:2	audio_video	module_candidate_manual;cross_module_boundary_a2;b2_closure_reclassification	manual_reviewed_current_assembly
0x00411C90	sub_411C90	ida_export_catalog	game	runtime_platform	confirmed_boundary	manual_top_level_seed	0x00409EC0:1	0x00423A10:1;0x004242B0:1;0x00424390:1	runtime_platform	top_level_direct	manual_reviewed_existing_assembly_evidence
0x00411D00	sub_411D00	ida_export_catalog	game	world_map	confirmed_boundary	address_cluster:world_role_render_coordination_cluster;assembly_direct_call_graph:8_sites;manual_a2_cross_module_boundary_review	0x004070A0:1	0x0040F500:1;0x0040F540:1;0x0040F570:1;0x0040F5A0:1;0x0040F5E0:1;0x0040F630:1;0x0040F670:1	world_map	legacy_world_transient_reset.cpp:reset_legacy_world_transient_state;analysis/04-reverse-engineering/evidence/world-transient-reset-00411d00.md	assembly_exact;unit_tested;platform_adapted
0x00411D90	sub_411D90	ida_export_catalog	game	runtime_platform	confirmed_boundary	manual_top_level_seed;manual_a2_cross_module_boundary_review;b2_closure_reclassification:disk_space_platform_query	0x0040A0D0:1;0x00424B90:1	0x00487C10:2;0x004885A0:2	runtime_platform	top_level_direct;cross_module_boundary_a2;b2_closure_reclassification	manual_reviewed_current_assembly
0x00411E20	sub_411E20	ida_export_catalog	game	world_map	confirmed_boundary	address_cluster:world_role_render_coordination_cluster;assembly_direct_call_graph:4_sites;manual_a2_cross_module_boundary_review	0x0040E030:1;0x00427300:1;0x00427920:1	0x00489654:1	world_map	cross_module_boundary_a2	manual_reviewed_current_assembly
0x00411F00	sub_411F00	ida_export_catalog	game	world_map	confirmed_boundary	address_cluster:world_role_render_coordination_cluster;assembly_direct_call_graph:3_sites;manual_a2_cross_module_boundary_review	0x0040E030:1;0x00427300:1;0x00427920:1		world_map	cross_module_boundary_a2	manual_reviewed_current_assembly
0x00411F90	sub_411F90	ida_export_catalog	game	runtime_platform	confirmed_boundary	manual_top_level_seed;manual_a2_cross_module_boundary_review	0x00402520:1;0x00402F80:1;0x00406960:1;0x00409EC0:1;0x0040A570:3;0x0040C130:1;0x004118B0:2;0x004251B0:8;0x00425BE0:7;0x00426840:2;0x00426DF0:2;0x00427140:3;0x00427920:3;0x00431C50:1;0x004320E0:1;0x00432D30:1;0x00433380:2;0x00433540:1;0x004382E0:1;0x00451B10:1		runtime_platform	top_level_direct;cross_module_boundary_a2	manual_reviewed_current_assembly
0x00411FA0	sub_411FA0	ida_export_catalog	game	rendering	confirmed_boundary	manual_critical_abi_seed;manual_top_level_seed;manual_a2_cross_module_boundary_review	0x00409EC0:1	0x004239D0:1;0x00436AD0:1;0x00437DF0:1;0x0043BAB0:1;0x00487C10:1;0x004885A0:1	rendering	critical_abi;top_level_direct;cross_module_boundary_a2	manual_reviewed_current_assembly
0x00412050	sub_412050	ida_export_catalog	game	resource_io	confirmed_boundary	manual_module_assembly_review	0x004118B0:1		resource_io	module_candidate_manual	manual_reviewed_current_assembly
0x004120B0	sub_4120B0	ida_export_catalog	game	world_map	confirmed_boundary	manual_critical_abi_seed;manual_top_level_seed;manual_a2_cross_module_boundary_review	0x0040A570:1	0x0040AE20:3;0x0040AEC0:3;0x0040BB50:1;0x0040D0C0:2;0x00411530:3;0x00412930:1;0x00413FE0:1;0x00414570:1;0x004148F0:1;0x00416F10:1;0x00416F60:1;0x0042D920:1;0x004308C0:1;0x004321E0:5;0x00437DF0:1;0x0044A240:4;0x00485330:2;0x00489EB0:3	world_map	legacy_world_frame_coordinator.cpp:run_legacy_world_frame;main.cpp:run_world_frame;analysis/04-reverse-engineering/evidence/world-frame-coordinator-004120b0.md	assembly_exact;unit_tested;asset_verified;platform_adapted;sdl_runtime_integrated
0x00412930	sub_412930	ida_export_catalog	game	world_map	confirmed_boundary	manual_module_assembly_review;manual_a2_cross_module_boundary_review	0x004070A0:1;0x004120B0:1;0x004154A0:1;0x0044D920:1	0x0040DC50:11;0x004117F0:1;0x00412BE0:1;0x00412D30:1;0x00413220:1;0x00413370:1;0x00413870:1;0x00413EA0:1;0x004146F0:1;0x004147E0:3;0x004149B0:1;0x00414B60:1;0x00414CE0:1;0x00414E50:1;0x004151F0:1;0x004154A0:1;0x00415B70:1;0x004161C0:1;0x004163C0:1;0x00416590:1;0x004167B0:1;0x00416B30:1;0x00416CC0:1;0x00416FF0:4;0x0042ED40:1;0x004372D0:1	world_map	legacy_world_frame_composition.cpp:compose_legacy_world_frame;legacy_world_frame_runtime.cpp:compose_legacy_world_runtime_frame;main.cpp:run_world_frame;analysis/04-reverse-engineering/evidence/world-frame-composition-004120b0-00413370.md	assembly_exact;unit_tested;asset_verified;platform_adapted;sdl_runtime_integrated
0x00412BE0	sub_412BE0	ida_export_catalog	game	world_map	confirmed_boundary	address_cluster:world_role_render_coordination_cluster;assembly_direct_call_graph:7_sites;manual_module_assembly_review	0x00412930:1;0x00412D30:1;0x00413370:1	0x0040DC50:2;0x004174D0:1;0x00417530:1	world_map	legacy_world_frame_composition.cpp:compose_legacy_world_frame;legacy_world_background.cpp:render_legacy_world_background;analysis/04-reverse-engineering/evidence/world-background-aligned-direct-00412be0.md	assembly_exact;unit_tested;asset_verified;platform_adapted;sdl_runtime_integrated
0x00412D30	sub_412D30	ida_export_catalog	game	world_map	confirmed_boundary	address_cluster:world_role_render_coordination_cluster;assembly_direct_call_graph:10_sites;manual_module_assembly_review	0x00412930:1	0x0040DC50:2;0x00412BE0:1;0x004170E0:4;0x004174D0:1;0x00417530:1	world_map	legacy_world_frame_composition.cpp:compose_legacy_world_frame;legacy_world_background.cpp:render_legacy_world_background;analysis/04-reverse-engineering/evidence/world-background-unaligned-direct-00412d30.md	assembly_exact;unit_tested;asset_verified;platform_adapted;sdl_runtime_integrated
0x00413220	sub_413220	ida_export_catalog	game	world_map	confirmed_boundary	address_cluster:world_role_render_coordination_cluster;assembly_direct_call_graph:5_sites;manual_module_assembly_review	0x00412930:1	0x0040DC50:2;0x004175B0:1;0x00417650:1	world_map	legacy_world_frame_composition.cpp:compose_legacy_world_frame;legacy_world_background.cpp:render_legacy_world_background;analysis/04-reverse-engineering/evidence/world-background-aligned-indexed-00413220.md	assembly_exact;unit_tested;asset_verified;platform_adapted;sdl_runtime_integrated
0x00413370	sub_413370	ida_export_catalog	game	world_map	medium	address_cluster:world_role_render_coordination_cluster;assembly_direct_call_graph:10_sites	0x00412930:1	0x0040DC50:2;0x00412BE0:1;0x004170E0:4;0x004175B0:1;0x00417650:1	world_map	legacy_world_frame_composition.cpp:compose_legacy_world_frame;legacy_world_background.cpp:render_legacy_world_background;analysis/04-reverse-engineering/evidence/world-background-unaligned-indexed-00413370.md	assembly_exact;unit_tested;asset_verified;platform_adapted;sdl_runtime_integrated
0x00413870	sub_413870	ida_export_catalog	game	world_map	medium	address_cluster:world_role_render_coordination_cluster;assembly_direct_call_graph:3_sites;manual_b7_world_spatial_role_scan_review	0x00412930:1	0x00413910:1;0x00413CA0:1	world_map	legacy_world_roles.cpp:draw_legacy_world_roles;legacy_world_frame_runtime.cpp:compose_legacy_world_runtime_frame;analysis/04-reverse-engineering/evidence/world-spatial-roles-00413870-00413f00.md	assembly_exact;unit_tested;asset_verified;platform_adapted;sdl_runtime_integrated
0x00413910	sub_413910	ida_export_catalog	game	world_map	confirmed_boundary	address_cluster:world_role_render_coordination_cluster;assembly_direct_call_graph:12_sites;manual_b7_world_spatial_role_draw_review	0x00413870:1	0x0040DC50:2;0x004145F0:1;0x00415EE0:1;0x004170E0:3;0x004315D0:2;0x00436AD0:1;0x00485750:1	world_map	legacy_world_roles.cpp:draw_legacy_world_role;world_role_runtime_adapter.cpp:WorldRoleRuntimeAdapter;analysis/04-reverse-engineering/evidence/world-spatial-roles-00413870-00413f00.md	assembly_exact;unit_tested;asset_verified;platform_adapted;sdl_runtime_integrated
0x00413CA0	sub_413CA0	ida_export_catalog	game	world_map	confirmed_boundary	address_cluster:world_role_render_coordination_cluster;assembly_direct_call_graph:7_sites;manual_b7_world_spatial_audio_review	0x00413870:1	0x0040C100:1;0x00485CE0:1;0x00485E90:1;0x00485FE0:1;0x00486030:1;0x00489654:1	world_map	legacy_world_spatial_audio.cpp:update_legacy_world_spatial_audio;world_role_runtime_adapter.cpp:WorldRoleRuntimeAdapter;analysis/04-reverse-engineering/evidence/world-spatial-roles-00413870-00413f00.md	assembly_exact;unit_tested;platform_adapted;sdl_runtime_integrated
0x00413EA0	sub_413EA0	ida_export_catalog	game	world_map	medium	address_cluster:world_role_render_coordination_cluster;assembly_direct_call_graph:2_sites	0x00412930:1	0x00413F00:1	world_map		mechanical_candidate_not_manually_reviewed
0x00413F00	sub_413F00	ida_export_catalog	game	world_map	medium	address_cluster:world_role_render_coordination_cluster;assembly_direct_call_graph:3_sites	0x00413EA0:1	0x004170E0:1;0x004315D0:1	world_map		mechanical_candidate_not_manually_reviewed
0x00413FE0	sub_413FE0	ida_export_catalog	game	world_map	confirmed_boundary	address_cluster:world_role_render_coordination_cluster;assembly_direct_call_graph:24_sites;manual_module_assembly_review	0x004120B0:1	0x0040DC30:1;0x0040DC50:2;0x00430230:5;0x004302F0:13;0x00435660:1;0x00435670:1	world_map	module_candidate_manual	manual_reviewed_current_assembly
0x00414570	sub_414570	ida_export_catalog	game	world_map	confirmed_internal	manual_b7_world_camera_pan_review;assembly_direct_call_graph:1_sites	0x004120B0:1		world_map	camera_pan_state	manual_reviewed_current_assembly
0x004145F0	sub_4145F0	ida_export_catalog	game	world_map	medium	address_cluster:world_role_render_coordination_cluster;assembly_direct_call_graph:2_sites	0x00413910:1	0x004170E0:1	world_map		mechanical_candidate_not_manually_reviewed
0x004146F0	sub_4146F0	ida_export_catalog	game	world_map	medium	address_cluster:world_role_render_coordination_cluster;assembly_direct_call_graph:5_sites	0x00412930:1	0x00420490:1;0x00489654:3	world_map		mechanical_candidate_not_manually_reviewed
0x004147E0	sub_4147E0	ida_export_catalog	game	world_map	confirmed_boundary	address_cluster:world_role_render_coordination_cluster;assembly_direct_call_graph:9_sites;manual_b7_picture_action_review	0x00412930:3	0x004170E0:1;0x004315D0:1;0x004321E0:1;0x0044A240:1;0x00485750:1;0x004885A0:1	world_map	picture_action_list_runtime	manual_reviewed_current_assembly
0x004148F0	sub_4148F0	ida_export_catalog	game	world_map	medium	address_cluster:world_role_render_coordination_cluster;assembly_direct_call_graph:1_sites	0x004120B0:1		world_map		mechanical_candidate_not_manually_reviewed
0x004149B0	sub_4149B0	ida_export_catalog	game	world_map	confirmed_boundary	address_cluster:world_role_render_coordination_cluster;assembly_direct_call_graph:9_sites;manual_a2_cross_module_boundary_review	0x00412930:1;0x0043A610:1;0x0044EA60:1	0x0040EBF0:1;0x004170E0:1;0x004315D0:1;0x004321E0:1;0x004372D0:1;0x0044A240:1	world_map	cross_module_boundary_a2	manual_reviewed_current_assembly
0x00414B60	sub_414B60	ida_export_catalog	game	rendering	confirmed_boundary	manual_module_assembly_review;manual_a2_cross_module_boundary_review	0x00412930:1	0x004170E0:1;0x004315D0:1;0x004321E0:1;0x0044A240:1;0x004885A0:1;0x00489654:4	rendering	module_candidate_manual;cross_module_boundary_a2	manual_reviewed_current_assembly
0x00414CE0	sub_414CE0	ida_export_catalog	game	rendering	confirmed_boundary	manual_module_assembly_review;manual_a2_cross_module_boundary_review	0x00412930:1;0x00453200:1	0x004170E0:1;0x004315D0:1;0x004321E0:1;0x0044A240:1;0x004885A0:1	rendering	module_candidate_manual;cross_module_boundary_a2	manual_reviewed_current_assembly
0x00414E50	sub_414E50	ida_export_catalog	game	rendering	confirmed_boundary	manual_module_assembly_review;manual_a2_cross_module_boundary_review	0x00412930:1;0x00453200:1	0x00417DE0:5;0x00439070:4;0x004885A0:6	rendering	module_candidate_manual;cross_module_boundary_a2	manual_reviewed_current_assembly
0x004151F0	sub_4151F0	ida_export_catalog	game	world_map	medium	address_cluster:world_role_render_coordination_cluster;assembly_direct_call_graph:4_sites	0x00412930:1	0x00416F80:1;0x00416FF0:1;0x004170E0:1	world_map		mechanical_candidate_not_manually_reviewed
0x004153D0	sub_4153D0	ida_export_catalog	game	rendering	confirmed_boundary	manual_module_assembly_review;manual_a2_cross_module_boundary_review	0x0043A610:1	0x0040DC50:1;0x00435660:2;0x00435670:2;0x00436AD0:1;0x004885A0:1	rendering	module_candidate_manual;cross_module_boundary_a2	manual_reviewed_current_assembly
0x004154A0	sub_4154A0	ida_export_catalog	game	asset_runtime	confirmed_boundary	address_cluster:ani_runtime_cluster;assembly_direct_call_graph:13_sites;manual_a2_cross_module_boundary_review	0x00412930:1	0x0040DD20:1;0x00412930:1;0x004157D0:2;0x004158C0:1;0x00420490:1;0x00438150:1;0x004885A0:5	asset_runtime	cross_module_boundary_a2	manual_reviewed_current_assembly
0x004157D0	sub_4157D0	ida_export_catalog	game	asset_runtime	medium	address_cluster:ani_runtime_cluster;assembly_direct_call_graph:3_sites	0x004154A0:2	0x004238B0:1	asset_runtime		mechanical_candidate_not_manually_reviewed
0x004158C0	sub_4158C0	ida_export_catalog	game	asset_runtime	confirmed_boundary	address_cluster:ani_runtime_cluster;assembly_direct_call_graph:16_sites;manual_a2_cross_module_boundary_review	0x004154A0:1;0x00427920:1	0x004238B0:1;0x00426820:1;0x00438380:3;0x004384B0:2;0x004384C0:1;0x00485330:3;0x00487C10:2;0x004885A0:1	asset_runtime	cross_module_boundary_a2	manual_reviewed_current_assembly
0x00415B70	sub_415B70	ida_export_catalog	game	asset_runtime	confirmed_boundary	address_cluster:ani_runtime_cluster;assembly_direct_call_graph:18_sites;manual_a2_cross_module_boundary_review	0x00412930:1	0x0040DC50:1;0x004170E0:1;0x004315D0:1;0x004321E0:1;0x00439070:13	asset_runtime	cross_module_boundary_a2	manual_reviewed_current_assembly
0x00415EE0	sub_415EE0	ida_export_catalog	game	asset_runtime	confirmed_boundary	address_cluster:ani_runtime_cluster;assembly_direct_call_graph:16_sites;manual_a2_cross_module_boundary_review	0x00413910:1	0x0040C0D0:1;0x004170E0:1;0x004315D0:1;0x004321E0:1;0x00439070:8;0x00487C10:1;0x004885A0:2	asset_runtime	cross_module_boundary_a2	manual_reviewed_current_assembly
0x004161C0	sub_4161C0	ida_export_catalog	game	asset_runtime	confirmed_boundary	address_cluster:ani_runtime_cluster;assembly_direct_call_graph:11_sites;manual_a2_cross_module_boundary_review	0x00412930:1	0x0040DC50:1;0x004170E0:1;0x004315D0:1;0x004321E0:1;0x00439070:6	asset_runtime	cross_module_boundary_a2	manual_reviewed_current_assembly
0x004163C0	sub_4163C0	ida_export_catalog	game	asset_runtime	confirmed_boundary	address_cluster:ani_runtime_cluster;assembly_direct_call_graph:8_sites;manual_a2_cross_module_boundary_review	0x00412930:1	0x0040DC50:1;0x00439070:6	asset_runtime	cross_module_boundary_a2	manual_reviewed_current_assembly
0x00416590	sub_416590	ida_export_catalog	game	asset_runtime	confirmed_boundary	address_cluster:ani_runtime_cluster;assembly_direct_call_graph:9_sites;manual_a2_cross_module_boundary_review	0x00412930:1	0x0040DC50:1;0x00420490:1;0x004239D0:1;0x00439070:5	asset_runtime	cross_module_boundary_a2	manual_reviewed_current_assembly
0x004167B0	sub_4167B0	ida_export_catalog	game	asset_runtime	confirmed_boundary	address_cluster:ani_runtime_cluster;assembly_direct_call_graph:17_sites;manual_a2_cross_module_boundary_review	0x00412930:1	0x0040DC50:1;0x00420490:9;0x004239D0:1;0x00439070:5	asset_runtime	cross_module_boundary_a2	manual_reviewed_current_assembly
0x00416B30	sub_416B30	ida_export_catalog	game	asset_runtime	confirmed_boundary	address_cluster:ani_runtime_cluster;assembly_direct_call_graph:10_sites;manual_a2_cross_module_boundary_review	0x00412930:1	0x0040DC50:1;0x00416FF0:2;0x004170E0:2;0x004315D0:2;0x004321E0:2	asset_runtime	cross_module_boundary_a2	manual_reviewed_current_assembly
0x00416CC0	sub_416CC0	ida_export_catalog	game	asset_runtime	confirmed_boundary	address_cluster:ani_runtime_cluster;assembly_direct_call_graph:6_sites;manual_a2_cross_module_boundary_review	0x00412930:1	0x00430CF0:1;0x00430D50:1;0x00430D80:1;0x00430EB0:1;0x00489D00:1	asset_runtime	cross_module_boundary_a2	manual_reviewed_current_assembly
0x00416D30	sub_416D30	ida_export_catalog	game	rendering	confirmed_boundary	address_cluster:software_render_cluster;assembly_direct_call_graph:4_sites;manual_a2_cross_module_boundary_review	0x0040AB50:1;0x00424B90:1	0x00416D90:1;0x00423400:1	rendering	cross_module_boundary_a2	manual_reviewed_current_assembly
0x00416D90	sub_416D90	ida_export_catalog	game	rendering	medium	address_cluster:software_render_cluster;assembly_direct_call_graph:1_sites	0x00416D30:1		rendering		mechanical_candidate_not_manually_reviewed
0x00416F10	sub_416F10	ida_export_catalog	game	rendering	confirmed_boundary	manual_module_assembly_review;manual_a2_cross_module_boundary_review	0x004070A0:1;0x00408CF0:1;0x0040ED60:1;0x004118B0:2;0x004120B0:1;0x00424B90:2;0x0042ED40:1;0x00436840:1;0x0043A610:1;0x0044D920:1;0x0044EA60:1;0x004527E0:5;0x00453200:1;0x0045AF90:2		rendering	module_candidate_manual;cross_module_boundary_a2	manual_reviewed_current_assembly
0x00416F60	sub_416F60	ida_export_catalog	game	rendering	confirmed_boundary	manual_module_assembly_review;manual_a2_cross_module_boundary_review	0x004070A0:1;0x00408CF0:1;0x0040ED60:1;0x004118B0:2;0x004120B0:1;0x00424B90:2;0x0042ED40:1;0x00436840:1;0x0043A610:1;0x0044D920:1;0x0044EA60:1;0x004527E0:5;0x00453200:1;0x0045AF90:2		rendering	module_candidate_manual;cross_module_boundary_a2	manual_reviewed_current_assembly
0x00416F80	sub_416F80	ida_export_catalog	game	rendering	confirmed_boundary	address_cluster:software_render_cluster;assembly_direct_call_graph:2_sites;manual_a2_cross_module_boundary_review	0x004151F0:1;0x00424B90:1		rendering	cross_module_boundary_a2	manual_reviewed_current_assembly
0x00416FF0	sub_416FF0	ida_export_catalog	game	rendering	confirmed_boundary	manual_module_assembly_review;manual_a2_cross_module_boundary_review	0x00412930:4;0x004151F0:1;0x00416B30:2;0x0042E850:10;0x0042ED40:2;0x0043AAA0:4;0x0043AE40:3;0x0043D470:2;0x0044EA60:3;0x00450C50:2;0x00451100:3;0x004512B0:2;0x004527E0:2;0x00453580:4;0x00479850:21		rendering	module_candidate_manual;cross_module_boundary_a2	manual_reviewed_current_assembly
0x00417050	sub_417050	ida_export_catalog	game	rendering	confirmed_boundary	address_cluster:software_render_cluster;assembly_direct_call_graph:8_sites;manual_a2_cross_module_boundary_review	0x004502B0:1;0x00478B60:2;0x004831C0:1	0x004170E0:4	rendering	cross_module_boundary_a2	manual_reviewed_current_assembly
0x004170E0	sub_4170E0	ida_export_catalog	game	rendering	confirmed_boundary	manual_module_assembly_review;manual_a2_cross_module_boundary_review	0x0040EBF0:1;0x0040EC80:1;0x0040ECC0:1;0x00411700:1;0x004117F0:2;0x00412D30:4;0x00413370:4;0x00413910:3;0x00413F00:1;0x004145F0:1;0x004147E0:1;0x004149B0:1;0x00414B60:1;0x00414CE0:1;0x004151F0:1;0x00415B70:1;0x00415EE0:1;0x004161C0:1;0x00416B30:2;0x00417050:4;0x0042E850:10;0x0042ED40:2;0x004308C0:5;0x0043A880:1;0x0043AE40:2;0x0043B080:1;0x0043D470:2;0x0043E800:1;0x00442130:3;0x00442960:1;0x004442B0:1;0x00449C30:3;0x0044FFE0:8;0x00450270:1;0x004502B0:2;0x00450400:1;0x00450490:1;0x004504E0:1;0x00450530:2;0x004505B0:2;0x00450630:2;0x004506B0:1;0x00450900:1;0x004509D0:1;0x00450A50:1;0x00450A80:1;0x00450B60:1;0x00450BD0:1;0x00450C50:4;0x00450F90:1;0x00451100:3;0x004512B0:4;0x00451540:1;0x004515E0:1;0x004527E0:2;0x00453580:6;0x004582B0:2;0x00458DE0:2;0x004599B0:1;0x00459BF0:1;0x0045AF90:1;0x0046F8C0:2;0x00471540:1;0x004717F0:2;0x00471AD0:2;0x00471D60:1;0x00471FC0:2;0x004721F0:2;0x004724D0:2;0x004728E0:3;0x00472CE0:3;0x004731A0:2;0x004735B0:5;0x00473C10:7;0x004745B0:2;0x004751C0:2;0x004758A0:2;0x004763D0:1;0x00478B60:7;0x00479850:28;0x0047BA80:8;0x0047C6B0:2;0x0047C950:2;0x0047CC60:1;0x0047E650:3;0x0047E7F0:1;0x0047F3C0:2;0x0047F580:2;0x0047F710:2;0x0047F940:1;0x0047FC40:2;0x00480AE0:2;0x00480D40:2;0x004820A0:3;0x00482310:4;0x00482840:4;0x004831C0:4;0x00483700:1;0x00483B30:2;0x00483DB0:1;0x00484230:2		rendering	module_candidate_manual;cross_module_boundary_a2	manual_reviewed_current_assembly
0x004174D0	sub_4174D0	ida_export_catalog	game	rendering	confirmed_boundary	address_cluster:software_render_cluster;assembly_direct_call_graph:2_sites;manual_a2_cross_module_boundary_review	0x00412BE0:1;0x00412D30:1		rendering	cross_module_boundary_a2	manual_reviewed_current_assembly
0x00417530	sub_417530	ida_export_catalog	game	rendering	confirmed_boundary	address_cluster:software_render_cluster;assembly_direct_call_graph:2_sites;manual_a2_cross_module_boundary_review	0x00412BE0:1;0x00412D30:1		rendering	cross_module_boundary_a2	manual_reviewed_current_assembly
0x004175B0	sub_4175B0	ida_export_catalog	game	rendering	confirmed_boundary	address_cluster:software_render_cluster;assembly_direct_call_graph:2_sites;manual_a2_cross_module_boundary_review	0x00413220:1;0x00413370:1		rendering	cross_module_boundary_a2	manual_reviewed_current_assembly
0x00417650	sub_417650	ida_export_catalog	game	rendering	confirmed_boundary	address_cluster:software_render_cluster;assembly_direct_call_graph:2_sites;manual_a2_cross_module_boundary_review	0x00413220:1;0x00413370:1		rendering	cross_module_boundary_a2	manual_reviewed_current_assembly
0x004176D0	sub_4176D0	ida_export_catalog	game	rendering	medium	address_cluster:software_render_cluster			rendering		mechanical_candidate_not_manually_reviewed
0x004177D0	sub_4177D0	ida_export_catalog	game	rendering	medium	address_cluster:software_render_cluster			rendering		mechanical_candidate_not_manually_reviewed
0x00417840	sub_417840	ida_export_catalog	game	rendering	medium	address_cluster:software_render_cluster			rendering		mechanical_candidate_not_manually_reviewed
0x00417950	sub_417950	ida_export_catalog	game	rendering	medium	address_cluster:software_render_cluster			rendering		mechanical_candidate_not_manually_reviewed
0x00417DE0	sub_417DE0	ida_export_catalog	game	rendering	confirmed_boundary	manual_module_assembly_review;manual_a2_cross_module_boundary_review	0x00414E50:5;0x0042ED40:1;0x0043B110:1		rendering	module_candidate_manual;cross_module_boundary_a2	manual_reviewed_current_assembly
0x00417E40	sub_417E40	ida_export_catalog	game	rendering	medium	address_cluster:software_render_cluster			rendering		mechanical_candidate_not_manually_reviewed
0x00417EC0	sub_417EC0	ida_export_catalog	game	rendering	medium	address_cluster:software_render_cluster			rendering		mechanical_candidate_not_manually_reviewed
0x00417FF4	sub_417FF4	assembly_proc_only	game	rendering	medium	address_cluster:software_render_cluster;assembly_proc_only_entry			rendering		mechanical_candidate_not_manually_reviewed
0x0041802D	sub_41802D	assembly_proc_only	game	rendering	medium	address_cluster:software_render_cluster;assembly_proc_only_entry			rendering		mechanical_candidate_not_manually_reviewed
0x00418066	sub_418066	assembly_proc_only	game	rendering	medium	address_cluster:software_render_cluster;assembly_proc_only_entry			rendering		mechanical_candidate_not_manually_reviewed
0x0041809F	sub_41809F	assembly_proc_only	game	rendering	medium	address_cluster:software_render_cluster;assembly_proc_only_entry			rendering		mechanical_candidate_not_manually_reviewed
0x004180D8	sub_4180D8	assembly_proc_only	game	rendering	medium	address_cluster:software_render_cluster;assembly_proc_only_entry			rendering		mechanical_candidate_not_manually_reviewed
0x00418111	sub_418111	assembly_proc_only	game	rendering	medium	address_cluster:software_render_cluster;assembly_proc_only_entry			rendering		mechanical_candidate_not_manually_reviewed
0x0041814A	sub_41814A	assembly_proc_only	game	rendering	medium	address_cluster:software_render_cluster;assembly_proc_only_entry			rendering		mechanical_candidate_not_manually_reviewed
0x00418183	sub_418183	assembly_proc_only	game	rendering	medium	address_cluster:software_render_cluster;assembly_proc_only_entry			rendering		mechanical_candidate_not_manually_reviewed
0x004181BC	sub_4181BC	assembly_proc_only	game	rendering	medium	address_cluster:software_render_cluster;assembly_proc_only_entry			rendering		mechanical_candidate_not_manually_reviewed
0x004181F5	sub_4181F5	assembly_proc_only	game	rendering	medium	address_cluster:software_render_cluster;assembly_proc_only_entry			rendering		mechanical_candidate_not_manually_reviewed
0x0041822E	sub_41822E	assembly_proc_only	game	rendering	medium	address_cluster:software_render_cluster;assembly_proc_only_entry			rendering		mechanical_candidate_not_manually_reviewed
0x00418267	sub_418267	assembly_proc_only	game	rendering	medium	address_cluster:software_render_cluster;assembly_proc_only_entry			rendering		mechanical_candidate_not_manually_reviewed
0x0041829D	sub_41829D	assembly_proc_only	game	rendering	medium	address_cluster:software_render_cluster;assembly_proc_only_entry			rendering		mechanical_candidate_not_manually_reviewed
0x004182D3	sub_4182D3	assembly_proc_only	game	rendering	medium	address_cluster:software_render_cluster;assembly_proc_only_entry			rendering		mechanical_candidate_not_manually_reviewed
0x00418309	sub_418309	assembly_proc_only	game	rendering	medium	address_cluster:software_render_cluster;assembly_proc_only_entry			rendering		mechanical_candidate_not_manually_reviewed
0x0041830E	sub_41830E	assembly_proc_only	game	rendering	medium	address_cluster:software_render_cluster;assembly_proc_only_entry			rendering		mechanical_candidate_not_manually_reviewed
0x00418350	sub_418350	ida_export_catalog	game	rendering	medium	address_cluster:software_render_cluster			rendering		mechanical_candidate_not_manually_reviewed
0x004185C0	sub_4185C0	ida_export_catalog	game	rendering	medium	address_cluster:software_render_cluster			rendering		mechanical_candidate_not_manually_reviewed
0x00418840	sub_418840	ida_export_catalog	game	rendering	medium	address_cluster:software_render_cluster			rendering		mechanical_candidate_not_manually_reviewed
0x00418EB0	sub_418EB0	ida_export_catalog	game	rendering	medium	address_cluster:software_render_cluster			rendering		mechanical_candidate_not_manually_reviewed
0x00419570	sub_419570	ida_export_catalog	game	rendering	medium	address_cluster:software_render_cluster			rendering		mechanical_candidate_not_manually_reviewed
0x0041A3B0	sub_41A3B0	ida_export_catalog	game	rendering	medium	address_cluster:software_render_cluster			rendering		mechanical_candidate_not_manually_reviewed
0x0041B280	sub_41B280	ida_export_catalog	game	rendering	medium	address_cluster:software_render_cluster			rendering		mechanical_candidate_not_manually_reviewed
0x0041B620	sub_41B620	ida_export_catalog	game	rendering	medium	address_cluster:software_render_cluster			rendering		mechanical_candidate_not_manually_reviewed
0x0041B9F0	sub_41B9F0	ida_export_catalog	game	rendering	medium	address_cluster:software_render_cluster			rendering		mechanical_candidate_not_manually_reviewed
0x0041CCF0	sub_41CCF0	ida_export_catalog	game	rendering	medium	address_cluster:software_render_cluster			rendering		mechanical_candidate_not_manually_reviewed
0x0041D010	sub_41D010	ida_export_catalog	game	rendering	medium	address_cluster:software_render_cluster			rendering		mechanical_candidate_not_manually_reviewed
0x0041D340	sub_41D340	ida_export_catalog	game	rendering	medium	address_cluster:software_render_cluster			rendering		mechanical_candidate_not_manually_reviewed
0x0041E5C0	sub_41E5C0	ida_export_catalog	game	rendering	medium	address_cluster:software_render_cluster			rendering		mechanical_candidate_not_manually_reviewed
0x0041F8D0	sub_41F8D0	ida_export_catalog	game	rendering	medium	address_cluster:software_render_cluster			rendering		mechanical_candidate_not_manually_reviewed
0x0041FEA0	sub_41FEA0	ida_export_catalog	game	rendering	medium	address_cluster:software_render_cluster			rendering		mechanical_candidate_not_manually_reviewed
0x00420490	sub_420490	ida_export_catalog	game	rendering	confirmed_boundary	manual_module_assembly_review;manual_a2_cross_module_boundary_review	0x004146F0:1;0x004154A0:1;0x00416590:1;0x004167B0:9;0x0043A610:1;0x0043B110:3;0x00441680:2;0x004425C0:1;0x004442B0:2;0x00447100:2;0x004490C0:3;0x0044C160:2;0x0044D920:1;0x00453580:1;0x0045D2F0:1		rendering	module_candidate_manual;cross_module_boundary_a2	manual_reviewed_current_assembly
0x00420560	sub_420560	ida_export_catalog	game	rendering	confirmed_boundary	address_cluster:software_render_cluster;assembly_direct_call_graph:3_sites;manual_a2_cross_module_boundary_review	0x00453580:1;0x0045AF90:1;0x0045BD10:1		rendering	cross_module_boundary_a2	manual_reviewed_current_assembly
0x00420600	sub_420600	ida_export_catalog	game	rendering	confirmed_boundary	address_cluster:software_render_cluster;assembly_direct_call_graph:3_sites;manual_a2_cross_module_boundary_review	0x00453580:1;0x0045AF90:1;0x0045BD10:1		rendering	cross_module_boundary_a2	manual_reviewed_current_assembly
0x004206F0	sub_4206F0	ida_export_catalog	game	rendering	confirmed_boundary	address_cluster:software_render_cluster;assembly_direct_call_graph:3_sites;manual_a2_cross_module_boundary_review	0x00453580:1;0x0045AF90:1;0x0045BD10:1		rendering	cross_module_boundary_a2	manual_reviewed_current_assembly
0x004207E0	sub_4207E0	ida_export_catalog	game	rendering	confirmed_boundary	address_cluster:software_render_cluster;assembly_direct_call_graph:7_sites;manual_a2_cross_module_boundary_review	0x004344E0:1;0x00434790:6		rendering	cross_module_boundary_a2	manual_reviewed_current_assembly
0x004208D0	sub_4208D0	ida_export_catalog	game	rendering	medium	address_cluster:software_render_cluster			rendering		mechanical_candidate_not_manually_reviewed
0x00420D70	sub_420D70	ida_export_catalog	game	rendering	medium	address_cluster:software_render_cluster			rendering		mechanical_candidate_not_manually_reviewed
0x00421230	sub_421230	ida_export_catalog	game	rendering	medium	address_cluster:software_render_cluster			rendering		mechanical_candidate_not_manually_reviewed
0x00421540	sub_421540	ida_export_catalog	game	rendering	medium	address_cluster:software_render_cluster			rendering		mechanical_candidate_not_manually_reviewed
0x00421850	sub_421850	ida_export_catalog	game	rendering	medium	address_cluster:software_render_cluster			rendering		mechanical_candidate_not_manually_reviewed
0x00421BE0	sub_421BE0	ida_export_catalog	game	rendering	medium	address_cluster:software_render_cluster			rendering		mechanical_candidate_not_manually_reviewed
0x00421FB0	sub_421FB0	ida_export_catalog	game	rendering	confirmed_boundary	address_cluster:software_render_cluster;assembly_direct_call_graph:3_sites;manual_a2_cross_module_boundary_review	0x0043B110:1;0x004490C0:1;0x0044D920:1		rendering	cross_module_boundary_a2	manual_reviewed_current_assembly
0x00422030	sub_422030	ida_export_catalog	game	rendering	medium	address_cluster:software_render_cluster			rendering		mechanical_candidate_not_manually_reviewed
0x004223A0	sub_4223A0	ida_export_catalog	game	rendering	medium	address_cluster:software_render_cluster			rendering		mechanical_candidate_not_manually_reviewed
0x00422730	sub_422730	ida_export_catalog	game	rendering	medium	address_cluster:software_render_cluster			rendering		mechanical_candidate_not_manually_reviewed
0x004229C0	sub_4229C0	ida_export_catalog	game	rendering	medium	address_cluster:software_render_cluster			rendering		mechanical_candidate_not_manually_reviewed
0x00422C70	sub_422C70	ida_export_catalog	game	rendering	confirmed_boundary	address_cluster:software_render_cluster;assembly_direct_call_graph:6_sites;manual_a2_cross_module_boundary_review	0x004527E0:5;0x00479850:1		rendering	cross_module_boundary_a2	manual_reviewed_current_assembly
0x00423020	sub_423020	ida_export_catalog	game	rendering	confirmed_boundary	address_cluster:software_render_cluster;assembly_direct_call_graph:1_sites;manual_a2_cross_module_boundary_review	0x00479850:1		rendering	cross_module_boundary_a2	manual_reviewed_current_assembly
0x004233D0	sub_4233D0	ida_export_catalog	game	rendering	confirmed_boundary	address_cluster:software_render_cluster;assembly_direct_call_graph:1_sites;manual_a2_cross_module_boundary_review	0x00425570:1		rendering	cross_module_boundary_a2	manual_reviewed_current_assembly
0x00423400	sub_423400	ida_export_catalog	game	rendering	medium	address_cluster:software_render_cluster;assembly_direct_call_graph:1_sites	0x00416D30:1		rendering		mechanical_candidate_not_manually_reviewed
0x004238B0	sub_4238B0	ida_export_catalog	game	rendering	confirmed_boundary	manual_module_assembly_review;manual_a2_cross_module_boundary_review	0x00401B70:1;0x00401C70:1;0x00401E50:1;0x00409600:1;0x0040C130:1;0x0040DE50:4;0x004157D0:1;0x004158C0:1;0x004239D0:1;0x00424B90:5;0x00426DF0:1;0x00427920:1		rendering	module_candidate_manual;cross_module_boundary_a2	manual_reviewed_current_assembly
0x004238D0	sub_4238D0	ida_export_catalog	game	rendering	confirmed_boundary	address_cluster:software_render_cluster;assembly_direct_call_graph:2_sites;manual_a2_cross_module_boundary_review	0x004070A0:1;0x004303D0:1		rendering	cross_module_boundary_a2	manual_reviewed_current_assembly
0x004238F0	sub_4238F0	ida_export_catalog	game	rendering	medium	address_cluster:software_render_cluster			rendering		mechanical_candidate_not_manually_reviewed
0x00423920	sub_423920	ida_export_catalog	game	rendering	medium	address_cluster:software_render_cluster			rendering		mechanical_candidate_not_manually_reviewed
0x00423950	sub_423950	ida_export_catalog	game	rendering	medium	address_cluster:software_render_cluster			rendering		mechanical_candidate_not_manually_reviewed
0x00423990	sub_423990	ida_export_catalog	game	rendering	medium	address_cluster:software_render_cluster			rendering		mechanical_candidate_not_manually_reviewed
0x004239D0	sub_4239D0	ida_export_catalog	game	rendering	confirmed_boundary	manual_module_assembly_review;manual_a2_cross_module_boundary_review	0x00408E70:1;0x0040ED60:1;0x00411700:1;0x004118B0:3;0x00411FA0:1;0x00416590:1;0x004167B0:1;0x004306C0:2;0x0043A2A0:1;0x0043AAA0:1;0x0043B110:1;0x0043C820:1;0x0043E800:2;0x0043FA70:3;0x00441680:5;0x00442130:1;0x004425C0:1;0x004442B0:6;0x00447100:4;0x004490C0:3;0x0044A280:5;0x0044AE70:2;0x0044C160:3;0x0044EA60:3;0x0044FD30:3;0x00451B10:2;0x00459D10:1;0x00466950:2;0x00469650:5	0x004238B0:1	rendering	module_candidate_manual;cross_module_boundary_a2	manual_reviewed_current_assembly
0x00423A10	sub_423A10	ida_export_catalog	game	resource_io	confirmed_boundary	address_cluster:configuration_and_path_cluster;assembly_direct_call_graph:10_sites;manual_a2_cross_module_boundary_review	0x00411C90:1	0x00423AF0:1;0x00438000:1;0x00438030:1;0x004380B0:1;0x00438150:2;0x00489D00:2;0x00489E90:1	resource_io	cross_module_boundary_a2	manual_reviewed_current_assembly
0x00423AF0	sub_423AF0	ida_export_catalog	game	resource_io	confirmed_boundary	address_cluster:configuration_and_path_cluster;assembly_direct_call_graph:18_sites;manual_a2_cross_module_boundary_review	0x00423A10:1;0x00423FB0:1;0x00449050:1;0x0044B010:1	0x00438000:1;0x00438030:1;0x004380B0:1;0x00438150:1;0x00438340:1;0x00438380:1;0x004383E0:1;0x004384B0:1;0x00487C10:1;0x004885A0:1;0x00489D00:2;0x00489E90:1;0x00489EB0:1	resource_io	cross_module_boundary_a2	manual_reviewed_current_assembly
0x00423E00	sub_423E00	ida_export_catalog	game	resource_io	confirmed_boundary	address_cluster:configuration_and_path_cluster;assembly_direct_call_graph:11_sites;manual_a2_cross_module_boundary_review	0x0044BDA0:1	0x00438000:1;0x00438030:1;0x004380B0:1;0x00438150:1;0x004383E0:1;0x00487C10:1;0x004885A0:1;0x00489D00:2;0x00489E90:1	resource_io	cross_module_boundary_a2	manual_reviewed_current_assembly
0x00423FB0	sub_423FB0	ida_export_catalog	game	resource_io	medium	address_cluster:configuration_and_path_cluster;assembly_direct_call_graph:18_sites	0x00425040:1	0x00423AF0:1;0x00424390:1;0x00438000:1;0x00438030:1;0x004380B0:2;0x00438150:2;0x00438340:2;0x00438380:2;0x00487C10:1;0x004885A0:1;0x00489D00:2;0x00489E90:1	resource_io		mechanical_candidate_not_manually_reviewed
0x004242B0	sub_4242B0	ida_export_catalog	game	runtime_platform	confirmed_boundary	address_cluster:configuration_and_path_cluster;assembly_direct_call_graph:4_sites;manual_a2_cross_module_boundary_review;b2_closure_reclassification:optical_drive_enumeration	0x00411C90:1;0x00425040:1	0x00487C10:1;0x004885A0:1	runtime_platform	cross_module_boundary_a2;b2_closure_reclassification	manual_reviewed_current_assembly
0x00424330	sub_424330	ida_export_catalog	game	asset_runtime	confirmed_boundary	manual_module_assembly_review;manual_a2_cross_module_boundary_review	0x00425040:1	0x004315C0:1;0x00432010:1	asset_runtime	module_candidate_manual;cross_module_boundary_a2	manual_reviewed_current_assembly
0x00424390	sub_424390	ida_export_catalog	game	input_time_rng	confirmed_boundary	manual_module_assembly_review;manual_a2_cross_module_boundary_review	0x0040A0D0:1;0x00411C90:1;0x00423FB0:1;0x0044BDA0:1		input_time_rng	module_candidate_manual;cross_module_boundary_a2	manual_reviewed_current_assembly
0x00424440	sub_424440	ida_export_catalog	game	runtime_platform	medium	address_cluster:startup_init_release_cluster;assembly_direct_call_graph:9_sites		0x0040DC50:1;0x00424930:2;0x00424A60:2;0x00487C10:2;0x004885A0:2	runtime_platform		mechanical_candidate_not_manually_reviewed
0x00424910	sub_424910	ida_export_catalog	game	runtime_platform	confirmed_boundary	manual_top_level_seed	0x0040A0D0:2	0x00424B90:1	runtime_platform	top_level_direct	manual_reviewed_existing_assembly_evidence
0x00424930	sub_424930	ida_export_catalog	game	runtime_platform	medium	address_cluster:startup_init_release_cluster;assembly_direct_call_graph:2_sites	0x00424440:2		runtime_platform		mechanical_candidate_not_manually_reviewed
0x00424A60	sub_424A60	ida_export_catalog	game	runtime_platform	medium	address_cluster:startup_init_release_cluster;assembly_direct_call_graph:2_sites	0x00424440:2		runtime_platform		mechanical_candidate_not_manually_reviewed
0x00424B90	sub_424B90	ida_export_catalog	game	runtime_platform	medium	address_cluster:startup_init_release_cluster;assembly_direct_call_graph:36_sites	0x00424910:1	0x00402030:1;0x0040DD20:1;0x0040E0B0:1;0x0040F040:1;0x0040F340:3;0x00411D90:1;0x00416D30:1;0x00416F10:2;0x00416F60:2;0x00416F80:1;0x004238B0:5;0x00424EF0:1;0x00425570:1;0x004259B0:1;0x00425B50:1;0x00437430:1;0x004374C0:1;0x00438340:1;0x00438380:1;0x004384B0:1;0x00439DE0:1;0x0044A240:1;0x00485850:1;0x00487C10:2;0x004885A0:2	runtime_platform		mechanical_candidate_not_manually_reviewed
0x00424EF0	sub_424EF0	ida_export_catalog	game	runtime_platform	confirmed_boundary	manual_module_assembly_review	0x00424B90:1	0x00436FB0:1;0x00437570:1;0x00437B60:1;0x00437DF0:1;0x00484550:1;0x00484DD0:1;0x00485360:1;0x004859B0:1;0x004862A0:3;0x004865B0:1	runtime_platform	module_candidate_manual	manual_reviewed_current_assembly
0x00425040	sub_425040	ida_export_catalog	game	runtime_platform	confirmed_boundary	manual_top_level_seed;manual_a2_cross_module_boundary_review;b2_closure_reclassification:startup_orchestrator	0x0040A0D0:1	0x0040DC80:1;0x0040DCB0:1;0x00423FB0:1;0x004242B0:1;0x00424330:1;0x00425150:5;0x00425570:1	runtime_platform	top_level_direct;cross_module_boundary_a2;b2_closure_reclassification	manual_reviewed_current_assembly
0x00425150	sub_425150	ida_export_catalog	game	resource_io	confirmed_boundary	manual_module_assembly_review	0x00425040:5		resource_io	module_candidate_manual	manual_reviewed_current_assembly
0x004251B0	sub_4251B0	ida_export_catalog	game	runtime_platform	confirmed_boundary	manual_top_level_seed	0x0040A0D0:1	0x004020C0:1;0x00406E00:1;0x0040DBC0:1;0x0040F3B0:1;0x0040F410:1;0x0040F500:1;0x0040F540:1;0x0040F570:1;0x0040F5A0:1;0x0040F5E0:1;0x0040F630:1;0x0040F670:1;0x00411F90:8;0x004258E0:1;0x00431960:1;0x00433010:1;0x004351F0:3;0x004374E0:1;0x00437A50:1;0x00437AD0:1;0x00438150:4;0x00438230:2;0x004382E0:2;0x0045EA30:1;0x00478110:1;0x00485710:1;0x00485740:1;0x004885A0:16	runtime_platform	top_level_direct	manual_reviewed_existing_assembly_evidence
0x00425470	sub_425470	ida_export_catalog	game	runtime_platform	medium	address_cluster:startup_init_release_cluster			runtime_platform		mechanical_candidate_not_manually_reviewed
0x00425570	sub_425570	ida_export_catalog	game	resource_io	confirmed_boundary	manual_module_assembly_review;manual_a2_cross_module_boundary_review	0x00424B90:1;0x00425040:1	0x004233D0:1;0x00425A70:1;0x00438000:3;0x00438030:3;0x004380B0:3;0x00438150:4;0x00438360:2;0x00438380:1;0x004383E0:2;0x004384B0:4;0x004384C0:2;0x004385A0:1;0x00438600:1;0x00487C10:1;0x004885A0:1;0x00489D00:6;0x00489E90:3	resource_io	module_candidate_manual;cross_module_boundary_a2	manual_reviewed_current_assembly
0x004258E0	sub_4258E0	ida_export_catalog	game	resource_io	confirmed_boundary	address_cluster:resource_initialization_cluster;assembly_direct_call_graph:12_sites;manual_a2_cross_module_boundary_review	0x004251B0:1	0x00438000:1;0x00438030:1;0x004380B0:1;0x00438150:1;0x004384C0:1;0x004385A0:1;0x00487C10:1;0x004885A0:1;0x00489D00:2;0x00489E90:1	resource_io	cross_module_boundary_a2	manual_reviewed_current_assembly
0x004259B0	sub_4259B0	ida_export_catalog	game	resource_io	confirmed_boundary	address_cluster:resource_initialization_cluster;assembly_direct_call_graph:10_sites;manual_a2_cross_module_boundary_review	0x00424B90:1	0x00438000:1;0x00438030:1;0x004380B0:1;0x00438150:1;0x004384C0:1;0x004385A0:1;0x00489D00:2;0x00489E90:1	resource_io	cross_module_boundary_a2	manual_reviewed_current_assembly
0x00425A70	sub_425A70	ida_export_catalog	game	resource_io	confirmed_boundary	manual_module_assembly_review	0x00425570:1	0x00438000:1;0x00438030:1;0x004380B0:1;0x00438150:1;0x00438340:1;0x00489D00:2;0x00489E90:1	resource_io	module_candidate_manual	manual_reviewed_current_assembly
0x00425B40	sub_425B40	ida_export_catalog	game	runtime_platform	confirmed_boundary	manual_top_level_seed	0x0040A0D0:1		runtime_platform	top_level_direct	manual_reviewed_existing_assembly_evidence
0x00425B50	sub_425B50	ida_export_catalog	game	world_map	confirmed_boundary	address_cluster:resource_initialization_cluster;assembly_direct_call_graph:6_sites;manual_a2_cross_module_boundary_review;b2_closure_reclassification:world_state_reset	0x0040F160:1;0x00424B90:1	0x0040DD40:1;0x004885A0:3	world_map	cross_module_boundary_a2;b2_closure_reclassification	manual_reviewed_current_assembly
0x00425BE0	sub_425BE0	ida_export_catalog	game	world_map	confirmed_boundary	manual_critical_abi_seed	0x0040C130:1	0x00401B70:1;0x0040DC00:1;0x0040ED60:7;0x00411490:2;0x00411620:1;0x00411F90:7;0x00426820:2;0x00426840:1;0x004380B0:1;0x00438150:2;0x00438230:1;0x004382E0:1;0x00438340:1;0x00438380:10;0x004384A0:1;0x004384B0:10;0x00438610:3;0x00438640:3;0x0044A240:1;0x00485330:28;0x00487C10:10;0x004885A0:10;0x00489D00:3;0x00489E90:1	world_map	critical_abi	manual_reviewed_existing_assembly_evidence
0x004267E0	sub_4267E0	ida_export_catalog	game	resource_io	confirmed_boundary	manual_module_assembly_review;manual_a2_cross_module_boundary_review	0x004070A0:4	0x00439120:1;0x00487C10:2;0x004885A0:1	resource_io	module_candidate_manual;cross_module_boundary_a2	manual_reviewed_current_assembly
0x00426820	sub_426820	ida_export_catalog	game	resource_io	confirmed_boundary	manual_module_assembly_review;manual_a2_cross_module_boundary_review	0x004070A0:4;0x00409600:2;0x0040AD10:1;0x004158C0:1;0x00425BE0:2;0x00426DF0:1	0x004399E0:1	resource_io	module_candidate_manual;cross_module_boundary_a2	manual_reviewed_current_assembly
0x00426840	sub_426840	ida_export_catalog	game	world_map	confirmed_boundary	manual_critical_abi_seed	0x00425BE0:1	0x00411F90:2;0x00426DF0:2;0x004270F0:1;0x00427140:3;0x00438000:3;0x00438030:9;0x004380B0:2;0x00438150:4;0x00438340:1;0x00438360:3;0x00438380:1;0x004383E0:3;0x004384B0:5;0x00485330:14;0x00487C10:2;0x004885A0:6	world_map	critical_abi	manual_reviewed_existing_assembly_evidence
0x00426DF0	sub_426DF0	ida_export_catalog	game	world_map	medium	address_cluster:map_loader_and_cache_cluster;assembly_direct_call_graph:38_sites	0x00426840:2	0x0040ED60:1;0x00411F90:2;0x004238B0:1;0x00426820:1;0x00438000:1;0x00438030:1;0x004380B0:1;0x00438150:3;0x00438380:2;0x004383E0:1;0x004384B0:2;0x00438640:1;0x0044A240:1;0x00485330:7;0x00487C10:4;0x004885A0:7	world_map		mechanical_candidate_not_manually_reviewed
0x004270F0	sub_4270F0	ida_export_catalog	game	world_map	medium	address_cluster:map_loader_and_cache_cluster;assembly_direct_call_graph:5_sites	0x00426840:1	0x004384B0:1;0x00438610:1;0x0044A240:1;0x00485330:1	world_map		mechanical_candidate_not_manually_reviewed
0x00427140	sub_427140	ida_export_catalog	game	world_map	medium	address_cluster:map_loader_and_cache_cluster;assembly_direct_call_graph:25_sites	0x00426840:3	0x00411F90:3;0x00438000:1;0x00438030:2;0x004380B0:1;0x00438150:1;0x004381E0:1;0x00438230:1;0x00438290:1;0x004382E0:1;0x00438640:2;0x00485330:5;0x00487C10:1;0x004885A0:2	world_map		mechanical_candidate_not_manually_reviewed
0x004272C0	sub_4272C0	ida_export_catalog	game	world_map	medium	address_cluster:map_loader_and_cache_cluster;assembly_direct_call_graph:2_sites		0x004272D0:1;0x00487BA0:1	world_map		mechanical_candidate_not_manually_reviewed
0x004272D0	unknown_libname_39	ida_export_catalog	crt	external_crt	confirmed_boundary	code_origin:crt;manual_reviewed_boundary_seed	0x004272C0:1		world_map	external_contract	manual_reviewed_current_assembly
0x004272F0	unknown_libname_40	ida_export_catalog	crt	external_crt	mechanical_boundary	code_origin:crt			runtime_platform		external_boundary_mechanical
0x00427300	sub_427300	ida_export_catalog	game	world_map	confirmed_boundary	manual_critical_abi_seed;manual_top_level_seed;manual_a2_cross_module_boundary_review	0x0040A570:1	0x0040C020:1;0x0040DB60:1;0x0040DBC0:1;0x0040DC30:1;0x0040DC50:2;0x0040E030:2;0x00411E20:1;0x00411F00:1;0x00431A20:1;0x004321E0:3;0x0044A240:6	world_map	critical_abi;top_level_direct;cross_module_boundary_a2	manual_reviewed_current_assembly
0x00427920	sub_427920	ida_export_catalog	game	story_scene	confirmed_boundary	manual_critical_abi_seed;manual_top_level_seed;manual_a2_cross_module_boundary_review	0x0040A570:1	0x00406D30:2;0x0040AE20:5;0x0040AEC0:1;0x0040AF70:1;0x0040AFF0:1;0x0040BAA0:2;0x0040BB20:1;0x0040C020:1;0x0040C060:2;0x0040C0D0:44;0x0040D160:1;0x0040D460:12;0x0040D560:2;0x0040D610:1;0x0040D790:1;0x0040DC00:4;0x0040DC50:2;0x0040DC80:5;0x0040DCB0:7;0x0040DD20:2;0x0040DD30:2;0x0040DD40:4;0x0040F280:1;0x0040F500:1;0x0040F570:1;0x00411030:3;0x004112B0:3;0x00411490:2;0x00411530:3;0x004118B0:1;0x00411E20:1;0x00411F00:1;0x00411F90:3;0x004158C0:1;0x004238B0:1;0x0042D920:5;0x0042DAF0:5;0x0042E280:3;0x0042E430:10;0x0042E480:1;0x0042E5A0:2;0x0042E740:3;0x0042E790:3;0x00430B60:1;0x00430C60:1;0x00430FF0:1;0x004321E0:13;0x00437DF0:2;0x00438000:1;0x00438030:2;0x004380B0:3;0x00438150:3;0x00438380:4;0x004384B0:2;0x004384C0:2;0x00438610:1;0x00438640:1;0x00439070:1;0x0044A240:62;0x0044D0F0:1;0x0044D2D0:4;0x0044D650:2;0x0044D680:4;0x00484730:1;0x00484DA0:1;0x00485330:12;0x00485610:2;0x00485850:2;0x00485880:2;0x00487C10:24;0x004885A0:25;0x00489654:4;0x00489D00:4;0x00489E90:2	story_scene	critical_abi;top_level_direct;cross_module_boundary_a2	manual_reviewed_current_assembly
0x0042D920	sub_42D920	ida_export_catalog	game	story_scene	confirmed_boundary	address_cluster:story_vm_cluster;assembly_direct_call_graph:12_sites;manual_a2_cross_module_boundary_review	0x0040F6D0:1;0x004120B0:1;0x00427920:5	0x004021D0:1;0x00402200:1;0x00402230:1;0x0040DD40:1;0x0044A240:1	story_scene	cross_module_boundary_a2	manual_reviewed_current_assembly
0x0042DAF0	sub_42DAF0	ida_export_catalog	game	story_scene	medium	address_cluster:story_vm_cluster;assembly_direct_call_graph:32_sites	0x00427920:5	0x004021D0:1;0x00402200:2;0x00402230:1;0x00402F70:1;0x0040AE20:5;0x0040AEC0:4;0x0040C060:2;0x0040D0C0:3;0x0040DC50:1;0x00411530:5;0x0044A240:2	story_scene		mechanical_candidate_not_manually_reviewed
0x0042E280	sub_42E280	ida_export_catalog	game	story_scene	medium	address_cluster:story_vm_cluster;assembly_direct_call_graph:6_sites	0x00427920:3	0x0040BB50:1;0x0040D0C0:1;0x0044A240:1	story_scene		mechanical_candidate_not_manually_reviewed
0x0042E430	sub_42E430	ida_export_catalog	game	story_scene	medium	address_cluster:story_vm_cluster;assembly_direct_call_graph:13_sites	0x00427920:10	0x00438380:1;0x004384B0:1;0x00485330:1	story_scene		mechanical_candidate_not_manually_reviewed
0x0042E480	sub_42E480	ida_export_catalog	game	story_scene	medium	address_cluster:story_vm_cluster;assembly_direct_call_graph:11_sites	0x00427920:1	0x004380B0:1;0x00438150:1;0x00438380:1;0x004384B0:2;0x00438610:1;0x0044A240:1;0x00485330:3	story_scene		mechanical_candidate_not_manually_reviewed
0x0042E5A0	sub_42E5A0	ida_export_catalog	game	story_scene	medium	address_cluster:story_vm_cluster;assembly_direct_call_graph:5_sites	0x00427920:2	0x0040AE20:1;0x00411530:2	story_scene		mechanical_candidate_not_manually_reviewed
0x0042E740	sub_42E740	ida_export_catalog	game	story_scene	medium	address_cluster:story_vm_cluster;assembly_direct_call_graph:4_sites	0x00427920:3	0x0040C0D0:1	story_scene		mechanical_candidate_not_manually_reviewed
0x0042E790	sub_42E790	ida_export_catalog	game	story_scene	confirmed_boundary	address_cluster:story_vm_cluster;assembly_direct_call_graph:5_sites;manual_a2_cross_module_boundary_review	0x00427920:3;0x0043BFC0:1	0x0040C130:1	story_scene	cross_module_boundary_a2	manual_reviewed_current_assembly
0x0042E850	sub_42E850	ida_export_catalog	game	rendering	confirmed_boundary	manual_module_assembly_review;manual_a2_cross_module_boundary_review	0x00408E70:3;0x0042ED40:2;0x0043BAB0:1;0x0043BD70:1;0x00441680:2;0x004442B0:4;0x00447100:5;0x0044A280:3;0x0044C160:5;0x0044EA60:9;0x00453200:1;0x00465480:1;0x004659C0:1;0x00465E50:2;0x00466190:2;0x00466500:2;0x004667B0:2;0x00466950:1;0x00467710:2;0x00467AC0:2;0x00467F00:2;0x00468930:1;0x00468AD0:1;0x00468ED0:1;0x00469080:2;0x00469220:2;0x00469340:2;0x00469550:1;0x00469650:2;0x00469960:1	0x00416FF0:10;0x004170E0:10;0x004315D0:11	rendering	module_candidate_manual;cross_module_boundary_a2	manual_reviewed_current_assembly
0x0042ED40	sub_42ED40	ida_export_catalog	game	story_scene	confirmed_boundary	address_cluster:story_vm_cluster;assembly_direct_call_graph:46_sites;manual_a2_cross_module_boundary_review	0x00412930:1;0x00453200:1	0x0040DE50:1;0x00416F10:1;0x00416F60:1;0x00416FF0:2;0x004170E0:2;0x00417DE0:1;0x0042E850:2;0x00430350:10;0x00430BE0:1;0x004315D0:2;0x004321E0:3;0x004355B0:2;0x00435660:1;0x00435670:2;0x00436AD0:2;0x00437B60:1;0x00437C40:2;0x0044A240:3;0x00485610:1;0x00487C10:1;0x004885A0:3	story_scene	cross_module_boundary_a2	manual_reviewed_current_assembly
0x00430180	sub_430180	ida_export_catalog	game	story_scene	medium	address_cluster:story_vm_cluster;assembly_direct_call_graph:1_sites	0x00430230:1		story_scene		mechanical_candidate_not_manually_reviewed
0x00430230	sub_430230	ida_export_catalog	game	story_scene	confirmed_boundary	address_cluster:story_vm_cluster;assembly_direct_call_graph:6_sites;manual_a2_cross_module_boundary_review	0x00413FE0:5	0x00430180:1	story_scene	cross_module_boundary_a2	manual_reviewed_current_assembly
0x004302F0	sub_4302F0	ida_export_catalog	game	story_scene	confirmed_boundary	address_cluster:story_vm_cluster;assembly_direct_call_graph:15_sites;manual_a2_cross_module_boundary_review	0x00413FE0:13	0x00436AD0:1;0x00489D90:1	story_scene	cross_module_boundary_a2	manual_reviewed_current_assembly
0x00430350	sub_430350	ida_export_catalog	game	story_scene	medium	address_cluster:story_vm_cluster;assembly_direct_call_graph:15_sites	0x0042ED40:10	0x00435660:2;0x00435670:2;0x00436AD0:1	story_scene		mechanical_candidate_not_manually_reviewed
0x004303D0	sub_4303D0	ida_export_catalog	game	rendering	confirmed_boundary	manual_top_level_seed;manual_a2_cross_module_boundary_review	0x0040A0D0:1;0x00453200:1	0x004238D0:1;0x00438000:1;0x00438030:2;0x004380B0:1;0x00438150:1;0x00438360:1;0x004383E0:3;0x004384B0:3;0x004384D0:1;0x004385B0:2;0x00485330:2;0x00487C10:2;0x004885A0:3	rendering	top_level_direct;cross_module_boundary_a2	manual_reviewed_current_assembly
0x004306C0	sub_4306C0	ida_export_catalog	game	rendering	confirmed_boundary	address_cluster:bitmap_output_cluster;assembly_direct_call_graph:11_sites;manual_a2_cross_module_boundary_review	0x0043BD70:1;0x0043CC20:1;0x004442B0:1;0x0044D070:1	0x004239D0:2;0x00435660:1;0x00435670:1;0x00436AD0:3	rendering	cross_module_boundary_a2	manual_reviewed_current_assembly
0x004308C0	sub_4308C0	ida_export_catalog	game	rendering	confirmed_boundary	address_cluster:bitmap_output_cluster;assembly_direct_call_graph:21_sites;manual_a2_cross_module_boundary_review	0x004120B0:1;0x00453200:2	0x0040DC50:3;0x004170E0:5;0x004315D0:5;0x004321E0:5	rendering	cross_module_boundary_a2	manual_reviewed_current_assembly
0x00430B60	sub_430B60	ida_export_catalog	game	rendering	confirmed_boundary	address_cluster:bitmap_output_cluster;assembly_direct_call_graph:5_sites;manual_a2_cross_module_boundary_review	0x00427920:1;0x004539B0:1	0x0040DC80:3	rendering	cross_module_boundary_a2	manual_reviewed_current_assembly
0x00430BE0	sub_430BE0	ida_export_catalog	game	runtime_platform	confirmed_boundary	manual_module_assembly_review;manual_a2_cross_module_boundary_review	0x0040B7F0:1;0x0040F890:10;0x0042ED40:1		runtime_platform	module_candidate_manual;cross_module_boundary_a2	manual_reviewed_current_assembly
0x00430C60	sub_430C60	ida_export_catalog	game	asset_runtime	confirmed_boundary	address_cluster:tsw_act_action_cluster;assembly_direct_call_graph:6_sites;manual_a2_cross_module_boundary_review	0x00401190:1;0x00427920:1;0x004539B0:1;0x00455D60:1	0x00487C10:2	asset_runtime	cross_module_boundary_a2	manual_reviewed_current_assembly
0x00430CF0	sub_430CF0	ida_export_catalog	game	asset_runtime	confirmed_boundary	address_cluster:tsw_act_action_cluster;assembly_direct_call_graph:6_sites;manual_a2_cross_module_boundary_review	0x0040F690:1;0x00416CC0:1;0x004539B0:1;0x00455D60:1	0x004885A0:2	asset_runtime	cross_module_boundary_a2	manual_reviewed_current_assembly
0x00430D10	sub_430D10	ida_export_catalog	game	asset_runtime	confirmed_boundary	address_cluster:tsw_act_action_cluster;assembly_direct_call_graph:4_sites;manual_a2_cross_module_boundary_review	0x004582B0:4		asset_runtime	cross_module_boundary_a2	manual_reviewed_current_assembly
0x00430D50	sub_430D50	ida_export_catalog	game	asset_runtime	confirmed_boundary	address_cluster:tsw_act_action_cluster;assembly_direct_call_graph:3_sites;manual_a2_cross_module_boundary_review	0x00416CC0:1;0x004582B0:2		asset_runtime	cross_module_boundary_a2	manual_reviewed_current_assembly
0x00430D80	sub_430D80	ida_export_catalog	game	asset_runtime	confirmed_boundary	address_cluster:tsw_act_action_cluster;assembly_direct_call_graph:3_sites;manual_a2_cross_module_boundary_review	0x00416CC0:1;0x004582B0:2		asset_runtime	cross_module_boundary_a2	manual_reviewed_current_assembly
0x00430EB0	sub_430EB0	ida_export_catalog	game	asset_runtime	confirmed_boundary	address_cluster:tsw_act_action_cluster;assembly_direct_call_graph:3_sites;manual_a2_cross_module_boundary_review	0x00416CC0:1;0x004582B0:2		asset_runtime	cross_module_boundary_a2	manual_reviewed_current_assembly
0x00430FF0	sub_430FF0	ida_export_catalog	game	asset_runtime	confirmed_boundary	address_cluster:tsw_act_action_cluster;assembly_direct_call_graph:6_sites;manual_a2_cross_module_boundary_review	0x00427920:1;0x004582B0:2	0x00489654:1;0x00489B20:2	asset_runtime	cross_module_boundary_a2	manual_reviewed_current_assembly
0x00431150	sub_431150	ida_export_catalog	game	runtime_platform	confirmed_boundary	address_cluster:tsw_act_action_cluster;assembly_direct_call_graph:7_sites;manual_a2_cross_module_boundary_review;manual_b6_closure_ownership_review	0x0046E730:1;0x0046E890:1;0x0046E9C0:1;0x0046EBB0:1;0x00470AC0:1;0x00477400:1;0x00477BD0:1		runtime_platform	cross_module_boundary_a2;b6_closure_transfer	manual_reviewed_current_assembly
0x004311C0	sub_4311C0	ida_export_catalog	game	runtime_platform	confirmed_boundary	address_cluster:tsw_act_action_cluster;decompile_token_navigation_only:render_api_token;assembly_direct_call_graph:7_sites;manual_a2_cross_module_boundary_review;manual_b6_closure_ownership_review	0x00437610:1;0x00437680:1;0x004376D0:1;0x00437720:3;0x004377D0:1		runtime_platform	cross_module_boundary_a2;b6_closure_transfer	manual_reviewed_current_assembly
0x004315C0	sub_4315C0	ida_export_catalog	game	asset_runtime	confirmed_boundary	manual_module_assembly_review	0x00424330:1		asset_runtime	module_candidate_manual	manual_reviewed_current_assembly
0x004315D0	sub_4315D0	ida_export_catalog	game	asset_runtime	confirmed_boundary	manual_critical_abi_seed;manual_a2_cross_module_boundary_review	0x0040EBF0:1;0x0040EC80:1;0x0040ECC0:1;0x00411700:1;0x004117F0:2;0x00413910:2;0x00413F00:1;0x004147E0:1;0x004149B0:1;0x00414B60:1;0x00414CE0:1;0x00415B70:1;0x00415EE0:1;0x004161C0:1;0x00416B30:2;0x0042E850:11;0x0042ED40:2;0x004308C0:5;0x0043A880:1;0x0043AE40:2;0x0043B080:1;0x0043D470:2;0x0043E800:1;0x0043FDE0:4;0x00442130:3;0x00442960:1;0x004442B0:1;0x00449C30:1;0x0044FFE0:9;0x00450270:1;0x004502B0:1;0x00450400:1;0x00450490:1;0x004504E0:1;0x00450530:2;0x004505B0:2;0x00450630:2;0x004506B0:1;0x00450900:1;0x004509D0:1;0x00450A80:1;0x00450B60:1;0x00450BD0:1;0x00450C50:4;0x00450F90:1;0x00451100:3;0x004512B0:5;0x00459BF0:1;0x00471540:1;0x004717F0:1;0x00471AD0:1;0x00471D60:1;0x00471FC0:1;0x004721F0:1;0x004724D0:1;0x004728E0:1;0x00472CE0:2;0x004731A0:1;0x004735B0:2;0x00473C10:3;0x004751C0:1;0x004763D0:1;0x004784A0:1;0x00478620:1;0x00478B60:3;0x00479850:1;0x0047BA80:3;0x0047C6B0:1;0x0047C950:1;0x0047E650:1;0x0047E7F0:1;0x0047F3C0:2;0x0047F580:2;0x0047F710:1;0x0047F940:1;0x0047FC40:2;0x00480AE0:1;0x00480D40:1;0x004820A0:1;0x00482310:1;0x00482840:1;0x004831C0:2;0x00483700:1;0x004838D0:1;0x00483B30:1;0x00483DB0:1;0x00484230:1	0x00431A50:1;0x00431C50:1;0x00431DF0:1;0x00431EA0:1;0x00433270:6	asset_runtime	critical_abi;cross_module_boundary_a2	manual_reviewed_current_assembly
0x00431760	sub_431760	ida_export_catalog	game	asset_runtime	confirmed_boundary	address_cluster:tsw_act_action_cluster;decompile_token_navigation_only:asset_container_token;assembly_direct_call_graph:17_sites;manual_a2_cross_module_boundary_review	0x00451420:1;0x004582B0:2;0x00458DE0:2;0x004599B0:1	0x00401C70:1;0x00431A50:1;0x00431AA0:1;0x00433270:6;0x00433720:1;0x00487C10:1	asset_runtime	cross_module_boundary_a2	manual_reviewed_current_assembly
0x00431960	sub_431960	ida_export_catalog	game	asset_runtime	confirmed_boundary	manual_top_level_seed;manual_a2_cross_module_boundary_review	0x00402F80:1;0x0040A570:1;0x0040C130:1;0x004251B0:1;0x00439FD0:3;0x0045B630:1	0x00431F80:1;0x00433BF0:1	asset_runtime	top_level_direct;cross_module_boundary_a2	manual_reviewed_current_assembly
0x00431A20	sub_431A20	ida_export_catalog	game	asset_runtime	confirmed_boundary	address_cluster:tsw_act_action_cluster;assembly_direct_call_graph:2_sites;manual_a2_cross_module_boundary_review	0x00427300:1	0x00431DF0:1	asset_runtime	cross_module_boundary_a2	manual_reviewed_current_assembly
0x00431A50	sub_431A50	ida_export_catalog	game	asset_runtime	medium	address_cluster:tsw_act_action_cluster;assembly_direct_call_graph:2_sites	0x004315D0:1;0x00431760:1		asset_runtime		mechanical_candidate_not_manually_reviewed
0x00431AA0	sub_431AA0	ida_export_catalog	game	asset_runtime	medium	address_cluster:tsw_act_action_cluster;assembly_direct_call_graph:5_sites	0x00431760:1;0x00431C50:1	0x004332A0:3	asset_runtime		mechanical_candidate_not_manually_reviewed
0x00431C50	sub_431C50	ida_export_catalog	game	asset_runtime	medium	address_cluster:tsw_act_action_cluster;assembly_direct_call_graph:7_sites	0x004315D0:1	0x00401C70:1;0x0040AD10:1;0x00411F90:1;0x00431AA0:1;0x00433380:1;0x00487C10:1	asset_runtime		mechanical_candidate_not_manually_reviewed
0x00431DF0	sub_431DF0	ida_export_catalog	game	asset_runtime	medium	address_cluster:tsw_act_action_cluster;assembly_direct_call_graph:2_sites	0x004315D0:1;0x00431A20:1		asset_runtime		mechanical_candidate_not_manually_reviewed
0x00431EA0	sub_431EA0	ida_export_catalog	game	asset_runtime	medium	address_cluster:tsw_act_action_cluster;assembly_direct_call_graph:5_sites	0x004315D0:1	0x004885A0:4	asset_runtime		mechanical_candidate_not_manually_reviewed
0x00431F80	sub_431F80	ida_export_catalog	game	asset_runtime	medium	address_cluster:tsw_act_action_cluster;assembly_direct_call_graph:5_sites	0x00431960:1	0x004885A0:4	asset_runtime		mechanical_candidate_not_manually_reviewed
0x00432010	sub_432010	ida_export_catalog	game	asset_runtime	confirmed_boundary	manual_module_assembly_review	0x00424330:1		asset_runtime	module_candidate_manual	manual_reviewed_current_assembly
0x00432020	sub_432020	ida_export_catalog	game	asset_runtime	medium	address_cluster:tsw_act_action_cluster;assembly_direct_call_graph:12_sites	0x00432A50:6;0x00432BC0:6		asset_runtime		mechanical_candidate_not_manually_reviewed
0x00432050	sub_432050	ida_export_catalog	game	asset_runtime	medium	address_cluster:tsw_act_action_cluster;assembly_direct_call_graph:2_sites	0x004320E0:1	0x00487C10:1	asset_runtime		mechanical_candidate_not_manually_reviewed
0x004320E0	sub_4320E0	ida_export_catalog	game	asset_runtime	medium	address_cluster:tsw_act_action_cluster;assembly_direct_call_graph:9_sites	0x00432BC0:1;0x00432D30:1	0x00411F90:1;0x00432050:1;0x00433090:1;0x00433190:1;0x00487C10:1;0x004885A0:2	asset_runtime		mechanical_candidate_not_manually_reviewed
0x004321E0	sub_4321E0	ida_export_catalog	game	asset_runtime	confirmed_boundary	manual_critical_abi_seed;manual_a2_cross_module_boundary_review	0x00402F80:4;0x00405430:1;0x00405500:6;0x00408E70:2;0x0040AFF0:2;0x0040E0B0:3;0x0040EBF0:1;0x0040ECC0:1;0x0040F280:1;0x0040F6D0:1;0x004120B0:5;0x004147E0:1;0x004149B0:1;0x00414B60:1;0x00414CE0:1;0x00415B70:1;0x00415EE0:1;0x004161C0:1;0x00416B30:2;0x00427300:3;0x00427920:13;0x0042ED40:3;0x004308C0:5;0x0043A880:1;0x0043AE40:2;0x0043B080:1;0x0043BAB0:1;0x0043FDE0:4;0x00441680:2;0x004425C0:1;0x004442B0:1;0x00447100:3;0x00448EE0:1;0x00449C30:1;0x0044C160:1;0x004502B0:1;0x00450400:1;0x004509D0:1;0x00450A80:1;0x00450B60:1;0x00450C50:4;0x00450F90:1;0x00451420:2;0x00451540:1;0x004515E0:2;0x00453200:1;0x004582B0:2;0x00458DE0:2;0x004599B0:1;0x00459BF0:1;0x00465480:1;0x004659C0:1;0x00465E50:1;0x00466190:1;0x00466500:1;0x004667B0:1;0x00466950:1;0x00467710:1;0x00467AC0:1;0x00467F00:1;0x00468930:1;0x00468AD0:1;0x00469080:1;0x00469220:1;0x00469340:1;0x00469550:1;0x00469650:1;0x00469960:1;0x00471540:1;0x004717F0:1;0x00471AD0:1;0x00471D60:1;0x00471FC0:1;0x004721F0:1;0x004724D0:1;0x004728E0:1;0x00472CE0:2;0x004731A0:1;0x004735B0:2;0x00473C10:3;0x004751C0:1;0x004763D0:1;0x004784A0:1;0x00478620:1;0x00478B60:2;0x00479850:1;0x0047BA80:2;0x0047C6B0:1;0x0047C950:1;0x0047E650:1;0x0047F940:1;0x0047FC40:2;0x00480AE0:1;0x00480D40:1;0x00482310:2;0x00482840:2;0x004831C0:1;0x004838D0:1;0x00483B30:1;0x00483DB0:1;0x00484230:1	0x00432A50:1;0x00432BC0:1	asset_runtime	critical_abi;cross_module_boundary_a2	manual_reviewed_current_assembly
0x00432A50	sub_432A50	ida_export_catalog	game	asset_runtime	confirmed_boundary	manual_critical_abi_seed	0x004321E0:1	0x00432020:6;0x00432D30:1;0x00432E40:1;0x00432EE0:1	asset_runtime	critical_abi	manual_reviewed_existing_assembly_evidence
0x00432BC0	sub_432BC0	ida_export_catalog	game	asset_runtime	medium	address_cluster:tsw_act_action_cluster;decompile_token_navigation_only:asset_container_token;assembly_direct_call_graph:8_sites	0x004321E0:1	0x00432020:6;0x004320E0:1	asset_runtime		mechanical_candidate_not_manually_reviewed
0x00432D30	sub_432D30	ida_export_catalog	game	asset_runtime	medium	address_cluster:tsw_act_action_cluster;assembly_direct_call_graph:4_sites	0x00432A50:1	0x00411F90:1;0x004320E0:1;0x00487C10:1	asset_runtime		mechanical_candidate_not_manually_reviewed
0x00432E40	sub_432E40	ida_export_catalog	game	asset_runtime	medium	address_cluster:tsw_act_action_cluster;assembly_direct_call_graph:1_sites	0x00432A50:1		asset_runtime		mechanical_candidate_not_manually_reviewed
0x00432EE0	sub_432EE0	ida_export_catalog	game	asset_runtime	medium	address_cluster:tsw_act_action_cluster;assembly_direct_call_graph:3_sites	0x00432A50:1	0x004885A0:2	asset_runtime		mechanical_candidate_not_manually_reviewed
0x00432FA0	sub_432FA0	ida_export_catalog	game	asset_runtime	medium	address_cluster:tsw_act_action_cluster;assembly_direct_call_graph:3_sites	0x00433010:1	0x004885A0:2	asset_runtime		mechanical_candidate_not_manually_reviewed
0x00433010	sub_433010	ida_export_catalog	game	asset_runtime	confirmed_boundary	manual_top_level_seed;manual_a2_cross_module_boundary_review	0x00402F80:1;0x0040A570:1;0x0040C130:1;0x004251B0:1;0x0045B630:1	0x00432FA0:1;0x00433220:1	asset_runtime	top_level_direct;cross_module_boundary_a2	manual_reviewed_current_assembly
0x00433080	sub_433080	ida_export_catalog	game	asset_runtime	confirmed_boundary	address_cluster:tsw_act_action_cluster;assembly_direct_call_graph:1_sites;manual_a2_cross_module_boundary_review	0x0040E0B0:1		asset_runtime	cross_module_boundary_a2	manual_reviewed_current_assembly
0x00433090	sub_433090	ida_export_catalog	game	asset_runtime	medium	address_cluster:tsw_act_action_cluster;assembly_direct_call_graph:2_sites	0x004320E0:1	0x00487C10:1	asset_runtime		mechanical_candidate_not_manually_reviewed
0x00433190	sub_433190	ida_export_catalog	game	asset_runtime	medium	address_cluster:tsw_act_action_cluster;assembly_direct_call_graph:1_sites	0x004320E0:1		asset_runtime		mechanical_candidate_not_manually_reviewed
0x00433220	sub_433220	ida_export_catalog	game	asset_runtime	medium	address_cluster:tsw_act_action_cluster;assembly_direct_call_graph:2_sites	0x00433010:1	0x004885A0:1	asset_runtime		mechanical_candidate_not_manually_reviewed
0x00433270	sub_433270	ida_export_catalog	game	asset_runtime	medium	address_cluster:tsw_act_action_cluster;assembly_direct_call_graph:13_sites	0x004315D0:6;0x00431760:6;0x00433320:1		asset_runtime		mechanical_candidate_not_manually_reviewed
0x004332A0	sub_4332A0	ida_export_catalog	game	asset_runtime	medium	address_cluster:tsw_act_action_cluster;assembly_direct_call_graph:7_sites	0x00431AA0:3;0x00433380:1;0x00433720:1	0x00485330:1;0x00487C10:1	asset_runtime		mechanical_candidate_not_manually_reviewed
0x00433320	sub_433320	ida_export_catalog	game	asset_runtime	confirmed_boundary	address_cluster:tsw_act_action_cluster;assembly_direct_call_graph:3_sites;manual_a2_cross_module_boundary_review	0x00451940:1	0x00433270:1;0x00433380:1	asset_runtime	cross_module_boundary_a2	manual_reviewed_current_assembly
0x00433380	sub_433380	ida_export_catalog	game	asset_runtime	medium	address_cluster:tsw_act_action_cluster;assembly_direct_call_graph:7_sites	0x00431C50:1;0x00433320:1	0x00411F90:2;0x004332A0:1;0x00433540:1;0x00485330:1	asset_runtime		mechanical_candidate_not_manually_reviewed
0x00433540	sub_433540	ida_export_catalog	game	asset_runtime	medium	address_cluster:tsw_act_action_cluster;assembly_direct_call_graph:13_sites	0x00433380:1	0x00411F90:1;0x004399E0:1;0x00485330:4;0x00487C10:3;0x004885A0:3	asset_runtime		mechanical_candidate_not_manually_reviewed
0x00433720	sub_433720	ida_export_catalog	game	asset_runtime	medium	address_cluster:tsw_act_action_cluster;assembly_direct_call_graph:4_sites	0x00431760:1	0x004332A0:1;0x004338F0:1;0x00485330:1	asset_runtime		mechanical_candidate_not_manually_reviewed
0x004338F0	sub_4338F0	ida_export_catalog	game	asset_runtime	medium	address_cluster:tsw_act_action_cluster;assembly_direct_call_graph:8_sites	0x00433720:1	0x004399E0:1;0x00485330:1;0x00487C10:2;0x004885A0:3	asset_runtime		mechanical_candidate_not_manually_reviewed
0x00433AA0	sub_433AA0	ida_export_catalog	game	battle	confirmed_boundary	address_cluster:tsw_act_action_cluster;assembly_direct_call_graph:3_sites;manual_a2_cross_module_boundary_review;manual_b6_closure_ownership_review	0x0045FC60:3		battle	cross_module_boundary_a2;b6_closure_transfer	manual_reviewed_current_assembly
0x00433BF0	sub_433BF0	ida_export_catalog	game	asset_runtime	medium	address_cluster:tsw_act_action_cluster;assembly_direct_call_graph:3_sites	0x00431960:1	0x004885A0:2	asset_runtime		mechanical_candidate_not_manually_reviewed
0x00433C40	sub_433C40	ida_export_catalog	game	battle	confirmed_boundary	address_cluster:tsw_act_action_cluster;assembly_direct_call_graph:4_sites;manual_b6_closure_ownership_review		0x00433E20:1;0x00433E90:1;0x004342E0:1;0x00489654:1	battle	b6_closure_transfer	manual_reviewed_current_assembly
0x00433D70	sub_433D70	ida_export_catalog	game	battle	confirmed_boundary	address_cluster:tsw_act_action_cluster;assembly_direct_call_graph:5_sites;manual_a2_cross_module_boundary_review;manual_b6_closure_ownership_review	0x0045B630:1;0x0045EA30:1	0x00433F00:1;0x004885A0:2	battle	cross_module_boundary_a2;b6_closure_transfer	manual_reviewed_current_assembly
0x00433DC0	sub_433DC0	ida_export_catalog	game	battle	confirmed_boundary	address_cluster:tsw_act_action_cluster;assembly_direct_call_graph:5_sites;manual_a2_cross_module_boundary_review;manual_b6_closure_ownership_review	0x00451B10:1	0x00433E20:1;0x00433E90:1;0x004342E0:1;0x00437E90:1	battle	cross_module_boundary_a2;b6_closure_transfer	manual_reviewed_current_assembly
0x00433E20	sub_433E20	ida_export_catalog	game	battle	confirmed_boundary	address_cluster:tsw_act_action_cluster;assembly_direct_call_graph:4_sites;manual_b6_closure_ownership_review	0x00433C40:1;0x00433DC0:1	0x00487C10:1;0x004885A0:1	battle	b6_closure_transfer	manual_reviewed_current_assembly
0x00433E90	sub_433E90	ida_export_catalog	game	battle	confirmed_boundary	address_cluster:tsw_act_action_cluster;assembly_direct_call_graph:5_sites;manual_b6_closure_ownership_review	0x00433C40:1;0x00433DC0:1;0x00433F30:1	0x00487C10:1;0x004885A0:1	battle	b6_closure_transfer	manual_reviewed_current_assembly
0x00433F00	sub_433F00	ida_export_catalog	game	battle	confirmed_boundary	address_cluster:tsw_act_action_cluster;assembly_direct_call_graph:2_sites;manual_b6_closure_ownership_review	0x00433D70:1	0x004885A0:1	battle	b6_closure_transfer	manual_reviewed_current_assembly
0x00433F30	sub_433F30	ida_export_catalog	game	battle	confirmed_boundary	address_cluster:tsw_act_action_cluster;assembly_direct_call_graph:7_sites;manual_a2_cross_module_boundary_review;manual_b6_closure_ownership_review	0x004710D0:1;0x00479850:3;0x00484020:1	0x00433E90:1;0x004342E0:1	battle	cross_module_boundary_a2;b6_closure_transfer	manual_reviewed_current_assembly
0x00433F70	sub_433F70	ida_export_catalog	game	battle	confirmed_boundary	address_cluster:tsw_act_action_cluster;assembly_direct_call_graph:13_sites;manual_a2_cross_module_boundary_review;manual_b6_closure_ownership_review	0x00451420:1;0x004515E0:1;0x00451940:1;0x00453580:2	0x00487C10:4;0x004885A0:4	battle	cross_module_boundary_a2;b6_closure_transfer	manual_reviewed_current_assembly
0x004342E0	sub_4342E0	ida_export_catalog	game	battle	confirmed_boundary	address_cluster:tsw_act_action_cluster;assembly_direct_call_graph:3_sites;manual_b6_closure_ownership_review	0x00433C40:1;0x00433DC0:1;0x00433F30:1		battle	b6_closure_transfer	manual_reviewed_current_assembly
0x00434350	sub_434350	ida_export_catalog	game	battle	confirmed_boundary	address_cluster:tsw_act_action_cluster;assembly_direct_call_graph:9_sites;manual_a2_cross_module_boundary_review;manual_b6_closure_ownership_review	0x00434790:1;0x0045D810:1;0x004717F0:1;0x00471AD0:1;0x00471FC0:1;0x0047F940:1;0x0047FC40:1;0x00482310:1;0x00482840:1		battle	cross_module_boundary_a2;b6_closure_transfer	manual_reviewed_current_assembly
0x00434420	sub_434420	ida_export_catalog	game	battle	confirmed_boundary	address_cluster:tsw_act_action_cluster;assembly_direct_call_graph:2_sites;manual_b6_closure_ownership_review	0x004344E0:2		battle	b6_closure_transfer	manual_reviewed_current_assembly
0x004344E0	sub_4344E0	ida_export_catalog	game	battle	confirmed_boundary	address_cluster:tsw_act_action_cluster;assembly_direct_call_graph:4_sites;manual_a2_cross_module_boundary_review;manual_b6_closure_ownership_review	0x00479850:1	0x004207E0:1;0x00434420:2	battle	cross_module_boundary_a2;b6_closure_transfer	manual_reviewed_current_assembly
0x00434790	sub_434790	ida_export_catalog	game	battle	confirmed_boundary	address_cluster:tsw_act_action_cluster;assembly_direct_call_graph:16_sites;manual_a2_cross_module_boundary_review;manual_b6_closure_ownership_review	0x00471270:1;0x00479850:1;0x004841B0:1	0x004207E0:6;0x00434350:1;0x00434DD0:1;0x004885A0:2;0x00489B10:1;0x00489B20:1;0x00489B70:1	battle	cross_module_boundary_a2;b6_closure_transfer	manual_reviewed_current_assembly
0x00434DD0	sub_434DD0	ida_export_catalog	game	battle	confirmed_boundary	address_cluster:tsw_act_action_cluster;assembly_direct_call_graph:14_sites;manual_b6_closure_ownership_review	0x00434790:1	0x00487C10:2;0x00489654:1;0x00489B20:10	battle	b6_closure_transfer	manual_reviewed_current_assembly
0x004350E0	sub_4350E0	ida_export_catalog	game	rendering	confirmed_boundary	address_cluster:tsw_act_action_cluster;assembly_direct_call_graph:2_sites;manual_b6_closure_ownership_review		0x004355B0:1;0x00435660:1	rendering	b6_closure_transfer	manual_reviewed_current_assembly
0x00435160	sub_435160	ida_export_catalog	game	rendering	confirmed_boundary	manual_module_assembly_review	0x0040F340:1	0x004353C0:1;0x00435500:1;0x004355B0:1;0x00435650:1;0x00435660:1;0x00435670:1;0x00437E90:1	rendering	module_candidate_manual	manual_reviewed_current_assembly
0x004351F0	sub_4351F0	ida_export_catalog	game	rendering	confirmed_boundary	address_cluster:font_and_glyph_cluster;assembly_direct_call_graph:11_sites;manual_a2_cross_module_boundary_review	0x0040AB50:3;0x0040F340:1;0x004251B0:3	0x004352C0:1;0x00435410:1;0x004354D0:1;0x004885A0:1	rendering	cross_module_boundary_a2	manual_reviewed_current_assembly
0x00435240	sub_435240	ida_export_catalog	game	rendering	medium	address_cluster:font_and_glyph_cluster;assembly_direct_call_graph:4_sites	0x004353C0:1	0x004352C0:1;0x00437B60:1;0x00437C00:1	rendering		mechanical_candidate_not_manually_reviewed
0x004352C0	sub_4352C0	ida_export_catalog	game	rendering	medium	address_cluster:font_and_glyph_cluster;assembly_direct_call_graph:2_sites	0x004351F0:1;0x00435240:1		rendering		mechanical_candidate_not_manually_reviewed
0x004352E0	sub_4352E0	ida_export_catalog	game	rendering	medium	address_cluster:font_and_glyph_cluster;assembly_direct_call_graph:2_sites	0x004368D0:1	0x00437C00:1	rendering		mechanical_candidate_not_manually_reviewed
0x004353C0	sub_4353C0	ida_export_catalog	game	rendering	medium	address_cluster:font_and_glyph_cluster;assembly_direct_call_graph:6_sites	0x00435160:1;0x00435500:1	0x00435240:1;0x00435410:1;0x00435650:1;0x00487C10:1	rendering		mechanical_candidate_not_manually_reviewed
0x00435410	sub_435410	ida_export_catalog	game	rendering	medium	address_cluster:font_and_glyph_cluster;assembly_direct_call_graph:3_sites	0x004351F0:1;0x004353C0:1	0x004885A0:1	rendering		mechanical_candidate_not_manually_reviewed
0x00435430	sub_435430	ida_export_catalog	game	rendering	medium	address_cluster:font_and_glyph_cluster;assembly_direct_call_graph:3_sites	0x00435500:1	0x004354D0:1;0x00487C10:1	rendering		mechanical_candidate_not_manually_reviewed
0x004354D0	sub_4354D0	ida_export_catalog	game	rendering	medium	address_cluster:font_and_glyph_cluster;assembly_direct_call_graph:3_sites	0x004351F0:1;0x00435430:1	0x004885A0:1	rendering		mechanical_candidate_not_manually_reviewed
0x00435500	sub_435500	ida_export_catalog	game	rendering	medium	address_cluster:font_and_glyph_cluster;assembly_direct_call_graph:4_sites	0x0040F340:1;0x00435160:1	0x004353C0:1;0x00435430:1	rendering		mechanical_candidate_not_manually_reviewed
0x004355B0	sub_4355B0	ida_export_catalog	game	rendering	confirmed_boundary	address_cluster:font_and_glyph_cluster;assembly_direct_call_graph:8_sites;manual_a2_cross_module_boundary_review	0x0040F340:1;0x0042ED40:2;0x004350E0:1;0x00435160:1	0x00435620:1;0x00487C10:1;0x004885A0:1	rendering	cross_module_boundary_a2	manual_reviewed_current_assembly
0x00435620	sub_435620	ida_export_catalog	game	rendering	confirmed_boundary	address_cluster:font_and_glyph_cluster;assembly_direct_call_graph:11_sites;manual_a2_cross_module_boundary_review	0x004355B0:1;0x004442B0:2;0x00447100:6;0x0044EA60:2		rendering	cross_module_boundary_a2	manual_reviewed_current_assembly
0x00435650	sub_435650	ida_export_catalog	game	rendering	confirmed_boundary	manual_top_level_seed;manual_a2_cross_module_boundary_review	0x0040A570:6;0x0040F340:1;0x00435160:1;0x004353C0:1;0x00451B10:1;0x00464270:1;0x004655B0:1;0x004659C0:1;0x00465E50:1;0x00466190:1;0x00466500:1;0x004667B0:2;0x00466950:2;0x00468ED0:2;0x00469080:2;0x00469220:2		rendering	top_level_direct;cross_module_boundary_a2	manual_reviewed_current_assembly
0x00435660	sub_435660	ida_export_catalog	game	rendering	confirmed_boundary	manual_module_assembly_review;manual_a2_cross_module_boundary_review	0x00408D70:2;0x0040F340:1;0x00413FE0:1;0x004153D0:2;0x0042ED40:1;0x00430350:2;0x004306C0:1;0x004350E0:1;0x00435160:1;0x0043A2A0:3;0x00441680:1;0x00447100:1;0x00459D10:1;0x0045DEE0:2;0x00464270:1;0x004651D0:6;0x00465480:2;0x004655B0:3;0x004659C0:6;0x00465E50:4;0x00466190:4;0x00466500:3;0x00466C00:9		rendering	module_candidate_manual;cross_module_boundary_a2	manual_reviewed_current_assembly
0x00435670	sub_435670	ida_export_catalog	game	rendering	confirmed_boundary	manual_module_assembly_review;manual_a2_cross_module_boundary_review	0x0040F340:1;0x00413FE0:1;0x004153D0:2;0x0042ED40:2;0x00430350:2;0x004306C0:1;0x00435160:1;0x0043A2A0:3;0x00459D10:1;0x0045DEE0:2;0x00464270:1;0x004651D0:1;0x004655B0:1;0x004659C0:1;0x00465E50:1;0x00466190:1;0x00466500:1;0x00466C00:1		rendering	module_candidate_manual;cross_module_boundary_a2	manual_reviewed_current_assembly
0x00435680	sub_435680	ida_export_catalog	game	rendering	medium	address_cluster:font_and_glyph_cluster;assembly_direct_call_graph:3_sites	0x00436030:1;0x00436AD0:2		rendering		mechanical_candidate_not_manually_reviewed
0x004358C0	sub_4358C0	ida_export_catalog	game	rendering	medium	address_cluster:font_and_glyph_cluster;assembly_direct_call_graph:1_sites	0x00436410:1		rendering		mechanical_candidate_not_manually_reviewed
0x00435AF0	sub_435AF0	ida_export_catalog	game	rendering	medium	address_cluster:font_and_glyph_cluster;assembly_direct_call_graph:2_sites	0x00436AD0:2		rendering		mechanical_candidate_not_manually_reviewed
0x00435D80	sub_435D80	ida_export_catalog	game	rendering	medium	address_cluster:font_and_glyph_cluster;assembly_direct_call_graph:2_sites	0x00436AD0:2		rendering		mechanical_candidate_not_manually_reviewed
0x00436030	sub_436030	ida_export_catalog	game	rendering	medium	address_cluster:font_and_glyph_cluster;assembly_direct_call_graph:3_sites	0x00436AD0:2	0x00435680:1	rendering		mechanical_candidate_not_manually_reviewed
0x00436410	sub_436410	ida_export_catalog	game	rendering	medium	address_cluster:font_and_glyph_cluster;assembly_direct_call_graph:3_sites	0x00436AD0:2	0x004358C0:1	rendering		mechanical_candidate_not_manually_reviewed
0x00436840	sub_436840	ida_export_catalog	game	rendering	medium	address_cluster:font_and_glyph_cluster;assembly_direct_call_graph:3_sites	0x004368D0:1	0x00416F10:1;0x00416F60:1	rendering		mechanical_candidate_not_manually_reviewed
0x004368D0	sub_4368D0	ida_export_catalog	game	rendering	medium	address_cluster:font_and_glyph_cluster;assembly_direct_call_graph:3_sites	0x00436AD0:1	0x004352E0:1;0x00436840:1	rendering		mechanical_candidate_not_manually_reviewed
0x00436980	sub_436980	ida_export_catalog	game	rendering	medium	address_cluster:font_and_glyph_cluster;assembly_direct_call_graph:1_sites	0x00436AD0:1		rendering		mechanical_candidate_not_manually_reviewed
0x004369C0	sub_4369C0	ida_export_catalog	game	rendering	medium	address_cluster:font_and_glyph_cluster;assembly_direct_call_graph:1_sites	0x00436AD0:1		rendering		mechanical_candidate_not_manually_reviewed
0x00436AD0	sub_436AD0	ida_export_catalog	game	rendering	confirmed_boundary	manual_module_assembly_review;manual_a2_cross_module_boundary_review	0x00408D70:2;0x00408E70:8;0x00411700:1;0x004118B0:3;0x00411FA0:1;0x00413910:1;0x004153D0:1;0x0042ED40:2;0x004302F0:1;0x00430350:1;0x004306C0:3;0x0043AAA0:5;0x0043CC20:14;0x0043E800:8;0x0043FA70:11;0x00441680:7;0x00442130:11;0x004425C0:1;0x004442B0:8;0x00447100:13;0x004490C0:10;0x0044A280:25;0x0044AE70:1;0x0044C160:23;0x0044EA60:15;0x0044FD30:6;0x00459D10:4;0x0045DEE0:18;0x00464270:1;0x004651D0:4;0x004655B0:4;0x004659C0:5;0x00465E50:4;0x00466190:3;0x00466500:3;0x004667B0:3;0x00466950:2;0x00466C00:9;0x00467710:4;0x00467AC0:2;0x00467F00:22;0x00468930:2;0x00468AD0:2;0x00468ED0:1;0x00469080:2;0x00469220:2;0x00469340:4;0x00469550:2;0x00469650:2;0x00469960:4	0x00435680:2;0x00435AF0:2;0x00435D80:2;0x00436030:2;0x00436410:2;0x004368D0:1;0x00436980:1;0x004369C0:1;0x00436EA0:4	rendering	module_candidate_manual;cross_module_boundary_a2	manual_reviewed_current_assembly
0x00436EA0	sub_436EA0	ida_export_catalog	game	rendering	medium	address_cluster:font_and_glyph_cluster;assembly_direct_call_graph:4_sites	0x00436AD0:4		rendering		mechanical_candidate_not_manually_reviewed
0x00436FA0	sub_436FA0	ida_export_catalog	game	rendering	medium	address_cluster:font_and_glyph_cluster			rendering		mechanical_candidate_not_manually_reviewed
0x00436FB0	sub_436FB0	ida_export_catalog	game	input_time_rng	confirmed_boundary	manual_critical_abi_seed;manual_a2_cross_module_boundary_review	0x00424EF0:1	0x004374E0:8;0x00487AD8:1	input_time_rng	critical_abi;cross_module_boundary_a2	manual_reviewed_current_assembly
0x004372B0	sub_4372B0	ida_export_catalog	game	input_time_rng	confirmed_boundary	manual_critical_abi_seed;manual_top_level_seed;manual_a2_cross_module_boundary_review	0x0040A570:1;0x004118B0:1		input_time_rng	critical_abi;top_level_direct;cross_module_boundary_a2	manual_reviewed_current_assembly
0x004372D0	sub_4372D0	ida_export_catalog	game	input_time_rng	confirmed_boundary	manual_module_assembly_review;manual_a2_cross_module_boundary_review	0x00402F80:22;0x004050E0:16;0x00406EB0:5;0x004118B0:1;0x00412930:1;0x004149B0:1;0x00441680:1;0x004442B0:1;0x00447100:1;0x0044C160:1;0x0045D8F0:19;0x0045F2A0:8		input_time_rng	module_candidate_manual;cross_module_boundary_a2	manual_reviewed_current_assembly
0x004372E0	sub_4372E0	ida_export_catalog	game	input_time_rng	confirmed_boundary	address_cluster:directinput_cluster;assembly_direct_call_graph:2_sites;manual_a2_cross_module_boundary_review	0x004490C0:1;0x0044C160:1		input_time_rng	cross_module_boundary_a2	manual_reviewed_current_assembly
0x00437300	sub_437300	ida_export_catalog	game	input_time_rng	confirmed_boundary	address_cluster:directinput_cluster;assembly_direct_call_graph:5_sites;manual_a2_cross_module_boundary_review	0x00406EB0:1;0x004407F0:1;0x00442F40:1;0x004455E0:1;0x0044B070:1		input_time_rng	cross_module_boundary_a2	manual_reviewed_current_assembly
0x00437310	sub_437310	ida_export_catalog	game	input_time_rng	medium	address_cluster:directinput_cluster;assembly_direct_call_graph:1_sites	0x004050E0:1		input_time_rng		mechanical_candidate_not_manually_reviewed
0x00437430	sub_437430	ida_export_catalog	game	input_time_rng	confirmed_boundary	address_cluster:directinput_cluster;assembly_direct_call_graph:8_sites;manual_a2_cross_module_boundary_review	0x00424B90:1;0x00451B10:1;0x00462740:5;0x00464270:1		input_time_rng	cross_module_boundary_a2	manual_reviewed_current_assembly
0x004374C0	sub_4374C0	ida_export_catalog	game	input_time_rng	confirmed_boundary	address_cluster:directinput_cluster;assembly_direct_call_graph:2_sites;manual_a2_cross_module_boundary_review	0x00424B90:1	0x00489654:1	input_time_rng	cross_module_boundary_a2	manual_reviewed_current_assembly
0x004374E0	sub_4374E0	ida_export_catalog	game	input_time_rng	confirmed_boundary	address_cluster:directinput_cluster;assembly_direct_call_graph:9_sites;manual_a2_cross_module_boundary_review	0x004251B0:1;0x00436FB0:8		input_time_rng	cross_module_boundary_a2	manual_reviewed_current_assembly
0x00437570	sub_437570	ida_export_catalog	game	rendering	confirmed_boundary	address_cluster:directdraw_wrapper_cluster;assembly_direct_call_graph:6_sites;manual_a2_cross_module_boundary_review	0x00424EF0:1	0x00437610:1;0x00437680:1;0x004376D0:1;0x004377D0:1;0x00437E30:1	rendering	cross_module_boundary_a2	manual_reviewed_current_assembly
0x00437610	sub_437610	ida_export_catalog	game	rendering	medium	address_cluster:directdraw_wrapper_cluster;decompile_token_navigation_only:render_api_token;assembly_direct_call_graph:3_sites	0x00437570:1	0x004311C0:1;0x00486AB0:1	rendering		mechanical_candidate_not_manually_reviewed
0x00437680	sub_437680	ida_export_catalog	game	rendering	medium	address_cluster:directdraw_wrapper_cluster;decompile_token_navigation_only:render_api_token;assembly_direct_call_graph:2_sites	0x00437570:1	0x004311C0:1	rendering		mechanical_candidate_not_manually_reviewed
0x004376D0	sub_4376D0	ida_export_catalog	game	rendering	medium	address_cluster:directdraw_wrapper_cluster;decompile_token_navigation_only:render_api_token;assembly_direct_call_graph:2_sites	0x00437570:1	0x004311C0:1	rendering		mechanical_candidate_not_manually_reviewed
0x00437720	sub_437720	ida_export_catalog	game	rendering	medium	address_cluster:directdraw_wrapper_cluster;decompile_token_navigation_only:render_api_token;assembly_direct_call_graph:5_sites	0x004377D0:2	0x004311C0:3	rendering		mechanical_candidate_not_manually_reviewed
0x004377D0	sub_4377D0	ida_export_catalog	game	rendering	medium	address_cluster:directdraw_wrapper_cluster;decompile_token_navigation_only:render_api_token;assembly_direct_call_graph:6_sites	0x00437570:1	0x004311C0:1;0x00437720:2;0x00437B60:1;0x00437DC0:1	rendering		mechanical_candidate_not_manually_reviewed
0x00437A50	sub_437A50	ida_export_catalog	game	rendering	confirmed_boundary	address_cluster:directdraw_wrapper_cluster;assembly_direct_call_graph:1_sites;manual_a2_cross_module_boundary_review	0x004251B0:1		rendering	cross_module_boundary_a2	manual_reviewed_current_assembly
0x00437AD0	sub_437AD0	ida_export_catalog	game	rendering	confirmed_boundary	address_cluster:directdraw_wrapper_cluster;assembly_direct_call_graph:1_sites;manual_a2_cross_module_boundary_review	0x004251B0:1		rendering	cross_module_boundary_a2	manual_reviewed_current_assembly
0x00437AE0	sub_437AE0	ida_export_catalog	game	rendering	confirmed_boundary	manual_critical_abi_seed;manual_a2_cross_module_boundary_review	0x0040AB50:1		rendering	critical_abi;cross_module_boundary_a2	manual_reviewed_current_assembly
0x00437B60	sub_437B60	ida_export_catalog	game	rendering	confirmed_boundary	manual_module_assembly_review;manual_a2_cross_module_boundary_review	0x00424EF0:1;0x0042ED40:1;0x00435240:1;0x004377D0:1;0x00451A90:1;0x004530A0:1	0x00437D80:1	rendering	module_candidate_manual;cross_module_boundary_a2	manual_reviewed_current_assembly
0x00437C00	sub_437C00	ida_export_catalog	game	rendering	medium	address_cluster:directdraw_wrapper_cluster;assembly_direct_call_graph:3_sites	0x00435240:1;0x004352E0:1	0x00437C80:1	rendering		mechanical_candidate_not_manually_reviewed
0x00437C40	sub_437C40	ida_export_catalog	game	rendering	confirmed_boundary	address_cluster:directdraw_wrapper_cluster;assembly_direct_call_graph:2_sites;manual_a2_cross_module_boundary_review	0x0042ED40:2		rendering	cross_module_boundary_a2	manual_reviewed_current_assembly
0x00437C80	sub_437C80	ida_export_catalog	game	rendering	medium	address_cluster:directdraw_wrapper_cluster;assembly_direct_call_graph:1_sites	0x00437C00:1		rendering		mechanical_candidate_not_manually_reviewed
0x00437D80	sub_437D80	ida_export_catalog	game	rendering	medium	address_cluster:directdraw_wrapper_cluster;assembly_direct_call_graph:1_sites	0x00437B60:1		rendering		mechanical_candidate_not_manually_reviewed
0x00437DC0	sub_437DC0	ida_export_catalog	game	rendering	medium	address_cluster:directdraw_wrapper_cluster;assembly_direct_call_graph:1_sites	0x004377D0:1		rendering		mechanical_candidate_not_manually_reviewed
0x00437DF0	sub_437DF0	ida_export_catalog	game	rendering	confirmed_boundary	manual_critical_abi_seed;manual_a2_cross_module_boundary_review	0x004070A0:1;0x00408CF0:1;0x0040AB50:3;0x0040ED60:1;0x004118B0:2;0x00411FA0:1;0x004120B0:1;0x00424EF0:1;0x00427920:2;0x0043A610:1;0x0043BFC0:1;0x00446700:1;0x0044EA60:1;0x004527E0:5;0x004530A0:1;0x00453200:1;0x0045E7D0:2;0x00484950:1		rendering	critical_abi;cross_module_boundary_a2	manual_reviewed_current_assembly
0x00437E20	sub_437E20	ida_export_catalog	game	rendering	confirmed_boundary	address_cluster:directdraw_wrapper_cluster;assembly_direct_call_graph:1_sites;manual_a2_cross_module_boundary_review	0x0040AB50:1		rendering	cross_module_boundary_a2	manual_reviewed_current_assembly
0x00437E30	sub_437E30	ida_export_catalog	game	rendering	medium	address_cluster:directdraw_wrapper_cluster;assembly_direct_call_graph:1_sites	0x00437570:1		rendering		mechanical_candidate_not_manually_reviewed
0x00437E90	sub_437E90	ida_export_catalog	game	rendering	confirmed_boundary	address_cluster:directdraw_wrapper_cluster;assembly_direct_call_graph:2_sites;manual_a2_cross_module_boundary_review	0x00433DC0:1;0x00435160:1		rendering	cross_module_boundary_a2	manual_reviewed_current_assembly
0x00437EB0	sub_437EB0	ida_export_catalog	game	rendering	medium	address_cluster:directdraw_wrapper_cluster;assembly_direct_call_graph:1_sites	0x00437F40:1		rendering		mechanical_candidate_not_manually_reviewed
0x00437EF0	sub_437EF0	ida_export_catalog	game	rendering	confirmed_boundary	address_cluster:directdraw_wrapper_cluster;assembly_direct_call_graph:2_sites;manual_a2_cross_module_boundary_review	0x00437F90:1;0x0046E290:1		rendering	cross_module_boundary_a2	manual_reviewed_current_assembly
0x00437F40	sub_437F40	ida_export_catalog	game	rendering	confirmed_boundary	address_cluster:directdraw_wrapper_cluster;assembly_direct_call_graph:3_sites;manual_a2_cross_module_boundary_review	0x00437F90:1;0x0046E290:1	0x00437EB0:1	rendering	cross_module_boundary_a2	manual_reviewed_current_assembly
0x00437F90	sub_437F90	ida_export_catalog	game	rendering	confirmed_boundary	address_cluster:directdraw_wrapper_cluster;assembly_direct_call_graph:6_sites;manual_a2_cross_module_boundary_review	0x0046E290:1	0x00437EF0:1;0x00437F40:1;0x00489654:1;0x0048A1F0:2	rendering	cross_module_boundary_a2	manual_reviewed_current_assembly
0x00438000	sub_438000	ida_export_catalog	game	resource_io	confirmed_boundary	manual_top_level_seed;manual_a2_cross_module_boundary_review	0x004070A0:1;0x004094A0:1;0x00409600:1;0x00409A10:1;0x00409C10:1;0x00409CE0:1;0x00409DD0:1;0x0040A0D0:1;0x00423A10:1;0x00423AF0:1;0x00423E00:1;0x00423FB0:1;0x00425570:3;0x004258E0:1;0x004259B0:1;0x00425A70:1;0x00426840:3;0x00426DF0:1;0x00427140:1;0x00427920:1;0x004303D0:1;0x00484F60:1		resource_io	top_level_direct;cross_module_boundary_a2	manual_reviewed_current_assembly
0x00438030	sub_438030	ida_export_catalog	game	resource_io	confirmed_boundary	manual_top_level_seed;manual_a2_cross_module_boundary_review	0x004070A0:1;0x004094A0:1;0x00409600:1;0x00409A10:1;0x00409C10:2;0x00409CE0:1;0x00409DD0:1;0x0040A0D0:1;0x00423A10:1;0x00423AF0:1;0x00423E00:1;0x00423FB0:1;0x00425570:3;0x004258E0:1;0x004259B0:1;0x00425A70:1;0x00426840:9;0x00426DF0:1;0x00427140:2;0x00427920:2;0x004303D0:2;0x00484F60:2;0x00485960:1	0x00438620:2;0x00489D00:1	resource_io	top_level_direct;cross_module_boundary_a2	manual_reviewed_current_assembly
0x004380B0	sub_4380B0	ida_export_catalog	game	resource_io	confirmed_boundary	manual_critical_abi_seed;manual_top_level_seed;manual_a2_cross_module_boundary_review	0x004070A0:2;0x004094A0:1;0x00409600:1;0x00409A10:1;0x00409C10:1;0x00409CE0:1;0x00409DD0:1;0x0040A0D0:1;0x0040F040:3;0x00423A10:1;0x00423AF0:1;0x00423E00:1;0x00423FB0:2;0x00425570:3;0x004258E0:1;0x004259B0:1;0x00425A70:1;0x00425BE0:1;0x00426840:2;0x00426DF0:1;0x00427140:1;0x00427920:3;0x0042E480:1;0x004303D0:1;0x00484F60:1;0x004862B0:1	0x00438620:1;0x00489E90:1	resource_io	critical_abi;top_level_direct;cross_module_boundary_a2	manual_reviewed_current_assembly
0x00438150	sub_438150	ida_export_catalog	game	resource_io	confirmed_boundary	manual_top_level_seed;manual_a2_cross_module_boundary_review	0x004070A0:2;0x004094A0:1;0x00409600:1;0x00409A10:1;0x00409C10:1;0x00409CE0:1;0x00409DD0:1;0x0040A0D0:2;0x004154A0:1;0x00423A10:2;0x00423AF0:1;0x00423E00:1;0x00423FB0:2;0x004251B0:4;0x00425570:4;0x004258E0:1;0x004259B0:1;0x00425A70:1;0x00425BE0:2;0x00426840:4;0x00426DF0:3;0x00427140:1;0x00427920:3;0x0042E480:1;0x004303D0:1;0x00484F60:1;0x00486430:1	0x00438620:1;0x00489D00:1	resource_io	top_level_direct;cross_module_boundary_a2	manual_reviewed_current_assembly
0x004381E0	sub_4381E0	ida_export_catalog	game	resource_io	confirmed_boundary	manual_top_level_seed;manual_a2_cross_module_boundary_review	0x004070A0:1;0x00409600:1;0x0040A570:2;0x0040F040:1;0x00427140:1	0x00438340:1;0x00438620:1	resource_io	top_level_direct;cross_module_boundary_a2	manual_reviewed_current_assembly
0x00438230	sub_438230	ida_export_catalog	game	resource_io	confirmed_boundary	manual_top_level_seed;manual_a2_cross_module_boundary_review	0x00402F80:1;0x004070A0:1;0x00409600:1;0x0040A570:1;0x004251B0:2;0x00425BE0:1;0x00427140:1	0x00438620:1	resource_io	top_level_direct;cross_module_boundary_a2	manual_reviewed_current_assembly
0x00438290	sub_438290	ida_export_catalog	game	resource_io	confirmed_boundary	manual_top_level_seed;manual_a2_cross_module_boundary_review	0x004070A0:1;0x00409600:1;0x0040A570:2;0x0040F040:1;0x00427140:1	0x00438620:1	resource_io	top_level_direct;cross_module_boundary_a2	manual_reviewed_current_assembly
0x004382E0	sub_4382E0	ida_export_catalog	game	resource_io	confirmed_boundary	manual_top_level_seed;manual_a2_cross_module_boundary_review	0x00402F80:1;0x004070A0:1;0x00409600:1;0x0040A570:1;0x004251B0:2;0x00425BE0:1;0x00427140:1	0x00411F90:1;0x00438620:1	resource_io	top_level_direct;cross_module_boundary_a2	manual_reviewed_current_assembly
0x00438340	sub_438340	ida_export_catalog	game	resource_io	confirmed_boundary	manual_module_assembly_review;manual_a2_cross_module_boundary_review	0x004070A0:2;0x0040F160:1;0x00423AF0:1;0x00423FB0:2;0x00424B90:1;0x00425A70:1;0x00425BE0:1;0x00426840:1;0x004381E0:1;0x00484F60:1		resource_io	module_candidate_manual;cross_module_boundary_a2	manual_reviewed_current_assembly
0x00438360	sub_438360	ida_export_catalog	game	resource_io	confirmed_boundary	manual_module_assembly_review;manual_a2_cross_module_boundary_review	0x004070A0:1;0x00425570:2;0x00426840:3;0x004303D0:1		resource_io	module_candidate_manual;cross_module_boundary_a2	manual_reviewed_current_assembly
0x00438380	sub_438380	ida_export_catalog	game	resource_io	confirmed_boundary	manual_module_assembly_review;manual_a2_cross_module_boundary_review	0x004070A0:1;0x00409DD0:1;0x0040AD10:1;0x0040F160:1;0x004158C0:3;0x00423AF0:1;0x00423FB0:2;0x00424B90:1;0x00425570:1;0x00425BE0:10;0x00426840:1;0x00426DF0:2;0x00427920:4;0x0042E430:1;0x0042E480:1;0x004385C0:1;0x00484F60:1;0x004862B0:1;0x00486490:1	0x00438620:1	resource_io	module_candidate_manual;cross_module_boundary_a2	manual_reviewed_current_assembly
0x004383E0	sub_4383E0	ida_export_catalog	game	resource_io	confirmed_boundary	manual_module_assembly_review;manual_a2_cross_module_boundary_review	0x004070A0:12;0x00409CE0:1;0x00423AF0:1;0x00423E00:1;0x00425570:2;0x00426840:3;0x00426DF0:1;0x004303D0:3;0x00438520:1	0x00438620:1	resource_io	module_candidate_manual;cross_module_boundary_a2	manual_reviewed_current_assembly
0x00438440	sub_438440	ida_export_catalog	game	resource_io	medium	address_cluster:file_object_cluster;assembly_direct_call_graph:5_sites	0x004384A0:1;0x004384B0:1;0x004384C0:1	0x00438620:2	resource_io		mechanical_candidate_not_manually_reviewed
0x004384A0	sub_4384A0	ida_export_catalog	game	resource_io	confirmed_boundary	address_cluster:file_object_cluster;assembly_direct_call_graph:2_sites;manual_a2_cross_module_boundary_review	0x00425BE0:1	0x00438440:1	resource_io	cross_module_boundary_a2	manual_reviewed_current_assembly
0x004384B0	sub_4384B0	ida_export_catalog	game	resource_io	confirmed_boundary	manual_module_assembly_review;manual_a2_cross_module_boundary_review	0x004070A0:2;0x0040AD10:1;0x0040F160:1;0x004158C0:2;0x00423AF0:1;0x00424B90:1;0x00425570:4;0x00425BE0:10;0x00426840:5;0x00426DF0:2;0x004270F0:1;0x00427920:2;0x0042E430:1;0x0042E480:2;0x004303D0:3;0x004862B0:1;0x00486490:1	0x00438440:1	resource_io	module_candidate_manual;cross_module_boundary_a2	manual_reviewed_current_assembly
0x004384C0	sub_4384C0	ida_export_catalog	game	resource_io	confirmed_boundary	address_cluster:file_object_cluster;assembly_direct_call_graph:8_sites;manual_a2_cross_module_boundary_review	0x004158C0:1;0x00425570:2;0x004258E0:1;0x004259B0:1;0x00427920:2	0x00438440:1	resource_io	cross_module_boundary_a2	manual_reviewed_current_assembly
0x004384D0	sub_4384D0	ida_export_catalog	game	resource_io	confirmed_boundary	address_cluster:file_object_cluster;assembly_direct_call_graph:2_sites;manual_a2_cross_module_boundary_review	0x004303D0:1	0x00438620:1	resource_io	cross_module_boundary_a2	manual_reviewed_current_assembly
0x00438520	sub_438520	ida_export_catalog	game	resource_io	medium	address_cluster:file_object_cluster;assembly_direct_call_graph:4_sites	0x004385A0:1;0x004385B0:1	0x004383E0:1;0x00438620:1	resource_io		mechanical_candidate_not_manually_reviewed
0x00438570	sub_438570	ida_export_catalog	game	resource_io	confirmed_boundary	address_cluster:file_object_cluster;assembly_direct_call_graph:1_sites;manual_a2_cross_module_boundary_review	0x00409A10:1		resource_io	cross_module_boundary_a2	manual_reviewed_current_assembly
0x004385A0	sub_4385A0	ida_export_catalog	game	resource_io	medium	address_cluster:file_object_cluster;assembly_direct_call_graph:4_sites	0x00425570:1;0x004258E0:1;0x004259B0:1	0x00438520:1	resource_io		mechanical_candidate_not_manually_reviewed
0x004385B0	sub_4385B0	ida_export_catalog	game	resource_io	confirmed_boundary	address_cluster:file_object_cluster;assembly_direct_call_graph:20_sites;manual_a2_cross_module_boundary_review	0x004070A0:17;0x004303D0:2	0x00438520:1	resource_io	cross_module_boundary_a2	manual_reviewed_current_assembly
0x004385C0	sub_4385C0	ida_export_catalog	game	resource_io	medium	address_cluster:file_object_cluster;assembly_direct_call_graph:4_sites	0x00438600:1;0x00438610:1	0x00438380:1;0x00438620:1	resource_io		mechanical_candidate_not_manually_reviewed
0x00438600	sub_438600	ida_export_catalog	game	resource_io	medium	address_cluster:file_object_cluster;assembly_direct_call_graph:2_sites	0x00425570:1	0x004385C0:1	resource_io		mechanical_candidate_not_manually_reviewed
0x00438610	sub_438610	ida_export_catalog	game	resource_io	confirmed_boundary	address_cluster:file_object_cluster;assembly_direct_call_graph:7_sites;manual_a2_cross_module_boundary_review	0x00425BE0:3;0x004270F0:1;0x00427920:1;0x0042E480:1	0x004385C0:1	resource_io	cross_module_boundary_a2	manual_reviewed_current_assembly
0x00438620	sub_438620	ida_export_catalog	game	resource_io	medium	address_cluster:file_object_cluster;assembly_direct_call_graph:15_sites	0x00438030:2;0x004380B0:1;0x00438150:1;0x004381E0:1;0x00438230:1;0x00438290:1;0x004382E0:1;0x00438380:1;0x004383E0:1;0x00438440:2;0x004384D0:1;0x00438520:1;0x004385C0:1		resource_io		mechanical_candidate_not_manually_reviewed
0x00438640	sub_438640	ida_export_catalog	game	resource_io	confirmed_boundary	manual_top_level_seed;manual_a2_cross_module_boundary_review	0x00402F80:1;0x0040A570:1;0x00425BE0:3;0x00426DF0:1;0x00427140:2;0x00427920:1		resource_io	top_level_direct;cross_module_boundary_a2	manual_reviewed_current_assembly
0x00438650	sub_438650	ida_export_catalog	game	resource_io	medium	address_cluster:file_object_cluster;assembly_direct_call_graph:1_sites		0x00438800:1	resource_io		mechanical_candidate_not_manually_reviewed
0x00438800	sub_438800	ida_export_catalog	game	resource_io	medium	address_cluster:file_object_cluster;assembly_direct_call_graph:2_sites	0x00438650:1	0x00487C10:1	resource_io		mechanical_candidate_not_manually_reviewed
0x00438840	sub_438840	ida_export_catalog	game	resource_io	medium	address_cluster:file_object_cluster;assembly_direct_call_graph:2_sites		0x00438880:1;0x004885A0:1	resource_io		mechanical_candidate_not_manually_reviewed
0x00438880	sub_438880	ida_export_catalog	game	resource_io	medium	address_cluster:file_object_cluster;assembly_direct_call_graph:2_sites	0x00438840:1	0x004885A0:1	resource_io		mechanical_candidate_not_manually_reviewed
0x004389A0	sub_4389A0	ida_export_catalog	game	resource_io	medium	address_cluster:file_object_cluster			resource_io		mechanical_candidate_not_manually_reviewed
0x004389D0	sub_4389D0	ida_export_catalog	game	resource_io	confirmed_boundary	address_cluster:file_object_cluster;assembly_direct_call_graph:4_sites;manual_a2_cross_module_boundary_review	0x00448EE0:1;0x004490C0:1	0x00438A80:1;0x00489E90:1	resource_io	cross_module_boundary_a2	manual_reviewed_current_assembly
0x00438A60	sub_438A60	ida_export_catalog	game	resource_io	confirmed_boundary	address_cluster:file_object_cluster;assembly_direct_call_graph:1_sites;manual_a2_cross_module_boundary_review	0x004490C0:1		resource_io	cross_module_boundary_a2	manual_reviewed_current_assembly
0x00438A70	sub_438A70	ida_export_catalog	game	resource_io	confirmed_boundary	address_cluster:file_object_cluster;assembly_direct_call_graph:2_sites;manual_a2_cross_module_boundary_review	0x004490C0:1	0x00489D00:1	resource_io	cross_module_boundary_a2	manual_reviewed_current_assembly
0x00438A80	sub_438A80	ida_export_catalog	game	resource_io	confirmed_boundary	address_cluster:file_object_cluster;assembly_direct_call_graph:6_sites;manual_a2_cross_module_boundary_review	0x004389D0:1;0x00438AF0:1;0x00438E50:3;0x00438F60:1		resource_io	cross_module_boundary_a2	manual_reviewed_current_assembly
0x00438AC0	sub_438AC0	ida_export_catalog	game	resource_io	confirmed_boundary	address_cluster:file_object_cluster;assembly_direct_call_graph:1_sites;manual_a2_cross_module_boundary_review	0x00411700:1		resource_io	cross_module_boundary_a2	manual_reviewed_current_assembly
0x00438AD0	sub_438AD0	ida_export_catalog	game	resource_io	confirmed_boundary	address_cluster:file_object_cluster;assembly_direct_call_graph:1_sites;manual_a2_cross_module_boundary_review	0x00411700:1		resource_io	cross_module_boundary_a2	manual_reviewed_current_assembly
0x00438AE0	sub_438AE0	ida_export_catalog	game	resource_io	confirmed_boundary	address_cluster:file_object_cluster;assembly_direct_call_graph:1_sites;manual_a2_cross_module_boundary_review	0x00411700:1		resource_io	cross_module_boundary_a2	manual_reviewed_current_assembly
0x00438AF0	sub_438AF0	ida_export_catalog	game	resource_io	confirmed_boundary	address_cluster:file_object_cluster;assembly_direct_call_graph:3_sites;manual_a2_cross_module_boundary_review	0x00411700:1;0x004490C0:1	0x00438A80:1	resource_io	cross_module_boundary_a2	manual_reviewed_current_assembly
0x00438B50	sub_438B50	ida_export_catalog	game	input_time_rng	confirmed_boundary	manual_top_level_seed;manual_a2_cross_module_boundary_review	0x0040A0D0:1	0x00438DC0:1;0x00438DD0:1;0x00438DE0:4;0x00438E10:3;0x00438E50:3;0x00438F60:1;0x00485610:1;0x00487ADE:1;0x00487C10:2;0x004885A0:4	input_time_rng	top_level_direct;cross_module_boundary_a2	manual_reviewed_current_assembly
0x00438DC0	sub_438DC0	ida_export_catalog	game	input_time_rng	medium	address_cluster:ime_and_rng_cluster;assembly_direct_call_graph:1_sites	0x00438B50:1		input_time_rng		mechanical_candidate_not_manually_reviewed
0x00438DD0	sub_438DD0	ida_export_catalog	game	input_time_rng	medium	address_cluster:ime_and_rng_cluster;assembly_direct_call_graph:1_sites	0x00438B50:1		input_time_rng		mechanical_candidate_not_manually_reviewed
0x00438DE0	sub_438DE0	ida_export_catalog	game	input_time_rng	medium	address_cluster:ime_and_rng_cluster;assembly_direct_call_graph:4_sites	0x00438B50:4		input_time_rng		mechanical_candidate_not_manually_reviewed
0x00438E10	sub_438E10	ida_export_catalog	game	input_time_rng	medium	address_cluster:ime_and_rng_cluster;assembly_direct_call_graph:3_sites	0x00438B50:3		input_time_rng		mechanical_candidate_not_manually_reviewed
0x00438E50	sub_438E50	ida_export_catalog	game	input_time_rng	medium	address_cluster:ime_and_rng_cluster;assembly_direct_call_graph:8_sites	0x00438B50:3	0x00438A80:3;0x00489D00:1;0x00489E90:1	input_time_rng		mechanical_candidate_not_manually_reviewed
0x00438F60	sub_438F60	ida_export_catalog	game	input_time_rng	medium	address_cluster:ime_and_rng_cluster;assembly_direct_call_graph:3_sites	0x00438B50:1	0x00438A80:1;0x00489EB0:1	input_time_rng		mechanical_candidate_not_manually_reviewed
0x00438FA0	sub_438FA0	ida_export_catalog	game	input_time_rng	confirmed_boundary	manual_top_level_seed;manual_a2_cross_module_boundary_review	0x00409EC0:1	0x004390F0:2;0x00439110:1	input_time_rng	top_level_direct;cross_module_boundary_a2	manual_reviewed_current_assembly
0x00439020	sub_439020	ida_export_catalog	game	input_time_rng	medium	address_cluster:ime_and_rng_cluster;assembly_direct_call_graph:1_sites	0x00439070:1		input_time_rng		mechanical_candidate_not_manually_reviewed
0x00439070	sub_439070	ida_export_catalog	game	input_time_rng	confirmed_boundary	manual_module_assembly_review;manual_a2_cross_module_boundary_review	0x00406770:1;0x0040C130:6;0x0040DA60:2;0x0040ED60:1;0x00414E50:4;0x00415B70:13;0x00415EE0:8;0x004161C0:6;0x004163C0:6;0x00416590:5;0x004167B0:5;0x00427920:1;0x0043D370:1;0x004400A0:3;0x004490C0:3;0x00450F90:1;0x00451B10:3;0x004527E0:4;0x004530A0:2;0x00456680:1;0x004576A0:3;0x004582B0:2;0x00464CC0:1;0x00469D20:4;0x0046FF00:1;0x004714B0:3;0x00472430:1;0x00472730:3;0x00474B60:1;0x004758A0:1;0x00476080:1;0x004762F0:1;0x00476330:4;0x00476600:4;0x00478380:1;0x00478850:1;0x00478B60:1;0x0047CD60:6;0x0047DBD0:1;0x0047F150:1;0x00480220:8;0x00481010:6;0x00481A40:5;0x004831C0:1	0x00439020:1	input_time_rng	module_candidate_manual;cross_module_boundary_a2	manual_reviewed_current_assembly
0x004390F0	sub_4390F0	ida_export_catalog	game	input_time_rng	medium	address_cluster:ime_and_rng_cluster;assembly_direct_call_graph:2_sites	0x00438FA0:2		input_time_rng		mechanical_candidate_not_manually_reviewed
0x00439110	sub_439110	ida_export_catalog	game	input_time_rng	medium	address_cluster:ime_and_rng_cluster;assembly_direct_call_graph:1_sites	0x00438FA0:1		input_time_rng		mechanical_candidate_not_manually_reviewed
0x00439120	sub_439120	ida_export_catalog	game	resource_io	confirmed_boundary	manual_module_assembly_review	0x004267E0:1	0x00439210:1	resource_io	module_candidate_manual	manual_reviewed_current_assembly
0x00439210	sub_439210	ida_export_catalog	game	resource_io	confirmed_boundary	manual_module_assembly_review	0x00439120:1		resource_io	module_candidate_manual	manual_reviewed_current_assembly
0x00439580	sub_439580	ida_export_catalog	game	resource_io	confirmed_boundary	manual_module_assembly_review;manual_a2_cross_module_boundary_review	0x00477C90:1	0x00439670:1	resource_io	module_candidate_manual;cross_module_boundary_a2	manual_reviewed_current_assembly
0x00439670	sub_439670	ida_export_catalog	game	resource_io	confirmed_boundary	manual_module_assembly_review	0x00439580:1		resource_io	module_candidate_manual	manual_reviewed_current_assembly
0x004399E0	sub_4399E0	ida_export_catalog	game	resource_io	confirmed_boundary	manual_critical_abi_seed;manual_a2_cross_module_boundary_review	0x00426820:1;0x00433540:1;0x004338F0:1;0x00477F10:1		resource_io	critical_abi;cross_module_boundary_a2	manual_reviewed_current_assembly
0x00439C20	sub_439C20	ida_export_catalog	game	resource_io	medium	address_cluster:decompressor_cluster			resource_io		mechanical_candidate_not_manually_reviewed
0x00439DE0	sub_439DE0	ida_export_catalog	game	special_modes	confirmed_boundary	manual_module_assembly_review;manual_a2_cross_module_boundary_review	0x0040F160:1;0x00424B90:1	0x0040DC00:18;0x0040DC50:1;0x00444FC0:1	special_modes	module_candidate_manual;cross_module_boundary_a2	manual_reviewed_current_assembly
0x00439FD0	sub_439FD0	ida_export_catalog	game	special_modes	confirmed_boundary	manual_critical_abi_seed;manual_top_level_seed;manual_a2_cross_module_boundary_review	0x0040A570:1	0x0040DC00:4;0x00431960:3;0x0043A2A0:5;0x0043A470:1;0x0043A610:1;0x0043BA40:1;0x00485610:1	special_modes	critical_abi;top_level_direct;cross_module_boundary_a2	manual_reviewed_current_assembly
0x0043A2A0	sub_43A2A0	ida_export_catalog	game	special_modes	medium	address_cluster:menu_and_shop_cluster;assembly_direct_call_graph:14_sites	0x00439FD0:5	0x004239D0:1;0x00435660:3;0x00435670:3;0x0043A380:1;0x0043B480:1	special_modes		mechanical_candidate_not_manually_reviewed
0x0043A380	sub_43A380	ida_export_catalog	game	special_modes	medium	address_cluster:menu_and_shop_cluster;assembly_direct_call_graph:2_sites	0x0043A2A0:1	0x0040DC50:1	special_modes		mechanical_candidate_not_manually_reviewed
0x0043A470	sub_43A470	ida_export_catalog	game	special_modes	medium	address_cluster:menu_and_shop_cluster;assembly_direct_call_graph:1_sites	0x00439FD0:1		special_modes		mechanical_candidate_not_manually_reviewed
0x0043A610	sub_43A610	ida_export_catalog	game	special_modes	medium	address_cluster:menu_and_shop_cluster;assembly_direct_call_graph:19_sites	0x00439FD0:1	0x0040DC50:4;0x0040EBF0:3;0x004117F0:1;0x004149B0:1;0x004153D0:1;0x00416F10:1;0x00416F60:1;0x00420490:1;0x00437DF0:1;0x0043A880:1;0x0043AAA0:2;0x0044A240:1	special_modes		mechanical_candidate_not_manually_reviewed
0x0043A880	sub_43A880	ida_export_catalog	game	special_modes	medium	address_cluster:menu_and_shop_cluster;assembly_direct_call_graph:10_sites	0x0043A610:1	0x0040DC50:4;0x0040EBF0:1;0x004170E0:1;0x004315D0:1;0x004321E0:1;0x0043B080:1	special_modes		mechanical_candidate_not_manually_reviewed
0x0043AAA0	sub_43AAA0	ida_export_catalog	game	special_modes	medium	address_cluster:menu_and_shop_cluster;assembly_direct_call_graph:18_sites	0x0043A610:2	0x0040ECC0:1;0x00416FF0:4;0x004239D0:1;0x00436AD0:5;0x0043B080:4;0x00477290:1	special_modes		mechanical_candidate_not_manually_reviewed
0x0043AE40	sub_43AE40	ida_export_catalog	game	special_modes	medium	address_cluster:menu_and_shop_cluster;assembly_direct_call_graph:28_sites	0x0043C820:1;0x0043E800:1;0x00441680:2;0x004442B0:2;0x00447100:2;0x0044C160:1;0x0044EA60:1	0x0040EBF0:4;0x00416FF0:3;0x004170E0:2;0x004315D0:2;0x004321E0:2;0x0043BAB0:1;0x0044A240:2;0x00489654:2	special_modes		mechanical_candidate_not_manually_reviewed
0x0043B080	sub_43B080	ida_export_catalog	game	special_modes	medium	address_cluster:menu_and_shop_cluster;assembly_direct_call_graph:9_sites	0x0043A880:1;0x0043AAA0:4	0x004170E0:1;0x004315D0:1;0x004321E0:1;0x0044A240:1	special_modes		mechanical_candidate_not_manually_reviewed
0x0043B110	sub_43B110	ida_export_catalog	game	rendering	confirmed_boundary	manual_module_assembly_review;manual_a2_cross_module_boundary_review	0x00408E70:4;0x00411700:1;0x0043BAB0:1;0x0043BD70:1;0x0043C820:1;0x0043E800:1;0x0043FA70:1;0x00441680:2;0x004425C0:1;0x004442B0:7;0x00447100:11;0x004490C0:1;0x0044A280:2;0x0044C160:10;0x0044EA60:14;0x00459D10:2;0x00465480:1;0x004655B0:2;0x004659C0:3;0x00465E50:2;0x00466190:2;0x00466500:2;0x004667B0:2;0x00466950:1;0x00467710:1;0x00467AC0:1;0x00467F00:1;0x00468930:1;0x00468AD0:1;0x00468ED0:1;0x00469080:1;0x00469220:1;0x00469340:1;0x00469550:1;0x00469650:1;0x00469960:1	0x00417DE0:1;0x00420490:3;0x00421FB0:1;0x004239D0:1	rendering	module_candidate_manual;cross_module_boundary_a2	manual_reviewed_current_assembly
0x0043B480	sub_43B480	ida_export_catalog	game	special_modes	medium	address_cluster:menu_and_shop_cluster;assembly_direct_call_graph:13_sites	0x0043A2A0:1;0x0043E770:1;0x00441590:1;0x004441A0:1;0x00445360:1;0x004453F0:1;0x00446FE0:1;0x0044A250:1;0x0044C0E0:1	0x0040DC50:2;0x00444FC0:1;0x00448700:1	special_modes		mechanical_candidate_not_manually_reviewed
0x0043B980	sub_43B980	ida_export_catalog	game	special_modes	medium	address_cluster:menu_and_shop_cluster;assembly_direct_call_graph:11_sites	0x0043BCC0:1;0x0043D530:1;0x0043E3D0:1;0x0043F000:1;0x0043F880:1;0x00441160:1;0x00442050:1;0x00444E80:1;0x00448230:1;0x0044E4A0:2		special_modes		mechanical_candidate_not_manually_reviewed
0x0043B9A0	sub_43B9A0	ida_export_catalog	game	special_modes	medium	address_cluster:menu_and_shop_cluster;assembly_direct_call_graph:37_sites	0x0040F890:2;0x0043BCC0:1;0x0043DD20:1;0x0043DDF0:1;0x0043DED0:1;0x0043DFA0:1;0x0043E3D0:1;0x0043F880:1;0x0043F940:1;0x00440B20:1;0x00440C20:1;0x00440D20:1;0x00440E10:1;0x00441060:1;0x00441160:1;0x00441680:1;0x00442A40:1;0x00443450:1;0x00443570:1;0x00443670:1;0x004437C0:2;0x00443A60:1;0x004442B0:1;0x00445C90:1;0x00445E90:1;0x00446090:1;0x00446260:1;0x00447100:1;0x0044DF00:1;0x0044DFF0:1;0x0044E0C0:1;0x0044E1B0:1;0x0044E260:1;0x0044E330:1;0x0044E4A0:1		special_modes		mechanical_candidate_not_manually_reviewed
0x0043B9C0	sub_43B9C0	ida_export_catalog	game	special_modes	medium	address_cluster:menu_and_shop_cluster;assembly_direct_call_graph:45_sites	0x0043BCC0:1;0x004407F0:1;0x00440B20:1;0x00440C20:1;0x00440D20:1;0x00440E10:1;0x00440F00:1;0x00440FB0:1;0x00441160:1;0x00442E40:1;0x00442F40:1;0x00443450:1;0x00443570:1;0x00443670:1;0x004437C0:1;0x004438E0:1;0x004439A0:1;0x00443A60:1;0x00443B70:1;0x00443BD0:3;0x004442B0:1;0x00445430:1;0x004455E0:1;0x00445C90:1;0x00445E90:1;0x00446090:1;0x00446260:1;0x00446420:1;0x00446550:1;0x00446700:6;0x00447100:1;0x00448650:1;0x0044DF00:1;0x0044DFF0:1;0x0044E0C0:1;0x0044E1B0:1;0x0044E4A0:2		special_modes		mechanical_candidate_not_manually_reviewed
0x0043B9E0	sub_43B9E0	ida_export_catalog	game	special_modes	confirmed_boundary	address_cluster:menu_and_shop_cluster;assembly_direct_call_graph:46_sites;manual_a2_cross_module_boundary_review	0x0043BCC0:1;0x00440630:1;0x004407F0:1;0x00440B20:2;0x00440C20:2;0x00440D20:2;0x00440E10:2;0x00440F00:2;0x00440FB0:2;0x00441060:1;0x00441160:2;0x00441590:1;0x00442E40:1;0x00442F40:1;0x00443450:1;0x00443570:1;0x00443670:1;0x004437C0:1;0x004438E0:1;0x004439A0:1;0x00443A60:1;0x00443B70:1;0x00445430:1;0x004455E0:1;0x00445C90:1;0x00445E90:1;0x00446090:1;0x00446260:1;0x00446420:1;0x00446550:1;0x00448650:1;0x0044DF00:1;0x0044DFF0:1;0x0044E0C0:1;0x0044E1B0:1;0x0044E4A0:2;0x004655B0:1;0x004659C0:1		special_modes	cross_module_boundary_a2	manual_reviewed_current_assembly
0x0043BA40	sub_43BA40	ida_export_catalog	game	special_modes	medium	address_cluster:menu_and_shop_cluster;assembly_direct_call_graph:2_sites	0x00439FD0:1;0x0044DBC0:1		special_modes		mechanical_candidate_not_manually_reviewed
0x0043BAB0	sub_43BAB0	ida_export_catalog	game	rendering	confirmed_boundary	manual_module_assembly_review;manual_a2_cross_module_boundary_review	0x00411FA0:1;0x0043AE40:1;0x0043E800:5;0x0043FA70:1;0x00441680:4;0x004442B0:2;0x00447100:3;0x004490C0:1;0x0044C160:4;0x0044EA60:1	0x0042E850:1;0x004321E0:1;0x0043B110:1	rendering	module_candidate_manual;cross_module_boundary_a2	manual_reviewed_current_assembly
0x0043BB40	sub_43BB40	ida_export_catalog	game	special_modes	medium	address_cluster:menu_and_shop_cluster;assembly_direct_call_graph:4_sites	0x0043F880:1;0x00441060:1;0x00441160:1;0x00443A60:1		special_modes		mechanical_candidate_not_manually_reviewed
0x0043BB80	sub_43BB80	ida_export_catalog	game	special_modes	medium	address_cluster:menu_and_shop_cluster;assembly_direct_call_graph:8_sites	0x0043C520:1;0x0043DD20:1;0x00440B20:1;0x00443450:1;0x004439A0:1;0x00445C90:2;0x00446550:1		special_modes		mechanical_candidate_not_manually_reviewed
0x0043BBC0	sub_43BBC0	ida_export_catalog	game	special_modes	medium	address_cluster:menu_and_shop_cluster;assembly_direct_call_graph:8_sites	0x0043C590:1;0x0043DDF0:1;0x00440C20:1;0x00443570:1;0x004438E0:1;0x00445E90:2;0x00446420:1		special_modes		mechanical_candidate_not_manually_reviewed
0x0043BBE0	sub_43BBE0	ida_export_catalog	game	special_modes	medium	address_cluster:menu_and_shop_cluster;assembly_direct_call_graph:6_sites	0x0043C3C0:1;0x0043DED0:1;0x00440D20:1;0x00443670:1;0x00446090:2		special_modes		mechanical_candidate_not_manually_reviewed
0x0043BC60	sub_43BC60	ida_export_catalog	game	special_modes	medium	address_cluster:menu_and_shop_cluster;assembly_direct_call_graph:6_sites	0x0043C670:1;0x0043DFA0:1;0x00440E10:1;0x004437C0:1;0x00446260:2		special_modes		mechanical_candidate_not_manually_reviewed
0x0043BC90	sub_43BC90	ida_export_catalog	game	special_modes	medium	address_cluster:menu_and_shop_cluster;assembly_direct_call_graph:22_sites	0x0043BCC0:1;0x0043D530:1;0x0043DD20:1;0x0043DDF0:1;0x0043DED0:1;0x0043DFA0:1;0x0043E3D0:1;0x0043F000:1;0x0043F880:1;0x00440B20:1;0x00440C20:1;0x00440D20:1;0x00440E10:1;0x00441060:1;0x00441160:1;0x00443450:1;0x00443570:1;0x00443A60:1;0x00445C90:1;0x00445E90:1;0x00446090:1;0x00446260:1		special_modes		mechanical_candidate_not_manually_reviewed
0x0043BCC0	sub_43BCC0	ida_export_catalog	game	special_modes	medium	address_cluster:menu_and_shop_cluster;assembly_direct_call_graph:14_sites	0x0043E080:1;0x0043E170:1;0x0043E3D0:1;0x00446700:4;0x00448650:1	0x0043B980:1;0x0043B9A0:1;0x0043B9C0:1;0x0043B9E0:1;0x0043BC90:1;0x0044D2D0:1	special_modes		mechanical_candidate_not_manually_reviewed
0x0043BD70	sub_43BD70	ida_export_catalog	game	special_modes	medium	address_cluster:menu_and_shop_cluster;assembly_direct_call_graph:5_sites	0x00441680:1;0x00447100:1	0x0042E850:1;0x004306C0:1;0x0043B110:1	special_modes		mechanical_candidate_not_manually_reviewed
0x0043BE40	sub_43BE40	ida_export_catalog	game	special_modes	medium	address_cluster:menu_and_shop_cluster;assembly_direct_call_graph:3_sites	0x00443BD0:1;0x00446700:1;0x0044BDA0:1		special_modes		mechanical_candidate_not_manually_reviewed
0x0043BE90	sub_43BE90	ida_export_catalog	game	special_modes	medium	address_cluster:menu_and_shop_cluster;assembly_direct_call_graph:6_sites	0x00443BD0:1;0x00446700:1	0x0040DC50:1;0x00487C10:2;0x004885A0:1	special_modes		mechanical_candidate_not_manually_reviewed
0x0043BFC0	sub_43BFC0	ida_export_catalog	game	special_modes	medium	address_cluster:menu_and_shop_cluster;assembly_direct_call_graph:6_sites	0x00443BD0:2;0x00446700:2	0x0042E790:1;0x00437DF0:1	special_modes		mechanical_candidate_not_manually_reviewed
0x0043C090	sub_43C090	ida_export_catalog	game	special_modes	confirmed_boundary	address_cluster:menu_and_shop_cluster;assembly_direct_call_graph:12_sites;manual_a2_cross_module_boundary_review	0x004070A0:6;0x0043C3C0:1;0x0043DA30:1;0x004407F0:1;0x00442F40:1;0x004455E0:1;0x0044B070:1		special_modes	cross_module_boundary_a2	manual_reviewed_current_assembly
0x0043C0D0	sub_43C0D0	ida_export_catalog	game	special_modes	medium	address_cluster:menu_and_shop_cluster;assembly_direct_call_graph:13_sites	0x00446700:1	0x0043C9C0:1;0x0043CEF0:1;0x00476DB0:1;0x00477800:1;0x00487C10:7;0x004885A0:1	special_modes		mechanical_candidate_not_manually_reviewed
0x0043C3C0	sub_43C3C0	ida_export_catalog	game	special_modes	medium	address_cluster:menu_and_shop_cluster;assembly_direct_call_graph:20_sites	0x004455E0:1	0x0043BBE0:1;0x0043C090:1;0x0043C520:1;0x0043C590:1;0x0043C670:1;0x0043C760:1;0x0043CBD0:1;0x0043CC00:1;0x0043CEF0:1;0x00485610:2;0x004885A0:8	special_modes		mechanical_candidate_not_manually_reviewed
0x0043C520	sub_43C520	ida_export_catalog	game	special_modes	medium	address_cluster:menu_and_shop_cluster;assembly_direct_call_graph:6_sites	0x0043C3C0:1	0x0043BB80:1;0x0043CBD0:1;0x0043CC00:1;0x0043CEF0:1;0x00485610:1	special_modes		mechanical_candidate_not_manually_reviewed
0x0043C590	sub_43C590	ida_export_catalog	game	special_modes	medium	address_cluster:menu_and_shop_cluster;assembly_direct_call_graph:6_sites	0x0043C3C0:1	0x0043BBC0:1;0x0043CBD0:1;0x0043CC00:1;0x0043CEF0:1;0x00485610:1	special_modes		mechanical_candidate_not_manually_reviewed
0x0043C670	sub_43C670	ida_export_catalog	game	special_modes	medium	address_cluster:menu_and_shop_cluster;assembly_direct_call_graph:6_sites	0x0043C3C0:1	0x0043BC60:1;0x0043CBD0:1;0x0043CC00:1;0x0043CEF0:1;0x00485610:1	special_modes		mechanical_candidate_not_manually_reviewed
0x0043C760	sub_43C760	ida_export_catalog	game	special_modes	medium	address_cluster:menu_and_shop_cluster;assembly_direct_call_graph:6_sites	0x0043C3C0:1	0x0043C9C0:1;0x0043CBD0:1;0x0043CC00:1;0x0043CEF0:1;0x00485610:1	special_modes		mechanical_candidate_not_manually_reviewed
0x0043C820	sub_43C820	ida_export_catalog	game	special_modes	medium	address_cluster:menu_and_shop_cluster;assembly_direct_call_graph:7_sites	0x00447100:1	0x0040EBF0:1;0x004239D0:1;0x0043AE40:1;0x0043B110:1;0x0043CC20:1;0x0043D470:1	special_modes		mechanical_candidate_not_manually_reviewed
0x0043C9C0	sub_43C9C0	ida_export_catalog	game	special_modes	medium	address_cluster:menu_and_shop_cluster;assembly_direct_call_graph:10_sites	0x0043C0D0:1;0x0043C760:1;0x00446420:1	0x0043CBD0:1;0x0044A240:2;0x00476DB0:1;0x00487C10:1;0x004885A0:2	special_modes		mechanical_candidate_not_manually_reviewed
0x0043CBD0	sub_43CBD0	ida_export_catalog	game	special_modes	medium	address_cluster:menu_and_shop_cluster;assembly_direct_call_graph:7_sites	0x0043C3C0:1;0x0043C520:1;0x0043C590:1;0x0043C670:1;0x0043C760:1;0x0043C9C0:1;0x00446420:1		special_modes		mechanical_candidate_not_manually_reviewed
0x0043CC00	sub_43CC00	ida_export_catalog	game	special_modes	medium	address_cluster:menu_and_shop_cluster;assembly_direct_call_graph:6_sites	0x0043C3C0:1;0x0043C520:1;0x0043C590:1;0x0043C670:1;0x0043C760:1;0x00446420:1		special_modes		mechanical_candidate_not_manually_reviewed
0x0043CC20	sub_43CC20	ida_export_catalog	game	special_modes	medium	address_cluster:menu_and_shop_cluster;assembly_direct_call_graph:16_sites	0x0043C820:1	0x004306C0:1;0x00436AD0:14	special_modes		mechanical_candidate_not_manually_reviewed
0x0043CEF0	sub_43CEF0	ida_export_catalog	game	special_modes	medium	address_cluster:menu_and_shop_cluster;assembly_direct_call_graph:11_sites	0x0043C0D0:1;0x0043C3C0:1;0x0043C520:1;0x0043C590:1;0x0043C670:1;0x0043C760:1;0x00446420:1	0x0043D050:1;0x0044A240:1;0x00476DB0:1;0x004885A0:1	special_modes		mechanical_candidate_not_manually_reviewed
0x0043D050	sub_43D050	ida_export_catalog	game	special_modes	medium	address_cluster:menu_and_shop_cluster;assembly_direct_call_graph:15_sites	0x0043CEF0:1	0x0043D370:6;0x00476DB0:3;0x00487C10:1;0x004885A0:4	special_modes		mechanical_candidate_not_manually_reviewed
0x0043D370	sub_43D370	ida_export_catalog	game	special_modes	medium	address_cluster:menu_and_shop_cluster;assembly_direct_call_graph:7_sites	0x0043D050:6	0x00439070:1	special_modes		mechanical_candidate_not_manually_reviewed
0x0043D470	sub_43D470	ida_export_catalog	game	special_modes	medium	address_cluster:menu_and_shop_cluster;assembly_direct_call_graph:7_sites	0x0043C820:1	0x00416FF0:2;0x004170E0:2;0x004315D0:2	special_modes		mechanical_candidate_not_manually_reviewed
0x0043D530	sub_43D530	ida_export_catalog	game	special_modes	medium	address_cluster:menu_and_shop_cluster;assembly_direct_call_graph:23_sites		0x0043B980:1;0x0043BC90:1;0x0043F000:1;0x00476DB0:1;0x00485610:1;0x00487C10:16;0x004885A0:2	special_modes		mechanical_candidate_not_manually_reviewed
0x0043D880	sub_43D880	ida_export_catalog	game	special_modes	medium	address_cluster:menu_and_shop_cluster;assembly_direct_call_graph:22_sites		0x0043F080:1;0x004885A0:21	special_modes		mechanical_candidate_not_manually_reviewed
0x0043DA30	sub_43DA30	assembly_proc_only	game	special_modes	medium	address_cluster:menu_and_shop_cluster;assembly_direct_call_graph:19_sites;assembly_proc_only_entry		0x0040DC50:1;0x0043C090:1;0x0043DD20:1;0x0043DDF0:2;0x0043DED0:1;0x0043DFA0:1;0x0043E080:2;0x0043E170:2;0x0043E310:2;0x0043E3D0:4;0x0043E770:2	special_modes		mechanical_candidate_not_manually_reviewed
0x0043DD20	sub_43DD20	ida_export_catalog	game	special_modes	medium	address_cluster:menu_and_shop_cluster;assembly_direct_call_graph:8_sites	0x0043DA30:1	0x0043B9A0:1;0x0043BB80:1;0x0043BC90:1;0x0043F1E0:1;0x0043F880:1;0x00485610:2	special_modes		mechanical_candidate_not_manually_reviewed
0x0043DDF0	sub_43DDF0	ida_export_catalog	game	special_modes	medium	address_cluster:menu_and_shop_cluster;assembly_direct_call_graph:10_sites	0x0043DA30:2	0x0040DC50:1;0x0043B9A0:1;0x0043BBC0:1;0x0043BC90:1;0x0043F1E0:1;0x0043F880:1;0x00485610:2	special_modes		mechanical_candidate_not_manually_reviewed
0x0043DED0	sub_43DED0	ida_export_catalog	game	special_modes	medium	address_cluster:menu_and_shop_cluster;assembly_direct_call_graph:8_sites	0x0043DA30:1	0x0043B9A0:1;0x0043BBE0:1;0x0043BC90:1;0x0043F1E0:1;0x0043F880:1;0x00485610:2	special_modes		mechanical_candidate_not_manually_reviewed
0x0043DFA0	sub_43DFA0	ida_export_catalog	game	special_modes	medium	address_cluster:menu_and_shop_cluster;assembly_direct_call_graph:9_sites	0x0043DA30:1	0x0040DC50:1;0x0043B9A0:1;0x0043BC60:1;0x0043BC90:1;0x0043F1E0:1;0x0043F880:1;0x00485610:2	special_modes		mechanical_candidate_not_manually_reviewed
0x0043E080	sub_43E080	ida_export_catalog	game	special_modes	medium	address_cluster:menu_and_shop_cluster;assembly_direct_call_graph:9_sites	0x0043DA30:2	0x0040DC50:1;0x0043BCC0:1;0x0043F000:1;0x0043F1E0:1;0x0043F880:1;0x00485610:2	special_modes		mechanical_candidate_not_manually_reviewed
0x0043E170	sub_43E170	ida_export_catalog	game	special_modes	medium	address_cluster:menu_and_shop_cluster;assembly_direct_call_graph:8_sites	0x0043DA30:2	0x0043BCC0:1;0x0043F000:1;0x0043F1E0:1;0x0043F880:1;0x00485610:2	special_modes		mechanical_candidate_not_manually_reviewed
0x0043E250	sub_43E250	ida_export_catalog	game	special_modes	medium	address_cluster:menu_and_shop_cluster;assembly_direct_call_graph:3_sites		0x0040DC50:1;0x00485610:2	special_modes		mechanical_candidate_not_manually_reviewed
0x0043E310	sub_43E310	ida_export_catalog	game	special_modes	medium	address_cluster:menu_and_shop_cluster;assembly_direct_call_graph:5_sites	0x0043DA30:2	0x0040DC50:1;0x00485610:2	special_modes		mechanical_candidate_not_manually_reviewed
0x0043E3D0	sub_43E3D0	ida_export_catalog	game	special_modes	medium	address_cluster:menu_and_shop_cluster;assembly_direct_call_graph:27_sites	0x0043DA30:4	0x0040DC50:3;0x0043B980:1;0x0043B9A0:1;0x0043BC90:1;0x0043BCC0:1;0x0043E770:1;0x0043F1E0:1;0x0043F7C0:3;0x0043FDE0:1;0x004404D0:1;0x004405C0:1;0x0044D2D0:3;0x00485610:3;0x004885A0:2	special_modes		mechanical_candidate_not_manually_reviewed
0x0043E770	sub_43E770	ida_export_catalog	game	special_modes	medium	address_cluster:menu_and_shop_cluster;assembly_direct_call_graph:4_sites	0x0043DA30:2;0x0043E3D0:1	0x0043B480:1	special_modes		mechanical_candidate_not_manually_reviewed
0x0043E800	sub_43E800	ida_export_catalog	game	special_modes	medium	address_cluster:menu_and_shop_cluster;assembly_direct_call_graph:35_sites		0x0040DC50:4;0x0040EBF0:5;0x004170E0:1;0x004239D0:2;0x004315D0:1;0x00436AD0:8;0x0043AE40:1;0x0043B110:1;0x0043BAB0:5;0x0043FA70:4;0x004400A0:1;0x004405C0:2	special_modes		mechanical_candidate_not_manually_reviewed
0x0043F000	sub_43F000	ida_export_catalog	game	special_modes	medium	address_cluster:menu_and_shop_cluster;assembly_direct_call_graph:8_sites	0x0043D530:1;0x0043E080:1;0x0043E170:1	0x0043B980:1;0x0043BC90:1;0x0043F080:1;0x0043F0D0:1;0x0044D5D0:1	special_modes		mechanical_candidate_not_manually_reviewed
0x0043F080	sub_43F080	ida_export_catalog	game	special_modes	medium	address_cluster:menu_and_shop_cluster;assembly_direct_call_graph:4_sites	0x0043D880:1;0x0043F000:1	0x004885A0:2	special_modes		mechanical_candidate_not_manually_reviewed
0x0043F0D0	sub_43F0D0	ida_export_catalog	game	special_modes	medium	address_cluster:menu_and_shop_cluster;assembly_direct_call_graph:2_sites	0x0043F000:1	0x0043F7C0:1	special_modes		mechanical_candidate_not_manually_reviewed
0x0043F160	sub_43F160	ida_export_catalog	game	special_modes	medium	address_cluster:menu_and_shop_cluster;assembly_direct_call_graph:1_sites	0x0043F880:1		special_modes		mechanical_candidate_not_manually_reviewed
0x0043F1E0	sub_43F1E0	ida_export_catalog	game	special_modes	medium	address_cluster:menu_and_shop_cluster;assembly_direct_call_graph:11_sites	0x0043DD20:1;0x0043DDF0:1;0x0043DED0:1;0x0043DFA0:1;0x0043E080:1;0x0043E170:1;0x0043E3D0:1	0x00476DB0:2;0x004885A0:2	special_modes		mechanical_candidate_not_manually_reviewed
0x0043F7C0	sub_43F7C0	ida_export_catalog	game	special_modes	medium	address_cluster:menu_and_shop_cluster;assembly_direct_call_graph:5_sites	0x0043E3D0:3;0x0043F0D0:1;0x0043F940:1		special_modes		mechanical_candidate_not_manually_reviewed
0x0043F880	sub_43F880	ida_export_catalog	game	special_modes	medium	address_cluster:menu_and_shop_cluster;assembly_direct_call_graph:13_sites	0x0043DD20:1;0x0043DDF0:1;0x0043DED0:1;0x0043DFA0:1;0x0043E080:1;0x0043E170:1	0x0043B980:1;0x0043B9A0:1;0x0043BB40:1;0x0043BC90:1;0x0043F160:1;0x0043F940:1;0x0044D5D0:1	special_modes		mechanical_candidate_not_manually_reviewed
0x0043F940	sub_43F940	ida_export_catalog	game	special_modes	medium	address_cluster:menu_and_shop_cluster;assembly_direct_call_graph:8_sites	0x0043F880:1	0x0043B9A0:1;0x0043F7C0:1;0x0044D680:2;0x00487C10:1;0x004885A0:2	special_modes		mechanical_candidate_not_manually_reviewed
0x0043FA70	sub_43FA70	ida_export_catalog	game	special_modes	medium	address_cluster:menu_and_shop_cluster;assembly_direct_call_graph:22_sites	0x0043E800:4	0x0040EBF0:2;0x004239D0:3;0x00436AD0:11;0x0043B110:1;0x0043BAB0:1	special_modes		mechanical_candidate_not_manually_reviewed
0x0043FDE0	sub_43FDE0	ida_export_catalog	game	special_modes	medium	address_cluster:menu_and_shop_cluster;assembly_direct_call_graph:17_sites	0x0043E3D0:1	0x004019A0:4;0x004315D0:4;0x004321E0:4;0x0044A240:4	special_modes		mechanical_candidate_not_manually_reviewed
0x004400A0	sub_4400A0	ida_export_catalog	game	special_modes	medium	address_cluster:menu_and_shop_cluster;assembly_direct_call_graph:6_sites	0x0043E800:1	0x00439070:3;0x00485610:2	special_modes		mechanical_candidate_not_manually_reviewed
0x004404D0	sub_4404D0	ida_export_catalog	game	special_modes	medium	address_cluster:menu_and_shop_cluster;assembly_direct_call_graph:1_sites	0x0043E3D0:1		special_modes		mechanical_candidate_not_manually_reviewed
0x004405C0	sub_4405C0	ida_export_catalog	game	special_modes	medium	address_cluster:menu_and_shop_cluster;assembly_direct_call_graph:7_sites	0x0043E3D0:1;0x0043E800:2	0x004885A0:4	special_modes		mechanical_candidate_not_manually_reviewed
0x00440630	sub_440630	ida_export_catalog	game	special_modes	medium	address_cluster:menu_and_shop_cluster;assembly_direct_call_graph:6_sites		0x0043B9E0:1;0x00442050:1;0x004429B0:1;0x00487C10:3	special_modes		mechanical_candidate_not_manually_reviewed
0x004407F0	sub_4407F0	ida_export_catalog	game	special_modes	medium	address_cluster:menu_and_shop_cluster;assembly_direct_call_graph:20_sites		0x0040DC50:1;0x00437300:1;0x0043B9C0:1;0x0043B9E0:1;0x0043C090:1;0x00440B20:3;0x00440C20:1;0x00440D20:1;0x00440E10:1;0x00441060:1;0x00441160:4;0x00441590:3;0x004429B0:1	special_modes		mechanical_candidate_not_manually_reviewed
0x00440B20	sub_440B20	ida_export_catalog	game	special_modes	medium	address_cluster:menu_and_shop_cluster;assembly_direct_call_graph:16_sites	0x004407F0:3;0x00440FB0:1	0x0043B9A0:1;0x0043B9C0:1;0x0043B9E0:2;0x0043BB80:1;0x0043BC90:1;0x00442050:1;0x004420F0:1;0x004429B0:2;0x00485610:2	special_modes		mechanical_candidate_not_manually_reviewed
0x00440C20	sub_440C20	ida_export_catalog	game	special_modes	medium	address_cluster:menu_and_shop_cluster;assembly_direct_call_graph:14_sites	0x004407F0:1;0x00440F00:1	0x0043B9A0:1;0x0043B9C0:1;0x0043B9E0:2;0x0043BBC0:1;0x0043BC90:1;0x00442050:1;0x004420F0:1;0x004429B0:2;0x00485610:2	special_modes		mechanical_candidate_not_manually_reviewed
0x00440D20	sub_440D20	ida_export_catalog	game	special_modes	medium	address_cluster:menu_and_shop_cluster;assembly_direct_call_graph:13_sites	0x004407F0:1	0x0043B9A0:1;0x0043B9C0:1;0x0043B9E0:2;0x0043BBE0:1;0x0043BC90:1;0x00442050:1;0x004420F0:1;0x004429B0:2;0x00485610:2	special_modes		mechanical_candidate_not_manually_reviewed
0x00440E10	sub_440E10	ida_export_catalog	game	special_modes	medium	address_cluster:menu_and_shop_cluster;assembly_direct_call_graph:13_sites	0x004407F0:1	0x0043B9A0:1;0x0043B9C0:1;0x0043B9E0:2;0x0043BC60:1;0x0043BC90:1;0x00442050:1;0x004420F0:1;0x004429B0:2;0x00485610:2	special_modes		mechanical_candidate_not_manually_reviewed
0x00440F00	sub_440F00	ida_export_catalog	game	special_modes	medium	address_cluster:menu_and_shop_cluster;assembly_direct_call_graph:10_sites		0x0043B9C0:1;0x0043B9E0:2;0x00440C20:1;0x00442050:1;0x004420F0:1;0x004429B0:2;0x00485610:2	special_modes		mechanical_candidate_not_manually_reviewed
0x00440FB0	sub_440FB0	ida_export_catalog	game	special_modes	medium	address_cluster:menu_and_shop_cluster;assembly_direct_call_graph:10_sites		0x0043B9C0:1;0x0043B9E0:2;0x00440B20:1;0x00442050:1;0x004420F0:1;0x004429B0:2;0x00485610:2	special_modes		mechanical_candidate_not_manually_reviewed
0x00441060	sub_441060	ida_export_catalog	game	special_modes	medium	address_cluster:menu_and_shop_cluster;assembly_direct_call_graph:9_sites	0x004407F0:1	0x0043B9A0:1;0x0043B9E0:1;0x0043BB40:1;0x0043BC90:1;0x00442050:1;0x004420F0:1;0x004429B0:1;0x00485610:1	special_modes		mechanical_candidate_not_manually_reviewed
0x00441160	sub_441160	ida_export_catalog	game	special_modes	medium	address_cluster:menu_and_shop_cluster;assembly_direct_call_graph:26_sites	0x004407F0:4	0x0043B980:1;0x0043B9A0:1;0x0043B9C0:1;0x0043B9E0:2;0x0043BB40:1;0x0043BC90:1;0x00441F70:1;0x004429B0:2;0x00442D70:1;0x0044A240:1;0x0044D2D0:5;0x0044D6B0:1;0x00485610:2;0x00487C10:1;0x004885A0:1	special_modes		mechanical_candidate_not_manually_reviewed
0x00441590	sub_441590	ida_export_catalog	game	special_modes	medium	address_cluster:menu_and_shop_cluster;assembly_direct_call_graph:10_sites	0x004407F0:3	0x0043B480:1;0x0043B9E0:1;0x004420F0:2;0x004885A0:3	special_modes		mechanical_candidate_not_manually_reviewed
0x00441680	sub_441680	ida_export_catalog	game	special_modes	medium	address_cluster:menu_and_shop_cluster;assembly_direct_call_graph:36_sites		0x0040EBF0:4;0x00420490:2;0x004239D0:5;0x0042E850:2;0x004321E0:2;0x00435660:1;0x00436AD0:7;0x004372D0:1;0x0043AE40:2;0x0043B110:2;0x0043B9A0:1;0x0043BAB0:4;0x0043BD70:1;0x00442130:1;0x004425C0:1	special_modes		mechanical_candidate_not_manually_reviewed
0x00441F70	sub_441F70	ida_export_catalog	game	special_modes	medium	address_cluster:menu_and_shop_cluster;assembly_direct_call_graph:2_sites	0x00441160:1;0x00442050:1		special_modes		mechanical_candidate_not_manually_reviewed
0x00442050	sub_442050	ida_export_catalog	game	special_modes	medium	address_cluster:menu_and_shop_cluster;assembly_direct_call_graph:11_sites	0x00440630:1;0x00440B20:1;0x00440C20:1;0x00440D20:1;0x00440E10:1;0x00440F00:1;0x00440FB0:1;0x00441060:1	0x0043B980:1;0x00441F70:1;0x0044D5D0:1	special_modes		mechanical_candidate_not_manually_reviewed
0x004420F0	sub_4420F0	ida_export_catalog	game	special_modes	medium	address_cluster:menu_and_shop_cluster;assembly_direct_call_graph:10_sites	0x00440B20:1;0x00440C20:1;0x00440D20:1;0x00440E10:1;0x00440F00:1;0x00440FB0:1;0x00441060:1;0x00441590:2	0x004885A0:1	special_modes		mechanical_candidate_not_manually_reviewed
0x00442130	sub_442130	ida_export_catalog	game	special_modes	medium	address_cluster:menu_and_shop_cluster;assembly_direct_call_graph:19_sites	0x00441680:1	0x004170E0:3;0x004239D0:1;0x004315D0:3;0x00436AD0:11	special_modes		mechanical_candidate_not_manually_reviewed
0x004425C0	sub_4425C0	ida_export_catalog	game	special_modes	medium	address_cluster:menu_and_shop_cluster;assembly_direct_call_graph:16_sites	0x00441680:1;0x0044A280:1	0x0040EBF0:1;0x00420490:1;0x004239D0:1;0x004321E0:1;0x00436AD0:1;0x0043B110:1;0x00442960:8	special_modes		mechanical_candidate_not_manually_reviewed
0x00442960	sub_442960	ida_export_catalog	game	special_modes	medium	address_cluster:menu_and_shop_cluster;assembly_direct_call_graph:10_sites	0x004425C0:8	0x004170E0:1;0x004315D0:1	special_modes		mechanical_candidate_not_manually_reviewed
0x004429B0	sub_4429B0	ida_export_catalog	game	special_modes	medium	address_cluster:menu_and_shop_cluster;assembly_direct_call_graph:24_sites	0x00440630:1;0x004407F0:1;0x00440B20:2;0x00440C20:2;0x00440D20:2;0x00440E10:2;0x00440F00:2;0x00440FB0:2;0x00441060:1;0x00441160:2	0x00442A40:1;0x00442AA0:4;0x00442B10:1;0x00442CA0:1	special_modes		mechanical_candidate_not_manually_reviewed
0x00442A40	sub_442A40	ida_export_catalog	game	special_modes	medium	address_cluster:menu_and_shop_cluster;assembly_direct_call_graph:2_sites	0x004429B0:1	0x0043B9A0:1	special_modes		mechanical_candidate_not_manually_reviewed
0x00442AA0	sub_442AA0	ida_export_catalog	game	special_modes	medium	address_cluster:menu_and_shop_cluster;assembly_direct_call_graph:6_sites	0x004429B0:4	0x00442BC0:1;0x0044D6E0:1	special_modes		mechanical_candidate_not_manually_reviewed
0x00442B10	sub_442B10	ida_export_catalog	game	special_modes	medium	address_cluster:menu_and_shop_cluster;assembly_direct_call_graph:3_sites	0x004429B0:1	0x00442BC0:1;0x0044D6E0:1	special_modes		mechanical_candidate_not_manually_reviewed
0x00442BC0	sub_442BC0	ida_export_catalog	game	special_modes	medium	address_cluster:menu_and_shop_cluster;assembly_direct_call_graph:2_sites	0x00442AA0:1;0x00442B10:1		special_modes		mechanical_candidate_not_manually_reviewed
0x00442CA0	sub_442CA0	ida_export_catalog	game	special_modes	medium	address_cluster:menu_and_shop_cluster;assembly_direct_call_graph:4_sites	0x004429B0:1	0x00477800:1;0x004779F0:1;0x00477B40:1	special_modes		mechanical_candidate_not_manually_reviewed
0x00442D70	sub_442D70	ida_export_catalog	game	special_modes	medium	address_cluster:menu_and_shop_cluster;assembly_direct_call_graph:3_sites	0x00441160:1	0x0044D6E0:2	special_modes		mechanical_candidate_not_manually_reviewed
0x00442E40	sub_442E40	ida_export_catalog	game	special_modes	medium	address_cluster:menu_and_shop_cluster;assembly_direct_call_graph:6_sites		0x0043B9C0:1;0x0043B9E0:1;0x00444E80:1;0x00444F60:1;0x00444FB0:1;0x00487C10:1	special_modes		mechanical_candidate_not_manually_reviewed
0x00442F10	sub_442F10	ida_export_catalog	game	special_modes	medium	address_cluster:menu_and_shop_cluster;assembly_direct_call_graph:4_sites	0x00443BD0:2	0x00444F00:1;0x004885A0:1	special_modes		mechanical_candidate_not_manually_reviewed
0x00442F40	sub_442F40	ida_export_catalog	game	special_modes	medium	address_cluster:menu_and_shop_cluster;assembly_direct_call_graph:26_sites		0x0040DC50:5;0x00437300:1;0x0043B9C0:1;0x0043B9E0:1;0x0043C090:1;0x00443450:2;0x00443570:2;0x00443670:2;0x004437C0:2;0x00443A60:1;0x00443B70:1;0x00443BD0:5;0x004441A0:1;0x00485610:1	special_modes		mechanical_candidate_not_manually_reviewed
0x00443450	sub_443450	ida_export_catalog	game	special_modes	medium	address_cluster:menu_and_shop_cluster;assembly_direct_call_graph:8_sites	0x00442F40:2	0x0043B9A0:1;0x0043B9C0:1;0x0043B9E0:1;0x0043BB80:1;0x0043BC90:1;0x00485610:1	special_modes		mechanical_candidate_not_manually_reviewed
0x00443570	sub_443570	ida_export_catalog	game	special_modes	medium	address_cluster:menu_and_shop_cluster;assembly_direct_call_graph:8_sites	0x00442F40:2	0x0043B9A0:1;0x0043B9C0:1;0x0043B9E0:1;0x0043BBC0:1;0x0043BC90:1;0x00485610:1	special_modes		mechanical_candidate_not_manually_reviewed
0x00443670	sub_443670	ida_export_catalog	game	special_modes	medium	address_cluster:menu_and_shop_cluster;assembly_direct_call_graph:8_sites	0x00442F40:2	0x0043B9A0:1;0x0043B9C0:1;0x0043B9E0:1;0x0043BBE0:1;0x00444E50:1;0x00485610:1	special_modes		mechanical_candidate_not_manually_reviewed
0x004437C0	sub_4437C0	ida_export_catalog	game	special_modes	medium	address_cluster:menu_and_shop_cluster;assembly_direct_call_graph:10_sites	0x00442F40:2	0x0043B9A0:2;0x0043B9C0:1;0x0043B9E0:1;0x0043BC60:1;0x00444E50:2;0x00485610:1	special_modes		mechanical_candidate_not_manually_reviewed
0x004438E0	sub_4438E0	ida_export_catalog	game	special_modes	medium	address_cluster:menu_and_shop_cluster;assembly_direct_call_graph:4_sites		0x0043B9C0:1;0x0043B9E0:1;0x0043BBC0:1;0x00485610:1	special_modes		mechanical_candidate_not_manually_reviewed
0x004439A0	sub_4439A0	assembly_proc_only	game	special_modes	medium	address_cluster:menu_and_shop_cluster;assembly_direct_call_graph:4_sites;assembly_proc_only_entry		0x0043B9C0:1;0x0043B9E0:1;0x0043BB80:1;0x00485610:1	special_modes		mechanical_candidate_not_manually_reviewed
0x00443A60	sub_443A60	ida_export_catalog	game	special_modes	medium	address_cluster:menu_and_shop_cluster;assembly_direct_call_graph:11_sites	0x00442F40:1	0x0043B9A0:1;0x0043B9C0:1;0x0043B9E0:1;0x0043BB40:1;0x0043BC90:1;0x00444E80:1;0x00444F00:1;0x00444F60:1;0x00444FB0:1;0x00485610:1	special_modes		mechanical_candidate_not_manually_reviewed
0x00443B70	sub_443B70	ida_export_catalog	game	special_modes	medium	address_cluster:menu_and_shop_cluster;assembly_direct_call_graph:6_sites	0x00442F40:1	0x0043B9C0:1;0x0043B9E0:1;0x00444E80:1;0x00444F00:1;0x00485610:1	special_modes		mechanical_candidate_not_manually_reviewed
0x00443BD0	sub_443BD0	ida_export_catalog	game	special_modes	medium	address_cluster:menu_and_shop_cluster;assembly_direct_call_graph:35_sites	0x00442F40:5	0x0040DC50:7;0x0043B9C0:3;0x0043BE40:1;0x0043BE90:1;0x0043BFC0:2;0x00442F10:2;0x0044D6E0:5;0x00476A80:1;0x00485610:6;0x004885A0:2	special_modes		mechanical_candidate_not_manually_reviewed
0x004441A0	sub_4441A0	ida_export_catalog	game	special_modes	medium	address_cluster:menu_and_shop_cluster;assembly_direct_call_graph:4_sites	0x00442F40:1	0x0043B480:1;0x004885A0:2	special_modes		mechanical_candidate_not_manually_reviewed
0x004442B0	sub_4442B0	ida_export_catalog	game	special_modes	medium	address_cluster:menu_and_shop_cluster;assembly_direct_call_graph:44_sites		0x0040EBF0:1;0x004170E0:1;0x00420490:2;0x004239D0:6;0x0042E850:4;0x004306C0:1;0x004315D0:1;0x004321E0:1;0x00435620:2;0x00436AD0:8;0x004372D0:1;0x0043AE40:2;0x0043B110:7;0x0043B9A0:1;0x0043B9C0:1;0x0043BAB0:2;0x00476A80:1;0x00487C10:1;0x004885A0:1	special_modes		mechanical_candidate_not_manually_reviewed
0x00444DB0	sub_444DB0	ida_export_catalog	game	special_modes	medium	address_cluster:menu_and_shop_cluster;assembly_direct_call_graph:1_sites	0x00444E80:1		special_modes		mechanical_candidate_not_manually_reviewed
0x00444E50	sub_444E50	ida_export_catalog	game	special_modes	medium	address_cluster:menu_and_shop_cluster;assembly_direct_call_graph:3_sites	0x00443670:1;0x004437C0:2		special_modes		mechanical_candidate_not_manually_reviewed
0x00444E80	sub_444E80	ida_export_catalog	game	special_modes	medium	address_cluster:menu_and_shop_cluster;assembly_direct_call_graph:6_sites	0x00442E40:1;0x00443A60:1;0x00443B70:1	0x0043B980:1;0x00444DB0:1;0x0044D5D0:1	special_modes		mechanical_candidate_not_manually_reviewed
0x00444F00	sub_444F00	ida_export_catalog	game	special_modes	medium	address_cluster:menu_and_shop_cluster;assembly_direct_call_graph:4_sites	0x00442F10:1;0x00443A60:1;0x00443B70:1	0x004885A0:1	special_modes		mechanical_candidate_not_manually_reviewed
0x00444F60	sub_444F60	ida_export_catalog	game	special_modes	medium	address_cluster:menu_and_shop_cluster;assembly_direct_call_graph:4_sites	0x00442E40:1;0x00443A60:1	0x0040DC50:2	special_modes		mechanical_candidate_not_manually_reviewed
0x00444FB0	sub_444FB0	ida_export_catalog	game	special_modes	medium	address_cluster:menu_and_shop_cluster;assembly_direct_call_graph:2_sites	0x00442E40:1;0x00443A60:1		special_modes		mechanical_candidate_not_manually_reviewed
0x00444FC0	sub_444FC0	ida_export_catalog	game	special_modes	medium	address_cluster:menu_and_shop_cluster;assembly_direct_call_graph:3_sites	0x00439DE0:1;0x0043B480:1	0x0040DC50:1	special_modes		mechanical_candidate_not_manually_reviewed
0x004450E0	sub_4450E0	ida_export_catalog	game	special_modes	medium	address_cluster:menu_and_shop_cluster;assembly_direct_call_graph:5_sites		0x0040DC50:2;0x00445210:1;0x00445360:1;0x004453F0:1	special_modes		mechanical_candidate_not_manually_reviewed
0x00445210	sub_445210	ida_export_catalog	game	special_modes	medium	address_cluster:menu_and_shop_cluster;assembly_direct_call_graph:4_sites	0x004450E0:1	0x0040DC50:1;0x00485610:2	special_modes		mechanical_candidate_not_manually_reviewed
0x004452B0	sub_4452B0	assembly_proc_only	game	special_modes	medium	address_cluster:menu_and_shop_cluster;assembly_direct_call_graph:3_sites;assembly_proc_only_entry		0x0040DC50:2;0x00485610:1	special_modes		mechanical_candidate_not_manually_reviewed
0x00445360	sub_445360	ida_export_catalog	game	special_modes	medium	address_cluster:menu_and_shop_cluster;assembly_direct_call_graph:4_sites	0x004450E0:1	0x0040DC50:1;0x0043B480:1;0x00485610:1	special_modes		mechanical_candidate_not_manually_reviewed
0x004453F0	sub_4453F0	ida_export_catalog	game	special_modes	medium	address_cluster:menu_and_shop_cluster;assembly_direct_call_graph:2_sites	0x004450E0:1	0x0043B480:1	special_modes		mechanical_candidate_not_manually_reviewed
0x00445420	sub_445420	ida_export_catalog	game	special_modes	medium	address_cluster:menu_and_shop_cluster			special_modes		mechanical_candidate_not_manually_reviewed
0x00445430	sub_445430	assembly_proc_only	game	special_modes	medium	address_cluster:menu_and_shop_cluster;assembly_direct_call_graph:9_sites;assembly_proc_only_entry		0x0040DC00:1;0x0040DC50:4;0x0043B9C0:1;0x0043B9E0:1;0x00448230:1;0x00487C10:1	special_modes		mechanical_candidate_not_manually_reviewed
0x004455A0	sub_4455A0	ida_export_catalog	game	special_modes	medium	address_cluster:menu_and_shop_cluster;assembly_direct_call_graph:6_sites	0x00446700:3;0x00446FE0:1	0x004482E0:1;0x004885A0:1	special_modes		mechanical_candidate_not_manually_reviewed
0x004455E0	sub_4455E0	ida_export_catalog	game	special_modes	medium	address_cluster:menu_and_shop_cluster;assembly_direct_call_graph:29_sites		0x0040DC50:1;0x00437300:1;0x0043B9C0:1;0x0043B9E0:1;0x0043C090:1;0x0043C3C0:1;0x00445C90:2;0x00445E90:2;0x00446090:2;0x00446260:2;0x00446420:1;0x00446700:7;0x00446FE0:4;0x00485610:3	special_modes		mechanical_candidate_not_manually_reviewed
0x00445C90	sub_445C90	ida_export_catalog	game	special_modes	medium	address_cluster:menu_and_shop_cluster;assembly_direct_call_graph:10_sites	0x004455E0:2	0x0043B9A0:1;0x0043B9C0:1;0x0043B9E0:1;0x0043BB80:2;0x0043BC90:1;0x00485610:2	special_modes		mechanical_candidate_not_manually_reviewed
0x00445E90	sub_445E90	ida_export_catalog	game	special_modes	medium	address_cluster:menu_and_shop_cluster;assembly_direct_call_graph:10_sites	0x004455E0:2	0x0043B9A0:1;0x0043B9C0:1;0x0043B9E0:1;0x0043BBC0:2;0x0043BC90:1;0x00485610:2	special_modes		mechanical_candidate_not_manually_reviewed
0x00446090	sub_446090	ida_export_catalog	game	special_modes	medium	address_cluster:menu_and_shop_cluster;assembly_direct_call_graph:10_sites	0x004455E0:2	0x0043B9A0:1;0x0043B9C0:1;0x0043B9E0:1;0x0043BBE0:2;0x0043BC90:1;0x00485610:2	special_modes		mechanical_candidate_not_manually_reviewed
0x00446260	sub_446260	ida_export_catalog	game	special_modes	medium	address_cluster:menu_and_shop_cluster;assembly_direct_call_graph:10_sites	0x004455E0:2	0x0043B9A0:1;0x0043B9C0:1;0x0043B9E0:1;0x0043BC60:2;0x0043BC90:1;0x00485610:2	special_modes		mechanical_candidate_not_manually_reviewed
0x00446420	sub_446420	ida_export_catalog	game	special_modes	medium	address_cluster:menu_and_shop_cluster;assembly_direct_call_graph:12_sites	0x004455E0:1	0x0043B9C0:1;0x0043B9E0:1;0x0043BBC0:1;0x0043C9C0:1;0x0043CBD0:1;0x0043CC00:1;0x0043CEF0:1;0x00448230:1;0x004482E0:1;0x00485610:2	special_modes		mechanical_candidate_not_manually_reviewed
0x00446550	sub_446550	ida_export_catalog	game	special_modes	medium	address_cluster:menu_and_shop_cluster;assembly_direct_call_graph:6_sites		0x0043B9C0:1;0x0043B9E0:1;0x0043BB80:1;0x00448230:1;0x004482E0:1;0x00485610:1	special_modes		mechanical_candidate_not_manually_reviewed
0x00446680	sub_446680	ida_export_catalog	game	special_modes	medium	address_cluster:menu_and_shop_cluster			special_modes		mechanical_candidate_not_manually_reviewed
0x004466A0	sub_4466A0	assembly_proc_only	game	special_modes	medium	address_cluster:menu_and_shop_cluster;assembly_direct_call_graph:1_sites;assembly_proc_only_entry		0x00485610:1	special_modes		mechanical_candidate_not_manually_reviewed
0x00446700	sub_446700	ida_export_catalog	game	special_modes	medium	address_cluster:menu_and_shop_cluster;assembly_direct_call_graph:71_sites	0x004455E0:7	0x00406D30:1;0x0040D560:1;0x0040DC50:7;0x00437DF0:1;0x0043B9C0:6;0x0043BCC0:4;0x0043BE40:1;0x0043BE90:1;0x0043BFC0:2;0x0043C0D0:1;0x004455A0:3;0x00446FE0:2;0x00448230:1;0x004482E0:1;0x00448360:1;0x004485F0:1;0x0044A240:2;0x0044D2D0:6;0x0044D4E0:1;0x0044D680:1;0x0044D6E0:5;0x00476A80:1;0x00485610:9;0x00487C10:1;0x004885A0:4	special_modes		mechanical_candidate_not_manually_reviewed
0x00446FE0	sub_446FE0	ida_export_catalog	game	special_modes	medium	address_cluster:menu_and_shop_cluster;assembly_direct_call_graph:10_sites	0x004455E0:4;0x00446700:2	0x0043B480:1;0x004455A0:1;0x004885A0:2	special_modes		mechanical_candidate_not_manually_reviewed
0x00447100	sub_447100	ida_export_catalog	game	special_modes	medium	address_cluster:menu_and_shop_cluster;assembly_direct_call_graph:66_sites		0x0040D560:1;0x0040EBF0:5;0x0040EFD0:1;0x00420490:2;0x004239D0:4;0x0042E850:5;0x004321E0:3;0x00435620:6;0x00435660:1;0x00436AD0:13;0x004372D0:1;0x0043AE40:2;0x0043B110:11;0x0043B9A0:1;0x0043B9C0:1;0x0043BAB0:3;0x0043BD70:1;0x0043C820:1;0x00487C10:2;0x004885A0:2	special_modes		mechanical_candidate_not_manually_reviewed
0x00448020	sub_448020	ida_export_catalog	game	special_modes	medium	address_cluster:menu_and_shop_cluster;assembly_direct_call_graph:7_sites	0x00448230:1	0x0040DC50:1;0x0044A240:1;0x00487C10:2;0x004885A0:2	special_modes		mechanical_candidate_not_manually_reviewed
0x00448230	sub_448230	ida_export_catalog	game	special_modes	medium	address_cluster:menu_and_shop_cluster;assembly_direct_call_graph:9_sites	0x00445430:1;0x00446420:1;0x00446550:1;0x00446700:1	0x0043B980:1;0x00448020:1;0x0044D5D0:1;0x004885A0:2	special_modes		mechanical_candidate_not_manually_reviewed
0x004482E0	sub_4482E0	ida_export_catalog	game	special_modes	medium	address_cluster:menu_and_shop_cluster;assembly_direct_call_graph:9_sites	0x004455A0:1;0x00446420:1;0x00446550:1;0x00446700:1;0x004485F0:1	0x0044D2D0:2;0x004885A0:2	special_modes		mechanical_candidate_not_manually_reviewed
0x00448360	sub_448360	ida_export_catalog	game	special_modes	medium	address_cluster:menu_and_shop_cluster;assembly_direct_call_graph:13_sites	0x00446700:1	0x0040AE20:1;0x0040D460:2;0x0040D560:1;0x0040DC00:1;0x0040F280:1;0x00411490:2;0x00411530:1;0x00487C10:1;0x004885A0:2	special_modes		mechanical_candidate_not_manually_reviewed
0x004485F0	sub_4485F0	ida_export_catalog	game	special_modes	medium	address_cluster:menu_and_shop_cluster;assembly_direct_call_graph:4_sites	0x00446700:1	0x004482E0:1;0x0044D520:2	special_modes		mechanical_candidate_not_manually_reviewed
0x00448650	sub_448650	ida_export_catalog	game	special_modes	confirmed_boundary	address_cluster:menu_and_shop_cluster;assembly_direct_call_graph:7_sites;manual_a2_cross_module_boundary_review	0x004070A0:1;0x00409540:1	0x0043B9C0:1;0x0043B9E0:1;0x0043BCC0:1;0x0044D2D0:1;0x0044D5A0:1	special_modes	cross_module_boundary_a2	manual_reviewed_current_assembly
0x00448700	sub_448700	ida_export_catalog	game	special_modes	confirmed_boundary	address_cluster:menu_and_shop_cluster;assembly_direct_call_graph:10_sites;manual_a2_cross_module_boundary_review	0x00409540:1;0x0043B480:1	0x0040EB60:1;0x00448EE0:1;0x004856C0:1;0x00485710:1;0x00485830:1;0x00485850:1;0x00487C10:2	special_modes	cross_module_boundary_a2	manual_reviewed_current_assembly
0x00448840	sub_448840	ida_export_catalog	game	special_modes	medium	address_cluster:menu_and_shop_cluster;assembly_direct_call_graph:9_sites		0x0040DC80:1;0x0040DCB0:1;0x00448EE0:4;0x00449050:1;0x00485610:1;0x00485850:1	special_modes		mechanical_candidate_not_manually_reviewed
0x00448BB0	sub_448BB0	ida_export_catalog	game	special_modes	medium	address_cluster:menu_and_shop_cluster			special_modes		mechanical_candidate_not_manually_reviewed
0x00448C00	sub_448C00	ida_export_catalog	game	special_modes	medium	address_cluster:menu_and_shop_cluster			special_modes		mechanical_candidate_not_manually_reviewed
0x00448C40	sub_448C40	assembly_proc_only	game	special_modes	medium	address_cluster:menu_and_shop_cluster;assembly_proc_only_entry			special_modes		mechanical_candidate_not_manually_reviewed
0x00448C70	sub_448C70	ida_export_catalog	game	special_modes	medium	address_cluster:menu_and_shop_cluster			special_modes		mechanical_candidate_not_manually_reviewed
0x00448CA0	sub_448CA0	ida_export_catalog	game	special_modes	medium	address_cluster:menu_and_shop_cluster;assembly_direct_call_graph:3_sites		0x0040DC80:1;0x00485610:1;0x00485850:1	special_modes		mechanical_candidate_not_manually_reviewed
0x00448DA0	sub_448DA0	assembly_proc_only	game	special_modes	medium	address_cluster:menu_and_shop_cluster;assembly_direct_call_graph:3_sites;assembly_proc_only_entry		0x0040DCB0:1;0x00485610:1;0x00485850:1	special_modes		mechanical_candidate_not_manually_reviewed
0x00448EB0	sub_448EB0	ida_export_catalog	game	special_modes	medium	address_cluster:menu_and_shop_cluster			special_modes		mechanical_candidate_not_manually_reviewed
0x00448EE0	sub_448EE0	ida_export_catalog	game	special_modes	medium	address_cluster:menu_and_shop_cluster;assembly_direct_call_graph:13_sites	0x00448700:1;0x00448840:4	0x0040DC80:1;0x004321E0:1;0x004389D0:1;0x004858D0:1;0x00485910:1;0x00487C10:1;0x00489D00:1;0x00489E90:1	special_modes		mechanical_candidate_not_manually_reviewed
0x00449050	sub_449050	ida_export_catalog	game	special_modes	medium	address_cluster:menu_and_shop_cluster;assembly_direct_call_graph:3_sites	0x00448840:1	0x0040DC50:1;0x00423AF0:1	special_modes		mechanical_candidate_not_manually_reviewed
0x004490C0	sub_4490C0	ida_export_catalog	game	special_modes	medium	address_cluster:menu_and_shop_cluster;assembly_direct_call_graph:58_sites		0x00406D30:2;0x00409DD0:1;0x0040DC50:2;0x0040DCB0:2;0x0040EBF0:10;0x0040F160:1;0x00411700:1;0x00420490:3;0x00421FB0:1;0x004239D0:3;0x00436AD0:10;0x004372E0:1;0x004389D0:1;0x00438A60:1;0x00438A70:1;0x00438AF0:1;0x00439070:3;0x0043B110:1;0x0043BAB0:1;0x00449C30:4;0x00449D80:1;0x004885A0:3;0x00489B70:1;0x00489D00:2;0x00489E90:1	special_modes		mechanical_candidate_not_manually_reviewed
0x00449C30	sub_449C30	ida_export_catalog	game	special_modes	medium	address_cluster:menu_and_shop_cluster;assembly_direct_call_graph:10_sites	0x004490C0:4	0x004170E0:3;0x004315D0:1;0x004321E0:1;0x0044A240:1	special_modes		mechanical_candidate_not_manually_reviewed
0x00449D80	sub_449D80	ida_export_catalog	game	special_modes	medium	address_cluster:menu_and_shop_cluster;assembly_direct_call_graph:1_sites	0x004490C0:1		special_modes		mechanical_candidate_not_manually_reviewed
0x00449FF0	sub_449FF0	ida_export_catalog	game	special_modes	medium	address_cluster:menu_and_shop_cluster;assembly_direct_call_graph:2_sites		0x00487C10:2	special_modes		mechanical_candidate_not_manually_reviewed
0x0044A030	sub_44A030	ida_export_catalog	game	special_modes	medium	address_cluster:menu_and_shop_cluster;assembly_direct_call_graph:3_sites	0x0044A250:1	0x004885A0:2	special_modes		mechanical_candidate_not_manually_reviewed
0x0044A050	sub_44A050	ida_export_catalog	game	special_modes	medium	address_cluster:menu_and_shop_cluster;assembly_direct_call_graph:3_sites		0x0040DC50:1;0x0044A0D0:1;0x0044A250:1	special_modes		mechanical_candidate_not_manually_reviewed
0x0044A0D0	sub_44A0D0	ida_export_catalog	game	special_modes	medium	address_cluster:menu_and_shop_cluster;assembly_direct_call_graph:3_sites	0x0044A050:1	0x0044AB00:1;0x00485610:1	special_modes		mechanical_candidate_not_manually_reviewed
0x0044A160	sub_44A160	ida_export_catalog	game	special_modes	medium	address_cluster:menu_and_shop_cluster;assembly_direct_call_graph:2_sites		0x0044AB00:1;0x00485610:1	special_modes		mechanical_candidate_not_manually_reviewed
0x0044A1D0	sub_44A1D0	ida_export_catalog	game	special_modes	medium	address_cluster:menu_and_shop_cluster;assembly_direct_call_graph:2_sites		0x0044AB00:1;0x00485610:1	special_modes		mechanical_candidate_not_manually_reviewed
0x0044A240	nullsub_1	ida_export_catalog	game	runtime_platform	confirmed_boundary	manual_module_assembly_review;manual_a2_cross_module_boundary_review	0x00402F80:13;0x00405430:1;0x00405500:10;0x00406390:2;0x00406580:1;0x00406770:1;0x00406960:1;0x004070A0:2;0x00408E70:1;0x0040AFF0:4;0x0040B7F0:3;0x0040C130:9;0x0040CF40:1;0x0040D200:1;0x0040D3C0:1;0x0040D460:1;0x0040D560:1;0x0040D790:2;0x0040E0B0:4;0x0040EB60:1;0x0040EBF0:1;0x0040ECC0:1;0x0040F040:2;0x0040F280:1;0x0040F6D0:2;0x0040F890:2;0x00411530:1;0x004120B0:4;0x004147E0:1;0x004149B0:1;0x00414B60:1;0x00414CE0:1;0x00424B90:1;0x00425BE0:1;0x00426DF0:1;0x004270F0:1;0x00427300:6;0x00427920:62;0x0042D920:1;0x0042DAF0:2;0x0042E280:1;0x0042E480:1;0x0042ED40:3;0x0043A610:1;0x0043AE40:2;0x0043B080:1;0x0043C9C0:2;0x0043CEF0:1;0x0043FDE0:4;0x00441160:1;0x00446700:2;0x00448020:1;0x00449C30:1;0x0044D0F0:1;0x0044D2D0:1;0x0044E4A0:2;0x00469D20:3;0x00478B60:1;0x00484950:1		runtime_platform	module_candidate_manual;cross_module_boundary_a2	manual_reviewed_current_assembly
0x0044A250	sub_44A250	ida_export_catalog	game	special_modes	medium	address_cluster:menu_and_shop_cluster;assembly_direct_call_graph:3_sites	0x0044A050:1	0x0043B480:1;0x0044A030:1	special_modes		mechanical_candidate_not_manually_reviewed
0x0044A280	sub_44A280	ida_export_catalog	game	special_modes	medium	address_cluster:menu_and_shop_cluster;assembly_direct_call_graph:44_sites		0x0040EBF0:3;0x004239D0:5;0x0042E850:3;0x00436AD0:25;0x0043B110:2;0x004425C0:1;0x0044AE70:4;0x00477290:1	special_modes		mechanical_candidate_not_manually_reviewed
0x0044AB00	sub_44AB00	ida_export_catalog	game	special_modes	medium	address_cluster:menu_and_shop_cluster;assembly_direct_call_graph:5_sites	0x0044A0D0:1;0x0044A160:1;0x0044A1D0:1	0x0044D6E0:1;0x00477B40:1	special_modes		mechanical_candidate_not_manually_reviewed
0x0044AE70	sub_44AE70	ida_export_catalog	game	special_modes	medium	address_cluster:menu_and_shop_cluster;assembly_direct_call_graph:7_sites	0x0044A280:4	0x004239D0:2;0x00436AD0:1	special_modes		mechanical_candidate_not_manually_reviewed
0x0044AF30	sub_44AF30	ida_export_catalog	game	special_modes	medium	address_cluster:menu_and_shop_cluster;assembly_direct_call_graph:2_sites		0x0040DC50:1;0x00487C10:1	special_modes		mechanical_candidate_not_manually_reviewed
0x0044B010	sub_44B010	ida_export_catalog	game	special_modes	confirmed_boundary	address_cluster:menu_and_shop_cluster;assembly_direct_call_graph:6_sites;manual_a2_cross_module_boundary_review	0x004070A0:1;0x0044C0E0:1;0x0044C160:1	0x0040DC50:1;0x00423AF0:1;0x004885A0:1	special_modes	cross_module_boundary_a2	manual_reviewed_current_assembly
0x0044B070	sub_44B070	ida_export_catalog	game	special_modes	medium	address_cluster:menu_and_shop_cluster;assembly_direct_call_graph:21_sites		0x0040DC80:1;0x0040DCB0:1;0x00437300:1;0x0043C090:1;0x0044B560:1;0x0044B6E0:1;0x0044B840:1;0x0044B930:1;0x0044BDA0:9;0x0044C0E0:1;0x00485610:2;0x00485850:1	special_modes		mechanical_candidate_not_manually_reviewed
0x0044B560	sub_44B560	ida_export_catalog	game	special_modes	medium	address_cluster:menu_and_shop_cluster;assembly_direct_call_graph:6_sites	0x0044B070:1	0x0044D010:1;0x0044D050:1;0x00485610:3	special_modes		mechanical_candidate_not_manually_reviewed
0x0044B6E0	sub_44B6E0	ida_export_catalog	game	special_modes	medium	address_cluster:menu_and_shop_cluster;assembly_direct_call_graph:7_sites	0x0044B070:1;0x0044B930:1	0x0044D010:1;0x0044D050:1;0x00485610:3	special_modes		mechanical_candidate_not_manually_reviewed
0x0044B840	sub_44B840	ida_export_catalog	game	special_modes	medium	address_cluster:menu_and_shop_cluster;assembly_direct_call_graph:5_sites	0x0044B070:1	0x00485610:4	special_modes		mechanical_candidate_not_manually_reviewed
0x0044B930	sub_44B930	ida_export_catalog	game	special_modes	medium	address_cluster:menu_and_shop_cluster;assembly_direct_call_graph:6_sites	0x0044B070:1	0x0044B6E0:1;0x00485610:4	special_modes		mechanical_candidate_not_manually_reviewed
0x0044BA20	sub_44BA20	ida_export_catalog	game	special_modes	medium	address_cluster:menu_and_shop_cluster;assembly_direct_call_graph:5_sites		0x0040DC80:1;0x00485610:3;0x00485850:1	special_modes		mechanical_candidate_not_manually_reviewed
0x0044BBD0	sub_44BBD0	assembly_proc_only	game	special_modes	medium	address_cluster:menu_and_shop_cluster;assembly_direct_call_graph:5_sites;assembly_proc_only_entry		0x0040DCB0:1;0x00485610:3;0x00485850:1	special_modes		mechanical_candidate_not_manually_reviewed
0x0044BDA0	sub_44BDA0	ida_export_catalog	game	special_modes	medium	address_cluster:menu_and_shop_cluster;assembly_direct_call_graph:23_sites	0x0044B070:9	0x00406D30:2;0x0040DC50:1;0x00423E00:1;0x00424390:1;0x0043BE40:1;0x0044D010:1;0x00485610:5;0x00485880:1;0x00485910:1	special_modes		mechanical_candidate_not_manually_reviewed
0x0044C0E0	sub_44C0E0	ida_export_catalog	game	special_modes	medium	address_cluster:menu_and_shop_cluster;assembly_direct_call_graph:3_sites	0x0044B070:1	0x0043B480:1;0x0044B010:1	special_modes		mechanical_candidate_not_manually_reviewed
0x0044C160	sub_44C160	ida_export_catalog	game	special_modes	medium	address_cluster:menu_and_shop_cluster;assembly_direct_call_graph:67_sites		0x0040DC50:2;0x0040DCB0:1;0x0040DD30:1;0x0040EBF0:6;0x00420490:2;0x004239D0:3;0x0042E850:5;0x004321E0:1;0x00436AD0:23;0x004372D0:1;0x004372E0:1;0x0043AE40:1;0x0043B110:10;0x0043BAB0:4;0x0044B010:1;0x0044D070:1;0x00485610:4	special_modes		mechanical_candidate_not_manually_reviewed
0x0044D010	sub_44D010	ida_export_catalog	game	special_modes	medium	address_cluster:menu_and_shop_cluster;assembly_direct_call_graph:3_sites	0x0044B560:1;0x0044B6E0:1;0x0044BDA0:1		special_modes		mechanical_candidate_not_manually_reviewed
0x0044D050	sub_44D050	ida_export_catalog	game	special_modes	medium	address_cluster:menu_and_shop_cluster;assembly_direct_call_graph:2_sites	0x0044B560:1;0x0044B6E0:1		special_modes		mechanical_candidate_not_manually_reviewed
0x0044D070	sub_44D070	ida_export_catalog	game	special_modes	medium	address_cluster:menu_and_shop_cluster;assembly_direct_call_graph:3_sites	0x0044C160:1	0x0040EBF0:1;0x004306C0:1	special_modes		mechanical_candidate_not_manually_reviewed
0x0044D0F0	sub_44D0F0	ida_export_catalog	game	special_modes	confirmed_boundary	address_cluster:menu_and_shop_cluster;assembly_direct_call_graph:11_sites;manual_a2_cross_module_boundary_review	0x00427920:1	0x0044A240:1;0x00476DB0:1;0x00487C10:2;0x004885A0:6	special_modes	cross_module_boundary_a2	manual_reviewed_current_assembly
0x0044D2D0	sub_44D2D0	ida_export_catalog	game	special_modes	confirmed_boundary	manual_module_assembly_review;manual_a2_cross_module_boundary_review	0x00402F80:1;0x004070A0:1;0x0040E0B0:9;0x0040F890:2;0x00427920:4;0x0043BCC0:1;0x0043E3D0:3;0x00441160:5;0x00446700:6;0x004482E0:2;0x00448650:1;0x0044E4A0:3	0x0044A240:1;0x00476DB0:1;0x00487C10:1;0x004885A0:4	special_modes	module_candidate_manual;cross_module_boundary_a2	manual_reviewed_current_assembly
0x0044D4E0	sub_44D4E0	ida_export_catalog	game	special_modes	medium	address_cluster:menu_and_shop_cluster;assembly_direct_call_graph:1_sites	0x00446700:1		special_modes		mechanical_candidate_not_manually_reviewed
0x0044D520	sub_44D520	ida_export_catalog	game	special_modes	medium	address_cluster:menu_and_shop_cluster;assembly_direct_call_graph:5_sites	0x004485F0:2;0x0044E4A0:1	0x00487C10:2	special_modes		mechanical_candidate_not_manually_reviewed
0x0044D5A0	sub_44D5A0	ida_export_catalog	game	special_modes	medium	address_cluster:menu_and_shop_cluster;assembly_direct_call_graph:7_sites	0x00448650:1;0x0044DA40:1;0x0044E4A0:2;0x0044E9D0:1	0x004885A0:2	special_modes		mechanical_candidate_not_manually_reviewed
0x0044D5D0	sub_44D5D0	ida_export_catalog	game	special_modes	confirmed_boundary	address_cluster:menu_and_shop_cluster;assembly_direct_call_graph:13_sites;manual_a2_cross_module_boundary_review	0x004070A0:1;0x0040E0B0:6;0x0043F000:1;0x0043F880:1;0x00442050:1;0x00444E80:1;0x00448230:1	0x00487C10:1	special_modes	cross_module_boundary_a2	manual_reviewed_current_assembly
0x0044D620	sub_44D620	ida_export_catalog	game	special_modes	confirmed_boundary	address_cluster:menu_and_shop_cluster;assembly_direct_call_graph:1_sites;manual_a2_cross_module_boundary_review	0x00469D20:1		special_modes	cross_module_boundary_a2	manual_reviewed_current_assembly
0x0044D650	sub_44D650	ida_export_catalog	game	special_modes	confirmed_boundary	address_cluster:menu_and_shop_cluster;assembly_direct_call_graph:2_sites;manual_a2_cross_module_boundary_review	0x00427920:2		special_modes	cross_module_boundary_a2	manual_reviewed_current_assembly
0x0044D680	sub_44D680	ida_export_catalog	game	special_modes	confirmed_boundary	manual_module_assembly_review;manual_a2_cross_module_boundary_review	0x0040F890:1;0x00427920:4;0x0043F940:2;0x00446700:1;0x0044E4A0:1;0x00469D20:2		special_modes	module_candidate_manual;cross_module_boundary_a2	manual_reviewed_current_assembly
0x0044D6B0	sub_44D6B0	ida_export_catalog	game	special_modes	medium	address_cluster:menu_and_shop_cluster;assembly_direct_call_graph:6_sites	0x00441160:1;0x0044DF00:1;0x0044DFF0:1;0x0044E0C0:1;0x0044E1B0:1;0x0044E4A0:1		special_modes		mechanical_candidate_not_manually_reviewed
0x0044D6E0	sub_44D6E0	ida_export_catalog	game	special_modes	medium	address_cluster:menu_and_shop_cluster;assembly_direct_call_graph:20_sites	0x00442AA0:1;0x00442B10:1;0x00442D70:2;0x00443BD0:5;0x00446700:5;0x0044AB00:1;0x0044FAF0:2	0x00476A80:1;0x00487C10:1;0x004885A0:1	special_modes		mechanical_candidate_not_manually_reviewed
0x0044D920	sub_44D920	ida_export_catalog	game	special_modes	medium	address_cluster:menu_and_shop_cluster;assembly_direct_call_graph:11_sites	0x0044EA60:1	0x0040DC80:1;0x0040DCB0:1;0x00412930:1;0x00416F10:1;0x00416F60:1;0x00420490:1;0x00421FB0:1;0x0044DAA0:1;0x00487C10:2	special_modes		mechanical_candidate_not_manually_reviewed
0x0044DA40	sub_44DA40	ida_export_catalog	game	special_modes	medium	address_cluster:menu_and_shop_cluster;assembly_direct_call_graph:5_sites	0x0044E9D0:1	0x0044D5A0:1;0x004885A0:3	special_modes		mechanical_candidate_not_manually_reviewed
0x0044DAA0	sub_44DAA0	ida_export_catalog	game	special_modes	medium	address_cluster:menu_and_shop_cluster;assembly_direct_call_graph:11_sites	0x0044D920:1;0x0044EA60:1	0x0040DC00:9	special_modes		mechanical_candidate_not_manually_reviewed
0x0044DBC0	sub_44DBC0	ida_export_catalog	game	special_modes	medium	address_cluster:menu_and_shop_cluster;assembly_direct_call_graph:17_sites	0x0044EA60:1	0x0043BA40:1;0x0044DF00:2;0x0044DFF0:1;0x0044E0C0:1;0x0044E1B0:1;0x0044E260:2;0x0044E330:2;0x0044E4A0:3;0x0044E9D0:2;0x00485610:1	special_modes		mechanical_candidate_not_manually_reviewed
0x0044DF00	sub_44DF00	ida_export_catalog	game	special_modes	medium	address_cluster:menu_and_shop_cluster;assembly_direct_call_graph:9_sites	0x0044DBC0:2	0x0043B9A0:1;0x0043B9C0:1;0x0043B9E0:1;0x0044D6B0:1;0x0044F7D0:1;0x0044FAF0:1;0x00485610:1	special_modes		mechanical_candidate_not_manually_reviewed
0x0044DFF0	sub_44DFF0	ida_export_catalog	game	special_modes	medium	address_cluster:menu_and_shop_cluster;assembly_direct_call_graph:8_sites	0x0044DBC0:1	0x0043B9A0:1;0x0043B9C0:1;0x0043B9E0:1;0x0044D6B0:1;0x0044F7D0:1;0x0044FAF0:1;0x00485610:1	special_modes		mechanical_candidate_not_manually_reviewed
0x0044E0C0	sub_44E0C0	ida_export_catalog	game	special_modes	medium	address_cluster:menu_and_shop_cluster;assembly_direct_call_graph:8_sites	0x0044DBC0:1	0x0043B9A0:1;0x0043B9C0:1;0x0043B9E0:1;0x0044D6B0:1;0x0044F7D0:1;0x0044FAF0:1;0x00485610:1	special_modes		mechanical_candidate_not_manually_reviewed
0x0044E1B0	sub_44E1B0	ida_export_catalog	game	special_modes	medium	address_cluster:menu_and_shop_cluster;assembly_direct_call_graph:7_sites	0x0044DBC0:1	0x0043B9A0:1;0x0043B9C0:1;0x0043B9E0:1;0x0044D6B0:1;0x0044F7D0:1;0x0044FAF0:1	special_modes		mechanical_candidate_not_manually_reviewed
0x0044E260	sub_44E260	ida_export_catalog	game	special_modes	medium	address_cluster:menu_and_shop_cluster;assembly_direct_call_graph:4_sites	0x0044DBC0:2	0x0043B9A0:1;0x00485610:1	special_modes		mechanical_candidate_not_manually_reviewed
0x0044E330	sub_44E330	ida_export_catalog	game	special_modes	medium	address_cluster:menu_and_shop_cluster;assembly_direct_call_graph:7_sites	0x0044DBC0:2	0x0043B9A0:1;0x0044F770:1;0x0044FA40:1;0x00485610:2	special_modes		mechanical_candidate_not_manually_reviewed
0x0044E4A0	sub_44E4A0	ida_export_catalog	game	special_modes	medium	address_cluster:menu_and_shop_cluster;assembly_direct_call_graph:38_sites	0x0044DBC0:3	0x0043B980:2;0x0043B9A0:1;0x0043B9C0:2;0x0043B9E0:2;0x0044A240:2;0x0044D2D0:3;0x0044D520:1;0x0044D5A0:2;0x0044D680:1;0x0044D6B0:1;0x0044E9D0:1;0x0044F770:3;0x0044F7D0:2;0x0044F800:2;0x0044FAF0:1;0x00485610:5;0x00487C10:1;0x004885A0:3	special_modes		mechanical_candidate_not_manually_reviewed
0x0044E9D0	sub_44E9D0	ida_export_catalog	game	special_modes	medium	address_cluster:menu_and_shop_cluster;assembly_direct_call_graph:6_sites	0x0044DBC0:2;0x0044E4A0:1	0x0044D5A0:1;0x0044DA40:1;0x0044F8E0:1	special_modes		mechanical_candidate_not_manually_reviewed
0x0044EA60	sub_44EA60	ida_export_catalog	game	special_modes	confirmed_boundary	manual_critical_abi_seed;manual_top_level_seed;manual_a2_cross_module_boundary_review	0x0040A570:1	0x0040DC50:4;0x0040EBF0:10;0x004117F0:1;0x004149B0:1;0x00416F10:1;0x00416F60:1;0x00416FF0:3;0x004239D0:3;0x0042E850:9;0x00435620:2;0x00436AD0:15;0x00437DF0:1;0x0043AE40:1;0x0043B110:14;0x0043BAB0:1;0x0044D920:1;0x0044DAA0:1;0x0044DBC0:1;0x0044F770:4;0x0044F920:1;0x0044FA40:1;0x0044FD30:1	special_modes	critical_abi;top_level_direct;cross_module_boundary_a2	manual_reviewed_current_assembly
0x0044F770	sub_44F770	ida_export_catalog	game	special_modes	medium	address_cluster:menu_and_shop_cluster;assembly_direct_call_graph:8_sites	0x0044E330:1;0x0044E4A0:3;0x0044EA60:4		special_modes		mechanical_candidate_not_manually_reviewed
0x0044F7D0	sub_44F7D0	ida_export_catalog	game	special_modes	medium	address_cluster:menu_and_shop_cluster;assembly_direct_call_graph:6_sites	0x0044DF00:1;0x0044DFF0:1;0x0044E0C0:1;0x0044E1B0:1;0x0044E4A0:2		special_modes		mechanical_candidate_not_manually_reviewed
0x0044F800	sub_44F800	ida_export_catalog	game	special_modes	medium	address_cluster:menu_and_shop_cluster;assembly_direct_call_graph:5_sites	0x0044E4A0:2	0x0044FF90:3	special_modes		mechanical_candidate_not_manually_reviewed
0x0044F8E0	sub_44F8E0	ida_export_catalog	game	special_modes	medium	address_cluster:menu_and_shop_cluster;assembly_direct_call_graph:3_sites	0x0044E9D0:1	0x004885A0:2	special_modes		mechanical_candidate_not_manually_reviewed
0x0044F920	sub_44F920	ida_export_catalog	game	special_modes	medium	address_cluster:menu_and_shop_cluster;assembly_direct_call_graph:1_sites	0x0044EA60:1		special_modes		mechanical_candidate_not_manually_reviewed
0x0044FA40	sub_44FA40	ida_export_catalog	game	special_modes	medium	address_cluster:menu_and_shop_cluster;assembly_direct_call_graph:3_sites	0x0044E330:1;0x0044EA60:1	0x0040DC50:1	special_modes		mechanical_candidate_not_manually_reviewed
0x0044FAF0	sub_44FAF0	ida_export_catalog	game	special_modes	medium	address_cluster:menu_and_shop_cluster;assembly_direct_call_graph:8_sites	0x0044DF00:1;0x0044DFF0:1;0x0044E0C0:1;0x0044E1B0:1;0x0044E4A0:1	0x0040DC50:1;0x0044D6E0:2	special_modes		mechanical_candidate_not_manually_reviewed
0x0044FD30	sub_44FD30	ida_export_catalog	game	special_modes	medium	address_cluster:menu_and_shop_cluster;assembly_direct_call_graph:11_sites	0x0044EA60:1	0x0040DC50:1;0x004239D0:3;0x00436AD0:6	special_modes		mechanical_candidate_not_manually_reviewed
0x0044FF90	sub_44FF90	ida_export_catalog	game	special_modes	medium	address_cluster:menu_and_shop_cluster;assembly_direct_call_graph:3_sites	0x0044F800:3		special_modes		mechanical_candidate_not_manually_reviewed
0x0044FFC0	sub_44FFC0	ida_export_catalog	game	battle	confirmed_boundary	manual_module_assembly_review	0x00451B10:1		battle	module_candidate_manual	manual_reviewed_current_assembly
0x0044FFE0	sub_44FFE0	ida_export_catalog	game	battle	confirmed_boundary	manual_module_assembly_review	0x00466C00:2	0x004170E0:8;0x004315D0:9;0x00450A50:1	battle	module_candidate_manual	manual_reviewed_current_assembly
0x00450270	sub_450270	ida_export_catalog	game	battle	confirmed_boundary	manual_module_assembly_review	0x004527E0:2;0x00453200:1	0x004170E0:1;0x004315D0:1	battle	module_candidate_manual	manual_reviewed_current_assembly
0x004502B0	sub_4502B0	ida_export_catalog	game	battle	confirmed_boundary	manual_module_assembly_review	0x00459D10:1	0x00417050:1;0x004170E0:2;0x004315D0:1;0x004321E0:1	battle	module_candidate_manual	manual_reviewed_current_assembly
0x00450400	sub_450400	ida_export_catalog	game	battle	confirmed_boundary	manual_module_assembly_review	0x00459D10:1	0x004170E0:1;0x004315D0:1;0x004321E0:1	battle	module_candidate_manual	manual_reviewed_current_assembly
0x00450490	sub_450490	ida_export_catalog	game	battle	confirmed_boundary	manual_module_assembly_review	0x00459D10:1	0x004170E0:1;0x004315D0:1	battle	module_candidate_manual	manual_reviewed_current_assembly
0x004504E0	sub_4504E0	ida_export_catalog	game	battle	confirmed_boundary	manual_module_assembly_review	0x00459D10:3;0x004655B0:1	0x004170E0:1;0x004315D0:1	battle	module_candidate_manual	manual_reviewed_current_assembly
0x00450530	sub_450530	ida_export_catalog	game	battle	confirmed_boundary	manual_module_assembly_review	0x00459D10:4	0x004170E0:2;0x004315D0:2	battle	module_candidate_manual	manual_reviewed_current_assembly
0x004505B0	sub_4505B0	ida_export_catalog	game	battle	confirmed_boundary	manual_module_assembly_review	0x00459D10:8	0x004170E0:2;0x004315D0:2	battle	module_candidate_manual	manual_reviewed_current_assembly
0x00450630	sub_450630	ida_export_catalog	game	battle	confirmed_boundary	manual_module_assembly_review	0x00459D10:1	0x004170E0:2;0x004315D0:2	battle	module_candidate_manual	manual_reviewed_current_assembly
0x004506B0	sub_4506B0	ida_export_catalog	game	battle	confirmed_boundary	manual_module_assembly_review	0x00459D10:3	0x004170E0:1;0x004315D0:1	battle	module_candidate_manual	manual_reviewed_current_assembly
0x004507A0	sub_4507A0	ida_export_catalog	game	battle	confirmed_boundary	manual_module_assembly_review	0x00478B60:1;0x0047C1F0:8	0x00450900:10	battle	module_candidate_manual	manual_reviewed_current_assembly
0x00450900	sub_450900	ida_export_catalog	game	battle	confirmed_boundary	manual_module_assembly_review	0x004507A0:10	0x004170E0:1;0x004315D0:1	battle	module_candidate_manual	manual_reviewed_current_assembly
0x004509D0	sub_4509D0	ida_export_catalog	game	battle	confirmed_boundary	manual_module_assembly_review	0x00464270:3	0x004170E0:1;0x004315D0:1;0x004321E0:1	battle	module_candidate_manual	manual_reviewed_current_assembly
0x00450A50	sub_450A50	ida_export_catalog	game	battle	confirmed_boundary	manual_module_assembly_review	0x0044FFE0:1;0x00459D10:1;0x00466950:2;0x00469650:1;0x00469960:7	0x004170E0:1	battle	module_candidate_manual	manual_reviewed_current_assembly
0x00450A80	sub_450A80	ida_export_catalog	game	battle	confirmed_boundary	manual_module_assembly_review	0x0045E660:6;0x00465480:2;0x004659C0:2	0x004170E0:1;0x004315D0:1;0x004321E0:1	battle	module_candidate_manual	manual_reviewed_current_assembly
0x00450B40	sub_450B40	ida_export_catalog	game	battle	confirmed_boundary	manual_module_assembly_review	0x004539B0:2		battle	module_candidate_manual	manual_reviewed_current_assembly
0x00450B60	sub_450B60	ida_export_catalog	game	battle	confirmed_boundary	manual_module_assembly_review	0x00453200:1	0x004170E0:1;0x004315D0:1;0x004321E0:1	battle	module_candidate_manual	manual_reviewed_current_assembly
0x00450BD0	sub_450BD0	ida_export_catalog	game	battle	confirmed_boundary	manual_module_assembly_review	0x0047CF20:8	0x004170E0:1;0x004315D0:1	battle	module_candidate_manual	manual_reviewed_current_assembly
0x00450C50	sub_450C50	ida_export_catalog	game	battle	confirmed_boundary	manual_module_assembly_review	0x00464270:3	0x00416FF0:2;0x004170E0:4;0x004315D0:4;0x004321E0:4;0x00489654:1	battle	module_candidate_manual	manual_reviewed_current_assembly
0x00450F90	sub_450F90	ida_export_catalog	game	battle	confirmed_boundary	manual_module_assembly_review	0x004539B0:1	0x004170E0:1;0x004315D0:1;0x004321E0:1;0x00439070:1;0x00485670:1	battle	module_candidate_manual	manual_reviewed_current_assembly
0x00451100	sub_451100	ida_export_catalog	game	battle	confirmed_boundary	manual_module_assembly_review	0x004539B0:1	0x00416FF0:3;0x004170E0:3;0x004315D0:3	battle	module_candidate_manual	manual_reviewed_current_assembly
0x004512B0	sub_4512B0	ida_export_catalog	game	battle	confirmed_boundary	manual_module_assembly_review	0x00464270:1	0x00416FF0:2;0x004170E0:4;0x004315D0:5	battle	module_candidate_manual	manual_reviewed_current_assembly
0x00451420	sub_451420	ida_export_catalog	game	battle	confirmed_boundary	manual_module_assembly_review	0x00451940:1	0x00431760:1;0x004321E0:2;0x00433F70:1	battle	module_candidate_manual	manual_reviewed_current_assembly
0x00451540	sub_451540	ida_export_catalog	game	battle	confirmed_boundary	manual_module_assembly_review	0x00453580:1	0x004170E0:1;0x004321E0:1	battle	module_candidate_manual	manual_reviewed_current_assembly
0x004515E0	sub_4515E0	ida_export_catalog	game	battle	confirmed_boundary	manual_module_assembly_review	0x00453580:2	0x004170E0:1;0x004321E0:2;0x00433F70:1	battle	module_candidate_manual	manual_reviewed_current_assembly
0x00451730	sub_451730	ida_export_catalog	game	battle	medium	address_cluster:battle_cluster;assembly_direct_call_graph:4_sites	0x00451940:1;0x0045B630:1	0x004885A0:2	battle		mechanical_candidate_not_manually_reviewed
0x004517A0	sub_4517A0	ida_export_catalog	game	battle	medium	address_cluster:battle_cluster;assembly_direct_call_graph:2_sites		0x004517B0:1;0x00487BA0:1	battle		mechanical_candidate_not_manually_reviewed
0x004517B0	sub_4517B0	ida_export_catalog	game	battle	medium	address_cluster:battle_cluster;assembly_direct_call_graph:2_sites	0x004517A0:1	0x0048A4C0:1	battle		mechanical_candidate_not_manually_reviewed
0x004517E0	sub_4517E0	ida_export_catalog	game	battle	medium	address_cluster:battle_cluster;assembly_direct_call_graph:1_sites		0x0048A560:1	battle		mechanical_candidate_not_manually_reviewed
0x00451800	sub_451800	ida_export_catalog	game	battle	medium	address_cluster:battle_cluster;assembly_direct_call_graph:2_sites		0x00451810:1;0x00487BA0:1	battle		mechanical_candidate_not_manually_reviewed
0x00451810	sub_451810	ida_export_catalog	game	battle	medium	address_cluster:battle_cluster;assembly_direct_call_graph:2_sites	0x00451800:1	0x0048A4C0:1	battle		mechanical_candidate_not_manually_reviewed
0x00451840	sub_451840	ida_export_catalog	game	battle	medium	address_cluster:battle_cluster;assembly_direct_call_graph:1_sites		0x0048A560:1	battle		mechanical_candidate_not_manually_reviewed
0x00451860	sub_451860	ida_export_catalog	game	battle	medium	address_cluster:battle_cluster;assembly_direct_call_graph:2_sites		0x00451870:1;0x00487BA0:1	battle		mechanical_candidate_not_manually_reviewed
0x00451870	unknown_libname_42	ida_export_catalog	crt	external_crt	confirmed_boundary	code_origin:crt;manual_reviewed_boundary_seed	0x00451860:1		battle	external_contract	manual_reviewed_current_assembly
0x00451890	unknown_libname_43	ida_export_catalog	crt	external_crt	mechanical_boundary	code_origin:crt			runtime_platform		external_boundary_mechanical
0x004518A0	sub_4518A0	ida_export_catalog	game	battle	medium	address_cluster:battle_cluster;assembly_direct_call_graph:2_sites		0x004518B0:1;0x00487BA0:1	battle		mechanical_candidate_not_manually_reviewed
0x004518B0	unknown_libname_44	ida_export_catalog	crt	external_crt	confirmed_boundary	code_origin:crt;manual_reviewed_boundary_seed	0x004518A0:1		battle	external_contract	manual_reviewed_current_assembly
0x004518D0	unknown_libname_45	ida_export_catalog	crt	external_crt	mechanical_boundary	code_origin:crt			runtime_platform		external_boundary_mechanical
0x004518E0	sub_4518E0	ida_export_catalog	game	battle	medium	address_cluster:battle_cluster			battle		mechanical_candidate_not_manually_reviewed
0x004518F0	sub_4518F0	ida_export_catalog	game	battle	medium	address_cluster:battle_cluster;assembly_direct_call_graph:1_sites		0x0045F0F0:1	battle		mechanical_candidate_not_manually_reviewed
0x00451900	sub_451900	ida_export_catalog	game	battle	medium	address_cluster:battle_cluster;assembly_direct_call_graph:2_sites		0x00451910:1;0x00487BA0:1	battle		mechanical_candidate_not_manually_reviewed
0x00451910	unknown_libname_46	ida_export_catalog	crt	external_crt	confirmed_boundary	code_origin:crt;manual_reviewed_boundary_seed	0x00451900:1		battle	external_contract	manual_reviewed_current_assembly
0x00451930	unknown_libname_47	ida_export_catalog	crt	external_crt	mechanical_boundary	code_origin:crt			runtime_platform		external_boundary_mechanical
0x00451940	sub_451940	ida_export_catalog	game	battle	confirmed_boundary	manual_module_assembly_review	0x00451B10:1;0x00469D20:2	0x00401C70:1;0x00433320:1;0x00433F70:1;0x00451420:1;0x00451730:1;0x004885A0:1	battle	module_candidate_manual	manual_reviewed_current_assembly
0x00451A20	sub_451A20	ida_export_catalog	game	battle	confirmed_boundary	address_cluster:battle_cluster;assembly_direct_call_graph:8_sites;manual_a2_cross_module_boundary_review	0x004070A0:1;0x0040E0B0:1	0x004776F0:3;0x00478110:1;0x0047D350:2	battle	cross_module_boundary_a2	manual_reviewed_current_assembly
0x00451A90	sub_451A90	ida_export_catalog	game	rendering	confirmed_boundary	manual_module_assembly_review;manual_a2_cross_module_boundary_review	0x0040AB50:1;0x00451B10:1	0x00437B60:1	rendering	module_candidate_manual;cross_module_boundary_a2	manual_reviewed_current_assembly
0x00451AE0	sub_451AE0	ida_export_catalog	game	rendering	confirmed_boundary	manual_module_assembly_review;manual_a2_cross_module_boundary_review	0x0040AB50:1;0x00451B10:1;0x0045B630:1		rendering	module_candidate_manual;cross_module_boundary_a2	manual_reviewed_current_assembly
0x00451B10	sub_451B10	ida_export_catalog	game	battle	confirmed_boundary	manual_critical_abi_seed;manual_top_level_seed;manual_a2_cross_module_boundary_review	0x00402F80:1;0x0040A570:1;0x00469D20:1	0x0040DC00:1;0x0040DC50:6;0x00411F90:1;0x004239D0:2;0x00433DC0:1;0x00435650:1;0x00437430:1;0x00439070:3;0x0044FFC0:1;0x00451940:1;0x00451A90:1;0x00451AE0:1;0x0045B0E0:1;0x0045B190:1;0x0045B5A0:1;0x0045D250:1;0x0045D2A0:1;0x0045F130:1;0x0045F1B0:1;0x0046E0B0:1;0x0046E730:1;0x0046E850:1;0x0046E870:1;0x0046E9C0:2;0x0046EBB0:1;0x004755E0:1;0x00475720:1;0x00478380:1;0x00478670:2;0x0047CE80:1;0x0047D350:2;0x0047D870:1;0x0047DAC0:2;0x0047F900:4;0x00483870:1;0x004838A0:1;0x00483FE0:1;0x00484500:1;0x00485710:1;0x00489654:3	battle	critical_abi;top_level_direct;cross_module_boundary_a2	manual_reviewed_current_assembly
0x004527E0	sub_4527E0	ida_export_catalog	game	battle	confirmed_boundary	manual_module_assembly_review	0x00469D20:1	0x004014F0:2;0x00416F10:5;0x00416F60:5;0x00416FF0:2;0x004170E0:2;0x00422C70:5;0x00437DF0:5;0x00439070:4;0x00450270:2;0x004530A0:1;0x00453580:2;0x00459D10:2;0x0045B190:2;0x0045B5E0:2;0x0045EDF0:1;0x004698E0:1;0x0046E520:1;0x00478370:1;0x00478850:2;0x0047CE80:2;0x00483FF0:2;0x00485610:1;0x004856C0:1;0x00485830:1;0x00485850:1;0x00487C10:2;0x004885A0:4;0x00489654:2	battle	module_candidate_manual	manual_reviewed_current_assembly
0x004530A0	sub_4530A0	ida_export_catalog	game	battle	medium	address_cluster:battle_cluster;assembly_direct_call_graph:5_sites	0x004527E0:1	0x00437B60:1;0x00437DF0:1;0x00439070:2	battle		mechanical_candidate_not_manually_reviewed
0x00453200	sub_453200	ida_export_catalog	game	battle	confirmed_boundary	manual_critical_abi_seed	0x00469D20:33	0x0040DC50:1;0x00414CE0:1;0x00414E50:1;0x00416F10:1;0x00416F60:1;0x0042E850:1;0x0042ED40:1;0x004303D0:1;0x004308C0:2;0x004321E0:1;0x00437DF0:1;0x00450270:1;0x00450B60:1;0x00453580:1;0x00459D10:1;0x0045B0E0:1;0x0045B190:1;0x0045B280:1;0x0045B5E0:1;0x0045C010:1;0x0045D2F0:1;0x0045D3E0:1;0x0045D490:1;0x0045D8F0:1;0x0045DEE0:1;0x0045E580:1;0x0045E660:1;0x0045E7D0:1;0x0045EB40:1;0x0045EC80:1;0x0045F020:1;0x0045F2A0:1;0x0045FC60:1;0x00464270:1;0x00466F70:1;0x00469650:1;0x00469960:1;0x004787C0:1;0x004856C0:1;0x00485830:1;0x00485850:1	battle	critical_abi	manual_reviewed_existing_assembly_evidence
0x00453580	sub_453580	ida_export_catalog	game	battle	medium	address_cluster:battle_cluster;assembly_direct_call_graph:22_sites	0x004527E0:2;0x00453200:1	0x00416FF0:4;0x004170E0:6;0x00420490:1;0x00420560:1;0x00420600:1;0x004206F0:1;0x00433F70:2;0x00451540:1;0x004515E0:2	battle		mechanical_candidate_not_manually_reviewed
0x004539B0	sub_4539B0	ida_export_catalog	game	battle	medium	address_cluster:battle_cluster;assembly_direct_call_graph:203_sites	0x00456680:1	0x0040DC50:1;0x0040DCB0:2;0x00430B60:1;0x00430C60:1;0x00430CF0:1;0x00450B40:2;0x00450F90:1;0x00451100:1;0x0045AF90:4;0x0045B0E0:1;0x0045B190:1;0x0045D180:2;0x0045D690:2;0x0045EA80:1;0x0045EDF0:1;0x0045EFB0:4;0x004698E0:5;0x0046E890:1;0x0046F8C0:3;0x004707B0:1;0x00470E20:2;0x004710D0:1;0x00471270:1;0x004717F0:1;0x00471AD0:1;0x00471D60:1;0x004721F0:1;0x00472430:1;0x004724D0:1;0x00472710:1;0x00472730:1;0x004728E0:1;0x00472CE0:6;0x00473010:1;0x004731A0:1;0x004735B0:1;0x00473C10:1;0x004745B0:2;0x00474B60:1;0x00474BA0:1;0x00474E60:1;0x004751C0:1;0x00476160:1;0x00476250:1;0x00476DB0:1;0x00477710:1;0x00477800:1;0x00478220:1;0x004783B0:1;0x004786B0:1;0x004786C0:1;0x004786E0:2;0x004786F0:1;0x00478710:11;0x00478780:3;0x004787D0:1;0x004787F0:3;0x00478850:1;0x00478A70:1;0x00478AE0:2;0x00478B30:1;0x00479850:1;0x0047C680:2;0x0047C6B0:1;0x0047C950:1;0x0047CC40:2;0x0047CE80:6;0x0047CEC0:6;0x0047CF00:1;0x0047D350:1;0x0047D640:6;0x0047D810:6;0x0047D830:7;0x0047D860:1;0x0047D870:3;0x0047D8E0:1;0x0047D930:1;0x0047DAB0:1;0x0047DBD0:1;0x0047E070:2;0x0047F150:13;0x0047F380:1;0x0047F900:3;0x0047F910:3;0x00480AD0:1;0x00481010:5;0x00482310:2;0x00482840:2;0x00482DA0:3;0x00482E90:2;0x00482F10:6;0x004830A0:2;0x00485610:6;0x00489D00:2;0x00489E90:1	battle		mechanical_candidate_not_manually_reviewed
0x00455D60	sub_455D60	ida_export_catalog	game	battle	medium	address_cluster:battle_cluster;assembly_direct_call_graph:53_sites	0x004576A0:1	0x00430C60:1;0x00430CF0:1;0x0045AF90:1;0x0045B0E0:2;0x0045B190:2;0x0045B5A0:2;0x0045D690:1;0x0045EFB0:2;0x00475720:1;0x004758A0:2;0x004763D0:1;0x00476900:1;0x00476DB0:1;0x00478220:1;0x004786B0:1;0x00478710:2;0x004787F0:2;0x00479850:1;0x0047C680:1;0x0047C6B0:1;0x0047C950:1;0x0047CE80:1;0x0047D350:1;0x0047D810:2;0x0047D830:1;0x0047D860:3;0x0047D870:4;0x0047D8E0:1;0x0047F150:2;0x0047F3C0:1;0x0047F900:1;0x00482310:1;0x00482840:1;0x00484020:1;0x004841B0:1;0x00489D00:2;0x00489E90:1	battle		mechanical_candidate_not_manually_reviewed
0x00456680	sub_456680	ida_export_catalog	game	battle	medium	address_cluster:battle_cluster;assembly_direct_call_graph:102_sites	0x0045B5E0:1	0x00439070:1;0x004539B0:1;0x0045AA00:1;0x0045ADF0:1;0x0045EE70:1;0x00464CC0:1;0x004698E0:3;0x0046E520:1;0x0046EE60:1;0x0046FFF0:2;0x00470820:1;0x004708C0:1;0x004714B0:1;0x00471540:2;0x00478330:6;0x00478690:2;0x004786A0:4;0x004786D0:1;0x004786E0:4;0x00478710:3;0x00478850:4;0x00478A70:5;0x00478AA0:3;0x00478AC0:2;0x00478AE0:4;0x00478B20:2;0x00478B30:1;0x00478B40:3;0x00478B60:1;0x0047C660:5;0x0047C670:1;0x0047C690:1;0x0047CC50:3;0x0047CE80:13;0x0047CEA0:1;0x0047D880:1;0x0047D8D0:1;0x0047DAD0:1;0x0047E950:1;0x0047F920:2;0x00480220:1;0x00480AD0:1;0x00483820:1;0x00483FD0:2;0x00483FF0:1;0x00485610:2	battle		mechanical_candidate_not_manually_reviewed
0x004576A0	sub_4576A0	ida_export_catalog	game	battle	medium	address_cluster:battle_cluster;assembly_direct_call_graph:87_sites	0x0045B5E0:1	0x00439070:3;0x00455D60:1;0x004599B0:1;0x0045AA00:1;0x0045D180:2;0x0045EDF0:1;0x004698E0:2;0x004750C0:1;0x004755E0:1;0x00476080:1;0x00476140:1;0x004761D0:1;0x00476330:1;0x00478370:2;0x00478690:1;0x004786A0:3;0x004786D0:1;0x004786E0:2;0x00478710:3;0x00478780:1;0x004787D0:1;0x00478850:5;0x00478A70:6;0x00478AC0:2;0x00478AE0:3;0x00478B20:1;0x00478B30:1;0x00478B40:1;0x00478B50:1;0x00478B60:1;0x0047C660:1;0x0047C690:1;0x0047CE80:15;0x0047CEC0:1;0x0047D640:1;0x0047D860:1;0x0047D880:2;0x0047D8D0:2;0x0047D930:1;0x0047DAD0:1;0x0047F150:1;0x0047F360:1;0x0047F920:3;0x00480220:1;0x00483820:1;0x00483FF0:1	battle		mechanical_candidate_not_manually_reviewed
0x004582B0	sub_4582B0	ida_export_catalog	game	battle	medium	address_cluster:battle_cluster;assembly_direct_call_graph:73_sites	0x0045C010:8	0x004170E0:2;0x00430D10:4;0x00430D50:2;0x00430D80:2;0x00430EB0:2;0x00430FF0:2;0x00431760:2;0x004321E0:2;0x00439070:2;0x00459BF0:1;0x0045AF90:1;0x0045BD90:1;0x0045D3E0:1;0x0045D810:2;0x004783B0:5;0x00478400:1;0x00478470:1;0x00478780:2;0x004787D0:2;0x0047CEC0:3;0x0047CF00:2;0x0047D640:3;0x0047D8F0:1;0x00480AD0:1;0x00481010:1;0x00481A40:1;0x00481FD0:1;0x00482080:3;0x00483840:2;0x00485610:4;0x00485650:2;0x004885A0:4	battle		mechanical_candidate_not_manually_reviewed
0x00458DE0	sub_458DE0	ida_export_catalog	game	battle	medium	address_cluster:battle_cluster;assembly_direct_call_graph:76_sites	0x0045C010:5	0x004170E0:2;0x00431760:2;0x004321E0:2;0x0045AF90:1;0x0045BD90:2;0x0045D3E0:1;0x0045D810:1;0x004783B0:1;0x00478400:1;0x00478470:1;0x00478780:6;0x004787D0:6;0x0047CE80:4;0x0047CEA0:1;0x0047CEC0:9;0x0047CF00:6;0x0047D640:9;0x0047F150:1;0x00481010:3;0x00481A40:2;0x00482080:3;0x00483840:1;0x00485610:2;0x004885A0:4	battle		mechanical_candidate_not_manually_reviewed
0x004599B0	sub_4599B0	ida_export_catalog	game	battle	medium	address_cluster:battle_cluster;assembly_direct_call_graph:11_sites	0x004576A0:1	0x004170E0:1;0x00431760:1;0x004321E0:1;0x004783B0:1;0x00478400:1;0x00478470:1;0x00485610:1;0x00485650:1;0x004885A0:2	battle		mechanical_candidate_not_manually_reviewed
0x00459BF0	sub_459BF0	ida_export_catalog	game	battle	medium	address_cluster:battle_cluster;assembly_direct_call_graph:5_sites	0x004582B0:1	0x004170E0:1;0x004315D0:1;0x004321E0:1;0x004783B0:1	battle		mechanical_candidate_not_manually_reviewed
0x00459D10	sub_459D10	ida_export_catalog	game	battle	medium	address_cluster:battle_cluster;assembly_direct_call_graph:54_sites	0x004527E0:2;0x00453200:1	0x004239D0:1;0x00435660:1;0x00435670:1;0x00436AD0:4;0x0043B110:2;0x004502B0:1;0x00450400:1;0x00450490:1;0x004504E0:3;0x00450530:4;0x004505B0:8;0x00450630:1;0x004506B0:3;0x00450A50:1;0x00469550:2;0x00478340:2;0x0047CE80:4;0x0047D930:1;0x0047E7F0:1;0x00480AD0:1;0x00483870:1;0x004838A0:1;0x00484500:2;0x00489654:4	battle		mechanical_candidate_not_manually_reviewed
0x0045A980	sub_45A980	ida_export_catalog	game	battle	medium	address_cluster:battle_cluster;assembly_direct_call_graph:3_sites	0x0045EB40:2	0x0047C1F0:1	battle		mechanical_candidate_not_manually_reviewed
0x0045AA00	sub_45AA00	ida_export_catalog	game	battle	medium	address_cluster:battle_cluster;assembly_direct_call_graph:22_sites	0x00456680:1;0x004576A0:1	0x0045B0E0:2;0x0045B190:2;0x0045B5A0:2;0x0045EFB0:2;0x004750C0:1;0x00475870:1;0x00477710:1;0x00478330:1;0x00479850:2;0x0047C660:2;0x0047CE80:1;0x0047F340:1;0x0047F910:1;0x00480AD0:1	battle		mechanical_candidate_not_manually_reviewed
0x0045ADF0	sub_45ADF0	ida_export_catalog	game	battle	medium	address_cluster:battle_cluster;assembly_direct_call_graph:12_sites	0x00456680:1	0x00478330:1;0x004786E0:1;0x00478710:1;0x00478850:2;0x00478A70:1;0x00478AE0:2;0x00478B20:2;0x0047CE80:1	battle		mechanical_candidate_not_manually_reviewed
0x0045AF90	sub_45AF90	ida_export_catalog	game	battle	medium	address_cluster:battle_cluster;assembly_direct_call_graph:19_sites	0x004539B0:4;0x00455D60:1;0x004582B0:1;0x00458DE0:1;0x004731A0:1;0x004745B0:1;0x004758A0:1	0x00416F10:2;0x00416F60:2;0x004170E0:1;0x00420560:1;0x00420600:1;0x004206F0:1;0x00485330:1	battle		mechanical_candidate_not_manually_reviewed
0x0045B0E0	sub_45B0E0	ida_export_catalog	game	battle	medium	address_cluster:battle_cluster;assembly_direct_call_graph:16_sites	0x00451B10:1;0x00453200:1;0x004539B0:1;0x00455D60:2;0x0045AA00:2;0x00462740:1;0x00469D20:6	0x004783B0:2	battle		mechanical_candidate_not_manually_reviewed
0x0045B190	sub_45B190	ida_export_catalog	game	battle	medium	address_cluster:battle_cluster;assembly_direct_call_graph:11_sites	0x00451B10:1;0x004527E0:2;0x00453200:1;0x004539B0:1;0x00455D60:2;0x0045AA00:2;0x0045B280:1;0x00469D20:1		battle		mechanical_candidate_not_manually_reviewed
0x0045B280	sub_45B280	ida_export_catalog	game	battle	medium	address_cluster:battle_cluster;assembly_direct_call_graph:4_sites	0x00453200:1	0x0045B190:1;0x004786E0:2	battle		mechanical_candidate_not_manually_reviewed
0x0045B5A0	sub_45B5A0	ida_export_catalog	game	battle	medium	address_cluster:battle_cluster;assembly_direct_call_graph:6_sites	0x00451B10:1;0x00455D60:2;0x0045AA00:2;0x00469D20:1		battle		mechanical_candidate_not_manually_reviewed
0x0045B5E0	sub_45B5E0	ida_export_catalog	game	battle	medium	address_cluster:battle_cluster;assembly_direct_call_graph:5_sites	0x004527E0:2;0x00453200:1	0x00456680:1;0x004576A0:1	battle		mechanical_candidate_not_manually_reviewed
0x0045B630	sub_45B630	ida_export_catalog	game	battle	medium	address_cluster:battle_cluster;assembly_direct_call_graph:12_sites	0x00469D20:3	0x00431960:1;0x00433010:1;0x00433D70:1;0x00451730:1;0x00451AE0:1;0x004776A0:1;0x00485710:1;0x00485740:1;0x004885A0:1	battle		mechanical_candidate_not_manually_reviewed
0x0045BD10	sub_45BD10	ida_export_catalog	game	battle	medium	address_cluster:battle_cluster;assembly_direct_call_graph:5_sites	0x0045E580:2	0x00420560:1;0x00420600:1;0x004206F0:1	battle		mechanical_candidate_not_manually_reviewed
0x0045BD90	sub_45BD90	ida_export_catalog	game	battle	medium	address_cluster:battle_cluster;assembly_direct_call_graph:11_sites	0x004582B0:1;0x00458DE0:2	0x004785C0:4;0x00478600:4	battle		mechanical_candidate_not_manually_reviewed
0x0045C010	sub_45C010	ida_export_catalog	game	battle	medium	address_cluster:battle_cluster;assembly_direct_call_graph:69_sites	0x00453200:1	0x004582B0:8;0x00458DE0:5;0x0045D690:3;0x0046F6E0:4;0x00472C70:4;0x004786E0:8;0x004787D0:4;0x0047CE80:5;0x0047CEC0:4;0x0047D640:4;0x0047F150:17;0x0047F920:2	battle		mechanical_candidate_not_manually_reviewed
0x0045D180	sub_45D180	ida_export_catalog	game	battle	medium	address_cluster:battle_cluster;assembly_direct_call_graph:15_sites	0x004539B0:2;0x004576A0:2;0x0045E9C0:2;0x00462740:3;0x00466F70:1;0x00467710:2;0x00469D20:1	0x00476DB0:1;0x00487C10:1	battle		mechanical_candidate_not_manually_reviewed
0x0045D250	sub_45D250	ida_export_catalog	game	battle	medium	address_cluster:battle_cluster;assembly_direct_call_graph:1_sites	0x00451B10:1		battle		mechanical_candidate_not_manually_reviewed
0x0045D2A0	sub_45D2A0	ida_export_catalog	game	battle	medium	address_cluster:battle_cluster;assembly_direct_call_graph:1_sites	0x00451B10:1		battle		mechanical_candidate_not_manually_reviewed
0x0045D2F0	sub_45D2F0	ida_export_catalog	game	battle	medium	address_cluster:battle_cluster;assembly_direct_call_graph:5_sites	0x00453200:1	0x00420490:1;0x00489654:3	battle		mechanical_candidate_not_manually_reviewed
0x0045D3E0	sub_45D3E0	ida_export_catalog	game	battle	medium	address_cluster:battle_cluster;assembly_direct_call_graph:10_sites	0x00453200:1;0x004582B0:1;0x00458DE0:1;0x0046F8C0:1;0x00473010:1;0x004745B0:1;0x004758A0:1	0x00489654:3	battle		mechanical_candidate_not_manually_reviewed
0x0045D490	sub_45D490	ida_export_catalog	game	battle	medium	address_cluster:battle_cluster;assembly_direct_call_graph:8_sites	0x00453200:1	0x00478330:3;0x0047CE80:2;0x0047D7D0:1;0x00481FC0:1	battle		mechanical_candidate_not_manually_reviewed
0x0045D690	sub_45D690	ida_export_catalog	game	battle	medium	address_cluster:battle_cluster;assembly_direct_call_graph:27_sites	0x004539B0:2;0x00455D60:1;0x0045C010:3	0x004787D0:5;0x0047CEC0:5;0x0047D640:5;0x0047F150:3;0x00482E90:1;0x00483870:1;0x004838A0:1	battle		mechanical_candidate_not_manually_reviewed
0x0045D810	sub_45D810	ida_export_catalog	game	battle	medium	address_cluster:battle_cluster;assembly_direct_call_graph:4_sites	0x004582B0:2;0x00458DE0:1	0x00434350:1	battle		mechanical_candidate_not_manually_reviewed
0x0045D8F0	sub_45D8F0	ida_export_catalog	game	battle	medium	address_cluster:battle_cluster;assembly_direct_call_graph:41_sites	0x00453200:1	0x004372D0:19;0x004698E0:2;0x004785A0:4;0x004786E0:1;0x00478850:2;0x00478AE0:1;0x0047CE80:1;0x0047D950:1;0x0047DA10:1;0x0047F150:4;0x00482DA0:1;0x004856C0:1;0x00485710:2	battle		mechanical_candidate_not_manually_reviewed
0x0045DEE0	sub_45DEE0	ida_export_catalog	game	battle	medium	address_cluster:battle_cluster;assembly_direct_call_graph:31_sites	0x00453200:1	0x00435660:2;0x00435670:2;0x00436AD0:18;0x00478340:1;0x00478600:1;0x004786B0:2;0x004786D0:2;0x00480AD0:1;0x00484500:1	battle		mechanical_candidate_not_manually_reviewed
0x0045E580	sub_45E580	ida_export_catalog	game	battle	medium	address_cluster:battle_cluster;assembly_direct_call_graph:6_sites	0x00453200:1	0x0045BD10:2;0x0045E9C0:2;0x00485710:1	battle		mechanical_candidate_not_manually_reviewed
0x0045E660	sub_45E660	ida_export_catalog	game	battle	medium	address_cluster:battle_cluster;assembly_direct_call_graph:7_sites	0x00453200:1	0x00450A80:6	battle		mechanical_candidate_not_manually_reviewed
0x0045E7D0	sub_45E7D0	ida_export_catalog	game	battle	medium	address_cluster:battle_cluster;assembly_direct_call_graph:3_sites	0x00453200:1	0x00437DF0:2	battle		mechanical_candidate_not_manually_reviewed
0x0045E9C0	sub_45E9C0	ida_export_catalog	game	battle	medium	address_cluster:battle_cluster;assembly_direct_call_graph:4_sites	0x0045E580:2	0x0045D180:2	battle		mechanical_candidate_not_manually_reviewed
0x0045EA30	sub_45EA30	ida_export_catalog	game	battle	confirmed_boundary	address_cluster:battle_cluster;assembly_direct_call_graph:4_sites;manual_a2_cross_module_boundary_review	0x004251B0:1	0x00433D70:1;0x00475180:1;0x00476A60:1	battle	cross_module_boundary_a2	manual_reviewed_current_assembly
0x0045EA80	sub_45EA80	ida_export_catalog	game	battle	medium	address_cluster:battle_cluster;assembly_direct_call_graph:5_sites	0x004539B0:1	0x004698E0:1;0x004728D0:1;0x0047D8A0:1;0x00485610:1	battle		mechanical_candidate_not_manually_reviewed
0x0045EB40	sub_45EB40	ida_export_catalog	game	battle	medium	address_cluster:battle_cluster;assembly_direct_call_graph:8_sites	0x00453200:1	0x0045A980:2;0x0045EFB0:1;0x0047CF20:2;0x0047E5C0:2	battle		mechanical_candidate_not_manually_reviewed
0x0045EC60	sub_45EC60	ida_export_catalog	game	battle	medium	address_cluster:battle_cluster;assembly_direct_call_graph:3_sites	0x00462740:3		battle		mechanical_candidate_not_manually_reviewed
0x0045EC80	sub_45EC80	ida_export_catalog	game	battle	medium	address_cluster:battle_cluster;assembly_direct_call_graph:3_sites	0x00453200:1	0x0047E580:2	battle		mechanical_candidate_not_manually_reviewed
0x0045EDF0	sub_45EDF0	ida_export_catalog	game	battle	medium	address_cluster:battle_cluster;assembly_direct_call_graph:3_sites	0x004527E0:1;0x004539B0:1;0x004576A0:1		battle		mechanical_candidate_not_manually_reviewed
0x0045EE70	sub_45EE70	ida_export_catalog	game	battle	medium	address_cluster:battle_cluster;assembly_direct_call_graph:8_sites	0x00456680:1;0x00469D20:7		battle		mechanical_candidate_not_manually_reviewed
0x0045EFB0	sub_45EFB0	ida_export_catalog	game	battle	medium	address_cluster:battle_cluster;assembly_direct_call_graph:9_sites	0x004539B0:4;0x00455D60:2;0x0045AA00:2;0x0045EB40:1		battle		mechanical_candidate_not_manually_reviewed
0x0045F020	sub_45F020	ida_export_catalog	game	battle	medium	address_cluster:battle_cluster;assembly_direct_call_graph:2_sites	0x00453200:1	0x0047F920:1	battle		mechanical_candidate_not_manually_reviewed
0x0045F0F0	sub_45F0F0	ida_export_catalog	game	battle	medium	address_cluster:battle_cluster;assembly_direct_call_graph:1_sites	0x004518F0:1		battle		mechanical_candidate_not_manually_reviewed
0x0045F130	sub_45F130	ida_export_catalog	game	battle	medium	address_cluster:battle_cluster;assembly_direct_call_graph:1_sites	0x00451B10:1		battle		mechanical_candidate_not_manually_reviewed
0x0045F1B0	sub_45F1B0	ida_export_catalog	game	battle	medium	address_cluster:battle_cluster;assembly_direct_call_graph:1_sites	0x00451B10:1		battle		mechanical_candidate_not_manually_reviewed
0x0045F2A0	sub_45F2A0	ida_export_catalog	game	battle	medium	address_cluster:battle_cluster;assembly_direct_call_graph:53_sites	0x00453200:1	0x0040DB40:2;0x0040DBC0:1;0x004372D0:8;0x00460C40:3;0x00461240:3;0x00461900:2;0x00461A30:2;0x00461C10:1;0x004620D0:10;0x00462320:3;0x004623A0:2;0x00462420:1;0x00462510:1;0x00462630:1;0x00464E90:7;0x004698E0:1;0x004728D0:1;0x00478330:1;0x0047F920:1;0x00485610:1	battle		mechanical_candidate_not_manually_reviewed
0x0045FC60	sub_45FC60	ida_export_catalog	game	battle	medium	address_cluster:battle_cluster;assembly_direct_call_graph:32_sites	0x00453200:1	0x0040DB60:1;0x00433AA0:3;0x004768D0:1;0x004784A0:3;0x00478620:3;0x0047C660:6;0x0047CE70:3;0x0047CE80:1;0x0047D930:3;0x00482FC0:1;0x00485610:6	battle		mechanical_candidate_not_manually_reviewed
0x00460C40	sub_460C40	ida_export_catalog	game	battle	medium	address_cluster:battle_cluster;assembly_direct_call_graph:21_sites	0x0045F2A0:3	0x004784A0:3;0x0047C660:4;0x0047CE80:2;0x0047D930:2;0x00485610:7	battle		mechanical_candidate_not_manually_reviewed
0x00461240	sub_461240	ida_export_catalog	game	battle	medium	address_cluster:battle_cluster;assembly_direct_call_graph:22_sites	0x0045F2A0:3	0x004784A0:3;0x0047C660:4;0x0047CE80:2;0x0047D930:2;0x00485610:8	battle		mechanical_candidate_not_manually_reviewed
0x00461900	sub_461900	ida_export_catalog	game	battle	medium	address_cluster:battle_cluster;assembly_direct_call_graph:5_sites	0x0045F2A0:2	0x00485610:3	battle		mechanical_candidate_not_manually_reviewed
0x00461A30	sub_461A30	ida_export_catalog	game	battle	medium	address_cluster:battle_cluster;assembly_direct_call_graph:5_sites	0x0045F2A0:2	0x00485610:3	battle		mechanical_candidate_not_manually_reviewed
0x00461C10	sub_461C10	ida_export_catalog	game	battle	medium	address_cluster:battle_cluster;assembly_direct_call_graph:8_sites	0x0045F2A0:1	0x004750C0:4;0x0047C660:3	battle		mechanical_candidate_not_manually_reviewed
0x004620D0	sub_4620D0	ida_export_catalog	game	battle	medium	address_cluster:battle_cluster;assembly_direct_call_graph:20_sites	0x0045F2A0:10;0x00466F70:3	0x00462740:1;0x00464E90:1;0x00476780:1;0x00476860:1;0x00478600:1;0x0047F920:1;0x00485610:1	battle		mechanical_candidate_not_manually_reviewed
0x00462320	sub_462320	ida_export_catalog	game	battle	medium	address_cluster:battle_cluster;assembly_direct_call_graph:11_sites	0x0045F2A0:3	0x00462420:4;0x00464DD0:4	battle		mechanical_candidate_not_manually_reviewed
0x004623A0	sub_4623A0	ida_export_catalog	game	battle	medium	address_cluster:battle_cluster;assembly_direct_call_graph:10_sites	0x0045F2A0:2	0x00462420:4;0x00464E40:4	battle		mechanical_candidate_not_manually_reviewed
0x00462420	sub_462420	ida_export_catalog	game	battle	medium	address_cluster:battle_cluster;assembly_direct_call_graph:10_sites	0x0045F2A0:1;0x00462320:4;0x004623A0:4	0x0047F920:1	battle		mechanical_candidate_not_manually_reviewed
0x004624C0	sub_4624C0	ida_export_catalog	game	battle	medium	address_cluster:battle_cluster;assembly_direct_call_graph:4_sites	0x00464DD0:2;0x00464E40:1	0x0047F920:1	battle		mechanical_candidate_not_manually_reviewed
0x00462510	sub_462510	ida_export_catalog	game	battle	medium	address_cluster:battle_cluster;assembly_direct_call_graph:5_sites	0x0045F2A0:1	0x00485610:4	battle		mechanical_candidate_not_manually_reviewed
0x00462630	sub_462630	ida_export_catalog	game	battle	medium	address_cluster:battle_cluster;assembly_direct_call_graph:5_sites	0x0045F2A0:1	0x00485610:4	battle		mechanical_candidate_not_manually_reviewed
0x00462740	sub_462740	ida_export_catalog	game	battle	medium	address_cluster:battle_cluster;assembly_direct_call_graph:93_sites	0x004620D0:1	0x00437430:5;0x0045B0E0:1;0x0045D180:3;0x0045EC60:3;0x00464DA0:14;0x00465090:5;0x00465170:2;0x004698E0:2;0x00470380:1;0x004705C0:2;0x004708C0:1;0x00470AC0:3;0x00470E20:3;0x004717D0:1;0x004717E0:1;0x00478330:8;0x004784A0:2;0x0047C660:6;0x0047CE80:3;0x0047D7D0:2;0x0047D880:4;0x0047D8B0:4;0x0047D8D0:4;0x00481FC0:1;0x00482030:1;0x00485610:10	battle		mechanical_candidate_not_manually_reviewed
0x00464270	sub_464270	ida_export_catalog	game	battle	medium	address_cluster:battle_cluster;assembly_direct_call_graph:45_sites	0x00453200:1	0x00435650:1;0x00435660:1;0x00435670:1;0x00436AD0:1;0x00437430:1;0x004509D0:3;0x00450C50:3;0x004512B0:1;0x00464CC0:1;0x004651D0:1;0x00465480:1;0x004655B0:1;0x004659C0:1;0x00465E50:1;0x00466190:1;0x00466500:1;0x004667B0:1;0x00466950:1;0x00466C00:1;0x004750C0:1;0x004768D0:1;0x00478400:3;0x004784A0:4;0x0047C660:5;0x0047CE80:3;0x0047CEA0:1;0x0047F920:2;0x00483820:1	battle		mechanical_candidate_not_manually_reviewed
0x00464CC0	sub_464CC0	ida_export_catalog	game	battle	medium	address_cluster:battle_cluster;assembly_direct_call_graph:6_sites	0x00456680:1;0x00464270:1	0x00439070:1;0x00478330:1;0x0047CE80:2	battle		mechanical_candidate_not_manually_reviewed
0x00464DA0	sub_464DA0	ida_export_catalog	game	battle	medium	address_cluster:battle_cluster;assembly_direct_call_graph:14_sites	0x00462740:14		battle		mechanical_candidate_not_manually_reviewed
0x00464DD0	sub_464DD0	ida_export_catalog	game	battle	medium	address_cluster:battle_cluster;assembly_direct_call_graph:6_sites	0x00462320:4	0x004624C0:2	battle		mechanical_candidate_not_manually_reviewed
0x00464E40	sub_464E40	ida_export_catalog	game	battle	medium	address_cluster:battle_cluster;assembly_direct_call_graph:5_sites	0x004623A0:4	0x004624C0:1	battle		mechanical_candidate_not_manually_reviewed
0x00464E90	sub_464E90	ida_export_catalog	game	battle	medium	address_cluster:battle_cluster;assembly_direct_call_graph:12_sites	0x0045F2A0:7;0x004620D0:1;0x004651D0:1	0x00481FB0:1;0x00481FC0:1;0x00482E80:1	battle		mechanical_candidate_not_manually_reviewed
0x00465090	sub_465090	ida_export_catalog	game	battle	medium	address_cluster:battle_cluster;assembly_direct_call_graph:8_sites	0x00462740:5	0x0047C660:1;0x0047CE80:2	battle		mechanical_candidate_not_manually_reviewed
0x00465170	sub_465170	ida_export_catalog	game	battle	medium	address_cluster:battle_cluster;assembly_direct_call_graph:2_sites	0x00462740:2		battle		mechanical_candidate_not_manually_reviewed
0x004651D0	sub_4651D0	ida_export_catalog	game	battle	medium	address_cluster:battle_cluster;assembly_direct_call_graph:15_sites	0x00464270:1	0x00435660:6;0x00435670:1;0x00436AD0:4;0x00464E90:1;0x00481FC0:1;0x00482FC0:1	battle		mechanical_candidate_not_manually_reviewed
0x00465480	sub_465480	ida_export_catalog	game	battle	medium	address_cluster:battle_cluster;assembly_direct_call_graph:8_sites	0x00464270:1	0x0042E850:1;0x004321E0:1;0x00435660:2;0x0043B110:1;0x00450A80:2	battle		mechanical_candidate_not_manually_reviewed
0x004655B0	sub_4655B0	ida_export_catalog	game	battle	medium	address_cluster:battle_cluster;assembly_direct_call_graph:20_sites	0x00464270:1	0x00435650:1;0x00435660:3;0x00435670:1;0x00436AD0:4;0x0043B110:2;0x0043B9E0:1;0x004504E0:1;0x0046FFE0:2;0x00470180:1;0x004702E0:1;0x00483870:1;0x004838A0:1	battle		mechanical_candidate_not_manually_reviewed
0x004659C0	sub_4659C0	ida_export_catalog	game	battle	medium	address_cluster:battle_cluster;assembly_direct_call_graph:26_sites	0x00464270:1	0x0042E850:1;0x004321E0:1;0x00435650:1;0x00435660:6;0x00435670:1;0x00436AD0:5;0x0043B110:3;0x0043B9E0:1;0x00450A80:2;0x00470900:2;0x00470910:1;0x00470A10:1	battle		mechanical_candidate_not_manually_reviewed
0x00465E50	sub_465E50	ida_export_catalog	game	battle	medium	address_cluster:battle_cluster;assembly_direct_call_graph:20_sites	0x00464270:1	0x0042E850:2;0x004321E0:1;0x00435650:1;0x00435660:4;0x00435670:1;0x00436AD0:4;0x0043B110:2;0x00470900:2;0x00470A10:1;0x00470F70:1	battle		mechanical_candidate_not_manually_reviewed
0x00466190	sub_466190	ida_export_catalog	game	battle	medium	address_cluster:battle_cluster;assembly_direct_call_graph:20_sites	0x00464270:1	0x0042E850:2;0x004321E0:1;0x00435650:1;0x00435660:4;0x00435670:1;0x00436AD0:3;0x0043B110:2;0x00470900:2;0x00470FE0:2;0x00471080:1	battle		mechanical_candidate_not_manually_reviewed
0x00466500	sub_466500	ida_export_catalog	game	battle	medium	address_cluster:battle_cluster;assembly_direct_call_graph:18_sites	0x00464270:1	0x0042E850:2;0x004321E0:1;0x00435650:1;0x00435660:3;0x00435670:1;0x00436AD0:3;0x0043B110:2;0x0046FFE0:2;0x00470180:1;0x004702E0:1	battle		mechanical_candidate_not_manually_reviewed
0x004667B0	sub_4667B0	ida_export_catalog	game	battle	medium	address_cluster:battle_cluster;assembly_direct_call_graph:12_sites	0x00464270:1	0x0042E850:2;0x004321E0:1;0x00435650:2;0x00436AD0:3;0x0043B110:2;0x00480AD0:1	battle		mechanical_candidate_not_manually_reviewed
0x00466950	sub_466950	ida_export_catalog	game	battle	medium	address_cluster:battle_cluster;assembly_direct_call_graph:17_sites	0x00464270:1	0x004239D0:2;0x0042E850:1;0x004321E0:1;0x00435650:2;0x00436AD0:2;0x0043B110:1;0x00450A50:2;0x00477800:1;0x00478340:1;0x0047F910:1;0x00480AD0:1;0x00484500:1	battle		mechanical_candidate_not_manually_reviewed
0x00466C00	sub_466C00	ida_export_catalog	game	battle	medium	address_cluster:battle_cluster;assembly_direct_call_graph:24_sites	0x00464270:1	0x00435660:9;0x00435670:1;0x00436AD0:9;0x0044FFE0:2;0x00476780:1;0x00476860:1	battle		mechanical_candidate_not_manually_reviewed
0x00466F70	sub_466F70	ida_export_catalog	game	battle	medium	address_cluster:battle_cluster;assembly_direct_call_graph:41_sites	0x00453200:1	0x0045D180:1;0x004620D0:3;0x00467710:1;0x00467AC0:1;0x00467C50:1;0x00467F00:1;0x00468930:1;0x00468AD0:1;0x00468C80:1;0x00468ED0:1;0x00468FF0:1;0x00469080:1;0x00469220:1;0x00469340:1;0x004694E0:1;0x00471D60:1;0x004750C0:1;0x00475160:1;0x00476600:1;0x00478710:1;0x00478850:1;0x00478A70:1;0x0047C660:2;0x0047CE80:6;0x0047E950:1;0x00482030:4;0x00485610:3	battle		mechanical_candidate_not_manually_reviewed
0x00467710	sub_467710	ida_export_catalog	game	battle	medium	address_cluster:battle_cluster;assembly_direct_call_graph:20_sites	0x00466F70:1	0x0042E850:2;0x004321E0:1;0x00436AD0:4;0x0043B110:1;0x0045D180:2;0x00469620:1;0x0046F5B0:1;0x004762F0:1;0x0047CE80:1;0x0047E950:1;0x00482030:1;0x00485610:1;0x00485710:1;0x00485740:1	battle		mechanical_candidate_not_manually_reviewed
0x00467AC0	sub_467AC0	ida_export_catalog	game	battle	medium	address_cluster:battle_cluster;assembly_direct_call_graph:8_sites	0x00466F70:1	0x0042E850:2;0x004321E0:1;0x00436AD0:2;0x0043B110:1;0x00469620:1	battle		mechanical_candidate_not_manually_reviewed
0x00467C50	sub_467C50	ida_export_catalog	game	battle	medium	address_cluster:battle_cluster;assembly_direct_call_graph:6_sites	0x00466F70:1	0x00477290:1;0x00477400:2;0x00485610:1;0x00485720:1	battle		mechanical_candidate_not_manually_reviewed
0x00467F00	sub_467F00	ida_export_catalog	game	battle	medium	address_cluster:battle_cluster;assembly_direct_call_graph:35_sites	0x00466F70:1	0x0042E850:2;0x004321E0:1;0x00436AD0:22;0x0043B110:1;0x00469620:1;0x00485610:7	battle		mechanical_candidate_not_manually_reviewed
0x00468930	sub_468930	ida_export_catalog	game	battle	medium	address_cluster:battle_cluster;assembly_direct_call_graph:7_sites	0x00466F70:1	0x0042E850:1;0x004321E0:1;0x00436AD0:2;0x0043B110:1;0x00469620:1	battle		mechanical_candidate_not_manually_reviewed
0x00468AD0	sub_468AD0	ida_export_catalog	game	battle	medium	address_cluster:battle_cluster;assembly_direct_call_graph:8_sites	0x00466F70:1	0x0042E850:1;0x004321E0:1;0x00436AD0:2;0x0043B110:1;0x00469620:1;0x00485610:1	battle		mechanical_candidate_not_manually_reviewed
0x00468C80	sub_468C80	ida_export_catalog	game	battle	medium	address_cluster:battle_cluster;assembly_direct_call_graph:9_sites	0x00466F70:1	0x0040DC50:1;0x00476DB0:3;0x00478220:2;0x0047CE80:1;0x00487C10:1	battle		mechanical_candidate_not_manually_reviewed
0x00468ED0	sub_468ED0	ida_export_catalog	game	battle	medium	address_cluster:battle_cluster;assembly_direct_call_graph:7_sites	0x00466F70:1	0x0042E850:1;0x00435650:2;0x00436AD0:1;0x0043B110:1;0x00469620:1	battle		mechanical_candidate_not_manually_reviewed
0x00468FF0	sub_468FF0	ida_export_catalog	game	battle	medium	address_cluster:battle_cluster;assembly_direct_call_graph:5_sites	0x00466F70:1	0x0046F850:1;0x00476DB0:1;0x00478220:1;0x0047CE80:1	battle		mechanical_candidate_not_manually_reviewed
0x00469080	sub_469080	ida_export_catalog	game	battle	medium	address_cluster:battle_cluster;assembly_direct_call_graph:10_sites	0x00466F70:1	0x0042E850:2;0x004321E0:1;0x00435650:2;0x00436AD0:2;0x0043B110:1;0x00469620:1	battle		mechanical_candidate_not_manually_reviewed
0x00469220	sub_469220	ida_export_catalog	game	battle	medium	address_cluster:battle_cluster;assembly_direct_call_graph:10_sites	0x00466F70:1	0x0042E850:2;0x004321E0:1;0x00435650:2;0x00436AD0:2;0x0043B110:1;0x00469620:1	battle		mechanical_candidate_not_manually_reviewed
0x00469340	sub_469340	ida_export_catalog	game	battle	medium	address_cluster:battle_cluster;assembly_direct_call_graph:10_sites	0x00466F70:1	0x0042E850:2;0x004321E0:1;0x00436AD0:4;0x0043B110:1;0x00469620:1	battle		mechanical_candidate_not_manually_reviewed
0x004694E0	sub_4694E0	ida_export_catalog	game	battle	medium	address_cluster:battle_cluster;assembly_direct_call_graph:1_sites	0x00466F70:1		battle		mechanical_candidate_not_manually_reviewed
0x00469550	sub_469550	ida_export_catalog	game	battle	medium	address_cluster:battle_cluster;assembly_direct_call_graph:7_sites	0x00459D10:2	0x0042E850:1;0x004321E0:1;0x00436AD0:2;0x0043B110:1	battle		mechanical_candidate_not_manually_reviewed
0x00469620	sub_469620	ida_export_catalog	game	battle	medium	address_cluster:battle_cluster;assembly_direct_call_graph:10_sites	0x00467710:1;0x00467AC0:1;0x00467F00:1;0x00468930:1;0x00468AD0:1;0x00468ED0:1;0x00469080:1;0x00469220:1;0x00469340:1;0x00469650:1		battle		mechanical_candidate_not_manually_reviewed
0x00469650	sub_469650	ida_export_catalog	game	battle	medium	address_cluster:battle_cluster;assembly_direct_call_graph:15_sites	0x00453200:1	0x004239D0:5;0x0042E850:2;0x004321E0:1;0x00436AD0:2;0x0043B110:1;0x00450A50:1;0x00469620:1;0x00489654:1	battle		mechanical_candidate_not_manually_reviewed
0x004698E0	sub_4698E0	ida_export_catalog	game	battle	medium	address_cluster:battle_cluster;assembly_direct_call_graph:41_sites	0x004527E0:1;0x004539B0:5;0x00456680:3;0x004576A0:2;0x0045D8F0:2;0x0045EA80:1;0x0045F2A0:1;0x00462740:2;0x00470380:3;0x0047D640:1;0x0047E070:6;0x0047E950:13	0x00487C10:1	battle		mechanical_candidate_not_manually_reviewed
0x00469960	sub_469960	ida_export_catalog	game	battle	medium	address_cluster:battle_cluster;assembly_direct_call_graph:16_sites	0x00453200:1	0x0042E850:1;0x004321E0:1;0x00436AD0:4;0x0043B110:1;0x00450A50:7;0x004885A0:1	battle		mechanical_candidate_not_manually_reviewed
0x00469D20	sub_469D20	ida_export_catalog	game	battle	confirmed_boundary	manual_critical_abi_seed;manual_top_level_seed;manual_a2_cross_module_boundary_review	0x0040A570:1	0x0040AFF0:3;0x0040BAA0:1;0x0040BB20:3;0x0040DC00:1;0x0040DC50:1;0x0040DC80:1;0x0040DCB0:1;0x00439070:4;0x0044A240:3;0x0044D620:1;0x0044D680:2;0x00451940:2;0x00451B10:1;0x004527E0:1;0x00453200:33;0x0045B0E0:6;0x0045B190:1;0x0045B5A0:1;0x0045B630:3;0x0045D180:1;0x0045EE70:7;0x0046E1E0:10;0x0046E260:2;0x0046E290:1;0x004707B0:1;0x00475820:1;0x00476160:1;0x00476250:1;0x00476920:1;0x004769A0:1;0x00476A10:1;0x00477BD0:1;0x00478330:3;0x004783B0:6;0x00478470:2;0x004785C0:13;0x00478600:13;0x00478710:7;0x00478780:1;0x004787D0:1;0x004787F0:2;0x00478830:2;0x00478A70:6;0x00478AB0:1;0x00478AC0:1;0x0047C660:13;0x0047CE80:13;0x0047CEB0:1;0x0047CEC0:1;0x0047D350:6;0x0047D640:1;0x0047D810:2;0x0047D830:2;0x0047D860:6;0x0047D880:1;0x0047D8B0:1;0x0047D8D0:1;0x0047D900:7;0x0047D950:2;0x0047DA10:2;0x0047DA90:1;0x0047E880:1;0x0047F150:4;0x0047F3A0:1;0x0047F900:4;0x0047F910:1;0x00482EC0:2;0x004838A0:1;0x00484500:3;0x00485610:1;0x004856C0:1;0x00485710:1;0x00485850:1;0x00487C10:7;0x004885A0:4;0x00489654:3	battle	critical_abi;top_level_direct;cross_module_boundary_a2	manual_reviewed_current_assembly
0x0046E090	sub_46E090	ida_export_catalog	game	battle	medium	address_cluster:battle_cluster			battle		mechanical_candidate_not_manually_reviewed
0x0046E0A0	sub_46E0A0	ida_export_catalog	game	battle	medium	address_cluster:battle_cluster			battle		mechanical_candidate_not_manually_reviewed
0x0046E0B0	sub_46E0B0	ida_export_catalog	game	battle	medium	address_cluster:battle_cluster;decompile_token_navigation_only:battle_asset_token;assembly_direct_call_graph:2_sites	0x00451B10:1	0x00487C10:1	battle		mechanical_candidate_not_manually_reviewed
0x0046E1E0	sub_46E1E0	ida_export_catalog	game	battle	medium	address_cluster:battle_cluster;assembly_direct_call_graph:12_sites	0x00469D20:10	0x00487C10:1;0x004885A0:1	battle		mechanical_candidate_not_manually_reviewed
0x0046E260	sub_46E260	ida_export_catalog	game	battle	medium	address_cluster:battle_cluster;assembly_direct_call_graph:3_sites	0x00469D20:2	0x004885A0:1	battle		mechanical_candidate_not_manually_reviewed
0x0046E290	sub_46E290	ida_export_catalog	game	battle	medium	address_cluster:battle_cluster;assembly_direct_call_graph:6_sites	0x00469D20:1	0x00437EF0:1;0x00437F40:1;0x00437F90:1;0x00489654:2	battle		mechanical_candidate_not_manually_reviewed
0x0046E490	sub_46E490	ida_export_catalog	game	battle	medium	address_cluster:battle_cluster;assembly_direct_call_graph:2_sites		0x00478250:1;0x00487C10:1	battle		mechanical_candidate_not_manually_reviewed
0x0046E4D0	sub_46E4D0	ida_export_catalog	game	battle	medium	address_cluster:battle_cluster;assembly_direct_call_graph:2_sites		0x00475180:1;0x00478300:1	battle		mechanical_candidate_not_manually_reviewed
0x0046E520	sub_46E520	ida_export_catalog	game	battle	medium	address_cluster:battle_cluster;assembly_direct_call_graph:2_sites	0x004527E0:1;0x00456680:1		battle		mechanical_candidate_not_manually_reviewed
0x0046E6A0	sub_46E6A0	ida_export_catalog	game	battle	medium	address_cluster:battle_cluster;assembly_direct_call_graph:1_sites	0x0046E730:1		battle		mechanical_candidate_not_manually_reviewed
0x0046E730	sub_46E730	ida_export_catalog	game	battle	medium	address_cluster:battle_cluster;assembly_direct_call_graph:3_sites	0x00451B10:1	0x00431150:1;0x0046E6A0:1	battle		mechanical_candidate_not_manually_reviewed
0x0046E850	sub_46E850	ida_export_catalog	game	battle	medium	address_cluster:battle_cluster;assembly_direct_call_graph:1_sites	0x00451B10:1		battle		mechanical_candidate_not_manually_reviewed
0x0046E870	sub_46E870	ida_export_catalog	game	battle	medium	address_cluster:battle_cluster;assembly_direct_call_graph:1_sites	0x00451B10:1		battle		mechanical_candidate_not_manually_reviewed
0x0046E890	sub_46E890	ida_export_catalog	game	battle	medium	address_cluster:battle_cluster;assembly_direct_call_graph:5_sites	0x004539B0:1	0x00431150:1;0x00476DB0:1;0x00478220:1;0x00487C10:1	battle		mechanical_candidate_not_manually_reviewed
0x0046E9C0	sub_46E9C0	ida_export_catalog	game	battle	medium	address_cluster:battle_cluster;assembly_direct_call_graph:6_sites	0x00451B10:2	0x00431150:1;0x00476DB0:1;0x00478220:1;0x00487C10:1	battle		mechanical_candidate_not_manually_reviewed
0x0046EBB0	sub_46EBB0	ida_export_catalog	game	battle	medium	address_cluster:battle_cluster;assembly_direct_call_graph:3_sites	0x00451B10:1	0x00431150:1;0x0046F030:1	battle		mechanical_candidate_not_manually_reviewed
0x0046EE60	sub_46EE60	ida_export_catalog	game	battle	medium	address_cluster:battle_cluster;assembly_direct_call_graph:16_sites	0x00456680:1	0x004787D0:3;0x0047CEC0:3;0x0047CF00:3;0x0047D640:3;0x0047F150:3	battle		mechanical_candidate_not_manually_reviewed
0x0046F030	sub_46F030	ida_export_catalog	game	battle	medium	address_cluster:battle_cluster;assembly_direct_call_graph:3_sites	0x0046EBB0:1	0x004779F0:2	battle		mechanical_candidate_not_manually_reviewed
0x0046F1F0	sub_46F1F0	ida_export_catalog	game	battle	medium	address_cluster:battle_cluster;assembly_direct_call_graph:13_sites	0x0046FFF0:1	0x00482F10:9;0x00482F70:1;0x004830A0:2	battle		mechanical_candidate_not_manually_reviewed
0x0046F5B0	sub_46F5B0	ida_export_catalog	game	battle	medium	address_cluster:battle_cluster;assembly_direct_call_graph:4_sites	0x00467710:1	0x00487C10:1;0x00489654:2	battle		mechanical_candidate_not_manually_reviewed
0x0046F6E0	sub_46F6E0	ida_export_catalog	game	battle	medium	address_cluster:battle_cluster;assembly_direct_call_graph:7_sites	0x0045C010:4	0x00487C10:1;0x00489654:2	battle		mechanical_candidate_not_manually_reviewed
0x0046F850	sub_46F850	ida_export_catalog	game	battle	medium	address_cluster:battle_cluster;assembly_direct_call_graph:1_sites	0x00468FF0:1		battle		mechanical_candidate_not_manually_reviewed
0x0046F8C0	sub_46F8C0	ida_export_catalog	game	battle	medium	address_cluster:battle_cluster;assembly_direct_call_graph:14_sites	0x004539B0:3	0x004170E0:2;0x0045D3E0:1;0x00474FC0:2;0x00478780:1;0x0047C950:1;0x0047F940:1;0x004831C0:1;0x004838D0:1;0x00483B30:1	battle		mechanical_candidate_not_manually_reviewed
0x0046FF00	sub_46FF00	ida_export_catalog	game	battle	medium	address_cluster:battle_cluster;assembly_direct_call_graph:2_sites	0x0046FFF0:1	0x00439070:1	battle		mechanical_candidate_not_manually_reviewed
0x0046FFE0	sub_46FFE0	ida_export_catalog	game	battle	medium	address_cluster:battle_cluster;assembly_direct_call_graph:9_sites	0x004655B0:2;0x00466500:2;0x00470180:1;0x004702E0:1;0x00470380:2;0x004705C0:1		battle		mechanical_candidate_not_manually_reviewed
0x0046FFF0	sub_46FFF0	ida_export_catalog	game	battle	medium	address_cluster:battle_cluster;assembly_direct_call_graph:6_sites	0x00456680:2	0x0046F1F0:1;0x0046FF00:1;0x00476A80:2	battle		mechanical_candidate_not_manually_reviewed
0x00470180	sub_470180	ida_export_catalog	game	battle	medium	address_cluster:battle_cluster;assembly_direct_call_graph:4_sites	0x004655B0:1;0x00466500:1	0x0046FFE0:1;0x00476A80:1	battle		mechanical_candidate_not_manually_reviewed
0x004702E0	sub_4702E0	ida_export_catalog	game	battle	medium	address_cluster:battle_cluster;assembly_direct_call_graph:3_sites	0x004655B0:1;0x00466500:1	0x0046FFE0:1	battle		mechanical_candidate_not_manually_reviewed
0x00470380	sub_470380	ida_export_catalog	game	battle	medium	address_cluster:battle_cluster;assembly_direct_call_graph:9_sites	0x00462740:1	0x004698E0:3;0x0046FFE0:2;0x00470900:1;0x00485610:2	battle		mechanical_candidate_not_manually_reviewed
0x004705C0	sub_4705C0	ida_export_catalog	game	battle	medium	address_cluster:battle_cluster;assembly_direct_call_graph:4_sites	0x00462740:2	0x0046FFE0:1;0x00476A80:1	battle		mechanical_candidate_not_manually_reviewed
0x004707B0	sub_4707B0	ida_export_catalog	game	battle	medium	address_cluster:battle_cluster;assembly_direct_call_graph:5_sites	0x004539B0:1;0x00469D20:1	0x00476A80:1;0x00476DB0:1;0x00478220:1	battle		mechanical_candidate_not_manually_reviewed
0x00470820	sub_470820	ida_export_catalog	game	battle	medium	address_cluster:battle_cluster;assembly_direct_call_graph:4_sites	0x00456680:1	0x00470890:2;0x00470E20:1	battle		mechanical_candidate_not_manually_reviewed
0x00470890	sub_470890	ida_export_catalog	game	battle	medium	address_cluster:battle_cluster;assembly_direct_call_graph:2_sites	0x00470820:2		battle		mechanical_candidate_not_manually_reviewed
0x004708C0	sub_4708C0	ida_export_catalog	game	battle	medium	address_cluster:battle_cluster;assembly_direct_call_graph:2_sites	0x00456680:1;0x00462740:1		battle		mechanical_candidate_not_manually_reviewed
0x00470900	sub_470900	ida_export_catalog	game	battle	medium	address_cluster:battle_cluster;assembly_direct_call_graph:15_sites	0x004659C0:2;0x00465E50:2;0x00466190:2;0x00470380:1;0x00470910:1;0x00470A10:1;0x00470AC0:1;0x00470E20:2;0x00470F70:1;0x00470FE0:1;0x00471080:1		battle		mechanical_candidate_not_manually_reviewed
0x00470910	sub_470910	ida_export_catalog	game	battle	medium	address_cluster:battle_cluster;assembly_direct_call_graph:2_sites	0x004659C0:1	0x00470900:1	battle		mechanical_candidate_not_manually_reviewed
0x00470A10	sub_470A10	ida_export_catalog	game	battle	medium	address_cluster:battle_cluster;assembly_direct_call_graph:3_sites	0x004659C0:1;0x00465E50:1	0x00470900:1	battle		mechanical_candidate_not_manually_reviewed
0x00470AC0	sub_470AC0	ida_export_catalog	game	battle	medium	address_cluster:battle_cluster;assembly_direct_call_graph:8_sites	0x00462740:3	0x00431150:1;0x00470900:1;0x00476A80:3	battle		mechanical_candidate_not_manually_reviewed
0x00470E20	sub_470E20	ida_export_catalog	game	battle	medium	address_cluster:battle_cluster;assembly_direct_call_graph:9_sites	0x004539B0:2;0x00462740:3;0x00470820:1	0x00470900:2;0x004885A0:1	battle		mechanical_candidate_not_manually_reviewed
0x00470F70	sub_470F70	ida_export_catalog	game	battle	medium	address_cluster:battle_cluster;assembly_direct_call_graph:2_sites	0x00465E50:1	0x00470900:1	battle		mechanical_candidate_not_manually_reviewed
0x00470FE0	sub_470FE0	ida_export_catalog	game	battle	medium	address_cluster:battle_cluster;assembly_direct_call_graph:3_sites	0x00466190:2	0x00470900:1	battle		mechanical_candidate_not_manually_reviewed
0x00471080	sub_471080	ida_export_catalog	game	battle	medium	address_cluster:battle_cluster;assembly_direct_call_graph:2_sites	0x00466190:1	0x00470900:1	battle		mechanical_candidate_not_manually_reviewed
0x004710D0	sub_4710D0	ida_export_catalog	game	battle	medium	address_cluster:battle_cluster;assembly_direct_call_graph:6_sites	0x004539B0:1	0x004019A0:1;0x00433F30:1;0x00478470:1;0x00478620:1;0x0047CE70:1	battle		mechanical_candidate_not_manually_reviewed
0x00471270	sub_471270	ida_export_catalog	game	battle	medium	address_cluster:battle_cluster;assembly_direct_call_graph:8_sites	0x004539B0:1	0x00434790:1;0x00471FC0:5;0x004885A0:1	battle		mechanical_candidate_not_manually_reviewed
0x004714B0	sub_4714B0	ida_export_catalog	game	battle	medium	address_cluster:battle_cluster;assembly_direct_call_graph:4_sites	0x00456680:1	0x00439070:3	battle		mechanical_candidate_not_manually_reviewed
0x00471540	sub_471540	ida_export_catalog	game	battle	medium	address_cluster:battle_cluster;assembly_direct_call_graph:10_sites	0x00456680:2	0x004170E0:1;0x004315D0:1;0x004321E0:1;0x004785C0:1;0x00478600:1;0x0047F920:1;0x00485610:1;0x00485650:1	battle		mechanical_candidate_not_manually_reviewed
0x004717D0	sub_4717D0	ida_export_catalog	game	battle	medium	address_cluster:battle_cluster;assembly_direct_call_graph:1_sites	0x00462740:1		battle		mechanical_candidate_not_manually_reviewed
0x004717E0	sub_4717E0	ida_export_catalog	game	battle	medium	address_cluster:battle_cluster;assembly_direct_call_graph:1_sites	0x00462740:1		battle		mechanical_candidate_not_manually_reviewed
0x004717F0	sub_4717F0	ida_export_catalog	game	battle	medium	address_cluster:battle_cluster;assembly_direct_call_graph:10_sites	0x004539B0:1	0x004170E0:2;0x004315D0:1;0x004321E0:1;0x00434350:1;0x004783B0:1;0x00478400:1;0x00478470:1;0x00485610:1	battle		mechanical_candidate_not_manually_reviewed
0x00471AD0	sub_471AD0	ida_export_catalog	game	battle	medium	address_cluster:battle_cluster;assembly_direct_call_graph:10_sites	0x004539B0:1	0x004170E0:2;0x004315D0:1;0x004321E0:1;0x00434350:1;0x004783B0:1;0x00478400:1;0x00478470:1;0x00485610:1	battle		mechanical_candidate_not_manually_reviewed
0x00471D60	sub_471D60	ida_export_catalog	game	battle	medium	address_cluster:battle_cluster;assembly_direct_call_graph:7_sites	0x004539B0:1;0x00466F70:1	0x004170E0:1;0x004315D0:1;0x004321E0:1;0x00485610:2	battle		mechanical_candidate_not_manually_reviewed
0x00471FC0	sub_471FC0	ida_export_catalog	game	battle	medium	address_cluster:battle_cluster;assembly_direct_call_graph:11_sites	0x00471270:5	0x004170E0:2;0x004315D0:1;0x004321E0:1;0x00434350:1;0x00485610:1	battle		mechanical_candidate_not_manually_reviewed
0x004721F0	sub_4721F0	ida_export_catalog	game	battle	medium	address_cluster:battle_cluster;assembly_direct_call_graph:8_sites	0x004539B0:1	0x004170E0:2;0x004315D0:1;0x004321E0:1;0x004783B0:1;0x00485610:1;0x00485650:1	battle		mechanical_candidate_not_manually_reviewed
0x00472430	sub_472430	ida_export_catalog	game	battle	medium	address_cluster:battle_cluster;assembly_direct_call_graph:4_sites	0x004539B0:1	0x00439070:1;0x00480AD0:1;0x00482F10:1	battle		mechanical_candidate_not_manually_reviewed
0x004724D0	sub_4724D0	ida_export_catalog	game	battle	medium	address_cluster:battle_cluster;assembly_direct_call_graph:7_sites	0x004539B0:1	0x004170E0:2;0x004315D0:1;0x004321E0:1;0x00485610:1;0x00485650:1	battle		mechanical_candidate_not_manually_reviewed
0x00472710	sub_472710	ida_export_catalog	game	battle	medium	address_cluster:battle_cluster;assembly_direct_call_graph:2_sites	0x004539B0:1	0x00480AD0:1	battle		mechanical_candidate_not_manually_reviewed
0x00472730	sub_472730	ida_export_catalog	game	battle	medium	address_cluster:battle_cluster;assembly_direct_call_graph:6_sites	0x004539B0:1	0x00439070:3;0x00480AD0:1;0x00484500:1	battle		mechanical_candidate_not_manually_reviewed
0x004728D0	sub_4728D0	ida_export_catalog	game	battle	medium	address_cluster:battle_cluster;assembly_direct_call_graph:2_sites	0x0045EA80:1;0x0045F2A0:1		battle		mechanical_candidate_not_manually_reviewed
0x004728E0	sub_4728E0	ida_export_catalog	game	battle	medium	address_cluster:battle_cluster;assembly_direct_call_graph:14_sites	0x004539B0:1	0x004170E0:3;0x004315D0:1;0x004321E0:1;0x004783B0:1;0x00478780:1;0x0047CEC0:1;0x0047D640:1;0x00481010:1;0x004838D0:1;0x00485610:1;0x00485650:1	battle		mechanical_candidate_not_manually_reviewed
0x00472C70	sub_472C70	ida_export_catalog	game	battle	medium	address_cluster:battle_cluster;assembly_direct_call_graph:6_sites	0x0045C010:4	0x00482F10:1;0x004830A0:1	battle		mechanical_candidate_not_manually_reviewed
0x00472CE0	sub_472CE0	ida_export_catalog	game	battle	medium	address_cluster:battle_cluster;assembly_direct_call_graph:16_sites	0x004539B0:6	0x004170E0:3;0x004315D0:2;0x004321E0:2;0x004783B0:1;0x00485610:1;0x00485650:1	battle		mechanical_candidate_not_manually_reviewed
0x00473010	sub_473010	ida_export_catalog	game	battle	medium	address_cluster:battle_cluster;assembly_direct_call_graph:4_sites	0x004539B0:1	0x0045D3E0:1;0x004831C0:1;0x00483B30:1	battle		mechanical_candidate_not_manually_reviewed
0x004731A0	sub_4731A0	ida_export_catalog	game	battle	medium	address_cluster:battle_cluster;assembly_direct_call_graph:23_sites	0x004539B0:1	0x004170E0:2;0x004315D0:1;0x004321E0:1;0x0045AF90:1;0x004783B0:1;0x00478780:1;0x004787D0:2;0x0047CEC0:3;0x0047CF00:2;0x0047D640:3;0x0047F150:1;0x0047F940:1;0x00481010:1;0x00485610:1;0x00485650:1	battle		mechanical_candidate_not_manually_reviewed
0x004735B0	sub_4735B0	ida_export_catalog	game	battle	medium	address_cluster:battle_cluster;assembly_direct_call_graph:20_sites	0x004539B0:1	0x004170E0:5;0x004315D0:2;0x004321E0:2;0x00478780:1;0x0047CEC0:1;0x0047D640:1;0x0047F940:1;0x00481010:1;0x00483DB0:1;0x00485610:2;0x00485650:2	battle		mechanical_candidate_not_manually_reviewed
0x00473C10	sub_473C10	ida_export_catalog	game	battle	medium	address_cluster:battle_cluster;assembly_direct_call_graph:25_sites	0x004539B0:1	0x004170E0:7;0x004315D0:3;0x004321E0:3;0x00474FC0:3;0x004783B0:1;0x00478780:1;0x004820A0:1;0x004831C0:1;0x004838D0:1;0x00485610:2;0x00485650:1	battle		mechanical_candidate_not_manually_reviewed
0x004745B0	sub_4745B0	ida_export_catalog	game	battle	medium	address_cluster:battle_cluster;assembly_direct_call_graph:14_sites	0x004539B0:2	0x004170E0:2;0x0045AF90:1;0x0045D3E0:1;0x00474FC0:2;0x00478780:2;0x0047F940:1;0x004831C0:1;0x004838D0:1;0x00483B30:1	battle		mechanical_candidate_not_manually_reviewed
0x00474B60	sub_474B60	ida_export_catalog	game	battle	medium	address_cluster:battle_cluster;assembly_direct_call_graph:2_sites	0x004539B0:1	0x00439070:1	battle		mechanical_candidate_not_manually_reviewed
0x00474BA0	sub_474BA0	ida_export_catalog	game	battle	medium	address_cluster:battle_cluster;assembly_direct_call_graph:11_sites	0x004539B0:1	0x004783B0:2;0x0047FC40:1;0x004800F0:1;0x004801A0:1;0x00481FD0:2;0x004831C0:1;0x00483B30:1;0x00485610:1	battle		mechanical_candidate_not_manually_reviewed
0x00474E60	sub_474E60	ida_export_catalog	game	battle	medium	address_cluster:battle_cluster;assembly_direct_call_graph:5_sites	0x004539B0:1	0x004783B0:1;0x00482840:1;0x004831C0:1;0x00484230:1	battle		mechanical_candidate_not_manually_reviewed
0x00474FC0	sub_474FC0	ida_export_catalog	game	battle	medium	address_cluster:battle_cluster;assembly_direct_call_graph:13_sites	0x0046F8C0:2;0x00473C10:3;0x004745B0:2	0x00477830:1;0x00478780:1;0x0047CD60:1;0x0047CEC0:1;0x0047D640:1;0x00481010:1	battle		mechanical_candidate_not_manually_reviewed
0x004750C0	sub_4750C0	ida_export_catalog	game	battle	medium	address_cluster:battle_cluster;assembly_direct_call_graph:8_sites	0x004576A0:1;0x0045AA00:1;0x00461C10:4;0x00464270:1;0x00466F70:1		battle		mechanical_candidate_not_manually_reviewed
0x00475160	sub_475160	ida_export_catalog	game	battle	medium	address_cluster:battle_cluster;assembly_direct_call_graph:2_sites	0x00466F70:1	0x00482F10:1	battle		mechanical_candidate_not_manually_reviewed
0x00475180	sub_475180	ida_export_catalog	game	battle	medium	address_cluster:battle_cluster;assembly_direct_call_graph:4_sites	0x0045EA30:1;0x0046E4D0:1	0x004885A0:2	battle		mechanical_candidate_not_manually_reviewed
0x004751C0	sub_4751C0	ida_export_catalog	game	battle	medium	address_cluster:battle_cluster;assembly_direct_call_graph:16_sites	0x004539B0:1	0x004170E0:2;0x004315D0:1;0x004321E0:1;0x004783B0:1;0x00478780:1;0x0047FC40:2;0x004800F0:2;0x004801A0:2;0x00485610:2;0x00485650:1	battle		mechanical_candidate_not_manually_reviewed
0x00475560	sub_475560	ida_export_catalog	game	battle	medium	address_cluster:battle_cluster;assembly_direct_call_graph:2_sites		0x00478250:1;0x00487C10:1	battle		mechanical_candidate_not_manually_reviewed
0x00475590	sub_475590	ida_export_catalog	game	battle	medium	address_cluster:battle_cluster;assembly_direct_call_graph:2_sites		0x00476A60:1;0x00478300:1	battle		mechanical_candidate_not_manually_reviewed
0x004755E0	sub_4755E0	ida_export_catalog	game	battle	medium	address_cluster:battle_cluster;assembly_direct_call_graph:2_sites	0x00451B10:1;0x004576A0:1		battle		mechanical_candidate_not_manually_reviewed
0x00475720	sub_475720	ida_export_catalog	game	battle	medium	address_cluster:battle_cluster;assembly_direct_call_graph:5_sites	0x00451B10:1;0x00455D60:1	0x00476A80:1;0x00476DB0:1;0x00478220:1	battle		mechanical_candidate_not_manually_reviewed
0x00475820	sub_475820	ida_export_catalog	game	battle	medium	address_cluster:battle_cluster;assembly_direct_call_graph:4_sites	0x00469D20:1	0x00476A80:1;0x00476DB0:1;0x00478220:1	battle		mechanical_candidate_not_manually_reviewed
0x00475870	sub_475870	ida_export_catalog	game	battle	medium	address_cluster:battle_cluster;assembly_direct_call_graph:1_sites	0x0045AA00:1		battle		mechanical_candidate_not_manually_reviewed
0x004758A0	sub_4758A0	ida_export_catalog	game	battle	medium	address_cluster:battle_cluster;assembly_direct_call_graph:34_sites	0x00455D60:2	0x004170E0:2;0x00439070:1;0x0045AF90:1;0x0045D3E0:1;0x00478780:5;0x004787D0:2;0x0047C6B0:1;0x0047C950:1;0x0047CD60:2;0x0047CEC0:2;0x0047D640:4;0x0047F360:2;0x0047F940:1;0x00481A40:2;0x00482E90:2;0x004831C0:1;0x004838D0:1;0x00483B30:1	battle		mechanical_candidate_not_manually_reviewed
0x00476080	sub_476080	ida_export_catalog	game	battle	medium	address_cluster:battle_cluster;assembly_direct_call_graph:2_sites	0x004576A0:1	0x00439070:1	battle		mechanical_candidate_not_manually_reviewed
0x00476140	sub_476140	ida_export_catalog	game	battle	medium	address_cluster:battle_cluster;assembly_direct_call_graph:1_sites	0x004576A0:1		battle		mechanical_candidate_not_manually_reviewed
0x00476160	sub_476160	ida_export_catalog	game	battle	medium	address_cluster:battle_cluster;assembly_direct_call_graph:5_sites	0x004539B0:1;0x00469D20:1	0x00476A80:1;0x00476DB0:1;0x00478710:1	battle		mechanical_candidate_not_manually_reviewed
0x004761D0	sub_4761D0	ida_export_catalog	game	battle	medium	address_cluster:battle_cluster;assembly_direct_call_graph:4_sites	0x004576A0:1	0x00476A80:1;0x00478710:2	battle		mechanical_candidate_not_manually_reviewed
0x00476250	sub_476250	ida_export_catalog	game	battle	medium	address_cluster:battle_cluster;assembly_direct_call_graph:5_sites	0x004539B0:1;0x00469D20:1	0x00476A80:1;0x00478710:2	battle		mechanical_candidate_not_manually_reviewed
0x004762F0	sub_4762F0	ida_export_catalog	game	battle	medium	address_cluster:battle_cluster;assembly_direct_call_graph:2_sites	0x00467710:1	0x00439070:1	battle		mechanical_candidate_not_manually_reviewed
0x00476330	sub_476330	ida_export_catalog	game	battle	medium	address_cluster:battle_cluster;assembly_direct_call_graph:5_sites	0x004576A0:1	0x00439070:4	battle		mechanical_candidate_not_manually_reviewed
0x004763D0	sub_4763D0	ida_export_catalog	game	battle	medium	address_cluster:battle_cluster;assembly_direct_call_graph:9_sites	0x00455D60:1	0x004170E0:1;0x004315D0:1;0x004321E0:1;0x004785C0:1;0x00478600:1;0x00485610:2;0x00485650:1	battle		mechanical_candidate_not_manually_reviewed
0x00476600	sub_476600	ida_export_catalog	game	battle	medium	address_cluster:battle_cluster;assembly_direct_call_graph:7_sites	0x00466F70:1	0x00439070:4;0x00476DB0:2	battle		mechanical_candidate_not_manually_reviewed
0x00476780	sub_476780	ida_export_catalog	game	battle	medium	address_cluster:battle_cluster;assembly_direct_call_graph:5_sites	0x004620D0:1;0x00466C00:1	0x00476DB0:3	battle		mechanical_candidate_not_manually_reviewed
0x00476860	sub_476860	ida_export_catalog	game	battle	medium	address_cluster:battle_cluster;assembly_direct_call_graph:4_sites	0x004620D0:1;0x00466C00:1	0x00476DB0:2	battle		mechanical_candidate_not_manually_reviewed
0x004768D0	sub_4768D0	ida_export_catalog	game	battle	medium	address_cluster:battle_cluster;assembly_direct_call_graph:2_sites	0x0045FC60:1;0x00464270:1		battle		mechanical_candidate_not_manually_reviewed
0x00476900	sub_476900	ida_export_catalog	game	battle	medium	address_cluster:battle_cluster;assembly_direct_call_graph:1_sites	0x00455D60:1		battle		mechanical_candidate_not_manually_reviewed
0x00476920	sub_476920	ida_export_catalog	game	battle	medium	address_cluster:battle_cluster;assembly_direct_call_graph:1_sites	0x00469D20:1		battle		mechanical_candidate_not_manually_reviewed
0x004769A0	sub_4769A0	ida_export_catalog	game	battle	medium	address_cluster:battle_cluster;assembly_direct_call_graph:1_sites	0x00469D20:1		battle		mechanical_candidate_not_manually_reviewed
0x00476A10	sub_476A10	ida_export_catalog	game	battle	medium	address_cluster:battle_cluster;assembly_direct_call_graph:1_sites	0x00469D20:1		battle		mechanical_candidate_not_manually_reviewed
0x00476A60	sub_476A60	ida_export_catalog	game	battle	medium	address_cluster:battle_cluster;assembly_direct_call_graph:3_sites	0x0045EA30:1;0x00475590:1	0x004885A0:1	battle		mechanical_candidate_not_manually_reviewed
0x00476A80	sub_476A80	ida_export_catalog	game	battle	confirmed_boundary	address_cluster:battle_cluster;assembly_direct_call_graph:28_sites;manual_a2_cross_module_boundary_review	0x00443BD0:1;0x004442B0:1;0x00446700:1;0x0044D6E0:1;0x0046FFF0:2;0x00470180:1;0x004705C0:1;0x004707B0:1;0x00470AC0:3;0x00475720:1;0x00475820:1;0x00476160:1;0x004761D0:1;0x00476250:1;0x00480220:8	0x00487C10:1;0x004885A0:2	battle	cross_module_boundary_a2	manual_reviewed_current_assembly
0x00476DB0	sub_476DB0	ida_export_catalog	game	battle	confirmed_boundary	manual_module_assembly_review;manual_a2_cross_module_boundary_review	0x00402F80:1;0x004070A0:2;0x0040B7F0:1;0x0043C0D0:1;0x0043C9C0:1;0x0043CEF0:1;0x0043D050:3;0x0043D530:1;0x0043F1E0:2;0x0044D0F0:1;0x0044D2D0:1;0x004539B0:1;0x00455D60:1;0x0045D180:1;0x00468C80:3;0x00468FF0:1;0x0046E890:1;0x0046E9C0:1;0x004707B0:1;0x00475720:1;0x00475820:1;0x00476160:1;0x00476600:2;0x00476780:3;0x00476860:2;0x00477400:1;0x00477A20:1;0x00477B40:2;0x00477BD0:1;0x00480220:5	0x00487C10:2;0x004885A0:3;0x004889B0:1	battle	module_candidate_manual;cross_module_boundary_a2	manual_reviewed_current_assembly
0x00477290	sub_477290	ida_export_catalog	game	battle	confirmed_boundary	address_cluster:battle_cluster;assembly_direct_call_graph:7_sites;manual_a2_cross_module_boundary_review	0x00411030:1;0x0043AAA0:1;0x0044A280:1;0x00467C50:1	0x00487C10:1;0x004885A0:2	battle	cross_module_boundary_a2	manual_reviewed_current_assembly
0x00477400	sub_477400	ida_export_catalog	game	battle	medium	address_cluster:battle_cluster;assembly_direct_call_graph:8_sites	0x00467C50:2	0x00431150:1;0x00476DB0:1;0x00487C10:2;0x004885A0:2	battle		mechanical_candidate_not_manually_reviewed
0x004776A0	sub_4776A0	ida_export_catalog	game	battle	medium	address_cluster:battle_cluster;assembly_direct_call_graph:1_sites	0x0045B630:1		battle		mechanical_candidate_not_manually_reviewed
0x004776F0	sub_4776F0	ida_export_catalog	game	battle	medium	address_cluster:battle_cluster;assembly_direct_call_graph:3_sites	0x00451A20:3		battle		mechanical_candidate_not_manually_reviewed
0x00477710	sub_477710	ida_export_catalog	game	battle	medium	address_cluster:battle_cluster;assembly_direct_call_graph:3_sites	0x004539B0:1;0x0045AA00:1	0x00487C10:1	battle		mechanical_candidate_not_manually_reviewed
0x00477780	sub_477780	ida_export_catalog	game	battle	confirmed_boundary	address_cluster:battle_cluster;assembly_direct_call_graph:6_sites;manual_a2_cross_module_boundary_review	0x00409DD0:1;0x0040F890:4	0x00487C10:1	battle	cross_module_boundary_a2	manual_reviewed_current_assembly
0x00477800	sub_477800	ida_export_catalog	game	battle	confirmed_boundary	manual_module_assembly_review;manual_a2_cross_module_boundary_review	0x00409CE0:1;0x00410730:2;0x0043C0D0:1;0x00442CA0:1;0x004539B0:1;0x00466950:1		battle	module_candidate_manual;cross_module_boundary_a2	manual_reviewed_current_assembly
0x00477830	sub_477830	ida_export_catalog	game	battle	medium	address_cluster:battle_cluster;assembly_direct_call_graph:6_sites	0x00474FC0:1	0x00487C10:1;0x00489654:4	battle		mechanical_candidate_not_manually_reviewed
0x00477920	sub_477920	ida_export_catalog	game	battle	confirmed_boundary	address_cluster:battle_cluster;assembly_direct_call_graph:5_sites;manual_a2_cross_module_boundary_review	0x0040F890:2	0x00487C10:1;0x00489654:2	battle	cross_module_boundary_a2	manual_reviewed_current_assembly
0x004779F0	sub_4779F0	ida_export_catalog	game	battle	confirmed_boundary	address_cluster:battle_cluster;assembly_direct_call_graph:5_sites;manual_a2_cross_module_boundary_review	0x00410730:1;0x00442CA0:1;0x0046F030:2;0x00482F10:1		battle	cross_module_boundary_a2	manual_reviewed_current_assembly
0x00477A20	sub_477A20	ida_export_catalog	game	battle	confirmed_boundary	address_cluster:battle_cluster;assembly_direct_call_graph:7_sites;manual_a2_cross_module_boundary_review	0x0040F890:2	0x00476DB0:1;0x00478220:1;0x00487C10:1;0x00489654:2	battle	cross_module_boundary_a2	manual_reviewed_current_assembly
0x00477B40	sub_477B40	ida_export_catalog	game	battle	confirmed_boundary	address_cluster:battle_cluster;assembly_direct_call_graph:7_sites;manual_a2_cross_module_boundary_review	0x00410730:1;0x00442CA0:1;0x0044AB00:1	0x00476DB0:2;0x00478220:2	battle	cross_module_boundary_a2	manual_reviewed_current_assembly
0x00477BD0	sub_477BD0	ida_export_catalog	game	battle	medium	address_cluster:battle_cluster;assembly_direct_call_graph:4_sites	0x00469D20:1	0x00431150:1;0x00476DB0:1;0x00487C10:1	battle		mechanical_candidate_not_manually_reviewed
0x00477C90	sub_477C90	ida_export_catalog	game	persistence	confirmed_boundary	manual_module_assembly_review	0x004070A0:1	0x00439580:1;0x00487C10:4;0x004885A0:6	persistence	module_candidate_manual	manual_reviewed_current_assembly
0x00477F10	sub_477F10	ida_export_catalog	game	persistence	confirmed_boundary	manual_module_assembly_review	0x004070A0:1	0x004399E0:1;0x00487C10:5;0x004885A0:3	persistence	module_candidate_manual	manual_reviewed_current_assembly
0x00478110	sub_478110	ida_export_catalog	game	persistence	confirmed_boundary	manual_module_assembly_review;manual_a2_cross_module_boundary_review	0x004070A0:1;0x004251B0:1;0x00451A20:1	0x004885A0:3	persistence	module_candidate_manual;cross_module_boundary_a2	manual_reviewed_current_assembly
0x00478220	sub_478220	ida_export_catalog	game	battle	medium	address_cluster:battle_cluster;assembly_direct_call_graph:17_sites	0x004539B0:1;0x00455D60:1;0x00468C80:2;0x00468FF0:1;0x0046E890:1;0x0046E9C0:1;0x004707B0:1;0x00475720:1;0x00475820:1;0x00477A20:1;0x00477B40:2;0x00480220:3	0x004885A0:1	battle		mechanical_candidate_not_manually_reviewed
0x00478250	sub_478250	ida_export_catalog	game	battle	medium	address_cluster:battle_cluster;assembly_direct_call_graph:2_sites	0x0046E490:1;0x00475560:1		battle		mechanical_candidate_not_manually_reviewed
0x00478300	sub_478300	ida_export_catalog	game	battle	medium	address_cluster:battle_cluster;assembly_direct_call_graph:3_sites	0x0046E4D0:1;0x00475590:1	0x004885A0:1	battle		mechanical_candidate_not_manually_reviewed
0x00478330	sub_478330	ida_export_catalog	game	battle	medium	address_cluster:battle_cluster;assembly_direct_call_graph:24_sites	0x00456680:6;0x0045AA00:1;0x0045ADF0:1;0x0045D490:3;0x0045F2A0:1;0x00462740:8;0x00464CC0:1;0x00469D20:3		battle		mechanical_candidate_not_manually_reviewed
0x00478340	sub_478340	ida_export_catalog	game	battle	medium	address_cluster:battle_cluster;assembly_direct_call_graph:5_sites	0x00459D10:2;0x0045DEE0:1;0x00466950:1	0x00489654:1	battle		mechanical_candidate_not_manually_reviewed
0x00478370	sub_478370	ida_export_catalog	game	battle	medium	address_cluster:battle_cluster;assembly_direct_call_graph:3_sites	0x004527E0:1;0x004576A0:2		battle		mechanical_candidate_not_manually_reviewed
0x00478380	sub_478380	ida_export_catalog	game	battle	medium	address_cluster:battle_cluster;assembly_direct_call_graph:2_sites	0x00451B10:1	0x00439070:1	battle		mechanical_candidate_not_manually_reviewed
0x004783B0	sub_4783B0	ida_export_catalog	game	battle	medium	address_cluster:battle_cluster;assembly_direct_call_graph:35_sites	0x004539B0:1;0x004582B0:5;0x00458DE0:1;0x004599B0:1;0x00459BF0:1;0x0045B0E0:2;0x00469D20:6;0x004717F0:1;0x00471AD0:1;0x004721F0:1;0x004728E0:1;0x00472CE0:1;0x004731A0:1;0x00473C10:1;0x00474BA0:2;0x00474E60:1;0x004751C0:1;0x0047C950:1;0x0047F940:1;0x00482310:1;0x00482840:1;0x004831C0:1;0x004838D0:1;0x00483DB0:1		battle		mechanical_candidate_not_manually_reviewed
0x00478400	sub_478400	ida_export_catalog	game	battle	medium	address_cluster:battle_cluster;assembly_direct_call_graph:8_sites	0x004582B0:1;0x00458DE0:1;0x004599B0:1;0x00464270:3;0x004717F0:1;0x00471AD0:1		battle		mechanical_candidate_not_manually_reviewed
0x00478470	sub_478470	ida_export_catalog	game	battle	medium	address_cluster:battle_cluster;assembly_direct_call_graph:9_sites	0x004582B0:1;0x00458DE0:1;0x004599B0:1;0x00469D20:2;0x004710D0:1;0x004717F0:1;0x00471AD0:1;0x00484020:1		battle		mechanical_candidate_not_manually_reviewed
0x004784A0	sub_4784A0	ida_export_catalog	game	battle	medium	address_cluster:battle_cluster;assembly_direct_call_graph:17_sites	0x0045FC60:3;0x00460C40:3;0x00461240:3;0x00462740:2;0x00464270:4	0x004315D0:1;0x004321E0:1	battle		mechanical_candidate_not_manually_reviewed
0x004785A0	sub_4785A0	ida_export_catalog	game	battle	medium	address_cluster:battle_cluster;assembly_direct_call_graph:4_sites	0x0045D8F0:4		battle		mechanical_candidate_not_manually_reviewed
0x004785C0	sub_4785C0	ida_export_catalog	game	battle	medium	address_cluster:battle_cluster;assembly_direct_call_graph:19_sites	0x0045BD90:4;0x00469D20:13;0x00471540:1;0x004763D0:1		battle		mechanical_candidate_not_manually_reviewed
0x00478600	sub_478600	ida_export_catalog	game	battle	medium	address_cluster:battle_cluster;assembly_direct_call_graph:21_sites	0x0045BD90:4;0x0045DEE0:1;0x004620D0:1;0x00469D20:13;0x00471540:1;0x004763D0:1		battle		mechanical_candidate_not_manually_reviewed
0x00478620	sub_478620	ida_export_catalog	game	battle	medium	address_cluster:battle_cluster;assembly_direct_call_graph:7_sites	0x0045FC60:3;0x004710D0:1;0x00484020:1	0x004315D0:1;0x004321E0:1	battle		mechanical_candidate_not_manually_reviewed
0x00478670	sub_478670	ida_export_catalog	game	battle	medium	address_cluster:battle_cluster;assembly_direct_call_graph:4_sites	0x00451B10:2;0x00481010:1;0x00481A40:1		battle		mechanical_candidate_not_manually_reviewed
0x00478690	sub_478690	ida_export_catalog	game	battle	medium	address_cluster:battle_cluster;assembly_direct_call_graph:3_sites	0x00456680:2;0x004576A0:1		battle		mechanical_candidate_not_manually_reviewed
0x004786A0	sub_4786A0	ida_export_catalog	game	battle	medium	address_cluster:battle_cluster;assembly_direct_call_graph:7_sites	0x00456680:4;0x004576A0:3		battle		mechanical_candidate_not_manually_reviewed
0x004786B0	sub_4786B0	ida_export_catalog	game	battle	medium	address_cluster:battle_cluster;assembly_direct_call_graph:4_sites	0x004539B0:1;0x00455D60:1;0x0045DEE0:2		battle		mechanical_candidate_not_manually_reviewed
0x004786C0	sub_4786C0	ida_export_catalog	game	battle	medium	address_cluster:battle_cluster;assembly_direct_call_graph:1_sites	0x004539B0:1		battle		mechanical_candidate_not_manually_reviewed
0x004786D0	sub_4786D0	ida_export_catalog	game	battle	medium	address_cluster:battle_cluster;assembly_direct_call_graph:4_sites	0x00456680:1;0x004576A0:1;0x0045DEE0:2		battle		mechanical_candidate_not_manually_reviewed
0x004786E0	sub_4786E0	ida_export_catalog	game	battle	medium	address_cluster:battle_cluster;assembly_direct_call_graph:20_sites	0x004539B0:2;0x00456680:4;0x004576A0:2;0x0045ADF0:1;0x0045B280:2;0x0045C010:8;0x0045D8F0:1		battle		mechanical_candidate_not_manually_reviewed
0x004786F0	sub_4786F0	ida_export_catalog	game	battle	medium	address_cluster:battle_cluster;assembly_direct_call_graph:1_sites	0x004539B0:1		battle		mechanical_candidate_not_manually_reviewed
0x00478710	sub_478710	ida_export_catalog	game	battle	medium	address_cluster:battle_cluster;assembly_direct_call_graph:41_sites	0x004539B0:11;0x00455D60:2;0x00456680:3;0x004576A0:3;0x0045ADF0:1;0x00466F70:1;0x00469D20:7;0x00476160:1;0x004761D0:2;0x00476250:2;0x00480220:8		battle		mechanical_candidate_not_manually_reviewed
0x00478770	sub_478770	ida_export_catalog	game	battle	medium	address_cluster:battle_cluster;assembly_direct_call_graph:1_sites	0x00478B60:1		battle		mechanical_candidate_not_manually_reviewed
0x00478780	sub_478780	ida_export_catalog	game	battle	medium	address_cluster:battle_cluster;assembly_direct_call_graph:35_sites	0x004539B0:3;0x004576A0:1;0x004582B0:2;0x00458DE0:6;0x00469D20:1;0x0046F8C0:1;0x004728E0:1;0x004731A0:1;0x004735B0:1;0x00473C10:1;0x004745B0:2;0x00474FC0:1;0x004751C0:1;0x004758A0:5;0x00478B60:1;0x0047E5C0:1;0x0047FC40:1;0x00481010:1;0x00481A40:2;0x004838D0:1;0x00483DB0:1		battle		mechanical_candidate_not_manually_reviewed
0x004787C0	sub_4787C0	ida_export_catalog	game	battle	medium	address_cluster:battle_cluster;assembly_direct_call_graph:1_sites	0x00453200:1		battle		mechanical_candidate_not_manually_reviewed
0x004787D0	sub_4787D0	ida_export_catalog	game	battle	medium	address_cluster:battle_cluster;assembly_direct_call_graph:40_sites	0x004539B0:1;0x004576A0:1;0x004582B0:2;0x00458DE0:6;0x0045C010:4;0x0045D690:5;0x00469D20:1;0x0046EE60:3;0x004731A0:2;0x004758A0:2;0x0047E5C0:2;0x00481010:8;0x00481A40:3		battle		mechanical_candidate_not_manually_reviewed
0x004787F0	sub_4787F0	ida_export_catalog	game	battle	medium	address_cluster:battle_cluster;assembly_direct_call_graph:7_sites	0x004539B0:3;0x00455D60:2;0x00469D20:2		battle		mechanical_candidate_not_manually_reviewed
0x00478830	sub_478830	ida_export_catalog	game	battle	medium	address_cluster:battle_cluster;assembly_direct_call_graph:2_sites	0x00469D20:2		battle		mechanical_candidate_not_manually_reviewed
0x00478850	sub_478850	ida_export_catalog	game	battle	medium	address_cluster:battle_cluster;assembly_direct_call_graph:23_sites	0x004527E0:2;0x004539B0:1;0x00456680:4;0x004576A0:5;0x0045ADF0:2;0x0045D8F0:2;0x00466F70:1;0x00479850:4;0x0047E880:1	0x00439070:1	battle		mechanical_candidate_not_manually_reviewed
0x00478A70	sub_478A70	ida_export_catalog	game	battle	medium	address_cluster:battle_cluster;assembly_direct_call_graph:20_sites	0x004539B0:1;0x00456680:5;0x004576A0:6;0x0045ADF0:1;0x00466F70:1;0x00469D20:6		battle		mechanical_candidate_not_manually_reviewed
0x00478AA0	sub_478AA0	ida_export_catalog	game	battle	medium	address_cluster:battle_cluster;assembly_direct_call_graph:3_sites	0x00456680:3		battle		mechanical_candidate_not_manually_reviewed
0x00478AB0	sub_478AB0	ida_export_catalog	game	battle	medium	address_cluster:battle_cluster;assembly_direct_call_graph:1_sites	0x00469D20:1		battle		mechanical_candidate_not_manually_reviewed
0x00478AC0	sub_478AC0	ida_export_catalog	game	battle	medium	address_cluster:battle_cluster;assembly_direct_call_graph:5_sites	0x00456680:2;0x004576A0:2;0x00469D20:1		battle		mechanical_candidate_not_manually_reviewed
0x00478AE0	sub_478AE0	ida_export_catalog	game	battle	medium	address_cluster:battle_cluster;assembly_direct_call_graph:12_sites	0x004539B0:2;0x00456680:4;0x004576A0:3;0x0045ADF0:2;0x0045D8F0:1		battle		mechanical_candidate_not_manually_reviewed
0x00478B20	sub_478B20	ida_export_catalog	game	battle	medium	address_cluster:battle_cluster;assembly_direct_call_graph:5_sites	0x00456680:2;0x004576A0:1;0x0045ADF0:2		battle		mechanical_candidate_not_manually_reviewed
0x00478B30	sub_478B30	ida_export_catalog	game	battle	medium	address_cluster:battle_cluster;assembly_direct_call_graph:3_sites	0x004539B0:1;0x00456680:1;0x004576A0:1		battle		mechanical_candidate_not_manually_reviewed
0x00478B40	sub_478B40	ida_export_catalog	game	battle	medium	address_cluster:battle_cluster;assembly_direct_call_graph:4_sites	0x00456680:3;0x004576A0:1		battle		mechanical_candidate_not_manually_reviewed
0x00478B50	sub_478B50	ida_export_catalog	game	battle	medium	address_cluster:battle_cluster;assembly_direct_call_graph:1_sites	0x004576A0:1		battle		mechanical_candidate_not_manually_reviewed
0x00478B60	sub_478B60	ida_export_catalog	game	battle	medium	address_cluster:battle_cluster;assembly_direct_call_graph:33_sites	0x00456680:1;0x004576A0:1	0x00417050:2;0x004170E0:7;0x004315D0:3;0x004321E0:2;0x00439070:1;0x0044A240:1;0x004507A0:1;0x00478770:1;0x00478780:1;0x0047BA80:1;0x0047CC60:1;0x0047E650:1;0x0047F3C0:1;0x0047F580:1;0x0047F710:2;0x00480AE0:1;0x00480D40:1;0x00485610:2;0x00485650:1	battle		mechanical_candidate_not_manually_reviewed
0x00479850	sub_479850	ida_export_catalog	game	battle	medium	address_cluster:battle_cluster;assembly_direct_call_graph:96_sites	0x004539B0:1;0x00455D60:1;0x0045AA00:2	0x004019A0:4;0x00416FF0:21;0x004170E0:28;0x00422C70:1;0x00423020:1;0x004315D0:1;0x004321E0:1;0x00433F30:3;0x004344E0:1;0x00434790:1;0x00478850:4;0x0047CE70:4;0x0047E950:1;0x00485610:19;0x004885A0:2	battle		mechanical_candidate_not_manually_reviewed
0x0047BA80	sub_47BA80	ida_export_catalog	game	battle	medium	address_cluster:battle_cluster;assembly_direct_call_graph:19_sites	0x00478B60:1	0x004170E0:8;0x004315D0:3;0x004321E0:2;0x0047D7F0:1;0x0047E650:1;0x00485610:2;0x00485650:1	battle		mechanical_candidate_not_manually_reviewed
0x0047C1F0	sub_47C1F0	ida_export_catalog	game	battle	medium	address_cluster:battle_cluster;assembly_direct_call_graph:9_sites	0x0045A980:1	0x004507A0:8	battle		mechanical_candidate_not_manually_reviewed
0x0047C660	sub_47C660	ida_export_catalog	game	battle	medium	address_cluster:battle_cluster;assembly_direct_call_graph:52_sites	0x00456680:5;0x004576A0:1;0x0045AA00:2;0x0045FC60:6;0x00460C40:4;0x00461240:4;0x00461C10:3;0x00462740:6;0x00464270:5;0x00465090:1;0x00466F70:2;0x00469D20:13		battle		mechanical_candidate_not_manually_reviewed
0x0047C670	sub_47C670	ida_export_catalog	game	battle	medium	address_cluster:battle_cluster;assembly_direct_call_graph:1_sites	0x00456680:1		battle		mechanical_candidate_not_manually_reviewed
0x0047C680	sub_47C680	ida_export_catalog	game	battle	medium	address_cluster:battle_cluster;assembly_direct_call_graph:3_sites	0x004539B0:2;0x00455D60:1		battle		mechanical_candidate_not_manually_reviewed
0x0047C690	sub_47C690	ida_export_catalog	game	battle	medium	address_cluster:battle_cluster;assembly_direct_call_graph:2_sites	0x00456680:1;0x004576A0:1		battle		mechanical_candidate_not_manually_reviewed
0x0047C6B0	sub_47C6B0	ida_export_catalog	game	battle	medium	address_cluster:battle_cluster;assembly_direct_call_graph:9_sites	0x004539B0:1;0x00455D60:1;0x004758A0:1	0x004170E0:2;0x004315D0:1;0x004321E0:1;0x00485610:1;0x00485650:1	battle		mechanical_candidate_not_manually_reviewed
0x0047C950	sub_47C950	ida_export_catalog	game	battle	medium	address_cluster:battle_cluster;assembly_direct_call_graph:11_sites	0x004539B0:1;0x00455D60:1;0x0046F8C0:1;0x004758A0:1	0x004170E0:2;0x004315D0:1;0x004321E0:1;0x004783B0:1;0x00485610:1;0x00485650:1	battle		mechanical_candidate_not_manually_reviewed
0x0047CC40	sub_47CC40	ida_export_catalog	game	battle	medium	address_cluster:battle_cluster;assembly_direct_call_graph:2_sites	0x004539B0:2		battle		mechanical_candidate_not_manually_reviewed
0x0047CC50	sub_47CC50	ida_export_catalog	game	battle	medium	address_cluster:battle_cluster;assembly_direct_call_graph:3_sites	0x00456680:3		battle		mechanical_candidate_not_manually_reviewed
0x0047CC60	sub_47CC60	ida_export_catalog	game	battle	medium	address_cluster:battle_cluster;assembly_direct_call_graph:2_sites	0x00478B60:1	0x004170E0:1	battle		mechanical_candidate_not_manually_reviewed
0x0047CD60	sub_47CD60	ida_export_catalog	game	battle	medium	address_cluster:battle_cluster;assembly_direct_call_graph:11_sites	0x00474FC0:1;0x004758A0:2;0x00481010:1;0x00481A40:1	0x00439070:6	battle		mechanical_candidate_not_manually_reviewed
0x0047CE70	sub_47CE70	ida_export_catalog	game	battle	medium	address_cluster:battle_cluster;assembly_direct_call_graph:9_sites	0x0045FC60:3;0x004710D0:1;0x00479850:4;0x00484020:1		battle		mechanical_candidate_not_manually_reviewed
0x0047CE80	sub_47CE80	ida_export_catalog	game	battle	medium	address_cluster:battle_cluster;assembly_direct_call_graph:93_sites	0x00451B10:1;0x004527E0:2;0x004539B0:6;0x00455D60:1;0x00456680:13;0x004576A0:15;0x00458DE0:4;0x00459D10:4;0x0045AA00:1;0x0045ADF0:1;0x0045C010:5;0x0045D490:2;0x0045D8F0:1;0x0045FC60:1;0x00460C40:2;0x00461240:2;0x00462740:3;0x00464270:3;0x00464CC0:2;0x00465090:2;0x00466F70:6;0x00467710:1;0x00468C80:1;0x00468FF0:1;0x00469D20:13		battle		mechanical_candidate_not_manually_reviewed
0x0047CEA0	sub_47CEA0	ida_export_catalog	game	battle	medium	address_cluster:battle_cluster;assembly_direct_call_graph:3_sites	0x00456680:1;0x00458DE0:1;0x00464270:1		battle		mechanical_candidate_not_manually_reviewed
0x0047CEB0	sub_47CEB0	ida_export_catalog	game	battle	medium	address_cluster:battle_cluster;assembly_direct_call_graph:1_sites	0x00469D20:1		battle		mechanical_candidate_not_manually_reviewed
0x0047CEC0	sub_47CEC0	ida_export_catalog	game	battle	medium	address_cluster:battle_cluster;assembly_direct_call_graph:42_sites	0x004539B0:6;0x004576A0:1;0x004582B0:3;0x00458DE0:9;0x0045C010:4;0x0045D690:5;0x00469D20:1;0x0046EE60:3;0x004728E0:1;0x004731A0:3;0x004735B0:1;0x00474FC0:1;0x004758A0:2;0x0047E5C0:1;0x0047FC40:1		battle		mechanical_candidate_not_manually_reviewed
0x0047CF00	sub_47CF00	ida_export_catalog	game	battle	medium	address_cluster:battle_cluster;assembly_direct_call_graph:14_sites	0x004539B0:1;0x004582B0:2;0x00458DE0:6;0x0046EE60:3;0x004731A0:2		battle		mechanical_candidate_not_manually_reviewed
0x0047CF20	sub_47CF20	ida_export_catalog	game	battle	medium	address_cluster:battle_cluster;assembly_direct_call_graph:10_sites	0x0045EB40:2	0x00450BD0:8	battle		mechanical_candidate_not_manually_reviewed
0x0047D2E0	sub_47D2E0	ida_export_catalog	game	battle	medium	address_cluster:battle_cluster;assembly_direct_call_graph:8_sites	0x0047DAD0:1;0x00481010:5;0x00481A40:2		battle		mechanical_candidate_not_manually_reviewed
0x0047D350	sub_47D350	ida_export_catalog	game	battle	medium	address_cluster:battle_cluster;assembly_direct_call_graph:14_sites	0x00451A20:2;0x00451B10:2;0x004539B0:1;0x00455D60:1;0x00469D20:6	0x0047E950:1;0x004885A0:1	battle		mechanical_candidate_not_manually_reviewed
0x0047D640	sub_47D640	ida_export_catalog	game	battle	medium	address_cluster:battle_cluster;assembly_direct_call_graph:46_sites	0x004539B0:6;0x004576A0:1;0x004582B0:3;0x00458DE0:9;0x0045C010:4;0x0045D690:5;0x00469D20:1;0x0046EE60:3;0x004728E0:1;0x004731A0:3;0x004735B0:1;0x00474FC0:1;0x004758A0:4;0x0047E5C0:1;0x0047FC40:1	0x004698E0:1;0x00485610:1	battle		mechanical_candidate_not_manually_reviewed
0x0047D7D0	sub_47D7D0	ida_export_catalog	game	battle	medium	address_cluster:battle_cluster;assembly_direct_call_graph:3_sites	0x0045D490:1;0x00462740:2		battle		mechanical_candidate_not_manually_reviewed
0x0047D7F0	sub_47D7F0	ida_export_catalog	game	battle	medium	address_cluster:battle_cluster;assembly_direct_call_graph:3_sites	0x0047BA80:1;0x00481010:1;0x00481A40:1		battle		mechanical_candidate_not_manually_reviewed
0x0047D810	sub_47D810	ida_export_catalog	game	battle	medium	address_cluster:battle_cluster;assembly_direct_call_graph:10_sites	0x004539B0:6;0x00455D60:2;0x00469D20:2		battle		mechanical_candidate_not_manually_reviewed
0x0047D830	sub_47D830	ida_export_catalog	game	battle	medium	address_cluster:battle_cluster;assembly_direct_call_graph:10_sites	0x004539B0:7;0x00455D60:1;0x00469D20:2		battle		mechanical_candidate_not_manually_reviewed
0x0047D860	sub_47D860	ida_export_catalog	game	battle	medium	address_cluster:battle_cluster;assembly_direct_call_graph:11_sites	0x004539B0:1;0x00455D60:3;0x004576A0:1;0x00469D20:6		battle		mechanical_candidate_not_manually_reviewed
0x0047D870	sub_47D870	ida_export_catalog	game	battle	medium	address_cluster:battle_cluster;assembly_direct_call_graph:8_sites	0x00451B10:1;0x004539B0:3;0x00455D60:4		battle		mechanical_candidate_not_manually_reviewed
0x0047D880	sub_47D880	ida_export_catalog	game	battle	medium	address_cluster:battle_cluster;assembly_direct_call_graph:8_sites	0x00456680:1;0x004576A0:2;0x00462740:4;0x00469D20:1		battle		mechanical_candidate_not_manually_reviewed
0x0047D8A0	sub_47D8A0	ida_export_catalog	game	battle	medium	address_cluster:battle_cluster;assembly_direct_call_graph:1_sites	0x0045EA80:1		battle		mechanical_candidate_not_manually_reviewed
0x0047D8B0	sub_47D8B0	ida_export_catalog	game	battle	medium	address_cluster:battle_cluster;assembly_direct_call_graph:5_sites	0x00462740:4;0x00469D20:1		battle		mechanical_candidate_not_manually_reviewed
0x0047D8D0	sub_47D8D0	ida_export_catalog	game	battle	medium	address_cluster:battle_cluster;assembly_direct_call_graph:8_sites	0x00456680:1;0x004576A0:2;0x00462740:4;0x00469D20:1		battle		mechanical_candidate_not_manually_reviewed
0x0047D8E0	sub_47D8E0	ida_export_catalog	game	battle	medium	address_cluster:battle_cluster;assembly_direct_call_graph:2_sites	0x004539B0:1;0x00455D60:1		battle		mechanical_candidate_not_manually_reviewed
0x0047D8F0	sub_47D8F0	ida_export_catalog	game	battle	medium	address_cluster:battle_cluster;assembly_direct_call_graph:1_sites	0x004582B0:1		battle		mechanical_candidate_not_manually_reviewed
0x0047D900	sub_47D900	ida_export_catalog	game	battle	medium	address_cluster:battle_cluster;assembly_direct_call_graph:7_sites	0x00469D20:7		battle		mechanical_candidate_not_manually_reviewed
0x0047D930	sub_47D930	ida_export_catalog	game	battle	medium	address_cluster:battle_cluster;assembly_direct_call_graph:10_sites	0x004539B0:1;0x004576A0:1;0x00459D10:1;0x0045FC60:3;0x00460C40:2;0x00461240:2		battle		mechanical_candidate_not_manually_reviewed
0x0047D950	sub_47D950	ida_export_catalog	game	battle	medium	address_cluster:battle_cluster;assembly_direct_call_graph:4_sites	0x0045D8F0:1;0x00469D20:2;0x00481010:1		battle		mechanical_candidate_not_manually_reviewed
0x0047DA10	sub_47DA10	ida_export_catalog	game	battle	medium	address_cluster:battle_cluster;assembly_direct_call_graph:3_sites	0x0045D8F0:1;0x00469D20:2		battle		mechanical_candidate_not_manually_reviewed
0x0047DA90	sub_47DA90	ida_export_catalog	game	battle	medium	address_cluster:battle_cluster;assembly_direct_call_graph:1_sites	0x00469D20:1		battle		mechanical_candidate_not_manually_reviewed
0x0047DAB0	sub_47DAB0	ida_export_catalog	game	battle	medium	address_cluster:battle_cluster;assembly_direct_call_graph:1_sites	0x004539B0:1		battle		mechanical_candidate_not_manually_reviewed
0x0047DAC0	sub_47DAC0	ida_export_catalog	game	battle	medium	address_cluster:battle_cluster;assembly_direct_call_graph:2_sites	0x00451B10:2		battle		mechanical_candidate_not_manually_reviewed
0x0047DAD0	sub_47DAD0	ida_export_catalog	game	battle	medium	address_cluster:battle_cluster;assembly_direct_call_graph:6_sites	0x00456680:1;0x004576A0:1	0x0047D2E0:1;0x0047E4C0:1;0x0047E950:1;0x0047F150:1	battle		mechanical_candidate_not_manually_reviewed
0x0047DBD0	sub_47DBD0	ida_export_catalog	game	battle	medium	address_cluster:battle_cluster;assembly_direct_call_graph:7_sites	0x004539B0:1;0x00481010:3;0x00481A40:1	0x00439070:1;0x00487C10:1	battle		mechanical_candidate_not_manually_reviewed
0x0047E070	sub_47E070	ida_export_catalog	game	battle	medium	address_cluster:battle_cluster;assembly_direct_call_graph:13_sites	0x004539B0:2;0x00481010:1;0x00481A40:1	0x004698E0:6;0x00485610:2;0x00487C10:1	battle		mechanical_candidate_not_manually_reviewed
0x0047E4C0	sub_47E4C0	ida_export_catalog	game	battle	medium	address_cluster:battle_cluster;assembly_direct_call_graph:3_sites	0x0047DAD0:1;0x00481010:1;0x00481A40:1		battle		mechanical_candidate_not_manually_reviewed
0x0047E500	sub_47E500	ida_export_catalog	game	battle	medium	address_cluster:battle_cluster;assembly_direct_call_graph:2_sites	0x00481010:2		battle		mechanical_candidate_not_manually_reviewed
0x0047E580	sub_47E580	ida_export_catalog	game	battle	medium	address_cluster:battle_cluster;assembly_direct_call_graph:4_sites	0x0045EC80:2;0x00481010:1;0x00481A40:1		battle		mechanical_candidate_not_manually_reviewed
0x0047E5C0	sub_47E5C0	ida_export_catalog	game	battle	medium	address_cluster:battle_cluster;assembly_direct_call_graph:8_sites	0x0045EB40:2	0x00478780:1;0x004787D0:2;0x0047CEC0:1;0x0047D640:1;0x0047F150:1	battle		mechanical_candidate_not_manually_reviewed
0x0047E650	sub_47E650	ida_export_catalog	game	battle	medium	address_cluster:battle_cluster;assembly_direct_call_graph:7_sites	0x00478B60:1;0x0047BA80:1	0x004170E0:3;0x004315D0:1;0x004321E0:1	battle		mechanical_candidate_not_manually_reviewed
0x0047E7F0	sub_47E7F0	ida_export_catalog	game	battle	medium	address_cluster:battle_cluster;assembly_direct_call_graph:3_sites	0x00459D10:1	0x004170E0:1;0x004315D0:1	battle		mechanical_candidate_not_manually_reviewed
0x0047E880	sub_47E880	ida_export_catalog	game	battle	medium	address_cluster:battle_cluster;assembly_direct_call_graph:6_sites	0x00469D20:1;0x00481010:2;0x00481A40:1	0x00478850:1;0x0047E950:1	battle		mechanical_candidate_not_manually_reviewed
0x0047E950	sub_47E950	ida_export_catalog	game	battle	medium	address_cluster:battle_cluster;assembly_direct_call_graph:34_sites	0x00456680:1;0x00466F70:1;0x00467710:1;0x00479850:1;0x0047D350:1;0x0047DAD0:1;0x0047E880:1	0x004698E0:13;0x00485610:11;0x004885A0:3	battle		mechanical_candidate_not_manually_reviewed
0x0047F150	sub_47F150	ida_export_catalog	game	battle	medium	address_cluster:battle_cluster;assembly_direct_call_graph:54_sites	0x004539B0:13;0x00455D60:2;0x004576A0:1;0x00458DE0:1;0x0045C010:17;0x0045D690:3;0x0045D8F0:4;0x00469D20:4;0x0046EE60:3;0x004731A0:1;0x0047DAD0:1;0x0047E5C0:1;0x00481A40:1	0x00439070:1;0x0047F360:1	battle		mechanical_candidate_not_manually_reviewed
0x0047F340	sub_47F340	ida_export_catalog	game	battle	medium	address_cluster:battle_cluster;assembly_direct_call_graph:1_sites	0x0045AA00:1		battle		mechanical_candidate_not_manually_reviewed
0x0047F360	sub_47F360	ida_export_catalog	game	battle	medium	address_cluster:battle_cluster;assembly_direct_call_graph:4_sites	0x004576A0:1;0x004758A0:2;0x0047F150:1		battle		mechanical_candidate_not_manually_reviewed
0x0047F380	sub_47F380	ida_export_catalog	game	battle	medium	address_cluster:battle_cluster;assembly_direct_call_graph:6_sites	0x004539B0:1;0x00481010:4;0x00481A40:1		battle		mechanical_candidate_not_manually_reviewed
0x0047F3A0	sub_47F3A0	ida_export_catalog	game	battle	medium	address_cluster:battle_cluster;assembly_direct_call_graph:1_sites	0x00469D20:1		battle		mechanical_candidate_not_manually_reviewed
0x0047F3C0	sub_47F3C0	ida_export_catalog	game	battle	medium	address_cluster:battle_cluster;assembly_direct_call_graph:6_sites	0x00455D60:1;0x00478B60:1	0x004170E0:2;0x004315D0:2	battle		mechanical_candidate_not_manually_reviewed
0x0047F580	sub_47F580	ida_export_catalog	game	battle	medium	address_cluster:battle_cluster;assembly_direct_call_graph:5_sites	0x00478B60:1	0x004170E0:2;0x004315D0:2	battle		mechanical_candidate_not_manually_reviewed
0x0047F710	sub_47F710	ida_export_catalog	game	battle	medium	address_cluster:battle_cluster;assembly_direct_call_graph:6_sites	0x00478B60:2;0x00482310:1	0x004170E0:2;0x004315D0:1	battle		mechanical_candidate_not_manually_reviewed
0x0047F900	sub_47F900	ida_export_catalog	game	battle	medium	address_cluster:battle_cluster;assembly_direct_call_graph:12_sites	0x00451B10:4;0x004539B0:3;0x00455D60:1;0x00469D20:4		battle		mechanical_candidate_not_manually_reviewed
0x0047F910	sub_47F910	ida_export_catalog	game	battle	medium	address_cluster:battle_cluster;assembly_direct_call_graph:6_sites	0x004539B0:3;0x0045AA00:1;0x00466950:1;0x00469D20:1		battle		mechanical_candidate_not_manually_reviewed
0x0047F920	sub_47F920	ida_export_catalog	game	battle	medium	address_cluster:battle_cluster;assembly_direct_call_graph:17_sites	0x00456680:2;0x004576A0:3;0x0045C010:2;0x0045F020:1;0x0045F2A0:1;0x004620D0:1;0x00462420:1;0x004624C0:1;0x00464270:2;0x00471540:1;0x00481010:1;0x00481A40:1		battle		mechanical_candidate_not_manually_reviewed
0x0047F940	sub_47F940	ida_export_catalog	game	battle	medium	address_cluster:battle_cluster;assembly_direct_call_graph:11_sites	0x0046F8C0:1;0x004731A0:1;0x004735B0:1;0x004745B0:1;0x004758A0:1	0x004170E0:1;0x004315D0:1;0x004321E0:1;0x00434350:1;0x004783B0:1;0x00485610:1	battle		mechanical_candidate_not_manually_reviewed
0x0047FC40	sub_47FC40	ida_export_catalog	game	battle	medium	address_cluster:battle_cluster;assembly_direct_call_graph:19_sites	0x00474BA0:1;0x004751C0:2	0x004170E0:2;0x004315D0:2;0x004321E0:2;0x00434350:1;0x00478780:1;0x0047CEC0:1;0x0047D640:1;0x00481010:1;0x004820A0:1;0x00485610:2;0x00485650:1;0x004885A0:1	battle		mechanical_candidate_not_manually_reviewed
0x004800F0	sub_4800F0	ida_export_catalog	game	battle	medium	address_cluster:battle_cluster;assembly_direct_call_graph:4_sites	0x00474BA0:1;0x004751C0:2	0x00487C10:1	battle		mechanical_candidate_not_manually_reviewed
0x004801A0	sub_4801A0	ida_export_catalog	game	battle	medium	address_cluster:battle_cluster;assembly_direct_call_graph:3_sites	0x00474BA0:1;0x004751C0:2		battle		mechanical_candidate_not_manually_reviewed
0x00480220	sub_480220	ida_export_catalog	game	battle	medium	address_cluster:battle_cluster;assembly_direct_call_graph:35_sites	0x00456680:1;0x004576A0:1	0x00439070:8;0x00476A80:8;0x00476DB0:5;0x00478220:3;0x00478710:8;0x00483820:1	battle		mechanical_candidate_not_manually_reviewed
0x00480AD0	sub_480AD0	ida_export_catalog	game	battle	confirmed_boundary	address_cluster:battle_cluster;assembly_direct_call_graph:14_sites;manual_a2_cross_module_boundary_review	0x00411700:1;0x004539B0:1;0x00456680:1;0x004582B0:1;0x00459D10:1;0x0045AA00:1;0x0045DEE0:1;0x004667B0:1;0x00466950:1;0x00472430:1;0x00472710:1;0x00472730:1;0x00481010:1;0x00481A40:1		battle	cross_module_boundary_a2	manual_reviewed_current_assembly
0x00480AE0	sub_480AE0	ida_export_catalog	game	battle	medium	address_cluster:battle_cluster;assembly_direct_call_graph:7_sites	0x00478B60:1	0x004170E0:2;0x004315D0:1;0x004321E0:1;0x00485610:1;0x00485650:1	battle		mechanical_candidate_not_manually_reviewed
0x00480D40	sub_480D40	ida_export_catalog	game	battle	medium	address_cluster:battle_cluster;assembly_direct_call_graph:7_sites	0x00478B60:1	0x004170E0:2;0x004315D0:1;0x004321E0:1;0x00485610:1;0x00485650:1	battle		mechanical_candidate_not_manually_reviewed
0x00480EE0	sub_480EE0	ida_export_catalog	game	battle	medium	address_cluster:battle_cluster;assembly_direct_call_graph:1_sites	0x00481A40:1		battle		mechanical_candidate_not_manually_reviewed
0x00481010	sub_481010	ida_export_catalog	game	battle	medium	address_cluster:battle_cluster;assembly_direct_call_graph:56_sites	0x004539B0:5;0x004582B0:1;0x00458DE0:3;0x004728E0:1;0x004731A0:1;0x004735B0:1;0x00474FC0:1;0x0047FC40:1	0x00439070:6;0x00478670:1;0x00478780:1;0x004787D0:8;0x0047CD60:1;0x0047D2E0:5;0x0047D7F0:1;0x0047D950:1;0x0047DBD0:3;0x0047E070:1;0x0047E4C0:1;0x0047E500:2;0x0047E580:1;0x0047E880:2;0x0047F380:4;0x0047F920:1;0x00480AD0:1;0x00484500:1;0x00489654:1	battle		mechanical_candidate_not_manually_reviewed
0x00481A40	sub_481A40	ida_export_catalog	game	battle	medium	address_cluster:battle_cluster;assembly_direct_call_graph:35_sites	0x004582B0:1;0x00458DE0:2;0x004758A0:2	0x00439070:5;0x00478670:1;0x00478780:2;0x004787D0:3;0x0047CD60:1;0x0047D2E0:2;0x0047D7F0:1;0x0047DBD0:1;0x0047E070:1;0x0047E4C0:1;0x0047E580:1;0x0047E880:1;0x0047F150:1;0x0047F380:1;0x0047F920:1;0x00480AD0:1;0x00480EE0:1;0x00482DA0:1;0x00482F10:1;0x00482FC0:1;0x004830A0:1;0x00484500:1	battle		mechanical_candidate_not_manually_reviewed
0x00481FB0	sub_481FB0	ida_export_catalog	game	battle	medium	address_cluster:battle_cluster;assembly_direct_call_graph:1_sites	0x00464E90:1		battle		mechanical_candidate_not_manually_reviewed
0x00481FC0	sub_481FC0	ida_export_catalog	game	battle	medium	address_cluster:battle_cluster;assembly_direct_call_graph:4_sites	0x0045D490:1;0x00462740:1;0x00464E90:1;0x004651D0:1		battle		mechanical_candidate_not_manually_reviewed
0x00481FD0	sub_481FD0	ida_export_catalog	game	battle	medium	address_cluster:battle_cluster;assembly_direct_call_graph:5_sites	0x004582B0:1;0x00474BA0:2;0x004838D0:1;0x00483DB0:1		battle		mechanical_candidate_not_manually_reviewed
0x00482030	sub_482030	ida_export_catalog	game	battle	medium	address_cluster:battle_cluster;assembly_direct_call_graph:6_sites	0x00462740:1;0x00466F70:4;0x00467710:1		battle		mechanical_candidate_not_manually_reviewed
0x00482080	sub_482080	ida_export_catalog	game	battle	medium	address_cluster:battle_cluster;assembly_direct_call_graph:6_sites	0x004582B0:3;0x00458DE0:3		battle		mechanical_candidate_not_manually_reviewed
0x004820A0	sub_4820A0	ida_export_catalog	game	battle	medium	address_cluster:battle_cluster;assembly_direct_call_graph:6_sites	0x00473C10:1;0x0047FC40:1	0x004170E0:3;0x004315D0:1	battle		mechanical_candidate_not_manually_reviewed
0x00482310	sub_482310	ida_export_catalog	game	battle	medium	address_cluster:battle_cluster;assembly_direct_call_graph:14_sites	0x004539B0:2;0x00455D60:1	0x004170E0:4;0x004315D0:1;0x004321E0:2;0x00434350:1;0x004783B0:1;0x0047F710:1;0x00485610:1	battle		mechanical_candidate_not_manually_reviewed
0x00482840	sub_482840	ida_export_catalog	game	battle	medium	address_cluster:battle_cluster;assembly_direct_call_graph:16_sites	0x004539B0:2;0x00455D60:1;0x00474E60:1	0x004170E0:4;0x004315D0:1;0x004321E0:2;0x00434350:1;0x004783B0:1;0x00483700:1;0x00485610:2	battle		mechanical_candidate_not_manually_reviewed
0x00482DA0	sub_482DA0	ida_export_catalog	game	battle	medium	address_cluster:battle_cluster;assembly_direct_call_graph:7_sites	0x004539B0:3;0x0045D8F0:1;0x00481A40:1	0x00485610:1;0x00489654:1	battle		mechanical_candidate_not_manually_reviewed
0x00482E80	sub_482E80	ida_export_catalog	game	battle	medium	address_cluster:battle_cluster;assembly_direct_call_graph:1_sites	0x00464E90:1		battle		mechanical_candidate_not_manually_reviewed
0x00482E90	sub_482E90	ida_export_catalog	game	battle	medium	address_cluster:battle_cluster;assembly_direct_call_graph:5_sites	0x004539B0:2;0x0045D690:1;0x004758A0:2		battle		mechanical_candidate_not_manually_reviewed
0x00482EC0	sub_482EC0	ida_export_catalog	game	battle	medium	address_cluster:battle_cluster;assembly_direct_call_graph:2_sites	0x00469D20:2		battle		mechanical_candidate_not_manually_reviewed
0x00482F10	sub_482F10	ida_export_catalog	game	battle	medium	address_cluster:battle_cluster;assembly_direct_call_graph:20_sites	0x004539B0:6;0x0046F1F0:9;0x00472430:1;0x00472C70:1;0x00475160:1;0x00481A40:1	0x004779F0:1	battle		mechanical_candidate_not_manually_reviewed
0x00482F70	sub_482F70	ida_export_catalog	game	battle	medium	address_cluster:battle_cluster;assembly_direct_call_graph:2_sites	0x0046F1F0:1;0x00482FC0:1		battle		mechanical_candidate_not_manually_reviewed
0x00482FC0	sub_482FC0	ida_export_catalog	game	battle	medium	address_cluster:battle_cluster;assembly_direct_call_graph:4_sites	0x0045FC60:1;0x004651D0:1;0x00481A40:1	0x00482F70:1	battle		mechanical_candidate_not_manually_reviewed
0x004830A0	sub_4830A0	ida_export_catalog	game	battle	medium	address_cluster:battle_cluster;assembly_direct_call_graph:9_sites	0x004539B0:2;0x0046F1F0:2;0x00472C70:1;0x00481A40:1	0x00487C10:1;0x00489654:2	battle		mechanical_candidate_not_manually_reviewed
0x004831C0	sub_4831C0	ida_export_catalog	game	battle	medium	address_cluster:battle_cluster;assembly_direct_call_graph:19_sites	0x0046F8C0:1;0x00473010:1;0x00473C10:1;0x004745B0:1;0x00474BA0:1;0x00474E60:1;0x004758A0:1	0x00417050:1;0x004170E0:4;0x004315D0:2;0x004321E0:1;0x00439070:1;0x004783B0:1;0x00485610:1;0x00485650:1	battle		mechanical_candidate_not_manually_reviewed
0x00483700	sub_483700	ida_export_catalog	game	battle	medium	address_cluster:battle_cluster;assembly_direct_call_graph:3_sites	0x00482840:1	0x004170E0:1;0x004315D0:1	battle		mechanical_candidate_not_manually_reviewed
0x00483820	sub_483820	ida_export_catalog	game	battle	medium	address_cluster:battle_cluster;assembly_direct_call_graph:4_sites	0x00456680:1;0x004576A0:1;0x00464270:1;0x00480220:1		battle		mechanical_candidate_not_manually_reviewed
0x00483840	sub_483840	ida_export_catalog	game	battle	medium	address_cluster:battle_cluster;assembly_direct_call_graph:3_sites	0x004582B0:2;0x00458DE0:1		battle		mechanical_candidate_not_manually_reviewed
0x00483870	sub_483870	ida_export_catalog	game	battle	medium	address_cluster:battle_cluster;assembly_direct_call_graph:4_sites	0x00451B10:1;0x00459D10:1;0x0045D690:1;0x004655B0:1		battle		mechanical_candidate_not_manually_reviewed
0x004838A0	sub_4838A0	ida_export_catalog	game	battle	medium	address_cluster:battle_cluster;assembly_direct_call_graph:5_sites	0x00451B10:1;0x00459D10:1;0x0045D690:1;0x004655B0:1;0x00469D20:1		battle		mechanical_candidate_not_manually_reviewed
0x004838D0	sub_4838D0	ida_export_catalog	game	battle	medium	address_cluster:battle_cluster;assembly_direct_call_graph:12_sites	0x0046F8C0:1;0x004728E0:1;0x00473C10:1;0x004745B0:1;0x004758A0:1	0x004315D0:1;0x004321E0:1;0x004783B0:1;0x00478780:1;0x00481FD0:1;0x00485610:1;0x00485650:1	battle		mechanical_candidate_not_manually_reviewed
0x00483B30	sub_483B30	ida_export_catalog	game	battle	medium	address_cluster:battle_cluster;assembly_direct_call_graph:11_sites	0x0046F8C0:1;0x00473010:1;0x004745B0:1;0x00474BA0:1;0x004758A0:1	0x004170E0:2;0x004315D0:1;0x004321E0:1;0x00485610:1;0x00485650:1	battle		mechanical_candidate_not_manually_reviewed
0x00483DB0	sub_483DB0	ida_export_catalog	game	battle	medium	address_cluster:battle_cluster;assembly_direct_call_graph:9_sites	0x004735B0:1	0x004170E0:1;0x004315D0:1;0x004321E0:1;0x004783B0:1;0x00478780:1;0x00481FD0:1;0x00485610:1;0x00485650:1	battle		mechanical_candidate_not_manually_reviewed
0x00483FD0	sub_483FD0	ida_export_catalog	game	battle	medium	address_cluster:battle_cluster;assembly_direct_call_graph:2_sites	0x00456680:2		battle		mechanical_candidate_not_manually_reviewed
0x00483FE0	sub_483FE0	ida_export_catalog	game	battle	medium	address_cluster:battle_cluster;assembly_direct_call_graph:1_sites	0x00451B10:1		battle		mechanical_candidate_not_manually_reviewed
0x00483FF0	sub_483FF0	ida_export_catalog	game	battle	medium	address_cluster:battle_cluster;assembly_direct_call_graph:4_sites	0x004527E0:2;0x00456680:1;0x004576A0:1		battle		mechanical_candidate_not_manually_reviewed
0x00484020	sub_484020	ida_export_catalog	game	battle	medium	address_cluster:battle_cluster;assembly_direct_call_graph:6_sites	0x00455D60:1	0x004019A0:1;0x00433F30:1;0x00478470:1;0x00478620:1;0x0047CE70:1	battle		mechanical_candidate_not_manually_reviewed
0x004841B0	sub_4841B0	ida_export_catalog	game	battle	confirmed_boundary	address_cluster:bink_and_miles_cluster;assembly_direct_call_graph:3_sites;manual_a2_cross_module_boundary_review;b5_closure_reclassification:battle_image_record	0x00455D60:1	0x00434790:1;0x004885A0:1	battle	cross_module_boundary_a2;b5_closure_reclassification	manual_reviewed_current_assembly
0x00484230	sub_484230	ida_export_catalog	game	battle	confirmed_boundary	address_cluster:bink_and_miles_cluster;assembly_direct_call_graph:7_sites;manual_a2_cross_module_boundary_review;b5_closure_reclassification:battle_object_state	0x00474E60:1	0x004170E0:2;0x004315D0:1;0x004321E0:1;0x00485610:1;0x00485650:1	battle	cross_module_boundary_a2;b5_closure_reclassification	manual_reviewed_current_assembly
0x00484500	sub_484500	ida_export_catalog	game	battle	confirmed_boundary	address_cluster:bink_and_miles_cluster;assembly_direct_call_graph:11_sites;manual_a2_cross_module_boundary_review;b5_closure_reclassification:battle_coordinate_helper	0x00451B10:1;0x00459D10:2;0x0045DEE0:1;0x00466950:1;0x00469D20:3;0x00472730:1;0x00481010:1;0x00481A40:1		battle	cross_module_boundary_a2;b5_closure_reclassification	manual_reviewed_current_assembly
0x00484550	sub_484550	ida_export_catalog	game	audio_video	confirmed_boundary	manual_critical_abi_seed;manual_a2_cross_module_boundary_review	0x00424EF0:1		audio_video	critical_abi;cross_module_boundary_a2	manual_reviewed_current_assembly
0x00484590	??0_ReaderWriterLock@details@Concurrency@@QAE@XZ	ida_export_catalog	crt	external_crt	confirmed_boundary	code_origin:crt;manual_reviewed_boundary_seed	0x00484730:1		audio_video	external_contract	manual_reviewed_current_assembly
0x004845A0	sub_4845A0	ida_export_catalog	game	audio_video	medium	address_cluster:bink_and_miles_cluster;decompile_token_navigation_only:media_api_or_asset_token;assembly_direct_call_graph:1_sites	0x00484730:1		audio_video		mechanical_candidate_not_manually_reviewed
0x00484620	sub_484620	ida_export_catalog	game	audio_video	medium	address_cluster:bink_and_miles_cluster;decompile_token_navigation_only:media_api_or_asset_token;assembly_direct_call_graph:2_sites	0x00484920:1;0x00484950:1		audio_video		mechanical_candidate_not_manually_reviewed
0x00484650	sub_484650	ida_export_catalog	game	audio_video	medium	address_cluster:bink_and_miles_cluster;decompile_token_navigation_only:media_api_or_asset_token;assembly_direct_call_graph:1_sites	0x00484950:1		audio_video		mechanical_candidate_not_manually_reviewed
0x004846F0	sub_4846F0	ida_export_catalog	game	audio_video	confirmed_boundary	manual_critical_abi_seed	0x00484950:1		audio_video	critical_abi	manual_reviewed_existing_assembly_evidence
0x00484710	sub_484710	ida_export_catalog	game	audio_video	medium	address_cluster:bink_and_miles_cluster;assembly_direct_call_graph:1_sites	0x00484950:1		audio_video		mechanical_candidate_not_manually_reviewed
0x00484720	sub_484720	ida_export_catalog	game	audio_video	medium	address_cluster:bink_and_miles_cluster;assembly_direct_call_graph:1_sites	0x00484950:1		audio_video		mechanical_candidate_not_manually_reviewed
0x00484730	sub_484730	ida_export_catalog	game	audio_video	confirmed_boundary	address_cluster:bink_and_miles_cluster;assembly_direct_call_graph:10_sites;manual_a2_cross_module_boundary_review	0x00427920:1	0x004118B0:1;0x00484590:1;0x004845A0:1;0x00487C10:1;0x004885A0:1;0x00489D00:1;0x00489E90:1;0x0048A6C0:2	audio_video	cross_module_boundary_a2	manual_reviewed_current_assembly
0x00484920	sub_484920	ida_export_catalog	game	audio_video	confirmed_boundary	manual_top_level_seed;manual_a2_cross_module_boundary_review	0x0040A0D0:2	0x00484620:1;0x00489D00:1	audio_video	top_level_direct;cross_module_boundary_a2	manual_reviewed_current_assembly
0x00484950	sub_484950	ida_export_catalog	game	audio_video	confirmed_boundary	manual_critical_abi_seed;manual_top_level_seed;manual_a2_cross_module_boundary_review	0x00409EC0:1	0x00437DF0:1;0x0044A240:1;0x00484620:1;0x00484650:1;0x004846F0:1;0x00484710:1;0x00484720:1;0x00489D00:1	audio_video	critical_abi;top_level_direct;cross_module_boundary_a2	manual_reviewed_current_assembly
0x00484DA0	sub_484DA0	ida_export_catalog	game	audio_video	confirmed_boundary	address_cluster:bink_and_miles_cluster;assembly_direct_call_graph:1_sites;manual_a2_cross_module_boundary_review	0x00427920:1		audio_video	cross_module_boundary_a2	manual_reviewed_current_assembly
0x00484DD0	sub_484DD0	ida_export_catalog	game	audio_video	confirmed_boundary	address_cluster:bink_and_miles_cluster;decompile_token_navigation_only:media_api_or_asset_token;assembly_direct_call_graph:1_sites;manual_a2_cross_module_boundary_review	0x00424EF0:1		audio_video	cross_module_boundary_a2	manual_reviewed_current_assembly
0x00484F60	sub_484F60	ida_export_catalog	game	audio_video	medium	address_cluster:bink_and_miles_cluster;decompile_token_navigation_only:media_api_or_asset_token;assembly_direct_call_graph:18_sites	0x004854B0:1	0x00438000:1;0x00438030:2;0x004380B0:1;0x00438150:1;0x00438340:1;0x00438380:1;0x004852C0:1;0x00486260:1;0x004866A0:1;0x004866B0:1;0x00486A30:1;0x00486A50:1;0x00489D00:3;0x00489E90:1	audio_video		mechanical_candidate_not_manually_reviewed
0x00485180	sub_485180	ida_export_catalog	game	audio_video	medium	address_cluster:bink_and_miles_cluster;decompile_token_navigation_only:media_api_or_asset_token;assembly_direct_call_graph:4_sites	0x0040CF10:1	0x00486260:1;0x004866A0:1;0x004866B0:1	audio_video		mechanical_candidate_not_manually_reviewed
0x00485290	sub_485290	ida_export_catalog	game	audio_video	medium	address_cluster:bink_and_miles_cluster;assembly_direct_call_graph:2_sites	0x004854B0:1	0x004852F0:1	audio_video		mechanical_candidate_not_manually_reviewed
0x004852C0	sub_4852C0	ida_export_catalog	game	audio_video	medium	address_cluster:bink_and_miles_cluster;assembly_direct_call_graph:2_sites	0x00484F60:1;0x00486730:1		audio_video		mechanical_candidate_not_manually_reviewed
0x004852F0	sub_4852F0	ida_export_catalog	game	audio_video	medium	address_cluster:bink_and_miles_cluster;decompile_token_navigation_only:media_api_or_asset_token;assembly_direct_call_graph:1_sites	0x00485290:1		audio_video		mechanical_candidate_not_manually_reviewed
0x00485330	_AIL_serve@0	ida_export_catalog	game	audio_video	confirmed_boundary	manual_module_assembly_review;manual_a2_cross_module_boundary_review	0x004070A0:6;0x00409DD0:1;0x0040A0D0:1;0x0040AD10:4;0x0040C130:9;0x0040ED60:2;0x0040F160:1;0x004118B0:8;0x004120B0:2;0x004158C0:3;0x00425BE0:28;0x00426840:14;0x00426DF0:7;0x004270F0:1;0x00427140:5;0x00427920:12;0x0042E430:1;0x0042E480:3;0x004303D0:2;0x004332A0:1;0x00433380:1;0x00433540:4;0x00433720:1;0x004338F0:1;0x0045AF90:1		audio_video	module_candidate_manual;cross_module_boundary_a2	manual_reviewed_current_assembly
0x00485360	sub_485360	ida_export_catalog	game	audio_video	confirmed_boundary	address_cluster:bink_and_miles_cluster;decompile_token_navigation_only:media_api_or_asset_token;assembly_direct_call_graph:1_sites;manual_a2_cross_module_boundary_review	0x00424EF0:1		audio_video	cross_module_boundary_a2	manual_reviewed_current_assembly
0x00485460	sub_485460	ida_export_catalog	game	audio_video	medium	address_cluster:bink_and_miles_cluster			audio_video		mechanical_candidate_not_manually_reviewed
0x004854B0	sub_4854B0	ida_export_catalog	game	audio_video	medium	address_cluster:bink_and_miles_cluster;assembly_direct_call_graph:5_sites	0x0040CF10:1	0x00484F60:1;0x00485290:1;0x00486730:1;0x00486A10:1	audio_video		mechanical_candidate_not_manually_reviewed
0x00485610	sub_485610	ida_export_catalog	game	audio_video	confirmed_boundary	manual_module_assembly_review;manual_a2_cross_module_boundary_review	0x004070A0:7;0x00427920:2;0x0042ED40:1;0x00438B50:1;0x00439FD0:1;0x0043C3C0:2;0x0043C520:1;0x0043C590:1;0x0043C670:1;0x0043C760:1;0x0043D530:1;0x0043DD20:2;0x0043DDF0:2;0x0043DED0:2;0x0043DFA0:2;0x0043E080:2;0x0043E170:2;0x0043E250:2;0x0043E310:2;0x0043E3D0:3;0x004400A0:2;0x00440B20:2;0x00440C20:2;0x00440D20:2;0x00440E10:2;0x00440F00:2;0x00440FB0:2;0x00441060:1;0x00441160:2;0x00442F40:1;0x00443450:1;0x00443570:1;0x00443670:1;0x004437C0:1;0x004438E0:1;0x004439A0:1;0x00443A60:1;0x00443B70:1;0x00443BD0:6;0x00445210:2;0x004452B0:1;0x00445360:1;0x004455E0:3;0x00445C90:2;0x00445E90:2;0x00446090:2;0x00446260:2;0x00446420:2;0x00446550:1;0x004466A0:1;0x00446700:9;0x00448840:1;0x00448CA0:1;0x00448DA0:1;0x0044A0D0:1;0x0044A160:1;0x0044A1D0:1;0x0044B070:2;0x0044B560:3;0x0044B6E0:3;0x0044B840:4;0x0044B930:4;0x0044BA20:3;0x0044BBD0:3;0x0044BDA0:5;0x0044C160:4;0x0044DBC0:1;0x0044DF00:1;0x0044DFF0:1;0x0044E0C0:1;0x0044E260:1;0x0044E330:2;0x0044E4A0:5;0x004527E0:1;0x004539B0:6;0x00456680:2;0x004582B0:4;0x00458DE0:2;0x004599B0:1;0x0045EA80:1;0x0045F2A0:1;0x0045FC60:6;0x00460C40:7;0x00461240:8;0x00461900:3;0x00461A30:3;0x004620D0:1;0x00462510:4;0x00462630:4;0x00462740:10;0x00466F70:3;0x00467710:1;0x00467C50:1;0x00467F00:7;0x00468AD0:1;0x00469D20:1;0x00470380:2;0x00471540:1;0x004717F0:1;0x00471AD0:1;0x00471D60:2;0x00471FC0:1;0x004721F0:1;0x004724D0:1;0x004728E0:1;0x00472CE0:1;0x004731A0:1;0x004735B0:2;0x00473C10:2;0x00474BA0:1;0x004751C0:2;0x004763D0:2;0x00478B60:2;0x00479850:19;0x0047BA80:2;0x0047C6B0:1;0x0047C950:1;0x0047D640:1;0x0047E070:2;0x0047E950:11;0x0047F940:1;0x0047FC40:2;0x00480AE0:1;0x00480D40:1;0x00482310:1;0x00482840:2;0x00482DA0:1;0x004831C0:1;0x004838D0:1;0x00483B30:1;0x00483DB0:1;0x00484230:1	0x00485CE0:1	audio_video	module_candidate_manual;cross_module_boundary_a2	manual_reviewed_current_assembly
0x00485650	sub_485650	ida_export_catalog	game	audio_video	confirmed_boundary	manual_module_assembly_review;manual_a2_cross_module_boundary_review	0x004582B0:2;0x004599B0:1;0x00471540:1;0x004721F0:1;0x004724D0:1;0x004728E0:1;0x00472CE0:1;0x004731A0:1;0x004735B0:2;0x00473C10:1;0x004751C0:1;0x004763D0:1;0x00478B60:1;0x0047BA80:1;0x0047C6B0:1;0x0047C950:1;0x0047FC40:1;0x00480AE0:1;0x00480D40:1;0x004831C0:1;0x004838D0:1;0x00483B30:1;0x00483DB0:1;0x00484230:1	0x00486030:1	audio_video	module_candidate_manual;cross_module_boundary_a2	manual_reviewed_current_assembly
0x00485670	sub_485670	ida_export_catalog	game	audio_video	confirmed_boundary	address_cluster:bink_and_miles_cluster;assembly_direct_call_graph:2_sites;manual_a2_cross_module_boundary_review	0x00450F90:1	0x00485CE0:1	audio_video	cross_module_boundary_a2	manual_reviewed_current_assembly
0x004856C0	sub_4856C0	ida_export_catalog	game	audio_video	confirmed_boundary	address_cluster:bink_and_miles_cluster;assembly_direct_call_graph:8_sites;manual_a2_cross_module_boundary_review	0x0040CDD0:1;0x00448700:1;0x004527E0:1;0x00453200:1;0x0045D8F0:1;0x00469D20:1	0x0040DC50:1;0x00486730:1	audio_video	cross_module_boundary_a2	manual_reviewed_current_assembly
0x00485710	sub_485710	ida_export_catalog	game	audio_video	confirmed_boundary	manual_top_level_seed;manual_a2_cross_module_boundary_review	0x00402F80:1;0x004070A0:1;0x0040A570:2;0x0040AB50:1;0x004251B0:1;0x00448700:1;0x00451B10:1;0x0045B630:1;0x0045D8F0:2;0x0045E580:1;0x00467710:1;0x00469D20:1	0x00486860:1	audio_video	top_level_direct;cross_module_boundary_a2	manual_reviewed_current_assembly
0x00485720	sub_485720	ida_export_catalog	game	audio_video	confirmed_boundary	address_cluster:bink_and_miles_cluster;assembly_direct_call_graph:2_sites;manual_a2_cross_module_boundary_review	0x00467C50:1	0x00485E90:1	audio_video	cross_module_boundary_a2	manual_reviewed_current_assembly
0x00485740	sub_485740	ida_export_catalog	game	audio_video	confirmed_boundary	manual_top_level_seed;manual_a2_cross_module_boundary_review	0x00402F80:1;0x0040A570:1;0x0040AB50:1;0x0040C130:1;0x004251B0:1;0x0045B630:1;0x00467710:1	0x00485F30:1	audio_video	top_level_direct;cross_module_boundary_a2	manual_reviewed_current_assembly
0x00485750	sub_485750	ida_export_catalog	game	audio_video	confirmed_boundary	address_cluster:bink_and_miles_cluster;assembly_direct_call_graph:7_sites;manual_a2_cross_module_boundary_review	0x00405500:1;0x00413910:1;0x004147E0:1	0x00485CE0:1;0x00485FE0:1;0x00486030:1;0x00489654:1	audio_video	cross_module_boundary_a2	manual_reviewed_current_assembly
0x00485830	sub_485830	ida_export_catalog	game	audio_video	confirmed_boundary	address_cluster:bink_and_miles_cluster;assembly_direct_call_graph:6_sites;manual_a2_cross_module_boundary_review	0x0040CDD0:1;0x0040CF40:1;0x00448700:1;0x004527E0:1;0x00453200:1	0x00486A10:1	audio_video	cross_module_boundary_a2	manual_reviewed_current_assembly
0x00485850	sub_485850	ida_export_catalog	game	audio_video	confirmed_boundary	manual_module_assembly_review;manual_a2_cross_module_boundary_review	0x0040CDD0:1;0x00424B90:1;0x00427920:2;0x00448700:1;0x00448840:1;0x00448CA0:1;0x00448DA0:1;0x0044B070:1;0x0044BA20:1;0x0044BBD0:1;0x004527E0:1;0x00453200:1;0x00469D20:1	0x004866C0:1	audio_video	module_candidate_manual;cross_module_boundary_a2	manual_reviewed_current_assembly
0x00485880	sub_485880	ida_export_catalog	game	audio_video	confirmed_boundary	manual_module_assembly_review;manual_a2_cross_module_boundary_review	0x004070A0:1;0x0040CF40:1;0x00427920:2;0x0044BDA0:1	0x00486860:2	audio_video	module_candidate_manual;cross_module_boundary_a2	manual_reviewed_current_assembly
0x004858D0	sub_4858D0	ida_export_catalog	game	audio_video	confirmed_boundary	address_cluster:bink_and_miles_cluster;assembly_direct_call_graph:3_sites;manual_a2_cross_module_boundary_review	0x0040CDD0:1;0x00448EE0:1	0x00486A10:1	audio_video	cross_module_boundary_a2	manual_reviewed_current_assembly
0x00485910	sub_485910	ida_export_catalog	game	audio_video	confirmed_boundary	address_cluster:bink_and_miles_cluster;assembly_direct_call_graph:3_sites;manual_a2_cross_module_boundary_review	0x0040CF40:1;0x00448EE0:1;0x0044BDA0:1		audio_video	cross_module_boundary_a2	manual_reviewed_current_assembly
0x00485960	sub_485960	ida_export_catalog	game	audio_video	medium	address_cluster:bink_and_miles_cluster;assembly_direct_call_graph:2_sites		0x00438030:1;0x00485C20:1	audio_video		mechanical_candidate_not_manually_reviewed
0x004859B0	sub_4859B0	ida_export_catalog	game	audio_video	confirmed_boundary	manual_critical_abi_seed;manual_a2_cross_module_boundary_review	0x00424EF0:1	0x00485CC0:1;0x004862B0:1;0x0048A6C0:1	audio_video	critical_abi;cross_module_boundary_a2	manual_reviewed_current_assembly
0x00485C20	sub_485C20	ida_export_catalog	game	audio_video	medium	address_cluster:bink_and_miles_cluster;decompile_token_navigation_only:media_api_or_asset_token;assembly_direct_call_graph:3_sites	0x00485960:1	0x00485CC0:1;0x00486430:1	audio_video		mechanical_candidate_not_manually_reviewed
0x00485CC0	sub_485CC0	ida_export_catalog	game	audio_video	medium	address_cluster:bink_and_miles_cluster;assembly_direct_call_graph:8_sites	0x004859B0:1;0x00485C20:1;0x00485CE0:1;0x00485E90:1;0x00485F30:1;0x00485FE0:1;0x00486030:1;0x00486080:1		audio_video		mechanical_candidate_not_manually_reviewed
0x00485CD0	sub_485CD0	ida_export_catalog	game	audio_video	medium	address_cluster:bink_and_miles_cluster;assembly_direct_call_graph:6_sites	0x00485CE0:1;0x00485E90:1;0x00485F30:1;0x00485FE0:1;0x00486030:1;0x00486080:1		audio_video		mechanical_candidate_not_manually_reviewed
0x00485CE0	sub_485CE0	ida_export_catalog	game	audio_video	confirmed_boundary	manual_critical_abi_seed;manual_a2_cross_module_boundary_review	0x00413CA0:1;0x00485610:1;0x00485670:1;0x00485750:1	0x00485CC0:1;0x00485CD0:1;0x00486160:2;0x00486190:1;0x004861B0:1;0x00486260:1;0x00486280:1;0x00486490:1	audio_video	critical_abi;cross_module_boundary_a2	manual_reviewed_current_assembly
0x00485E90	sub_485E90	ida_export_catalog	game	audio_video	confirmed_boundary	address_cluster:bink_and_miles_cluster;decompile_token_navigation_only:media_api_or_asset_token;assembly_direct_call_graph:6_sites;manual_a2_cross_module_boundary_review	0x00413CA0:1;0x00485720:1	0x00485CC0:1;0x00485CD0:1;0x00486160:1;0x00486210:1	audio_video	cross_module_boundary_a2	manual_reviewed_current_assembly
0x00485F30	sub_485F30	ida_export_catalog	game	audio_video	medium	address_cluster:bink_and_miles_cluster;decompile_token_navigation_only:media_api_or_asset_token;assembly_direct_call_graph:3_sites	0x00485740:1	0x00485CC0:1;0x00485CD0:1	audio_video		mechanical_candidate_not_manually_reviewed
0x00485FE0	sub_485FE0	ida_export_catalog	game	audio_video	confirmed_boundary	address_cluster:bink_and_miles_cluster;decompile_token_navigation_only:media_api_or_asset_token;assembly_direct_call_graph:6_sites;manual_a2_cross_module_boundary_review	0x00413CA0:1;0x00485750:1	0x00485CC0:1;0x00485CD0:1;0x004861D0:1;0x00486260:1	audio_video	cross_module_boundary_a2	manual_reviewed_current_assembly
0x00486030	sub_486030	ida_export_catalog	game	audio_video	confirmed_boundary	address_cluster:bink_and_miles_cluster;decompile_token_navigation_only:media_api_or_asset_token;assembly_direct_call_graph:7_sites;manual_a2_cross_module_boundary_review	0x00413CA0:1;0x00485650:1;0x00485750:1	0x00485CC0:1;0x00485CD0:1;0x004861D0:1;0x00486280:1	audio_video	cross_module_boundary_a2	manual_reviewed_current_assembly
0x00486080	sub_486080	ida_export_catalog	game	audio_video	medium	address_cluster:bink_and_miles_cluster;decompile_token_navigation_only:media_api_or_asset_token;assembly_direct_call_graph:3_sites	0x0040CF10:1	0x00485CC0:1;0x00485CD0:1	audio_video		mechanical_candidate_not_manually_reviewed
0x00486160	sub_486160	ida_export_catalog	game	audio_video	medium	address_cluster:bink_and_miles_cluster;assembly_direct_call_graph:3_sites	0x00485CE0:2;0x00485E90:1		audio_video		mechanical_candidate_not_manually_reviewed
0x00486190	sub_486190	ida_export_catalog	game	audio_video	medium	address_cluster:bink_and_miles_cluster;assembly_direct_call_graph:1_sites	0x00485CE0:1		audio_video		mechanical_candidate_not_manually_reviewed
0x004861B0	sub_4861B0	ida_export_catalog	game	audio_video	medium	address_cluster:bink_and_miles_cluster;assembly_direct_call_graph:1_sites	0x00485CE0:1		audio_video		mechanical_candidate_not_manually_reviewed
0x004861D0	sub_4861D0	ida_export_catalog	game	audio_video	medium	address_cluster:bink_and_miles_cluster;decompile_token_navigation_only:media_api_or_asset_token;assembly_direct_call_graph:2_sites	0x00485FE0:1;0x00486030:1		audio_video		mechanical_candidate_not_manually_reviewed
0x00486210	sub_486210	ida_export_catalog	game	audio_video	medium	address_cluster:bink_and_miles_cluster;decompile_token_navigation_only:media_api_or_asset_token;assembly_direct_call_graph:1_sites	0x00485E90:1		audio_video		mechanical_candidate_not_manually_reviewed
0x00486260	sub_486260	ida_export_catalog	game	audio_video	medium	address_cluster:bink_and_miles_cluster;assembly_direct_call_graph:9_sites	0x00484F60:1;0x00485180:1;0x00485CE0:1;0x00485FE0:1;0x004866C0:2;0x00486730:2;0x00486900:1		audio_video		mechanical_candidate_not_manually_reviewed
0x00486280	sub_486280	ida_export_catalog	game	audio_video	medium	address_cluster:bink_and_miles_cluster;assembly_direct_call_graph:2_sites	0x00485CE0:1;0x00486030:1		audio_video		mechanical_candidate_not_manually_reviewed
0x004862A0	sub_4862A0	ida_export_catalog	game	audio_video	confirmed_boundary	address_cluster:bink_and_miles_cluster;assembly_direct_call_graph:3_sites;manual_a2_cross_module_boundary_review	0x00424EF0:3		audio_video	cross_module_boundary_a2	manual_reviewed_current_assembly
0x004862B0	sub_4862B0	ida_export_catalog	game	audio_video	confirmed_boundary	manual_critical_abi_seed	0x004859B0:1	0x004380B0:1;0x00438380:1;0x004384B0:1	audio_video	critical_abi	manual_reviewed_existing_assembly_evidence
0x00486430	sub_486430	ida_export_catalog	game	audio_video	medium	address_cluster:bink_and_miles_cluster;assembly_direct_call_graph:2_sites	0x00485C20:1	0x00438150:1	audio_video		mechanical_candidate_not_manually_reviewed
0x00486490	sub_486490	ida_export_catalog	game	audio_video	confirmed_boundary	manual_critical_abi_seed	0x00485CE0:1	0x00438380:1;0x004384B0:1;0x00489EB0:1	audio_video	critical_abi	manual_reviewed_existing_assembly_evidence
0x004865B0	sub_4865B0	ida_export_catalog	game	audio_video	confirmed_boundary	address_cluster:bink_and_miles_cluster;assembly_direct_call_graph:1_sites;manual_a2_cross_module_boundary_review	0x00424EF0:1		audio_video	cross_module_boundary_a2	manual_reviewed_current_assembly
0x004866A0	sub_4866A0	ida_export_catalog	game	audio_video	medium	address_cluster:bink_and_miles_cluster;assembly_direct_call_graph:4_sites	0x00484F60:1;0x00485180:1;0x004866C0:1;0x00486860:1		audio_video		mechanical_candidate_not_manually_reviewed
0x004866B0	sub_4866B0	ida_export_catalog	game	audio_video	medium	address_cluster:bink_and_miles_cluster;assembly_direct_call_graph:3_sites	0x00484F60:1;0x00485180:1;0x00486860:1		audio_video		mechanical_candidate_not_manually_reviewed
0x004866C0	sub_4866C0	ida_export_catalog	game	audio_video	medium	address_cluster:bink_and_miles_cluster;decompile_token_navigation_only:media_api_or_asset_token;assembly_direct_call_graph:5_sites	0x00485850:1	0x00486260:2;0x004866A0:1;0x00486A70:1	audio_video		mechanical_candidate_not_manually_reviewed
0x00486730	sub_486730	ida_export_catalog	game	audio_video	medium	address_cluster:bink_and_miles_cluster;decompile_token_navigation_only:media_api_or_asset_token;assembly_direct_call_graph:8_sites	0x004854B0:1;0x004856C0:1	0x004852C0:1;0x00486260:2;0x00486A30:1;0x00486A50:1;0x00486A70:1	audio_video		mechanical_candidate_not_manually_reviewed
0x00486860	sub_486860	ida_export_catalog	game	audio_video	medium	address_cluster:bink_and_miles_cluster;decompile_token_navigation_only:media_api_or_asset_token;assembly_direct_call_graph:7_sites	0x00485710:1;0x00485880:2	0x004866A0:1;0x004866B0:1;0x004868E0:1;0x00486A70:1	audio_video		mechanical_candidate_not_manually_reviewed
0x004868E0	sub_4868E0	ida_export_catalog	game	audio_video	medium	address_cluster:bink_and_miles_cluster;assembly_direct_call_graph:1_sites	0x00486860:1		audio_video		mechanical_candidate_not_manually_reviewed
0x00486900	sub_486900	ida_export_catalog	game	audio_video	medium	address_cluster:bink_and_miles_cluster;decompile_token_navigation_only:media_api_or_asset_token;assembly_direct_call_graph:2_sites	0x0040CF10:1	0x00486260:1	audio_video		mechanical_candidate_not_manually_reviewed
0x00486A10	sub_486A10	ida_export_catalog	game	audio_video	medium	address_cluster:bink_and_miles_cluster;assembly_direct_call_graph:4_sites	0x004854B0:1;0x00485830:1;0x004858D0:1	0x00486A70:1	audio_video		mechanical_candidate_not_manually_reviewed
0x00486A30	sub_486A30	ida_export_catalog	game	audio_video	medium	address_cluster:bink_and_miles_cluster;assembly_direct_call_graph:2_sites	0x00484F60:1;0x00486730:1		audio_video		mechanical_candidate_not_manually_reviewed
0x00486A50	sub_486A50	ida_export_catalog	game	audio_video	medium	address_cluster:bink_and_miles_cluster;assembly_direct_call_graph:2_sites	0x00484F60:1;0x00486730:1		audio_video		mechanical_candidate_not_manually_reviewed
0x00486A70	sub_486A70	ida_export_catalog	game	audio_video	medium	address_cluster:bink_and_miles_cluster;decompile_token_navigation_only:media_api_or_asset_token;assembly_direct_call_graph:4_sites	0x004866C0:1;0x00486730:1;0x00486860:1;0x00486A10:1		audio_video		mechanical_candidate_not_manually_reviewed
0x00486AB0	DirectDrawCreate	ida_export_catalog	third_party	external_third_party	confirmed_boundary	code_origin:third_party;manual_reviewed_boundary_seed	0x00437610:1		rendering	external_contract	manual_reviewed_current_assembly
0x004876E4	nullsub_2	ida_export_catalog	third_party	external_third_party	mechanical_boundary	code_origin:third_party			runtime_platform		external_boundary_mechanical
0x004876F4	nullsub_3	ida_export_catalog	third_party	external_third_party	mechanical_boundary	code_origin:third_party			runtime_platform		external_boundary_mechanical
0x00487764	nullsub_4	ida_export_catalog	third_party	external_third_party	mechanical_boundary	code_origin:third_party			runtime_platform		external_boundary_mechanical
0x00487774	nullsub_5	ida_export_catalog	third_party	external_third_party	mechanical_boundary	code_origin:third_party			runtime_platform		external_boundary_mechanical
0x00487AD8	DirectInputCreateA	ida_export_catalog	third_party	external_third_party	confirmed_boundary	code_origin:third_party;manual_reviewed_boundary_seed	0x00436FB0:1		input_time_rng	external_contract	manual_reviewed_current_assembly
0x00487ADE	ImmIsIME	ida_export_catalog	third_party	external_third_party	confirmed_boundary	code_origin:third_party;manual_reviewed_boundary_seed	0x00438B50:1		input_time_rng	external_contract	manual_reviewed_current_assembly
0x00487AF0	__onexit	ida_export_catalog	crt	external_crt	mechanical_boundary	code_origin:crt	0x00487BA0:1	0x00488050:1;0x004889D0:2	runtime_platform		external_boundary_mechanical
0x00487BA0	_atexit	ida_export_catalog	crt	external_crt	confirmed_boundary	code_origin:crt;manual_reviewed_boundary_seed	0x004011D0:1;0x00401210:1;0x00401250:1;0x00401290:1;0x004012D0:1;0x00401310:1;0x00401350:1;0x00401390:1;0x004013D0:1;0x00401410:1;0x00401450:1;0x004014B0:1;0x004272C0:1;0x004517A0:1;0x00451800:1;0x00451860:1;0x004518A0:1;0x00451900:1	0x00487AF0:1	battle	external_contract	manual_reviewed_current_assembly
0x00487BC0	___onexitinit	ida_export_catalog	crt	external_crt	mechanical_boundary	code_origin:crt		0x00487C30:1;0x0048A8A0:1	runtime_platform		external_boundary_mechanical
0x00487C10	_malloc	ida_export_catalog	crt	external_crt	confirmed_boundary	code_origin:crt;manual_reviewed_boundary_seed	0x004014F0:4;0x004019A0:2;0x00401C70:2;0x00401E50:2;0x00402030:2;0x00402120:1;0x004021D0:1;0x00402A90:1;0x00405500:1;0x004070A0:8;0x00408E70:1;0x004094A0:1;0x00409600:8;0x00409A10:1;0x00409C10:1;0x00409CE0:1;0x00409DD0:1;0x0040A0D0:1;0x0040AD10:2;0x0040AF70:2;0x0040AFF0:4;0x0040C130:1;0x0040D9E0:1;0x0040E0B0:1;0x0040F160:1;0x0040F890:2;0x00410490:1;0x00410600:1;0x00411620:3;0x004118B0:1;0x00411D90:2;0x00411FA0:1;0x004158C0:2;0x00415EE0:1;0x00423AF0:1;0x00423E00:1;0x00423FB0:1;0x004242B0:1;0x00424440:2;0x00424B90:2;0x00425570:1;0x004258E0:1;0x00425BE0:10;0x004267E0:2;0x00426840:2;0x00426DF0:4;0x00427140:1;0x00427920:24;0x0042ED40:1;0x004303D0:2;0x00430C60:2;0x00431760:1;0x00431C50:1;0x00432050:1;0x004320E0:1;0x00432D30:1;0x00433090:1;0x004332A0:1;0x00433540:3;0x004338F0:2;0x00433E20:1;0x00433E90:1;0x00433F70:4;0x00434DD0:2;0x004353C0:1;0x00435430:1;0x004355B0:1;0x00438800:1;0x00438B50:2;0x0043BE90:2;0x0043C0D0:7;0x0043C9C0:1;0x0043D050:1;0x0043D530:16;0x0043F940:1;0x00440630:3;0x00441160:1;0x00442E40:1;0x004442B0:1;0x00445430:1;0x00446700:1;0x00447100:2;0x00448020:2;0x00448360:1;0x00448700:2;0x00448EE0:1;0x00449FF0:2;0x0044AF30:1;0x0044D0F0:2;0x0044D2D0:1;0x0044D520:2;0x0044D5D0:1;0x0044D6E0:1;0x0044D920:2;0x0044E4A0:1;0x004527E0:2;0x0045D180:1;0x00468C80:1;0x004698E0:1;0x00469D20:7;0x0046E0B0:1;0x0046E1E0:1;0x0046E490:1;0x0046E890:1;0x0046E9C0:1;0x0046F5B0:1;0x0046F6E0:1;0x00475560:1;0x00476A80:1;0x00476DB0:2;0x00477290:1;0x00477400:2;0x00477710:1;0x00477780:1;0x00477830:1;0x00477920:1;0x00477A20:1;0x00477BD0:1;0x00477C90:4;0x00477F10:5;0x0047DBD0:1;0x0047E070:1;0x004800F0:1;0x004830A0:1;0x00484730:1	0x00487C80:1	special_modes	external_contract	manual_reviewed_current_assembly
0x00487C30	__malloc_dbg	ida_export_catalog	crt	external_crt	mechanical_boundary	code_origin:crt	0x00487BC0:1;0x00487FF0:1;0x00488080:1;0x00490DA0:2;0x00490EF0:1;0x00491400:2;0x00491620:2;0x00493950:1;0x00494570:1;0x00497420:1;0x00497AB0:3;0x00497E10:2	0x00487C80:1	runtime_platform		external_boundary_mechanical
0x00487C60	__nh_malloc	ida_export_catalog	crt	external_crt	mechanical_boundary	code_origin:crt	0x00489E90:1	0x00487C80:1	runtime_platform		external_boundary_mechanical
0x00487C80	__nh_malloc_dbg	ida_export_catalog	crt	external_crt	mechanical_boundary	code_origin:crt	0x00487C10:1;0x00487C30:1;0x00487C60:1	0x00487CD0:1;0x0048A900:1	runtime_platform		external_boundary_mechanical
0x00487CD0	__heap_alloc_dbg	ida_export_catalog	crt	external_crt	mechanical_boundary	code_origin:crt	0x00487C80:1	0x00488BB0:1;0x0048A930:3;0x0048AA10:1;0x0048AA90:5	runtime_platform		external_boundary_mechanical
0x00487FF0	__calloc_dbg	ida_export_catalog	crt	external_crt	mechanical_boundary	code_origin:crt	0x004907D0:2	0x00487C30:1	runtime_platform		external_boundary_mechanical
0x00488050	__realloc_dbg	ida_export_catalog	crt	external_crt	mechanical_boundary	code_origin:crt	0x00487AF0:1;0x00497AB0:2	0x00488080:1	runtime_platform		external_boundary_mechanical
0x00488080	_realloc_help	ida_export_catalog	crt	external_crt	mechanical_boundary	code_origin:crt	0x00488050:1	0x00487C30:1;0x004885C0:1;0x00488BB0:1;0x00488F90:1;0x0048A930:2;0x0048AA90:11;0x0048B130:1;0x0048B1C0:1	runtime_platform		external_boundary_mechanical
0x004885A0	sub_4885A0	ida_export_catalog	crt	external_crt	confirmed_boundary	code_origin:crt;manual_reviewed_boundary_seed	0x004014F0:1;0x00401C70:3;0x00401E50:2;0x004020C0:2;0x00402200:1;0x00402AC0:1;0x00402F80:1;0x00405500:2;0x004070A0:24;0x00408E70:1;0x004094A0:1;0x00409600:3;0x004099C0:5;0x00409A10:1;0x00409C10:1;0x00409CE0:1;0x00409DD0:1;0x0040A0D0:1;0x0040AD10:1;0x0040AF70:1;0x0040AFF0:1;0x0040B7F0:3;0x0040C130:5;0x0040DBC0:1;0x0040E0B0:20;0x0040F160:1;0x0040F3B0:1;0x0040F410:10;0x0040F500:3;0x0040F540:1;0x0040F570:1;0x0040F5A0:2;0x0040F5E0:2;0x0040F630:1;0x0040F890:8;0x00410490:1;0x00410600:1;0x00411620:3;0x004118B0:2;0x00411D90:2;0x00411FA0:1;0x004147E0:1;0x00414B60:1;0x00414CE0:1;0x00414E50:6;0x004153D0:1;0x004154A0:5;0x004158C0:1;0x00415EE0:2;0x00423AF0:1;0x00423E00:1;0x00423FB0:1;0x004242B0:1;0x00424440:2;0x00424B90:2;0x004251B0:16;0x00425570:1;0x004258E0:1;0x00425B50:3;0x00425BE0:10;0x004267E0:1;0x00426840:6;0x00426DF0:7;0x00427140:2;0x00427920:25;0x0042ED40:3;0x004303D0:3;0x00430CF0:2;0x00431EA0:4;0x00431F80:4;0x004320E0:2;0x00432EE0:2;0x00432FA0:2;0x00433220:1;0x00433540:3;0x004338F0:3;0x00433BF0:2;0x00433D70:2;0x00433E20:1;0x00433E90:1;0x00433F00:1;0x00433F70:4;0x00434790:2;0x004351F0:1;0x00435410:1;0x004354D0:1;0x004355B0:1;0x00438840:1;0x00438880:1;0x00438B50:4;0x0043BE90:1;0x0043C0D0:1;0x0043C3C0:8;0x0043C9C0:2;0x0043CEF0:1;0x0043D050:4;0x0043D530:2;0x0043D880:21;0x0043E3D0:2;0x0043F080:2;0x0043F1E0:2;0x0043F940:2;0x004405C0:4;0x00441160:1;0x00441590:3;0x004420F0:1;0x00442F10:1;0x00443BD0:2;0x004441A0:2;0x004442B0:1;0x00444F00:1;0x004455A0:1;0x00446700:4;0x00446FE0:2;0x00447100:2;0x00448020:2;0x00448230:2;0x004482E0:2;0x00448360:2;0x004490C0:3;0x0044A030:2;0x0044B010:1;0x0044D0F0:6;0x0044D2D0:4;0x0044D5A0:2;0x0044D6E0:1;0x0044DA40:3;0x0044E4A0:3;0x0044F8E0:2;0x00451730:2;0x00451940:1;0x004527E0:4;0x004582B0:4;0x00458DE0:4;0x004599B0:2;0x0045B630:1;0x00469960:1;0x00469D20:4;0x0046E1E0:1;0x0046E260:1;0x00470E20:1;0x00471270:1;0x00475180:2;0x00476A60:1;0x00476A80:2;0x00476DB0:3;0x00477290:2;0x00477400:2;0x00477C90:6;0x00477F10:3;0x00478110:3;0x00478220:1;0x00478300:1;0x00479850:2;0x0047D350:1;0x0047E950:3;0x0047FC40:1;0x004841B0:1;0x00484730:1	0x004885C0:1	resource_io	top_level_direct	manual_reviewed_existing_assembly_evidence
0x004885C0	sub_4885C0	ida_export_catalog	crt	external_crt	mechanical_boundary	code_origin:crt	0x00488080:1;0x004885A0:1;0x00489D00:1;0x00490DA0:1;0x00491400:1;0x00493950:1;0x00494A20:1;0x00496DA0:1;0x004975C0:1;0x00497AB0:2	0x00488B20:2;0x00488BB0:1;0x00488F90:1;0x0048A930:3;0x0048AA90:10;0x0048B390:2	runtime_platform		external_boundary_mechanical
0x004889B0	__msize	ida_export_catalog	crt	external_crt	confirmed_boundary	code_origin:crt;manual_reviewed_boundary_seed	0x00476DB0:1	0x004889D0:1	battle	external_contract	manual_reviewed_current_assembly
0x004889D0	__msize_dbg	ida_export_catalog	crt	external_crt	mechanical_boundary	code_origin:crt	0x00487AF0:2;0x004889B0:1	0x00488BB0:1;0x00488F90:1;0x0048AA90:4	runtime_platform		external_boundary_mechanical
0x00488B20	_CheckBytes	ida_export_catalog	crt	external_crt	mechanical_boundary	code_origin:crt	0x004885C0:2;0x00488BB0:3	0x0048AA90:1	runtime_platform		external_boundary_mechanical
0x00488BB0	__CrtCheckMemory	ida_export_catalog	crt	external_crt	mechanical_boundary	code_origin:crt	0x00487CD0:1;0x00488080:1;0x004885C0:1;0x004889D0:1	0x00488B20:3;0x0048AA90:10;0x0048B3E0:1	runtime_platform		external_boundary_mechanical
0x00488F10	__CrtSetDbgFlag	ida_export_catalog	crt	external_crt	mechanical_boundary	code_origin:crt	0x0048A3B0:1		runtime_platform		external_boundary_mechanical
0x00488F40	__CrtIsValidPointer	ida_export_catalog	crt	external_crt	mechanical_boundary	code_origin:crt	0x00488F90:1;0x00489180:1		runtime_platform		external_boundary_mechanical
0x00488F90	__CrtIsValidHeapPointer	ida_export_catalog	crt	external_crt	mechanical_boundary	code_origin:crt	0x00488080:1;0x004885C0:1;0x004889D0:1	0x00488F40:1;0x0048B4F0:1;0x0048B550:1	runtime_platform		external_boundary_mechanical
0x00489020	__CrtMemCheckpoint	ida_export_catalog	crt	external_crt	mechanical_boundary	code_origin:crt	0x00489550:1	0x0048AA90:2	runtime_platform		external_boundary_mechanical
0x00489180	__CrtMemDumpAllObjectsSince	ida_export_catalog	crt	external_crt	mechanical_boundary	code_origin:crt	0x00489550:1	0x00488F40:1;0x00489430:3;0x0048AA90:8	runtime_platform		external_boundary_mechanical
0x00489430	__printMemBlockData	ida_export_catalog	crt	external_crt	mechanical_boundary	code_origin:crt	0x00489180:3	0x0048AA90:1;0x0048CFD0:1;0x0048D0D0:1	runtime_platform		external_boundary_mechanical
0x00489550	__CrtDumpMemoryLeaks	ida_export_catalog	crt	external_crt	mechanical_boundary	code_origin:crt	0x0048A3B0:1	0x00489020:1;0x00489180:1;0x0048AA90:1	runtime_platform		external_boundary_mechanical
0x004895D0	__fpmath	ida_export_catalog	crt	external_crt	mechanical_boundary	code_origin:crt		0x00489610:1;0x0048D190:1;0x0048D210:1	runtime_platform		external_boundary_mechanical
0x00489600	sub_489600	ida_export_catalog	crt	external_crt	mechanical_boundary	code_origin:crt			runtime_platform		external_boundary_mechanical
0x00489610	__cfltcvt_init_0	ida_export_catalog	crt	external_crt	mechanical_boundary	code_origin:crt	0x004895D0:1		runtime_platform		external_boundary_mechanical
0x00489654	__ftol	ida_export_catalog	crt	external_crt	confirmed_boundary	code_origin:crt;manual_reviewed_boundary_seed	0x00405500:2;0x004070A0:1;0x00411E20:1;0x00413CA0:1;0x004146F0:3;0x00414B60:4;0x00427920:4;0x00430FF0:1;0x00433C40:1;0x00434DD0:1;0x004374C0:1;0x00437F90:1;0x0043AE40:2;0x00450C50:1;0x00451B10:3;0x004527E0:2;0x00459D10:4;0x0045D2F0:3;0x0045D3E0:3;0x00469650:1;0x00469D20:3;0x0046E290:2;0x0046F5B0:2;0x0046F6E0:2;0x00477830:4;0x00477920:2;0x00477A20:2;0x00478340:1;0x00481010:1;0x00482DA0:1;0x004830A0:2;0x00485750:1		battle	external_contract	manual_reviewed_current_assembly
0x00489680	?_JumpToContinuation@@YGXPAXPAUEHRegistrationNode@@@Z	ida_export_catalog	crt	external_crt	mechanical_boundary	code_origin:crt	0x0048E060:1		runtime_platform		external_boundary_mechanical
0x004896C0	sub_4896C0	ida_export_catalog	crt	external_crt	mechanical_boundary	code_origin:crt	0x0048E2C0:1;0x0048E540:1		runtime_platform		external_boundary_mechanical
0x004896D0	sub_4896D0	ida_export_catalog	crt	external_crt	mechanical_boundary	code_origin:crt	0x0048E2C0:1		runtime_platform		external_boundary_mechanical
0x004896E0	?_UnwindNestedFrames@@YGXPAUEHRegistrationNode@@PAUEHExceptionRecord@@@Z	ida_export_catalog	crt	external_crt	mechanical_boundary	code_origin:crt	0x00489900:1;0x0048E060:2	0x00497FC6:1	runtime_platform		external_boundary_mechanical
0x00489740	___CxxFrameHandler3	ida_export_catalog	crt	external_crt	mechanical_boundary	code_origin:crt		0x0048D9C0:1	runtime_platform		external_boundary_mechanical
0x00489780	?_CallCatchBlock2@@YAPAXPAUEHRegistrationNode@@PBU_s_FuncInfo@@PAXHK@Z	ida_export_catalog	crt	external_crt	mechanical_boundary	code_origin:crt	0x0048E120:1	0x0048E620:1	runtime_platform		external_boundary_mechanical
0x004897F0	?CatchGuardHandler@@YA?AW4_EXCEPTION_DISPOSITION@@PAUEHExceptionRecord@@PAUCatchGuardRN@@PAX2@Z	ida_export_catalog	crt	external_crt	mechanical_boundary	code_origin:crt		0x0048D9C0:1	runtime_platform		external_boundary_mechanical
0x00489830	?_CallSETranslator@@YAHPAUEHExceptionRecord@@PAUEHRegistrationNode@@PAX2PBU_s_FuncInfo@@H1@Z	ida_export_catalog	crt	external_crt	mechanical_boundary	code_origin:crt	0x0048DD50:1		runtime_platform		external_boundary_mechanical
0x00489900	?TranslatorGuardHandler@@YA?AW4_EXCEPTION_DISPOSITION@@PAUEHExceptionRecord@@PAUTranslatorGuardRN@@PAX2@Z	ida_export_catalog	crt	external_crt	mechanical_boundary	code_origin:crt		0x004896E0:1;0x0048D9C0:1	runtime_platform		external_boundary_mechanical
0x00489990	?_GetRangeOfTrysToCheck@@YAPBU_s_TryBlockMapEntry@@PBU_s_FuncInfo@@HHPAI1@Z	ida_export_catalog	crt	external_crt	mechanical_boundary	code_origin:crt	0x0048DAB0:1;0x0048DD50:1	0x0048E700:2	runtime_platform		external_boundary_mechanical
0x00489A20	__global_unwind2	ida_export_catalog	crt	external_crt	mechanical_boundary	code_origin:crt	0x00490924:1	0x00497FC6:1	runtime_platform		external_boundary_mechanical
0x00489A40	__unwind_handler	ida_export_catalog	crt	external_crt	mechanical_boundary	code_origin:crt			runtime_platform		external_boundary_mechanical
0x00489A62	__local_unwind2	ida_export_catalog	crt	external_crt	mechanical_boundary	code_origin:crt	0x0048E120:1;0x00490924:2;0x004909E1:1	0x00489AF6:1	runtime_platform		external_boundary_mechanical
0x00489ACA	__abnormal_termination	ida_export_catalog	crt	external_crt	mechanical_boundary	code_origin:crt	0x0048E120:1		runtime_platform		external_boundary_mechanical
0x00489AED	__NLG_Notify1	ida_export_catalog	crt	external_crt	mechanical_boundary	code_origin:crt	0x0048E620:2		runtime_platform		external_boundary_mechanical
0x00489AF6	__NLG_Notify	ida_export_catalog	crt	external_crt	mechanical_boundary	code_origin:crt	0x00489A62:1;0x00490924:1		runtime_platform		external_boundary_mechanical
0x00489B10	sub_489B10	ida_export_catalog	crt	external_crt	confirmed_boundary	code_origin:crt;manual_reviewed_boundary_seed	0x00409EC0:1;0x00434790:1		input_time_rng	top_level_direct	manual_reviewed_existing_assembly_evidence
0x00489B20	_rand	ida_export_catalog	crt	external_crt	confirmed_boundary	code_origin:crt;manual_reviewed_boundary_seed	0x00406770:1;0x00430FF0:2;0x00434790:1;0x00434DD0:10		input_time_rng	external_contract	manual_reviewed_current_assembly
0x00489B50	_difftime	ida_export_catalog	crt	external_crt	confirmed_boundary	code_origin:crt;manual_reviewed_boundary_seed	0x004070A0:1		persistence	external_contract	manual_reviewed_current_assembly
0x00489B70	_time	ida_export_catalog	crt	external_crt	confirmed_boundary	code_origin:crt;manual_reviewed_boundary_seed	0x004070A0:3;0x00409EC0:2;0x0040A570:1;0x00434790:1;0x004490C0:1	0x0048E790:1	input_time_rng	external_contract	manual_reviewed_current_assembly
0x00489D00	??3@YAXPAX@Z	ida_export_catalog	crt	external_crt	confirmed_boundary	code_origin:crt;manual_reviewed_boundary_seed	0x0040F690:1;0x00416CC0:1;0x00423A10:2;0x00423AF0:2;0x00423E00:2;0x00423FB0:2;0x00425570:6;0x004258E0:2;0x004259B0:2;0x00425A70:2;0x00425BE0:3;0x00427920:4;0x00438030:1;0x00438150:1;0x00438A70:1;0x00438E50:1;0x00448EE0:1;0x004490C0:2;0x004539B0:2;0x00455D60:2;0x00484730:1;0x00484920:1;0x00484950:1;0x00484F60:3	0x004885C0:1;0x0048AA90:1	resource_io	external_contract	manual_reviewed_current_assembly
0x00489D90	_vsprintf	ida_export_catalog	crt	external_crt	confirmed_boundary	code_origin:crt;manual_reviewed_boundary_seed	0x004302F0:1	0x0048AA90:2;0x0048E880:1;0x0048EB00:1	story_scene	external_contract	manual_reviewed_current_assembly
0x00489E90	??2@YAPAXI@Z	ida_export_catalog	crt	external_crt	confirmed_boundary	code_origin:crt;manual_reviewed_boundary_seed	0x00423A10:1;0x00423AF0:1;0x00423E00:1;0x00423FB0:1;0x00425570:3;0x004258E0:1;0x004259B0:1;0x00425A70:1;0x00425BE0:1;0x00427920:2;0x004380B0:1;0x004389D0:1;0x00438E50:1;0x00448EE0:1;0x004490C0:1;0x004539B0:1;0x00455D60:1;0x00484730:1;0x00484F60:1	0x00487C60:1	resource_io	external_contract	manual_reviewed_current_assembly
0x00489EB0	_memcpy	ida_export_catalog	crt	external_crt	confirmed_boundary	code_origin:crt;manual_reviewed_boundary_seed	0x0040BAA0:1;0x0040D790:2;0x004120B0:3;0x00423AF0:1;0x00438F60:1;0x00486490:1;0x0048B5B0:1;0x0048D990:1;0x0048E2C0:2;0x00493440:1		resource_io	external_contract	manual_reviewed_current_assembly
0x0048A1F0	_floor	ida_export_catalog	crt	external_crt	confirmed_boundary	code_origin:crt;manual_reviewed_boundary_seed	0x00437F90:2	0x0048F9A0:1;0x0048F9C0:1;0x0048FA20:2;0x00490510:1;0x00490710:4	rendering	external_contract	manual_reviewed_current_assembly
0x0048A330	__cinit	ida_export_catalog	crt	external_crt	mechanical_boundary	code_origin:crt	0x0048A740:1	0x0048A490:2	runtime_platform		external_boundary_mechanical
0x0048A370	_exit	ida_export_catalog	crt	external_crt	mechanical_boundary	code_origin:crt	0x0048A740:1	0x0048A3B0:1	runtime_platform		external_boundary_mechanical
0x0048A390	__exit	ida_export_catalog	crt	external_crt	mechanical_boundary	code_origin:crt	0x0048A740:1;0x0048AE20:1;0x00492000:1;0x00493900:1	0x0048A3B0:1	runtime_platform		external_boundary_mechanical
0x0048A3B0	_doexit	ida_export_catalog	crt	external_crt	mechanical_boundary	code_origin:crt	0x0048A370:1;0x0048A390:1	0x00488F10:1;0x00489550:1;0x0048A490:2	runtime_platform		external_boundary_mechanical
0x0048A490	__initterm	ida_export_catalog	crt	external_crt	mechanical_boundary	code_origin:crt	0x0048A330:2;0x0048A3B0:2		runtime_platform		external_boundary_mechanical
0x0048A4C0	??_L@YGXPAXIHP6EX0@Z1@Z	ida_export_catalog	crt	external_crt	confirmed_boundary	code_origin:crt;manual_reviewed_boundary_seed	0x004517B0:1;0x00451810:1	0x0048A610:1	battle	external_contract	manual_reviewed_current_assembly
0x0048A560	??_M@YGXPAXIHP6EX0@Z@Z	ida_export_catalog	crt	external_crt	confirmed_boundary	code_origin:crt;manual_reviewed_boundary_seed	0x004517E0:1;0x00451840:1	0x0048A610:1	battle	external_contract	manual_reviewed_current_assembly
0x0048A610	?__ArrayUnwind@@YGXPAXIHP6EX0@Z@Z	ida_export_catalog	crt	external_crt	mechanical_boundary	code_origin:crt	0x0048A4C0:1;0x0048A560:1	0x0048A690:1	runtime_platform		external_boundary_mechanical
0x0048A690	sub_48A690	ida_export_catalog	crt	external_crt	mechanical_boundary	code_origin:crt	0x0048A610:1	0x0048E670:1	runtime_platform		external_boundary_mechanical
0x0048A6C0	_strstr	ida_export_catalog	crt	external_crt	confirmed_boundary	code_origin:crt;manual_reviewed_boundary_seed	0x00484730:2;0x004859B0:1		audio_video	external_contract	manual_reviewed_current_assembly
0x0048A740	start	ida_export_catalog	crt	external_crt	confirmed_boundary	code_origin:crt;manual_reviewed_boundary_seed		0x00409EC0:1;0x0048A330:1;0x0048A370:1;0x0048A390:1;0x0048A8D0:1;0x0048B440:1;0x00490AD0:1;0x00490CE0:1;0x00490DA0:1;0x00490EF0:1;0x00491400:1;0x00491620:1	runtime_platform	critical_abi	manual_reviewed_existing_assembly_evidence
0x0048A8A0	__amsg_exit	ida_export_catalog	crt	external_crt	mechanical_boundary	code_origin:crt	0x00487BC0:1;0x004907D0:1;0x00490DA0:2;0x00490EF0:1;0x00491620:1;0x00493730:1;0x00497E10:1	0x00491930:1;0x00491980:1	runtime_platform		external_boundary_mechanical
0x0048A8D0	_fast_error_exit	ida_export_catalog	crt	external_crt	mechanical_boundary	code_origin:crt	0x0048A740:1	0x00491930:1;0x00491980:1	runtime_platform		external_boundary_mechanical
0x0048A900	__callnewh	ida_export_catalog	crt	external_crt	mechanical_boundary	code_origin:crt	0x00487C80:1;0x0048A9B0:1;0x0048B1C0:1		runtime_platform		external_boundary_mechanical
0x0048A930	_memset	ida_export_catalog	crt	external_crt	mechanical_boundary	code_origin:crt	0x00487CD0:3;0x00488080:2;0x004885C0:3;0x0048D630:1;0x00492720:1		resource_io		external_boundary_mechanical
0x0048A990	__malloc_base	ida_export_catalog	crt	external_crt	mechanical_boundary	code_origin:crt	0x0048B1C0:1	0x0048A9B0:1	runtime_platform		external_boundary_mechanical
0x0048A9B0	__nh_malloc_base	ida_export_catalog	crt	external_crt	mechanical_boundary	code_origin:crt	0x0048A990:1	0x0048A900:1;0x0048AA10:1	runtime_platform		external_boundary_mechanical
0x0048AA10	__heap_alloc_base	ida_export_catalog	crt	external_crt	mechanical_boundary	code_origin:crt	0x00487CD0:1;0x0048A9B0:1	0x0048BB80:1	runtime_platform		external_boundary_mechanical
0x0048AA70	unknown_libname_49	ida_export_catalog	crt	external_crt	mechanical_boundary	code_origin:crt			runtime_platform		external_boundary_mechanical
0x0048AA80	sub_48AA80	ida_export_catalog	crt	external_crt	mechanical_boundary	code_origin:crt	0x0048AA90:1;0x0048AE20:1		runtime_platform		external_boundary_mechanical
0x0048AA90	__CrtDbgReport	ida_export_catalog	crt	external_crt	mechanical_boundary	code_origin:crt	0x00487CD0:5;0x00488080:11;0x004885C0:10;0x004889D0:4;0x00488B20:1;0x00488BB0:10;0x00489020:2;0x00489180:8;0x00489430:1;0x00489550:1;0x00489D00:1;0x00489D90:2;0x0048AE20:1;0x0048CFD0:2;0x0048E880:2;0x0048EB00:1;0x00491980:1;0x00491CE0:2;0x00491ED0:2;0x00494570:1;0x00496DA0:1;0x004975C0:1;0x00497660:1	0x0048AA80:1;0x0048AE20:1;0x00491B40:1;0x00491C60:1;0x00491CE0:1;0x00491DE0:4;0x00491DF0:3;0x00491ED0:1;0x00491FD0:1	runtime_platform		external_boundary_mechanical
0x0048AE20	_CrtMessageWindow	ida_export_catalog	crt	external_crt	mechanical_boundary	code_origin:crt	0x0048AA90:1	0x0048A390:1;0x0048AA80:1;0x0048AA90:1;0x00491C60:4;0x00491CE0:1;0x00491DE0:2;0x00491FD0:1;0x00492000:1;0x00492220:1;0x004922E0:2	runtime_platform		external_boundary_mechanical
0x0048B130	__expand_base	ida_export_catalog	crt	external_crt	mechanical_boundary	code_origin:crt	0x00488080:1	0x0048B4F0:1;0x0048C3C0:1	runtime_platform		external_boundary_mechanical
0x0048B1C0	__realloc_base	ida_export_catalog	crt	external_crt	mechanical_boundary	code_origin:crt	0x00488080:1	0x0048A900:1;0x0048A990:1;0x0048B390:1;0x0048B4F0:1;0x0048B5B0:2;0x0048BB80:1;0x0048C3C0:1;0x004923E0:2	runtime_platform		external_boundary_mechanical
0x0048B390	__free_base	ida_export_catalog	crt	external_crt	mechanical_boundary	code_origin:crt	0x004885C0:2;0x0048B1C0:1	0x0048B4F0:1;0x0048B5B0:1	runtime_platform		external_boundary_mechanical
0x0048B3E0	__heapchk	ida_export_catalog	crt	external_crt	mechanical_boundary	code_origin:crt	0x00488BB0:1	0x0048C9B0:1	runtime_platform		external_boundary_mechanical
0x0048B440	__heap_init	ida_export_catalog	crt	external_crt	mechanical_boundary	code_origin:crt	0x0048A740:1	0x0048B490:1	runtime_platform		external_boundary_mechanical
0x0048B490	___sbh_heap_init	ida_export_catalog	crt	external_crt	mechanical_boundary	code_origin:crt	0x0048B440:1		runtime_platform		external_boundary_mechanical
0x0048B4F0	___sbh_find_block	ida_export_catalog	crt	external_crt	mechanical_boundary	code_origin:crt	0x00488F90:1;0x0048B130:1;0x0048B1C0:1;0x0048B390:1		runtime_platform		external_boundary_mechanical
0x0048B550	___sbh_verify_block	ida_export_catalog	crt	external_crt	mechanical_boundary	code_origin:crt	0x00488F90:1		runtime_platform		external_boundary_mechanical
0x0048B5B0	___sbh_free_block	ida_export_catalog	crt	external_crt	mechanical_boundary	code_origin:crt	0x0048B1C0:2;0x0048B390:1	0x00489EB0:1	runtime_platform		external_boundary_mechanical
0x0048BB80	___sbh_alloc_block	ida_export_catalog	crt	external_crt	mechanical_boundary	code_origin:crt	0x0048AA10:1;0x0048B1C0:1	0x0048C0C0:1;0x0048C1D0:1	runtime_platform		external_boundary_mechanical
0x0048C0C0	___sbh_alloc_new_region	ida_export_catalog	crt	external_crt	mechanical_boundary	code_origin:crt	0x0048BB80:1		runtime_platform		external_boundary_mechanical
0x0048C1D0	___sbh_alloc_new_group	ida_export_catalog	crt	external_crt	mechanical_boundary	code_origin:crt	0x0048BB80:1		runtime_platform		external_boundary_mechanical
0x0048C3C0	___sbh_resize_block	ida_export_catalog	crt	external_crt	mechanical_boundary	code_origin:crt	0x0048B130:1;0x0048B1C0:1		runtime_platform		external_boundary_mechanical
0x0048C9B0	___sbh_heap_check	ida_export_catalog	crt	external_crt	mechanical_boundary	code_origin:crt	0x0048B3E0:1		runtime_platform		external_boundary_mechanical
0x0048CFD0	_sprintf	ida_export_catalog	crt	external_crt	mechanical_boundary	code_origin:crt	0x00489430:1	0x0048AA90:2;0x0048E880:1;0x0048EB00:1	runtime_platform		external_boundary_mechanical
0x0048D0D0	__isctype	ida_export_catalog	crt	external_crt	mechanical_boundary	code_origin:crt	0x00489430:1;0x0048D260:1;0x00492C30:1;0x00495910:5;0x00496960:2	0x00492720:1	runtime_platform		external_boundary_mechanical
0x0048D190	__setdefaultprecision	ida_export_catalog	crt	external_crt	mechanical_boundary	code_origin:crt	0x004895D0:1	0x00492930:1	runtime_platform		external_boundary_mechanical
0x0048D1B0	__ms_p5_test_fdiv	ida_export_catalog	crt	external_crt	mechanical_boundary	code_origin:crt	0x0048D210:1		runtime_platform		external_boundary_mechanical
0x0048D210	__ms_p5_mp_test_fdiv	ida_export_catalog	crt	external_crt	mechanical_boundary	code_origin:crt	0x004895D0:1	0x0048D1B0:1	runtime_platform		external_boundary_mechanical
0x0048D260	__forcdecpt	ida_export_catalog	crt	external_crt	mechanical_boundary	code_origin:crt		0x0048D0D0:1;0x00492C30:1	runtime_platform		external_boundary_mechanical
0x0048D310	__cropzeros	ida_export_catalog	crt	external_crt	mechanical_boundary	code_origin:crt			runtime_platform		external_boundary_mechanical
0x0048D3F0	__positive	ida_export_catalog	crt	external_crt	mechanical_boundary	code_origin:crt			runtime_platform		external_boundary_mechanical
0x0048D420	__fassign	ida_export_catalog	crt	external_crt	mechanical_boundary	code_origin:crt		0x004933C0:1;0x00493400:1	runtime_platform		external_boundary_mechanical
0x0048D470	__cftoe	ida_export_catalog	crt	external_crt	mechanical_boundary	code_origin:crt	0x0048D8C0:1;0x0048D930:1	0x0048D990:1;0x00491DE0:1;0x00493440:1;0x00493540:1	runtime_platform		external_boundary_mechanical
0x0048D630	__cftof	ida_export_catalog	crt	external_crt	mechanical_boundary	code_origin:crt	0x0048D900:1;0x0048D930:1	0x0048A930:1;0x0048D990:3;0x00493440:1;0x00493540:1	runtime_platform		external_boundary_mechanical
0x0048D7C0	__cftog	ida_export_catalog	crt	external_crt	mechanical_boundary	code_origin:crt	0x0048D930:1	0x0048D8C0:1;0x0048D900:1;0x00493440:1;0x00493540:1	runtime_platform		external_boundary_mechanical
0x0048D8C0	__cftoe_g	ida_export_catalog	crt	external_crt	mechanical_boundary	code_origin:crt	0x0048D7C0:1	0x0048D470:1	runtime_platform		external_boundary_mechanical
0x0048D900	__cftof_g	ida_export_catalog	crt	external_crt	mechanical_boundary	code_origin:crt	0x0048D7C0:1	0x0048D630:1	runtime_platform		external_boundary_mechanical
0x0048D930	__cfltcvt	ida_export_catalog	crt	external_crt	mechanical_boundary	code_origin:crt		0x0048D470:1;0x0048D630:1;0x0048D7C0:1	runtime_platform		external_boundary_mechanical
0x0048D990	__shift	ida_export_catalog	crt	external_crt	mechanical_boundary	code_origin:crt	0x0048D470:1;0x0048D630:3	0x00489EB0:1;0x00491C60:1	runtime_platform		external_boundary_mechanical
0x0048D9C0	___InternalCxxFrameHandler	ida_export_catalog	crt	external_crt	mechanical_boundary	code_origin:crt	0x00489740:1;0x004897F0:1;0x00489900:1	0x0048DAB0:1;0x0048DF30:1;0x0048E700:1	runtime_platform		external_boundary_mechanical
0x0048DAB0	?FindHandler@@YAXPAUEHExceptionRecord@@PAUEHRegistrationNode@@PAU_CONTEXT@@PAXPBU_s_FuncInfo@@EH1@Z	ida_export_catalog	crt	external_crt	mechanical_boundary	code_origin:crt	0x0048D9C0:1	0x00489990:1;0x0048DD50:1;0x0048DE70:1;0x0048E060:1;0x0048E540:1;0x0048E670:1;0x0048E700:3;0x004937E0:1	runtime_platform		external_boundary_mechanical
0x0048DD50	?FindHandlerForForeignException@@YAXPAUEHExceptionRecord@@PAUEHRegistrationNode@@PAU_CONTEXT@@PAXPBU_s_FuncInfo@@HH1@Z	ida_export_catalog	crt	external_crt	mechanical_boundary	code_origin:crt	0x0048DAB0:1	0x00489830:1;0x00489990:1;0x0048E060:1	runtime_platform		external_boundary_mechanical
0x0048DE70	?TypeMatch@@YAHPBU_s_HandlerType@@PBU_s_CatchableType@@PBU_s_ThrowInfo@@@Z	ida_export_catalog	crt	external_crt	mechanical_boundary	code_origin:crt	0x0048DAB0:1	0x00493870:1	runtime_platform		external_boundary_mechanical
0x0048DF30	___FrameUnwindToState	ida_export_catalog	crt	external_crt	mechanical_boundary	code_origin:crt	0x0048D9C0:1;0x0048E060:1	0x0048E030:1;0x0048E620:1;0x0048E700:2	runtime_platform		external_boundary_mechanical
0x0048E030	sub_48E030	ida_export_catalog	crt	external_crt	mechanical_boundary	code_origin:crt	0x0048DF30:1	0x0048E670:1	runtime_platform		external_boundary_mechanical
0x0048E060	unknown_libname_50	ida_export_catalog	crt	external_crt	mechanical_boundary	code_origin:crt	0x0048DAB0:1;0x0048DD50:1	0x00489680:1;0x004896E0:2;0x0048DF30:1;0x0048E120:1;0x0048E2C0:1	runtime_platform		external_boundary_mechanical
0x0048E120	?CallCatchBlock@@YAPAXPAUEHExceptionRecord@@PAUEHRegistrationNode@@PAU_CONTEXT@@PBU_s_FuncInfo@@PAXHK@Z	ida_export_catalog	crt	external_crt	mechanical_boundary	code_origin:crt	0x0048E060:1	0x00489780:1;0x00489A62:1;0x00489ACA:1;0x0048E270:1;0x0048E540:1	runtime_platform		external_boundary_mechanical
0x0048E270	?ExFilterRethrow@@YAHPAU_EXCEPTION_POINTERS@@@Z	ida_export_catalog	crt	external_crt	mechanical_boundary	code_origin:crt	0x0048E120:1		runtime_platform		external_boundary_mechanical
0x0048E2C0	?BuildCatchObject@@YAXPAUEHExceptionRecord@@PAUEHRegistrationNode@@PBU_s_HandlerType@@PBU_s_CatchableType@@@Z	ida_export_catalog	crt	external_crt	mechanical_boundary	code_origin:crt	0x0048E060:1	0x004896C0:1;0x004896D0:1;0x00489EB0:2;0x0048E5D0:5;0x0048E670:1;0x0048E700:4;0x004937E0:4;0x00493810:4;0x00493840:1	runtime_platform		external_boundary_mechanical
0x0048E540	?_DestructExceptionObject@@YAXPAUEHExceptionRecord@@E@Z	ida_export_catalog	crt	external_crt	mechanical_boundary	code_origin:crt	0x0048DAB0:1;0x0048E120:1	0x004896C0:1;0x0048E670:1	runtime_platform		external_boundary_mechanical
0x0048E5D0	___AdjustPointer	ida_export_catalog	crt	external_crt	mechanical_boundary	code_origin:crt	0x0048E2C0:5		runtime_platform		external_boundary_mechanical
0x0048E620	__CallSettingFrame@12	ida_export_catalog	crt	external_crt	mechanical_boundary	code_origin:crt	0x00489780:1;0x0048DF30:1	0x00489AED:2	runtime_platform		external_boundary_mechanical
0x0048E670	sub_48E670	ida_export_catalog	crt	external_crt	mechanical_boundary	code_origin:crt	0x0048A690:1;0x0048DAB0:1;0x0048E030:1;0x0048E2C0:1;0x0048E540:1;0x0048E700:1;0x00493740:1	0x00493900:1	runtime_platform		external_boundary_mechanical
0x0048E700	sub_48E700	ida_export_catalog	crt	external_crt	mechanical_boundary	code_origin:crt	0x00489990:2;0x0048D9C0:1;0x0048DAB0:3;0x0048DF30:2;0x0048E2C0:4	0x0048E670:1	runtime_platform		external_boundary_mechanical
0x0048E790	___loctotime_t	ida_export_catalog	crt	external_crt	mechanical_boundary	code_origin:crt	0x00489B70:1	0x00493920:1;0x00493CD0:1	runtime_platform		external_boundary_mechanical
0x0048E880	__flsbuf	ida_export_catalog	crt	external_crt	mechanical_boundary	code_origin:crt	0x00489D90:1;0x0048CFD0:1;0x0048F830:1;0x00491CE0:1;0x00491ED0:1	0x0048AA90:2;0x004941D0:1;0x004942C0:2;0x00494570:1;0x00494640:1	runtime_platform		external_boundary_mechanical
0x0048EB00	__output	ida_export_catalog	crt	external_crt	mechanical_boundary	code_origin:crt	0x00489D90:1;0x0048CFD0:1;0x00491CE0:1;0x00491ED0:1	0x0048AA90:1;0x0048F830:2;0x0048F8B0:3;0x0048F8F0:3;0x0048F940:10;0x0048F960:1;0x0048F980:1;0x00491C60:2;0x00494670:2;0x00494710:1;0x00494780:1	runtime_platform		external_boundary_mechanical
0x0048F830	_write_char	ida_export_catalog	crt	external_crt	mechanical_boundary	code_origin:crt	0x0048EB00:2;0x0048F8B0:1;0x0048F8F0:1	0x0048E880:1	runtime_platform		external_boundary_mechanical
0x0048F8B0	_write_multi_char	ida_export_catalog	crt	external_crt	mechanical_boundary	code_origin:crt	0x0048EB00:3	0x0048F830:1	runtime_platform		external_boundary_mechanical
0x0048F8F0	_write_string	ida_export_catalog	crt	external_crt	mechanical_boundary	code_origin:crt	0x0048EB00:3	0x0048F830:1	runtime_platform		external_boundary_mechanical
0x0048F940	_get_int_arg	ida_export_catalog	crt	external_crt	mechanical_boundary	code_origin:crt	0x0048EB00:10		runtime_platform		external_boundary_mechanical
0x0048F960	_get_int64_arg	ida_export_catalog	crt	external_crt	mechanical_boundary	code_origin:crt	0x0048EB00:1		runtime_platform		external_boundary_mechanical
0x0048F980	_get_short_arg	ida_export_catalog	crt	external_crt	mechanical_boundary	code_origin:crt	0x0048EB00:1		runtime_platform		external_boundary_mechanical
0x0048F9A0	__frnd	ida_export_catalog	crt	external_crt	mechanical_boundary	code_origin:crt	0x0048A1F0:1		runtime_platform		external_boundary_mechanical
0x0048F9C0	__handle_qnan1	ida_export_catalog	crt	external_crt	mechanical_boundary	code_origin:crt	0x0048A1F0:1	0x00490330:1;0x00490710:1	runtime_platform		external_boundary_mechanical
0x0048FA20	__except1	ida_export_catalog	crt	external_crt	mechanical_boundary	code_origin:crt	0x0048A1F0:2	0x0048FAE0:1;0x0048FFB0:1;0x00490330:1;0x004903D0:1;0x00490450:1;0x00490710:1	runtime_platform		external_boundary_mechanical
0x0048FAE0	__raise_exc	ida_export_catalog	crt	external_crt	mechanical_boundary	code_origin:crt	0x0048FA20:1	0x004906D0:1;0x004906F0:1	runtime_platform		external_boundary_mechanical
0x0048FFB0	__handle_exc	ida_export_catalog	crt	external_crt	mechanical_boundary	code_origin:crt	0x0048FA20:1	0x00490590:1;0x00490750:5	runtime_platform		external_boundary_mechanical
0x00490330	__umatherr	ida_export_catalog	crt	external_crt	mechanical_boundary	code_origin:crt	0x0048F9C0:1;0x0048FA20:1	0x004903D0:2;0x00490410:1;0x00490710:2;0x00494800:1	runtime_platform		external_boundary_mechanical
0x004903D0	__set_errno	ida_export_catalog	crt	external_crt	mechanical_boundary	code_origin:crt	0x0048FA20:1;0x00490330:2		runtime_platform		external_boundary_mechanical
0x00490410	__get_fname	ida_export_catalog	crt	external_crt	mechanical_boundary	code_origin:crt	0x00490330:1		runtime_platform		external_boundary_mechanical
0x00490450	__errcode	ida_export_catalog	crt	external_crt	mechanical_boundary	code_origin:crt	0x0048FA20:1		runtime_platform		external_boundary_mechanical
0x004904D0	__set_exp	ida_export_catalog	crt	external_crt	mechanical_boundary	code_origin:crt	0x00490590:2		runtime_platform		external_boundary_mechanical
0x00490510	__sptype	ida_export_catalog	crt	external_crt	mechanical_boundary	code_origin:crt	0x0048A1F0:1		runtime_platform		external_boundary_mechanical
0x00490590	__decomp	ida_export_catalog	crt	external_crt	mechanical_boundary	code_origin:crt	0x0048FFB0:1	0x004904D0:2	runtime_platform		external_boundary_mechanical
0x004906D0	__statfp	ida_export_catalog	crt	external_crt	mechanical_boundary	code_origin:crt	0x0048FAE0:1		runtime_platform		external_boundary_mechanical
0x004906F0	__clrfp	ida_export_catalog	crt	external_crt	mechanical_boundary	code_origin:crt	0x0048FAE0:1		runtime_platform		external_boundary_mechanical
0x00490710	__ctrlfp	ida_export_catalog	crt	external_crt	mechanical_boundary	code_origin:crt	0x0048A1F0:4;0x0048F9C0:1;0x0048FA20:1;0x00490330:2		runtime_platform		external_boundary_mechanical
0x00490750	__set_statfp	ida_export_catalog	crt	external_crt	mechanical_boundary	code_origin:crt	0x0048FFB0:5		runtime_platform		external_boundary_mechanical
0x004907D0	___initstdio	ida_export_catalog	crt	external_crt	mechanical_boundary	code_origin:crt		0x00487FF0:2;0x0048A8A0:1	runtime_platform		external_boundary_mechanical
0x00490900	___endstdio	ida_export_catalog	crt	external_crt	mechanical_boundary	code_origin:crt		0x00494930:1;0x00494A20:1	runtime_platform		external_boundary_mechanical
0x00490924	__except_handler3	ida_export_catalog	crt	external_crt	mechanical_boundary	code_origin:crt		0x00489A20:1;0x00489A62:2;0x00489AF6:1	runtime_platform		external_boundary_mechanical
0x004909E1	__seh_longjmp_unwind@4	ida_export_catalog	crt	external_crt	mechanical_boundary	code_origin:crt		0x00489A62:1	runtime_platform		external_boundary_mechanical
0x00490A10	_strchr	ida_export_catalog	crt	external_crt	mechanical_boundary	code_origin:crt	0x00497F00:1		runtime_platform		external_boundary_mechanical
0x00490AD0	__XcptFilter	ida_export_catalog	crt	external_crt	mechanical_boundary	code_origin:crt	0x0048A740:1	0x00490C80:1	runtime_platform		external_boundary_mechanical
0x00490C80	_xcptlookup	ida_export_catalog	crt	external_crt	mechanical_boundary	code_origin:crt	0x00490AD0:1		runtime_platform		external_boundary_mechanical
0x00490CE0	__wincmdln	ida_export_catalog	crt	external_crt	mechanical_boundary	code_origin:crt	0x0048A740:1	0x00494AD0:1;0x004952D0:1	runtime_platform		external_boundary_mechanical
0x00490DA0	__setenvp	ida_export_catalog	crt	external_crt	mechanical_boundary	code_origin:crt	0x0048A740:1	0x00487C30:2;0x004885C0:1;0x0048A8A0:2;0x00491C60:2;0x00491DE0:1;0x004952D0:1	runtime_platform		external_boundary_mechanical
0x00490EF0	__setargv	ida_export_catalog	crt	external_crt	mechanical_boundary	code_origin:crt	0x0048A740:1	0x00487C30:1;0x0048A8A0:1;0x00490FD0:2;0x004952D0:1	runtime_platform		external_boundary_mechanical
0x00490FD0	_parse_cmdline	ida_export_catalog	crt	external_crt	mechanical_boundary	code_origin:crt	0x00490EF0:2		runtime_platform		external_boundary_mechanical
0x00491400	___crtGetEnvironmentStringsA	ida_export_catalog	crt	external_crt	mechanical_boundary	code_origin:crt	0x0048A740:1	0x00487C30:2;0x004885C0:1;0x004923E0:1	runtime_platform		external_boundary_mechanical
0x00491620	__ioinit	ida_export_catalog	crt	external_crt	mechanical_boundary	code_origin:crt	0x0048A740:1	0x00487C30:2;0x0048A8A0:1	runtime_platform		external_boundary_mechanical
0x00491930	__FF_MSGBANNER	ida_export_catalog	crt	external_crt	mechanical_boundary	code_origin:crt	0x0048A8A0:1;0x0048A8D0:1	0x00491980:2	runtime_platform		external_boundary_mechanical
0x00491980	__NMSG_WRITE	ida_export_catalog	crt	external_crt	mechanical_boundary	code_origin:crt	0x0048A8A0:1;0x0048A8D0:1;0x00491930:2;0x00493900:1	0x0048AA90:1;0x00491C60:3;0x00491DE0:2;0x00491DF0:3;0x00492220:1;0x004922E0:1	runtime_platform		external_boundary_mechanical
0x00491B40	__itoa	ida_export_catalog	crt	external_crt	mechanical_boundary	code_origin:crt	0x0048AA90:1	0x00491B90:2	runtime_platform		external_boundary_mechanical
0x00491B90	_xtoa	ida_export_catalog	crt	external_crt	mechanical_boundary	code_origin:crt	0x00491B40:2		runtime_platform		external_boundary_mechanical
0x00491C60	_strlen	ida_export_catalog	crt	external_crt	mechanical_boundary	code_origin:crt	0x0048AA90:1;0x0048AE20:4;0x0048D990:1;0x0048EB00:2;0x00490DA0:2;0x00491980:3;0x00493440:1;0x00493950:1;0x00496A60:2;0x00497AB0:1;0x00497E10:1		runtime_platform		external_boundary_mechanical
0x00491CE0	__snprintf	ida_export_catalog	crt	external_crt	mechanical_boundary	code_origin:crt	0x0048AA90:1;0x0048AE20:1	0x0048AA90:2;0x0048E880:1;0x0048EB00:1	runtime_platform		external_boundary_mechanical
0x00491DE0	_strcpy	ida_export_catalog	crt	external_crt	mechanical_boundary	code_origin:crt	0x0048AA90:4;0x0048AE20:2;0x0048D470:1;0x00490DA0:1;0x00491980:2;0x00493950:1;0x00496440:4;0x00497AB0:1;0x00497E10:1		runtime_platform		external_boundary_mechanical
0x00491DF0	_strcat	ida_export_catalog	crt	external_crt	mechanical_boundary	code_origin:crt	0x0048AA90:3;0x00491980:3		runtime_platform		external_boundary_mechanical
0x00491ED0	__vsnprintf	ida_export_catalog	crt	external_crt	mechanical_boundary	code_origin:crt	0x0048AA90:1	0x0048AA90:2;0x0048E880:1;0x0048EB00:1	runtime_platform		external_boundary_mechanical
0x00491FD0	__alloca_probe	ida_export_catalog	crt	external_crt	mechanical_boundary	code_origin:crt	0x0048AA90:1;0x0048AE20:1;0x00492720:1;0x00495300:2;0x00497660:2		runtime_platform		external_boundary_mechanical
0x00492000	_raise	ida_export_catalog	crt	external_crt	mechanical_boundary	code_origin:crt	0x0048AE20:1;0x00493900:1	0x0048A390:1;0x004921C0:1	runtime_platform		external_boundary_mechanical
0x004921C0	_siglookup	ida_export_catalog	crt	external_crt	mechanical_boundary	code_origin:crt	0x00492000:1		runtime_platform		external_boundary_mechanical
0x00492220	___crtMessageBoxA	ida_export_catalog	crt	external_crt	mechanical_boundary	code_origin:crt	0x0048AE20:1;0x00491980:1		runtime_platform		external_boundary_mechanical
0x004922E0	_strncpy	ida_export_catalog	crt	external_crt	mechanical_boundary	code_origin:crt	0x0048AE20:2;0x00491980:1;0x00493950:2		runtime_platform		external_boundary_mechanical
0x004923E0	_memcpy_0	ida_export_catalog	crt	external_crt	mechanical_boundary	code_origin:crt	0x0048B1C0:2;0x00491400:1		runtime_platform		external_boundary_mechanical
0x00492720	___crtGetStringTypeA	ida_export_catalog	crt	external_crt	mechanical_boundary	code_origin:crt	0x0048D0D0:1;0x00494FC0:1	0x0048A930:1;0x00491FD0:1	runtime_platform		external_boundary_mechanical
0x004928E0	__control87	ida_export_catalog	crt	external_crt	mechanical_boundary	code_origin:crt	0x00492930:1	0x00492950:1;0x00492AD0:1	runtime_platform		external_boundary_mechanical
0x00492930	__controlfp	ida_export_catalog	crt	external_crt	mechanical_boundary	code_origin:crt	0x0048D190:1	0x004928E0:1	runtime_platform		external_boundary_mechanical
0x00492950	__abstract_cw	ida_export_catalog	crt	external_crt	mechanical_boundary	code_origin:crt	0x004928E0:1		runtime_platform		external_boundary_mechanical
0x00492AD0	__hw_cw	ida_export_catalog	crt	external_crt	mechanical_boundary	code_origin:crt	0x004928E0:1		runtime_platform		external_boundary_mechanical
0x00492C30	_tolower	ida_export_catalog	crt	external_crt	mechanical_boundary	code_origin:crt	0x0048D260:1	0x0048D0D0:1;0x00495300:1	runtime_platform		external_boundary_mechanical
0x00492D60	__ZeroTail	ida_export_catalog	crt	external_crt	mechanical_boundary	code_origin:crt	0x00492EA0:1		runtime_platform		external_boundary_mechanical
0x00492DF0	__IncMan	ida_export_catalog	crt	external_crt	mechanical_boundary	code_origin:crt	0x00492EA0:1	0x00495610:2	runtime_platform		external_boundary_mechanical
0x00492EA0	__RoundMan	ida_export_catalog	crt	external_crt	mechanical_boundary	code_origin:crt	0x00493130:2	0x00492D60:1;0x00492DF0:1	runtime_platform		external_boundary_mechanical
0x00492F80	__CopyMan	ida_export_catalog	crt	external_crt	mechanical_boundary	code_origin:crt	0x00493130:2		runtime_platform		external_boundary_mechanical
0x00492FD0	__FillZeroMan	ida_export_catalog	crt	external_crt	mechanical_boundary	code_origin:crt	0x00493130:3		runtime_platform		external_boundary_mechanical
0x00493000	__IsZeroMan	ida_export_catalog	crt	external_crt	mechanical_boundary	code_origin:crt	0x00493130:1		runtime_platform		external_boundary_mechanical
0x00493040	__ShrMan	ida_export_catalog	crt	external_crt	mechanical_boundary	code_origin:crt	0x00493130:4		runtime_platform		external_boundary_mechanical
0x00493130	__ld12cvt	ida_export_catalog	crt	external_crt	mechanical_boundary	code_origin:crt	0x00493380:1;0x004933A0:1	0x00492EA0:2;0x00492F80:2;0x00492FD0:3;0x00493000:1;0x00493040:4	runtime_platform		external_boundary_mechanical
0x00493380	sub_493380	ida_export_catalog	crt	external_crt	mechanical_boundary	code_origin:crt	0x004933C0:1	0x00493130:1	runtime_platform		external_boundary_mechanical
0x004933A0	sub_4933A0	ida_export_catalog	crt	external_crt	mechanical_boundary	code_origin:crt	0x00493400:1	0x00493130:1	runtime_platform		external_boundary_mechanical
0x004933C0	sub_4933C0	ida_export_catalog	crt	external_crt	mechanical_boundary	code_origin:crt	0x0048D420:1	0x00493380:1;0x00495910:1	runtime_platform		external_boundary_mechanical
0x00493400	sub_493400	ida_export_catalog	crt	external_crt	mechanical_boundary	code_origin:crt	0x0048D420:1	0x004933A0:1;0x00495910:1	runtime_platform		external_boundary_mechanical
0x00493440	__fptostr	ida_export_catalog	crt	external_crt	mechanical_boundary	code_origin:crt	0x0048D470:1;0x0048D630:1;0x0048D7C0:1	0x00489EB0:1;0x00491C60:1	runtime_platform		external_boundary_mechanical
0x00493540	__fltout	ida_export_catalog	crt	external_crt	mechanical_boundary	code_origin:crt	0x0048D470:1;0x0048D630:1;0x0048D7C0:1	0x004935C0:1;0x00496440:1	runtime_platform		external_boundary_mechanical
0x004935C0	___dtold	ida_export_catalog	crt	external_crt	mechanical_boundary	code_origin:crt	0x00493540:1		runtime_platform		external_boundary_mechanical
0x00493730	__fptrap	ida_export_catalog	crt	external_crt	mechanical_boundary	code_origin:crt		0x0048A8A0:1	runtime_platform		external_boundary_mechanical
0x00493740	?__CxxUnhandledExceptionFilter@@YGJPAU_EXCEPTION_POINTERS@@@Z	ida_export_catalog	crt	external_crt	mechanical_boundary	code_origin:crt		0x0048E670:1;0x00493840:1	runtime_platform		external_boundary_mechanical
0x004937A0	?__CxxSetUnhandledExceptionFilter@@YAXXZ	ida_export_catalog	crt	external_crt	mechanical_boundary	code_origin:crt			runtime_platform		external_boundary_mechanical
0x004937C0	sub_4937C0	ida_export_catalog	crt	external_crt	mechanical_boundary	code_origin:crt			runtime_platform		external_boundary_mechanical
0x004937E0	?_ValidateRead@@YAHPBXI@Z	ida_export_catalog	crt	external_crt	mechanical_boundary	code_origin:crt	0x0048DAB0:1;0x0048E2C0:4		runtime_platform		external_boundary_mechanical
0x00493810	?_ValidateWrite@@YAHPAXI@Z	ida_export_catalog	crt	external_crt	mechanical_boundary	code_origin:crt	0x0048E2C0:4		runtime_platform		external_boundary_mechanical
0x00493840	?_ValidateExecute@@YAHP6GHXZ@Z	ida_export_catalog	crt	external_crt	mechanical_boundary	code_origin:crt	0x0048E2C0:1;0x00493740:1		runtime_platform		external_boundary_mechanical
0x00493870	_strcmp	ida_export_catalog	crt	external_crt	mechanical_boundary	code_origin:crt	0x0048DE70:1;0x00493950:1		runtime_platform		external_boundary_mechanical
0x00493900	_abort	ida_export_catalog	crt	external_crt	mechanical_boundary	code_origin:crt	0x0048E670:1	0x0048A390:1;0x00491980:1;0x00492000:1	runtime_platform		external_boundary_mechanical
0x00493920	___tzset	ida_export_catalog	crt	external_crt	mechanical_boundary	code_origin:crt	0x0048E790:1	0x00493950:1	runtime_platform		external_boundary_mechanical
0x00493950	__tzset	ida_export_catalog	crt	external_crt	mechanical_boundary	code_origin:crt	0x00493920:1	0x00487C30:1;0x004885C0:1;0x00491C60:1;0x00491DE0:1;0x004922E0:2;0x00493870:1;0x00496960:3;0x00496A60:1	runtime_platform		external_boundary_mechanical
0x00493CD0	sub_493CD0	ida_export_catalog	crt	external_crt	mechanical_boundary	code_origin:crt	0x0048E790:1	0x00493FD0:6	runtime_platform		external_boundary_mechanical
0x00493FD0	_cvtdate	ida_export_catalog	crt	external_crt	mechanical_boundary	code_origin:crt	0x00493CD0:6		runtime_platform		external_boundary_mechanical
0x004941D0	__lseek	ida_export_catalog	crt	external_crt	mechanical_boundary	code_origin:crt	0x0048E880:1;0x004942C0:1	0x00496B30:1;0x00496C90:1	runtime_platform		external_boundary_mechanical
0x004942C0	__write	ida_export_catalog	crt	external_crt	mechanical_boundary	code_origin:crt	0x0048E880:2;0x00494870:1	0x004941D0:1;0x00496B30:1	runtime_platform		external_boundary_mechanical
0x00494570	__getbuf	ida_export_catalog	crt	external_crt	mechanical_boundary	code_origin:crt	0x0048E880:1	0x00487C30:1;0x0048AA90:1	runtime_platform		external_boundary_mechanical
0x00494640	__isatty	ida_export_catalog	crt	external_crt	mechanical_boundary	code_origin:crt	0x0048E880:1		runtime_platform		external_boundary_mechanical
0x00494670	_wctomb	ida_export_catalog	crt	external_crt	mechanical_boundary	code_origin:crt	0x0048EB00:2		runtime_platform		external_boundary_mechanical
0x00494710	__aulldiv	ida_export_catalog	crt	external_crt	mechanical_boundary	code_origin:crt	0x0048EB00:1		runtime_platform		external_boundary_mechanical
0x00494780	__aullrem	ida_export_catalog	crt	external_crt	mechanical_boundary	code_origin:crt	0x0048EB00:1		runtime_platform		external_boundary_mechanical
0x00494800	sub_494800	ida_export_catalog	crt	external_crt	mechanical_boundary	code_origin:crt	0x00490330:1		runtime_platform		external_boundary_mechanical
0x00494810	_fflush	ida_export_catalog	crt	external_crt	mechanical_boundary	code_origin:crt	0x00494940:2	0x00494870:1;0x00494940:1;0x00496CF0:1	runtime_platform		external_boundary_mechanical
0x00494870	__flush	ida_export_catalog	crt	external_crt	mechanical_boundary	code_origin:crt	0x00494810:1;0x00496DA0:1	0x004942C0:1	runtime_platform		external_boundary_mechanical
0x00494930	__flushall	ida_export_catalog	crt	external_crt	mechanical_boundary	code_origin:crt	0x00490900:1	0x00494940:1	runtime_platform		external_boundary_mechanical
0x00494940	_flsall	ida_export_catalog	crt	external_crt	mechanical_boundary	code_origin:crt	0x00494810:1;0x00494930:1	0x00494810:2	runtime_platform		external_boundary_mechanical
0x00494A20	__fcloseall	ida_export_catalog	crt	external_crt	mechanical_boundary	code_origin:crt	0x00490900:1	0x004885C0:1;0x00496DA0:1	runtime_platform		external_boundary_mechanical
0x00494AD0	__ismbblead	ida_export_catalog	crt	external_crt	mechanical_boundary	code_origin:crt	0x00490CE0:1	0x00494AF0:1	runtime_platform		external_boundary_mechanical
0x00494AF0	_x_ismbbtype	ida_export_catalog	crt	external_crt	mechanical_boundary	code_origin:crt	0x00494AD0:1		runtime_platform		external_boundary_mechanical
0x00494B60	__setmbcp	ida_export_catalog	crt	external_crt	mechanical_boundary	code_origin:crt	0x004952D0:1	0x00494E60:1;0x00494EC0:2;0x00494F40:2;0x00494FC0:4	runtime_platform		external_boundary_mechanical
0x00494E60	_getSystemCP	ida_export_catalog	crt	external_crt	mechanical_boundary	code_origin:crt	0x00494B60:1		runtime_platform		external_boundary_mechanical
0x00494EC0	_CPtoLCID	ida_export_catalog	crt	external_crt	mechanical_boundary	code_origin:crt	0x00494B60:2		runtime_platform		external_boundary_mechanical
0x00494F40	_setSBCS	ida_export_catalog	crt	external_crt	mechanical_boundary	code_origin:crt	0x00494B60:2		runtime_platform		external_boundary_mechanical
0x00494FC0	_setSBUpLow	ida_export_catalog	crt	external_crt	mechanical_boundary	code_origin:crt	0x00494B60:4	0x00492720:1;0x00495300:2	runtime_platform		external_boundary_mechanical
0x004952D0	___initmbctable	ida_export_catalog	crt	external_crt	mechanical_boundary	code_origin:crt	0x00490CE0:1;0x00490DA0:1;0x00490EF0:1	0x00494B60:1	runtime_platform		external_boundary_mechanical
0x00495300	___crtLCMapStringA	ida_export_catalog	crt	external_crt	mechanical_boundary	code_origin:crt	0x00492C30:1;0x00494FC0:2	0x00491FD0:2;0x00497A60:1	runtime_platform		external_boundary_mechanical
0x00495610	___addl	ida_export_catalog	crt	external_crt	mechanical_boundary	code_origin:crt	0x00492DF0:2;0x00495650:4;0x00496E80:1		runtime_platform		external_boundary_mechanical
0x00495650	___add_12	ida_export_catalog	crt	external_crt	mechanical_boundary	code_origin:crt	0x004957D0:2;0x00496440:1	0x00495610:4	runtime_platform		external_boundary_mechanical
0x00495700	___shl_12	ida_export_catalog	crt	external_crt	mechanical_boundary	code_origin:crt	0x004957D0:4;0x00496440:4;0x00496E80:1		runtime_platform		external_boundary_mechanical
0x00495760	___shr_12	ida_export_catalog	crt	external_crt	mechanical_boundary	code_origin:crt	0x00496440:1;0x00496E80:1		runtime_platform		external_boundary_mechanical
0x004957D0	___mtold12	ida_export_catalog	crt	external_crt	mechanical_boundary	code_origin:crt	0x00495910:1	0x00495650:2;0x00495700:4	runtime_platform		external_boundary_mechanical
0x00495910	___strgtold12	ida_export_catalog	crt	external_crt	mechanical_boundary	code_origin:crt	0x004933C0:1;0x00493400:1	0x0048D0D0:5;0x004957D0:1;0x004972C0:1	runtime_platform		external_boundary_mechanical
0x00496440	_$I10_OUTPUT	ida_export_catalog	crt	external_crt	mechanical_boundary	code_origin:crt	0x00493540:1	0x00491DE0:4;0x00495650:1;0x00495700:4;0x00495760:1;0x00496E80:1;0x004972C0:1	runtime_platform		external_boundary_mechanical
0x00496960	_atol	ida_export_catalog	crt	external_crt	mechanical_boundary	code_origin:crt	0x00493950:3	0x0048D0D0:2	runtime_platform		external_boundary_mechanical
0x00496A60	_getenv	ida_export_catalog	crt	external_crt	mechanical_boundary	code_origin:crt	0x00493950:1	0x00491C60:2;0x004973D0:1;0x00497420:1	runtime_platform		external_boundary_mechanical
0x00496B30	__dosmaperr	ida_export_catalog	crt	external_crt	mechanical_boundary	code_origin:crt	0x004941D0:1;0x004942C0:1;0x004974D0:1		runtime_platform		external_boundary_mechanical
0x00496BC0	__free_osfhnd	ida_export_catalog	crt	external_crt	mechanical_boundary	code_origin:crt	0x004974D0:1		runtime_platform		external_boundary_mechanical
0x00496C90	__get_osfhandle	ida_export_catalog	crt	external_crt	mechanical_boundary	code_origin:crt	0x004941D0:1;0x00496CF0:1;0x004974D0:4		runtime_platform		external_boundary_mechanical
0x00496CF0	__commit	ida_export_catalog	crt	external_crt	mechanical_boundary	code_origin:crt	0x00494810:1	0x00496C90:1	runtime_platform		external_boundary_mechanical
0x00496DA0	_fclose	ida_export_catalog	crt	external_crt	mechanical_boundary	code_origin:crt	0x00494A20:1	0x004885C0:1;0x0048AA90:1;0x00494870:1;0x004974D0:1;0x004975C0:1	runtime_platform		external_boundary_mechanical
0x00496E80	___ld12mul	ida_export_catalog	crt	external_crt	mechanical_boundary	code_origin:crt	0x00496440:1;0x004972C0:1	0x00495610:1;0x00495700:1;0x00495760:1	runtime_platform		external_boundary_mechanical
0x004972C0	___multtenpow12	ida_export_catalog	crt	external_crt	mechanical_boundary	code_origin:crt	0x00495910:1;0x00496440:1	0x00496E80:1	runtime_platform		external_boundary_mechanical
0x00497390	__allmul	ida_export_catalog	crt	external_crt	mechanical_boundary	code_origin:crt			runtime_platform		external_boundary_mechanical
0x004973D0	__mbsnbicoll	ida_export_catalog	crt	external_crt	mechanical_boundary	code_origin:crt	0x00496A60:1;0x00497D90:1	0x00497660:1	runtime_platform		external_boundary_mechanical
0x00497420	___wtomb_environ	ida_export_catalog	crt	external_crt	mechanical_boundary	code_origin:crt	0x00496A60:1;0x00497AB0:1	0x00487C30:1;0x00497AB0:1	runtime_platform		external_boundary_mechanical
0x004974D0	__close	ida_export_catalog	crt	external_crt	mechanical_boundary	code_origin:crt	0x00496DA0:1	0x00496B30:1;0x00496BC0:1;0x00496C90:4	runtime_platform		external_boundary_mechanical
0x004975C0	__freebuf	ida_export_catalog	crt	external_crt	mechanical_boundary	code_origin:crt	0x00496DA0:1	0x004885C0:1;0x0048AA90:1	runtime_platform		external_boundary_mechanical
0x00497660	___crtCompareStringA	ida_export_catalog	crt	external_crt	mechanical_boundary	code_origin:crt	0x004973D0:1	0x0048AA90:1;0x00491FD0:2;0x00497A60:2	runtime_platform		external_boundary_mechanical
0x00497A60	_strncnt	ida_export_catalog	crt	external_crt	mechanical_boundary	code_origin:crt	0x00495300:1;0x00497660:2		runtime_platform		external_boundary_mechanical
0x00497AB0	___crtsetenv	ida_export_catalog	crt	external_crt	mechanical_boundary	code_origin:crt	0x00497420:1	0x00487C30:3;0x00488050:2;0x004885C0:2;0x00491C60:1;0x00491DE0:1;0x00497420:1;0x00497D90:1;0x00497E10:1;0x00497F00:1	runtime_platform		external_boundary_mechanical
0x00497D90	_findenv	ida_export_catalog	crt	external_crt	mechanical_boundary	code_origin:crt	0x00497AB0:1	0x004973D0:1	runtime_platform		external_boundary_mechanical
0x00497E10	_copy_environ	ida_export_catalog	crt	external_crt	mechanical_boundary	code_origin:crt	0x00497AB0:1	0x00487C30:2;0x0048A8A0:1;0x00491C60:1;0x00491DE0:1	runtime_platform		external_boundary_mechanical
0x00497F00	__mbschr	ida_export_catalog	crt	external_crt	mechanical_boundary	code_origin:crt	0x00497AB0:1	0x00490A10:1	runtime_platform		external_boundary_mechanical
0x00497FC6	RtlUnwind	ida_export_catalog	crt	external_crt	mechanical_boundary	code_origin:crt	0x004896E0:1;0x00489A20:1		runtime_platform		external_boundary_mechanical
