archive	record_ordinal	sound_id	name_bytes_hex	name_cp950	raw_size_field_hex	runtime_payload_size_bytes	raw_size_high_bits_hex	payload_offset_hex	stored_metadata_id	raw_type_field_hex	runtime_type_low2	reserved_24_hex	reserved_28_hex	nonempty	same_offset_view_count	view_kind
all.snd	1	1	6361743031	cat01	000085C6	34246	00000000	000203BC	1	00000000	0	00000000	00000000	1	1	base_physical_block
all.snd	2	2	6361743032	cat02	0000D97A	55674	00000000	00028982	2	00000000	0	00000000	00000000	1	1	base_physical_block
all.snd	3	3	646F673031	dog01	0000F00E	61454	00000000	000362FC	3	00000000	0	00000000	00000000	1	1	base_physical_block
all.snd	4	4	646F673032	dog02	00008F56	36694	00000000	0004530A	4	00000000	0	00000000	00000000	1	1	base_physical_block
all.snd	5	5	646F673033	dog03	0000EEDE	61150	00000000	0004E260	5	00000000	0	00000000	00000000	1	1	base_physical_block
all.snd	6	6	3133302D31	130-1	0000D4AE	54446	00000000	0005D13E	6	00000000	0	00000000	00000000	1	1	base_physical_block
all.snd	7	7	3133302D32	130-2	0000622E	25134	00000000	0006A5EC	7	00000000	0	00000000	00000000	1	1	base_physical_block
all.snd	8	8	3133302D33	130-3	00002F9E	12190	00000000	0007081A	8	00000000	0	00000000	00000000	1	1	base_physical_block
all.snd	9	9	3133302D34	130-4	0000920A	37386	00000000	000737B8	9	00000000	0	00000000	00000000	1	1	base_physical_block
all.snd	10	10	A5A8B8BF31	巨蛾1	00003983	14723	00000000	0007C9C2	10	00000000	0	00000000	00000000	1	1	base_physical_block
all.snd	11	11	A5A8B8BF32	巨蛾2	000051D5	20949	00000000	00080345	11	00000000	0	00000000	00000000	1	1	base_physical_block
all.snd	12	12	A6E6ABCD31	行屍1	00009376	37750	00000000	0008551A	12	00000000	0	00000000	00000000	1	1	base_physical_block
all.snd	13	13	A6E6ABCD32	行屍2	00008AB6	35510	00000000	0008E890	13	00000000	0	00000000	00000000	1	1	base_physical_block
all.snd	14	14	A8DCBEA731	侏儒1	0000451A	17690	00000000	00097346	14	00000000	0	00000000	00000000	1	1	base_physical_block
all.snd	15	15	A8DCBEA732	侏儒2	0000836A	33642	00000000	0009B860	15	00000000	0	00000000	00000000	1	1	base_physical_block
all.snd	16	16	A8DCBEA733	侏儒3	000010A8	4264	00000000	000A3BCA	16	00000000	0	00000000	00000000	1	1	base_physical_block
all.snd	17	17	A8DCBEA7332D31	侏儒3-1	00001D9A	7578	00000000	000A4C72	17	00000000	0	00000000	00000000	1	1	base_physical_block
all.snd	18	18	ABD5C64631	幽靈1	0000AC7A	44154	00000000	000CD357	18	00000000	0	00000000	00000000	1	1	base_physical_block
all.snd	19	19	AC72C3CA31	毒蟾1	0000263C	9788	00000000	000A6A0C	19	00000000	0	00000000	00000000	1	1	base_physical_block
all.snd	20	20	AC72C3CA32	毒蟾2	000027B2	10162	00000000	000A9048	20	00000000	0	00000000	00000000	1	1	base_physical_block
all.snd	21	21	AC72C3CA33	毒蟾3	00008310	33552	00000000	000AB7FA	21	00000000	0	00000000	00000000	1	1	base_physical_block
all.snd	22	22	B34431	蛇1	00005194	20884	00000000	0040230A	22	00000000	0	00000000	00000000	1	1	base_physical_block
all.snd	23	23	B34432	蛇2	000010E2	4322	00000000	0040749E	23	00000000	0	00000000	00000000	1	1	base_physical_block
all.snd	24	24	B34433	蛇3	000071EE	29166	00000000	00408580	24	00000000	0	00000000	00000000	1	1	base_physical_block
all.snd	25	25	BB6AB5EF312D31	蜘蛛1-1	000047CF	18383	00000000	000B3B0A	25	00000000	0	00000000	00000000	1	1	base_physical_block
all.snd	26	26	BB6AB5EF312D32	蜘蛛1-2	00001AF7	6903	00000000	000B82D9	26	00000000	0	00000000	00000000	1	1	base_physical_block
all.snd	27	27	BB6AB5EF32	蜘蛛2	0000109C	4252	00000000	000B9DD0	27	00000000	0	00000000	00000000	1	1	base_physical_block
all.snd	28	28	BDBFBDBB31	蝙蝠1	000040EE	16622	00000000	000BAE6C	28	00000000	0	00000000	00000000	1	1	base_physical_block
all.snd	29	29	BDBFBDBB32	蝙蝠2	000037E4	14308	00000000	000BEF5A	29	00000000	0	00000000	00000000	1	1	base_physical_block
all.snd	30	30	BDBFBDBB33	蝙蝠3	0000AC19	44057	00000000	000C273E	30	00000000	0	00000000	00000000	1	1	base_physical_block
all.snd	31	31	ABD5C64632	幽靈2	0000C61E	50718	00000000	000D7FD1	31	00000000	0	00000000	00000000	1	1	base_physical_block
all.snd	32	32	AA6BAD78312D31	法軍1-1	0000192A	6442	00000000	000E45EF	32	00000000	0	00000000	00000000	1	1	base_physical_block
all.snd	33	33	AA6BAD78312D32	法軍1-2	00005CAE	23726	00000000	000E5F19	33	00000000	0	00000000	00000000	1	1	base_physical_block
all.snd	34	34	B1D0A468312D31	教士1-1	00005628	22056	00000000	010E9E0E	34	00000000	0	00000000	00000000	1	1	base_physical_block
all.snd	35	35	B1D0A468312D32	教士1-2	0000EFCA	61386	00000000	000EBBC7	35	00000000	0	00000000	00000000	1	1	base_physical_block
all.snd	36	36	B1D0A468312D33	教士1-3	0000623A	25146	00000000	000FAB91	36	00000000	0	00000000	00000000	1	1	base_physical_block
all.snd	37	37	A4F4AD78312D31	水軍1-1	000053B4	21428	00000000	0044143B	37	00000000	0	00000000	00000000	1	1	base_physical_block
all.snd	38	38	A4F4AD78312D32	水軍1-2	000052EA	21226	00000000	004467EF	38	00000000	0	00000000	00000000	1	1	base_physical_block
all.snd	39	39	AA5AB9AC312D31	武僧1-1	00003572	13682	00000000	00100DCB	39	00000000	0	00000000	00000000	1	1	base_physical_block
all.snd	40	40	AA5AB9AC312D32	武僧1-2	00006924	26916	00000000	0010433D	40	00000000	0	00000000	00000000	1	1	base_physical_block
all.snd	41	41	B6C2C34DA4687E31	黑騎士~1	00015F5A	89946	00000000	00538686	41	00000000	0	00000000	00000000	1	1	base_physical_block
all.snd	42	42	B6C2C34DA4687E32	黑騎士~2	0000AF48	44872	00000000	0054E5E0	42	00000000	0	00000000	00000000	1	1	base_physical_block
all.snd	43	43	B6C2C34DA4687E33	黑騎士~3	00017B00	97024	00000000	00559528	43	00000000	0	00000000	00000000	1	1	base_physical_block
all.snd	44	44	AEC9B6A1A8EC32	時間到2	0000D8DE	55518	00000000	0010AC61	44	00000000	0	00000000	00000000	1	1	base_physical_block
all.snd	45	45	BED4B0ABB67D7E31	戰鬥開~1	00002DAE	11694	00000000	006B14D3	45	00000000	0	00000000	00000000	1	1	base_physical_block
all.snd	46	46	BFEFBEDCC16E35	選擇聲5	000015B4	5556	00000000	00650249	46	00000000	0	00000000	00000000	1	1	base_physical_block
all.snd	47	47	A4A3A8A331	不見1	00003CB0	15536	00000000	0011853F	47	00000000	0	00000000	00000000	1	1	base_physical_block
all.snd	48	48	A545B27B	乍現	00002D08	11528	00000000	0011C1EF	48	00000000	0	00000000	00000000	1	1	base_physical_block
all.snd	49	49	A6BAA460	死亡	000126BA	75450	00000000	0011EEF7	49	00000000	0	00000000	00000000	1	1	base_physical_block
all.snd	50	50	ACFCA7F9B2EF7E31	美杜莎~1	0000A944	43332	00000000	00141E73	50	00000000	0	00000000	00000000	1	1	base_physical_block
all.snd	51	51	ACFCA7F9B2EF7E32	美杜莎~2	0000A052	41042	00000000	001315B1	51	00000000	0	00000000	00000000	1	1	base_physical_block
all.snd	52	52	ACFCA7F9B2EF7E33	美杜莎~3	00006870	26736	00000000	0013B603	52	00000000	0	00000000	00000000	1	1	base_physical_block
all.snd	53	53	ACFCA7F9B2EF7E34	美杜莎~4	00013A22	80418	00000000	00154069	53	00000000	0	00000000	00000000	1	1	base_physical_block
all.snd	54	54	ACFCA7F9B2EF7E35	美杜莎~5	000078B2	30898	00000000	0014C7B7	54	00000000	0	00000000	00000000	1	1	base_physical_block
all.snd	55	55	A5DBAAF9A7D67E31	石門快~1	0001025E	66142	00000000	00167A8B	55	00000000	0	00000000	00000000	1	1	base_physical_block
all.snd	56	56	A5DBAAF9BA437E31	石門慢~1	0000F9D2	63954	00000000	001A2593	56	00000000	0	00000000	00000000	1	1	base_physical_block
all.snd	57	57	BEF7C3F6B9427E31	機關運~1	0002A8AA	174250	00000000	00177CE9	57	00000000	0	00000000	00000000	1	1	base_physical_block
all.snd	58	58	A5DBAAF9BA437E32	石門慢~2	00003E22	15906	00000000	001B1F65	58	00000000	0	00000000	00000000	1	1	base_physical_block
all.snd	59	59	A4ECA7F7BF557E31	木材燃~1	0001ACAA	109738	00000000	001B5D87	59	00000000	0	00000000	00000000	1	1	base_physical_block
all.snd	60	60	A9DEBC43C16E	拔劍聲	00005672	22130	00000000	001D0A31	60	00000000	0	00000000	00000000	1	1	base_physical_block
all.snd	61	61	B2FABDACB351A5B4	莉蓮被打	0000456A	17770	00000000	001D60A3	61	00000000	0	00000000	00000000	1	1	base_physical_block
all.snd	62	62	B374B4A7BC43	速揮劍	00001C80	7296	00000000	001DA60D	62	00000000	0	00000000	00000000	1	1	base_physical_block
all.snd	63	63	B9C4AEF028A86B29	嘆氣(男)	000089C6	35270	00000000	001DC28D	63	00000000	0	00000000	00000000	1	1	base_physical_block
all.snd	64	64	B9C4AEF031287E31	嘆氣1(~1	00006784	26500	00000000	001E4C53	64	00000000	0	00000000	00000000	1	1	base_physical_block
all.snd	65	65	BC43ACE5C16E	劍砍聲	000025FA	9722	00000000	001EB3D7	65	00000000	0	00000000	00000000	1	1	base_physical_block
all.snd	66	66	C272A5ACC16E7E31	瀑布聲~1	000213E4	136164	00000000	006022F7	66	00000000	0	00000000	00000000	1	1	base_physical_block
all.snd	67	67	B3BEA9E7AFCDBB48	鳥拍翅膀	0001CAEA	117482	00000000	001ED9D1	67	00000000	0	00000000	00000000	1	1	base_physical_block
all.snd	68	68	C246A46CA573	鴿子叫	00004F4A	20298	00000000	0020A4BB	68	00000000	0	00000000	00000000	1	1	base_physical_block
all.snd	69	69	A661BABBA4FC7E31	地獄犬~1	0000AC30	44080	00000000	0020F405	69	00000000	0	00000000	00000000	1	1	base_physical_block
all.snd	70	70	A661BABBA4FC7E32	地獄犬~2	00007874	30836	00000000	0021A035	70	00000000	0	00000000	00000000	1	1	base_physical_block
all.snd	71	71	A661BABBA4FC7E33	地獄犬~3	0000F1BA	61882	00000000	002218A9	71	00000000	0	00000000	00000000	1	1	base_physical_block
all.snd	72	72	A661BABBA4FC7E34	地獄犬~4	000101E0	66016	00000000	00230A63	72	00000000	0	00000000	00000000	1	1	base_physical_block
all.snd	73	73	B27EA46B312D31	瓶女1-1	0000F09C	61596	00000000	004E0BEC	73	00000000	0	00000000	00000000	1	1	base_physical_block
all.snd	74	74	B27EA46B312D32	瓶女1-2	000107F6	67574	00000000	004EFC88	74	00000000	0	00000000	00000000	1	1	base_physical_block
all.snd	75	75	3030362D6131	006-a1	000204CC	132300	00000000	00240C43	75	00000000	0	00000000	00000000	1	1	base_physical_block
all.snd	76	76	3030362D64	006-d	0001F4AE	128174	00000000	0026110F	76	00000000	0	00000000	00000000	1	1	base_physical_block
all.snd	77	77	A562A448B0A87E31	半人馬~1	000089D8	35288	00000000	002805BD	77	00000000	0	00000000	00000000	1	1	base_physical_block
all.snd	78	78	A562A448B0A87E32	半人馬~2	00006B62	27490	00000000	00288F95	78	00000000	0	00000000	00000000	1	1	base_physical_block
all.snd	79	79	A562A448B0A87E33	半人馬~3	000217A2	137122	00000000	0028FAF7	79	00000000	0	00000000	00000000	1	1	base_physical_block
all.snd	80	80	A76CA6E5B0AD7E31	吸血鬼~1	000113F8	70648	00000000	0045C275	80	00000000	0	00000000	00000000	1	1	base_physical_block
all.snd	81	81	A76CA6E5B0AD7E32	吸血鬼~2	000113F8	70648	00000000	0046D66D	81	00000000	0	00000000	00000000	1	1	base_physical_block
all.snd	82	82	B073A9B1C3F67E31	酒店關~1	000030CE	12494	00000000	003CE4FA	82	00000000	0	00000000	00000000	1	1	base_physical_block
all.snd	83	83	656C2D6C656E	el-len	0000C834	51252	00000000	003A40E0	83	00000000	0	00000000	00000000	1	1	base_physical_block
all.snd	84	84	66697265322D31	fire2-1	0000AB9A	43930	00000000	0030EE3D	84	00000000	0	00000000	00000000	1	1	base_physical_block
all.snd	85	85	656C2D6C656E32	el-len2	00007A2C	31276	00000000	003B0914	85	00000000	0	00000000	00000000	1	1	base_physical_block
all.snd	86	86	66697265332D32	fire3-2	00004F58	20312	00000000	0033B9EF	86	00000000	0	00000000	00000000	1	1	base_physical_block
all.snd	87	87	66697265332D33	fire3-3	0000725C	29276	00000000	00340947	87	00000000	0	00000000	00000000	1	1	base_physical_block
all.snd	88	88	66697265322D32	fire2-2	00005316	21270	00000000	003199D7	88	00000000	0	00000000	00000000	1	1	base_physical_block
all.snd	89	89	C1C9AF53A7F0C0BB	賽特攻擊	00003A72	14962	00000000	003A066E	89	00000000	0	00000000	00000000	1	1	base_physical_block
all.snd	90	90	C1C9AF53AC497E32	賽特施~2	0002C77A	182138	00000000	00BEA2BC	90	00000000	0	00000000	00000000	1	1	base_physical_block
all.snd	91	91	A9F2C059B1DBC2E0	斧頭旋轉	0001232E	74542	00000000	003BC1CC	91	00000000	0	00000000	00000000	1	1	base_physical_block
all.snd	92	92	C1C9AF53B4A7BC43	賽特揮劍	00003408	13320	00000000	002B1299	92	00000000	0	00000000	00000000	1	1	base_physical_block
all.snd	93	93	C1C9AF53C0BBA4A4	賽特擊中	00001F98	8088	00000000	002B46A1	93	00000000	0	00000000	00000000	1	1	base_physical_block
all.snd	94	94	696365312D31	ice1-1	000104BE	66750	00000000	002B6639	94	00000000	0	00000000	00000000	1	1	base_physical_block
all.snd	95	95	69636532	ice2	0000AB14	43796	00000000	002C6AF7	95	00000000	0	00000000	00000000	1	1	base_physical_block
all.snd	96	96	696365332D31	ice3-1	0000D862	55394	00000000	002D160B	96	00000000	0	00000000	00000000	1	1	base_physical_block
all.snd	97	97	656C312D312D31	el1-1-1	0000AA7E	43646	00000000	002F3C73	97	00000000	0	00000000	00000000	1	1	base_physical_block
all.snd	98	98	656C312D322D31	el1-2-1	00001D1A	7450	00000000	002DEE6D	98	00000000	0	00000000	00000000	1	1	base_physical_block
all.snd	99	99	656C312D322D32	el1-2-2	00003F14	16148	00000000	002E0B87	99	00000000	0	00000000	00000000	1	1	base_physical_block
all.snd	100	100	656C312D33	el1-3	0000F1D8	61912	00000000	002E4A9B	100	00000000	0	00000000	00000000	1	1	base_physical_block
all.snd	101	101	3030362D31	006-1	0000FA86	64134	00000000	00794434	101	00000000	0	00000000	00000000	1	1	base_physical_block
all.snd	102	102	3030362D32	006-2	00010326	66342	00000000	007A3EBA	102	00000000	0	00000000	00000000	1	1	base_physical_block
all.snd	103	103	6669726562617E31	fireba~1	0001CB86	117638	00000000	0034B3E1	103	00000000	0	00000000	00000000	1	1	base_physical_block
all.snd	104	104	6669726562617E32	fireba~2	000103C4	66500	00000000	00367F67	104	00000000	0	00000000	00000000	1	1	base_physical_block
all.snd	105	105	66697265312D31	fire1-1	00005AC6	23238	00000000	002FE6F1	105	00000000	0	00000000	00000000	1	1	base_physical_block
all.snd	106	106	66697265312D32	fire1-2	0000AC86	44166	00000000	003041B7	106	00000000	0	00000000	00000000	1	1	base_physical_block
all.snd	107	107	66697265332D31	fire3-1	0001CD02	118018	00000000	0031ECED	107	00000000	0	00000000	00000000	1	1	base_physical_block
all.snd	108	108	6669726534	fire4	0000383E	14398	00000000	00347BA3	108	00000000	0	00000000	00000000	1	1	base_physical_block
all.snd	109	109	A5DBB0A9B3BD7E31	石骨魚~1	000022BA	8890	00000000	0044BAD9	109	00000000	0	00000000	00000000	1	1	base_physical_block
all.snd	110	110	A5DBB0A9B3BD7E32	石骨魚~2	000027DC	10204	00000000	0044DD93	110	00000000	0	00000000	00000000	1	1	base_physical_block
all.snd	111	111	A55BC1C9A65D7E33	加賽因~3	00007B88	31624	00000000	0037832B	111	00000000	0	00000000	00000000	1	1	base_physical_block
all.snd	112	112	A55BC1C9A65D7E34	加賽因~4	0000436E	17262	00000000	0037FEB3	112	00000000	0	00000000	00000000	1	1	base_physical_block
all.snd	113	113	A55BC1C9A65D7E31	加賽因~1	00001569	5481	00000000	00384221	113	00000000	0	00000000	00000000	1	1	base_physical_block
all.snd	114	114	A55BC1C9A65D7E32	加賽因~2	00003DC6	15814	00000000	0038578A	114	00000000	0	00000000	00000000	1	1	base_physical_block
all.snd	115	115	BC43A5B4B2AF	劍打盔	00004474	17524	00000000	00389550	115	00000000	0	00000000	00000000	1	1	base_physical_block
all.snd	116	116	C1C9AF53BD6DA7AF	賽特練妖	0000DFEE	57326	00000000	0038D9C4	116	00000000	0	00000000	00000000	1	1	base_physical_block
all.snd	117	117	C1C9AF53B351A5B4	賽特被打	00004CBC	19644	00000000	0039B9B2	117	00000000	0	00000000	00000000	1	1	base_physical_block
all.snd	118	118	A9F2C059B5DBA661	斧頭著地	00003E8C	16012	00000000	003B8340	118	00000000	0	00000000	00000000	1	1	base_physical_block
all.snd	119	119	C1C9AF53B65D7E31	賽特跑~1	00001538	5432	00000000	003D15C8	119	00000000	0	00000000	00000000	1	1	base_physical_block
all.snd	120	120	C1C9AF53B65D7E32	賽特跑~2	00001AEC	6892	00000000	003D2B00	120	00000000	0	00000000	00000000	1	1	base_physical_block
all.snd	121	121	B3C1BAB8B4B57E31	麥爾斯~1	0000450E	17678	00000000	005E1DF7	121	00000000	0	00000000	00000000	1	1	base_physical_block
all.snd	122	122	B3C1BAB8B4B57E33	麥爾斯~3	00004DEE	19950	00000000	005E6305	122	00000000	0	00000000	00000000	1	1	base_physical_block
all.snd	123	123	B16AA7F0C0BB31	強攻擊1	0000D728	55080	00000000	003D45EC	123	00000000	0	00000000	00000000	1	1	base_physical_block
all.snd	124	124	B16AA7F0C0BB32	強攻擊2	000067BA	26554	00000000	003E1D14	124	00000000	0	00000000	00000000	1	1	base_physical_block
all.snd	125	125	A45AA967B2EF7E33	凡妮莎~3	0000330A	13066	00000000	003E84CE	125	00000000	0	00000000	00000000	1	1	base_physical_block
all.snd	126	126	A45AA967B2EF7E36	凡妮莎~6	0000205A	8282	00000000	003EB7D8	126	00000000	0	00000000	00000000	1	1	base_physical_block
all.snd	127	127	B8F5A65EC16E	跳回聲	00000D02	3330	00000000	005A40AB	127	00000000	0	00000000	00000000	1	1	base_physical_block
all.snd	128	128	C248A9C731	黏怪1	00006750	26448	00000000	003ED832	128	00000000	0	00000000	00000000	1	1	base_physical_block
all.snd	129	129	C248A9C732	黏怪2	000040D8	16600	00000000	003F3F82	129	00000000	0	00000000	00000000	1	1	base_physical_block
all.snd	130	130	C248A9C733	黏怪3	0000A2B0	41648	00000000	003F805A	130	00000000	0	00000000	00000000	1	1	base_physical_block
all.snd	131	131	B7E0A46C31	獅子1	00002FF9	12281	00000000	0040F76E	131	00000000	0	00000000	00000000	1	1	base_physical_block
all.snd	132	132	B7E0A46C32	獅子2	0000541A	21530	00000000	00412767	132	00000000	0	00000000	00000000	1	1	base_physical_block
all.snd	133	133	B7E0A46C33	獅子3	000093FE	37886	00000000	00417B81	133	00000000	0	00000000	00000000	1	1	base_physical_block
all.snd	134	134	A4BDC0EF312D31	公爵1-1	00013F6A	81770	00000000	00420F7F	134	00000000	0	00000000	00000000	1	1	base_physical_block
all.snd	135	135	A4BDC0EF312D32	公爵1-2	0000C552	50514	00000000	00434EE9	135	00000000	0	00000000	00000000	1	1	base_physical_block
all.snd	136	136	A6D1AAEA31	老虎1	0000675E	26462	00000000	0059AC41	136	00000000	0	00000000	00000000	1	1	base_physical_block
all.snd	137	137	A6D1AAEA32	老虎2	00002D0C	11532	00000000	005A139F	137	00000000	0	00000000	00000000	1	1	base_physical_block
all.snd	138	138	A6D1AAEA33	老虎3	0000BD06	48390	00000000	0045056F	138	00000000	0	00000000	00000000	1	1	base_physical_block
all.snd	139	139	A7B9A6A8	完成	000044DA	17626	00000000	0047EA65	139	00000000	0	00000000	00000000	1	1	base_physical_block
all.snd	140	140	A8CFA5CEA5A27E31	使用失~1	00002BEA	11242	00000000	00482F3F	140	00000000	0	00000000	00000000	1	1	base_physical_block
all.snd	141	141	ABD7ABD7B3BE31	度度鳥1	0000259C	9628	00000000	00485B29	141	00000000	0	00000000	00000000	1	1	base_physical_block
all.snd	142	142	ABD7ABD7B3BE32	度度鳥2	000019D0	6608	00000000	004880C5	142	00000000	0	00000000	00000000	1	1	base_physical_block
all.snd	143	143	ABD7ABD7B3BE33	度度鳥3	00012BC6	76742	00000000	00489A95	143	00000000	0	00000000	00000000	1	1	base_physical_block
all.snd	144	144	ADB9A448AAE131	食人花1	00004360	17248	00000000	0049C65B	144	00000000	0	00000000	00000000	1	1	base_physical_block
all.snd	145	145	ADB9A448AAE132	食人花2	000062CA	25290	00000000	004A09BB	145	00000000	0	00000000	00000000	1	1	base_physical_block
all.snd	146	146	AF5431	狼1	00008764	34660	00000000	004A6C85	146	00000000	0	00000000	00000000	1	1	base_physical_block
all.snd	147	147	3131372D322D31	117-2-1	00004102	16642	00000000	00771118	147	00000000	0	00000000	00000000	1	1	base_physical_block
all.snd	148	148	AF5433	狼3	000160DF	90335	00000000	004AF3E9	148	00000000	0	00000000	00000000	1	1	base_physical_block
all.snd	149	149	B05C31	豹1	00005620	22048	00000000	004C54C8	149	00000000	0	00000000	00000000	1	1	base_physical_block
all.snd	150	150	B05C32	豹2	00008932	35122	00000000	004CAAE8	150	00000000	0	00000000	00000000	1	1	base_physical_block
all.snd	151	151	B05C33	豹3	0000D7D2	55250	00000000	004D341A	151	00000000	0	00000000	00000000	1	1	base_physical_block
all.snd	152	152	B3A5B55531	野猴1	0000538C	21388	00000000	0050047E	152	00000000	0	00000000	00000000	1	1	base_physical_block
all.snd	153	153	B3A5B55532	野猴2	0000E9A2	59810	00000000	0050580A	153	00000000	0	00000000	00000000	1	1	base_physical_block
all.snd	154	154	B3A5B55533	野猴3	000072CA	29386	00000000	005141AC	154	00000000	0	00000000	00000000	1	1	base_physical_block
all.snd	155	155	B6C2AAF7ADE831	黑金剛1	00008B14	35604	00000000	0051B476	155	00000000	0	00000000	00000000	1	1	base_physical_block
all.snd	156	156	B6C2AAF7ADE832	黑金剛2	00004426	17446	00000000	00523F8A	156	00000000	0	00000000	00000000	1	1	base_physical_block
all.snd	157	157	B6C2AAF7ADE833	黑金剛3	000102D6	66262	00000000	005283B0	157	00000000	0	00000000	00000000	1	1	base_physical_block
all.snd	158	158	B8BCB047312D31	蜈蚣1-1	00003C66	15462	00000000	00571028	158	00000000	0	00000000	00000000	1	1	base_physical_block
all.snd	159	159	B8BCB047312D32	蜈蚣1-2	00003186	12678	00000000	00574C8E	159	00000000	0	00000000	00000000	1	1	base_physical_block
all.snd	160	160	B8BCB047312D33	蜈蚣1-3	000095DE	38366	00000000	00577E14	160	00000000	0	00000000	00000000	1	1	base_physical_block
all.snd	161	161	BAB531	熊1	00006702	26370	00000000	005813F2	161	00000000	0	00000000	00000000	1	1	base_physical_block
all.snd	162	162	BAB532	熊2	0000D974	55668	00000000	005B4A27	162	00000000	0	00000000	00000000	1	1	base_physical_block
all.snd	163	163	C1F4AFCDC2CE31	隱翅蟲1	000048C4	18628	00000000	00587AF4	163	00000000	0	00000000	00000000	1	1	base_physical_block
all.snd	164	164	C1F4AFCDC2CE32	隱翅蟲2	000016CC	5836	00000000	0058C3B8	164	00000000	0	00000000	00000000	1	1	base_physical_block
all.snd	165	165	C1F4AFCDC2CE33	隱翅蟲3	000033BB	13243	00000000	0058DA84	165	00000000	0	00000000	00000000	1	1	base_physical_block
all.snd	166	166	C3C8A46C31	蠍子1	00002B35	11061	00000000	00590E3F	166	00000000	0	00000000	00000000	1	1	base_physical_block
all.snd	167	167	C3C8A46C32	蠍子2	00003AC7	15047	00000000	00593974	167	00000000	0	00000000	00000000	1	1	base_physical_block
all.snd	168	168	C3C8A46C33	蠍子3	00003806	14342	00000000	0059743B	168	00000000	0	00000000	00000000	1	1	base_physical_block
all.snd	169	169	C1C9AF53B65D7E33	賽特跑~3	00001538	5432	00000000	005A4DAD	169	00000000	0	00000000	00000000	1	1	base_physical_block
all.snd	170	170	C1C9AF53B65D7E34	賽特跑~4	00001AEC	6892	00000000	005A62E5	170	00000000	0	00000000	00000000	1	1	base_physical_block
all.snd	171	171	A661A863C54B7E31	地牢鐵~1	0000CC56	52310	00000000	005A7DD1	171	00000000	0	00000000	00000000	1	1	base_physical_block
all.snd	172	172	B463C64633	惡靈3	00009352	37714	00000000	005C239B	172	00000000	0	00000000	00000000	1	1	base_physical_block
all.snd	173	173	A4F4B0AD31	水鬼1	0000550E	21774	00000000	005CB6ED	173	00000000	0	00000000	00000000	1	1	base_physical_block
all.snd	174	174	A4F4B0AD322D31	水鬼2-1	00005118	20760	00000000	005D0BFB	174	00000000	0	00000000	00000000	1	1	base_physical_block
all.snd	175	175	A45AA967B2EF7E34	凡妮莎~4	000058F6	22774	00000000	005D5D13	175	00000000	0	00000000	00000000	1	1	base_physical_block
all.snd	176	176	A45AA967B2EF7E38	凡妮莎~8	000067EE	26606	00000000	005DB609	176	00000000	0	00000000	00000000	1	1	base_physical_block
all.snd	177	177	B3C1BAB8B4B57E34	麥爾斯~4	00008112	33042	00000000	005EB0F3	177	00000000	0	00000000	00000000	1	1	base_physical_block
all.snd	178	178	A8ABB8F431	走路1	000025DE	9694	00000000	005F3205	178	00000000	0	00000000	00000000	1	1	base_physical_block
all.snd	179	179	A8ABB8F432	走路2	0000217A	8570	00000000	005F57E3	179	00000000	0	00000000	00000000	1	1	base_physical_block
all.snd	180	180	A7E6B0CABEF7C3F6	扳動機關	00005628	22056	00000000	005F795D	180	00000000	0	00000000	00000000	1	1	base_physical_block
all.snd	181	181	A47DA5FAAA69	弓光波	00005372	21362	00000000	005FCF85	181	00000000	0	00000000	00000000	1	1	base_physical_block
all.snd	182	182	C272A5ACAC797E31	瀑布流~1	00017E60	97888	00000000	006236DB	182	00000000	0	00000000	00000000	1	1	base_physical_block
all.snd	183	183	C2E0ADB7B34E	轉風術	00014D0E	85262	00000000	0063B53B	183	00000000	0	00000000	00000000	1	1	base_physical_block
all.snd	184	184	A5E1B1F3	丟棄	000033D4	13268	00000000	006517FD	184	00000000	0	00000000	00000000	1	1	base_physical_block
all.snd	185	185	A7EBBFFAC16E	投錢聲	00006CA8	27816	00000000	00654BD1	185	00000000	0	00000000	00000000	1	1	base_physical_block
all.snd	186	186	A8CFA5CEBD54A977	使用確定	00005614	22036	00000000	0065B879	186	00000000	0	00000000	00000000	1	1	base_physical_block
all.snd	187	187	ADECB3A5B67D7E31	原野開~1	00003C52	15442	00000000	00660E8D	187	00000000	0	00000000	00000000	1	1	base_physical_block
all.snd	188	188	AF53A7DEBAA1AEE6	特技滿格	00004882	18562	00000000	00664ADF	188	00000000	0	00000000	00000000	1	1	base_physical_block
all.snd	189	189	B2BEB0CABFEF7E31	移動選~1	00003C5A	15450	00000000	00669361	189	00000000	0	00000000	00000000	1	1	base_physical_block
all.snd	190	190	B2BEB0CABFEF7E32	移動選~2	00004AFE	19198	00000000	0066CFBB	190	00000000	0	00000000	00000000	1	1	base_physical_block
all.snd	191	191	B2BEB0CABFEF7E33	移動選~3	000008C0	2240	00000000	00671AB9	191	00000000	0	00000000	00000000	1	1	base_physical_block
all.snd	192	192	B669A44ABED4B0AB	進入戰鬥	0003F15A	258394	00000000	00672379	192	00000000	0	00000000	00000000	1	1	base_physical_block
all.snd	193	193	C0F2B16FC45F7E33	獲得寶~3	00012DB6	77238	00000000	006B4281	193	00000000	0	00000000	00000000	1	1	base_physical_block
all.snd	194	194	C2BDADB6C16E	翻頁聲	000029C4	10692	00000000	006C7037	194	00000000	0	00000000	00000000	1	1	base_physical_block
all.snd	195	195	A967A569A5587E31	妮可出~1	0000C3D2	50130	00000000	006CEE35	195	00000000	0	00000000	00000000	1	1	base_physical_block
all.snd	196	196	A967A569A5587E32	妮可出~2	00000926	2342	00000000	006C99FB	196	00000000	0	00000000	00000000	1	1	base_physical_block
all.snd	197	197	A967A569A5587E33	妮可出~3	00004B14	19220	00000000	006CA321	197	00000000	0	00000000	00000000	1	1	base_physical_block
all.snd	198	198	A967A569AEF87E31	妮可消~1	00004B14	19220	00000000	006DB207	198	00000000	0	00000000	00000000	1	1	base_physical_block
all.snd	199	199	A967A569AEF87E32	妮可消~2	0000C3D2	50130	00000000	006DFD1B	199	00000000	0	00000000	00000000	1	1	base_physical_block
all.snd	200	200	A967A569B2BEB0CA	妮可移動	00008776	34678	00000000	006EC0ED	200	00000000	0	00000000	00000000	1	1	base_physical_block
all.snd	201	201	C64E31	鷹1	00008B6F	35695	00000000	006F8A57	201	00000000	0	00000000	00000000	1	1	base_physical_block
all.snd	202	202	C64E32	鷹2	000041F4	16884	00000000	006F4863	202	00000000	0	00000000	00000000	1	1	base_physical_block
all.snd	203	203	A7AFBFDF312D31	妖貓1-1	00009738	38712	00000000	007015C6	203	00000000	0	00000000	00000000	1	1	base_physical_block
all.snd	204	204	A7AFBFDF312D32	妖貓1-2	00007440	29760	00000000	0070ACFE	204	00000000	0	00000000	00000000	1	1	base_physical_block
all.snd	205	205	A7AFBFDF312D33	妖貓1-3	0001039A	66458	00000000	0071213E	205	00000000	0	00000000	00000000	1	1	base_physical_block
all.snd	206	206	3133332D31	133-1	0000A37C	41852	00000000	007224D8	206	00000000	0	00000000	00000000	1	1	base_physical_block
all.snd	207	207	3133332D32	133-2	00010B82	68482	00000000	0072C854	207	00000000	0	00000000	00000000	1	1	base_physical_block
all.snd	208	208	3133362D31	136-1	0001E2E4	123620	00000000	0073D3D6	208	00000000	0	00000000	00000000	1	1	base_physical_block
all.snd	209	209	3133362D32	136-2	0000742A	29738	00000000	0075B6BA	209	00000000	0	00000000	00000000	1	1	base_physical_block
all.snd	210	210	3133362D33	136-3	00009AD2	39634	00000000	00762AE4	210	00000000	0	00000000	00000000	1	1	base_physical_block
all.snd	211	211	C1C9AF53AC497E36	賽特施~6	000075CE	30158	00000000	00C16A36	211	00000000	0	00000000	00000000	1	1	base_physical_block
all.snd	212	212	313535312D31	1551-1	00015866	88166	00000000	00C2CD18	212	00000000	0	00000000	00000000	1	1	base_physical_block
all.snd	213	213	3030342D34	004-4	00004B62	19298	00000000	0076C5B6	213	00000000	0	00000000	00000000	1	1	base_physical_block
all.snd	214	214	3131372D322D32	117-2-2	000035BC	13756	00000000	0077521A	214	00000000	0	00000000	00000000	1	1	base_physical_block
all.snd	215	215	3030372D31	007-1	0000C930	51504	00000000	007787D6	215	00000000	0	00000000	00000000	1	1	base_physical_block
all.snd	216	216	3133306D2D31	130m-1	0000559A	21914	00000000	00785106	216	00000000	0	00000000	00000000	1	1	base_physical_block
all.snd	217	217	3133306D2D32	130m-2	00009D94	40340	00000000	0078A6A0	217	00000000	0	00000000	00000000	1	1	base_physical_block
all.snd	218	218	3030366D2D31	006m-1	0000CDC2	52674	00000000	007B41E0	218	00000000	0	00000000	00000000	1	1	base_physical_block
all.snd	219	219	3030366D2D32	006m-2	0000D4E0	54496	00000000	007C0FA2	219	00000000	0	00000000	00000000	1	1	base_physical_block
all.snd	220	220	B3BEA573	鳥叫	0000879A	34714	00000000	00B00072	220	00000000	0	00000000	00000000	1	1	base_physical_block
all.snd	221	221	3030366D2D33	006m-3	000183FE	99326	00000000	017B9EEA	221	00000000	0	00000000	00000000	1	1	base_physical_block
all.snd	222	222	3030366D2D342D31	006m-4-1	0001082E	67630	00000000	007CE482	222	00000000	0	00000000	00000000	1	1	base_physical_block
all.snd	223	223	3030366D2D342D32	006m-4-2	000367CC	223180	00000000	007DECB0	223	00000000	0	00000000	00000000	1	1	base_physical_block
all.snd	224	224	A967A569A5587E34	妮可出~4	00009E9E	40606	00000000	0081547C	224	00000000	0	00000000	00000000	1	1	base_physical_block
all.snd	225	225	B3DCA4F4C16E	喝水聲	00036F80	225152	00000000	0081F31A	225	00000000	0	00000000	00000000	1	1	base_physical_block
all.snd	226	226	3030366D2D352D31	006m-5-1	0001B3B0	111536	00000000	0085629A	226	00000000	0	00000000	00000000	1	1	base_physical_block
all.snd	227	227	3030366D2D352D32	006m-5-2	00034744	214852	00000000	0087164A	227	00000000	0	00000000	00000000	1	1	base_physical_block
all.snd	228	228	B07BBC76A5FA31	閃影光1	0001C98E	117134	00000000	008A5D8E	228	00000000	0	00000000	00000000	1	1	base_physical_block
all.snd	229	229	B07BBC76A5FA32	閃影光2	00024EA4	151204	00000000	008C271C	229	00000000	0	00000000	00000000	1	1	base_physical_block
all.snd	230	230	313530352D312D31	1505-1-1	00005ECE	24270	00000000	008E75C0	230	00000000	0	00000000	00000000	1	1	base_physical_block
all.snd	231	231	313530352D322D31	1505-2-1	000033FC	13308	00000000	008ED48E	231	00000000	0	00000000	00000000	1	1	base_physical_block
all.snd	232	232	313530352D322D32	1505-2-2	00026CD8	158936	00000000	008F088A	232	00000000	0	00000000	00000000	1	1	base_physical_block
all.snd	233	233	313530352D322D33	1505-2-3	0000A41A	42010	00000000	00917562	233	00000000	0	00000000	00000000	1	1	base_physical_block
all.snd	234	234	AB42C16E	雨聲	0001BD44	113988	00000000	0092197C	234	00000000	0	00000000	00000000	1	1	base_physical_block
all.snd	235	235	652D6C2D746F2D72	e-l-to-r	0001565A	87642	00000000	0093D6C0	235	00000000	0	00000000	00000000	1	1	base_physical_block
all.snd	236	236	652D722D746F2D6C	e-r-to-l	0001589A	88218	00000000	00952D1A	236	00000000	0	00000000	00000000	1	1	base_physical_block
all.snd	237	237	313536362D31	1566-1	0003F974	260468	00000000	009685B4	237	00000000	0	00000000	00000000	1	1	base_physical_block
all.snd	238	238	313536362D32	1566-2	00013BAC	80812	00000000	009A7F28	238	00000000	0	00000000	00000000	1	1	base_physical_block
all.snd	239	239	A642A473A558B27B	冰山出現	000E1D72	925042	00000000	009BBAD4	239	00000000	0	00000000	00000000	1	1	base_physical_block
all.snd	240	240	A4BBA87EAC507E32	六芒星~2	000432EE	275182	00000000	00A9D846	240	00000000	0	00000000	00000000	1	1	base_physical_block
all.snd	241	241	A4BBA87EAC507E33	六芒星~3	0000651E	25886	00000000	00AE0B34	241	00000000	0	00000000	00000000	1	1	base_physical_block
all.snd	242	242	A4BBA87EAC507E34	六芒星~4	000050F4	20724	00000000	00AE7052	242	00000000	0	00000000	00000000	1	1	base_physical_block
all.snd	243	243	3030342D35	004-5	000052A8	21160	00000000	00AEC146	243	00000000	0	00000000	00000000	1	1	base_physical_block
all.snd	244	244	A642ADE1C16E	冰凍聲	0000EC84	60548	00000000	00AF13EE	244	00000000	0	00000000	00000000	1	1	base_physical_block
all.snd	245	245	B3BEA57332	鳥叫2	00027ECE	163534	00000000	01AFA97B	245	00000000	0	00000000	00000000	1	1	base_physical_block
all.snd	246	246	B2EEA558B27B	船出現	001ADA96	1759894	00000000	00DCD848	246	00000000	0	00000000	00000000	1	1	base_physical_block
all.snd	247	247	313530392D31	1509-1	0002065E	132702	00000000	00B0880C	247	00000000	0	00000000	00000000	1	1	base_physical_block
all.snd	248	248	313535322D31	1552-1	0002F21A	193050	00000000	00B28E6A	248	00000000	0	00000000	00000000	1	1	base_physical_block
all.snd	249	249	313535322D32	1552-2	0001A9CC	109004	00000000	00B58084	249	00000000	0	00000000	00000000	1	1	base_physical_block
all.snd	250	250	B669A7F0C16E	進攻聲	000362F0	221936	00000000	00BAA86A	250	00000000	0	00000000	00000000	1	1	base_physical_block
all.snd	251	251	AEFCBED4A74C7E31	海戰兵~1	00011544	70980	00000000	00B72A50	251	00000000	0	00000000	00000000	1	1	base_physical_block
all.snd	252	252	AEFCBED4C16E	海戰聲	000268D6	157910	00000000	00B83F94	252	00000000	0	00000000	00000000	1	1	base_physical_block
all.snd	253	253	C2C5A448B669A7F0	藍人進攻	0003203C	204860	00000000	00F7B2DE	253	00000000	0	00000000	00000000	1	1	base_physical_block
all.snd	254	254	B6B0AEF031	集氣1	00009762	38754	00000000	00BE0B5A	254	00000000	0	00000000	00000000	1	1	base_physical_block
all.snd	255	255	313535312D32	1551-2	0000ED14	60692	00000000	00C1E004	255	00000000	0	00000000	00000000	1	1	base_physical_block
all.snd	256	256	A541A5ADB9C47E31	丕平嘆~1	0004B6CA	308938	00000000	00FAD31A	256	00000000	0	00000000	00000000	1	1	base_physical_block
all.snd	257	257	A541A5ADB9C47E32	丕平嘆~2	00054C92	347282	00000000	00FF89E4	257	00000000	0	00000000	00000000	1	1	base_physical_block
all.snd	258	258	AEFCBCE9	海潮	0018B2CA	1618634	00000000	00C4257E	258	00000000	0	00000000	00000000	1	1	base_physical_block
all.snd	259	259	C1C9AF53B3D3A751	賽特勝利	00005B7A	23418	00000000	0111FDB8	259	00000000	0	00000000	00000000	1	1	base_physical_block
all.snd	260	260	3339362D30	396-0	0004F09A	323738	00000000	0104D676	260	00000000	0	00000000	00000000	1	1	base_physical_block
all.snd	261	261	3339362D31	396-1	00005EA8	24232	00000000	0109C710	261	00000000	0	00000000	00000000	1	1	base_physical_block
all.snd	262	262	3339362D32	396-2	00014AD4	84692	00000000	010A25B8	262	00000000	0	00000000	00000000	1	1	base_physical_block
all.snd	263	263	A4D1AED1B2BEB0CA	天書移動	00004DB4	19892	00000000	010B708C	263	00000000	0	00000000	00000000	1	1	base_physical_block
all.snd	264	264	313531302D31	1510-1	0002DFCE	188366	00000000	010BBE40	264	00000000	0	00000000	00000000	1	1	base_physical_block
all.snd	265	265	B6B0AEF032	集氣2	000047BE	18366	00000000	010EF436	265	00000000	0	00000000	00000000	1	1	base_physical_block
all.snd	266	266	A47DBD6231	弓箭1	00007CB4	31924	00000000	010F3BF4	266	00000000	0	00000000	00000000	1	1	base_physical_block
all.snd	267	267	A47DBD6232	弓箭2	0000648A	25738	00000000	010FB8A8	267	00000000	0	00000000	00000000	1	1	base_physical_block
all.snd	268	268	B1DBC2B6	旋繞	000033CC	13260	00000000	01101D32	268	00000000	0	00000000	00000000	1	1	base_physical_block
all.snd	269	269	C4F1C2B6	纏繞	000060EA	24810	00000000	011050FE	269	00000000	0	00000000	00000000	1	1	base_physical_block
all.snd	270	270	B06BB65D	逃跑	81DE1747	31332167	80000000	0110B1E8	270	00000000	0	00000000	00000000	1	2	spanning_alias_view
all.snd	271	271	72756E61776179	runaway	00006F4E	28494	00000000	0110B1E8	271	00000000	0	00000000	00000000	1	2	base_physical_block
all.snd	272	272	A967A569B3D3A751	妮可勝利	000060FC	24828	00000000	01112136	272	00000000	0	00000000	00000000	1	1	base_physical_block
all.snd	273	273	A967A569A8BEBF6D	妮可防禦	00002E0C	11788	00000000	01118232	273	00000000	0	00000000	00000000	1	1	base_physical_block
all.snd	274	274	C1C9AF53A8BEBF6D	賽特防禦	00004D7A	19834	00000000	0111B03E	274	00000000	0	00000000	00000000	1	1	base_physical_block
all.snd	275	275	A5ABB3F5C16E	市場聲	000AFB3A	719674	00000000	01125932	275	00000000	0	00000000	00000000	1	1	base_physical_block
all.snd	276	276	A6ACBC43C16E	收劍聲	00003FD2	16338	00000000	011D546C	276	00000000	0	00000000	00000000	1	1	base_physical_block
all.snd	277	277	C646ABB4A4A4	靈契中	81DE1747	31332167	80000000	011D943E	277	00000000	0	00000000	00000000	1	2	spanning_alias_view
all.snd	278	278	C646ABB4A5A2B1D1	靈契失敗	00006BD4	27604	00000000	011D943E	278	00000000	0	00000000	00000000	1	2	base_physical_block
all.snd	279	279	C646ABB4A6A8A55C	靈契成功	00009B34	39732	00000000	011E0012	279	00000000	0	00000000	00000000	1	1	base_physical_block
all.snd	280	280	C646ABB4	靈契	0000EEF2	61170	00000000	011E9B46	280	00000000	0	00000000	00000000	1	1	base_physical_block
all.snd	281	281	BADEADB7B55E7E31	管風琴~1	00008958	35160	00000000	011F8A38	281	00000000	0	00000000	00000000	1	1	base_physical_block
all.snd	282	282	BADEADB7B55E6369	管風琴ci	0000897C	35196	00000000	01201390	282	00000000	0	00000000	00000000	1	1	base_physical_block
all.snd	283	283	BADEADB7B55E646F	管風琴do	00009AC6	39622	00000000	01209D0C	283	00000000	0	00000000	00000000	1	1	base_physical_block
all.snd	284	284	BADEADB7B55E6661	管風琴fa	00007D98	32152	00000000	012137D2	284	00000000	0	00000000	00000000	1	1	base_physical_block
all.snd	285	285	BADEADB7B55E6C61	管風琴la	00009DC0	40384	00000000	0121B56A	285	00000000	0	00000000	00000000	1	1	base_physical_block
all.snd	286	286	BADEADB7B55E6D65	管風琴me	0000911A	37146	00000000	0122532A	286	00000000	0	00000000	00000000	1	1	base_physical_block
all.snd	287	287	BADEADB7B55E7261	管風琴ra	00009CF0	40176	00000000	0122E444	287	00000000	0	00000000	00000000	1	1	base_physical_block
all.snd	288	288	BADEADB7B55E736F	管風琴so	00008998	35224	00000000	01238134	288	00000000	0	00000000	00000000	1	1	base_physical_block
all.snd	289	289	A470BB65B8C17E31	小蜜蜂~1	0005C9C8	379336	00000000	012A88B2	289	00000000	0	00000000	00000000	1	1	base_physical_block
all.snd	290	290	3031332D73687E31	013-sh~1	000104BE	66750	00000000	01240ACC	290	00000000	0	00000000	00000000	1	1	base_physical_block
all.snd	291	291	3031332D73687E32	013-sh~2	0000AB14	43796	00000000	01250F8A	291	00000000	0	00000000	00000000	1	1	base_physical_block
all.snd	292	292	3031332D73686F77	013-show	0000CDC2	52674	00000000	0125BA9E	292	00000000	0	00000000	00000000	1	1	base_physical_block
all.snd	293	293	BCC6A672BC57A55B	數字增加	00004640	17984	00000000	01286586	293	00000000	0	00000000	00000000	1	1	base_physical_block
all.snd	294	294	313531382D31	1518-1	0001DD26	122150	00000000	01268860	294	00000000	0	00000000	00000000	1	1	base_physical_block
all.snd	295	295	3136362D31	166-1	000050D8	20696	00000000	0128ABC6	295	00000000	0	00000000	00000000	1	1	base_physical_block
all.snd	296	296	3136362D32	166-2	00004ACA	19146	00000000	0128FC9E	296	00000000	0	00000000	00000000	1	1	base_physical_block
all.snd	297	297	3136362D33	166-3	000130B4	78004	00000000	01294768	297	00000000	0	00000000	00000000	1	1	base_physical_block
all.snd	298	298	3136362D72756E	166-run	00001096	4246	00000000	012A781C	298	00000000	0	00000000	00000000	1	1	base_physical_block
all.snd	299	299	A4C9AFC5ADB5BCD6	升級音樂	00026920	157984	00000000	01372D0A	299	00000000	0	00000000	00000000	1	1	base_physical_block
all.snd	300	300	B3D3A751ADB5BCD6	勝利音樂	000461D0	287184	00000000	0139962A	300	00000000	0	00000000	00000000	1	1	base_physical_block
all.snd	301	301	A470AC50AC507E31	小星星~1	0006DA90	449168	00000000	0130527A	301	00000000	0	00000000	00000000	1	1	base_physical_block
all.snd	302	302	3134312D31	141-1	0001259C	75164	00000000	013DF7FA	302	00000000	0	00000000	00000000	1	1	base_physical_block
all.snd	303	303	3134312D32	141-2	00027BB2	162738	00000000	013F1D96	303	00000000	0	00000000	00000000	1	1	base_physical_block
all.snd	304	304	A5B4B0ABC16E	打鬥聲	00018F02	102146	00000000	01419948	304	00000000	0	00000000	00000000	1	1	base_physical_block
all.snd	305	305	A6E5B067AE637E31	血迷宮~1	0001C628	116264	00000000	0143284A	305	00000000	0	00000000	00000000	1	1	base_physical_block
all.snd	306	306	3031A5F0AEA7A2B9	01休息Ⅰ	00182CCA	1584330	00000000	0144EE72	306	00000000	0	00000000	00000000	1	1	base_physical_block
all.snd	307	307	3032A5F0AEA7A2BA	02休息Ⅱ	0018425A	1589850	00000000	015D1B3C	307	00000000	0	00000000	00000000	1	1	base_physical_block
all.snd	308	308	313537302D31	1570-1	0002B132	176434	00000000	01755D96	308	00000000	0	00000000	00000000	1	1	base_physical_block
all.snd	309	309	313537302D32	1570-2	00009A62	39522	00000000	01780EC8	309	00000000	0	00000000	00000000	1	1	base_physical_block
all.snd	310	310	B669A44AB7D2A7AF	進入煉妖	0001BF4C	114508	00000000	0178A92A	310	00000000	0	00000000	00000000	1	1	base_physical_block
all.snd	311	311	BDF0AAF9	踢門	00013674	79476	00000000	017A6876	311	00000000	0	00000000	00000000	1	1	base_physical_block
all.snd	312	312	3134336D	143m	0001A9CC	109004	00000000	017D22E8	312	00000000	0	00000000	00000000	1	1	base_physical_block
all.snd	313	313	303037A558B27B	007出現	0002501A	151578	00000000	017ECCB4	313	00000000	0	00000000	00000000	1	1	base_physical_block
all.snd	314	314	B2EEA558B27B32	船出現2	001ADA96	1759894	00000000	01811CCE	314	00000000	0	00000000	00000000	1	1	base_physical_block
all.snd	315	315	3034382DBC40B1A1	048-劇情	000169D8	92632	00000000	019BF764	315	00000000	0	00000000	00000000	1	1	base_physical_block
all.snd	316	316	3035302DBC40B1A1	050-劇情	000112F4	70388	00000000	019D613C	316	00000000	0	00000000	00000000	1	1	base_physical_block
all.snd	317	317	3036302D6174	060-at	00007D30	32048	00000000	019E7430	317	00000000	0	00000000	00000000	1	1	base_physical_block
all.snd	318	318	AAAFB06BA8AB	狗逃走	0000A52C	42284	00000000	019EF160	318	00000000	0	00000000	00000000	1	1	base_physical_block
all.snd	319	319	3030332D6174	003-at	00007D40	32064	00000000	019F968C	319	00000000	0	00000000	00000000	1	1	base_physical_block
all.snd	320	320	BCB9C447A46C	撕鬍子	00004940	18752	00000000	01A013CC	320	00000000	0	00000000	00000000	1	1	base_physical_block
all.snd	321	321	AAD6AD7DA573	肯迪叫	00000B06	2822	00000000	01A05D0C	321	00000000	0	00000000	00000000	1	1	base_physical_block
all.snd	322	322	C2C4A6E8ADCBA661	薩西倒地	000042CE	17102	00000000	01A06812	322	00000000	0	00000000	00000000	1	1	base_physical_block
all.snd	323	323	C2C4A6E8B351A5B4	薩西被打	00003A6E	14958	00000000	01A0AAE0	323	00000000	0	00000000	00000000	1	1	base_physical_block
all.snd	324	324	A7E4AED131	找書1	000134C2	79042	00000000	01A0E54E	324	00000000	0	00000000	00000000	1	1	base_physical_block
all.snd	325	325	A7E4AED132	找書2	0000E2B4	58036	00000000	01A21A10	325	00000000	0	00000000	00000000	1	1	base_physical_block
all.snd	326	326	A7E4AED133	找書3	0000CE1E	52766	00000000	01A2FCC4	326	00000000	0	00000000	00000000	1	1	base_physical_block
all.snd	327	327	A7E4AFC831	找紙1	0000D8DE	55518	00000000	01A3CAE2	327	00000000	0	00000000	00000000	1	1	base_physical_block
all.snd	328	328	A7E4AFC832	找紙2	0000B596	46486	00000000	01A4A3C0	328	00000000	0	00000000	00000000	1	1	base_physical_block
all.snd	329	329	A5D5A6E7A6BA7E31	白衣死~1	00005500	21760	00000000	01A55956	329	00000000	0	00000000	00000000	1	1	base_physical_block
all.snd	330	330	A5D5A6E7A6BA7E32	白衣死~2	0000855E	34142	00000000	01A5AE56	330	00000000	0	00000000	00000000	1	1	base_physical_block
all.snd	331	331	3232362D31	226-1	000098BA	39098	00000000	01A633B4	331	00000000	0	00000000	00000000	1	1	base_physical_block
all.snd	332	332	B67DB061A454	開軒三	0000AC6E	44142	00000000	01BC1ED3	332	00000000	0	00000000	00000000	1	1	base_physical_block
all.snd	333	333	3430312D32	401-2	000028BA	10426	00000000	01A6CC6E	333	00000000	0	00000000	00000000	1	1	base_physical_block
all.snd	334	334	3430312D31	401-1	00009227	37415	00000000	01A6F528	334	00000000	0	00000000	00000000	1	1	base_physical_block
all.snd	335	335	3232362D73	226-s	000171FE	94718	00000000	01A7874F	335	00000000	0	00000000	00000000	1	1	base_physical_block
all.snd	336	336	3137372D31	177-1	000044D4	17620	00000000	01A8F94D	336	00000000	0	00000000	00000000	1	1	base_physical_block
all.snd	337	337	6861727031	harp1	0000E87A	59514	00000000	01B7F679	337	00000000	0	00000000	00000000	1	1	base_physical_block
all.snd	338	338	6861727032	harp2	0000F0F2	61682	00000000	01C0C7C3	338	00000000	0	00000000	00000000	1	1	base_physical_block
all.snd	339	339	A564BABFA5587E31	卡瑪出~1	0000917A	37242	00000000	01A93E21	339	00000000	0	00000000	00000000	1	1	base_physical_block
all.snd	340	340	A564BABFA5587E32	卡瑪出~2	00006628	26152	00000000	01A9CF9B	340	00000000	0	00000000	00000000	1	1	base_physical_block
all.snd	341	341	A564BABFAEF87E31	卡瑪消~1	0000B446	46150	00000000	01AA35C3	341	00000000	0	00000000	00000000	1	1	base_physical_block
all.snd	342	342	A564BABFAEF87E32	卡瑪消~2	00006628	26152	00000000	01AAEA09	342	00000000	0	00000000	00000000	1	1	base_physical_block
all.snd	343	343	A677A564A5587E31	安卡出~1	0000920A	37386	00000000	01AB5031	343	00000000	0	00000000	00000000	1	1	base_physical_block
all.snd	344	344	A677A564A5587E32	安卡出~2	00003FBC	16316	00000000	01ABE23B	344	00000000	0	00000000	00000000	1	1	base_physical_block
all.snd	345	345	A677A564AEF87E31	安卡消~1	00003FBC	16316	00000000	01AC21F7	345	00000000	0	00000000	00000000	1	1	base_physical_block
all.snd	346	346	A677A564AEF87E32	安卡消~2	0000920A	37386	00000000	01AC61B3	346	00000000	0	00000000	00000000	1	1	base_physical_block
all.snd	347	347	6B69737333	kiss3	00001FAE	8110	00000000	01AF89CD	347	00000000	0	00000000	00000000	1	1	base_physical_block
all.snd	348	348	B873B3DBC16E	群喊聲	00029610	169488	00000000	01ACF3BD	348	00000000	0	00000000	00000000	1	1	base_physical_block
all.snd	349	349	A95DBBEF	夜鳴	0005CE30	380464	00000000	01B22849	349	00000000	0	00000000	00000000	1	1	base_physical_block
all.snd	350	350	BC7AABDBA7F0C0BB	慧彥攻擊	000069FA	27130	00000000	01B8DEF3	350	00000000	0	00000000	00000000	1	1	base_physical_block
all.snd	351	351	BC7AABDBB351A5B4	慧彥被打	00004248	16968	00000000	01B948ED	351	00000000	0	00000000	00000000	1	1	base_physical_block
all.snd	352	352	B16FA8ECAAABAB7E	得到物品	0000505A	20570	00000000	01B98B35	352	00000000	0	00000000	00000000	1	1	base_physical_block
all.snd	353	353	C4C1C16E32	鐘聲2	000158D2	88274	00000000	01B9DB8F	353	00000000	0	00000000	00000000	1	1	base_physical_block
all.snd	354	354	C064BE6DA57331	駱駝叫1	0000EA72	60018	00000000	01BB3461	354	00000000	0	00000000	00000000	1	1	base_physical_block
all.snd	355	355	646F673034	dog04	00009766	38758	00000000	01BCCB41	355	00000000	0	00000000	00000000	1	1	base_physical_block
all.snd	356	356	A4FDABE4A4EB7E31	王思月~1	00007480	29824	00000000	01BD62A7	356	00000000	0	00000000	00000000	1	1	base_physical_block
all.snd	357	357	B67DB1D2B7D27E31	開啟煉~1	00008638	34360	00000000	01BDD727	357	00000000	0	00000000	00000000	1	1	base_physical_block
all.snd	358	358	A7F5B974AEF87E31	李靖消~1	00008638	34360	00000000	01BE5D5F	358	00000000	0	00000000	00000000	1	1	base_physical_block
all.snd	359	359	A7F5B974AEF87E32	李靖消~2	00002636	9782	00000000	01BEE397	359	00000000	0	00000000	00000000	1	1	base_physical_block
all.snd	360	360	B6E3	嗚	00001F5E	8030	00000000	01BF09CD	360	00000000	0	00000000	00000000	1	1	base_physical_block
all.snd	361	361	B3FDAF7BC05931	壺砸頭1	0000BA32	47666	00000000	01BF292B	361	00000000	0	00000000	00000000	1	1	base_physical_block
all.snd	362	362	B3FDAF7BC05932	壺砸頭2	0000C926	51494	00000000	01BFE35D	362	00000000	0	00000000	00000000	1	1	base_physical_block
all.snd	363	363	A9E7B279	拍球	00001B40	6976	00000000	01C0AC83	363	00000000	0	00000000	00000000	1	1	base_physical_block
all.snd	364	364	A564BABFA7F07E31	卡瑪攻~1	00005C79	23673	00000000	026ABEAE	364	00000000	0	00000000	00000000	1	1	base_physical_block
all.snd	365	365	A564BABFB16A7E33	卡瑪強~3	00003161	12641	00000000	01C1B8B5	365	00000000	0	00000000	00000000	1	1	base_physical_block
all.snd	366	366	A564BABF2DB8F5	卡瑪-跳	00001566	5478	00000000	01C1EA16	366	00000000	0	00000000	00000000	1	1	base_physical_block
all.snd	367	367	A564BABFAC497E32	卡瑪施~2	000078A8	30888	00000000	01C1FF7C	367	00000000	0	00000000	00000000	1	1	base_physical_block
all.snd	368	368	A564BABFA8CFA5CE	卡瑪使用	000072EA	29418	00000000	01C27824	368	00000000	0	00000000	00000000	1	1	base_physical_block
all.snd	369	369	A564BABFA8FCC0BB	卡瑪受擊	00003190	12688	00000000	01C2EB0E	369	00000000	0	00000000	00000000	1	1	base_physical_block
all.snd	370	370	B8A8A661C16E	落地聲	00000D5C	3420	00000000	01C31C9E	370	00000000	0	00000000	00000000	1	1	base_physical_block
all.snd	371	371	BBB4AAF7C4DD	輕金屬	00011726	71462	00000000	01C329FA	371	00000000	0	00000000	00000000	1	1	base_physical_block
all.snd	372	372	B06AB1DBA44D	迴旋刀	0000329A	12954	00000000	01C44120	372	00000000	0	00000000	00000000	1	1	base_physical_block
all.snd	373	373	C554BC43	響劍	000074AE	29870	00000000	01C473BA	373	00000000	0	00000000	00000000	1	1	base_physical_block
all.snd	374	374	A5E6C0BB	交擊	00005F77	24439	00000000	01C4E868	374	00000000	0	00000000	00000000	1	1	base_physical_block
all.snd	375	375	C554BC4332	響劍2	00008030	32816	00000000	01C547DF	375	00000000	0	00000000	00000000	1	1	base_physical_block
all.snd	376	376	C554BC4333	響劍3	00005578	21880	00000000	01C5C80F	376	00000000	0	00000000	00000000	1	1	base_physical_block
all.snd	377	377	A564BABFAFBA	卡瑪笑	00004834	18484	00000000	01C61D87	377	00000000	0	00000000	00000000	1	1	base_physical_block
all.snd	378	378	C2E0A44D	轉刀	00002112	8466	00000000	01C665BB	378	00000000	0	00000000	00000000	1	1	base_physical_block
all.snd	379	379	A470A558A44D	小出刀	00000EE1	3809	00000000	01C686CD	379	00000000	0	00000000	00000000	1	1	base_physical_block
all.snd	380	380	A564BABFAA6BB34E	卡瑪法術	0000AC56	44118	00000000	01C695AE	380	00000000	0	00000000	00000000	1	1	base_physical_block
all.snd	381	381	A46AA9C7C37E3031	大怪獸01	0001B952	112978	00000000	01C74204	381	00000000	0	00000000	00000000	1	1	base_physical_block
all.snd	382	382	A46AA9C7C37E3032	大怪獸02	0000D74F	55119	00000000	01C8FB56	382	00000000	0	00000000	00000000	1	1	base_physical_block
all.snd	383	383	A46AB849BCB2	大碰撞	00012EF1	77553	00000000	01C9D2A5	383	00000000	0	00000000	00000000	1	1	base_physical_block
all.snd	384	384	A9C7C37EAFBA	怪獸笑	00001CD1	7377	00000000	01CB0196	384	00000000	0	00000000	00000000	1	1	base_physical_block
all.snd	385	385	A4DBB648	幻象	000127CC	75724	00000000	01CB1E67	385	00000000	0	00000000	00000000	1	1	base_physical_block
all.snd	386	386	A743A7753031	低吟01	0000E5C2	58818	00000000	01CC4633	386	00000000	0	00000000	00000000	1	1	base_physical_block
all.snd	387	387	A7F5B974A772	李靖呀	000061B0	25008	00000000	01CD2BF5	387	00000000	0	00000000	00000000	1	1	base_physical_block
all.snd	388	388	A7F5B974ABA2	李靖哈	0000AF36	44854	00000000	01CD8DA5	388	00000000	0	00000000	00000000	1	1	base_physical_block
all.snd	389	389	A7F5B974A7F07E31	李靖攻~1	0005C9BE	379326	00000000	01CF712D	389	00000000	0	00000000	00000000	1	1	base_physical_block
all.snd	390	390	A7F5B974A8BEA675	李靖防守	00005F77	24439	00000000	01CE3CDB	390	00000000	0	00000000	00000000	1	1	base_physical_block
all.snd	391	391	A7F5B974A8CFA5CE	李靖使用	0000532E	21294	00000000	01CE9C52	391	00000000	0	00000000	00000000	1	1	base_physical_block
all.snd	392	392	A7F5B974A8FCC0BB	李靖受擊	0000356A	13674	00000000	01CEEF80	392	00000000	0	00000000	00000000	1	1	base_physical_block
all.snd	393	393	C554BC4334	響劍4	00003DF0	15856	00000000	01CF24EA	393	00000000	0	00000000	00000000	1	1	base_physical_block
all.snd	394	394	B8F5A842	跳步	00000E53	3667	00000000	01CF62DA	394	00000000	0	00000000	00000000	1	1	base_physical_block
all.snd	395	395	A7F5B974A7722D31	李靖呀-1	0002FCFE	195838	00000000	01D53AEB	395	00000000	0	00000000	00000000	1	1	base_physical_block
all.snd	396	396	AAC5C0BB3033	空擊03	00001729	5929	00000000	01D837E9	396	00000000	0	00000000	00000000	1	1	base_physical_block
all.snd	397	397	AE67A558	射出	0000115B	4443	00000000	01D84F12	397	00000000	0	00000000	00000000	1	1	base_physical_block
all.snd	398	398	A7F5B974A7F07E32	李靖攻~2	00005457	21591	00000000	01D8606D	398	00000000	0	00000000	00000000	1	1	base_physical_block
all.snd	399	399	BCB2C0BB	撞擊	00002B8E	11150	00000000	02627916	399	00000000	0	00000000	00000000	1	1	base_physical_block
all.snd	400	400	AA6BB34E3031	法術01	00006D2C	27948	00000000	01D8B4C4	400	00000000	0	00000000	00000000	1	1	base_physical_block
all.snd	401	401	AA6BB34E3032	法術02	00008CC2	36034	00000000	01D921F0	401	00000000	0	00000000	00000000	1	1	base_physical_block
all.snd	402	402	AA6BB34E3033	法術03	00008CC2	36034	00000000	01D9AEB2	402	00000000	0	00000000	00000000	1	1	base_physical_block
all.snd	403	403	A7F5B974A7722D32	李靖呀-2	000044FA	17658	00000000	01DA3B74	403	00000000	0	00000000	00000000	1	1	base_physical_block
all.snd	404	404	A7F5B974A7722D33	李靖呀-3	0000142C	5164	00000000	01DA806E	404	00000000	0	00000000	00000000	1	1	base_physical_block
all.snd	405	405	36303036	6006	000207A2	133026	00000000	025D91E0	405	00000000	0	00000000	00000000	1	1	base_physical_block
all.snd	406	406	3630303761	6007a	00021A66	137830	00000000	01DA949A	406	00000000	0	00000000	00000000	1	1	base_physical_block
all.snd	407	407	3630303762	6007b	000118EA	71914	00000000	01DCAF00	407	00000000	0	00000000	00000000	1	1	base_physical_block
all.snd	408	408	3630303763	6007c	000189CE	100814	00000000	01DDC7EA	408	00000000	0	00000000	00000000	1	1	base_physical_block
all.snd	409	409	3630303764	6007d	0000BBE6	48102	00000000	025ADB50	409	00000000	0	00000000	00000000	1	1	base_physical_block
all.snd	410	410	3630303765	6007e	0000F7DE	63454	00000000	01DF51B8	410	00000000	0	00000000	00000000	1	1	base_physical_block
all.snd	411	411	3630303766	6007f	000068DA	26842	00000000	01E04996	411	00000000	0	00000000	00000000	1	1	base_physical_block
all.snd	412	412	3630303767	6007g	0002E576	189814	00000000	01E0B270	412	00000000	0	00000000	00000000	1	1	base_physical_block
all.snd	413	413	3630303768	6007h	00019CD8	105688	00000000	01E397E6	413	00000000	0	00000000	00000000	1	1	base_physical_block
all.snd	414	414	3630303769	6007i	0000AE46	44614	00000000	01E534BE	414	00000000	0	00000000	00000000	1	1	base_physical_block
all.snd	415	415	363030376A	6007j	000148CA	84170	00000000	01E5E304	415	00000000	0	00000000	00000000	1	1	base_physical_block
all.snd	416	416	363030376B	6007k	00013CF6	81142	00000000	01E72BCE	416	00000000	0	00000000	00000000	1	1	base_physical_block
all.snd	417	417	363030376C	6007l	0000E412	58386	00000000	01E868C4	417	00000000	0	00000000	00000000	1	1	base_physical_block
all.snd	418	418	363030376D	6007m	0000E85A	59482	00000000	01E94CD6	418	00000000	0	00000000	00000000	1	1	base_physical_block
all.snd	419	419	363030376E	6007n	0001FAAA	129706	00000000	025B9736	419	00000000	0	00000000	00000000	1	1	base_physical_block
all.snd	420	420	3630303861	6008a	0000E8C2	59586	00000000	01EA3530	420	00000000	0	00000000	00000000	1	1	base_physical_block
all.snd	421	421	3630303862	6008b	0002C166	180582	00000000	01EB1DF2	421	00000000	0	00000000	00000000	1	1	base_physical_block
all.snd	422	422	3630303863	6008c	0000A6DA	42714	00000000	01EDDF58	422	00000000	0	00000000	00000000	1	1	base_physical_block
all.snd	423	423	3630303864	6008d	000229BA	141754	00000000	01EE8632	423	00000000	0	00000000	00000000	1	1	base_physical_block
all.snd	424	424	3630303865	6008e	000148A6	84134	00000000	01F0AFEC	424	00000000	0	00000000	00000000	1	1	base_physical_block
all.snd	425	425	3630303866	6008f	000032E2	13026	00000000	01F1F892	425	00000000	0	00000000	00000000	1	1	base_physical_block
all.snd	426	426	3630303867	6008g	0002AEB2	175794	00000000	025F9982	426	00000000	0	00000000	00000000	1	1	base_physical_block
all.snd	427	427	3630313261	6012a	0000B59E	46494	00000000	01F22B74	427	00000000	0	00000000	00000000	1	1	base_physical_block
all.snd	428	428	3630313262	6012b	000095F6	38390	00000000	01F2E112	428	00000000	0	00000000	00000000	1	1	base_physical_block
all.snd	429	429	3630313263	6012c	00028F18	167704	00000000	01F37708	429	00000000	0	00000000	00000000	1	1	base_physical_block
all.snd	430	430	3630313264	6012d	0001C75A	116570	00000000	01F60620	430	00000000	0	00000000	00000000	1	1	base_physical_block
all.snd	431	431	3630313361	6013a	00003186	12678	00000000	01F7CD7A	431	00000000	0	00000000	00000000	1	1	base_physical_block
all.snd	432	432	3630313362	6013b	00004626	17958	00000000	01F7FF00	432	00000000	0	00000000	00000000	1	1	base_physical_block
all.snd	433	433	3630313363	6013c	0000B9BE	47550	00000000	01F84526	433	00000000	0	00000000	00000000	1	1	base_physical_block
all.snd	434	434	3630313364	6013d	0000A9F2	43506	00000000	01F8FEE4	434	00000000	0	00000000	00000000	1	1	base_physical_block
all.snd	435	435	3630313365	6013e	000174AE	95406	00000000	01F9A8D6	435	00000000	0	00000000	00000000	1	1	base_physical_block
all.snd	436	436	3630313366	6013f	00006BB2	27570	00000000	01FB1D84	436	00000000	0	00000000	00000000	1	1	base_physical_block
all.snd	437	437	3630313367	6013g	0001BCF6	113910	00000000	01FB8936	437	00000000	0	00000000	00000000	1	1	base_physical_block
all.snd	438	438	3630313368	6013h	000060A6	24742	00000000	01FD462C	438	00000000	0	00000000	00000000	1	1	base_physical_block
all.snd	439	439	3630313369	6013i	00003CBA	15546	00000000	01FDA6D2	439	00000000	0	00000000	00000000	1	1	base_physical_block
all.snd	440	440	363031336A	6013j	0000A58E	42382	00000000	01FDE38C	440	00000000	0	00000000	00000000	1	1	base_physical_block
all.snd	441	441	363031336B	6013k	0000898E	35214	00000000	01FE891A	441	00000000	0	00000000	00000000	1	1	base_physical_block
all.snd	442	442	3630313461	6014a	00039CA6	236710	00000000	01FF12A8	442	00000000	0	00000000	00000000	1	1	base_physical_block
all.snd	443	443	3630313462	6014b	000391F0	233968	00000000	0202AF4E	443	00000000	0	00000000	00000000	1	1	base_physical_block
all.snd	444	444	3630313463	6014c	00039F56	237398	00000000	0206413E	444	00000000	0	00000000	00000000	1	1	base_physical_block
all.snd	445	445	3630313464	6014d	0003EC96	257174	00000000	0209E094	445	00000000	0	00000000	00000000	1	1	base_physical_block
all.snd	446	446	3630313465	6014e	0000B16E	45422	00000000	020DCD2A	446	00000000	0	00000000	00000000	1	1	base_physical_block
all.snd	447	447	3630313466	6014f	0000A836	43062	00000000	020E7E98	447	00000000	0	00000000	00000000	1	1	base_physical_block
all.snd	448	448	3630313467	6014g	0000FA76	64118	00000000	020F26CE	448	00000000	0	00000000	00000000	1	1	base_physical_block
all.snd	449	449	3630313561	6015a	0001FAAA	129706	00000000	02102144	449	00000000	0	00000000	00000000	1	1	base_physical_block
all.snd	450	450	3630313562	6015b	0000E85A	59482	00000000	02121BEE	450	00000000	0	00000000	00000000	1	1	base_physical_block
all.snd	451	451	3630313563	6015c	00013CF6	81142	00000000	02130448	451	00000000	0	00000000	00000000	1	1	base_physical_block
all.snd	452	452	3630313564	6015d	0000F7DE	63454	00000000	0214413E	452	00000000	0	00000000	00000000	1	1	base_physical_block
all.snd	453	453	3630313565	6015e	00014B2A	84778	00000000	0215391C	453	00000000	0	00000000	00000000	1	1	base_physical_block
all.snd	454	454	3630313566	6015f	000050E6	20710	00000000	02168446	454	00000000	0	00000000	00000000	1	1	base_physical_block
all.snd	455	455	3630313567	6015g	0000505E	20574	00000000	0216D52C	455	00000000	0	00000000	00000000	1	1	base_physical_block
all.snd	456	456	3630313568	6015h	00019E8E	106126	00000000	0217258A	456	00000000	0	00000000	00000000	1	1	base_physical_block
all.snd	457	457	3630313569	6015i	0001EEB4	126644	00000000	0218C418	457	00000000	0	00000000	00000000	1	1	base_physical_block
all.snd	458	458	3630313661	6016a	00007E8A	32394	00000000	021AB2CC	458	00000000	0	00000000	00000000	1	1	base_physical_block
all.snd	459	459	3630313662	6016b	000094A2	38050	00000000	021B3156	459	00000000	0	00000000	00000000	1	1	base_physical_block
all.snd	460	460	3630313663	6016c	0001009E	65694	00000000	021BC5F8	460	00000000	0	00000000	00000000	1	1	base_physical_block
all.snd	461	461	3630313664	6016d	0000D96E	55662	00000000	021CC696	461	00000000	0	00000000	00000000	1	1	base_physical_block
all.snd	462	462	3630313665	6016e	00014832	84018	00000000	021DA004	462	00000000	0	00000000	00000000	1	1	base_physical_block
all.snd	463	463	3630313666	6016f	00008BB6	35766	00000000	021EE836	463	00000000	0	00000000	00000000	1	1	base_physical_block
all.snd	464	464	3630313667	6016g	000149E6	84454	00000000	021F73EC	464	00000000	0	00000000	00000000	1	1	base_physical_block
all.snd	465	465	3630313668	6016h	00005982	22914	00000000	0220BDD2	465	00000000	0	00000000	00000000	1	1	base_physical_block
all.snd	466	466	36303230	6020	0001BE3A	114234	00000000	02211754	466	00000000	0	00000000	00000000	1	1	base_physical_block
all.snd	467	467	3630323261	6022a	0001F8C2	129218	00000000	0222D58E	467	00000000	0	00000000	00000000	1	1	base_physical_block
all.snd	468	468	3630323262	6022b	00029B38	170808	00000000	0224CE50	468	00000000	0	00000000	00000000	1	1	base_physical_block
all.snd	469	469	3630323263	6022c	0001B090	110736	00000000	02276988	469	00000000	0	00000000	00000000	1	1	base_physical_block
all.snd	470	470	3630323264	6022d	00042192	270738	00000000	02291A18	470	00000000	0	00000000	00000000	1	1	base_physical_block
all.snd	471	471	3630323265	6022e	0001BE3A	114234	00000000	022D3BAA	471	00000000	0	00000000	00000000	1	1	base_physical_block
all.snd	472	472	3630323266	6022f	0001E686	124550	00000000	022EF9E4	472	00000000	0	00000000	00000000	1	1	base_physical_block
all.snd	473	473	3630323267	6022g	00019ED2	106194	00000000	0230E06A	473	00000000	0	00000000	00000000	1	1	base_physical_block
all.snd	474	474	3630323268	6022h	0005C27E	377470	00000000	02327F3C	474	00000000	0	00000000	00000000	1	1	base_physical_block
all.snd	475	475	3630323361	6023a	0001F8C2	129218	00000000	023841BA	475	00000000	0	00000000	00000000	1	1	base_physical_block
all.snd	476	476	3630323362	6023b	0002E092	188562	00000000	023A3A7C	476	00000000	0	00000000	00000000	1	1	base_physical_block
all.snd	477	477	3630323363	6023c	00016ADA	92890	00000000	023D1B0E	477	00000000	0	00000000	00000000	1	1	base_physical_block
all.snd	478	478	3630323364	6023d	000094A2	38050	00000000	023E85E8	478	00000000	0	00000000	00000000	1	1	base_physical_block
all.snd	479	479	3630323365	6023e	0000BC02	48130	00000000	023F1A8A	479	00000000	0	00000000	00000000	1	1	base_physical_block
all.snd	480	480	3630323366	6023f	0001A6BA	108218	00000000	023FD68C	480	00000000	0	00000000	00000000	1	1	base_physical_block
all.snd	481	481	3630323367	6023g	000095FA	38394	00000000	02417D46	481	00000000	0	00000000	00000000	1	1	base_physical_block
all.snd	482	482	3630323368	6023h	0000A9EA	43498	00000000	02421340	482	00000000	0	00000000	00000000	1	1	base_physical_block
all.snd	483	483	3630323461	6024a	00019E8E	106126	00000000	0242BD2A	483	00000000	0	00000000	00000000	1	1	base_physical_block
all.snd	484	484	3630323462	6024b	0000505E	20574	00000000	02445BB8	484	00000000	0	00000000	00000000	1	1	base_physical_block
all.snd	485	485	3630323463	6024c	000050E6	20710	00000000	0244AC16	485	00000000	0	00000000	00000000	1	1	base_physical_block
all.snd	486	486	3630323464	6024d	00012704	75524	00000000	0244FCFC	486	00000000	0	00000000	00000000	1	1	base_physical_block
all.snd	487	487	3630323465	6024e	0000E85A	59482	00000000	02462400	487	00000000	0	00000000	00000000	1	1	base_physical_block
all.snd	488	488	3630323466	6024f	0001FAAA	129706	00000000	02470C5A	488	00000000	0	00000000	00000000	1	1	base_physical_block
all.snd	489	489	3630323467	6024g	0000BBE6	48102	00000000	02490704	489	00000000	0	00000000	00000000	1	1	base_physical_block
all.snd	490	490	3630323468	6024h	00006722	26402	00000000	0249C2EA	490	00000000	0	00000000	00000000	1	1	base_physical_block
all.snd	491	491	3630323469	6024i	000096F6	38646	00000000	024A2A0C	491	00000000	0	00000000	00000000	1	1	base_physical_block
all.snd	492	492	363032346A	6024j	0001B976	113014	00000000	024AC102	492	00000000	0	00000000	00000000	1	1	base_physical_block
all.snd	493	493	363032346B	6024k	0000FADC	64220	00000000	024C7A78	493	00000000	0	00000000	00000000	1	1	base_physical_block
all.snd	494	494	3630323661	6026a	0000D356	54102	00000000	024D7554	494	00000000	0	00000000	00000000	1	1	base_physical_block
all.snd	495	495	3630323662	6026b	000051FA	20986	00000000	024E48AA	495	00000000	0	00000000	00000000	1	1	base_physical_block
all.snd	496	496	3630323663	6026c	00012B94	76692	00000000	024E9AA4	496	00000000	0	00000000	00000000	1	1	base_physical_block
all.snd	497	497	3630323664	6026d	00014116	82198	00000000	024FC638	497	00000000	0	00000000	00000000	1	1	base_physical_block
all.snd	498	498	3630323961	6029a	00014116	82198	00000000	0251074E	498	00000000	0	00000000	00000000	1	1	base_physical_block
all.snd	499	499	3630323962	6029b	00012B94	76692	00000000	02524864	499	00000000	0	00000000	00000000	1	1	base_physical_block
all.snd	500	500	3630323963	6029c	00018CA6	101542	00000000	025373F8	500	00000000	0	00000000	00000000	1	1	base_physical_block
all.snd	501	501	3630323964	6029d	00009F42	40770	00000000	0255009E	501	00000000	0	00000000	00000000	1	1	base_physical_block
all.snd	502	502	3630323965	6029e	0001873A	100154	00000000	02559FE0	502	00000000	0	00000000	00000000	1	1	base_physical_block
all.snd	503	503	3630323966	6029f	0001EE5A	126554	00000000	0257271A	503	00000000	0	00000000	00000000	1	1	base_physical_block
all.snd	504	504	3630333161	6031a	0001C5DC	116188	00000000	02591574	504	00000000	0	00000000	00000000	1	1	base_physical_block
all.snd	505	505	A9D4A9B6	拉弦	000030E2	12514	00000000	02624834	505	00000000	0	00000000	00000000	1	1	base_physical_block
all.snd	506	506	BEF7C3F6C16E31	機關聲1	0000CC9A	52378	00000000	0262A4A4	506	00000000	0	00000000	00000000	1	1	base_physical_block
all.snd	507	507	BEF7C3F6C16E32	機關聲2	00016816	92182	00000000	0263713E	507	00000000	0	00000000	00000000	1	1	base_physical_block
all.snd	508	508	BEF7C3F6C16E33	機關聲3	0001390C	80140	00000000	0264D954	508	00000000	0	00000000	00000000	1	1	base_physical_block
all.snd	509	509	BEF7C3F6C16E34	機關聲4	00011DA4	73124	00000000	02661260	509	00000000	0	00000000	00000000	1	1	base_physical_block
all.snd	510	510	A558AEB1	出拳	00001BAA	7082	00000000	02673004	510	00000000	0	00000000	00000000	1	1	base_physical_block
all.snd	511	511	A558AEB132	出拳2	00003316	13078	00000000	02674BAE	511	00000000	0	00000000	00000000	1	1	base_physical_block
all.snd	512	512	ABA2	哈	00002262	8802	00000000	02677EC4	512	00000000	0	00000000	00000000	1	1	base_physical_block
all.snd	513	513	AEB1A4ACC0BB	拳互擊	00002EA8	11944	00000000	0267A126	513	00000000	0	00000000	00000000	1	1	base_physical_block
all.snd	514	514	AEB1A4ACC0BB32	拳互擊2	00002B98	11160	00000000	0267CFCE	514	00000000	0	00000000	00000000	1	1	base_physical_block
all.snd	515	515	AEB1A4ACC0BB33	拳互擊3	0000272C	10028	00000000	0267FB66	515	00000000	0	00000000	00000000	1	1	base_physical_block
all.snd	516	516	AEB1A4ACC0BB34	拳互擊4	0000404A	16458	00000000	02682292	516	00000000	0	00000000	00000000	1	1	base_physical_block
all.snd	517	517	B3DC	喝	0000239E	9118	00000000	026862DC	517	00000000	0	00000000	00000000	1	1	base_physical_block
all.snd	518	518	AA6BB34E3034	法術04	000093BF	37823	00000000	0268867A	518	00000000	0	00000000	00000000	1	1	base_physical_block
all.snd	519	519	AA6BB34E3035	法術05	00009994	39316	00000000	02691A39	519	00000000	0	00000000	00000000	1	1	base_physical_block
all.snd	520	520	ADB7B961C16E	風鈴聲	0000DC48	56392	00000000	0269B3CD	520	00000000	0	00000000	00000000	1	1	base_physical_block
all.snd	521	521	A46AB9AA3031	大鼓01	00002E99	11929	00000000	026A9015	521	00000000	0	00000000	00000000	1	1	base_physical_block
all.snd	522	522	BBF1B0C4A573	鳳凰叫	0000AC56	44118	00000000	026B1B27	522	00000000	0	00000000	00000000	1	1	base_physical_block
all.snd	523	523	30382D6A756D70	08-jump	00003400	13312	00000000	026BC77D	523	00000000	0	00000000	00000000	1	1	base_physical_block
all.snd	524	524	A56DA56D	叮叮	0000D310	54032	00000000	026BFB7D	524	00000000	0	00000000	00000000	1	1	base_physical_block
all.snd	525	525	C0FEA46AC16E	瞬大聲	00003D0C	15628	00000000	026CCE8D	525	00000000	0	00000000	00000000	1	1	base_physical_block
all.snd	526	526	AB79B9C2	咳嗽	0000504E	20558	00000000	026D0B99	526	00000000	0	00000000	00000000	1	1	base_physical_block
all.snd	527	527	ABA2A4ED	哈欠	0000ADFA	44538	00000000	026D5BE7	527	00000000	0	00000000	00000000	1	1	base_physical_block
all.snd	528	528	BCE2A4F4	潑水	00002CCA	11466	00000000	026E09E1	528	00000000	0	00000000	00000000	1	1	base_physical_block
all.snd	529	529	BC7AABDBA5587E31	慧彥出~1	000015BA	5562	00000000	026E36AB	529	00000000	0	00000000	00000000	1	1	base_physical_block
all.snd	530	530	BC7AABDBA5587E32	慧彥出~2	00006490	25744	00000000	026E4C65	530	00000000	0	00000000	00000000	1	1	base_physical_block
all.snd	531	531	BC7AABDBA5587E33	慧彥出~3	00001C4C	7244	00000000	026EB0F5	531	00000000	0	00000000	00000000	1	1	base_physical_block
all.snd	532	532	BC7AABDBA5587E34	慧彥出~4	0000421C	16924	00000000	026ECD41	532	00000000	0	00000000	00000000	1	1	base_physical_block
all.snd	533	533	3630333561	6035a	00034E10	216592	00000000	02F86EAD	533	00000000	0	00000000	00000000	1	1	base_physical_block
all.snd	534	534	3630333562	6035b	0001FDFE	130558	00000000	026F0F5D	534	00000000	0	00000000	00000000	1	1	base_physical_block
all.snd	535	535	3630333563	6035c	00031964	203108	00000000	02710D5B	535	00000000	0	00000000	00000000	1	1	base_physical_block
all.snd	536	536	3630333564	6035d	00005406	21510	00000000	027426BF	536	00000000	0	00000000	00000000	1	1	base_physical_block
all.snd	537	537	3630333565	6035e	000094A2	38050	00000000	02F7DA0B	537	00000000	0	00000000	00000000	1	1	base_physical_block
all.snd	538	538	3630333566	6035f	000199CA	104906	00000000	02747AC5	538	00000000	0	00000000	00000000	1	1	base_physical_block
all.snd	539	539	3630333567	6035g	0001CD10	118032	00000000	0276148F	539	00000000	0	00000000	00000000	1	1	base_physical_block
all.snd	540	540	3630333568	6035h	0001B710	112400	00000000	0277E19F	540	00000000	0	00000000	00000000	1	1	base_physical_block
all.snd	541	541	3630333661	6036a	00034E10	216592	00000000	027998AF	541	00000000	0	00000000	00000000	1	1	base_physical_block
all.snd	542	542	3630333662	6036b	0001FDFE	130558	00000000	027CE6BF	542	00000000	0	00000000	00000000	1	1	base_physical_block
all.snd	543	543	3630333663	6036c	00031964	203108	00000000	027EE4BD	543	00000000	0	00000000	00000000	1	1	base_physical_block
all.snd	544	544	3630333664	6036d	00005406	21510	00000000	0281FE21	544	00000000	0	00000000	00000000	1	1	base_physical_block
all.snd	545	545	3630333665	6036e	000094A2	38050	00000000	02825227	545	00000000	0	00000000	00000000	1	1	base_physical_block
all.snd	546	546	3630333666	6036f	000199CA	104906	00000000	0282E6C9	546	00000000	0	00000000	00000000	1	1	base_physical_block
all.snd	547	547	3630333667	6036g	0001CD10	118032	00000000	02FBBCBD	547	00000000	0	00000000	00000000	1	1	base_physical_block
all.snd	548	548	3630333668	6036h	0001B710	112400	00000000	02848093	548	00000000	0	00000000	00000000	1	1	base_physical_block
all.snd	549	549	3630333669	6036i	00008894	34964	00000000	028637A3	549	00000000	0	00000000	00000000	1	1	base_physical_block
all.snd	550	550	363033366A	6036j	0000D91A	55578	00000000	0286C037	550	00000000	0	00000000	00000000	1	1	base_physical_block
all.snd	551	551	363033366B	6036k	000135D6	79318	00000000	02879951	551	00000000	0	00000000	00000000	1	1	base_physical_block
all.snd	552	552	3630333761	6037a	00034E10	216592	00000000	0288CF27	552	00000000	0	00000000	00000000	1	1	base_physical_block
all.snd	553	553	3630333762	6037b	0001FDFE	130558	00000000	028C1D37	553	00000000	0	00000000	00000000	1	1	base_physical_block
all.snd	554	554	3630333763	6037c	00031964	203108	00000000	028E1B35	554	00000000	0	00000000	00000000	1	1	base_physical_block
all.snd	555	555	3630333764	6037d	00005406	21510	00000000	02913499	555	00000000	0	00000000	00000000	1	1	base_physical_block
all.snd	556	556	3630333765	6037e	000094A2	38050	00000000	0291889F	556	00000000	0	00000000	00000000	1	1	base_physical_block
all.snd	557	557	3630333766	6037f	000199CA	104906	00000000	02921D41	557	00000000	0	00000000	00000000	1	1	base_physical_block
all.snd	558	558	3630333767	6037g	0001CD10	118032	00000000	0293B70B	558	00000000	0	00000000	00000000	1	1	base_physical_block
all.snd	559	559	3630333768	6037h	0001B710	112400	00000000	0295841B	559	00000000	0	00000000	00000000	1	1	base_physical_block
all.snd	560	560	3630333769	6037i	00027354	160596	00000000	02973B2B	560	00000000	0	00000000	00000000	1	1	base_physical_block
all.snd	561	561	363033376A	6037j	000138E2	80098	00000000	0299AE7F	561	00000000	0	00000000	00000000	1	1	base_physical_block
all.snd	562	562	363033376B	6037k	0000E98C	59788	00000000	029AE761	562	00000000	0	00000000	00000000	1	1	base_physical_block
all.snd	563	563	363033376C	6037l	00017552	95570	00000000	029BD0ED	563	00000000	0	00000000	00000000	1	1	base_physical_block
all.snd	564	564	363033376D	6037m	0000FA76	64118	00000000	029D463F	564	00000000	0	00000000	00000000	1	1	base_physical_block
all.snd	565	565	363033376E	6037n	000101B6	65974	00000000	029E40B5	565	00000000	0	00000000	00000000	1	1	base_physical_block
all.snd	566	566	363033376F	6037o	0000AA16	43542	00000000	029F426B	566	00000000	0	00000000	00000000	1	1	base_physical_block
all.snd	567	567	3630333770	6037p	0000A6C6	42694	00000000	029FEC81	567	00000000	0	00000000	00000000	1	1	base_physical_block
all.snd	568	568	3630333861	6038a	00034E10	216592	00000000	02A09347	568	00000000	0	00000000	00000000	1	1	base_physical_block
all.snd	569	569	3630333862	6038b	0001FDFE	130558	00000000	02A3E157	569	00000000	0	00000000	00000000	1	1	base_physical_block
all.snd	570	570	3630333863	6038c	00031964	203108	00000000	02A5DF55	570	00000000	0	00000000	00000000	1	1	base_physical_block
all.snd	571	571	3630333864	6038d	00005406	21510	00000000	02A8F8B9	571	00000000	0	00000000	00000000	1	1	base_physical_block
all.snd	572	572	3630333865	6038e	000094A2	38050	00000000	02A94CBF	572	00000000	0	00000000	00000000	1	1	base_physical_block
all.snd	573	573	3630333866	6038f	000199CA	104906	00000000	02A9E161	573	00000000	0	00000000	00000000	1	1	base_physical_block
all.snd	574	574	3630333867	6038g	0001CD10	118032	00000000	02AB7B2B	574	00000000	0	00000000	00000000	1	1	base_physical_block
all.snd	575	575	3630333868	6038h	0001B710	112400	00000000	02AD483B	575	00000000	0	00000000	00000000	1	1	base_physical_block
all.snd	576	576	3630333869	6038i	00027354	160596	00000000	02AEFF4B	576	00000000	0	00000000	00000000	1	1	base_physical_block
all.snd	577	577	363033386A	6038j	000138E2	80098	00000000	02B1729F	577	00000000	0	00000000	00000000	1	1	base_physical_block
all.snd	578	578	363033386B	6038k	0000E98C	59788	00000000	02B2AB81	578	00000000	0	00000000	00000000	1	1	base_physical_block
all.snd	579	579	363033386C	6038l	00017552	95570	00000000	02B3950D	579	00000000	0	00000000	00000000	1	1	base_physical_block
all.snd	580	580	363033386D	6038m	0000FA76	64118	00000000	02B50A5F	580	00000000	0	00000000	00000000	1	1	base_physical_block
all.snd	581	581	363033386E	6038n	000101B6	65974	00000000	02B604D5	581	00000000	0	00000000	00000000	1	1	base_physical_block
all.snd	582	582	363033386F	6038o	0000AA16	43542	00000000	02B7068B	582	00000000	0	00000000	00000000	1	1	base_physical_block
all.snd	583	583	3630333870	6038p	0000A6C6	42694	00000000	02B7B0A1	583	00000000	0	00000000	00000000	1	1	base_physical_block
all.snd	584	584	3630333871	6038q	0000FADA	64218	00000000	02B85767	584	00000000	0	00000000	00000000	1	1	base_physical_block
all.snd	585	585	3630333872	6038r	00009F1C	40732	00000000	02B95241	585	00000000	0	00000000	00000000	1	1	base_physical_block
all.snd	586	586	3630333873	6038s	0000B5DC	46556	00000000	02B9F15D	586	00000000	0	00000000	00000000	1	1	base_physical_block
all.snd	587	587	3630333874	6038t	00012344	74564	00000000	02BAA739	587	00000000	0	00000000	00000000	1	1	base_physical_block
all.snd	588	588	3630333875	6038u	00018B12	101138	00000000	02BBCA7D	588	00000000	0	00000000	00000000	1	1	base_physical_block
all.snd	589	589	3630333876	6038v	00013C10	80912	00000000	02BD558F	589	00000000	0	00000000	00000000	1	1	base_physical_block
all.snd	590	590	3630333877	6038w	00012A8E	76430	00000000	02BE919F	590	00000000	0	00000000	00000000	1	1	base_physical_block
all.snd	591	591	3630343061	6040a	00006A7A	27258	00000000	02BFBC2D	591	00000000	0	00000000	00000000	1	1	base_physical_block
all.snd	592	592	3630343062	6040b	00016A6E	92782	00000000	02C026A7	592	00000000	0	00000000	00000000	1	1	base_physical_block
all.snd	593	593	3630343063	6040c	00011242	70210	00000000	02C19115	593	00000000	0	00000000	00000000	1	1	base_physical_block
all.snd	594	594	3630343064	6040d	0000CBF0	52208	00000000	02C2A357	594	00000000	0	00000000	00000000	1	1	base_physical_block
all.snd	595	595	3630343065	6040e	000104FA	66810	00000000	02C36F47	595	00000000	0	00000000	00000000	1	1	base_physical_block
all.snd	596	596	3630343066	6040f	00010782	67458	00000000	02C47441	596	00000000	0	00000000	00000000	1	1	base_physical_block
all.snd	597	597	3630343067	6040g	00013216	78358	00000000	02C57BC3	597	00000000	0	00000000	00000000	1	1	base_physical_block
all.snd	598	598	3630343068	6040h	0000A3B4	41908	00000000	02C6ADD9	598	00000000	0	00000000	00000000	1	1	base_physical_block
all.snd	599	599	3630343261	6042a	0001FC32	130098	00000000	02C7518D	599	00000000	0	00000000	00000000	1	1	base_physical_block
all.snd	600	600	3630343262	6042b	0002081A	133146	00000000	02C94DBF	600	00000000	0	00000000	00000000	1	1	base_physical_block
all.snd	601	601	3630343263	6042c	000161E2	90594	00000000	02CB55D9	601	00000000	0	00000000	00000000	1	1	base_physical_block
all.snd	602	602	3630343264	6042d	000161E2	90594	00000000	02CCB7BB	602	00000000	0	00000000	00000000	1	1	base_physical_block
all.snd	603	603	3630343265	6042e	0001B65C	112220	00000000	02CE199D	603	00000000	0	00000000	00000000	1	1	base_physical_block
all.snd	604	604	3630343266	6042f	00027AB4	162484	00000000	02CFCFF9	604	00000000	0	00000000	00000000	1	1	base_physical_block
all.snd	605	605	3630343761	6047a	0000FADC	64220	00000000	02D24AAD	605	00000000	0	00000000	00000000	1	1	base_physical_block
all.snd	606	606	3630343762	6047b	00014456	83030	00000000	02D34589	606	00000000	0	00000000	00000000	1	1	base_physical_block
all.snd	607	607	3630343763	6047c	00019ED2	106194	00000000	02D489DF	607	00000000	0	00000000	00000000	1	1	base_physical_block
all.snd	608	608	3630343764	6047d	00012032	73778	00000000	02D628B1	608	00000000	0	00000000	00000000	1	1	base_physical_block
all.snd	609	609	3630343961	6049a	000118EA	71914	00000000	02D748E3	609	00000000	0	00000000	00000000	1	1	base_physical_block
all.snd	610	610	3630343962	6049b	00010622	67106	00000000	02D861CD	610	00000000	0	00000000	00000000	1	1	base_physical_block
all.snd	611	611	3630343963	6049c	000068DA	26842	00000000	02D967EF	611	00000000	0	00000000	00000000	1	1	base_physical_block
all.snd	612	612	3630343964	6049d	00019CD8	105688	00000000	02D9D0C9	612	00000000	0	00000000	00000000	1	1	base_physical_block
all.snd	613	613	3630343965	6049e	0000D60E	54798	00000000	02DB6DA1	613	00000000	0	00000000	00000000	1	1	base_physical_block
all.snd	614	614	3630343966	6049f	00013CF6	81142	00000000	02DC43AF	614	00000000	0	00000000	00000000	1	1	base_physical_block
all.snd	615	615	3630343967	6049g	0000E412	58386	00000000	02DD80A5	615	00000000	0	00000000	00000000	1	1	base_physical_block
all.snd	616	616	3630353361	6053a	000193FC	103420	00000000	02DE64B7	616	00000000	0	00000000	00000000	1	1	base_physical_block
all.snd	617	617	3630353362	6053b	0000E60A	58890	00000000	02DFF8B3	617	00000000	0	00000000	00000000	1	1	base_physical_block
all.snd	618	618	3630353363	6053c	00015B6A	88938	00000000	02E0DEBD	618	00000000	0	00000000	00000000	1	1	base_physical_block
all.snd	619	619	3630353364	6053d	0000DC30	56368	00000000	02E23A27	619	00000000	0	00000000	00000000	1	1	base_physical_block
all.snd	620	620	3630353561	6055a	00014C52	85074	00000000	02E31657	620	00000000	0	00000000	00000000	1	1	base_physical_block
all.snd	621	621	3630353562	6055b	00036900	223488	00000000	02E462A9	621	00000000	0	00000000	00000000	1	1	base_physical_block
all.snd	622	622	3630353563	6055c	0000C00E	49166	00000000	02E7CBA9	622	00000000	0	00000000	00000000	1	1	base_physical_block
all.snd	623	623	3630353564	6055d	0001CD02	118018	00000000	02E88BB7	623	00000000	0	00000000	00000000	1	1	base_physical_block
all.snd	624	624	3630353565	6055e	0004098A	264586	00000000	02EA58B9	624	00000000	0	00000000	00000000	1	1	base_physical_block
all.snd	625	625	3630353566	6055f	00015D16	89366	00000000	02EE6243	625	00000000	0	00000000	00000000	1	1	base_physical_block
all.snd	626	626	3630353567	6055g	0000BB16	47894	00000000	02EFBF59	626	00000000	0	00000000	00000000	1	1	base_physical_block
all.snd	627	627	3630353568	6055h	00013D44	81220	00000000	02F07A6F	627	00000000	0	00000000	00000000	1	1	base_physical_block
all.snd	628	628	363036372D31	6067-1	000117E2	71650	00000000	02F1B7B3	628	00000000	0	00000000	00000000	1	1	base_physical_block
all.snd	629	629	363036372D32	6067-2	0000A012	40978	00000000	02F2CF95	629	00000000	0	00000000	00000000	1	1	base_physical_block
all.snd	630	630	363036382D31	6068-1	00027BE6	162790	00000000	02F36FA7	630	00000000	0	00000000	00000000	1	1	base_physical_block
all.snd	631	631	363036382D32	6068-2	0000F8DC	63708	00000000	02F5EB8D	631	00000000	0	00000000	00000000	1	1	base_physical_block
all.snd	632	632	363037312D31	6071-1	0000F5A2	62882	00000000	02F6E469	632	00000000	0	00000000	00000000	1	1	base_physical_block
all.snd	633	633	363037312D32	6071-2	00019DA0	105888	00000000	02FD89CD	633	00000000	0	00000000	00000000	1	1	base_physical_block
all.snd	634	634	363037312D33	6071-3	00019F9E	106398	00000000	02FF276D	634	00000000	0	00000000	00000000	1	1	base_physical_block
all.snd	635	635	363037322D31	6072-1	0001F416	128022	00000000	0300C70B	635	00000000	0	00000000	00000000	1	1	base_physical_block
all.snd	636	636	363037332D31	6073-1	00027818	161816	00000000	0302BB21	636	00000000	0	00000000	00000000	1	1	base_physical_block
all.snd	637	637	363037332D32	6073-2	0001EAD6	125654	00000000	03053339	637	00000000	0	00000000	00000000	1	1	base_physical_block
all.snd	638	638	363037362D31	6076-1	0002FDF0	196080	00000000	03071E0F	638	00000000	0	00000000	00000000	1	1	base_physical_block
all.snd	639	639	363037382D31	6078-1	0000FA48	64072	00000000	030A1BFF	639	00000000	0	00000000	00000000	1	1	base_physical_block
all.snd	640	640	363037382D32	6078-2	0001C112	114962	00000000	030B1647	640	00000000	0	00000000	00000000	1	1	base_physical_block
all.snd	641	641	363038312D31	6081-1	0003956A	234858	00000000	030CD759	641	00000000	0	00000000	00000000	1	1	base_physical_block
all.snd	642	642	363038332D31	6083-1	000234AA	144554	00000000	03106CC3	642	00000000	0	00000000	00000000	1	1	base_physical_block
all.snd	643	643	363038352D31	6085-1	000379A0	227744	00000000	0312A16D	643	00000000	0	00000000	00000000	1	1	base_physical_block
all.snd	644	644	363038362D31	6086-1	0003C04A	245834	00000000	03161B0D	644	00000000	0	00000000	00000000	1	1	base_physical_block
all.snd	645	645	363038382D31	6088-1	000113F6	70646	00000000	0319DB57	645	00000000	0	00000000	00000000	1	1	base_physical_block
all.snd	646	646	363038382D32	6088-2	00015FB6	90038	00000000	031AEF4D	646	00000000	0	00000000	00000000	1	1	base_physical_block
all.snd	647	647	363038382D33	6088-3	0001384E	79950	00000000	031C4F03	647	00000000	0	00000000	00000000	1	1	base_physical_block
all.snd	648	648	363038392D31	6089-1	0002B70C	177932	00000000	031D8751	648	00000000	0	00000000	00000000	1	1	base_physical_block
all.snd	649	649	373031352D31	7015-1	0002A5A6	173478	00000000	03203E5D	649	00000000	0	00000000	00000000	1	1	base_physical_block
all.snd	650	650	373032322D31	7022-1	00014A5A	84570	00000000	0322E403	650	00000000	0	00000000	00000000	1	1	base_physical_block
all.snd	651	651	373032332D31	7023-1	000189A2	100770	00000000	03242E5D	651	00000000	0	00000000	00000000	1	1	base_physical_block
all.snd	652	652	373032382D31	7028-1	00012172	74098	00000000	0325B7FF	652	00000000	0	00000000	00000000	1	1	base_physical_block
all.snd	653	653	373032382D32	7028-2	00015C38	89144	00000000	0326D971	653	00000000	0	00000000	00000000	1	1	base_physical_block
all.snd	654	654	373033312D31	7031-1	0000EDAC	60844	00000000	032835A9	654	00000000	0	00000000	00000000	1	1	base_physical_block
all.snd	655	655	373033312D32	7031-2	0004AA72	305778	00000000	03292355	655	00000000	0	00000000	00000000	1	1	base_physical_block
all.snd	656	656	BE5FB0CA	震動	000202BE	131774	00000000	032DCDC7	656	00000000	0	00000000	00000000	1	1	base_physical_block
all.snd	657	657	BCBBA5B9A7F07E31	撒旦攻~1	00029A2A	170538	00000000	032FD085	657	00000000	0	00000000	00000000	1	1	base_physical_block
all.snd	658	658	BCBBA5B9A7F07E32	撒旦攻~2	0000DEE8	57064	00000000	03326AAF	658	00000000	0	00000000	00000000	1	1	base_physical_block
all.snd	659	659	BCBBA5B9A7F07E33	撒旦攻~3	0000FCBA	64698	00000000	03334997	659	00000000	0	00000000	00000000	1	1	base_physical_block
all.snd	660	660	BCBBA5B9A8677E31	撒旦狂~1	00022194	139668	00000000	03344651	660	00000000	0	00000000	00000000	1	1	base_physical_block
all.snd	661	661	BCBBA5B9A8677E32	撒旦狂~2	00010278	66168	00000000	033667E5	661	00000000	0	00000000	00000000	1	1	base_physical_block
all.snd	662	662	BCBBA5B9B1D17E31	撒旦敗~1	0007448A	476298	00000000	03376A5D	662	00000000	0	00000000	00000000	1	1	base_physical_block
all.snd	663	663	A4FDABE4A4EB7E32	王思月~2	00006838	26680	00000000	033EAEE7	663	00000000	0	00000000	00000000	1	1	base_physical_block
all.snd	664	664	ADFA	哭	0001FC0E	130062	00000000	033F171F	664	00000000	0	00000000	00000000	1	1	base_physical_block
all.snd	665	665			00000000	0	00000000	00000000	0	00000000	0	00000000	00000000	0	0	empty
all.snd	666	666			00000000	0	00000000	00000000	0	00000000	0	00000000	00000000	0	0	empty
all.snd	667	667			00000000	0	00000000	00000000	0	00000000	0	00000000	00000000	0	0	empty
all.snd	668	668			00000000	0	00000000	00000000	0	00000000	0	00000000	00000000	0	0	empty
all.snd	669	669			00000000	0	00000000	00000000	0	00000000	0	00000000	00000000	0	0	empty
all.snd	670	670			00000000	0	00000000	00000000	0	00000000	0	00000000	00000000	0	0	empty
all.snd	671	671			00000000	0	00000000	00000000	0	00000000	0	00000000	00000000	0	0	empty
all.snd	672	672			00000000	0	00000000	00000000	0	00000000	0	00000000	00000000	0	0	empty
all.snd	673	673			00000000	0	00000000	00000000	0	00000000	0	00000000	00000000	0	0	empty
all.snd	674	674			00000000	0	00000000	00000000	0	00000000	0	00000000	00000000	0	0	empty
all.snd	675	675			00000000	0	00000000	00000000	0	00000000	0	00000000	00000000	0	0	empty
all.snd	676	676			00000000	0	00000000	00000000	0	00000000	0	00000000	00000000	0	0	empty
all.snd	677	677			00000000	0	00000000	00000000	0	00000000	0	00000000	00000000	0	0	empty
all.snd	678	678			00000000	0	00000000	00000000	0	00000000	0	00000000	00000000	0	0	empty
all.snd	679	679			00000000	0	00000000	00000000	0	00000000	0	00000000	00000000	0	0	empty
all.snd	680	680			00000000	0	00000000	00000000	0	00000000	0	00000000	00000000	0	0	empty
all.snd	681	681			00000000	0	00000000	00000000	0	00000000	0	00000000	00000000	0	0	empty
all.snd	682	682			00000000	0	00000000	00000000	0	00000000	0	00000000	00000000	0	0	empty
all.snd	683	683			00000000	0	00000000	00000000	0	00000000	0	00000000	00000000	0	0	empty
all.snd	684	684			00000000	0	00000000	00000000	0	00000000	0	00000000	00000000	0	0	empty
all.snd	685	685			00000000	0	00000000	00000000	0	00000000	0	00000000	00000000	0	0	empty
all.snd	686	686			00000000	0	00000000	00000000	0	00000000	0	00000000	00000000	0	0	empty
all.snd	687	687			00000000	0	00000000	00000000	0	00000000	0	00000000	00000000	0	0	empty
all.snd	688	688			00000000	0	00000000	00000000	0	00000000	0	00000000	00000000	0	0	empty
all.snd	689	689			00000000	0	00000000	00000000	0	00000000	0	00000000	00000000	0	0	empty
all.snd	690	690			00000000	0	00000000	00000000	0	00000000	0	00000000	00000000	0	0	empty
all.snd	691	691			00000000	0	00000000	00000000	0	00000000	0	00000000	00000000	0	0	empty
all.snd	692	692			00000000	0	00000000	00000000	0	00000000	0	00000000	00000000	0	0	empty
all.snd	693	693			00000000	0	00000000	00000000	0	00000000	0	00000000	00000000	0	0	empty
all.snd	694	694			00000000	0	00000000	00000000	0	00000000	0	00000000	00000000	0	0	empty
all.snd	695	695			00000000	0	00000000	00000000	0	00000000	0	00000000	00000000	0	0	empty
all.snd	696	696			00000000	0	00000000	00000000	0	00000000	0	00000000	00000000	0	0	empty
all.snd	697	697			00000000	0	00000000	00000000	0	00000000	0	00000000	00000000	0	0	empty
all.snd	698	698			00000000	0	00000000	00000000	0	00000000	0	00000000	00000000	0	0	empty
all.snd	699	699			00000000	0	00000000	00000000	0	00000000	0	00000000	00000000	0	0	empty
all.snd	700	700			00000000	0	00000000	00000000	0	00000000	0	00000000	00000000	0	0	empty
all.snd	701	701			00000000	0	00000000	00000000	0	00000000	0	00000000	00000000	0	0	empty
all.snd	702	702			00000000	0	00000000	00000000	0	00000000	0	00000000	00000000	0	0	empty
all.snd	703	703			00000000	0	00000000	00000000	0	00000000	0	00000000	00000000	0	0	empty
all.snd	704	704			00000000	0	00000000	00000000	0	00000000	0	00000000	00000000	0	0	empty
all.snd	705	705			00000000	0	00000000	00000000	0	00000000	0	00000000	00000000	0	0	empty
all.snd	706	706			00000000	0	00000000	00000000	0	00000000	0	00000000	00000000	0	0	empty
all.snd	707	707			00000000	0	00000000	00000000	0	00000000	0	00000000	00000000	0	0	empty
all.snd	708	708			00000000	0	00000000	00000000	0	00000000	0	00000000	00000000	0	0	empty
all.snd	709	709			00000000	0	00000000	00000000	0	00000000	0	00000000	00000000	0	0	empty
all.snd	710	710			00000000	0	00000000	00000000	0	00000000	0	00000000	00000000	0	0	empty
all.snd	711	711			00000000	0	00000000	00000000	0	00000000	0	00000000	00000000	0	0	empty
all.snd	712	712			00000000	0	00000000	00000000	0	00000000	0	00000000	00000000	0	0	empty
all.snd	713	713			00000000	0	00000000	00000000	0	00000000	0	00000000	00000000	0	0	empty
all.snd	714	714			00000000	0	00000000	00000000	0	00000000	0	00000000	00000000	0	0	empty
all.snd	715	715			00000000	0	00000000	00000000	0	00000000	0	00000000	00000000	0	0	empty
all.snd	716	716			00000000	0	00000000	00000000	0	00000000	0	00000000	00000000	0	0	empty
all.snd	717	717			00000000	0	00000000	00000000	0	00000000	0	00000000	00000000	0	0	empty
all.snd	718	718			00000000	0	00000000	00000000	0	00000000	0	00000000	00000000	0	0	empty
all.snd	719	719			00000000	0	00000000	00000000	0	00000000	0	00000000	00000000	0	0	empty
all.snd	720	720			00000000	0	00000000	00000000	0	00000000	0	00000000	00000000	0	0	empty
all.snd	721	721			00000000	0	00000000	00000000	0	00000000	0	00000000	00000000	0	0	empty
all.snd	722	722			00000000	0	00000000	00000000	0	00000000	0	00000000	00000000	0	0	empty
all.snd	723	723			00000000	0	00000000	00000000	0	00000000	0	00000000	00000000	0	0	empty
all.snd	724	724			00000000	0	00000000	00000000	0	00000000	0	00000000	00000000	0	0	empty
all.snd	725	725			00000000	0	00000000	00000000	0	00000000	0	00000000	00000000	0	0	empty
all.snd	726	726			00000000	0	00000000	00000000	0	00000000	0	00000000	00000000	0	0	empty
all.snd	727	727			00000000	0	00000000	00000000	0	00000000	0	00000000	00000000	0	0	empty
all.snd	728	728			00000000	0	00000000	00000000	0	00000000	0	00000000	00000000	0	0	empty
all.snd	729	729			00000000	0	00000000	00000000	0	00000000	0	00000000	00000000	0	0	empty
all.snd	730	730			00000000	0	00000000	00000000	0	00000000	0	00000000	00000000	0	0	empty
all.snd	731	731			00000000	0	00000000	00000000	0	00000000	0	00000000	00000000	0	0	empty
all.snd	732	732			00000000	0	00000000	00000000	0	00000000	0	00000000	00000000	0	0	empty
all.snd	733	733			00000000	0	00000000	00000000	0	00000000	0	00000000	00000000	0	0	empty
all.snd	734	734			00000000	0	00000000	00000000	0	00000000	0	00000000	00000000	0	0	empty
all.snd	735	735			00000000	0	00000000	00000000	0	00000000	0	00000000	00000000	0	0	empty
all.snd	736	736			00000000	0	00000000	00000000	0	00000000	0	00000000	00000000	0	0	empty
all.snd	737	737			00000000	0	00000000	00000000	0	00000000	0	00000000	00000000	0	0	empty
all.snd	738	738			00000000	0	00000000	00000000	0	00000000	0	00000000	00000000	0	0	empty
all.snd	739	739			00000000	0	00000000	00000000	0	00000000	0	00000000	00000000	0	0	empty
all.snd	740	740			00000000	0	00000000	00000000	0	00000000	0	00000000	00000000	0	0	empty
all.snd	741	741			00000000	0	00000000	00000000	0	00000000	0	00000000	00000000	0	0	empty
all.snd	742	742			00000000	0	00000000	00000000	0	00000000	0	00000000	00000000	0	0	empty
all.snd	743	743			00000000	0	00000000	00000000	0	00000000	0	00000000	00000000	0	0	empty
all.snd	744	744			00000000	0	00000000	00000000	0	00000000	0	00000000	00000000	0	0	empty
all.snd	745	745			00000000	0	00000000	00000000	0	00000000	0	00000000	00000000	0	0	empty
all.snd	746	746			00000000	0	00000000	00000000	0	00000000	0	00000000	00000000	0	0	empty
all.snd	747	747			00000000	0	00000000	00000000	0	00000000	0	00000000	00000000	0	0	empty
all.snd	748	748			00000000	0	00000000	00000000	0	00000000	0	00000000	00000000	0	0	empty
all.snd	749	749			00000000	0	00000000	00000000	0	00000000	0	00000000	00000000	0	0	empty
all.snd	750	750			00000000	0	00000000	00000000	0	00000000	0	00000000	00000000	0	0	empty
all.snd	751	751			00000000	0	00000000	00000000	0	00000000	0	00000000	00000000	0	0	empty
all.snd	752	752			00000000	0	00000000	00000000	0	00000000	0	00000000	00000000	0	0	empty
all.snd	753	753			00000000	0	00000000	00000000	0	00000000	0	00000000	00000000	0	0	empty
all.snd	754	754			00000000	0	00000000	00000000	0	00000000	0	00000000	00000000	0	0	empty
all.snd	755	755			00000000	0	00000000	00000000	0	00000000	0	00000000	00000000	0	0	empty
all.snd	756	756			00000000	0	00000000	00000000	0	00000000	0	00000000	00000000	0	0	empty
all.snd	757	757			00000000	0	00000000	00000000	0	00000000	0	00000000	00000000	0	0	empty
all.snd	758	758			00000000	0	00000000	00000000	0	00000000	0	00000000	00000000	0	0	empty
all.snd	759	759			00000000	0	00000000	00000000	0	00000000	0	00000000	00000000	0	0	empty
all.snd	760	760			00000000	0	00000000	00000000	0	00000000	0	00000000	00000000	0	0	empty
all.snd	761	761			00000000	0	00000000	00000000	0	00000000	0	00000000	00000000	0	0	empty
all.snd	762	762			00000000	0	00000000	00000000	0	00000000	0	00000000	00000000	0	0	empty
all.snd	763	763			00000000	0	00000000	00000000	0	00000000	0	00000000	00000000	0	0	empty
all.snd	764	764			00000000	0	00000000	00000000	0	00000000	0	00000000	00000000	0	0	empty
all.snd	765	765			00000000	0	00000000	00000000	0	00000000	0	00000000	00000000	0	0	empty
all.snd	766	766			00000000	0	00000000	00000000	0	00000000	0	00000000	00000000	0	0	empty
all.snd	767	767			00000000	0	00000000	00000000	0	00000000	0	00000000	00000000	0	0	empty
all.snd	768	768			00000000	0	00000000	00000000	0	00000000	0	00000000	00000000	0	0	empty
all.snd	769	769			00000000	0	00000000	00000000	0	00000000	0	00000000	00000000	0	0	empty
all.snd	770	770			00000000	0	00000000	00000000	0	00000000	0	00000000	00000000	0	0	empty
all.snd	771	771			00000000	0	00000000	00000000	0	00000000	0	00000000	00000000	0	0	empty
all.snd	772	772			00000000	0	00000000	00000000	0	00000000	0	00000000	00000000	0	0	empty
all.snd	773	773			00000000	0	00000000	00000000	0	00000000	0	00000000	00000000	0	0	empty
all.snd	774	774			00000000	0	00000000	00000000	0	00000000	0	00000000	00000000	0	0	empty
all.snd	775	775			00000000	0	00000000	00000000	0	00000000	0	00000000	00000000	0	0	empty
all.snd	776	776			00000000	0	00000000	00000000	0	00000000	0	00000000	00000000	0	0	empty
all.snd	777	777			00000000	0	00000000	00000000	0	00000000	0	00000000	00000000	0	0	empty
all.snd	778	778			00000000	0	00000000	00000000	0	00000000	0	00000000	00000000	0	0	empty
all.snd	779	779			00000000	0	00000000	00000000	0	00000000	0	00000000	00000000	0	0	empty
all.snd	780	780			00000000	0	00000000	00000000	0	00000000	0	00000000	00000000	0	0	empty
all.snd	781	781			00000000	0	00000000	00000000	0	00000000	0	00000000	00000000	0	0	empty
all.snd	782	782			00000000	0	00000000	00000000	0	00000000	0	00000000	00000000	0	0	empty
all.snd	783	783			00000000	0	00000000	00000000	0	00000000	0	00000000	00000000	0	0	empty
all.snd	784	784			00000000	0	00000000	00000000	0	00000000	0	00000000	00000000	0	0	empty
all.snd	785	785			00000000	0	00000000	00000000	0	00000000	0	00000000	00000000	0	0	empty
all.snd	786	786			00000000	0	00000000	00000000	0	00000000	0	00000000	00000000	0	0	empty
all.snd	787	787			00000000	0	00000000	00000000	0	00000000	0	00000000	00000000	0	0	empty
all.snd	788	788			00000000	0	00000000	00000000	0	00000000	0	00000000	00000000	0	0	empty
all.snd	789	789			00000000	0	00000000	00000000	0	00000000	0	00000000	00000000	0	0	empty
all.snd	790	790			00000000	0	00000000	00000000	0	00000000	0	00000000	00000000	0	0	empty
all.snd	791	791			00000000	0	00000000	00000000	0	00000000	0	00000000	00000000	0	0	empty
all.snd	792	792			00000000	0	00000000	00000000	0	00000000	0	00000000	00000000	0	0	empty
all.snd	793	793			00000000	0	00000000	00000000	0	00000000	0	00000000	00000000	0	0	empty
all.snd	794	794			00000000	0	00000000	00000000	0	00000000	0	00000000	00000000	0	0	empty
all.snd	795	795			00000000	0	00000000	00000000	0	00000000	0	00000000	00000000	0	0	empty
all.snd	796	796			00000000	0	00000000	00000000	0	00000000	0	00000000	00000000	0	0	empty
all.snd	797	797			00000000	0	00000000	00000000	0	00000000	0	00000000	00000000	0	0	empty
all.snd	798	798			00000000	0	00000000	00000000	0	00000000	0	00000000	00000000	0	0	empty
all.snd	799	799			00000000	0	00000000	00000000	0	00000000	0	00000000	00000000	0	0	empty
all.snd	800	800			00000000	0	00000000	00000000	0	00000000	0	00000000	00000000	0	0	empty
all.snd	801	801			00000000	0	00000000	00000000	0	00000000	0	00000000	00000000	0	0	empty
all.snd	802	802			00000000	0	00000000	00000000	0	00000000	0	00000000	00000000	0	0	empty
all.snd	803	803			00000000	0	00000000	00000000	0	00000000	0	00000000	00000000	0	0	empty
all.snd	804	804			00000000	0	00000000	00000000	0	00000000	0	00000000	00000000	0	0	empty
all.snd	805	805			00000000	0	00000000	00000000	0	00000000	0	00000000	00000000	0	0	empty
all.snd	806	806			00000000	0	00000000	00000000	0	00000000	0	00000000	00000000	0	0	empty
all.snd	807	807			00000000	0	00000000	00000000	0	00000000	0	00000000	00000000	0	0	empty
all.snd	808	808			00000000	0	00000000	00000000	0	00000000	0	00000000	00000000	0	0	empty
all.snd	809	809			00000000	0	00000000	00000000	0	00000000	0	00000000	00000000	0	0	empty
all.snd	810	810			00000000	0	00000000	00000000	0	00000000	0	00000000	00000000	0	0	empty
all.snd	811	811			00000000	0	00000000	00000000	0	00000000	0	00000000	00000000	0	0	empty
all.snd	812	812			00000000	0	00000000	00000000	0	00000000	0	00000000	00000000	0	0	empty
all.snd	813	813			00000000	0	00000000	00000000	0	00000000	0	00000000	00000000	0	0	empty
all.snd	814	814			00000000	0	00000000	00000000	0	00000000	0	00000000	00000000	0	0	empty
all.snd	815	815			00000000	0	00000000	00000000	0	00000000	0	00000000	00000000	0	0	empty
all.snd	816	816			00000000	0	00000000	00000000	0	00000000	0	00000000	00000000	0	0	empty
all.snd	817	817			00000000	0	00000000	00000000	0	00000000	0	00000000	00000000	0	0	empty
all.snd	818	818			00000000	0	00000000	00000000	0	00000000	0	00000000	00000000	0	0	empty
all.snd	819	819			00000000	0	00000000	00000000	0	00000000	0	00000000	00000000	0	0	empty
all.snd	820	820			00000000	0	00000000	00000000	0	00000000	0	00000000	00000000	0	0	empty
all.snd	821	821			00000000	0	00000000	00000000	0	00000000	0	00000000	00000000	0	0	empty
all.snd	822	822			00000000	0	00000000	00000000	0	00000000	0	00000000	00000000	0	0	empty
all.snd	823	823			00000000	0	00000000	00000000	0	00000000	0	00000000	00000000	0	0	empty
all.snd	824	824			00000000	0	00000000	00000000	0	00000000	0	00000000	00000000	0	0	empty
all.snd	825	825			00000000	0	00000000	00000000	0	00000000	0	00000000	00000000	0	0	empty
all.snd	826	826			00000000	0	00000000	00000000	0	00000000	0	00000000	00000000	0	0	empty
all.snd	827	827			00000000	0	00000000	00000000	0	00000000	0	00000000	00000000	0	0	empty
all.snd	828	828			00000000	0	00000000	00000000	0	00000000	0	00000000	00000000	0	0	empty
all.snd	829	829			00000000	0	00000000	00000000	0	00000000	0	00000000	00000000	0	0	empty
all.snd	830	830			00000000	0	00000000	00000000	0	00000000	0	00000000	00000000	0	0	empty
all.snd	831	831			00000000	0	00000000	00000000	0	00000000	0	00000000	00000000	0	0	empty
all.snd	832	832			00000000	0	00000000	00000000	0	00000000	0	00000000	00000000	0	0	empty
all.snd	833	833			00000000	0	00000000	00000000	0	00000000	0	00000000	00000000	0	0	empty
all.snd	834	834			00000000	0	00000000	00000000	0	00000000	0	00000000	00000000	0	0	empty
all.snd	835	835			00000000	0	00000000	00000000	0	00000000	0	00000000	00000000	0	0	empty
all.snd	836	836			00000000	0	00000000	00000000	0	00000000	0	00000000	00000000	0	0	empty
all.snd	837	837			00000000	0	00000000	00000000	0	00000000	0	00000000	00000000	0	0	empty
all.snd	838	838			00000000	0	00000000	00000000	0	00000000	0	00000000	00000000	0	0	empty
all.snd	839	839			00000000	0	00000000	00000000	0	00000000	0	00000000	00000000	0	0	empty
all.snd	840	840			00000000	0	00000000	00000000	0	00000000	0	00000000	00000000	0	0	empty
all.snd	841	841			00000000	0	00000000	00000000	0	00000000	0	00000000	00000000	0	0	empty
all.snd	842	842			00000000	0	00000000	00000000	0	00000000	0	00000000	00000000	0	0	empty
all.snd	843	843			00000000	0	00000000	00000000	0	00000000	0	00000000	00000000	0	0	empty
all.snd	844	844			00000000	0	00000000	00000000	0	00000000	0	00000000	00000000	0	0	empty
all.snd	845	845			00000000	0	00000000	00000000	0	00000000	0	00000000	00000000	0	0	empty
all.snd	846	846			00000000	0	00000000	00000000	0	00000000	0	00000000	00000000	0	0	empty
all.snd	847	847			00000000	0	00000000	00000000	0	00000000	0	00000000	00000000	0	0	empty
all.snd	848	848			00000000	0	00000000	00000000	0	00000000	0	00000000	00000000	0	0	empty
all.snd	849	849			00000000	0	00000000	00000000	0	00000000	0	00000000	00000000	0	0	empty
all.snd	850	850			00000000	0	00000000	00000000	0	00000000	0	00000000	00000000	0	0	empty
all.snd	851	851			00000000	0	00000000	00000000	0	00000000	0	00000000	00000000	0	0	empty
all.snd	852	852			00000000	0	00000000	00000000	0	00000000	0	00000000	00000000	0	0	empty
all.snd	853	853			00000000	0	00000000	00000000	0	00000000	0	00000000	00000000	0	0	empty
all.snd	854	854			00000000	0	00000000	00000000	0	00000000	0	00000000	00000000	0	0	empty
all.snd	855	855			00000000	0	00000000	00000000	0	00000000	0	00000000	00000000	0	0	empty
all.snd	856	856			00000000	0	00000000	00000000	0	00000000	0	00000000	00000000	0	0	empty
all.snd	857	857			00000000	0	00000000	00000000	0	00000000	0	00000000	00000000	0	0	empty
all.snd	858	858			00000000	0	00000000	00000000	0	00000000	0	00000000	00000000	0	0	empty
all.snd	859	859			00000000	0	00000000	00000000	0	00000000	0	00000000	00000000	0	0	empty
all.snd	860	860			00000000	0	00000000	00000000	0	00000000	0	00000000	00000000	0	0	empty
all.snd	861	861			00000000	0	00000000	00000000	0	00000000	0	00000000	00000000	0	0	empty
all.snd	862	862			00000000	0	00000000	00000000	0	00000000	0	00000000	00000000	0	0	empty
all.snd	863	863			00000000	0	00000000	00000000	0	00000000	0	00000000	00000000	0	0	empty
all.snd	864	864			00000000	0	00000000	00000000	0	00000000	0	00000000	00000000	0	0	empty
all.snd	865	865			00000000	0	00000000	00000000	0	00000000	0	00000000	00000000	0	0	empty
all.snd	866	866			00000000	0	00000000	00000000	0	00000000	0	00000000	00000000	0	0	empty
all.snd	867	867			00000000	0	00000000	00000000	0	00000000	0	00000000	00000000	0	0	empty
all.snd	868	868			00000000	0	00000000	00000000	0	00000000	0	00000000	00000000	0	0	empty
all.snd	869	869			00000000	0	00000000	00000000	0	00000000	0	00000000	00000000	0	0	empty
all.snd	870	870			00000000	0	00000000	00000000	0	00000000	0	00000000	00000000	0	0	empty
all.snd	871	871			00000000	0	00000000	00000000	0	00000000	0	00000000	00000000	0	0	empty
all.snd	872	872			00000000	0	00000000	00000000	0	00000000	0	00000000	00000000	0	0	empty
all.snd	873	873			00000000	0	00000000	00000000	0	00000000	0	00000000	00000000	0	0	empty
all.snd	874	874			00000000	0	00000000	00000000	0	00000000	0	00000000	00000000	0	0	empty
all.snd	875	875			00000000	0	00000000	00000000	0	00000000	0	00000000	00000000	0	0	empty
all.snd	876	876			00000000	0	00000000	00000000	0	00000000	0	00000000	00000000	0	0	empty
all.snd	877	877			00000000	0	00000000	00000000	0	00000000	0	00000000	00000000	0	0	empty
all.snd	878	878			00000000	0	00000000	00000000	0	00000000	0	00000000	00000000	0	0	empty
all.snd	879	879			00000000	0	00000000	00000000	0	00000000	0	00000000	00000000	0	0	empty
all.snd	880	880			00000000	0	00000000	00000000	0	00000000	0	00000000	00000000	0	0	empty
all.snd	881	881			00000000	0	00000000	00000000	0	00000000	0	00000000	00000000	0	0	empty
all.snd	882	882			00000000	0	00000000	00000000	0	00000000	0	00000000	00000000	0	0	empty
all.snd	883	883			00000000	0	00000000	00000000	0	00000000	0	00000000	00000000	0	0	empty
all.snd	884	884			00000000	0	00000000	00000000	0	00000000	0	00000000	00000000	0	0	empty
all.snd	885	885			00000000	0	00000000	00000000	0	00000000	0	00000000	00000000	0	0	empty
all.snd	886	886			00000000	0	00000000	00000000	0	00000000	0	00000000	00000000	0	0	empty
all.snd	887	887			00000000	0	00000000	00000000	0	00000000	0	00000000	00000000	0	0	empty
all.snd	888	888			00000000	0	00000000	00000000	0	00000000	0	00000000	00000000	0	0	empty
all.snd	889	889			00000000	0	00000000	00000000	0	00000000	0	00000000	00000000	0	0	empty
all.snd	890	890			00000000	0	00000000	00000000	0	00000000	0	00000000	00000000	0	0	empty
all.snd	891	891			00000000	0	00000000	00000000	0	00000000	0	00000000	00000000	0	0	empty
all.snd	892	892			00000000	0	00000000	00000000	0	00000000	0	00000000	00000000	0	0	empty
all.snd	893	893			00000000	0	00000000	00000000	0	00000000	0	00000000	00000000	0	0	empty
all.snd	894	894			00000000	0	00000000	00000000	0	00000000	0	00000000	00000000	0	0	empty
all.snd	895	895			00000000	0	00000000	00000000	0	00000000	0	00000000	00000000	0	0	empty
all.snd	896	896			00000000	0	00000000	00000000	0	00000000	0	00000000	00000000	0	0	empty
all.snd	897	897			00000000	0	00000000	00000000	0	00000000	0	00000000	00000000	0	0	empty
all.snd	898	898			00000000	0	00000000	00000000	0	00000000	0	00000000	00000000	0	0	empty
all.snd	899	899			00000000	0	00000000	00000000	0	00000000	0	00000000	00000000	0	0	empty
all.snd	900	900			00000000	0	00000000	00000000	0	00000000	0	00000000	00000000	0	0	empty
all.snd	901	901			00000000	0	00000000	00000000	0	00000000	0	00000000	00000000	0	0	empty
all.snd	902	902			00000000	0	00000000	00000000	0	00000000	0	00000000	00000000	0	0	empty
all.snd	903	903			00000000	0	00000000	00000000	0	00000000	0	00000000	00000000	0	0	empty
all.snd	904	904			00000000	0	00000000	00000000	0	00000000	0	00000000	00000000	0	0	empty
all.snd	905	905			00000000	0	00000000	00000000	0	00000000	0	00000000	00000000	0	0	empty
all.snd	906	906			00000000	0	00000000	00000000	0	00000000	0	00000000	00000000	0	0	empty
all.snd	907	907			00000000	0	00000000	00000000	0	00000000	0	00000000	00000000	0	0	empty
all.snd	908	908			00000000	0	00000000	00000000	0	00000000	0	00000000	00000000	0	0	empty
all.snd	909	909			00000000	0	00000000	00000000	0	00000000	0	00000000	00000000	0	0	empty
all.snd	910	910			00000000	0	00000000	00000000	0	00000000	0	00000000	00000000	0	0	empty
all.snd	911	911			00000000	0	00000000	00000000	0	00000000	0	00000000	00000000	0	0	empty
all.snd	912	912			00000000	0	00000000	00000000	0	00000000	0	00000000	00000000	0	0	empty
all.snd	913	913			00000000	0	00000000	00000000	0	00000000	0	00000000	00000000	0	0	empty
all.snd	914	914			00000000	0	00000000	00000000	0	00000000	0	00000000	00000000	0	0	empty
all.snd	915	915			00000000	0	00000000	00000000	0	00000000	0	00000000	00000000	0	0	empty
all.snd	916	916			00000000	0	00000000	00000000	0	00000000	0	00000000	00000000	0	0	empty
all.snd	917	917			00000000	0	00000000	00000000	0	00000000	0	00000000	00000000	0	0	empty
all.snd	918	918			00000000	0	00000000	00000000	0	00000000	0	00000000	00000000	0	0	empty
all.snd	919	919			00000000	0	00000000	00000000	0	00000000	0	00000000	00000000	0	0	empty
all.snd	920	920			00000000	0	00000000	00000000	0	00000000	0	00000000	00000000	0	0	empty
all.snd	921	921			00000000	0	00000000	00000000	0	00000000	0	00000000	00000000	0	0	empty
all.snd	922	922			00000000	0	00000000	00000000	0	00000000	0	00000000	00000000	0	0	empty
all.snd	923	923			00000000	0	00000000	00000000	0	00000000	0	00000000	00000000	0	0	empty
all.snd	924	924			00000000	0	00000000	00000000	0	00000000	0	00000000	00000000	0	0	empty
all.snd	925	925			00000000	0	00000000	00000000	0	00000000	0	00000000	00000000	0	0	empty
all.snd	926	926			00000000	0	00000000	00000000	0	00000000	0	00000000	00000000	0	0	empty
all.snd	927	927			00000000	0	00000000	00000000	0	00000000	0	00000000	00000000	0	0	empty
all.snd	928	928			00000000	0	00000000	00000000	0	00000000	0	00000000	00000000	0	0	empty
all.snd	929	929			00000000	0	00000000	00000000	0	00000000	0	00000000	00000000	0	0	empty
all.snd	930	930			00000000	0	00000000	00000000	0	00000000	0	00000000	00000000	0	0	empty
all.snd	931	931			00000000	0	00000000	00000000	0	00000000	0	00000000	00000000	0	0	empty
all.snd	932	932			00000000	0	00000000	00000000	0	00000000	0	00000000	00000000	0	0	empty
all.snd	933	933			00000000	0	00000000	00000000	0	00000000	0	00000000	00000000	0	0	empty
all.snd	934	934			00000000	0	00000000	00000000	0	00000000	0	00000000	00000000	0	0	empty
all.snd	935	935			00000000	0	00000000	00000000	0	00000000	0	00000000	00000000	0	0	empty
all.snd	936	936			00000000	0	00000000	00000000	0	00000000	0	00000000	00000000	0	0	empty
all.snd	937	937			00000000	0	00000000	00000000	0	00000000	0	00000000	00000000	0	0	empty
all.snd	938	938			00000000	0	00000000	00000000	0	00000000	0	00000000	00000000	0	0	empty
all.snd	939	939			00000000	0	00000000	00000000	0	00000000	0	00000000	00000000	0	0	empty
all.snd	940	940			00000000	0	00000000	00000000	0	00000000	0	00000000	00000000	0	0	empty
all.snd	941	941			00000000	0	00000000	00000000	0	00000000	0	00000000	00000000	0	0	empty
all.snd	942	942			00000000	0	00000000	00000000	0	00000000	0	00000000	00000000	0	0	empty
all.snd	943	943			00000000	0	00000000	00000000	0	00000000	0	00000000	00000000	0	0	empty
all.snd	944	944			00000000	0	00000000	00000000	0	00000000	0	00000000	00000000	0	0	empty
all.snd	945	945			00000000	0	00000000	00000000	0	00000000	0	00000000	00000000	0	0	empty
all.snd	946	946			00000000	0	00000000	00000000	0	00000000	0	00000000	00000000	0	0	empty
all.snd	947	947			00000000	0	00000000	00000000	0	00000000	0	00000000	00000000	0	0	empty
all.snd	948	948			00000000	0	00000000	00000000	0	00000000	0	00000000	00000000	0	0	empty
all.snd	949	949			00000000	0	00000000	00000000	0	00000000	0	00000000	00000000	0	0	empty
all.snd	950	950			00000000	0	00000000	00000000	0	00000000	0	00000000	00000000	0	0	empty
all.snd	951	951			00000000	0	00000000	00000000	0	00000000	0	00000000	00000000	0	0	empty
all.snd	952	952			00000000	0	00000000	00000000	0	00000000	0	00000000	00000000	0	0	empty
all.snd	953	953			00000000	0	00000000	00000000	0	00000000	0	00000000	00000000	0	0	empty
all.snd	954	954			00000000	0	00000000	00000000	0	00000000	0	00000000	00000000	0	0	empty
all.snd	955	955			00000000	0	00000000	00000000	0	00000000	0	00000000	00000000	0	0	empty
all.snd	956	956			00000000	0	00000000	00000000	0	00000000	0	00000000	00000000	0	0	empty
all.snd	957	957			00000000	0	00000000	00000000	0	00000000	0	00000000	00000000	0	0	empty
all.snd	958	958			00000000	0	00000000	00000000	0	00000000	0	00000000	00000000	0	0	empty
all.snd	959	959			00000000	0	00000000	00000000	0	00000000	0	00000000	00000000	0	0	empty
all.snd	960	960			00000000	0	00000000	00000000	0	00000000	0	00000000	00000000	0	0	empty
all.snd	961	961			00000000	0	00000000	00000000	0	00000000	0	00000000	00000000	0	0	empty
all.snd	962	962			00000000	0	00000000	00000000	0	00000000	0	00000000	00000000	0	0	empty
all.snd	963	963			00000000	0	00000000	00000000	0	00000000	0	00000000	00000000	0	0	empty
all.snd	964	964			00000000	0	00000000	00000000	0	00000000	0	00000000	00000000	0	0	empty
all.snd	965	965			00000000	0	00000000	00000000	0	00000000	0	00000000	00000000	0	0	empty
all.snd	966	966			00000000	0	00000000	00000000	0	00000000	0	00000000	00000000	0	0	empty
all.snd	967	967			00000000	0	00000000	00000000	0	00000000	0	00000000	00000000	0	0	empty
all.snd	968	968			00000000	0	00000000	00000000	0	00000000	0	00000000	00000000	0	0	empty
all.snd	969	969			00000000	0	00000000	00000000	0	00000000	0	00000000	00000000	0	0	empty
all.snd	970	970			00000000	0	00000000	00000000	0	00000000	0	00000000	00000000	0	0	empty
all.snd	971	971			00000000	0	00000000	00000000	0	00000000	0	00000000	00000000	0	0	empty
all.snd	972	972			00000000	0	00000000	00000000	0	00000000	0	00000000	00000000	0	0	empty
all.snd	973	973			00000000	0	00000000	00000000	0	00000000	0	00000000	00000000	0	0	empty
all.snd	974	974			00000000	0	00000000	00000000	0	00000000	0	00000000	00000000	0	0	empty
all.snd	975	975			00000000	0	00000000	00000000	0	00000000	0	00000000	00000000	0	0	empty
all.snd	976	976			00000000	0	00000000	00000000	0	00000000	0	00000000	00000000	0	0	empty
all.snd	977	977			00000000	0	00000000	00000000	0	00000000	0	00000000	00000000	0	0	empty
all.snd	978	978			00000000	0	00000000	00000000	0	00000000	0	00000000	00000000	0	0	empty
all.snd	979	979			00000000	0	00000000	00000000	0	00000000	0	00000000	00000000	0	0	empty
all.snd	980	980			00000000	0	00000000	00000000	0	00000000	0	00000000	00000000	0	0	empty
all.snd	981	981			00000000	0	00000000	00000000	0	00000000	0	00000000	00000000	0	0	empty
all.snd	982	982			00000000	0	00000000	00000000	0	00000000	0	00000000	00000000	0	0	empty
all.snd	983	983			00000000	0	00000000	00000000	0	00000000	0	00000000	00000000	0	0	empty
all.snd	984	984			00000000	0	00000000	00000000	0	00000000	0	00000000	00000000	0	0	empty
all.snd	985	985			00000000	0	00000000	00000000	0	00000000	0	00000000	00000000	0	0	empty
all.snd	986	986			00000000	0	00000000	00000000	0	00000000	0	00000000	00000000	0	0	empty
all.snd	987	987			00000000	0	00000000	00000000	0	00000000	0	00000000	00000000	0	0	empty
all.snd	988	988			00000000	0	00000000	00000000	0	00000000	0	00000000	00000000	0	0	empty
all.snd	989	989			00000000	0	00000000	00000000	0	00000000	0	00000000	00000000	0	0	empty
all.snd	990	990			00000000	0	00000000	00000000	0	00000000	0	00000000	00000000	0	0	empty
all.snd	991	991			00000000	0	00000000	00000000	0	00000000	0	00000000	00000000	0	0	empty
all.snd	992	992			00000000	0	00000000	00000000	0	00000000	0	00000000	00000000	0	0	empty
all.snd	993	993			00000000	0	00000000	00000000	0	00000000	0	00000000	00000000	0	0	empty
all.snd	994	994			00000000	0	00000000	00000000	0	00000000	0	00000000	00000000	0	0	empty
all.snd	995	995			00000000	0	00000000	00000000	0	00000000	0	00000000	00000000	0	0	empty
all.snd	996	996			00000000	0	00000000	00000000	0	00000000	0	00000000	00000000	0	0	empty
all.snd	997	997			00000000	0	00000000	00000000	0	00000000	0	00000000	00000000	0	0	empty
all.snd	998	998			00000000	0	00000000	00000000	0	00000000	0	00000000	00000000	0	0	empty
all.snd	999	999			00000000	0	00000000	00000000	0	00000000	0	00000000	00000000	0	0	empty
all.snd	1000	1000			00000000	0	00000000	00000000	0	00000000	0	00000000	00000000	0	0	empty
all.snd	1001	1001			00000000	0	00000000	00000000	0	00000000	0	00000000	00000000	0	0	empty
all.snd	1002	1002			00000000	0	00000000	00000000	0	00000000	0	00000000	00000000	0	0	empty
all.snd	1003	1003			00000000	0	00000000	00000000	0	00000000	0	00000000	00000000	0	0	empty
all.snd	1004	1004			00000000	0	00000000	00000000	0	00000000	0	00000000	00000000	0	0	empty
all.snd	1005	1005			00000000	0	00000000	00000000	0	00000000	0	00000000	00000000	0	0	empty
all.snd	1006	1006			00000000	0	00000000	00000000	0	00000000	0	00000000	00000000	0	0	empty
all.snd	1007	1007			00000000	0	00000000	00000000	0	00000000	0	00000000	00000000	0	0	empty
all.snd	1008	1008			00000000	0	00000000	00000000	0	00000000	0	00000000	00000000	0	0	empty
all.snd	1009	1009			00000000	0	00000000	00000000	0	00000000	0	00000000	00000000	0	0	empty
all.snd	1010	1010			00000000	0	00000000	00000000	0	00000000	0	00000000	00000000	0	0	empty
all.snd	1011	1011			00000000	0	00000000	00000000	0	00000000	0	00000000	00000000	0	0	empty
all.snd	1012	1012			00000000	0	00000000	00000000	0	00000000	0	00000000	00000000	0	0	empty
all.snd	1013	1013			00000000	0	00000000	00000000	0	00000000	0	00000000	00000000	0	0	empty
all.snd	1014	1014			00000000	0	00000000	00000000	0	00000000	0	00000000	00000000	0	0	empty
all.snd	1015	1015			00000000	0	00000000	00000000	0	00000000	0	00000000	00000000	0	0	empty
all.snd	1016	1016			00000000	0	00000000	00000000	0	00000000	0	00000000	00000000	0	0	empty
all.snd	1017	1017			00000000	0	00000000	00000000	0	00000000	0	00000000	00000000	0	0	empty
all.snd	1018	1018			00000000	0	00000000	00000000	0	00000000	0	00000000	00000000	0	0	empty
all.snd	1019	1019			00000000	0	00000000	00000000	0	00000000	0	00000000	00000000	0	0	empty
all.snd	1020	1020			00000000	0	00000000	00000000	0	00000000	0	00000000	00000000	0	0	empty
all.snd	1021	1021			00000000	0	00000000	00000000	0	00000000	0	00000000	00000000	0	0	empty
all.snd	1022	1022			00000000	0	00000000	00000000	0	00000000	0	00000000	00000000	0	0	empty
all.snd	1023	1023			00000000	0	00000000	00000000	0	00000000	0	00000000	00000000	0	0	empty
all.snd	1024	1024			00000000	0	00000000	00000000	0	00000000	0	00000000	00000000	0	0	empty
all.snd	1025	1025			00000000	0	00000000	00000000	0	00000000	0	00000000	00000000	0	0	empty
all.snd	1026	1026			00000000	0	00000000	00000000	0	00000000	0	00000000	00000000	0	0	empty
all.snd	1027	1027			00000000	0	00000000	00000000	0	00000000	0	00000000	00000000	0	0	empty
all.snd	1028	1028			00000000	0	00000000	00000000	0	00000000	0	00000000	00000000	0	0	empty
all.snd	1029	1029			00000000	0	00000000	00000000	0	00000000	0	00000000	00000000	0	0	empty
all.snd	1030	1030			00000000	0	00000000	00000000	0	00000000	0	00000000	00000000	0	0	empty
all.snd	1031	1031			00000000	0	00000000	00000000	0	00000000	0	00000000	00000000	0	0	empty
all.snd	1032	1032			00000000	0	00000000	00000000	0	00000000	0	00000000	00000000	0	0	empty
all.snd	1033	1033			00000000	0	00000000	00000000	0	00000000	0	00000000	00000000	0	0	empty
all.snd	1034	1034			00000000	0	00000000	00000000	0	00000000	0	00000000	00000000	0	0	empty
all.snd	1035	1035			00000000	0	00000000	00000000	0	00000000	0	00000000	00000000	0	0	empty
all.snd	1036	1036			00000000	0	00000000	00000000	0	00000000	0	00000000	00000000	0	0	empty
all.snd	1037	1037			00000000	0	00000000	00000000	0	00000000	0	00000000	00000000	0	0	empty
all.snd	1038	1038			00000000	0	00000000	00000000	0	00000000	0	00000000	00000000	0	0	empty
all.snd	1039	1039			00000000	0	00000000	00000000	0	00000000	0	00000000	00000000	0	0	empty
all.snd	1040	1040			00000000	0	00000000	00000000	0	00000000	0	00000000	00000000	0	0	empty
all.snd	1041	1041			00000000	0	00000000	00000000	0	00000000	0	00000000	00000000	0	0	empty
all.snd	1042	1042			00000000	0	00000000	00000000	0	00000000	0	00000000	00000000	0	0	empty
all.snd	1043	1043			00000000	0	00000000	00000000	0	00000000	0	00000000	00000000	0	0	empty
all.snd	1044	1044			00000000	0	00000000	00000000	0	00000000	0	00000000	00000000	0	0	empty
all.snd	1045	1045			00000000	0	00000000	00000000	0	00000000	0	00000000	00000000	0	0	empty
all.snd	1046	1046			00000000	0	00000000	00000000	0	00000000	0	00000000	00000000	0	0	empty
all.snd	1047	1047			00000000	0	00000000	00000000	0	00000000	0	00000000	00000000	0	0	empty
all.snd	1048	1048			00000000	0	00000000	00000000	0	00000000	0	00000000	00000000	0	0	empty
all.snd	1049	1049			00000000	0	00000000	00000000	0	00000000	0	00000000	00000000	0	0	empty
all.snd	1050	1050			00000000	0	00000000	00000000	0	00000000	0	00000000	00000000	0	0	empty
all.snd	1051	1051			00000000	0	00000000	00000000	0	00000000	0	00000000	00000000	0	0	empty
all.snd	1052	1052			00000000	0	00000000	00000000	0	00000000	0	00000000	00000000	0	0	empty
all.snd	1053	1053			00000000	0	00000000	00000000	0	00000000	0	00000000	00000000	0	0	empty
all.snd	1054	1054			00000000	0	00000000	00000000	0	00000000	0	00000000	00000000	0	0	empty
all.snd	1055	1055			00000000	0	00000000	00000000	0	00000000	0	00000000	00000000	0	0	empty
all.snd	1056	1056			00000000	0	00000000	00000000	0	00000000	0	00000000	00000000	0	0	empty
all.snd	1057	1057			00000000	0	00000000	00000000	0	00000000	0	00000000	00000000	0	0	empty
all.snd	1058	1058			00000000	0	00000000	00000000	0	00000000	0	00000000	00000000	0	0	empty
all.snd	1059	1059			00000000	0	00000000	00000000	0	00000000	0	00000000	00000000	0	0	empty
all.snd	1060	1060			00000000	0	00000000	00000000	0	00000000	0	00000000	00000000	0	0	empty
all.snd	1061	1061			00000000	0	00000000	00000000	0	00000000	0	00000000	00000000	0	0	empty
all.snd	1062	1062			00000000	0	00000000	00000000	0	00000000	0	00000000	00000000	0	0	empty
all.snd	1063	1063			00000000	0	00000000	00000000	0	00000000	0	00000000	00000000	0	0	empty
all.snd	1064	1064			00000000	0	00000000	00000000	0	00000000	0	00000000	00000000	0	0	empty
all.snd	1065	1065			00000000	0	00000000	00000000	0	00000000	0	00000000	00000000	0	0	empty
all.snd	1066	1066			00000000	0	00000000	00000000	0	00000000	0	00000000	00000000	0	0	empty
all.snd	1067	1067			00000000	0	00000000	00000000	0	00000000	0	00000000	00000000	0	0	empty
all.snd	1068	1068			00000000	0	00000000	00000000	0	00000000	0	00000000	00000000	0	0	empty
all.snd	1069	1069			00000000	0	00000000	00000000	0	00000000	0	00000000	00000000	0	0	empty
all.snd	1070	1070			00000000	0	00000000	00000000	0	00000000	0	00000000	00000000	0	0	empty
all.snd	1071	1071			00000000	0	00000000	00000000	0	00000000	0	00000000	00000000	0	0	empty
all.snd	1072	1072			00000000	0	00000000	00000000	0	00000000	0	00000000	00000000	0	0	empty
all.snd	1073	1073			00000000	0	00000000	00000000	0	00000000	0	00000000	00000000	0	0	empty
all.snd	1074	1074			00000000	0	00000000	00000000	0	00000000	0	00000000	00000000	0	0	empty
all.snd	1075	1075			00000000	0	00000000	00000000	0	00000000	0	00000000	00000000	0	0	empty
all.snd	1076	1076			00000000	0	00000000	00000000	0	00000000	0	00000000	00000000	0	0	empty
all.snd	1077	1077			00000000	0	00000000	00000000	0	00000000	0	00000000	00000000	0	0	empty
all.snd	1078	1078			00000000	0	00000000	00000000	0	00000000	0	00000000	00000000	0	0	empty
all.snd	1079	1079			00000000	0	00000000	00000000	0	00000000	0	00000000	00000000	0	0	empty
all.snd	1080	1080			00000000	0	00000000	00000000	0	00000000	0	00000000	00000000	0	0	empty
all.snd	1081	1081			00000000	0	00000000	00000000	0	00000000	0	00000000	00000000	0	0	empty
all.snd	1082	1082			00000000	0	00000000	00000000	0	00000000	0	00000000	00000000	0	0	empty
all.snd	1083	1083			00000000	0	00000000	00000000	0	00000000	0	00000000	00000000	0	0	empty
all.snd	1084	1084			00000000	0	00000000	00000000	0	00000000	0	00000000	00000000	0	0	empty
all.snd	1085	1085			00000000	0	00000000	00000000	0	00000000	0	00000000	00000000	0	0	empty
all.snd	1086	1086			00000000	0	00000000	00000000	0	00000000	0	00000000	00000000	0	0	empty
all.snd	1087	1087			00000000	0	00000000	00000000	0	00000000	0	00000000	00000000	0	0	empty
all.snd	1088	1088			00000000	0	00000000	00000000	0	00000000	0	00000000	00000000	0	0	empty
all.snd	1089	1089			00000000	0	00000000	00000000	0	00000000	0	00000000	00000000	0	0	empty
all.snd	1090	1090			00000000	0	00000000	00000000	0	00000000	0	00000000	00000000	0	0	empty
all.snd	1091	1091			00000000	0	00000000	00000000	0	00000000	0	00000000	00000000	0	0	empty
all.snd	1092	1092			00000000	0	00000000	00000000	0	00000000	0	00000000	00000000	0	0	empty
all.snd	1093	1093			00000000	0	00000000	00000000	0	00000000	0	00000000	00000000	0	0	empty
all.snd	1094	1094			00000000	0	00000000	00000000	0	00000000	0	00000000	00000000	0	0	empty
all.snd	1095	1095			00000000	0	00000000	00000000	0	00000000	0	00000000	00000000	0	0	empty
all.snd	1096	1096			00000000	0	00000000	00000000	0	00000000	0	00000000	00000000	0	0	empty
all.snd	1097	1097			00000000	0	00000000	00000000	0	00000000	0	00000000	00000000	0	0	empty
all.snd	1098	1098			00000000	0	00000000	00000000	0	00000000	0	00000000	00000000	0	0	empty
all.snd	1099	1099			00000000	0	00000000	00000000	0	00000000	0	00000000	00000000	0	0	empty
all.snd	1100	1100			00000000	0	00000000	00000000	0	00000000	0	00000000	00000000	0	0	empty
all.snd	1101	1101			00000000	0	00000000	00000000	0	00000000	0	00000000	00000000	0	0	empty
all.snd	1102	1102			00000000	0	00000000	00000000	0	00000000	0	00000000	00000000	0	0	empty
all.snd	1103	1103			00000000	0	00000000	00000000	0	00000000	0	00000000	00000000	0	0	empty
all.snd	1104	1104			00000000	0	00000000	00000000	0	00000000	0	00000000	00000000	0	0	empty
all.snd	1105	1105			00000000	0	00000000	00000000	0	00000000	0	00000000	00000000	0	0	empty
all.snd	1106	1106			00000000	0	00000000	00000000	0	00000000	0	00000000	00000000	0	0	empty
all.snd	1107	1107			00000000	0	00000000	00000000	0	00000000	0	00000000	00000000	0	0	empty
all.snd	1108	1108			00000000	0	00000000	00000000	0	00000000	0	00000000	00000000	0	0	empty
all.snd	1109	1109			00000000	0	00000000	00000000	0	00000000	0	00000000	00000000	0	0	empty
all.snd	1110	1110			00000000	0	00000000	00000000	0	00000000	0	00000000	00000000	0	0	empty
all.snd	1111	1111			00000000	0	00000000	00000000	0	00000000	0	00000000	00000000	0	0	empty
all.snd	1112	1112			00000000	0	00000000	00000000	0	00000000	0	00000000	00000000	0	0	empty
all.snd	1113	1113			00000000	0	00000000	00000000	0	00000000	0	00000000	00000000	0	0	empty
all.snd	1114	1114			00000000	0	00000000	00000000	0	00000000	0	00000000	00000000	0	0	empty
all.snd	1115	1115			00000000	0	00000000	00000000	0	00000000	0	00000000	00000000	0	0	empty
all.snd	1116	1116			00000000	0	00000000	00000000	0	00000000	0	00000000	00000000	0	0	empty
all.snd	1117	1117			00000000	0	00000000	00000000	0	00000000	0	00000000	00000000	0	0	empty
all.snd	1118	1118			00000000	0	00000000	00000000	0	00000000	0	00000000	00000000	0	0	empty
all.snd	1119	1119			00000000	0	00000000	00000000	0	00000000	0	00000000	00000000	0	0	empty
all.snd	1120	1120			00000000	0	00000000	00000000	0	00000000	0	00000000	00000000	0	0	empty
all.snd	1121	1121			00000000	0	00000000	00000000	0	00000000	0	00000000	00000000	0	0	empty
all.snd	1122	1122			00000000	0	00000000	00000000	0	00000000	0	00000000	00000000	0	0	empty
all.snd	1123	1123			00000000	0	00000000	00000000	0	00000000	0	00000000	00000000	0	0	empty
all.snd	1124	1124			00000000	0	00000000	00000000	0	00000000	0	00000000	00000000	0	0	empty
all.snd	1125	1125			00000000	0	00000000	00000000	0	00000000	0	00000000	00000000	0	0	empty
all.snd	1126	1126			00000000	0	00000000	00000000	0	00000000	0	00000000	00000000	0	0	empty
all.snd	1127	1127			00000000	0	00000000	00000000	0	00000000	0	00000000	00000000	0	0	empty
all.snd	1128	1128			00000000	0	00000000	00000000	0	00000000	0	00000000	00000000	0	0	empty
all.snd	1129	1129			00000000	0	00000000	00000000	0	00000000	0	00000000	00000000	0	0	empty
all.snd	1130	1130			00000000	0	00000000	00000000	0	00000000	0	00000000	00000000	0	0	empty
all.snd	1131	1131			00000000	0	00000000	00000000	0	00000000	0	00000000	00000000	0	0	empty
all.snd	1132	1132			00000000	0	00000000	00000000	0	00000000	0	00000000	00000000	0	0	empty
all.snd	1133	1133			00000000	0	00000000	00000000	0	00000000	0	00000000	00000000	0	0	empty
all.snd	1134	1134			00000000	0	00000000	00000000	0	00000000	0	00000000	00000000	0	0	empty
all.snd	1135	1135			00000000	0	00000000	00000000	0	00000000	0	00000000	00000000	0	0	empty
all.snd	1136	1136			00000000	0	00000000	00000000	0	00000000	0	00000000	00000000	0	0	empty
all.snd	1137	1137			00000000	0	00000000	00000000	0	00000000	0	00000000	00000000	0	0	empty
all.snd	1138	1138			00000000	0	00000000	00000000	0	00000000	0	00000000	00000000	0	0	empty
all.snd	1139	1139			00000000	0	00000000	00000000	0	00000000	0	00000000	00000000	0	0	empty
all.snd	1140	1140			00000000	0	00000000	00000000	0	00000000	0	00000000	00000000	0	0	empty
all.snd	1141	1141			00000000	0	00000000	00000000	0	00000000	0	00000000	00000000	0	0	empty
all.snd	1142	1142			00000000	0	00000000	00000000	0	00000000	0	00000000	00000000	0	0	empty
all.snd	1143	1143			00000000	0	00000000	00000000	0	00000000	0	00000000	00000000	0	0	empty
all.snd	1144	1144			00000000	0	00000000	00000000	0	00000000	0	00000000	00000000	0	0	empty
all.snd	1145	1145			00000000	0	00000000	00000000	0	00000000	0	00000000	00000000	0	0	empty
all.snd	1146	1146			00000000	0	00000000	00000000	0	00000000	0	00000000	00000000	0	0	empty
all.snd	1147	1147			00000000	0	00000000	00000000	0	00000000	0	00000000	00000000	0	0	empty
all.snd	1148	1148			00000000	0	00000000	00000000	0	00000000	0	00000000	00000000	0	0	empty
all.snd	1149	1149			00000000	0	00000000	00000000	0	00000000	0	00000000	00000000	0	0	empty
all.snd	1150	1150			00000000	0	00000000	00000000	0	00000000	0	00000000	00000000	0	0	empty
all.snd	1151	1151			00000000	0	00000000	00000000	0	00000000	0	00000000	00000000	0	0	empty
all.snd	1152	1152			00000000	0	00000000	00000000	0	00000000	0	00000000	00000000	0	0	empty
all.snd	1153	1153			00000000	0	00000000	00000000	0	00000000	0	00000000	00000000	0	0	empty
all.snd	1154	1154			00000000	0	00000000	00000000	0	00000000	0	00000000	00000000	0	0	empty
all.snd	1155	1155			00000000	0	00000000	00000000	0	00000000	0	00000000	00000000	0	0	empty
all.snd	1156	1156			00000000	0	00000000	00000000	0	00000000	0	00000000	00000000	0	0	empty
all.snd	1157	1157			00000000	0	00000000	00000000	0	00000000	0	00000000	00000000	0	0	empty
all.snd	1158	1158			00000000	0	00000000	00000000	0	00000000	0	00000000	00000000	0	0	empty
all.snd	1159	1159			00000000	0	00000000	00000000	0	00000000	0	00000000	00000000	0	0	empty
all.snd	1160	1160			00000000	0	00000000	00000000	0	00000000	0	00000000	00000000	0	0	empty
all.snd	1161	1161			00000000	0	00000000	00000000	0	00000000	0	00000000	00000000	0	0	empty
all.snd	1162	1162			00000000	0	00000000	00000000	0	00000000	0	00000000	00000000	0	0	empty
all.snd	1163	1163			00000000	0	00000000	00000000	0	00000000	0	00000000	00000000	0	0	empty
all.snd	1164	1164			00000000	0	00000000	00000000	0	00000000	0	00000000	00000000	0	0	empty
all.snd	1165	1165			00000000	0	00000000	00000000	0	00000000	0	00000000	00000000	0	0	empty
all.snd	1166	1166			00000000	0	00000000	00000000	0	00000000	0	00000000	00000000	0	0	empty
all.snd	1167	1167			00000000	0	00000000	00000000	0	00000000	0	00000000	00000000	0	0	empty
all.snd	1168	1168			00000000	0	00000000	00000000	0	00000000	0	00000000	00000000	0	0	empty
all.snd	1169	1169			00000000	0	00000000	00000000	0	00000000	0	00000000	00000000	0	0	empty
all.snd	1170	1170			00000000	0	00000000	00000000	0	00000000	0	00000000	00000000	0	0	empty
all.snd	1171	1171			00000000	0	00000000	00000000	0	00000000	0	00000000	00000000	0	0	empty
all.snd	1172	1172			00000000	0	00000000	00000000	0	00000000	0	00000000	00000000	0	0	empty
all.snd	1173	1173			00000000	0	00000000	00000000	0	00000000	0	00000000	00000000	0	0	empty
all.snd	1174	1174			00000000	0	00000000	00000000	0	00000000	0	00000000	00000000	0	0	empty
all.snd	1175	1175			00000000	0	00000000	00000000	0	00000000	0	00000000	00000000	0	0	empty
all.snd	1176	1176			00000000	0	00000000	00000000	0	00000000	0	00000000	00000000	0	0	empty
all.snd	1177	1177			00000000	0	00000000	00000000	0	00000000	0	00000000	00000000	0	0	empty
all.snd	1178	1178			00000000	0	00000000	00000000	0	00000000	0	00000000	00000000	0	0	empty
all.snd	1179	1179			00000000	0	00000000	00000000	0	00000000	0	00000000	00000000	0	0	empty
all.snd	1180	1180			00000000	0	00000000	00000000	0	00000000	0	00000000	00000000	0	0	empty
all.snd	1181	1181			00000000	0	00000000	00000000	0	00000000	0	00000000	00000000	0	0	empty
all.snd	1182	1182			00000000	0	00000000	00000000	0	00000000	0	00000000	00000000	0	0	empty
all.snd	1183	1183			00000000	0	00000000	00000000	0	00000000	0	00000000	00000000	0	0	empty
all.snd	1184	1184			00000000	0	00000000	00000000	0	00000000	0	00000000	00000000	0	0	empty
all.snd	1185	1185			00000000	0	00000000	00000000	0	00000000	0	00000000	00000000	0	0	empty
all.snd	1186	1186			00000000	0	00000000	00000000	0	00000000	0	00000000	00000000	0	0	empty
all.snd	1187	1187			00000000	0	00000000	00000000	0	00000000	0	00000000	00000000	0	0	empty
all.snd	1188	1188			00000000	0	00000000	00000000	0	00000000	0	00000000	00000000	0	0	empty
all.snd	1189	1189			00000000	0	00000000	00000000	0	00000000	0	00000000	00000000	0	0	empty
all.snd	1190	1190			00000000	0	00000000	00000000	0	00000000	0	00000000	00000000	0	0	empty
all.snd	1191	1191			00000000	0	00000000	00000000	0	00000000	0	00000000	00000000	0	0	empty
all.snd	1192	1192			00000000	0	00000000	00000000	0	00000000	0	00000000	00000000	0	0	empty
all.snd	1193	1193			00000000	0	00000000	00000000	0	00000000	0	00000000	00000000	0	0	empty
all.snd	1194	1194			00000000	0	00000000	00000000	0	00000000	0	00000000	00000000	0	0	empty
all.snd	1195	1195			00000000	0	00000000	00000000	0	00000000	0	00000000	00000000	0	0	empty
all.snd	1196	1196			00000000	0	00000000	00000000	0	00000000	0	00000000	00000000	0	0	empty
all.snd	1197	1197			00000000	0	00000000	00000000	0	00000000	0	00000000	00000000	0	0	empty
all.snd	1198	1198			00000000	0	00000000	00000000	0	00000000	0	00000000	00000000	0	0	empty
all.snd	1199	1199			00000000	0	00000000	00000000	0	00000000	0	00000000	00000000	0	0	empty
all.snd	1200	1200			00000000	0	00000000	00000000	0	00000000	0	00000000	00000000	0	0	empty
all.snd	1201	1201			00000000	0	00000000	00000000	0	00000000	0	00000000	00000000	0	0	empty
all.snd	1202	1202			00000000	0	00000000	00000000	0	00000000	0	00000000	00000000	0	0	empty
all.snd	1203	1203			00000000	0	00000000	00000000	0	00000000	0	00000000	00000000	0	0	empty
all.snd	1204	1204			00000000	0	00000000	00000000	0	00000000	0	00000000	00000000	0	0	empty
all.snd	1205	1205			00000000	0	00000000	00000000	0	00000000	0	00000000	00000000	0	0	empty
all.snd	1206	1206			00000000	0	00000000	00000000	0	00000000	0	00000000	00000000	0	0	empty
all.snd	1207	1207			00000000	0	00000000	00000000	0	00000000	0	00000000	00000000	0	0	empty
all.snd	1208	1208			00000000	0	00000000	00000000	0	00000000	0	00000000	00000000	0	0	empty
all.snd	1209	1209			00000000	0	00000000	00000000	0	00000000	0	00000000	00000000	0	0	empty
all.snd	1210	1210			00000000	0	00000000	00000000	0	00000000	0	00000000	00000000	0	0	empty
all.snd	1211	1211			00000000	0	00000000	00000000	0	00000000	0	00000000	00000000	0	0	empty
all.snd	1212	1212			00000000	0	00000000	00000000	0	00000000	0	00000000	00000000	0	0	empty
all.snd	1213	1213			00000000	0	00000000	00000000	0	00000000	0	00000000	00000000	0	0	empty
all.snd	1214	1214			00000000	0	00000000	00000000	0	00000000	0	00000000	00000000	0	0	empty
all.snd	1215	1215			00000000	0	00000000	00000000	0	00000000	0	00000000	00000000	0	0	empty
all.snd	1216	1216			00000000	0	00000000	00000000	0	00000000	0	00000000	00000000	0	0	empty
all.snd	1217	1217			00000000	0	00000000	00000000	0	00000000	0	00000000	00000000	0	0	empty
all.snd	1218	1218			00000000	0	00000000	00000000	0	00000000	0	00000000	00000000	0	0	empty
all.snd	1219	1219			00000000	0	00000000	00000000	0	00000000	0	00000000	00000000	0	0	empty
all.snd	1220	1220			00000000	0	00000000	00000000	0	00000000	0	00000000	00000000	0	0	empty
all.snd	1221	1221			00000000	0	00000000	00000000	0	00000000	0	00000000	00000000	0	0	empty
all.snd	1222	1222			00000000	0	00000000	00000000	0	00000000	0	00000000	00000000	0	0	empty
all.snd	1223	1223			00000000	0	00000000	00000000	0	00000000	0	00000000	00000000	0	0	empty
all.snd	1224	1224			00000000	0	00000000	00000000	0	00000000	0	00000000	00000000	0	0	empty
all.snd	1225	1225			00000000	0	00000000	00000000	0	00000000	0	00000000	00000000	0	0	empty
all.snd	1226	1226			00000000	0	00000000	00000000	0	00000000	0	00000000	00000000	0	0	empty
all.snd	1227	1227			00000000	0	00000000	00000000	0	00000000	0	00000000	00000000	0	0	empty
all.snd	1228	1228			00000000	0	00000000	00000000	0	00000000	0	00000000	00000000	0	0	empty
all.snd	1229	1229			00000000	0	00000000	00000000	0	00000000	0	00000000	00000000	0	0	empty
all.snd	1230	1230			00000000	0	00000000	00000000	0	00000000	0	00000000	00000000	0	0	empty
all.snd	1231	1231			00000000	0	00000000	00000000	0	00000000	0	00000000	00000000	0	0	empty
all.snd	1232	1232			00000000	0	00000000	00000000	0	00000000	0	00000000	00000000	0	0	empty
all.snd	1233	1233			00000000	0	00000000	00000000	0	00000000	0	00000000	00000000	0	0	empty
all.snd	1234	1234			00000000	0	00000000	00000000	0	00000000	0	00000000	00000000	0	0	empty
all.snd	1235	1235			00000000	0	00000000	00000000	0	00000000	0	00000000	00000000	0	0	empty
all.snd	1236	1236			00000000	0	00000000	00000000	0	00000000	0	00000000	00000000	0	0	empty
all.snd	1237	1237			00000000	0	00000000	00000000	0	00000000	0	00000000	00000000	0	0	empty
all.snd	1238	1238			00000000	0	00000000	00000000	0	00000000	0	00000000	00000000	0	0	empty
all.snd	1239	1239			00000000	0	00000000	00000000	0	00000000	0	00000000	00000000	0	0	empty
all.snd	1240	1240			00000000	0	00000000	00000000	0	00000000	0	00000000	00000000	0	0	empty
all.snd	1241	1241			00000000	0	00000000	00000000	0	00000000	0	00000000	00000000	0	0	empty
all.snd	1242	1242			00000000	0	00000000	00000000	0	00000000	0	00000000	00000000	0	0	empty
all.snd	1243	1243			00000000	0	00000000	00000000	0	00000000	0	00000000	00000000	0	0	empty
all.snd	1244	1244			00000000	0	00000000	00000000	0	00000000	0	00000000	00000000	0	0	empty
all.snd	1245	1245			00000000	0	00000000	00000000	0	00000000	0	00000000	00000000	0	0	empty
all.snd	1246	1246			00000000	0	00000000	00000000	0	00000000	0	00000000	00000000	0	0	empty
all.snd	1247	1247			00000000	0	00000000	00000000	0	00000000	0	00000000	00000000	0	0	empty
all.snd	1248	1248			00000000	0	00000000	00000000	0	00000000	0	00000000	00000000	0	0	empty
all.snd	1249	1249			00000000	0	00000000	00000000	0	00000000	0	00000000	00000000	0	0	empty
all.snd	1250	1250			00000000	0	00000000	00000000	0	00000000	0	00000000	00000000	0	0	empty
all.snd	1251	1251			00000000	0	00000000	00000000	0	00000000	0	00000000	00000000	0	0	empty
all.snd	1252	1252			00000000	0	00000000	00000000	0	00000000	0	00000000	00000000	0	0	empty
all.snd	1253	1253			00000000	0	00000000	00000000	0	00000000	0	00000000	00000000	0	0	empty
all.snd	1254	1254			00000000	0	00000000	00000000	0	00000000	0	00000000	00000000	0	0	empty
all.snd	1255	1255			00000000	0	00000000	00000000	0	00000000	0	00000000	00000000	0	0	empty
all.snd	1256	1256			00000000	0	00000000	00000000	0	00000000	0	00000000	00000000	0	0	empty
all.snd	1257	1257			00000000	0	00000000	00000000	0	00000000	0	00000000	00000000	0	0	empty
all.snd	1258	1258			00000000	0	00000000	00000000	0	00000000	0	00000000	00000000	0	0	empty
all.snd	1259	1259			00000000	0	00000000	00000000	0	00000000	0	00000000	00000000	0	0	empty
all.snd	1260	1260			00000000	0	00000000	00000000	0	00000000	0	00000000	00000000	0	0	empty
all.snd	1261	1261			00000000	0	00000000	00000000	0	00000000	0	00000000	00000000	0	0	empty
all.snd	1262	1262			00000000	0	00000000	00000000	0	00000000	0	00000000	00000000	0	0	empty
all.snd	1263	1263			00000000	0	00000000	00000000	0	00000000	0	00000000	00000000	0	0	empty
all.snd	1264	1264			00000000	0	00000000	00000000	0	00000000	0	00000000	00000000	0	0	empty
all.snd	1265	1265			00000000	0	00000000	00000000	0	00000000	0	00000000	00000000	0	0	empty
all.snd	1266	1266			00000000	0	00000000	00000000	0	00000000	0	00000000	00000000	0	0	empty
all.snd	1267	1267			00000000	0	00000000	00000000	0	00000000	0	00000000	00000000	0	0	empty
all.snd	1268	1268			00000000	0	00000000	00000000	0	00000000	0	00000000	00000000	0	0	empty
all.snd	1269	1269			00000000	0	00000000	00000000	0	00000000	0	00000000	00000000	0	0	empty
all.snd	1270	1270			00000000	0	00000000	00000000	0	00000000	0	00000000	00000000	0	0	empty
all.snd	1271	1271			00000000	0	00000000	00000000	0	00000000	0	00000000	00000000	0	0	empty
all.snd	1272	1272			00000000	0	00000000	00000000	0	00000000	0	00000000	00000000	0	0	empty
all.snd	1273	1273			00000000	0	00000000	00000000	0	00000000	0	00000000	00000000	0	0	empty
all.snd	1274	1274			00000000	0	00000000	00000000	0	00000000	0	00000000	00000000	0	0	empty
all.snd	1275	1275			00000000	0	00000000	00000000	0	00000000	0	00000000	00000000	0	0	empty
all.snd	1276	1276			00000000	0	00000000	00000000	0	00000000	0	00000000	00000000	0	0	empty
all.snd	1277	1277			00000000	0	00000000	00000000	0	00000000	0	00000000	00000000	0	0	empty
all.snd	1278	1278			00000000	0	00000000	00000000	0	00000000	0	00000000	00000000	0	0	empty
all.snd	1279	1279			00000000	0	00000000	00000000	0	00000000	0	00000000	00000000	0	0	empty
all.snd	1280	1280			00000000	0	00000000	00000000	0	00000000	0	00000000	00000000	0	0	empty
all.snd	1281	1281			00000000	0	00000000	00000000	0	00000000	0	00000000	00000000	0	0	empty
all.snd	1282	1282			00000000	0	00000000	00000000	0	00000000	0	00000000	00000000	0	0	empty
all.snd	1283	1283			00000000	0	00000000	00000000	0	00000000	0	00000000	00000000	0	0	empty
all.snd	1284	1284			00000000	0	00000000	00000000	0	00000000	0	00000000	00000000	0	0	empty
all.snd	1285	1285			00000000	0	00000000	00000000	0	00000000	0	00000000	00000000	0	0	empty
all.snd	1286	1286			00000000	0	00000000	00000000	0	00000000	0	00000000	00000000	0	0	empty
all.snd	1287	1287			00000000	0	00000000	00000000	0	00000000	0	00000000	00000000	0	0	empty
all.snd	1288	1288			00000000	0	00000000	00000000	0	00000000	0	00000000	00000000	0	0	empty
all.snd	1289	1289			00000000	0	00000000	00000000	0	00000000	0	00000000	00000000	0	0	empty
all.snd	1290	1290			00000000	0	00000000	00000000	0	00000000	0	00000000	00000000	0	0	empty
all.snd	1291	1291			00000000	0	00000000	00000000	0	00000000	0	00000000	00000000	0	0	empty
all.snd	1292	1292			00000000	0	00000000	00000000	0	00000000	0	00000000	00000000	0	0	empty
all.snd	1293	1293			00000000	0	00000000	00000000	0	00000000	0	00000000	00000000	0	0	empty
all.snd	1294	1294			00000000	0	00000000	00000000	0	00000000	0	00000000	00000000	0	0	empty
all.snd	1295	1295			00000000	0	00000000	00000000	0	00000000	0	00000000	00000000	0	0	empty
all.snd	1296	1296			00000000	0	00000000	00000000	0	00000000	0	00000000	00000000	0	0	empty
all.snd	1297	1297			00000000	0	00000000	00000000	0	00000000	0	00000000	00000000	0	0	empty
all.snd	1298	1298			00000000	0	00000000	00000000	0	00000000	0	00000000	00000000	0	0	empty
all.snd	1299	1299			00000000	0	00000000	00000000	0	00000000	0	00000000	00000000	0	0	empty
all.snd	1300	1300			00000000	0	00000000	00000000	0	00000000	0	00000000	00000000	0	0	empty
all.snd	1301	1301			00000000	0	00000000	00000000	0	00000000	0	00000000	00000000	0	0	empty
all.snd	1302	1302			00000000	0	00000000	00000000	0	00000000	0	00000000	00000000	0	0	empty
all.snd	1303	1303			00000000	0	00000000	00000000	0	00000000	0	00000000	00000000	0	0	empty
all.snd	1304	1304			00000000	0	00000000	00000000	0	00000000	0	00000000	00000000	0	0	empty
all.snd	1305	1305			00000000	0	00000000	00000000	0	00000000	0	00000000	00000000	0	0	empty
all.snd	1306	1306			00000000	0	00000000	00000000	0	00000000	0	00000000	00000000	0	0	empty
all.snd	1307	1307			00000000	0	00000000	00000000	0	00000000	0	00000000	00000000	0	0	empty
all.snd	1308	1308			00000000	0	00000000	00000000	0	00000000	0	00000000	00000000	0	0	empty
all.snd	1309	1309			00000000	0	00000000	00000000	0	00000000	0	00000000	00000000	0	0	empty
all.snd	1310	1310			00000000	0	00000000	00000000	0	00000000	0	00000000	00000000	0	0	empty
all.snd	1311	1311			00000000	0	00000000	00000000	0	00000000	0	00000000	00000000	0	0	empty
all.snd	1312	1312			00000000	0	00000000	00000000	0	00000000	0	00000000	00000000	0	0	empty
all.snd	1313	1313			00000000	0	00000000	00000000	0	00000000	0	00000000	00000000	0	0	empty
all.snd	1314	1314			00000000	0	00000000	00000000	0	00000000	0	00000000	00000000	0	0	empty
all.snd	1315	1315			00000000	0	00000000	00000000	0	00000000	0	00000000	00000000	0	0	empty
all.snd	1316	1316			00000000	0	00000000	00000000	0	00000000	0	00000000	00000000	0	0	empty
all.snd	1317	1317			00000000	0	00000000	00000000	0	00000000	0	00000000	00000000	0	0	empty
all.snd	1318	1318			00000000	0	00000000	00000000	0	00000000	0	00000000	00000000	0	0	empty
all.snd	1319	1319			00000000	0	00000000	00000000	0	00000000	0	00000000	00000000	0	0	empty
all.snd	1320	1320			00000000	0	00000000	00000000	0	00000000	0	00000000	00000000	0	0	empty
all.snd	1321	1321			00000000	0	00000000	00000000	0	00000000	0	00000000	00000000	0	0	empty
all.snd	1322	1322			00000000	0	00000000	00000000	0	00000000	0	00000000	00000000	0	0	empty
all.snd	1323	1323			00000000	0	00000000	00000000	0	00000000	0	00000000	00000000	0	0	empty
all.snd	1324	1324			00000000	0	00000000	00000000	0	00000000	0	00000000	00000000	0	0	empty
all.snd	1325	1325			00000000	0	00000000	00000000	0	00000000	0	00000000	00000000	0	0	empty
all.snd	1326	1326			00000000	0	00000000	00000000	0	00000000	0	00000000	00000000	0	0	empty
all.snd	1327	1327			00000000	0	00000000	00000000	0	00000000	0	00000000	00000000	0	0	empty
all.snd	1328	1328			00000000	0	00000000	00000000	0	00000000	0	00000000	00000000	0	0	empty
all.snd	1329	1329			00000000	0	00000000	00000000	0	00000000	0	00000000	00000000	0	0	empty
all.snd	1330	1330			00000000	0	00000000	00000000	0	00000000	0	00000000	00000000	0	0	empty
all.snd	1331	1331			00000000	0	00000000	00000000	0	00000000	0	00000000	00000000	0	0	empty
all.snd	1332	1332			00000000	0	00000000	00000000	0	00000000	0	00000000	00000000	0	0	empty
all.snd	1333	1333			00000000	0	00000000	00000000	0	00000000	0	00000000	00000000	0	0	empty
all.snd	1334	1334			00000000	0	00000000	00000000	0	00000000	0	00000000	00000000	0	0	empty
all.snd	1335	1335			00000000	0	00000000	00000000	0	00000000	0	00000000	00000000	0	0	empty
all.snd	1336	1336			00000000	0	00000000	00000000	0	00000000	0	00000000	00000000	0	0	empty
all.snd	1337	1337			00000000	0	00000000	00000000	0	00000000	0	00000000	00000000	0	0	empty
all.snd	1338	1338			00000000	0	00000000	00000000	0	00000000	0	00000000	00000000	0	0	empty
all.snd	1339	1339			00000000	0	00000000	00000000	0	00000000	0	00000000	00000000	0	0	empty
all.snd	1340	1340			00000000	0	00000000	00000000	0	00000000	0	00000000	00000000	0	0	empty
all.snd	1341	1341			00000000	0	00000000	00000000	0	00000000	0	00000000	00000000	0	0	empty
all.snd	1342	1342			00000000	0	00000000	00000000	0	00000000	0	00000000	00000000	0	0	empty
all.snd	1343	1343			00000000	0	00000000	00000000	0	00000000	0	00000000	00000000	0	0	empty
all.snd	1344	1344			00000000	0	00000000	00000000	0	00000000	0	00000000	00000000	0	0	empty
all.snd	1345	1345			00000000	0	00000000	00000000	0	00000000	0	00000000	00000000	0	0	empty
all.snd	1346	1346			00000000	0	00000000	00000000	0	00000000	0	00000000	00000000	0	0	empty
all.snd	1347	1347			00000000	0	00000000	00000000	0	00000000	0	00000000	00000000	0	0	empty
all.snd	1348	1348			00000000	0	00000000	00000000	0	00000000	0	00000000	00000000	0	0	empty
all.snd	1349	1349			00000000	0	00000000	00000000	0	00000000	0	00000000	00000000	0	0	empty
all.snd	1350	1350			00000000	0	00000000	00000000	0	00000000	0	00000000	00000000	0	0	empty
all.snd	1351	1351			00000000	0	00000000	00000000	0	00000000	0	00000000	00000000	0	0	empty
all.snd	1352	1352			00000000	0	00000000	00000000	0	00000000	0	00000000	00000000	0	0	empty
all.snd	1353	1353			00000000	0	00000000	00000000	0	00000000	0	00000000	00000000	0	0	empty
all.snd	1354	1354			00000000	0	00000000	00000000	0	00000000	0	00000000	00000000	0	0	empty
all.snd	1355	1355			00000000	0	00000000	00000000	0	00000000	0	00000000	00000000	0	0	empty
all.snd	1356	1356			00000000	0	00000000	00000000	0	00000000	0	00000000	00000000	0	0	empty
all.snd	1357	1357			00000000	0	00000000	00000000	0	00000000	0	00000000	00000000	0	0	empty
all.snd	1358	1358			00000000	0	00000000	00000000	0	00000000	0	00000000	00000000	0	0	empty
all.snd	1359	1359			00000000	0	00000000	00000000	0	00000000	0	00000000	00000000	0	0	empty
all.snd	1360	1360			00000000	0	00000000	00000000	0	00000000	0	00000000	00000000	0	0	empty
all.snd	1361	1361			00000000	0	00000000	00000000	0	00000000	0	00000000	00000000	0	0	empty
all.snd	1362	1362			00000000	0	00000000	00000000	0	00000000	0	00000000	00000000	0	0	empty
all.snd	1363	1363			00000000	0	00000000	00000000	0	00000000	0	00000000	00000000	0	0	empty
all.snd	1364	1364			00000000	0	00000000	00000000	0	00000000	0	00000000	00000000	0	0	empty
all.snd	1365	1365			00000000	0	00000000	00000000	0	00000000	0	00000000	00000000	0	0	empty
all.snd	1366	1366			00000000	0	00000000	00000000	0	00000000	0	00000000	00000000	0	0	empty
all.snd	1367	1367			00000000	0	00000000	00000000	0	00000000	0	00000000	00000000	0	0	empty
all.snd	1368	1368			00000000	0	00000000	00000000	0	00000000	0	00000000	00000000	0	0	empty
all.snd	1369	1369			00000000	0	00000000	00000000	0	00000000	0	00000000	00000000	0	0	empty
all.snd	1370	1370			00000000	0	00000000	00000000	0	00000000	0	00000000	00000000	0	0	empty
all.snd	1371	1371			00000000	0	00000000	00000000	0	00000000	0	00000000	00000000	0	0	empty
all.snd	1372	1372			00000000	0	00000000	00000000	0	00000000	0	00000000	00000000	0	0	empty
all.snd	1373	1373			00000000	0	00000000	00000000	0	00000000	0	00000000	00000000	0	0	empty
all.snd	1374	1374			00000000	0	00000000	00000000	0	00000000	0	00000000	00000000	0	0	empty
all.snd	1375	1375			00000000	0	00000000	00000000	0	00000000	0	00000000	00000000	0	0	empty
all.snd	1376	1376			00000000	0	00000000	00000000	0	00000000	0	00000000	00000000	0	0	empty
all.snd	1377	1377			00000000	0	00000000	00000000	0	00000000	0	00000000	00000000	0	0	empty
all.snd	1378	1378			00000000	0	00000000	00000000	0	00000000	0	00000000	00000000	0	0	empty
all.snd	1379	1379			00000000	0	00000000	00000000	0	00000000	0	00000000	00000000	0	0	empty
all.snd	1380	1380			00000000	0	00000000	00000000	0	00000000	0	00000000	00000000	0	0	empty
all.snd	1381	1381			00000000	0	00000000	00000000	0	00000000	0	00000000	00000000	0	0	empty
all.snd	1382	1382			00000000	0	00000000	00000000	0	00000000	0	00000000	00000000	0	0	empty
all.snd	1383	1383			00000000	0	00000000	00000000	0	00000000	0	00000000	00000000	0	0	empty
all.snd	1384	1384			00000000	0	00000000	00000000	0	00000000	0	00000000	00000000	0	0	empty
all.snd	1385	1385			00000000	0	00000000	00000000	0	00000000	0	00000000	00000000	0	0	empty
all.snd	1386	1386			00000000	0	00000000	00000000	0	00000000	0	00000000	00000000	0	0	empty
all.snd	1387	1387			00000000	0	00000000	00000000	0	00000000	0	00000000	00000000	0	0	empty
all.snd	1388	1388			00000000	0	00000000	00000000	0	00000000	0	00000000	00000000	0	0	empty
all.snd	1389	1389			00000000	0	00000000	00000000	0	00000000	0	00000000	00000000	0	0	empty
all.snd	1390	1390			00000000	0	00000000	00000000	0	00000000	0	00000000	00000000	0	0	empty
all.snd	1391	1391			00000000	0	00000000	00000000	0	00000000	0	00000000	00000000	0	0	empty
all.snd	1392	1392			00000000	0	00000000	00000000	0	00000000	0	00000000	00000000	0	0	empty
all.snd	1393	1393			00000000	0	00000000	00000000	0	00000000	0	00000000	00000000	0	0	empty
all.snd	1394	1394			00000000	0	00000000	00000000	0	00000000	0	00000000	00000000	0	0	empty
all.snd	1395	1395			00000000	0	00000000	00000000	0	00000000	0	00000000	00000000	0	0	empty
all.snd	1396	1396			00000000	0	00000000	00000000	0	00000000	0	00000000	00000000	0	0	empty
all.snd	1397	1397			00000000	0	00000000	00000000	0	00000000	0	00000000	00000000	0	0	empty
all.snd	1398	1398			00000000	0	00000000	00000000	0	00000000	0	00000000	00000000	0	0	empty
all.snd	1399	1399			00000000	0	00000000	00000000	0	00000000	0	00000000	00000000	0	0	empty
all.snd	1400	1400			00000000	0	00000000	00000000	0	00000000	0	00000000	00000000	0	0	empty
all.snd	1401	1401			00000000	0	00000000	00000000	0	00000000	0	00000000	00000000	0	0	empty
all.snd	1402	1402			00000000	0	00000000	00000000	0	00000000	0	00000000	00000000	0	0	empty
all.snd	1403	1403			00000000	0	00000000	00000000	0	00000000	0	00000000	00000000	0	0	empty
all.snd	1404	1404			00000000	0	00000000	00000000	0	00000000	0	00000000	00000000	0	0	empty
all.snd	1405	1405			00000000	0	00000000	00000000	0	00000000	0	00000000	00000000	0	0	empty
all.snd	1406	1406			00000000	0	00000000	00000000	0	00000000	0	00000000	00000000	0	0	empty
all.snd	1407	1407			00000000	0	00000000	00000000	0	00000000	0	00000000	00000000	0	0	empty
all.snd	1408	1408			00000000	0	00000000	00000000	0	00000000	0	00000000	00000000	0	0	empty
all.snd	1409	1409			00000000	0	00000000	00000000	0	00000000	0	00000000	00000000	0	0	empty
all.snd	1410	1410			00000000	0	00000000	00000000	0	00000000	0	00000000	00000000	0	0	empty
all.snd	1411	1411			00000000	0	00000000	00000000	0	00000000	0	00000000	00000000	0	0	empty
all.snd	1412	1412			00000000	0	00000000	00000000	0	00000000	0	00000000	00000000	0	0	empty
all.snd	1413	1413			00000000	0	00000000	00000000	0	00000000	0	00000000	00000000	0	0	empty
all.snd	1414	1414			00000000	0	00000000	00000000	0	00000000	0	00000000	00000000	0	0	empty
all.snd	1415	1415			00000000	0	00000000	00000000	0	00000000	0	00000000	00000000	0	0	empty
all.snd	1416	1416			00000000	0	00000000	00000000	0	00000000	0	00000000	00000000	0	0	empty
all.snd	1417	1417			00000000	0	00000000	00000000	0	00000000	0	00000000	00000000	0	0	empty
all.snd	1418	1418			00000000	0	00000000	00000000	0	00000000	0	00000000	00000000	0	0	empty
all.snd	1419	1419			00000000	0	00000000	00000000	0	00000000	0	00000000	00000000	0	0	empty
all.snd	1420	1420			00000000	0	00000000	00000000	0	00000000	0	00000000	00000000	0	0	empty
all.snd	1421	1421			00000000	0	00000000	00000000	0	00000000	0	00000000	00000000	0	0	empty
all.snd	1422	1422			00000000	0	00000000	00000000	0	00000000	0	00000000	00000000	0	0	empty
all.snd	1423	1423			00000000	0	00000000	00000000	0	00000000	0	00000000	00000000	0	0	empty
all.snd	1424	1424			00000000	0	00000000	00000000	0	00000000	0	00000000	00000000	0	0	empty
all.snd	1425	1425			00000000	0	00000000	00000000	0	00000000	0	00000000	00000000	0	0	empty
all.snd	1426	1426			00000000	0	00000000	00000000	0	00000000	0	00000000	00000000	0	0	empty
all.snd	1427	1427			00000000	0	00000000	00000000	0	00000000	0	00000000	00000000	0	0	empty
all.snd	1428	1428			00000000	0	00000000	00000000	0	00000000	0	00000000	00000000	0	0	empty
all.snd	1429	1429			00000000	0	00000000	00000000	0	00000000	0	00000000	00000000	0	0	empty
all.snd	1430	1430			00000000	0	00000000	00000000	0	00000000	0	00000000	00000000	0	0	empty
all.snd	1431	1431			00000000	0	00000000	00000000	0	00000000	0	00000000	00000000	0	0	empty
all.snd	1432	1432			00000000	0	00000000	00000000	0	00000000	0	00000000	00000000	0	0	empty
all.snd	1433	1433			00000000	0	00000000	00000000	0	00000000	0	00000000	00000000	0	0	empty
all.snd	1434	1434			00000000	0	00000000	00000000	0	00000000	0	00000000	00000000	0	0	empty
all.snd	1435	1435			00000000	0	00000000	00000000	0	00000000	0	00000000	00000000	0	0	empty
all.snd	1436	1436			00000000	0	00000000	00000000	0	00000000	0	00000000	00000000	0	0	empty
all.snd	1437	1437			00000000	0	00000000	00000000	0	00000000	0	00000000	00000000	0	0	empty
all.snd	1438	1438			00000000	0	00000000	00000000	0	00000000	0	00000000	00000000	0	0	empty
all.snd	1439	1439			00000000	0	00000000	00000000	0	00000000	0	00000000	00000000	0	0	empty
all.snd	1440	1440			00000000	0	00000000	00000000	0	00000000	0	00000000	00000000	0	0	empty
all.snd	1441	1441			00000000	0	00000000	00000000	0	00000000	0	00000000	00000000	0	0	empty
all.snd	1442	1442			00000000	0	00000000	00000000	0	00000000	0	00000000	00000000	0	0	empty
all.snd	1443	1443			00000000	0	00000000	00000000	0	00000000	0	00000000	00000000	0	0	empty
all.snd	1444	1444			00000000	0	00000000	00000000	0	00000000	0	00000000	00000000	0	0	empty
all.snd	1445	1445			00000000	0	00000000	00000000	0	00000000	0	00000000	00000000	0	0	empty
all.snd	1446	1446			00000000	0	00000000	00000000	0	00000000	0	00000000	00000000	0	0	empty
all.snd	1447	1447			00000000	0	00000000	00000000	0	00000000	0	00000000	00000000	0	0	empty
all.snd	1448	1448			00000000	0	00000000	00000000	0	00000000	0	00000000	00000000	0	0	empty
all.snd	1449	1449			00000000	0	00000000	00000000	0	00000000	0	00000000	00000000	0	0	empty
all.snd	1450	1450			00000000	0	00000000	00000000	0	00000000	0	00000000	00000000	0	0	empty
all.snd	1451	1451			00000000	0	00000000	00000000	0	00000000	0	00000000	00000000	0	0	empty
all.snd	1452	1452			00000000	0	00000000	00000000	0	00000000	0	00000000	00000000	0	0	empty
all.snd	1453	1453			00000000	0	00000000	00000000	0	00000000	0	00000000	00000000	0	0	empty
all.snd	1454	1454			00000000	0	00000000	00000000	0	00000000	0	00000000	00000000	0	0	empty
all.snd	1455	1455			00000000	0	00000000	00000000	0	00000000	0	00000000	00000000	0	0	empty
all.snd	1456	1456			00000000	0	00000000	00000000	0	00000000	0	00000000	00000000	0	0	empty
all.snd	1457	1457			00000000	0	00000000	00000000	0	00000000	0	00000000	00000000	0	0	empty
all.snd	1458	1458			00000000	0	00000000	00000000	0	00000000	0	00000000	00000000	0	0	empty
all.snd	1459	1459			00000000	0	00000000	00000000	0	00000000	0	00000000	00000000	0	0	empty
all.snd	1460	1460			00000000	0	00000000	00000000	0	00000000	0	00000000	00000000	0	0	empty
all.snd	1461	1461			00000000	0	00000000	00000000	0	00000000	0	00000000	00000000	0	0	empty
all.snd	1462	1462			00000000	0	00000000	00000000	0	00000000	0	00000000	00000000	0	0	empty
all.snd	1463	1463			00000000	0	00000000	00000000	0	00000000	0	00000000	00000000	0	0	empty
all.snd	1464	1464			00000000	0	00000000	00000000	0	00000000	0	00000000	00000000	0	0	empty
all.snd	1465	1465			00000000	0	00000000	00000000	0	00000000	0	00000000	00000000	0	0	empty
all.snd	1466	1466			00000000	0	00000000	00000000	0	00000000	0	00000000	00000000	0	0	empty
all.snd	1467	1467			00000000	0	00000000	00000000	0	00000000	0	00000000	00000000	0	0	empty
all.snd	1468	1468			00000000	0	00000000	00000000	0	00000000	0	00000000	00000000	0	0	empty
all.snd	1469	1469			00000000	0	00000000	00000000	0	00000000	0	00000000	00000000	0	0	empty
all.snd	1470	1470			00000000	0	00000000	00000000	0	00000000	0	00000000	00000000	0	0	empty
all.snd	1471	1471			00000000	0	00000000	00000000	0	00000000	0	00000000	00000000	0	0	empty
all.snd	1472	1472			00000000	0	00000000	00000000	0	00000000	0	00000000	00000000	0	0	empty
all.snd	1473	1473			00000000	0	00000000	00000000	0	00000000	0	00000000	00000000	0	0	empty
all.snd	1474	1474			00000000	0	00000000	00000000	0	00000000	0	00000000	00000000	0	0	empty
all.snd	1475	1475			00000000	0	00000000	00000000	0	00000000	0	00000000	00000000	0	0	empty
all.snd	1476	1476			00000000	0	00000000	00000000	0	00000000	0	00000000	00000000	0	0	empty
all.snd	1477	1477			00000000	0	00000000	00000000	0	00000000	0	00000000	00000000	0	0	empty
all.snd	1478	1478			00000000	0	00000000	00000000	0	00000000	0	00000000	00000000	0	0	empty
all.snd	1479	1479			00000000	0	00000000	00000000	0	00000000	0	00000000	00000000	0	0	empty
all.snd	1480	1480			00000000	0	00000000	00000000	0	00000000	0	00000000	00000000	0	0	empty
all.snd	1481	1481			00000000	0	00000000	00000000	0	00000000	0	00000000	00000000	0	0	empty
all.snd	1482	1482			00000000	0	00000000	00000000	0	00000000	0	00000000	00000000	0	0	empty
all.snd	1483	1483			00000000	0	00000000	00000000	0	00000000	0	00000000	00000000	0	0	empty
all.snd	1484	1484			00000000	0	00000000	00000000	0	00000000	0	00000000	00000000	0	0	empty
all.snd	1485	1485			00000000	0	00000000	00000000	0	00000000	0	00000000	00000000	0	0	empty
all.snd	1486	1486			00000000	0	00000000	00000000	0	00000000	0	00000000	00000000	0	0	empty
all.snd	1487	1487			00000000	0	00000000	00000000	0	00000000	0	00000000	00000000	0	0	empty
all.snd	1488	1488			00000000	0	00000000	00000000	0	00000000	0	00000000	00000000	0	0	empty
all.snd	1489	1489			00000000	0	00000000	00000000	0	00000000	0	00000000	00000000	0	0	empty
all.snd	1490	1490			00000000	0	00000000	00000000	0	00000000	0	00000000	00000000	0	0	empty
all.snd	1491	1491			00000000	0	00000000	00000000	0	00000000	0	00000000	00000000	0	0	empty
all.snd	1492	1492			00000000	0	00000000	00000000	0	00000000	0	00000000	00000000	0	0	empty
all.snd	1493	1493			00000000	0	00000000	00000000	0	00000000	0	00000000	00000000	0	0	empty
all.snd	1494	1494			00000000	0	00000000	00000000	0	00000000	0	00000000	00000000	0	0	empty
all.snd	1495	1495			00000000	0	00000000	00000000	0	00000000	0	00000000	00000000	0	0	empty
all.snd	1496	1496			00000000	0	00000000	00000000	0	00000000	0	00000000	00000000	0	0	empty
all.snd	1497	1497			00000000	0	00000000	00000000	0	00000000	0	00000000	00000000	0	0	empty
all.snd	1498	1498			00000000	0	00000000	00000000	0	00000000	0	00000000	00000000	0	0	empty
all.snd	1499	1499			00000000	0	00000000	00000000	0	00000000	0	00000000	00000000	0	0	empty
all.snd	1500	1500			00000000	0	00000000	00000000	0	00000000	0	00000000	00000000	0	0	empty
all.snd	1501	1501			00000000	0	00000000	00000000	0	00000000	0	00000000	00000000	0	0	empty
all.snd	1502	1502			00000000	0	00000000	00000000	0	00000000	0	00000000	00000000	0	0	empty
all.snd	1503	1503			00000000	0	00000000	00000000	0	00000000	0	00000000	00000000	0	0	empty
all.snd	1504	1504			00000000	0	00000000	00000000	0	00000000	0	00000000	00000000	0	0	empty
all.snd	1505	1505			00000000	0	00000000	00000000	0	00000000	0	00000000	00000000	0	0	empty
all.snd	1506	1506			00000000	0	00000000	00000000	0	00000000	0	00000000	00000000	0	0	empty
all.snd	1507	1507			00000000	0	00000000	00000000	0	00000000	0	00000000	00000000	0	0	empty
all.snd	1508	1508			00000000	0	00000000	00000000	0	00000000	0	00000000	00000000	0	0	empty
all.snd	1509	1509			00000000	0	00000000	00000000	0	00000000	0	00000000	00000000	0	0	empty
all.snd	1510	1510			00000000	0	00000000	00000000	0	00000000	0	00000000	00000000	0	0	empty
all.snd	1511	1511			00000000	0	00000000	00000000	0	00000000	0	00000000	00000000	0	0	empty
all.snd	1512	1512			00000000	0	00000000	00000000	0	00000000	0	00000000	00000000	0	0	empty
all.snd	1513	1513			00000000	0	00000000	00000000	0	00000000	0	00000000	00000000	0	0	empty
all.snd	1514	1514			00000000	0	00000000	00000000	0	00000000	0	00000000	00000000	0	0	empty
all.snd	1515	1515			00000000	0	00000000	00000000	0	00000000	0	00000000	00000000	0	0	empty
all.snd	1516	1516			00000000	0	00000000	00000000	0	00000000	0	00000000	00000000	0	0	empty
all.snd	1517	1517			00000000	0	00000000	00000000	0	00000000	0	00000000	00000000	0	0	empty
all.snd	1518	1518			00000000	0	00000000	00000000	0	00000000	0	00000000	00000000	0	0	empty
all.snd	1519	1519			00000000	0	00000000	00000000	0	00000000	0	00000000	00000000	0	0	empty
all.snd	1520	1520			00000000	0	00000000	00000000	0	00000000	0	00000000	00000000	0	0	empty
all.snd	1521	1521			00000000	0	00000000	00000000	0	00000000	0	00000000	00000000	0	0	empty
all.snd	1522	1522			00000000	0	00000000	00000000	0	00000000	0	00000000	00000000	0	0	empty
all.snd	1523	1523			00000000	0	00000000	00000000	0	00000000	0	00000000	00000000	0	0	empty
all.snd	1524	1524			00000000	0	00000000	00000000	0	00000000	0	00000000	00000000	0	0	empty
all.snd	1525	1525			00000000	0	00000000	00000000	0	00000000	0	00000000	00000000	0	0	empty
all.snd	1526	1526			00000000	0	00000000	00000000	0	00000000	0	00000000	00000000	0	0	empty
all.snd	1527	1527			00000000	0	00000000	00000000	0	00000000	0	00000000	00000000	0	0	empty
all.snd	1528	1528			00000000	0	00000000	00000000	0	00000000	0	00000000	00000000	0	0	empty
all.snd	1529	1529			00000000	0	00000000	00000000	0	00000000	0	00000000	00000000	0	0	empty
all.snd	1530	1530			00000000	0	00000000	00000000	0	00000000	0	00000000	00000000	0	0	empty
all.snd	1531	1531			00000000	0	00000000	00000000	0	00000000	0	00000000	00000000	0	0	empty
all.snd	1532	1532			00000000	0	00000000	00000000	0	00000000	0	00000000	00000000	0	0	empty
all.snd	1533	1533			00000000	0	00000000	00000000	0	00000000	0	00000000	00000000	0	0	empty
all.snd	1534	1534			00000000	0	00000000	00000000	0	00000000	0	00000000	00000000	0	0	empty
all.snd	1535	1535			00000000	0	00000000	00000000	0	00000000	0	00000000	00000000	0	0	empty
all.snd	1536	1536			00000000	0	00000000	00000000	0	00000000	0	00000000	00000000	0	0	empty
all.snd	1537	1537			00000000	0	00000000	00000000	0	00000000	0	00000000	00000000	0	0	empty
all.snd	1538	1538			00000000	0	00000000	00000000	0	00000000	0	00000000	00000000	0	0	empty
all.snd	1539	1539			00000000	0	00000000	00000000	0	00000000	0	00000000	00000000	0	0	empty
all.snd	1540	1540			00000000	0	00000000	00000000	0	00000000	0	00000000	00000000	0	0	empty
all.snd	1541	1541			00000000	0	00000000	00000000	0	00000000	0	00000000	00000000	0	0	empty
all.snd	1542	1542			00000000	0	00000000	00000000	0	00000000	0	00000000	00000000	0	0	empty
all.snd	1543	1543			00000000	0	00000000	00000000	0	00000000	0	00000000	00000000	0	0	empty
all.snd	1544	1544			00000000	0	00000000	00000000	0	00000000	0	00000000	00000000	0	0	empty
all.snd	1545	1545			00000000	0	00000000	00000000	0	00000000	0	00000000	00000000	0	0	empty
all.snd	1546	1546			00000000	0	00000000	00000000	0	00000000	0	00000000	00000000	0	0	empty
all.snd	1547	1547			00000000	0	00000000	00000000	0	00000000	0	00000000	00000000	0	0	empty
all.snd	1548	1548			00000000	0	00000000	00000000	0	00000000	0	00000000	00000000	0	0	empty
all.snd	1549	1549			00000000	0	00000000	00000000	0	00000000	0	00000000	00000000	0	0	empty
all.snd	1550	1550			00000000	0	00000000	00000000	0	00000000	0	00000000	00000000	0	0	empty
all.snd	1551	1551			00000000	0	00000000	00000000	0	00000000	0	00000000	00000000	0	0	empty
all.snd	1552	1552			00000000	0	00000000	00000000	0	00000000	0	00000000	00000000	0	0	empty
all.snd	1553	1553			00000000	0	00000000	00000000	0	00000000	0	00000000	00000000	0	0	empty
all.snd	1554	1554			00000000	0	00000000	00000000	0	00000000	0	00000000	00000000	0	0	empty
all.snd	1555	1555			00000000	0	00000000	00000000	0	00000000	0	00000000	00000000	0	0	empty
all.snd	1556	1556			00000000	0	00000000	00000000	0	00000000	0	00000000	00000000	0	0	empty
all.snd	1557	1557			00000000	0	00000000	00000000	0	00000000	0	00000000	00000000	0	0	empty
all.snd	1558	1558			00000000	0	00000000	00000000	0	00000000	0	00000000	00000000	0	0	empty
all.snd	1559	1559			00000000	0	00000000	00000000	0	00000000	0	00000000	00000000	0	0	empty
all.snd	1560	1560			00000000	0	00000000	00000000	0	00000000	0	00000000	00000000	0	0	empty
all.snd	1561	1561			00000000	0	00000000	00000000	0	00000000	0	00000000	00000000	0	0	empty
all.snd	1562	1562			00000000	0	00000000	00000000	0	00000000	0	00000000	00000000	0	0	empty
all.snd	1563	1563			00000000	0	00000000	00000000	0	00000000	0	00000000	00000000	0	0	empty
all.snd	1564	1564			00000000	0	00000000	00000000	0	00000000	0	00000000	00000000	0	0	empty
all.snd	1565	1565			00000000	0	00000000	00000000	0	00000000	0	00000000	00000000	0	0	empty
all.snd	1566	1566			00000000	0	00000000	00000000	0	00000000	0	00000000	00000000	0	0	empty
all.snd	1567	1567			00000000	0	00000000	00000000	0	00000000	0	00000000	00000000	0	0	empty
all.snd	1568	1568			00000000	0	00000000	00000000	0	00000000	0	00000000	00000000	0	0	empty
all.snd	1569	1569			00000000	0	00000000	00000000	0	00000000	0	00000000	00000000	0	0	empty
all.snd	1570	1570			00000000	0	00000000	00000000	0	00000000	0	00000000	00000000	0	0	empty
all.snd	1571	1571			00000000	0	00000000	00000000	0	00000000	0	00000000	00000000	0	0	empty
all.snd	1572	1572			00000000	0	00000000	00000000	0	00000000	0	00000000	00000000	0	0	empty
all.snd	1573	1573			00000000	0	00000000	00000000	0	00000000	0	00000000	00000000	0	0	empty
all.snd	1574	1574			00000000	0	00000000	00000000	0	00000000	0	00000000	00000000	0	0	empty
all.snd	1575	1575			00000000	0	00000000	00000000	0	00000000	0	00000000	00000000	0	0	empty
all.snd	1576	1576			00000000	0	00000000	00000000	0	00000000	0	00000000	00000000	0	0	empty
all.snd	1577	1577			00000000	0	00000000	00000000	0	00000000	0	00000000	00000000	0	0	empty
all.snd	1578	1578			00000000	0	00000000	00000000	0	00000000	0	00000000	00000000	0	0	empty
all.snd	1579	1579			00000000	0	00000000	00000000	0	00000000	0	00000000	00000000	0	0	empty
all.snd	1580	1580			00000000	0	00000000	00000000	0	00000000	0	00000000	00000000	0	0	empty
all.snd	1581	1581			00000000	0	00000000	00000000	0	00000000	0	00000000	00000000	0	0	empty
all.snd	1582	1582			00000000	0	00000000	00000000	0	00000000	0	00000000	00000000	0	0	empty
all.snd	1583	1583			00000000	0	00000000	00000000	0	00000000	0	00000000	00000000	0	0	empty
all.snd	1584	1584			00000000	0	00000000	00000000	0	00000000	0	00000000	00000000	0	0	empty
all.snd	1585	1585			00000000	0	00000000	00000000	0	00000000	0	00000000	00000000	0	0	empty
all.snd	1586	1586			00000000	0	00000000	00000000	0	00000000	0	00000000	00000000	0	0	empty
all.snd	1587	1587			00000000	0	00000000	00000000	0	00000000	0	00000000	00000000	0	0	empty
all.snd	1588	1588			00000000	0	00000000	00000000	0	00000000	0	00000000	00000000	0	0	empty
all.snd	1589	1589			00000000	0	00000000	00000000	0	00000000	0	00000000	00000000	0	0	empty
all.snd	1590	1590			00000000	0	00000000	00000000	0	00000000	0	00000000	00000000	0	0	empty
all.snd	1591	1591			00000000	0	00000000	00000000	0	00000000	0	00000000	00000000	0	0	empty
all.snd	1592	1592			00000000	0	00000000	00000000	0	00000000	0	00000000	00000000	0	0	empty
all.snd	1593	1593			00000000	0	00000000	00000000	0	00000000	0	00000000	00000000	0	0	empty
all.snd	1594	1594			00000000	0	00000000	00000000	0	00000000	0	00000000	00000000	0	0	empty
all.snd	1595	1595			00000000	0	00000000	00000000	0	00000000	0	00000000	00000000	0	0	empty
all.snd	1596	1596			00000000	0	00000000	00000000	0	00000000	0	00000000	00000000	0	0	empty
all.snd	1597	1597			00000000	0	00000000	00000000	0	00000000	0	00000000	00000000	0	0	empty
all.snd	1598	1598			00000000	0	00000000	00000000	0	00000000	0	00000000	00000000	0	0	empty
all.snd	1599	1599			00000000	0	00000000	00000000	0	00000000	0	00000000	00000000	0	0	empty
all.snd	1600	1600			00000000	0	00000000	00000000	0	00000000	0	00000000	00000000	0	0	empty
all.snd	1601	1601			00000000	0	00000000	00000000	0	00000000	0	00000000	00000000	0	0	empty
all.snd	1602	1602			00000000	0	00000000	00000000	0	00000000	0	00000000	00000000	0	0	empty
all.snd	1603	1603			00000000	0	00000000	00000000	0	00000000	0	00000000	00000000	0	0	empty
all.snd	1604	1604			00000000	0	00000000	00000000	0	00000000	0	00000000	00000000	0	0	empty
all.snd	1605	1605			00000000	0	00000000	00000000	0	00000000	0	00000000	00000000	0	0	empty
all.snd	1606	1606			00000000	0	00000000	00000000	0	00000000	0	00000000	00000000	0	0	empty
all.snd	1607	1607			00000000	0	00000000	00000000	0	00000000	0	00000000	00000000	0	0	empty
all.snd	1608	1608			00000000	0	00000000	00000000	0	00000000	0	00000000	00000000	0	0	empty
all.snd	1609	1609			00000000	0	00000000	00000000	0	00000000	0	00000000	00000000	0	0	empty
all.snd	1610	1610			00000000	0	00000000	00000000	0	00000000	0	00000000	00000000	0	0	empty
all.snd	1611	1611			00000000	0	00000000	00000000	0	00000000	0	00000000	00000000	0	0	empty
all.snd	1612	1612			00000000	0	00000000	00000000	0	00000000	0	00000000	00000000	0	0	empty
all.snd	1613	1613			00000000	0	00000000	00000000	0	00000000	0	00000000	00000000	0	0	empty
all.snd	1614	1614			00000000	0	00000000	00000000	0	00000000	0	00000000	00000000	0	0	empty
all.snd	1615	1615			00000000	0	00000000	00000000	0	00000000	0	00000000	00000000	0	0	empty
all.snd	1616	1616			00000000	0	00000000	00000000	0	00000000	0	00000000	00000000	0	0	empty
all.snd	1617	1617			00000000	0	00000000	00000000	0	00000000	0	00000000	00000000	0	0	empty
all.snd	1618	1618			00000000	0	00000000	00000000	0	00000000	0	00000000	00000000	0	0	empty
all.snd	1619	1619			00000000	0	00000000	00000000	0	00000000	0	00000000	00000000	0	0	empty
all.snd	1620	1620			00000000	0	00000000	00000000	0	00000000	0	00000000	00000000	0	0	empty
all.snd	1621	1621			00000000	0	00000000	00000000	0	00000000	0	00000000	00000000	0	0	empty
all.snd	1622	1622			00000000	0	00000000	00000000	0	00000000	0	00000000	00000000	0	0	empty
all.snd	1623	1623			00000000	0	00000000	00000000	0	00000000	0	00000000	00000000	0	0	empty
all.snd	1624	1624			00000000	0	00000000	00000000	0	00000000	0	00000000	00000000	0	0	empty
all.snd	1625	1625			00000000	0	00000000	00000000	0	00000000	0	00000000	00000000	0	0	empty
all.snd	1626	1626			00000000	0	00000000	00000000	0	00000000	0	00000000	00000000	0	0	empty
all.snd	1627	1627			00000000	0	00000000	00000000	0	00000000	0	00000000	00000000	0	0	empty
all.snd	1628	1628			00000000	0	00000000	00000000	0	00000000	0	00000000	00000000	0	0	empty
all.snd	1629	1629			00000000	0	00000000	00000000	0	00000000	0	00000000	00000000	0	0	empty
all.snd	1630	1630			00000000	0	00000000	00000000	0	00000000	0	00000000	00000000	0	0	empty
all.snd	1631	1631			00000000	0	00000000	00000000	0	00000000	0	00000000	00000000	0	0	empty
all.snd	1632	1632			00000000	0	00000000	00000000	0	00000000	0	00000000	00000000	0	0	empty
all.snd	1633	1633			00000000	0	00000000	00000000	0	00000000	0	00000000	00000000	0	0	empty
all.snd	1634	1634			00000000	0	00000000	00000000	0	00000000	0	00000000	00000000	0	0	empty
all.snd	1635	1635			00000000	0	00000000	00000000	0	00000000	0	00000000	00000000	0	0	empty
all.snd	1636	1636			00000000	0	00000000	00000000	0	00000000	0	00000000	00000000	0	0	empty
all.snd	1637	1637			00000000	0	00000000	00000000	0	00000000	0	00000000	00000000	0	0	empty
all.snd	1638	1638			00000000	0	00000000	00000000	0	00000000	0	00000000	00000000	0	0	empty
all.snd	1639	1639			00000000	0	00000000	00000000	0	00000000	0	00000000	00000000	0	0	empty
all.snd	1640	1640			00000000	0	00000000	00000000	0	00000000	0	00000000	00000000	0	0	empty
all.snd	1641	1641			00000000	0	00000000	00000000	0	00000000	0	00000000	00000000	0	0	empty
all.snd	1642	1642			00000000	0	00000000	00000000	0	00000000	0	00000000	00000000	0	0	empty
all.snd	1643	1643			00000000	0	00000000	00000000	0	00000000	0	00000000	00000000	0	0	empty
all.snd	1644	1644			00000000	0	00000000	00000000	0	00000000	0	00000000	00000000	0	0	empty
all.snd	1645	1645			00000000	0	00000000	00000000	0	00000000	0	00000000	00000000	0	0	empty
all.snd	1646	1646			00000000	0	00000000	00000000	0	00000000	0	00000000	00000000	0	0	empty
all.snd	1647	1647			00000000	0	00000000	00000000	0	00000000	0	00000000	00000000	0	0	empty
all.snd	1648	1648			00000000	0	00000000	00000000	0	00000000	0	00000000	00000000	0	0	empty
all.snd	1649	1649			00000000	0	00000000	00000000	0	00000000	0	00000000	00000000	0	0	empty
all.snd	1650	1650			00000000	0	00000000	00000000	0	00000000	0	00000000	00000000	0	0	empty
all.snd	1651	1651			00000000	0	00000000	00000000	0	00000000	0	00000000	00000000	0	0	empty
all.snd	1652	1652			00000000	0	00000000	00000000	0	00000000	0	00000000	00000000	0	0	empty
all.snd	1653	1653			00000000	0	00000000	00000000	0	00000000	0	00000000	00000000	0	0	empty
all.snd	1654	1654			00000000	0	00000000	00000000	0	00000000	0	00000000	00000000	0	0	empty
all.snd	1655	1655			00000000	0	00000000	00000000	0	00000000	0	00000000	00000000	0	0	empty
all.snd	1656	1656			00000000	0	00000000	00000000	0	00000000	0	00000000	00000000	0	0	empty
all.snd	1657	1657			00000000	0	00000000	00000000	0	00000000	0	00000000	00000000	0	0	empty
all.snd	1658	1658			00000000	0	00000000	00000000	0	00000000	0	00000000	00000000	0	0	empty
all.snd	1659	1659			00000000	0	00000000	00000000	0	00000000	0	00000000	00000000	0	0	empty
all.snd	1660	1660			00000000	0	00000000	00000000	0	00000000	0	00000000	00000000	0	0	empty
all.snd	1661	1661			00000000	0	00000000	00000000	0	00000000	0	00000000	00000000	0	0	empty
all.snd	1662	1662			00000000	0	00000000	00000000	0	00000000	0	00000000	00000000	0	0	empty
all.snd	1663	1663			00000000	0	00000000	00000000	0	00000000	0	00000000	00000000	0	0	empty
all.snd	1664	1664			00000000	0	00000000	00000000	0	00000000	0	00000000	00000000	0	0	empty
all.snd	1665	1665			00000000	0	00000000	00000000	0	00000000	0	00000000	00000000	0	0	empty
all.snd	1666	1666			00000000	0	00000000	00000000	0	00000000	0	00000000	00000000	0	0	empty
all.snd	1667	1667			00000000	0	00000000	00000000	0	00000000	0	00000000	00000000	0	0	empty
all.snd	1668	1668			00000000	0	00000000	00000000	0	00000000	0	00000000	00000000	0	0	empty
all.snd	1669	1669			00000000	0	00000000	00000000	0	00000000	0	00000000	00000000	0	0	empty
all.snd	1670	1670			00000000	0	00000000	00000000	0	00000000	0	00000000	00000000	0	0	empty
all.snd	1671	1671			00000000	0	00000000	00000000	0	00000000	0	00000000	00000000	0	0	empty
all.snd	1672	1672			00000000	0	00000000	00000000	0	00000000	0	00000000	00000000	0	0	empty
all.snd	1673	1673			00000000	0	00000000	00000000	0	00000000	0	00000000	00000000	0	0	empty
all.snd	1674	1674			00000000	0	00000000	00000000	0	00000000	0	00000000	00000000	0	0	empty
all.snd	1675	1675			00000000	0	00000000	00000000	0	00000000	0	00000000	00000000	0	0	empty
all.snd	1676	1676			00000000	0	00000000	00000000	0	00000000	0	00000000	00000000	0	0	empty
all.snd	1677	1677			00000000	0	00000000	00000000	0	00000000	0	00000000	00000000	0	0	empty
all.snd	1678	1678			00000000	0	00000000	00000000	0	00000000	0	00000000	00000000	0	0	empty
all.snd	1679	1679			00000000	0	00000000	00000000	0	00000000	0	00000000	00000000	0	0	empty
all.snd	1680	1680			00000000	0	00000000	00000000	0	00000000	0	00000000	00000000	0	0	empty
all.snd	1681	1681			00000000	0	00000000	00000000	0	00000000	0	00000000	00000000	0	0	empty
all.snd	1682	1682			00000000	0	00000000	00000000	0	00000000	0	00000000	00000000	0	0	empty
all.snd	1683	1683			00000000	0	00000000	00000000	0	00000000	0	00000000	00000000	0	0	empty
all.snd	1684	1684			00000000	0	00000000	00000000	0	00000000	0	00000000	00000000	0	0	empty
all.snd	1685	1685			00000000	0	00000000	00000000	0	00000000	0	00000000	00000000	0	0	empty
all.snd	1686	1686			00000000	0	00000000	00000000	0	00000000	0	00000000	00000000	0	0	empty
all.snd	1687	1687			00000000	0	00000000	00000000	0	00000000	0	00000000	00000000	0	0	empty
all.snd	1688	1688			00000000	0	00000000	00000000	0	00000000	0	00000000	00000000	0	0	empty
all.snd	1689	1689			00000000	0	00000000	00000000	0	00000000	0	00000000	00000000	0	0	empty
all.snd	1690	1690			00000000	0	00000000	00000000	0	00000000	0	00000000	00000000	0	0	empty
all.snd	1691	1691			00000000	0	00000000	00000000	0	00000000	0	00000000	00000000	0	0	empty
all.snd	1692	1692			00000000	0	00000000	00000000	0	00000000	0	00000000	00000000	0	0	empty
all.snd	1693	1693			00000000	0	00000000	00000000	0	00000000	0	00000000	00000000	0	0	empty
all.snd	1694	1694			00000000	0	00000000	00000000	0	00000000	0	00000000	00000000	0	0	empty
all.snd	1695	1695			00000000	0	00000000	00000000	0	00000000	0	00000000	00000000	0	0	empty
all.snd	1696	1696			00000000	0	00000000	00000000	0	00000000	0	00000000	00000000	0	0	empty
all.snd	1697	1697			00000000	0	00000000	00000000	0	00000000	0	00000000	00000000	0	0	empty
all.snd	1698	1698			00000000	0	00000000	00000000	0	00000000	0	00000000	00000000	0	0	empty
all.snd	1699	1699			00000000	0	00000000	00000000	0	00000000	0	00000000	00000000	0	0	empty
all.snd	1700	1700			00000000	0	00000000	00000000	0	00000000	0	00000000	00000000	0	0	empty
all.snd	1701	1701			00000000	0	00000000	00000000	0	00000000	0	00000000	00000000	0	0	empty
all.snd	1702	1702			00000000	0	00000000	00000000	0	00000000	0	00000000	00000000	0	0	empty
all.snd	1703	1703			00000000	0	00000000	00000000	0	00000000	0	00000000	00000000	0	0	empty
all.snd	1704	1704			00000000	0	00000000	00000000	0	00000000	0	00000000	00000000	0	0	empty
all.snd	1705	1705			00000000	0	00000000	00000000	0	00000000	0	00000000	00000000	0	0	empty
all.snd	1706	1706			00000000	0	00000000	00000000	0	00000000	0	00000000	00000000	0	0	empty
all.snd	1707	1707			00000000	0	00000000	00000000	0	00000000	0	00000000	00000000	0	0	empty
all.snd	1708	1708			00000000	0	00000000	00000000	0	00000000	0	00000000	00000000	0	0	empty
all.snd	1709	1709			00000000	0	00000000	00000000	0	00000000	0	00000000	00000000	0	0	empty
all.snd	1710	1710			00000000	0	00000000	00000000	0	00000000	0	00000000	00000000	0	0	empty
all.snd	1711	1711			00000000	0	00000000	00000000	0	00000000	0	00000000	00000000	0	0	empty
all.snd	1712	1712			00000000	0	00000000	00000000	0	00000000	0	00000000	00000000	0	0	empty
all.snd	1713	1713			00000000	0	00000000	00000000	0	00000000	0	00000000	00000000	0	0	empty
all.snd	1714	1714			00000000	0	00000000	00000000	0	00000000	0	00000000	00000000	0	0	empty
all.snd	1715	1715			00000000	0	00000000	00000000	0	00000000	0	00000000	00000000	0	0	empty
all.snd	1716	1716			00000000	0	00000000	00000000	0	00000000	0	00000000	00000000	0	0	empty
all.snd	1717	1717			00000000	0	00000000	00000000	0	00000000	0	00000000	00000000	0	0	empty
all.snd	1718	1718			00000000	0	00000000	00000000	0	00000000	0	00000000	00000000	0	0	empty
all.snd	1719	1719			00000000	0	00000000	00000000	0	00000000	0	00000000	00000000	0	0	empty
all.snd	1720	1720			00000000	0	00000000	00000000	0	00000000	0	00000000	00000000	0	0	empty
all.snd	1721	1721			00000000	0	00000000	00000000	0	00000000	0	00000000	00000000	0	0	empty
all.snd	1722	1722			00000000	0	00000000	00000000	0	00000000	0	00000000	00000000	0	0	empty
all.snd	1723	1723			00000000	0	00000000	00000000	0	00000000	0	00000000	00000000	0	0	empty
all.snd	1724	1724			00000000	0	00000000	00000000	0	00000000	0	00000000	00000000	0	0	empty
all.snd	1725	1725			00000000	0	00000000	00000000	0	00000000	0	00000000	00000000	0	0	empty
all.snd	1726	1726			00000000	0	00000000	00000000	0	00000000	0	00000000	00000000	0	0	empty
all.snd	1727	1727			00000000	0	00000000	00000000	0	00000000	0	00000000	00000000	0	0	empty
all.snd	1728	1728			00000000	0	00000000	00000000	0	00000000	0	00000000	00000000	0	0	empty
all.snd	1729	1729			00000000	0	00000000	00000000	0	00000000	0	00000000	00000000	0	0	empty
all.snd	1730	1730			00000000	0	00000000	00000000	0	00000000	0	00000000	00000000	0	0	empty
all.snd	1731	1731			00000000	0	00000000	00000000	0	00000000	0	00000000	00000000	0	0	empty
all.snd	1732	1732			00000000	0	00000000	00000000	0	00000000	0	00000000	00000000	0	0	empty
all.snd	1733	1733			00000000	0	00000000	00000000	0	00000000	0	00000000	00000000	0	0	empty
all.snd	1734	1734			00000000	0	00000000	00000000	0	00000000	0	00000000	00000000	0	0	empty
all.snd	1735	1735			00000000	0	00000000	00000000	0	00000000	0	00000000	00000000	0	0	empty
all.snd	1736	1736			00000000	0	00000000	00000000	0	00000000	0	00000000	00000000	0	0	empty
all.snd	1737	1737			00000000	0	00000000	00000000	0	00000000	0	00000000	00000000	0	0	empty
all.snd	1738	1738			00000000	0	00000000	00000000	0	00000000	0	00000000	00000000	0	0	empty
all.snd	1739	1739			00000000	0	00000000	00000000	0	00000000	0	00000000	00000000	0	0	empty
all.snd	1740	1740			00000000	0	00000000	00000000	0	00000000	0	00000000	00000000	0	0	empty
all.snd	1741	1741			00000000	0	00000000	00000000	0	00000000	0	00000000	00000000	0	0	empty
all.snd	1742	1742			00000000	0	00000000	00000000	0	00000000	0	00000000	00000000	0	0	empty
all.snd	1743	1743			00000000	0	00000000	00000000	0	00000000	0	00000000	00000000	0	0	empty
all.snd	1744	1744			00000000	0	00000000	00000000	0	00000000	0	00000000	00000000	0	0	empty
all.snd	1745	1745			00000000	0	00000000	00000000	0	00000000	0	00000000	00000000	0	0	empty
all.snd	1746	1746			00000000	0	00000000	00000000	0	00000000	0	00000000	00000000	0	0	empty
all.snd	1747	1747			00000000	0	00000000	00000000	0	00000000	0	00000000	00000000	0	0	empty
all.snd	1748	1748			00000000	0	00000000	00000000	0	00000000	0	00000000	00000000	0	0	empty
all.snd	1749	1749			00000000	0	00000000	00000000	0	00000000	0	00000000	00000000	0	0	empty
all.snd	1750	1750			00000000	0	00000000	00000000	0	00000000	0	00000000	00000000	0	0	empty
all.snd	1751	1751			00000000	0	00000000	00000000	0	00000000	0	00000000	00000000	0	0	empty
all.snd	1752	1752			00000000	0	00000000	00000000	0	00000000	0	00000000	00000000	0	0	empty
all.snd	1753	1753			00000000	0	00000000	00000000	0	00000000	0	00000000	00000000	0	0	empty
all.snd	1754	1754			00000000	0	00000000	00000000	0	00000000	0	00000000	00000000	0	0	empty
all.snd	1755	1755			00000000	0	00000000	00000000	0	00000000	0	00000000	00000000	0	0	empty
all.snd	1756	1756			00000000	0	00000000	00000000	0	00000000	0	00000000	00000000	0	0	empty
all.snd	1757	1757			00000000	0	00000000	00000000	0	00000000	0	00000000	00000000	0	0	empty
all.snd	1758	1758			00000000	0	00000000	00000000	0	00000000	0	00000000	00000000	0	0	empty
all.snd	1759	1759			00000000	0	00000000	00000000	0	00000000	0	00000000	00000000	0	0	empty
all.snd	1760	1760			00000000	0	00000000	00000000	0	00000000	0	00000000	00000000	0	0	empty
all.snd	1761	1761			00000000	0	00000000	00000000	0	00000000	0	00000000	00000000	0	0	empty
all.snd	1762	1762			00000000	0	00000000	00000000	0	00000000	0	00000000	00000000	0	0	empty
all.snd	1763	1763			00000000	0	00000000	00000000	0	00000000	0	00000000	00000000	0	0	empty
all.snd	1764	1764			00000000	0	00000000	00000000	0	00000000	0	00000000	00000000	0	0	empty
all.snd	1765	1765			00000000	0	00000000	00000000	0	00000000	0	00000000	00000000	0	0	empty
all.snd	1766	1766			00000000	0	00000000	00000000	0	00000000	0	00000000	00000000	0	0	empty
all.snd	1767	1767			00000000	0	00000000	00000000	0	00000000	0	00000000	00000000	0	0	empty
all.snd	1768	1768			00000000	0	00000000	00000000	0	00000000	0	00000000	00000000	0	0	empty
all.snd	1769	1769			00000000	0	00000000	00000000	0	00000000	0	00000000	00000000	0	0	empty
all.snd	1770	1770			00000000	0	00000000	00000000	0	00000000	0	00000000	00000000	0	0	empty
all.snd	1771	1771			00000000	0	00000000	00000000	0	00000000	0	00000000	00000000	0	0	empty
all.snd	1772	1772			00000000	0	00000000	00000000	0	00000000	0	00000000	00000000	0	0	empty
all.snd	1773	1773			00000000	0	00000000	00000000	0	00000000	0	00000000	00000000	0	0	empty
all.snd	1774	1774			00000000	0	00000000	00000000	0	00000000	0	00000000	00000000	0	0	empty
all.snd	1775	1775			00000000	0	00000000	00000000	0	00000000	0	00000000	00000000	0	0	empty
all.snd	1776	1776			00000000	0	00000000	00000000	0	00000000	0	00000000	00000000	0	0	empty
all.snd	1777	1777			00000000	0	00000000	00000000	0	00000000	0	00000000	00000000	0	0	empty
all.snd	1778	1778			00000000	0	00000000	00000000	0	00000000	0	00000000	00000000	0	0	empty
all.snd	1779	1779			00000000	0	00000000	00000000	0	00000000	0	00000000	00000000	0	0	empty
all.snd	1780	1780			00000000	0	00000000	00000000	0	00000000	0	00000000	00000000	0	0	empty
all.snd	1781	1781			00000000	0	00000000	00000000	0	00000000	0	00000000	00000000	0	0	empty
all.snd	1782	1782			00000000	0	00000000	00000000	0	00000000	0	00000000	00000000	0	0	empty
all.snd	1783	1783			00000000	0	00000000	00000000	0	00000000	0	00000000	00000000	0	0	empty
all.snd	1784	1784			00000000	0	00000000	00000000	0	00000000	0	00000000	00000000	0	0	empty
all.snd	1785	1785			00000000	0	00000000	00000000	0	00000000	0	00000000	00000000	0	0	empty
all.snd	1786	1786			00000000	0	00000000	00000000	0	00000000	0	00000000	00000000	0	0	empty
all.snd	1787	1787			00000000	0	00000000	00000000	0	00000000	0	00000000	00000000	0	0	empty
all.snd	1788	1788			00000000	0	00000000	00000000	0	00000000	0	00000000	00000000	0	0	empty
all.snd	1789	1789			00000000	0	00000000	00000000	0	00000000	0	00000000	00000000	0	0	empty
all.snd	1790	1790			00000000	0	00000000	00000000	0	00000000	0	00000000	00000000	0	0	empty
all.snd	1791	1791			00000000	0	00000000	00000000	0	00000000	0	00000000	00000000	0	0	empty
all.snd	1792	1792			00000000	0	00000000	00000000	0	00000000	0	00000000	00000000	0	0	empty
all.snd	1793	1793			00000000	0	00000000	00000000	0	00000000	0	00000000	00000000	0	0	empty
all.snd	1794	1794			00000000	0	00000000	00000000	0	00000000	0	00000000	00000000	0	0	empty
all.snd	1795	1795			00000000	0	00000000	00000000	0	00000000	0	00000000	00000000	0	0	empty
all.snd	1796	1796			00000000	0	00000000	00000000	0	00000000	0	00000000	00000000	0	0	empty
all.snd	1797	1797			00000000	0	00000000	00000000	0	00000000	0	00000000	00000000	0	0	empty
all.snd	1798	1798			00000000	0	00000000	00000000	0	00000000	0	00000000	00000000	0	0	empty
all.snd	1799	1799			00000000	0	00000000	00000000	0	00000000	0	00000000	00000000	0	0	empty
all.snd	1800	1800			00000000	0	00000000	00000000	0	00000000	0	00000000	00000000	0	0	empty
all.snd	1801	1801			00000000	0	00000000	00000000	0	00000000	0	00000000	00000000	0	0	empty
all.snd	1802	1802			00000000	0	00000000	00000000	0	00000000	0	00000000	00000000	0	0	empty
all.snd	1803	1803			00000000	0	00000000	00000000	0	00000000	0	00000000	00000000	0	0	empty
all.snd	1804	1804			00000000	0	00000000	00000000	0	00000000	0	00000000	00000000	0	0	empty
all.snd	1805	1805			00000000	0	00000000	00000000	0	00000000	0	00000000	00000000	0	0	empty
all.snd	1806	1806			00000000	0	00000000	00000000	0	00000000	0	00000000	00000000	0	0	empty
all.snd	1807	1807			00000000	0	00000000	00000000	0	00000000	0	00000000	00000000	0	0	empty
all.snd	1808	1808			00000000	0	00000000	00000000	0	00000000	0	00000000	00000000	0	0	empty
all.snd	1809	1809			00000000	0	00000000	00000000	0	00000000	0	00000000	00000000	0	0	empty
all.snd	1810	1810			00000000	0	00000000	00000000	0	00000000	0	00000000	00000000	0	0	empty
all.snd	1811	1811			00000000	0	00000000	00000000	0	00000000	0	00000000	00000000	0	0	empty
all.snd	1812	1812			00000000	0	00000000	00000000	0	00000000	0	00000000	00000000	0	0	empty
all.snd	1813	1813			00000000	0	00000000	00000000	0	00000000	0	00000000	00000000	0	0	empty
all.snd	1814	1814			00000000	0	00000000	00000000	0	00000000	0	00000000	00000000	0	0	empty
all.snd	1815	1815			00000000	0	00000000	00000000	0	00000000	0	00000000	00000000	0	0	empty
all.snd	1816	1816			00000000	0	00000000	00000000	0	00000000	0	00000000	00000000	0	0	empty
all.snd	1817	1817			00000000	0	00000000	00000000	0	00000000	0	00000000	00000000	0	0	empty
all.snd	1818	1818			00000000	0	00000000	00000000	0	00000000	0	00000000	00000000	0	0	empty
all.snd	1819	1819			00000000	0	00000000	00000000	0	00000000	0	00000000	00000000	0	0	empty
all.snd	1820	1820			00000000	0	00000000	00000000	0	00000000	0	00000000	00000000	0	0	empty
all.snd	1821	1821			00000000	0	00000000	00000000	0	00000000	0	00000000	00000000	0	0	empty
all.snd	1822	1822			00000000	0	00000000	00000000	0	00000000	0	00000000	00000000	0	0	empty
all.snd	1823	1823			00000000	0	00000000	00000000	0	00000000	0	00000000	00000000	0	0	empty
all.snd	1824	1824			00000000	0	00000000	00000000	0	00000000	0	00000000	00000000	0	0	empty
all.snd	1825	1825			00000000	0	00000000	00000000	0	00000000	0	00000000	00000000	0	0	empty
all.snd	1826	1826			00000000	0	00000000	00000000	0	00000000	0	00000000	00000000	0	0	empty
all.snd	1827	1827			00000000	0	00000000	00000000	0	00000000	0	00000000	00000000	0	0	empty
all.snd	1828	1828			00000000	0	00000000	00000000	0	00000000	0	00000000	00000000	0	0	empty
all.snd	1829	1829			00000000	0	00000000	00000000	0	00000000	0	00000000	00000000	0	0	empty
all.snd	1830	1830			00000000	0	00000000	00000000	0	00000000	0	00000000	00000000	0	0	empty
all.snd	1831	1831			00000000	0	00000000	00000000	0	00000000	0	00000000	00000000	0	0	empty
all.snd	1832	1832			00000000	0	00000000	00000000	0	00000000	0	00000000	00000000	0	0	empty
all.snd	1833	1833			00000000	0	00000000	00000000	0	00000000	0	00000000	00000000	0	0	empty
all.snd	1834	1834			00000000	0	00000000	00000000	0	00000000	0	00000000	00000000	0	0	empty
all.snd	1835	1835			00000000	0	00000000	00000000	0	00000000	0	00000000	00000000	0	0	empty
all.snd	1836	1836			00000000	0	00000000	00000000	0	00000000	0	00000000	00000000	0	0	empty
all.snd	1837	1837			00000000	0	00000000	00000000	0	00000000	0	00000000	00000000	0	0	empty
all.snd	1838	1838			00000000	0	00000000	00000000	0	00000000	0	00000000	00000000	0	0	empty
all.snd	1839	1839			00000000	0	00000000	00000000	0	00000000	0	00000000	00000000	0	0	empty
all.snd	1840	1840			00000000	0	00000000	00000000	0	00000000	0	00000000	00000000	0	0	empty
all.snd	1841	1841			00000000	0	00000000	00000000	0	00000000	0	00000000	00000000	0	0	empty
all.snd	1842	1842			00000000	0	00000000	00000000	0	00000000	0	00000000	00000000	0	0	empty
all.snd	1843	1843			00000000	0	00000000	00000000	0	00000000	0	00000000	00000000	0	0	empty
all.snd	1844	1844			00000000	0	00000000	00000000	0	00000000	0	00000000	00000000	0	0	empty
all.snd	1845	1845			00000000	0	00000000	00000000	0	00000000	0	00000000	00000000	0	0	empty
all.snd	1846	1846			00000000	0	00000000	00000000	0	00000000	0	00000000	00000000	0	0	empty
all.snd	1847	1847			00000000	0	00000000	00000000	0	00000000	0	00000000	00000000	0	0	empty
all.snd	1848	1848			00000000	0	00000000	00000000	0	00000000	0	00000000	00000000	0	0	empty
all.snd	1849	1849			00000000	0	00000000	00000000	0	00000000	0	00000000	00000000	0	0	empty
all.snd	1850	1850			00000000	0	00000000	00000000	0	00000000	0	00000000	00000000	0	0	empty
all.snd	1851	1851			00000000	0	00000000	00000000	0	00000000	0	00000000	00000000	0	0	empty
all.snd	1852	1852			00000000	0	00000000	00000000	0	00000000	0	00000000	00000000	0	0	empty
all.snd	1853	1853			00000000	0	00000000	00000000	0	00000000	0	00000000	00000000	0	0	empty
all.snd	1854	1854			00000000	0	00000000	00000000	0	00000000	0	00000000	00000000	0	0	empty
all.snd	1855	1855			00000000	0	00000000	00000000	0	00000000	0	00000000	00000000	0	0	empty
all.snd	1856	1856			00000000	0	00000000	00000000	0	00000000	0	00000000	00000000	0	0	empty
all.snd	1857	1857			00000000	0	00000000	00000000	0	00000000	0	00000000	00000000	0	0	empty
all.snd	1858	1858			00000000	0	00000000	00000000	0	00000000	0	00000000	00000000	0	0	empty
all.snd	1859	1859			00000000	0	00000000	00000000	0	00000000	0	00000000	00000000	0	0	empty
all.snd	1860	1860			00000000	0	00000000	00000000	0	00000000	0	00000000	00000000	0	0	empty
all.snd	1861	1861			00000000	0	00000000	00000000	0	00000000	0	00000000	00000000	0	0	empty
all.snd	1862	1862			00000000	0	00000000	00000000	0	00000000	0	00000000	00000000	0	0	empty
all.snd	1863	1863			00000000	0	00000000	00000000	0	00000000	0	00000000	00000000	0	0	empty
all.snd	1864	1864			00000000	0	00000000	00000000	0	00000000	0	00000000	00000000	0	0	empty
all.snd	1865	1865			00000000	0	00000000	00000000	0	00000000	0	00000000	00000000	0	0	empty
all.snd	1866	1866			00000000	0	00000000	00000000	0	00000000	0	00000000	00000000	0	0	empty
all.snd	1867	1867			00000000	0	00000000	00000000	0	00000000	0	00000000	00000000	0	0	empty
all.snd	1868	1868			00000000	0	00000000	00000000	0	00000000	0	00000000	00000000	0	0	empty
all.snd	1869	1869			00000000	0	00000000	00000000	0	00000000	0	00000000	00000000	0	0	empty
all.snd	1870	1870			00000000	0	00000000	00000000	0	00000000	0	00000000	00000000	0	0	empty
all.snd	1871	1871			00000000	0	00000000	00000000	0	00000000	0	00000000	00000000	0	0	empty
all.snd	1872	1872			00000000	0	00000000	00000000	0	00000000	0	00000000	00000000	0	0	empty
all.snd	1873	1873			00000000	0	00000000	00000000	0	00000000	0	00000000	00000000	0	0	empty
all.snd	1874	1874			00000000	0	00000000	00000000	0	00000000	0	00000000	00000000	0	0	empty
all.snd	1875	1875			00000000	0	00000000	00000000	0	00000000	0	00000000	00000000	0	0	empty
all.snd	1876	1876			00000000	0	00000000	00000000	0	00000000	0	00000000	00000000	0	0	empty
all.snd	1877	1877			00000000	0	00000000	00000000	0	00000000	0	00000000	00000000	0	0	empty
all.snd	1878	1878			00000000	0	00000000	00000000	0	00000000	0	00000000	00000000	0	0	empty
all.snd	1879	1879			00000000	0	00000000	00000000	0	00000000	0	00000000	00000000	0	0	empty
all.snd	1880	1880			00000000	0	00000000	00000000	0	00000000	0	00000000	00000000	0	0	empty
all.snd	1881	1881			00000000	0	00000000	00000000	0	00000000	0	00000000	00000000	0	0	empty
all.snd	1882	1882			00000000	0	00000000	00000000	0	00000000	0	00000000	00000000	0	0	empty
all.snd	1883	1883			00000000	0	00000000	00000000	0	00000000	0	00000000	00000000	0	0	empty
all.snd	1884	1884			00000000	0	00000000	00000000	0	00000000	0	00000000	00000000	0	0	empty
all.snd	1885	1885			00000000	0	00000000	00000000	0	00000000	0	00000000	00000000	0	0	empty
all.snd	1886	1886			00000000	0	00000000	00000000	0	00000000	0	00000000	00000000	0	0	empty
all.snd	1887	1887			00000000	0	00000000	00000000	0	00000000	0	00000000	00000000	0	0	empty
all.snd	1888	1888			00000000	0	00000000	00000000	0	00000000	0	00000000	00000000	0	0	empty
all.snd	1889	1889			00000000	0	00000000	00000000	0	00000000	0	00000000	00000000	0	0	empty
all.snd	1890	1890			00000000	0	00000000	00000000	0	00000000	0	00000000	00000000	0	0	empty
all.snd	1891	1891			00000000	0	00000000	00000000	0	00000000	0	00000000	00000000	0	0	empty
all.snd	1892	1892			00000000	0	00000000	00000000	0	00000000	0	00000000	00000000	0	0	empty
all.snd	1893	1893			00000000	0	00000000	00000000	0	00000000	0	00000000	00000000	0	0	empty
all.snd	1894	1894			00000000	0	00000000	00000000	0	00000000	0	00000000	00000000	0	0	empty
all.snd	1895	1895			00000000	0	00000000	00000000	0	00000000	0	00000000	00000000	0	0	empty
all.snd	1896	1896			00000000	0	00000000	00000000	0	00000000	0	00000000	00000000	0	0	empty
all.snd	1897	1897			00000000	0	00000000	00000000	0	00000000	0	00000000	00000000	0	0	empty
all.snd	1898	1898			00000000	0	00000000	00000000	0	00000000	0	00000000	00000000	0	0	empty
all.snd	1899	1899			00000000	0	00000000	00000000	0	00000000	0	00000000	00000000	0	0	empty
all.snd	1900	1900			00000000	0	00000000	00000000	0	00000000	0	00000000	00000000	0	0	empty
all.snd	1901	1901			00000000	0	00000000	00000000	0	00000000	0	00000000	00000000	0	0	empty
all.snd	1902	1902			00000000	0	00000000	00000000	0	00000000	0	00000000	00000000	0	0	empty
all.snd	1903	1903			00000000	0	00000000	00000000	0	00000000	0	00000000	00000000	0	0	empty
all.snd	1904	1904			00000000	0	00000000	00000000	0	00000000	0	00000000	00000000	0	0	empty
all.snd	1905	1905			00000000	0	00000000	00000000	0	00000000	0	00000000	00000000	0	0	empty
all.snd	1906	1906			00000000	0	00000000	00000000	0	00000000	0	00000000	00000000	0	0	empty
all.snd	1907	1907			00000000	0	00000000	00000000	0	00000000	0	00000000	00000000	0	0	empty
all.snd	1908	1908			00000000	0	00000000	00000000	0	00000000	0	00000000	00000000	0	0	empty
all.snd	1909	1909			00000000	0	00000000	00000000	0	00000000	0	00000000	00000000	0	0	empty
all.snd	1910	1910			00000000	0	00000000	00000000	0	00000000	0	00000000	00000000	0	0	empty
all.snd	1911	1911			00000000	0	00000000	00000000	0	00000000	0	00000000	00000000	0	0	empty
all.snd	1912	1912			00000000	0	00000000	00000000	0	00000000	0	00000000	00000000	0	0	empty
all.snd	1913	1913			00000000	0	00000000	00000000	0	00000000	0	00000000	00000000	0	0	empty
all.snd	1914	1914			00000000	0	00000000	00000000	0	00000000	0	00000000	00000000	0	0	empty
all.snd	1915	1915			00000000	0	00000000	00000000	0	00000000	0	00000000	00000000	0	0	empty
all.snd	1916	1916			00000000	0	00000000	00000000	0	00000000	0	00000000	00000000	0	0	empty
all.snd	1917	1917			00000000	0	00000000	00000000	0	00000000	0	00000000	00000000	0	0	empty
all.snd	1918	1918			00000000	0	00000000	00000000	0	00000000	0	00000000	00000000	0	0	empty
all.snd	1919	1919			00000000	0	00000000	00000000	0	00000000	0	00000000	00000000	0	0	empty
all.snd	1920	1920			00000000	0	00000000	00000000	0	00000000	0	00000000	00000000	0	0	empty
all.snd	1921	1921			00000000	0	00000000	00000000	0	00000000	0	00000000	00000000	0	0	empty
all.snd	1922	1922			00000000	0	00000000	00000000	0	00000000	0	00000000	00000000	0	0	empty
all.snd	1923	1923			00000000	0	00000000	00000000	0	00000000	0	00000000	00000000	0	0	empty
all.snd	1924	1924			00000000	0	00000000	00000000	0	00000000	0	00000000	00000000	0	0	empty
all.snd	1925	1925			00000000	0	00000000	00000000	0	00000000	0	00000000	00000000	0	0	empty
all.snd	1926	1926			00000000	0	00000000	00000000	0	00000000	0	00000000	00000000	0	0	empty
all.snd	1927	1927			00000000	0	00000000	00000000	0	00000000	0	00000000	00000000	0	0	empty
all.snd	1928	1928			00000000	0	00000000	00000000	0	00000000	0	00000000	00000000	0	0	empty
all.snd	1929	1929			00000000	0	00000000	00000000	0	00000000	0	00000000	00000000	0	0	empty
all.snd	1930	1930			00000000	0	00000000	00000000	0	00000000	0	00000000	00000000	0	0	empty
all.snd	1931	1931			00000000	0	00000000	00000000	0	00000000	0	00000000	00000000	0	0	empty
all.snd	1932	1932			00000000	0	00000000	00000000	0	00000000	0	00000000	00000000	0	0	empty
all.snd	1933	1933			00000000	0	00000000	00000000	0	00000000	0	00000000	00000000	0	0	empty
all.snd	1934	1934			00000000	0	00000000	00000000	0	00000000	0	00000000	00000000	0	0	empty
all.snd	1935	1935			00000000	0	00000000	00000000	0	00000000	0	00000000	00000000	0	0	empty
all.snd	1936	1936			00000000	0	00000000	00000000	0	00000000	0	00000000	00000000	0	0	empty
all.snd	1937	1937			00000000	0	00000000	00000000	0	00000000	0	00000000	00000000	0	0	empty
all.snd	1938	1938			00000000	0	00000000	00000000	0	00000000	0	00000000	00000000	0	0	empty
all.snd	1939	1939			00000000	0	00000000	00000000	0	00000000	0	00000000	00000000	0	0	empty
all.snd	1940	1940			00000000	0	00000000	00000000	0	00000000	0	00000000	00000000	0	0	empty
all.snd	1941	1941			00000000	0	00000000	00000000	0	00000000	0	00000000	00000000	0	0	empty
all.snd	1942	1942			00000000	0	00000000	00000000	0	00000000	0	00000000	00000000	0	0	empty
all.snd	1943	1943			00000000	0	00000000	00000000	0	00000000	0	00000000	00000000	0	0	empty
all.snd	1944	1944			00000000	0	00000000	00000000	0	00000000	0	00000000	00000000	0	0	empty
all.snd	1945	1945			00000000	0	00000000	00000000	0	00000000	0	00000000	00000000	0	0	empty
all.snd	1946	1946			00000000	0	00000000	00000000	0	00000000	0	00000000	00000000	0	0	empty
all.snd	1947	1947			00000000	0	00000000	00000000	0	00000000	0	00000000	00000000	0	0	empty
all.snd	1948	1948			00000000	0	00000000	00000000	0	00000000	0	00000000	00000000	0	0	empty
all.snd	1949	1949			00000000	0	00000000	00000000	0	00000000	0	00000000	00000000	0	0	empty
all.snd	1950	1950			00000000	0	00000000	00000000	0	00000000	0	00000000	00000000	0	0	empty
all.snd	1951	1951			00000000	0	00000000	00000000	0	00000000	0	00000000	00000000	0	0	empty
all.snd	1952	1952			00000000	0	00000000	00000000	0	00000000	0	00000000	00000000	0	0	empty
all.snd	1953	1953			00000000	0	00000000	00000000	0	00000000	0	00000000	00000000	0	0	empty
all.snd	1954	1954			00000000	0	00000000	00000000	0	00000000	0	00000000	00000000	0	0	empty
all.snd	1955	1955			00000000	0	00000000	00000000	0	00000000	0	00000000	00000000	0	0	empty
all.snd	1956	1956			00000000	0	00000000	00000000	0	00000000	0	00000000	00000000	0	0	empty
all.snd	1957	1957			00000000	0	00000000	00000000	0	00000000	0	00000000	00000000	0	0	empty
all.snd	1958	1958			00000000	0	00000000	00000000	0	00000000	0	00000000	00000000	0	0	empty
all.snd	1959	1959			00000000	0	00000000	00000000	0	00000000	0	00000000	00000000	0	0	empty
all.snd	1960	1960			00000000	0	00000000	00000000	0	00000000	0	00000000	00000000	0	0	empty
all.snd	1961	1961			00000000	0	00000000	00000000	0	00000000	0	00000000	00000000	0	0	empty
all.snd	1962	1962			00000000	0	00000000	00000000	0	00000000	0	00000000	00000000	0	0	empty
all.snd	1963	1963			00000000	0	00000000	00000000	0	00000000	0	00000000	00000000	0	0	empty
all.snd	1964	1964			00000000	0	00000000	00000000	0	00000000	0	00000000	00000000	0	0	empty
all.snd	1965	1965			00000000	0	00000000	00000000	0	00000000	0	00000000	00000000	0	0	empty
all.snd	1966	1966			00000000	0	00000000	00000000	0	00000000	0	00000000	00000000	0	0	empty
all.snd	1967	1967			00000000	0	00000000	00000000	0	00000000	0	00000000	00000000	0	0	empty
all.snd	1968	1968			00000000	0	00000000	00000000	0	00000000	0	00000000	00000000	0	0	empty
all.snd	1969	1969			00000000	0	00000000	00000000	0	00000000	0	00000000	00000000	0	0	empty
all.snd	1970	1970			00000000	0	00000000	00000000	0	00000000	0	00000000	00000000	0	0	empty
all.snd	1971	1971			00000000	0	00000000	00000000	0	00000000	0	00000000	00000000	0	0	empty
all.snd	1972	1972			00000000	0	00000000	00000000	0	00000000	0	00000000	00000000	0	0	empty
all.snd	1973	1973			00000000	0	00000000	00000000	0	00000000	0	00000000	00000000	0	0	empty
all.snd	1974	1974			00000000	0	00000000	00000000	0	00000000	0	00000000	00000000	0	0	empty
all.snd	1975	1975			00000000	0	00000000	00000000	0	00000000	0	00000000	00000000	0	0	empty
all.snd	1976	1976			00000000	0	00000000	00000000	0	00000000	0	00000000	00000000	0	0	empty
all.snd	1977	1977			00000000	0	00000000	00000000	0	00000000	0	00000000	00000000	0	0	empty
all.snd	1978	1978			00000000	0	00000000	00000000	0	00000000	0	00000000	00000000	0	0	empty
all.snd	1979	1979			00000000	0	00000000	00000000	0	00000000	0	00000000	00000000	0	0	empty
all.snd	1980	1980			00000000	0	00000000	00000000	0	00000000	0	00000000	00000000	0	0	empty
all.snd	1981	1981			00000000	0	00000000	00000000	0	00000000	0	00000000	00000000	0	0	empty
all.snd	1982	1982			00000000	0	00000000	00000000	0	00000000	0	00000000	00000000	0	0	empty
all.snd	1983	1983			00000000	0	00000000	00000000	0	00000000	0	00000000	00000000	0	0	empty
all.snd	1984	1984			00000000	0	00000000	00000000	0	00000000	0	00000000	00000000	0	0	empty
all.snd	1985	1985			00000000	0	00000000	00000000	0	00000000	0	00000000	00000000	0	0	empty
all.snd	1986	1986			00000000	0	00000000	00000000	0	00000000	0	00000000	00000000	0	0	empty
all.snd	1987	1987			00000000	0	00000000	00000000	0	00000000	0	00000000	00000000	0	0	empty
all.snd	1988	1988			00000000	0	00000000	00000000	0	00000000	0	00000000	00000000	0	0	empty
all.snd	1989	1989			00000000	0	00000000	00000000	0	00000000	0	00000000	00000000	0	0	empty
all.snd	1990	1990			00000000	0	00000000	00000000	0	00000000	0	00000000	00000000	0	0	empty
all.snd	1991	1991			00000000	0	00000000	00000000	0	00000000	0	00000000	00000000	0	0	empty
all.snd	1992	1992			00000000	0	00000000	00000000	0	00000000	0	00000000	00000000	0	0	empty
all.snd	1993	1993			00000000	0	00000000	00000000	0	00000000	0	00000000	00000000	0	0	empty
all.snd	1994	1994			00000000	0	00000000	00000000	0	00000000	0	00000000	00000000	0	0	empty
all.snd	1995	1995			00000000	0	00000000	00000000	0	00000000	0	00000000	00000000	0	0	empty
all.snd	1996	1996			00000000	0	00000000	00000000	0	00000000	0	00000000	00000000	0	0	empty
all.snd	1997	1997			00000000	0	00000000	00000000	0	00000000	0	00000000	00000000	0	0	empty
all.snd	1998	1998			00000000	0	00000000	00000000	0	00000000	0	00000000	00000000	0	0	empty
all.snd	1999	1999			00000000	0	00000000	00000000	0	00000000	0	00000000	00000000	0	0	empty
all.snd	2000	2000			00000000	0	00000000	00000000	0	00000000	0	00000000	00000000	0	0	empty
all.snd	2001	2001			00000000	0	00000000	00000000	0	00000000	0	00000000	00000000	0	0	empty
all.snd	2002	2002			00000000	0	00000000	00000000	0	00000000	0	00000000	00000000	0	0	empty
all.snd	2003	2003			00000000	0	00000000	00000000	0	00000000	0	00000000	00000000	0	0	empty
all.snd	2004	2004			00000000	0	00000000	00000000	0	00000000	0	00000000	00000000	0	0	empty
all.snd	2005	2005			00000000	0	00000000	00000000	0	00000000	0	00000000	00000000	0	0	empty
all.snd	2006	2006			00000000	0	00000000	00000000	0	00000000	0	00000000	00000000	0	0	empty
all.snd	2007	2007			00000000	0	00000000	00000000	0	00000000	0	00000000	00000000	0	0	empty
all.snd	2008	2008			00000000	0	00000000	00000000	0	00000000	0	00000000	00000000	0	0	empty
all.snd	2009	2009			00000000	0	00000000	00000000	0	00000000	0	00000000	00000000	0	0	empty
all.snd	2010	2010			00000000	0	00000000	00000000	0	00000000	0	00000000	00000000	0	0	empty
all.snd	2011	2011			00000000	0	00000000	00000000	0	00000000	0	00000000	00000000	0	0	empty
all.snd	2012	2012			00000000	0	00000000	00000000	0	00000000	0	00000000	00000000	0	0	empty
all.snd	2013	2013			00000000	0	00000000	00000000	0	00000000	0	00000000	00000000	0	0	empty
all.snd	2014	2014			00000000	0	00000000	00000000	0	00000000	0	00000000	00000000	0	0	empty
all.snd	2015	2015			00000000	0	00000000	00000000	0	00000000	0	00000000	00000000	0	0	empty
all.snd	2016	2016			00000000	0	00000000	00000000	0	00000000	0	00000000	00000000	0	0	empty
all.snd	2017	2017			00000000	0	00000000	00000000	0	00000000	0	00000000	00000000	0	0	empty
all.snd	2018	2018			00000000	0	00000000	00000000	0	00000000	0	00000000	00000000	0	0	empty
all.snd	2019	2019			00000000	0	00000000	00000000	0	00000000	0	00000000	00000000	0	0	empty
all.snd	2020	2020			00000000	0	00000000	00000000	0	00000000	0	00000000	00000000	0	0	empty
all.snd	2021	2021			00000000	0	00000000	00000000	0	00000000	0	00000000	00000000	0	0	empty
all.snd	2022	2022			00000000	0	00000000	00000000	0	00000000	0	00000000	00000000	0	0	empty
all.snd	2023	2023			00000000	0	00000000	00000000	0	00000000	0	00000000	00000000	0	0	empty
all.snd	2024	2024			00000000	0	00000000	00000000	0	00000000	0	00000000	00000000	0	0	empty
all.snd	2025	2025			00000000	0	00000000	00000000	0	00000000	0	00000000	00000000	0	0	empty
all.snd	2026	2026			00000000	0	00000000	00000000	0	00000000	0	00000000	00000000	0	0	empty
all.snd	2027	2027			00000000	0	00000000	00000000	0	00000000	0	00000000	00000000	0	0	empty
all.snd	2028	2028			00000000	0	00000000	00000000	0	00000000	0	00000000	00000000	0	0	empty
all.snd	2029	2029			00000000	0	00000000	00000000	0	00000000	0	00000000	00000000	0	0	empty
all.snd	2030	2030			00000000	0	00000000	00000000	0	00000000	0	00000000	00000000	0	0	empty
all.snd	2031	2031			00000000	0	00000000	00000000	0	00000000	0	00000000	00000000	0	0	empty
all.snd	2032	2032			00000000	0	00000000	00000000	0	00000000	0	00000000	00000000	0	0	empty
all.snd	2033	2033			00000000	0	00000000	00000000	0	00000000	0	00000000	00000000	0	0	empty
all.snd	2034	2034			00000000	0	00000000	00000000	0	00000000	0	00000000	00000000	0	0	empty
all.snd	2035	2035			00000000	0	00000000	00000000	0	00000000	0	00000000	00000000	0	0	empty
all.snd	2036	2036			00000000	0	00000000	00000000	0	00000000	0	00000000	00000000	0	0	empty
all.snd	2037	2037			00000000	0	00000000	00000000	0	00000000	0	00000000	00000000	0	0	empty
all.snd	2038	2038			00000000	0	00000000	00000000	0	00000000	0	00000000	00000000	0	0	empty
all.snd	2039	2039			00000000	0	00000000	00000000	0	00000000	0	00000000	00000000	0	0	empty
all.snd	2040	2040			00000000	0	00000000	00000000	0	00000000	0	00000000	00000000	0	0	empty
all.snd	2041	2041			00000000	0	00000000	00000000	0	00000000	0	00000000	00000000	0	0	empty
all.snd	2042	2042			00000000	0	00000000	00000000	0	00000000	0	00000000	00000000	0	0	empty
all.snd	2043	2043			00000000	0	00000000	00000000	0	00000000	0	00000000	00000000	0	0	empty
all.snd	2044	2044			00000000	0	00000000	00000000	0	00000000	0	00000000	00000000	0	0	empty
all.snd	2045	2045			00000000	0	00000000	00000000	0	00000000	0	00000000	00000000	0	0	empty
all.snd	2046	2046			00000000	0	00000000	00000000	0	00000000	0	00000000	00000000	0	0	empty
all.snd	2047	2047			00000000	0	00000000	00000000	0	00000000	0	00000000	00000000	0	0	empty
all.snd	2048	2048			00000000	0	00000000	00000000	0	00000000	0	00000000	00000000	0	0	empty
all.snd	2049	2049			00000000	0	00000000	00000000	0	00000000	0	00000000	00000000	0	0	empty
all.snd	2050	2050			00000000	0	00000000	00000000	0	00000000	0	00000000	00000000	0	0	empty
all.snd	2051	2051			00000000	0	00000000	00000000	0	00000000	0	00000000	00000000	0	0	empty
all.snd	2052	2052			00000000	0	00000000	00000000	0	00000000	0	00000000	00000000	0	0	empty
all.snd	2053	2053			00000000	0	00000000	00000000	0	00000000	0	00000000	00000000	0	0	empty
all.snd	2054	2054			00000000	0	00000000	00000000	0	00000000	0	00000000	00000000	0	0	empty
all.snd	2055	2055			00000000	0	00000000	00000000	0	00000000	0	00000000	00000000	0	0	empty
all.snd	2056	2056			00000000	0	00000000	00000000	0	00000000	0	00000000	00000000	0	0	empty
all.snd	2057	2057			00000000	0	00000000	00000000	0	00000000	0	00000000	00000000	0	0	empty
all.snd	2058	2058			00000000	0	00000000	00000000	0	00000000	0	00000000	00000000	0	0	empty
all.snd	2059	2059			00000000	0	00000000	00000000	0	00000000	0	00000000	00000000	0	0	empty
all.snd	2060	2060			00000000	0	00000000	00000000	0	00000000	0	00000000	00000000	0	0	empty
all.snd	2061	2061			00000000	0	00000000	00000000	0	00000000	0	00000000	00000000	0	0	empty
all.snd	2062	2062			00000000	0	00000000	00000000	0	00000000	0	00000000	00000000	0	0	empty
all.snd	2063	2063			00000000	0	00000000	00000000	0	00000000	0	00000000	00000000	0	0	empty
all.snd	2064	2064			00000000	0	00000000	00000000	0	00000000	0	00000000	00000000	0	0	empty
all.snd	2065	2065			00000000	0	00000000	00000000	0	00000000	0	00000000	00000000	0	0	empty
all.snd	2066	2066			00000000	0	00000000	00000000	0	00000000	0	00000000	00000000	0	0	empty
all.snd	2067	2067			00000000	0	00000000	00000000	0	00000000	0	00000000	00000000	0	0	empty
all.snd	2068	2068			00000000	0	00000000	00000000	0	00000000	0	00000000	00000000	0	0	empty
all.snd	2069	2069			00000000	0	00000000	00000000	0	00000000	0	00000000	00000000	0	0	empty
all.snd	2070	2070			00000000	0	00000000	00000000	0	00000000	0	00000000	00000000	0	0	empty
all.snd	2071	2071			00000000	0	00000000	00000000	0	00000000	0	00000000	00000000	0	0	empty
all.snd	2072	2072			00000000	0	00000000	00000000	0	00000000	0	00000000	00000000	0	0	empty
all.snd	2073	2073			00000000	0	00000000	00000000	0	00000000	0	00000000	00000000	0	0	empty
all.snd	2074	2074			00000000	0	00000000	00000000	0	00000000	0	00000000	00000000	0	0	empty
all.snd	2075	2075			00000000	0	00000000	00000000	0	00000000	0	00000000	00000000	0	0	empty
all.snd	2076	2076			00000000	0	00000000	00000000	0	00000000	0	00000000	00000000	0	0	empty
all.snd	2077	2077			00000000	0	00000000	00000000	0	00000000	0	00000000	00000000	0	0	empty
all.snd	2078	2078			00000000	0	00000000	00000000	0	00000000	0	00000000	00000000	0	0	empty
all.snd	2079	2079			00000000	0	00000000	00000000	0	00000000	0	00000000	00000000	0	0	empty
all.snd	2080	2080			00000000	0	00000000	00000000	0	00000000	0	00000000	00000000	0	0	empty
all.snd	2081	2081			00000000	0	00000000	00000000	0	00000000	0	00000000	00000000	0	0	empty
all.snd	2082	2082			00000000	0	00000000	00000000	0	00000000	0	00000000	00000000	0	0	empty
all.snd	2083	2083			00000000	0	00000000	00000000	0	00000000	0	00000000	00000000	0	0	empty
all.snd	2084	2084			00000000	0	00000000	00000000	0	00000000	0	00000000	00000000	0	0	empty
all.snd	2085	2085			00000000	0	00000000	00000000	0	00000000	0	00000000	00000000	0	0	empty
all.snd	2086	2086			00000000	0	00000000	00000000	0	00000000	0	00000000	00000000	0	0	empty
all.snd	2087	2087			00000000	0	00000000	00000000	0	00000000	0	00000000	00000000	0	0	empty
all.snd	2088	2088			00000000	0	00000000	00000000	0	00000000	0	00000000	00000000	0	0	empty
all.snd	2089	2089			00000000	0	00000000	00000000	0	00000000	0	00000000	00000000	0	0	empty
all.snd	2090	2090			00000000	0	00000000	00000000	0	00000000	0	00000000	00000000	0	0	empty
all.snd	2091	2091			00000000	0	00000000	00000000	0	00000000	0	00000000	00000000	0	0	empty
all.snd	2092	2092			00000000	0	00000000	00000000	0	00000000	0	00000000	00000000	0	0	empty
all.snd	2093	2093			00000000	0	00000000	00000000	0	00000000	0	00000000	00000000	0	0	empty
all.snd	2094	2094			00000000	0	00000000	00000000	0	00000000	0	00000000	00000000	0	0	empty
all.snd	2095	2095			00000000	0	00000000	00000000	0	00000000	0	00000000	00000000	0	0	empty
all.snd	2096	2096			00000000	0	00000000	00000000	0	00000000	0	00000000	00000000	0	0	empty
all.snd	2097	2097			00000000	0	00000000	00000000	0	00000000	0	00000000	00000000	0	0	empty
all.snd	2098	2098			00000000	0	00000000	00000000	0	00000000	0	00000000	00000000	0	0	empty
all.snd	2099	2099			00000000	0	00000000	00000000	0	00000000	0	00000000	00000000	0	0	empty
all.snd	2100	2100			00000000	0	00000000	00000000	0	00000000	0	00000000	00000000	0	0	empty
all.snd	2101	2101			00000000	0	00000000	00000000	0	00000000	0	00000000	00000000	0	0	empty
all.snd	2102	2102			00000000	0	00000000	00000000	0	00000000	0	00000000	00000000	0	0	empty
all.snd	2103	2103			00000000	0	00000000	00000000	0	00000000	0	00000000	00000000	0	0	empty
all.snd	2104	2104			00000000	0	00000000	00000000	0	00000000	0	00000000	00000000	0	0	empty
all.snd	2105	2105			00000000	0	00000000	00000000	0	00000000	0	00000000	00000000	0	0	empty
all.snd	2106	2106			00000000	0	00000000	00000000	0	00000000	0	00000000	00000000	0	0	empty
all.snd	2107	2107			00000000	0	00000000	00000000	0	00000000	0	00000000	00000000	0	0	empty
all.snd	2108	2108			00000000	0	00000000	00000000	0	00000000	0	00000000	00000000	0	0	empty
all.snd	2109	2109			00000000	0	00000000	00000000	0	00000000	0	00000000	00000000	0	0	empty
all.snd	2110	2110			00000000	0	00000000	00000000	0	00000000	0	00000000	00000000	0	0	empty
all.snd	2111	2111			00000000	0	00000000	00000000	0	00000000	0	00000000	00000000	0	0	empty
all.snd	2112	2112			00000000	0	00000000	00000000	0	00000000	0	00000000	00000000	0	0	empty
all.snd	2113	2113			00000000	0	00000000	00000000	0	00000000	0	00000000	00000000	0	0	empty
all.snd	2114	2114			00000000	0	00000000	00000000	0	00000000	0	00000000	00000000	0	0	empty
all.snd	2115	2115			00000000	0	00000000	00000000	0	00000000	0	00000000	00000000	0	0	empty
all.snd	2116	2116			00000000	0	00000000	00000000	0	00000000	0	00000000	00000000	0	0	empty
all.snd	2117	2117			00000000	0	00000000	00000000	0	00000000	0	00000000	00000000	0	0	empty
all.snd	2118	2118			00000000	0	00000000	00000000	0	00000000	0	00000000	00000000	0	0	empty
all.snd	2119	2119			00000000	0	00000000	00000000	0	00000000	0	00000000	00000000	0	0	empty
all.snd	2120	2120			00000000	0	00000000	00000000	0	00000000	0	00000000	00000000	0	0	empty
all.snd	2121	2121			00000000	0	00000000	00000000	0	00000000	0	00000000	00000000	0	0	empty
all.snd	2122	2122			00000000	0	00000000	00000000	0	00000000	0	00000000	00000000	0	0	empty
all.snd	2123	2123			00000000	0	00000000	00000000	0	00000000	0	00000000	00000000	0	0	empty
all.snd	2124	2124			00000000	0	00000000	00000000	0	00000000	0	00000000	00000000	0	0	empty
all.snd	2125	2125			00000000	0	00000000	00000000	0	00000000	0	00000000	00000000	0	0	empty
all.snd	2126	2126			00000000	0	00000000	00000000	0	00000000	0	00000000	00000000	0	0	empty
all.snd	2127	2127			00000000	0	00000000	00000000	0	00000000	0	00000000	00000000	0	0	empty
all.snd	2128	2128			00000000	0	00000000	00000000	0	00000000	0	00000000	00000000	0	0	empty
all.snd	2129	2129			00000000	0	00000000	00000000	0	00000000	0	00000000	00000000	0	0	empty
all.snd	2130	2130			00000000	0	00000000	00000000	0	00000000	0	00000000	00000000	0	0	empty
all.snd	2131	2131			00000000	0	00000000	00000000	0	00000000	0	00000000	00000000	0	0	empty
all.snd	2132	2132			00000000	0	00000000	00000000	0	00000000	0	00000000	00000000	0	0	empty
all.snd	2133	2133			00000000	0	00000000	00000000	0	00000000	0	00000000	00000000	0	0	empty
all.snd	2134	2134			00000000	0	00000000	00000000	0	00000000	0	00000000	00000000	0	0	empty
all.snd	2135	2135			00000000	0	00000000	00000000	0	00000000	0	00000000	00000000	0	0	empty
all.snd	2136	2136			00000000	0	00000000	00000000	0	00000000	0	00000000	00000000	0	0	empty
all.snd	2137	2137			00000000	0	00000000	00000000	0	00000000	0	00000000	00000000	0	0	empty
all.snd	2138	2138			00000000	0	00000000	00000000	0	00000000	0	00000000	00000000	0	0	empty
all.snd	2139	2139			00000000	0	00000000	00000000	0	00000000	0	00000000	00000000	0	0	empty
all.snd	2140	2140			00000000	0	00000000	00000000	0	00000000	0	00000000	00000000	0	0	empty
all.snd	2141	2141			00000000	0	00000000	00000000	0	00000000	0	00000000	00000000	0	0	empty
all.snd	2142	2142			00000000	0	00000000	00000000	0	00000000	0	00000000	00000000	0	0	empty
all.snd	2143	2143			00000000	0	00000000	00000000	0	00000000	0	00000000	00000000	0	0	empty
all.snd	2144	2144			00000000	0	00000000	00000000	0	00000000	0	00000000	00000000	0	0	empty
all.snd	2145	2145			00000000	0	00000000	00000000	0	00000000	0	00000000	00000000	0	0	empty
all.snd	2146	2146			00000000	0	00000000	00000000	0	00000000	0	00000000	00000000	0	0	empty
all.snd	2147	2147			00000000	0	00000000	00000000	0	00000000	0	00000000	00000000	0	0	empty
all.snd	2148	2148			00000000	0	00000000	00000000	0	00000000	0	00000000	00000000	0	0	empty
all.snd	2149	2149			00000000	0	00000000	00000000	0	00000000	0	00000000	00000000	0	0	empty
all.snd	2150	2150			00000000	0	00000000	00000000	0	00000000	0	00000000	00000000	0	0	empty
all.snd	2151	2151			00000000	0	00000000	00000000	0	00000000	0	00000000	00000000	0	0	empty
all.snd	2152	2152			00000000	0	00000000	00000000	0	00000000	0	00000000	00000000	0	0	empty
all.snd	2153	2153			00000000	0	00000000	00000000	0	00000000	0	00000000	00000000	0	0	empty
all.snd	2154	2154			00000000	0	00000000	00000000	0	00000000	0	00000000	00000000	0	0	empty
all.snd	2155	2155			00000000	0	00000000	00000000	0	00000000	0	00000000	00000000	0	0	empty
all.snd	2156	2156			00000000	0	00000000	00000000	0	00000000	0	00000000	00000000	0	0	empty
all.snd	2157	2157			00000000	0	00000000	00000000	0	00000000	0	00000000	00000000	0	0	empty
all.snd	2158	2158			00000000	0	00000000	00000000	0	00000000	0	00000000	00000000	0	0	empty
all.snd	2159	2159			00000000	0	00000000	00000000	0	00000000	0	00000000	00000000	0	0	empty
all.snd	2160	2160			00000000	0	00000000	00000000	0	00000000	0	00000000	00000000	0	0	empty
all.snd	2161	2161			00000000	0	00000000	00000000	0	00000000	0	00000000	00000000	0	0	empty
all.snd	2162	2162			00000000	0	00000000	00000000	0	00000000	0	00000000	00000000	0	0	empty
all.snd	2163	2163			00000000	0	00000000	00000000	0	00000000	0	00000000	00000000	0	0	empty
all.snd	2164	2164			00000000	0	00000000	00000000	0	00000000	0	00000000	00000000	0	0	empty
all.snd	2165	2165			00000000	0	00000000	00000000	0	00000000	0	00000000	00000000	0	0	empty
all.snd	2166	2166			00000000	0	00000000	00000000	0	00000000	0	00000000	00000000	0	0	empty
all.snd	2167	2167			00000000	0	00000000	00000000	0	00000000	0	00000000	00000000	0	0	empty
all.snd	2168	2168			00000000	0	00000000	00000000	0	00000000	0	00000000	00000000	0	0	empty
all.snd	2169	2169			00000000	0	00000000	00000000	0	00000000	0	00000000	00000000	0	0	empty
all.snd	2170	2170			00000000	0	00000000	00000000	0	00000000	0	00000000	00000000	0	0	empty
all.snd	2171	2171			00000000	0	00000000	00000000	0	00000000	0	00000000	00000000	0	0	empty
all.snd	2172	2172			00000000	0	00000000	00000000	0	00000000	0	00000000	00000000	0	0	empty
all.snd	2173	2173			00000000	0	00000000	00000000	0	00000000	0	00000000	00000000	0	0	empty
all.snd	2174	2174			00000000	0	00000000	00000000	0	00000000	0	00000000	00000000	0	0	empty
all.snd	2175	2175			00000000	0	00000000	00000000	0	00000000	0	00000000	00000000	0	0	empty
all.snd	2176	2176			00000000	0	00000000	00000000	0	00000000	0	00000000	00000000	0	0	empty
all.snd	2177	2177			00000000	0	00000000	00000000	0	00000000	0	00000000	00000000	0	0	empty
all.snd	2178	2178			00000000	0	00000000	00000000	0	00000000	0	00000000	00000000	0	0	empty
all.snd	2179	2179			00000000	0	00000000	00000000	0	00000000	0	00000000	00000000	0	0	empty
all.snd	2180	2180			00000000	0	00000000	00000000	0	00000000	0	00000000	00000000	0	0	empty
all.snd	2181	2181			00000000	0	00000000	00000000	0	00000000	0	00000000	00000000	0	0	empty
all.snd	2182	2182			00000000	0	00000000	00000000	0	00000000	0	00000000	00000000	0	0	empty
all.snd	2183	2183			00000000	0	00000000	00000000	0	00000000	0	00000000	00000000	0	0	empty
all.snd	2184	2184			00000000	0	00000000	00000000	0	00000000	0	00000000	00000000	0	0	empty
all.snd	2185	2185			00000000	0	00000000	00000000	0	00000000	0	00000000	00000000	0	0	empty
all.snd	2186	2186			00000000	0	00000000	00000000	0	00000000	0	00000000	00000000	0	0	empty
all.snd	2187	2187			00000000	0	00000000	00000000	0	00000000	0	00000000	00000000	0	0	empty
all.snd	2188	2188			00000000	0	00000000	00000000	0	00000000	0	00000000	00000000	0	0	empty
all.snd	2189	2189			00000000	0	00000000	00000000	0	00000000	0	00000000	00000000	0	0	empty
all.snd	2190	2190			00000000	0	00000000	00000000	0	00000000	0	00000000	00000000	0	0	empty
all.snd	2191	2191			00000000	0	00000000	00000000	0	00000000	0	00000000	00000000	0	0	empty
all.snd	2192	2192			00000000	0	00000000	00000000	0	00000000	0	00000000	00000000	0	0	empty
all.snd	2193	2193			00000000	0	00000000	00000000	0	00000000	0	00000000	00000000	0	0	empty
all.snd	2194	2194			00000000	0	00000000	00000000	0	00000000	0	00000000	00000000	0	0	empty
all.snd	2195	2195			00000000	0	00000000	00000000	0	00000000	0	00000000	00000000	0	0	empty
all.snd	2196	2196			00000000	0	00000000	00000000	0	00000000	0	00000000	00000000	0	0	empty
all.snd	2197	2197			00000000	0	00000000	00000000	0	00000000	0	00000000	00000000	0	0	empty
all.snd	2198	2198			00000000	0	00000000	00000000	0	00000000	0	00000000	00000000	0	0	empty
all.snd	2199	2199			00000000	0	00000000	00000000	0	00000000	0	00000000	00000000	0	0	empty
all.snd	2200	2200			00000000	0	00000000	00000000	0	00000000	0	00000000	00000000	0	0	empty
all.snd	2201	2201			00000000	0	00000000	00000000	0	00000000	0	00000000	00000000	0	0	empty
all.snd	2202	2202			00000000	0	00000000	00000000	0	00000000	0	00000000	00000000	0	0	empty
all.snd	2203	2203			00000000	0	00000000	00000000	0	00000000	0	00000000	00000000	0	0	empty
all.snd	2204	2204			00000000	0	00000000	00000000	0	00000000	0	00000000	00000000	0	0	empty
all.snd	2205	2205			00000000	0	00000000	00000000	0	00000000	0	00000000	00000000	0	0	empty
all.snd	2206	2206			00000000	0	00000000	00000000	0	00000000	0	00000000	00000000	0	0	empty
all.snd	2207	2207			00000000	0	00000000	00000000	0	00000000	0	00000000	00000000	0	0	empty
all.snd	2208	2208			00000000	0	00000000	00000000	0	00000000	0	00000000	00000000	0	0	empty
all.snd	2209	2209			00000000	0	00000000	00000000	0	00000000	0	00000000	00000000	0	0	empty
all.snd	2210	2210			00000000	0	00000000	00000000	0	00000000	0	00000000	00000000	0	0	empty
all.snd	2211	2211			00000000	0	00000000	00000000	0	00000000	0	00000000	00000000	0	0	empty
all.snd	2212	2212			00000000	0	00000000	00000000	0	00000000	0	00000000	00000000	0	0	empty
all.snd	2213	2213			00000000	0	00000000	00000000	0	00000000	0	00000000	00000000	0	0	empty
all.snd	2214	2214			00000000	0	00000000	00000000	0	00000000	0	00000000	00000000	0	0	empty
all.snd	2215	2215			00000000	0	00000000	00000000	0	00000000	0	00000000	00000000	0	0	empty
all.snd	2216	2216			00000000	0	00000000	00000000	0	00000000	0	00000000	00000000	0	0	empty
all.snd	2217	2217			00000000	0	00000000	00000000	0	00000000	0	00000000	00000000	0	0	empty
all.snd	2218	2218			00000000	0	00000000	00000000	0	00000000	0	00000000	00000000	0	0	empty
all.snd	2219	2219			00000000	0	00000000	00000000	0	00000000	0	00000000	00000000	0	0	empty
all.snd	2220	2220			00000000	0	00000000	00000000	0	00000000	0	00000000	00000000	0	0	empty
all.snd	2221	2221			00000000	0	00000000	00000000	0	00000000	0	00000000	00000000	0	0	empty
all.snd	2222	2222			00000000	0	00000000	00000000	0	00000000	0	00000000	00000000	0	0	empty
all.snd	2223	2223			00000000	0	00000000	00000000	0	00000000	0	00000000	00000000	0	0	empty
all.snd	2224	2224			00000000	0	00000000	00000000	0	00000000	0	00000000	00000000	0	0	empty
all.snd	2225	2225			00000000	0	00000000	00000000	0	00000000	0	00000000	00000000	0	0	empty
all.snd	2226	2226			00000000	0	00000000	00000000	0	00000000	0	00000000	00000000	0	0	empty
all.snd	2227	2227			00000000	0	00000000	00000000	0	00000000	0	00000000	00000000	0	0	empty
all.snd	2228	2228			00000000	0	00000000	00000000	0	00000000	0	00000000	00000000	0	0	empty
all.snd	2229	2229			00000000	0	00000000	00000000	0	00000000	0	00000000	00000000	0	0	empty
all.snd	2230	2230			00000000	0	00000000	00000000	0	00000000	0	00000000	00000000	0	0	empty
all.snd	2231	2231			00000000	0	00000000	00000000	0	00000000	0	00000000	00000000	0	0	empty
all.snd	2232	2232			00000000	0	00000000	00000000	0	00000000	0	00000000	00000000	0	0	empty
all.snd	2233	2233			00000000	0	00000000	00000000	0	00000000	0	00000000	00000000	0	0	empty
all.snd	2234	2234			00000000	0	00000000	00000000	0	00000000	0	00000000	00000000	0	0	empty
all.snd	2235	2235			00000000	0	00000000	00000000	0	00000000	0	00000000	00000000	0	0	empty
all.snd	2236	2236			00000000	0	00000000	00000000	0	00000000	0	00000000	00000000	0	0	empty
all.snd	2237	2237			00000000	0	00000000	00000000	0	00000000	0	00000000	00000000	0	0	empty
all.snd	2238	2238			00000000	0	00000000	00000000	0	00000000	0	00000000	00000000	0	0	empty
all.snd	2239	2239			00000000	0	00000000	00000000	0	00000000	0	00000000	00000000	0	0	empty
all.snd	2240	2240			00000000	0	00000000	00000000	0	00000000	0	00000000	00000000	0	0	empty
all.snd	2241	2241			00000000	0	00000000	00000000	0	00000000	0	00000000	00000000	0	0	empty
all.snd	2242	2242			00000000	0	00000000	00000000	0	00000000	0	00000000	00000000	0	0	empty
all.snd	2243	2243			00000000	0	00000000	00000000	0	00000000	0	00000000	00000000	0	0	empty
all.snd	2244	2244			00000000	0	00000000	00000000	0	00000000	0	00000000	00000000	0	0	empty
all.snd	2245	2245			00000000	0	00000000	00000000	0	00000000	0	00000000	00000000	0	0	empty
all.snd	2246	2246			00000000	0	00000000	00000000	0	00000000	0	00000000	00000000	0	0	empty
all.snd	2247	2247			00000000	0	00000000	00000000	0	00000000	0	00000000	00000000	0	0	empty
all.snd	2248	2248			00000000	0	00000000	00000000	0	00000000	0	00000000	00000000	0	0	empty
all.snd	2249	2249			00000000	0	00000000	00000000	0	00000000	0	00000000	00000000	0	0	empty
all.snd	2250	2250			00000000	0	00000000	00000000	0	00000000	0	00000000	00000000	0	0	empty
all.snd	2251	2251			00000000	0	00000000	00000000	0	00000000	0	00000000	00000000	0	0	empty
all.snd	2252	2252			00000000	0	00000000	00000000	0	00000000	0	00000000	00000000	0	0	empty
all.snd	2253	2253			00000000	0	00000000	00000000	0	00000000	0	00000000	00000000	0	0	empty
all.snd	2254	2254			00000000	0	00000000	00000000	0	00000000	0	00000000	00000000	0	0	empty
all.snd	2255	2255			00000000	0	00000000	00000000	0	00000000	0	00000000	00000000	0	0	empty
all.snd	2256	2256			00000000	0	00000000	00000000	0	00000000	0	00000000	00000000	0	0	empty
all.snd	2257	2257			00000000	0	00000000	00000000	0	00000000	0	00000000	00000000	0	0	empty
all.snd	2258	2258			00000000	0	00000000	00000000	0	00000000	0	00000000	00000000	0	0	empty
all.snd	2259	2259			00000000	0	00000000	00000000	0	00000000	0	00000000	00000000	0	0	empty
all.snd	2260	2260			00000000	0	00000000	00000000	0	00000000	0	00000000	00000000	0	0	empty
all.snd	2261	2261			00000000	0	00000000	00000000	0	00000000	0	00000000	00000000	0	0	empty
all.snd	2262	2262			00000000	0	00000000	00000000	0	00000000	0	00000000	00000000	0	0	empty
all.snd	2263	2263			00000000	0	00000000	00000000	0	00000000	0	00000000	00000000	0	0	empty
all.snd	2264	2264			00000000	0	00000000	00000000	0	00000000	0	00000000	00000000	0	0	empty
all.snd	2265	2265			00000000	0	00000000	00000000	0	00000000	0	00000000	00000000	0	0	empty
all.snd	2266	2266			00000000	0	00000000	00000000	0	00000000	0	00000000	00000000	0	0	empty
all.snd	2267	2267			00000000	0	00000000	00000000	0	00000000	0	00000000	00000000	0	0	empty
all.snd	2268	2268			00000000	0	00000000	00000000	0	00000000	0	00000000	00000000	0	0	empty
all.snd	2269	2269			00000000	0	00000000	00000000	0	00000000	0	00000000	00000000	0	0	empty
all.snd	2270	2270			00000000	0	00000000	00000000	0	00000000	0	00000000	00000000	0	0	empty
all.snd	2271	2271			00000000	0	00000000	00000000	0	00000000	0	00000000	00000000	0	0	empty
all.snd	2272	2272			00000000	0	00000000	00000000	0	00000000	0	00000000	00000000	0	0	empty
all.snd	2273	2273			00000000	0	00000000	00000000	0	00000000	0	00000000	00000000	0	0	empty
all.snd	2274	2274			00000000	0	00000000	00000000	0	00000000	0	00000000	00000000	0	0	empty
all.snd	2275	2275			00000000	0	00000000	00000000	0	00000000	0	00000000	00000000	0	0	empty
all.snd	2276	2276			00000000	0	00000000	00000000	0	00000000	0	00000000	00000000	0	0	empty
all.snd	2277	2277			00000000	0	00000000	00000000	0	00000000	0	00000000	00000000	0	0	empty
all.snd	2278	2278			00000000	0	00000000	00000000	0	00000000	0	00000000	00000000	0	0	empty
all.snd	2279	2279			00000000	0	00000000	00000000	0	00000000	0	00000000	00000000	0	0	empty
all.snd	2280	2280			00000000	0	00000000	00000000	0	00000000	0	00000000	00000000	0	0	empty
all.snd	2281	2281			00000000	0	00000000	00000000	0	00000000	0	00000000	00000000	0	0	empty
all.snd	2282	2282			00000000	0	00000000	00000000	0	00000000	0	00000000	00000000	0	0	empty
all.snd	2283	2283			00000000	0	00000000	00000000	0	00000000	0	00000000	00000000	0	0	empty
all.snd	2284	2284			00000000	0	00000000	00000000	0	00000000	0	00000000	00000000	0	0	empty
all.snd	2285	2285			00000000	0	00000000	00000000	0	00000000	0	00000000	00000000	0	0	empty
all.snd	2286	2286			00000000	0	00000000	00000000	0	00000000	0	00000000	00000000	0	0	empty
all.snd	2287	2287			00000000	0	00000000	00000000	0	00000000	0	00000000	00000000	0	0	empty
all.snd	2288	2288			00000000	0	00000000	00000000	0	00000000	0	00000000	00000000	0	0	empty
all.snd	2289	2289			00000000	0	00000000	00000000	0	00000000	0	00000000	00000000	0	0	empty
all.snd	2290	2290			00000000	0	00000000	00000000	0	00000000	0	00000000	00000000	0	0	empty
all.snd	2291	2291			00000000	0	00000000	00000000	0	00000000	0	00000000	00000000	0	0	empty
all.snd	2292	2292			00000000	0	00000000	00000000	0	00000000	0	00000000	00000000	0	0	empty
all.snd	2293	2293			00000000	0	00000000	00000000	0	00000000	0	00000000	00000000	0	0	empty
all.snd	2294	2294			00000000	0	00000000	00000000	0	00000000	0	00000000	00000000	0	0	empty
all.snd	2295	2295			00000000	0	00000000	00000000	0	00000000	0	00000000	00000000	0	0	empty
all.snd	2296	2296			00000000	0	00000000	00000000	0	00000000	0	00000000	00000000	0	0	empty
all.snd	2297	2297			00000000	0	00000000	00000000	0	00000000	0	00000000	00000000	0	0	empty
all.snd	2298	2298			00000000	0	00000000	00000000	0	00000000	0	00000000	00000000	0	0	empty
all.snd	2299	2299			00000000	0	00000000	00000000	0	00000000	0	00000000	00000000	0	0	empty
all.snd	2300	2300			00000000	0	00000000	00000000	0	00000000	0	00000000	00000000	0	0	empty
all.snd	2301	2301			00000000	0	00000000	00000000	0	00000000	0	00000000	00000000	0	0	empty
all.snd	2302	2302			00000000	0	00000000	00000000	0	00000000	0	00000000	00000000	0	0	empty
all.snd	2303	2303			00000000	0	00000000	00000000	0	00000000	0	00000000	00000000	0	0	empty
all.snd	2304	2304			00000000	0	00000000	00000000	0	00000000	0	00000000	00000000	0	0	empty
all.snd	2305	2305			00000000	0	00000000	00000000	0	00000000	0	00000000	00000000	0	0	empty
all.snd	2306	2306			00000000	0	00000000	00000000	0	00000000	0	00000000	00000000	0	0	empty
all.snd	2307	2307			00000000	0	00000000	00000000	0	00000000	0	00000000	00000000	0	0	empty
all.snd	2308	2308			00000000	0	00000000	00000000	0	00000000	0	00000000	00000000	0	0	empty
all.snd	2309	2309			00000000	0	00000000	00000000	0	00000000	0	00000000	00000000	0	0	empty
all.snd	2310	2310			00000000	0	00000000	00000000	0	00000000	0	00000000	00000000	0	0	empty
all.snd	2311	2311			00000000	0	00000000	00000000	0	00000000	0	00000000	00000000	0	0	empty
all.snd	2312	2312			00000000	0	00000000	00000000	0	00000000	0	00000000	00000000	0	0	empty
all.snd	2313	2313			00000000	0	00000000	00000000	0	00000000	0	00000000	00000000	0	0	empty
all.snd	2314	2314			00000000	0	00000000	00000000	0	00000000	0	00000000	00000000	0	0	empty
all.snd	2315	2315			00000000	0	00000000	00000000	0	00000000	0	00000000	00000000	0	0	empty
all.snd	2316	2316			00000000	0	00000000	00000000	0	00000000	0	00000000	00000000	0	0	empty
all.snd	2317	2317			00000000	0	00000000	00000000	0	00000000	0	00000000	00000000	0	0	empty
all.snd	2318	2318			00000000	0	00000000	00000000	0	00000000	0	00000000	00000000	0	0	empty
all.snd	2319	2319			00000000	0	00000000	00000000	0	00000000	0	00000000	00000000	0	0	empty
all.snd	2320	2320			00000000	0	00000000	00000000	0	00000000	0	00000000	00000000	0	0	empty
all.snd	2321	2321			00000000	0	00000000	00000000	0	00000000	0	00000000	00000000	0	0	empty
all.snd	2322	2322			00000000	0	00000000	00000000	0	00000000	0	00000000	00000000	0	0	empty
all.snd	2323	2323			00000000	0	00000000	00000000	0	00000000	0	00000000	00000000	0	0	empty
all.snd	2324	2324			00000000	0	00000000	00000000	0	00000000	0	00000000	00000000	0	0	empty
all.snd	2325	2325			00000000	0	00000000	00000000	0	00000000	0	00000000	00000000	0	0	empty
all.snd	2326	2326			00000000	0	00000000	00000000	0	00000000	0	00000000	00000000	0	0	empty
all.snd	2327	2327			00000000	0	00000000	00000000	0	00000000	0	00000000	00000000	0	0	empty
all.snd	2328	2328			00000000	0	00000000	00000000	0	00000000	0	00000000	00000000	0	0	empty
all.snd	2329	2329			00000000	0	00000000	00000000	0	00000000	0	00000000	00000000	0	0	empty
all.snd	2330	2330			00000000	0	00000000	00000000	0	00000000	0	00000000	00000000	0	0	empty
all.snd	2331	2331			00000000	0	00000000	00000000	0	00000000	0	00000000	00000000	0	0	empty
all.snd	2332	2332			00000000	0	00000000	00000000	0	00000000	0	00000000	00000000	0	0	empty
all.snd	2333	2333			00000000	0	00000000	00000000	0	00000000	0	00000000	00000000	0	0	empty
all.snd	2334	2334			00000000	0	00000000	00000000	0	00000000	0	00000000	00000000	0	0	empty
all.snd	2335	2335			00000000	0	00000000	00000000	0	00000000	0	00000000	00000000	0	0	empty
all.snd	2336	2336			00000000	0	00000000	00000000	0	00000000	0	00000000	00000000	0	0	empty
all.snd	2337	2337			00000000	0	00000000	00000000	0	00000000	0	00000000	00000000	0	0	empty
all.snd	2338	2338			00000000	0	00000000	00000000	0	00000000	0	00000000	00000000	0	0	empty
all.snd	2339	2339			00000000	0	00000000	00000000	0	00000000	0	00000000	00000000	0	0	empty
all.snd	2340	2340			00000000	0	00000000	00000000	0	00000000	0	00000000	00000000	0	0	empty
all.snd	2341	2341			00000000	0	00000000	00000000	0	00000000	0	00000000	00000000	0	0	empty
all.snd	2342	2342			00000000	0	00000000	00000000	0	00000000	0	00000000	00000000	0	0	empty
all.snd	2343	2343			00000000	0	00000000	00000000	0	00000000	0	00000000	00000000	0	0	empty
all.snd	2344	2344			00000000	0	00000000	00000000	0	00000000	0	00000000	00000000	0	0	empty
all.snd	2345	2345			00000000	0	00000000	00000000	0	00000000	0	00000000	00000000	0	0	empty
all.snd	2346	2346			00000000	0	00000000	00000000	0	00000000	0	00000000	00000000	0	0	empty
all.snd	2347	2347			00000000	0	00000000	00000000	0	00000000	0	00000000	00000000	0	0	empty
all.snd	2348	2348			00000000	0	00000000	00000000	0	00000000	0	00000000	00000000	0	0	empty
all.snd	2349	2349			00000000	0	00000000	00000000	0	00000000	0	00000000	00000000	0	0	empty
all.snd	2350	2350			00000000	0	00000000	00000000	0	00000000	0	00000000	00000000	0	0	empty
all.snd	2351	2351			00000000	0	00000000	00000000	0	00000000	0	00000000	00000000	0	0	empty
all.snd	2352	2352			00000000	0	00000000	00000000	0	00000000	0	00000000	00000000	0	0	empty
all.snd	2353	2353			00000000	0	00000000	00000000	0	00000000	0	00000000	00000000	0	0	empty
all.snd	2354	2354			00000000	0	00000000	00000000	0	00000000	0	00000000	00000000	0	0	empty
all.snd	2355	2355			00000000	0	00000000	00000000	0	00000000	0	00000000	00000000	0	0	empty
all.snd	2356	2356			00000000	0	00000000	00000000	0	00000000	0	00000000	00000000	0	0	empty
all.snd	2357	2357			00000000	0	00000000	00000000	0	00000000	0	00000000	00000000	0	0	empty
all.snd	2358	2358			00000000	0	00000000	00000000	0	00000000	0	00000000	00000000	0	0	empty
all.snd	2359	2359			00000000	0	00000000	00000000	0	00000000	0	00000000	00000000	0	0	empty
all.snd	2360	2360			00000000	0	00000000	00000000	0	00000000	0	00000000	00000000	0	0	empty
all.snd	2361	2361			00000000	0	00000000	00000000	0	00000000	0	00000000	00000000	0	0	empty
all.snd	2362	2362			00000000	0	00000000	00000000	0	00000000	0	00000000	00000000	0	0	empty
all.snd	2363	2363			00000000	0	00000000	00000000	0	00000000	0	00000000	00000000	0	0	empty
all.snd	2364	2364			00000000	0	00000000	00000000	0	00000000	0	00000000	00000000	0	0	empty
all.snd	2365	2365			00000000	0	00000000	00000000	0	00000000	0	00000000	00000000	0	0	empty
all.snd	2366	2366			00000000	0	00000000	00000000	0	00000000	0	00000000	00000000	0	0	empty
all.snd	2367	2367			00000000	0	00000000	00000000	0	00000000	0	00000000	00000000	0	0	empty
all.snd	2368	2368			00000000	0	00000000	00000000	0	00000000	0	00000000	00000000	0	0	empty
all.snd	2369	2369			00000000	0	00000000	00000000	0	00000000	0	00000000	00000000	0	0	empty
all.snd	2370	2370			00000000	0	00000000	00000000	0	00000000	0	00000000	00000000	0	0	empty
all.snd	2371	2371			00000000	0	00000000	00000000	0	00000000	0	00000000	00000000	0	0	empty
all.snd	2372	2372			00000000	0	00000000	00000000	0	00000000	0	00000000	00000000	0	0	empty
all.snd	2373	2373			00000000	0	00000000	00000000	0	00000000	0	00000000	00000000	0	0	empty
all.snd	2374	2374			00000000	0	00000000	00000000	0	00000000	0	00000000	00000000	0	0	empty
all.snd	2375	2375			00000000	0	00000000	00000000	0	00000000	0	00000000	00000000	0	0	empty
all.snd	2376	2376			00000000	0	00000000	00000000	0	00000000	0	00000000	00000000	0	0	empty
all.snd	2377	2377			00000000	0	00000000	00000000	0	00000000	0	00000000	00000000	0	0	empty
all.snd	2378	2378			00000000	0	00000000	00000000	0	00000000	0	00000000	00000000	0	0	empty
all.snd	2379	2379			00000000	0	00000000	00000000	0	00000000	0	00000000	00000000	0	0	empty
all.snd	2380	2380			00000000	0	00000000	00000000	0	00000000	0	00000000	00000000	0	0	empty
all.snd	2381	2381			00000000	0	00000000	00000000	0	00000000	0	00000000	00000000	0	0	empty
all.snd	2382	2382			00000000	0	00000000	00000000	0	00000000	0	00000000	00000000	0	0	empty
all.snd	2383	2383			00000000	0	00000000	00000000	0	00000000	0	00000000	00000000	0	0	empty
all.snd	2384	2384			00000000	0	00000000	00000000	0	00000000	0	00000000	00000000	0	0	empty
all.snd	2385	2385			00000000	0	00000000	00000000	0	00000000	0	00000000	00000000	0	0	empty
all.snd	2386	2386			00000000	0	00000000	00000000	0	00000000	0	00000000	00000000	0	0	empty
all.snd	2387	2387			00000000	0	00000000	00000000	0	00000000	0	00000000	00000000	0	0	empty
all.snd	2388	2388			00000000	0	00000000	00000000	0	00000000	0	00000000	00000000	0	0	empty
all.snd	2389	2389			00000000	0	00000000	00000000	0	00000000	0	00000000	00000000	0	0	empty
all.snd	2390	2390			00000000	0	00000000	00000000	0	00000000	0	00000000	00000000	0	0	empty
all.snd	2391	2391			00000000	0	00000000	00000000	0	00000000	0	00000000	00000000	0	0	empty
all.snd	2392	2392			00000000	0	00000000	00000000	0	00000000	0	00000000	00000000	0	0	empty
all.snd	2393	2393			00000000	0	00000000	00000000	0	00000000	0	00000000	00000000	0	0	empty
all.snd	2394	2394			00000000	0	00000000	00000000	0	00000000	0	00000000	00000000	0	0	empty
all.snd	2395	2395			00000000	0	00000000	00000000	0	00000000	0	00000000	00000000	0	0	empty
all.snd	2396	2396			00000000	0	00000000	00000000	0	00000000	0	00000000	00000000	0	0	empty
all.snd	2397	2397			00000000	0	00000000	00000000	0	00000000	0	00000000	00000000	0	0	empty
all.snd	2398	2398			00000000	0	00000000	00000000	0	00000000	0	00000000	00000000	0	0	empty
all.snd	2399	2399			00000000	0	00000000	00000000	0	00000000	0	00000000	00000000	0	0	empty
all.snd	2400	2400			00000000	0	00000000	00000000	0	00000000	0	00000000	00000000	0	0	empty
all.snd	2401	2401			00000000	0	00000000	00000000	0	00000000	0	00000000	00000000	0	0	empty
all.snd	2402	2402			00000000	0	00000000	00000000	0	00000000	0	00000000	00000000	0	0	empty
all.snd	2403	2403			00000000	0	00000000	00000000	0	00000000	0	00000000	00000000	0	0	empty
all.snd	2404	2404			00000000	0	00000000	00000000	0	00000000	0	00000000	00000000	0	0	empty
all.snd	2405	2405			00000000	0	00000000	00000000	0	00000000	0	00000000	00000000	0	0	empty
all.snd	2406	2406			00000000	0	00000000	00000000	0	00000000	0	00000000	00000000	0	0	empty
all.snd	2407	2407			00000000	0	00000000	00000000	0	00000000	0	00000000	00000000	0	0	empty
all.snd	2408	2408			00000000	0	00000000	00000000	0	00000000	0	00000000	00000000	0	0	empty
all.snd	2409	2409			00000000	0	00000000	00000000	0	00000000	0	00000000	00000000	0	0	empty
all.snd	2410	2410			00000000	0	00000000	00000000	0	00000000	0	00000000	00000000	0	0	empty
all.snd	2411	2411			00000000	0	00000000	00000000	0	00000000	0	00000000	00000000	0	0	empty
all.snd	2412	2412			00000000	0	00000000	00000000	0	00000000	0	00000000	00000000	0	0	empty
all.snd	2413	2413			00000000	0	00000000	00000000	0	00000000	0	00000000	00000000	0	0	empty
all.snd	2414	2414			00000000	0	00000000	00000000	0	00000000	0	00000000	00000000	0	0	empty
all.snd	2415	2415			00000000	0	00000000	00000000	0	00000000	0	00000000	00000000	0	0	empty
all.snd	2416	2416			00000000	0	00000000	00000000	0	00000000	0	00000000	00000000	0	0	empty
all.snd	2417	2417			00000000	0	00000000	00000000	0	00000000	0	00000000	00000000	0	0	empty
all.snd	2418	2418			00000000	0	00000000	00000000	0	00000000	0	00000000	00000000	0	0	empty
all.snd	2419	2419			00000000	0	00000000	00000000	0	00000000	0	00000000	00000000	0	0	empty
all.snd	2420	2420			00000000	0	00000000	00000000	0	00000000	0	00000000	00000000	0	0	empty
all.snd	2421	2421			00000000	0	00000000	00000000	0	00000000	0	00000000	00000000	0	0	empty
all.snd	2422	2422			00000000	0	00000000	00000000	0	00000000	0	00000000	00000000	0	0	empty
all.snd	2423	2423			00000000	0	00000000	00000000	0	00000000	0	00000000	00000000	0	0	empty
all.snd	2424	2424			00000000	0	00000000	00000000	0	00000000	0	00000000	00000000	0	0	empty
all.snd	2425	2425			00000000	0	00000000	00000000	0	00000000	0	00000000	00000000	0	0	empty
all.snd	2426	2426			00000000	0	00000000	00000000	0	00000000	0	00000000	00000000	0	0	empty
all.snd	2427	2427			00000000	0	00000000	00000000	0	00000000	0	00000000	00000000	0	0	empty
all.snd	2428	2428			00000000	0	00000000	00000000	0	00000000	0	00000000	00000000	0	0	empty
all.snd	2429	2429			00000000	0	00000000	00000000	0	00000000	0	00000000	00000000	0	0	empty
all.snd	2430	2430			00000000	0	00000000	00000000	0	00000000	0	00000000	00000000	0	0	empty
all.snd	2431	2431			00000000	0	00000000	00000000	0	00000000	0	00000000	00000000	0	0	empty
all.snd	2432	2432			00000000	0	00000000	00000000	0	00000000	0	00000000	00000000	0	0	empty
all.snd	2433	2433			00000000	0	00000000	00000000	0	00000000	0	00000000	00000000	0	0	empty
all.snd	2434	2434			00000000	0	00000000	00000000	0	00000000	0	00000000	00000000	0	0	empty
all.snd	2435	2435			00000000	0	00000000	00000000	0	00000000	0	00000000	00000000	0	0	empty
all.snd	2436	2436			00000000	0	00000000	00000000	0	00000000	0	00000000	00000000	0	0	empty
all.snd	2437	2437			00000000	0	00000000	00000000	0	00000000	0	00000000	00000000	0	0	empty
all.snd	2438	2438			00000000	0	00000000	00000000	0	00000000	0	00000000	00000000	0	0	empty
all.snd	2439	2439			00000000	0	00000000	00000000	0	00000000	0	00000000	00000000	0	0	empty
all.snd	2440	2440			00000000	0	00000000	00000000	0	00000000	0	00000000	00000000	0	0	empty
all.snd	2441	2441			00000000	0	00000000	00000000	0	00000000	0	00000000	00000000	0	0	empty
all.snd	2442	2442			00000000	0	00000000	00000000	0	00000000	0	00000000	00000000	0	0	empty
all.snd	2443	2443			00000000	0	00000000	00000000	0	00000000	0	00000000	00000000	0	0	empty
all.snd	2444	2444			00000000	0	00000000	00000000	0	00000000	0	00000000	00000000	0	0	empty
all.snd	2445	2445			00000000	0	00000000	00000000	0	00000000	0	00000000	00000000	0	0	empty
all.snd	2446	2446			00000000	0	00000000	00000000	0	00000000	0	00000000	00000000	0	0	empty
all.snd	2447	2447			00000000	0	00000000	00000000	0	00000000	0	00000000	00000000	0	0	empty
all.snd	2448	2448			00000000	0	00000000	00000000	0	00000000	0	00000000	00000000	0	0	empty
all.snd	2449	2449			00000000	0	00000000	00000000	0	00000000	0	00000000	00000000	0	0	empty
all.snd	2450	2450			00000000	0	00000000	00000000	0	00000000	0	00000000	00000000	0	0	empty
all.snd	2451	2451			00000000	0	00000000	00000000	0	00000000	0	00000000	00000000	0	0	empty
all.snd	2452	2452			00000000	0	00000000	00000000	0	00000000	0	00000000	00000000	0	0	empty
all.snd	2453	2453			00000000	0	00000000	00000000	0	00000000	0	00000000	00000000	0	0	empty
all.snd	2454	2454			00000000	0	00000000	00000000	0	00000000	0	00000000	00000000	0	0	empty
all.snd	2455	2455			00000000	0	00000000	00000000	0	00000000	0	00000000	00000000	0	0	empty
all.snd	2456	2456			00000000	0	00000000	00000000	0	00000000	0	00000000	00000000	0	0	empty
all.snd	2457	2457			00000000	0	00000000	00000000	0	00000000	0	00000000	00000000	0	0	empty
all.snd	2458	2458			00000000	0	00000000	00000000	0	00000000	0	00000000	00000000	0	0	empty
all.snd	2459	2459			00000000	0	00000000	00000000	0	00000000	0	00000000	00000000	0	0	empty
all.snd	2460	2460			00000000	0	00000000	00000000	0	00000000	0	00000000	00000000	0	0	empty
all.snd	2461	2461			00000000	0	00000000	00000000	0	00000000	0	00000000	00000000	0	0	empty
all.snd	2462	2462			00000000	0	00000000	00000000	0	00000000	0	00000000	00000000	0	0	empty
all.snd	2463	2463			00000000	0	00000000	00000000	0	00000000	0	00000000	00000000	0	0	empty
all.snd	2464	2464			00000000	0	00000000	00000000	0	00000000	0	00000000	00000000	0	0	empty
all.snd	2465	2465			00000000	0	00000000	00000000	0	00000000	0	00000000	00000000	0	0	empty
all.snd	2466	2466			00000000	0	00000000	00000000	0	00000000	0	00000000	00000000	0	0	empty
all.snd	2467	2467			00000000	0	00000000	00000000	0	00000000	0	00000000	00000000	0	0	empty
all.snd	2468	2468			00000000	0	00000000	00000000	0	00000000	0	00000000	00000000	0	0	empty
all.snd	2469	2469			00000000	0	00000000	00000000	0	00000000	0	00000000	00000000	0	0	empty
all.snd	2470	2470			00000000	0	00000000	00000000	0	00000000	0	00000000	00000000	0	0	empty
all.snd	2471	2471			00000000	0	00000000	00000000	0	00000000	0	00000000	00000000	0	0	empty
all.snd	2472	2472			00000000	0	00000000	00000000	0	00000000	0	00000000	00000000	0	0	empty
all.snd	2473	2473			00000000	0	00000000	00000000	0	00000000	0	00000000	00000000	0	0	empty
all.snd	2474	2474			00000000	0	00000000	00000000	0	00000000	0	00000000	00000000	0	0	empty
all.snd	2475	2475			00000000	0	00000000	00000000	0	00000000	0	00000000	00000000	0	0	empty
all.snd	2476	2476			00000000	0	00000000	00000000	0	00000000	0	00000000	00000000	0	0	empty
all.snd	2477	2477			00000000	0	00000000	00000000	0	00000000	0	00000000	00000000	0	0	empty
all.snd	2478	2478			00000000	0	00000000	00000000	0	00000000	0	00000000	00000000	0	0	empty
all.snd	2479	2479			00000000	0	00000000	00000000	0	00000000	0	00000000	00000000	0	0	empty
all.snd	2480	2480			00000000	0	00000000	00000000	0	00000000	0	00000000	00000000	0	0	empty
all.snd	2481	2481			00000000	0	00000000	00000000	0	00000000	0	00000000	00000000	0	0	empty
all.snd	2482	2482			00000000	0	00000000	00000000	0	00000000	0	00000000	00000000	0	0	empty
all.snd	2483	2483			00000000	0	00000000	00000000	0	00000000	0	00000000	00000000	0	0	empty
all.snd	2484	2484			00000000	0	00000000	00000000	0	00000000	0	00000000	00000000	0	0	empty
all.snd	2485	2485			00000000	0	00000000	00000000	0	00000000	0	00000000	00000000	0	0	empty
all.snd	2486	2486			00000000	0	00000000	00000000	0	00000000	0	00000000	00000000	0	0	empty
all.snd	2487	2487			00000000	0	00000000	00000000	0	00000000	0	00000000	00000000	0	0	empty
all.snd	2488	2488			00000000	0	00000000	00000000	0	00000000	0	00000000	00000000	0	0	empty
all.snd	2489	2489			00000000	0	00000000	00000000	0	00000000	0	00000000	00000000	0	0	empty
all.snd	2490	2490			00000000	0	00000000	00000000	0	00000000	0	00000000	00000000	0	0	empty
all.snd	2491	2491			00000000	0	00000000	00000000	0	00000000	0	00000000	00000000	0	0	empty
all.snd	2492	2492			00000000	0	00000000	00000000	0	00000000	0	00000000	00000000	0	0	empty
all.snd	2493	2493			00000000	0	00000000	00000000	0	00000000	0	00000000	00000000	0	0	empty
all.snd	2494	2494			00000000	0	00000000	00000000	0	00000000	0	00000000	00000000	0	0	empty
all.snd	2495	2495			00000000	0	00000000	00000000	0	00000000	0	00000000	00000000	0	0	empty
all.snd	2496	2496			00000000	0	00000000	00000000	0	00000000	0	00000000	00000000	0	0	empty
all.snd	2497	2497			00000000	0	00000000	00000000	0	00000000	0	00000000	00000000	0	0	empty
all.snd	2498	2498			00000000	0	00000000	00000000	0	00000000	0	00000000	00000000	0	0	empty
all.snd	2499	2499			00000000	0	00000000	00000000	0	00000000	0	00000000	00000000	0	0	empty
all.snd	2500	2500			00000000	0	00000000	00000000	0	00000000	0	00000000	00000000	0	0	empty
all.snd	2501	2501			00000000	0	00000000	00000000	0	00000000	0	00000000	00000000	0	0	empty
all.snd	2502	2502			00000000	0	00000000	00000000	0	00000000	0	00000000	00000000	0	0	empty
all.snd	2503	2503			00000000	0	00000000	00000000	0	00000000	0	00000000	00000000	0	0	empty
all.snd	2504	2504			00000000	0	00000000	00000000	0	00000000	0	00000000	00000000	0	0	empty
all.snd	2505	2505			00000000	0	00000000	00000000	0	00000000	0	00000000	00000000	0	0	empty
all.snd	2506	2506			00000000	0	00000000	00000000	0	00000000	0	00000000	00000000	0	0	empty
all.snd	2507	2507			00000000	0	00000000	00000000	0	00000000	0	00000000	00000000	0	0	empty
all.snd	2508	2508			00000000	0	00000000	00000000	0	00000000	0	00000000	00000000	0	0	empty
all.snd	2509	2509			00000000	0	00000000	00000000	0	00000000	0	00000000	00000000	0	0	empty
all.snd	2510	2510			00000000	0	00000000	00000000	0	00000000	0	00000000	00000000	0	0	empty
all.snd	2511	2511			00000000	0	00000000	00000000	0	00000000	0	00000000	00000000	0	0	empty
all.snd	2512	2512			00000000	0	00000000	00000000	0	00000000	0	00000000	00000000	0	0	empty
all.snd	2513	2513			00000000	0	00000000	00000000	0	00000000	0	00000000	00000000	0	0	empty
all.snd	2514	2514			00000000	0	00000000	00000000	0	00000000	0	00000000	00000000	0	0	empty
all.snd	2515	2515			00000000	0	00000000	00000000	0	00000000	0	00000000	00000000	0	0	empty
all.snd	2516	2516			00000000	0	00000000	00000000	0	00000000	0	00000000	00000000	0	0	empty
all.snd	2517	2517			00000000	0	00000000	00000000	0	00000000	0	00000000	00000000	0	0	empty
all.snd	2518	2518			00000000	0	00000000	00000000	0	00000000	0	00000000	00000000	0	0	empty
all.snd	2519	2519			00000000	0	00000000	00000000	0	00000000	0	00000000	00000000	0	0	empty
all.snd	2520	2520			00000000	0	00000000	00000000	0	00000000	0	00000000	00000000	0	0	empty
all.snd	2521	2521			00000000	0	00000000	00000000	0	00000000	0	00000000	00000000	0	0	empty
all.snd	2522	2522			00000000	0	00000000	00000000	0	00000000	0	00000000	00000000	0	0	empty
all.snd	2523	2523			00000000	0	00000000	00000000	0	00000000	0	00000000	00000000	0	0	empty
all.snd	2524	2524			00000000	0	00000000	00000000	0	00000000	0	00000000	00000000	0	0	empty
all.snd	2525	2525			00000000	0	00000000	00000000	0	00000000	0	00000000	00000000	0	0	empty
all.snd	2526	2526			00000000	0	00000000	00000000	0	00000000	0	00000000	00000000	0	0	empty
all.snd	2527	2527			00000000	0	00000000	00000000	0	00000000	0	00000000	00000000	0	0	empty
all.snd	2528	2528			00000000	0	00000000	00000000	0	00000000	0	00000000	00000000	0	0	empty
all.snd	2529	2529			00000000	0	00000000	00000000	0	00000000	0	00000000	00000000	0	0	empty
all.snd	2530	2530			00000000	0	00000000	00000000	0	00000000	0	00000000	00000000	0	0	empty
all.snd	2531	2531			00000000	0	00000000	00000000	0	00000000	0	00000000	00000000	0	0	empty
all.snd	2532	2532			00000000	0	00000000	00000000	0	00000000	0	00000000	00000000	0	0	empty
all.snd	2533	2533			00000000	0	00000000	00000000	0	00000000	0	00000000	00000000	0	0	empty
all.snd	2534	2534			00000000	0	00000000	00000000	0	00000000	0	00000000	00000000	0	0	empty
all.snd	2535	2535			00000000	0	00000000	00000000	0	00000000	0	00000000	00000000	0	0	empty
all.snd	2536	2536			00000000	0	00000000	00000000	0	00000000	0	00000000	00000000	0	0	empty
all.snd	2537	2537			00000000	0	00000000	00000000	0	00000000	0	00000000	00000000	0	0	empty
all.snd	2538	2538			00000000	0	00000000	00000000	0	00000000	0	00000000	00000000	0	0	empty
all.snd	2539	2539			00000000	0	00000000	00000000	0	00000000	0	00000000	00000000	0	0	empty
all.snd	2540	2540			00000000	0	00000000	00000000	0	00000000	0	00000000	00000000	0	0	empty
all.snd	2541	2541			00000000	0	00000000	00000000	0	00000000	0	00000000	00000000	0	0	empty
all.snd	2542	2542			00000000	0	00000000	00000000	0	00000000	0	00000000	00000000	0	0	empty
all.snd	2543	2543			00000000	0	00000000	00000000	0	00000000	0	00000000	00000000	0	0	empty
all.snd	2544	2544			00000000	0	00000000	00000000	0	00000000	0	00000000	00000000	0	0	empty
all.snd	2545	2545			00000000	0	00000000	00000000	0	00000000	0	00000000	00000000	0	0	empty
all.snd	2546	2546			00000000	0	00000000	00000000	0	00000000	0	00000000	00000000	0	0	empty
all.snd	2547	2547			00000000	0	00000000	00000000	0	00000000	0	00000000	00000000	0	0	empty
all.snd	2548	2548			00000000	0	00000000	00000000	0	00000000	0	00000000	00000000	0	0	empty
all.snd	2549	2549			00000000	0	00000000	00000000	0	00000000	0	00000000	00000000	0	0	empty
all.snd	2550	2550			00000000	0	00000000	00000000	0	00000000	0	00000000	00000000	0	0	empty
all.snd	2551	2551			00000000	0	00000000	00000000	0	00000000	0	00000000	00000000	0	0	empty
all.snd	2552	2552			00000000	0	00000000	00000000	0	00000000	0	00000000	00000000	0	0	empty
all.snd	2553	2553			00000000	0	00000000	00000000	0	00000000	0	00000000	00000000	0	0	empty
all.snd	2554	2554			00000000	0	00000000	00000000	0	00000000	0	00000000	00000000	0	0	empty
all.snd	2555	2555			00000000	0	00000000	00000000	0	00000000	0	00000000	00000000	0	0	empty
all.snd	2556	2556			00000000	0	00000000	00000000	0	00000000	0	00000000	00000000	0	0	empty
all.snd	2557	2557			00000000	0	00000000	00000000	0	00000000	0	00000000	00000000	0	0	empty
all.snd	2558	2558			00000000	0	00000000	00000000	0	00000000	0	00000000	00000000	0	0	empty
all.snd	2559	2559			00000000	0	00000000	00000000	0	00000000	0	00000000	00000000	0	0	empty
all.snd	2560	2560			00000000	0	00000000	00000000	0	00000000	0	00000000	00000000	0	0	empty
all.snd	2561	2561			00000000	0	00000000	00000000	0	00000000	0	00000000	00000000	0	0	empty
all.snd	2562	2562			00000000	0	00000000	00000000	0	00000000	0	00000000	00000000	0	0	empty
all.snd	2563	2563			00000000	0	00000000	00000000	0	00000000	0	00000000	00000000	0	0	empty
all.snd	2564	2564			00000000	0	00000000	00000000	0	00000000	0	00000000	00000000	0	0	empty
all.snd	2565	2565			00000000	0	00000000	00000000	0	00000000	0	00000000	00000000	0	0	empty
all.snd	2566	2566			00000000	0	00000000	00000000	0	00000000	0	00000000	00000000	0	0	empty
all.snd	2567	2567			00000000	0	00000000	00000000	0	00000000	0	00000000	00000000	0	0	empty
all.snd	2568	2568			00000000	0	00000000	00000000	0	00000000	0	00000000	00000000	0	0	empty
all.snd	2569	2569			00000000	0	00000000	00000000	0	00000000	0	00000000	00000000	0	0	empty
all.snd	2570	2570			00000000	0	00000000	00000000	0	00000000	0	00000000	00000000	0	0	empty
all.snd	2571	2571			00000000	0	00000000	00000000	0	00000000	0	00000000	00000000	0	0	empty
all.snd	2572	2572			00000000	0	00000000	00000000	0	00000000	0	00000000	00000000	0	0	empty
all.snd	2573	2573			00000000	0	00000000	00000000	0	00000000	0	00000000	00000000	0	0	empty
all.snd	2574	2574			00000000	0	00000000	00000000	0	00000000	0	00000000	00000000	0	0	empty
all.snd	2575	2575			00000000	0	00000000	00000000	0	00000000	0	00000000	00000000	0	0	empty
all.snd	2576	2576			00000000	0	00000000	00000000	0	00000000	0	00000000	00000000	0	0	empty
all.snd	2577	2577			00000000	0	00000000	00000000	0	00000000	0	00000000	00000000	0	0	empty
all.snd	2578	2578			00000000	0	00000000	00000000	0	00000000	0	00000000	00000000	0	0	empty
all.snd	2579	2579			00000000	0	00000000	00000000	0	00000000	0	00000000	00000000	0	0	empty
all.snd	2580	2580			00000000	0	00000000	00000000	0	00000000	0	00000000	00000000	0	0	empty
all.snd	2581	2581			00000000	0	00000000	00000000	0	00000000	0	00000000	00000000	0	0	empty
all.snd	2582	2582			00000000	0	00000000	00000000	0	00000000	0	00000000	00000000	0	0	empty
all.snd	2583	2583			00000000	0	00000000	00000000	0	00000000	0	00000000	00000000	0	0	empty
all.snd	2584	2584			00000000	0	00000000	00000000	0	00000000	0	00000000	00000000	0	0	empty
all.snd	2585	2585			00000000	0	00000000	00000000	0	00000000	0	00000000	00000000	0	0	empty
all.snd	2586	2586			00000000	0	00000000	00000000	0	00000000	0	00000000	00000000	0	0	empty
all.snd	2587	2587			00000000	0	00000000	00000000	0	00000000	0	00000000	00000000	0	0	empty
all.snd	2588	2588			00000000	0	00000000	00000000	0	00000000	0	00000000	00000000	0	0	empty
all.snd	2589	2589			00000000	0	00000000	00000000	0	00000000	0	00000000	00000000	0	0	empty
all.snd	2590	2590			00000000	0	00000000	00000000	0	00000000	0	00000000	00000000	0	0	empty
all.snd	2591	2591			00000000	0	00000000	00000000	0	00000000	0	00000000	00000000	0	0	empty
all.snd	2592	2592			00000000	0	00000000	00000000	0	00000000	0	00000000	00000000	0	0	empty
all.snd	2593	2593			00000000	0	00000000	00000000	0	00000000	0	00000000	00000000	0	0	empty
all.snd	2594	2594			00000000	0	00000000	00000000	0	00000000	0	00000000	00000000	0	0	empty
all.snd	2595	2595			00000000	0	00000000	00000000	0	00000000	0	00000000	00000000	0	0	empty
all.snd	2596	2596			00000000	0	00000000	00000000	0	00000000	0	00000000	00000000	0	0	empty
all.snd	2597	2597			00000000	0	00000000	00000000	0	00000000	0	00000000	00000000	0	0	empty
all.snd	2598	2598			00000000	0	00000000	00000000	0	00000000	0	00000000	00000000	0	0	empty
all.snd	2599	2599			00000000	0	00000000	00000000	0	00000000	0	00000000	00000000	0	0	empty
all.snd	2600	2600			00000000	0	00000000	00000000	0	00000000	0	00000000	00000000	0	0	empty
all.snd	2601	2601			00000000	0	00000000	00000000	0	00000000	0	00000000	00000000	0	0	empty
all.snd	2602	2602			00000000	0	00000000	00000000	0	00000000	0	00000000	00000000	0	0	empty
all.snd	2603	2603			00000000	0	00000000	00000000	0	00000000	0	00000000	00000000	0	0	empty
all.snd	2604	2604			00000000	0	00000000	00000000	0	00000000	0	00000000	00000000	0	0	empty
all.snd	2605	2605			00000000	0	00000000	00000000	0	00000000	0	00000000	00000000	0	0	empty
all.snd	2606	2606			00000000	0	00000000	00000000	0	00000000	0	00000000	00000000	0	0	empty
all.snd	2607	2607			00000000	0	00000000	00000000	0	00000000	0	00000000	00000000	0	0	empty
all.snd	2608	2608			00000000	0	00000000	00000000	0	00000000	0	00000000	00000000	0	0	empty
all.snd	2609	2609			00000000	0	00000000	00000000	0	00000000	0	00000000	00000000	0	0	empty
all.snd	2610	2610			00000000	0	00000000	00000000	0	00000000	0	00000000	00000000	0	0	empty
all.snd	2611	2611			00000000	0	00000000	00000000	0	00000000	0	00000000	00000000	0	0	empty
all.snd	2612	2612			00000000	0	00000000	00000000	0	00000000	0	00000000	00000000	0	0	empty
all.snd	2613	2613			00000000	0	00000000	00000000	0	00000000	0	00000000	00000000	0	0	empty
all.snd	2614	2614			00000000	0	00000000	00000000	0	00000000	0	00000000	00000000	0	0	empty
all.snd	2615	2615			00000000	0	00000000	00000000	0	00000000	0	00000000	00000000	0	0	empty
all.snd	2616	2616			00000000	0	00000000	00000000	0	00000000	0	00000000	00000000	0	0	empty
all.snd	2617	2617			00000000	0	00000000	00000000	0	00000000	0	00000000	00000000	0	0	empty
all.snd	2618	2618			00000000	0	00000000	00000000	0	00000000	0	00000000	00000000	0	0	empty
all.snd	2619	2619			00000000	0	00000000	00000000	0	00000000	0	00000000	00000000	0	0	empty
all.snd	2620	2620			00000000	0	00000000	00000000	0	00000000	0	00000000	00000000	0	0	empty
all.snd	2621	2621			00000000	0	00000000	00000000	0	00000000	0	00000000	00000000	0	0	empty
all.snd	2622	2622			00000000	0	00000000	00000000	0	00000000	0	00000000	00000000	0	0	empty
all.snd	2623	2623			00000000	0	00000000	00000000	0	00000000	0	00000000	00000000	0	0	empty
all.snd	2624	2624			00000000	0	00000000	00000000	0	00000000	0	00000000	00000000	0	0	empty
all.snd	2625	2625			00000000	0	00000000	00000000	0	00000000	0	00000000	00000000	0	0	empty
all.snd	2626	2626			00000000	0	00000000	00000000	0	00000000	0	00000000	00000000	0	0	empty
all.snd	2627	2627			00000000	0	00000000	00000000	0	00000000	0	00000000	00000000	0	0	empty
all.snd	2628	2628			00000000	0	00000000	00000000	0	00000000	0	00000000	00000000	0	0	empty
all.snd	2629	2629			00000000	0	00000000	00000000	0	00000000	0	00000000	00000000	0	0	empty
all.snd	2630	2630			00000000	0	00000000	00000000	0	00000000	0	00000000	00000000	0	0	empty
all.snd	2631	2631			00000000	0	00000000	00000000	0	00000000	0	00000000	00000000	0	0	empty
all.snd	2632	2632			00000000	0	00000000	00000000	0	00000000	0	00000000	00000000	0	0	empty
all.snd	2633	2633			00000000	0	00000000	00000000	0	00000000	0	00000000	00000000	0	0	empty
all.snd	2634	2634			00000000	0	00000000	00000000	0	00000000	0	00000000	00000000	0	0	empty
all.snd	2635	2635			00000000	0	00000000	00000000	0	00000000	0	00000000	00000000	0	0	empty
all.snd	2636	2636			00000000	0	00000000	00000000	0	00000000	0	00000000	00000000	0	0	empty
all.snd	2637	2637			00000000	0	00000000	00000000	0	00000000	0	00000000	00000000	0	0	empty
all.snd	2638	2638			00000000	0	00000000	00000000	0	00000000	0	00000000	00000000	0	0	empty
all.snd	2639	2639			00000000	0	00000000	00000000	0	00000000	0	00000000	00000000	0	0	empty
all.snd	2640	2640			00000000	0	00000000	00000000	0	00000000	0	00000000	00000000	0	0	empty
all.snd	2641	2641			00000000	0	00000000	00000000	0	00000000	0	00000000	00000000	0	0	empty
all.snd	2642	2642			00000000	0	00000000	00000000	0	00000000	0	00000000	00000000	0	0	empty
all.snd	2643	2643			00000000	0	00000000	00000000	0	00000000	0	00000000	00000000	0	0	empty
all.snd	2644	2644			00000000	0	00000000	00000000	0	00000000	0	00000000	00000000	0	0	empty
all.snd	2645	2645			00000000	0	00000000	00000000	0	00000000	0	00000000	00000000	0	0	empty
all.snd	2646	2646			00000000	0	00000000	00000000	0	00000000	0	00000000	00000000	0	0	empty
all.snd	2647	2647			00000000	0	00000000	00000000	0	00000000	0	00000000	00000000	0	0	empty
all.snd	2648	2648			00000000	0	00000000	00000000	0	00000000	0	00000000	00000000	0	0	empty
all.snd	2649	2649			00000000	0	00000000	00000000	0	00000000	0	00000000	00000000	0	0	empty
all.snd	2650	2650			00000000	0	00000000	00000000	0	00000000	0	00000000	00000000	0	0	empty
all.snd	2651	2651			00000000	0	00000000	00000000	0	00000000	0	00000000	00000000	0	0	empty
all.snd	2652	2652			00000000	0	00000000	00000000	0	00000000	0	00000000	00000000	0	0	empty
all.snd	2653	2653			00000000	0	00000000	00000000	0	00000000	0	00000000	00000000	0	0	empty
all.snd	2654	2654			00000000	0	00000000	00000000	0	00000000	0	00000000	00000000	0	0	empty
all.snd	2655	2655			00000000	0	00000000	00000000	0	00000000	0	00000000	00000000	0	0	empty
all.snd	2656	2656			00000000	0	00000000	00000000	0	00000000	0	00000000	00000000	0	0	empty
all.snd	2657	2657			00000000	0	00000000	00000000	0	00000000	0	00000000	00000000	0	0	empty
all.snd	2658	2658			00000000	0	00000000	00000000	0	00000000	0	00000000	00000000	0	0	empty
all.snd	2659	2659			00000000	0	00000000	00000000	0	00000000	0	00000000	00000000	0	0	empty
all.snd	2660	2660			00000000	0	00000000	00000000	0	00000000	0	00000000	00000000	0	0	empty
all.snd	2661	2661			00000000	0	00000000	00000000	0	00000000	0	00000000	00000000	0	0	empty
all.snd	2662	2662			00000000	0	00000000	00000000	0	00000000	0	00000000	00000000	0	0	empty
all.snd	2663	2663			00000000	0	00000000	00000000	0	00000000	0	00000000	00000000	0	0	empty
all.snd	2664	2664			00000000	0	00000000	00000000	0	00000000	0	00000000	00000000	0	0	empty
all.snd	2665	2665			00000000	0	00000000	00000000	0	00000000	0	00000000	00000000	0	0	empty
all.snd	2666	2666			00000000	0	00000000	00000000	0	00000000	0	00000000	00000000	0	0	empty
all.snd	2667	2667			00000000	0	00000000	00000000	0	00000000	0	00000000	00000000	0	0	empty
all.snd	2668	2668			00000000	0	00000000	00000000	0	00000000	0	00000000	00000000	0	0	empty
all.snd	2669	2669			00000000	0	00000000	00000000	0	00000000	0	00000000	00000000	0	0	empty
all.snd	2670	2670			00000000	0	00000000	00000000	0	00000000	0	00000000	00000000	0	0	empty
all.snd	2671	2671			00000000	0	00000000	00000000	0	00000000	0	00000000	00000000	0	0	empty
all.snd	2672	2672			00000000	0	00000000	00000000	0	00000000	0	00000000	00000000	0	0	empty
all.snd	2673	2673			00000000	0	00000000	00000000	0	00000000	0	00000000	00000000	0	0	empty
all.snd	2674	2674			00000000	0	00000000	00000000	0	00000000	0	00000000	00000000	0	0	empty
all.snd	2675	2675			00000000	0	00000000	00000000	0	00000000	0	00000000	00000000	0	0	empty
all.snd	2676	2676			00000000	0	00000000	00000000	0	00000000	0	00000000	00000000	0	0	empty
all.snd	2677	2677			00000000	0	00000000	00000000	0	00000000	0	00000000	00000000	0	0	empty
all.snd	2678	2678			00000000	0	00000000	00000000	0	00000000	0	00000000	00000000	0	0	empty
all.snd	2679	2679			00000000	0	00000000	00000000	0	00000000	0	00000000	00000000	0	0	empty
all.snd	2680	2680			00000000	0	00000000	00000000	0	00000000	0	00000000	00000000	0	0	empty
all.snd	2681	2681			00000000	0	00000000	00000000	0	00000000	0	00000000	00000000	0	0	empty
all.snd	2682	2682			00000000	0	00000000	00000000	0	00000000	0	00000000	00000000	0	0	empty
all.snd	2683	2683			00000000	0	00000000	00000000	0	00000000	0	00000000	00000000	0	0	empty
all.snd	2684	2684			00000000	0	00000000	00000000	0	00000000	0	00000000	00000000	0	0	empty
all.snd	2685	2685			00000000	0	00000000	00000000	0	00000000	0	00000000	00000000	0	0	empty
all.snd	2686	2686			00000000	0	00000000	00000000	0	00000000	0	00000000	00000000	0	0	empty
all.snd	2687	2687			00000000	0	00000000	00000000	0	00000000	0	00000000	00000000	0	0	empty
all.snd	2688	2688			00000000	0	00000000	00000000	0	00000000	0	00000000	00000000	0	0	empty
all.snd	2689	2689			00000000	0	00000000	00000000	0	00000000	0	00000000	00000000	0	0	empty
all.snd	2690	2690			00000000	0	00000000	00000000	0	00000000	0	00000000	00000000	0	0	empty
all.snd	2691	2691			00000000	0	00000000	00000000	0	00000000	0	00000000	00000000	0	0	empty
all.snd	2692	2692			00000000	0	00000000	00000000	0	00000000	0	00000000	00000000	0	0	empty
all.snd	2693	2693			00000000	0	00000000	00000000	0	00000000	0	00000000	00000000	0	0	empty
all.snd	2694	2694			00000000	0	00000000	00000000	0	00000000	0	00000000	00000000	0	0	empty
all.snd	2695	2695			00000000	0	00000000	00000000	0	00000000	0	00000000	00000000	0	0	empty
all.snd	2696	2696			00000000	0	00000000	00000000	0	00000000	0	00000000	00000000	0	0	empty
all.snd	2697	2697			00000000	0	00000000	00000000	0	00000000	0	00000000	00000000	0	0	empty
all.snd	2698	2698			00000000	0	00000000	00000000	0	00000000	0	00000000	00000000	0	0	empty
all.snd	2699	2699			00000000	0	00000000	00000000	0	00000000	0	00000000	00000000	0	0	empty
all.snd	2700	2700			00000000	0	00000000	00000000	0	00000000	0	00000000	00000000	0	0	empty
all.snd	2701	2701			00000000	0	00000000	00000000	0	00000000	0	00000000	00000000	0	0	empty
all.snd	2702	2702			00000000	0	00000000	00000000	0	00000000	0	00000000	00000000	0	0	empty
all.snd	2703	2703			00000000	0	00000000	00000000	0	00000000	0	00000000	00000000	0	0	empty
all.snd	2704	2704			00000000	0	00000000	00000000	0	00000000	0	00000000	00000000	0	0	empty
all.snd	2705	2705			00000000	0	00000000	00000000	0	00000000	0	00000000	00000000	0	0	empty
all.snd	2706	2706			00000000	0	00000000	00000000	0	00000000	0	00000000	00000000	0	0	empty
all.snd	2707	2707			00000000	0	00000000	00000000	0	00000000	0	00000000	00000000	0	0	empty
all.snd	2708	2708			00000000	0	00000000	00000000	0	00000000	0	00000000	00000000	0	0	empty
all.snd	2709	2709			00000000	0	00000000	00000000	0	00000000	0	00000000	00000000	0	0	empty
all.snd	2710	2710			00000000	0	00000000	00000000	0	00000000	0	00000000	00000000	0	0	empty
all.snd	2711	2711			00000000	0	00000000	00000000	0	00000000	0	00000000	00000000	0	0	empty
all.snd	2712	2712			00000000	0	00000000	00000000	0	00000000	0	00000000	00000000	0	0	empty
all.snd	2713	2713			00000000	0	00000000	00000000	0	00000000	0	00000000	00000000	0	0	empty
all.snd	2714	2714			00000000	0	00000000	00000000	0	00000000	0	00000000	00000000	0	0	empty
all.snd	2715	2715			00000000	0	00000000	00000000	0	00000000	0	00000000	00000000	0	0	empty
all.snd	2716	2716			00000000	0	00000000	00000000	0	00000000	0	00000000	00000000	0	0	empty
all.snd	2717	2717			00000000	0	00000000	00000000	0	00000000	0	00000000	00000000	0	0	empty
all.snd	2718	2718			00000000	0	00000000	00000000	0	00000000	0	00000000	00000000	0	0	empty
all.snd	2719	2719			00000000	0	00000000	00000000	0	00000000	0	00000000	00000000	0	0	empty
all.snd	2720	2720			00000000	0	00000000	00000000	0	00000000	0	00000000	00000000	0	0	empty
all.snd	2721	2721			00000000	0	00000000	00000000	0	00000000	0	00000000	00000000	0	0	empty
all.snd	2722	2722			00000000	0	00000000	00000000	0	00000000	0	00000000	00000000	0	0	empty
all.snd	2723	2723			00000000	0	00000000	00000000	0	00000000	0	00000000	00000000	0	0	empty
all.snd	2724	2724			00000000	0	00000000	00000000	0	00000000	0	00000000	00000000	0	0	empty
all.snd	2725	2725			00000000	0	00000000	00000000	0	00000000	0	00000000	00000000	0	0	empty
all.snd	2726	2726			00000000	0	00000000	00000000	0	00000000	0	00000000	00000000	0	0	empty
all.snd	2727	2727			00000000	0	00000000	00000000	0	00000000	0	00000000	00000000	0	0	empty
all.snd	2728	2728			00000000	0	00000000	00000000	0	00000000	0	00000000	00000000	0	0	empty
all.snd	2729	2729			00000000	0	00000000	00000000	0	00000000	0	00000000	00000000	0	0	empty
all.snd	2730	2730			00000000	0	00000000	00000000	0	00000000	0	00000000	00000000	0	0	empty
all.snd	2731	2731			00000000	0	00000000	00000000	0	00000000	0	00000000	00000000	0	0	empty
all.snd	2732	2732			00000000	0	00000000	00000000	0	00000000	0	00000000	00000000	0	0	empty
all.snd	2733	2733			00000000	0	00000000	00000000	0	00000000	0	00000000	00000000	0	0	empty
all.snd	2734	2734			00000000	0	00000000	00000000	0	00000000	0	00000000	00000000	0	0	empty
all.snd	2735	2735			00000000	0	00000000	00000000	0	00000000	0	00000000	00000000	0	0	empty
all.snd	2736	2736			00000000	0	00000000	00000000	0	00000000	0	00000000	00000000	0	0	empty
all.snd	2737	2737			00000000	0	00000000	00000000	0	00000000	0	00000000	00000000	0	0	empty
all.snd	2738	2738			00000000	0	00000000	00000000	0	00000000	0	00000000	00000000	0	0	empty
all.snd	2739	2739			00000000	0	00000000	00000000	0	00000000	0	00000000	00000000	0	0	empty
all.snd	2740	2740			00000000	0	00000000	00000000	0	00000000	0	00000000	00000000	0	0	empty
all.snd	2741	2741			00000000	0	00000000	00000000	0	00000000	0	00000000	00000000	0	0	empty
all.snd	2742	2742			00000000	0	00000000	00000000	0	00000000	0	00000000	00000000	0	0	empty
all.snd	2743	2743			00000000	0	00000000	00000000	0	00000000	0	00000000	00000000	0	0	empty
all.snd	2744	2744			00000000	0	00000000	00000000	0	00000000	0	00000000	00000000	0	0	empty
all.snd	2745	2745			00000000	0	00000000	00000000	0	00000000	0	00000000	00000000	0	0	empty
all.snd	2746	2746			00000000	0	00000000	00000000	0	00000000	0	00000000	00000000	0	0	empty
all.snd	2747	2747			00000000	0	00000000	00000000	0	00000000	0	00000000	00000000	0	0	empty
all.snd	2748	2748			00000000	0	00000000	00000000	0	00000000	0	00000000	00000000	0	0	empty
all.snd	2749	2749			00000000	0	00000000	00000000	0	00000000	0	00000000	00000000	0	0	empty
all.snd	2750	2750			00000000	0	00000000	00000000	0	00000000	0	00000000	00000000	0	0	empty
all.snd	2751	2751			00000000	0	00000000	00000000	0	00000000	0	00000000	00000000	0	0	empty
all.snd	2752	2752			00000000	0	00000000	00000000	0	00000000	0	00000000	00000000	0	0	empty
all.snd	2753	2753			00000000	0	00000000	00000000	0	00000000	0	00000000	00000000	0	0	empty
all.snd	2754	2754			00000000	0	00000000	00000000	0	00000000	0	00000000	00000000	0	0	empty
all.snd	2755	2755			00000000	0	00000000	00000000	0	00000000	0	00000000	00000000	0	0	empty
all.snd	2756	2756			00000000	0	00000000	00000000	0	00000000	0	00000000	00000000	0	0	empty
all.snd	2757	2757			00000000	0	00000000	00000000	0	00000000	0	00000000	00000000	0	0	empty
all.snd	2758	2758			00000000	0	00000000	00000000	0	00000000	0	00000000	00000000	0	0	empty
all.snd	2759	2759			00000000	0	00000000	00000000	0	00000000	0	00000000	00000000	0	0	empty
all.snd	2760	2760			00000000	0	00000000	00000000	0	00000000	0	00000000	00000000	0	0	empty
all.snd	2761	2761			00000000	0	00000000	00000000	0	00000000	0	00000000	00000000	0	0	empty
all.snd	2762	2762			00000000	0	00000000	00000000	0	00000000	0	00000000	00000000	0	0	empty
all.snd	2763	2763			00000000	0	00000000	00000000	0	00000000	0	00000000	00000000	0	0	empty
all.snd	2764	2764			00000000	0	00000000	00000000	0	00000000	0	00000000	00000000	0	0	empty
all.snd	2765	2765			00000000	0	00000000	00000000	0	00000000	0	00000000	00000000	0	0	empty
all.snd	2766	2766			00000000	0	00000000	00000000	0	00000000	0	00000000	00000000	0	0	empty
all.snd	2767	2767			00000000	0	00000000	00000000	0	00000000	0	00000000	00000000	0	0	empty
all.snd	2768	2768			00000000	0	00000000	00000000	0	00000000	0	00000000	00000000	0	0	empty
all.snd	2769	2769			00000000	0	00000000	00000000	0	00000000	0	00000000	00000000	0	0	empty
all.snd	2770	2770			00000000	0	00000000	00000000	0	00000000	0	00000000	00000000	0	0	empty
all.snd	2771	2771			00000000	0	00000000	00000000	0	00000000	0	00000000	00000000	0	0	empty
all.snd	2772	2772			00000000	0	00000000	00000000	0	00000000	0	00000000	00000000	0	0	empty
all.snd	2773	2773			00000000	0	00000000	00000000	0	00000000	0	00000000	00000000	0	0	empty
all.snd	2774	2774			00000000	0	00000000	00000000	0	00000000	0	00000000	00000000	0	0	empty
all.snd	2775	2775			00000000	0	00000000	00000000	0	00000000	0	00000000	00000000	0	0	empty
all.snd	2776	2776			00000000	0	00000000	00000000	0	00000000	0	00000000	00000000	0	0	empty
all.snd	2777	2777			00000000	0	00000000	00000000	0	00000000	0	00000000	00000000	0	0	empty
all.snd	2778	2778			00000000	0	00000000	00000000	0	00000000	0	00000000	00000000	0	0	empty
all.snd	2779	2779			00000000	0	00000000	00000000	0	00000000	0	00000000	00000000	0	0	empty
all.snd	2780	2780			00000000	0	00000000	00000000	0	00000000	0	00000000	00000000	0	0	empty
all.snd	2781	2781			00000000	0	00000000	00000000	0	00000000	0	00000000	00000000	0	0	empty
all.snd	2782	2782			00000000	0	00000000	00000000	0	00000000	0	00000000	00000000	0	0	empty
all.snd	2783	2783			00000000	0	00000000	00000000	0	00000000	0	00000000	00000000	0	0	empty
all.snd	2784	2784			00000000	0	00000000	00000000	0	00000000	0	00000000	00000000	0	0	empty
all.snd	2785	2785			00000000	0	00000000	00000000	0	00000000	0	00000000	00000000	0	0	empty
all.snd	2786	2786			00000000	0	00000000	00000000	0	00000000	0	00000000	00000000	0	0	empty
all.snd	2787	2787			00000000	0	00000000	00000000	0	00000000	0	00000000	00000000	0	0	empty
all.snd	2788	2788			00000000	0	00000000	00000000	0	00000000	0	00000000	00000000	0	0	empty
all.snd	2789	2789			00000000	0	00000000	00000000	0	00000000	0	00000000	00000000	0	0	empty
all.snd	2790	2790			00000000	0	00000000	00000000	0	00000000	0	00000000	00000000	0	0	empty
all.snd	2791	2791			00000000	0	00000000	00000000	0	00000000	0	00000000	00000000	0	0	empty
all.snd	2792	2792			00000000	0	00000000	00000000	0	00000000	0	00000000	00000000	0	0	empty
all.snd	2793	2793			00000000	0	00000000	00000000	0	00000000	0	00000000	00000000	0	0	empty
all.snd	2794	2794			00000000	0	00000000	00000000	0	00000000	0	00000000	00000000	0	0	empty
all.snd	2795	2795			00000000	0	00000000	00000000	0	00000000	0	00000000	00000000	0	0	empty
all.snd	2796	2796			00000000	0	00000000	00000000	0	00000000	0	00000000	00000000	0	0	empty
all.snd	2797	2797			00000000	0	00000000	00000000	0	00000000	0	00000000	00000000	0	0	empty
all.snd	2798	2798			00000000	0	00000000	00000000	0	00000000	0	00000000	00000000	0	0	empty
all.snd	2799	2799			00000000	0	00000000	00000000	0	00000000	0	00000000	00000000	0	0	empty
all.snd	2800	2800			00000000	0	00000000	00000000	0	00000000	0	00000000	00000000	0	0	empty
all.snd	2801	2801			00000000	0	00000000	00000000	0	00000000	0	00000000	00000000	0	0	empty
all.snd	2802	2802			00000000	0	00000000	00000000	0	00000000	0	00000000	00000000	0	0	empty
all.snd	2803	2803			00000000	0	00000000	00000000	0	00000000	0	00000000	00000000	0	0	empty
all.snd	2804	2804			00000000	0	00000000	00000000	0	00000000	0	00000000	00000000	0	0	empty
all.snd	2805	2805			00000000	0	00000000	00000000	0	00000000	0	00000000	00000000	0	0	empty
all.snd	2806	2806			00000000	0	00000000	00000000	0	00000000	0	00000000	00000000	0	0	empty
all.snd	2807	2807			00000000	0	00000000	00000000	0	00000000	0	00000000	00000000	0	0	empty
all.snd	2808	2808			00000000	0	00000000	00000000	0	00000000	0	00000000	00000000	0	0	empty
all.snd	2809	2809			00000000	0	00000000	00000000	0	00000000	0	00000000	00000000	0	0	empty
all.snd	2810	2810			00000000	0	00000000	00000000	0	00000000	0	00000000	00000000	0	0	empty
all.snd	2811	2811			00000000	0	00000000	00000000	0	00000000	0	00000000	00000000	0	0	empty
all.snd	2812	2812			00000000	0	00000000	00000000	0	00000000	0	00000000	00000000	0	0	empty
all.snd	2813	2813			00000000	0	00000000	00000000	0	00000000	0	00000000	00000000	0	0	empty
all.snd	2814	2814			00000000	0	00000000	00000000	0	00000000	0	00000000	00000000	0	0	empty
all.snd	2815	2815			00000000	0	00000000	00000000	0	00000000	0	00000000	00000000	0	0	empty
all.snd	2816	2816			00000000	0	00000000	00000000	0	00000000	0	00000000	00000000	0	0	empty
all.snd	2817	2817			00000000	0	00000000	00000000	0	00000000	0	00000000	00000000	0	0	empty
all.snd	2818	2818			00000000	0	00000000	00000000	0	00000000	0	00000000	00000000	0	0	empty
all.snd	2819	2819			00000000	0	00000000	00000000	0	00000000	0	00000000	00000000	0	0	empty
all.snd	2820	2820			00000000	0	00000000	00000000	0	00000000	0	00000000	00000000	0	0	empty
all.snd	2821	2821			00000000	0	00000000	00000000	0	00000000	0	00000000	00000000	0	0	empty
all.snd	2822	2822			00000000	0	00000000	00000000	0	00000000	0	00000000	00000000	0	0	empty
all.snd	2823	2823			00000000	0	00000000	00000000	0	00000000	0	00000000	00000000	0	0	empty
all.snd	2824	2824			00000000	0	00000000	00000000	0	00000000	0	00000000	00000000	0	0	empty
all.snd	2825	2825			00000000	0	00000000	00000000	0	00000000	0	00000000	00000000	0	0	empty
all.snd	2826	2826			00000000	0	00000000	00000000	0	00000000	0	00000000	00000000	0	0	empty
all.snd	2827	2827			00000000	0	00000000	00000000	0	00000000	0	00000000	00000000	0	0	empty
all.snd	2828	2828			00000000	0	00000000	00000000	0	00000000	0	00000000	00000000	0	0	empty
all.snd	2829	2829			00000000	0	00000000	00000000	0	00000000	0	00000000	00000000	0	0	empty
all.snd	2830	2830			00000000	0	00000000	00000000	0	00000000	0	00000000	00000000	0	0	empty
all.snd	2831	2831			00000000	0	00000000	00000000	0	00000000	0	00000000	00000000	0	0	empty
all.snd	2832	2832			00000000	0	00000000	00000000	0	00000000	0	00000000	00000000	0	0	empty
all.snd	2833	2833			00000000	0	00000000	00000000	0	00000000	0	00000000	00000000	0	0	empty
all.snd	2834	2834			00000000	0	00000000	00000000	0	00000000	0	00000000	00000000	0	0	empty
all.snd	2835	2835			00000000	0	00000000	00000000	0	00000000	0	00000000	00000000	0	0	empty
all.snd	2836	2836			00000000	0	00000000	00000000	0	00000000	0	00000000	00000000	0	0	empty
all.snd	2837	2837			00000000	0	00000000	00000000	0	00000000	0	00000000	00000000	0	0	empty
all.snd	2838	2838			00000000	0	00000000	00000000	0	00000000	0	00000000	00000000	0	0	empty
all.snd	2839	2839			00000000	0	00000000	00000000	0	00000000	0	00000000	00000000	0	0	empty
all.snd	2840	2840			00000000	0	00000000	00000000	0	00000000	0	00000000	00000000	0	0	empty
all.snd	2841	2841			00000000	0	00000000	00000000	0	00000000	0	00000000	00000000	0	0	empty
all.snd	2842	2842			00000000	0	00000000	00000000	0	00000000	0	00000000	00000000	0	0	empty
all.snd	2843	2843			00000000	0	00000000	00000000	0	00000000	0	00000000	00000000	0	0	empty
all.snd	2844	2844			00000000	0	00000000	00000000	0	00000000	0	00000000	00000000	0	0	empty
all.snd	2845	2845			00000000	0	00000000	00000000	0	00000000	0	00000000	00000000	0	0	empty
all.snd	2846	2846			00000000	0	00000000	00000000	0	00000000	0	00000000	00000000	0	0	empty
all.snd	2847	2847			00000000	0	00000000	00000000	0	00000000	0	00000000	00000000	0	0	empty
all.snd	2848	2848			00000000	0	00000000	00000000	0	00000000	0	00000000	00000000	0	0	empty
all.snd	2849	2849			00000000	0	00000000	00000000	0	00000000	0	00000000	00000000	0	0	empty
all.snd	2850	2850			00000000	0	00000000	00000000	0	00000000	0	00000000	00000000	0	0	empty
all.snd	2851	2851			00000000	0	00000000	00000000	0	00000000	0	00000000	00000000	0	0	empty
all.snd	2852	2852			00000000	0	00000000	00000000	0	00000000	0	00000000	00000000	0	0	empty
all.snd	2853	2853			00000000	0	00000000	00000000	0	00000000	0	00000000	00000000	0	0	empty
all.snd	2854	2854			00000000	0	00000000	00000000	0	00000000	0	00000000	00000000	0	0	empty
all.snd	2855	2855			00000000	0	00000000	00000000	0	00000000	0	00000000	00000000	0	0	empty
all.snd	2856	2856			00000000	0	00000000	00000000	0	00000000	0	00000000	00000000	0	0	empty
all.snd	2857	2857			00000000	0	00000000	00000000	0	00000000	0	00000000	00000000	0	0	empty
all.snd	2858	2858			00000000	0	00000000	00000000	0	00000000	0	00000000	00000000	0	0	empty
all.snd	2859	2859			00000000	0	00000000	00000000	0	00000000	0	00000000	00000000	0	0	empty
all.snd	2860	2860			00000000	0	00000000	00000000	0	00000000	0	00000000	00000000	0	0	empty
all.snd	2861	2861			00000000	0	00000000	00000000	0	00000000	0	00000000	00000000	0	0	empty
all.snd	2862	2862			00000000	0	00000000	00000000	0	00000000	0	00000000	00000000	0	0	empty
all.snd	2863	2863			00000000	0	00000000	00000000	0	00000000	0	00000000	00000000	0	0	empty
all.snd	2864	2864			00000000	0	00000000	00000000	0	00000000	0	00000000	00000000	0	0	empty
all.snd	2865	2865			00000000	0	00000000	00000000	0	00000000	0	00000000	00000000	0	0	empty
all.snd	2866	2866			00000000	0	00000000	00000000	0	00000000	0	00000000	00000000	0	0	empty
all.snd	2867	2867			00000000	0	00000000	00000000	0	00000000	0	00000000	00000000	0	0	empty
all.snd	2868	2868			00000000	0	00000000	00000000	0	00000000	0	00000000	00000000	0	0	empty
all.snd	2869	2869			00000000	0	00000000	00000000	0	00000000	0	00000000	00000000	0	0	empty
all.snd	2870	2870			00000000	0	00000000	00000000	0	00000000	0	00000000	00000000	0	0	empty
all.snd	2871	2871			00000000	0	00000000	00000000	0	00000000	0	00000000	00000000	0	0	empty
all.snd	2872	2872			00000000	0	00000000	00000000	0	00000000	0	00000000	00000000	0	0	empty
all.snd	2873	2873			00000000	0	00000000	00000000	0	00000000	0	00000000	00000000	0	0	empty
all.snd	2874	2874			00000000	0	00000000	00000000	0	00000000	0	00000000	00000000	0	0	empty
all.snd	2875	2875			00000000	0	00000000	00000000	0	00000000	0	00000000	00000000	0	0	empty
all.snd	2876	2876			00000000	0	00000000	00000000	0	00000000	0	00000000	00000000	0	0	empty
all.snd	2877	2877			00000000	0	00000000	00000000	0	00000000	0	00000000	00000000	0	0	empty
all.snd	2878	2878			00000000	0	00000000	00000000	0	00000000	0	00000000	00000000	0	0	empty
all.snd	2879	2879			00000000	0	00000000	00000000	0	00000000	0	00000000	00000000	0	0	empty
all.snd	2880	2880			00000000	0	00000000	00000000	0	00000000	0	00000000	00000000	0	0	empty
all.snd	2881	2881			00000000	0	00000000	00000000	0	00000000	0	00000000	00000000	0	0	empty
all.snd	2882	2882			00000000	0	00000000	00000000	0	00000000	0	00000000	00000000	0	0	empty
all.snd	2883	2883			00000000	0	00000000	00000000	0	00000000	0	00000000	00000000	0	0	empty
all.snd	2884	2884			00000000	0	00000000	00000000	0	00000000	0	00000000	00000000	0	0	empty
all.snd	2885	2885			00000000	0	00000000	00000000	0	00000000	0	00000000	00000000	0	0	empty
all.snd	2886	2886			00000000	0	00000000	00000000	0	00000000	0	00000000	00000000	0	0	empty
all.snd	2887	2887			00000000	0	00000000	00000000	0	00000000	0	00000000	00000000	0	0	empty
all.snd	2888	2888			00000000	0	00000000	00000000	0	00000000	0	00000000	00000000	0	0	empty
all.snd	2889	2889			00000000	0	00000000	00000000	0	00000000	0	00000000	00000000	0	0	empty
all.snd	2890	2890			00000000	0	00000000	00000000	0	00000000	0	00000000	00000000	0	0	empty
all.snd	2891	2891			00000000	0	00000000	00000000	0	00000000	0	00000000	00000000	0	0	empty
all.snd	2892	2892			00000000	0	00000000	00000000	0	00000000	0	00000000	00000000	0	0	empty
all.snd	2893	2893			00000000	0	00000000	00000000	0	00000000	0	00000000	00000000	0	0	empty
all.snd	2894	2894			00000000	0	00000000	00000000	0	00000000	0	00000000	00000000	0	0	empty
all.snd	2895	2895			00000000	0	00000000	00000000	0	00000000	0	00000000	00000000	0	0	empty
all.snd	2896	2896			00000000	0	00000000	00000000	0	00000000	0	00000000	00000000	0	0	empty
all.snd	2897	2897			00000000	0	00000000	00000000	0	00000000	0	00000000	00000000	0	0	empty
all.snd	2898	2898			00000000	0	00000000	00000000	0	00000000	0	00000000	00000000	0	0	empty
all.snd	2899	2899			00000000	0	00000000	00000000	0	00000000	0	00000000	00000000	0	0	empty
all.snd	2900	2900			00000000	0	00000000	00000000	0	00000000	0	00000000	00000000	0	0	empty
all.snd	2901	2901			00000000	0	00000000	00000000	0	00000000	0	00000000	00000000	0	0	empty
all.snd	2902	2902			00000000	0	00000000	00000000	0	00000000	0	00000000	00000000	0	0	empty
all.snd	2903	2903			00000000	0	00000000	00000000	0	00000000	0	00000000	00000000	0	0	empty
all.snd	2904	2904			00000000	0	00000000	00000000	0	00000000	0	00000000	00000000	0	0	empty
all.snd	2905	2905			00000000	0	00000000	00000000	0	00000000	0	00000000	00000000	0	0	empty
all.snd	2906	2906			00000000	0	00000000	00000000	0	00000000	0	00000000	00000000	0	0	empty
all.snd	2907	2907			00000000	0	00000000	00000000	0	00000000	0	00000000	00000000	0	0	empty
all.snd	2908	2908			00000000	0	00000000	00000000	0	00000000	0	00000000	00000000	0	0	empty
all.snd	2909	2909			00000000	0	00000000	00000000	0	00000000	0	00000000	00000000	0	0	empty
all.snd	2910	2910			00000000	0	00000000	00000000	0	00000000	0	00000000	00000000	0	0	empty
all.snd	2911	2911			00000000	0	00000000	00000000	0	00000000	0	00000000	00000000	0	0	empty
all.snd	2912	2912			00000000	0	00000000	00000000	0	00000000	0	00000000	00000000	0	0	empty
all.snd	2913	2913			00000000	0	00000000	00000000	0	00000000	0	00000000	00000000	0	0	empty
all.snd	2914	2914			00000000	0	00000000	00000000	0	00000000	0	00000000	00000000	0	0	empty
all.snd	2915	2915			00000000	0	00000000	00000000	0	00000000	0	00000000	00000000	0	0	empty
all.snd	2916	2916			00000000	0	00000000	00000000	0	00000000	0	00000000	00000000	0	0	empty
all.snd	2917	2917			00000000	0	00000000	00000000	0	00000000	0	00000000	00000000	0	0	empty
all.snd	2918	2918			00000000	0	00000000	00000000	0	00000000	0	00000000	00000000	0	0	empty
all.snd	2919	2919			00000000	0	00000000	00000000	0	00000000	0	00000000	00000000	0	0	empty
all.snd	2920	2920			00000000	0	00000000	00000000	0	00000000	0	00000000	00000000	0	0	empty
all.snd	2921	2921			00000000	0	00000000	00000000	0	00000000	0	00000000	00000000	0	0	empty
all.snd	2922	2922			00000000	0	00000000	00000000	0	00000000	0	00000000	00000000	0	0	empty
all.snd	2923	2923			00000000	0	00000000	00000000	0	00000000	0	00000000	00000000	0	0	empty
all.snd	2924	2924			00000000	0	00000000	00000000	0	00000000	0	00000000	00000000	0	0	empty
all.snd	2925	2925			00000000	0	00000000	00000000	0	00000000	0	00000000	00000000	0	0	empty
all.snd	2926	2926			00000000	0	00000000	00000000	0	00000000	0	00000000	00000000	0	0	empty
all.snd	2927	2927			00000000	0	00000000	00000000	0	00000000	0	00000000	00000000	0	0	empty
all.snd	2928	2928			00000000	0	00000000	00000000	0	00000000	0	00000000	00000000	0	0	empty
all.snd	2929	2929			00000000	0	00000000	00000000	0	00000000	0	00000000	00000000	0	0	empty
all.snd	2930	2930			00000000	0	00000000	00000000	0	00000000	0	00000000	00000000	0	0	empty
all.snd	2931	2931			00000000	0	00000000	00000000	0	00000000	0	00000000	00000000	0	0	empty
all.snd	2932	2932			00000000	0	00000000	00000000	0	00000000	0	00000000	00000000	0	0	empty
all.snd	2933	2933			00000000	0	00000000	00000000	0	00000000	0	00000000	00000000	0	0	empty
all.snd	2934	2934			00000000	0	00000000	00000000	0	00000000	0	00000000	00000000	0	0	empty
all.snd	2935	2935			00000000	0	00000000	00000000	0	00000000	0	00000000	00000000	0	0	empty
all.snd	2936	2936			00000000	0	00000000	00000000	0	00000000	0	00000000	00000000	0	0	empty
all.snd	2937	2937			00000000	0	00000000	00000000	0	00000000	0	00000000	00000000	0	0	empty
all.snd	2938	2938			00000000	0	00000000	00000000	0	00000000	0	00000000	00000000	0	0	empty
all.snd	2939	2939			00000000	0	00000000	00000000	0	00000000	0	00000000	00000000	0	0	empty
all.snd	2940	2940			00000000	0	00000000	00000000	0	00000000	0	00000000	00000000	0	0	empty
all.snd	2941	2941			00000000	0	00000000	00000000	0	00000000	0	00000000	00000000	0	0	empty
all.snd	2942	2942			00000000	0	00000000	00000000	0	00000000	0	00000000	00000000	0	0	empty
all.snd	2943	2943			00000000	0	00000000	00000000	0	00000000	0	00000000	00000000	0	0	empty
all.snd	2944	2944			00000000	0	00000000	00000000	0	00000000	0	00000000	00000000	0	0	empty
all.snd	2945	2945			00000000	0	00000000	00000000	0	00000000	0	00000000	00000000	0	0	empty
all.snd	2946	2946			00000000	0	00000000	00000000	0	00000000	0	00000000	00000000	0	0	empty
all.snd	2947	2947			00000000	0	00000000	00000000	0	00000000	0	00000000	00000000	0	0	empty
all.snd	2948	2948			00000000	0	00000000	00000000	0	00000000	0	00000000	00000000	0	0	empty
all.snd	2949	2949			00000000	0	00000000	00000000	0	00000000	0	00000000	00000000	0	0	empty
all.snd	2950	2950			00000000	0	00000000	00000000	0	00000000	0	00000000	00000000	0	0	empty
all.snd	2951	2951			00000000	0	00000000	00000000	0	00000000	0	00000000	00000000	0	0	empty
all.snd	2952	2952			00000000	0	00000000	00000000	0	00000000	0	00000000	00000000	0	0	empty
all.snd	2953	2953			00000000	0	00000000	00000000	0	00000000	0	00000000	00000000	0	0	empty
all.snd	2954	2954			00000000	0	00000000	00000000	0	00000000	0	00000000	00000000	0	0	empty
all.snd	2955	2955			00000000	0	00000000	00000000	0	00000000	0	00000000	00000000	0	0	empty
all.snd	2956	2956			00000000	0	00000000	00000000	0	00000000	0	00000000	00000000	0	0	empty
all.snd	2957	2957			00000000	0	00000000	00000000	0	00000000	0	00000000	00000000	0	0	empty
all.snd	2958	2958			00000000	0	00000000	00000000	0	00000000	0	00000000	00000000	0	0	empty
all.snd	2959	2959			00000000	0	00000000	00000000	0	00000000	0	00000000	00000000	0	0	empty
all.snd	2960	2960			00000000	0	00000000	00000000	0	00000000	0	00000000	00000000	0	0	empty
all.snd	2961	2961			00000000	0	00000000	00000000	0	00000000	0	00000000	00000000	0	0	empty
all.snd	2962	2962			00000000	0	00000000	00000000	0	00000000	0	00000000	00000000	0	0	empty
all.snd	2963	2963			00000000	0	00000000	00000000	0	00000000	0	00000000	00000000	0	0	empty
all.snd	2964	2964			00000000	0	00000000	00000000	0	00000000	0	00000000	00000000	0	0	empty
all.snd	2965	2965			00000000	0	00000000	00000000	0	00000000	0	00000000	00000000	0	0	empty
all.snd	2966	2966			00000000	0	00000000	00000000	0	00000000	0	00000000	00000000	0	0	empty
all.snd	2967	2967			00000000	0	00000000	00000000	0	00000000	0	00000000	00000000	0	0	empty
all.snd	2968	2968			00000000	0	00000000	00000000	0	00000000	0	00000000	00000000	0	0	empty
all.snd	2969	2969			00000000	0	00000000	00000000	0	00000000	0	00000000	00000000	0	0	empty
all.snd	2970	2970			00000000	0	00000000	00000000	0	00000000	0	00000000	00000000	0	0	empty
all.snd	2971	2971			00000000	0	00000000	00000000	0	00000000	0	00000000	00000000	0	0	empty
all.snd	2972	2972			00000000	0	00000000	00000000	0	00000000	0	00000000	00000000	0	0	empty
all.snd	2973	2973			00000000	0	00000000	00000000	0	00000000	0	00000000	00000000	0	0	empty
all.snd	2974	2974			00000000	0	00000000	00000000	0	00000000	0	00000000	00000000	0	0	empty
all.snd	2975	2975			00000000	0	00000000	00000000	0	00000000	0	00000000	00000000	0	0	empty
all.snd	2976	2976			00000000	0	00000000	00000000	0	00000000	0	00000000	00000000	0	0	empty
all.snd	2977	2977			00000000	0	00000000	00000000	0	00000000	0	00000000	00000000	0	0	empty
all.snd	2978	2978			00000000	0	00000000	00000000	0	00000000	0	00000000	00000000	0	0	empty
all.snd	2979	2979			00000000	0	00000000	00000000	0	00000000	0	00000000	00000000	0	0	empty
all.snd	2980	2980			00000000	0	00000000	00000000	0	00000000	0	00000000	00000000	0	0	empty
all.snd	2981	2981			00000000	0	00000000	00000000	0	00000000	0	00000000	00000000	0	0	empty
all.snd	2982	2982			00000000	0	00000000	00000000	0	00000000	0	00000000	00000000	0	0	empty
all.snd	2983	2983			00000000	0	00000000	00000000	0	00000000	0	00000000	00000000	0	0	empty
all.snd	2984	2984			00000000	0	00000000	00000000	0	00000000	0	00000000	00000000	0	0	empty
all.snd	2985	2985			00000000	0	00000000	00000000	0	00000000	0	00000000	00000000	0	0	empty
all.snd	2986	2986			00000000	0	00000000	00000000	0	00000000	0	00000000	00000000	0	0	empty
all.snd	2987	2987			00000000	0	00000000	00000000	0	00000000	0	00000000	00000000	0	0	empty
all.snd	2988	2988			00000000	0	00000000	00000000	0	00000000	0	00000000	00000000	0	0	empty
all.snd	2989	2989			00000000	0	00000000	00000000	0	00000000	0	00000000	00000000	0	0	empty
all.snd	2990	2990			00000000	0	00000000	00000000	0	00000000	0	00000000	00000000	0	0	empty
all.snd	2991	2991			00000000	0	00000000	00000000	0	00000000	0	00000000	00000000	0	0	empty
all.snd	2992	2992			00000000	0	00000000	00000000	0	00000000	0	00000000	00000000	0	0	empty
all.snd	2993	2993			00000000	0	00000000	00000000	0	00000000	0	00000000	00000000	0	0	empty
all.snd	2994	2994			00000000	0	00000000	00000000	0	00000000	0	00000000	00000000	0	0	empty
all.snd	2995	2995			00000000	0	00000000	00000000	0	00000000	0	00000000	00000000	0	0	empty
all.snd	2996	2996			00000000	0	00000000	00000000	0	00000000	0	00000000	00000000	0	0	empty
all.snd	2997	2997			00000000	0	00000000	00000000	0	00000000	0	00000000	00000000	0	0	empty
all.snd	2998	2998			00000000	0	00000000	00000000	0	00000000	0	00000000	00000000	0	0	empty
all.snd	2999	2999			00000000	0	00000000	00000000	0	00000000	0	00000000	00000000	0	0	empty
all.snd	3000	3000			00000000	0	00000000	00000000	0	00000000	0	00000000	00000000	0	0	empty
