archive	sound_id	name_cp950	payload_offset_hex	runtime_payload_size_bytes	runtime_type	loader_prefix_bytes	loader_allocation_bytes	source_format_tag	source_channels	source_sample_rate	source_byte_rate	source_block_align	source_bits_per_sample	source_marker_16_hex	returned_first4_hex	returned_chunk_36_hex	returned_riff_size_field	returned_data_size_field	bytes_after_declared_data	raw_payload_sha256	loader_return_sha256
all.snd	1	cat01	000203BC	34246	0	24	34270	1	1	22050	44100	2	16	6461	52494646	64617461	34246	34222	4	8a561d771938b125e16c095d68373c3bdcad153276a58b729d9ac10edb17e6a6	6c11d11b281d3ea422b4c630bc601aa9ab1746ece9abea4911d3fa358a762fc7
all.snd	2	cat02	00028982	55674	0	24	55698	1	1	22050	44100	2	16	6461	52494646	64617461	55674	55650	4	59fbcead9eed031208a83b6c820aef3dd722c4be241ce1d90ac5fc1bb4f229a8	92e8653054e948aafa2980eb1604aad65a6761f8f04a135beab585f56ac84ac4
all.snd	3	dog01	000362FC	61454	0	24	61478	1	1	22050	44100	2	16	6461	52494646	64617461	61454	61430	4	24159dfd5ba5bcf555849b955a6e4457cab50688ed0a6a64645b54dea4ddb29c	a56a5f149fea472fb36b67470c30b20e10287db2e59c64533471a37d5b02c1cd
all.snd	4	dog02	0004530A	36694	0	24	36718	1	1	22050	44100	2	16	6461	52494646	64617461	36694	36670	4	cfc010fdf759965f1371eb1e958534e84b0bcf195a67fae74cf91fb590911122	70b47c778401498218a66726d87935bacd0b71d9b414a63964d4ec2cabd284a4
all.snd	5	dog03	0004E260	61150	0	24	61174	1	1	22050	44100	2	16	6461	52494646	64617461	61150	61126	4	3643a9d747be9f2bd9ea1a76af3da3e4064bf3626c88d5016e7fe7157fe11564	7e0cb3cb7689a3336c0050a23d9613606ebe5f0136cfd702e289f0ea39f11c01
all.snd	6	130-1	0005D13E	54446	0	24	54470	1	1	22050	44100	2	16	6461	52494646	64617461	54446	54422	4	988d5e76e39c406b27f56b7358fdfc9563f0547a3cb7a6023ac05c65f2016d2b	828ff75f80bffa785e673088e5709b46d4be6c5a145b54f7aa6ddec5a4340b31
all.snd	7	130-2	0006A5EC	25134	0	24	25158	1	1	22050	44100	2	16	6461	52494646	64617461	25134	25110	4	8fbc48243774c0affc3476ad8d316e5de9771a1625514a3f440f725330d2efaa	96d3aac4e8f31715d890860a3e7abcc9f63db49726b025399863b6b02d70dab5
all.snd	8	130-3	0007081A	12190	0	24	12214	1	1	22050	44100	2	16	6461	52494646	64617461	12190	12166	4	39aefc68626ae73c6fed1aa54f1578588004d67587c376f18569aab91fd936c8	8ff05b6356e2d0d02678dec82d5726959713df5d9a1cded0b27d58b8885b0c9d
all.snd	9	130-4	000737B8	37386	0	24	37410	1	1	22050	44100	2	16	6461	52494646	64617461	37386	37362	4	56ede59f482c017d40d657639e35fde143f0de9727800841c6a34ee23c1b8ffa	c3ebd6e163b1db0ee9ab65b7cd05112d7c91347b7f009869bd894dfdba83ac5c
all.snd	10	巨蛾1	0007C9C2	14723	0	24	14747	1	1	22050	22050	1	8	6461	52494646	64617461	14723	14699	4	49fc44f1c3f219f40ca3df3bf072bab129abf533a8ec3301641afe5efbf34f52	c3ba8d2d545ab9b22a6cced861339514ed5d0be6ed4e18b832b9e6e57cfca729
all.snd	11	巨蛾2	00080345	20949	0	24	20973	1	1	22050	22050	1	8	6461	52494646	64617461	20949	20925	4	c0c33ecac6bfc78f495d6eea27354d7eb316b1f1b5daf46e212d09a72a3930f0	ee3f62900ad1cd51f761c62c0b72b9ad6bd1e8fd11786a74fe197ddf30eef6e7
all.snd	12	行屍1	0008551A	37750	0	24	37774	1	1	22050	44100	2	16	6461	52494646	64617461	37750	37726	4	1ec2640708f70dc519dd78d762978a8a69ee65916a89ad3009de61af9f506d7a	9145cfe78c0967cfbc7430095b27fcf97ac2c7d6d48a6d8707c375a8e9b868d0
all.snd	13	行屍2	0008E890	35510	0	24	35534	1	1	22050	44100	2	16	6461	52494646	64617461	35510	35486	4	cb95695c883e2ec4eb3e9badc38547f1eeccc2d0430ff7fba58b6658e0c8cace	7c03fe21868bc1ddd0c1b1351f024a0fbeff2b6669a606221807c5343c390b88
all.snd	14	侏儒1	00097346	17690	0	24	17714	1	1	22050	44100	2	16	6461	52494646	64617461	17690	17666	4	05ccf96583d0aafdc6586f89350e60848c153999a1b478e94f045161d80bf899	afb229addde8fa38f24851c80198cec545816c7b958f6b46dfd4c81fb980c01b
all.snd	15	侏儒2	0009B860	33642	0	24	33666	1	1	22050	44100	2	16	6461	52494646	64617461	33642	33618	4	e9c6826b15bf8c0bb86c22602de056867ad718bc7ba18791f74c9315bf3f1c2c	bd3aa894aaec93192d82f859028c67661c879872cb56da731cae23c3b995d678
all.snd	16	侏儒3	000A3BCA	4264	0	24	4288	1	1	11025	11025	1	8	6461	52494646	64617461	4264	4240	4	f124c8dd914b402c9ac643dfee5c9c35dbb3a60dcec968d4b356a21774a47fda	df34b81c2f614a89a40f7d0473dd7147c19f45bcba3cbf7e231421e90137b584
all.snd	17	侏儒3-1	000A4C72	7578	0	24	7602	1	1	22050	44100	2	16	6461	52494646	64617461	7578	7554	4	79eb636e661996507bac13650a9ef1e83e3e24c3097db71e95085286657b48a3	61a198453f81e6b4224bb11e3bfc998f935d78faf95b38d517e1aa042a1e4fe7
all.snd	18	幽靈1	000CD357	44154	0	24	44178	1	1	22050	44100	2	16	6461	52494646	64617461	44154	44130	4	ab26bb71f21b861c65636dc9e9f3993c88f54205e1722a30a0138b7010e7cff9	94a02619c46f9e7cd2acb8c06149cc5bff5a287bd1d962569ebe7a139a9be045
all.snd	19	毒蟾1	000A6A0C	9788	0	24	9812	1	1	22050	44100	2	16	6461	52494646	64617461	9788	9764	4	1f4d832fb0433954fafd430977c62b5331c4a05c75844d724fb04a53807026d4	14d02c3463760e5b569e4ed9e18c812c3359092f404e896cd7f85534aa906431
all.snd	20	毒蟾2	000A9048	10162	0	24	10186	1	1	22050	44100	2	16	6461	52494646	64617461	10162	10138	4	81fa8f55e7f47a843d0285b7659081f03d3a4242b855b8c582936a86dbf4fda7	5ea4cd1679915b4b87a7de3891e022c79280e0e842ca2d9b1d028c3f692702ab
all.snd	21	毒蟾3	000AB7FA	33552	0	24	33576	1	1	11025	22050	2	16	6461	52494646	64617461	33552	33528	4	b61b5f61eb25f109f3053d5e8c5f97d7b10e4f60242cc8e6f85371926d17a4f8	496110749ae9118ccc180da004058b8b80ccb194556cca123837bf823cc17c96
all.snd	22	蛇1	0040230A	20884	0	24	20908	1	1	22050	44100	2	16	6461	52494646	64617461	20884	20860	4	b09f0f1ee5717d8e9b7d9cc590538a627d43e09e94f755abbae386f181d59fc6	5885dbabb2177142e1a8b2e04c895510e33c03186bc0f732e43b4fd37c2d2230
all.snd	23	蛇2	0040749E	4322	0	24	4346	1	1	22050	44100	2	16	6461	52494646	64617461	4322	4298	4	f008bd6b238b3883c1c7e36ed1003d19f9a727fb4ddd3c528e6c9fe183d62a4a	d1e433985eebf414a188cd0955a888dba99c65408836d2ac4dd0cac5396aaf43
all.snd	24	蛇3	00408580	29166	0	24	29190	1	1	22050	44100	2	16	6461	52494646	64617461	29166	29142	4	1aa6a745ae1d77f9b1240ade37707e7328571eb6ae92c45a6cd0e5f1b4b8c0d2	86725bc83d8652d7683a6d29e8e6b46788b6d7c594331a2c78cbf71987f85f7e
all.snd	25	蜘蛛1-1	000B3B0A	18383	0	24	18407	1	1	22050	22050	1	8	6461	52494646	64617461	18383	18359	4	48042f101407eeeb51caee413129d772d88871abd1f7738ef8c3d06b000bec51	e526ca400724736263579f0ae8824a5bb09727cebbe54ff1966ade50eb1ba18b
all.snd	26	蜘蛛1-2	000B82D9	6903	0	24	6927	1	1	22050	22050	1	8	6461	52494646	64617461	6903	6879	4	146459d260c45768c477f95e61ad9a644bf0ff425374e547427a7d54be242577	d5579c6a1e1251072642f1902d53a9435c10d4f0b04dd920422b9f4021811695
all.snd	27	蜘蛛2	000B9DD0	4252	0	24	4276	1	1	22050	22050	1	8	6461	52494646	64617461	4252	4228	4	cb7280eb5f66a82c1c2e09b98c7308dba4132268f10edad51e0c5894106857f4	bee6f11983d21e9b627fd88803c9e3952150cc41866c7b9e703fa1be2828ad27
all.snd	28	蝙蝠1	000BAE6C	16622	0	24	16646	1	1	22050	22050	1	8	6461	52494646	64617461	16622	16598	4	945c6562e38e7db286c2338dc540df7752085198900af9e13b4799e974fa2a27	5788331b28b5a4f4c78260e80ea3e873c115d485bbd303d1caed9f48a933d85f
all.snd	29	蝙蝠2	000BEF5A	14308	0	24	14332	1	1	22050	22050	1	8	6461	52494646	64617461	14308	14284	4	e8156fb4fe97bf6f7f9103c806393ac2784c470ce5cf366f3c1dd2ecd7fe594b	1e87cf0e42267e3a9a000fc41dd5da418737a1a593c3265d6d37cc9cfeb561e3
all.snd	30	蝙蝠3	000C273E	44057	0	24	44081	1	1	22050	22050	1	8	6461	52494646	64617461	44057	44033	4	50aa873ee4c5c460367859f4b62f4608c4f242d63f0cd2456de54fff702f2540	da740e9dc9815cae151af7e26d06a3148c11d7a44a2eb6fbcb0f372f95275c52
all.snd	31	幽靈2	000D7FD1	50718	0	24	50742	1	1	22050	44100	2	16	6461	52494646	64617461	50718	50694	4	2a54ee4c56ff107f0a5a55a52b718ded7d864fa3da2f4e0b801dd7bd24b58840	bbfd15ad8fd0aed904bccf7d3ddcb825deccdb1641bdbf331f830fddcce64258
all.snd	32	法軍1-1	000E45EF	6442	0	24	6466	1	1	22050	44100	2	16	6461	52494646	64617461	6442	6418	4	6fe4a31b788235362a0974ba2ab4853caff9c0d9b004024c4b44fdb3adbb6b3f	f85a77e5d95811367a80cc575f2bece4bd8f24e39f1564127cf6848ec152276b
all.snd	33	法軍1-2	000E5F19	23726	0	24	23750	1	1	22050	44100	2	16	6461	52494646	64617461	23726	23702	4	61d3857fee90dec32a4535f34e3f1a092ea24b45fbe21592aa294064f805d768	66e2ba5f51e3ea8dd912cba2f6f7ba8442a3c89ae86d09fc8b25ed751898b0db
all.snd	34	教士1-1	010E9E0E	22056	0	24	22080	1	1	22050	44100	2	16	6461	52494646	64617461	22056	22032	4	7d321c1304a4d0be7ce852ad2388c305e0adeca805c10f07a16d12fa8e2360c7	f3bf254af5abe2c72aa0b58c502fc0716334dc84d2a0571f9edbf3dffcd02aee
all.snd	35	教士1-2	000EBBC7	61386	0	24	61410	1	1	22050	44100	2	16	6461	52494646	64617461	61386	61362	4	bc2f8898c60d47a3ad39733c17e5892d48d54cbafdbbfd736291c80b1572fa9f	31b877ae852632b854f651ccedc98e20cd177b7184a666492ae737704c8fac66
all.snd	36	教士1-3	000FAB91	25146	0	24	25170	1	1	22050	44100	2	16	6461	52494646	64617461	25146	25122	4	179d0dd303540c730014f9b24c3c8221cd316776f27386c9a128968126dc7493	a2e23a66085619de92d85ffe2fe70aee0053e75addf5fb819d151c747379f5cb
all.snd	37	水軍1-1	0044143B	21428	0	24	21452	1	1	22050	44100	2	16	6461	52494646	64617461	21428	21404	4	63980ecf543d3334ca6581296ce645bae2d8e5d9c82deffb17911205464ce778	6f7155e174a26bd4f4d2678e52faa3e1aadaa3b17e10ffc42cc959b9b566f56b
all.snd	38	水軍1-2	004467EF	21226	0	24	21250	1	1	22050	44100	2	16	6461	52494646	64617461	21226	21202	4	d47c1a0c562205bda3cbe486e403690c549c147bb13dbceb92974c4e21f78c58	1a1f6f3fecdb02da51b3db851ce405bb07850bd25d468ca1561ff30b60243fa3
all.snd	39	武僧1-1	00100DCB	13682	0	24	13706	1	1	22050	44100	2	16	6461	52494646	64617461	13682	13658	4	069bb268f283ef93374e9e290b3b86a3577e7844e902946bf5117e8222c9e303	4ac074a5d2d313b1cd4d9c30826a575081cb09bcc43ab33bba6d925a4381702b
all.snd	40	武僧1-2	0010433D	26916	0	24	26940	1	1	22050	44100	2	16	6461	52494646	64617461	26916	26892	4	e7a205b4abf3dab64da790137dadb3bf62a3ed2aaa95c722786d9aa50e777a5d	15462e27aeacbc739b54efe67e4c52c305713ddfd1b3080526e3fb31a98140d7
all.snd	41	黑騎士~1	00538686	89946	0	24	89970	1	1	22050	44100	2	16	6461	52494646	64617461	89946	89922	4	f33e6af3dae42a6bb32a15a65239ab2e3c15c38997a65dafba4c5eefae305e4b	c87edf51bace51462e22901d024f999bad885ded21e65c221f931e86c96bc14d
all.snd	42	黑騎士~2	0054E5E0	44872	0	24	44896	1	1	22050	44100	2	16	6461	52494646	64617461	44872	44848	4	4dbcc5a5d5e97f1ef8656cf851d1ffb0cc5326452340c92003c7eb99ee2c9ab5	67dde5ec9d972c0745c70313fe39a81aef25bd0939525aa04a6cf420e8103fb5
all.snd	43	黑騎士~3	00559528	97024	0	24	97048	1	1	22050	44100	2	16	6461	52494646	64617461	97024	97000	4	d0d137392c7f66c02c3727d2cbaa62e5793733e594e50e611b58ff2bf56245ee	7cdc2e155d95cb172ac0adaef5bc0011407235ab4da6b239a70f93e696069768
all.snd	44	時間到2	0010AC61	55518	0	24	55542	1	1	22050	44100	2	16	6461	52494646	64617461	55518	55494	4	325fe496bde9ec079b7ab932bddd55400084480c15001982ac91e09131fec983	e852ee61aad9e7f33634232433cac172cf6f8651765ec7dcdc9aabea13bc15ef
all.snd	45	戰鬥開~1	006B14D3	11694	0	24	11718	1	1	22050	44100	2	16	6461	52494646	64617461	11694	11670	4	24174c1e04f7e96b54a20bf84c3f0810854719af90bdaaf231078fee43e70522	9b9ca7b60e43c1f3c74213bcce17b82bb7d8e860f046bb8c42b7f2fc5d5004fa
all.snd	46	選擇聲5	00650249	5556	0	24	5580	1	1	22050	44100	2	16	6461	52494646	64617461	5556	5532	4	0d4d4fb16fcf0fcdbd102d9aedf7bb827aedd39a453d13284a0627ca6beb26e7	760c10d185ba355580fa3a6925f2932ceadf1525649e89d883cc5c0896b36d71
all.snd	47	不見1	0011853F	15536	0	24	15560	1	1	22050	44100	2	16	6461	52494646	64617461	15536	15512	4	b46db916dd0ea0fe3d3766c3e60ffbeba40d2553ec648edba981f38617243115	bec8e3f095e6e5393b796531d068ea9bf72b6721c034076a464e107aaaf85908
all.snd	48	乍現	0011C1EF	11528	0	24	11552	1	1	22050	44100	2	16	6461	52494646	64617461	11528	11504	4	3f81fba12e285a5d947d5e32145fdd1bc0e2096210ae8b60369803bfa347bd97	8e79d1b575eb859015f09bdea8490152b9966409abc03f2767261bf8efc919bc
all.snd	49	死亡	0011EEF7	75450	0	24	75474	1	1	22050	44100	2	16	6461	52494646	64617461	75450	75426	4	a14929872c7655503a2dd5ba23adb0ee42bb3ddd4841140c5506b13ce7adedee	e77af51a0d5d578bdef2403e0a6f1bd9f99ba8e5d6e985e8ef9e320b7ecf913f
all.snd	50	美杜莎~1	00141E73	43332	0	24	43356	1	1	22050	44100	2	16	6461	52494646	64617461	43332	43308	4	9ae645324bbd6bed1576804b236f8fee52c1337d9ff8bcdd7636bd8a626ab37d	207c7309d5b39fad5417e1ab34698b4b173854b65547cf76008bef4bdcf4d591
all.snd	51	美杜莎~2	001315B1	41042	0	24	41066	1	1	22050	44100	2	16	6461	52494646	64617461	41042	41018	4	b2f8487265ae70461f5027b86a164ca0befa99d3176a9caba80cae6d08c75f92	88b93afc94adcc2b34d52ed17b37f74448e44f970b7c3f262f742eeb7ae3569d
all.snd	52	美杜莎~3	0013B603	26736	0	24	26760	1	1	22050	44100	2	16	6461	52494646	64617461	26736	26712	4	0f990812a816e4e9e2c96393daae16925f227d8757c8a7bba0ab5c4b230a8938	b66ab7b6fc73208b7c5c2b76fcba82cab6d0973eaccb1dcf79051358b57423e0
all.snd	53	美杜莎~4	00154069	80418	0	24	80442	1	1	22050	44100	2	16	6461	52494646	64617461	80418	80394	4	2198e60ecfbfdc4d0238505a6c970ded329c9f5095da087295cc06431d243c60	e42e374f9c4941a57be0ad4b9ed1c19fa35fcf075a764134923605985e5d1378
all.snd	54	美杜莎~5	0014C7B7	30898	0	24	30922	1	1	22050	44100	2	16	6461	52494646	64617461	30898	30874	4	a333625dd7ac59f15848ba39f187838584802b4cec5d9f610a2192e0057cd3b0	3e3b937e737de9773ecb032133abd17da4b7351c15c38bd4096ffdf421334685
all.snd	55	石門快~1	00167A8B	66142	0	24	66166	1	1	22050	44100	2	16	6461	52494646	64617461	66142	66118	4	e2e01befc9dd0be56892895c0da7a741277855b39d507cc05d0e862885a1999c	8ef18e33d84b6c71d862e0f3acdf5330a0927d6d44ce22fa3f23bf60e66fb85c
all.snd	56	石門慢~1	001A2593	63954	0	24	63978	1	1	22050	44100	2	16	6461	52494646	64617461	63954	63930	4	9c0becc4aedccaf1cf0aced296248b068aed3ae8a537ad58bcdbb8ebb7f9982e	0fc0822830094143a61c147c54eeb10ef11e75e61830f8ef6ecf20cebd88ff14
all.snd	57	機關運~1	00177CE9	174250	0	24	174274	1	1	22050	44100	2	16	6461	52494646	64617461	174250	174226	4	e92482c5534e7ea07a14a3fff1ccc0f86c7e7ba00204343c7131a6935ca3d83d	a3c238db485c7e9aaf8d4fd4e6e900f13bc10d1ae48cc70ad06f350bc4adcd84
all.snd	58	石門慢~2	001B1F65	15906	0	24	15930	1	1	22050	44100	2	16	6461	52494646	64617461	15906	15882	4	8bfc3b838aa309db59659a37ebb16c1ff0c488da23eb9270021fc639bee92fb7	cb9121540a79dfe661001fed60bdcce10e59946115bad87854890ec2c3e889d3
all.snd	59	木材燃~1	001B5D87	109738	0	24	109762	1	1	22050	44100	2	16	6461	52494646	64617461	109738	109714	4	32b7218218cc34db1ab630cfe4c330f7da72821074e42f68d25e8e5910ad81a5	a340892e9f30732a39998bcdd7361b7ce5b94e39fb9e7641511becfa57f2a5d8
all.snd	60	拔劍聲	001D0A31	22130	0	24	22154	1	1	22050	44100	2	16	6461	52494646	64617461	22130	22106	4	1deda19edec01ad35f4c7a982c25687eeaf0df2fb67f663922156adb762ee15a	ac6388fa6adeb38df1cdb15223322d7b9a087dcc38dc47323ce0727818047aeb
all.snd	61	莉蓮被打	001D60A3	17770	0	24	17794	1	1	22050	44100	2	16	6461	52494646	64617461	17770	17746	4	b6607fd1f472c65f9fb05b02409b013dd58203549190eb3716e44905c12f00fa	cc124c8d67c01a6f5d887b4d628af255a713bb82bb13f74fa1533c48d4f70a64
all.snd	62	速揮劍	001DA60D	7296	0	24	7320	1	1	22050	44100	2	16	6461	52494646	64617461	7296	7272	4	515394231656477b5af66e62a0952064cad403c1dc2ce2c15b20130959528954	9d4ab60c5c709ac22da6703fbb62e18cc00699aea683e9c1e68dde2ef4fb222a
all.snd	63	嘆氣(男)	001DC28D	35270	0	24	35294	1	1	22050	44100	2	16	6461	52494646	64617461	35270	35246	4	859f9925b095eb564e2fc42c2b956f86d227e07d021a27454e014cf0d0392002	d7b190819e2ad57542d40e36dcaa4eb1d0a8b07b0ff8ed045a45711fab10f257
all.snd	64	嘆氣1(~1	001E4C53	26500	0	24	26524	1	1	22050	44100	2	16	6461	52494646	64617461	26500	26476	4	79d94ce602771a44fb7fb7c0ff14711a0fc0bacbd85337a92de4442ba2aba85d	cd3bb875c89026c31c341ffd576882672af841182d97ce0e35e38f5d5b7f4bb8
all.snd	65	劍砍聲	001EB3D7	9722	0	24	9746	1	1	22050	44100	2	16	6461	52494646	64617461	9722	9698	4	5029b49dda0c2eb954d00e4b26a29be4c65e330979d5991a8353461cacc3fd66	bb461a5bd5414c1490daa4598f5eb2910fc4006e29e2787d423b2501d71da01a
all.snd	66	瀑布聲~1	006022F7	136164	0	24	136188	1	1	22050	44100	2	16	6461	52494646	64617461	136164	136140	4	9ef9e8ddf0465d066eaf56ad57a0435448fea085d7c2342296044d3c75d56875	176c889f4fe5cecc350fcdae37272955a87a55541db278daaef088e96fc34f0f
all.snd	67	鳥拍翅膀	001ED9D1	117482	0	24	117506	1	1	22050	44100	2	16	6461	52494646	64617461	117482	117458	4	9bd7cf8f16e9d949dacaa7aa8dd61696b645cbd4649f1a9b3372d06ea93462fc	639992e10e795c469fb4d1c2b1538da2b8b9f377de25e32452897efd485fe3a6
all.snd	68	鴿子叫	0020A4BB	20298	0	24	20322	1	1	22050	44100	2	16	6461	52494646	64617461	20298	20274	4	04c8166d0e9e10448c99c7fd42fe1a8eef117290303ccec3c1340680eb690943	e2bec97ada5cd0c8843aa40c5656a0cea6f18e99639273a4324fd5b4ed0ced73
all.snd	69	地獄犬~1	0020F405	44080	0	24	44104	1	1	22050	44100	2	16	6461	52494646	64617461	44080	44056	4	dc5b5dcf8386b3d9ebe325c636fca52ae7c3085c2d3bf551934909881bb5a80d	be22d9cf65672934e1e0280c9586845924c250d8d8fe163595a14e9d173d812b
all.snd	70	地獄犬~2	0021A035	30836	0	24	30860	1	1	22050	44100	2	16	6461	52494646	64617461	30836	30812	4	0e20bb70d051ce29369014bf8972a35d728c2b70322a5761cccb087e6c9ece2f	1d4c2cc5cdcc876e96c559e326d61ec164dc20f7b93dfe32daecaabbf051b4de
all.snd	71	地獄犬~3	002218A9	61882	0	24	61906	1	1	11025	22050	2	16	6461	52494646	64617461	61882	61858	4	a2314656ceac99cab26cdc2c428321d536e2978ad5939b1d86670fa20bb5af1b	8c0376b03ea13b21e36830a779d98e7dae90dead22972248201a54ee7270548a
all.snd	72	地獄犬~4	00230A63	66016	0	24	66040	1	1	11025	22050	2	16	6461	52494646	64617461	66016	65992	4	fd4319b671b5246140ae0961605fc39279bdc37b15ebd12d3dc07db9f805de7c	c410d2eac9853c8511f5d646b5ca0e29cb1391171db537965027e4dbb5d5ec11
all.snd	73	瓶女1-1	004E0BEC	61596	0	24	61620	1	1	22050	44100	2	16	6461	52494646	64617461	61596	61572	4	0cca400d45027b159af940b442bdece727fce4d6bfdfba1e451b454d5f7eb2c2	6753856b43728473f128f93da2036d94b7979ccf9dae3ed0abe0ac188336e177
all.snd	74	瓶女1-2	004EFC88	67574	0	24	67598	1	1	22050	44100	2	16	6461	52494646	64617461	67574	67550	4	d74fb2137a22e38e1d9130a2b2a06eb4d3cee5cbbf9b7e5874d4772eb6a9f1f6	71c5155fa1c5e5a67bc01c7e02a55a5e13893537e522ac5ad0d5bdf2f523494d
all.snd	75	006-a1	00240C43	132300	0	24	132324	1	1	22050	44100	2	16	6461	52494646	64617461	132300	132276	4	3a05475be73ddad5778493ea3e181f7fc0d17fc573a844ef401786c766086bcf	d123ac3926f549aef69d75c84ed71fef9dd61f0a410ddb2ca4a1592872265998
all.snd	76	006-d	0026110F	128174	0	24	128198	1	1	22050	44100	2	16	6461	52494646	64617461	128174	128150	4	8799d7bbd296cfb94d31facf9da688e07366a3d72e82fc69a3b3404891f4d067	7c23a62314c165b44c2de5cbcedd95a7b391da16f641fc088d66b79b4435b06a
all.snd	77	半人馬~1	002805BD	35288	0	24	35312	1	1	22050	44100	2	16	6461	52494646	64617461	35288	35264	4	522242e505bc923744a3924a25736e68fab5993e91c977aad1341175bf812484	eac671d642eca3dd29b2205f88d8724d92656abb0a7f2bcd60da1d509b45ffdf
all.snd	78	半人馬~2	00288F95	27490	0	24	27514	1	1	22050	44100	2	16	6461	52494646	64617461	27490	27466	4	418eebcca1d77f75a39553629cacab77a2296ee50dadcb91027c8df695f954ef	5ca3fd27c8f7b6d7cf6f14402a5b453e837871d741fc18a2557f000b3aea1a05
all.snd	79	半人馬~3	0028FAF7	137122	0	24	137146	1	1	22050	44100	2	16	6461	52494646	64617461	137122	137098	4	fb3152aa75b56d02d0b72a1e0654dddd1ccbd6f3531d15a4b6055fe9f340b9fd	83a4c03eb62e49a5f6409721db57445e2e2e5e2288fd9ca9e25e9adbc4bc9b58
all.snd	80	吸血鬼~1	0045C275	70648	0	24	70672	1	1	22050	44100	2	16	6461	52494646	64617461	70648	70624	4	76749d5488e8e03e9b2ea6221bcc9110bc685d4b797deee9bb7baaa1dcdeca47	9bf2672d6e4a01f37d32de723d54eb3bf89670dfa28b549afd2d15445af488f0
all.snd	81	吸血鬼~2	0046D66D	70648	0	24	70672	1	1	22050	44100	2	16	6461	52494646	64617461	70648	70624	4	54f87ce8a5b212b859365efe5baa2e8bad7e8b0f1530fdbe0eeada60fde85304	b9e93c1cc76ee1d234ed76bc5ac2c798501ba4c916b2977d3ca69467e2ce5ac6
all.snd	82	酒店關~1	003CE4FA	12494	0	24	12518	1	1	22050	44100	2	16	6461	52494646	64617461	12494	12470	4	abb548b86a3e8c1d70734cb3458ffb0dc69d9808089098db74a095c0f3379db8	413b0c17441b1e7f26c182b8446177381f7ecfaf69dca204567b1e6c1e5545e9
all.snd	83	el-len	003A40E0	51252	0	24	51276	1	1	22050	44100	2	16	6461	52494646	64617461	51252	51228	4	0e289199b72157f6a1bccf72c4316646817e87b76197d48c39f56860234e01b1	04893bc0a22a78ac1dbf8075e1c5e778f32662c366061d31c649f06d49ab4cf3
all.snd	84	fire2-1	0030EE3D	43930	0	24	43954	1	1	22050	44100	2	16	6461	52494646	64617461	43930	43906	4	16856e48c11e491dc407d66b3a96ed17afc180612b7db12de6dace0a184eb6e8	b6529fb13a6d12cd487d6d730cea0a1745b9a457580087a1f0ab2e5fa902e646
all.snd	85	el-len2	003B0914	31276	0	24	31300	1	1	11025	22050	2	16	6461	52494646	64617461	31276	31252	4	a01aeed566a8aff97d375181c682702ae81748d07b85085be214ee7ffd0c373a	7d35ab6e5234f1db33279e8c463a1569379df19e409e9ae8b7de41b4cd1af0ca
all.snd	86	fire3-2	0033B9EF	20312	0	24	20336	1	1	11025	22050	2	16	6461	52494646	64617461	20312	20288	4	ffd960f4c336578c9faa020203bbd662992e7cb8309d0d613ec1480c5aa02603	d484ab3a08f1f048bfa12241e1cfeb217ef982d32f0a35470016a9cef31ae8f7
all.snd	87	fire3-3	00340947	29276	0	24	29300	1	1	22050	44100	2	16	6461	52494646	64617461	29276	29252	4	cbcdf1dfcf4ef4e15c9234a5cec3cdd9cce93fcfba2cd71ec1bbf5c94e6c9a92	c10b66daa1dd5fda4053baf1df37d439ed1d3d76258fad63012365b1ed54517a
all.snd	88	fire2-2	003199D7	21270	0	24	21294	1	1	22050	44100	2	16	6461	52494646	64617461	21270	21246	4	17a4422c949957e1bca202a750d5c0ce9aab0113985940833f6ec6bd5ec0c0c7	3fd69f6cf8ee7c881e38a4b90d027268aaef101b10d109b200bc9b4ea29f5798
all.snd	89	賽特攻擊	003A066E	14962	0	24	14986	1	1	22050	44100	2	16	6461	52494646	64617461	14962	14938	4	589462e2d0a950055894d6ca028d18b9850e29dc5836d3dc4813ddb7e3638ba1	73868539fc5b3b5792883613bb7d3afad7a078f485dfc8db82fb301e7b14c6a4
all.snd	90	賽特施~2	00BEA2BC	182138	0	24	182162	1	2	44100	176400	4	16	6461	52494646	64617461	182138	182114	4	e0a78fe8f1d996a332c779371213e1ba64a8a8758defba25c39745d488ed0b15	ae10525ba4564c3fde7f5fd2ca23be965f142178eea30e0223d75f54e27c6f3d
all.snd	91	斧頭旋轉	003BC1CC	74542	0	24	74566	1	1	22050	44100	2	16	6461	52494646	64617461	74542	74518	4	737cf732ffd48f46f343bb932c9d399135ca41383db4b24c013812a773c7d43b	50eb3e82d6df6038acaba474f6de6fd6d99ae31bd38050c0a5b5a18e731152fa
all.snd	92	賽特揮劍	002B1299	13320	0	24	13344	1	1	22050	44100	2	16	6461	52494646	64617461	13320	13296	4	257705a55b19b02e1da3e625b6f8535116f33c48c55fe44e5cce3ba845cedf0d	f7e2cec0d8768171df7c8dd685ae0b1069c49bfbc348c733b0560eaea2ef5b5d
all.snd	93	賽特擊中	002B46A1	8088	0	24	8112	1	1	11025	22050	2	16	6461	52494646	64617461	8088	8064	4	43108d5bdf6748ed88e17728bdfe4eceb58f90e3543d1b82e41e15c1b57ae954	969aaa24600a03225ebdb0fdb670baeff391dea439ae4e940180a421b52a4d10
all.snd	94	ice1-1	002B6639	66750	0	24	66774	1	1	22050	22050	1	8	6461	52494646	64617461	66750	66726	4	bcc26d62b4c97222a4159920f53eced102e7044439b960c1955cbfea048b335c	074eeaecfd687c293bfec11a9a05ff3b039aaf93cea94efd038e1b858ae68c77
all.snd	95	ice2	002C6AF7	43796	0	24	43820	1	1	22050	22050	1	8	6461	52494646	64617461	43796	43772	4	0fc1112d9ee9483dc610b9909341f3e683d9d3097521a6404a6fd86b38fe7516	5a9e016f146d0b4409c00102ae5d676709f3796472eea48fe9f6d6da4ac916c2
all.snd	96	ice3-1	002D160B	55394	0	24	55418	1	1	22050	22050	1	8	6461	52494646	64617461	55394	55370	4	9996b9b95477b4f21461a2793fbd2373a156907b2f7ee5d4d14dd093024bdaf0	710b4d48cb211fe7fcaf67ed7f6bf74284e4a1820f0213277f385e8cb353b7c6
all.snd	97	el1-1-1	002F3C73	43646	0	24	43670	1	1	22050	22050	1	8	6461	52494646	64617461	43646	43622	4	b836bb7bb587d2b464cfaf613b583d317a1a80ea20c57771a81646028eb85f07	183391a6b8303076e10afa5b7a6ce0fb8f92b93dc0aff755fd1edb5e06595b88
all.snd	98	el1-2-1	002DEE6D	7450	0	24	7474	1	1	11025	22050	2	16	6461	52494646	64617461	7450	7426	4	06b4b4f8e2f12689f3eefcc5e80f1f043cd4b75235fcf63bff8242ab9ad3430e	5397b1b4f2421afe6bc46b1d091e3524d1684d5df2de8f09550cd179f1f24117
all.snd	99	el1-2-2	002E0B87	16148	0	24	16172	1	1	11025	22050	2	16	6461	52494646	64617461	16148	16124	4	fad7ccc8ccc3e541a8f772fa864bbc21ffb627849ceb18f25ba791033365e1f2	acd915aab7d4f7e6c71b6d36f8b42c024337cf3bb4670f3de9b4386f18b139c1
all.snd	100	el1-3	002E4A9B	61912	0	24	61936	1	1	22050	22050	1	8	6461	52494646	64617461	61912	61888	4	a857f1fd0985a041f6797580c4865e82e845351f7898d48b946fe3f5991eb5a7	8a649e5e9a98fd7bc68afa4afe3a4dbda59b46451f2b44fc4ebb3eb9180b2e0e
all.snd	101	006-1	00794434	64134	0	24	64158	1	1	22050	44100	2	16	6461	52494646	64617461	64134	64110	4	1e4523406e0278d89a25d73c19dcb5db8c2f154a71864bc8698e1fffb204f9ca	df26972218bc222275c3e5f999f432d63df4ed299c8023f32faee1d957a4ebf1
all.snd	102	006-2	007A3EBA	66342	0	24	66366	1	1	22050	44100	2	16	6461	52494646	64617461	66342	66318	4	ba074b05201a97970eee12e27764c61b834b170d528bb71c221980664990008a	488b27742ad078708ea32af9807e98f52ea442d0d88afec05cfa86d3755948b9
all.snd	103	fireba~1	0034B3E1	117638	0	24	117662	1	1	22050	44100	2	16	6461	52494646	64617461	117638	117614	4	5ca1f2981368249b6deecec24d8224f657e493d198b664513d5b8708ecb231a6	65357f9398515beff6785e91a9958ab8983c6032b3041943fbec7b12703f64fc
all.snd	104	fireba~2	00367F67	66500	0	24	66524	1	1	11025	22050	2	16	6461	52494646	64617461	66500	66476	4	5984ac78301fbf1b3b0512284017e1bb19e82cac9bfa4fa2389a600edf81e51c	20817cc49d8bbf7d2905fedde4dbc918c94869665d34a799dfe4d9193882adbf
all.snd	105	fire1-1	002FE6F1	23238	0	24	23262	1	1	22050	44100	2	16	6461	52494646	64617461	23238	23214	4	c151717bc4a38c53629fb61abfb7b63e88300b1889cf7ab67969b71ae6c04144	5ff6ef8a10a89ee1a2332555969f0216191d732f8c2f7fc9b85954810729da00
all.snd	106	fire1-2	003041B7	44166	0	24	44190	1	1	22050	44100	2	16	6461	52494646	64617461	44166	44142	4	58b43fa5d93f28b35e79c7988576b441cf12017009992db5b7885bacc9e1c735	8596a749ad9db121eac2dd2be9767d69caae87bc6db7dcb683d1669a1eac0649
all.snd	107	fire3-1	0031ECED	118018	0	24	118042	1	1	22050	44100	2	16	6461	52494646	64617461	118018	117994	4	88cf1e654b96ca22b370ee65eaa723091573c716582ffe384772134eebd0c369	740269669f5b78a5b170743f5c541b3c56ad18437dda71a73d9d1b38f0416c25
all.snd	108	fire4	00347BA3	14398	0	24	14422	1	1	11025	22050	2	16	6461	52494646	64617461	14398	14374	4	a6061e6771e673ed75708865610acb5ce88529789a4c6966528c290ab49cecaa	865abe093738466af34ad51ecf7b32d48fb1f3686298235b6eb420ce3e70da79
all.snd	109	石骨魚~1	0044BAD9	8890	0	24	8914	1	1	11025	22050	2	16	6461	52494646	64617461	8890	8866	4	7ff11d1f6e8dbd44f16d7388346ef40feb08fd3558338df3ec59fe14b38eb010	2bbaa5e41a3db116e3caa7b43e7777477986572ca5a907c2c8ba8a58fac7bc3d
all.snd	110	石骨魚~2	0044DD93	10204	0	24	10228	1	1	22050	44100	2	16	6461	52494646	64617461	10204	10180	4	e8af2b925407264c306b184ccf3d366317376a71ae261feadafc3309e8fbdee1	3ec13be35a768abf1231fa06d4e5181d0ec962f30eb80f25a921aa1290629875
all.snd	111	加賽因~3	0037832B	31624	0	24	31648	1	1	22255	22255	1	8	6461	52494646	64617461	31624	31600	4	65d9dba62ad17e6bc5eac49b4385288ea0e376e210050f5531a6d193bf5c2ccd	76ba5c98649d530d09e6488310e47fe07755b795f359f61d6402c08e7febd639
all.snd	112	加賽因~4	0037FEB3	17262	0	24	17286	1	1	11025	22050	2	16	6461	52494646	64617461	17262	17238	4	f2a74f371b94d114109703b5392a63312f16e9ec1eeafbd3b91b9e5955dcee95	1adc3308ccccf0ee083dc745f16810f7193e2e9c3634003f8e2210346cb1d421
all.snd	113	加賽因~1	00384221	5481	0	24	5505	1	1	16000	16000	1	8	6461	52494646	64617461	5481	5457	4	36692f58438eefded6503d6252178d5442a14a8d513d8de8967ebf40e0f66fe5	3e031f93cd588a205461e7f64372fcfec39bd54d748fc6a4ca02f86471ba7579
all.snd	114	加賽因~2	0038578A	15814	0	24	15838	1	1	22050	44100	2	16	6461	52494646	64617461	15814	15790	4	6a54c227ba7dff2d7d23fb5f2cbc43be9b9f631eb57133d9e595fb16fa940629	ab09559a4577174b88ff0c1d078e488ffe1054973d3918b44eee57f94098cae4
all.snd	115	劍打盔	00389550	17524	0	24	17548	1	1	22050	44100	2	16	6461	52494646	64617461	17524	17500	4	eb4f00815aa6db437c0663e1f16bd604ddaac16483bf37ed9a568a4e37fbc82d	5478195e128d1811644ce8bcb311e9d66fcb5932b9cfa90065755a0e96fbbe59
all.snd	116	賽特練妖	0038D9C4	57326	0	24	57350	1	1	44100	88200	2	16	6461	52494646	64617461	57326	57302	4	8222f9531369e835e0b2194ebf31405043bd5eae8d0a90f9618b6dd88513ac07	7e499a9bd1ef76b11c111c2665c5aab6d1ef6388ed5064ebf4722e6e47ea188b
all.snd	117	賽特被打	0039B9B2	19644	0	24	19668	1	1	22050	44100	2	16	6461	52494646	64617461	19644	19620	4	3d791813154c3a79b680215ca30059177e86c13f0602cc7f02f7129d1558ab4b	62c9bcedd3529d0a4cb764c49270e22cb2edea3c1631d8867867b1059eada545
all.snd	118	斧頭著地	003B8340	16012	0	24	16036	1	1	22050	44100	2	16	6461	52494646	64617461	16012	15988	4	7adce0a5bc21097bc8882988f95df385f91165ad3ed15aec24cb8b3096d7bd20	15e3380944d5ec4cc21836ffa4556a29ac64f11be95dea1a8e4ad940f7035779
all.snd	119	賽特跑~1	003D15C8	5432	0	24	5456	1	1	22050	44100	2	16	6461	52494646	64617461	5432	5408	4	fdc5ff33c5af4827d7eef14aec9c25e18c200c76e5f1dcf9137ab965e29d7586	dc291905a659e7250de358515f2f902655591a379134c96baeb4275d97ad76cc
all.snd	120	賽特跑~2	003D2B00	6892	0	24	6916	1	1	22050	44100	2	16	6461	52494646	64617461	6892	6868	4	aa7abd4af3f99e5f67d0bd4cfc36290a5316c7b9ad46f9daea25c00a3c91a1b1	9b29e3715c29c6063d216ca6b54115269d485adb337d414d3d3682011f69a684
all.snd	121	麥爾斯~1	005E1DF7	17678	0	24	17702	1	1	22050	44100	2	16	6461	52494646	64617461	17678	17654	4	108561989d30162b1725db768917732ec5352641a0742b978e0a82ddb8d14be6	18626daea5d4cefb2306c1efd76d9a2a528848cfe60392299f8d088a53c1e100
all.snd	122	麥爾斯~3	005E6305	19950	0	24	19974	1	1	22050	44100	2	16	6461	52494646	64617461	19950	19926	4	2a4244bfc4c44a1bcff79629e57397d2ddfbcab4e320c8078b53faadcd00ca07	26e9b4f15edb3ff6bc56e65b575d72591a01b20faa84d87c77b5ed7b80d13f8f
all.snd	123	強攻擊1	003D45EC	55080	0	24	55104	1	1	22050	44100	2	16	6461	52494646	64617461	55080	55056	4	090c054830e14989a8d867de95684262e6c3c92b20383dde02653cc883bf0c2a	0ed03c737b3cada571cb4b5ca4df64c0eb7f72bc175971ba9b9ad964b31f9ed6
all.snd	124	強攻擊2	003E1D14	26554	0	24	26578	1	1	22050	44100	2	16	6461	52494646	64617461	26554	26530	4	88fbbad083a2de5d82e73fd25a7f4f956dfcb43fbf72d5a09684d05f26aeeaea	b37d57f217d723d144fa3ee42efb5abd9c3dc72a34bc649da550b4a1d08a8298
all.snd	125	凡妮莎~3	003E84CE	13066	0	24	13090	1	1	22050	44100	2	16	6461	52494646	64617461	13066	13042	4	4609c72fb0d9418e60cbec4304e182769992a568e58aeea5f00550cd82dc55c2	31fe9a6cd400d3ecb1d47d489560909011cc501fee9199691b5c04a73f39a6b0
all.snd	126	凡妮莎~6	003EB7D8	8282	0	24	8306	1	1	22050	44100	2	16	6461	52494646	64617461	8282	8258	4	bcad9a622a47e84e43a47818afd0ba1bf38eb316be44f1eb5841681a722d6b79	1628931d8b8e1b02bc5ef76d8bcda596b5579021dde339d46a26308e86f405c7
all.snd	127	跳回聲	005A40AB	3330	0	24	3354	1	1	11025	11025	1	8	6461	52494646	64617461	3330	3306	4	5a2489af3359708d74740f6c51c0de5dbbbc25d09683a4cecbe6e07f7eb9df53	2ac4bb502b3eb0ae2720d37bf24caba1a2a6d5244e71bd8a420c17e745377637
all.snd	128	黏怪1	003ED832	26448	0	24	26472	1	1	22050	44100	2	16	6461	52494646	64617461	26448	26424	4	3c1f26192a049ddf90809b68b23832e9853b56ad23f6e8499fe2057bb7631d94	b0d0d87057ad62e8d1f179018e38423bc11e16dce3fbe08f1abfb05b35b1b607
all.snd	129	黏怪2	003F3F82	16600	0	24	16624	1	1	22050	44100	2	16	6461	52494646	64617461	16600	16576	4	e92a71fd593112720398fe7e65d8131c0421078544d5241376d9aefd80544a5a	9482e09a909889fa0643a7dcf4dbff38c8dc8ce48d175632efe4fc92784b05f7
all.snd	130	黏怪3	003F805A	41648	0	24	41672	1	1	22050	44100	2	16	6461	52494646	64617461	41648	41624	4	0a4388f0837f4dd0d52debd8aa9b64512a8305dc3f122441aaf664d6ec0ee736	759c34118831d81e5fd8725483ad4cfdf7858336314160f0366770dc8e34fe30
all.snd	131	獅子1	0040F76E	12281	0	24	12305	1	1	22255	22255	1	8	6461	52494646	64617461	12281	12257	4	5c5bc773bb4513f98209e043c5ba0af1ea058ed29d60f24624c6cb11253f9083	0befbbead227d6f35a6c23d0d07fc5aff9144ed270e107124543b191b610947d
all.snd	132	獅子2	00412767	21530	0	24	21554	1	1	22050	44100	2	16	6461	52494646	64617461	21530	21506	4	d654a2f22b4bad317c0ae526273f62bff8bec81acd4788b0c2148d0bb08c68f1	875f6b9c81060c87daca6cb371910386a6dbe0d84d8f88697c860656375fa4e1
all.snd	133	獅子3	00417B81	37886	0	24	37910	1	1	22255	22255	1	8	6461	52494646	64617461	37886	37862	4	6d7ac5b7c0b09fe3d10ce6fad4e609ff4ed7c72e758924db2bd9a611f7fccaf1	fa050037d1838b8c41b2edae9c1fce42c6befd006e05c83fe8209dff0bbcfaf0
all.snd	134	公爵1-1	00420F7F	81770	0	24	81794	1	1	22050	44100	2	16	6461	52494646	64617461	81770	81746	4	1d3167d28126a2f11709b4da18d6f340a3a0cc11a2753275cdf709a8ddcd918f	864b37302e05c870ab3a72a62b39421671ec99a312fb0b0878a557cda8f1a900
all.snd	135	公爵1-2	00434EE9	50514	0	24	50538	1	1	22050	44100	2	16	6461	52494646	64617461	50514	50490	4	f7d2c6ced4b85472326960d7157cc3b4c0b071f398d8770f37b77e421549b150	2e6d44ce63e032381ce84196818076fb23f337c1e19ce366aa684123b1cfe844
all.snd	136	老虎1	0059AC41	26462	0	24	26486	1	1	22050	44100	2	16	6461	52494646	64617461	26462	26438	4	cc6dbcf52ec01af4be99183e50bcd54be4638969166fc853f40a580156585b26	63ad0a01adddf2674b10dc18daa90ed214410167ae91bd2537ffb47eb50ba961
all.snd	137	老虎2	005A139F	11532	0	24	11556	1	1	22050	44100	2	16	6461	52494646	64617461	11532	11508	4	b62734c21efe1ddac6d3622dce31f90a7b53217932773f1fc13611e12f178bea	ee47d4059d6d84390dd071049e7ecdafa19ac43283748e99f63b850abc23c651
all.snd	138	老虎3	0045056F	48390	0	24	48414	1	1	22000	22000	1	8	6461	52494646	64617461	48390	48366	4	54e9db985e0f6555ec2132ccf721dc55e7d13db6402c1e449301fad07497cc5b	bc223aeaa7a0b0e2ce05dbddc121536e4d45625bf6292155ee9467d23365ab1f
all.snd	139	完成	0047EA65	17626	0	24	17650	1	1	22050	44100	2	16	6461	52494646	64617461	17626	17602	4	11deaa137d3447984d05ba091c33bf8e5ae5e8f079affd6730d5588028bb2cb6	4f38f673a3807a84adcfe7b3733f5aaebe5315e071431d11bebb305e62a68bcc
all.snd	140	使用失~1	00482F3F	11242	0	24	11266	1	1	22050	44100	2	16	6461	52494646	64617461	11242	11218	4	6c205e689cb44a72213c34ab9882557023319ec9db985b50e41c2560e7cba0eb	6388783765ba2bd4a65a79dedf6597daac994f01fc33f9b09f76b909ee4d2a6d
all.snd	141	度度鳥1	00485B29	9628	0	24	9652	1	1	22050	44100	2	16	6461	52494646	64617461	9628	9604	4	34705a13cabc9dcfc9fd62185c1b35fa38b0c50d0fed5cea3e30f9d9585c6b86	7f2c15f9e4e0cad6e32dea293df9bb8dfd42ddc1cf6f2cf2745d58a1e4b8e6e2
all.snd	142	度度鳥2	004880C5	6608	0	24	6632	1	1	22050	44100	2	16	6461	52494646	64617461	6608	6584	4	652b5295b4cf4edee995c91289071e6853421e979df51f635c7634df6711d0ce	94c6339780027ff06c5c043cf34a0e5086e99efc23bc3ffe58ca2c5eb83e5ea7
all.snd	143	度度鳥3	00489A95	76742	0	24	76766	1	1	22050	44100	2	16	6461	52494646	64617461	76742	76718	4	b7e4b43629ff1d51557039acaba513b07fd31f3e5cfb489bbd88de9c0fc02deb	6ca95246e8b8fe40db2d536327198d4575b1f73423e57efc4de11104a561a122
all.snd	144	食人花1	0049C65B	17248	0	24	17272	1	1	22050	44100	2	16	6461	52494646	64617461	17248	17224	4	e888a638cbc0f8384c6774e43af6128072a3191dc717b682c8ca1e0928b89339	b03733e729d04924a5e41dbab6476a68090079a2881cfc81dc7d3bfe04d78200
all.snd	145	食人花2	004A09BB	25290	0	24	25314	1	1	22050	44100	2	16	6461	52494646	64617461	25290	25266	4	d37c9c546323696d67460488ffd66c271345eece0e1c6fda8e7fcb6fd5d16d53	a0c7167f4afd166c069e51fbe9031bcbb4935bff62712b9940af8cdd8920d088
all.snd	146	狼1	004A6C85	34660	0	24	34684	1	1	22050	44100	2	16	6461	52494646	64617461	34660	34636	4	29bc09b193c4484b62372cd7643aea8e9b985585c37c9dac7c2ff9ee45876110	64815ef34bf86cb39f3df78e562f06ef7ce792f76c2c52c417b51a6d95e2be01
all.snd	147	117-2-1	00771118	16642	0	24	16666	1	1	22050	44100	2	16	6461	52494646	64617461	16642	16618	4	940653af93adcee8f245b650d2de00b57bc003a7c6c5ff3b712f3e30f1f3bd38	c3f907151641dbe16ee89a8aaefd3b03985030a5cc032c4a1d436ff95a61092b
all.snd	148	狼3	004AF3E9	90335	0	24	90359	1	1	22050	22050	1	8	6461	52494646	64617461	90335	90311	4	518598315c6f2134ff99feb220a928d60057b7711f133db30de391790fda4c08	f1b31fdaabac8f3a599b1633b21338149e26188ba3a5a92bda6a4cf3e9035411
all.snd	149	豹1	004C54C8	22048	0	24	22072	1	1	22000	22000	1	8	6461	52494646	64617461	22048	22024	4	2d96cf076dc4b27c94d8bd566c52181003c7ff19c3d57136a74a8e2121ee216f	618b41d90151050fa903f126e00e541dd8a6dc386ff9a3b3b3debf427a133535
all.snd	150	豹2	004CAAE8	35122	0	24	35146	1	1	22050	44100	2	16	6461	52494646	64617461	35122	35098	4	10e88cfcd4ce4322bc9af84d81d5bf00590491963ad8746456d2caa6c9d85f1c	2451b5453aa0e8e285c0b3016ac42debdeaf82f6d965b5f91fee0e7e7a5d56a2
all.snd	151	豹3	004D341A	55250	0	24	55274	1	1	22050	22050	1	8	6461	52494646	64617461	55250	55226	4	ee13f15957a6315af0b3e27f6f2d59a6a99c653d5f764c77108f15ec6bc24896	664b1562c1f325002c283dde94d7b2828b09625b8821dbf9a0910e0f8d8d1a09
all.snd	152	野猴1	0050047E	21388	0	24	21412	1	1	22050	44100	2	16	6461	52494646	64617461	21388	21364	4	b56ad543477eb1eb083ea455e0dec990f46fd390dde67fdac573d20aa6ea6ecf	0fd19926f19ab857fac7582b2c966b248685fcde60a7b2c37f2715a7c889e1d5
all.snd	153	野猴2	0050580A	59810	0	24	59834	1	1	22000	44000	2	16	6461	52494646	64617461	59810	59786	4	3e6879611887fdd70738a46e8786eb709e3183a26a7f18292a53cbbb283a0ac6	716b693c8a2940eeecbe5f7e10be8482c9d37409659b4ec180a5340630d2a94b
all.snd	154	野猴3	005141AC	29386	0	24	29410	1	1	22000	44000	2	16	6461	52494646	64617461	29386	29362	4	c00520282f517cfbe7a020c4ece204bc7db1c2e96ac9a6abb4ea1747609a61cc	684853eb47d3ae06464057709198241aa078c5e3334c5751312a143b1b9f8d63
all.snd	155	黑金剛1	0051B476	35604	0	24	35628	1	1	22000	44000	2	16	6461	52494646	64617461	35604	35580	4	019d9acf951ab09b60b2594db3c5ede67fe0d366ff25758cd774e9a850bb5c5d	011ccc24e561386ed3f691330c9774b99a025642c86ab90dc3dbd3f774d63bd9
all.snd	156	黑金剛2	00523F8A	17446	0	24	17470	1	1	22050	44100	2	16	6461	52494646	64617461	17446	17422	4	f6d0d93837221f9e455cd3f8a67f5eb5d5f900409fb09bd614d9ccd2a37cc6ec	6e96ec2d6a0146515124c17e4ee22616907c360b2f171117bcfa860c61543c6d
all.snd	157	黑金剛3	005283B0	66262	0	24	66286	1	1	22000	22000	1	8	6461	52494646	64617461	66262	66238	4	8c63d082b0664ce8f96a3a59fe3ae745d553af081f973bb93555161e346c837a	aecd9d4dc602dcd1bf4c590c83bf6885c495c3fd819459e688e8b747b5db84e5
all.snd	158	蜈蚣1-1	00571028	15462	0	24	15486	1	1	22050	44100	2	16	6461	52494646	64617461	15462	15438	4	8949461033d234bd3272d95b2f4fed543e78ff307e89c8b1f4d8cd5bca1001a6	c28f91d98e205cedf78a07d0d6bf399ca05207973d0857677b5158f8a05d7848
all.snd	159	蜈蚣1-2	00574C8E	12678	0	24	12702	1	1	22050	44100	2	16	6461	52494646	64617461	12678	12654	4	43be4018ac8fceef02273b8d3917a804081db792fb0c8c831e09b65788140a63	64601e8c6c9ddec0af9a399a1e4bd11adefe95c3982b28b330ab5f419276ef64
all.snd	160	蜈蚣1-3	00577E14	38366	0	24	38390	1	1	22050	44100	2	16	6461	52494646	64617461	38366	38342	4	cffc4d4f3651ef4173b5df86f258997bcc4c47abbe1c3a8e1c8e2eaa9871ceb1	d1bc428e0c0bba35376b1bece9f4196caba1f67b318718d3b0bce55286a7191e
all.snd	161	熊1	005813F2	26370	0	24	26394	1	1	22050	44100	2	16	6461	52494646	64617461	26370	26346	4	3000f6cbc314f3f1b671d480b8043df2f5b36d320ca5663a3a931fdc69f68d2c	b92d6ca229607193ed1d483cc1448afe3eb6db277e859558a17b5999d0c80c45
all.snd	162	熊2	005B4A27	55668	0	24	55692	1	1	22000	22000	1	8	6461	52494646	64617461	55668	55644	4	4920250b6d13bda790d1d195f073868421bf33906f01fa4a9d156e3a2644fb7f	53deba64c3331b84fb4b45203d09797e116a0e4cf01eda1d49bb62c8e2d53620
all.snd	163	隱翅蟲1	00587AF4	18628	0	24	18652	1	1	22050	22050	1	8	6461	52494646	64617461	18628	18604	4	97d5c4230dede207c12c60cb2f6138ab0ae5ab4cff5305d9de7d3a4b14383f3c	4cede62bfa151886fcd7ea86177ff950a9b8541f60d95ad210bf88aca8aeaba0
all.snd	164	隱翅蟲2	0058C3B8	5836	0	24	5860	1	1	22050	22050	1	8	6461	52494646	64617461	5836	5812	4	5691e84c71b790d8a51d44b7a5550267b8f75dc6cb8b4d8c03a0018554395eed	b2f977522f2c2390575e2993b95d5d70eccfba4b872e1b5d6cdfe3439a53d11d
all.snd	165	隱翅蟲3	0058DA84	13243	0	24	13267	1	1	22050	22050	1	8	6461	52494646	64617461	13243	13219	4	2681b549457f3b9b44dbfc265062fc4d7b58ea0ad1a02364388d61390a9a9fc4	a062eecc0eee3546194bb9432bc741ad2514f6f586042c0e6c9997598ad16ae8
all.snd	166	蠍子1	00590E3F	11061	0	24	11085	1	1	22050	22050	1	8	6461	52494646	64617461	11061	11037	4	82acaf9f804edeae47151aedd0ef22a33ad6b018c9f4592f729f59515a40e14a	0ac5cc732ba84c65f415503dea4536115223df5b9fc1217d407f3bbc1d31ee26
all.snd	167	蠍子2	00593974	15047	0	24	15071	1	1	22050	22050	1	8	6461	52494646	64617461	15047	15023	4	ac51b04bc6b0346da44d46539abbbdee74d792d48ed575d92ac0c8a832c97045	873b6a29a8911e835cf61e404e7f7048bd0a5028185e3a35c359f332955be9fe
all.snd	168	蠍子3	0059743B	14342	0	24	14366	1	1	22050	22050	1	8	6461	52494646	64617461	14342	14318	4	1e5d9361858d9ff425a63b77abf40ff78e6a5f00dade474166c6406cf2f11ae8	f38055a32b6c83a20fc6dd0e248e7fe56d6a3662b310918f158a12ff2197f71c
all.snd	169	賽特跑~3	005A4DAD	5432	0	24	5456	1	1	22050	44100	2	16	6461	52494646	64617461	5432	5408	4	2c911b4af7da572c563ee0b13119d49a711720043cf12632c0af5880cb46ec57	bcc097eef48dcd365195edd7666479e1cd1a025712303e8bb592f4e58a37f413
all.snd	170	賽特跑~4	005A62E5	6892	0	24	6916	1	1	22050	44100	2	16	6461	52494646	64617461	6892	6868	4	00ea583686480d01cb1834fd11f3f13ba422e225d712e106547684624b97b997	62f41f498dd9c7f1052b4d3367d27218ba15ac15e385748af067182f67d85f5a
all.snd	171	地牢鐵~1	005A7DD1	52310	0	24	52334	1	1	22050	44100	2	16	6461	52494646	64617461	52310	52286	4	387cab58cbb322abed05913fe918ce2c7c27b4d7e39fffee90b2245d0b2aa2a9	9c996d2d49ab251ef4928f5d47e1072c50c6031920a13d3d8b1d89fb3539cb19
all.snd	172	惡靈3	005C239B	37714	0	24	37738	1	1	22050	44100	2	16	6461	52494646	64617461	37714	37690	4	4989059d111f3688a8b08394dfd2ffb727b21da69b68f68821f2f7bee3a3a342	4e724ad4e7738823092318337c62dcc501d8f2b51ede0f3b031d5112aed0c305
all.snd	173	水鬼1	005CB6ED	21774	0	24	21798	1	1	22050	44100	2	16	6461	52494646	64617461	21774	21750	4	70978270349bc16a566c451de9cd3cea0090a10769a9774909958951898b87b8	63d90554a76cc920b91f8920ab84f412a56eff12bdc6bcaad0351b15c9d73e3e
all.snd	174	水鬼2-1	005D0BFB	20760	0	24	20784	1	1	22050	44100	2	16	6461	52494646	64617461	20760	20736	4	248101c6c62332b946335d050bd1d7601803070080a2cce28fb730ee21586b0d	3ae128684ad9ebb7c754758a52cb2e220e72e3369f61e81a29a56fccf288370c
all.snd	175	凡妮莎~4	005D5D13	22774	0	24	22798	1	1	22050	44100	2	16	6461	52494646	64617461	22774	22750	4	c2fb7239cfcaf74674af7edff3a1c9c340528bbb9ca26f8a34c295d849f113b2	8de37fb69e3661ff02fe28935120889ad929726c436b8315425ab15105552aa1
all.snd	176	凡妮莎~8	005DB609	26606	0	24	26630	1	1	22050	44100	2	16	6461	52494646	64617461	26606	26582	4	47c5fa712088bc2b95cf74f2139c6009ef5c7b4905c1987cbfa480710a4f72f5	261980bbd39f457bb69df7ac94c9e1f9ccb36dd743be8f9e63e505fceca3145b
all.snd	177	麥爾斯~4	005EB0F3	33042	0	24	33066	1	1	22050	44100	2	16	6461	52494646	64617461	33042	33018	4	378200e414647c7bec151fae9d4319d48516e3cfa0ae8a88ef74f966ab4e89f8	e1c8d38001a5a7ba4a39bdb95afd2b2c71fb222bd6860a6f9020032818c5ba4b
all.snd	178	走路1	005F3205	9694	0	24	9718	1	1	22050	44100	2	16	6461	52494646	64617461	9694	9670	4	20c6f089677c050ae2f70c28f002054204b33dc9cac7bae8bda916e17fd27fd7	82e24abf0a892ae1c25a831f36c47e8d741c9664dd5f98edc0fa6e521ec88645
all.snd	179	走路2	005F57E3	8570	0	24	8594	1	1	22050	44100	2	16	6461	52494646	64617461	8570	8546	4	4fb56f1b0cdf7e70ed27a5487b34d13bd2dcd5dd2f9eeec261799975036d12b1	914cb238a9930ad3011d43f24645cc9135e17d990980f65f445518d85efac6ce
all.snd	180	扳動機關	005F795D	22056	0	24	22080	1	1	22050	44100	2	16	6461	52494646	64617461	22056	22032	4	207a5f9f11a323bf1a276467e77352237603574e1b907fb5aa006f0727172272	7d387aecde5eb4223be34d30d98778e8aafce82de63d5cb42d47923f418730ff
all.snd	181	弓光波	005FCF85	21362	0	24	21386	1	1	22050	44100	2	16	6461	52494646	64617461	21362	21338	4	a208bbd6760741ddaa1134450fc9cfec0b226874bb57e111e1deb7ea98e0d3f6	16749848a2e5a4e6e807e263d72222a77aa0ce21cdf4d62063813acdd8fa4b31
all.snd	182	瀑布流~1	006236DB	97888	0	24	97912	1	1	22050	44100	2	16	6461	52494646	64617461	97888	97864	4	7aa8cb38c8f57f20e873bfb8669b080f2dcc7c4baecbac02e522da1300b84d46	82168d8058a7f033f41b3d05023042b4ce00d64d7cac78d1b2fcc48331dd98c0
all.snd	183	轉風術	0063B53B	85262	0	24	85286	1	1	22050	44100	2	16	6461	52494646	64617461	85262	85238	4	4566dbf22e2177fd4558fb5a532c1be4ea0424b22c5e344df6269f5ac38c50af	c3a0103e3ec534a16522f24e8f1b19e32478e2bd4bb8fff10c3bc9ec7f63fc12
all.snd	184	丟棄	006517FD	13268	0	24	13292	1	1	22050	22050	1	8	6461	52494646	64617461	13268	13244	4	4bc6383c9a6e7d1e3dbab6cc1f53deac03182b9947ae301f92933d6796f0c9e9	7f7e257b489cf39e1b2df0b23eb6b5533a2013e11f02544c72d34d3b170e43c4
all.snd	185	投錢聲	00654BD1	27816	0	24	27840	1	1	22050	44100	2	16	6461	52494646	64617461	27816	27792	4	832f23eccf6aa828a6946208b665f22449fbcce8fc774063d1f41d06f268f42b	f53f1c7019b810abb96c6e0d26a51baf1fb36e37d8d29504ef43a465f2e98d5a
all.snd	186	使用確定	0065B879	22036	0	24	22060	1	1	22050	44100	2	16	6461	52494646	64617461	22036	22012	4	38937e5d9b142388be56f7afd8b150319da239e6b697ac6c96bbaa7f0e0c96e0	2db883022bc9dca3d78bb2375735691dfd89c9de436c6640d3ec8393a26ac735
all.snd	187	原野開~1	00660E8D	15442	0	24	15466	1	1	22050	44100	2	16	6461	52494646	64617461	15442	15418	4	6f03fa52f99d62c9b54ce9c6f6fb5298f89ebef34fbed3da8cb0133083c2b4d7	627d2dfbe23378cb7a25e95b77308b5c7cf36cf1be73f0420c6d87d78b6d50f8
all.snd	188	特技滿格	00664ADF	18562	0	24	18586	1	1	22255	22255	1	8	6461	52494646	64617461	18562	18538	4	4a9bd211c08ed4060e9601359e1075c79937230ad2c52aedb88c156ca93416fd	e8562b4427b89ab92b4eb67f42b9e30dbd95339831eb36e582bd2cb5af4d04f0
all.snd	189	移動選~1	00669361	15450	0	24	15474	1	1	22050	44100	2	16	6461	52494646	64617461	15450	15426	4	8fd514e5d7f8ad5a2ab84639ca325027e5b364c445e854d97783b7381e36cafb	37f2572e125d3f248d24ddc923ce899073b0e2e8ff3c62559f86791e867f5573
all.snd	190	移動選~2	0066CFBB	19198	0	24	19222	1	1	22050	44100	2	16	6461	52494646	64617461	19198	19174	4	13c02a97df4ecd5276616437df9d68f6363c74c088aa4f81422969dc2325b6ad	0c6d4a47d3856a38d6121562dc360eaed8cd75fe721ef36230d13618938a15e2
all.snd	191	移動選~3	00671AB9	2240	0	24	2264	1	1	22050	44100	2	16	6461	52494646	64617461	2240	2216	4	2987e6e28b1a7fed08a472c2eeb8f23df9b8c1174dfc10a1d997f8fd95d1cbfa	cfd57a9373eb1f1b2bf98b7ef7347d92c28947c2af73eb81f885e70c4b02e807
all.snd	192	進入戰鬥	00672379	258394	0	24	258418	1	2	22050	88200	4	16	6461	52494646	64617461	258394	258370	4	f5009e31f091b18f64085dd3d7e03f0f8ddbac996abe7568784845206421ccee	d09eb8bbfb278eb3bac32d223402fa92219ef73f76b637953e354d270f0f740b
all.snd	193	獲得寶~3	006B4281	77238	0	24	77262	1	1	22050	44100	2	16	6461	52494646	64617461	77238	77214	4	09bb3e4e4c0f8f48793e933d1ed6463d7ff80a34b1044c97a208e8cb17daa4b8	afcc1e95170ddc0de73bce29f76f6562ae1396b3ef99d8e8af80427b9de5db28
all.snd	194	翻頁聲	006C7037	10692	0	24	10716	1	1	22050	44100	2	16	6461	52494646	64617461	10692	10668	4	9e0b36129eaaa441b36b8c7bc0560b388f3988f3b5e9d2f94d02f3802be74410	c2f0737727e8d6064ca9c609c2f5c50a29b308d1d40bc2787b55a203d85be17f
all.snd	195	妮可出~1	006CEE35	50130	0	24	50154	1	1	22050	44100	2	16	6461	52494646	64617461	50130	50106	4	7b64e49918f166feed94e45aa1e1e0a0552855b187c7394718957ff399cb4245	22b7472aec036747b1238abca92098da05966cb51969c8d437ca89a6d689c7c1
all.snd	196	妮可出~2	006C99FB	2342	0	24	2366	1	1	22050	22050	1	8	6461	52494646	64617461	2342	2318	4	474c7cf83fdea68820b3cdbb25776888b513f5ddcf8e285a97fdebc3b575594d	7939753a11ba3038391841e3e203588744e826c965ff865764187d9365970ba3
all.snd	197	妮可出~3	006CA321	19220	0	24	19244	1	1	11025	22050	2	16	6461	52494646	64617461	19220	19196	4	930d10286cfd7225846e8e61534e1a26141cf540d397b5eeb1d0da99ffe400a7	3431cb37d134e3e9ebc12eaf4c4bb350d04fba4f73778b99162279ea766735d1
all.snd	198	妮可消~1	006DB207	19220	0	24	19244	1	1	11025	22050	2	16	6461	52494646	64617461	19220	19196	4	f6a9bc5fc73ceed9272c3143326f24a395aa57719f3311e95a73690a16c2f2bb	070431e719441d0f9bd1e57d8d81f0f923f13f4cfc5854884ed0c089eef04d74
all.snd	199	妮可消~2	006DFD1B	50130	0	24	50154	1	1	22050	44100	2	16	6461	52494646	64617461	50130	50106	4	be2735cd6c9b2bccb5f7cdf39bf8481f3be80e11e56278616b7be40bb74d7702	0c896f8f12e6aa106073a3834f1f990c1dad7c47c83f28ca0bfdc9fbcc34f3eb
all.snd	200	妮可移動	006EC0ED	34678	0	24	34702	1	1	22050	44100	2	16	6461	52494646	64617461	34678	34654	4	3b485e45d0af38161b13be5fbf970bd0ce9d2e2f5c43afc27c1518f507179a4d	f442f8b2169289d7a5ed65866bc6dae8d92714820c5829cf9def4c87ae4dbfbc
all.snd	201	鷹1	006F8A57	35695	0	24	35719	1	1	22050	22050	1	8	6461	52494646	64617461	35695	35671	4	3a5d7ff01b89b6709b5522ff5396d24f8e09529ad37a96f2968cdd847bd53a0e	bc682857f201277b0b9fc5e7f426d9277635ee37046c4fa766480a23593826b0
all.snd	202	鷹2	006F4863	16884	0	24	16908	1	1	22050	22050	1	8	6461	52494646	64617461	16884	16860	4	10a5647e07d3eaf7e0c1418a97ab66ac505eb718d908124188a83ae40f0b35cd	5b4bf99a982b0384b3a8ca568aa0eb271db298edbfabca008dab765d1d7e42b4
all.snd	203	妖貓1-1	007015C6	38712	0	24	38736	1	1	22050	44100	2	16	6461	52494646	64617461	38712	38688	4	bf7cf63244a915ac36fe14b8dd594efa58b39e10342350820661a35e7421bad1	238400864540f9bd9bd93cede397f94ff773fe51c10647e74ef8ec37a6babdd9
all.snd	204	妖貓1-2	0070ACFE	29760	0	24	29784	1	1	22050	44100	2	16	6461	52494646	64617461	29760	29736	4	3bb32bb22b59fd5ed279688ad39efd0bf2779b30c6f06db8e5f4aaf9085ed808	282b5084e761add0559ff6c28feac527acffd74636605ba642750e2af9062e90
all.snd	205	妖貓1-3	0071213E	66458	0	24	66482	1	1	22050	44100	2	16	6461	52494646	64617461	66458	66434	4	f7c0bb1222c8425cd496f1122dc05bc394c1ed5ffe3038000393002a25fed7ad	7729993bd267fd2657adf95bf0c4f3e396ac7f52284008d64323108073086acb
all.snd	206	133-1	007224D8	41852	0	24	41876	1	1	22050	44100	2	16	6461	52494646	64617461	41852	41828	4	76eea558327af4dba167e7bd430db196ef3cf41c319afa03ad992b1aed2463e2	996015cd4aa1ad9a2cad7bb4c77914109680f6b8042c344d006d198dd150a32d
all.snd	207	133-2	0072C854	68482	0	24	68506	1	1	22050	44100	2	16	6461	52494646	64617461	68482	68458	4	d844b0f6bf5ba5cb082c91ce3cb94c6050f0c01555a48e6295e1e89c64d15baa	072b1de3e673f9d22473a97cf0eb37979cb8ae70d128b3ea0f29eacb06a3f1ff
all.snd	208	136-1	0073D3D6	123620	0	24	123644	1	1	44100	88200	2	16	6461	52494646	64617461	123620	123596	4	37216f36305de2d3df0edc04446870f3c9079623ec5603e7d92520bf9859351e	51060ef9c876a8f4dafc5f7934f05f3b83f415c1d1096e9c607e2cfd1ce585af
all.snd	209	136-2	0075B6BA	29738	0	24	29762	1	1	22050	44100	2	16	6461	52494646	64617461	29738	29714	4	c614daeb0ea2afbcc932a9f92831bdd046c73f741f063223273b8e6569546828	706da69280ef3ddac92902742e69d22380e34c8193356c3faaabff9f8da9a158
all.snd	210	136-3	00762AE4	39634	0	24	39658	1	1	22050	44100	2	16	6461	52494646	64617461	39634	39610	4	685a79a53f13c766cfc7c7aecd6009230678d63aee7d10ffb71a4b29dc9220c8	2f7b25afbc1f28f54f4af0424776444becf14c0b2057d023c8619b51b8ee8395
all.snd	211	賽特施~6	00C16A36	30158	0	24	30182	1	1	22050	44100	2	16	6461	52494646	64617461	30158	30134	4	67083dcf3f2e6051abf6a5434b083db0938141e57a45924c335a68dc40344881	2fc42951ae0a94dd723b0b47f81dd154a5100b3ab1870278e17d99d9609f0e16
all.snd	212	1551-1	00C2CD18	88166	0	24	88190	1	1	22050	44100	2	16	6461	52494646	64617461	88166	88142	4	40ff2b3d30c04363f7c4b98c005d98d91235a65a2a12a8a6595ff1356cb61768	c7d65d8f35e1abb2ff8758c39ceddd6d6a05e9fd59d01ce0bb5be76975db3c30
all.snd	213	004-4	0076C5B6	19298	0	24	19322	1	1	22050	44100	2	16	6461	52494646	64617461	19298	19274	4	e22ccebf2f43492f34697db7941f40d2e4d5de319783b455cc82296c8d31f9b9	dfeda2432e99bbea41ddf9b741b36cf9ace35e5a7e58317d423cc8dd37841870
all.snd	214	117-2-2	0077521A	13756	0	24	13780	1	1	22050	44100	2	16	6461	52494646	64617461	13756	13732	4	60a829132e5b19c278f4f0ca73c009d4c97763871b85874e391fb235f90cd72e	ce38bcdb540b33ceb96a2fd3e6235df25ca375f8a00a9bf2861218e3f85a9424
all.snd	215	007-1	007787D6	51504	0	24	51528	1	1	22050	44100	2	16	6461	52494646	64617461	51504	51480	4	dbd9d12df975c697b037beb5931cad97d27659680d3dd4fa27120721a57c8dcd	6100892cfd3e55b4c8124a3ef387b5c26c16eccf79800dda15a4a15dacf2427e
all.snd	216	130m-1	00785106	21914	0	24	21938	1	1	22050	44100	2	16	6461	52494646	64617461	21914	21890	4	4579df7e578a8ead4483cb4f80d10c27d554cf62ab9f49aefe96a7e296ec65fd	07fbe0663ab6e507792d797a1dd741a71ff5358be7605244465e7143365a2e2c
all.snd	217	130m-2	0078A6A0	40340	0	24	40364	1	1	22050	44100	2	16	6461	52494646	64617461	40340	40316	4	0499fce8bf8f11558cb7518bd5762436a418fe1c81c324749d16d5745eb17a23	cdfe67db03dfdb6c27ac57c6f7b0d937835388fdeffc214b479f4eea3395bd5c
all.snd	218	006m-1	007B41E0	52674	0	24	52698	1	1	22050	44100	2	16	6461	52494646	64617461	52674	52650	4	e1067be1626cd0ecb8f7d78156a27c2741750a5676df76c04d361b29f472b4b5	aa7ba57c96a7a481bf756507f4049cdabd75e7a61b16f5de92fcbfa10d18c38b
all.snd	219	006m-2	007C0FA2	54496	0	24	54520	1	1	22050	44100	2	16	6461	52494646	64617461	54496	54472	4	31cba4b5d343dbeb84a3bde6130493fda86ecd09e3323126b5fb6c6f4f30bd3a	00f895ff0cba19b02ba1494a6c9f971962467140fc593221075b6e30ec78dc1b
all.snd	220	鳥叫	00B00072	34714	0	24	34738	1	1	22050	44100	2	16	6461	52494646	64617461	34714	34690	4	c98407d5cf93c0e7fcb0d6520508a45ad577566b5f6f5d30c73a9b6e97ceb484	26d7a2a7aa99bfe8ee06e6bbd5dbfd5c5c8785c1eabc134ede82fb366c9ff61c
all.snd	221	006m-3	017B9EEA	99326	0	24	99350	1	1	22050	44100	2	16	6461	52494646	64617461	99326	99302	4	4db8703c1b1aaed2561ec02cb6d9d07fc130d29780f68bc215de5852b527dd37	d1c6a62d36d7e68adbb64cf89a5405a79cceec32946de95f040bba4d3c732257
all.snd	222	006m-4-1	007CE482	67630	0	24	67654	1	1	22050	44100	2	16	6461	52494646	64617461	67630	67606	4	65df3d8cfd2e85fa28120b9fc97eeac506dbe05614dc742249b966c235e3324b	69b4ff14bcfb3d7d5b87dc1136ae9752533ae57281a3847db3bc2fd2c847ac01
all.snd	223	006m-4-2	007DECB0	223180	0	24	223204	1	1	22050	44100	2	16	6461	52494646	64617461	223180	223156	4	400a6b18041f283c2258e228e3c57d7abe90abcca525f5d02fca896786a3cc81	be6649ce7ecc3aaade4d0967f0c6b006204e88aeee79ae463ce047dec55bd864
all.snd	224	妮可出~4	0081547C	40606	0	24	40630	1	1	22050	44100	2	16	6461	52494646	64617461	40606	40582	4	11bbae43004987a9fa9dfb4c319e340baab5ffc6a173d937e9a7ccf1f97b23d3	7c4b28a866bc71b241cc924f1cd3d5e29b5b15010dc93920a280910b1b9c0745
all.snd	225	喝水聲	0081F31A	225152	0	24	225176	1	1	22050	44100	2	16	6461	52494646	64617461	225152	225128	4	5f377f7dd69bc1fe611031b677fee973172186e98f6358bfab16e3030dd7c869	5a7ebbacd0c67960331af759027b07b73149615ab76d41763623bf8676fed7b6
all.snd	226	006m-5-1	0085629A	111536	0	24	111560	1	1	22050	44100	2	16	6461	52494646	64617461	111536	111512	4	00bc16e515f74521309d26f0d0edfee312e42d619ea678a4dbf4561f3b4181be	2fdaf2825e0d62e7ec424528e3764fa257babb7d461e3db8947a34c1278ccc0c
all.snd	227	006m-5-2	0087164A	214852	0	24	214876	1	1	22050	44100	2	16	6461	52494646	64617461	214852	214828	4	4eac631ef312ccc706f9b91a512e21273b2d8054c51ab37b06fdeabe35bde5fc	0d0cf5b7cc08d13178b0cabf52969ae352a6681607a1521f78a0241692ed6a1f
all.snd	228	閃影光1	008A5D8E	117134	0	24	117158	1	1	22050	44100	2	16	6461	52494646	64617461	117134	117110	4	ee1ebd0317793b0b9e153047b9a40802a2d24e3aeab7148ab0a45e7276297b73	81f3a2ee6396672347334a132fd4e64330f7f3f3f683eabf50bdaf153ef761f1
all.snd	229	閃影光2	008C271C	151204	0	24	151228	1	1	22050	44100	2	16	6461	52494646	64617461	151204	151180	4	471ceb5559c3bccd0ef2bb809d0ccfd027f9cc2abcdc1dcbf44926786af4bb23	2f4dbb40a12660c15be121604cb4d1368ec3bcea102af447d2dd78c33bb6efa0
all.snd	230	1505-1-1	008E75C0	24270	0	24	24294	1	1	22050	44100	2	16	6461	52494646	64617461	24270	24246	4	20ee216824de9b4c90a30aac1b762306ffc1b3b00c17d5540e6b09a58b15bfd3	c5c573d0205e67712bbd1f533ec7f7645cd30779da17578bb43e79a8bffd0344
all.snd	231	1505-2-1	008ED48E	13308	0	24	13332	1	1	22050	44100	2	16	6461	52494646	64617461	13308	13284	4	f53a19165f7d1a6056bd3297f72a21ed686f6dc5064febb4065297bf6cf87ff3	c65406a11638403b1656811b14db033a87b7773aa652ecee19b61fd286fbf141
all.snd	232	1505-2-2	008F088A	158936	0	24	158960	1	1	22050	44100	2	16	6461	52494646	64617461	158936	158912	4	113e394847e93f4be99654ea62517506753b332af1c123c3c190954df8c95c13	5e7e4792804b49efc02801482b6f4fc316a96bbf306fc0967d9609cbe01a0af4
all.snd	233	1505-2-3	00917562	42010	0	24	42034	1	1	22050	44100	2	16	6461	52494646	64617461	42010	41986	4	d151a92db656f89322ea9b03e36583975453a59fec2ed43fb9a7c49b48489ccf	d0988151f5bee048413a30cbeb37bb63ae5dd24ab9354c1ced3c776ef386be53
all.snd	234	雨聲	0092197C	113988	0	24	114012	1	1	22050	44100	2	16	6461	52494646	64617461	113988	113964	4	65c4843cc0bc41694a51f62920bc77b826f351e2bba05cc1ba97bb035d399f7d	cfdaa1550e1d8fad5652252fa25bd85ef3fe990d122b5f90e23753eddaa79955
all.snd	235	e-l-to-r	0093D6C0	87642	0	24	87666	1	2	22050	88200	4	16	6461	52494646	64617461	87642	87618	4	3a3fa59242e152728ff62daba0fa3bda67e36b78cc7531ede7137f0f6c305af8	726ebd03d70b810befefc10478815ced70699ba471c549eec455140cd6a8065d
all.snd	236	e-r-to-l	00952D1A	88218	0	24	88242	1	2	22050	88200	4	16	6461	52494646	64617461	88218	88194	4	8039320c7e93f4e52ea18c4076a7304470288299266110a576037613ba789433	8a84c7abc12046dbba4011537a6f95ab59b4a426339b8710c36c5d01e7d864a4
all.snd	237	1566-1	009685B4	260468	0	24	260492	1	1	22050	44100	2	16	6461	52494646	64617461	260468	260444	4	8ed230bfdeb51354b27522a97d2b694b6c78618c6ee5d899f64335065f4aaefc	59212a44670602edf33cc382a0fb8e5a6f635bb34157089a785735b0ccfa4524
all.snd	238	1566-2	009A7F28	80812	0	24	80836	1	1	22050	44100	2	16	6461	52494646	64617461	80812	80788	4	18e114dd8890d3d3e20f6a47fa50309772de909900d1a7eb615a65c910de88f9	a40c652c10d2c2337c52a7823e744a58abc58dad263b2ec3a70f7355327301f9
all.snd	239	冰山出現	009BBAD4	925042	0	24	925066	1	2	22050	88200	4	16	6461	52494646	64617461	925042	925018	4	b6b4a921a05a91e9d67b10f84d24b733a06262d88f333b54a9e0ec982d236c3c	f2b6650674e54bb24afb6186e8f8b78a0dcd211f6112818a334286d7a067a7dc
all.snd	240	六芒星~2	00A9D846	275182	0	24	275206	1	1	22050	44100	2	16	6461	52494646	64617461	275182	275158	4	af82104b9f1e99c6c69fbf32778a0d40021e6c2c5db2d9122736634dcdcebca6	e31419b171ecc5637aaefe2ec403235502b550372f1d67281a7ddaa598822b6d
all.snd	241	六芒星~3	00AE0B34	25886	0	24	25910	1	1	22050	44100	2	16	6461	52494646	64617461	25886	25862	4	e5df525bdd9924a8ba6cc95d44d9fbafd6021228508dd07486b4d568376b495d	241df1a7846e8f85569aeef09b825e886009c929f91952a43ef78f11e8418301
all.snd	242	六芒星~4	00AE7052	20724	0	24	20748	1	1	22050	44100	2	16	6461	52494646	64617461	20724	20700	4	e0cba1ec91eb1a0404a20ac7726dc02e624037e2d8bfe138ae6198417d475681	0f08af81970c878515752699a60250656a863855dd6cd0a49cd90651a9016633
all.snd	243	004-5	00AEC146	21160	0	24	21184	1	1	22050	44100	2	16	6461	52494646	64617461	21160	21136	4	70e49fb9d9196e35416716582b303cb74b2e54175f97794aeeb5c6d75799603e	61815e4843d7a06e75d5aab56f8537cc8c13134745f157eeef83bbad35c305af
all.snd	244	冰凍聲	00AF13EE	60548	0	24	60572	1	1	22050	44100	2	16	6461	52494646	64617461	60548	60524	4	d3b6dcf9d8bf16dd2c37b9e6969a0ca042149dba8fbe5a55606149aa55c477ca	676ee49a0ac0fa12a874f63cfe0587383624d83e19e8f3bec00cfd150acdcc62
all.snd	245	鳥叫2	01AFA97B	163534	0	24	163558	1	1	22050	44100	2	16	6461	52494646	64617461	163534	163510	4	4fa78a4c480364be46be5d690be2faf8724cdd63f9b5470156798750b06fa3c0	954290aab650a6ef216213d085dc63cb63bf1f09edf418a8ba714e84c56d4ed7
all.snd	246	船出現	00DCD848	1759894	0	24	1759918	1	2	44100	176400	4	16	6461	52494646	64617461	1759894	1759870	4	6a7543a286f1e0b349949f18a74947c82a47b136e2b96dc90d47a4fc4d4e440b	1eb439865d014f41e85c3ce1fc8dcdc83d15e74f798a83842196ca8e1da081ef
all.snd	247	1509-1	00B0880C	132702	0	24	132726	1	1	22050	44100	2	16	6461	52494646	64617461	132702	132678	4	4db5acbf09541f77489f58f0454e3eb3b7bbf834d18a9d5ea8e10f16550e4d27	4de9478a994930ad6c8e39f2210c0f7f60e5eb505b7e9256452fe4829299659c
all.snd	248	1552-1	00B28E6A	193050	0	24	193074	1	1	22050	44100	2	16	6461	52494646	64617461	193050	193026	4	6e9e2d84a4e7e7650b8c0c21baf753a3f13939fca7e2e4a9d8c5791914f50b1d	9686580286730c6e8ceb16716c05f60fbe081853224f3a4e97dcebf6f2488bfb
all.snd	249	1552-2	00B58084	109004	0	24	109028	1	1	22050	44100	2	16	6461	52494646	64617461	109004	108980	4	381d70c9323d8a7531b2045d15e3ee95606448bcb8b3654673fad9b78744d7b6	329ac22f17110d55ae813f64e0c3dfe70b1a35c90f85ebd5e1c007b86721e3f3
all.snd	250	進攻聲	00BAA86A	221936	0	24	221960	1	1	22050	44100	2	16	6461	52494646	64617461	221936	221912	4	78684fd14e2312556283f574691a26c36b252e62dffbd6580c710fe89a607bf5	11ac1a4e3c256cec67cc0e8f102ff59e9192467becc37087be0cedf5c1953264
all.snd	251	海戰兵~1	00B72A50	70980	0	24	71004	1	1	22050	44100	2	16	6461	52494646	64617461	70980	70956	4	6982c61f319a53b71eee2a05cda68b567139533f2bef8a051036862d593211e8	e8d23545fc37a305dbee8aeb5de4a6712ebdc952c285e7849a4f99e7bfa988fc
all.snd	252	海戰聲	00B83F94	157910	0	24	157934	1	2	22050	44100	2	8	6461	52494646	64617461	157910	157886	4	3c6316c8cf132837ac7688a5a882936a6b7c3c3e719ba5aa96b23b2fc636eb2a	565192c899b8964625a7131b415fc1de34fa9e2f42218678bbebcf7d62504f7a
all.snd	253	藍人進攻	00F7B2DE	204860	0	24	204884	1	1	22050	44100	2	16	6461	52494646	64617461	204860	204836	4	1acdf2eb603e1766ffccc831e3ff9dcb6201566dcfe1cdc1bc7519d0a1d1ac88	85920f87fe2ca8a02c2ee1b5fbdfcea31279509f039c3ce9985b5c745f842a7d
all.snd	254	集氣1	00BE0B5A	38754	0	24	38778	1	1	22050	44100	2	16	6461	52494646	64617461	38754	38730	4	e36511c0a9752cea547d228ec3220d8d5a6dd2817b8bf491763a0e135e3ec17e	03e0e6b07c1c337057f6975370501c46dbe10acf66bb9e5e91ec36d8a80dc621
all.snd	255	1551-2	00C1E004	60692	0	24	60716	1	1	22050	44100	2	16	6461	52494646	64617461	60692	60668	4	746fc7f039437e567aee107050b33eaa4d79007fc793528260030ab0f39a29c7	b4bb9c67d354f1ea731cef35fd48e5f855c50f376e1341ae260f78369dd6925c
all.snd	256	丕平嘆~1	00FAD31A	308938	0	24	308962	1	2	44100	176400	4	16	6461	52494646	64617461	308938	308914	4	fdff45c3dac8c6d021984a258f0e122719ee82e58c4916ad28ebbfae7d746ea5	42b9519f8e45a91dc1237c342196432a73784c059dfe032db447df23ca4f894c
all.snd	257	丕平嘆~2	00FF89E4	347282	0	24	347306	1	2	44100	176400	4	16	6461	52494646	64617461	347282	347258	4	bbd4d87d364d6aee4dc6945fa59e3c887712e18a318f947d2dd517e572b59734	333f63862a148806cfb11ad943e0f237753ad5c069e171cf05390f26d94b0d9f
all.snd	258	海潮	00C4257E	1618634	0	24	1618658	1	2	44100	176400	4	16	6461	52494646	64617461	1618634	1618610	4	9e05428f53252e9f1dc75ab93b0fa5b6333d908ec40259889673d48b0d3fbe2f	f2d715112adfdd32182f1e1ad7464883ff7d26717ace62f44ed125bd45edcd88
all.snd	259	賽特勝利	0111FDB8	23418	0	24	23442	1	1	22050	44100	2	16	6461	52494646	64617461	23418	23394	4	4310f79b1c0ba149d06c866f3cc7c37a3d6836b202145e00c8700bfe46477dbf	4908ed4f40c00808fba75fb59f0cffe23f154f1a90358e9f730a3dcb0a1d76c8
all.snd	260	396-0	0104D676	323738	0	24	323762	1	2	44100	176400	4	16	6461	52494646	64617461	323738	323714	4	ba9f1a887028d61070b2e9ea327b011a2ca7773b805b5751c4f9f2f031dc4fa5	73e2015125401cf03c702ae9d83e4809229f8f09e0abac749223c5729bfd50df
all.snd	261	396-1	0109C710	24232	0	24	24256	1	1	22050	44100	2	16	6461	52494646	64617461	24232	24208	4	44b0ad5e2f7b1f77c800eeb8cf46a13c1a15cdc31cd922bcbd812807f4c6163f	857c3d27ae18d0ab7211c7d7d7094d26d16ee5c58111ecdfd3d465961f1daaa5
all.snd	262	396-2	010A25B8	84692	0	24	84716	1	1	22050	44100	2	16	6461	52494646	64617461	84692	84668	4	1aed9a82464abcd3e16217c1e6f780712738f42ec5b12aba07a985b10bf66f68	6f188e680b943fec33286a0b02adcc2ad3fb8fb360a5f5d9ea251dd0212a728f
all.snd	263	天書移動	010B708C	19892	0	24	19916	1	1	22050	44100	2	16	6461	52494646	64617461	19892	19868	4	5b544d1a9ebe98b527453b74a74ba2844454cb2131c3627c1e0fb83dbcc3f958	6f20afd2d9ec96624f819fac939be8e74cf2eaa2522611cd42e9b8214fe666a4
all.snd	264	1510-1	010BBE40	188366	0	24	188390	1	1	22050	44100	2	16	6461	52494646	64617461	188366	188342	4	9f8996ec0dc64766c90bc4e171ec10e48763b59872383c533be08f1b57f9d568	25dbefd9ce979d9ebefcc4eb06901e9c8355b59e98a08bfc51bd14d8357fa62d
all.snd	265	集氣2	010EF436	18366	0	24	18390	1	1	22050	44100	2	16	6461	52494646	64617461	18366	18342	4	9f2d52e4f7604014b8c1ef4b6de3fcb120b89617762736df49dbc7648997e242	7093011f86d9561eb4815ac6a8458f751f922ea2f357b4f7580318379fc69632
all.snd	266	弓箭1	010F3BF4	31924	0	24	31948	1	1	22050	44100	2	16	6461	52494646	64617461	31924	31900	4	29836a8f72986f4b2ce19ed34598d250ba3a0128ba10283fb9b70b9674e3e689	e91c385bc7f6479369680896dfaa1223ec662282e5f3dd31784827e16effbecb
all.snd	267	弓箭2	010FB8A8	25738	0	24	25762	1	1	22050	44100	2	16	6461	52494646	64617461	25738	25714	4	647ec76975396d88fe10a5b53289d672f3d939965a2395d6c19585b3f13709e9	04f1103651dc335507ec01c9d5fb36baa9362d9a4189f1ccc8ce9b3ac5bd3847
all.snd	268	旋繞	01101D32	13260	0	24	13284	1	1	22050	44100	2	16	6461	52494646	64617461	13260	13236	4	391fa69f497c6a2ede7252d3392d398a423ceadc632392ef41d1e4d512913dd2	502216c52751cb9d26274bdf8ec0f2630150407994f577b96a613fe7e2e2edbc
all.snd	269	纏繞	011050FE	24810	0	24	24834	1	1	22050	44100	2	16	6461	52494646	64617461	24810	24786	4	5fdaa0aa257a1b95602b00343522ab73bbff253cdeba562866a77979ea2f4d4c	cc73e5376a42b036a01320d028f299038516d69e2d32471e2839b4a653dcf2b4
all.snd	270	逃跑	0110B1E8	31332167	0	24	31332191	1	1	22050	44100	2	16	6461	52494646	64617461	31332167	31332143	4	fa82003d845e845a39640346db7a73d21fc798820b75ccce3ae747ebe9fd48fc	dd8f391e318af32da058cdac76556f3bf2cd1d35aca3cc104166c6e54d30079b
all.snd	271	runaway	0110B1E8	28494	0	24	28518	1	1	22050	44100	2	16	6461	52494646	64617461	28494	28470	4	bb3e00f3d9a073810d4955a1a99d3910201e28ddb4cba70b16787b5fb74dcc5c	fe0a8dc74c7d82eebcd4d7205a663a41add0c9a27e257c70d8a03cf73c968a03
all.snd	272	妮可勝利	01112136	24828	0	24	24852	1	1	22050	44100	2	16	6461	52494646	64617461	24828	24804	4	3b52e888050dd0a5436c15cb3f0f320babe7d6d4b0d43588340129929f0dbe5f	5011f038864c41b12457b658c53bf73659d4caf17e9720da48f5a2110d15cb06
all.snd	273	妮可防禦	01118232	11788	0	24	11812	1	1	22050	44100	2	16	6461	52494646	64617461	11788	11764	4	6ad9aa69012b5b0e6fe1d04d4e2e381afe2efdd7be627ca4ad8bb6dbfd02d6d7	82e4d56d36aa6614401852c56f7ba7ebbee99d2494ada4dc60f7fd5c4f63cf59
all.snd	274	賽特防禦	0111B03E	19834	0	24	19858	1	1	22050	44100	2	16	6461	52494646	64617461	19834	19810	4	58e1959a847437d918b1c4a72e5042029101b13f6703eb6da90caea9f862a54d	a61b3e7706d289bdaf583f6f77ea67776be51aefe98407ba62fd3af6fb2ed961
all.snd	275	市場聲	01125932	719674	0	24	719698	1	1	22050	44100	2	16	6461	52494646	64617461	719674	719650	4	b0f953afbefb41cf1f533198453b2d7d4a8283d90b332ede22590eaa17af6ee5	0966c3cc6a789c4c46b92d90655ef1f2984baf6fe0c6458da2696579e3b32fc8
all.snd	276	收劍聲	011D546C	16338	0	24	16362	1	1	22050	44100	2	16	6461	52494646	64617461	16338	16314	4	51ca697fa6b5268d550e6eaa0fdabce4fd24554c5870a1da41f7d5f02ecf0b46	6d84c389dc886905fe0010b06b5d0edbef08a8f433895cf4cc679372e986bfbd
all.snd	277	靈契中	011D943E	31332167	0	24	31332191	1	1	22050	44100	2	16	6461	52494646	64617461	31332167	31332143	4	5e1a92f1b45902c050f03508df1fdcf598a0d42a2198887659d53b25a48db819	139eb70e2f4d2bda2804c1ed622590018725d8dcaf6aed5f0892eb6695c1d571
all.snd	278	靈契失敗	011D943E	27604	0	24	27628	1	1	22050	44100	2	16	6461	52494646	64617461	27604	27580	4	e756f89fbde2c1e08b4c8667dbeb0560e7d110a131d9e852f95e069a09f8417f	36c69049f2f9c62e189362b3db44d32f9b15b348e18c9a23489494f63d227f5c
all.snd	279	靈契成功	011E0012	39732	0	24	39756	1	1	22050	44100	2	16	6461	52494646	64617461	39732	39708	4	33ac77e795e82a90924171be4813766c8822185602f50ee17d1287dcb52bbeae	c9af88932824cb0e5c8d21effddf267ce2946914835fd30babf619903dafbee5
all.snd	280	靈契	011E9B46	61170	0	24	61194	1	1	22050	44100	2	16	6461	52494646	64617461	61170	61146	4	ea5b2ba9cef3fcebcba27e389aaf2586084ed1f039ca94f1d427c2622ec1aea8	d6588927e0619d9d9807e9b4968155c8887740f92c2c3936bbe293dd88f499cf
all.snd	281	管風琴~1	011F8A38	35160	0	24	35184	1	1	22050	44100	2	16	6461	52494646	64617461	35160	35136	4	29454eba28a757b17488344f0fe3574b39420fea03dff4f2fd4aa31d40a6bd15	2e85931bb0072e97e93e28f14474857c23dfc148a3306691bbdcd9bc9889fbc7
all.snd	282	管風琴ci	01201390	35196	0	24	35220	1	1	22050	44100	2	16	6461	52494646	64617461	35196	35172	4	9ee58ecdc09dbe1a51be1b134cb476e131a681879ce3c7bd5f3109e0bfc14948	6b382a604012813444ae847e0224806bfcb8ee20290e6691798eecea4ebf61e0
all.snd	283	管風琴do	01209D0C	39622	0	24	39646	1	1	22050	44100	2	16	6461	52494646	64617461	39622	39598	4	168bdb8409759aa699ab2dd29039dd184e998124e2706f3257e13703e013eda2	82b68fe5363fc3791a06e00f2600f03b08b957dedd595728eee42116fa10a19b
all.snd	284	管風琴fa	012137D2	32152	0	24	32176	1	1	22050	44100	2	16	6461	52494646	64617461	32152	32128	4	c3120c5d5ece7c7529521129555f4234d75fbe456a10c622a59bab46f9383f68	e9601adf5e33680303f04a76a9abd5651f1f066edd8bb58c0e5cd266eefa2ebe
all.snd	285	管風琴la	0121B56A	40384	0	24	40408	1	1	22050	44100	2	16	6461	52494646	64617461	40384	40360	4	a2ab8470122ef3aa192e8847d60640da8dca96cc78ba3edee458c1c9412b78bc	acc5caa5c99354dc27906e5f3b74c311f95a854950cb5b0f376ce3d8becce712
all.snd	286	管風琴me	0122532A	37146	0	24	37170	1	1	22050	44100	2	16	6461	52494646	64617461	37146	37122	4	83330f21a08a65b7e394e48a0c36a7000027bca3213287ff50c59e95b3d1077e	22a3f573895e482f58e9faee9010126fbe8a6d3052b6898a2e2ed22bbab7ce93
all.snd	287	管風琴ra	0122E444	40176	0	24	40200	1	1	22050	44100	2	16	6461	52494646	64617461	40176	40152	4	3069a65720084de00e405f9a4d4043ca423aae99e1204dae12bb1d3ac58fcc8e	63b77fea5a4fcd4bd8d41278179176784f1bc8df1815dc05ddb06348562f93e8
all.snd	288	管風琴so	01238134	35224	0	24	35248	1	1	22050	44100	2	16	6461	52494646	64617461	35224	35200	4	bbfc8e5d14c10d7185a8bce16a8a46d0775820aef486295a013598c166272734	26c00e18b29ee01b7f9577cc513825f60dbb9efe6f6615c21c427caa752d72d3
all.snd	289	小蜜蜂~1	012A88B2	379336	0	24	379360	1	1	22050	44100	2	16	6461	52494646	64617461	379336	379312	4	2535177b9b688bf54ff451360f465b787975ec14fde34f291be5e07c59862c63	0463fd3376b536c650cb5e585b1ee8f470a55f7c7508f34d7e57302942ca89d7
all.snd	290	013-sh~1	01240ACC	66750	0	24	66774	1	1	22050	22050	1	8	6461	52494646	64617461	66750	66726	4	7475d1b5b3acf424c8d005579584d8002ed09c776df40f485a4d4d829c90d841	a0d148330e0163a91222250409ec9e28845fc64a009f3635ad2767aadc8674cc
all.snd	291	013-sh~2	01250F8A	43796	0	24	43820	1	1	22050	22050	1	8	6461	52494646	64617461	43796	43772	4	1228b4b400232e899c96e08ea773c728e12fafcb5f3e275ebbea25cf8863f805	ae3853f0c32ea1e2f524c4230fc07a6da380b45541256aa8ec26f03dac95466c
all.snd	292	013-show	0125BA9E	52674	0	24	52698	1	1	22050	44100	2	16	6461	52494646	64617461	52674	52650	4	ad14fbd7e2fc7f95afc560494713fc1cbbb51647532e86bbf34e000346065e44	93f78739c1463da282787db99124ca88e825f252a9470a756965f415ad6ecf5d
all.snd	293	數字增加	01286586	17984	0	24	18008	1	1	22050	44100	2	16	6461	52494646	64617461	17984	17960	4	61d11a94fec32d8135aa0d0f8e3152e13551d6f85024a91814b3038d7108732c	b464a44dea4f20fa4e2e760f93f9a455e51cb59ca5ad2f82510cd16456a74b6f
all.snd	294	1518-1	01268860	122150	0	24	122174	1	1	22050	44100	2	16	6461	52494646	64617461	122150	122126	4	b03b562ab5f121fa06dc7fcb1c7d8248f5c06e38e45b9bed87693c92d9f2c9fc	4fa210bf993c4596837c8a0fc277ad86ff55197da861f3ae48966d6ed216f039
all.snd	295	166-1	0128ABC6	20696	0	24	20720	1	1	22050	44100	2	16	6461	52494646	64617461	20696	20672	4	ccc6e4376c2d85ef59807d2e7fe0af02b2d1635c6eaad94a9245c0fb31af205e	bf07331c895458ed8f6721a39506811b1365fb07c7756e83a9a4fa14d2feaaaf
all.snd	296	166-2	0128FC9E	19146	0	24	19170	1	1	22050	44100	2	16	6461	52494646	64617461	19146	19122	4	e230fc6c82627897e681539aada510c9a911dbabfb26ce505d59cd82626bcb10	33634b9ca5f66e8c73a5fff9e1afd119f7029f09334907083656a756e3aedacd
all.snd	297	166-3	01294768	78004	0	24	78028	1	1	22050	44100	2	16	6461	52494646	64617461	78004	77980	4	665aee126dc6f2bac94b70662564338f2f16f7f14e0ff235b54f0d0c5937bfed	1a4cba5ac6f968cb9690a8b88219b86a23cbed32c62018ce245defdeb042f611
all.snd	298	166-run	012A781C	4246	0	24	4270	1	1	22050	44100	2	16	6461	52494646	64617461	4246	4222	4	7f1c1efb64da0f145d3d9484c562c7a3e14a076327432cdff5fa2a4ba7173ca5	44e0124b9b6dfc432cc4a8bb281e69a1dc9495e7810c8f1183060ba002c92446
all.snd	299	升級音樂	01372D0A	157984	0	24	158008	1	1	22050	44100	2	16	6461	52494646	64617461	157984	157960	4	1e8a9fcb016c9ea828a2a391ed4ebb146a0b7b8d3f89d7c38a96f8e712752917	6488d5731af5efa183c096af39527291ff8a70acefb8e4dc68ec43faf5f6070c
all.snd	300	勝利音樂	0139962A	287184	0	24	287208	1	1	22050	44100	2	16	6461	52494646	64617461	287184	287160	4	bb029b65cdd7855ee31e6f9f1c823dca61314158f3874d8e501bec8942a8029c	81afbe2fb3eb132e4086dc5b4660ee30391ae530f9247d98dc0b5372c9f58370
all.snd	301	小星星~1	0130527A	449168	0	24	449192	1	1	22050	44100	2	16	6461	52494646	64617461	449168	449144	4	c1341aa91dae3ee18d3d3f8ed31cfb5ec9e69317636011ce6b190c9eb6e82f61	74f5594f1653d85dd7708b0f20bb9bb29566ab835636a0ed0281d72202b21145
all.snd	302	141-1	013DF7FA	75164	0	24	75188	1	1	22050	44100	2	16	6461	52494646	64617461	75164	75140	4	0edd9729de48460eaf6f18f23bd4c73f55dd0188c623bf63c318e5d7acb202bb	4083dda68ef28e83a1a7f2db52526129a962c265b862be42b50edf5f0e34b40a
all.snd	303	141-2	013F1D96	162738	0	24	162762	1	1	22050	44100	2	16	6461	52494646	64617461	162738	162714	4	108c5b7f81a04768cac59c46680eb8447e5724ad5bffc080245417775af66710	2731005f4f8b6c46679aca2fbfc731fa7e9f4813c267fb7b0c6e911b56c35dc0
all.snd	304	打鬥聲	01419948	102146	0	24	102170	1	1	22050	44100	2	16	6461	52494646	64617461	102146	102122	4	0f314efe039fb9af7f2a35380a082ce85ea2c0a4dcb99890e01f2296fe189a49	be0aaf83df4e07562315fdd8a44349aab31575bbcde769fa1226a42c3ec27a56
all.snd	305	血迷宮~1	0143284A	116264	0	24	116288	1	1	22050	44100	2	16	6461	52494646	64617461	116264	116240	4	98f8a0a2a35aecf29e9161d083cba2e12ffa829d451ee1dd38da478ba9cddeab	43ef4e55eb7cb5f05f1a985b49143563785e7f9e03bc5345d8f1674268105de6
all.snd	306	01休息Ⅰ	0144EE72	1584330	0	24	1584354	1	2	44100	176400	4	16	6461	52494646	64617461	1584330	1584306	4	422b5d323703e7c93fae6a5597d468941f2af5d647d62ebbc38534806333d748	8d98183524bf2843d2b98a9db2bd4394ee15d274eec86ceb813e26c2a6c9e840
all.snd	307	02休息Ⅱ	015D1B3C	1589850	0	24	1589874	1	2	44100	176400	4	16	6461	52494646	64617461	1589850	1589826	4	0ffcc0f62a47f54abee2b3527211fb2a772b791b0e92ed5fbdefdebc581baa26	a22c104b0e1beeb5f37ab51f5a383232166f0885cdcc22f063118094fda52b49
all.snd	308	1570-1	01755D96	176434	0	24	176458	1	1	22050	44100	2	16	6461	52494646	64617461	176434	176410	4	52fda5310a900e89c197e089c9a5adfc0fd3f4c54628dd3b94c5764238f92a82	d80ce3b7a114751c57f07569e2f33de116816855bd76c6c2e4f0e26179b2bac6
all.snd	309	1570-2	01780EC8	39522	0	24	39546	1	1	22050	44100	2	16	6461	52494646	64617461	39522	39498	4	d878b998589b598b5bc70738c77b68df363d861f4795daa3d1ea709c73b74925	ba88758b9ae1ce04d820b2e7e333e2845a02dfc8bab1af18c216c94190901290
all.snd	310	進入煉妖	0178A92A	114508	0	24	114532	1	1	22050	44100	2	16	6461	52494646	64617461	114508	114484	4	9fbfa499d7411f7c47f004ed9c87b9c12216f4ed8ce8084ded839e5cb5655b29	98c32124d1d636cbbd70e3a344e7b97f5b8474a0287f483297b62a23cef19baf
all.snd	311	踢門	017A6876	79476	0	24	79500	1	1	22050	44100	2	16	6461	52494646	64617461	79476	79452	4	09de367ce0e9e3a10439fcd3cb16ad420f80b960ccf0e9d6dddc1ee7c68341ee	8617ced9cecf7e26a9d401452719f9b9bbae1ab2062b7245ae4f466d12a83003
all.snd	312	143m	017D22E8	109004	0	24	109028	1	1	22050	44100	2	16	6461	52494646	64617461	109004	108980	4	675af5dfd5e7aec316e1f98f1d66b5db17bad26e6699543b01f28d904645082d	ee30f58831ca999e067697c6f57353ea14be9302f4a66150ceaabd75f95adbb0
all.snd	313	007出現	017ECCB4	151578	0	24	151602	1	1	22050	44100	2	16	6461	52494646	64617461	151578	151554	4	47b9fb0d1304e6cf7129493c7af2f9ed738ff2603896dea6e18f05c4203023ca	c0ace4cf11295778d39bf5bfbfd615229429810b086b5e7faee1e5409284f25b
all.snd	314	船出現2	01811CCE	1759894	0	24	1759918	1	2	44100	176400	4	16	6461	52494646	64617461	1759894	1759870	4	0c05238507f0622f3a546503aaa0c2442a81bbd86667cda0d8e39a87e19ee28e	b158dd438eb2135f6f66f0c85126ff5865bb504e7931fb4505ae72b3ae69ef2d
all.snd	315	048-劇情	019BF764	92632	0	24	92656	1	1	22050	44100	2	16	6461	52494646	64617461	92632	92608	4	1ee8fca1b33794488cdb1f1ad00d2b3738d47091bded519ae3d43ebaa2f6e8fa	c172af20d63559d4bc87328dea9e2df1a009ccf1f153bf9e7a46707162ee7235
all.snd	316	050-劇情	019D613C	70388	0	24	70412	1	1	22050	44100	2	16	6461	52494646	64617461	70388	70364	4	597d88c59e2730162462b2731554ba86d9ba3006786ff38c18b94b8ebb2104c2	5ce83d528d6b5c765140a976e0a9f4e1f286819d93ad9d655bf2796cb304558e
all.snd	317	060-at	019E7430	32048	0	24	32072	1	1	22050	44100	2	16	6461	52494646	64617461	32048	32024	4	20787e3b1812b86288dfed5132401e863ca7d1680d39aeb301d1fc1590221e11	467968764d81f41211409f83194c9daf0e7d2ce6db0fddaa61b89fb1fc8847c3
all.snd	318	狗逃走	019EF160	42284	0	24	42308	1	1	22050	44100	2	16	6461	52494646	64617461	42284	42260	4	2cc4bc034c28edee4ea3cc3591f5982f574e005f230d928e96f72ba02a2ae24f	aac271cd72feda03e66e86ae2b74ec352d1a8f6219478cc72465347b61d5df72
all.snd	319	003-at	019F968C	32064	0	24	32088	1	1	22050	44100	2	16	6461	52494646	64617461	32064	32040	4	77176fb59492c0b85991011bc87e8b514e4d3364af6134746c57c4c965195b94	603a9d3e24aae5dbf2e86c437976da4f9fa0f68582c60eaba7de737d20c9a67f
all.snd	320	撕鬍子	01A013CC	18752	0	24	18776	1	1	22050	44100	2	16	6461	52494646	64617461	18752	18728	4	b73f27eaa91214517825409dc7611260fe546fea472efb01ff11383a7c5c44a1	7ff9b34ce610cc85abd0d9c950492c90257d96d884bdb3cd9297f2f20eb1a1c0
all.snd	321	肯迪叫	01A05D0C	2822	0	24	2846	1	1	22050	44100	2	16	6461	52494646	64617461	2822	2798	4	7a056b37f462d1c81870e7d8472b67a47ba536fe7b0b92c00e2f3b41b9f4cd93	7dc7913bd8195a705e7f306eb36441eed4b3e8a311f7573424af8cc29ccb7831
all.snd	322	薩西倒地	01A06812	17102	0	24	17126	1	1	22050	44100	2	16	6461	52494646	64617461	17102	17078	4	44f4240b93151582c4195ff53ecdd21107d5c747ae30968c7e8f4158b59e01d7	b9c263673ae87799b6a5ee21ecf25b33140bdb2e743aba7ee43e170a16df1c09
all.snd	323	薩西被打	01A0AAE0	14958	0	24	14982	1	1	22050	44100	2	16	6461	52494646	64617461	14958	14934	4	86b734c4de86b98ddf37ee0b1e33f1b75aab1bd915c4afae3e6ba88ac9a5d6d1	cb1f28447fb9b38fcb279123aa27e7d2885d32cf55654b1802122c28971afaab
all.snd	324	找書1	01A0E54E	79042	0	24	79066	1	1	22050	44100	2	16	6461	52494646	64617461	79042	79018	4	04e021a752b35aea371aa1a4312cf4bcebf0d25bc51cf8749c086ee27ef16dba	0fa5b3842832523c89c3afe7b5ad231b08ca7b2d415a89d34ccd2e2b42c92263
all.snd	325	找書2	01A21A10	58036	0	24	58060	1	1	22050	44100	2	16	6461	52494646	64617461	58036	58012	4	82bcfc79f116d57d4dd90c032ad6c5ae6602b64dbe86a43f356fd68c6437bf51	bf602f1ef100116b552d9b59c2d286984dde6d7ce096e6f29e2a1c500eb62abd
all.snd	326	找書3	01A2FCC4	52766	0	24	52790	1	1	22050	44100	2	16	6461	52494646	64617461	52766	52742	4	db74750c9a72c2b5879b37171354926c998b4cedab8335c0f5fd47818c5948d8	3c8ff09f41eef5083f74ed7919ea00e6316a16e50720121add24eca49cf2de0b
all.snd	327	找紙1	01A3CAE2	55518	0	24	55542	1	1	22050	44100	2	16	6461	52494646	64617461	55518	55494	4	88e1e057a7dd9025a1ad93ee9029af7e42956f5c10b1f8c1174bd9c035abc927	2e6d8d61a7fca4b2d0c02c3917fc30e9cc61b78292d23c0df6190b13ddafb4ca
all.snd	328	找紙2	01A4A3C0	46486	0	24	46510	1	1	22050	44100	2	16	6461	52494646	64617461	46486	46462	4	e566bb97c795f6155f0f3791cc753f57e9c8294205e43f0a9f7f49ace15018b3	8e192b409b19a3131c038711f566944c84ab72766f2dc47d278b5ffcfef5e5d9
all.snd	329	白衣死~1	01A55956	21760	0	24	21784	1	1	22050	44100	2	16	6461	52494646	64617461	21760	21736	4	6a347708e3c9bc9eb4ee143069b224dd20e71f88e9df7934911be2261e270960	b3caeb0f62c5a74f693a4fbb54d00bef2e8813797f6f1f4c3cf45d222458973b
all.snd	330	白衣死~2	01A5AE56	34142	0	24	34166	1	1	22050	44100	2	16	6461	52494646	64617461	34142	34118	4	ee0a7a3379bdca165294d0432eaaef91e9317ac436f8b3737d056f75375da220	8efa854b6d37c6f8f120d9f41d158a1dc2138b800c5176964a34eb29222545af
all.snd	331	226-1	01A633B4	39098	0	24	39122	1	1	22050	44100	2	16	6461	52494646	64617461	39098	39074	4	de711158c945bb390b5ccd5e45149f3d35140bf51c1a8db042f1222e27cf1a66	7a72e3bf2cb2436299003cde650f12cc4a4256118993a592a6c2f332365142fd
all.snd	332	開軒三	01BC1ED3	44142	0	24	44166	1	1	22050	44100	2	16	6461	52494646	64617461	44142	44118	4	814d7ed5ae43afdc0d7e778794eedf59b2fb6e0714e1658cfe42852364f05991	1ee81e3331cbdeec268839e953930999a091866625ea66d7c1fa5ecbd21cac91
all.snd	333	401-2	01A6CC6E	10426	0	24	10450	1	1	22050	44100	2	16	6461	52494646	64617461	10426	10402	4	7b4176a2dc9e6c639af4e31a13d8f913afd40a12732df7f8a2efee32c3d93854	b47d19de8b95a0fb980a9433fff3147cc93077e91bfe61e060652bd9ef589234
all.snd	334	401-1	01A6F528	37415	0	24	37439	1	1	22050	22050	1	8	6461	52494646	64617461	37415	37391	4	e2036c01c5521603983c37dd663f265e358a9529a90c8bbcfebb72fbeb7aae5c	b40332eddc4cb7308d843a45afdbb5d7dd28e9fe376122366468c71a68514ba7
all.snd	335	226-s	01A7874F	94718	0	24	94742	1	1	22050	44100	2	16	6461	52494646	64617461	94718	94694	4	e0080c23c64b28f1cbbd10f3ee81c4fc0be05c18679f325900b06c13b9d350ff	f830e4aa8741ef43106d21e51624d5720da9be9a28e3fd1b40f98095a4432830
all.snd	336	177-1	01A8F94D	17620	0	24	17644	1	1	22050	44100	2	16	6461	52494646	64617461	17620	17596	4	b12435b5cd19b90ebd7acf37a584fbeff724ab800ea7e94f439994a99d5446df	755c146d5b93bf4191b66b8b9f967a646da10070891a916156d08a48610aa226
all.snd	337	harp1	01B7F679	59514	0	24	59538	1	1	22050	44100	2	16	6461	52494646	64617461	59514	59490	4	9427ddf51cd6e57910562bd166c31bada0fbe589c5d6454e79b0783157bb022c	77a92a7cc17940f0954faf1a516116f8540ce090ae376eb9aa7c1870d0498ea3
all.snd	338	harp2	01C0C7C3	61682	0	24	61706	1	1	22050	44100	2	16	6461	52494646	64617461	61682	61658	4	bb90f40749344956c3b005e9fe2b66f1352b7378c0b102bb8f2036d5f57ac3e6	a05c80cbbfcf6369049241d23d0b66fcee4ccf78a8a213173496dfc2f2919bee
all.snd	339	卡瑪出~1	01A93E21	37242	0	24	37266	1	1	22050	44100	2	16	6461	52494646	64617461	37242	37218	4	28f8a08fe2996087733c678c4411334b0f9e0402665e57d38d95187a32a871a7	38884aea1f4241b9afff72d5e0b0b60bafaaab971ac6382a99f1472c93ece5f4
all.snd	340	卡瑪出~2	01A9CF9B	26152	0	24	26176	1	1	22050	44100	2	16	6461	52494646	64617461	26152	26128	4	0efdf314b2cd0dbab4a714684c57f807a7f25eeee25556025b9980f054027d9c	67563254e9ef7b5449bbcfafb080ba8274ee7e9a0537b97590075d70cf8e53ec
all.snd	341	卡瑪消~1	01AA35C3	46150	0	24	46174	1	1	22050	44100	2	16	6461	52494646	64617461	46150	46126	4	8736a2cf5a313f1a2af440f1d75fb05896cdcc2d3e133213c3229d798a60cd29	bb69d1123e8780f29c01cd6507f8da6e1835e9316d6e377c2954fcf5a1d9c277
all.snd	342	卡瑪消~2	01AAEA09	26152	0	24	26176	1	1	22050	44100	2	16	6461	52494646	64617461	26152	26128	4	f9a841f95dcf2a099b5518adb77e732f316187ce6f1eeca5cfede833933f8c41	58b57dfdc5e3401b2d3d4e4f78139d0451f4cebb164736c394a8ba99024294ee
all.snd	343	安卡出~1	01AB5031	37386	0	24	37410	1	1	22050	44100	2	16	6461	52494646	64617461	37386	37362	4	6054524bee8e8b27951e3185535321268b0aee1daa181c03231438dbc9e17e69	153d27bdd2b095ab0bc39d362356c191293aa9012003d7ee0328a7fa34a2f3fe
all.snd	344	安卡出~2	01ABE23B	16316	0	24	16340	1	1	22050	44100	2	16	6461	52494646	64617461	16316	16292	4	aae9edacc03ff828e29372db2d00dfcaa1c8efb3a4ca6fae91972fda5290e255	22b5155e0de01d3beb3dc959d059ceba894799848af2d4c6c5cb52c7572176f1
all.snd	345	安卡消~1	01AC21F7	16316	0	24	16340	1	1	22050	44100	2	16	6461	52494646	64617461	16316	16292	4	7a1bb11c7d58d216f5b1b4d3c1a0daa3ba15cd89c13be9c3a4239656961dc163	f8e739134f1cadcdd458e91a097a71a5bd8736e295017cc00836f7d7b931845a
all.snd	346	安卡消~2	01AC61B3	37386	0	24	37410	1	1	22050	44100	2	16	6461	52494646	64617461	37386	37362	4	9e126ffe5bb34c8be27e170af731a882b12ecb2a3dfb0a30ac5a28afbd79108b	6c1caa5e81d05340dd63bd8825af8ec11328d143d67039176203fe711e7118cc
all.snd	347	kiss3	01AF89CD	8110	0	24	8134	1	1	22050	44100	2	16	6461	52494646	64617461	8110	8086	4	e715d21e946564f82b96a15f3ca3c7f987ae9db8317c17162a534e8ab0c41ed9	eab5d3e24a64589f42831cb1a7dfd604843a77d4acf62938003a8075a68e303b
all.snd	348	群喊聲	01ACF3BD	169488	0	24	169512	1	1	22050	44100	2	16	6461	52494646	64617461	169488	169464	4	b7a8fe93e4f3a74ee89235c1b684a8ba269d31086ec585767e8235a874a3e3d8	f4ac66a4cb115186c5c272e072144093270e42469d58155c28c3217e29198db9
all.snd	349	夜鳴	01B22849	380464	0	24	380488	1	1	22050	44100	2	16	6461	52494646	64617461	380464	380440	4	cf22d802cafe6d7fbdec12fbc5873b2caf5fc0e7971486ecbc4e7b5e66ee8179	46d0a2962a00c34128ce74f611dce1e1eaae731bac6e7c446b13a628b591d763
all.snd	350	慧彥攻擊	01B8DEF3	27130	0	24	27154	1	1	22050	44100	2	16	6461	52494646	64617461	27130	27106	4	125ce5fac016f64da09de0a7654066729a57c85b828847556c539789445177bd	dd480dae0a4be921268cb4d76cf921de67e04643b661efb80cff54fe564af0cb
all.snd	351	慧彥被打	01B948ED	16968	0	24	16992	1	1	22050	44100	2	16	6461	52494646	64617461	16968	16944	4	1086d370188da7b2054915b4865fe9637c34fe9e83dc95e11ae2878d760f2e27	fbe5900490dce72ddb00be27a783143e4c799dff1d7bf6035849e224a0ea6910
all.snd	352	得到物品	01B98B35	20570	0	24	20594	1	1	22050	44100	2	16	6461	52494646	64617461	20570	20546	4	175db88526a4d239f958a6bb96103b16ecad4010f38421c9c1bae3f76c51976a	5ace6ef5d5fb9e6aa28e1af4aecef4684b21daffe8f2aa07aff5f591c1d4de59
all.snd	353	鐘聲2	01B9DB8F	88274	0	24	88298	1	1	22050	44100	2	16	6461	52494646	64617461	88274	88250	4	ac0f9847c7b84deeb643c7adbf97fd0d9fe53308928644c07034774fcd2a795d	f11bc09664e0c58271a5a83f789d0749cea899e450465b4332afc149d040c541
all.snd	354	駱駝叫1	01BB3461	60018	0	24	60042	1	1	22050	44100	2	16	6461	52494646	64617461	60018	59994	4	ef060f4311a3859071a8677b199b634355c524b0cc83846f8190197868f34f5f	d37bc8e6e4c881c3185b270cc60b8724daed2441667ce5743d6ec019b4aa6f1d
all.snd	355	dog04	01BCCB41	38758	0	24	38782	1	1	22050	44100	2	16	6461	52494646	64617461	38758	38734	4	9fabad1bcfc1c2cee23d13123c4cd629f37f8bfdfccc3c74b5541918d4b49bdb	1d5c08647fc8a172f25e51f99e36a32b2fc079001ba2c9a171eac8bfb9351625
all.snd	356	王思月~1	01BD62A7	29824	0	24	29848	1	1	22050	44100	2	16	6461	52494646	64617461	29824	29800	4	9aeec89aed5d0d4c986743bd53611b0197714e62e473ac325e4f8ef95a0ee121	3e74e8a686f807d082787e5e0ad94075e8170256f9120328f4de25616f79b220
all.snd	357	開啟煉~1	01BDD727	34360	0	24	34384	1	1	22050	44100	2	16	6461	52494646	64617461	34360	34336	4	a1770f4572c2cd70a5d00c54c90f30a562281f24d5575f9e48bfba076825a26c	3f5fd13297bc795b75f26e7114c71f078d64532ac0d30bde97866761bab26d7e
all.snd	358	李靖消~1	01BE5D5F	34360	0	24	34384	1	1	22050	44100	2	16	6461	52494646	64617461	34360	34336	4	e10bc8f3cfeffe4f868f2c1e4ba3271351b0f571e842257786d5d332d2b80a41	1695776ac2902a110deee1244a80760b9ec16b51978213cf96e8f23b41417d89
all.snd	359	李靖消~2	01BEE397	9782	0	24	9806	1	1	22050	44100	2	16	6461	52494646	64617461	9782	9758	4	c67362334510746af91e4ede2155d6dbddf30cf2f683dd686cae10c5a9586193	673d224edd62c2016cf517bb7fc8d272c39363ee59afc6b8722aa5fbdc0830fa
all.snd	360	嗚	01BF09CD	8030	0	24	8054	1	1	22050	44100	2	16	6461	52494646	64617461	8030	8006	4	aadadb927f03186349fcf8eb8c55360e7f9c9c62fa9516363a29cafd78960f53	e77614985c30711d19d7dcd10aea497db5ebdf9861d344bfa49bff9de7aa7e71
all.snd	361	壺砸頭1	01BF292B	47666	0	24	47690	1	1	22050	44100	2	16	6461	52494646	64617461	47666	47642	4	4796ee048e4488d7b46378bf5be635dba3a1d61c55f77f759c4efa03637f38d6	f28fc0dd9577a8fd365db5374dc81248efa2f86104214f179c3dd44c8f2063f7
all.snd	362	壺砸頭2	01BFE35D	51494	0	24	51518	1	1	22050	44100	2	16	6461	52494646	64617461	51494	51470	4	cb7f0f9506610108e1f44c3acea7a84b55f327af1824492dfac7489a3c8acf8c	9eb48ad727c6ba068e4a84f940b24ec07f339d5d42e56ce5a3f5d155771cf5c5
all.snd	363	拍球	01C0AC83	6976	0	24	7000	1	1	22050	44100	2	16	6461	52494646	64617461	6976	6952	4	60ec988d144c27c27b627c3d482dba54dd576cf4a73ab90dcafc0c371d3a179d	94552934245be37249f6fb93ec708400f67d614c2f6015d3737417f3f2e51220
all.snd	364	卡瑪攻~1	026ABEAE	23673	0	24	23697	1	1	44100	44100	1	8	6461	52494646	64617461	23673	23649	4	450fdc32bf8b5dc769dcc7c41a2bd6a8995326c0e1319bb4f3d7d1df56c66ff6	04d75a363979ed50ae4099f3113a1efa9bbe660007364a0a584ca4f46a8dd5d1
all.snd	365	卡瑪強~3	01C1B8B5	12641	0	24	12665	1	1	22050	22050	1	8	6461	52494646	64617461	12641	12617	4	77023d3e349257b8fb729cfef47bc669128cac436d80096846f3dd543752ea1f	5619120ad27daf05e6c7a09565e17ec4fb48c66c39ef1f54e0c0ae68d5f6941b
all.snd	366	卡瑪-跳	01C1EA16	5478	0	24	5502	1	1	22050	22050	1	8	6461	52494646	64617461	5478	5454	4	9ae77c5021d9dd81e26141492553eae3aa4c6d08d1d38aa47dfd699d27d37559	9f16c382b7688cc16aa4ac2d850ab07c7cf79a537a29ef8a6e924e7f772cc777
all.snd	367	卡瑪施~2	01C1FF7C	30888	0	24	30912	1	1	22050	22050	1	8	6461	52494646	64617461	30888	30864	4	0ecdac062f0086c870f93520921de7d66f1e814b48ab86d5821423b0e84eb9b9	b71ae5d6cf9be96c50869189779b4ddfc58f2116c37d4439d13822d9f3ff2c3b
all.snd	368	卡瑪使用	01C27824	29418	0	24	29442	1	1	22050	22050	1	8	6461	52494646	64617461	29418	29394	4	05f37ac5ef46c39724f394ea81570aced99e400f560f909893f02a460dbdb5c5	e5e66c1be5a31cc2ef67409027e2669d50f1cb2302bd303817723c0faf68a44c
all.snd	369	卡瑪受擊	01C2EB0E	12688	0	24	12712	1	1	22050	22050	1	8	6461	52494646	64617461	12688	12664	4	33567cc2f971d9f076ec37028f1b1fee2bcc5cf4aa11ae9b8fe0f6bc32c4dbd3	0f315c59cdbfc5bbbebdd3e21c9054617d884d24103ded09ca46da3bb0c5bf95
all.snd	370	落地聲	01C31C9E	3420	0	24	3444	1	1	11025	11025	1	8	6461	52494646	64617461	3420	3396	4	019516f208f429118db291ed8cd3fe4ada9f473758c0875579596e56b3d73b36	427a89495f49f67cfbfc70ad37ac0e5bb426cfa5efb9f134826602ec625ce773
all.snd	371	輕金屬	01C329FA	71462	0	24	71486	1	2	22050	88200	4	16	6461	52494646	64617461	71462	71438	4	2a94c3c39a9a9ad24e1850668cc54529560a39fe3131b0c40b6c33b2dcd7ee7c	5a4f3aa4939b2519bb717210eadaeef5cea4a5541cc61381e464e9ec1608efc6
all.snd	372	迴旋刀	01C44120	12954	0	24	12978	1	1	11025	11025	1	8	6461	52494646	64617461	12954	12930	4	a8716444482305de9e7c2a20c9856afedb14ad6557be930b081c57c878864dce	e2a7df8135ffc74851c7b457d14ac2194d94e333017e35678a3feab8da701bd8
all.snd	373	響劍	01C473BA	29870	0	24	29894	1	1	11025	22050	2	16	6461	52494646	64617461	29870	29846	4	c6a1f1e179d1b75e7bcc5770dac4c0d416f7771ab38dc989f844fe0a551a6ced	ace0c24b4f90e8557bde33eb6946fa4bbef757cc312b0ecff2302e6e08fa0cf8
all.snd	374	交擊	01C4E868	24439	0	24	24463	1	1	22050	22050	1	8	6461	52494646	64617461	24439	24415	4	618722a2bb96de91a30c28291eec57f5874657100f1b30791dbbd3b394c7dd0d	67970bca0a92b057867a22bce0c28adc60955eb9fe408b68b17c0e26e0f343ae
all.snd	375	響劍2	01C547DF	32816	0	24	32840	1	1	11025	22050	2	16	6461	52494646	64617461	32816	32792	4	eb660159a426f7f24f9f2b721c3a04182eb5d07af52c127b4a01181c5245603e	17bfbba1c82b94ff97d478a2662036ac13b1cd7bd4ed7ee53c05321577cd0ee6
all.snd	376	響劍3	01C5C80F	21880	0	24	21904	1	1	11025	22050	2	16	6461	52494646	64617461	21880	21856	4	1a258755bab2c208fc4f750966f7a71740d514287d67afa5c8920ed573e97b81	5de61f6f06654019346b7eb44c9dd2c79447adf9c4e74bbbb9bf297c4d97f446
all.snd	377	卡瑪笑	01C61D87	18484	0	24	18508	1	1	22050	22050	1	8	6461	52494646	64617461	18484	18460	4	08c98a1dda95892ef06bfd6375ba59e415998713f57b14ce14f36ff4da743fb0	105a47a17c53405bfd3a8ee058f6874f121c775eeb101c7002a5270770343117
all.snd	378	轉刀	01C665BB	8466	0	24	8490	1	1	11025	11025	1	8	6461	52494646	64617461	8466	8442	4	afc0276aa25a313c4e1649f1b8f407aa971ef9fee94f2408a28b992855b81cc9	1dd0fd98ca6cbd0fb4e59a80e2dee274508ffebed3be7de217d9e99f965f1989
all.snd	379	小出刀	01C686CD	3809	0	24	3833	1	1	22050	22050	1	8	6461	52494646	64617461	3809	3785	4	be126f4056a78e8d18a594e24e4f08e41b73b36f27e9cef67bbdf76301a0c268	aee36bb38d6b61997041b841db7a0ed1f0541585ab81553ff3cdb4eec67a2011
all.snd	380	卡瑪法術	01C695AE	44118	0	24	44142	1	1	22050	22050	1	8	6461	52494646	64617461	44118	44094	4	5c3e94054917a19ba79e73710a72aee4566ed5ad3f5c813ab83075734d895df5	0322d982b120850522529737f57ff396ade10fd34240eba9885816573373a957
all.snd	381	大怪獸01	01C74204	112978	0	24	113002	1	1	22050	22050	1	8	6461	52494646	64617461	112978	112954	4	4ae1a6be3e9eee170a108a1227d8cffa14fb07d576a05bddc84bda414ccc5c50	030a358896bc4275a2fa8e478c700db1f206630a55aa9e05bf8944a1f25df040
all.snd	382	大怪獸02	01C8FB56	55119	0	24	55143	1	1	22050	22050	1	8	6461	52494646	64617461	55119	55095	4	160759c7baa523e1ae20c715bc6b8d9056db5668ceb1178d605dd89ddc3ca2d1	8c1c0519d79e8f67f6e305df6b87808efc20bbe219c431807c113d314d8905f4
all.snd	383	大碰撞	01C9D2A5	77553	0	24	77577	1	1	22050	22050	1	8	6461	52494646	64617461	77553	77529	4	8209529273dd90b49a391ed7aeed04779ecd8af5696344728ef7920e415eb866	f06e80d17ee5985a668fe7ba55a1591d179715147484ac06214a54bf1f9ad60e
all.snd	384	怪獸笑	01CB0196	7377	0	24	7401	1	1	11025	11025	1	8	6461	52494646	64617461	7377	7353	4	ae72e2d320bc88864550459722c9e8732923baa0e4921061e8df575c0f4612e1	6f43638cde1d1c58f607e78b1ba6fced9c02497dc150e600ca5e876d1e8456b5
all.snd	385	幻象	01CB1E67	75724	0	24	75748	1	1	22050	22050	1	8	6461	52494646	64617461	75724	75700	4	942dd6cfde3e58319b171e4d3d2a79d3b0b99386bc8cabfda2ea7aa6b0395ebe	2bd843098ec0f17ef3a821114b3aedbf169d8ae92150b89dc64af062308963c1
all.snd	386	低吟01	01CC4633	58818	0	24	58842	1	1	22050	22050	1	8	6461	52494646	64617461	58818	58794	4	48d90d2cd10be1f1d80a71c570eb9c5e08522e0f1bd87f9a75dfceee70439f73	0f824ff9f48e41940f067be7efe3a583647c500116dda5842d5a1c20d044cf76
all.snd	387	李靖呀	01CD2BF5	25008	0	24	25032	1	1	22050	22050	1	8	6461	52494646	64617461	25008	24984	4	97f6ff7f89c7d419c75ecc56a85a08716693bb337c29da39dd5cd052e465aaaa	13999f216e8e40cef71af6365339712eb737a2c8e4e939d9bf91766a71f1b77a
all.snd	388	李靖哈	01CD8DA5	44854	0	24	44878	1	1	22050	22050	1	8	6461	52494646	64617461	44854	44830	4	b06e39f147bf78854931384a253ef7e46a8385f741a61480f63a0a6943ef6ffa	b752279aee039e7e2ad23030852fc5f95e1a50b7bfad4f025fcebb303f5e628a
all.snd	389	李靖攻~1	01CF712D	379326	0	24	379350	1	2	44100	176400	4	16	6461	52494646	64617461	379326	379302	4	43c14a2131c41c5b51033dd8c23748df487f9d1e0c2f50826c22759acfbabc8d	d6958a0499e3b2d2dfea95189ed0d4d77906dab576336cd740a73a2ae880d0a9
all.snd	390	李靖防守	01CE3CDB	24439	0	24	24463	1	1	22050	22050	1	8	6461	52494646	64617461	24439	24415	4	e947b89203cf47bd3850d555593a9602852c5388bb358c17f0322f397c19d157	5a6241ca3aa5163c2dce517e2731289db734647e8a720be27006cce2a61d2361
all.snd	391	李靖使用	01CE9C52	21294	0	24	21318	1	1	44100	44100	1	8	6461	52494646	64617461	21294	21270	4	dec0329088c30a27fdbd71fa1431bebde8b451e85e77aea50fc09c0824da4b7c	e0c60dad40cdf239514c406e00cebfe878f83cbc0c89e19c3518808d5f2f3cab
all.snd	392	李靖受擊	01CEEF80	13674	0	24	13698	1	1	22050	44100	2	16	6461	52494646	64617461	13674	13650	4	02de6588431e4fe11151656611d035c96b86ea2c863e16c86f17c6ddd93b9cd6	2ac288e6de15fcaf13f19c47381b9485a82d524502a02cad10cd229d3b769667
all.snd	393	響劍4	01CF24EA	15856	0	24	15880	1	1	11025	22050	2	16	6461	52494646	64617461	15856	15832	4	f93e5409a44aede14c3e27baf8d820dc44a0f939f0dcdcc3d94239c912fe7618	033ccd685cb587bad36a9f2a55587a98c89d8c1bf9d0f81b692b055d572cde9c
all.snd	394	跳步	01CF62DA	3667	0	24	3691	1	1	11025	11025	1	8	6461	52494646	64617461	3667	3643	4	b848afec4963b05eb0b23a099759bacbc23e366c1bbda3670e54c332a946bf6d	9174726bdecce12359c1b2cd2db339f68eead07404240d76d1cab166bd4771d6
all.snd	395	李靖呀-1	01D53AEB	195838	0	24	195862	1	2	44100	176400	4	16	6461	52494646	64617461	195838	195814	4	35ab8094767badd17e808b7dbb4cff867fb3d9e5c050966e8346e2bb291704c1	a0bc9db4a7c231242c844c30068f2f9f76a34e8c1b4cb0e155f2293976b5207a
all.snd	396	空擊03	01D837E9	5929	0	24	5953	1	1	22050	22050	1	8	6461	52494646	64617461	5929	5905	4	15ebcff406b11ce3d82f46af5ef0ed376912d7530c291ac8da4137ed64e8e0f5	a8e7d5d80629f888caa18ece422b41a63cbe1e8cb1b7a1bd3ef37b5db09db58e
all.snd	397	射出	01D84F12	4443	0	24	4467	1	1	22050	22050	1	8	6461	52494646	64617461	4443	4419	4	d8ec2e04d4e1f91be48d8e28c169e0e6b2902a875e72920fe9149a7a2fb00a7c	1775c0376f4c4b41c682e119aea0ffdf4248b12ff98b6510d71496604e3239ea
all.snd	398	李靖攻~2	01D8606D	21591	0	24	21615	1	1	22050	22050	1	8	6461	52494646	64617461	21591	21567	4	91b4c3f331d5c6999bd1977c7086b39862280208564d7045bd8b35fad14e80ef	fe5502bbefb7729614b5af1e9b695ec8872bc549911ee4c1f5edb1fb11dac55c
all.snd	399	撞擊	02627916	11150	0	24	11174	1	1	22050	22050	1	8	6461	52494646	64617461	11150	11126	4	5299550fedd7c12418a7b478c25a1d5f2da67f0d19933e42101ead6c783448c6	6495bcc8394218a8a1b2ed4748a7fcc26b2536dcc85cf26b94ffa3df38d681c9
all.snd	400	法術01	01D8B4C4	27948	0	24	27972	1	1	22050	22050	1	8	6461	52494646	64617461	27948	27924	4	e4b50127e67e2e1a4555790620b91e4539b4db6a26a81cde3abbcc29a162bc6f	d57139846eb2bcaf811e10d13f2a482d573fda16783acc47f0598308e5b4fcfe
all.snd	401	法術02	01D921F0	36034	0	24	36058	1	1	22050	22050	1	8	6461	52494646	64617461	36034	36010	4	d14911dca07fdb44f00fb33853e0709bfa378f876fdb9a3ed840b52f2869d74c	4d1b501851001307aa94404a75b3518e9ccc73e7b703df92be252bab772c347f
all.snd	402	法術03	01D9AEB2	36034	0	24	36058	1	1	22050	22050	1	8	6461	52494646	64617461	36034	36010	4	bc4a633339fedc2cd83676d2c59f140688dac51ee297fd5556d042c23f3e1158	5f4fdd2e1310527c2829fff1dc14a22c5675ac063936d32ed8b1ed426c6b925f
all.snd	403	李靖呀-2	01DA3B74	17658	0	24	17682	1	1	22050	22050	1	8	6461	52494646	64617461	17658	17634	4	44db0c8f560e5a48c7ef0372c9031dae67c5df55a42c3b22401281b5d8203501	0e44f4936b91ec65f492260be76c07a938943e6917879639b368ce09d827aaa9
all.snd	404	李靖呀-3	01DA806E	5164	0	24	5188	1	1	22050	22050	1	8	6461	52494646	64617461	5164	5140	4	05732fdb034ac7692cddd3eb643784c92a0d8790ebeff73ee2364bcdb8aa594b	8d4556ba7fe412906c25896d777d3844b6f1865be9fc0d3c3258351e2acbe7d2
all.snd	405	6006	025D91E0	133026	0	24	133050	1	1	22050	44100	2	16	6461	52494646	64617461	133026	133002	4	657c5582075df9bececa505d467c9f008a9258c630744a15a48f202e00aa6e47	2e708ca85d10a1e1a90e944e183f270dfd4fe34ef754f603b78a3b49b0ffd006
all.snd	406	6007a	01DA949A	137830	0	24	137854	1	1	22050	44100	2	16	6461	52494646	64617461	137830	137806	4	b02ff8c372dd41aff3eecb0fcb067bdd156aa132451c0e4330b20bfe5d275535	10d055d0a88978c91abc50d8c69ee44dd0bcd36a2a103c0b6b7d36064432fb33
all.snd	407	6007b	01DCAF00	71914	0	24	71938	1	1	22050	44100	2	16	6461	52494646	64617461	71914	71890	4	42ce635c91700e102af4321e956a09f0fa04edef58163be822c3f1f5e1d9fae4	2ad3d2fc3f5c2af94ef519f5ab758a3d06163e1e2644fd2cd2d02aeeda2d5bd6
all.snd	408	6007c	01DDC7EA	100814	0	24	100838	1	1	22050	44100	2	16	6461	52494646	64617461	100814	100790	4	e08a580dace92830b288d9cdd411e8059fb56ae11b40a3ea93da9ab07c4aedf8	aef0c70a5cae8a28a99c6612f0862b78a39f89040745dd5f18b25150e8835ab1
all.snd	409	6007d	025ADB50	48102	0	24	48126	1	1	22050	44100	2	16	6461	52494646	64617461	48102	48078	4	50b5493cb692cf0e4c1c466066032ec2c638eb625cfc4ee874b50a66795b1c4f	3fc6f36e697ec2dbaa113d71cf873c105cfd762e1cf47d95c7184defa8122639
all.snd	410	6007e	01DF51B8	63454	0	24	63478	1	1	22050	44100	2	16	6461	52494646	64617461	63454	63430	4	566a5af764a18201fa043ac6e828c622c141cb5f57bcbc2fcafdcca3be922fd5	cdc1835d50c12f1f8efda900d5859a1ab5a6e07aa481bdbc72294645c63dd72e
all.snd	411	6007f	01E04996	26842	0	24	26866	1	1	22050	44100	2	16	6461	52494646	64617461	26842	26818	4	dd8b789af2cb9ce0a7f00af5e4fbba511a1615fdcd74ef4c1e4fdbb3b4bc30ba	722f3074c33fc6139c2e8e8cba2ef676ee96c60c361664233a03a2dc69856ac5
all.snd	412	6007g	01E0B270	189814	0	24	189838	1	1	22050	44100	2	16	6461	52494646	64617461	189814	189790	4	bb9b1b686de88d430bab7ca519c0ead5a7d849023961b8caae9c109d82999578	abbe7a813f7cf95c2106b0806b3e87f373961b8794ae1ba7d409d420527384a7
all.snd	413	6007h	01E397E6	105688	0	24	105712	1	1	22050	44100	2	16	6461	52494646	64617461	105688	105664	4	3b97a53e5486faecda23b7b3a310bf9e2435585cf4e2d4ab6b48cce595f54399	4e093b1854fc9c89596874239ad279b7a86213f24efb206c1a7d57b8a307279e
all.snd	414	6007i	01E534BE	44614	0	24	44638	1	1	22050	44100	2	16	6461	52494646	64617461	44614	44590	4	b71fabe0009a8ea101c42d943e5499d57708efa3516b0893cc22fb0eb9d1babb	f7c3fbf4e08d07796bfa4f5be4d77a6163b7a19d58acc5a431258626fc14d184
all.snd	415	6007j	01E5E304	84170	0	24	84194	1	1	22050	44100	2	16	6461	52494646	64617461	84170	84146	4	da7a7bbb433b87a83b3257d4c243e42476bd76c053abd144b883b36a03e919e9	2b078dd1bc1cc23a9952ccb0586d3788679a417fe4e09a89422feb8595d7bcfe
all.snd	416	6007k	01E72BCE	81142	0	24	81166	1	1	22050	44100	2	16	6461	52494646	64617461	81142	81118	4	18a39442f20ac57ccc657d55d4fe0883e11b0e3b9d99521f350aa5f5cf978041	336ac8834c9f9718a4457d79ccabd2352f5ed4401e74b0dfbd6ed2aa536230b3
all.snd	417	6007l	01E868C4	58386	0	24	58410	1	1	22050	44100	2	16	6461	52494646	64617461	58386	58362	4	5cdf70de0104363e6213d3482157dde162dc16c8f3c513b4888e5c510e06f0dd	8fa624f1259cfb8275b5dfcf28e2f3a098cfa7843826ff4483af72886e8b9b6a
all.snd	418	6007m	01E94CD6	59482	0	24	59506	1	1	22050	44100	2	16	6461	52494646	64617461	59482	59458	4	093d0f0181a9535e266c2fc6ba8b01d58210d26c9e6fdeb19c059b98e6bd8bd5	fff0cba79491641dd868a3b058739cbeef8d32e19bc52dc357d8cc6ce31162fa
all.snd	419	6007n	025B9736	129706	0	24	129730	1	1	22050	44100	2	16	6461	52494646	64617461	129706	129682	4	3c6fc7caf349e643a4dff4d428a67cb7312aff47c873c8a5636ba449c55ef7a5	f2b3a536f8e9cff6ee3e4c9f5c14e0b5d73e43c0534b11e87971474b82df93e6
all.snd	420	6008a	01EA3530	59586	0	24	59610	1	1	22050	44100	2	16	6461	52494646	64617461	59586	59562	4	95f8940c86bb2a191196ee513844786e07ebb6f418d1a0574e168092917e2178	5f65119ce84a5771a48f5528dbfe81cc79b614bb29c33b8bc97db519bb702c0b
all.snd	421	6008b	01EB1DF2	180582	0	24	180606	1	1	22050	44100	2	16	6461	52494646	64617461	180582	180558	4	3beef887871af94b1b5e93eba0c561509c1a6e100bb95895f82edeffdc415fd5	f55cd3c5c52d76a3f555d55f2acd709101d4a7893b8f280814603bd84ee2da42
all.snd	422	6008c	01EDDF58	42714	0	24	42738	1	1	22050	44100	2	16	6461	52494646	64617461	42714	42690	4	71a58ce58ca79acde79a8fd95f68801dd53c5611f3f115db3f12dde3419d6ee0	c9565bd366113e94371bdaf825e7038cb5e50fc6967b5ca07465f9a7063fa38f
all.snd	423	6008d	01EE8632	141754	0	24	141778	1	1	22050	44100	2	16	6461	52494646	64617461	141754	141730	4	ab886fe7c97f59ea315ac010a5b3292dcfea2e21bc0b41e03af9d0d52270efe6	4a506bbeaa1cd65800aa30fb152c778cb84e033eaba71d346f344199177e44ea
all.snd	424	6008e	01F0AFEC	84134	0	24	84158	1	1	22050	44100	2	16	6461	52494646	64617461	84134	84110	4	279a9c1259db4fb2bf065cc826e55ff4586e78b4aa24e349c75134a596456ac7	01df1703ff10ffb6a2d4ab80aa7ed0b8adb8c6dfa97c49c0ad95581cc4e0158e
all.snd	425	6008f	01F1F892	13026	0	24	13050	1	1	22050	44100	2	16	6461	52494646	64617461	13026	13002	4	452199ae0377b987944aaa33104028206c52453ba7ce50527d173b462594ef05	fe01ae3e4e2962a79c509b5f0a4f141383983b7bb288fc32e9ce71a332a1bc49
all.snd	426	6008g	025F9982	175794	0	24	175818	1	1	22050	44100	2	16	6461	52494646	64617461	175794	175770	4	d00292335b34a60db3ae3a74c08e792b65e3999b6d66093aab0778be3256347a	f27e0c06dd602ea02525495e747f1c78f44ae92a87b0e618f6da75bd22995bd7
all.snd	427	6012a	01F22B74	46494	0	24	46518	1	1	22050	44100	2	16	6461	52494646	64617461	46494	46470	4	3e1fea88e812e20a02acfbd39409de30b2fe5d34d24b6fde6ff6affad05460c7	fe77a2a92b1070c66cca7c9d98102eb8e4bec6b189ac0f909db72f3e7552cd56
all.snd	428	6012b	01F2E112	38390	0	24	38414	1	1	22050	44100	2	16	6461	52494646	64617461	38390	38366	4	da3356631280cd1f504550228f3f0eb028073410876bae63f0e16d49b5fe6e38	7c8b76d1481db223b683aaa5e333a087502da35fc16cf0267367e6aec2e29a74
all.snd	429	6012c	01F37708	167704	0	24	167728	1	1	22050	44100	2	16	6461	52494646	64617461	167704	167680	4	f3ae813cbc652e353f7d3e340dc831bdf9a23655f60878faa1874218c9b3ac9d	c6efb722d56ae7790f8d146089c9e86cbd3996fa19ebc517fbceff332e90b5b9
all.snd	430	6012d	01F60620	116570	0	24	116594	1	1	22050	44100	2	16	6461	52494646	64617461	116570	116546	4	baa0f46426a0c5f5e9eb672f9bb53f63fc3684d78b91107dbe941a338c0634f3	705770acebe9c0014db494a8dd38748cd81a1a40366cafd8d53ee1557d7cbb86
all.snd	431	6013a	01F7CD7A	12678	0	24	12702	1	1	22050	44100	2	16	6461	52494646	64617461	12678	12654	4	c6f67b06ea5f24b761079fe0e63cb1c72c3af5c704eecb93bbd056c908a38948	d06db71c313c444a803be28e4c82ada937c242ded70982f13ae59b01507da543
all.snd	432	6013b	01F7FF00	17958	0	24	17982	1	1	22050	44100	2	16	6461	52494646	64617461	17958	17934	4	4c67484d764131906197bc5e73ed879d04e1bcf80ee1e39c1e1f20e188cc47b9	6abd7125cae339a630da95fb18acc10e5069cbf273d5dbed46e4f2b9b27173d4
all.snd	433	6013c	01F84526	47550	0	24	47574	1	1	22050	44100	2	16	6461	52494646	64617461	47550	47526	4	cc4ecfb4f42137fda979f9c264af26a36ecc0956750e543401a726a7d16934d0	69029d9eed86e38536f842d820dcb42e0196b590a11350e001c260f7fa8b2878
all.snd	434	6013d	01F8FEE4	43506	0	24	43530	1	1	22050	44100	2	16	6461	52494646	64617461	43506	43482	4	7b5589062906a0d61decb449369337043dea9e65719332855c7cbf4ae2b8ef72	4768086d5adfafc59400fa075f793acc093875556a2f2384617e14bcc4df6dc6
all.snd	435	6013e	01F9A8D6	95406	0	24	95430	1	1	22050	44100	2	16	6461	52494646	64617461	95406	95382	4	359862a23565b6890b06deb9124bcd0641dae2cac616ce844ba6819b63e0568d	494ea2af299cf0ec7cf1735736a5098edfa94cf7b2bb7442df23664862f987df
all.snd	436	6013f	01FB1D84	27570	0	24	27594	1	1	22050	44100	2	16	6461	52494646	64617461	27570	27546	4	5398b719bfc190d5b31cd6ac2cdaa20fbee6fee18da5e7ab34a3a26ee32b3650	a880621bf3ec316f59d8a7dea40d3681bc43821c0fcbab5fad6ef462746229d2
all.snd	437	6013g	01FB8936	113910	0	24	113934	1	1	22050	44100	2	16	6461	52494646	64617461	113910	113886	4	3a65ae8d2f835e16849ac83532ddc37fe82b996e8c8fb98b958af9a520ab7d6d	5954db8215eb176df286e0a0abe975cf6fd5df6ad2db931d6ee79e77d73a186f
all.snd	438	6013h	01FD462C	24742	0	24	24766	1	1	22050	44100	2	16	6461	52494646	64617461	24742	24718	4	3c146fce45d5379b7b537561b84872d6bfb904dc3ea0ed3eef26e70b00c06efd	ed60a18bd2fdcbf61928529f08bf608e52df2ccb9bf8129d44dc4a85da436b03
all.snd	439	6013i	01FDA6D2	15546	0	24	15570	1	1	22050	44100	2	16	6461	52494646	64617461	15546	15522	4	8589efa03030d64fafb389dc9eaac3b7fbaa1f1f3c5a41482e105473610d1e16	b90f5252f604dceea6e6aa2ffcb6ad9d8d99aad630c53fbb72ce0992a48b3769
all.snd	440	6013j	01FDE38C	42382	0	24	42406	1	1	22050	44100	2	16	6461	52494646	64617461	42382	42358	4	c9a1acd64f912eb64cb29f8e77767290f241aa54fdd7166c74610582d7d7b4a3	fc840b01b3cc1b873939d34f5927d2ae3bf422c34c9548a06c5861ead2110906
all.snd	441	6013k	01FE891A	35214	0	24	35238	1	1	22050	44100	2	16	6461	52494646	64617461	35214	35190	4	419e874592376207c3f677cfc62937a969bc4178e3b7d3f9260ce58d0350006a	64f6679e1117289e0b6eecb444b0bbd83d828fe93d200a1c0331433099aa53c4
all.snd	442	6014a	01FF12A8	236710	0	24	236734	1	1	22050	44100	2	16	6461	52494646	64617461	236710	236686	4	13ac9fa73e5d76e29d57cc77e9a5aca16dd38c23355a39c2d108a3b3fd03dfb9	5ffb9cf29e36ead390dc0b58c843d426b6a128242bec7e99e2c2b6367c4ccc4a
all.snd	443	6014b	0202AF4E	233968	0	24	233992	1	1	22050	44100	2	16	6461	52494646	64617461	233968	233944	4	7c2958bbf20cb91564824d47362d42dbaf736bfadf222b45cf3fa8102039a3d4	683cb288d8289eac424f7598d191a1b62aea3ab2384e94128f7783b6677544c5
all.snd	444	6014c	0206413E	237398	0	24	237422	1	1	22050	44100	2	16	6461	52494646	64617461	237398	237374	4	bbf2c89a79159abdd8880c8ce347b45a676c745f56adae27a04a7b4c031f8d72	6f0d891f59243263d531693c895f334f12d27102e146f019eb1c9ad75e8c3195
all.snd	445	6014d	0209E094	257174	0	24	257198	1	1	22050	44100	2	16	6461	52494646	64617461	257174	257150	4	7cea0ad1ae5f15ced984e0cc6c3669c839ea9e7aefcf6f0fa81ca240459e85d4	6bdbcf30797a42f492a0443f4e4fe53f7e199189c58bebab94e5d5e615fdb032
all.snd	446	6014e	020DCD2A	45422	0	24	45446	1	1	22050	44100	2	16	6461	52494646	64617461	45422	45398	4	e4159fcfb6ed0f79619bc6c4ba030bace072e883c68f8aa45b42397d5a7abf9b	3ee9cb12a47ad1eca188be61bbb898d7d76038086a88dc8fbe86f478646f0edd
all.snd	447	6014f	020E7E98	43062	0	24	43086	1	1	22050	44100	2	16	6461	52494646	64617461	43062	43038	4	35c807cc4dc8425a2f2726ee0bf9b08e04c0739987574a7399ae624030606316	79562dc2effc525d24b47f49cbc3df139a03029102f8975aacf383b67d75fe2a
all.snd	448	6014g	020F26CE	64118	0	24	64142	1	1	22050	44100	2	16	6461	52494646	64617461	64118	64094	4	c426fd2eeb45581bfbb38a5cb494990de2b5997b21cdab2056bbf7ab86161c42	33bbb366b382ad4eb6acdc4e5734069bfb70bfc3d417483858f5d8fa1025ba15
all.snd	449	6015a	02102144	129706	0	24	129730	1	1	22050	44100	2	16	6461	52494646	64617461	129706	129682	4	3c6fc7caf349e643a4dff4d428a67cb7312aff47c873c8a5636ba449c55ef7a5	f2b3a536f8e9cff6ee3e4c9f5c14e0b5d73e43c0534b11e87971474b82df93e6
all.snd	450	6015b	02121BEE	59482	0	24	59506	1	1	22050	44100	2	16	6461	52494646	64617461	59482	59458	4	093d0f0181a9535e266c2fc6ba8b01d58210d26c9e6fdeb19c059b98e6bd8bd5	fff0cba79491641dd868a3b058739cbeef8d32e19bc52dc357d8cc6ce31162fa
all.snd	451	6015c	02130448	81142	0	24	81166	1	1	22050	44100	2	16	6461	52494646	64617461	81142	81118	4	18a39442f20ac57ccc657d55d4fe0883e11b0e3b9d99521f350aa5f5cf978041	336ac8834c9f9718a4457d79ccabd2352f5ed4401e74b0dfbd6ed2aa536230b3
all.snd	452	6015d	0214413E	63454	0	24	63478	1	1	22050	44100	2	16	6461	52494646	64617461	63454	63430	4	566a5af764a18201fa043ac6e828c622c141cb5f57bcbc2fcafdcca3be922fd5	cdc1835d50c12f1f8efda900d5859a1ab5a6e07aa481bdbc72294645c63dd72e
all.snd	453	6015e	0215391C	84778	0	24	84802	1	1	22050	44100	2	16	6461	52494646	64617461	84778	84754	4	8053626007aa17fc67b4a2fa44b9767d5df2724e068e04855ed291b676a65492	111fadc1b07797f02a489d7a9f3d2f1da177defa76c2cd07018bf4831ede3886
all.snd	454	6015f	02168446	20710	0	24	20734	1	1	22050	44100	2	16	6461	52494646	64617461	20710	20686	4	b965957249cfcc30caa4c309f402f9ef0adec5cac5231b88a33f279ec2612ed0	2da9bd0dbb7a85c8d67aa3f0a443718720d89f146136ffae7e75059fcbd508bf
all.snd	455	6015g	0216D52C	20574	0	24	20598	1	1	22050	44100	2	16	6461	52494646	64617461	20574	20550	4	453e1183647ab6006fba8d1b786322312b340d68051fb47a3e9be0ec50cfd0d9	e4770208de00ba7c1563389e8178a17cf3046b9235e71750d7f06edf2e989aa6
all.snd	456	6015h	0217258A	106126	0	24	106150	1	1	22050	44100	2	16	6461	52494646	64617461	106126	106102	4	54b0d31e5805148bae984c2a8bda6cd79c3d3de048cbe0d54d934bc6477c3b03	9f9a1ca6c64d0823c3a67448a34cc20b88c975aac03ad730853f20818c1d74e8
all.snd	457	6015i	0218C418	126644	0	24	126668	1	1	22050	44100	2	16	6461	52494646	64617461	126644	126620	4	8a62f4483e835775f5943eb5f5afa3f11e0a9686d4967d4d97cb5f5dbeb2ff7a	50365d87ab6073e5e57d4f1f764758b5360877c9391e6ec8fc02f404c8149929
all.snd	458	6016a	021AB2CC	32394	0	24	32418	1	1	22050	44100	2	16	6461	52494646	64617461	32394	32370	4	e90c5d8d5a54bffdcaae751d8c8a6b3427c2a434f6e13710ab90f9364fd35912	c898afaba37ffe714d7ca3b087811dbba1da997d939eff390a5f997bd352b7f3
all.snd	459	6016b	021B3156	38050	0	24	38074	1	1	22050	44100	2	16	6461	52494646	64617461	38050	38026	4	30d21a2746b4bddf4a44ef2c69df46d4e30bf08364a03ef3a3f6d0829df261f8	c8166f3d5bca56d4f7ea8c5e760ae0b6e37f4fb40def4db1e08eed09ad99fa00
all.snd	460	6016c	021BC5F8	65694	0	24	65718	1	1	22050	44100	2	16	6461	52494646	64617461	65694	65670	4	83f14e40c319bf96b6f702e5a1ef8695f01b1719ba69c120403b085ad1b16358	67b4bd22afe1323cc29fd6d41533344dfb1bf35384e51fa02d9bc84872b6514a
all.snd	461	6016d	021CC696	55662	0	24	55686	1	1	22050	44100	2	16	6461	52494646	64617461	55662	55638	4	e015f8e61334e381a42f0d26126befad6ee7a3211620e110b4f48a92626e098c	fec5cfeceab13e395bc5df43a54a114ac52184d7f729a45a5ab6fcb8b3cc907f
all.snd	462	6016e	021DA004	84018	0	24	84042	1	1	22050	44100	2	16	6461	52494646	64617461	84018	83994	4	fa48457dc958ac198c6d5e5a23903fe4df98e323584fbd5f28a6f3195ee19e39	ece8fc914c77321876ad96685494ebbe7eecddd764798c29ff17ce86c6eae2b8
all.snd	463	6016f	021EE836	35766	0	24	35790	1	1	22050	44100	2	16	6461	52494646	64617461	35766	35742	4	9e3573520875fc145f2cc45121f423a849094edf446226f9988b02928c379650	1750a519b831e340ad8a27ac5c6b85dd554a5eea96eb566ca8e8ca68f88dbb8b
all.snd	464	6016g	021F73EC	84454	0	24	84478	1	1	22050	44100	2	16	6461	52494646	64617461	84454	84430	4	710990f94b138d428010e0178cde842af9f57f2aa994ee67722b6afbaa1e2c03	900477dc6d9cd773dbb247110091a94fd9ddb18c5633e6e4e9a659d5a2164420
all.snd	465	6016h	0220BDD2	22914	0	24	22938	1	1	22050	44100	2	16	6461	52494646	64617461	22914	22890	4	3a36ea7503af55fa6bbfce11cf4dbf8fcdadeac8a56bc241a25ec01a28abad2c	7b9201442e543fca485268a95dcba51d45f92b313e1faf91da8b067bf9a1c544
all.snd	466	6020	02211754	114234	0	24	114258	1	1	22050	44100	2	16	6461	52494646	64617461	114234	114210	4	f21d3bf6ba1a91142d6c81368419291e8c912522f5fccadc0aa569cc573e89f8	f0af3c55ec5daee2040add34b168245aad75ca03a2fa1087cb63a99b6400be1b
all.snd	467	6022a	0222D58E	129218	0	24	129242	1	1	22050	44100	2	16	6461	52494646	64617461	129218	129194	4	9987bedc4def704833dc45ba3d24bd2dcab33b7629230afe9f5c190a7ae541a0	7ce1a1b8d8856887afdf654a34e3fe02840ea7d270fa9414920f7042ffe997e8
all.snd	468	6022b	0224CE50	170808	0	24	170832	1	1	22050	44100	2	16	6461	52494646	64617461	170808	170784	4	3294a08f1a49e43ce34420dc73bf9f5a2f9b95173b0e252cadf9c786aa420685	30584387a27b51c37b32e6b7b35cecbdc6a3e8501f75e499ff29691081bba5b9
all.snd	469	6022c	02276988	110736	0	24	110760	1	1	22050	44100	2	16	6461	52494646	64617461	110736	110712	4	aed71e4166778c4bf54b050fd5735bf03b36683192b84fdbfb472c20fa00bed5	d21b3866e6a02597b0d39000723a67310483078297fd7a0f54b5ab411d90dd85
all.snd	470	6022d	02291A18	270738	0	24	270762	1	1	22050	44100	2	16	6461	52494646	64617461	270738	270714	4	872305d62f220750737225745325a018547fb73d2371f71c851a1f8d0424fc7e	4ad7706df48deefa6b6e30167ba4b36db947a5dbcc7eaa32080a16371d1ad6a4
all.snd	471	6022e	022D3BAA	114234	0	24	114258	1	1	22050	44100	2	16	6461	52494646	64617461	114234	114210	4	f21d3bf6ba1a91142d6c81368419291e8c912522f5fccadc0aa569cc573e89f8	f0af3c55ec5daee2040add34b168245aad75ca03a2fa1087cb63a99b6400be1b
all.snd	472	6022f	022EF9E4	124550	0	24	124574	1	1	22050	44100	2	16	6461	52494646	64617461	124550	124526	4	779aa98cddc827a084b6eb6cea661d82a652b00793b2e2aa756616c423a24d8d	614bb93b957cb6f1b4a78ee0457f7ad26834c64affc7f4be020be7e4fecdeb2f
all.snd	473	6022g	0230E06A	106194	0	24	106218	1	1	22050	44100	2	16	6461	52494646	64617461	106194	106170	4	1529a5495866cca66a345e886f0b0e11360940b023d7954eaa304926e83e2c82	8294891123a98ef7d751ca6b888d2fa061444a970c68b099dc85fc30d027a278
all.snd	474	6022h	02327F3C	377470	0	24	377494	1	1	22050	44100	2	16	6461	52494646	64617461	377470	377446	4	6c6928b0a7bf375bfab8bcd15383be1d822e1ccceb95c8449e8a2e27140da34f	59d359c094f9ed202ca3e589632d061be62cce45224a8075731d5e125d5e3976
all.snd	475	6023a	023841BA	129218	0	24	129242	1	1	22050	44100	2	16	6461	52494646	64617461	129218	129194	4	9987bedc4def704833dc45ba3d24bd2dcab33b7629230afe9f5c190a7ae541a0	7ce1a1b8d8856887afdf654a34e3fe02840ea7d270fa9414920f7042ffe997e8
all.snd	476	6023b	023A3A7C	188562	0	24	188586	1	1	22050	44100	2	16	6461	52494646	64617461	188562	188538	4	6691e2bfc6392492fb01c330769adc0dfa62d963ff48eb9efb513ab8bc292737	f8d128fcdc55b5dfb11aa4fac1e055073f319161ad121d8a935bd6e9ff0c3370
all.snd	477	6023c	023D1B0E	92890	0	24	92914	1	1	22050	44100	2	16	6461	52494646	64617461	92890	92866	4	af32098c78daa5e92fdf609735ec4b9e5db81810d8825e5d6a56456250249059	2452a803ca115d6fc970ee238b17ca66802b183890d343f20103b95f09546abb
all.snd	478	6023d	023E85E8	38050	0	24	38074	1	1	22050	44100	2	16	6461	52494646	64617461	38050	38026	4	30d21a2746b4bddf4a44ef2c69df46d4e30bf08364a03ef3a3f6d0829df261f8	c8166f3d5bca56d4f7ea8c5e760ae0b6e37f4fb40def4db1e08eed09ad99fa00
all.snd	479	6023e	023F1A8A	48130	0	24	48154	1	1	22050	44100	2	16	6461	52494646	64617461	48130	48106	4	7cd22f9aa40387786a4bca5ebd3096318e43af02eb99f580db7a49116fd9644a	7cf1a3ec2ad93ba4aaf4feae4ef1748ee847fdf63ed199b1405b79679c5d7168
all.snd	480	6023f	023FD68C	108218	0	24	108242	1	1	22050	44100	2	16	6461	52494646	64617461	108218	108194	4	23e4b5f8cba6e6dbbd2fa22637680bc28b84a16f59c68f3d9955adfe800ff2e7	ca51ce839c7c32106dbde79f01a468856df7e527e0f12bd170c04e10fe57e448
all.snd	481	6023g	02417D46	38394	0	24	38418	1	1	22050	44100	2	16	6461	52494646	64617461	38394	38370	4	4d50f4917a9281b8003c65ad903647abcbb24fa3b1d1346383b4c692c1d9bf9a	432b8b2688114617b2d84d164537893721eb800e29105458b18eeb7c32de1c8d
all.snd	482	6023h	02421340	43498	0	24	43522	1	1	22050	44100	2	16	6461	52494646	64617461	43498	43474	4	bc15be0d2bf742b100bfb5533fe3ebbc47a5c52ff7531dbcd6371a6bb7f2e7a9	83d32f82fdac101012c98bd8da02e1f21c997e5e933e91d75beb440f41da18e0
all.snd	483	6024a	0242BD2A	106126	0	24	106150	1	1	22050	44100	2	16	6461	52494646	64617461	106126	106102	4	54b0d31e5805148bae984c2a8bda6cd79c3d3de048cbe0d54d934bc6477c3b03	9f9a1ca6c64d0823c3a67448a34cc20b88c975aac03ad730853f20818c1d74e8
all.snd	484	6024b	02445BB8	20574	0	24	20598	1	1	22050	44100	2	16	6461	52494646	64617461	20574	20550	4	89ec15415145f7604d16e2820718708265ffa8870d4e146883bbafbf3c0df15a	ded9706d1ea22d7c2a587255dfbac2a840001b48bd5ab433679193694fbbecaf
all.snd	485	6024c	0244AC16	20710	0	24	20734	1	1	22050	44100	2	16	6461	52494646	64617461	20710	20686	4	b965957249cfcc30caa4c309f402f9ef0adec5cac5231b88a33f279ec2612ed0	2da9bd0dbb7a85c8d67aa3f0a443718720d89f146136ffae7e75059fcbd508bf
all.snd	486	6024d	0244FCFC	75524	0	24	75548	1	1	22050	44100	2	16	6461	52494646	64617461	75524	75500	4	65af96be3fd38f26e15c55d8f4fa66494b49cc16d8458a3ab97ea67f18e1e00c	f572e4fd526a37ffdc6b29cb2b253850c55f76357beb0e39a54ade1b796fed6e
all.snd	487	6024e	02462400	59482	0	24	59506	1	1	22050	44100	2	16	6461	52494646	64617461	59482	59458	4	093d0f0181a9535e266c2fc6ba8b01d58210d26c9e6fdeb19c059b98e6bd8bd5	fff0cba79491641dd868a3b058739cbeef8d32e19bc52dc357d8cc6ce31162fa
all.snd	488	6024f	02470C5A	129706	0	24	129730	1	1	22050	44100	2	16	6461	52494646	64617461	129706	129682	4	3c6fc7caf349e643a4dff4d428a67cb7312aff47c873c8a5636ba449c55ef7a5	f2b3a536f8e9cff6ee3e4c9f5c14e0b5d73e43c0534b11e87971474b82df93e6
all.snd	489	6024g	02490704	48102	0	24	48126	1	1	22050	44100	2	16	6461	52494646	64617461	48102	48078	4	50b5493cb692cf0e4c1c466066032ec2c638eb625cfc4ee874b50a66795b1c4f	3fc6f36e697ec2dbaa113d71cf873c105cfd762e1cf47d95c7184defa8122639
all.snd	490	6024h	0249C2EA	26402	0	24	26426	1	1	22050	44100	2	16	6461	52494646	64617461	26402	26378	4	128e6bbf76f18e5df1749279b682092cdc7b67f5a164246a547f8520e07afe6f	6329e70cb5009fa7ca4db45e0b665ea76b7319791fe52bb65f1d955463b6e08f
all.snd	491	6024i	024A2A0C	38646	0	24	38670	1	1	22050	44100	2	16	6461	52494646	64617461	38646	38622	4	35271725a842d1768290b9e4b83a311a2f29ae1050b837724080d88052cafc8b	00213e5ec25c2d4f9ae1cc58faeb03949a0308d55221ddace12fb510e6a5b677
all.snd	492	6024j	024AC102	113014	0	24	113038	1	1	22050	44100	2	16	6461	52494646	64617461	113014	112990	4	70da7d7e9f81ac1528797531c4893dc0a47a613f7c0b6ab35d7f2490cd44ea08	6b5431d3860252d2ea12a8affb204dfad84680c8c014ffc2d708579525bd93e2
all.snd	493	6024k	024C7A78	64220	0	24	64244	1	1	22050	44100	2	16	6461	52494646	64617461	64220	64196	4	4345674f07d4b05acb31c93337b716eff2f68df27f539f531426ccad0efab369	68ba835a949551b80aa1433afc2eaa9c9e652031adae8685bc73ee0b85298e6e
all.snd	494	6026a	024D7554	54102	0	24	54126	1	1	22050	44100	2	16	6461	52494646	64617461	54102	54078	4	9ea9dd803cc9677cd6f4c6516b3c77520bb44ee023d4dd99b3eb03392d268525	b218ae729fd997ca7e4c40a49aa98ce57bd5acc584d5a9ab727aba11c19a2f82
all.snd	495	6026b	024E48AA	20986	0	24	21010	1	1	22050	44100	2	16	6461	52494646	64617461	20986	20962	4	30efd1c9676412aaad307d69bfd985da00f8a9c39896d0542bcebd9b581eabf5	81c2597ddaff7c2218025e5113fbe5632a2d4c920ad7b11dc5dbeadbed267c3a
all.snd	496	6026c	024E9AA4	76692	0	24	76716	1	1	22050	44100	2	16	6461	52494646	64617461	76692	76668	4	2e1726d31189d764cc208b19ec9583330e0ec09cde1cae4cca83825fd76481a5	1ae5f390c9365c2edcf82215dac6f7a4b8b0fc1d193eb49622d387e2059c3000
all.snd	497	6026d	024FC638	82198	0	24	82222	1	1	22050	44100	2	16	6461	52494646	64617461	82198	82174	4	1ef3d5b5a6d58be4f27fbd266d66a5f692f0b412223b2d067f04a8948374adb5	9c0030d38f5048eae2346052ac95922b6dcbc9900952375e4475f039dd401887
all.snd	498	6029a	0251074E	82198	0	24	82222	1	1	22050	44100	2	16	6461	52494646	64617461	82198	82174	4	1ef3d5b5a6d58be4f27fbd266d66a5f692f0b412223b2d067f04a8948374adb5	9c0030d38f5048eae2346052ac95922b6dcbc9900952375e4475f039dd401887
all.snd	499	6029b	02524864	76692	0	24	76716	1	1	22050	44100	2	16	6461	52494646	64617461	76692	76668	4	aee98d63b378206950d580fa8b6627f9ac7c9507e4f118bdc5f6bc52587c718b	429f92fc2b9168ac97ebf4d53bbbce3b0a00fb94fa39fc1ef9bae2473da9401f
all.snd	500	6029c	025373F8	101542	0	24	101566	1	1	22050	44100	2	16	6461	52494646	64617461	101542	101518	4	8d06f7dd80548a243dc8b790ea0b443766a15312e6c73d0a7ea73e27dd061f6e	bfc5fc185fbeeb78326f90bb2ee1e0fd8fa6754502ad361b7cae6ffa83dac614
all.snd	501	6029d	0255009E	40770	0	24	40794	1	1	22050	44100	2	16	6461	52494646	64617461	40770	40746	4	39ec4d7035ab4b304eeefc9f4d29a1ede8903e4bb1a2798b9fddba6d82a053f4	7579356a22509404b303494163f5a163744e9a989f07617ded3fd9b160912356
all.snd	502	6029e	02559FE0	100154	0	24	100178	1	1	22050	44100	2	16	6461	52494646	64617461	100154	100130	4	4873b8c51cf42fa796ab05a6ab0d1355ad7c2f0b007556268e5a7f49f74c844d	49a1f53b98d33e9a1926823d62daa5d25ef49796fb370b637ca51ead51f8c3bd
all.snd	503	6029f	0257271A	126554	0	24	126578	1	1	22050	44100	2	16	6461	52494646	64617461	126554	126530	4	938312974881ee09ff8a3bc7e0129d694d7950b9839b4c4bb5fcc2d3020612cc	0b9217578172c1918a6706d07857006327dffaee02a732b724a428a353547648
all.snd	504	6031a	02591574	116188	0	24	116212	1	1	22050	44100	2	16	6461	52494646	64617461	116188	116164	4	f1c745b8e62342caf33d353e9ce47dd5eb4f9f9cb6e69bb8de1a14fda36cae80	5615dc69cd6e4f881214e57962b6482a7150fc14504cbc7954d676ce5d280f50
all.snd	505	拉弦	02624834	12514	0	24	12538	1	1	22050	22050	1	8	6461	52494646	64617461	12514	12490	4	549c54069820d884a38e60991c1dabeff609e9d0f9ff85b1625401c2fbcfa443	a9c4dc24eea01d3a1db2b08f6dc3ac0dace3b5b52823417a1b6bf23005696b21
all.snd	506	機關聲1	0262A4A4	52378	0	24	52402	1	1	22050	44100	2	16	0000	52494646	00007461	52378	52354		0995fa6eda665a38b9eef2d27769e0e55d68798de2ed219e1685ecdd7ba0144f	d88a1690e08205c6805cf3794dc829c212328b07e895313ca3efa67e689aebd6
all.snd	507	機關聲2	0263713E	92182	0	24	92206	1	1	22050	44100	2	16	0000	52494646	00007461	92182	92158		1402a39fff5c1c7a0e86a0258e029a86927e682fbfce160558b3ebca54c9dc19	7db54aeb63653d40d74507c0f785436d88d487cd14fe77f259dbf31d42ca370f
all.snd	508	機關聲3	0264D954	80140	0	24	80164	1	1	22050	44100	2	16	6461	52494646	64617461	80140	80116	4	a52dddc7be2ef1736f538f8f20f7785e966eb84602df29e0400eec919854b941	008c4504af89dbb2ea3f20d01629fc47f3780a8bea2b8bed7ca555fa4399eb09
all.snd	509	機關聲4	02661260	73124	0	24	73148	1	1	22050	44100	2	16	6461	52494646	64617461	73124	73100	4	9676a897bb41ea9be020c6d8d3039539096406da1d4f023f7ed992d015cad08d	dfafa5648328f0641901c812d6f9e1e3e53448fa00dcaa9bfbc49bf791331039
all.snd	510	出拳	02673004	7082	0	24	7106	1	1	22050	44100	2	16	6461	52494646	64617461	7082	7058	4	06d4d1e3561a5ab61f3d24e9e85dbdddd0dc90ec774d13815966be6c8ebd39b5	96af00d778ad056019d236397eac6ec99d1887adc8a7554d34224677b504c4e6
all.snd	511	出拳2	02674BAE	13078	0	24	13102	1	1	22050	44100	2	16	6461	52494646	64617461	13078	13054	4	ef4649e85027684b5f3c91397282643121447bebbf94a5096c9cec6b8d906ae6	1f392bc53688006e0d46dddee5964ed1f626a72c8c6eb86bc78bdb814c441f25
all.snd	512	哈	02677EC4	8802	0	24	8826	1	1	22050	44100	2	16	6461	52494646	64617461	8802	8778	4	d61b5a16338e24133850c15d19ea08a1eca1a1c1da86286ec05bf84e3e795710	4d1c46236da963bb5c6f7cafb99af94b8a166cea4695f2a193a528281b7ad231
all.snd	513	拳互擊	0267A126	11944	0	24	11968	1	1	22050	44100	2	16	6461	52494646	64617461	11944	11920	4	aa0539f20c1ee0f725bfc60000f0b0d71752ea382665bee1b5cc5091eaac6949	c7b784f83edd8bb03b27ef31e0518946ce46065c7e1a00a55bbcf864a6893043
all.snd	514	拳互擊2	0267CFCE	11160	0	24	11184	1	1	22050	44100	2	16	6461	52494646	64617461	11160	11136	4	3bb45d10eb8b652650b1b71e319020aadaaf425b70837cc5e1b2e4f7ed6e6f02	a641594236d62f775480f0d14cba433e4bafa65ffa2d443557f31364e379b833
all.snd	515	拳互擊3	0267FB66	10028	0	24	10052	1	1	22050	44100	2	16	6461	52494646	64617461	10028	10004	4	7efc817c350e0e39289c397becd12023ab73aeaa9c744f4c654b60209b829c92	c3b5ac17f6770d8ffd8f8ba334bb993c98b24b8b647b55a95e14b20a7d8559d9
all.snd	516	拳互擊4	02682292	16458	0	24	16482	1	1	22050	44100	2	16	6461	52494646	64617461	16458	16434	4	c54929d0cbed58f69c768c7de13d0431b1811482dde2726baefbb432bc41506b	e52ef20048887accd24692590444ed7c417f1f470f020d24c0be74c0a32a3080
all.snd	517	喝	026862DC	9118	0	24	9142	1	1	22050	44100	2	16	6461	52494646	64617461	9118	9094	4	e98c29788b24590842ede9082a97bd9224cb512796a744d476c26155db7bad2a	2d6bc3183c2fcf802b84ca2e9ff305025bdbf06ce141ccf9d398569cb359488c
all.snd	518	法術04	0268867A	37823	0	24	37847	1	1	22050	22050	1	8	6461	52494646	64617461	37823	37799	4	b498db884d22b9e722231a3aa448bbc6521226bbf76592935cf2842fe829704e	2328bac2b55b9560ec0188a69a1e397b862637b4fd440a6be6f0574ba3e18c6f
all.snd	519	法術05	02691A39	39316	0	24	39340	1	1	11025	11025	1	8	6461	52494646	64617461	39316	39292	4	83903da510ad40f3cb25f59b9868ff3d3447ec58ecd5abc82613811cf63c402b	fc54fcc69828a90063fb64324caa10a84bc7345184c41e038023e0ca2d188099
all.snd	520	風鈴聲	0269B3CD	56392	0	24	56416	1	1	22050	22050	1	8	6461	52494646	64617461	56392	56368	4	6f7b1dc3abd2fdbbc1fa5ad81de61b91df805e710accef7043a9efffc2516bc4	bda64297b534cab3b086610f466b50ee90e9bba9e8325bf40e4e04802676a4c8
all.snd	521	大鼓01	026A9015	11929	0	24	11953	1	1	11025	11025	1	8	6461	52494646	64617461	11929	11905	4	8c1bfdd2f645fe15349b8c316a1d13e70d09a98ca0746f683c5df5338bfbbad2	f29b350ccbbe0181d739d611a21a86105befd7deb3a645fa4141dab92306c6bb
all.snd	522	鳳凰叫	026B1B27	44118	0	24	44142	1	1	22050	22050	1	8	6461	52494646	64617461	44118	44094	4	8582207c4a8d6fb752fcd2d4c6b19264cac8dd1eaa977267e4fbdbfcdd85fd0a	35f0dbeb920a0896466d89bf2d5de382aa6b1e283f1d91a5d58e08ed05342ebe
all.snd	523	08-jump	026BC77D	13312	0	24	13336	1	1	22050	44100	2	16	6461	52494646	64617461	13312	13288	4	6dbffe72eee7638a1bc05043204e84b4425924e10fc98a86167ebf464d56368f	64b9544f587ff8d29f877b22ff920bed585779bf0308f723e781b82f346a9fae
all.snd	524	叮叮	026BFB7D	54032	0	24	54056	1	1	22050	44100	2	16	6461	52494646	64617461	54032	54008	4	ce87e6bdcfc825063fe726261aa696664e0ee20d343443f2e6e007738b7338df	267b93f9bbc8efde35625a13a8743cca2738c116bb79c9b44beeb3cdfbac8734
all.snd	525	瞬大聲	026CCE8D	15628	0	24	15652	1	1	22050	44100	2	16	6461	52494646	64617461	15628	15604	4	a2042756a66cc23a7aeec9d2e73136b1e3f154f18a23cf86857c375ed0219e4b	29842d8808dd501847f78fa4c96cf11c8a872a9ac84c258a9f645a1c19cc682f
all.snd	526	咳嗽	026D0B99	20558	0	24	20582	1	1	22050	44100	2	16	6461	52494646	64617461	20558	20534	4	a19e33029016617c96664b52fe570a9ad3d4942e79b33dbbf98cc9bc02bbfe8f	ec30f3a2af6c131d448b9b2e8fef9e20409895f95fec4d5c89f6d5f916e559c7
all.snd	527	哈欠	026D5BE7	44538	0	24	44562	1	1	22050	44100	2	16	6461	52494646	64617461	44538	44514	4	c4c72e74b9a94f5865fd2a4f3a798ed414153e6491d9bf082f5bbe0d48bbc8fd	3e9156a354dc7cc093095fd29dfc495209f24057b3189c24b3b766255abff141
all.snd	528	潑水	026E09E1	11466	0	24	11490	1	1	22050	44100	2	16	6461	52494646	64617461	11466	11442	4	e88de1c33f19d5d45aa006323793a61ffb13ae8ac38d65fc06872b49058c966d	0cde2ff87516351dc73ea8adad1e4c97bd9689fdb78a6b69475de42e3665cb34
all.snd	529	慧彥出~1	026E36AB	5562	0	24	5586	1	1	22050	22050	1	8	6461	52494646	64617461	5562	5538	4	7d871a96eb29e9fb5da159697a0cf9503a9143b1dfb9dcedb98d633eae6e1b19	b5a22e8f7d666485cbcaf1b5a98edc2cc28740af012df5459a3bc9772c04402e
all.snd	530	慧彥出~2	026E4C65	25744	0	24	25768	1	1	22050	22050	1	8	6461	52494646	64617461	25744	25720	4	7294a48e363bcbb1f56955eb582bd9be792a49f84ce3c98ab3f7f23e7864cacc	43578fe2bd95f902aec6808953f0a1064a87a2df79a350143875b9eed273a471
all.snd	531	慧彥出~3	026EB0F5	7244	0	24	7268	1	1	22050	22050	1	8	6461	52494646	64617461	7244	7220	4	3fc257d7ec83964d61c969776ccb2d8bc7a23c3ca11cbab6c2097d7408d0b177	f0df8a119db894d45eb4eb1efd09ecacb0adf675d4f20d48870f51a26b25fabb
all.snd	532	慧彥出~4	026ECD41	16924	0	24	16948	1	1	22050	22050	1	8	6461	52494646	64617461	16924	16900	4	1550c97de1776e57c56052d0047aa9c6c5060048096014f99f333a99161e7b9a	605fe5c7043ffae5cdd4ae67d0165dbd6a835f48542baff84339a3e1cfc21877
all.snd	533	6035a	02F86EAD	216592	0	24	216616	1	1	22050	44100	2	16	6461	52494646	64617461	216592	216568	4	1d5cd12bcd2d5c3c0e38d93e02055b2a1d500116089ce85435fddee0e780ebcb	f21a6c5913df557dcf67e5bb9bd71f2affa06152236ed511e3bdd007fc3aabdb
all.snd	534	6035b	026F0F5D	130558	0	24	130582	1	1	22050	44100	2	16	6461	52494646	64617461	130558	130534	4	7787b403c688dabf1318de398a721883c0eeac8b5ecfa401647382b74b0ec056	de6b49ff254182342041e6eabd68139ac83bc1cea5a0cf29f89dc03ffd4a29b4
all.snd	535	6035c	02710D5B	203108	0	24	203132	1	1	22050	44100	2	16	6461	52494646	64617461	203108	203084	4	426fe3a9b28b9840bfaebbda0af5970be94010969ac69482be5fd8ff3063b17b	42ce77010a4e1a34622b257d041fde8d21ed2a1b0f6fdff9810b08e7d8831f87
all.snd	536	6035d	027426BF	21510	0	24	21534	1	1	22050	44100	2	16	6461	52494646	64617461	21510	21486	4	744c2d952acf799667da032fe270604846ea32e968566be2d999922b3c0fa2f5	47abfec8ebcbdc8078bec27e3b0e70802a81c011f2437cc21a01b0ea94403df4
all.snd	537	6035e	02F7DA0B	38050	0	24	38074	1	1	22050	44100	2	16	6461	52494646	64617461	38050	38026	4	930c06f4883cdcd3862db0e3ed9e5bb0183628f2b27161604768a894ec2fef64	1529c568605383dcbdf5c750fa99a90f6c07e4f5c42072b85d7a2d4c2a283aed
all.snd	538	6035f	02747AC5	104906	0	24	104930	1	1	22050	44100	2	16	6461	52494646	64617461	104906	104882	4	69da00255b0f3b149dd5bc1710554392938064ea2de838eed081e6f0418c0342	e7cea5fb273174374e8b5cd764c150532c70e39e257c9b5725491c70d5094d0c
all.snd	539	6035g	0276148F	118032	0	24	118056	1	1	22050	44100	2	16	6461	52494646	64617461	118032	118008	4	44aef71eafbb38b2a307dc353b296593d1a359afe4dc885a65b3c56db706983c	a73b3db55808b64e344acb3dac3c190f0a578471ebb3295841eb4d298b96e98e
all.snd	540	6035h	0277E19F	112400	0	24	112424	1	1	22050	44100	2	16	6461	52494646	64617461	112400	112376	4	44beed934ba894df5eb2c2fc992fa9d5fd574472f20cfc08c787ca9886daf6b0	cf231271679f48c95f31a4e21a2ef2f86aba24adfd7280dbd0008e6f54436048
all.snd	541	6036a	027998AF	216592	0	24	216616	1	1	22050	44100	2	16	6461	52494646	64617461	216592	216568	4	1d5cd12bcd2d5c3c0e38d93e02055b2a1d500116089ce85435fddee0e780ebcb	f21a6c5913df557dcf67e5bb9bd71f2affa06152236ed511e3bdd007fc3aabdb
all.snd	542	6036b	027CE6BF	130558	0	24	130582	1	1	22050	44100	2	16	6461	52494646	64617461	130558	130534	4	7787b403c688dabf1318de398a721883c0eeac8b5ecfa401647382b74b0ec056	de6b49ff254182342041e6eabd68139ac83bc1cea5a0cf29f89dc03ffd4a29b4
all.snd	543	6036c	027EE4BD	203108	0	24	203132	1	1	22050	44100	2	16	6461	52494646	64617461	203108	203084	4	426fe3a9b28b9840bfaebbda0af5970be94010969ac69482be5fd8ff3063b17b	42ce77010a4e1a34622b257d041fde8d21ed2a1b0f6fdff9810b08e7d8831f87
all.snd	544	6036d	0281FE21	21510	0	24	21534	1	1	22050	44100	2	16	6461	52494646	64617461	21510	21486	4	744c2d952acf799667da032fe270604846ea32e968566be2d999922b3c0fa2f5	47abfec8ebcbdc8078bec27e3b0e70802a81c011f2437cc21a01b0ea94403df4
all.snd	545	6036e	02825227	38050	0	24	38074	1	1	22050	44100	2	16	6461	52494646	64617461	38050	38026	4	930c06f4883cdcd3862db0e3ed9e5bb0183628f2b27161604768a894ec2fef64	1529c568605383dcbdf5c750fa99a90f6c07e4f5c42072b85d7a2d4c2a283aed
all.snd	546	6036f	0282E6C9	104906	0	24	104930	1	1	22050	44100	2	16	6461	52494646	64617461	104906	104882	4	69da00255b0f3b149dd5bc1710554392938064ea2de838eed081e6f0418c0342	e7cea5fb273174374e8b5cd764c150532c70e39e257c9b5725491c70d5094d0c
all.snd	547	6036g	02FBBCBD	118032	0	24	118056	1	1	22050	44100	2	16	6461	52494646	64617461	118032	118008	4	44aef71eafbb38b2a307dc353b296593d1a359afe4dc885a65b3c56db706983c	a73b3db55808b64e344acb3dac3c190f0a578471ebb3295841eb4d298b96e98e
all.snd	548	6036h	02848093	112400	0	24	112424	1	1	22050	44100	2	16	6461	52494646	64617461	112400	112376	4	44beed934ba894df5eb2c2fc992fa9d5fd574472f20cfc08c787ca9886daf6b0	cf231271679f48c95f31a4e21a2ef2f86aba24adfd7280dbd0008e6f54436048
all.snd	549	6036i	028637A3	34964	0	24	34988	1	1	22050	44100	2	16	6461	52494646	64617461	34964	34940	4	c580ab352c932232360bf7017e2145fc00d25274a8c493ff880c50acf5425075	84243aee439c17d6f0828bbe072266fe3e010465aa1f282ccc8c820a458b04ff
all.snd	550	6036j	0286C037	55578	0	24	55602	1	1	22050	44100	2	16	6461	52494646	64617461	55578	55554	4	4982961c882331e547df59536f29ea45c0e7cbbd032421bafb6ef76226599733	f32f4d2dd15053b0576e9e03498834c44068ea14c255c8d5847e2aa29e7588cf
all.snd	551	6036k	02879951	79318	0	24	79342	1	1	22050	44100	2	16	6461	52494646	64617461	79318	79294	4	e04d2268bd5888bf762a1dad9f80a3e8a8752e6fed8153693727f7a02e212833	3e3611f3e22127187588a95bf0194fc77f7ed448a7fd09f8583dbdf946d1d5da
all.snd	552	6037a	0288CF27	216592	0	24	216616	1	1	22050	44100	2	16	6461	52494646	64617461	216592	216568	4	1d5cd12bcd2d5c3c0e38d93e02055b2a1d500116089ce85435fddee0e780ebcb	f21a6c5913df557dcf67e5bb9bd71f2affa06152236ed511e3bdd007fc3aabdb
all.snd	553	6037b	028C1D37	130558	0	24	130582	1	1	22050	44100	2	16	6461	52494646	64617461	130558	130534	4	7787b403c688dabf1318de398a721883c0eeac8b5ecfa401647382b74b0ec056	de6b49ff254182342041e6eabd68139ac83bc1cea5a0cf29f89dc03ffd4a29b4
all.snd	554	6037c	028E1B35	203108	0	24	203132	1	1	22050	44100	2	16	6461	52494646	64617461	203108	203084	4	426fe3a9b28b9840bfaebbda0af5970be94010969ac69482be5fd8ff3063b17b	42ce77010a4e1a34622b257d041fde8d21ed2a1b0f6fdff9810b08e7d8831f87
all.snd	555	6037d	02913499	21510	0	24	21534	1	1	22050	44100	2	16	6461	52494646	64617461	21510	21486	4	744c2d952acf799667da032fe270604846ea32e968566be2d999922b3c0fa2f5	47abfec8ebcbdc8078bec27e3b0e70802a81c011f2437cc21a01b0ea94403df4
all.snd	556	6037e	0291889F	38050	0	24	38074	1	1	22050	44100	2	16	6461	52494646	64617461	38050	38026	4	930c06f4883cdcd3862db0e3ed9e5bb0183628f2b27161604768a894ec2fef64	1529c568605383dcbdf5c750fa99a90f6c07e4f5c42072b85d7a2d4c2a283aed
all.snd	557	6037f	02921D41	104906	0	24	104930	1	1	22050	44100	2	16	6461	52494646	64617461	104906	104882	4	69da00255b0f3b149dd5bc1710554392938064ea2de838eed081e6f0418c0342	e7cea5fb273174374e8b5cd764c150532c70e39e257c9b5725491c70d5094d0c
all.snd	558	6037g	0293B70B	118032	0	24	118056	1	1	22050	44100	2	16	6461	52494646	64617461	118032	118008	4	44aef71eafbb38b2a307dc353b296593d1a359afe4dc885a65b3c56db706983c	a73b3db55808b64e344acb3dac3c190f0a578471ebb3295841eb4d298b96e98e
all.snd	559	6037h	0295841B	112400	0	24	112424	1	1	22050	44100	2	16	6461	52494646	64617461	112400	112376	4	44beed934ba894df5eb2c2fc992fa9d5fd574472f20cfc08c787ca9886daf6b0	cf231271679f48c95f31a4e21a2ef2f86aba24adfd7280dbd0008e6f54436048
all.snd	560	6037i	02973B2B	160596	0	24	160620	1	1	22050	44100	2	16	6461	52494646	64617461	160596	160572	4	29ea715cf3fb3efa09278a5ef933d0e151f91922869aafeec931cfff19e734dd	96b9a5f3d60f665e866acef8fe07051fbffd9e6bbe2cf713231600bf1a483236
all.snd	561	6037j	0299AE7F	80098	0	24	80122	1	1	22050	44100	2	16	6461	52494646	64617461	80098	80074	4	f348ba233138723787c8ff5c6cf1a935ddf1d2320bb5ffe9e374229e1b7aa546	18725f9efcf0846bd67bedd1224f301185e7f38afa1702f94cb63ca4a839c106
all.snd	562	6037k	029AE761	59788	0	24	59812	1	1	22050	44100	2	16	6461	52494646	64617461	59788	59764	4	de8bd3680cbb7cf57ba2fe903c04649281160f6596b2ffcc0bc1bc0994ca2c8c	ef870200917677c8d2ff756b874e0f623f24486a748136cf3ee3e4704a65232a
all.snd	563	6037l	029BD0ED	95570	0	24	95594	1	1	22050	44100	2	16	6461	52494646	64617461	95570	95546	4	b550fd4f9b65165a6644de182129ef722384c4f31634190247a14abac7650740	c077e3867d366d83c9eae78dd4fd6d1753e8cceb7d8b77eee97e921afd01fbab
all.snd	564	6037m	029D463F	64118	0	24	64142	1	1	22050	44100	2	16	6461	52494646	64617461	64118	64094	4	4f776f1cca1787de9a0a5424654e39ea610356e44de2d3890c93a4a1082bc4df	c92f138b681024baed61713af392667a8d61da896b8008303e959404bef0d750
all.snd	565	6037n	029E40B5	65974	0	24	65998	1	1	22050	44100	2	16	6461	52494646	64617461	65974	65950	4	3b85f967f7e9750ef484431e8bc065ec1194658aaaf4b21e00d77f77d9a11502	e076f69ba38dfa4761eed48dbeadbbb67c18deff8ac9e7259bcf7db4b9cf093d
all.snd	566	6037o	029F426B	43542	0	24	43566	1	1	22050	44100	2	16	6461	52494646	64617461	43542	43518	4	ab588e6ca0ba104bb787374d45715d1c097072bdd308cbb7b7525127a4733bc5	7f134dfda479e461c9eb32fa37fce2cf00ececa476ffbc43a8c2c2bd563bee0e
all.snd	567	6037p	029FEC81	42694	0	24	42718	1	1	22050	44100	2	16	6461	52494646	64617461	42694	42670	4	5f23000a39a0b7d9466a657056370cf3e8a10a7ddd6561c6797cbe92186e7323	a4f5ea2b8b7892d9cfa86b53f9920964e88a13c00226288623f303bedd162fd8
all.snd	568	6038a	02A09347	216592	0	24	216616	1	1	22050	44100	2	16	6461	52494646	64617461	216592	216568	4	1d5cd12bcd2d5c3c0e38d93e02055b2a1d500116089ce85435fddee0e780ebcb	f21a6c5913df557dcf67e5bb9bd71f2affa06152236ed511e3bdd007fc3aabdb
all.snd	569	6038b	02A3E157	130558	0	24	130582	1	1	22050	44100	2	16	6461	52494646	64617461	130558	130534	4	7787b403c688dabf1318de398a721883c0eeac8b5ecfa401647382b74b0ec056	de6b49ff254182342041e6eabd68139ac83bc1cea5a0cf29f89dc03ffd4a29b4
all.snd	570	6038c	02A5DF55	203108	0	24	203132	1	1	22050	44100	2	16	6461	52494646	64617461	203108	203084	4	426fe3a9b28b9840bfaebbda0af5970be94010969ac69482be5fd8ff3063b17b	42ce77010a4e1a34622b257d041fde8d21ed2a1b0f6fdff9810b08e7d8831f87
all.snd	571	6038d	02A8F8B9	21510	0	24	21534	1	1	22050	44100	2	16	6461	52494646	64617461	21510	21486	4	744c2d952acf799667da032fe270604846ea32e968566be2d999922b3c0fa2f5	47abfec8ebcbdc8078bec27e3b0e70802a81c011f2437cc21a01b0ea94403df4
all.snd	572	6038e	02A94CBF	38050	0	24	38074	1	1	22050	44100	2	16	6461	52494646	64617461	38050	38026	4	930c06f4883cdcd3862db0e3ed9e5bb0183628f2b27161604768a894ec2fef64	1529c568605383dcbdf5c750fa99a90f6c07e4f5c42072b85d7a2d4c2a283aed
all.snd	573	6038f	02A9E161	104906	0	24	104930	1	1	22050	44100	2	16	6461	52494646	64617461	104906	104882	4	69da00255b0f3b149dd5bc1710554392938064ea2de838eed081e6f0418c0342	e7cea5fb273174374e8b5cd764c150532c70e39e257c9b5725491c70d5094d0c
all.snd	574	6038g	02AB7B2B	118032	0	24	118056	1	1	22050	44100	2	16	6461	52494646	64617461	118032	118008	4	44aef71eafbb38b2a307dc353b296593d1a359afe4dc885a65b3c56db706983c	a73b3db55808b64e344acb3dac3c190f0a578471ebb3295841eb4d298b96e98e
all.snd	575	6038h	02AD483B	112400	0	24	112424	1	1	22050	44100	2	16	6461	52494646	64617461	112400	112376	4	44beed934ba894df5eb2c2fc992fa9d5fd574472f20cfc08c787ca9886daf6b0	cf231271679f48c95f31a4e21a2ef2f86aba24adfd7280dbd0008e6f54436048
all.snd	576	6038i	02AEFF4B	160596	0	24	160620	1	1	22050	44100	2	16	6461	52494646	64617461	160596	160572	4	29ea715cf3fb3efa09278a5ef933d0e151f91922869aafeec931cfff19e734dd	96b9a5f3d60f665e866acef8fe07051fbffd9e6bbe2cf713231600bf1a483236
all.snd	577	6038j	02B1729F	80098	0	24	80122	1	1	22050	44100	2	16	6461	52494646	64617461	80098	80074	4	f348ba233138723787c8ff5c6cf1a935ddf1d2320bb5ffe9e374229e1b7aa546	18725f9efcf0846bd67bedd1224f301185e7f38afa1702f94cb63ca4a839c106
all.snd	578	6038k	02B2AB81	59788	0	24	59812	1	1	22050	44100	2	16	6461	52494646	64617461	59788	59764	4	de8bd3680cbb7cf57ba2fe903c04649281160f6596b2ffcc0bc1bc0994ca2c8c	ef870200917677c8d2ff756b874e0f623f24486a748136cf3ee3e4704a65232a
all.snd	579	6038l	02B3950D	95570	0	24	95594	1	1	22050	44100	2	16	6461	52494646	64617461	95570	95546	4	b550fd4f9b65165a6644de182129ef722384c4f31634190247a14abac7650740	c077e3867d366d83c9eae78dd4fd6d1753e8cceb7d8b77eee97e921afd01fbab
all.snd	580	6038m	02B50A5F	64118	0	24	64142	1	1	22050	44100	2	16	6461	52494646	64617461	64118	64094	4	4f776f1cca1787de9a0a5424654e39ea610356e44de2d3890c93a4a1082bc4df	c92f138b681024baed61713af392667a8d61da896b8008303e959404bef0d750
all.snd	581	6038n	02B604D5	65974	0	24	65998	1	1	22050	44100	2	16	6461	52494646	64617461	65974	65950	4	3b85f967f7e9750ef484431e8bc065ec1194658aaaf4b21e00d77f77d9a11502	e076f69ba38dfa4761eed48dbeadbbb67c18deff8ac9e7259bcf7db4b9cf093d
all.snd	582	6038o	02B7068B	43542	0	24	43566	1	1	22050	44100	2	16	6461	52494646	64617461	43542	43518	4	ab588e6ca0ba104bb787374d45715d1c097072bdd308cbb7b7525127a4733bc5	7f134dfda479e461c9eb32fa37fce2cf00ececa476ffbc43a8c2c2bd563bee0e
all.snd	583	6038p	02B7B0A1	42694	0	24	42718	1	1	22050	44100	2	16	6461	52494646	64617461	42694	42670	4	5f23000a39a0b7d9466a657056370cf3e8a10a7ddd6561c6797cbe92186e7323	a4f5ea2b8b7892d9cfa86b53f9920964e88a13c00226288623f303bedd162fd8
all.snd	584	6038q	02B85767	64218	0	24	64242	1	1	22050	44100	2	16	6461	52494646	64617461	64218	64194	4	0665d210ab7333146129ebe395eedac962ebcd785db5447def36b38993b6e1a3	0871cf3bdf1738d1d9b0f203c25ad86ea88918331c059b34563b143043f036a8
all.snd	585	6038r	02B95241	40732	0	24	40756	1	1	22050	44100	2	16	6461	52494646	64617461	40732	40708	4	6aa07fca555c963151eea9c12fb0e53197c3e7910e2f183b1f7384dda263b217	389ec66700607d31adb40a679669714c1fe7478bb87f0d1396f8af0a0ca9346c
all.snd	586	6038s	02B9F15D	46556	0	24	46580	1	1	22050	44100	2	16	6461	52494646	64617461	46556	46532	4	d606b9208013ec0985212ef59646c6827c08e9b0f3cc5959107a2b470bc19131	11d1190151baa8f33cc6320e7df3b12d017d976a6c1cfce8186273838776b3bd
all.snd	587	6038t	02BAA739	74564	0	24	74588	1	1	22050	44100	2	16	6461	52494646	64617461	74564	74540	4	4dac51a0a117916b30cf70cdbbc506a05cef7688207b91df1559980ae37d5506	036887b38784d6e866177195c6f533c1936226f9b0d548cdecf0b85d64cdc8c4
all.snd	588	6038u	02BBCA7D	101138	0	24	101162	1	1	22050	44100	2	16	6461	52494646	64617461	101138	101114	4	f263c88e7558b09b597a910b616a6e1d6878fd3ae35482e8bd2840bac909045a	44e5d61bc79e1a23de696c2dff75a1410f55a4d63fc09928683d674799d77db7
all.snd	589	6038v	02BD558F	80912	0	24	80936	1	1	22050	44100	2	16	6461	52494646	64617461	80912	80888	4	15ab5b6dd869590edba65504c5192359b4942ea6577ba5d071451f7bc551bffb	e335fda2a3bc27cdad400c02cefddfe872e365fac67a0e6513a940bcc5a69e72
all.snd	590	6038w	02BE919F	76430	0	24	76454	1	1	22050	44100	2	16	6461	52494646	64617461	76430	76406	4	d18fc8ee624feb6f7018f40f53627f422495aded70acb86c9471fc17f5a8eb80	d46efd775c9cfb410291aa115894a91b2a4e7112a5aba99b57a4741dd81af513
all.snd	591	6040a	02BFBC2D	27258	0	24	27282	1	1	22050	44100	2	16	6461	52494646	64617461	27258	27234	4	e74f399b1fe05dc514bc72604157265191ffcb74a4492f6ec16fa6acb175cabe	4b60d43beb58e6a0454db9148d2cb118573d43425d492ec2acffd280540e2560
all.snd	592	6040b	02C026A7	92782	0	24	92806	1	1	22050	44100	2	16	6461	52494646	64617461	92782	92758	4	927a5415b2c724cab509ae31412719b9fbfaed20944be2ced8efd225014bfc70	ef7f060b92d7a6d9ea0c3b3f517caecee0afe57fe7785ae079e8df10ce6b825e
all.snd	593	6040c	02C19115	70210	0	24	70234	1	1	22050	44100	2	16	6461	52494646	64617461	70210	70186	4	54284489b41d42242a05a5292da5d20fc914fb211067d77df977c879b19ebfcb	7ea5f3fe9872a2493dab13bc83b77c42e5fdbcdaaf2bf541e203d41bb3b650b9
all.snd	594	6040d	02C2A357	52208	0	24	52232	1	1	22050	44100	2	16	6461	52494646	64617461	52208	52184	4	244db7d4b56a9014e3874675f17573342144509ec6405951baa5437e09ed70b6	a69cb624322ad504a29b0d0b7b67247a20259a2b9b140ca536580fd1560da8f7
all.snd	595	6040e	02C36F47	66810	0	24	66834	1	1	22050	44100	2	16	6461	52494646	64617461	66810	66786	4	00cd66cbd093695eff1cc1d45ce695b640aa320697cdff590bd445b67b2b7c37	960ea71e87621d3dbc0790449184a30eec9a53282ef75a30311d811bdf66ed3f
all.snd	596	6040f	02C47441	67458	0	24	67482	1	1	22050	44100	2	16	6461	52494646	64617461	67458	67434	4	f46e2449d879f53b79868859c6f27d1ae99c52894c021038010cc14f26c0ec3e	23cab978ac97617f77faa696797b590c65d8cfadc6e6e6bd10f9b87a86d116b1
all.snd	597	6040g	02C57BC3	78358	0	24	78382	1	1	22050	44100	2	16	6461	52494646	64617461	78358	78334	4	b378776d35e953fcf0e6501c94a3aee15edb56119c4059af0db876c72004dfd6	b63fd5b99949add902514662cb6efac584b641b402fb05f33c3d2ad809670d4b
all.snd	598	6040h	02C6ADD9	41908	0	24	41932	1	1	22050	44100	2	16	6461	52494646	64617461	41908	41884	4	9efb30fe0e423ed71b27fd324704f6a0f2bbd0e2e9418ff469de1366251d9631	f8aea33f6355c2c36e3f5c4f1b4d6da4dc3bb8e7129ad4ced2efca558c22de1e
all.snd	599	6042a	02C7518D	130098	0	24	130122	1	1	22050	44100	2	16	6461	52494646	64617461	130098	130074	4	d8f1511c97338488c79eacf4ab69d6bc07217bf7b93d0eec03cf56b8c156fb70	3c34560a633068a768a692fcc521bc578eafdd87aa6fdb6292f063e4bb725eb9
all.snd	600	6042b	02C94DBF	133146	0	24	133170	1	1	22050	44100	2	16	6461	52494646	64617461	133146	133122	4	06742d71e84ac7775ff9fd2bf03a194f4049cae65166c7b5884e7b0b39fc6482	1d47d040fe94c4c2b200854a0c27d44385695d6e79a97f5c3ba314cad52266c8
all.snd	601	6042c	02CB55D9	90594	0	24	90618	1	1	22050	44100	2	16	6461	52494646	64617461	90594	90570	4	f3e6106aa1716b8a326285227a977cf710d784b5e5adee80be03f9cd066d30f4	0f849e690dee711713fa500ad8b4d8f00cdbc01471f114507282f3ddc512a753
all.snd	602	6042d	02CCB7BB	90594	0	24	90618	1	1	22050	44100	2	16	6461	52494646	64617461	90594	90570	4	4e2eb2d6c41028b71d2c7395d92acf89ecea5388220ad8177933f2429ea772e5	5fc25c2481db22149a3aa87dbfc81fac581b965d5ff7e691526bb2f871d3ec0b
all.snd	603	6042e	02CE199D	112220	0	24	112244	1	1	22050	44100	2	16	6461	52494646	64617461	112220	112196	4	7cd43ecd8f56d712c766e6fcd8946af21a1d4f9193c54f458d6fcaf547bf01a8	079029326f2334711375d1ad1444f9c60c6c096fa9a9c652465c6da4b7277368
all.snd	604	6042f	02CFCFF9	162484	0	24	162508	1	1	22050	44100	2	16	6461	52494646	64617461	162484	162460	4	efd729fc6238bab33bc0b3d39a49d1e1f667ca72ad9f46ef587b076a0638a955	640f688f67a588dff81f94267ab91ed6b3c62d0f48f133df5930133eb5496304
all.snd	605	6047a	02D24AAD	64220	0	24	64244	1	1	22050	44100	2	16	6461	52494646	64617461	64220	64196	4	4345674f07d4b05acb31c93337b716eff2f68df27f539f531426ccad0efab369	68ba835a949551b80aa1433afc2eaa9c9e652031adae8685bc73ee0b85298e6e
all.snd	606	6047b	02D34589	83030	0	24	83054	1	1	22050	44100	2	16	6461	52494646	64617461	83030	83006	4	4f7f24918a6560d04dee06fe310389b3544f83036d541921917efe60f933d951	3be05c31fdeba375a4ce89953175a9c9d62210fec890df165e1d5d9ba66f9985
all.snd	607	6047c	02D489DF	106194	0	24	106218	1	1	22050	44100	2	16	6461	52494646	64617461	106194	106170	4	1529a5495866cca66a345e886f0b0e11360940b023d7954eaa304926e83e2c82	8294891123a98ef7d751ca6b888d2fa061444a970c68b099dc85fc30d027a278
all.snd	608	6047d	02D628B1	73778	0	24	73802	1	1	22050	44100	2	16	6461	52494646	64617461	73778	73754	4	e6d27a174435a898ca7f83b85868cb55f946532acceb55ca33abfa2a0d8f7612	ac856f14d032e4fc19f3ed71e222b550c3bcc54cfdea2e65c2eceea7d04dc616
all.snd	609	6049a	02D748E3	71914	0	24	71938	1	1	22050	44100	2	16	6461	52494646	64617461	71914	71890	4	42ce635c91700e102af4321e956a09f0fa04edef58163be822c3f1f5e1d9fae4	2ad3d2fc3f5c2af94ef519f5ab758a3d06163e1e2644fd2cd2d02aeeda2d5bd6
all.snd	610	6049b	02D861CD	67106	0	24	67130	1	1	22050	44100	2	16	6461	52494646	64617461	67106	67082	4	185a034404394698c5f70b8d30952fdd1e6774a16ffe47f9cad1cbf40993c6d9	2d71b11f3f82aaa83b2a284b276d963013563539ba72fa849102a8eb2c0ad40d
all.snd	611	6049c	02D967EF	26842	0	24	26866	1	1	22050	44100	2	16	6461	52494646	64617461	26842	26818	4	45623f336ff1faaa8537ff440ace3282bce963e4e780f4dd8cdf0e5cca6494e6	952019960c7b6341ac7df54e2cf7b5a9891ec7122b309f0d6752b60fe4f75db4
all.snd	612	6049d	02D9D0C9	105688	0	24	105712	1	1	22050	44100	2	16	6461	52494646	64617461	105688	105664	4	1cf9f2863895302c220ed0a669fd5fa85e72d684d9c3ca59e95d2edb3daad98f	ed50e92bb8fdbce6de2195e5a8ccadfa209506dc5c5c376c6af22f4f2168716c
all.snd	613	6049e	02DB6DA1	54798	0	24	54822	1	1	22050	44100	2	16	6461	52494646	64617461	54798	54774	4	ee34fca69774fd970b68a19cd18d35ab510d86fb61b548c8bf7551d1d73f7271	6e632e60dfde8350c7c97c8d74a0916f1acd81bfc744294cc93becb67409d8df
all.snd	614	6049f	02DC43AF	81142	0	24	81166	1	1	22050	44100	2	16	6461	52494646	64617461	81142	81118	4	18a39442f20ac57ccc657d55d4fe0883e11b0e3b9d99521f350aa5f5cf978041	336ac8834c9f9718a4457d79ccabd2352f5ed4401e74b0dfbd6ed2aa536230b3
all.snd	615	6049g	02DD80A5	58386	0	24	58410	1	1	22050	44100	2	16	6461	52494646	64617461	58386	58362	4	5cdf70de0104363e6213d3482157dde162dc16c8f3c513b4888e5c510e06f0dd	8fa624f1259cfb8275b5dfcf28e2f3a098cfa7843826ff4483af72886e8b9b6a
all.snd	616	6053a	02DE64B7	103420	0	24	103444	1	1	22050	44100	2	16	6461	52494646	64617461	103420	103396	4	949e7c99a0cb965668154680f0861aa3801c78a881d1b8846eecdc16e25800fb	7e5f2d0c9324684ce27474ba54600a0dfeb60794b547a42c8d3d9f779a4bcae8
all.snd	617	6053b	02DFF8B3	58890	0	24	58914	1	1	22050	44100	2	16	6461	52494646	64617461	58890	58866	4	667ca09b1ddd324a13fcbe5d21f1f09d4db38df5272d6b437f8f2ef5d5ff0407	553be4662b14a327da866aec9e1724f2e215f160a621a810b2f80c42752c666e
all.snd	618	6053c	02E0DEBD	88938	0	24	88962	1	1	22050	44100	2	16	6461	52494646	64617461	88938	88914	4	c81c08cc63b3b7fc298346bfda79ca0a916d9ac17cf213274d8813596361176e	f5cdfe61dcd4dafbab429903781c18fec92f2532de06f18b0bc13c2ba74d6659
all.snd	619	6053d	02E23A27	56368	0	24	56392	1	1	22050	44100	2	16	6461	52494646	64617461	56368	56344	4	01fd0c5d3fc1e7f944b74626e260f43e0cc9d61a18822611aedaeb342bfb43a4	d5d3624eac0e43ff60be8c88f922804051fd1f7ca20997a37109f55698ff2dae
all.snd	620	6055a	02E31657	85074	0	24	85098	1	1	22050	44100	2	16	6461	52494646	64617461	85074	85050	4	bfb1cd5e6924d70cba3258e4123791550e02f1c219bb664eebc25cea18570cec	c029e1517b1e4c3d9c2d89497415591b91ed64cbc691c9505b7f9d08dd0fc091
all.snd	621	6055b	02E462A9	223488	0	24	223512	1	1	22050	44100	2	16	6461	52494646	64617461	223488	223464	4	317c6bc14fd5962243217f0509f4826a2ed147f222daeafec26101bd138c3539	2b6778647519192fa2052ff93a1d6344f871053232aa6d2b2836f850c218d380
all.snd	622	6055c	02E7CBA9	49166	0	24	49190	1	1	22050	44100	2	16	6461	52494646	64617461	49166	49142	4	4d0ab91a9207b922281beac6b0fd8169a4a2df3bac13c2a3f1f3fc2b8d9390bb	1f72cc3166bbfc0b0f9faf1a4405626804bc962c20922d473d978732afac5a7a
all.snd	623	6055d	02E88BB7	118018	0	24	118042	1	1	22050	44100	2	16	6461	52494646	64617461	118018	117994	4	3ab83408f1bfa2a2dcab3263c2fb55b1fcbe4f1a9ef405d851f887ae2efc57c8	c317403168ed8028ea4a0d6268c8901738e17f09414080bb14eede74f8251936
all.snd	624	6055e	02EA58B9	264586	0	24	264610	1	1	22050	44100	2	16	6461	52494646	64617461	264586	264562	4	82a3d0c49082c246b2b339121591762dee729c0bb74b55e9a32460f5920a34b6	a27c3bb32938f00503a55bdd4be11c5ab6f2610155f392108a64421c36cd8a0e
all.snd	625	6055f	02EE6243	89366	0	24	89390	1	1	22050	44100	2	16	6461	52494646	64617461	89366	89342	4	6c5d633b60a803f20d937dd710be714e334777689e027c7231271f798532edb1	cc24e8f74aef6f4230141782d5538834ebb45e269a6e42d5d684520e5403a284
all.snd	626	6055g	02EFBF59	47894	0	24	47918	1	1	22050	44100	2	16	6461	52494646	64617461	47894	47870	4	240511ba1ceb0167700db8e7b63429854552bbab65322af17ab511e4e5d2a7d4	1c5255dc804c030ed5f10553ada331ba6cb25a2435b92caa27a43d9115e6f02a
all.snd	627	6055h	02F07A6F	81220	0	24	81244	1	1	22050	44100	2	16	6461	52494646	64617461	81220	81196	4	ebf35d5fda2c3ed0eb61dc8717c355d6a916ee688a1abada436f96ac0fb80266	cd6e95f295cf582d0e217668814a86e11fa56e1f621d626c7d687c5bb1a9975f
all.snd	628	6067-1	02F1B7B3	71650	0	24	71674	1	1	22050	44100	2	16	6461	52494646	64617461	71650	71626	4	162dfeac4c647b6e1f249812383ad2cd4b0c61438259839c0bcd0e1a91646e6a	ce016362536874162d561dbb06e3da30aaa4e0c45654f83bf843ab582a1b0258
all.snd	629	6067-2	02F2CF95	40978	0	24	41002	1	1	22050	44100	2	16	6461	52494646	64617461	40978	40954	4	d19dfd223beb3c46774e8aae3b778bd7fd866b0edb3956ba41988264b960f9f1	ba391a5ea88a32b1ef8d679e92578b70dc84e9f1a7ec4e2bdc1d60b4b7adac3c
all.snd	630	6068-1	02F36FA7	162790	0	24	162814	1	1	22050	44100	2	16	6461	52494646	64617461	162790	162766	4	8bca20f71af76c8dd91234ce3ca251778776554c7b876676136b97e0aad5a556	825f72177c0d641714ecf8a677d6045818784621911f2ba18d067496670b916d
all.snd	631	6068-2	02F5EB8D	63708	0	24	63732	1	1	22050	44100	2	16	6461	52494646	64617461	63708	63684	4	16fb1850b68deff28c09c165a7dd3983a79efe1d1bf82a6dcbcd18f8da7558f3	660adc325586c5942212ac88ef78e3a9d993f1d74b725931b9f028da5ed0d404
all.snd	632	6071-1	02F6E469	62882	0	24	62906	1	1	22050	44100	2	16	6461	52494646	64617461	62882	62858	4	3f04b6545fbbea484d6f02d01dd1c16248c55b46cb9d107565dba3439e0df1aa	a134c4078b20d2de008df7d6e4df15e09bd0616ee743e3eba246b4f41c5f9f77
all.snd	633	6071-2	02FD89CD	105888	0	24	105912	1	1	22050	44100	2	16	6461	52494646	64617461	105888	105864	4	8cbfd88142ed60bba9245ff0b64901d47132295ac0f662810ea9ae996565110c	305ef5df62a8a28070f31e885d9691d045d9cae89bbbcaa3dc1bff57c3e59de1
all.snd	634	6071-3	02FF276D	106398	0	24	106422	1	1	22050	44100	2	16	6461	52494646	64617461	106398	106374	4	02aa14084fae3604d2842a363f8beca0169a45faf64d78d2b797e353fa4c2e8f	a927ac69ce356ba2843b5af022d982ea370a3cced602c00b028d07191daf5db0
all.snd	635	6072-1	0300C70B	128022	0	24	128046	1	1	22050	44100	2	16	6461	52494646	64617461	128022	127998	4	a0549750e46f324683cb8ef75fc582d13aa5e197bb30b511bc6e9f3f77dd69a1	d3c01f7a0c2799ab3ceea5825a33c2b0516f3af0c29323397aa06f0a64099b80
all.snd	636	6073-1	0302BB21	161816	0	24	161840	1	1	22050	44100	2	16	6461	52494646	64617461	161816	161792	4	35b9819a24237fca89b5c5b14ed9ba41e7c24127f244486fdf66525101839266	4d69183de6b9b7e51ec3e6154d9962897e9615bff12e05a3aafd93fbade7182c
all.snd	637	6073-2	03053339	125654	0	24	125678	1	1	22050	44100	2	16	6461	52494646	64617461	125654	125630	4	267354172c50e2bb12378fb2858180c51aed614bf9506727a2f5775595c17918	6eb8ab06c6d43a3a2cda127bb1c38123ddb9d92d6dd8cdce6077298ae81afd8f
all.snd	638	6076-1	03071E0F	196080	0	24	196104	1	1	22050	44100	2	16	6461	52494646	64617461	196080	196056	4	477ec615a17bcb1d10d928646d3f6353e8c9d5708e802d039c337043c206e7d1	97dc0407d0922b53bd8d415d61ee357f303cefdabe37a31f141c657db522a2bf
all.snd	639	6078-1	030A1BFF	64072	0	24	64096	1	1	22050	44100	2	16	6461	52494646	64617461	64072	64048	4	e6e8aa1fe3f4f6162b2e7c4b6934ff6848b2169f8c4c23ca24457e963b54997c	a1b04c453a4249392f6fccd52c99a1efac24f338f1e887314efbee0aab6624bc
all.snd	640	6078-2	030B1647	114962	0	24	114986	1	1	22050	44100	2	16	6461	52494646	64617461	114962	114938	4	22ab34d0ee4cb3aa8549096aa42184049c8c8b9920b151d685a43ce86ba75cc9	3ff92cc444beff22f0d419e841033d89c3ea8faf4ecb723576078db19d710830
all.snd	641	6081-1	030CD759	234858	0	24	234882	1	1	22050	44100	2	16	6461	52494646	64617461	234858	234834	4	8dfb687af24de6b868e9601eff2cfe628104c63a177760453f7595fb05b4a800	21b34b9fa96bec3931de72de5910a47a5eb627e98ce0d695e4cd3e1ee08b4aaa
all.snd	642	6083-1	03106CC3	144554	0	24	144578	1	1	22050	44100	2	16	6461	52494646	64617461	144554	144530	4	12878b52fbdc72022511ed55676dff5406a55eb53f660782ebeacb9f29c9a935	3eb9e258ab19222171f62f744eedebcbd5803b2fa24a049f9a3f602ac5f925a0
all.snd	643	6085-1	0312A16D	227744	0	24	227768	1	1	22050	44100	2	16	6461	52494646	64617461	227744	227720	4	f5e548438c322d0a046d4f7049c2b7303f37e3e35e9db43fa9b0398d68d5da90	84a2983a7757b8b3117629253ec4f6fecf2141fb2c3fb84b33fc05053c297ae1
all.snd	644	6086-1	03161B0D	245834	0	24	245858	1	1	22050	44100	2	16	6461	52494646	64617461	245834	245810	4	db65a967ce43ff7d4d9612173bca1fc1dbd86888744c50fef877b5cbb41a6f41	5568cdbafb6034dacfc1c79de685b8e521717ef34c7df7af16ebdc5535674b9a
all.snd	645	6088-1	0319DB57	70646	0	24	70670	1	1	22050	44100	2	16	6461	52494646	64617461	70646	70622	4	788f95cd4abb4427772253d9536f0755da2343c813204773c9120f59a9e3d0fe	fad2f3d8d509db9895e78c17389715e98047dc17f3efb49e8cc848b925e8c8f4
all.snd	646	6088-2	031AEF4D	90038	0	24	90062	1	1	22050	44100	2	16	6461	52494646	64617461	90038	90014	4	1d30399a9e7422970ad6cef925b7853c23a5a3322b46cf868f0d908a72ec7a72	679e4c5f3cee3cdafb7c0a636474571e97bac57ca77da6819398b0cbf8ef1b9b
all.snd	647	6088-3	031C4F03	79950	0	24	79974	1	1	22050	44100	2	16	6461	52494646	64617461	79950	79926	4	1e896ff3b456ff26107fba999cb8e87cec9698aa9a03670ca428d5fd9d37b2d2	fe96d9401dd73457a3cecb83aa23c0197864cdf9b6fb042c0a6647ecc3a76051
all.snd	648	6089-1	031D8751	177932	0	24	177956	1	1	22050	44100	2	16	6461	52494646	64617461	177932	177908	4	a3c5c903c99142ad9b7dd4dda71ecb8df64c9e8b9f4e2267dfaa580d27795ed3	97bfd86af9e07810ca6a10e9d314695458560e9ffe913f5329ad90d275f7287b
all.snd	649	7015-1	03203E5D	173478	0	24	173502	1	1	22050	44100	2	16	6461	52494646	64617461	173478	173454	4	c35d3f4d03354227be8a431be59ee2584c70cf836c771fd8fb7e287f066d2056	a25391214c355846d7b9cd74938472377ecdc0b2be819b7a482b3365313c7251
all.snd	650	7022-1	0322E403	84570	0	24	84594	1	1	22050	44100	2	16	6461	52494646	64617461	84570	84546	4	5745b3aacd654031773f3b3c4e97ce5b04ebe4e015491a9853d4951d1526903e	2d5ef76d9b95bda0f196adce37cce546250a592e54038e4e054545837e7e58a1
all.snd	651	7023-1	03242E5D	100770	0	24	100794	1	1	22050	44100	2	16	6461	52494646	64617461	100770	100746	4	929527710b0bd372098407aaec320b8c3cf946a7e1106a773cb4f431774a4538	787d80ceb7d31156287e31e0a825022e5f3dd9ce8e8e38dbe3fdff18e2fce9e6
all.snd	652	7028-1	0325B7FF	74098	0	24	74122	1	1	22050	44100	2	16	6461	52494646	64617461	74098	74074	4	a1f2ce06b16ac8678d53600a82e464456540a03acf3506d8c3e673b4dd542481	50d74cfd198719e504504edcb9e61387b416f8170c48f8b8fada76ab83dee4b9
all.snd	653	7028-2	0326D971	89144	0	24	89168	1	1	22050	44100	2	16	6461	52494646	64617461	89144	89120	4	4141891f61e6f671a8a327001aaa80d533aefa1267def36d603d62758c8d3267	e33b5e5756d333cf031209d3c435276383d68ea9656dd7f5811162f7f871f0a5
all.snd	654	7031-1	032835A9	60844	0	24	60868	1	1	22050	44100	2	16	6461	52494646	64617461	60844	60820	4	cec5b08dd3cb97bbec6f7348cea667d91a878afe4d2e27613c8c1ae479c67b17	a530e8f92ab4204b3db47dd41936d4960998e2485093455cc0f8fa6794cc4890
all.snd	655	7031-2	03292355	305778	0	24	305802	1	1	22050	44100	2	16	6461	52494646	64617461	305778	305754	4	4946332c1cd6153163c1784a93767f4da233c013b087f1189e11ca82734a7caa	f6992866aa02ba8aba78740ef19b4ea1d8b049e976a1f5ec3cc4880b60d38f54
all.snd	656	震動	032DCDC7	131774	0	24	131798	1	1	22050	44100	2	16	6461	52494646	64617461	131774	131750	4	34012fb1948e82d34a6bf0cb7ad109515f5d75ab0a18b97a57ed2c05abcff3ea	8514e196b3798760d4144b3b5b756deff6aff25aa4323acddc051da7e93691d5
all.snd	657	撒旦攻~1	032FD085	170538	0	24	170562	1	1	22050	44100	2	16	6461	52494646	64617461	170538	170514	4	40f9cf3a007bc62c9a0b1502b3e6259415003895d24898f4b8ceec8bc227f92c	b104e091c8fe694a4652b41621b3cca4ab7fbc557e38d4ac3d6b4bf41e12421f
all.snd	658	撒旦攻~2	03326AAF	57064	0	24	57088	1	1	22050	44100	2	16	6461	52494646	64617461	57064	57040	4	5bbf32d97678f47b5bee0a7d2151ad9490096a10fee749ab0beb4f2cfd6a0d07	9b89c9a91ddbca333f5d2ff6f25f6f6c936b20133111c1c4335c0b4b1fd429b6
all.snd	659	撒旦攻~3	03334997	64698	0	24	64722	1	1	22050	44100	2	16	6461	52494646	64617461	64698	64674	4	7cf52bb1c97d873a0dad6766c69b3d17f055848ecac118592a314df5599c4fff	22355fb6dd71d248f0fdc9b272cc8416f23010c1e2c372a64058e3384535fe0f
all.snd	660	撒旦狂~1	03344651	139668	0	24	139692	1	1	22050	44100	2	16	6461	52494646	64617461	139668	139644	4	859b1e585b683a44621c32307426e429782246ae387300df6bf6860e13e80241	4f60051ebfc1e2ed4e7798269277e75875c3a4718b0ea96c89d980730af099aa
all.snd	661	撒旦狂~2	033667E5	66168	0	24	66192	1	1	22050	44100	2	16	6461	52494646	64617461	66168	66144	4	b440538b1fa5074cf90f62607b045339c43181530b91ee741c5a4cb5ecf27c3d	b1bb5aa463855ae77ff86699e7ab6d28ec3f05e4987cca99cd5542850f7f2687
all.snd	662	撒旦敗~1	03376A5D	476298	0	24	476322	1	1	22050	44100	2	16	6461	52494646	64617461	476298	476274	4	46b44b2c365188cd3e2c2812dd1284f2890902def6e6a43526f56f21cd0a28da	5d1239a22a90b76e0a52e34611b4ffef4faa257aa8e75253f6f5a272e828adf7
all.snd	663	王思月~2	033EAEE7	26680	0	24	26704	1	1	22050	44100	2	16	6461	52494646	64617461	26680	26656	4	cef8d71cce4f7cdf669fbb3acb009b4d3292697d840b03edc27fed5826801490	447e20aea7ed6149f1f18f19097ca97c858478006d56666c59995e32da83b85e
all.snd	664	哭	033F171F	130062	0	24	130086	1	1	22050	44100	2	16	6461	52494646	64617461	130062	130038	4	5ef6f4f2c5175aed30ea688a8801b128b727733d4954a08524058820a9a3049e	d46d1e9b8a52595e6eba47abbce8114fef8ee31e036394f697cde80d45c03a1b
