file	slot	stream_relative	file_start	decoded_records	linear_bytes	first_opcode	last_opcode	stop_reason	error
TALK1.DAT	1	4808	0x000014C8	2	4	1026	16383	talk_end	
TALK1.DAT	2	4812	0x000014CC	6	36	1026	16383	talk_end	
TALK1.DAT	3	4926	0x0000153E	8	56	1026	15	control_transfer_15	
TALK1.DAT	4	9014	0x00002536	13	84	1026	16383	talk_end	
TALK1.DAT	5	9222	0x00002606	3	16	1026	15	control_transfer_15	
TALK1.DAT	6	9242	0x0000261A	2	4	1026	16383	talk_end	
TALK1.DAT	7	9246	0x0000261E	9	136	1026	16383	talk_end	
TALK1.DAT	8	9568	0x00002760	3	12	1026	16383	talk_end	
TALK1.DAT	9	9580	0x0000276C	11	92	1026	16383	talk_end	
TALK1.DAT	10	10312	0x00002A48	5	28	1026	16383	talk_end	
TALK1.DAT	11	10504	0x00002B08	3	12	1026	16383	talk_end	
TALK1.DAT	12	10516	0x00002B14	2	4	1026	16383	talk_end	
TALK1.DAT	13	10520	0x00002B18	6	38	1026	16383	talk_end	
TALK1.DAT	14	10558	0x00002B3E	5	78	1026	16383	talk_end	
TALK1.DAT	15	10636	0x00002B8C	1	4	161	161	control_transfer_161	
TALK1.DAT	16	10640	0x00002B90	2	4	1026	16383	talk_end	
TALK1.DAT	17	10644	0x00002B94	2	4	1026	16383	talk_end	
TALK1.DAT	18	10648	0x00002B98	2	4	1026	16383	talk_end	
TALK1.DAT	19	10652	0x00002B9C	14	94	1026	16383	talk_end	
TALK1.DAT	20	12678	0x00003386	13	92	1026	16383	talk_end	
TALK1.DAT	21	12770	0x000033E2	13	92	1026	16383	talk_end	
TALK1.DAT	22	12862	0x0000343E	7	67	1026	16383	talk_end	
TALK1.DAT	23	12929	0x00003481	2	4	1026	16383	talk_end	
TALK1.DAT	24	12933	0x00003485	1	4	161	161	control_transfer_161	
TALK1.DAT	25	12937	0x00003489	7	56	1026	16383	talk_end	
TALK1.DAT	26	12993	0x000034C1	2	4	1026	16383	talk_end	
TALK1.DAT	27	12997	0x000034C5	2	4	1026	16383	talk_end	
TALK1.DAT	28	13001	0x000034C9	2	4	1026	16383	talk_end	
TALK1.DAT	29	13005	0x000034CD	15	136	1026	16383	talk_end	
TALK1.DAT	30	15299	0x00003DC3	5	32	1026	15	control_transfer_15	
TALK1.DAT	31	16203	0x0000414B	2	4	1026	16383	talk_end	
TALK1.DAT	32	16207	0x0000414F	2	4	1026	16383	talk_end	
TALK1.DAT	33	16211	0x00004153	2	4	1026	16383	talk_end	
TALK1.DAT	34	16215	0x00004157	2	4	1026	16383	talk_end	
TALK1.DAT	35	16219	0x0000415B	2	4	1026	16383	talk_end	
TALK1.DAT	36	16223	0x0000415F	2	4	1026	16383	talk_end	
TALK1.DAT	37	16227	0x00004163	2	4	1026	16383	talk_end	
TALK1.DAT	38	16231	0x00004167	2	4	1026	16383	talk_end	
TALK1.DAT	39	16235	0x0000416B	2	4	1026	16383	talk_end	
TALK1.DAT	40	16239	0x0000416F	2	4	1026	16383	talk_end	
TALK1.DAT	41	16243	0x00004173	2	4	1026	16383	talk_end	
TALK1.DAT	42	16247	0x00004177	2	4	1026	16383	talk_end	
TALK1.DAT	43	16251	0x0000417B	2	4	1026	16383	talk_end	
TALK1.DAT	44	16255	0x0000417F	2	4	1026	16383	talk_end	
TALK1.DAT	45	16259	0x00004183	2	4	1026	16383	talk_end	
TALK1.DAT	46	16263	0x00004187	2	4	1026	16383	talk_end	
TALK1.DAT	47	16267	0x0000418B	2	4	1026	16383	talk_end	
TALK1.DAT	48	16271	0x0000418F	2	4	1026	16383	talk_end	
TALK1.DAT	49	16275	0x00004193	2	4	1026	16383	talk_end	
TALK1.DAT	50	16279	0x00004197	5	74	1026	16383	talk_end	
TALK1.DAT	51	16353	0x000041E1	2	4	1026	16383	talk_end	
TALK1.DAT	52	16357	0x000041E5	5	74	1026	16383	talk_end	
TALK1.DAT	53	16431	0x0000422F	4	209	1026	41	control_transfer_41	
TALK1.DAT	54	16437	0x00004235	2	4	1026	16383	talk_end	
TALK1.DAT	55	16441	0x00004239	2	4	1026	16383	talk_end	
TALK1.DAT	56	16445	0x0000423D	2	4	1026	16383	talk_end	
TALK1.DAT	57	16449	0x00004241	2	4	1026	16383	talk_end	
TALK1.DAT	58	16453	0x00004245	4	24	1026	15	control_transfer_15	
TALK1.DAT	59	16479	0x0000425F	2	4	1026	16383	talk_end	
TALK1.DAT	60	16483	0x00004263	2	4	1026	16383	talk_end	
TALK1.DAT	61	16487	0x00004267	2	4	1026	16383	talk_end	
TALK1.DAT	62	16491	0x0000426B	2	4	1026	16383	talk_end	
TALK1.DAT	63	16495	0x0000426F	2	4	1026	16383	talk_end	
TALK1.DAT	64	16499	0x00004273	2	4	1026	16383	talk_end	
TALK1.DAT	65	16503	0x00004277	2	4	1026	16383	talk_end	
TALK1.DAT	66	16507	0x0000427B	2	6	1026	161	control_transfer_161	
TALK1.DAT	67	16515	0x00004283	2	4	1026	16383	talk_end	
TALK1.DAT	68	16519	0x00004287	2	4	1026	16383	talk_end	
TALK1.DAT	69	16523	0x0000428B	2	4	1026	16383	talk_end	
TALK1.DAT	70	16527	0x0000428F	2	4	1026	16383	talk_end	
TALK1.DAT	71	16531	0x00004293	4	109	1026	41	control_transfer_41	
TALK1.DAT	72	16708	0x00004344	2	4	1026	16383	talk_end	
TALK1.DAT	73	16712	0x00004348	2	4	1026	16383	talk_end	
TALK1.DAT	74	16716	0x0000434C	2	4	1026	16383	talk_end	
TALK1.DAT	75	16720	0x00004350	2	4	1026	16383	talk_end	
TALK1.DAT	76	16724	0x00004354	2	4	1026	16383	talk_end	
TALK1.DAT	77	16728	0x00004358	2	4	1026	16383	talk_end	
TALK1.DAT	78	16732	0x0000435C	2	4	1026	16383	talk_end	
TALK1.DAT	79	16736	0x00004360	2	4	1026	16383	talk_end	
TALK1.DAT	80	16740	0x00004364	2	4	1026	16383	talk_end	
TALK1.DAT	81	16744	0x00004368	5	40	1026	15	control_transfer_15	
TALK1.DAT	82	16822	0x000043B6	4	22	1026	16383	talk_end	
TALK1.DAT	83	16844	0x000043CC	2	4	1026	16383	talk_end	
TALK1.DAT	84	16848	0x000043D0	2	4	1026	16383	talk_end	
TALK1.DAT	85	16852	0x000043D4	2	4	1026	16383	talk_end	
TALK1.DAT	86	16856	0x000043D8	2	4	1026	16383	talk_end	
TALK1.DAT	87	16860	0x000043DC	2	4	1026	16383	talk_end	
TALK1.DAT	88	16864	0x000043E0	2	4	1026	16383	talk_end	
TALK1.DAT	89	16868	0x000043E4	2	4	1026	16383	talk_end	
TALK1.DAT	90	16872	0x000043E8	2	4	1026	16383	talk_end	
TALK1.DAT	91	16876	0x000043EC	2	4	1026	16383	talk_end	
TALK1.DAT	92	16880	0x000043F0	3	8	1026	16383	talk_end	
TALK1.DAT	93	16888	0x000043F8	4	20	1026	16383	talk_end	
TALK1.DAT	94	16908	0x0000440C	2	4	1026	16383	talk_end	
TALK1.DAT	95	16912	0x00004410	2	4	1026	16383	talk_end	
TALK1.DAT	96	16916	0x00004414	2	4	1026	16383	talk_end	
TALK1.DAT	97	316552	0x0004D688	56	828	1026	16383	talk_end	
TALK1.DAT	98	16920	0x00004418	5	199	1026	16383	talk_end	
TALK1.DAT	99	22931	0x00005B93	1	4	161	161	control_transfer_161	
TALK1.DAT	100	17119	0x000044DF	407	5812	25	16383	talk_end	
TALK1.DAT	101	29267	0x00007453	1	4	161	161	control_transfer_161	
TALK1.DAT	102	29271	0x00007457	1	4	161	161	control_transfer_161	
TALK1.DAT	103	29275	0x0000745B	1	4	161	161	control_transfer_161	
TALK1.DAT	104	29279	0x0000745F	1	4	161	161	control_transfer_161	
TALK1.DAT	105	29283	0x00007463	1	4	161	161	control_transfer_161	
TALK1.DAT	106	29287	0x00007467	1	4	161	161	control_transfer_161	
TALK1.DAT	107	29291	0x0000746B	1	4	161	161	control_transfer_161	
TALK1.DAT	108	29295	0x0000746F	1	4	161	161	control_transfer_161	
TALK1.DAT	109	29299	0x00007473	1	4	161	161	control_transfer_161	
TALK1.DAT	110	29303	0x00007477	1	4	161	161	control_transfer_161	
TALK1.DAT	111	29307	0x0000747B	1	4	161	161	control_transfer_161	
TALK1.DAT	112	29311	0x0000747F	1	4	161	161	control_transfer_161	
TALK1.DAT	113	29315	0x00007483	1	4	161	161	control_transfer_161	
TALK1.DAT	114	29319	0x00007487	1	4	161	161	control_transfer_161	
TALK1.DAT	115	29323	0x0000748B	1	4	161	161	control_transfer_161	
TALK1.DAT	116	29327	0x0000748F	1	4	161	161	control_transfer_161	
TALK1.DAT	117	29331	0x00007493	1	4	161	161	control_transfer_161	
TALK1.DAT	118	29335	0x00007497	1	4	161	161	control_transfer_161	
TALK1.DAT	119	29339	0x0000749B	1	4	161	161	control_transfer_161	
TALK1.DAT	120	29343	0x0000749F	1	4	161	161	control_transfer_161	
TALK1.DAT	121	29347	0x000074A3	2	4	1026	16383	talk_end	
TALK1.DAT	122	29351	0x000074A7	2	4	1026	16383	talk_end	
TALK1.DAT	123	29355	0x000074AB	1	4	161	161	control_transfer_161	
TALK1.DAT	124	29359	0x000074AF	1	4	161	161	control_transfer_161	
TALK1.DAT	125	29363	0x000074B3	1	4	161	161	control_transfer_161	
TALK1.DAT	126	29367	0x000074B7	8	38	1026	16383	talk_end	
TALK1.DAT	127	29405	0x000074DD	2	4	1026	16383	talk_end	
TALK1.DAT	128	29409	0x000074E1	1	4	161	161	control_transfer_161	
TALK1.DAT	129	29413	0x000074E5	1	4	161	161	control_transfer_161	
TALK1.DAT	130	29417	0x000074E9	1	4	161	161	control_transfer_161	
TALK1.DAT	131	29421	0x000074ED	1	4	161	161	control_transfer_161	
TALK1.DAT	132	29425	0x000074F1	1	4	161	161	control_transfer_161	
TALK1.DAT	133	29429	0x000074F5	1	4	161	161	control_transfer_161	
TALK1.DAT	134	29433	0x000074F9	1	4	161	161	control_transfer_161	
TALK1.DAT	135	29437	0x000074FD	1	4	161	161	control_transfer_161	
TALK1.DAT	136	29441	0x00007501	1	4	161	161	control_transfer_161	
TALK1.DAT	137	29445	0x00007505	1	4	161	161	control_transfer_161	
TALK1.DAT	138	29449	0x00007509	1	4	161	161	control_transfer_161	
TALK1.DAT	139	29453	0x0000750D	1	4	161	161	control_transfer_161	
TALK1.DAT	140	29457	0x00007511	2	4	1026	16383	talk_end	
TALK1.DAT	141	29461	0x00007515	14	59	1026	16383	talk_end	
TALK1.DAT	142	29520	0x00007550	14	62	1026	16383	talk_end	
TALK1.DAT	143	29582	0x0000758E	10	144	1026	16383	talk_end	
TALK1.DAT	144	29726	0x0000761E	11	61	1026	16383	talk_end	
TALK1.DAT	145	29787	0x0000765B	11	61	1026	16383	talk_end	
TALK1.DAT	146	29848	0x00007698	11	61	1026	16383	talk_end	
TALK1.DAT	147	29909	0x000076D5	2	4	1026	16383	talk_end	
TALK1.DAT	148	29913	0x000076D9	11	61	1026	16383	talk_end	
TALK1.DAT	149	29974	0x00007716	2	4	1026	16383	talk_end	
TALK1.DAT	150	29978	0x0000771A	11	61	1026	16383	talk_end	
TALK1.DAT	151	30039	0x00007757	15	83	1026	16383	talk_end	
TALK1.DAT	152	30122	0x000077AA	15	84	1026	16383	talk_end	
TALK1.DAT	153	30206	0x000077FE	2	4	1026	16383	talk_end	
TALK1.DAT	154	30210	0x00007802	11	61	1026	16383	talk_end	
TALK1.DAT	155	30271	0x0000783F	2	4	1026	16383	talk_end	
TALK1.DAT	156	30275	0x00007843	1	4	161	161	control_transfer_161	
TALK1.DAT	157	30279	0x00007847	2	4	1026	16383	talk_end	
TALK1.DAT	158	30283	0x0000784B	1	4	161	161	control_transfer_161	
TALK1.DAT	159	30287	0x0000784F	1	4	161	161	control_transfer_161	
TALK1.DAT	160	30291	0x00007853	2	4	1026	16383	talk_end	
TALK1.DAT	161	30295	0x00007857	1	4	161	161	control_transfer_161	
TALK1.DAT	162	30299	0x0000785B	2	4	1026	16383	talk_end	
TALK1.DAT	163	30303	0x0000785F	2	4	1026	16383	talk_end	
TALK1.DAT	164	30307	0x00007863	1	4	161	161	control_transfer_161	
TALK1.DAT	165	30311	0x00007867	1	4	161	161	control_transfer_161	
TALK1.DAT	166	30315	0x0000786B	1	4	161	161	control_transfer_161	
TALK1.DAT	167	30319	0x0000786F	2	4	1026	16383	talk_end	
TALK1.DAT	168	30323	0x00007873	11	61	1026	16383	talk_end	
TALK1.DAT	169	30384	0x000078B0	1	4	161	161	control_transfer_161	
TALK1.DAT	170	30388	0x000078B4	2	4	1026	16383	talk_end	
TALK1.DAT	171	30392	0x000078B8	2	4	1026	16383	talk_end	
TALK1.DAT	172	30396	0x000078BC	1	4	161	161	control_transfer_161	
TALK1.DAT	173	30400	0x000078C0	11	61	1026	16383	talk_end	
TALK1.DAT	174	30461	0x000078FD	1	4	161	161	control_transfer_161	
TALK1.DAT	175	30465	0x00007901	2	4	1026	16383	talk_end	
TALK1.DAT	176	30469	0x00007905	11	61	1026	16383	talk_end	
TALK1.DAT	177	30530	0x00007942	11	61	1026	16383	talk_end	
TALK1.DAT	178	30591	0x0000797F	11	61	1026	16383	talk_end	
TALK1.DAT	179	30652	0x000079BC	11	61	1026	16383	talk_end	
TALK1.DAT	180	30713	0x000079F9	11	61	1026	16383	talk_end	
TALK1.DAT	181	30774	0x00007A36	7	80	1026	16383	talk_end	
TALK1.DAT	182	30854	0x00007A86	2	4	1026	16383	talk_end	
TALK1.DAT	183	30858	0x00007A8A	1	4	161	161	control_transfer_161	
TALK1.DAT	184	30862	0x00007A8E	2	4	1026	16383	talk_end	
TALK1.DAT	185	30866	0x00007A92	1	4	161	161	control_transfer_161	
TALK1.DAT	186	30870	0x00007A96	2	4	1026	16383	talk_end	
TALK1.DAT	187	30874	0x00007A9A	8	106	1026	16383	talk_end	
TALK1.DAT	188	30980	0x00007B04	2	4	1026	16383	talk_end	
TALK1.DAT	189	30984	0x00007B08	1	4	161	161	control_transfer_161	
TALK1.DAT	190	30988	0x00007B0C	2	4	1026	16383	talk_end	
TALK1.DAT	191	30992	0x00007B10	1	4	161	161	control_transfer_161	
TALK1.DAT	192	30996	0x00007B14	1	4	161	161	control_transfer_161	
TALK1.DAT	193	31000	0x00007B18	1	4	161	161	control_transfer_161	
TALK1.DAT	194	31004	0x00007B1C	1	4	161	161	control_transfer_161	
TALK1.DAT	195	31008	0x00007B20	2	4	1026	16383	talk_end	
TALK1.DAT	196	31012	0x00007B24	2	4	1026	16383	talk_end	
TALK1.DAT	197	31016	0x00007B28	1	4	161	161	control_transfer_161	
TALK1.DAT	198	31020	0x00007B2C	1	4	161	161	control_transfer_161	
TALK1.DAT	199	31024	0x00007B30	6	76	1026	16383	talk_end	
TALK1.DAT	200	31102	0x00007B7E	2	4	1026	16383	talk_end	
TALK1.DAT	201	31106	0x00007B82	2	4	1026	16383	talk_end	
TALK1.DAT	202	31110	0x00007B86	1	4	161	161	control_transfer_161	
TALK1.DAT	203	31114	0x00007B8A	14	81	1026	16383	talk_end	
TALK1.DAT	204	31195	0x00007BDB	14	81	1026	16383	talk_end	
TALK1.DAT	205	31276	0x00007C2C	7	72	1026	16383	talk_end	
TALK1.DAT	206	31400	0x00007CA8	1	4	161	161	control_transfer_161	
TALK1.DAT	207	31404	0x00007CAC	1	4	161	161	control_transfer_161	
TALK1.DAT	208	31408	0x00007CB0	1	4	161	161	control_transfer_161	
TALK1.DAT	209	31412	0x00007CB4	11	61	1026	16383	talk_end	
TALK1.DAT	210	31473	0x00007CF1	11	61	1026	16383	talk_end	
TALK1.DAT	211	31534	0x00007D2E	11	61	1026	16383	talk_end	
TALK1.DAT	212	31595	0x00007D6B	9	46	1026	16383	talk_end	
TALK1.DAT	213	31641	0x00007D99	14	81	1026	16383	talk_end	
TALK1.DAT	214	31722	0x00007DEA	14	81	1026	16383	talk_end	
TALK1.DAT	215	31803	0x00007E3B	14	81	1026	16383	talk_end	
TALK1.DAT	216	31884	0x00007E8C	2	4	1026	16383	talk_end	
TALK1.DAT	217	31888	0x00007E90	1	4	161	161	control_transfer_161	
TALK1.DAT	218	31892	0x00007E94	1	4	161	161	control_transfer_161	
TALK1.DAT	219	31896	0x00007E98	5	52	1026	16383	talk_end	
TALK1.DAT	220	31948	0x00007ECC	5	60	1026	16383	talk_end	
TALK1.DAT	221	32008	0x00007F08	5	48	1026	16383	talk_end	
TALK1.DAT	222	32056	0x00007F38	5	56	1026	16383	talk_end	
TALK1.DAT	223	32112	0x00007F70	15	83	1026	16383	talk_end	
TALK1.DAT	224	32195	0x00007FC3	15	83	1026	16383	talk_end	
TALK1.DAT	225	32278	0x00008016	11	61	1026	16383	talk_end	
TALK1.DAT	226	32339	0x00008053	1	4	161	161	control_transfer_161	
TALK1.DAT	227	32343	0x00008057	2	4	1026	16383	talk_end	
TALK1.DAT	228	32347	0x0000805B	8	68	1026	16383	talk_end	
TALK1.DAT	229	32415	0x0000809F	9	128	1026	16383	talk_end	
TALK1.DAT	230	32543	0x0000811F	8	70	1026	16383	talk_end	
TALK1.DAT	231	32613	0x00008165	8	48	1026	16383	talk_end	
TALK1.DAT	232	32661	0x00008195	11	212	1026	16383	talk_end	
TALK1.DAT	233	32873	0x00008269	9	152	1026	16383	talk_end	
TALK1.DAT	234	33025	0x00008301	9	172	1026	16383	talk_end	
TALK1.DAT	235	33197	0x000083AD	9	174	1026	16383	talk_end	
TALK1.DAT	236	33371	0x0000845B	9	44	1026	16383	talk_end	
TALK1.DAT	237	33415	0x00008487	2	4	1026	16383	talk_end	
TALK1.DAT	238	33419	0x0000848B	11	61	1026	16383	talk_end	
TALK1.DAT	239	33480	0x000084C8	16	268	1026	16383	talk_end	
TALK1.DAT	240	33834	0x0000862A	1	4	161	161	control_transfer_161	
TALK1.DAT	241	33838	0x0000862E	5	56	1026	16383	talk_end	
TALK1.DAT	242	33894	0x00008666	7	120	1026	16383	talk_end	
TALK1.DAT	243	34014	0x000086DE	10	174	1026	16383	talk_end	
TALK1.DAT	244	34188	0x0000878C	2	4	1026	16383	talk_end	
TALK1.DAT	245	34192	0x00008790	1	4	161	161	control_transfer_161	
TALK1.DAT	246	34196	0x00008794	4	101	1026	41	control_transfer_41	
TALK1.DAT	247	34303	0x000087FF	1	4	161	161	control_transfer_161	
TALK1.DAT	248	34307	0x00008803	5	70	1026	16383	talk_end	
TALK1.DAT	249	34377	0x00008849	7	138	1026	16383	talk_end	
TALK1.DAT	250	34515	0x000088D3	2	4	1026	16383	talk_end	
TALK1.DAT	251	34519	0x000088D7	2	4	1026	16383	talk_end	
TALK1.DAT	252	34523	0x000088DB	2	4	1026	16383	talk_end	
TALK1.DAT	253	34527	0x000088DF	2	4	1026	16383	talk_end	
TALK1.DAT	254	34531	0x000088E3	15	84	1026	16383	talk_end	
TALK1.DAT	255	34615	0x00008937	15	83	1026	16383	talk_end	
TALK1.DAT	256	34698	0x0000898A	11	61	1026	16383	talk_end	
TALK1.DAT	257	34759	0x000089C7	11	61	1026	16383	talk_end	
TALK1.DAT	258	34820	0x00008A04	11	61	1026	16383	talk_end	
TALK1.DAT	259	34881	0x00008A41	14	74	1026	15	control_transfer_15	
TALK1.DAT	260	34955	0x00008A8B	16	86	1026	16383	talk_end	
TALK1.DAT	261	35156	0x00008B54	1	4	161	161	control_transfer_161	
TALK1.DAT	262	35160	0x00008B58	16	92	1026	16383	talk_end	
TALK1.DAT	263	35252	0x00008BB4	1	4	161	161	control_transfer_161	
TALK1.DAT	264	35256	0x00008BB8	11	61	1026	16383	talk_end	
TALK1.DAT	265	35317	0x00008BF5	15	83	1026	16383	talk_end	
TALK1.DAT	266	35400	0x00008C48	11	61	1026	16383	talk_end	
TALK1.DAT	267	35461	0x00008C85	13	79	126	16383	talk_end	
TALK1.DAT	268	35542	0x00008CD6	16	102	1026	16383	talk_end	
TALK1.DAT	269	35680	0x00008D60	12	56	1026	16383	talk_end	
TALK1.DAT	270	35736	0x00008D98	15	83	1026	16383	talk_end	
TALK1.DAT	271	35819	0x00008DEB	15	83	1026	16383	talk_end	
TALK1.DAT	272	35902	0x00008E3E	15	83	1026	16383	talk_end	
TALK1.DAT	273	35985	0x00008E91	15	83	1026	16383	talk_end	
TALK1.DAT	274	36068	0x00008EE4	11	61	1026	16383	talk_end	
TALK1.DAT	275	36129	0x00008F21	15	83	1026	16383	talk_end	
TALK1.DAT	276	36212	0x00008F74	15	83	1026	16383	talk_end	
TALK1.DAT	277	36295	0x00008FC7	1	4	161	161	control_transfer_161	
TALK1.DAT	278	36299	0x00008FCB	9	154	1026	16383	talk_end	
TALK1.DAT	279	36453	0x00009065	13	79	126	16383	talk_end	
TALK1.DAT	280	36532	0x000090B4	2	4	1026	16383	talk_end	
TALK1.DAT	281	36536	0x000090B8	15	83	1026	16383	talk_end	
TALK1.DAT	282	36619	0x0000910B	13	79	126	16383	talk_end	
TALK1.DAT	283	36698	0x0000915A	13	79	126	16383	talk_end	
TALK1.DAT	284	36777	0x000091A9	10	42	1026	16383	talk_end	
TALK1.DAT	285	36819	0x000091D3	15	83	1026	16383	talk_end	
TALK1.DAT	286	36902	0x00009226	18	115	126	16383	talk_end	
TALK1.DAT	287	37017	0x00009299	15	83	1026	16383	talk_end	
TALK1.DAT	288	37100	0x000092EC	15	83	1026	16383	talk_end	
TALK1.DAT	289	37183	0x0000933F	15	83	1026	16383	talk_end	
TALK1.DAT	290	37266	0x00009392	13	79	126	16383	talk_end	
TALK1.DAT	291	37345	0x000093E1	13	79	126	16383	talk_end	
TALK1.DAT	292	37424	0x00009430	13	79	126	16383	talk_end	
TALK1.DAT	293	37503	0x0000947F	13	79	126	16383	talk_end	
TALK1.DAT	294	37582	0x000094CE	14	81	1026	16383	talk_end	
TALK1.DAT	295	37663	0x0000951F	14	81	1026	16383	talk_end	
TALK1.DAT	296	37744	0x00009570	14	81	1026	16383	talk_end	
TALK1.DAT	297	37825	0x000095C1	14	81	1026	16383	talk_end	
TALK1.DAT	298	37906	0x00009612	25	157	1026	16383	talk_end	
TALK1.DAT	299	38063	0x000096AF	3	12	1026	16383	talk_end	
TALK1.DAT	300	24220	0x0000609C	38	433	1026	16383	talk_end	
TALK1.DAT	301	38075	0x000096BB	7	54	1026	16383	talk_end	
TALK1.DAT	302	38129	0x000096F1	7	54	1026	16383	talk_end	
TALK1.DAT	303	38183	0x00009727	7	54	1026	16383	talk_end	
TALK1.DAT	304	38237	0x0000975D	7	54	1026	16383	talk_end	
TALK1.DAT	305	38291	0x00009793	3	8	1026	16383	talk_end	
TALK1.DAT	306	38299	0x0000979B	7	54	1026	16383	talk_end	
TALK1.DAT	307	38353	0x000097D1	11	66	1026	16383	talk_end	
TALK1.DAT	308	38419	0x00009813	13	76	1026	16383	talk_end	
TALK1.DAT	309	38591	0x000098BF	3	8	1026	16383	talk_end	
TALK1.DAT	310	38599	0x000098C7	11	66	1026	16383	talk_end	
TALK1.DAT	311	38665	0x00009909	13	102	1026	16383	talk_end	
TALK1.DAT	312	38767	0x0000996F	13	102	1026	16383	talk_end	
TALK1.DAT	313	38869	0x000099D5	15	112	1026	16383	talk_end	
TALK1.DAT	314	38981	0x00009A45	13	102	1026	16383	talk_end	
TALK1.DAT	315	39083	0x00009AAB	13	102	1026	16383	talk_end	
TALK1.DAT	316	39185	0x00009B11	13	102	1026	16383	talk_end	
TALK1.DAT	317	39287	0x00009B77	7	54	1026	16383	talk_end	
TALK1.DAT	318	39341	0x00009BAD	7	54	1026	16383	talk_end	
TALK1.DAT	319	39395	0x00009BE3	7	54	1026	16383	talk_end	
TALK1.DAT	320	39449	0x00009C19	2	4	1026	16383	talk_end	
TALK1.DAT	321	39453	0x00009C1D	13	102	1026	16383	talk_end	
TALK1.DAT	322	39555	0x00009C83	13	102	1026	16383	talk_end	
TALK1.DAT	323	39657	0x00009CE9	13	102	1026	16383	talk_end	
TALK1.DAT	324	39759	0x00009D4F	13	102	1026	16383	talk_end	
TALK1.DAT	325	39861	0x00009DB5	13	104	1026	16383	talk_end	
TALK1.DAT	326	39965	0x00009E1D	24	147	1026	16383	talk_end	
TALK1.DAT	327	40146	0x00009ED2	13	100	1026	16383	talk_end	
TALK1.DAT	328	40246	0x00009F36	8	56	1026	16383	talk_end	
TALK1.DAT	329	40302	0x00009F6E	11	66	1026	16383	talk_end	
TALK1.DAT	330	40368	0x00009FB0	49	440	1026	16383	talk_end	
TALK1.DAT	331	40812	0x0000A16C	27	242	1026	16383	talk_end	
TALK1.DAT	332	41054	0x0000A25E	7	54	1026	16383	talk_end	
TALK1.DAT	333	41108	0x0000A294	7	54	1026	16383	talk_end	
TALK1.DAT	334	41162	0x0000A2CA	7	54	1026	16383	talk_end	
TALK1.DAT	335	41216	0x0000A300	9	70	1026	16383	talk_end	
TALK1.DAT	336	41347	0x0000A383	7	50	1026	16383	talk_end	
TALK1.DAT	337	41458	0x0000A3F2	2	4	1026	16383	talk_end	
TALK1.DAT	338	41462	0x0000A3F6	13	71	1026	16383	talk_end	
TALK1.DAT	339	41533	0x0000A43D	22	158	1026	15	control_transfer_15	
TALK1.DAT	340	41843	0x0000A573	7	54	1026	16383	talk_end	
TALK1.DAT	341	41897	0x0000A5A9	7	54	1026	16383	talk_end	
TALK1.DAT	342	41951	0x0000A5DF	15	88	1026	16383	talk_end	
TALK1.DAT	343	42105	0x0000A679	7	54	1026	16383	talk_end	
TALK1.DAT	344	42159	0x0000A6AF	7	54	1026	16383	talk_end	
TALK1.DAT	345	42213	0x0000A6E5	7	54	1026	16383	talk_end	
TALK1.DAT	346	42267	0x0000A71B	7	54	1026	16383	talk_end	
TALK1.DAT	347	42321	0x0000A751	7	54	1026	16383	talk_end	
TALK1.DAT	348	42375	0x0000A787	7	54	1026	16383	talk_end	
TALK1.DAT	349	42429	0x0000A7BD	7	54	1026	16383	talk_end	
TALK1.DAT	350	42483	0x0000A7F3	18	120	1026	15	control_transfer_15	
TALK1.DAT	351	42659	0x0000A8A3	7	54	1026	16383	talk_end	
TALK1.DAT	352	42713	0x0000A8D9	7	54	1026	16383	talk_end	
TALK1.DAT	353	42767	0x0000A90F	7	54	1026	16383	talk_end	
TALK1.DAT	354	42821	0x0000A945	9	64	1026	16383	talk_end	
TALK1.DAT	355	42975	0x0000A9DF	8	34	1026	16383	talk_end	
TALK1.DAT	356	43009	0x0000AA01	5	18	1026	16383	talk_end	
TALK1.DAT	357	43027	0x0000AA13	11	66	1026	16383	talk_end	
TALK1.DAT	358	43093	0x0000AA55	14	195	1026	41	control_transfer_41	
TALK1.DAT	359	43566	0x0000AC2E	11	66	1026	16383	talk_end	
TALK1.DAT	360	43632	0x0000AC70	11	66	1026	16383	talk_end	
TALK1.DAT	361	43698	0x0000ACB2	7	54	1026	16383	talk_end	
TALK1.DAT	362	43752	0x0000ACE8	1	4	161	161	control_transfer_161	
TALK1.DAT	363	43756	0x0000ACEC	11	66	1026	16383	talk_end	
TALK1.DAT	364	43822	0x0000AD2E	8	80	1026	16383	talk_end	
TALK1.DAT	365	44244	0x0000AED4	9	165	1026	41	control_transfer_41	
TALK1.DAT	366	45681	0x0000B471	1	4	161	161	control_transfer_161	
TALK1.DAT	367	45687	0x0000B477	7	54	1026	16383	talk_end	
TALK1.DAT	368	45741	0x0000B4AD	7	54	1026	16383	talk_end	
TALK1.DAT	369	45795	0x0000B4E3	8	62	1026	16383	talk_end	
TALK1.DAT	370	45911	0x0000B557	8	62	1026	16383	talk_end	
TALK1.DAT	371	46027	0x0000B5CB	7	54	1026	16383	talk_end	
TALK1.DAT	372	46081	0x0000B601	7	54	1026	16383	talk_end	
TALK1.DAT	373	46135	0x0000B637	8	62	1026	16383	talk_end	
TALK1.DAT	374	46251	0x0000B6AB	8	62	1026	16383	talk_end	
TALK1.DAT	375	46367	0x0000B71F	8	62	1026	16383	talk_end	
TALK1.DAT	376	46483	0x0000B793	8	62	1026	16383	talk_end	
TALK1.DAT	377	46599	0x0000B807	8	62	1026	16383	talk_end	
TALK1.DAT	378	46715	0x0000B87B	8	62	1026	16383	talk_end	
TALK1.DAT	379	46831	0x0000B8EF	8	62	1026	16383	talk_end	
TALK1.DAT	380	47023	0x0000B9AF	7	54	1026	16383	talk_end	
TALK1.DAT	381	47077	0x0000B9E5	7	54	1026	16383	talk_end	
TALK1.DAT	382	47131	0x0000BA1B	7	54	1026	16383	talk_end	
TALK1.DAT	383	47185	0x0000BA51	8	62	1026	16383	talk_end	
TALK1.DAT	384	47301	0x0000BAC5	8	62	1026	16383	talk_end	
TALK1.DAT	385	47417	0x0000BB39	8	62	1026	16383	talk_end	
TALK1.DAT	386	47533	0x0000BBAD	8	62	1026	16383	talk_end	
TALK1.DAT	387	47649	0x0000BC21	7	54	1026	16383	talk_end	
TALK1.DAT	388	47703	0x0000BC57	7	54	1026	16383	talk_end	
TALK1.DAT	389	47757	0x0000BC8D	7	54	1026	16383	talk_end	
TALK1.DAT	390	47811	0x0000BCC3	9	70	1026	16383	talk_end	
TALK1.DAT	391	47989	0x0000BD75	9	70	1026	16383	talk_end	
TALK1.DAT	392	48167	0x0000BE27	8	62	1026	16383	talk_end	
TALK1.DAT	393	48283	0x0000BE9B	8	62	1026	16383	talk_end	
TALK1.DAT	394	48399	0x0000BF0F	8	62	1026	16383	talk_end	
TALK1.DAT	395	48519	0x0000BF87	8	58	1026	16383	talk_end	
TALK1.DAT	396	48577	0x0000BFC1	7	54	1026	16383	talk_end	
TALK1.DAT	397	48631	0x0000BFF7	8	62	1026	16383	talk_end	
TALK1.DAT	398	48747	0x0000C06B	7	54	1026	16383	talk_end	
TALK1.DAT	399	48801	0x0000C0A1	8	56	1026	16383	talk_end	
TALK1.DAT	400	48857	0x0000C0D9	8	62	1026	16383	talk_end	
TALK1.DAT	401	48973	0x0000C14D	8	62	1026	16383	talk_end	
TALK1.DAT	402	49089	0x0000C1C1	7	54	1026	16383	talk_end	
TALK1.DAT	403	49145	0x0000C1F9	8	62	1026	16383	talk_end	
TALK1.DAT	404	49261	0x0000C26D	8	62	1026	16383	talk_end	
TALK1.DAT	405	49377	0x0000C2E1	8	62	1026	16383	talk_end	
TALK1.DAT	406	49493	0x0000C355	8	62	1026	16383	talk_end	
TALK1.DAT	407	49609	0x0000C3C9	9	64	1026	16383	talk_end	
TALK1.DAT	408	49673	0x0000C409	7	54	1026	16383	talk_end	
TALK1.DAT	409	49727	0x0000C43F	8	62	1026	16383	talk_end	
TALK1.DAT	410	49843	0x0000C4B3	8	62	1026	16383	talk_end	
TALK1.DAT	411	49959	0x0000C527	7	54	1026	16383	talk_end	
TALK1.DAT	412	50013	0x0000C55D	7	54	1026	16383	talk_end	
TALK1.DAT	413	50067	0x0000C593	7	54	1026	16383	talk_end	
TALK1.DAT	414	50121	0x0000C5C9	8	62	1026	16383	talk_end	
TALK1.DAT	415	50237	0x0000C63D	8	62	1026	16383	talk_end	
TALK1.DAT	416	50353	0x0000C6B1	7	54	1026	16383	talk_end	
TALK1.DAT	417	50407	0x0000C6E7	8	58	1026	16383	talk_end	
TALK1.DAT	418	50465	0x0000C721	7	54	1026	16383	talk_end	
TALK1.DAT	419	50519	0x0000C757	9	70	1026	16383	talk_end	
TALK1.DAT	420	50697	0x0000C809	7	54	1026	16383	talk_end	
TALK1.DAT	421	50751	0x0000C83F	7	54	1026	16383	talk_end	
TALK1.DAT	422	50805	0x0000C875	8	62	1026	16383	talk_end	
TALK1.DAT	423	50921	0x0000C8E9	8	62	1026	16383	talk_end	
TALK1.DAT	424	51037	0x0000C95D	7	54	1026	16383	talk_end	
TALK1.DAT	425	51091	0x0000C993	7	54	1026	16383	talk_end	
TALK1.DAT	426	51145	0x0000C9C9	7	54	1026	16383	talk_end	
TALK1.DAT	427	51199	0x0000C9FF	3	8	1026	16383	talk_end	
TALK1.DAT	428	51207	0x0000CA07	9	64	1026	16383	talk_end	
TALK1.DAT	429	51271	0x0000CA47	11	65	1026	16383	talk_end	
TALK1.DAT	430	51336	0x0000CA88	8	56	1026	16383	talk_end	
TALK1.DAT	431	51392	0x0000CAC0	11	120	1026	16383	talk_end	
TALK1.DAT	432	51622	0x0000CBA6	11	120	1026	16383	talk_end	
TALK1.DAT	433	51852	0x0000CC8C	11	104	1026	16383	talk_end	
TALK1.DAT	434	52064	0x0000CD60	7	54	1026	16383	talk_end	
TALK1.DAT	435	52118	0x0000CD96	7	54	1026	16383	talk_end	
TALK1.DAT	436	52172	0x0000CDCC	7	54	1026	16383	talk_end	
TALK1.DAT	437	52226	0x0000CE02	7	54	1026	16383	talk_end	
TALK1.DAT	438	52280	0x0000CE38	7	54	1026	16383	talk_end	
TALK1.DAT	439	52334	0x0000CE6E	13	102	1026	16383	talk_end	
TALK1.DAT	440	52436	0x0000CED4	13	102	1026	16383	talk_end	
TALK1.DAT	441	52538	0x0000CF3A	13	102	1026	16383	talk_end	
TALK1.DAT	442	52640	0x0000CFA0	13	102	1026	16383	talk_end	
TALK1.DAT	443	52742	0x0000D006	10	68	1026	16383	talk_end	
TALK1.DAT	444	52810	0x0000D04A	7	54	1026	16383	talk_end	
TALK1.DAT	445	52864	0x0000D080	12	94	1026	16383	talk_end	
TALK1.DAT	446	52958	0x0000D0DE	8	62	1026	16383	talk_end	
TALK1.DAT	447	53078	0x0000D156	7	54	1026	16383	talk_end	
TALK1.DAT	448	53132	0x0000D18C	7	54	1026	16383	talk_end	
TALK1.DAT	449	53186	0x0000D1C2	11	108	1026	16383	talk_end	
TALK1.DAT	450	53402	0x0000D29A	7	54	1026	16383	talk_end	
TALK1.DAT	451	53456	0x0000D2D0	13	102	1026	16383	talk_end	
TALK1.DAT	452	53558	0x0000D336	13	102	1026	16383	talk_end	
TALK1.DAT	453	53660	0x0000D39C	1	4	161	161	control_transfer_161	
TALK1.DAT	454	53664	0x0000D3A0	8	58	1026	16383	talk_end	
TALK1.DAT	455	53722	0x0000D3DA	7	54	1026	16383	talk_end	
TALK1.DAT	456	53776	0x0000D410	11	786	1026	16383	talk_end	
TALK1.DAT	457	54562	0x0000D722	9	49	1026	16383	talk_end	
TALK1.DAT	458	54611	0x0000D753	9	45	1026	16383	talk_end	
TALK1.DAT	459	54656	0x0000D780	20	356	1026	15	control_transfer_15	
TALK1.DAT	460	55282	0x0000D9F2	36	487	1026	41	control_transfer_41	
TALK1.DAT	461	57742	0x0000E38E	13	98	1026	16383	talk_end	
TALK1.DAT	462	57840	0x0000E3F0	12	88	1026	16383	talk_end	
TALK1.DAT	463	60783	0x0000EF6F	7	54	1026	16383	talk_end	
TALK1.DAT	464	60837	0x0000EFA5	13	102	1026	16383	talk_end	
TALK1.DAT	465	60939	0x0000F00B	13	102	1026	16383	talk_end	
TALK1.DAT	466	61041	0x0000F071	10	78	1026	16383	talk_end	
TALK1.DAT	467	63290	0x0000F93A	8	62	1026	16383	talk_end	
TALK1.DAT	468	63410	0x0000F9B2	7	54	1026	16383	talk_end	
TALK1.DAT	469	63464	0x0000F9E8	13	102	1026	16383	talk_end	
TALK1.DAT	470	63566	0x0000FA4E	13	102	1026	16383	talk_end	
TALK1.DAT	471	63668	0x0000FAB4	21	119	1026	16383	talk_end	
TALK1.DAT	472	63787	0x0000FB2B	7	54	1026	16383	talk_end	
TALK1.DAT	473	63841	0x0000FB61	7	54	1026	16383	talk_end	
TALK1.DAT	474	63895	0x0000FB97	9	64	1026	16383	talk_end	
TALK1.DAT	475	63959	0x0000FBD7	16	89	1026	16383	talk_end	
TALK1.DAT	476	64048	0x0000FC30	3	8	1026	16383	talk_end	
TALK1.DAT	477	64056	0x0000FC38	3	8	1026	16383	talk_end	
TALK1.DAT	478	64064	0x0000FC40	5	16	1026	16383	talk_end	
TALK1.DAT	479	22935	0x00005B97	15	159	1026	41	control_transfer_41	
TALK1.DAT	480	24773	0x000062C5	2	4	1026	16383	talk_end	
TALK1.DAT	481	64080	0x0000FC50	11	130	1026	16383	talk_end	
TALK1.DAT	482	64266	0x0000FD0A	8	58	1026	16383	talk_end	
TALK1.DAT	483	64324	0x0000FD44	7	54	1026	16383	talk_end	
TALK1.DAT	484	64378	0x0000FD7A	8	58	1026	16383	talk_end	
TALK1.DAT	485	64436	0x0000FDB4	35	241	1026	16383	talk_end	
TALK1.DAT	486	64677	0x0000FEA5	11	58	1026	16383	talk_end	
TALK1.DAT	487	64735	0x0000FEDF	3	12	1026	15	control_transfer_15	
TALK1.DAT	488	64747	0x0000FEEB	3	12	1026	15	control_transfer_15	
TALK1.DAT	489	64759	0x0000FEF7	4	20	1026	15	control_transfer_15	
TALK1.DAT	490	64779	0x0000FF0B	6	32	1026	16383	talk_end	
TALK1.DAT	491	64905	0x0000FF89	7	42	1026	16383	talk_end	
TALK1.DAT	492	64985	0x0000FFD9	7	42	1026	16383	talk_end	
TALK1.DAT	493	65095	0x00010047	7	42	1026	16383	talk_end	
TALK1.DAT	494	65205	0x000100B5	7	42	1026	16383	talk_end	
TALK1.DAT	495	65711	0x000102AF	94	1174	1026	16383	talk_end	
TALK1.DAT	496	66885	0x00010745	7	54	1026	16383	talk_end	
TALK1.DAT	497	66939	0x0001077B	11	146	1026	41	control_transfer_41	
TALK1.DAT	498	67366	0x00010926	12	142	1026	16383	talk_end	
TALK1.DAT	499	67579	0x000109FB	13	62	1026	16383	talk_end	
TALK1.DAT	500	67641	0x00010A39	2	4	1026	16383	talk_end	
TALK1.DAT	501	71115	0x000117CB	7	54	1026	16383	talk_end	
TALK1.DAT	502	71169	0x00011801	7	54	1026	16383	talk_end	
TALK1.DAT	503	71223	0x00011837	14	110	1026	16383	talk_end	
TALK1.DAT	504	71439	0x0001190F	10	72	1026	16383	talk_end	
TALK1.DAT	505	72037	0x00011B65	13	102	1026	16383	talk_end	
TALK1.DAT	506	72139	0x00011BCB	13	102	1026	16383	talk_end	
TALK1.DAT	507	72241	0x00011C31	24	218	1026	16383	talk_end	
TALK1.DAT	508	72459	0x00011D0B	14	104	1026	16383	talk_end	
TALK1.DAT	509	72563	0x00011D73	2	4	1026	16383	talk_end	
TALK1.DAT	510	72567	0x00011D77	15	108	1026	16383	talk_end	
TALK1.DAT	511	72675	0x00011DE3	7	54	1026	16383	talk_end	
TALK1.DAT	512	72729	0x00011E19	9	70	1026	16383	talk_end	
TALK1.DAT	513	72923	0x00011EDB	16	124	1026	16383	talk_end	
TALK1.DAT	514	73163	0x00011FCB	3	6	1026	16383	talk_end	
TALK1.DAT	515	73165	0x00011FCD	2	4	1026	16383	talk_end	
TALK1.DAT	516	73169	0x00011FD1	2	4	1026	16383	talk_end	
TALK1.DAT	517	73173	0x00011FD5	13	102	1026	16383	talk_end	
TALK1.DAT	518	73275	0x0001203B	16	124	1026	16383	talk_end	
TALK1.DAT	519	73519	0x0001212F	9	68	1026	16383	talk_end	
TALK1.DAT	520	73655	0x000121B7	17	121	1026	16383	talk_end	
TALK1.DAT	521	73852	0x0001227C	13	102	1026	16383	talk_end	
TALK1.DAT	522	73954	0x000122E2	13	102	1026	16383	talk_end	
TALK1.DAT	523	74056	0x00012348	7	54	1026	16383	talk_end	
TALK1.DAT	524	74110	0x0001237E	13	102	1026	16383	talk_end	
TALK1.DAT	525	74212	0x000123E4	9	49	1026	16383	talk_end	
TALK1.DAT	526	74261	0x00012415	1	4	161	161	control_transfer_161	
TALK1.DAT	527	74265	0x00012419	1	4	161	161	control_transfer_161	
TALK1.DAT	528	74269	0x0001241D	13	102	1026	16383	talk_end	
TALK1.DAT	529	74371	0x00012483	13	102	1026	16383	talk_end	
TALK1.DAT	530	74473	0x000124E9	2	4	1026	16383	talk_end	
TALK1.DAT	531	74477	0x000124ED	13	102	1026	16383	talk_end	
TALK1.DAT	532	74579	0x00012553	2	4	1026	16383	talk_end	
TALK1.DAT	533	74583	0x00012557	13	102	1026	16383	talk_end	
TALK1.DAT	534	74685	0x000125BD	13	102	1026	16383	talk_end	
TALK1.DAT	535	74787	0x00012623	7	54	1026	16383	talk_end	
TALK1.DAT	536	74841	0x00012659	1	4	161	161	control_transfer_161	
TALK1.DAT	537	74845	0x0001265D	676	7890	1026	16383	talk_end	
TALK1.DAT	538	106113	0x0001A081	7	54	1026	16383	talk_end	
TALK1.DAT	539	106167	0x0001A0B7	13	102	1026	16383	talk_end	
TALK1.DAT	540	106269	0x0001A11D	7	54	1026	16383	talk_end	
TALK1.DAT	541	106323	0x0001A153	13	102	1026	16383	talk_end	
TALK1.DAT	542	106425	0x0001A1B9	13	102	1026	16383	talk_end	
TALK1.DAT	543	106527	0x0001A21F	8	38	1026	16383	talk_end	
TALK1.DAT	544	106565	0x0001A245	10	48	1026	16383	talk_end	
TALK1.DAT	545	106613	0x0001A275	3	12	1026	16383	talk_end	
TALK1.DAT	546	106625	0x0001A281	3	12	1026	16383	talk_end	
TALK1.DAT	547	106637	0x0001A28D	15	112	1026	16383	talk_end	
TALK1.DAT	548	110769	0x0001B2B1	10	76	1026	16383	talk_end	
TALK1.DAT	549	110915	0x0001B343	9	70	1026	16383	talk_end	
TALK1.DAT	550	111109	0x0001B405	2	4	1026	16383	talk_end	
TALK1.DAT	551	111113	0x0001B409	2	4	1026	16383	talk_end	
TALK1.DAT	552	111117	0x0001B40D	9	70	1026	16383	talk_end	
TALK1.DAT	553	111311	0x0001B4CF	5	28	1026	16383	talk_end	
TALK1.DAT	554	111947	0x0001B74B	29	195	1026	16383	talk_end	
TALK1.DAT	555	112193	0x0001B841	13	102	1026	16383	talk_end	
TALK1.DAT	556	112295	0x0001B8A7	17	108	1026	16383	talk_end	
TALK1.DAT	557	112403	0x0001B913	2	4	1026	16383	talk_end	
TALK1.DAT	558	112407	0x0001B917	2	4	1026	16383	talk_end	
TALK1.DAT	559	112411	0x0001B91B	25	164	1026	16383	talk_end	
TALK1.DAT	560	112575	0x0001B9BF	25	166	1026	16383	talk_end	
TALK1.DAT	561	112953	0x0001BB39	9	56	1026	16383	talk_end	
TALK1.DAT	562	113009	0x0001BB71	7	54	1026	16383	talk_end	
TALK1.DAT	563	113063	0x0001BBA7	9	64	1026	16383	talk_end	
TALK1.DAT	564	113127	0x0001BBE7	9	70	1026	16383	talk_end	
TALK1.DAT	565	113259	0x0001BC6B	8	62	1026	16383	talk_end	
TALK1.DAT	566	113321	0x0001BCA9	8	62	1026	16383	talk_end	
TALK1.DAT	567	113383	0x0001BCE7	8	62	1026	16383	talk_end	
TALK1.DAT	568	113445	0x0001BD25	8	62	1026	16383	talk_end	
TALK1.DAT	569	113507	0x0001BD63	8	62	1026	16383	talk_end	
TALK1.DAT	570	113569	0x0001BDA1	8	62	1026	16383	talk_end	
TALK1.DAT	571	113631	0x0001BDDF	8	62	1026	16383	talk_end	
TALK1.DAT	572	113693	0x0001BE1D	8	62	1026	16383	talk_end	
TALK1.DAT	573	113755	0x0001BE5B	8	62	1026	16383	talk_end	
TALK1.DAT	574	113817	0x0001BE99	10	78	1026	16383	talk_end	
TALK1.DAT	575	113957	0x0001BF25	311	3903	1026	16383	talk_end	
TALK1.DAT	576	133424	0x00020B30	8	62	1026	16383	talk_end	
TALK1.DAT	577	133486	0x00020B6E	8	62	1026	16383	talk_end	
TALK1.DAT	578	133548	0x00020BAC	8	62	1026	16383	talk_end	
TALK1.DAT	579	133610	0x00020BEA	8	62	1026	16383	talk_end	
TALK1.DAT	580	133672	0x00020C28	8	62	1026	16383	talk_end	
TALK1.DAT	581	133734	0x00020C66	1009	10245	1026	16383	talk_end	
TALK1.DAT	582	143979	0x0002346B	94	1318	1026	16383	talk_end	
TALK1.DAT	583	145297	0x00023991	8	62	1026	16383	talk_end	
TALK1.DAT	584	145359	0x000239CF	10	72	1026	16383	talk_end	
TALK1.DAT	585	150067	0x00024C33	8	62	1026	16383	talk_end	
TALK1.DAT	586	150129	0x00024C71	8	62	1026	16383	talk_end	
TALK1.DAT	587	150191	0x00024CAF	8	62	1026	16383	talk_end	
TALK1.DAT	588	150253	0x00024CED	8	62	1026	16383	talk_end	
TALK1.DAT	589	150315	0x00024D2B	8	62	1026	16383	talk_end	
TALK1.DAT	590	150377	0x00024D69	8	62	1026	16383	talk_end	
TALK1.DAT	591	150439	0x00024DA7	10	72	1026	16383	talk_end	
TALK1.DAT	592	150511	0x00024DEF	8	62	1026	16383	talk_end	
TALK1.DAT	593	150581	0x00024E35	10	76	1026	16383	talk_end	
TALK1.DAT	594	150721	0x00024EC1	2	4	1026	16383	talk_end	
TALK1.DAT	595	150725	0x00024EC5	9	70	1026	16383	talk_end	
TALK1.DAT	596	153741	0x00025A8D	41	336	1026	16383	talk_end	
TALK1.DAT	597	154077	0x00025BDD	17	144	1026	16383	talk_end	
TALK1.DAT	598	154225	0x00025C71	9	70	1026	16383	talk_end	
TALK1.DAT	599	154419	0x00025D33	14	122	1026	16383	talk_end	
TALK1.DAT	600	154541	0x00025DAD	9	62	1026	16383	talk_end	
TALK1.DAT	601	154971	0x00025F5B	22	88	1026	16383	talk_end	
TALK1.DAT	602	155059	0x00025FB3	26	128	1026	15	control_transfer_15	
TALK1.DAT	603	155263	0x0002607F	2	4	1026	16383	talk_end	
TALK1.DAT	604	155267	0x00026083	17	86	1026	15	control_transfer_15	
TALK1.DAT	605	155417	0x00026119	17	86	1026	15	control_transfer_15	
TALK1.DAT	606	155565	0x000261AD	2	4	1026	16383	talk_end	
TALK1.DAT	607	155569	0x000261B1	2	4	1026	16383	talk_end	
TALK1.DAT	608	155573	0x000261B5	17	86	1026	15	control_transfer_15	
TALK1.DAT	609	155723	0x0002624B	1	4	161	161	control_transfer_161	
TALK1.DAT	610	155792	0x00026290	26	122	1026	16383	talk_end	
TALK1.DAT	611	156200	0x00026428	26	122	1026	16383	talk_end	
TALK1.DAT	612	156616	0x000265C8	2	4	1026	16383	talk_end	
TALK1.DAT	613	156620	0x000265CC	2	4	1026	16383	talk_end	
TALK1.DAT	614	156624	0x000265D0	19	116	1026	15	control_transfer_15	
TALK1.DAT	615	156782	0x0002666E	2	4	1026	16383	talk_end	
TALK1.DAT	616	156786	0x00026672	18	84	1026	16383	talk_end	
TALK1.DAT	617	156870	0x000266C6	19	104	1026	16383	talk_end	
TALK1.DAT	618	157000	0x00026748	15	83	1026	16383	talk_end	
TALK1.DAT	619	157083	0x0002679B	13	79	126	16383	talk_end	
TALK1.DAT	620	157162	0x000267EA	14	82	1026	16383	talk_end	
TALK1.DAT	621	157244	0x0002683C	76	978	1026	16383	talk_end	
TALK1.DAT	622	160184	0x000273B8	12	134	1026	16383	talk_end	
TALK1.DAT	623	160528	0x00027510	12	134	1026	16383	talk_end	
TALK1.DAT	624	160734	0x000275DE	10	76	1026	16383	talk_end	
TALK1.DAT	625	160810	0x0002762A	2	4	1026	16383	talk_end	
TALK1.DAT	626	160814	0x0002762E	2	4	1026	16383	talk_end	
TALK1.DAT	627	160818	0x00027632	2	4	1026	16383	talk_end	
TALK1.DAT	628	160822	0x00027636	8	50	1026	16383	talk_end	
TALK1.DAT	629	160872	0x00027668	8	46	1026	16383	talk_end	
TALK1.DAT	630	160918	0x00027696	8	46	1026	16383	talk_end	
TALK1.DAT	631	160964	0x000276C4	8	50	1026	16383	talk_end	
TALK1.DAT	632	161014	0x000276F6	8	46	1026	16383	talk_end	
TALK1.DAT	633	161060	0x00027724	8	50	1026	16383	talk_end	
TALK1.DAT	634	161110	0x00027756	8	46	1026	16383	talk_end	
TALK1.DAT	635	161156	0x00027784	8	50	1026	16383	talk_end	
TALK1.DAT	636	161206	0x000277B6	8	50	1026	16383	talk_end	
TALK1.DAT	637	161256	0x000277E8	2	4	1026	16383	talk_end	
TALK1.DAT	638	161260	0x000277EC	11	61	1026	16383	talk_end	
TALK1.DAT	639	161321	0x00027829	2	4	1026	16383	talk_end	
TALK1.DAT	640	161325	0x0002782D	2	4	1026	16383	talk_end	
TALK1.DAT	641	161329	0x00027831	1	4	161	161	control_transfer_161	
TALK1.DAT	642	161333	0x00027835	6	48	1026	16383	talk_end	
TALK1.DAT	643	161381	0x00027865	2	4	1026	16383	talk_end	
TALK1.DAT	644	161385	0x00027869	2	4	1026	16383	talk_end	
TALK1.DAT	645	161389	0x0002786D	2	4	1026	16383	talk_end	
TALK1.DAT	646	161393	0x00027871	8	48	1026	16383	talk_end	
TALK1.DAT	647	161441	0x000278A1	2	4	1026	16383	talk_end	
TALK1.DAT	648	161445	0x000278A5	2	4	1026	16383	talk_end	
TALK1.DAT	649	161449	0x000278A9	2	4	1026	16383	talk_end	
TALK1.DAT	650	161453	0x000278AD	9	53	1026	16383	talk_end	
TALK1.DAT	651	161506	0x000278E2	9	198	1026	15	control_transfer_15	
TALK1.DAT	652	162060	0x00027B0C	8	90	1026	15	control_transfer_15	
TALK1.DAT	653	162328	0x00027C18	10	140	1026	16383	talk_end	
TALK1.DAT	654	162582	0x00027D16	10	132	1026	16383	talk_end	
TALK1.DAT	655	162828	0x00027E0C	10	136	1026	16383	talk_end	
TALK1.DAT	656	163078	0x00027F06	2	4	1026	16383	talk_end	
TALK1.DAT	657	163082	0x00027F0A	2	4	1026	16383	talk_end	
TALK1.DAT	658	163086	0x00027F0E	7	153	126	41	control_transfer_41	
TALK1.DAT	659	163555	0x000280E3	2	4	1026	16383	talk_end	
TALK1.DAT	660	163559	0x000280E7	13	79	126	16383	talk_end	
TALK1.DAT	661	163638	0x00028136	13	79	126	16383	talk_end	
TALK1.DAT	662	163717	0x00028185	13	79	126	16383	talk_end	
TALK1.DAT	663	163796	0x000281D4	13	79	126	16383	talk_end	
TALK1.DAT	664	163875	0x00028223	13	79	126	16383	talk_end	
TALK1.DAT	665	163954	0x00028272	13	79	126	16383	talk_end	
TALK1.DAT	666	164033	0x000282C1	13	80	126	16383	talk_end	
TALK1.DAT	667	164113	0x00028311	13	79	126	16383	talk_end	
TALK1.DAT	668	164192	0x00028360	13	80	126	16383	talk_end	
TALK1.DAT	669	164272	0x000283B0	13	79	126	16383	talk_end	
TALK1.DAT	670	164351	0x000283FF	13	79	126	16383	talk_end	
TALK1.DAT	671	164430	0x0002844E	13	79	126	16383	talk_end	
TALK1.DAT	672	164509	0x0002849D	16	163	1026	41	control_transfer_41	
TALK1.DAT	673	164942	0x0002864E	13	79	126	16383	talk_end	
TALK1.DAT	674	165021	0x0002869D	13	79	126	16383	talk_end	
TALK1.DAT	675	165100	0x000286EC	13	79	126	16383	talk_end	
TALK1.DAT	676	165179	0x0002873B	13	79	126	16383	talk_end	
TALK1.DAT	677	165258	0x0002878A	13	79	126	16383	talk_end	
TALK1.DAT	678	165337	0x000287D9	11	73	126	16383	talk_end	
TALK1.DAT	679	165414	0x00028826	13	79	126	16383	talk_end	
TALK1.DAT	680	165493	0x00028875	2	4	1026	16383	talk_end	
TALK1.DAT	681	165497	0x00028879	12	65	1026	16383	talk_end	
TALK1.DAT	682	165562	0x000288BA	12	65	1026	16383	talk_end	
TALK1.DAT	683	165627	0x000288FB	11	62	1026	16383	talk_end	
TALK1.DAT	684	165689	0x00028939	11	61	1026	16383	talk_end	
TALK1.DAT	685	165750	0x00028976	13	79	126	16383	talk_end	
TALK1.DAT	686	165829	0x000289C5	13	79	126	16383	talk_end	
TALK1.DAT	687	165908	0x00028A14	13	79	126	16383	talk_end	
TALK1.DAT	688	165987	0x00028A63	13	80	126	16383	talk_end	
TALK1.DAT	689	166067	0x00028AB3	13	79	126	16383	talk_end	
TALK1.DAT	690	166146	0x00028B02	5	50	1026	87	control_transfer_87	
TALK1.DAT	691	166431	0x00028C1F	5	50	1026	87	control_transfer_87	
TALK1.DAT	692	166497	0x00028C61	5	50	1026	87	control_transfer_87	
TALK1.DAT	693	166563	0x00028CA3	13	79	126	16383	talk_end	
TALK1.DAT	694	166642	0x00028CF2	13	79	126	16383	talk_end	
TALK1.DAT	695	166721	0x00028D41	13	79	126	16383	talk_end	
TALK1.DAT	696	166800	0x00028D90	12	65	1026	16383	talk_end	
TALK1.DAT	697	166865	0x00028DD1	12	65	1026	16383	talk_end	
TALK1.DAT	698	166930	0x00028E12	12	65	1026	16383	talk_end	
TALK1.DAT	699	166995	0x00028E53	6	111	126	41	control_transfer_41	
TALK1.DAT	700	167243	0x00028F4B	2	4	1026	16383	talk_end	
TALK1.DAT	701	170627	0x00029C83	9	70	1026	15	control_transfer_15	
TALK1.DAT	702	170939	0x00029DBB	9	70	1026	15	control_transfer_15	
TALK1.DAT	703	171253	0x00029EF5	158	1682	1026	16383	talk_end	
TALK1.DAT	704	173112	0x0002A638	3	8	1026	16383	talk_end	
TALK1.DAT	705	173120	0x0002A640	8	68	1026	15	control_transfer_15	
TALK1.DAT	706	175305	0x0002AEC9	6	26	1026	16383	talk_end	
TALK1.DAT	707	175407	0x0002AF2F	69	749	1026	16383	talk_end	
TALK1.DAT	708	176238	0x0002B26E	2	4	1026	16383	talk_end	
TALK1.DAT	709	176242	0x0002B272	2	4	1026	16383	talk_end	
TALK1.DAT	710	176246	0x0002B276	5	16	1026	16383	talk_end	
TALK1.DAT	711	181549	0x0002C72D	12	78	1026	16383	talk_end	
TALK1.DAT	712	181775	0x0002C80F	18	128	1026	16383	talk_end	
TALK1.DAT	713	182005	0x0002C8F5	22	146	1026	16383	talk_end	
TALK1.DAT	714	182253	0x0002C9ED	12	80	1026	16383	talk_end	
TALK1.DAT	715	182387	0x0002CA73	13	80	1026	16383	talk_end	
TALK1.DAT	716	190003	0x0002E833	17	127	1026	16383	talk_end	
TALK1.DAT	717	190239	0x0002E91F	2	4	1026	16383	talk_end	
TALK1.DAT	718	190243	0x0002E923	10	94	1026	16383	talk_end	
TALK1.DAT	719	257555	0x0003F013	10	60	1026	16383	talk_end	
TALK1.DAT	720	257615	0x0003F04F	17	123	1026	16383	talk_end	
TALK1.DAT	721	190337	0x0002E981	6	82	1026	16383	talk_end	
TALK1.DAT	722	192166	0x0002F0A6	6	66	1026	16383	talk_end	
TALK1.DAT	723	112741	0x0001BA65	8	36	1026	15	control_transfer_15	
TALK1.DAT	724	112779	0x0001BA8B	8	36	1026	15	control_transfer_15	
TALK1.DAT	725	112817	0x0001BAB1	8	36	1026	15	control_transfer_15	
TALK1.DAT	726	112855	0x0001BAD7	8	36	1026	15	control_transfer_15	
TALK1.DAT	727	112893	0x0001BAFD	8	36	1026	15	control_transfer_15	
TALK1.DAT	728	154603	0x00025DEB	45	364	1026	16383	talk_end	
TALK1.DAT	729	214537	0x00034809	24	434	1026	16383	talk_end	
TALK1.DAT	730	215583	0x00034C1F	63	709	1026	16383	talk_end	
TALK1.DAT	731	182521	0x0002CAF9	9	66	1026	16383	talk_end	
TALK1.DAT	732	182641	0x0002CB71	9	68	1026	16383	talk_end	
TALK1.DAT	733	182763	0x0002CBEB	8	62	1026	16383	talk_end	
TALK1.DAT	734	183359	0x0002CE3F	11	72	1026	16383	talk_end	
TALK1.DAT	735	183431	0x0002CE87	11	72	1026	16383	talk_end	
TALK1.DAT	736	183503	0x0002CECF	9	68	1026	16383	talk_end	
TALK1.DAT	737	183625	0x0002CF49	15	122	1026	16383	talk_end	
TALK1.DAT	738	183855	0x0002D02F	9	68	1026	16383	talk_end	
TALK1.DAT	739	183977	0x0002D0A9	11	72	1026	16383	talk_end	
TALK1.DAT	740	184103	0x0002D127	17	126	1026	16383	talk_end	
TALK1.DAT	741	184337	0x0002D211	17	126	1026	16383	talk_end	
TALK1.DAT	742	184571	0x0002D2FB	16	96	1026	16383	talk_end	
TALK1.DAT	743	184721	0x0002D391	17	126	1026	16383	talk_end	
TALK1.DAT	744	184955	0x0002D47B	12	80	1026	16383	talk_end	
TALK1.DAT	745	185089	0x0002D501	17	127	1026	16383	talk_end	
TALK1.DAT	746	185325	0x0002D5ED	11	72	1026	16383	talk_end	
TALK1.DAT	747	185451	0x0002D66B	17	127	1026	16383	talk_end	
TALK1.DAT	748	185687	0x0002D757	17	127	1026	16383	talk_end	
TALK1.DAT	749	185923	0x0002D843	13	84	1026	16383	talk_end	
TALK1.DAT	750	186061	0x0002D8CD	17	135	1026	16383	talk_end	
TALK1.DAT	751	186305	0x0002D9C1	17	126	1026	16383	talk_end	
TALK1.DAT	752	186539	0x0002DAAB	11	72	1026	16383	talk_end	
TALK1.DAT	753	186665	0x0002DB29	17	126	1026	16383	talk_end	
TALK1.DAT	754	186899	0x0002DC13	12	80	1026	16383	talk_end	
TALK1.DAT	755	187033	0x0002DC99	19	135	1026	16383	talk_end	
TALK1.DAT	756	187277	0x0002DD8D	19	135	1026	16383	talk_end	
TALK1.DAT	757	187521	0x0002DE81	15	92	1026	16383	talk_end	
TALK1.DAT	758	187667	0x0002DF13	21	147	1026	16383	talk_end	
TALK1.DAT	759	187923	0x0002E013	17	127	1026	16383	talk_end	
TALK1.DAT	760	188159	0x0002E0FF	18	135	1026	16383	talk_end	
TALK1.DAT	761	188417	0x0002E201	17	127	1026	16383	talk_end	
TALK1.DAT	762	188653	0x0002E2ED	2	4	1026	16383	talk_end	
TALK1.DAT	763	188657	0x0002E2F1	7	54	1026	16383	talk_end	
TALK1.DAT	764	188711	0x0002E327	17	126	1026	16383	talk_end	
TALK1.DAT	765	188945	0x0002E411	18	135	1026	16383	talk_end	
TALK1.DAT	766	189189	0x0002E505	12	76	1026	16383	talk_end	
TALK1.DAT	767	189319	0x0002E587	20	196	1026	16383	talk_end	
TALK1.DAT	768	189515	0x0002E64B	11	72	1026	16383	talk_end	
TALK1.DAT	769	189641	0x0002E6C9	11	72	1026	16383	talk_end	
TALK1.DAT	770	189767	0x0002E747	17	127	1026	16383	talk_end	
TALK1.DAT	771	216556	0x00034FEC	17	216	1026	16383	talk_end	
TALK1.DAT	772	218143	0x0003561F	15	346	1026	16383	talk_end	
TALK1.DAT	773	219435	0x00035B2B	12	228	1026	16383	talk_end	
TALK1.DAT	774	220087	0x00035DB7	8	182	1026	16383	talk_end	
TALK1.DAT	775	220341	0x00035EB5	7	98	1026	16383	talk_end	
TALK1.DAT	776	220517	0x00035F65	8	104	1026	16383	talk_end	
TALK1.DAT	777	220621	0x00035FCD	8	114	1026	16383	talk_end	
TALK1.DAT	778	220735	0x0003603F	2	6	1026	161	control_transfer_161	
TALK1.DAT	779	220755	0x00036053	9	108	1026	16383	talk_end	
TALK1.DAT	780	221135	0x000361CF	10	144	1026	16383	talk_end	
TALK1.DAT	781	221423	0x000362EF	10	204	1026	16383	talk_end	
TALK1.DAT	782	221805	0x0003646D	14	238	1026	16383	talk_end	
TALK1.DAT	783	323043	0x0004EFE3	9	130	1026	16383	talk_end	
TALK1.DAT	784	323173	0x0004F065	7	114	1026	15	control_transfer_15	
TALK1.DAT	785	222263	0x00036637	34	408	1026	16383	talk_end	
TALK1.DAT	786	224662	0x00036F96	27	286	1026	16383	talk_end	
TALK1.DAT	787	224948	0x000370B4	11	112	1026	16383	talk_end	
TALK1.DAT	788	225844	0x00037434	24	249	1026	16383	talk_end	
TALK1.DAT	789	226654	0x0003775E	10	136	1026	16383	talk_end	
TALK1.DAT	790	220743	0x00036047	2	6	1026	161	control_transfer_161	
TALK1.DAT	791	227207	0x00037987	12	152	1026	16383	talk_end	
TALK1.DAT	792	323347	0x0004F113	4	78	1026	41	control_transfer_41	
TALK1.DAT	793	231747	0x00038B43	12	164	1026	41	control_transfer_41	
TALK1.DAT	794	227937	0x00037C61	49	534	1026	41	control_transfer_41	
TALK1.DAT	795	229962	0x0003844A	47	519	1026	16383	talk_end	
TALK1.DAT	796	231361	0x000389C1	8	142	1026	16383	talk_end	
TALK1.DAT	797	323619	0x0004F223	9	119	1026	41	control_transfer_41	
TALK1.DAT	798	215317	0x00034B15	11	126	1026	16383	talk_end	
TALK1.DAT	799	233447	0x000391E7	11	84	1026	16383	talk_end	
TALK1.DAT	800	232391	0x00038DC7	61	482	1026	16383	talk_end	
TALK1.DAT	801	236461	0x00039DAD	7	54	1026	16383	talk_end	
TALK1.DAT	802	236515	0x00039DE3	11	86	1026	16383	talk_end	
TALK1.DAT	803	324002	0x0004F3A2	9	127	1026	41	control_transfer_41	
TALK1.DAT	804	245847	0x0003C257	10	72	1026	16383	talk_end	
TALK1.DAT	805	248617	0x0003CD29	2	4	1026	16383	talk_end	
TALK1.DAT	806	248621	0x0003CD2D	24	184	1026	16383	talk_end	
TALK1.DAT	807	249047	0x0003CED7	7	54	1026	16383	talk_end	
TALK1.DAT	808	249101	0x0003CF0D	7	54	1026	16383	talk_end	
TALK1.DAT	809	249155	0x0003CF43	24	202	1026	16383	talk_end	
TALK1.DAT	810	249645	0x0003D12D	10	62	1026	16383	talk_end	
TALK1.DAT	811	250073	0x0003D2D9	10	62	1026	16383	talk_end	
TALK1.DAT	812	250645	0x0003D515	7	54	1026	16383	talk_end	
TALK1.DAT	813	250699	0x0003D54B	5	48	1026	16383	talk_end	
TALK1.DAT	814	250747	0x0003D57B	5	16	1026	16383	talk_end	
TALK1.DAT	815	250763	0x0003D58B	5	16	1026	16383	talk_end	
TALK1.DAT	816	250779	0x0003D59B	66	800	1026	16383	talk_end	
TALK1.DAT	817	257839	0x0003F12F	7	54	1026	16383	talk_end	
TALK1.DAT	818	257893	0x0003F165	7	54	1026	16383	talk_end	
TALK1.DAT	819	257947	0x0003F19B	7	54	1026	16383	talk_end	
TALK1.DAT	820	258001	0x0003F1D1	302	3768	1026	16383	talk_end	
TALK1.DAT	821	261769	0x00040089	989	11816	1026	16383	talk_end	
TALK1.DAT	822	273585	0x00042EB1	104	1278	1026	16383	talk_end	
TALK1.DAT	823	274863	0x000433AF	4	117	1026	16383	talk_end	
TALK1.DAT	824	274980	0x00043424	12	60	1026	16383	talk_end	
TALK1.DAT	825	275040	0x00043460	12	70	1026	16383	talk_end	
TALK1.DAT	826	275110	0x000434A6	158	1888	1026	16383	talk_end	
TALK1.DAT	827	277002	0x00043C0A	7	54	1026	16383	talk_end	
TALK1.DAT	828	277056	0x00043C40	7	54	1026	16383	talk_end	
TALK1.DAT	829	277110	0x00043C76	7	54	1026	16383	talk_end	
TALK1.DAT	830	277164	0x00043CAC	207	2548	1026	16383	talk_end	
TALK1.DAT	831	279812	0x00044704	11	68	1026	15	control_transfer_15	
TALK1.DAT	832	279882	0x0004474A	11	68	1026	15	control_transfer_15	
TALK1.DAT	833	279952	0x00044790	11	68	1026	15	control_transfer_15	
TALK1.DAT	834	280022	0x000447D6	11	68	1026	15	control_transfer_15	
TALK1.DAT	835	280092	0x0004481C	11	68	1026	15	control_transfer_15	
TALK1.DAT	836	280162	0x00044862	11	68	1026	15	control_transfer_15	
TALK1.DAT	837	280232	0x000448A8	11	68	1026	15	control_transfer_15	
TALK1.DAT	838	280302	0x000448EE	11	68	1026	15	control_transfer_15	
TALK1.DAT	839	280372	0x00044934	11	68	1026	15	control_transfer_15	
TALK1.DAT	840	280442	0x0004497A	11	68	1026	15	control_transfer_15	
TALK1.DAT	841	280512	0x000449C0	11	68	1026	15	control_transfer_15	
TALK1.DAT	842	280582	0x00044A06	11	68	1026	15	control_transfer_15	
TALK1.DAT	843	280652	0x00044A4C	7	54	1026	16383	talk_end	
TALK1.DAT	844	280706	0x00044A82	7	54	1026	16383	talk_end	
TALK1.DAT	845	280760	0x00044AB8	7	54	1026	16383	talk_end	
TALK1.DAT	846	280814	0x00044AEE	7	54	1026	16383	talk_end	
TALK1.DAT	847	280868	0x00044B24	7	54	1026	16383	talk_end	
TALK1.DAT	848	280922	0x00044B5A	7	54	1026	16383	talk_end	
TALK1.DAT	849	280976	0x00044B90	7	54	1026	16383	talk_end	
TALK1.DAT	850	281030	0x00044BC6	8	100	1026	16383	talk_end	
TALK1.DAT	851	281130	0x00044C2A	13	106	1026	16383	talk_end	
TALK1.DAT	852	281236	0x00044C94	50	967	1026	41	control_transfer_41	
TALK1.DAT	853	282477	0x0004516D	7	54	1026	16383	talk_end	
TALK1.DAT	854	282531	0x000451A3	7	54	1026	16383	talk_end	
TALK1.DAT	855	282585	0x000451D9	7	54	1026	16383	talk_end	
TALK1.DAT	856	282639	0x0004520F	7	54	1026	16383	talk_end	
TALK1.DAT	857	282693	0x00045245	10	72	1026	16383	talk_end	
TALK1.DAT	858	288888	0x00046A78	7	54	1026	16383	talk_end	
TALK1.DAT	859	288942	0x00046AAE	2	4	1026	16383	talk_end	
TALK1.DAT	860	288946	0x00046AB2	5	40	1026	16383	talk_end	
TALK1.DAT	861	288986	0x00046ADA	5	22	1026	16383	talk_end	
TALK1.DAT	862	289280	0x00046C00	7	54	1026	16383	talk_end	
TALK1.DAT	863	289334	0x00046C36	8	62	1026	16383	talk_end	
TALK1.DAT	864	294082	0x00047EC2	121	1358	1026	16383	talk_end	
TALK1.DAT	865	295444	0x00048414	8	58	1026	16383	talk_end	
TALK1.DAT	866	295502	0x0004844E	7	54	1026	16383	talk_end	
TALK1.DAT	867	295556	0x00048484	11	88	1026	15	control_transfer_15	
TALK1.DAT	868	295648	0x000484E0	11	88	1026	15	control_transfer_15	
TALK1.DAT	869	295736	0x00048538	11	88	1026	15	control_transfer_15	
TALK1.DAT	870	295826	0x00048592	43	368	1026	16383	talk_end	
TALK1.DAT	871	296194	0x00048702	15	104	1026	16383	talk_end	
TALK1.DAT	872	296463	0x0004880F	11	78	1026	15	control_transfer_15	
TALK1.DAT	873	296541	0x0004885D	11	78	1026	15	control_transfer_15	
TALK1.DAT	874	296619	0x000488AB	11	78	1026	15	control_transfer_15	
TALK1.DAT	875	296697	0x000488F9	7	54	1026	16383	talk_end	
TALK1.DAT	876	296751	0x0004892F	4	60	1026	16383	talk_end	
TALK1.DAT	877	296811	0x0004896B	4	62	1026	16383	talk_end	
TALK1.DAT	878	296873	0x000489A9	8	58	1026	16383	talk_end	
TALK1.DAT	879	296931	0x000489E3	7	54	1026	16383	talk_end	
TALK1.DAT	880	296985	0x00048A19	7	54	1026	16383	talk_end	
TALK1.DAT	881	297039	0x00048A4F	124	1810	1026	16383	talk_end	
TALK1.DAT	882	299527	0x00049407	12	70	1026	16383	talk_end	
TALK1.DAT	883	299597	0x0004944D	7	54	1026	16383	talk_end	
TALK1.DAT	884	299651	0x00049483	7	54	1026	16383	talk_end	
TALK1.DAT	885	299705	0x000494B9	9	64	1026	16383	talk_end	
TALK1.DAT	886	299769	0x000494F9	8	62	1026	16383	talk_end	
TALK1.DAT	887	299831	0x00049537	2	4	1026	16383	talk_end	
TALK1.DAT	888	192302	0x0002F12E	7	54	1026	16383	talk_end	
TALK1.DAT	889	192356	0x0002F164	419	4684	1026	16383	talk_end	
TALK1.DAT	890	197094	0x000303E6	10	72	1026	16383	talk_end	
TALK1.DAT	891	197166	0x0003042E	73	946	1026	16383	talk_end	
TALK1.DAT	892	198166	0x00030816	10	68	1026	16383	talk_end	
TALK1.DAT	893	198234	0x0003085A	8	58	1026	16383	talk_end	
TALK1.DAT	894	198292	0x00030894	290	3952	1026	16383	talk_end	
TALK1.DAT	895	24777	0x000062C9	1	4	161	161	control_transfer_161	
TALK1.DAT	896	24781	0x000062CD	1	4	161	161	control_transfer_161	
TALK1.DAT	897	24785	0x000062D1	2	4	1026	16383	talk_end	
TALK1.DAT	898	324724	0x0004F674	13	102	1026	16383	talk_end	
TALK1.DAT	899	324826	0x0004F6DA	13	102	1026	16383	talk_end	
TALK1.DAT	900	324928	0x0004F740	13	106	1026	16383	talk_end	
TALK1.DAT	901	325034	0x0004F7AA	94	1286	1026	16383	talk_end	
TALK1.DAT	902	181529	0x0002C719	5	16	1026	16383	talk_end	
TALK1.DAT	903	181545	0x0002C729	2	4	1026	16383	talk_end	
TALK1.DAT	904	300995	0x000499C3	2	4	1026	16383	talk_end	
TALK1.DAT	905	300999	0x000499C7	2	4	1026	16383	talk_end	
TALK1.DAT	906	301003	0x000499CB	2	4	1026	16383	talk_end	
TALK1.DAT	907	301007	0x000499CF	2	4	1026	16383	talk_end	
TALK1.DAT	908	301011	0x000499D3	2	4	1026	16383	talk_end	
TALK1.DAT	909	301015	0x000499D7	2	4	1026	16383	talk_end	
TALK1.DAT	910	301019	0x000499DB	2	4	1026	16383	talk_end	
TALK1.DAT	911	301023	0x000499DF	2	4	1026	16383	talk_end	
TALK1.DAT	912	301027	0x000499E3	2	4	1026	16383	talk_end	
TALK1.DAT	913	301031	0x000499E7	2	4	1026	16383	talk_end	
TALK1.DAT	914	301035	0x000499EB	2	4	1026	16383	talk_end	
TALK1.DAT	915	301039	0x000499EF	2	4	1026	16383	talk_end	
TALK1.DAT	916	301043	0x000499F3	2	4	1026	16383	talk_end	
TALK1.DAT	917	301047	0x000499F7	2	4	1026	16383	talk_end	
TALK1.DAT	918	301051	0x000499FB	2	4	1026	16383	talk_end	
TALK1.DAT	919	301055	0x000499FF	2	4	1026	16383	talk_end	
TALK1.DAT	920	301059	0x00049A03	2	4	1026	16383	talk_end	
TALK1.DAT	921	301063	0x00049A07	2	4	1026	16383	talk_end	
TALK1.DAT	922	301067	0x00049A0B	2	4	1026	16383	talk_end	
TALK1.DAT	923	301071	0x00049A0F	2	4	1026	16383	talk_end	
TALK1.DAT	924	301075	0x00049A13	2	4	1026	16383	talk_end	
TALK1.DAT	925	301079	0x00049A17	2	4	1026	16383	talk_end	
TALK1.DAT	926	301083	0x00049A1B	2	4	1026	16383	talk_end	
TALK1.DAT	927	301089	0x00049A21	2	4	1026	16383	talk_end	
TALK1.DAT	928	301093	0x00049A25	2	4	1026	16383	talk_end	
TALK1.DAT	929	301097	0x00049A29	2	4	1026	16383	talk_end	
TALK1.DAT	930	301101	0x00049A2D	2	4	1026	16383	talk_end	
TALK1.DAT	931	301105	0x00049A31	2	4	1026	16383	talk_end	
TALK1.DAT	932	301109	0x00049A35	2	4	1026	16383	talk_end	
TALK1.DAT	933	301113	0x00049A39	2	4	1026	16383	talk_end	
TALK1.DAT	934	301117	0x00049A3D	2	4	1026	16383	talk_end	
TALK1.DAT	935	301121	0x00049A41	2	4	1026	16383	talk_end	
TALK1.DAT	936	301125	0x00049A45	2	4	1026	16383	talk_end	
TALK1.DAT	937	301129	0x00049A49	2	4	1026	16383	talk_end	
TALK1.DAT	938	301133	0x00049A4D	2	4	1026	16383	talk_end	
TALK1.DAT	939	301137	0x00049A51	2	4	1026	16383	talk_end	
TALK1.DAT	940	301141	0x00049A55	2	4	1026	16383	talk_end	
TALK1.DAT	941	301145	0x00049A59	2	4	1026	16383	talk_end	
TALK1.DAT	942	301149	0x00049A5D	2	4	1026	16383	talk_end	
TALK1.DAT	943	301153	0x00049A61	2	4	1026	16383	talk_end	
TALK1.DAT	944	301157	0x00049A65	2	4	1026	16383	talk_end	
TALK1.DAT	945	301161	0x00049A69	2	4	1026	16383	talk_end	
TALK1.DAT	946	301165	0x00049A6D	2	4	1026	16383	talk_end	
TALK1.DAT	947	301169	0x00049A71	2	4	1026	16383	talk_end	
TALK1.DAT	948	301173	0x00049A75	2	4	1026	16383	talk_end	
TALK1.DAT	949	301177	0x00049A79	2	4	1026	16383	talk_end	
TALK1.DAT	950	301181	0x00049A7D	2	4	1026	16383	talk_end	
TALK1.DAT	951	301185	0x00049A81	2	4	1026	16383	talk_end	
TALK1.DAT	952	301189	0x00049A85	2	4	1026	16383	talk_end	
TALK1.DAT	953	301193	0x00049A89	2	4	1026	16383	talk_end	
TALK1.DAT	954	301197	0x00049A8D	2	4	1026	16383	talk_end	
TALK1.DAT	955	301201	0x00049A91	2	4	1026	16383	talk_end	
TALK1.DAT	956	301205	0x00049A95	2	4	1026	16383	talk_end	
TALK1.DAT	957	301209	0x00049A99	2	4	1026	16383	talk_end	
TALK1.DAT	958	301213	0x00049A9D	2	4	1026	16383	talk_end	
TALK1.DAT	959	202244	0x00031804	7	54	1026	16383	talk_end	
TALK1.DAT	960	202298	0x0003183A	673	7829	1026	16383	talk_end	
TALK1.DAT	961	255913	0x0003E9A9	2	4	1026	16383	talk_end	
TALK1.DAT	962	255917	0x0003E9AD	8	44	1026	16383	talk_end	
TALK1.DAT	963	256205	0x0003EACD	8	44	1026	16383	talk_end	
TALK1.DAT	964	256453	0x0003EBC5	8	44	1026	16383	talk_end	
TALK1.DAT	965	256745	0x0003ECE9	8	44	1026	16383	talk_end	
TALK1.DAT	966	256993	0x0003EDE1	10	70	1026	16383	talk_end	
TALK1.DAT	967	257117	0x0003EE5D	8	62	1026	16383	talk_end	
TALK1.DAT	968	257233	0x0003EED1	7	54	1026	16383	talk_end	
TALK1.DAT	969	257287	0x0003EF07	8	62	1026	16383	talk_end	
TALK1.DAT	970	257501	0x0003EFDD	7	54	1026	16383	talk_end	
TALK1.DAT	971	301217	0x00049AA1	7	54	1026	16383	talk_end	
TALK1.DAT	972	301271	0x00049AD7	7	54	1026	16383	talk_end	
TALK1.DAT	973	301325	0x00049B0D	7	54	1026	16383	talk_end	
TALK1.DAT	974	301379	0x00049B43	7	54	1026	16383	talk_end	
TALK1.DAT	975	301433	0x00049B79	7	54	1026	16383	talk_end	
TALK1.DAT	976	301487	0x00049BAF	8	62	1026	16383	talk_end	
TALK1.DAT	977	301549	0x00049BED	7	54	1026	16383	talk_end	
TALK1.DAT	978	301603	0x00049C23	13	102	1026	16383	talk_end	
TALK1.DAT	979	301705	0x00049C89	13	102	1026	16383	talk_end	
TALK1.DAT	980	301807	0x00049CEF	7	54	1026	16383	talk_end	
TALK1.DAT	981	301861	0x00049D25	11	102	1026	16383	talk_end	
TALK1.DAT	982	301963	0x00049D8B	11	102	1026	16383	talk_end	
TALK1.DAT	983	302065	0x00049DF1	16	108	1026	15	control_transfer_15	
TALK1.DAT	984	302331	0x00049EFB	13	102	1026	16383	talk_end	
TALK1.DAT	985	302433	0x00049F61	13	102	1026	16383	talk_end	
TALK1.DAT	986	302535	0x00049FC7	13	102	1026	16383	talk_end	
TALK1.DAT	987	302637	0x0004A02D	13	102	1026	16383	talk_end	
TALK1.DAT	988	302739	0x0004A093	13	102	1026	16383	talk_end	
TALK1.DAT	989	302841	0x0004A0F9	13	102	1026	16383	talk_end	
TALK1.DAT	990	302943	0x0004A15F	17	98	1026	16383	talk_end	
TALK1.DAT	991	303041	0x0004A1C1	13	102	1026	16383	talk_end	
TALK1.DAT	992	303143	0x0004A227	14	111	1026	16383	talk_end	
TALK1.DAT	993	304443	0x0004A73B	11	66	1026	16383	talk_end	
TALK1.DAT	994	304509	0x0004A77D	962	11807	1026	16383	talk_end	
TALK1.DAT	995	316486	0x0004D646	7	54	1026	16383	talk_end	
TALK1.DAT	996	316540	0x0004D67C	3	12	1026	16383	talk_end	
TALK1.DAT	997	322244	0x0004ECC4	7	60	1026	15	control_transfer_15	
TALK1.DAT	998	322648	0x0004EE58	2	4	1026	16383	talk_end	
TALK1.DAT	999	322652	0x0004EE5C	18	125	1026	16383	talk_end	
TALK1.DAT	1000	322777	0x0004EED9	16	108	1026	15	control_transfer_15	
TALK1.DAT	1001	327594	0x000501AA	7	54	1026	16383	talk_end	
TALK1.DAT	1002	327648	0x000501E0	13	70	1026	16383	talk_end	
TALK1.DAT	1003	327718	0x00050226	8	62	1026	16383	talk_end	
TALK1.DAT	1004	328288	0x00050460	7	54	1026	16383	talk_end	
TALK1.DAT	1005	328342	0x00050496	15	115	1026	15	control_transfer_15	
TALK1.DAT	1006	328506	0x0005053A	395	4650	1026	16383	talk_end	
TALK1.DAT	1007	334156	0x00051B4C	2	4	1026	16383	talk_end	
TALK1.DAT	1008	334160	0x00051B50	7	54	1026	16383	talk_end	
TALK1.DAT	1009	334214	0x00051B86	7	54	1026	16383	talk_end	
TALK1.DAT	1010	334268	0x00051BBC	7	54	1026	16383	talk_end	
TALK1.DAT	1011	334322	0x00051BF2	7	54	1026	16383	talk_end	
TALK1.DAT	1012	334376	0x00051C28	8	62	1026	16383	talk_end	
TALK1.DAT	1013	334524	0x00051CBC	7	54	1026	16383	talk_end	
TALK1.DAT	1014	334578	0x00051CF2	7	54	1026	16383	talk_end	
TALK1.DAT	1015	334632	0x00051D28	11	66	1026	16383	talk_end	
TALK1.DAT	1016	334698	0x00051D6A	11	66	1026	16383	talk_end	
TALK1.DAT	1017	334764	0x00051DAC	265	2521	1026	16383	talk_end	
TALK1.DAT	1018	337285	0x00052785	58	680	1026	16383	talk_end	
TALK1.DAT	1019	337965	0x00052A2D	7	54	1026	16383	talk_end	
TALK1.DAT	1020	338019	0x00052A63	278	3204	1026	16383	talk_end	
TALK1.DAT	1021	341223	0x000536E7	1	4	161	161	control_transfer_161	
TALK1.DAT	1022	341229	0x000536ED	280	2693	1026	16383	talk_end	
TALK1.DAT	1023	343922	0x00054172	193	3054	1026	16383	talk_end	
TALK1.DAT	1024	346976	0x00054D60	12	114	1026	16383	talk_end	
TALK1.DAT	1025	347254	0x00054E76	7	54	1026	16383	talk_end	
TALK1.DAT	1026	347308	0x00054EAC	15	115	1026	15	control_transfer_15	
TALK1.DAT	1027	347423	0x00054F1F	1	4	161	161	control_transfer_161	
TALK1.DAT	1028	347429	0x00054F25	8	62	1026	16383	talk_end	
TALK1.DAT	1029	348039	0x00055187	5	22	1026	16383	talk_end	
TALK1.DAT	1030	348061	0x0005519D	2	4	1026	16383	talk_end	
TALK1.DAT	1031	348065	0x000551A1	2	4	1026	16383	talk_end	
TALK1.DAT	1032	348069	0x000551A5	2	4	1026	16383	talk_end	
TALK1.DAT	1033	348073	0x000551A9	2	4	1026	16383	talk_end	
TALK1.DAT	1034	348077	0x000551AD	2	4	1026	16383	talk_end	
TALK1.DAT	1035	348081	0x000551B1	2	4	1026	16383	talk_end	
TALK1.DAT	1036	348085	0x000551B5	2	4	1026	16383	talk_end	
TALK1.DAT	1037	348089	0x000551B9	2	4	1026	16383	talk_end	
TALK1.DAT	1038	348093	0x000551BD	2	4	1026	16383	talk_end	
TALK1.DAT	1039	348097	0x000551C1	2	4	1026	16383	talk_end	
TALK1.DAT	1040	348101	0x000551C5	2	4	1026	16383	talk_end	
TALK1.DAT	1041	348105	0x000551C9	2	4	1026	16383	talk_end	
TALK1.DAT	1042	348109	0x000551CD	2	4	1026	16383	talk_end	
TALK1.DAT	1043	348113	0x000551D1	2	4	1026	16383	talk_end	
TALK1.DAT	1044	348117	0x000551D5	2	4	1026	16383	talk_end	
TALK1.DAT	1045	348121	0x000551D9	2	4	1026	16383	talk_end	
TALK1.DAT	1046	24789	0x000062D5	5	68	1026	16383	talk_end	
TALK1.DAT	1047	326884	0x0004FEE4	9	152	1026	16383	talk_end	
TALK1.DAT	1048	327036	0x0004FF7C	9	120	1026	16383	talk_end	
TALK1.DAT	1049	327156	0x0004FFF4	9	112	1026	16383	talk_end	
TALK1.DAT	1050	327268	0x00050064	5	120	1026	41	control_transfer_41	
TALK1.DAT	1051	233697	0x000392E1	11	88	1026	16383	talk_end	
TALK1.DAT	1052	233917	0x000393BD	11	84	1026	16383	talk_end	
TALK1.DAT	1053	234177	0x000394C1	11	86	1026	16383	talk_end	
TALK1.DAT	1054	234409	0x000395A9	11	98	1026	16383	talk_end	
TALK1.DAT	1055	220751	0x0003604F	2	4	1026	16383	talk_end	
TALK1.DAT	1056	234649	0x00039699	13	108	1026	16383	talk_end	
TALK1.DAT	1057	235975	0x00039BC7	1	4	161	161	control_transfer_161	
TALK1.DAT	1058	235979	0x00039BCB	1	4	161	161	control_transfer_161	
TALK1.DAT	1059	235963	0x00039BBB	1	4	161	161	control_transfer_161	
TALK1.DAT	1060	235967	0x00039BBF	1	4	161	161	control_transfer_161	
TALK1.DAT	1061	235971	0x00039BC3	1	4	161	161	control_transfer_161	
TALK1.DAT	1062	235983	0x00039BCF	2	4	1026	16383	talk_end	
TALK1.DAT	1063	235987	0x00039BD3	2	4	1026	16383	talk_end	
TALK1.DAT	1064	235991	0x00039BD7	4	46	91	16383	talk_end	
TALK1.DAT	1065	236037	0x00039C05	28	284	1026	16383	talk_end	
TALK1.DAT	1066	236321	0x00039D21	2	4	1026	16383	talk_end	
TALK1.DAT	1067	236325	0x00039D25	2	4	1026	16383	talk_end	
TALK1.DAT	1068	236329	0x00039D29	2	4	1026	16383	talk_end	
TALK1.DAT	1069	236333	0x00039D2D	2	4	1026	16383	talk_end	
TALK1.DAT	1070	236337	0x00039D31	2	4	1026	16383	talk_end	
TALK1.DAT	1071	236341	0x00039D35	2	4	1026	16383	talk_end	
TALK1.DAT	1072	236345	0x00039D39	2	4	1026	16383	talk_end	
TALK1.DAT	1073	236349	0x00039D3D	2	4	1026	16383	talk_end	
TALK1.DAT	1074	236353	0x00039D41	2	4	1026	16383	talk_end	
TALK1.DAT	1075	236357	0x00039D45	2	4	1026	16383	talk_end	
TALK1.DAT	1076	236361	0x00039D49	2	4	1026	16383	talk_end	
TALK1.DAT	1077	236365	0x00039D4D	2	4	1026	16383	talk_end	
TALK1.DAT	1078	236369	0x00039D51	2	4	1026	16383	talk_end	
TALK1.DAT	1079	236373	0x00039D55	2	4	1026	16383	talk_end	
TALK1.DAT	1080	236377	0x00039D59	2	4	1026	16383	talk_end	
TALK1.DAT	1081	236381	0x00039D5D	2	4	1026	16383	talk_end	
TALK1.DAT	1082	236385	0x00039D61	2	4	1026	16383	talk_end	
TALK1.DAT	1083	236389	0x00039D65	2	4	1026	16383	talk_end	
TALK1.DAT	1084	236393	0x00039D69	2	4	1026	16383	talk_end	
TALK1.DAT	1085	236397	0x00039D6D	2	4	1026	16383	talk_end	
TALK1.DAT	1086	236401	0x00039D71	2	4	1026	16383	talk_end	
TALK1.DAT	1087	236405	0x00039D75	2	4	1026	16383	talk_end	
TALK1.DAT	1088	236409	0x00039D79	2	4	1026	16383	talk_end	
TALK1.DAT	1089	236413	0x00039D7D	2	4	1026	16383	talk_end	
TALK1.DAT	1090	236417	0x00039D81	2	4	1026	16383	talk_end	
TALK1.DAT	1091	236421	0x00039D85	2	4	1026	16383	talk_end	
TALK1.DAT	1092	236425	0x00039D89	2	4	1026	16383	talk_end	
TALK1.DAT	1093	236429	0x00039D8D	2	4	1026	16383	talk_end	
TALK1.DAT	1094	236433	0x00039D91	2	4	1026	16383	talk_end	
TALK1.DAT	1095	236437	0x00039D95	2	4	1026	16383	talk_end	
TALK1.DAT	1096	236441	0x00039D99	2	4	1026	16383	talk_end	
TALK1.DAT	1097	236445	0x00039D9D	2	4	1026	16383	talk_end	
TALK1.DAT	1098	236449	0x00039DA1	2	4	1026	16383	talk_end	
TALK1.DAT	1099	236453	0x00039DA5	2	4	1026	16383	talk_end	
TALK1.DAT	1100	236457	0x00039DA9	2	4	1026	16383	talk_end	
TALK1.DAT	1101	356195	0x00057163	7	144	1026	16383	talk_end	
TALK1.DAT	1102	356339	0x000571F3	23	286	1026	16383	talk_end	
TALK1.DAT	1103	356625	0x00057311	174	2877	1026	16383	talk_end	
TALK1.DAT	1104	359682	0x00057F02	12	190	1026	16383	talk_end	
TALK1.DAT	1105	360012	0x0005804C	5	66	1026	16383	talk_end	
TALK1.DAT	1106	360078	0x0005808E	5	68	1026	16383	talk_end	
TALK1.DAT	1107	360146	0x000580D2	13	148	1026	16383	talk_end	
TALK1.DAT	1108	360988	0x0005841C	19	372	1026	41	control_transfer_41	
TALK1.DAT	1109	362204	0x000588DC	10	54	1026	16383	talk_end	
TALK1.DAT	1110	362258	0x00058912	32	388	1026	16383	talk_end	
TALK1.DAT	1111	365118	0x0005943E	4	12	1026	16383	talk_end	
TALK1.DAT	1112	365130	0x0005944A	7	122	1026	16383	talk_end	
TALK1.DAT	1113	365252	0x000594C4	11	254	1026	16383	talk_end	
TALK1.DAT	1114	365506	0x000595C2	11	262	1026	16383	talk_end	
TALK1.DAT	1115	365768	0x000596C8	9	188	1026	16383	talk_end	
TALK1.DAT	1116	365956	0x00059784	7	144	1026	16383	talk_end	
TALK1.DAT	1117	366100	0x00059814	9	196	1026	16383	talk_end	
TALK1.DAT	1118	366296	0x000598D8	5	42	1026	16383	talk_end	
TALK1.DAT	1119	366338	0x00059902	69	710	1026	16383	talk_end	
TALK1.DAT	1120	368698	0x0005A23A	4	40	1026	16383	talk_end	
TALK1.DAT	1121	368738	0x0005A262	4	40	1026	16383	talk_end	
TALK1.DAT	1122	368778	0x0005A28A	7	132	1026	16383	talk_end	
TALK1.DAT	1123	368910	0x0005A30E	7	142	1026	16383	talk_end	
TALK1.DAT	1124	369052	0x0005A39C	7	126	1026	16383	talk_end	
TALK1.DAT	1125	369178	0x0005A41A	7	130	1026	16383	talk_end	
TALK1.DAT	1126	369308	0x0005A49C	7	122	1026	16383	talk_end	
TALK1.DAT	1127	369430	0x0005A516	15	218	1026	16383	talk_end	
TALK1.DAT	1128	370842	0x0005AA9A	2	4	1026	16383	talk_end	
TALK1.DAT	1129	370846	0x0005AA9E	2	4	1026	16383	talk_end	
TALK1.DAT	1130	370850	0x0005AAA2	2	4	1026	16383	talk_end	
TALK1.DAT	1131	370854	0x0005AAA6	2	4	1026	16383	talk_end	
TALK1.DAT	1132	370858	0x0005AAAA	2	4	1026	16383	talk_end	
TALK1.DAT	1133	370862	0x0005AAAE	2	4	1026	16383	talk_end	
TALK1.DAT	1134	370866	0x0005AAB2	2	4	1026	16383	talk_end	
TALK1.DAT	1135	370870	0x0005AAB6	2	4	1026	16383	talk_end	
TALK1.DAT	1136	370874	0x0005AABA	2	4	1026	16383	talk_end	
TALK1.DAT	1137	370878	0x0005AABE	2	4	1026	16383	talk_end	
TALK1.DAT	1138	370882	0x0005AAC2	2	4	1026	16383	talk_end	
TALK1.DAT	1139	370886	0x0005AAC6	2	4	1026	16383	talk_end	
TALK1.DAT	1140	370890	0x0005AACA	2	4	1026	16383	talk_end	
TALK1.DAT	1141	370894	0x0005AACE	2	4	1026	16383	talk_end	
TALK1.DAT	1142	370898	0x0005AAD2	2	4	1026	16383	talk_end	
TALK1.DAT	1143	370902	0x0005AAD6	2	4	1026	16383	talk_end	
TALK1.DAT	1144	370906	0x0005AADA	2	4	1026	16383	talk_end	
TALK1.DAT	1145	370910	0x0005AADE	2	4	1026	16383	talk_end	
TALK1.DAT	1146	370914	0x0005AAE2	2	4	1026	16383	talk_end	
TALK1.DAT	1147	370918	0x0005AAE6	2	4	1026	16383	talk_end	
TALK1.DAT	1148	370922	0x0005AAEA	2	4	1026	16383	talk_end	
TALK1.DAT	1149	370926	0x0005AAEE	2	4	1026	16383	talk_end	
TALK1.DAT	1150	370930	0x0005AAF2	2	4	1026	16383	talk_end	
TALK1.DAT	1151	167247	0x00028F4F	13	79	126	16383	talk_end	
TALK1.DAT	1152	167326	0x00028F9E	12	65	1026	16383	talk_end	
TALK1.DAT	1153	167391	0x00028FDF	6	91	126	41	control_transfer_41	
TALK1.DAT	1154	167605	0x000290B5	13	79	126	16383	talk_end	
TALK1.DAT	1155	167684	0x00029104	2	4	1026	16383	talk_end	
TALK1.DAT	1156	167688	0x00029108	11	61	1026	16383	talk_end	
TALK1.DAT	1157	167749	0x00029145	11	61	1026	16383	talk_end	
TALK1.DAT	1158	167810	0x00029182	11	61	1026	16383	talk_end	
TALK1.DAT	1159	167871	0x000291BF	13	79	126	16383	talk_end	
TALK1.DAT	1160	167950	0x0002920E	13	79	126	16383	talk_end	
TALK1.DAT	1161	168029	0x0002925D	13	79	126	16383	talk_end	
TALK1.DAT	1162	168108	0x000292AC	13	79	126	16383	talk_end	
TALK1.DAT	1163	168187	0x000292FB	13	79	126	16383	talk_end	
TALK1.DAT	1164	168266	0x0002934A	13	79	126	16383	talk_end	
TALK1.DAT	1165	168345	0x00029399	13	79	126	16383	talk_end	
TALK1.DAT	1166	168424	0x000293E8	13	79	126	16383	talk_end	
TALK1.DAT	1167	168503	0x00029437	13	79	126	16383	talk_end	
TALK1.DAT	1168	168582	0x00029486	13	80	126	16383	talk_end	
TALK1.DAT	1169	168662	0x000294D6	13	79	126	16383	talk_end	
TALK1.DAT	1170	168741	0x00029525	13	79	126	16383	talk_end	
TALK1.DAT	1171	168820	0x00029574	13	79	126	16383	talk_end	
TALK1.DAT	1172	168899	0x000295C3	13	80	126	16383	talk_end	
TALK1.DAT	1173	168979	0x00029613	11	61	1026	16383	talk_end	
TALK1.DAT	1174	169040	0x00029650	13	79	126	16383	talk_end	
TALK1.DAT	1175	169119	0x0002969F	13	79	126	16383	talk_end	
TALK1.DAT	1176	169198	0x000296EE	13	79	126	16383	talk_end	
TALK1.DAT	1177	169277	0x0002973D	14	83	126	16383	talk_end	
TALK1.DAT	1178	169360	0x00029790	13	80	126	16383	talk_end	
TALK1.DAT	1179	169440	0x000297E0	13	79	126	16383	talk_end	
TALK1.DAT	1180	169519	0x0002982F	13	79	126	16383	talk_end	
TALK1.DAT	1181	169598	0x0002987E	11	61	1026	16383	talk_end	
TALK1.DAT	1182	169659	0x000298BB	13	79	126	16383	talk_end	
TALK1.DAT	1183	169738	0x0002990A	13	79	126	16383	talk_end	
TALK1.DAT	1184	169817	0x00029959	14	98	10	16383	talk_end	
TALK1.DAT	1185	169915	0x000299BB	13	80	126	16383	talk_end	
TALK1.DAT	1186	169995	0x00029A0B	11	62	1026	16383	talk_end	
TALK1.DAT	1187	170057	0x00029A49	13	79	126	16383	talk_end	
TALK1.DAT	1188	170136	0x00029A98	13	80	126	16383	talk_end	
TALK1.DAT	1189	170216	0x00029AE8	13	79	126	16383	talk_end	
TALK1.DAT	1190	170295	0x00029B37	13	79	126	16383	talk_end	
TALK1.DAT	1191	170374	0x00029B86	11	61	1026	16383	talk_end	
TALK1.DAT	1192	170435	0x00029BC3	11	61	1026	16383	talk_end	
TALK1.DAT	1193	170496	0x00029C00	6	28	1026	16383	talk_end	
TALK1.DAT	1194	170599	0x00029C67	2	4	1026	16383	talk_end	
TALK1.DAT	1195	170603	0x00029C6B	2	4	1026	16383	talk_end	
TALK1.DAT	1196	170607	0x00029C6F	2	4	1026	16383	talk_end	
TALK1.DAT	1197	170611	0x00029C73	2	4	1026	16383	talk_end	
TALK1.DAT	1198	170615	0x00029C77	2	4	1026	16383	talk_end	
TALK1.DAT	1199	170619	0x00029C7B	2	4	1026	16383	talk_end	
TALK1.DAT	1200	170623	0x00029C7F	2	4	1026	16383	talk_end	
TALK2.DAT	1	2804	0x00000CF4	14	167	1026	16383	talk_end	
TALK2.DAT	2	3425	0x00000F61	15	306	1026	16383	talk_end	
TALK2.DAT	3	4434	0x00001352	24	545	1026	16383	talk_end	
TALK2.DAT	4	5341	0x000016DD	16	96	1026	16383	talk_end	
TALK2.DAT	5	5547	0x000017AB	22	410	1026	16383	talk_end	
TALK2.DAT	6	6722	0x00001C42	22	449	1026	16383	talk_end	
TALK2.DAT	7	7857	0x000020B1	9	158	1026	16383	talk_end	
TALK2.DAT	8	8015	0x0000214F	20	381	1026	16383	talk_end	
TALK2.DAT	9	8978	0x00002512	19	291	1026	16383	talk_end	
TALK2.DAT	10	9763	0x00002823	8	40	1026	16383	talk_end	
TALK2.DAT	11	9803	0x0000284B	15	248	1026	16383	talk_end	
TALK2.DAT	12	10733	0x00002BED	16	259	1026	16383	talk_end	
TALK2.DAT	13	11568	0x00002F30	14	237	1026	16383	talk_end	
TALK2.DAT	14	12632	0x00003358	9	34	1026	16383	talk_end	
TALK2.DAT	15	12668	0x0000337C	19	268	1026	16383	talk_end	
TALK2.DAT	16	13100	0x0000352C	22	326	1026	16383	talk_end	
TALK2.DAT	17	13718	0x00003796	15	316	1026	16383	talk_end	
TALK2.DAT	18	14830	0x00003BEE	7	56	1026	16383	talk_end	
TALK2.DAT	19	14886	0x00003C26	18	371	1026	16383	talk_end	
TALK2.DAT	20	15685	0x00003F45	8	38	1026	16383	talk_end	
TALK2.DAT	21	15723	0x00003F6B	2	4	1026	16383	talk_end	
TALK2.DAT	22	15727	0x00003F6F	2	4	1026	16383	talk_end	
TALK2.DAT	23	15731	0x00003F73	12	94	1026	16383	talk_end	
TALK2.DAT	24	16199	0x00004147	15	266	1026	16383	talk_end	
TALK2.DAT	25	17205	0x00004535	26	496	1026	16383	talk_end	
TALK2.DAT	26	18228	0x00004934	2	4	1026	16383	talk_end	
TALK2.DAT	27	18232	0x00004938	2	4	1026	16383	talk_end	
TALK2.DAT	28	18236	0x0000493C	17	245	1026	16383	talk_end	
TALK2.DAT	29	19690	0x00004EEA	25	495	1026	16383	talk_end	
TALK2.DAT	30	20957	0x000053DD	126	1424	1026	16383	talk_end	
TALK2.DAT	31	22381	0x0000596D	15	223	1026	16383	talk_end	
TALK2.DAT	32	23478	0x00005DB6	17	314	1026	16383	talk_end	
TALK2.DAT	33	24705	0x00006281	15	184	1026	16383	talk_end	
TALK2.DAT	34	25541	0x000065C5	11	196	1026	16383	talk_end	
TALK2.DAT	35	26035	0x000067B3	15	202	1026	16383	talk_end	
TALK2.DAT	36	26501	0x00006985	11	114	1026	16383	talk_end	
TALK2.DAT	37	27881	0x00006EE9	13	69	1026	16383	talk_end	
TALK2.DAT	38	27950	0x00006F2E	11	198	1026	16383	talk_end	
TALK2.DAT	39	28414	0x000070FE	10	214	1026	16383	talk_end	
TALK2.DAT	40	28740	0x00007244	18	242	1026	15	control_transfer_15	
TALK2.DAT	41	29104	0x000073B0	45	310	1026	16383	talk_end	
TALK2.DAT	42	29414	0x000074E6	18	190	1026	16383	talk_end	
TALK2.DAT	43	29670	0x000075E6	11	90	1026	16383	talk_end	
TALK2.DAT	44	29980	0x0000771C	9	136	1026	16383	talk_end	
TALK2.DAT	45	30116	0x000077A4	9	184	1026	16383	talk_end	
TALK2.DAT	46	30300	0x0000785C	13	182	1026	41	control_transfer_41	
TALK2.DAT	47	30826	0x00007A6A	10	152	1026	16383	talk_end	
TALK2.DAT	48	31062	0x00007B56	8	76	1026	16383	talk_end	
TALK2.DAT	49	31400	0x00007CA8	80	1270	1026	16383	talk_end	
TALK2.DAT	50	33178	0x0000839A	6	82	1026	16383	talk_end	
TALK2.DAT	51	36135	0x00008F27	32	480	1026	16383	talk_end	
TALK2.DAT	52	36615	0x00009107	29	562	1026	16383	talk_end	
TALK2.DAT	53	37247	0x0000937F	25	151	1026	16383	talk_end	
TALK2.DAT	54	37398	0x00009416	12	82	1026	16383	talk_end	
TALK2.DAT	55	39944	0x00009E08	14	220	1026	16383	talk_end	
TALK2.DAT	56	41610	0x0000A48A	9	60	1026	16383	talk_end	
TALK2.DAT	57	41962	0x0000A5EA	13	266	1026	16383	talk_end	
TALK2.DAT	58	43474	0x0000ABD2	16	96	1026	16383	talk_end	
TALK2.DAT	59	43694	0x0000ACAE	10	68	1026	16383	talk_end	
TALK2.DAT	60	44764	0x0000B0DC	16	314	1026	16383	talk_end	
TALK2.DAT	61	45841	0x0000B511	16	96	1026	16383	talk_end	
TALK2.DAT	62	46059	0x0000B5EB	15	256	1026	16383	talk_end	
TALK2.DAT	63	46905	0x0000B939	15	408	1026	16383	talk_end	
TALK2.DAT	64	47671	0x0000BC37	10	68	1026	16383	talk_end	
TALK2.DAT	65	49017	0x0000C179	16	96	1026	16383	talk_end	
TALK2.DAT	66	49215	0x0000C23F	11	76	1026	16383	talk_end	
TALK2.DAT	67	49685	0x0000C415	20	382	1026	16383	talk_end	
TALK2.DAT	68	51575	0x0000CB77	2	4	1026	16383	talk_end	
TALK2.DAT	69	51579	0x0000CB7B	28	222	1026	16383	talk_end	
TALK2.DAT	70	52776	0x0000D028	485	6500	1026	16383	talk_end	
TALK2.DAT	71	59336	0x0000E9C8	800	9055	1026	16383	talk_end	
TALK2.DAT	72	68395	0x00010D2B	30	601	1026	16383	talk_end	
TALK2.DAT	73	69650	0x00011212	993	10617	1026	16383	talk_end	
TALK2.DAT	74	80267	0x00013B8B	47	976	1026	15	control_transfer_15	
TALK2.DAT	75	81413	0x00014005	272	2547	1026	16383	talk_end	
TALK2.DAT	76	83960	0x000149F8	266	3090	1026	16383	talk_end	
TALK2.DAT	77	87050	0x0001560A	606	8381	1026	16383	talk_end	
TALK2.DAT	78	95431	0x000176C7	253	3468	1026	16383	talk_end	
TALK2.DAT	79	98899	0x00018453	382	4273	1026	16383	talk_end	
TALK2.DAT	80	103176	0x00019508	18	90	1026	15	control_transfer_15	
TALK2.DAT	81	103871	0x000197BF	27	633	1026	16383	talk_end	
TALK2.DAT	82	105694	0x00019EDE	246	3061	1026	16383	talk_end	
TALK2.DAT	83	123986	0x0001E652	12	154	1026	41	control_transfer_41	
TALK2.DAT	84	126103	0x0001EE97	120	868	1026	16383	talk_end	
TALK2.DAT	85	132098	0x00020602	15	83	1026	16383	talk_end	
TALK2.DAT	86	132181	0x00020655	2	4	1026	16383	talk_end	
TALK2.DAT	87	132185	0x00020659	2	4	1026	16383	talk_end	
TALK2.DAT	88	132189	0x0002065D	2	4	1026	16383	talk_end	
TALK2.DAT	89	132193	0x00020661	2	4	1026	16383	talk_end	
TALK2.DAT	90	132197	0x00020665	2	4	1026	16383	talk_end	
TALK2.DAT	91	132201	0x00020669	2	4	1026	16383	talk_end	
TALK2.DAT	92	132205	0x0002066D	48	375	1026	16383	talk_end	
TALK2.DAT	93	135890	0x000214D2	85	728	1026	16383	talk_end	
TALK2.DAT	94	138943	0x000220BF	2	4	1026	16383	talk_end	
TALK2.DAT	95	138947	0x000220C3	2	4	1026	16383	talk_end	
TALK2.DAT	96	138951	0x000220C7	20	292	1026	16383	talk_end	
TALK2.DAT	97	141050	0x000228FA	19	332	1026	16383	talk_end	
TALK2.DAT	98	144950	0x00023836	2	4	1026	16383	talk_end	
TALK2.DAT	99	144954	0x0002383A	63	538	1026	16383	talk_end	
TALK2.DAT	100	149063	0x00024847	2	4	1026	16383	talk_end	
TALK2.DAT	101	156526	0x0002656E	4	80	1026	41	control_transfer_41	
TALK2.DAT	102	156863	0x000266BF	4	80	1026	41	control_transfer_41	
TALK2.DAT	103	157200	0x00026810	4	80	1026	41	control_transfer_41	
TALK2.DAT	104	157537	0x00026961	4	80	1026	41	control_transfer_41	
TALK2.DAT	105	157874	0x00026AB2	4	80	1026	41	control_transfer_41	
TALK2.DAT	106	158211	0x00026C03	4	80	1026	41	control_transfer_41	
TALK2.DAT	107	158548	0x00026D54	4	80	1026	41	control_transfer_41	
TALK2.DAT	108	158885	0x00026EA5	4	80	1026	41	control_transfer_41	
TALK2.DAT	109	159222	0x00026FF6	4	80	1026	41	control_transfer_41	
TALK2.DAT	110	159559	0x00027147	18	185	1026	41	control_transfer_41	
TALK2.DAT	111	160011	0x0002730B	4	80	1026	41	control_transfer_41	
TALK2.DAT	112	160348	0x0002745C	4	80	1026	41	control_transfer_41	
TALK2.DAT	113	160685	0x000275AD	4	80	1026	41	control_transfer_41	
TALK2.DAT	114	161022	0x000276FE	4	80	1026	41	control_transfer_41	
TALK2.DAT	115	161359	0x0002784F	4	80	1026	41	control_transfer_41	
TALK2.DAT	116	161696	0x000279A0	4	80	1026	41	control_transfer_41	
TALK2.DAT	117	162033	0x00027AF1	2	4	1026	16383	talk_end	
TALK2.DAT	118	162037	0x00027AF5	2	4	1026	16383	talk_end	
TALK2.DAT	119	162041	0x00027AF9	2	4	1026	16383	talk_end	
TALK2.DAT	120	162045	0x00027AFD	2	4	1026	16383	talk_end	
TALK2.DAT	121	162049	0x00027B01	2	4	1026	16383	talk_end	
TALK2.DAT	122	162053	0x00027B05	2	4	1026	16383	talk_end	
TALK2.DAT	123	162057	0x00027B09	2	4	1026	16383	talk_end	
TALK2.DAT	124	162061	0x00027B0D	2	4	1026	16383	talk_end	
TALK2.DAT	125	162065	0x00027B11	2	4	1026	16383	talk_end	
TALK2.DAT	126	162069	0x00027B15	2	4	1026	16383	talk_end	
TALK2.DAT	127	162073	0x00027B19	2	4	1026	16383	talk_end	
TALK2.DAT	128	162077	0x00027B1D	2	4	1026	16383	talk_end	
TALK2.DAT	129	162081	0x00027B21	2	4	1026	16383	talk_end	
TALK2.DAT	130	162085	0x00027B25	2	4	1026	16383	talk_end	
TALK2.DAT	131	162089	0x00027B29	2	4	1026	16383	talk_end	
TALK2.DAT	132	162093	0x00027B2D	2	4	1026	16383	talk_end	
TALK2.DAT	133	162097	0x00027B31	2	4	1026	16383	talk_end	
TALK2.DAT	134	162101	0x00027B35	2	4	1026	16383	talk_end	
TALK2.DAT	135	162105	0x00027B39	2	4	1026	16383	talk_end	
TALK2.DAT	136	162109	0x00027B3D	2	4	1026	16383	talk_end	
TALK2.DAT	137	162113	0x00027B41	2	4	1026	16383	talk_end	
TALK2.DAT	138	162117	0x00027B45	2	4	1026	16383	talk_end	
TALK2.DAT	139	162121	0x00027B49	2	4	1026	16383	talk_end	
TALK2.DAT	140	162125	0x00027B4D	2	4	1026	16383	talk_end	
TALK2.DAT	141	162129	0x00027B51	2	4	1026	16383	talk_end	
TALK2.DAT	142	162133	0x00027B55	2	4	1026	16383	talk_end	
TALK2.DAT	143	162137	0x00027B59	2	4	1026	16383	talk_end	
TALK2.DAT	144	162141	0x00027B5D	2	4	1026	16383	talk_end	
TALK2.DAT	145	162145	0x00027B61	2	4	1026	16383	talk_end	
TALK2.DAT	146	162149	0x00027B65	2	4	1026	16383	talk_end	
TALK2.DAT	147	162153	0x00027B69	2	4	1026	16383	talk_end	
TALK2.DAT	148	162157	0x00027B6D	2	4	1026	16383	talk_end	
TALK2.DAT	149	162161	0x00027B71	2	4	1026	16383	talk_end	
TALK2.DAT	150	162165	0x00027B75	2	4	1026	16383	talk_end	
TALK2.DAT	151	162169	0x00027B79	2	4	1026	16383	talk_end	
TALK2.DAT	152	162173	0x00027B7D	2	4	1026	16383	talk_end	
TALK2.DAT	153	162177	0x00027B81	2	4	1026	16383	talk_end	
TALK2.DAT	154	162181	0x00027B85	2	4	1026	16383	talk_end	
TALK2.DAT	155	162185	0x00027B89	2	4	1026	16383	talk_end	
TALK2.DAT	156	162189	0x00027B8D	2	4	1026	16383	talk_end	
TALK2.DAT	157	162193	0x00027B91	2	4	1026	16383	talk_end	
TALK2.DAT	158	162197	0x00027B95	2	4	1026	16383	talk_end	
TALK2.DAT	159	162201	0x00027B99	2	4	1026	16383	talk_end	
TALK2.DAT	160	162205	0x00027B9D	2	4	1026	16383	talk_end	
TALK2.DAT	161	162209	0x00027BA1	2	4	1026	16383	talk_end	
TALK2.DAT	162	162213	0x00027BA5	2	4	1026	16383	talk_end	
TALK2.DAT	163	162217	0x00027BA9	2	4	1026	16383	talk_end	
TALK2.DAT	164	162221	0x00027BAD	2	4	1026	16383	talk_end	
TALK2.DAT	165	162225	0x00027BB1	2	4	1026	16383	talk_end	
TALK2.DAT	166	162229	0x00027BB5	2	4	1026	16383	talk_end	
TALK2.DAT	167	162233	0x00027BB9	2	4	1026	16383	talk_end	
TALK2.DAT	168	162237	0x00027BBD	2	4	1026	16383	talk_end	
TALK2.DAT	169	162241	0x00027BC1	2	4	1026	16383	talk_end	
TALK2.DAT	170	162245	0x00027BC5	2	4	1026	16383	talk_end	
TALK2.DAT	171	162249	0x00027BC9	2	4	1026	16383	talk_end	
TALK2.DAT	172	162253	0x00027BCD	2	4	1026	16383	talk_end	
TALK2.DAT	173	162257	0x00027BD1	2	4	1026	16383	talk_end	
TALK2.DAT	174	162261	0x00027BD5	2	4	1026	16383	talk_end	
TALK2.DAT	175	162265	0x00027BD9	2	4	1026	16383	talk_end	
TALK2.DAT	176	162269	0x00027BDD	2	4	1026	16383	talk_end	
TALK2.DAT	177	162273	0x00027BE1	2	4	1026	16383	talk_end	
TALK2.DAT	178	162277	0x00027BE5	2	4	1026	16383	talk_end	
TALK2.DAT	179	162281	0x00027BE9	2	4	1026	16383	talk_end	
TALK2.DAT	180	162285	0x00027BED	2	4	1026	16383	talk_end	
TALK2.DAT	181	162289	0x00027BF1	2	4	1026	16383	talk_end	
TALK2.DAT	182	162293	0x00027BF5	2	4	1026	16383	talk_end	
TALK2.DAT	183	162297	0x00027BF9	2	4	1026	16383	talk_end	
TALK2.DAT	184	162301	0x00027BFD	2	4	1026	16383	talk_end	
TALK2.DAT	185	162305	0x00027C01	2	4	1026	16383	talk_end	
TALK2.DAT	186	162309	0x00027C05	2	4	1026	16383	talk_end	
TALK2.DAT	187	162313	0x00027C09	2	4	1026	16383	talk_end	
TALK2.DAT	188	162317	0x00027C0D	2	4	1026	16383	talk_end	
TALK2.DAT	189	162321	0x00027C11	2	4	1026	16383	talk_end	
TALK2.DAT	190	162325	0x00027C15	2	4	1026	16383	talk_end	
TALK2.DAT	191	162329	0x00027C19	2	4	1026	16383	talk_end	
TALK2.DAT	192	162333	0x00027C1D	2	4	1026	16383	talk_end	
TALK2.DAT	193	162337	0x00027C21	2	4	1026	16383	talk_end	
TALK2.DAT	194	162341	0x00027C25	2	4	1026	16383	talk_end	
TALK2.DAT	195	162345	0x00027C29	2	4	1026	16383	talk_end	
TALK2.DAT	196	162349	0x00027C2D	2	4	1026	16383	talk_end	
TALK2.DAT	197	162353	0x00027C31	2	4	1026	16383	talk_end	
TALK2.DAT	198	162357	0x00027C35	2	4	1026	16383	talk_end	
TALK2.DAT	199	162361	0x00027C39	2	4	1026	16383	talk_end	
TALK2.DAT	200	162365	0x00027C3D	2	4	1026	16383	talk_end	
TALK2.DAT	201	162369	0x00027C41	13	79	1026	16383	talk_end	
TALK2.DAT	202	162560	0x00027D00	13	79	1026	16383	talk_end	
TALK2.DAT	203	162639	0x00027D4F	13	80	1026	16383	talk_end	
TALK2.DAT	204	162719	0x00027D9F	13	79	1026	16383	talk_end	
TALK2.DAT	205	162798	0x00027DEE	13	79	1026	16383	talk_end	
TALK2.DAT	206	162877	0x00027E3D	13	79	1026	16383	talk_end	
TALK2.DAT	207	162956	0x00027E8C	13	79	1026	16383	talk_end	
TALK2.DAT	208	163035	0x00027EDB	13	79	1026	16383	talk_end	
TALK2.DAT	209	163114	0x00027F2A	13	79	1026	16383	talk_end	
TALK2.DAT	210	163193	0x00027F79	13	79	1026	16383	talk_end	
TALK2.DAT	211	163272	0x00027FC8	13	80	1026	16383	talk_end	
TALK2.DAT	212	163352	0x00028018	13	79	1026	16383	talk_end	
TALK2.DAT	213	163431	0x00028067	13	79	1026	16383	talk_end	
TALK2.DAT	214	163510	0x000280B6	13	79	1026	16383	talk_end	
TALK2.DAT	215	163589	0x00028105	13	80	1026	16383	talk_end	
TALK2.DAT	216	163669	0x00028155	13	79	1026	16383	talk_end	
TALK2.DAT	217	163748	0x000281A4	13	79	1026	16383	talk_end	
TALK2.DAT	218	163827	0x000281F3	14	93	1026	16383	talk_end	
TALK2.DAT	219	163920	0x00028250	14	93	1026	16383	talk_end	
TALK2.DAT	220	164013	0x000282AD	14	93	1026	16383	talk_end	
TALK2.DAT	221	164106	0x0002830A	2	4	1026	16383	talk_end	
TALK2.DAT	222	164110	0x0002830E	14	93	1026	16383	talk_end	
TALK2.DAT	223	164203	0x0002836B	13	79	1026	16383	talk_end	
TALK2.DAT	224	164282	0x000283BA	14	93	1026	16383	talk_end	
TALK2.DAT	225	164375	0x00028417	2	4	1026	16383	talk_end	
TALK2.DAT	226	164379	0x0002841B	13	79	1026	16383	talk_end	
TALK2.DAT	227	164458	0x0002846A	2	4	1026	16383	talk_end	
TALK2.DAT	228	164462	0x0002846E	13	79	1026	16383	talk_end	
TALK2.DAT	229	164541	0x000284BD	13	79	1026	16383	talk_end	
TALK2.DAT	230	164620	0x0002850C	13	79	1026	16383	talk_end	
TALK2.DAT	231	164699	0x0002855B	14	93	1026	16383	talk_end	
TALK2.DAT	232	164792	0x000285B8	14	93	1026	16383	talk_end	
TALK2.DAT	233	164885	0x00028615	14	93	1026	16383	talk_end	
TALK2.DAT	234	164978	0x00028672	13	88	1026	16383	talk_end	
TALK2.DAT	235	165066	0x000286CA	14	93	1026	16383	talk_end	
TALK2.DAT	236	165159	0x00028727	14	93	1026	16383	talk_end	
TALK2.DAT	237	165252	0x00028784	14	93	1026	16383	talk_end	
TALK2.DAT	238	165345	0x000287E1	14	93	1026	16383	talk_end	
TALK2.DAT	239	165438	0x0002883E	14	96	10	16383	talk_end	
TALK2.DAT	240	165534	0x0002889E	14	93	1026	16383	talk_end	
TALK2.DAT	241	165627	0x000288FB	14	93	1026	16383	talk_end	
TALK2.DAT	242	165720	0x00028958	14	93	1026	16383	talk_end	
TALK2.DAT	243	165813	0x000289B5	8	48	1026	16383	talk_end	
TALK2.DAT	244	165861	0x000289E5	14	93	1026	16383	talk_end	
TALK2.DAT	245	165954	0x00028A42	14	93	1026	16383	talk_end	
TALK2.DAT	246	166047	0x00028A9F	13	80	1026	16383	talk_end	
TALK2.DAT	247	166127	0x00028AEF	13	79	1026	16383	talk_end	
TALK2.DAT	248	166206	0x00028B3E	13	79	1026	16383	talk_end	
TALK2.DAT	249	166285	0x00028B8D	13	79	1026	16383	talk_end	
TALK2.DAT	250	166364	0x00028BDC	13	79	1026	16383	talk_end	
TALK2.DAT	251	166443	0x00028C2B	13	79	1026	16383	talk_end	
TALK2.DAT	252	166522	0x00028C7A	13	79	1026	16383	talk_end	
TALK2.DAT	253	166601	0x00028CC9	13	79	1026	16383	talk_end	
TALK2.DAT	254	166680	0x00028D18	14	93	1026	16383	talk_end	
TALK2.DAT	255	166773	0x00028D75	14	93	1026	16383	talk_end	
TALK2.DAT	256	166866	0x00028DD2	13	79	1026	16383	talk_end	
TALK2.DAT	257	166945	0x00028E21	13	79	1026	16383	talk_end	
TALK2.DAT	258	167024	0x00028E70	13	79	1026	16383	talk_end	
TALK2.DAT	259	167103	0x00028EBF	13	79	1026	16383	talk_end	
TALK2.DAT	260	167182	0x00028F0E	14	93	1026	16383	talk_end	
TALK2.DAT	261	167275	0x00028F6B	14	93	1026	16383	talk_end	
TALK2.DAT	262	167368	0x00028FC8	14	93	1026	16383	talk_end	
TALK2.DAT	263	167461	0x00029025	14	93	1026	16383	talk_end	
TALK2.DAT	264	167554	0x00029082	14	93	1026	16383	talk_end	
TALK2.DAT	265	167647	0x000290DF	14	93	1026	16383	talk_end	
TALK2.DAT	266	167740	0x0002913C	14	93	1026	16383	talk_end	
TALK2.DAT	267	167833	0x00029199	14	93	1026	16383	talk_end	
TALK2.DAT	268	167926	0x000291F6	13	79	1026	16383	talk_end	
TALK2.DAT	269	168005	0x00029245	14	93	1026	16383	talk_end	
TALK2.DAT	270	168098	0x000292A2	14	93	1026	16383	talk_end	
TALK2.DAT	271	168191	0x000292FF	14	93	1026	16383	talk_end	
TALK2.DAT	272	168284	0x0002935C	14	93	1026	16383	talk_end	
TALK2.DAT	273	168377	0x000293B9	14	93	1026	16383	talk_end	
TALK2.DAT	274	168470	0x00029416	11	61	1026	16383	talk_end	
TALK2.DAT	275	168531	0x00029453	11	61	1026	16383	talk_end	
TALK2.DAT	276	168592	0x00029490	11	61	1026	16383	talk_end	
TALK2.DAT	277	168653	0x000294CD	11	61	1026	16383	talk_end	
TALK2.DAT	278	168714	0x0002950A	11	61	1026	16383	talk_end	
TALK2.DAT	279	168775	0x00029547	11	61	1026	16383	talk_end	
TALK2.DAT	280	168836	0x00029584	11	61	1026	16383	talk_end	
TALK2.DAT	281	168897	0x000295C1	11	62	1026	16383	talk_end	
TALK2.DAT	282	168959	0x000295FF	11	61	1026	16383	talk_end	
TALK2.DAT	283	169020	0x0002963C	11	61	1026	16383	talk_end	
TALK2.DAT	284	169081	0x00029679	11	61	1026	16383	talk_end	
TALK2.DAT	285	169142	0x000296B6	11	61	1026	16383	talk_end	
TALK2.DAT	286	169203	0x000296F3	11	62	1026	16383	talk_end	
TALK2.DAT	287	169265	0x00029731	11	61	1026	16383	talk_end	
TALK2.DAT	288	169326	0x0002976E	4	22	126	16383	talk_end	
TALK2.DAT	289	169352	0x00029788	13	79	1026	16383	talk_end	
TALK2.DAT	290	169431	0x000297D7	5	131	126	41	control_transfer_41	
TALK2.DAT	291	169820	0x0002995C	13	79	1026	16383	talk_end	
TALK2.DAT	292	169899	0x000299AB	13	79	1026	16383	talk_end	
TALK2.DAT	293	169978	0x000299FA	2	4	1026	16383	talk_end	
TALK2.DAT	294	169982	0x000299FE	2	4	1026	16383	talk_end	
TALK2.DAT	295	169986	0x00029A02	11	61	1026	16383	talk_end	
TALK2.DAT	296	170047	0x00029A3F	5	123	1026	41	control_transfer_41	
TALK2.DAT	297	170426	0x00029BBA	11	61	1026	16383	talk_end	
TALK2.DAT	298	170487	0x00029BF7	11	61	1026	16383	talk_end	
TALK2.DAT	299	170548	0x00029C34	2	4	1026	16383	talk_end	
TALK2.DAT	300	170552	0x00029C38	2	4	1026	16383	talk_end	
TALK2.DAT	301	170556	0x00029C3C	15	113	1026	16383	talk_end	
TALK2.DAT	302	170669	0x00029CAD	28	238	1026	16383	talk_end	
TALK2.DAT	303	170907	0x00029D9B	17	149	1026	16383	talk_end	
TALK2.DAT	304	171368	0x00029F68	28	240	1026	16383	talk_end	
TALK2.DAT	305	171608	0x0002A058	121	959	1026	16383	talk_end	
TALK2.DAT	306	172696	0x0002A498	30	262	1026	16383	talk_end	
TALK2.DAT	307	173440	0x0002A780	41	323	1026	16383	talk_end	
TALK2.DAT	308	173763	0x0002A8C3	15	147	1026	16383	talk_end	
TALK2.DAT	309	173910	0x0002A956	15	127	1026	16383	talk_end	
TALK2.DAT	310	174037	0x0002A9D5	47	403	1026	16383	talk_end	
TALK2.DAT	311	174440	0x0002AB68	54	421	1026	16383	talk_end	
TALK2.DAT	312	174861	0x0002AD0D	41	377	1026	16383	talk_end	
TALK2.DAT	313	175238	0x0002AE86	67	623	1026	16383	talk_end	
TALK2.DAT	314	175861	0x0002B0F5	28	260	1026	16383	talk_end	
TALK2.DAT	315	176121	0x0002B1F9	15	187	1026	16383	talk_end	
TALK2.DAT	316	176308	0x0002B2B4	99	839	1026	16383	talk_end	
TALK2.DAT	317	177147	0x0002B5FB	2	20	1026	87	control_transfer_87	
TALK2.DAT	318	178564	0x0002BB84	199	1779	1026	16383	talk_end	
TALK2.DAT	319	180474	0x0002C2FA	28	216	1026	16383	talk_end	
TALK2.DAT	320	180690	0x0002C3D2	15	135	1026	16383	talk_end	
TALK2.DAT	321	180825	0x0002C459	93	717	1026	16383	talk_end	
TALK2.DAT	322	181542	0x0002C726	41	317	1026	16383	talk_end	
TALK2.DAT	323	181859	0x0002C863	43	355	1026	16383	talk_end	
TALK2.DAT	324	182440	0x0002CAA8	28	284	1026	16383	talk_end	
TALK2.DAT	325	182724	0x0002CBC4	60	468	1026	16383	talk_end	
TALK2.DAT	326	183192	0x0002CD98	28	252	1026	16383	talk_end	
TALK2.DAT	327	183444	0x0002CE94	54	466	1026	16383	talk_end	
TALK2.DAT	328	183910	0x0002D066	99	823	1026	16383	talk_end	
TALK2.DAT	329	184733	0x0002D39D	44	339	1026	16383	talk_end	
TALK2.DAT	330	185818	0x0002D7DA	41	359	1026	16383	talk_end	
TALK2.DAT	331	186177	0x0002D941	73	589	1026	16383	talk_end	
TALK2.DAT	332	186766	0x0002DB8E	15	133	1026	16383	talk_end	
TALK2.DAT	333	186899	0x0002DC13	45	403	1026	16383	talk_end	
TALK2.DAT	334	187302	0x0002DDA6	57	420	1026	16383	talk_end	
TALK2.DAT	335	188980	0x0002E434	16	113	1026	16383	talk_end	
TALK2.DAT	336	189322	0x0002E58A	2	4	1026	16383	talk_end	
TALK2.DAT	337	189326	0x0002E58E	2	4	1026	16383	talk_end	
TALK2.DAT	338	189330	0x0002E592	2	4	1026	16383	talk_end	
TALK2.DAT	339	189334	0x0002E596	2	4	1026	16383	talk_end	
TALK2.DAT	340	189338	0x0002E59A	2	4	1026	16383	talk_end	
TALK2.DAT	341	189342	0x0002E59E	2	4	1026	16383	talk_end	
TALK2.DAT	342	189346	0x0002E5A2	2	4	1026	16383	talk_end	
TALK2.DAT	343	189350	0x0002E5A6	2	4	1026	16383	talk_end	
TALK2.DAT	344	189354	0x0002E5AA	2	4	1026	16383	talk_end	
TALK2.DAT	345	189358	0x0002E5AE	2	4	1026	16383	talk_end	
TALK2.DAT	346	189362	0x0002E5B2	2	4	1026	16383	talk_end	
TALK2.DAT	347	189366	0x0002E5B6	2	4	1026	16383	talk_end	
TALK2.DAT	348	189370	0x0002E5BA	2	4	1026	16383	talk_end	
TALK2.DAT	349	189374	0x0002E5BE	2	4	1026	16383	talk_end	
TALK2.DAT	350	189378	0x0002E5C2	2	4	1026	16383	talk_end	
TALK2.DAT	351	189382	0x0002E5C6	2	4	1026	16383	talk_end	
TALK2.DAT	352	189386	0x0002E5CA	2	4	1026	16383	talk_end	
TALK2.DAT	353	189390	0x0002E5CE	2	4	1026	16383	talk_end	
TALK2.DAT	354	189394	0x0002E5D2	2	4	1026	16383	talk_end	
TALK2.DAT	355	189398	0x0002E5D6	2	4	1026	16383	talk_end	
TALK2.DAT	356	189402	0x0002E5DA	2	4	1026	16383	talk_end	
TALK2.DAT	357	189406	0x0002E5DE	2	4	1026	16383	talk_end	
TALK2.DAT	358	189410	0x0002E5E2	2	4	1026	16383	talk_end	
TALK2.DAT	359	189414	0x0002E5E6	2	4	1026	16383	talk_end	
TALK2.DAT	360	189418	0x0002E5EA	2	4	1026	16383	talk_end	
TALK2.DAT	361	189422	0x0002E5EE	2	4	1026	16383	talk_end	
TALK2.DAT	362	189426	0x0002E5F2	2	4	1026	16383	talk_end	
TALK2.DAT	363	189430	0x0002E5F6	2	4	1026	16383	talk_end	
TALK2.DAT	364	189434	0x0002E5FA	2	4	1026	16383	talk_end	
TALK2.DAT	365	189438	0x0002E5FE	2	4	1026	16383	talk_end	
TALK2.DAT	366	189442	0x0002E602	2	4	1026	16383	talk_end	
TALK2.DAT	367	189446	0x0002E606	2	4	1026	16383	talk_end	
TALK2.DAT	368	189450	0x0002E60A	2	4	1026	16383	talk_end	
TALK2.DAT	369	189454	0x0002E60E	2	4	1026	16383	talk_end	
TALK2.DAT	370	189458	0x0002E612	2	4	1026	16383	talk_end	
TALK2.DAT	371	189462	0x0002E616	2	4	1026	16383	talk_end	
TALK2.DAT	372	189466	0x0002E61A	2	4	1026	16383	talk_end	
TALK2.DAT	373	189470	0x0002E61E	2	4	1026	16383	talk_end	
TALK2.DAT	374	189474	0x0002E622	2	4	1026	16383	talk_end	
TALK2.DAT	375	189478	0x0002E626	2	4	1026	16383	talk_end	
TALK2.DAT	376	189482	0x0002E62A	2	4	1026	16383	talk_end	
TALK2.DAT	377	189486	0x0002E62E	2	4	1026	16383	talk_end	
TALK2.DAT	378	189490	0x0002E632	2	4	1026	16383	talk_end	
TALK2.DAT	379	189494	0x0002E636	2	4	1026	16383	talk_end	
TALK2.DAT	380	189498	0x0002E63A	2	4	1026	16383	talk_end	
TALK2.DAT	381	189502	0x0002E63E	2	4	1026	16383	talk_end	
TALK2.DAT	382	189506	0x0002E642	2	4	1026	16383	talk_end	
TALK2.DAT	383	189510	0x0002E646	2	4	1026	16383	talk_end	
TALK2.DAT	384	189514	0x0002E64A	2	4	1026	16383	talk_end	
TALK2.DAT	385	189518	0x0002E64E	2	4	1026	16383	talk_end	
TALK2.DAT	386	189522	0x0002E652	2	4	1026	16383	talk_end	
TALK2.DAT	387	189526	0x0002E656	2	4	1026	16383	talk_end	
TALK2.DAT	388	189530	0x0002E65A	2	4	1026	16383	talk_end	
TALK2.DAT	389	189534	0x0002E65E	2	4	1026	16383	talk_end	
TALK2.DAT	390	189538	0x0002E662	2	4	1026	16383	talk_end	
TALK2.DAT	391	189542	0x0002E666	2	4	1026	16383	talk_end	
TALK2.DAT	392	189546	0x0002E66A	2	4	1026	16383	talk_end	
TALK2.DAT	393	189550	0x0002E66E	2	4	1026	16383	talk_end	
TALK2.DAT	394	189554	0x0002E672	2	4	1026	16383	talk_end	
TALK2.DAT	395	189558	0x0002E676	2	4	1026	16383	talk_end	
TALK2.DAT	396	189562	0x0002E67A	2	4	1026	16383	talk_end	
TALK2.DAT	397	189566	0x0002E67E	2	4	1026	16383	talk_end	
TALK2.DAT	398	189570	0x0002E682	2	4	1026	16383	talk_end	
TALK2.DAT	399	189574	0x0002E686	23	156	1026	16383	talk_end	
TALK2.DAT	400	191810	0x0002EF42	22	148	1026	16383	talk_end	
TALK2.DAT	401	192668	0x0002F29C	59	880	1026	16383	talk_end	
TALK2.DAT	402	193656	0x0002F678	18	326	1026	16383	talk_end	
TALK2.DAT	403	194706	0x0002FA92	488	3548	1026	16383	talk_end	
TALK2.DAT	404	200478	0x0003111E	11	100	1026	16383	talk_end	
TALK2.DAT	405	200742	0x00031226	11	104	1026	16383	talk_end	
TALK2.DAT	406	201480	0x00031508	15	346	1026	16383	talk_end	
TALK2.DAT	407	202198	0x000317D6	14	136	1026	16383	talk_end	
TALK2.DAT	408	202906	0x00031A9A	170	1714	1026	16383	talk_end	
TALK2.DAT	409	205924	0x00032664	2	4	1026	16383	talk_end	
TALK2.DAT	410	205928	0x00032668	2	4	1026	16383	talk_end	
TALK2.DAT	411	205932	0x0003266C	2	4	1026	16383	talk_end	
TALK2.DAT	412	205936	0x00032670	2	4	1026	16383	talk_end	
TALK2.DAT	413	205940	0x00032674	2	4	1026	16383	talk_end	
TALK2.DAT	414	205944	0x00032678	2	4	1026	16383	talk_end	
TALK2.DAT	415	205948	0x0003267C	2	4	1026	16383	talk_end	
TALK2.DAT	416	205952	0x00032680	2	4	1026	16383	talk_end	
TALK2.DAT	417	205956	0x00032684	2	4	1026	16383	talk_end	
TALK2.DAT	418	205960	0x00032688	2	4	1026	16383	talk_end	
TALK2.DAT	419	205964	0x0003268C	2	4	1026	16383	talk_end	
TALK2.DAT	420	205968	0x00032690	2	4	1026	16383	talk_end	
TALK2.DAT	421	205972	0x00032694	2	4	1026	16383	talk_end	
TALK2.DAT	422	205976	0x00032698	2	4	1026	16383	talk_end	
TALK2.DAT	423	205980	0x0003269C	2	4	1026	16383	talk_end	
TALK2.DAT	424	205984	0x000326A0	2	4	1026	16383	talk_end	
TALK2.DAT	425	205988	0x000326A4	2	4	1026	16383	talk_end	
TALK2.DAT	426	205992	0x000326A8	2	4	1026	16383	talk_end	
TALK2.DAT	427	205996	0x000326AC	2	4	1026	16383	talk_end	
TALK2.DAT	428	206000	0x000326B0	2	4	1026	16383	talk_end	
TALK2.DAT	429	206004	0x000326B4	2	4	1026	16383	talk_end	
TALK2.DAT	430	206008	0x000326B8	2	4	1026	16383	talk_end	
TALK2.DAT	431	206012	0x000326BC	2	4	1026	16383	talk_end	
TALK2.DAT	432	206016	0x000326C0	2	4	1026	16383	talk_end	
TALK2.DAT	433	206020	0x000326C4	2	4	1026	16383	talk_end	
TALK2.DAT	434	206024	0x000326C8	2	4	1026	16383	talk_end	
TALK2.DAT	435	206028	0x000326CC	2	4	1026	16383	talk_end	
TALK2.DAT	436	206032	0x000326D0	2	4	1026	16383	talk_end	
TALK2.DAT	437	206036	0x000326D4	2	4	1026	16383	talk_end	
TALK2.DAT	438	206040	0x000326D8	2	4	1026	16383	talk_end	
TALK2.DAT	439	206044	0x000326DC	2	4	1026	16383	talk_end	
TALK2.DAT	440	206048	0x000326E0	2	4	1026	16383	talk_end	
TALK2.DAT	441	206052	0x000326E4	2	4	1026	16383	talk_end	
TALK2.DAT	442	206056	0x000326E8	2	4	1026	16383	talk_end	
TALK2.DAT	443	206060	0x000326EC	2	4	1026	16383	talk_end	
TALK2.DAT	444	206064	0x000326F0	2	4	1026	16383	talk_end	
TALK2.DAT	445	206068	0x000326F4	2	4	1026	16383	talk_end	
TALK2.DAT	446	206072	0x000326F8	2	4	1026	16383	talk_end	
TALK2.DAT	447	206076	0x000326FC	2	4	1026	16383	talk_end	
TALK2.DAT	448	206080	0x00032700	2	4	1026	16383	talk_end	
TALK2.DAT	449	206084	0x00032704	2	4	1026	16383	talk_end	
TALK2.DAT	450	206088	0x00032708	2	4	1026	16383	talk_end	
TALK2.DAT	451	206092	0x0003270C	2	4	1026	16383	talk_end	
TALK2.DAT	452	206096	0x00032710	2	4	1026	16383	talk_end	
TALK2.DAT	453	206100	0x00032714	2	4	1026	16383	talk_end	
TALK2.DAT	454	206104	0x00032718	2	4	1026	16383	talk_end	
TALK2.DAT	455	206108	0x0003271C	2	4	1026	16383	talk_end	
TALK2.DAT	456	206112	0x00032720	2	4	1026	16383	talk_end	
TALK2.DAT	457	206116	0x00032724	2	4	1026	16383	talk_end	
TALK2.DAT	458	206120	0x00032728	2	4	1026	16383	talk_end	
TALK2.DAT	459	206124	0x0003272C	2	4	1026	16383	talk_end	
TALK2.DAT	460	206128	0x00032730	2	4	1026	16383	talk_end	
TALK2.DAT	461	206132	0x00032734	2	4	1026	16383	talk_end	
TALK2.DAT	462	206136	0x00032738	2	4	1026	16383	talk_end	
TALK2.DAT	463	206140	0x0003273C	2	4	1026	16383	talk_end	
TALK2.DAT	464	206144	0x00032740	2	4	1026	16383	talk_end	
TALK2.DAT	465	206148	0x00032744	2	4	1026	16383	talk_end	
TALK2.DAT	466	206152	0x00032748	2	4	1026	16383	talk_end	
TALK2.DAT	467	206156	0x0003274C	2	4	1026	16383	talk_end	
TALK2.DAT	468	206160	0x00032750	2	4	1026	16383	talk_end	
TALK2.DAT	469	206164	0x00032754	2	4	1026	16383	talk_end	
TALK2.DAT	470	206168	0x00032758	2	4	1026	16383	talk_end	
TALK2.DAT	471	206172	0x0003275C	2	4	1026	16383	talk_end	
TALK2.DAT	472	206176	0x00032760	2	4	1026	16383	talk_end	
TALK2.DAT	473	206180	0x00032764	2	4	1026	16383	talk_end	
TALK2.DAT	474	206184	0x00032768	2	4	1026	16383	talk_end	
TALK2.DAT	475	206188	0x0003276C	2	4	1026	16383	talk_end	
TALK2.DAT	476	206192	0x00032770	2	4	1026	16383	talk_end	
TALK2.DAT	477	206196	0x00032774	2	4	1026	16383	talk_end	
TALK2.DAT	478	206200	0x00032778	2	4	1026	16383	talk_end	
TALK2.DAT	479	206204	0x0003277C	2	4	1026	16383	talk_end	
TALK2.DAT	480	206208	0x00032780	2	4	1026	16383	talk_end	
TALK2.DAT	481	206212	0x00032784	2	4	1026	16383	talk_end	
TALK2.DAT	482	206216	0x00032788	2	4	1026	16383	talk_end	
TALK2.DAT	483	206220	0x0003278C	2	4	1026	16383	talk_end	
TALK2.DAT	484	206224	0x00032790	2	4	1026	16383	talk_end	
TALK2.DAT	485	206228	0x00032794	2	4	1026	16383	talk_end	
TALK2.DAT	486	206232	0x00032798	2	4	1026	16383	talk_end	
TALK2.DAT	487	206236	0x0003279C	2	4	1026	16383	talk_end	
TALK2.DAT	488	206240	0x000327A0	2	4	1026	16383	talk_end	
TALK2.DAT	489	206244	0x000327A4	2	4	1026	16383	talk_end	
TALK2.DAT	490	206248	0x000327A8	2	4	1026	16383	talk_end	
TALK2.DAT	491	206252	0x000327AC	2	4	1026	16383	talk_end	
TALK2.DAT	492	206256	0x000327B0	2	4	1026	16383	talk_end	
TALK2.DAT	493	206260	0x000327B4	2	4	1026	16383	talk_end	
TALK2.DAT	494	206264	0x000327B8	2	4	1026	16383	talk_end	
TALK2.DAT	495	206268	0x000327BC	2	4	1026	16383	talk_end	
TALK2.DAT	496	206272	0x000327C0	2	4	1026	16383	talk_end	
TALK2.DAT	497	206276	0x000327C4	2	4	1026	16383	talk_end	
TALK2.DAT	498	206280	0x000327C8	2	4	1026	16383	talk_end	
TALK2.DAT	499	206284	0x000327CC	2	4	1026	16383	talk_end	
TALK2.DAT	500	206288	0x000327D0	2	4	1026	16383	talk_end	
TALK2.DAT	501	206292	0x000327D4	2	4	1026	16383	talk_end	
TALK2.DAT	502	206296	0x000327D8	2	4	1026	16383	talk_end	
TALK2.DAT	503	206300	0x000327DC	2	4	1026	16383	talk_end	
TALK2.DAT	504	206304	0x000327E0	2	4	1026	16383	talk_end	
TALK2.DAT	505	206308	0x000327E4	2	4	1026	16383	talk_end	
TALK2.DAT	506	206312	0x000327E8	2	4	1026	16383	talk_end	
TALK2.DAT	507	206316	0x000327EC	2	4	1026	16383	talk_end	
TALK2.DAT	508	206320	0x000327F0	2	4	1026	16383	talk_end	
TALK2.DAT	509	206324	0x000327F4	2	4	1026	16383	talk_end	
TALK2.DAT	510	206328	0x000327F8	2	4	1026	16383	talk_end	
TALK2.DAT	511	206332	0x000327FC	2	4	1026	16383	talk_end	
TALK2.DAT	512	206336	0x00032800	2	4	1026	16383	talk_end	
TALK2.DAT	513	206340	0x00032804	2	4	1026	16383	talk_end	
TALK2.DAT	514	206344	0x00032808	2	4	1026	16383	talk_end	
TALK2.DAT	515	206348	0x0003280C	2	4	1026	16383	talk_end	
TALK2.DAT	516	206352	0x00032810	2	4	1026	16383	talk_end	
TALK2.DAT	517	206356	0x00032814	2	4	1026	16383	talk_end	
TALK2.DAT	518	206360	0x00032818	2	4	1026	16383	talk_end	
TALK2.DAT	519	206364	0x0003281C	2	4	1026	16383	talk_end	
TALK2.DAT	520	206368	0x00032820	2	4	1026	16383	talk_end	
TALK2.DAT	521	206372	0x00032824	2	4	1026	16383	talk_end	
TALK2.DAT	522	206376	0x00032828	2	4	1026	16383	talk_end	
TALK2.DAT	523	206380	0x0003282C	2	4	1026	16383	talk_end	
TALK2.DAT	524	206384	0x00032830	2	4	1026	16383	talk_end	
TALK2.DAT	525	206388	0x00032834	2	4	1026	16383	talk_end	
TALK2.DAT	526	206392	0x00032838	2	4	1026	16383	talk_end	
TALK2.DAT	527	206396	0x0003283C	2	4	1026	16383	talk_end	
TALK2.DAT	528	206400	0x00032840	2	4	1026	16383	talk_end	
TALK2.DAT	529	206404	0x00032844	2	4	1026	16383	talk_end	
TALK2.DAT	530	206408	0x00032848	2	4	1026	16383	talk_end	
TALK2.DAT	531	206412	0x0003284C	2	4	1026	16383	talk_end	
TALK2.DAT	532	206416	0x00032850	2	4	1026	16383	talk_end	
TALK2.DAT	533	206420	0x00032854	2	4	1026	16383	talk_end	
TALK2.DAT	534	206424	0x00032858	2	4	1026	16383	talk_end	
TALK2.DAT	535	206428	0x0003285C	2	4	1026	16383	talk_end	
TALK2.DAT	536	206432	0x00032860	2	4	1026	16383	talk_end	
TALK2.DAT	537	206436	0x00032864	2	4	1026	16383	talk_end	
TALK2.DAT	538	206440	0x00032868	2	4	1026	16383	talk_end	
TALK2.DAT	539	206444	0x0003286C	2	4	1026	16383	talk_end	
TALK2.DAT	540	206448	0x00032870	2	4	1026	16383	talk_end	
TALK2.DAT	541	206452	0x00032874	2	4	1026	16383	talk_end	
TALK2.DAT	542	206456	0x00032878	2	4	1026	16383	talk_end	
TALK2.DAT	543	206460	0x0003287C	2	4	1026	16383	talk_end	
TALK2.DAT	544	206464	0x00032880	2	4	1026	16383	talk_end	
TALK2.DAT	545	206468	0x00032884	2	4	1026	16383	talk_end	
TALK2.DAT	546	206472	0x00032888	2	4	1026	16383	talk_end	
TALK2.DAT	547	206476	0x0003288C	2	4	1026	16383	talk_end	
TALK2.DAT	548	206480	0x00032890	2	4	1026	16383	talk_end	
TALK2.DAT	549	206484	0x00032894	2	4	1026	16383	talk_end	
TALK2.DAT	550	206488	0x00032898	2	4	1026	16383	talk_end	
TALK2.DAT	551	206492	0x0003289C	2	4	1026	16383	talk_end	
TALK2.DAT	552	206496	0x000328A0	2	4	1026	16383	talk_end	
TALK2.DAT	553	206500	0x000328A4	2	4	1026	16383	talk_end	
TALK2.DAT	554	206504	0x000328A8	2	4	1026	16383	talk_end	
TALK2.DAT	555	206508	0x000328AC	2	4	1026	16383	talk_end	
TALK2.DAT	556	206512	0x000328B0	2	4	1026	16383	talk_end	
TALK2.DAT	557	206516	0x000328B4	2	4	1026	16383	talk_end	
TALK2.DAT	558	206520	0x000328B8	2	4	1026	16383	talk_end	
TALK2.DAT	559	206524	0x000328BC	2	4	1026	16383	talk_end	
TALK2.DAT	560	206528	0x000328C0	2	4	1026	16383	talk_end	
TALK2.DAT	561	206532	0x000328C4	2	4	1026	16383	talk_end	
TALK2.DAT	562	206536	0x000328C8	2	4	1026	16383	talk_end	
TALK2.DAT	563	206540	0x000328CC	2	4	1026	16383	talk_end	
TALK2.DAT	564	206544	0x000328D0	2	4	1026	16383	talk_end	
TALK2.DAT	565	206548	0x000328D4	2	4	1026	16383	talk_end	
TALK2.DAT	566	206552	0x000328D8	2	4	1026	16383	talk_end	
TALK2.DAT	567	206556	0x000328DC	2	4	1026	16383	talk_end	
TALK2.DAT	568	206560	0x000328E0	2	4	1026	16383	talk_end	
TALK2.DAT	569	206564	0x000328E4	2	4	1026	16383	talk_end	
TALK2.DAT	570	206568	0x000328E8	2	4	1026	16383	talk_end	
TALK2.DAT	571	206572	0x000328EC	2	4	1026	16383	talk_end	
TALK2.DAT	572	206576	0x000328F0	2	4	1026	16383	talk_end	
TALK2.DAT	573	206580	0x000328F4	2	4	1026	16383	talk_end	
TALK2.DAT	574	206584	0x000328F8	2	4	1026	16383	talk_end	
TALK2.DAT	575	206588	0x000328FC	2	4	1026	16383	talk_end	
TALK2.DAT	576	206592	0x00032900	2	4	1026	16383	talk_end	
TALK2.DAT	577	206596	0x00032904	2	4	1026	16383	talk_end	
TALK2.DAT	578	206600	0x00032908	2	4	1026	16383	talk_end	
TALK2.DAT	579	206604	0x0003290C	2	4	1026	16383	talk_end	
TALK2.DAT	580	206608	0x00032910	2	4	1026	16383	talk_end	
TALK2.DAT	581	206612	0x00032914	2	4	1026	16383	talk_end	
TALK2.DAT	582	206616	0x00032918	2	4	1026	16383	talk_end	
TALK2.DAT	583	206620	0x0003291C	2	4	1026	16383	talk_end	
TALK2.DAT	584	206624	0x00032920	2	4	1026	16383	talk_end	
TALK2.DAT	585	206628	0x00032924	2	4	1026	16383	talk_end	
TALK2.DAT	586	206632	0x00032928	2	4	1026	16383	talk_end	
TALK2.DAT	587	206636	0x0003292C	2	4	1026	16383	talk_end	
TALK2.DAT	588	206640	0x00032930	2	4	1026	16383	talk_end	
TALK2.DAT	589	206644	0x00032934	2	4	1026	16383	talk_end	
TALK2.DAT	590	206648	0x00032938	2	4	1026	16383	talk_end	
TALK2.DAT	591	206652	0x0003293C	2	4	1026	16383	talk_end	
TALK2.DAT	592	206656	0x00032940	2	4	1026	16383	talk_end	
TALK2.DAT	593	206660	0x00032944	2	4	1026	16383	talk_end	
TALK2.DAT	594	206664	0x00032948	2	4	1026	16383	talk_end	
TALK2.DAT	595	206668	0x0003294C	2	4	1026	16383	talk_end	
TALK2.DAT	596	206672	0x00032950	2	4	1026	16383	talk_end	
TALK2.DAT	597	206676	0x00032954	2	4	1026	16383	talk_end	
TALK2.DAT	598	206680	0x00032958	2	4	1026	16383	talk_end	
TALK2.DAT	599	206684	0x0003295C	2	4	1026	16383	talk_end	
TALK2.DAT	600	206688	0x00032960	2	4	1026	16383	talk_end	
TALK2.DAT	601	206742	0x00032996	11	61	1026	16383	talk_end	
TALK2.DAT	602	206803	0x000329D3	11	61	1026	16383	talk_end	
TALK2.DAT	603	206864	0x00032A10	13	79	1026	16383	talk_end	
TALK2.DAT	604	206943	0x00032A5F	11	61	1026	16383	talk_end	
TALK2.DAT	605	207004	0x00032A9C	11	61	1026	16383	talk_end	
TALK2.DAT	606	207065	0x00032AD9	11	61	1026	16383	talk_end	
TALK2.DAT	607	207126	0x00032B16	11	61	1026	16383	talk_end	
TALK2.DAT	608	207187	0x00032B53	11	61	1026	16383	talk_end	
TALK2.DAT	609	207248	0x00032B90	11	61	1026	16383	talk_end	
TALK2.DAT	610	207309	0x00032BCD	11	61	1026	16383	talk_end	
TALK2.DAT	611	207370	0x00032C0A	11	61	1026	16383	talk_end	
TALK2.DAT	612	207431	0x00032C47	11	61	1026	16383	talk_end	
TALK2.DAT	613	207492	0x00032C84	2	4	1026	16383	talk_end	
TALK2.DAT	614	207496	0x00032C88	2	4	1026	16383	talk_end	
TALK2.DAT	615	207500	0x00032C8C	2	4	1026	16383	talk_end	
TALK2.DAT	616	207504	0x00032C90	2	4	1026	16383	talk_end	
TALK2.DAT	617	207508	0x00032C94	2	4	1026	16383	talk_end	
TALK2.DAT	618	207512	0x00032C98	2	4	1026	16383	talk_end	
TALK2.DAT	619	207516	0x00032C9C	2	4	1026	16383	talk_end	
TALK2.DAT	620	207520	0x00032CA0	2	4	1026	16383	talk_end	
TALK2.DAT	621	207524	0x00032CA4	11	61	1026	16383	talk_end	
TALK2.DAT	622	207585	0x00032CE1	11	61	1026	16383	talk_end	
TALK2.DAT	623	207646	0x00032D1E	11	61	1026	16383	talk_end	
TALK2.DAT	624	207707	0x00032D5B	13	79	1026	16383	talk_end	
TALK2.DAT	625	207786	0x00032DAA	13	79	1026	16383	talk_end	
TALK2.DAT	626	207865	0x00032DF9	11	61	1026	16383	talk_end	
TALK2.DAT	627	207926	0x00032E36	11	61	1026	16383	talk_end	
TALK2.DAT	628	207987	0x00032E73	11	61	1026	16383	talk_end	
TALK2.DAT	629	208048	0x00032EB0	11	61	1026	16383	talk_end	
TALK2.DAT	630	208109	0x00032EED	11	61	1026	16383	talk_end	
TALK2.DAT	631	208170	0x00032F2A	11	61	1026	16383	talk_end	
TALK2.DAT	632	208231	0x00032F67	11	61	1026	16383	talk_end	
TALK2.DAT	633	208292	0x00032FA4	13	79	1026	16383	talk_end	
TALK2.DAT	634	208371	0x00032FF3	11	61	1026	16383	talk_end	
TALK2.DAT	635	208432	0x00033030	2	4	1026	16383	talk_end	
TALK2.DAT	636	208436	0x00033034	2	4	1026	16383	talk_end	
TALK2.DAT	637	208440	0x00033038	2	4	1026	16383	talk_end	
TALK2.DAT	638	208444	0x0003303C	2	4	1026	16383	talk_end	
TALK2.DAT	639	208448	0x00033040	2	4	1026	16383	talk_end	
TALK2.DAT	640	208452	0x00033044	2	4	1026	16383	talk_end	
TALK2.DAT	641	208456	0x00033048	2	4	1026	16383	talk_end	
TALK2.DAT	642	208460	0x0003304C	2	4	1026	16383	talk_end	
TALK2.DAT	643	208464	0x00033050	2	4	1026	16383	talk_end	
TALK2.DAT	644	208468	0x00033054	2	4	1026	16383	talk_end	
TALK2.DAT	645	208472	0x00033058	2	4	1026	16383	talk_end	
TALK2.DAT	646	208476	0x0003305C	3	6	1026	16383	talk_end	
TALK2.DAT	647	208478	0x0003305E	2	4	1026	16383	talk_end	
TALK2.DAT	648	208482	0x00033062	2	4	1026	16383	talk_end	
TALK2.DAT	649	208486	0x00033066	2	4	1026	16383	talk_end	
TALK2.DAT	650	208490	0x0003306A	2	4	1026	16383	talk_end	
TALK2.DAT	651	208494	0x0003306E	2	4	1026	16383	talk_end	
TALK2.DAT	652	208498	0x00033072	2	4	1026	16383	talk_end	
TALK2.DAT	653	208502	0x00033076	3	6	1026	16383	talk_end	
TALK2.DAT	654	208504	0x00033078	2	4	1026	16383	talk_end	
TALK2.DAT	655	208508	0x0003307C	2	4	1026	16383	talk_end	
TALK2.DAT	656	208512	0x00033080	2	4	1026	16383	talk_end	
TALK2.DAT	657	208516	0x00033084	2	4	1026	16383	talk_end	
TALK2.DAT	658	208520	0x00033088	2	4	1026	16383	talk_end	
TALK2.DAT	659	208524	0x0003308C	2	4	1026	16383	talk_end	
TALK2.DAT	660	208528	0x00033090	2	4	1026	16383	talk_end	
TALK2.DAT	661	208532	0x00033094	2	4	1026	16383	talk_end	
TALK2.DAT	662	208536	0x00033098	2	4	1026	16383	talk_end	
TALK2.DAT	663	208540	0x0003309C	2	4	1026	16383	talk_end	
TALK2.DAT	664	208544	0x000330A0	2	4	1026	16383	talk_end	
TALK2.DAT	665	208548	0x000330A4	2	4	1026	16383	talk_end	
TALK2.DAT	666	208552	0x000330A8	2	4	1026	16383	talk_end	
TALK2.DAT	667	208556	0x000330AC	2	4	1026	16383	talk_end	
TALK2.DAT	668	208560	0x000330B0	2	4	1026	16383	talk_end	
TALK2.DAT	669	208564	0x000330B4	2	4	1026	16383	talk_end	
TALK2.DAT	670	208568	0x000330B8	2	4	1026	16383	talk_end	
TALK2.DAT	671	208572	0x000330BC	2	4	1026	16383	talk_end	
TALK2.DAT	672	208576	0x000330C0	2	4	1026	16383	talk_end	
TALK2.DAT	673	208580	0x000330C4	2	4	1026	16383	talk_end	
TALK2.DAT	674	208584	0x000330C8	2	4	1026	16383	talk_end	
TALK2.DAT	675	208588	0x000330CC	2	4	1026	16383	talk_end	
TALK2.DAT	676	208592	0x000330D0	3	6	1026	16383	talk_end	
TALK2.DAT	677	208594	0x000330D2	2	4	1026	16383	talk_end	
TALK2.DAT	678	208598	0x000330D6	2	4	1026	16383	talk_end	
TALK2.DAT	679	208602	0x000330DA	2	4	1026	16383	talk_end	
TALK2.DAT	680	208606	0x000330DE	2	4	1026	16383	talk_end	
TALK2.DAT	681	208610	0x000330E2	2	4	1026	16383	talk_end	
TALK2.DAT	682	208614	0x000330E6	2	4	1026	16383	talk_end	
TALK2.DAT	683	208618	0x000330EA	2	4	1026	16383	talk_end	
TALK2.DAT	684	208622	0x000330EE	2	4	1026	16383	talk_end	
TALK2.DAT	685	208626	0x000330F2	2	4	1026	16383	talk_end	
TALK2.DAT	686	208630	0x000330F6	2	4	1026	16383	talk_end	
TALK2.DAT	687	208634	0x000330FA	2	4	1026	16383	talk_end	
TALK2.DAT	688	208638	0x000330FE	2	4	1026	16383	talk_end	
TALK2.DAT	689	208642	0x00033102	2	4	1026	16383	talk_end	
TALK2.DAT	690	208646	0x00033106	2	4	1026	16383	talk_end	
TALK2.DAT	691	208650	0x0003310A	2	4	1026	16383	talk_end	
TALK2.DAT	692	208654	0x0003310E	2	4	1026	16383	talk_end	
TALK2.DAT	693	208658	0x00033112	2	4	1026	16383	talk_end	
TALK2.DAT	694	208662	0x00033116	2	4	1026	16383	talk_end	
TALK2.DAT	695	208666	0x0003311A	2	4	1026	16383	talk_end	
TALK2.DAT	696	208670	0x0003311E	2	4	1026	16383	talk_end	
TALK2.DAT	697	208674	0x00033122	2	4	1026	16383	talk_end	
TALK2.DAT	698	208678	0x00033126	2	4	1026	16383	talk_end	
TALK2.DAT	699	208682	0x0003312A	2	4	1026	16383	talk_end	
TALK2.DAT	700	208686	0x0003312E	2	4	1026	16383	talk_end	
TALK3.DAT	1	202650	0x0003199A	9	80	1026	16383	talk_end	
TALK3.DAT	2	202730	0x000319EA	23	184	1026	16383	talk_end	
TALK3.DAT	3	202914	0x00031AA2	64	940	1026	16383	talk_end	
TALK3.DAT	4	203854	0x00031E4E	10	68	1026	16383	talk_end	
TALK3.DAT	5	203922	0x00031E92	12	86	1026	15	control_transfer_15	
TALK3.DAT	6	9236	0x00002614	218	2484	1026	16383	talk_end	
TALK3.DAT	7	11814	0x00003026	10	68	1026	16383	talk_end	
TALK3.DAT	8	11936	0x000030A0	9	64	1026	16383	talk_end	
TALK3.DAT	9	12064	0x00003120	8	62	1026	16383	talk_end	
TALK3.DAT	10	12180	0x00003194	8	62	1026	16383	talk_end	
TALK3.DAT	11	12296	0x00003208	8	62	1026	16383	talk_end	
TALK3.DAT	12	86801	0x00015511	7	54	1026	16383	talk_end	
TALK3.DAT	13	86855	0x00015547	7	54	1026	16383	talk_end	
TALK3.DAT	14	86909	0x0001557D	7	54	1026	16383	talk_end	
TALK3.DAT	15	86963	0x000155B3	834	9816	1026	16383	talk_end	
TALK3.DAT	16	96797	0x00017C1D	11	76	1026	16383	talk_end	
TALK3.DAT	17	96889	0x00017C79	435	5842	1026	16383	talk_end	
TALK3.DAT	18	12412	0x0000327C	8	62	1026	16383	talk_end	
TALK3.DAT	19	12576	0x00003320	8	62	1026	16383	talk_end	
TALK3.DAT	20	12740	0x000033C4	8	62	1026	16383	talk_end	
TALK3.DAT	21	33470	0x000084BE	11	76	1026	16383	talk_end	
TALK3.DAT	22	33624	0x00008558	8	58	1026	16383	talk_end	
TALK3.DAT	23	33682	0x00008592	7	54	1026	16383	talk_end	
TALK3.DAT	24	33736	0x000085C8	15	130	1026	16383	talk_end	
TALK3.DAT	25	33920	0x00008680	8	62	1026	16383	talk_end	
TALK3.DAT	26	34036	0x000086F4	8	62	1026	16383	talk_end	
TALK3.DAT	27	34542	0x000088EE	96	1064	1026	16383	talk_end	
TALK3.DAT	28	35606	0x00008D16	658	8293	1026	16383	talk_end	
TALK3.DAT	29	43899	0x0000AD7B	14	86	1026	16383	talk_end	
TALK3.DAT	30	43985	0x0000ADD1	18	112	1026	16383	talk_end	
TALK3.DAT	31	44097	0x0000AE41	17	108	1026	16383	talk_end	
TALK3.DAT	32	44205	0x0000AEAD	350	3837	1026	16383	talk_end	
TALK3.DAT	33	48042	0x0000BDAA	338	3878	1026	16383	talk_end	
TALK3.DAT	34	51920	0x0000CCD0	1359	15880	1026	16383	talk_end	
TALK3.DAT	35	75797	0x00012A15	846	10894	1026	16383	talk_end	
TALK3.DAT	36	86691	0x000154A3	5	52	1026	16383	talk_end	
TALK3.DAT	37	12904	0x00003468	4	20	1026	16383	talk_end	
TALK3.DAT	38	25418	0x0000654A	8	62	1026	16383	talk_end	
TALK3.DAT	39	25534	0x000065BE	7	54	1026	16383	talk_end	
TALK3.DAT	40	25588	0x000065F4	7	54	1026	16383	talk_end	
TALK3.DAT	41	25642	0x0000662A	8	62	1026	16383	talk_end	
TALK3.DAT	42	25758	0x0000669E	23	152	1026	16383	talk_end	
TALK3.DAT	43	25992	0x00006788	7	60	1026	15	control_transfer_15	
TALK3.DAT	44	26114	0x00006802	17	132	1026	16383	talk_end	
TALK3.DAT	45	26352	0x000068F0	7	60	1026	15	control_transfer_15	
TALK3.DAT	46	205404	0x0003245C	2	4	1026	16383	talk_end	
TALK3.DAT	47	205408	0x00032460	7	60	1026	15	control_transfer_15	
TALK3.DAT	48	205530	0x000324DA	8	62	1026	16383	talk_end	
TALK3.DAT	49	205646	0x0003254E	78	934	1026	16383	talk_end	
TALK3.DAT	50	209552	0x00033490	130	1313	1026	16383	talk_end	
TALK3.DAT	51	102731	0x0001934B	7	54	1026	16383	talk_end	
TALK3.DAT	52	102785	0x00019381	7	54	1026	16383	talk_end	
TALK3.DAT	53	102839	0x000193B7	7	54	1026	16383	talk_end	
TALK3.DAT	54	102893	0x000193ED	7	54	1026	16383	talk_end	
TALK3.DAT	55	102947	0x00019423	7	54	1026	16383	talk_end	
TALK3.DAT	56	103001	0x00019459	7	54	1026	16383	talk_end	
TALK3.DAT	57	103055	0x0001948F	7	54	1026	16383	talk_end	
TALK3.DAT	58	103109	0x000194C5	7	54	1026	16383	talk_end	
TALK3.DAT	59	103163	0x000194FB	7	54	1026	16383	talk_end	
TALK3.DAT	60	103217	0x00019531	7	54	1026	16383	talk_end	
TALK3.DAT	61	103271	0x00019567	7	54	1026	16383	talk_end	
TALK3.DAT	62	103325	0x0001959D	7	54	1026	16383	talk_end	
TALK3.DAT	63	103379	0x000195D3	7	54	1026	16383	talk_end	
TALK3.DAT	64	103433	0x00019609	7	54	1026	16383	talk_end	
TALK3.DAT	65	103487	0x0001963F	7	54	1026	16383	talk_end	
TALK3.DAT	66	103541	0x00019675	7	54	1026	16383	talk_end	
TALK3.DAT	67	103595	0x000196AB	7	54	1026	16383	talk_end	
TALK3.DAT	68	103649	0x000196E1	7	54	1026	16383	talk_end	
TALK3.DAT	69	103703	0x00019717	7	54	1026	16383	talk_end	
TALK3.DAT	70	103757	0x0001974D	7	54	1026	16383	talk_end	
TALK3.DAT	71	103811	0x00019783	2	4	1026	16383	talk_end	
TALK3.DAT	72	103815	0x00019787	2	4	1026	16383	talk_end	
TALK3.DAT	73	103819	0x0001978B	9	94	1026	16383	talk_end	
TALK3.DAT	74	103913	0x000197E9	2	4	1026	16383	talk_end	
TALK3.DAT	75	103917	0x000197ED	2	4	1026	16383	talk_end	
TALK3.DAT	76	103921	0x000197F1	2	4	1026	16383	talk_end	
TALK3.DAT	77	103925	0x000197F5	2	4	1026	16383	talk_end	
TALK3.DAT	78	103929	0x000197F9	2	4	1026	16383	talk_end	
TALK3.DAT	79	103933	0x000197FD	2	4	1026	16383	talk_end	
TALK3.DAT	80	103937	0x00019801	2	4	1026	16383	talk_end	
TALK3.DAT	81	103941	0x00019805	10	76	1026	16383	talk_end	
TALK3.DAT	82	104017	0x00019851	7	54	1026	16383	talk_end	
TALK3.DAT	83	104071	0x00019887	7	54	1026	16383	talk_end	
TALK3.DAT	84	104125	0x000198BD	7	54	1026	16383	talk_end	
TALK3.DAT	85	104179	0x000198F3	7	54	1026	16383	talk_end	
TALK3.DAT	86	104233	0x00019929	7	54	1026	16383	talk_end	
TALK3.DAT	87	104287	0x0001995F	2	4	1026	16383	talk_end	
TALK3.DAT	88	104291	0x00019963	9	44	1026	16383	talk_end	
TALK3.DAT	89	86743	0x000154D7	5	58	1026	16383	talk_end	
TALK3.DAT	90	26474	0x0000696A	234	3378	1026	16383	talk_end	
TALK3.DAT	91	104335	0x0001998F	7	54	1026	16383	talk_end	
TALK3.DAT	92	104389	0x000199C5	13	102	1026	16383	talk_end	
TALK3.DAT	93	104491	0x00019A2B	13	102	1026	16383	talk_end	
TALK3.DAT	94	104593	0x00019A91	13	102	1026	16383	talk_end	
TALK3.DAT	95	104695	0x00019AF7	13	102	1026	16383	talk_end	
TALK3.DAT	96	104797	0x00019B5D	115	1524	1026	16383	talk_end	
TALK3.DAT	97	106321	0x0001A151	199	2627	1026	16383	talk_end	
TALK3.DAT	98	108948	0x0001AB94	179	2453	1026	16383	talk_end	
TALK3.DAT	99	111401	0x0001B529	182	2436	1026	16383	talk_end	
TALK3.DAT	100	113837	0x0001BEAD	2	4	1026	16383	talk_end	
TALK3.DAT	123	8126	0x000021BE	17	292	1026	16383	talk_end	
TALK3.DAT	124	8418	0x000022E2	6	50	1026	16383	talk_end	
TALK3.DAT	125	8468	0x00002314	11	202	1026	16383	talk_end	
TALK3.DAT	126	8670	0x000023DE	11	134	1026	16383	talk_end	
TALK3.DAT	127	8804	0x00002464	7	140	1026	16383	talk_end	
TALK3.DAT	128	8944	0x000024F0	2	4	1026	16383	talk_end	
TALK3.DAT	129	8948	0x000024F4	2	4	1026	16383	talk_end	
TALK3.DAT	130	8952	0x000024F8	2	4	1026	16383	talk_end	
TALK3.DAT	131	8956	0x000024FC	2	4	1026	16383	talk_end	
TALK3.DAT	132	8960	0x00002500	2	4	1026	16383	talk_end	
TALK3.DAT	133	8964	0x00002504	2	4	1026	16383	talk_end	
TALK3.DAT	134	8968	0x00002508	2	4	1026	16383	talk_end	
TALK3.DAT	135	8972	0x0000250C	2	4	1026	16383	talk_end	
TALK3.DAT	136	8976	0x00002510	2	4	1026	16383	talk_end	
TALK3.DAT	137	8980	0x00002514	2	4	1026	16383	talk_end	
TALK3.DAT	138	8984	0x00002518	2	4	1026	16383	talk_end	
TALK3.DAT	139	8988	0x0000251C	2	4	1026	16383	talk_end	
TALK3.DAT	140	8992	0x00002520	2	4	1026	16383	talk_end	
TALK3.DAT	141	8996	0x00002524	2	4	1026	16383	talk_end	
TALK3.DAT	142	9000	0x00002528	2	4	1026	16383	talk_end	
TALK3.DAT	143	9004	0x0000252C	2	4	1026	16383	talk_end	
TALK3.DAT	144	9008	0x00002530	2	4	1026	16383	talk_end	
TALK3.DAT	145	9012	0x00002534	2	4	1026	16383	talk_end	
TALK3.DAT	146	9016	0x00002538	2	4	1026	16383	talk_end	
TALK3.DAT	147	9020	0x0000253C	2	4	1026	16383	talk_end	
TALK3.DAT	148	9024	0x00002540	2	4	1026	16383	talk_end	
TALK3.DAT	149	9028	0x00002544	2	4	1026	16383	talk_end	
TALK3.DAT	150	9032	0x00002548	2	4	1026	16383	talk_end	
TALK3.DAT	151	9036	0x0000254C	2	4	1026	16383	talk_end	
TALK3.DAT	152	9040	0x00002550	2	4	1026	16383	talk_end	
TALK3.DAT	153	9044	0x00002554	2	4	1026	16383	talk_end	
TALK3.DAT	154	9048	0x00002558	2	4	1026	16383	talk_end	
TALK3.DAT	155	9052	0x0000255C	2	4	1026	16383	talk_end	
TALK3.DAT	156	9056	0x00002560	2	4	1026	16383	talk_end	
TALK3.DAT	157	9060	0x00002564	2	4	1026	16383	talk_end	
TALK3.DAT	158	9064	0x00002568	2	4	1026	16383	talk_end	
TALK3.DAT	159	9068	0x0000256C	2	4	1026	16383	talk_end	
TALK3.DAT	160	9072	0x00002570	2	4	1026	16383	talk_end	
TALK3.DAT	161	9076	0x00002574	2	4	1026	16383	talk_end	
TALK3.DAT	162	9080	0x00002578	2	4	1026	16383	talk_end	
TALK3.DAT	163	9084	0x0000257C	2	4	1026	16383	talk_end	
TALK3.DAT	164	9088	0x00002580	2	4	1026	16383	talk_end	
TALK3.DAT	165	9092	0x00002584	2	4	1026	16383	talk_end	
TALK3.DAT	166	9096	0x00002588	2	4	1026	16383	talk_end	
TALK3.DAT	167	9100	0x0000258C	2	4	1026	16383	talk_end	
TALK3.DAT	168	9104	0x00002590	2	4	1026	16383	talk_end	
TALK3.DAT	169	9108	0x00002594	2	4	1026	16383	talk_end	
TALK3.DAT	170	9112	0x00002598	2	4	1026	16383	talk_end	
TALK3.DAT	171	9116	0x0000259C	2	4	1026	16383	talk_end	
TALK3.DAT	172	9120	0x000025A0	2	4	1026	16383	talk_end	
TALK3.DAT	173	9124	0x000025A4	2	4	1026	16383	talk_end	
TALK3.DAT	174	9128	0x000025A8	2	4	1026	16383	talk_end	
TALK3.DAT	175	9132	0x000025AC	2	4	1026	16383	talk_end	
TALK3.DAT	176	9136	0x000025B0	2	4	1026	16383	talk_end	
TALK3.DAT	177	9140	0x000025B4	2	4	1026	16383	talk_end	
TALK3.DAT	178	9144	0x000025B8	2	4	1026	16383	talk_end	
TALK3.DAT	179	9148	0x000025BC	2	4	1026	16383	talk_end	
TALK3.DAT	180	9152	0x000025C0	2	4	1026	16383	talk_end	
TALK3.DAT	181	9156	0x000025C4	2	4	1026	16383	talk_end	
TALK3.DAT	182	9160	0x000025C8	2	4	1026	16383	talk_end	
TALK3.DAT	183	9164	0x000025CC	2	4	1026	16383	talk_end	
TALK3.DAT	184	9168	0x000025D0	2	4	1026	16383	talk_end	
TALK3.DAT	185	9172	0x000025D4	2	4	1026	16383	talk_end	
TALK3.DAT	186	9176	0x000025D8	2	4	1026	16383	talk_end	
TALK3.DAT	187	9180	0x000025DC	2	4	1026	16383	talk_end	
TALK3.DAT	188	9184	0x000025E0	2	4	1026	16383	talk_end	
TALK3.DAT	189	9188	0x000025E4	2	4	1026	16383	talk_end	
TALK3.DAT	190	9192	0x000025E8	2	4	1026	16383	talk_end	
TALK3.DAT	191	9196	0x000025EC	2	4	1026	16383	talk_end	
TALK3.DAT	192	9200	0x000025F0	2	4	1026	16383	talk_end	
TALK3.DAT	193	9204	0x000025F4	2	4	1026	16383	talk_end	
TALK3.DAT	194	9208	0x000025F8	2	4	1026	16383	talk_end	
TALK3.DAT	195	9212	0x000025FC	2	4	1026	16383	talk_end	
TALK3.DAT	196	9216	0x00002600	2	4	1026	16383	talk_end	
TALK3.DAT	197	9220	0x00002604	2	4	1026	16383	talk_end	
TALK3.DAT	198	9224	0x00002608	2	4	1026	16383	talk_end	
TALK3.DAT	199	9228	0x0000260C	2	4	1026	16383	talk_end	
TALK3.DAT	200	9232	0x00002610	2	4	1026	16383	talk_end	
TALK3.DAT	201	114636	0x0001C1CC	167	1660	1026	16383	talk_end	
TALK3.DAT	202	117621	0x0001CD75	12	84	1026	16383	talk_end	
TALK3.DAT	203	117771	0x0001CE0B	8	62	1026	16383	talk_end	
TALK3.DAT	204	117887	0x0001CE7F	7	54	1026	16383	talk_end	
TALK3.DAT	205	117941	0x0001CEB5	7	54	1026	16383	talk_end	
TALK3.DAT	206	117995	0x0001CEEB	168	1923	1026	16383	talk_end	
TALK3.DAT	207	119918	0x0001D66E	7	54	1026	16383	talk_end	
TALK3.DAT	208	119972	0x0001D6A4	9	102	1026	16383	talk_end	
TALK3.DAT	209	120080	0x0001D710	9	136	1026	16383	talk_end	
TALK3.DAT	210	120272	0x0001D7D0	208	3171	1026	16383	talk_end	
TALK3.DAT	211	120450	0x0001D882	187	2993	1026	16383	talk_end	
TALK3.DAT	212	123443	0x0001E433	464	5338	1026	15	control_transfer_15	
TALK3.DAT	213	138853	0x00022065	2	4	1026	16383	talk_end	
TALK3.DAT	214	138857	0x00022069	2	4	1026	16383	talk_end	
TALK3.DAT	215	138861	0x0002206D	2	4	1026	16383	talk_end	
TALK3.DAT	216	138865	0x00022071	5	54	1026	16383	talk_end	
TALK3.DAT	217	138919	0x000220A7	5	78	1026	16383	talk_end	
TALK3.DAT	218	138997	0x000220F5	5	80	1026	16383	talk_end	
TALK3.DAT	219	139077	0x00022145	5	78	1026	16383	talk_end	
TALK3.DAT	220	139155	0x00022193	7	140	1026	16383	talk_end	
TALK3.DAT	221	139295	0x0002221F	6	92	1026	16383	talk_end	
TALK3.DAT	222	139467	0x000222CB	68	790	1026	16383	talk_end	
TALK3.DAT	223	140257	0x000225E1	5	72	1026	16383	talk_end	
TALK3.DAT	224	140329	0x00022629	2	4	1026	16383	talk_end	
TALK3.DAT	225	140333	0x0002262D	2	4	1026	16383	talk_end	
TALK3.DAT	226	140337	0x00022631	2	4	1026	16383	talk_end	
TALK3.DAT	227	140341	0x00022635	2	4	1026	16383	talk_end	
TALK3.DAT	228	140345	0x00022639	2	4	1026	16383	talk_end	
TALK3.DAT	229	140349	0x0002263D	2	4	1026	16383	talk_end	
TALK3.DAT	230	140353	0x00022641	2	4	1026	16383	talk_end	
TALK3.DAT	231	140357	0x00022645	2	4	1026	16383	talk_end	
TALK3.DAT	232	140361	0x00022649	2	4	1026	16383	talk_end	
TALK3.DAT	233	140365	0x0002264D	2	4	1026	16383	talk_end	
TALK3.DAT	234	140369	0x00022651	2	4	1026	16383	talk_end	
TALK3.DAT	235	140373	0x00022655	2	4	1026	16383	talk_end	
TALK3.DAT	236	140377	0x00022659	2	4	1026	16383	talk_end	
TALK3.DAT	237	140381	0x0002265D	2	4	1026	16383	talk_end	
TALK3.DAT	238	140385	0x00022661	2	4	1026	16383	talk_end	
TALK3.DAT	239	140389	0x00022665	2	4	1026	16383	talk_end	
TALK3.DAT	240	140393	0x00022669	2	4	1026	16383	talk_end	
TALK3.DAT	241	140397	0x0002266D	2	4	1026	16383	talk_end	
TALK3.DAT	242	140401	0x00022671	2	4	1026	16383	talk_end	
TALK3.DAT	243	140405	0x00022675	2	4	1026	16383	talk_end	
TALK3.DAT	244	140409	0x00022679	2	4	1026	16383	talk_end	
TALK3.DAT	245	140413	0x0002267D	2	4	1026	16383	talk_end	
TALK3.DAT	246	140417	0x00022681	2	4	1026	16383	talk_end	
TALK3.DAT	247	140421	0x00022685	2	4	1026	16383	talk_end	
TALK3.DAT	248	140425	0x00022689	2	4	1026	16383	talk_end	
TALK3.DAT	249	140429	0x0002268D	2	4	1026	16383	talk_end	
TALK3.DAT	250	140433	0x00022691	2	4	1026	16383	talk_end	
TALK3.DAT	251	140437	0x00022695	2	4	1026	16383	talk_end	
TALK3.DAT	252	140441	0x00022699	2	4	1026	16383	talk_end	
TALK3.DAT	253	140445	0x0002269D	2	4	1026	16383	talk_end	
TALK3.DAT	254	140449	0x000226A1	2	4	1026	16383	talk_end	
TALK3.DAT	255	140453	0x000226A5	2	4	1026	16383	talk_end	
TALK3.DAT	256	140457	0x000226A9	2	4	1026	16383	talk_end	
TALK3.DAT	257	140461	0x000226AD	2	4	1026	16383	talk_end	
TALK3.DAT	258	140465	0x000226B1	2	4	1026	16383	talk_end	
TALK3.DAT	259	140469	0x000226B5	2	4	1026	16383	talk_end	
TALK3.DAT	260	140473	0x000226B9	2	4	1026	16383	talk_end	
TALK3.DAT	261	140477	0x000226BD	2	4	1026	16383	talk_end	
TALK3.DAT	262	140481	0x000226C1	2	4	1026	16383	talk_end	
TALK3.DAT	263	140485	0x000226C5	2	4	1026	16383	talk_end	
TALK3.DAT	264	140489	0x000226C9	2	4	1026	16383	talk_end	
TALK3.DAT	265	140493	0x000226CD	2	4	1026	16383	talk_end	
TALK3.DAT	266	140497	0x000226D1	2	4	1026	16383	talk_end	
TALK3.DAT	267	140501	0x000226D5	2	4	1026	16383	talk_end	
TALK3.DAT	268	140505	0x000226D9	2	4	1026	16383	talk_end	
TALK3.DAT	269	140509	0x000226DD	2	4	1026	16383	talk_end	
TALK3.DAT	270	140513	0x000226E1	2	4	1026	16383	talk_end	
TALK3.DAT	271	140517	0x000226E5	2	4	1026	16383	talk_end	
TALK3.DAT	272	140521	0x000226E9	2	4	1026	16383	talk_end	
TALK3.DAT	273	140525	0x000226ED	2	4	1026	16383	talk_end	
TALK3.DAT	274	140529	0x000226F1	2	4	1026	16383	talk_end	
TALK3.DAT	275	140533	0x000226F5	2	4	1026	16383	talk_end	
TALK3.DAT	276	140537	0x000226F9	2	4	1026	16383	talk_end	
TALK3.DAT	277	140541	0x000226FD	2	4	1026	16383	talk_end	
TALK3.DAT	278	140545	0x00022701	2	4	1026	16383	talk_end	
TALK3.DAT	279	140549	0x00022705	2	4	1026	16383	talk_end	
TALK3.DAT	280	140553	0x00022709	2	4	1026	16383	talk_end	
TALK3.DAT	281	140557	0x0002270D	2	4	1026	16383	talk_end	
TALK3.DAT	282	140561	0x00022711	2	4	1026	16383	talk_end	
TALK3.DAT	283	140565	0x00022715	2	4	1026	16383	talk_end	
TALK3.DAT	284	140569	0x00022719	2	4	1026	16383	talk_end	
TALK3.DAT	285	140573	0x0002271D	2	4	1026	16383	talk_end	
TALK3.DAT	286	140577	0x00022721	2	4	1026	16383	talk_end	
TALK3.DAT	287	140581	0x00022725	2	4	1026	16383	talk_end	
TALK3.DAT	288	140585	0x00022729	2	4	1026	16383	talk_end	
TALK3.DAT	289	140589	0x0002272D	2	4	1026	16383	talk_end	
TALK3.DAT	290	140593	0x00022731	2	4	1026	16383	talk_end	
TALK3.DAT	291	140597	0x00022735	2	4	1026	16383	talk_end	
TALK3.DAT	292	140601	0x00022739	2	4	1026	16383	talk_end	
TALK3.DAT	293	140605	0x0002273D	2	4	1026	16383	talk_end	
TALK3.DAT	294	140609	0x00022741	2	4	1026	16383	talk_end	
TALK3.DAT	295	140613	0x00022745	2	4	1026	16383	talk_end	
TALK3.DAT	296	140617	0x00022749	2	4	1026	16383	talk_end	
TALK3.DAT	297	140621	0x0002274D	2	4	1026	16383	talk_end	
TALK3.DAT	298	140625	0x00022751	2	4	1026	16383	talk_end	
TALK3.DAT	299	140629	0x00022755	2	4	1026	16383	talk_end	
TALK3.DAT	300	140633	0x00022759	2	4	1026	16383	talk_end	
TALK3.DAT	301	141837	0x00022C0D	11	164	1026	16383	talk_end	
TALK3.DAT	302	142067	0x00022CF3	10	214	1026	16383	talk_end	
TALK3.DAT	303	142423	0x00022E57	39	835	1026	16383	talk_end	
TALK3.DAT	304	144314	0x000235BA	2	4	1026	16383	talk_end	
TALK3.DAT	305	144318	0x000235BE	2	4	1026	16383	talk_end	
TALK3.DAT	306	144322	0x000235C2	2	4	1026	16383	talk_end	
TALK3.DAT	307	144326	0x000235C6	2	4	1026	16383	talk_end	
TALK3.DAT	308	144330	0x000235CA	2	4	1026	16383	talk_end	
TALK3.DAT	309	144334	0x000235CE	2	4	1026	16383	talk_end	
TALK3.DAT	310	144338	0x000235D2	2	4	1026	16383	talk_end	
TALK3.DAT	311	144342	0x000235D6	2	4	1026	16383	talk_end	
TALK3.DAT	312	144346	0x000235DA	2	4	1026	16383	talk_end	
TALK3.DAT	313	144350	0x000235DE	2	4	1026	16383	talk_end	
TALK3.DAT	314	144354	0x000235E2	2	4	1026	16383	talk_end	
TALK3.DAT	315	144358	0x000235E6	2	4	1026	16383	talk_end	
TALK3.DAT	316	144362	0x000235EA	2	4	1026	16383	talk_end	
TALK3.DAT	317	144366	0x000235EE	2	4	1026	16383	talk_end	
TALK3.DAT	318	144370	0x000235F2	2	4	1026	16383	talk_end	
TALK3.DAT	319	144374	0x000235F6	2	4	1026	16383	talk_end	
TALK3.DAT	320	144378	0x000235FA	2	4	1026	16383	talk_end	
TALK3.DAT	321	144382	0x000235FE	2	4	1026	16383	talk_end	
TALK3.DAT	322	144386	0x00023602	2	4	1026	16383	talk_end	
TALK3.DAT	323	144390	0x00023606	2	4	1026	16383	talk_end	
TALK3.DAT	324	144394	0x0002360A	2	4	1026	16383	talk_end	
TALK3.DAT	325	144398	0x0002360E	2	4	1026	16383	talk_end	
TALK3.DAT	326	144402	0x00023612	2	4	1026	16383	talk_end	
TALK3.DAT	327	144406	0x00023616	2	4	1026	16383	talk_end	
TALK3.DAT	328	144410	0x0002361A	2	4	1026	16383	talk_end	
TALK3.DAT	329	144414	0x0002361E	2	4	1026	16383	talk_end	
TALK3.DAT	330	144418	0x00023622	2	4	1026	16383	talk_end	
TALK3.DAT	331	144422	0x00023626	2	4	1026	16383	talk_end	
TALK3.DAT	332	144426	0x0002362A	2	4	1026	16383	talk_end	
TALK3.DAT	333	144430	0x0002362E	2	4	1026	16383	talk_end	
TALK3.DAT	334	144434	0x00023632	2	4	1026	16383	talk_end	
TALK3.DAT	335	144438	0x00023636	2	4	1026	16383	talk_end	
TALK3.DAT	336	144442	0x0002363A	2	4	1026	16383	talk_end	
TALK3.DAT	337	144446	0x0002363E	2	4	1026	16383	talk_end	
TALK3.DAT	338	144450	0x00023642	2	4	1026	16383	talk_end	
TALK3.DAT	339	144454	0x00023646	2	4	1026	16383	talk_end	
TALK3.DAT	340	144458	0x0002364A	2	4	1026	16383	talk_end	
TALK3.DAT	341	144462	0x0002364E	2	4	1026	16383	talk_end	
TALK3.DAT	342	144466	0x00023652	2	4	1026	16383	talk_end	
TALK3.DAT	343	144470	0x00023656	2	4	1026	16383	talk_end	
TALK3.DAT	344	144474	0x0002365A	2	4	1026	16383	talk_end	
TALK3.DAT	345	144478	0x0002365E	2	4	1026	16383	talk_end	
TALK3.DAT	346	144482	0x00023662	2	4	1026	16383	talk_end	
TALK3.DAT	347	144486	0x00023666	2	4	1026	16383	talk_end	
TALK3.DAT	348	144490	0x0002366A	2	4	1026	16383	talk_end	
TALK3.DAT	349	144494	0x0002366E	2	4	1026	16383	talk_end	
TALK3.DAT	350	144498	0x00023672	2	4	1026	16383	talk_end	
TALK3.DAT	351	144502	0x00023676	2	4	1026	16383	talk_end	
TALK3.DAT	352	144506	0x0002367A	2	4	1026	16383	talk_end	
TALK3.DAT	353	144510	0x0002367E	2	4	1026	16383	talk_end	
TALK3.DAT	354	144514	0x00023682	2	4	1026	16383	talk_end	
TALK3.DAT	355	144518	0x00023686	2	4	1026	16383	talk_end	
TALK3.DAT	356	144522	0x0002368A	2	4	1026	16383	talk_end	
TALK3.DAT	357	144526	0x0002368E	2	4	1026	16383	talk_end	
TALK3.DAT	358	144530	0x00023692	2	4	1026	16383	talk_end	
TALK3.DAT	359	144534	0x00023696	2	4	1026	16383	talk_end	
TALK3.DAT	360	144538	0x0002369A	2	4	1026	16383	talk_end	
TALK3.DAT	361	144542	0x0002369E	2	4	1026	16383	talk_end	
TALK3.DAT	362	144546	0x000236A2	2	4	1026	16383	talk_end	
TALK3.DAT	363	144550	0x000236A6	2	4	1026	16383	talk_end	
TALK3.DAT	364	144554	0x000236AA	2	4	1026	16383	talk_end	
TALK3.DAT	365	144558	0x000236AE	2	4	1026	16383	talk_end	
TALK3.DAT	366	144562	0x000236B2	2	4	1026	16383	talk_end	
TALK3.DAT	367	144566	0x000236B6	2	4	1026	16383	talk_end	
TALK3.DAT	368	144570	0x000236BA	2	4	1026	16383	talk_end	
TALK3.DAT	369	144574	0x000236BE	2	4	1026	16383	talk_end	
TALK3.DAT	370	144578	0x000236C2	2	4	1026	16383	talk_end	
TALK3.DAT	371	144582	0x000236C6	2	4	1026	16383	talk_end	
TALK3.DAT	372	144586	0x000236CA	2	4	1026	16383	talk_end	
TALK3.DAT	373	144590	0x000236CE	2	4	1026	16383	talk_end	
TALK3.DAT	374	144594	0x000236D2	2	4	1026	16383	talk_end	
TALK3.DAT	375	144598	0x000236D6	2	4	1026	16383	talk_end	
TALK3.DAT	376	144602	0x000236DA	2	4	1026	16383	talk_end	
TALK3.DAT	377	144606	0x000236DE	2	4	1026	16383	talk_end	
TALK3.DAT	378	144610	0x000236E2	2	4	1026	16383	talk_end	
TALK3.DAT	379	144614	0x000236E6	2	4	1026	16383	talk_end	
TALK3.DAT	380	144618	0x000236EA	2	4	1026	16383	talk_end	
TALK3.DAT	381	144622	0x000236EE	2	4	1026	16383	talk_end	
TALK3.DAT	382	144626	0x000236F2	2	4	1026	16383	talk_end	
TALK3.DAT	383	144630	0x000236F6	2	4	1026	16383	talk_end	
TALK3.DAT	384	144634	0x000236FA	2	4	1026	16383	talk_end	
TALK3.DAT	385	144638	0x000236FE	2	4	1026	16383	talk_end	
TALK3.DAT	386	144642	0x00023702	2	4	1026	16383	talk_end	
TALK3.DAT	387	144646	0x00023706	2	4	1026	16383	talk_end	
TALK3.DAT	388	144650	0x0002370A	2	4	1026	16383	talk_end	
TALK3.DAT	389	144654	0x0002370E	2	4	1026	16383	talk_end	
TALK3.DAT	390	144658	0x00023712	2	4	1026	16383	talk_end	
TALK3.DAT	391	144662	0x00023716	2	4	1026	16383	talk_end	
TALK3.DAT	392	144666	0x0002371A	2	4	1026	16383	talk_end	
TALK3.DAT	393	144670	0x0002371E	2	4	1026	16383	talk_end	
TALK3.DAT	394	144674	0x00023722	2	4	1026	16383	talk_end	
TALK3.DAT	395	144678	0x00023726	2	4	1026	16383	talk_end	
TALK3.DAT	396	144682	0x0002372A	2	4	1026	16383	talk_end	
TALK3.DAT	397	144686	0x0002372E	2	4	1026	16383	talk_end	
TALK3.DAT	398	144690	0x00023732	2	4	1026	16383	talk_end	
TALK3.DAT	399	144694	0x00023736	2	4	1026	16383	talk_end	
TALK3.DAT	400	144698	0x0002373A	2	4	1026	16383	talk_end	
TALK3.DAT	401	144702	0x0002373E	12	122	1026	16383	talk_end	
TALK3.DAT	402	144824	0x000237B8	12	124	1026	16383	talk_end	
TALK3.DAT	403	144948	0x00023834	8	113	1026	41	control_transfer_41	
TALK3.DAT	404	145277	0x0002397D	14	93	1026	16383	talk_end	
TALK3.DAT	405	145432	0x00023A18	14	93	1026	16383	talk_end	
TALK3.DAT	406	145575	0x00023AA7	7	135	1026	41	control_transfer_41	
TALK3.DAT	407	145977	0x00023C39	11	61	1026	16383	talk_end	
TALK3.DAT	408	146098	0x00023CB2	12	75	1026	16383	talk_end	
TALK3.DAT	409	146173	0x00023CFD	12	75	1026	16383	talk_end	
TALK3.DAT	410	146248	0x00023D48	14	93	1026	16383	talk_end	
TALK3.DAT	411	146453	0x00023E15	12	75	1026	16383	talk_end	
TALK3.DAT	412	146528	0x00023E60	12	75	1026	16383	talk_end	
TALK3.DAT	413	146603	0x00023EAB	12	75	1026	16383	talk_end	
TALK3.DAT	414	146678	0x00023EF6	12	75	1026	16383	talk_end	
TALK3.DAT	415	146753	0x00023F41	12	75	1026	16383	talk_end	
TALK3.DAT	416	146828	0x00023F8C	12	75	1026	16383	talk_end	
TALK3.DAT	417	146903	0x00023FD7	12	75	1026	16383	talk_end	
TALK3.DAT	418	146978	0x00024022	12	75	1026	16383	talk_end	
TALK3.DAT	419	147053	0x0002406D	14	93	1026	16383	talk_end	
TALK3.DAT	420	147146	0x000240CA	14	94	1026	16383	talk_end	
TALK3.DAT	421	147240	0x00024128	11	61	1026	16383	talk_end	
TALK3.DAT	422	147301	0x00024165	11	61	1026	16383	talk_end	
TALK3.DAT	423	147362	0x000241A2	14	93	1026	16383	talk_end	
TALK3.DAT	424	147455	0x000241FF	14	93	1026	16383	talk_end	
TALK3.DAT	425	147548	0x0002425C	14	93	1026	16383	talk_end	
TALK3.DAT	426	147641	0x000242B9	13	79	1026	16383	talk_end	
TALK3.DAT	427	147720	0x00024308	14	93	1026	16383	talk_end	
TALK3.DAT	428	147813	0x00024365	14	93	1026	16383	talk_end	
TALK3.DAT	429	147906	0x000243C2	14	93	1026	16383	talk_end	
TALK3.DAT	430	147999	0x0002441F	14	93	1026	16383	talk_end	
TALK3.DAT	431	148092	0x0002447C	12	226	1026	16383	talk_end	
TALK3.DAT	432	148958	0x000247DE	8	111	1026	41	control_transfer_41	
TALK3.DAT	433	149307	0x0002493B	10	120	1026	16383	talk_end	
TALK3.DAT	434	149427	0x000249B3	10	130	1026	16383	talk_end	
TALK3.DAT	435	149557	0x00024A35	11	61	1026	16383	talk_end	
TALK3.DAT	436	149618	0x00024A72	13	79	1026	16383	talk_end	
TALK3.DAT	437	149697	0x00024AC1	13	79	1026	16383	talk_end	
TALK3.DAT	438	149776	0x00024B10	11	62	1026	16383	talk_end	
TALK3.DAT	439	149838	0x00024B4E	13	79	1026	16383	talk_end	
TALK3.DAT	440	149917	0x00024B9D	13	79	1026	16383	talk_end	
TALK3.DAT	441	149996	0x00024BEC	11	61	1026	16383	talk_end	
TALK3.DAT	442	150057	0x00024C29	13	79	1026	16383	talk_end	
TALK3.DAT	443	150136	0x00024C78	13	79	1026	16383	talk_end	
TALK3.DAT	444	150215	0x00024CC7	11	61	1026	16383	talk_end	
TALK3.DAT	445	150276	0x00024D04	14	93	1026	16383	talk_end	
TALK3.DAT	446	150369	0x00024D61	13	79	1026	16383	talk_end	
TALK3.DAT	447	150448	0x00024DB0	13	79	1026	16383	talk_end	
TALK3.DAT	448	150527	0x00024DFF	11	61	1026	16383	talk_end	
TALK3.DAT	449	150588	0x00024E3C	14	93	1026	16383	talk_end	
TALK3.DAT	450	150681	0x00024E99	14	93	1026	16383	talk_end	
TALK3.DAT	451	150774	0x00024EF6	11	61	1026	16383	talk_end	
TALK3.DAT	452	150835	0x00024F33	14	93	1026	16383	talk_end	
TALK3.DAT	453	150928	0x00024F90	8	111	1026	41	control_transfer_41	
TALK3.DAT	454	151271	0x000250E7	10	110	1026	16383	talk_end	
TALK3.DAT	455	151381	0x00025155	11	140	1026	16383	talk_end	
TALK3.DAT	456	151677	0x0002527D	11	61	1026	16383	talk_end	
TALK3.DAT	457	151738	0x000252BA	11	61	1026	16383	talk_end	
TALK3.DAT	458	151799	0x000252F7	11	61	1026	16383	talk_end	
TALK3.DAT	459	151860	0x00025334	11	61	1026	16383	talk_end	
TALK3.DAT	460	151921	0x00025371	11	61	1026	16383	talk_end	
TALK3.DAT	461	151982	0x000253AE	13	79	1026	16383	talk_end	
TALK3.DAT	462	152061	0x000253FD	13	79	1026	16383	talk_end	
TALK3.DAT	463	152140	0x0002544C	13	79	1026	16383	talk_end	
TALK3.DAT	464	152219	0x0002549B	13	79	1026	16383	talk_end	
TALK3.DAT	465	152298	0x000254EA	13	79	1026	16383	talk_end	
TALK3.DAT	466	152377	0x00025539	13	79	1026	16383	talk_end	
TALK3.DAT	467	152456	0x00025588	11	61	1026	16383	talk_end	
TALK3.DAT	468	152517	0x000255C5	13	79	1026	16383	talk_end	
TALK3.DAT	469	152596	0x00025614	13	79	1026	16383	talk_end	
TALK3.DAT	470	152675	0x00025663	13	79	1026	16383	talk_end	
TALK3.DAT	471	152754	0x000256B2	13	79	1026	16383	talk_end	
TALK3.DAT	472	152833	0x00025701	11	61	1026	16383	talk_end	
TALK3.DAT	473	152894	0x0002573E	13	79	1026	16383	talk_end	
TALK3.DAT	474	152973	0x0002578D	11	61	1026	16383	talk_end	
TALK3.DAT	475	153034	0x000257CA	11	61	1026	16383	talk_end	
TALK3.DAT	476	153095	0x00025807	11	61	1026	16383	talk_end	
TALK3.DAT	477	153156	0x00025844	11	61	1026	16383	talk_end	
TALK3.DAT	478	153217	0x00025881	13	79	1026	16383	talk_end	
TALK3.DAT	479	153296	0x000258D0	11	61	1026	16383	talk_end	
TALK3.DAT	480	153357	0x0002590D	13	79	1026	16383	talk_end	
TALK3.DAT	481	153436	0x0002595C	11	61	1026	16383	talk_end	
TALK3.DAT	482	153497	0x00025999	11	61	1026	16383	talk_end	
TALK3.DAT	483	153558	0x000259D6	11	61	1026	16383	talk_end	
TALK3.DAT	484	153619	0x00025A13	11	61	1026	16383	talk_end	
TALK3.DAT	485	153680	0x00025A50	11	61	1026	16383	talk_end	
TALK3.DAT	486	153741	0x00025A8D	13	79	1026	16383	talk_end	
TALK3.DAT	487	153820	0x00025ADC	13	79	1026	16383	talk_end	
TALK3.DAT	488	153899	0x00025B2B	13	79	1026	16383	talk_end	
TALK3.DAT	489	153978	0x00025B7A	13	79	1026	16383	talk_end	
TALK3.DAT	490	154057	0x00025BC9	13	79	1026	16383	talk_end	
TALK3.DAT	491	154136	0x00025C18	13	79	1026	16383	talk_end	
TALK3.DAT	492	154215	0x00025C67	13	79	1026	16383	talk_end	
TALK3.DAT	493	154294	0x00025CB6	13	79	1026	16383	talk_end	
TALK3.DAT	494	154373	0x00025D05	13	79	1026	16383	talk_end	
TALK3.DAT	495	154452	0x00025D54	13	80	1026	16383	talk_end	
TALK3.DAT	496	154532	0x00025DA4	13	79	1026	16383	talk_end	
TALK3.DAT	497	154611	0x00025DF3	13	79	1026	16383	talk_end	
TALK3.DAT	498	154690	0x00025E42	13	79	1026	16383	talk_end	
TALK3.DAT	499	154769	0x00025E91	11	61	1026	16383	talk_end	
TALK3.DAT	500	154830	0x00025ECE	11	61	1026	16383	talk_end	
TALK3.DAT	501	154891	0x00025F0B	13	79	1026	16383	talk_end	
TALK3.DAT	502	154970	0x00025F5A	13	80	1026	16383	talk_end	
TALK3.DAT	503	155050	0x00025FAA	11	61	1026	16383	talk_end	
TALK3.DAT	504	155111	0x00025FE7	11	62	1026	16383	talk_end	
TALK3.DAT	505	155173	0x00026025	11	61	1026	16383	talk_end	
TALK3.DAT	506	155234	0x00026062	13	79	1026	16383	talk_end	
TALK3.DAT	507	155313	0x000260B1	11	61	1026	16383	talk_end	
TALK3.DAT	508	155374	0x000260EE	13	80	1026	16383	talk_end	
TALK3.DAT	509	155454	0x0002613E	13	80	1026	16383	talk_end	
TALK3.DAT	510	155534	0x0002618E	11	61	1026	16383	talk_end	
TALK3.DAT	511	155595	0x000261CB	13	79	1026	16383	talk_end	
TALK3.DAT	512	155674	0x0002621A	13	79	1026	16383	talk_end	
TALK3.DAT	513	155753	0x00026269	5	167	126	41	control_transfer_41	
TALK3.DAT	514	156259	0x00026463	13	79	1026	16383	talk_end	
TALK3.DAT	515	156338	0x000264B2	13	79	1026	16383	talk_end	
TALK3.DAT	516	156417	0x00026501	11	61	1026	16383	talk_end	
TALK3.DAT	517	156478	0x0002653E	11	62	1026	16383	talk_end	
TALK3.DAT	518	156540	0x0002657C	11	61	1026	16383	talk_end	
TALK3.DAT	519	156601	0x000265B9	2	4	1026	16383	talk_end	
TALK3.DAT	520	156605	0x000265BD	2	4	1026	16383	talk_end	
TALK3.DAT	521	156609	0x000265C1	2	4	1026	16383	talk_end	
TALK3.DAT	522	156613	0x000265C5	2	4	1026	16383	talk_end	
TALK3.DAT	523	156617	0x000265C9	2	4	1026	16383	talk_end	
TALK3.DAT	524	156621	0x000265CD	2	4	1026	16383	talk_end	
TALK3.DAT	525	156625	0x000265D1	2	4	1026	16383	talk_end	
TALK3.DAT	526	156629	0x000265D5	2	4	1026	16383	talk_end	
TALK3.DAT	527	156633	0x000265D9	2	4	1026	16383	talk_end	
TALK3.DAT	528	156637	0x000265DD	2	4	1026	16383	talk_end	
TALK3.DAT	529	156641	0x000265E1	2	4	1026	16383	talk_end	
TALK3.DAT	530	156645	0x000265E5	2	4	1026	16383	talk_end	
TALK3.DAT	531	156649	0x000265E9	2	4	1026	16383	talk_end	
TALK3.DAT	532	156653	0x000265ED	2	4	1026	16383	talk_end	
TALK3.DAT	533	156657	0x000265F1	2	4	1026	16383	talk_end	
TALK3.DAT	534	156661	0x000265F5	2	4	1026	16383	talk_end	
TALK3.DAT	535	156665	0x000265F9	2	4	1026	16383	talk_end	
TALK3.DAT	536	156669	0x000265FD	2	4	1026	16383	talk_end	
TALK3.DAT	537	156673	0x00026601	2	4	1026	16383	talk_end	
TALK3.DAT	538	156677	0x00026605	2	4	1026	16383	talk_end	
TALK3.DAT	539	156681	0x00026609	2	4	1026	16383	talk_end	
TALK3.DAT	540	156685	0x0002660D	2	4	1026	16383	talk_end	
TALK3.DAT	541	156689	0x00026611	2	4	1026	16383	talk_end	
TALK3.DAT	542	156693	0x00026615	2	4	1026	16383	talk_end	
TALK3.DAT	543	156697	0x00026619	2	4	1026	16383	talk_end	
TALK3.DAT	544	156701	0x0002661D	2	4	1026	16383	talk_end	
TALK3.DAT	545	156705	0x00026621	2	4	1026	16383	talk_end	
TALK3.DAT	546	156709	0x00026625	2	4	1026	16383	talk_end	
TALK3.DAT	547	156713	0x00026629	2	4	1026	16383	talk_end	
TALK3.DAT	548	156717	0x0002662D	2	4	1026	16383	talk_end	
TALK3.DAT	549	156721	0x00026631	2	4	1026	16383	talk_end	
TALK3.DAT	550	156725	0x00026635	2	4	1026	16383	talk_end	
TALK3.DAT	551	156729	0x00026639	2	4	1026	16383	talk_end	
TALK3.DAT	552	156733	0x0002663D	2	4	1026	16383	talk_end	
TALK3.DAT	553	156737	0x00026641	2	4	1026	16383	talk_end	
TALK3.DAT	554	156741	0x00026645	2	4	1026	16383	talk_end	
TALK3.DAT	555	156745	0x00026649	2	4	1026	16383	talk_end	
TALK3.DAT	556	156749	0x0002664D	2	4	1026	16383	talk_end	
TALK3.DAT	557	156753	0x00026651	2	4	1026	16383	talk_end	
TALK3.DAT	558	156757	0x00026655	2	4	1026	16383	talk_end	
TALK3.DAT	559	156761	0x00026659	2	4	1026	16383	talk_end	
TALK3.DAT	560	156765	0x0002665D	2	4	1026	16383	talk_end	
TALK3.DAT	561	156769	0x00026661	2	4	1026	16383	talk_end	
TALK3.DAT	562	156773	0x00026665	2	4	1026	16383	talk_end	
TALK3.DAT	563	156777	0x00026669	2	4	1026	16383	talk_end	
TALK3.DAT	564	156781	0x0002666D	2	4	1026	16383	talk_end	
TALK3.DAT	565	156785	0x00026671	2	4	1026	16383	talk_end	
TALK3.DAT	566	156789	0x00026675	2	4	1026	16383	talk_end	
TALK3.DAT	567	156793	0x00026679	2	4	1026	16383	talk_end	
TALK3.DAT	568	156797	0x0002667D	2	4	1026	16383	talk_end	
TALK3.DAT	569	156801	0x00026681	2	4	1026	16383	talk_end	
TALK3.DAT	570	156805	0x00026685	2	4	1026	16383	talk_end	
TALK3.DAT	571	156809	0x00026689	2	4	1026	16383	talk_end	
TALK3.DAT	572	156813	0x0002668D	2	4	1026	16383	talk_end	
TALK3.DAT	573	156817	0x00026691	2	4	1026	16383	talk_end	
TALK3.DAT	574	156821	0x00026695	2	4	1026	16383	talk_end	
TALK3.DAT	575	156825	0x00026699	2	4	1026	16383	talk_end	
TALK3.DAT	576	156829	0x0002669D	2	4	1026	16383	talk_end	
TALK3.DAT	577	156833	0x000266A1	2	4	1026	16383	talk_end	
TALK3.DAT	578	156837	0x000266A5	2	4	1026	16383	talk_end	
TALK3.DAT	579	156841	0x000266A9	2	4	1026	16383	talk_end	
TALK3.DAT	580	156845	0x000266AD	2	4	1026	16383	talk_end	
TALK3.DAT	581	156849	0x000266B1	2	4	1026	16383	talk_end	
TALK3.DAT	582	156853	0x000266B5	2	4	1026	16383	talk_end	
TALK3.DAT	583	156857	0x000266B9	2	4	1026	16383	talk_end	
TALK3.DAT	584	156861	0x000266BD	2	4	1026	16383	talk_end	
TALK3.DAT	585	156865	0x000266C1	2	4	1026	16383	talk_end	
TALK3.DAT	586	156869	0x000266C5	2	4	1026	16383	talk_end	
TALK3.DAT	587	156873	0x000266C9	2	4	1026	16383	talk_end	
TALK3.DAT	588	156877	0x000266CD	2	4	1026	16383	talk_end	
TALK3.DAT	589	156881	0x000266D1	2	4	1026	16383	talk_end	
TALK3.DAT	590	156885	0x000266D5	2	4	1026	16383	talk_end	
TALK3.DAT	591	156889	0x000266D9	2	4	1026	16383	talk_end	
TALK3.DAT	592	156893	0x000266DD	2	4	1026	16383	talk_end	
TALK3.DAT	593	156897	0x000266E1	2	4	1026	16383	talk_end	
TALK3.DAT	594	156901	0x000266E5	2	4	1026	16383	talk_end	
TALK3.DAT	595	156905	0x000266E9	2	4	1026	16383	talk_end	
TALK3.DAT	596	156909	0x000266ED	2	4	1026	16383	talk_end	
TALK3.DAT	597	156913	0x000266F1	2	4	1026	16383	talk_end	
TALK3.DAT	598	156917	0x000266F5	2	4	1026	16383	talk_end	
TALK3.DAT	599	156921	0x000266F9	2	4	1026	16383	talk_end	
TALK3.DAT	600	156925	0x000266FD	2	4	1026	16383	talk_end	
TALK3.DAT	601	156929	0x00026701	5	52	1026	16383	talk_end	
TALK3.DAT	602	156981	0x00026735	5	52	1026	16383	talk_end	
TALK3.DAT	603	157033	0x00026769	5	52	1026	16383	talk_end	
TALK3.DAT	604	157085	0x0002679D	5	52	1026	16383	talk_end	
TALK3.DAT	605	157137	0x000267D1	5	52	1026	16383	talk_end	
TALK3.DAT	606	157189	0x00026805	5	52	1026	16383	talk_end	
TALK3.DAT	607	157241	0x00026839	14	182	1026	16383	talk_end	
TALK3.DAT	608	157489	0x00026931	8	131	1026	41	control_transfer_41	
TALK3.DAT	609	158452	0x00026CF4	8	92	1026	16383	talk_end	
TALK3.DAT	610	158986	0x00026F0A	16	125	1026	16383	talk_end	
TALK3.DAT	611	159501	0x0002710D	5	48	1026	16383	talk_end	
TALK3.DAT	612	159549	0x0002713D	7	78	1026	16383	talk_end	
TALK3.DAT	613	159819	0x0002724B	7	96	1026	16383	talk_end	
TALK3.DAT	614	160075	0x0002734B	5	76	1026	16383	talk_end	
TALK3.DAT	615	160151	0x00027397	8	136	1026	16383	talk_end	
TALK3.DAT	616	160287	0x0002741F	2	4	1026	16383	talk_end	
TALK3.DAT	617	160291	0x00027423	2	4	1026	16383	talk_end	
TALK3.DAT	618	160295	0x00027427	2	4	1026	16383	talk_end	
TALK3.DAT	619	160299	0x0002742B	2	4	1026	16383	talk_end	
TALK3.DAT	620	160303	0x0002742F	5	78	1026	16383	talk_end	
TALK3.DAT	621	160395	0x0002748B	12	88	1026	15	control_transfer_15	
TALK3.DAT	622	160381	0x0002747D	5	14	1026	16383	talk_end	
TALK3.DAT	623	161963	0x00027AAB	2	4	1026	16383	talk_end	
TALK3.DAT	624	161967	0x00027AAF	42	422	1026	16383	talk_end	
TALK3.DAT	625	162389	0x00027C55	6	72	1026	16383	talk_end	
TALK3.DAT	626	162529	0x00027CE1	6	70	1026	16383	talk_end	
TALK3.DAT	627	162663	0x00027D67	6	96	1026	16383	talk_end	
TALK3.DAT	628	162831	0x00027E0F	6	70	1026	16383	talk_end	
TALK3.DAT	629	162948	0x00027E84	6	87	1026	16383	talk_end	
TALK3.DAT	630	163099	0x00027F1B	6	64	1026	16383	talk_end	
TALK3.DAT	631	163231	0x00027F9F	6	78	1026	16383	talk_end	
TALK3.DAT	632	163399	0x00028047	6	80	1026	16383	talk_end	
TALK3.DAT	633	163561	0x000280E9	6	78	1026	16383	talk_end	
TALK3.DAT	634	163660	0x0002814C	6	84	1026	16383	talk_end	
TALK3.DAT	635	163812	0x000281E4	6	64	1026	16383	talk_end	
TALK3.DAT	636	163936	0x00028260	6	72	1026	16383	talk_end	
TALK3.DAT	637	164070	0x000282E6	6	80	1026	16383	talk_end	
TALK3.DAT	638	164214	0x00028376	6	96	1026	16383	talk_end	
TALK3.DAT	639	164398	0x0002842E	6	72	1026	16383	talk_end	
TALK3.DAT	640	164522	0x000284AA	6	64	1026	16383	talk_end	
TALK3.DAT	641	164658	0x00028532	6	96	1026	16383	talk_end	
TALK3.DAT	642	164842	0x000285EA	6	74	1026	16383	talk_end	
TALK3.DAT	643	164994	0x00028682	2	4	1026	16383	talk_end	
TALK3.DAT	644	164998	0x00028686	2	4	1026	16383	talk_end	
TALK3.DAT	645	165002	0x0002868A	2	4	1026	16383	talk_end	
TALK3.DAT	646	165006	0x0002868E	2	4	1026	16383	talk_end	
TALK3.DAT	647	165010	0x00028692	2	4	1026	16383	talk_end	
TALK3.DAT	648	165014	0x00028696	2	4	1026	16383	talk_end	
TALK3.DAT	649	165018	0x0002869A	2	4	1026	16383	talk_end	
TALK3.DAT	650	165022	0x0002869E	2	4	1026	16383	talk_end	
TALK3.DAT	651	165026	0x000286A2	2	4	1026	16383	talk_end	
TALK3.DAT	652	165030	0x000286A6	2	4	1026	16383	talk_end	
TALK3.DAT	653	165034	0x000286AA	2	4	1026	16383	talk_end	
TALK3.DAT	654	165038	0x000286AE	2	4	1026	16383	talk_end	
TALK3.DAT	655	165042	0x000286B2	2	4	1026	16383	talk_end	
TALK3.DAT	656	165046	0x000286B6	2	4	1026	16383	talk_end	
TALK3.DAT	657	165050	0x000286BA	2	4	1026	16383	talk_end	
TALK3.DAT	658	165054	0x000286BE	2	4	1026	16383	talk_end	
TALK3.DAT	659	165058	0x000286C2	2	4	1026	16383	talk_end	
TALK3.DAT	660	165062	0x000286C6	2	4	1026	16383	talk_end	
TALK3.DAT	661	165066	0x000286CA	2	4	1026	16383	talk_end	
TALK3.DAT	662	165070	0x000286CE	2	4	1026	16383	talk_end	
TALK3.DAT	663	165074	0x000286D2	2	4	1026	16383	talk_end	
TALK3.DAT	664	165078	0x000286D6	2	4	1026	16383	talk_end	
TALK3.DAT	665	165082	0x000286DA	2	4	1026	16383	talk_end	
TALK3.DAT	666	165086	0x000286DE	2	4	1026	16383	talk_end	
TALK3.DAT	667	165090	0x000286E2	2	4	1026	16383	talk_end	
TALK3.DAT	668	165094	0x000286E6	2	4	1026	16383	talk_end	
TALK3.DAT	669	165098	0x000286EA	2	4	1026	16383	talk_end	
TALK3.DAT	670	165102	0x000286EE	2	4	1026	16383	talk_end	
TALK3.DAT	671	165106	0x000286F2	2	4	1026	16383	talk_end	
TALK3.DAT	672	165110	0x000286F6	2	4	1026	16383	talk_end	
TALK3.DAT	673	165114	0x000286FA	2	4	1026	16383	talk_end	
TALK3.DAT	674	165118	0x000286FE	2	4	1026	16383	talk_end	
TALK3.DAT	675	165122	0x00028702	2	4	1026	16383	talk_end	
TALK3.DAT	676	165126	0x00028706	2	4	1026	16383	talk_end	
TALK3.DAT	677	165130	0x0002870A	2	4	1026	16383	talk_end	
TALK3.DAT	678	165134	0x0002870E	2	4	1026	16383	talk_end	
TALK3.DAT	679	165138	0x00028712	2	4	1026	16383	talk_end	
TALK3.DAT	680	165142	0x00028716	2	4	1026	16383	talk_end	
TALK3.DAT	681	165146	0x0002871A	2	4	1026	16383	talk_end	
TALK3.DAT	682	165150	0x0002871E	2	4	1026	16383	talk_end	
TALK3.DAT	683	165154	0x00028722	2	4	1026	16383	talk_end	
TALK3.DAT	684	165158	0x00028726	2	4	1026	16383	talk_end	
TALK3.DAT	685	165162	0x0002872A	2	4	1026	16383	talk_end	
TALK3.DAT	686	165166	0x0002872E	2	4	1026	16383	talk_end	
TALK3.DAT	687	165170	0x00028732	2	4	1026	16383	talk_end	
TALK3.DAT	688	165174	0x00028736	2	4	1026	16383	talk_end	
TALK3.DAT	689	165178	0x0002873A	2	4	1026	16383	talk_end	
TALK3.DAT	690	165182	0x0002873E	2	4	1026	16383	talk_end	
TALK3.DAT	691	165186	0x00028742	2	4	1026	16383	talk_end	
TALK3.DAT	692	165190	0x00028746	2	4	1026	16383	talk_end	
TALK3.DAT	693	165194	0x0002874A	2	4	1026	16383	talk_end	
TALK3.DAT	694	165198	0x0002874E	2	4	1026	16383	talk_end	
TALK3.DAT	695	165202	0x00028752	2	4	1026	16383	talk_end	
TALK3.DAT	696	165206	0x00028756	2	4	1026	16383	talk_end	
TALK3.DAT	697	165210	0x0002875A	2	4	1026	16383	talk_end	
TALK3.DAT	698	165214	0x0002875E	2	4	1026	16383	talk_end	
TALK3.DAT	699	165218	0x00028762	2	4	1026	16383	talk_end	
TALK3.DAT	700	165222	0x00028766	2	4	1026	16383	talk_end	
TALK3.DAT	701	165226	0x0002876A	2	4	1026	16383	talk_end	
TALK3.DAT	702	165230	0x0002876E	2	4	1026	16383	talk_end	
TALK3.DAT	703	165234	0x00028772	2	4	1026	16383	talk_end	
TALK3.DAT	704	165238	0x00028776	2	4	1026	16383	talk_end	
TALK3.DAT	705	165242	0x0002877A	2	4	1026	16383	talk_end	
TALK3.DAT	706	165246	0x0002877E	2	4	1026	16383	talk_end	
TALK3.DAT	707	165250	0x00028782	2	4	1026	16383	talk_end	
TALK3.DAT	708	165254	0x00028786	2	4	1026	16383	talk_end	
TALK3.DAT	709	165258	0x0002878A	2	4	1026	16383	talk_end	
TALK3.DAT	710	165262	0x0002878E	2	4	1026	16383	talk_end	
TALK3.DAT	711	165266	0x00028792	2	4	1026	16383	talk_end	
TALK3.DAT	712	165270	0x00028796	2	4	1026	16383	talk_end	
TALK3.DAT	713	165274	0x0002879A	2	4	1026	16383	talk_end	
TALK3.DAT	714	165278	0x0002879E	2	4	1026	16383	talk_end	
TALK3.DAT	715	165282	0x000287A2	2	4	1026	16383	talk_end	
TALK3.DAT	716	165286	0x000287A6	2	4	1026	16383	talk_end	
TALK3.DAT	717	165290	0x000287AA	2	4	1026	16383	talk_end	
TALK3.DAT	718	165294	0x000287AE	2	4	1026	16383	talk_end	
TALK3.DAT	719	165298	0x000287B2	2	4	1026	16383	talk_end	
TALK3.DAT	720	165302	0x000287B6	2	4	1026	16383	talk_end	
TALK3.DAT	721	165306	0x000287BA	2	4	1026	16383	talk_end	
TALK3.DAT	722	165310	0x000287BE	2	4	1026	16383	talk_end	
TALK3.DAT	723	165314	0x000287C2	2	4	1026	16383	talk_end	
TALK3.DAT	724	165318	0x000287C6	2	4	1026	16383	talk_end	
TALK3.DAT	725	165322	0x000287CA	2	4	1026	16383	talk_end	
TALK3.DAT	726	165326	0x000287CE	2	4	1026	16383	talk_end	
TALK3.DAT	727	165330	0x000287D2	2	4	1026	16383	talk_end	
TALK3.DAT	728	165334	0x000287D6	2	4	1026	16383	talk_end	
TALK3.DAT	729	165338	0x000287DA	2	4	1026	16383	talk_end	
TALK3.DAT	730	165342	0x000287DE	2	4	1026	16383	talk_end	
TALK3.DAT	731	165346	0x000287E2	2	4	1026	16383	talk_end	
TALK3.DAT	732	165350	0x000287E6	2	4	1026	16383	talk_end	
TALK3.DAT	733	165354	0x000287EA	2	4	1026	16383	talk_end	
TALK3.DAT	734	165358	0x000287EE	2	4	1026	16383	talk_end	
TALK3.DAT	735	165362	0x000287F2	2	4	1026	16383	talk_end	
TALK3.DAT	736	165366	0x000287F6	2	4	1026	16383	talk_end	
TALK3.DAT	737	165370	0x000287FA	2	4	1026	16383	talk_end	
TALK3.DAT	738	165374	0x000287FE	2	4	1026	16383	talk_end	
TALK3.DAT	739	165378	0x00028802	2	4	1026	16383	talk_end	
TALK3.DAT	740	165382	0x00028806	2	4	1026	16383	talk_end	
TALK3.DAT	741	165386	0x0002880A	2	4	1026	16383	talk_end	
TALK3.DAT	742	165390	0x0002880E	2	4	1026	16383	talk_end	
TALK3.DAT	743	165394	0x00028812	2	4	1026	16383	talk_end	
TALK3.DAT	744	165398	0x00028816	2	4	1026	16383	talk_end	
TALK3.DAT	745	165402	0x0002881A	2	4	1026	16383	talk_end	
TALK3.DAT	746	165406	0x0002881E	2	4	1026	16383	talk_end	
TALK3.DAT	747	165410	0x00028822	2	4	1026	16383	talk_end	
TALK3.DAT	748	165414	0x00028826	2	4	1026	16383	talk_end	
TALK3.DAT	749	165418	0x0002882A	2	4	1026	16383	talk_end	
TALK3.DAT	750	165422	0x0002882E	2	4	1026	16383	talk_end	
TALK3.DAT	751	165426	0x00028832	2	4	1026	16383	talk_end	
TALK3.DAT	752	165430	0x00028836	2	4	1026	16383	talk_end	
TALK3.DAT	753	165434	0x0002883A	2	4	1026	16383	talk_end	
TALK3.DAT	754	165438	0x0002883E	2	4	1026	16383	talk_end	
TALK3.DAT	755	165442	0x00028842	2	4	1026	16383	talk_end	
TALK3.DAT	756	165446	0x00028846	2	4	1026	16383	talk_end	
TALK3.DAT	757	165450	0x0002884A	2	4	1026	16383	talk_end	
TALK3.DAT	758	165454	0x0002884E	2	4	1026	16383	talk_end	
TALK3.DAT	759	165458	0x00028852	2	4	1026	16383	talk_end	
TALK3.DAT	760	165462	0x00028856	2	4	1026	16383	talk_end	
TALK3.DAT	761	165466	0x0002885A	2	4	1026	16383	talk_end	
TALK3.DAT	762	165470	0x0002885E	2	4	1026	16383	talk_end	
TALK3.DAT	763	165474	0x00028862	2	4	1026	16383	talk_end	
TALK3.DAT	764	165478	0x00028866	2	4	1026	16383	talk_end	
TALK3.DAT	765	165482	0x0002886A	2	4	1026	16383	talk_end	
TALK3.DAT	766	165486	0x0002886E	2	4	1026	16383	talk_end	
TALK3.DAT	767	165490	0x00028872	2	4	1026	16383	talk_end	
TALK3.DAT	768	165494	0x00028876	2	4	1026	16383	talk_end	
TALK3.DAT	769	165498	0x0002887A	2	4	1026	16383	talk_end	
TALK3.DAT	770	165502	0x0002887E	2	4	1026	16383	talk_end	
TALK3.DAT	771	165506	0x00028882	2	4	1026	16383	talk_end	
TALK3.DAT	772	165510	0x00028886	2	4	1026	16383	talk_end	
TALK3.DAT	773	165514	0x0002888A	2	4	1026	16383	talk_end	
TALK3.DAT	774	165518	0x0002888E	2	4	1026	16383	talk_end	
TALK3.DAT	775	165522	0x00028892	2	4	1026	16383	talk_end	
TALK3.DAT	776	165526	0x00028896	2	4	1026	16383	talk_end	
TALK3.DAT	777	165530	0x0002889A	2	4	1026	16383	talk_end	
TALK3.DAT	778	165534	0x0002889E	2	4	1026	16383	talk_end	
TALK3.DAT	779	165538	0x000288A2	2	4	1026	16383	talk_end	
TALK3.DAT	780	165542	0x000288A6	2	4	1026	16383	talk_end	
TALK3.DAT	781	165546	0x000288AA	2	4	1026	16383	talk_end	
TALK3.DAT	782	165550	0x000288AE	2	4	1026	16383	talk_end	
TALK3.DAT	783	165554	0x000288B2	2	4	1026	16383	talk_end	
TALK3.DAT	784	165558	0x000288B6	2	4	1026	16383	talk_end	
TALK3.DAT	785	165562	0x000288BA	2	4	1026	16383	talk_end	
TALK3.DAT	786	165566	0x000288BE	2	4	1026	16383	talk_end	
TALK3.DAT	787	165570	0x000288C2	2	4	1026	16383	talk_end	
TALK3.DAT	788	165574	0x000288C6	2	4	1026	16383	talk_end	
TALK3.DAT	789	165578	0x000288CA	2	4	1026	16383	talk_end	
TALK3.DAT	790	165582	0x000288CE	2	4	1026	16383	talk_end	
TALK3.DAT	791	165586	0x000288D2	2	4	1026	16383	talk_end	
TALK3.DAT	792	165590	0x000288D6	2	4	1026	16383	talk_end	
TALK3.DAT	793	165594	0x000288DA	2	4	1026	16383	talk_end	
TALK3.DAT	794	165598	0x000288DE	2	4	1026	16383	talk_end	
TALK3.DAT	795	165602	0x000288E2	2	4	1026	16383	talk_end	
TALK3.DAT	796	165606	0x000288E6	2	4	1026	16383	talk_end	
TALK3.DAT	797	165610	0x000288EA	2	4	1026	16383	talk_end	
TALK3.DAT	798	165614	0x000288EE	2	4	1026	16383	talk_end	
TALK3.DAT	799	165618	0x000288F2	2	4	1026	16383	talk_end	
TALK3.DAT	800	165622	0x000288F6	2	4	1026	16383	talk_end	
TALK3.DAT	801	165626	0x000288FA	5	46	1026	16383	talk_end	
TALK3.DAT	802	165672	0x00028928	24	618	1026	16383	talk_end	
TALK3.DAT	803	166362	0x00028BDA	5	64	1026	16383	talk_end	
TALK3.DAT	804	166426	0x00028C1A	7	104	1026	16383	talk_end	
TALK3.DAT	805	166530	0x00028C82	7	140	1026	16383	talk_end	
TALK3.DAT	806	166670	0x00028D0E	5	66	1026	16383	talk_end	
TALK3.DAT	807	166736	0x00028D50	10	182	1026	16383	talk_end	
TALK3.DAT	808	166918	0x00028E06	14	356	1026	16383	talk_end	
TALK3.DAT	809	167637	0x000290D5	6	92	1026	16383	talk_end	
TALK3.DAT	810	167797	0x00029175	6	96	1026	16383	talk_end	
TALK3.DAT	811	168013	0x0002924D	8	126	1026	16383	talk_end	
TALK3.DAT	812	168197	0x00029305	7	140	1026	16383	talk_end	
TALK3.DAT	813	168443	0x000293FB	27	573	1026	16383	talk_end	
TALK3.DAT	814	169140	0x000296B4	8	150	1026	16383	talk_end	
TALK3.DAT	815	169290	0x0002974A	8	146	1026	16383	talk_end	
TALK3.DAT	816	169530	0x0002983A	6	92	1026	16383	talk_end	
TALK3.DAT	817	169688	0x000298D8	5	102	1026	16383	talk_end	
TALK3.DAT	818	169790	0x0002993E	9	116	1026	16383	talk_end	
TALK3.DAT	819	170038	0x00029A36	2	4	1026	16383	talk_end	
TALK3.DAT	820	170042	0x00029A3A	14	204	1026	41	control_transfer_41	
TALK3.DAT	821	172273	0x0002A2F1	20	468	1026	16383	talk_end	
TALK3.DAT	822	174919	0x0002AD47	6	150	1026	16383	talk_end	
TALK3.DAT	823	175167	0x0002AE3F	4	20	1026	16383	talk_end	
TALK3.DAT	824	175281	0x0002AEB1	37	919	1026	16383	talk_end	
TALK3.DAT	825	176200	0x0002B248	17	412	1026	16383	talk_end	
TALK3.DAT	826	176760	0x0002B478	11	260	1026	16383	talk_end	
TALK3.DAT	827	177020	0x0002B57C	10	42	1026	16383	talk_end	
TALK3.DAT	828	177062	0x0002B5A6	10	46	1026	16383	talk_end	
TALK3.DAT	829	177108	0x0002B5D4	12	147	1026	16383	talk_end	
TALK3.DAT	830	177396	0x0002B6F4	9	186	1026	41	control_transfer_41	
TALK3.DAT	831	178439	0x0002BB07	8	144	1026	16383	talk_end	
TALK3.DAT	832	178759	0x0002BC47	8	194	1026	16383	talk_end	
TALK3.DAT	833	179329	0x0002BE81	6	94	1026	16383	talk_end	
TALK3.DAT	834	179557	0x0002BF65	20	606	1026	16383	talk_end	
TALK3.DAT	835	182297	0x0002CA19	6	120	1026	16383	talk_end	
TALK3.DAT	836	182519	0x0002CAF7	11	242	1026	16383	talk_end	
TALK3.DAT	837	183674	0x0002CF7A	10	210	1026	16383	talk_end	
TALK3.DAT	838	184208	0x0002D190	7	20	1026	16383	talk_end	
TALK3.DAT	839	184228	0x0002D1A4	7	20	1026	16383	talk_end	
TALK3.DAT	840	184248	0x0002D1B8	2	4	1026	16383	talk_end	
TALK3.DAT	841	184252	0x0002D1BC	6	94	1026	16383	talk_end	
TALK3.DAT	842	184432	0x0002D270	24	278	1026	16383	talk_end	
TALK3.DAT	843	184710	0x0002D386	21	236	1026	16383	talk_end	
TALK3.DAT	844	184946	0x0002D472	21	174	1026	16383	talk_end	
TALK3.DAT	845	185120	0x0002D520	5	202	1026	16383	talk_end	
TALK3.DAT	846	185322	0x0002D5EA	7	228	1026	16383	talk_end	
TALK3.DAT	847	185550	0x0002D6CE	9	228	1026	16383	talk_end	
TALK3.DAT	848	186198	0x0002D956	13	312	1026	16383	talk_end	
TALK3.DAT	849	186854	0x0002DBE6	16	144	1026	16383	talk_end	
TALK3.DAT	850	187264	0x0002DD80	16	158	1026	16383	talk_end	
TALK3.DAT	851	187534	0x0002DE8E	21	348	1026	16383	talk_end	
TALK3.DAT	852	188058	0x0002E09A	11	214	1026	16383	talk_end	
TALK3.DAT	853	188272	0x0002E170	7	178	1026	16383	talk_end	
TALK3.DAT	854	188608	0x0002E2C0	5	44	1026	16383	talk_end	
TALK3.DAT	855	188652	0x0002E2EC	8	138	1026	16383	talk_end	
TALK3.DAT	856	189220	0x0002E524	20	460	1026	16383	talk_end	
TALK3.DAT	857	191765	0x0002EF15	5	102	1026	16383	talk_end	
TALK3.DAT	858	191867	0x0002EF7B	10	244	1026	16383	talk_end	
TALK3.DAT	859	192329	0x0002F149	10	222	1026	16383	talk_end	
TALK3.DAT	860	192950	0x0002F3B6	12	266	1026	16383	talk_end	
TALK3.DAT	861	193510	0x0002F5E6	24	492	1026	16383	talk_end	
TALK3.DAT	862	194318	0x0002F90E	18	394	1026	16383	talk_end	
TALK3.DAT	863	194712	0x0002FA98	7	102	1026	16383	talk_end	
TALK3.DAT	864	194930	0x0002FB72	5	100	1026	16383	talk_end	
TALK3.DAT	865	195030	0x0002FBD6	16	296	1026	16383	talk_end	
TALK3.DAT	866	195939	0x0002FF63	11	174	1026	16383	talk_end	
TALK3.DAT	867	196433	0x00030151	11	294	1026	16383	talk_end	
TALK3.DAT	868	196727	0x00030277	10	46	1026	16383	talk_end	
TALK3.DAT	869	196773	0x000302A5	10	42	1026	16383	talk_end	
TALK3.DAT	870	196815	0x000302CF	10	312	1026	16383	talk_end	
TALK3.DAT	871	197305	0x000304B9	7	104	1026	16383	talk_end	
TALK3.DAT	872	197627	0x000305FB	2	4	1026	16383	talk_end	
TALK3.DAT	873	197631	0x000305FF	2	4	1026	16383	talk_end	
TALK3.DAT	874	197635	0x00030603	2	4	1026	16383	talk_end	
TALK3.DAT	875	197639	0x00030607	2	4	1026	16383	talk_end	
TALK3.DAT	876	197643	0x0003060B	2	4	1026	16383	talk_end	
TALK3.DAT	877	197647	0x0003060F	2	4	1026	16383	talk_end	
TALK3.DAT	878	197651	0x00030613	2	4	1026	16383	talk_end	
TALK3.DAT	879	197655	0x00030617	2	4	1026	16383	talk_end	
TALK3.DAT	880	197659	0x0003061B	2	4	1026	16383	talk_end	
TALK3.DAT	881	197663	0x0003061F	10	156	1026	16383	talk_end	
TALK3.DAT	882	198161	0x00030811	7	152	1026	16383	talk_end	
TALK3.DAT	883	198439	0x00030927	15	194	1026	16383	talk_end	
TALK3.DAT	884	198697	0x00030A29	10	170	1026	16383	talk_end	
TALK3.DAT	885	199133	0x00030BDD	10	46	1026	16383	talk_end	
TALK3.DAT	886	199179	0x00030C0B	5	38	1026	16383	talk_end	
TALK3.DAT	887	199217	0x00030C31	17	378	1026	16383	talk_end	
TALK3.DAT	888	199753	0x00030E49	20	359	1026	16383	talk_end	
TALK3.DAT	889	200248	0x00031038	5	156	1026	16383	talk_end	
TALK3.DAT	890	200404	0x000310D4	5	172	1026	16383	talk_end	
TALK3.DAT	891	200576	0x00031180	5	116	1026	16383	talk_end	
TALK3.DAT	892	200692	0x000311F4	7	122	1026	16383	talk_end	
TALK3.DAT	893	200814	0x0003126E	10	46	1026	16383	talk_end	
TALK3.DAT	894	200860	0x0003129C	10	42	1026	16383	talk_end	
TALK3.DAT	895	200902	0x000312C6	9	322	1026	16383	talk_end	
TALK3.DAT	896	201336	0x00031478	9	204	1026	16383	talk_end	
TALK3.DAT	897	201668	0x000315C4	10	42	1026	16383	talk_end	
TALK3.DAT	898	201710	0x000315EE	10	46	1026	16383	talk_end	
TALK3.DAT	899	201756	0x0003161C	7	172	1026	16383	talk_end	
TALK3.DAT	900	201928	0x000316C8	7	178	1026	16383	talk_end	
TALK3.DAT	901	202250	0x0003180A	2	4	1026	16383	talk_end	
TALK3.DAT	902	202254	0x0003180E	2	4	1026	16383	talk_end	
TALK3.DAT	903	202258	0x00031812	2	4	1026	16383	talk_end	
TALK3.DAT	904	202262	0x00031816	2	4	1026	16383	talk_end	
TALK3.DAT	905	202266	0x0003181A	2	4	1026	16383	talk_end	
TALK3.DAT	906	202270	0x0003181E	2	4	1026	16383	talk_end	
TALK3.DAT	907	202274	0x00031822	2	4	1026	16383	talk_end	
TALK3.DAT	908	202278	0x00031826	2	4	1026	16383	talk_end	
TALK3.DAT	909	202282	0x0003182A	2	4	1026	16383	talk_end	
TALK3.DAT	910	202286	0x0003182E	2	4	1026	16383	talk_end	
TALK3.DAT	911	202290	0x00031832	2	4	1026	16383	talk_end	
TALK3.DAT	912	202294	0x00031836	2	4	1026	16383	talk_end	
TALK3.DAT	913	202298	0x0003183A	2	4	1026	16383	talk_end	
TALK3.DAT	914	202302	0x0003183E	2	4	1026	16383	talk_end	
TALK3.DAT	915	202306	0x00031842	2	4	1026	16383	talk_end	
TALK3.DAT	916	202310	0x00031846	2	4	1026	16383	talk_end	
TALK3.DAT	917	202314	0x0003184A	2	4	1026	16383	talk_end	
TALK3.DAT	918	202318	0x0003184E	2	4	1026	16383	talk_end	
TALK3.DAT	919	202322	0x00031852	2	4	1026	16383	talk_end	
TALK3.DAT	920	202326	0x00031856	2	4	1026	16383	talk_end	
TALK3.DAT	921	202330	0x0003185A	2	4	1026	16383	talk_end	
TALK3.DAT	922	202334	0x0003185E	2	4	1026	16383	talk_end	
TALK3.DAT	923	202338	0x00031862	2	4	1026	16383	talk_end	
TALK3.DAT	924	202342	0x00031866	2	4	1026	16383	talk_end	
TALK3.DAT	925	202346	0x0003186A	2	4	1026	16383	talk_end	
TALK3.DAT	926	202350	0x0003186E	2	4	1026	16383	talk_end	
TALK3.DAT	927	202354	0x00031872	2	4	1026	16383	talk_end	
TALK3.DAT	928	202358	0x00031876	2	4	1026	16383	talk_end	
TALK3.DAT	929	202362	0x0003187A	2	4	1026	16383	talk_end	
TALK3.DAT	930	202366	0x0003187E	2	4	1026	16383	talk_end	
TALK3.DAT	931	202370	0x00031882	2	4	1026	16383	talk_end	
TALK3.DAT	932	202374	0x00031886	2	4	1026	16383	talk_end	
TALK3.DAT	933	202378	0x0003188A	2	4	1026	16383	talk_end	
TALK3.DAT	934	202382	0x0003188E	2	4	1026	16383	talk_end	
TALK3.DAT	935	202386	0x00031892	2	4	1026	16383	talk_end	
TALK3.DAT	936	202390	0x00031896	2	4	1026	16383	talk_end	
TALK3.DAT	937	202394	0x0003189A	2	4	1026	16383	talk_end	
TALK3.DAT	938	202398	0x0003189E	2	4	1026	16383	talk_end	
TALK3.DAT	939	202402	0x000318A2	2	4	1026	16383	talk_end	
TALK3.DAT	940	202406	0x000318A6	2	4	1026	16383	talk_end	
TALK3.DAT	941	202410	0x000318AA	2	4	1026	16383	talk_end	
TALK3.DAT	942	202414	0x000318AE	2	4	1026	16383	talk_end	
TALK3.DAT	943	202418	0x000318B2	2	4	1026	16383	talk_end	
TALK3.DAT	944	202422	0x000318B6	2	4	1026	16383	talk_end	
TALK3.DAT	945	202426	0x000318BA	2	4	1026	16383	talk_end	
TALK3.DAT	946	202430	0x000318BE	2	4	1026	16383	talk_end	
TALK3.DAT	947	202434	0x000318C2	2	4	1026	16383	talk_end	
TALK3.DAT	948	202438	0x000318C6	2	4	1026	16383	talk_end	
TALK3.DAT	949	202442	0x000318CA	2	4	1026	16383	talk_end	
TALK3.DAT	950	202446	0x000318CE	2	4	1026	16383	talk_end	
TALK3.DAT	951	202450	0x000318D2	2	4	1026	16383	talk_end	
TALK3.DAT	952	202454	0x000318D6	2	4	1026	16383	talk_end	
TALK3.DAT	953	202458	0x000318DA	2	4	1026	16383	talk_end	
TALK3.DAT	954	202462	0x000318DE	2	4	1026	16383	talk_end	
TALK3.DAT	955	202466	0x000318E2	2	4	1026	16383	talk_end	
TALK3.DAT	956	202470	0x000318E6	2	4	1026	16383	talk_end	
TALK3.DAT	957	202474	0x000318EA	2	4	1026	16383	talk_end	
TALK3.DAT	958	202478	0x000318EE	2	4	1026	16383	talk_end	
TALK3.DAT	959	202482	0x000318F2	2	4	1026	16383	talk_end	
TALK3.DAT	960	202486	0x000318F6	2	4	1026	16383	talk_end	
TALK3.DAT	961	202490	0x000318FA	2	4	1026	16383	talk_end	
TALK3.DAT	962	202494	0x000318FE	2	4	1026	16383	talk_end	
TALK3.DAT	963	202498	0x00031902	2	4	1026	16383	talk_end	
TALK3.DAT	964	202502	0x00031906	2	4	1026	16383	talk_end	
TALK3.DAT	965	202506	0x0003190A	2	4	1026	16383	talk_end	
TALK3.DAT	966	202510	0x0003190E	2	4	1026	16383	talk_end	
TALK3.DAT	967	202514	0x00031912	2	4	1026	16383	talk_end	
TALK3.DAT	968	202518	0x00031916	2	4	1026	16383	talk_end	
TALK3.DAT	969	202522	0x0003191A	2	4	1026	16383	talk_end	
TALK3.DAT	970	202526	0x0003191E	2	4	1026	16383	talk_end	
TALK3.DAT	971	202530	0x00031922	2	4	1026	16383	talk_end	
TALK3.DAT	972	202534	0x00031926	2	4	1026	16383	talk_end	
TALK3.DAT	973	202538	0x0003192A	2	4	1026	16383	talk_end	
TALK3.DAT	974	202542	0x0003192E	2	4	1026	16383	talk_end	
TALK3.DAT	975	202546	0x00031932	2	4	1026	16383	talk_end	
TALK3.DAT	976	202550	0x00031936	2	4	1026	16383	talk_end	
TALK3.DAT	977	202554	0x0003193A	2	4	1026	16383	talk_end	
TALK3.DAT	978	202558	0x0003193E	2	4	1026	16383	talk_end	
TALK3.DAT	979	202562	0x00031942	2	4	1026	16383	talk_end	
TALK3.DAT	980	202566	0x00031946	2	4	1026	16383	talk_end	
TALK3.DAT	981	202570	0x0003194A	2	4	1026	16383	talk_end	
TALK3.DAT	982	202574	0x0003194E	2	4	1026	16383	talk_end	
TALK3.DAT	983	202578	0x00031952	2	4	1026	16383	talk_end	
TALK3.DAT	984	202582	0x00031956	2	4	1026	16383	talk_end	
TALK3.DAT	985	202586	0x0003195A	2	4	1026	16383	talk_end	
TALK3.DAT	986	202590	0x0003195E	2	4	1026	16383	talk_end	
TALK3.DAT	987	202594	0x00031962	2	4	1026	16383	talk_end	
TALK3.DAT	988	202598	0x00031966	2	4	1026	16383	talk_end	
TALK3.DAT	989	202602	0x0003196A	2	4	1026	16383	talk_end	
TALK3.DAT	990	202606	0x0003196E	2	4	1026	16383	talk_end	
TALK3.DAT	991	202610	0x00031972	2	4	1026	16383	talk_end	
TALK3.DAT	992	202614	0x00031976	2	4	1026	16383	talk_end	
TALK3.DAT	993	202618	0x0003197A	2	4	1026	16383	talk_end	
TALK3.DAT	994	202622	0x0003197E	2	4	1026	16383	talk_end	
TALK3.DAT	995	202626	0x00031982	2	4	1026	16383	talk_end	
TALK3.DAT	996	202630	0x00031986	2	4	1026	16383	talk_end	
TALK3.DAT	997	202634	0x0003198A	2	4	1026	16383	talk_end	
TALK3.DAT	998	202638	0x0003198E	2	4	1026	16383	talk_end	
TALK3.DAT	999	202642	0x00031992	2	4	1026	16383	talk_end	
TALK3.DAT	1000	202646	0x00031996	2	4	1026	16383	talk_end	
TALK3.DAT	1167	69638	0x00011206	1	2	16383	16383	talk_end	
TALK3.DAT	1190	69638	0x00011206	1	2	16383	16383	talk_end	
TALK3.DAT	1212	69638	0x00011206	1	2	16383	16383	talk_end	
TALK3.DAT	1236	69638	0x00011206	1	2	16383	16383	talk_end	
TALK3.DAT	1261	69638	0x00011206	1	2	16383	16383	talk_end	
TALK3.DAT	1296	69637	0x00011205	0	0			invalid_index_candidate	unmapped effective opcode 16128
TALK3.DAT	1407	69637	0x00011205	0	0			invalid_index_candidate	unmapped effective opcode 16128
TALK3.DAT	1414	69638	0x00011206	1	2	16383	16383	talk_end	
TALK3.DAT	1657	65705	0x000102A9	0	0			invalid_index_candidate	unmapped effective opcode 547
TALK3.DAT	1738	65556	0x00010214	0	0			invalid_index_candidate	unmapped effective opcode 370
TALK3.DAT	1756	65535	0x000101FF	0	0			invalid_index_candidate	unmapped effective opcode 12800
TALK3.DAT	1767	65556	0x00010214	0	0			invalid_index_candidate	unmapped effective opcode 370
TALK3.DAT	1814	65535	0x000101FF	0	0			invalid_index_candidate	unmapped effective opcode 12800
TALK3.DAT	1817	65535	0x000101FF	0	0			invalid_index_candidate	unmapped effective opcode 12800
TALK4.DAT	1	4404	0x00001334	17	131	1026	16383	talk_end	
TALK4.DAT	2	4535	0x000013B7	9	70	1026	16383	talk_end	
TALK4.DAT	3	4605	0x000013FD	9	70	1026	16383	talk_end	
TALK4.DAT	4	4675	0x00001443	7	54	1026	16383	talk_end	
TALK4.DAT	5	4729	0x00001479	7	54	1026	16383	talk_end	
TALK4.DAT	6	4783	0x000014AF	2	4	1026	16383	talk_end	
TALK4.DAT	7	4787	0x000014B3	2	4	1026	16383	talk_end	
TALK4.DAT	8	4791	0x000014B7	2	4	1026	16383	talk_end	
TALK4.DAT	9	4795	0x000014BB	2	4	1026	16383	talk_end	
TALK4.DAT	10	4799	0x000014BF	2	4	1026	16383	talk_end	
TALK4.DAT	11	4803	0x000014C3	2	4	1026	16383	talk_end	
TALK4.DAT	12	4807	0x000014C7	2	4	1026	16383	talk_end	
TALK4.DAT	13	4811	0x000014CB	2	4	1026	16383	talk_end	
TALK4.DAT	14	4815	0x000014CF	2	4	1026	16383	talk_end	
TALK4.DAT	15	4819	0x000014D3	2	4	1026	16383	talk_end	
TALK4.DAT	16	4823	0x000014D7	7	54	1026	16383	talk_end	
TALK4.DAT	17	4877	0x0000150D	7	54	1026	16383	talk_end	
TALK4.DAT	18	4931	0x00001543	2	4	1026	16383	talk_end	
TALK4.DAT	19	4935	0x00001547	7	54	1026	16383	talk_end	
TALK4.DAT	20	4989	0x0000157D	7	54	1026	16383	talk_end	
TALK4.DAT	21	5043	0x000015B3	2	4	1026	16383	talk_end	
TALK4.DAT	22	5047	0x000015B7	7	54	1026	16383	talk_end	
TALK4.DAT	23	5101	0x000015ED	7	54	1026	16383	talk_end	
TALK4.DAT	24	5155	0x00001623	72	664	1026	16383	talk_end	
TALK4.DAT	25	5921	0x00001921	84	713	1026	16383	talk_end	
TALK4.DAT	26	7724	0x0000202C	384	3262	1026	16383	talk_end	
TALK4.DAT	27	11190	0x00002DB6	50	402	1026	16383	talk_end	
TALK4.DAT	28	11646	0x00002F7E	13	102	1026	16383	talk_end	
TALK4.DAT	29	11748	0x00002FE4	13	102	1026	16383	talk_end	
TALK4.DAT	30	11850	0x0000304A	2	4	1026	16383	talk_end	
TALK4.DAT	31	11854	0x0000304E	2	4	1026	16383	talk_end	
TALK4.DAT	32	11858	0x00003052	410	3865	1026	16383	talk_end	
TALK4.DAT	33	15825	0x00003FD1	155	1332	1026	16383	talk_end	
TALK4.DAT	34	17849	0x000047B9	54	516	1026	16383	talk_end	
TALK4.DAT	35	18467	0x00004A23	7	54	1026	16383	talk_end	
TALK4.DAT	36	18521	0x00004A59	13	102	1026	16383	talk_end	
TALK4.DAT	37	18623	0x00004ABF	11	66	1026	16383	talk_end	
TALK4.DAT	38	18691	0x00004B03	10	64	1026	16383	talk_end	
TALK4.DAT	39	18755	0x00004B43	10	64	1026	16383	talk_end	
TALK4.DAT	40	18819	0x00004B83	10	64	1026	16383	talk_end	
TALK4.DAT	41	18883	0x00004BC3	10	64	1026	16383	talk_end	
TALK4.DAT	42	18947	0x00004C03	2	4	1026	16383	talk_end	
TALK4.DAT	43	18951	0x00004C07	2	4	1026	16383	talk_end	
TALK4.DAT	44	18955	0x00004C0B	2	4	1026	16383	talk_end	
TALK4.DAT	45	18959	0x00004C0F	2	4	1026	16383	talk_end	
TALK4.DAT	46	18963	0x00004C13	2	4	1026	16383	talk_end	
TALK4.DAT	47	18967	0x00004C17	2	4	1026	16383	talk_end	
TALK4.DAT	48	18971	0x00004C1B	2	4	1026	16383	talk_end	
TALK4.DAT	49	18975	0x00004C1F	2	4	1026	16383	talk_end	
TALK4.DAT	50	18979	0x00004C23	2	4	1026	16383	talk_end	
TALK4.DAT	51	18983	0x00004C27	2	4	1026	16383	talk_end	
TALK4.DAT	52	18987	0x00004C2B	2	4	1026	16383	talk_end	
TALK4.DAT	53	18991	0x00004C2F	2	4	1026	16383	talk_end	
TALK4.DAT	54	18995	0x00004C33	2	4	1026	16383	talk_end	
TALK4.DAT	55	18999	0x00004C37	2	4	1026	16383	talk_end	
TALK4.DAT	56	19003	0x00004C3B	2	4	1026	16383	talk_end	
TALK4.DAT	57	19007	0x00004C3F	2	4	1026	16383	talk_end	
TALK4.DAT	58	19011	0x00004C43	2	4	1026	16383	talk_end	
TALK4.DAT	59	19015	0x00004C47	2	4	1026	16383	talk_end	
TALK4.DAT	60	19019	0x00004C4B	2	4	1026	16383	talk_end	
TALK4.DAT	61	19023	0x00004C4F	13	102	1026	16383	talk_end	
TALK4.DAT	62	19125	0x00004CB5	13	102	1026	16383	talk_end	
TALK4.DAT	63	19227	0x00004D1B	13	102	1026	16383	talk_end	
TALK4.DAT	64	19329	0x00004D81	13	102	1026	16383	talk_end	
TALK4.DAT	65	19431	0x00004DE7	13	102	1026	16383	talk_end	
TALK4.DAT	66	19533	0x00004E4D	14	185	1026	16383	talk_end	
TALK4.DAT	67	19718	0x00004F06	4	32	1026	15	control_transfer_15	
TALK4.DAT	68	20086	0x00005076	34	178	1026	16383	talk_end	
TALK4.DAT	69	20573	0x0000525D	34	178	1026	16383	talk_end	
TALK4.DAT	70	21060	0x00005444	22	171	1026	16383	talk_end	
TALK4.DAT	71	21897	0x00005789	22	171	1026	16383	talk_end	
TALK4.DAT	72	22316	0x0000592C	716	6014	1026	16383	talk_end	
TALK4.DAT	73	28330	0x000070AA	2	4	1026	16383	talk_end	
TALK4.DAT	74	28334	0x000070AE	2	4	1026	16383	talk_end	
TALK4.DAT	75	28338	0x000070B2	15	100	1026	16383	talk_end	
TALK4.DAT	76	29773	0x0000764D	45	463	1026	16383	talk_end	
TALK4.DAT	77	32146	0x00007F92	13	102	1026	16383	talk_end	
TALK4.DAT	78	32248	0x00007FF8	13	102	1026	16383	talk_end	
TALK4.DAT	79	32350	0x0000805E	7	54	1026	16383	talk_end	
TALK4.DAT	80	32404	0x00008094	410	3617	1026	16383	talk_end	
TALK4.DAT	81	36123	0x00008F1B	191	1643	1026	16383	talk_end	
TALK4.DAT	82	37820	0x000095BC	13	102	1026	16383	talk_end	
TALK4.DAT	83	37922	0x00009622	2	4	1026	16383	talk_end	
TALK4.DAT	84	37926	0x00009626	41	371	1026	16383	talk_end	
TALK4.DAT	85	38297	0x00009799	15	131	1026	16383	talk_end	
TALK4.DAT	86	38428	0x0000981C	32	240	1026	16383	talk_end	
TALK4.DAT	87	38730	0x0000994A	32	240	1026	16383	talk_end	
TALK4.DAT	88	38970	0x00009A3A	32	240	1026	16383	talk_end	
TALK4.DAT	89	39210	0x00009B2A	32	240	1026	16383	talk_end	
TALK4.DAT	90	39450	0x00009C1A	32	240	1026	16383	talk_end	
TALK4.DAT	91	39690	0x00009D0A	32	240	1026	16383	talk_end	
TALK4.DAT	92	39930	0x00009DFA	32	240	1026	16383	talk_end	
TALK4.DAT	93	40170	0x00009EEA	32	240	1026	16383	talk_end	
TALK4.DAT	94	40410	0x00009FDA	4	12	1026	16383	talk_end	
TALK4.DAT	95	40422	0x00009FE6	7	26	1026	16383	talk_end	
TALK4.DAT	96	40448	0x0000A000	5	54	1026	16383	talk_end	
TALK4.DAT	97	40502	0x0000A036	2	4	1026	16383	talk_end	
TALK4.DAT	98	40506	0x0000A03A	2	4	1026	16383	talk_end	
TALK4.DAT	99	40510	0x0000A03E	2	4	1026	16383	talk_end	
TALK4.DAT	100	40514	0x0000A042	2	4	1026	16383	talk_end	
TALK4.DAT	101	40518	0x0000A046	10	57	1026	16383	talk_end	
TALK4.DAT	102	40737	0x0000A121	2	4	1026	16383	talk_end	
TALK4.DAT	103	40741	0x0000A125	7	54	1026	16383	talk_end	
TALK4.DAT	104	40795	0x0000A15B	8	62	1026	16383	talk_end	
TALK4.DAT	105	41922	0x0000A5C2	7	54	1026	16383	talk_end	
TALK4.DAT	106	41976	0x0000A5F8	7	54	1026	16383	talk_end	
TALK4.DAT	107	42030	0x0000A62E	7	54	1026	16383	talk_end	
TALK4.DAT	108	42084	0x0000A664	7	54	1026	16383	talk_end	
TALK4.DAT	109	42138	0x0000A69A	7	54	1026	16383	talk_end	
TALK4.DAT	110	42192	0x0000A6D0	7	54	1026	16383	talk_end	
TALK4.DAT	111	42246	0x0000A706	7	54	1026	16383	talk_end	
TALK4.DAT	112	42300	0x0000A73C	7	54	1026	16383	talk_end	
TALK4.DAT	113	42354	0x0000A772	7	54	1026	16383	talk_end	
TALK4.DAT	114	42408	0x0000A7A8	7	54	1026	16383	talk_end	
TALK4.DAT	115	42462	0x0000A7DE	7	54	1026	16383	talk_end	
TALK4.DAT	116	42516	0x0000A814	7	54	1026	16383	talk_end	
TALK4.DAT	117	42570	0x0000A84A	7	54	1026	16383	talk_end	
TALK4.DAT	118	42624	0x0000A880	7	54	1026	16383	talk_end	
TALK4.DAT	119	42678	0x0000A8B6	9	34	1026	16383	talk_end	
TALK4.DAT	120	42712	0x0000A8D8	7	54	1026	16383	talk_end	
TALK4.DAT	121	42766	0x0000A90E	7	54	1026	16383	talk_end	
TALK4.DAT	122	42820	0x0000A944	7	54	1026	16383	talk_end	
TALK4.DAT	123	42874	0x0000A97A	7	54	1026	16383	talk_end	
TALK4.DAT	124	42928	0x0000A9B0	8	62	1026	16383	talk_end	
TALK4.DAT	125	42994	0x0000A9F2	8	62	1026	16383	talk_end	
TALK4.DAT	126	43056	0x0000AA30	8	62	1026	16383	talk_end	
TALK4.DAT	127	43118	0x0000AA6E	7	54	1026	16383	talk_end	
TALK4.DAT	128	43172	0x0000AAA4	7	54	1026	16383	talk_end	
TALK4.DAT	129	43226	0x0000AADA	7	54	1026	16383	talk_end	
TALK4.DAT	130	43280	0x0000AB10	7	54	1026	16383	talk_end	
TALK4.DAT	131	43334	0x0000AB46	7	54	1026	16383	talk_end	
TALK4.DAT	132	43388	0x0000AB7C	7	54	1026	16383	talk_end	
TALK4.DAT	133	43442	0x0000ABB2	5	22	1026	16383	talk_end	
TALK4.DAT	134	43464	0x0000ABC8	13	68	1026	16383	talk_end	
TALK4.DAT	135	43532	0x0000AC0C	4	12	1026	16383	talk_end	
TALK4.DAT	136	43544	0x0000AC18	4	12	1026	16383	talk_end	
TALK4.DAT	137	43556	0x0000AC24	4	12	1026	16383	talk_end	
TALK4.DAT	138	43568	0x0000AC30	117	963	1026	16383	talk_end	
TALK4.DAT	139	44531	0x0000AFF3	21	145	1026	16383	talk_end	
TALK4.DAT	140	44676	0x0000B084	16	92	1026	16383	talk_end	
TALK4.DAT	141	44768	0x0000B0E0	117	756	1026	16383	talk_end	
TALK4.DAT	142	45524	0x0000B3D4	5	16	1026	16383	talk_end	
TALK4.DAT	143	45540	0x0000B3E4	5	16	1026	16383	talk_end	
TALK4.DAT	144	45556	0x0000B3F4	2	4	1026	16383	talk_end	
TALK4.DAT	145	45560	0x0000B3F8	2	4	1026	16383	talk_end	
TALK4.DAT	146	45564	0x0000B3FC	2	4	1026	16383	talk_end	
TALK4.DAT	147	45568	0x0000B400	2	4	1026	16383	talk_end	
TALK4.DAT	148	45572	0x0000B404	2	4	1026	16383	talk_end	
TALK4.DAT	149	45576	0x0000B408	2	4	1026	16383	talk_end	
TALK4.DAT	150	45580	0x0000B40C	2	4	1026	16383	talk_end	
TALK4.DAT	151	45584	0x0000B410	2	4	1026	16383	talk_end	
TALK4.DAT	152	45588	0x0000B414	2	4	1026	16383	talk_end	
TALK4.DAT	153	45592	0x0000B418	2	4	1026	16383	talk_end	
TALK4.DAT	154	45596	0x0000B41C	2	4	1026	16383	talk_end	
TALK4.DAT	155	45600	0x0000B420	2	4	1026	16383	talk_end	
TALK4.DAT	156	45604	0x0000B424	2	4	1026	16383	talk_end	
TALK4.DAT	157	45608	0x0000B428	2	4	1026	16383	talk_end	
TALK4.DAT	158	45612	0x0000B42C	2	4	1026	16383	talk_end	
TALK4.DAT	159	45616	0x0000B430	2	4	1026	16383	talk_end	
TALK4.DAT	160	45620	0x0000B434	2	4	1026	16383	talk_end	
TALK4.DAT	161	45624	0x0000B438	2	4	1026	16383	talk_end	
TALK4.DAT	162	45628	0x0000B43C	2	4	1026	16383	talk_end	
TALK4.DAT	163	45632	0x0000B440	2	4	1026	16383	talk_end	
TALK4.DAT	164	45636	0x0000B444	2	4	1026	16383	talk_end	
TALK4.DAT	165	45640	0x0000B448	2	4	1026	16383	talk_end	
TALK4.DAT	166	45644	0x0000B44C	2	4	1026	16383	talk_end	
TALK4.DAT	167	45648	0x0000B450	2	4	1026	16383	talk_end	
TALK4.DAT	168	45652	0x0000B454	2	4	1026	16383	talk_end	
TALK4.DAT	169	45656	0x0000B458	2	4	1026	16383	talk_end	
TALK4.DAT	170	45660	0x0000B45C	2	4	1026	16383	talk_end	
TALK4.DAT	171	45664	0x0000B460	2	4	1026	16383	talk_end	
TALK4.DAT	172	45668	0x0000B464	2	4	1026	16383	talk_end	
TALK4.DAT	173	45672	0x0000B468	2	4	1026	16383	talk_end	
TALK4.DAT	174	45676	0x0000B46C	2	4	1026	16383	talk_end	
TALK4.DAT	175	45680	0x0000B470	2	4	1026	16383	talk_end	
TALK4.DAT	176	45684	0x0000B474	2	4	1026	16383	talk_end	
TALK4.DAT	177	45688	0x0000B478	2	4	1026	16383	talk_end	
TALK4.DAT	178	45692	0x0000B47C	2	4	1026	16383	talk_end	
TALK4.DAT	179	45696	0x0000B480	2	4	1026	16383	talk_end	
TALK4.DAT	180	45700	0x0000B484	2	4	1026	16383	talk_end	
TALK4.DAT	181	45704	0x0000B488	2	4	1026	16383	talk_end	
TALK4.DAT	182	45708	0x0000B48C	2	4	1026	16383	talk_end	
TALK4.DAT	183	45712	0x0000B490	2	4	1026	16383	talk_end	
TALK4.DAT	184	45716	0x0000B494	2	4	1026	16383	talk_end	
TALK4.DAT	185	45720	0x0000B498	2	4	1026	16383	talk_end	
TALK4.DAT	186	45724	0x0000B49C	2	4	1026	16383	talk_end	
TALK4.DAT	187	45728	0x0000B4A0	2	4	1026	16383	talk_end	
TALK4.DAT	188	45732	0x0000B4A4	2	4	1026	16383	talk_end	
TALK4.DAT	189	45736	0x0000B4A8	2	4	1026	16383	talk_end	
TALK4.DAT	190	45740	0x0000B4AC	2	4	1026	16383	talk_end	
TALK4.DAT	191	45744	0x0000B4B0	2	4	1026	16383	talk_end	
TALK4.DAT	192	45748	0x0000B4B4	2	4	1026	16383	talk_end	
TALK4.DAT	193	45752	0x0000B4B8	2	4	1026	16383	talk_end	
TALK4.DAT	194	45756	0x0000B4BC	2	4	1026	16383	talk_end	
TALK4.DAT	195	45760	0x0000B4C0	2	4	1026	16383	talk_end	
TALK4.DAT	196	45764	0x0000B4C4	2	4	1026	16383	talk_end	
TALK4.DAT	197	45768	0x0000B4C8	2	4	1026	16383	talk_end	
TALK4.DAT	198	45772	0x0000B4CC	2	4	1026	16383	talk_end	
TALK4.DAT	199	45776	0x0000B4D0	2	4	1026	16383	talk_end	
TALK4.DAT	200	45780	0x0000B4D4	289	2443	1026	16383	talk_end	
TALK4.DAT	201	50454	0x0000C716	7	54	1026	16383	talk_end	
TALK4.DAT	202	50508	0x0000C74C	10	72	1026	16383	talk_end	
TALK4.DAT	203	54388	0x0000D674	7	54	1026	16383	talk_end	
TALK4.DAT	204	54442	0x0000D6AA	7	54	1026	16383	talk_end	
TALK4.DAT	205	54496	0x0000D6E0	7	54	1026	16383	talk_end	
TALK4.DAT	206	54550	0x0000D716	2	4	1026	16383	talk_end	
TALK4.DAT	207	54554	0x0000D71A	2	4	1026	16383	talk_end	
TALK4.DAT	208	54558	0x0000D71E	2	4	1026	16383	talk_end	
TALK4.DAT	209	54562	0x0000D722	2	4	1026	16383	talk_end	
TALK4.DAT	210	54566	0x0000D726	2	4	1026	16383	talk_end	
TALK4.DAT	211	54570	0x0000D72A	2	4	1026	16383	talk_end	
TALK4.DAT	212	54574	0x0000D72E	2	4	1026	16383	talk_end	
TALK4.DAT	213	54578	0x0000D732	2	4	1026	16383	talk_end	
TALK4.DAT	214	54582	0x0000D736	2	4	1026	16383	talk_end	
TALK4.DAT	215	54586	0x0000D73A	2	4	1026	16383	talk_end	
TALK4.DAT	216	54590	0x0000D73E	2	4	1026	16383	talk_end	
TALK4.DAT	217	54594	0x0000D742	2	4	1026	16383	talk_end	
TALK4.DAT	218	54598	0x0000D746	2	4	1026	16383	talk_end	
TALK4.DAT	219	54602	0x0000D74A	2	4	1026	16383	talk_end	
TALK4.DAT	220	54606	0x0000D74E	2	4	1026	16383	talk_end	
TALK4.DAT	221	54610	0x0000D752	2	4	1026	16383	talk_end	
TALK4.DAT	222	54614	0x0000D756	2	4	1026	16383	talk_end	
TALK4.DAT	223	54618	0x0000D75A	2	4	1026	16383	talk_end	
TALK4.DAT	224	54622	0x0000D75E	2	4	1026	16383	talk_end	
TALK4.DAT	225	54626	0x0000D762	2	4	1026	16383	talk_end	
TALK4.DAT	226	54630	0x0000D766	2	4	1026	16383	talk_end	
TALK4.DAT	227	54634	0x0000D76A	2	4	1026	16383	talk_end	
TALK4.DAT	228	54638	0x0000D76E	2	4	1026	16383	talk_end	
TALK4.DAT	229	54642	0x0000D772	2	4	1026	16383	talk_end	
TALK4.DAT	230	54646	0x0000D776	2	4	1026	16383	talk_end	
TALK4.DAT	231	54650	0x0000D77A	2	4	1026	16383	talk_end	
TALK4.DAT	232	54654	0x0000D77E	2	4	1026	16383	talk_end	
TALK4.DAT	233	54658	0x0000D782	2	4	1026	16383	talk_end	
TALK4.DAT	234	54662	0x0000D786	2	4	1026	16383	talk_end	
TALK4.DAT	235	54666	0x0000D78A	2	4	1026	16383	talk_end	
TALK4.DAT	236	54670	0x0000D78E	2	4	1026	16383	talk_end	
TALK4.DAT	237	54674	0x0000D792	2	4	1026	16383	talk_end	
TALK4.DAT	238	54678	0x0000D796	2	4	1026	16383	talk_end	
TALK4.DAT	239	54682	0x0000D79A	2	4	1026	16383	talk_end	
TALK4.DAT	240	54686	0x0000D79E	2	4	1026	16383	talk_end	
TALK4.DAT	241	54690	0x0000D7A2	2	4	1026	16383	talk_end	
TALK4.DAT	242	54694	0x0000D7A6	2	4	1026	16383	talk_end	
TALK4.DAT	243	54698	0x0000D7AA	2	4	1026	16383	talk_end	
TALK4.DAT	244	54702	0x0000D7AE	2	4	1026	16383	talk_end	
TALK4.DAT	245	54706	0x0000D7B2	2	4	1026	16383	talk_end	
TALK4.DAT	246	54710	0x0000D7B6	2	4	1026	16383	talk_end	
TALK4.DAT	247	54714	0x0000D7BA	2	4	1026	16383	talk_end	
TALK4.DAT	248	54718	0x0000D7BE	2	4	1026	16383	talk_end	
TALK4.DAT	249	54722	0x0000D7C2	2	4	1026	16383	talk_end	
TALK4.DAT	250	54726	0x0000D7C6	2	4	1026	16383	talk_end	
TALK4.DAT	251	54730	0x0000D7CA	2	4	1026	16383	talk_end	
TALK4.DAT	252	54734	0x0000D7CE	2	4	1026	16383	talk_end	
TALK4.DAT	253	54738	0x0000D7D2	2	4	1026	16383	talk_end	
TALK4.DAT	254	54742	0x0000D7D6	2	4	1026	16383	talk_end	
TALK4.DAT	255	54746	0x0000D7DA	2	4	1026	16383	talk_end	
TALK4.DAT	256	54750	0x0000D7DE	2	4	1026	16383	talk_end	
TALK4.DAT	257	54754	0x0000D7E2	2	4	1026	16383	talk_end	
TALK4.DAT	258	54758	0x0000D7E6	2	4	1026	16383	talk_end	
TALK4.DAT	259	54762	0x0000D7EA	2	4	1026	16383	talk_end	
TALK4.DAT	260	54766	0x0000D7EE	2	4	1026	16383	talk_end	
TALK4.DAT	261	54770	0x0000D7F2	2	4	1026	16383	talk_end	
TALK4.DAT	262	54774	0x0000D7F6	2	4	1026	16383	talk_end	
TALK4.DAT	263	54778	0x0000D7FA	2	4	1026	16383	talk_end	
TALK4.DAT	264	54782	0x0000D7FE	2	4	1026	16383	talk_end	
TALK4.DAT	265	54786	0x0000D802	2	4	1026	16383	talk_end	
TALK4.DAT	266	54790	0x0000D806	2	4	1026	16383	talk_end	
TALK4.DAT	267	54794	0x0000D80A	2	4	1026	16383	talk_end	
TALK4.DAT	268	54798	0x0000D80E	2	4	1026	16383	talk_end	
TALK4.DAT	269	54802	0x0000D812	2	4	1026	16383	talk_end	
TALK4.DAT	270	54806	0x0000D816	2	4	1026	16383	talk_end	
TALK4.DAT	271	54810	0x0000D81A	2	4	1026	16383	talk_end	
TALK4.DAT	272	54814	0x0000D81E	2	4	1026	16383	talk_end	
TALK4.DAT	273	54818	0x0000D822	2	4	1026	16383	talk_end	
TALK4.DAT	274	54822	0x0000D826	2	4	1026	16383	talk_end	
TALK4.DAT	275	54826	0x0000D82A	2	4	1026	16383	talk_end	
TALK4.DAT	276	54830	0x0000D82E	2	4	1026	16383	talk_end	
TALK4.DAT	277	54834	0x0000D832	2	4	1026	16383	talk_end	
TALK4.DAT	278	54838	0x0000D836	2	4	1026	16383	talk_end	
TALK4.DAT	279	54842	0x0000D83A	2	4	1026	16383	talk_end	
TALK4.DAT	280	54846	0x0000D83E	2	4	1026	16383	talk_end	
TALK4.DAT	281	54850	0x0000D842	2	4	1026	16383	talk_end	
TALK4.DAT	282	54854	0x0000D846	2	4	1026	16383	talk_end	
TALK4.DAT	283	54858	0x0000D84A	2	4	1026	16383	talk_end	
TALK4.DAT	284	54862	0x0000D84E	2	4	1026	16383	talk_end	
TALK4.DAT	285	54866	0x0000D852	2	4	1026	16383	talk_end	
TALK4.DAT	286	54870	0x0000D856	2	4	1026	16383	talk_end	
TALK4.DAT	287	54874	0x0000D85A	2	4	1026	16383	talk_end	
TALK4.DAT	288	54878	0x0000D85E	2	4	1026	16383	talk_end	
TALK4.DAT	289	54882	0x0000D862	2	4	1026	16383	talk_end	
TALK4.DAT	290	54886	0x0000D866	2	4	1026	16383	talk_end	
TALK4.DAT	291	54890	0x0000D86A	2	4	1026	16383	talk_end	
TALK4.DAT	292	54894	0x0000D86E	2	4	1026	16383	talk_end	
TALK4.DAT	293	54898	0x0000D872	2	4	1026	16383	talk_end	
TALK4.DAT	294	54902	0x0000D876	2	4	1026	16383	talk_end	
TALK4.DAT	295	54906	0x0000D87A	2	4	1026	16383	talk_end	
TALK4.DAT	296	54910	0x0000D87E	2	4	1026	16383	talk_end	
TALK4.DAT	297	54914	0x0000D882	15	109	1026	16383	talk_end	
TALK4.DAT	298	55023	0x0000D8EF	7	80	1026	16383	talk_end	
TALK4.DAT	299	55183	0x0000D98F	31	252	1026	16383	talk_end	
TALK4.DAT	300	55970	0x0000DCA2	832	7823	1026	16383	talk_end	
TALK4.DAT	301	73012	0x00011F34	8	56	1026	16383	talk_end	
TALK4.DAT	302	73068	0x00011F6C	226	3036	1026	15	control_transfer_15	
TALK4.DAT	303	76160	0x00012B80	7	54	1026	16383	talk_end	
TALK4.DAT	304	76214	0x00012BB6	7	54	1026	16383	talk_end	
TALK4.DAT	305	76268	0x00012BEC	1207	10788	1026	16383	talk_end	
TALK4.DAT	306	87056	0x00015610	2	4	1026	16383	talk_end	
TALK4.DAT	307	87060	0x00015614	2	4	1026	16383	talk_end	
TALK4.DAT	308	87064	0x00015618	2	4	1026	16383	talk_end	
TALK4.DAT	309	87068	0x0001561C	2	4	1026	16383	talk_end	
TALK4.DAT	310	87072	0x00015620	2	4	1026	16383	talk_end	
TALK4.DAT	311	87076	0x00015624	2	4	1026	16383	talk_end	
TALK4.DAT	312	87080	0x00015628	2	4	1026	16383	talk_end	
TALK4.DAT	313	87084	0x0001562C	2	4	1026	16383	talk_end	
TALK4.DAT	314	87088	0x00015630	2	4	1026	16383	talk_end	
TALK4.DAT	315	87092	0x00015634	2	4	1026	16383	talk_end	
TALK4.DAT	316	87096	0x00015638	2	4	1026	16383	talk_end	
TALK4.DAT	317	87100	0x0001563C	2	4	1026	16383	talk_end	
TALK4.DAT	318	87104	0x00015640	2	4	1026	16383	talk_end	
TALK4.DAT	319	87108	0x00015644	2	4	1026	16383	talk_end	
TALK4.DAT	320	87112	0x00015648	2	4	1026	16383	talk_end	
TALK4.DAT	321	87116	0x0001564C	2	4	1026	16383	talk_end	
TALK4.DAT	322	87120	0x00015650	2	4	1026	16383	talk_end	
TALK4.DAT	323	87124	0x00015654	2	4	1026	16383	talk_end	
TALK4.DAT	324	87128	0x00015658	2	4	1026	16383	talk_end	
TALK4.DAT	325	87132	0x0001565C	2	4	1026	16383	talk_end	
TALK4.DAT	326	87136	0x00015660	2	4	1026	16383	talk_end	
TALK4.DAT	327	87140	0x00015664	2	4	1026	16383	talk_end	
TALK4.DAT	328	87144	0x00015668	2	4	1026	16383	talk_end	
TALK4.DAT	329	87148	0x0001566C	2	4	1026	16383	talk_end	
TALK4.DAT	330	87152	0x00015670	2	4	1026	16383	talk_end	
TALK4.DAT	331	87156	0x00015674	2	4	1026	16383	talk_end	
TALK4.DAT	332	87160	0x00015678	2	4	1026	16383	talk_end	
TALK4.DAT	333	87164	0x0001567C	2	4	1026	16383	talk_end	
TALK4.DAT	334	87168	0x00015680	2	4	1026	16383	talk_end	
TALK4.DAT	335	87172	0x00015684	2	4	1026	16383	talk_end	
TALK4.DAT	336	87176	0x00015688	2	4	1026	16383	talk_end	
TALK4.DAT	337	87180	0x0001568C	2	4	1026	16383	talk_end	
TALK4.DAT	338	87184	0x00015690	2	4	1026	16383	talk_end	
TALK4.DAT	339	87188	0x00015694	2	4	1026	16383	talk_end	
TALK4.DAT	340	87192	0x00015698	2	4	1026	16383	talk_end	
TALK4.DAT	341	87196	0x0001569C	2	4	1026	16383	talk_end	
TALK4.DAT	342	87200	0x000156A0	2	4	1026	16383	talk_end	
TALK4.DAT	343	87204	0x000156A4	2	4	1026	16383	talk_end	
TALK4.DAT	344	87208	0x000156A8	2	4	1026	16383	talk_end	
TALK4.DAT	345	87212	0x000156AC	2	4	1026	16383	talk_end	
TALK4.DAT	346	87216	0x000156B0	2	4	1026	16383	talk_end	
TALK4.DAT	347	87220	0x000156B4	2	4	1026	16383	talk_end	
TALK4.DAT	348	87224	0x000156B8	2	4	1026	16383	talk_end	
TALK4.DAT	349	87228	0x000156BC	2	4	1026	16383	talk_end	
TALK4.DAT	350	87232	0x000156C0	2	4	1026	16383	talk_end	
TALK4.DAT	351	87236	0x000156C4	2	4	1026	16383	talk_end	
TALK4.DAT	352	87240	0x000156C8	2	4	1026	16383	talk_end	
TALK4.DAT	353	87244	0x000156CC	2	4	1026	16383	talk_end	
TALK4.DAT	354	87248	0x000156D0	2	4	1026	16383	talk_end	
TALK4.DAT	355	87252	0x000156D4	2	4	1026	16383	talk_end	
TALK4.DAT	356	87256	0x000156D8	2	4	1026	16383	talk_end	
TALK4.DAT	357	87260	0x000156DC	2	4	1026	16383	talk_end	
TALK4.DAT	358	87264	0x000156E0	2	4	1026	16383	talk_end	
TALK4.DAT	359	87268	0x000156E4	2	4	1026	16383	talk_end	
TALK4.DAT	360	87272	0x000156E8	2	4	1026	16383	talk_end	
TALK4.DAT	361	87276	0x000156EC	2	4	1026	16383	talk_end	
TALK4.DAT	362	87280	0x000156F0	2	4	1026	16383	talk_end	
TALK4.DAT	363	87284	0x000156F4	2	4	1026	16383	talk_end	
TALK4.DAT	364	87288	0x000156F8	2	4	1026	16383	talk_end	
TALK4.DAT	365	87292	0x000156FC	2	4	1026	16383	talk_end	
TALK4.DAT	366	87296	0x00015700	2	4	1026	16383	talk_end	
TALK4.DAT	367	87300	0x00015704	2	4	1026	16383	talk_end	
TALK4.DAT	368	87304	0x00015708	2	4	1026	16383	talk_end	
TALK4.DAT	369	87308	0x0001570C	2	4	1026	16383	talk_end	
TALK4.DAT	370	87312	0x00015710	2	4	1026	16383	talk_end	
TALK4.DAT	371	87316	0x00015714	2	4	1026	16383	talk_end	
TALK4.DAT	372	87320	0x00015718	2	4	1026	16383	talk_end	
TALK4.DAT	373	87324	0x0001571C	2	4	1026	16383	talk_end	
TALK4.DAT	374	87328	0x00015720	2	4	1026	16383	talk_end	
TALK4.DAT	375	87332	0x00015724	2	4	1026	16383	talk_end	
TALK4.DAT	376	87336	0x00015728	2	4	1026	16383	talk_end	
TALK4.DAT	377	87340	0x0001572C	2	4	1026	16383	talk_end	
TALK4.DAT	378	87344	0x00015730	2	4	1026	16383	talk_end	
TALK4.DAT	379	87348	0x00015734	2	4	1026	16383	talk_end	
TALK4.DAT	380	87352	0x00015738	2	4	1026	16383	talk_end	
TALK4.DAT	381	87356	0x0001573C	2	4	1026	16383	talk_end	
TALK4.DAT	382	87360	0x00015740	2	4	1026	16383	talk_end	
TALK4.DAT	383	87364	0x00015744	2	4	1026	16383	talk_end	
TALK4.DAT	384	87368	0x00015748	2	4	1026	16383	talk_end	
TALK4.DAT	385	87372	0x0001574C	2	4	1026	16383	talk_end	
TALK4.DAT	386	87376	0x00015750	2	4	1026	16383	talk_end	
TALK4.DAT	387	87380	0x00015754	2	4	1026	16383	talk_end	
TALK4.DAT	388	87384	0x00015758	2	4	1026	16383	talk_end	
TALK4.DAT	389	87388	0x0001575C	2	4	1026	16383	talk_end	
TALK4.DAT	390	87392	0x00015760	2	4	1026	16383	talk_end	
TALK4.DAT	391	87396	0x00015764	2	4	1026	16383	talk_end	
TALK4.DAT	392	87400	0x00015768	2	4	1026	16383	talk_end	
TALK4.DAT	393	87404	0x0001576C	2	4	1026	16383	talk_end	
TALK4.DAT	394	87408	0x00015770	2	4	1026	16383	talk_end	
TALK4.DAT	395	87412	0x00015774	2	4	1026	16383	talk_end	
TALK4.DAT	396	87416	0x00015778	2	4	1026	16383	talk_end	
TALK4.DAT	397	87420	0x0001577C	2	4	1026	16383	talk_end	
TALK4.DAT	398	87424	0x00015780	2	4	1026	16383	talk_end	
TALK4.DAT	399	87428	0x00015784	2	4	1026	16383	talk_end	
TALK4.DAT	400	87432	0x00015788	2	4	1026	16383	talk_end	
TALK4.DAT	401	87436	0x0001578C	7	54	1026	16383	talk_end	
TALK4.DAT	402	87490	0x000157C2	7	54	1026	16383	talk_end	
TALK4.DAT	403	87544	0x000157F8	7	54	1026	16383	talk_end	
TALK4.DAT	404	87598	0x0001582E	7	54	1026	16383	talk_end	
TALK4.DAT	405	87652	0x00015864	7	54	1026	16383	talk_end	
TALK4.DAT	406	87706	0x0001589A	7	54	1026	16383	talk_end	
TALK4.DAT	407	87760	0x000158D0	7	54	1026	16383	talk_end	
TALK4.DAT	408	87814	0x00015906	7	54	1026	16383	talk_end	
TALK4.DAT	409	87868	0x0001593C	8	62	1026	16383	talk_end	
TALK4.DAT	410	97465	0x00017EB9	659	5782	1026	16383	talk_end	
TALK4.DAT	411	103247	0x0001954F	2	4	1026	16383	talk_end	
TALK4.DAT	412	103251	0x00019553	9	120	1026	16383	talk_end	
TALK4.DAT	413	103371	0x000195CB	9	158	1026	16383	talk_end	
TALK4.DAT	414	103590	0x000196A6	9	104	1026	16383	talk_end	
TALK4.DAT	415	103694	0x0001970E	9	120	1026	16383	talk_end	
TALK4.DAT	416	103814	0x00019786	9	104	1026	16383	talk_end	
TALK4.DAT	417	103918	0x000197EE	4	78	1026	16383	talk_end	
TALK4.DAT	418	103996	0x0001983C	7	76	1026	16383	talk_end	
TALK4.DAT	419	104174	0x000198EE	7	54	1026	16383	talk_end	
TALK4.DAT	420	104228	0x00019924	7	54	1026	16383	talk_end	
TALK4.DAT	421	104282	0x0001995A	5	58	1026	16383	talk_end	
TALK4.DAT	422	104340	0x00019994	2	4	1026	16383	talk_end	
TALK4.DAT	423	104344	0x00019998	2	4	1026	16383	talk_end	
TALK4.DAT	424	104348	0x0001999C	2	4	1026	16383	talk_end	
TALK4.DAT	425	104352	0x000199A0	2	4	1026	16383	talk_end	
TALK4.DAT	426	104356	0x000199A4	2	4	1026	16383	talk_end	
TALK4.DAT	427	104360	0x000199A8	2	4	1026	16383	talk_end	
TALK4.DAT	428	104364	0x000199AC	2	4	1026	16383	talk_end	
TALK4.DAT	429	104368	0x000199B0	2	4	1026	16383	talk_end	
TALK4.DAT	430	104372	0x000199B4	2	4	1026	16383	talk_end	
TALK4.DAT	431	104376	0x000199B8	2	4	1026	16383	talk_end	
TALK4.DAT	432	104380	0x000199BC	2	4	1026	16383	talk_end	
TALK4.DAT	433	104384	0x000199C0	2	4	1026	16383	talk_end	
TALK4.DAT	434	104388	0x000199C4	2	4	1026	16383	talk_end	
TALK4.DAT	435	104392	0x000199C8	2	4	1026	16383	talk_end	
TALK4.DAT	436	104396	0x000199CC	2	4	1026	16383	talk_end	
TALK4.DAT	437	104400	0x000199D0	2	4	1026	16383	talk_end	
TALK4.DAT	438	104404	0x000199D4	2	4	1026	16383	talk_end	
TALK4.DAT	439	104408	0x000199D8	2	4	1026	16383	talk_end	
TALK4.DAT	440	104412	0x000199DC	2	4	1026	16383	talk_end	
TALK4.DAT	441	104416	0x000199E0	2	4	1026	16383	talk_end	
TALK4.DAT	442	104420	0x000199E4	2	4	1026	16383	talk_end	
TALK4.DAT	443	104424	0x000199E8	2	4	1026	16383	talk_end	
TALK4.DAT	444	104428	0x000199EC	2	4	1026	16383	talk_end	
TALK4.DAT	445	104432	0x000199F0	2	4	1026	16383	talk_end	
TALK4.DAT	446	104436	0x000199F4	2	4	1026	16383	talk_end	
TALK4.DAT	447	104440	0x000199F8	2	4	1026	16383	talk_end	
TALK4.DAT	448	104444	0x000199FC	2	4	1026	16383	talk_end	
TALK4.DAT	449	104448	0x00019A00	2	4	1026	16383	talk_end	
TALK4.DAT	450	104452	0x00019A04	2	4	1026	16383	talk_end	
TALK4.DAT	451	104456	0x00019A08	2	4	1026	16383	talk_end	
TALK4.DAT	452	104460	0x00019A0C	2	4	1026	16383	talk_end	
TALK4.DAT	453	104464	0x00019A10	2	4	1026	16383	talk_end	
TALK4.DAT	454	104468	0x00019A14	2	4	1026	16383	talk_end	
TALK4.DAT	455	104472	0x00019A18	2	4	1026	16383	talk_end	
TALK4.DAT	456	104476	0x00019A1C	2	4	1026	16383	talk_end	
TALK4.DAT	457	104480	0x00019A20	2	4	1026	16383	talk_end	
TALK4.DAT	458	104484	0x00019A24	2	4	1026	16383	talk_end	
TALK4.DAT	459	104488	0x00019A28	2	4	1026	16383	talk_end	
TALK4.DAT	460	104492	0x00019A2C	2	4	1026	16383	talk_end	
TALK4.DAT	461	104496	0x00019A30	2	4	1026	16383	talk_end	
TALK4.DAT	462	104500	0x00019A34	2	4	1026	16383	talk_end	
TALK4.DAT	463	104504	0x00019A38	2	4	1026	16383	talk_end	
TALK4.DAT	464	104508	0x00019A3C	2	4	1026	16383	talk_end	
TALK4.DAT	465	104512	0x00019A40	2	4	1026	16383	talk_end	
TALK4.DAT	466	104516	0x00019A44	2	4	1026	16383	talk_end	
TALK4.DAT	467	104520	0x00019A48	2	4	1026	16383	talk_end	
TALK4.DAT	468	104524	0x00019A4C	2	4	1026	16383	talk_end	
TALK4.DAT	469	104528	0x00019A50	2	4	1026	16383	talk_end	
TALK4.DAT	470	104532	0x00019A54	2	4	1026	16383	talk_end	
TALK4.DAT	471	104536	0x00019A58	2	4	1026	16383	talk_end	
TALK4.DAT	472	104540	0x00019A5C	2	4	1026	16383	talk_end	
TALK4.DAT	473	104544	0x00019A60	2	4	1026	16383	talk_end	
TALK4.DAT	474	104548	0x00019A64	2	4	1026	16383	talk_end	
TALK4.DAT	475	104552	0x00019A68	2	4	1026	16383	talk_end	
TALK4.DAT	476	104556	0x00019A6C	2	4	1026	16383	talk_end	
TALK4.DAT	477	104560	0x00019A70	2	4	1026	16383	talk_end	
TALK4.DAT	478	104564	0x00019A74	2	4	1026	16383	talk_end	
TALK4.DAT	479	104568	0x00019A78	2	4	1026	16383	talk_end	
TALK4.DAT	480	104572	0x00019A7C	2	4	1026	16383	talk_end	
TALK4.DAT	481	104576	0x00019A80	2	4	1026	16383	talk_end	
TALK4.DAT	482	104580	0x00019A84	2	4	1026	16383	talk_end	
TALK4.DAT	483	104584	0x00019A88	2	4	1026	16383	talk_end	
TALK4.DAT	484	104588	0x00019A8C	2	4	1026	16383	talk_end	
TALK4.DAT	485	104592	0x00019A90	2	4	1026	16383	talk_end	
TALK4.DAT	486	104596	0x00019A94	2	4	1026	16383	talk_end	
TALK4.DAT	487	104600	0x00019A98	2	4	1026	16383	talk_end	
TALK4.DAT	488	104604	0x00019A9C	2	4	1026	16383	talk_end	
TALK4.DAT	489	104608	0x00019AA0	2	4	1026	16383	talk_end	
TALK4.DAT	490	104612	0x00019AA4	2	4	1026	16383	talk_end	
TALK4.DAT	491	104616	0x00019AA8	2	4	1026	16383	talk_end	
TALK4.DAT	492	104620	0x00019AAC	2	4	1026	16383	talk_end	
TALK4.DAT	493	104624	0x00019AB0	2	4	1026	16383	talk_end	
TALK4.DAT	494	104628	0x00019AB4	2	4	1026	16383	talk_end	
TALK4.DAT	495	104632	0x00019AB8	2	4	1026	16383	talk_end	
TALK4.DAT	496	104636	0x00019ABC	2	4	1026	16383	talk_end	
TALK4.DAT	497	104640	0x00019AC0	2	4	1026	16383	talk_end	
TALK4.DAT	498	104644	0x00019AC4	2	4	1026	16383	talk_end	
TALK4.DAT	499	104648	0x00019AC8	2	4	1026	16383	talk_end	
TALK4.DAT	500	104652	0x00019ACC	2	4	1026	16383	talk_end	
TALK4.DAT	501	104656	0x00019AD0	7	54	1026	16383	talk_end	
TALK4.DAT	502	104710	0x00019B06	7	54	1026	16383	talk_end	
TALK4.DAT	503	104764	0x00019B3C	34	232	1026	16383	talk_end	
TALK4.DAT	504	104996	0x00019C24	7	54	1026	16383	talk_end	
TALK4.DAT	505	105050	0x00019C5A	14	110	1026	16383	talk_end	
TALK4.DAT	506	106119	0x0001A087	13	102	1026	16383	talk_end	
TALK4.DAT	507	106221	0x0001A0ED	34	344	1026	41	control_transfer_41	
TALK4.DAT	508	108232	0x0001A8C8	13	92	1026	16383	talk_end	
TALK4.DAT	509	108461	0x0001A9AD	31	236	1026	16383	talk_end	
TALK4.DAT	510	112067	0x0001B7C3	30	228	1026	16383	talk_end	
TALK4.DAT	511	112295	0x0001B8A7	30	228	1026	16383	talk_end	
TALK4.DAT	512	112523	0x0001B98B	31	236	1026	16383	talk_end	
TALK4.DAT	513	112759	0x0001BA77	30	228	1026	16383	talk_end	
TALK4.DAT	514	112987	0x0001BB5B	30	228	1026	16383	talk_end	
TALK4.DAT	515	113215	0x0001BC3F	30	228	1026	16383	talk_end	
TALK4.DAT	516	113443	0x0001BD23	30	228	1026	16383	talk_end	
TALK4.DAT	517	113671	0x0001BE07	24	180	1026	16383	talk_end	
TALK4.DAT	518	113851	0x0001BEBB	30	228	1026	16383	talk_end	
TALK4.DAT	519	114079	0x0001BF9F	30	228	1026	16383	talk_end	
TALK4.DAT	520	114307	0x0001C083	30	228	1026	16383	talk_end	
TALK4.DAT	521	114535	0x0001C167	30	228	1026	16383	talk_end	
TALK4.DAT	522	114763	0x0001C24B	31	236	1026	16383	talk_end	
TALK4.DAT	523	114999	0x0001C337	30	228	1026	16383	talk_end	
TALK4.DAT	524	115227	0x0001C41B	30	228	1026	16383	talk_end	
TALK4.DAT	525	115455	0x0001C4FF	30	228	1026	16383	talk_end	
TALK4.DAT	526	115683	0x0001C5E3	30	228	1026	16383	talk_end	
TALK4.DAT	527	115911	0x0001C6C7	4	88	1026	16383	talk_end	
TALK4.DAT	528	115999	0x0001C71F	4	88	1026	16383	talk_end	
TALK4.DAT	529	116087	0x0001C777	4	88	1026	16383	talk_end	
TALK4.DAT	530	116175	0x0001C7CF	4	88	1026	16383	talk_end	
TALK4.DAT	531	116263	0x0001C827	4	88	1026	16383	talk_end	
TALK4.DAT	532	116351	0x0001C87F	4	66	1026	16383	talk_end	
TALK4.DAT	533	116417	0x0001C8C1	4	82	1026	16383	talk_end	
TALK4.DAT	534	116499	0x0001C913	4	66	1026	16383	talk_end	
TALK4.DAT	535	116565	0x0001C955	4	82	1026	16383	talk_end	
TALK4.DAT	536	116647	0x0001C9A7	4	110	1026	16383	talk_end	
TALK4.DAT	537	116757	0x0001CA15	4	88	1026	16383	talk_end	
TALK4.DAT	538	116845	0x0001CA6D	8	62	1026	16383	talk_end	
TALK4.DAT	539	116961	0x0001CAE1	7	54	1026	16383	talk_end	
TALK4.DAT	540	117015	0x0001CB17	10	146	1026	16383	talk_end	
TALK4.DAT	541	119121	0x0001D351	7	54	1026	16383	talk_end	
TALK4.DAT	542	119175	0x0001D387	1455	12663	1026	15	control_transfer_15	
TALK4.DAT	543	131894	0x00020536	2	4	1026	16383	talk_end	
TALK4.DAT	544	131898	0x0002053A	66	562	1026	16383	talk_end	
TALK4.DAT	545	132460	0x0002076C	240	1910	1026	16383	talk_end	
TALK4.DAT	546	134370	0x00020EE2	182	1641	1026	15	control_transfer_15	
TALK4.DAT	547	136265	0x00021649	6	38	1026	16383	talk_end	
TALK4.DAT	548	136303	0x0002166F	12	69	1026	16383	talk_end	
TALK4.DAT	549	136372	0x000216B4	12	69	1026	16383	talk_end	
TALK4.DAT	550	136441	0x000216F9	15	129	1026	16383	talk_end	
TALK4.DAT	551	136570	0x0002177A	15	146	1026	16383	talk_end	
TALK4.DAT	552	136716	0x0002180C	30	228	1026	16383	talk_end	
TALK4.DAT	553	136944	0x000218F0	137	1252	1026	16383	talk_end	
TALK4.DAT	554	138196	0x00021DD4	161	1286	1026	16383	talk_end	
TALK4.DAT	555	139482	0x000222DA	2	4	1026	16383	talk_end	
TALK4.DAT	556	139486	0x000222DE	2	4	1026	16383	talk_end	
TALK4.DAT	557	139490	0x000222E2	2	4	1026	16383	talk_end	
TALK4.DAT	558	139494	0x000222E6	2	4	1026	16383	talk_end	
TALK4.DAT	559	139498	0x000222EA	2	4	1026	16383	talk_end	
TALK4.DAT	560	139502	0x000222EE	2	4	1026	16383	talk_end	
TALK4.DAT	561	139506	0x000222F2	2	4	1026	16383	talk_end	
TALK4.DAT	562	139510	0x000222F6	2	4	1026	16383	talk_end	
TALK4.DAT	563	139514	0x000222FA	2	4	1026	16383	talk_end	
TALK4.DAT	564	139518	0x000222FE	2	4	1026	16383	talk_end	
TALK4.DAT	565	139522	0x00022302	2	4	1026	16383	talk_end	
TALK4.DAT	566	139526	0x00022306	2	4	1026	16383	talk_end	
TALK4.DAT	567	139530	0x0002230A	2	4	1026	16383	talk_end	
TALK4.DAT	568	139534	0x0002230E	2	4	1026	16383	talk_end	
TALK4.DAT	569	139538	0x00022312	2	4	1026	16383	talk_end	
TALK4.DAT	570	139542	0x00022316	2	4	1026	16383	talk_end	
TALK4.DAT	571	139546	0x0002231A	2	4	1026	16383	talk_end	
TALK4.DAT	572	139550	0x0002231E	2	4	1026	16383	talk_end	
TALK4.DAT	573	139554	0x00022322	2	4	1026	16383	talk_end	
TALK4.DAT	574	139558	0x00022326	2	4	1026	16383	talk_end	
TALK4.DAT	575	139562	0x0002232A	2	4	1026	16383	talk_end	
TALK4.DAT	576	139566	0x0002232E	2	4	1026	16383	talk_end	
TALK4.DAT	577	139570	0x00022332	2	4	1026	16383	talk_end	
TALK4.DAT	578	139574	0x00022336	2	4	1026	16383	talk_end	
TALK4.DAT	579	139578	0x0002233A	2	4	1026	16383	talk_end	
TALK4.DAT	580	139582	0x0002233E	2	4	1026	16383	talk_end	
TALK4.DAT	581	139586	0x00022342	2	4	1026	16383	talk_end	
TALK4.DAT	582	139590	0x00022346	2	4	1026	16383	talk_end	
TALK4.DAT	583	139594	0x0002234A	2	4	1026	16383	talk_end	
TALK4.DAT	584	139598	0x0002234E	2	4	1026	16383	talk_end	
TALK4.DAT	585	139602	0x00022352	2	4	1026	16383	talk_end	
TALK4.DAT	586	139606	0x00022356	2	4	1026	16383	talk_end	
TALK4.DAT	587	139610	0x0002235A	2	4	1026	16383	talk_end	
TALK4.DAT	588	139614	0x0002235E	2	4	1026	16383	talk_end	
TALK4.DAT	589	139618	0x00022362	2	4	1026	16383	talk_end	
TALK4.DAT	590	139622	0x00022366	2	4	1026	16383	talk_end	
TALK4.DAT	591	139626	0x0002236A	2	4	1026	16383	talk_end	
TALK4.DAT	592	139630	0x0002236E	2	4	1026	16383	talk_end	
TALK4.DAT	593	139634	0x00022372	2	4	1026	16383	talk_end	
TALK4.DAT	594	139638	0x00022376	2	4	1026	16383	talk_end	
TALK4.DAT	595	139642	0x0002237A	2	4	1026	16383	talk_end	
TALK4.DAT	596	139646	0x0002237E	2	4	1026	16383	talk_end	
TALK4.DAT	597	139650	0x00022382	2	4	1026	16383	talk_end	
TALK4.DAT	598	139654	0x00022386	2	4	1026	16383	talk_end	
TALK4.DAT	599	139658	0x0002238A	2	4	1026	16383	talk_end	
TALK4.DAT	600	139662	0x0002238E	62	844	1026	16383	talk_end	
TALK4.DAT	601	140506	0x000226DA	7	54	1026	16383	talk_end	
TALK4.DAT	602	140560	0x00022710	7	54	1026	16383	talk_end	
TALK4.DAT	603	140614	0x00022746	13	102	1026	16383	talk_end	
TALK4.DAT	604	140716	0x000227AC	13	102	1026	16383	talk_end	
TALK4.DAT	605	140818	0x00022812	7	54	1026	16383	talk_end	
TALK4.DAT	606	140872	0x00022848	7	54	1026	16383	talk_end	
TALK4.DAT	607	140926	0x0002287E	2	4	1026	16383	talk_end	
TALK4.DAT	608	140930	0x00022882	2	4	1026	16383	talk_end	
TALK4.DAT	609	140934	0x00022886	82	731	1026	16383	talk_end	
TALK4.DAT	610	141959	0x00022C87	2	4	1026	16383	talk_end	
TALK4.DAT	611	141963	0x00022C8B	7	54	1026	16383	talk_end	
TALK4.DAT	612	142017	0x00022CC1	11	66	1026	16383	talk_end	
TALK4.DAT	613	142083	0x00022D03	7	54	1026	16383	talk_end	
TALK4.DAT	614	142137	0x00022D39	134	1106	1026	16383	talk_end	
TALK4.DAT	615	143427	0x00023243	13	102	1026	16383	talk_end	
TALK4.DAT	616	143529	0x000232A9	13	102	1026	16383	talk_end	
TALK4.DAT	617	143631	0x0002330F	13	102	1026	16383	talk_end	
TALK4.DAT	618	143733	0x00023375	13	102	1026	16383	talk_end	
TALK4.DAT	619	143835	0x000233DB	2	4	1026	16383	talk_end	
TALK4.DAT	620	143839	0x000233DF	2	4	1026	16383	talk_end	
TALK4.DAT	621	143843	0x000233E3	2	4	1026	16383	talk_end	
TALK4.DAT	622	143847	0x000233E7	2	4	1026	16383	talk_end	
TALK4.DAT	623	143851	0x000233EB	2	4	1026	16383	talk_end	
TALK4.DAT	624	143855	0x000233EF	2	4	1026	16383	talk_end	
TALK4.DAT	625	143859	0x000233F3	2	4	1026	16383	talk_end	
TALK4.DAT	626	143863	0x000233F7	2	4	1026	16383	talk_end	
TALK4.DAT	627	143867	0x000233FB	2	4	1026	16383	talk_end	
TALK4.DAT	628	143871	0x000233FF	2	4	1026	16383	talk_end	
TALK4.DAT	629	143875	0x00023403	2	4	1026	16383	talk_end	
TALK4.DAT	630	143879	0x00023407	2	4	1026	16383	talk_end	
TALK4.DAT	631	143883	0x0002340B	2	4	1026	16383	talk_end	
TALK4.DAT	632	143887	0x0002340F	2	4	1026	16383	talk_end	
TALK4.DAT	633	143891	0x00023413	2	4	1026	16383	talk_end	
TALK4.DAT	634	143895	0x00023417	2	4	1026	16383	talk_end	
TALK4.DAT	635	143899	0x0002341B	2	4	1026	16383	talk_end	
TALK4.DAT	636	143903	0x0002341F	2	4	1026	16383	talk_end	
TALK4.DAT	637	143907	0x00023423	2	4	1026	16383	talk_end	
TALK4.DAT	638	143911	0x00023427	2	4	1026	16383	talk_end	
TALK4.DAT	639	143915	0x0002342B	2	4	1026	16383	talk_end	
TALK4.DAT	640	143919	0x0002342F	2	4	1026	16383	talk_end	
TALK4.DAT	641	143923	0x00023433	2	4	1026	16383	talk_end	
TALK4.DAT	642	143927	0x00023437	2	4	1026	16383	talk_end	
TALK4.DAT	643	143931	0x0002343B	2	4	1026	16383	talk_end	
TALK4.DAT	644	143935	0x0002343F	2	4	1026	16383	talk_end	
TALK4.DAT	645	143939	0x00023443	2	4	1026	16383	talk_end	
TALK4.DAT	646	143943	0x00023447	2	4	1026	16383	talk_end	
TALK4.DAT	647	143947	0x0002344B	2	4	1026	16383	talk_end	
TALK4.DAT	648	143951	0x0002344F	2	4	1026	16383	talk_end	
TALK4.DAT	649	143955	0x00023453	2	4	1026	16383	talk_end	
TALK4.DAT	650	143959	0x00023457	2	4	1026	16383	talk_end	
TALK4.DAT	651	143963	0x0002345B	2	4	1026	16383	talk_end	
TALK4.DAT	652	143967	0x0002345F	2	4	1026	16383	talk_end	
TALK4.DAT	653	143971	0x00023463	2	4	1026	16383	talk_end	
TALK4.DAT	654	143975	0x00023467	2	4	1026	16383	talk_end	
TALK4.DAT	655	143979	0x0002346B	2	4	1026	16383	talk_end	
TALK4.DAT	656	143983	0x0002346F	2	4	1026	16383	talk_end	
TALK4.DAT	657	143987	0x00023473	2	4	1026	16383	talk_end	
TALK4.DAT	658	143991	0x00023477	2	4	1026	16383	talk_end	
TALK4.DAT	659	143995	0x0002347B	2	4	1026	16383	talk_end	
TALK4.DAT	660	143999	0x0002347F	2	4	1026	16383	talk_end	
TALK4.DAT	661	144003	0x00023483	2	4	1026	16383	talk_end	
TALK4.DAT	662	144007	0x00023487	2	4	1026	16383	talk_end	
TALK4.DAT	663	144011	0x0002348B	2	4	1026	16383	talk_end	
TALK4.DAT	664	144015	0x0002348F	2	4	1026	16383	talk_end	
TALK4.DAT	665	144019	0x00023493	2	4	1026	16383	talk_end	
TALK4.DAT	666	144023	0x00023497	2	4	1026	16383	talk_end	
TALK4.DAT	667	144027	0x0002349B	2	4	1026	16383	talk_end	
TALK4.DAT	668	144031	0x0002349F	2	4	1026	16383	talk_end	
TALK4.DAT	669	144035	0x000234A3	2	4	1026	16383	talk_end	
TALK4.DAT	670	144039	0x000234A7	2	4	1026	16383	talk_end	
TALK4.DAT	671	144043	0x000234AB	2	4	1026	16383	talk_end	
TALK4.DAT	672	144047	0x000234AF	2	4	1026	16383	talk_end	
TALK4.DAT	673	144051	0x000234B3	2	4	1026	16383	talk_end	
TALK4.DAT	674	144055	0x000234B7	2	4	1026	16383	talk_end	
TALK4.DAT	675	144059	0x000234BB	2	4	1026	16383	talk_end	
TALK4.DAT	676	144063	0x000234BF	2	4	1026	16383	talk_end	
TALK4.DAT	677	144067	0x000234C3	2	4	1026	16383	talk_end	
TALK4.DAT	678	144071	0x000234C7	2	4	1026	16383	talk_end	
TALK4.DAT	679	144075	0x000234CB	2	4	1026	16383	talk_end	
TALK4.DAT	680	144079	0x000234CF	2	4	1026	16383	talk_end	
TALK4.DAT	681	144083	0x000234D3	2	4	1026	16383	talk_end	
TALK4.DAT	682	144087	0x000234D7	2	4	1026	16383	talk_end	
TALK4.DAT	683	144091	0x000234DB	2	4	1026	16383	talk_end	
TALK4.DAT	684	144095	0x000234DF	2	4	1026	16383	talk_end	
TALK4.DAT	685	144099	0x000234E3	2	4	1026	16383	talk_end	
TALK4.DAT	686	144103	0x000234E7	2	4	1026	16383	talk_end	
TALK4.DAT	687	144107	0x000234EB	2	4	1026	16383	talk_end	
TALK4.DAT	688	144111	0x000234EF	2	4	1026	16383	talk_end	
TALK4.DAT	689	144115	0x000234F3	2	4	1026	16383	talk_end	
TALK4.DAT	690	144119	0x000234F7	2	4	1026	16383	talk_end	
TALK4.DAT	691	144123	0x000234FB	2	4	1026	16383	talk_end	
TALK4.DAT	692	144127	0x000234FF	2	4	1026	16383	talk_end	
TALK4.DAT	693	144131	0x00023503	2	4	1026	16383	talk_end	
TALK4.DAT	694	144135	0x00023507	2	4	1026	16383	talk_end	
TALK4.DAT	695	144139	0x0002350B	2	4	1026	16383	talk_end	
TALK4.DAT	696	144143	0x0002350F	2	4	1026	16383	talk_end	
TALK4.DAT	697	144147	0x00023513	2	4	1026	16383	talk_end	
TALK4.DAT	698	144151	0x00023517	2	4	1026	16383	talk_end	
TALK4.DAT	699	144155	0x0002351B	2	4	1026	16383	talk_end	
TALK4.DAT	700	144159	0x0002351F	2	4	1026	16383	talk_end	
TALK4.DAT	701	144163	0x00023523	7	54	1026	16383	talk_end	
TALK4.DAT	702	144217	0x00023559	7	54	1026	16383	talk_end	
TALK4.DAT	703	144271	0x0002358F	13	102	1026	16383	talk_end	
TALK4.DAT	704	144373	0x000235F5	13	102	1026	16383	talk_end	
TALK4.DAT	705	144475	0x0002365B	7	54	1026	16383	talk_end	
TALK4.DAT	706	144529	0x00023691	13	102	1026	16383	talk_end	
TALK4.DAT	707	144631	0x000236F7	13	102	1026	16383	talk_end	
TALK4.DAT	708	144733	0x0002375D	7	54	1026	16383	talk_end	
TALK4.DAT	709	144787	0x00023793	2	4	1026	16383	talk_end	
TALK4.DAT	710	144791	0x00023797	7	54	1026	16383	talk_end	
TALK4.DAT	711	144845	0x000237CD	9	70	1026	16383	talk_end	
TALK4.DAT	712	144915	0x00023813	7	54	1026	16383	talk_end	
TALK4.DAT	713	144969	0x00023849	13	102	1026	16383	talk_end	
TALK4.DAT	714	145071	0x000238AF	13	102	1026	16383	talk_end	
TALK4.DAT	715	145173	0x00023915	13	102	1026	16383	talk_end	
TALK4.DAT	716	145275	0x0002397B	10	72	1026	16383	talk_end	
TALK4.DAT	717	145355	0x000239CB	13	102	1026	16383	talk_end	
TALK4.DAT	718	145457	0x00023A31	2	4	1026	16383	talk_end	
TALK4.DAT	719	145461	0x00023A35	13	102	1026	16383	talk_end	
TALK4.DAT	720	145563	0x00023A9B	7	54	1026	16383	talk_end	
TALK4.DAT	721	145617	0x00023AD1	91	994	1026	16383	talk_end	
TALK4.DAT	722	146611	0x00023EB3	5	52	1026	16383	talk_end	
TALK4.DAT	723	146663	0x00023EE7	2	4	1026	16383	talk_end	
TALK4.DAT	724	146667	0x00023EEB	2	4	1026	16383	talk_end	
TALK4.DAT	725	146671	0x00023EEF	2	4	1026	16383	talk_end	
TALK4.DAT	726	146675	0x00023EF3	2	4	1026	16383	talk_end	
TALK4.DAT	727	146679	0x00023EF7	2	4	1026	16383	talk_end	
TALK4.DAT	728	146683	0x00023EFB	2	4	1026	16383	talk_end	
TALK4.DAT	729	146687	0x00023EFF	2	4	1026	16383	talk_end	
TALK4.DAT	730	146691	0x00023F03	2	4	1026	16383	talk_end	
TALK4.DAT	731	146695	0x00023F07	2	4	1026	16383	talk_end	
TALK4.DAT	732	146699	0x00023F0B	2	4	1026	16383	talk_end	
TALK4.DAT	733	146703	0x00023F0F	2	4	1026	16383	talk_end	
TALK4.DAT	734	146707	0x00023F13	2	4	1026	16383	talk_end	
TALK4.DAT	735	146711	0x00023F17	2	4	1026	16383	talk_end	
TALK4.DAT	736	146715	0x00023F1B	2	4	1026	16383	talk_end	
TALK4.DAT	737	146719	0x00023F1F	2	4	1026	16383	talk_end	
TALK4.DAT	738	146723	0x00023F23	2	4	1026	16383	talk_end	
TALK4.DAT	739	146727	0x00023F27	2	4	1026	16383	talk_end	
TALK4.DAT	740	146731	0x00023F2B	2	4	1026	16383	talk_end	
TALK4.DAT	741	146735	0x00023F2F	2	4	1026	16383	talk_end	
TALK4.DAT	742	146739	0x00023F33	2	4	1026	16383	talk_end	
TALK4.DAT	743	146743	0x00023F37	2	4	1026	16383	talk_end	
TALK4.DAT	744	146747	0x00023F3B	2	4	1026	16383	talk_end	
TALK4.DAT	745	146751	0x00023F3F	2	4	1026	16383	talk_end	
TALK4.DAT	746	146755	0x00023F43	2	4	1026	16383	talk_end	
TALK4.DAT	747	146759	0x00023F47	2	4	1026	16383	talk_end	
TALK4.DAT	748	146763	0x00023F4B	2	4	1026	16383	talk_end	
TALK4.DAT	749	146767	0x00023F4F	2	4	1026	16383	talk_end	
TALK4.DAT	750	146771	0x00023F53	2	4	1026	16383	talk_end	
TALK4.DAT	751	146775	0x00023F57	2	4	1026	16383	talk_end	
TALK4.DAT	752	146779	0x00023F5B	2	4	1026	16383	talk_end	
TALK4.DAT	753	146783	0x00023F5F	2	4	1026	16383	talk_end	
TALK4.DAT	754	146787	0x00023F63	2	4	1026	16383	talk_end	
TALK4.DAT	755	146791	0x00023F67	2	4	1026	16383	talk_end	
TALK4.DAT	756	146795	0x00023F6B	2	4	1026	16383	talk_end	
TALK4.DAT	757	146799	0x00023F6F	2	4	1026	16383	talk_end	
TALK4.DAT	758	146803	0x00023F73	2	4	1026	16383	talk_end	
TALK4.DAT	759	146807	0x00023F77	2	4	1026	16383	talk_end	
TALK4.DAT	760	146811	0x00023F7B	2	4	1026	16383	talk_end	
TALK4.DAT	761	146815	0x00023F7F	2	4	1026	16383	talk_end	
TALK4.DAT	762	146819	0x00023F83	2	4	1026	16383	talk_end	
TALK4.DAT	763	146823	0x00023F87	2	4	1026	16383	talk_end	
TALK4.DAT	764	146827	0x00023F8B	2	4	1026	16383	talk_end	
TALK4.DAT	765	146831	0x00023F8F	2	4	1026	16383	talk_end	
TALK4.DAT	766	146835	0x00023F93	2	4	1026	16383	talk_end	
TALK4.DAT	767	146839	0x00023F97	2	4	1026	16383	talk_end	
TALK4.DAT	768	146843	0x00023F9B	2	4	1026	16383	talk_end	
TALK4.DAT	769	146847	0x00023F9F	2	4	1026	16383	talk_end	
TALK4.DAT	770	146851	0x00023FA3	2	4	1026	16383	talk_end	
TALK4.DAT	771	146855	0x00023FA7	2	4	1026	16383	talk_end	
TALK4.DAT	772	146859	0x00023FAB	2	4	1026	16383	talk_end	
TALK4.DAT	773	146863	0x00023FAF	2	4	1026	16383	talk_end	
TALK4.DAT	774	146867	0x00023FB3	2	4	1026	16383	talk_end	
TALK4.DAT	775	146871	0x00023FB7	2	4	1026	16383	talk_end	
TALK4.DAT	776	146875	0x00023FBB	2	4	1026	16383	talk_end	
TALK4.DAT	777	146879	0x00023FBF	2	4	1026	16383	talk_end	
TALK4.DAT	778	146883	0x00023FC3	2	4	1026	16383	talk_end	
TALK4.DAT	779	146887	0x00023FC7	2	4	1026	16383	talk_end	
TALK4.DAT	780	146891	0x00023FCB	2	4	1026	16383	talk_end	
TALK4.DAT	781	146895	0x00023FCF	2	4	1026	16383	talk_end	
TALK4.DAT	782	146899	0x00023FD3	2	4	1026	16383	talk_end	
TALK4.DAT	783	146903	0x00023FD7	2	4	1026	16383	talk_end	
TALK4.DAT	784	146907	0x00023FDB	2	4	1026	16383	talk_end	
TALK4.DAT	785	146911	0x00023FDF	2	4	1026	16383	talk_end	
TALK4.DAT	786	146915	0x00023FE3	2	4	1026	16383	talk_end	
TALK4.DAT	787	146919	0x00023FE7	2	4	1026	16383	talk_end	
TALK4.DAT	788	146923	0x00023FEB	2	4	1026	16383	talk_end	
TALK4.DAT	789	146927	0x00023FEF	2	4	1026	16383	talk_end	
TALK4.DAT	790	146931	0x00023FF3	2	4	1026	16383	talk_end	
TALK4.DAT	791	146935	0x00023FF7	2	4	1026	16383	talk_end	
TALK4.DAT	792	146939	0x00023FFB	2	4	1026	16383	talk_end	
TALK4.DAT	793	146943	0x00023FFF	2	4	1026	16383	talk_end	
TALK4.DAT	794	146947	0x00024003	2	4	1026	16383	talk_end	
TALK4.DAT	795	146951	0x00024007	2	4	1026	16383	talk_end	
TALK4.DAT	796	146955	0x0002400B	2	4	1026	16383	talk_end	
TALK4.DAT	797	146959	0x0002400F	2	4	1026	16383	talk_end	
TALK4.DAT	798	146963	0x00024013	2	4	1026	16383	talk_end	
TALK4.DAT	799	146967	0x00024017	2	4	1026	16383	talk_end	
TALK4.DAT	800	146971	0x0002401B	2	4	1026	16383	talk_end	
TALK4.DAT	801	146975	0x0002401F	7	54	1026	16383	talk_end	
TALK4.DAT	802	147029	0x00024055	7	54	1026	16383	talk_end	
TALK4.DAT	803	147083	0x0002408B	7	54	1026	16383	talk_end	
TALK4.DAT	804	147137	0x000240C1	7	54	1026	16383	talk_end	
TALK4.DAT	805	147191	0x000240F7	120	980	1026	16383	talk_end	
TALK4.DAT	806	148171	0x000244CB	125	1098	1026	16383	talk_end	
TALK4.DAT	807	149269	0x00024915	390	3651	1026	16383	talk_end	
TALK4.DAT	808	152920	0x00025758	7	54	1026	16383	talk_end	
TALK4.DAT	809	152974	0x0002578E	8	56	1026	16383	talk_end	
TALK4.DAT	810	153084	0x000257FC	456	3917	1026	16383	talk_end	
TALK4.DAT	811	157001	0x00026749	7	54	1026	16383	talk_end	
TALK4.DAT	812	157055	0x0002677F	7	54	1026	16383	talk_end	
TALK4.DAT	813	157109	0x000267B5	7	54	1026	16383	talk_end	
TALK4.DAT	814	157163	0x000267EB	7	54	1026	16383	talk_end	
TALK4.DAT	815	157217	0x00026821	7	54	1026	16383	talk_end	
TALK4.DAT	816	157271	0x00026857	8	62	1026	16383	talk_end	
TALK4.DAT	817	157333	0x00026895	7	54	1026	16383	talk_end	
TALK4.DAT	818	157387	0x000268CB	7	54	1026	16383	talk_end	
TALK4.DAT	819	157441	0x00026901	97	790	1026	16383	talk_end	
TALK4.DAT	820	158231	0x00026C17	2	4	1026	16383	talk_end	
TALK4.DAT	821	158235	0x00026C1B	7	54	1026	16383	talk_end	
TALK4.DAT	822	158289	0x00026C51	7	54	1026	16383	talk_end	
TALK4.DAT	823	158343	0x00026C87	2	4	1026	16383	talk_end	
TALK4.DAT	824	158347	0x00026C8B	2	4	1026	16383	talk_end	
TALK4.DAT	825	158351	0x00026C8F	2	4	1026	16383	talk_end	
TALK4.DAT	826	158355	0x00026C93	2	4	1026	16383	talk_end	
TALK4.DAT	827	158359	0x00026C97	2	4	1026	16383	talk_end	
TALK4.DAT	828	158363	0x00026C9B	2	4	1026	16383	talk_end	
TALK4.DAT	829	158367	0x00026C9F	2	4	1026	16383	talk_end	
TALK4.DAT	830	158371	0x00026CA3	2	4	1026	16383	talk_end	
TALK4.DAT	831	158375	0x00026CA7	7	54	1026	16383	talk_end	
TALK4.DAT	832	158429	0x00026CDD	7	54	1026	16383	talk_end	
TALK4.DAT	833	158483	0x00026D13	7	54	1026	16383	talk_end	
TALK4.DAT	834	158537	0x00026D49	51	386	1026	16383	talk_end	
TALK4.DAT	835	158923	0x00026ECB	7	54	1026	16383	talk_end	
TALK4.DAT	836	158977	0x00026F01	7	54	1026	16383	talk_end	
TALK4.DAT	837	159031	0x00026F37	2	4	1026	16383	talk_end	
TALK4.DAT	838	159035	0x00026F3B	2	4	1026	16383	talk_end	
TALK4.DAT	839	159039	0x00026F3F	2	4	1026	16383	talk_end	
TALK4.DAT	840	159043	0x00026F43	2	4	1026	16383	talk_end	
TALK4.DAT	841	159047	0x00026F47	7	54	1026	16383	talk_end	
TALK4.DAT	842	159101	0x00026F7D	2	4	1026	16383	talk_end	
TALK4.DAT	843	159105	0x00026F81	2	4	1026	16383	talk_end	
TALK4.DAT	844	159109	0x00026F85	2	4	1026	16383	talk_end	
TALK4.DAT	845	159113	0x00026F89	2	4	1026	16383	talk_end	
TALK4.DAT	846	159117	0x00026F8D	2	4	1026	16383	talk_end	
TALK4.DAT	847	159121	0x00026F91	2	4	1026	16383	talk_end	
TALK4.DAT	848	159125	0x00026F95	2	4	1026	16383	talk_end	
TALK4.DAT	849	159129	0x00026F99	2	4	1026	16383	talk_end	
TALK4.DAT	850	159133	0x00026F9D	2	4	1026	16383	talk_end	
TALK4.DAT	851	159137	0x00026FA1	7	54	1026	16383	talk_end	
TALK4.DAT	852	159191	0x00026FD7	9	70	1026	16383	talk_end	
TALK4.DAT	853	159369	0x00027089	8	62	1026	16383	talk_end	
TALK4.DAT	854	159485	0x000270FD	8	62	1026	16383	talk_end	
TALK4.DAT	855	159601	0x00027171	8	62	1026	16383	talk_end	
TALK4.DAT	856	159717	0x000271E5	7	54	1026	16383	talk_end	
TALK4.DAT	857	159771	0x0002721B	7	54	1026	16383	talk_end	
TALK4.DAT	858	159825	0x00027251	7	54	1026	16383	talk_end	
TALK4.DAT	859	159879	0x00027287	7	54	1026	16383	talk_end	
TALK4.DAT	860	159933	0x000272BD	7	54	1026	16383	talk_end	
TALK4.DAT	861	159987	0x000272F3	7	54	1026	16383	talk_end	
TALK4.DAT	862	160041	0x00027329	2	4	1026	16383	talk_end	
TALK4.DAT	863	160045	0x0002732D	2	4	1026	16383	talk_end	
TALK4.DAT	864	160049	0x00027331	2	4	1026	16383	talk_end	
TALK4.DAT	865	160053	0x00027335	2	4	1026	16383	talk_end	
TALK4.DAT	866	160057	0x00027339	18	217	1026	16383	talk_end	
TALK4.DAT	867	160704	0x000275C0	2	4	1026	16383	talk_end	
TALK4.DAT	868	160708	0x000275C4	2	4	1026	16383	talk_end	
TALK4.DAT	869	160712	0x000275C8	2	4	1026	16383	talk_end	
TALK4.DAT	870	160716	0x000275CC	2	4	1026	16383	talk_end	
TALK4.DAT	871	160720	0x000275D0	143	1104	1026	16383	talk_end	
TALK4.DAT	872	161878	0x00027A56	2	4	1026	16383	talk_end	
TALK4.DAT	873	161882	0x00027A5A	2	4	1026	16383	talk_end	
TALK4.DAT	874	161886	0x00027A5E	2	4	1026	16383	talk_end	
TALK4.DAT	875	161890	0x00027A62	2	4	1026	16383	talk_end	
TALK4.DAT	876	161894	0x00027A66	2	4	1026	16383	talk_end	
TALK4.DAT	877	161898	0x00027A6A	2	4	1026	16383	talk_end	
TALK4.DAT	878	161902	0x00027A6E	2	4	1026	16383	talk_end	
TALK4.DAT	879	161906	0x00027A72	2	4	1026	16383	talk_end	
TALK4.DAT	880	161910	0x00027A76	2	4	1026	16383	talk_end	
TALK4.DAT	881	161914	0x00027A7A	2	4	1026	16383	talk_end	
TALK4.DAT	882	161918	0x00027A7E	2	4	1026	16383	talk_end	
TALK4.DAT	883	161922	0x00027A82	2	4	1026	16383	talk_end	
TALK4.DAT	884	161926	0x00027A86	2	4	1026	16383	talk_end	
TALK4.DAT	885	161930	0x00027A8A	2	4	1026	16383	talk_end	
TALK4.DAT	886	161934	0x00027A8E	2	4	1026	16383	talk_end	
TALK4.DAT	887	161938	0x00027A92	2	4	1026	16383	talk_end	
TALK4.DAT	888	161942	0x00027A96	2	4	1026	16383	talk_end	
TALK4.DAT	889	161946	0x00027A9A	2	4	1026	16383	talk_end	
TALK4.DAT	890	161950	0x00027A9E	2	4	1026	16383	talk_end	
TALK4.DAT	891	161954	0x00027AA2	2	4	1026	16383	talk_end	
TALK4.DAT	892	161958	0x00027AA6	2	4	1026	16383	talk_end	
TALK4.DAT	893	161962	0x00027AAA	2	4	1026	16383	talk_end	
TALK4.DAT	894	161966	0x00027AAE	2	4	1026	16383	talk_end	
TALK4.DAT	895	161970	0x00027AB2	2	4	1026	16383	talk_end	
TALK4.DAT	896	161974	0x00027AB6	2	4	1026	16383	talk_end	
TALK4.DAT	897	161978	0x00027ABA	2	4	1026	16383	talk_end	
TALK4.DAT	898	161982	0x00027ABE	2	4	1026	16383	talk_end	
TALK4.DAT	899	161986	0x00027AC2	2	4	1026	16383	talk_end	
TALK4.DAT	900	161990	0x00027AC6	2	4	1026	16383	talk_end	
TALK4.DAT	901	171044	0x00029E24	8	60	1026	16383	talk_end	
TALK4.DAT	902	171104	0x00029E60	8	60	1026	16383	talk_end	
TALK4.DAT	903	171218	0x00029ED2	2	4	1026	16383	talk_end	
TALK4.DAT	904	171164	0x00029E9C	7	54	1026	16383	talk_end	
TALK4.DAT	905	171222	0x00029ED6	2	4	1026	16383	talk_end	
TALK4.DAT	906	171226	0x00029EDA	110	855	1026	16383	talk_end	
TALK4.DAT	907	172081	0x0002A231	564	5021	1026	16383	talk_end	
TALK4.DAT	908	177102	0x0002B5CE	25	192	1026	15	control_transfer_15	
TALK4.DAT	909	177347	0x0002B6C3	254	2020	1026	16383	talk_end	
TALK4.DAT	910	179367	0x0002BEA7	2	4	1026	16383	talk_end	
TALK4.DAT	911	163572	0x000280F4	923	7472	1026	16383	talk_end	
TALK4.DAT	912	194895	0x0002FB4F	2	4	1026	16383	talk_end	
TALK4.DAT	913	194899	0x0002FB53	2	4	1026	16383	talk_end	
TALK4.DAT	914	194903	0x0002FB57	2	4	1026	16383	talk_end	
TALK4.DAT	915	194907	0x0002FB5B	2	4	1026	16383	talk_end	
TALK4.DAT	916	194911	0x0002FB5F	2	4	1026	16383	talk_end	
TALK4.DAT	917	194915	0x0002FB63	2	4	1026	16383	talk_end	
TALK4.DAT	918	194919	0x0002FB67	2	4	1026	16383	talk_end	
TALK4.DAT	919	194923	0x0002FB6B	2	4	1026	16383	talk_end	
TALK4.DAT	920	194927	0x0002FB6F	2	4	1026	16383	talk_end	
TALK4.DAT	921	194931	0x0002FB73	2	4	1026	16383	talk_end	
TALK4.DAT	922	194935	0x0002FB77	2	4	1026	16383	talk_end	
TALK4.DAT	923	194939	0x0002FB7B	2	4	1026	16383	talk_end	
TALK4.DAT	924	194943	0x0002FB7F	2	4	1026	16383	talk_end	
TALK4.DAT	925	194947	0x0002FB83	2	4	1026	16383	talk_end	
TALK4.DAT	926	194951	0x0002FB87	2	4	1026	16383	talk_end	
TALK4.DAT	927	194955	0x0002FB8B	2	4	1026	16383	talk_end	
TALK4.DAT	928	194959	0x0002FB8F	2	4	1026	16383	talk_end	
TALK4.DAT	929	194963	0x0002FB93	2	4	1026	16383	talk_end	
TALK4.DAT	930	194967	0x0002FB97	2	4	1026	16383	talk_end	
TALK4.DAT	931	194971	0x0002FB9B	2	4	1026	16383	talk_end	
TALK4.DAT	932	194975	0x0002FB9F	2	4	1026	16383	talk_end	
TALK4.DAT	933	194979	0x0002FBA3	2	4	1026	16383	talk_end	
TALK4.DAT	934	194983	0x0002FBA7	2	4	1026	16383	talk_end	
TALK4.DAT	935	194987	0x0002FBAB	2	4	1026	16383	talk_end	
TALK4.DAT	936	194991	0x0002FBAF	2	4	1026	16383	talk_end	
TALK4.DAT	937	194995	0x0002FBB3	2	4	1026	16383	talk_end	
TALK4.DAT	938	194999	0x0002FBB7	2	4	1026	16383	talk_end	
TALK4.DAT	939	195003	0x0002FBBB	2	4	1026	16383	talk_end	
TALK4.DAT	940	195007	0x0002FBBF	2	4	1026	16383	talk_end	
TALK4.DAT	941	195011	0x0002FBC3	2	4	1026	16383	talk_end	
TALK4.DAT	942	195015	0x0002FBC7	2	4	1026	16383	talk_end	
TALK4.DAT	943	195019	0x0002FBCB	2	4	1026	16383	talk_end	
TALK4.DAT	944	195023	0x0002FBCF	2	4	1026	16383	talk_end	
TALK4.DAT	945	195027	0x0002FBD3	2	4	1026	16383	talk_end	
TALK4.DAT	946	195031	0x0002FBD7	2	4	1026	16383	talk_end	
TALK4.DAT	947	195035	0x0002FBDB	2	4	1026	16383	talk_end	
TALK4.DAT	948	195039	0x0002FBDF	2	4	1026	16383	talk_end	
TALK4.DAT	949	195043	0x0002FBE3	2	4	1026	16383	talk_end	
TALK4.DAT	950	195047	0x0002FBE7	2	4	1026	16383	talk_end	
TALK4.DAT	951	195051	0x0002FBEB	2	4	1026	16383	talk_end	
TALK4.DAT	952	195055	0x0002FBEF	2	4	1026	16383	talk_end	
TALK4.DAT	953	195059	0x0002FBF3	2	4	1026	16383	talk_end	
TALK4.DAT	954	195063	0x0002FBF7	2	4	1026	16383	talk_end	
TALK4.DAT	955	195067	0x0002FBFB	2	4	1026	16383	talk_end	
TALK4.DAT	956	195071	0x0002FBFF	2	4	1026	16383	talk_end	
TALK4.DAT	957	195075	0x0002FC03	2	4	1026	16383	talk_end	
TALK4.DAT	958	195079	0x0002FC07	2	4	1026	16383	talk_end	
TALK4.DAT	959	195083	0x0002FC0B	2	4	1026	16383	talk_end	
TALK4.DAT	960	195087	0x0002FC0F	41	278	1026	15	control_transfer_15	
TALK4.DAT	961	195367	0x0002FD27	24	256	1026	87	control_transfer_87	
TALK4.DAT	962	197303	0x000304B7	37	358	1026	16383	talk_end	
TALK4.DAT	963	197829	0x000306C5	26	220	1026	16383	talk_end	
TALK4.DAT	964	198259	0x00030873	20	252	1026	16383	talk_end	
TALK4.DAT	965	198717	0x00030A3D	34	342	1026	16383	talk_end	
TALK4.DAT	966	199192	0x00030C18	22	222	1026	16383	talk_end	
TALK4.DAT	967	199630	0x00030DCE	21	252	1026	16383	talk_end	
TALK4.DAT	968	200096	0x00030FA0	34	316	1026	16383	talk_end	
TALK4.DAT	969	200484	0x00031124	24	186	1026	16383	talk_end	
TALK4.DAT	970	200832	0x00031280	26	294	1026	15	control_transfer_15	
TALK4.DAT	971	201807	0x0003164F	34	238	1026	16383	talk_end	
TALK4.DAT	972	202277	0x00031825	16	154	1026	16383	talk_end	
TALK4.DAT	973	202711	0x000319D7	36	346	1026	16383	talk_end	
TALK4.DAT	974	203187	0x00031BB3	21	166	1026	16383	talk_end	
TALK4.DAT	975	203535	0x00031D0F	21	202	1026	41	control_transfer_41	
TALK4.DAT	976	204031	0x00031EFF	24	245	1026	16383	talk_end	
TALK4.DAT	977	204540	0x000320FC	2	4	1026	16383	talk_end	
TALK4.DAT	978	204544	0x00032100	2	4	1026	16383	talk_end	
TALK4.DAT	979	204548	0x00032104	2	4	1026	16383	talk_end	
TALK4.DAT	980	204552	0x00032108	2	4	1026	16383	talk_end	
TALK4.DAT	981	204556	0x0003210C	2	4	1026	16383	talk_end	
TALK4.DAT	982	204560	0x00032110	2	4	1026	16383	talk_end	
TALK4.DAT	983	204564	0x00032114	2	4	1026	16383	talk_end	
TALK4.DAT	984	204568	0x00032118	2	4	1026	16383	talk_end	
TALK4.DAT	985	204572	0x0003211C	2	4	1026	16383	talk_end	
TALK4.DAT	986	204576	0x00032120	2	4	1026	16383	talk_end	
TALK4.DAT	987	204580	0x00032124	2	4	1026	16383	talk_end	
TALK4.DAT	988	204584	0x00032128	2	4	1026	16383	talk_end	
TALK4.DAT	989	204588	0x0003212C	2	4	1026	16383	talk_end	
TALK4.DAT	990	204592	0x00032130	2	4	1026	16383	talk_end	
TALK4.DAT	991	204596	0x00032134	2	4	1026	16383	talk_end	
TALK4.DAT	992	204600	0x00032138	2	4	1026	16383	talk_end	
TALK4.DAT	993	204604	0x0003213C	2	4	1026	16383	talk_end	
TALK4.DAT	994	204608	0x00032140	2	4	1026	16383	talk_end	
TALK4.DAT	995	204612	0x00032144	2	4	1026	16383	talk_end	
TALK4.DAT	996	204616	0x00032148	2	4	1026	16383	talk_end	
TALK4.DAT	997	204620	0x0003214C	2	4	1026	16383	talk_end	
TALK4.DAT	998	204624	0x00032150	2	4	1026	16383	talk_end	
TALK4.DAT	999	204628	0x00032154	13	102	1026	16383	talk_end	
TALK4.DAT	1000	204730	0x000321BA	13	102	1026	16383	talk_end	
TALK4.DAT	1001	204832	0x00032220	25	393	1026	41	control_transfer_41	
TALK4.DAT	1002	205950	0x0003267E	4	24	1026	15	control_transfer_15	
TALK4.DAT	1003	207066	0x00032ADA	2	4	1026	16383	talk_end	
TALK4.DAT	1004	207070	0x00032ADE	19	129	1026	16383	talk_end	
TALK4.DAT	1005	207199	0x00032B5F	17	119	1026	16383	talk_end	
TALK4.DAT	1006	207318	0x00032BD6	17	119	1026	16383	talk_end	
TALK4.DAT	1007	207437	0x00032C4D	25	162	1026	16383	talk_end	
TALK4.DAT	1008	207599	0x00032CEF	27	460	1026	41	control_transfer_41	
TALK4.DAT	1009	208780	0x0003318C	32	510	1026	41	control_transfer_41	
TALK4.DAT	1010	210033	0x00033671	11	61	1026	16383	talk_end	
TALK4.DAT	1011	210094	0x000336AE	34	614	1026	41	control_transfer_41	
TALK4.DAT	1012	211220	0x00033B14	15	251	1026	41	control_transfer_41	
TALK4.DAT	1013	212219	0x00033EFB	22	386	1026	41	control_transfer_41	
TALK4.DAT	1014	213080	0x00034258	20	360	1026	41	control_transfer_41	
TALK4.DAT	1015	214034	0x00034612	11	230	1026	16383	talk_end	
TALK4.DAT	1016	214264	0x000346F8	17	304	1026	41	control_transfer_41	
TALK4.DAT	1017	214971	0x000349BB	21	398	1026	41	control_transfer_41	
TALK4.DAT	1018	215652	0x00034C64	29	377	1026	41	control_transfer_41	
TALK4.DAT	1019	216303	0x00034EEF	14	284	1026	41	control_transfer_41	
TALK4.DAT	1020	216911	0x0003514F	33	616	1026	41	control_transfer_41	
TALK4.DAT	1021	218302	0x000356BE	25	462	1026	41	control_transfer_41	
TALK4.DAT	1022	219593	0x00035BC9	17	392	1026	41	control_transfer_41	
TALK4.DAT	1023	220831	0x0003609F	29	514	1026	41	control_transfer_41	
TALK4.DAT	1024	221834	0x0003648A	2	4	1026	16383	talk_end	
TALK4.DAT	1025	221838	0x0003648E	2	4	1026	16383	talk_end	
TALK4.DAT	1026	221842	0x00036492	2	4	1026	16383	talk_end	
TALK4.DAT	1027	221846	0x00036496	2	4	1026	16383	talk_end	
TALK4.DAT	1028	221850	0x0003649A	2	4	1026	16383	talk_end	
TALK4.DAT	1029	221854	0x0003649E	2	4	1026	16383	talk_end	
TALK4.DAT	1030	221858	0x000364A2	2	4	1026	16383	talk_end	
TALK4.DAT	1031	221862	0x000364A6	2	4	1026	16383	talk_end	
TALK4.DAT	1032	221866	0x000364AA	2	4	1026	16383	talk_end	
TALK4.DAT	1033	221870	0x000364AE	2	4	1026	16383	talk_end	
TALK4.DAT	1034	221874	0x000364B2	2	4	1026	16383	talk_end	
TALK4.DAT	1035	221878	0x000364B6	2	4	1026	16383	talk_end	
TALK4.DAT	1036	221882	0x000364BA	2	4	1026	16383	talk_end	
TALK4.DAT	1037	221886	0x000364BE	2	4	1026	16383	talk_end	
TALK4.DAT	1038	221890	0x000364C2	2	4	1026	16383	talk_end	
TALK4.DAT	1039	221894	0x000364C6	2	4	1026	16383	talk_end	
TALK4.DAT	1040	221898	0x000364CA	2	4	1026	16383	talk_end	
TALK4.DAT	1041	221902	0x000364CE	2	4	1026	16383	talk_end	
TALK4.DAT	1042	221906	0x000364D2	2	4	1026	16383	talk_end	
TALK4.DAT	1043	221910	0x000364D6	2	4	1026	16383	talk_end	
TALK4.DAT	1044	221914	0x000364DA	2	4	1026	16383	talk_end	
TALK4.DAT	1045	221918	0x000364DE	2	4	1026	16383	talk_end	
TALK4.DAT	1046	221922	0x000364E2	3	6	1026	16383	talk_end	
TALK4.DAT	1047	221924	0x000364E4	2	4	1026	16383	talk_end	
TALK4.DAT	1048	221928	0x000364E8	2	4	1026	16383	talk_end	
TALK4.DAT	1049	221932	0x000364EC	2	4	1026	16383	talk_end	
TALK4.DAT	1050	221936	0x000364F0	2	4	1026	16383	talk_end	
TALK4.DAT	1051	221940	0x000364F4	2	4	1026	16383	talk_end	
TALK4.DAT	1052	221944	0x000364F8	2	4	1026	16383	talk_end	
TALK4.DAT	1053	221948	0x000364FC	3	6	1026	16383	talk_end	
TALK4.DAT	1054	221950	0x000364FE	2	4	1026	16383	talk_end	
TALK4.DAT	1055	221954	0x00036502	2	4	1026	16383	talk_end	
TALK4.DAT	1056	221958	0x00036506	2	4	1026	16383	talk_end	
TALK4.DAT	1057	221962	0x0003650A	2	4	1026	16383	talk_end	
TALK4.DAT	1058	221966	0x0003650E	2	4	1026	16383	talk_end	
TALK4.DAT	1059	221970	0x00036512	2	4	1026	16383	talk_end	
TALK4.DAT	1060	221974	0x00036516	2	4	1026	16383	talk_end	
TALK4.DAT	1061	221978	0x0003651A	2	4	1026	16383	talk_end	
TALK4.DAT	1062	221982	0x0003651E	2	4	1026	16383	talk_end	
TALK4.DAT	1063	221986	0x00036522	2	4	1026	16383	talk_end	
TALK4.DAT	1064	221990	0x00036526	2	4	1026	16383	talk_end	
TALK4.DAT	1065	221994	0x0003652A	2	4	1026	16383	talk_end	
TALK4.DAT	1066	221998	0x0003652E	2	4	1026	16383	talk_end	
TALK4.DAT	1067	222002	0x00036532	2	4	1026	16383	talk_end	
TALK4.DAT	1068	222006	0x00036536	2	4	1026	16383	talk_end	
TALK4.DAT	1069	222010	0x0003653A	2	4	1026	16383	talk_end	
TALK4.DAT	1070	222014	0x0003653E	2	4	1026	16383	talk_end	
TALK4.DAT	1071	222018	0x00036542	2	4	1026	16383	talk_end	
TALK4.DAT	1072	222022	0x00036546	2	4	1026	16383	talk_end	
TALK4.DAT	1073	222026	0x0003654A	2	4	1026	16383	talk_end	
TALK4.DAT	1074	222030	0x0003654E	2	4	1026	16383	talk_end	
TALK4.DAT	1075	222034	0x00036552	2	4	1026	16383	talk_end	
TALK4.DAT	1076	222038	0x00036556	3	6	1026	16383	talk_end	
TALK4.DAT	1077	222040	0x00036558	2	4	1026	16383	talk_end	
TALK4.DAT	1078	222044	0x0003655C	2	4	1026	16383	talk_end	
TALK4.DAT	1079	222048	0x00036560	2	4	1026	16383	talk_end	
TALK4.DAT	1080	222052	0x00036564	2	4	1026	16383	talk_end	
TALK4.DAT	1081	222056	0x00036568	2	4	1026	16383	talk_end	
TALK4.DAT	1082	222060	0x0003656C	2	4	1026	16383	talk_end	
TALK4.DAT	1083	222064	0x00036570	2	4	1026	16383	talk_end	
TALK4.DAT	1084	222068	0x00036574	2	4	1026	16383	talk_end	
TALK4.DAT	1085	222072	0x00036578	2	4	1026	16383	talk_end	
TALK4.DAT	1086	222076	0x0003657C	2	4	1026	16383	talk_end	
TALK4.DAT	1087	222080	0x00036580	2	4	1026	16383	talk_end	
TALK4.DAT	1088	222084	0x00036584	2	4	1026	16383	talk_end	
TALK4.DAT	1089	222088	0x00036588	2	4	1026	16383	talk_end	
TALK4.DAT	1090	222092	0x0003658C	2	4	1026	16383	talk_end	
TALK4.DAT	1091	222096	0x00036590	2	4	1026	16383	talk_end	
TALK4.DAT	1092	222100	0x00036594	2	4	1026	16383	talk_end	
TALK4.DAT	1093	222104	0x00036598	2	4	1026	16383	talk_end	
TALK4.DAT	1094	222108	0x0003659C	2	4	1026	16383	talk_end	
TALK4.DAT	1095	222112	0x000365A0	2	4	1026	16383	talk_end	
TALK4.DAT	1096	222116	0x000365A4	2	4	1026	16383	talk_end	
TALK4.DAT	1097	222120	0x000365A8	2	4	1026	16383	talk_end	
TALK4.DAT	1098	222124	0x000365AC	2	4	1026	16383	talk_end	
TALK4.DAT	1099	222128	0x000365B0	2	4	1026	16383	talk_end	
TALK4.DAT	1100	222132	0x000365B4	2	4	1026	16383	talk_end	
